# CLOUD_GEN_METADATA
# generated=2025-12-07T04:16:46.518Z
# mode=structure
# shape=chaos
# resolution=24
# threshold=0.35
# scale=0.5
# octaves=5
# persistance=0.5
# lacunarity=2
# jitter=0.6
# smoothIters=5
# smoothStr=0.6
# vertices=2196
# tetrahedra=15399
# END_METADATA
v 4.825304782284114 10.389121530540434 10.896908479643825
v 5.557258537152588 10.349086084796845 10.997973881629639
v 5.105843445398055 11.276791187804239 10.632882070251858
v 5.727420852850191 11.095798510829708 10.863940481527553
v 5.3438770329835945 10.288139190332178 11.674122530100526
v 6.134994175327895 10.265569988473588 11.777203955370153
v 5.354827620317935 11.052840065119481 11.325111611536752
v 6.265304713558464 11.001293148776787 11.656356601584584
v 6.3847516820394405 10.235812703113977 13.202002150663903
v 7.13453653482401 10.217505388226007 13.297870811015214
v 6.159016365953052 10.96518648455138 12.788840060881556
v 7.0978321737316055 10.91853610789728 13.165674237321332
v 7.61102940740648 10.23696912152061 15.044545974318645
v 8.282328807203305 10.231085663759455 15.131088060395527
v 7.2323956696192715 10.952855276072855 14.59393717961973
v 8.107772610091434 10.916281161705294 14.975240150752475
v 8.79565971487434 10.262780712091429 16.995577664479647
v 9.399396120357373 10.265525753314739 17.079786161764602
v 8.34729199413765 11.006901400602933 16.516852843886195
v 9.134742395874703 10.966441543197963 16.90104461208623
v 9.818214472670956 10.250884375319625 19.00887758807329
v 10.382328429676694 10.24310483188021 19.10377073125699
v 9.34586402141696 11.041083845590622 18.528746452647248
v 10.062615269201224 10.988645037690954 18.923472340952994
v 10.643571640336399 10.177474762649457 21.05266043542736
v 11.184118796998822 10.164781762717015 21.164935459175158
v 10.172766751736976 11.016184214111526 20.60920926346692
v 10.834001776731158 10.946717924095662 21.017294976696988
v 11.22904850223307 10.110009687406405 23.093200094111157
v 11.769269750349041 10.090055839916634 23.230180297033133
v 10.79673786168109 10.968804054488546 22.695786197802196
v 11.40362450919337 10.91604185478371 23.12959393784386
v 11.540242808726159 10.09981028789972 25.11406461182653
v 12.099824142339733 10.081241047749534 25.267374311262344
v 11.165642395822374 10.978278493360715 24.75531202522496
v 11.74250623050627 10.934685217839974 25.200884404557197
v 11.60517339103731 10.127746723350667 27.07103980750275
v 12.205639457969129 10.10413830656699 27.22089724435599
v 11.291494349965781 11.027731620161362 26.744824771759408
v 11.873397762493576 10.989326136036597 27.182787243682167
v 11.537316483009855 10.117663339378492 28.84851718661704
v 12.195678336431246 10.086272155374628 28.979854088047393
v 11.26603403833156 11.03809411466867 28.590368635751748
v 11.894269540949972 10.965413309098626 28.961385191069102
v 11.482467496635392 10.005639564075263 30.205929396842684
v 12.1833790148715 9.976742087419458 30.30112916165859
v 11.245229264012211 10.903004663969982 30.079731630053644
v 11.930468320607005 10.826318123391793 30.31359979092068
v 11.512785125638324 9.888943325607507 30.772284790697206
v 12.192271706780621 9.878322963274023 30.86896067557265
v 11.331207515684193 10.515820293975255 30.807913887355472
v 12.145349621891722 10.704408058200048 30.913689328957705
v 5.885213545461925 12.911820018726456 10.440586517788159
v 6.325655938819903 12.644545177525229 10.691532396171386
v 5.90380635281954 12.595682646770507 11.118014172401395
v 6.665400034981458 12.513176355701841 11.478286266804897
v 6.319121290160593 12.458469877335867 12.571202609881846
v 7.183616973879581 12.372877480117582 12.96448239441697
v 7.018141682638706 12.41279708159837 14.355421739662317
v 7.882886157670013 12.338596015417638 14.728719392119936
v 7.880379146029911 12.475829254496945 16.25281262424977
v 8.677796222357513 12.397671968156686 16.62049617905255
v 8.748441208484646 12.584267181268226 18.25592308372229
v 9.46987105749159 12.477531531676936 18.642653024831247
v 9.510629971201498 12.656830827405525 20.353285164817365
v 10.174697463049126 12.535233747062136 20.766461508118898
v 10.106430601093878 12.69229549643334 22.502647581077476
v 10.716176022390584 12.59125393842343 22.93607075215089
v 10.493026986415497 12.752315352057417 24.628166174987886
v 11.067699234189337 12.67792902120048 25.070512183070914
v 10.675655702192737 12.854514565799805 26.663944136819097
v 11.241741145508323 12.768332179479556 27.08905898216749
v 10.723509244953746 12.887813702494741 28.56043427610733
v 11.33379548831118 12.762876411397476 28.91910790174907
v 10.761545098424568 12.727425873880621 30.12002455883271
v 11.441693148730797 12.572959270584121 30.3321371929084
v 10.928227550762744 12.145085031890323 30.88668015752153
v 11.694129778874961 12.429290512988947 30.969266342756146
v 6.885197585523184 14.832248894039402 10.337145639133013
v 7.181752127688527 14.52711897382317 10.578581942907812
v 6.755161265979388 14.494273311091137 10.981144359957183
v 7.327416873850725 14.38714199304103 11.344818371682226
v 6.802140806293267 14.307623214775647 12.424821954997642
v 7.502100118709954 14.204131481869807 12.806235286718668
v 7.040946580333721 14.224212475507548 14.209152237546805
v 7.807047508533929 14.11653469354057 14.557976455289646
v 7.508596585895277 14.284074112109927 16.09102589066222
v 8.277497363578771 14.17943623145217 16.41623341629385
v 8.128358140374496 14.446638203115306 18.064453298728235
v 8.854252627200731 14.323360085955732 18.399600265049862
v 8.786691069789981 14.625797698655754 20.138380550822397
v 9.43421617164138 14.486038878904765 20.49944175825946
v 9.342934152330095 14.773680776723928 22.27527774365174
v 9.93556931892086 14.642180765011771 22.680232860707793
v 9.727758438541754 14.908351793788828 24.442671029144346
v 10.287310931219228 14.805916933874538 24.83724181620369
v 9.951986180070593 15.05134325182632 26.543618132750996
v 10.503727519874788 14.93663352295659 26.90949225374621
v 10.082160114779137 15.13145282680248 28.506431144824653
v 10.658832833413861 14.939215361384687 28.810859779943645
v 10.212725382851701 14.97897630817173 30.143972785037118
v 10.840067536706936 14.741136560433972 30.299228445403752
v 10.426616622879443 14.315891970038267 30.97844550367466
v 11.137995850881893 14.568323144677851 30.95582224535219
v 7.887536310206226 16.728881997250088 10.296576302304558
v 8.114184033315906 16.435015555249365 10.517054496268221
v 7.682795562380848 16.43542805664098 10.913081361577932
v 8.123686741095556 16.308447255971902 11.273983929503109
v 7.487186724377329 16.287091051704486 12.321952017397239
v 8.01676129845757 16.15813073834881 12.704159996529524
v 7.333783268961453 16.19424943202498 14.111395262364827
v 7.959973138280519 16.080233980679797 14.43711643826025
v 7.3602812718933395 16.25035568919037 15.995000162276973
v 8.05915725434096 16.141660566223308 16.280095394477854
v 7.644703177600984 16.441376078053423 17.921246775971145
v 8.347975963024123 16.331029838128345 18.200334103322895
v 8.09074201797853 16.678023888452138 19.9071116725346
v 8.755360735547823 16.56125321116565 20.212694311461284
v 8.560789004737153 16.90388543804889 21.97504943359844
v 9.15807127203523 16.78867456643656 22.320184741824487
v 8.931688188720944 17.10623190402189 24.100295090684217
v 9.489815985644396 16.99102438326144 24.463479348261835
v 9.185780598768648 17.282475000880392 26.238522027372078
v 9.748832987031939 17.154192107130303 26.565082186537392
v 9.395204253289116 17.374900031640728 28.29595552128618
v 9.976235457490397 17.17916025265404 28.545432275655084
v 9.617995655908919 17.25830734851462 30.024533035112583
v 10.236791784680058 16.97227510777684 30.12646292152785
v 9.897934838584375 16.618627125928853 30.948650889405968
v 10.544727442169131 16.784572012339645 30.79470464773293
v 8.763786349463372 18.48611134049151 10.236139303213909
v 8.975054880810976 18.188620246967727 10.474832966034981
v 8.549033310467099 18.2675903336748 10.868264788059996
v 8.915329921051166 18.13982272345816 11.22039521940379
v 8.20593155092294 18.239812901781733 12.253030792401056
v 8.635705934188419 18.103148803525002 12.649195126511044
v 7.777257558053028 18.25217059090716 14.008523040264533
v 8.280249472945995 18.12520335503738 14.344477507553115
v 7.450195813065293 18.32972751242959 15.864064091293303
v 8.045087111531952 18.237051862910484 16.145999018666174
v 7.365079136279859 18.50701181840874 17.736658596909212
v 8.026842046242106 18.421326485335676 17.986233370553137
v 7.5290374593314855 18.738795431937056 19.622667522389712
v 8.186417728427301 18.657580690979653 19.89140047549501
v 7.812710102852907 18.983651637167657 21.59037276399656
v 8.449490983963203 18.908349717240107 21.898460786860003
v 8.111685158407267 19.204209696505096 23.657744677905917
v 8.723153309536368 19.132933967801584 23.982573060729134
v 8.386849139087849 19.370976737586368 25.77618341641864
v 9.011347082679643 19.285216103039147 26.105356665393337
v 8.686557471829971 19.462402471686417 27.898457003783978
v 9.321221424268124 19.307131305141457 28.156676434932454
v 9.022542803914414 19.373759897849002 29.74089365658443
v 9.661793137356323 19.14316779709853 29.826097575949245
v 9.36096233807229 18.7997808176577 30.75361254221918
v 9.990853054491247 18.947960831251645 30.519026771334616
v 9.407574222236578 20.112234417582787 10.13856545824546
v 9.648437459009237 19.835786045450284 10.400325117119841
v 9.21565951606484 19.95971723173073 10.781323081198199
v 9.571245729288295 19.847356789050803 11.15887133357301
v 8.819627257740164 20.072665126784962 12.177813639924404
v 9.187624951732916 19.974638029589634 12.57160384656892
v 8.248028495165364 20.245221422344294 13.884575684599719
v 8.671416084708218 20.150335424489782 14.243516425796091
v 7.696271347985086 20.42114956581968 15.662539747455536
v 8.213744433204836 20.343532112086447 15.955513301793834
v 7.332874838240547 20.590157644946956 17.45515035663612
v 7.930646552245243 20.53315561648929 17.703977162615068
v 7.196237726243578 20.75745536073079 19.26906361946976
v 7.844540312193382 20.726766965180524 19.522980333978115
v 7.239515476224071 20.955739868097545 21.160685854336656
v 7.907222090598199 20.946038912391465 21.468759451695203
v 7.400544639016377 21.177666770184373 23.18571318142096
v 8.081678585664436 21.158815288491223 23.514545595621808
v 7.669405537949532 21.343997227471373 25.300689433046163
v 8.374953535870112 21.29977451026075 25.648492346775914
v 8.052789322957619 21.41415408732685 27.45558252768603
v 8.767627571387395 21.332627927406687 27.762308284052498
v 8.502217919682433 21.357670837349538 29.37431742078678
v 9.197784211395177 21.212636623857698 29.509915952727496
v 8.883633362077653 20.846702244679886 30.454934869140935
v 9.560539992855807 21.077598772023716 30.23242386556299
v 9.76559539292625 21.799248667005894 10.01370816054523
v 10.060492923334484 21.510839328871818 10.299682697825325
v 9.618743254037105 21.649817655585984 10.662971692136166
v 9.983371532415772 21.575412514769535 11.068034814799388
v 9.22281380861069 21.839940920938275 12.056067269909722
v 9.575444227584311 21.803735322491185 12.468148868385944
v 8.631837976680774 22.12491863908155 13.746165608981293
v 9.009766101829085 22.103816215558687 14.092296798410425
v 8.023855342013489 22.38659944768539 15.442935775001763
v 8.470863864934445 22.368350126685105 15.743028999042282
v 7.519687613571184 22.584169158400744 17.128774612802722
v 8.052502678805554 22.555332988691518 17.397263334026693
v 7.154424799133768 22.718450339142336 18.864793277159922
v 7.762576770627987 22.706145181488985 19.152035592517326
v 6.951050233928189 22.85368108702569 20.72857935646547
v 7.616960655223995 22.881594216138424 21.060403188535734
v 6.937091930315574 23.0479247348963 22.749366270632333
v 7.666864084188593 23.082953565349047 23.12448908858185
v 7.155932593658209 23.241038557546997 24.904344500577018
v 7.929572344577457 23.237826193204544 25.29055500548304
v 7.594303997128483 23.340339034692967 27.09384281462784
v 8.376812772970043 23.30041103661184 27.45670610223777
v 8.11812527632355 23.302381653914484 29.046203977541428
v 8.882191949681822 23.246197270784457 29.2508477749242
v 8.52083837067763 22.83060040404919 30.15002772184991
v 9.287417973074616 23.170807415011684 30.01288405476877
v 9.909767126772687 23.689695720598444 9.877486795033825
v 10.257469440148684 23.383842420149357 10.169152759698672
v 9.79922800694219 23.507556081647937 10.539687930811347
v 10.184222131222796 23.450342571966655 10.940809275038283
v 9.449707760121115 23.691854467193792 11.947086502008705
v 9.809620434533105 23.70529068396092 12.35604679422832
v 8.913745539063921 23.980546504676074 13.62812339063737
v 9.28667761562952 24.020578735042214 13.967110058331745
v 8.332747267943867 24.260890439367664 15.29866919479698
v 8.7659571581294 24.292598510268387 15.578140226582832
v 7.791166358876544 24.46834943652619 16.91487579926725
v 8.277984235257012 24.47618304990715 17.195212995301112
v 7.297391834966919 24.59511413360492 18.57851249362523
v 7.852022690851276 24.592832617392332 18.893257292121124
v 6.896083880466141 24.701150886617544 20.397557684247708
v 7.542242136585662 24.727154307126956 20.77674691310573
v 6.715894786642371 24.86638714410126 22.424342080774945
v 7.453598673161082 24.905752815643297 22.837843610647372
v 6.85649120666365 25.095457185927646 24.60283605992617
v 7.6572081683013185 25.089567118883252 25.034594683552285
v 7.295030227665325 25.268258978675828 26.827597764946184
v 8.109535937709616 25.225183639984493 27.21918650858391
v 7.86225734881311 25.279717306677814 28.775665660624647
v 8.649843912920717 25.245773093158096 29.034680559698902
v 8.270917683753186 24.825825526666662 29.875205835827682
v 9.104706657897408 25.234488675451832 29.820382613513114
v 9.967551485060104 25.787893133275233 9.697573577320345
v 10.337197704849721 25.45588987610242 9.968985178824706
v 9.883224285578185 25.556421476495405 10.375527583030681
v 10.296222280428818 25.500433682055668 10.758472611558073
v 9.604226418077525 25.679586666538224 11.815512850387572
v 9.984895785459871 25.693053711100493 12.210931450464106
v 9.161954823271289 25.893098026951645 13.544614235356091
v 9.550771769813995 25.939941395284922 13.868144358618641
v 8.637985105413259 26.10882638286777 15.247899824283602
v 9.071778274870246 26.15741348424839 15.516924298084017
v 8.062517217288736 26.288180353238268 16.891353384471262
v 8.546491412598897 26.29425914214895 17.14110938450619
v 7.4638441452997375 26.401142668567598 18.545784094171875
v 8.0042273447254 26.37719901776186 18.845920818651962
v 6.951739886822953 26.49595871466437 20.319328289588785
v 7.559834816281077 26.470900832901297 20.696785011093567
v 6.665625396609349 26.63921632288099 22.284870596913184
v 7.368371564682824 26.63521880020733 22.714755254501206
v 6.712166153765822 26.866093502669965 24.414771847440033
v 7.493817202099006 26.84477209914653 24.8525322091876
v 7.071100207925678 27.10727810837202 26.593136718132225
v 7.88885955873817 27.052740053006907 26.987973869319713
v 7.608427642669724 27.21762546780908 28.51660853826472
v 8.391116739695004 27.157740574094316 28.77527142861934
v 8.038384152432199 26.81685175980331 29.605965525710246
v 8.851569808681583 27.208091040109633 29.581924901152732
v 9.994798282954774 27.875586414267033 9.370550231876317
v 10.375205409520134 27.547871694372418 9.626458805143004
v 9.942866510872804 27.61369933198404 10.082894269993362
v 10.38304202290576 27.541914884424624 10.432865349916067
v 9.730037961337024 27.66111507277089 11.574755623354902
v 10.15803295748667 27.63358848865366 11.948310260165673
v 9.378161951349975 27.779989529557813 13.391253356742988
v 9.80948798867495 27.776867576919507 13.711414771633606
v 8.914097588836949 27.900508695603094 15.196885139138455
v 9.369926939918722 27.89860025500938 15.462524159619884
v 8.324795903318902 28.00110520641372 16.931846042477694
v 8.807059249435639 27.968406171204684 17.17931789413932
v 7.665547638991533 28.050048569238825 18.66023666208411
v 8.181104214468762 27.985476751921404 18.9335091792223
v 7.078690988410075 28.09326607139955 20.454999995153965
v 7.665237265453075 28.015126648592858 20.784116729828177
v 6.727492397070646 28.20946608613683 22.354896807593633
v 7.39075513514965 28.141078629648113 22.741172235871122
v 6.6680895176808095 28.432489762374416 24.35909445408054
v 7.409850043043787 28.373338982452267 24.767631644985876
v 6.882544896174156 28.729058312040163 26.392043308689917
v 7.671558328245889 28.65691085069051 26.774765288252794
v 7.289215269839813 28.950413004571796 28.22628393512574
v 8.07426197699668 28.86243396337449 28.47448075318493
v 7.70187531248501 28.67038341475523 29.300214491657574
v 8.47193161412005 28.958418610233124 29.25897945020544
v 9.990783305174379 29.50215167066944 8.899104033309333
v 10.39656785649196 29.222538065244155 9.160026805929752
v 9.95758018058767 29.295574678890983 9.635003191523108
v 10.435162130302116 29.178585478306093 9.982442002822442
v 9.795567860160006 29.261974559360713 11.171003623019573
v 10.276594814388199 29.1890599054182 11.575608291029921
v 9.506404907184333 29.314317708132304 13.076761453396161
v 9.986784114615023 29.23698289731347 13.444808031291357
v 9.106886929539161 29.3680645608488 15.003063382213384
v 9.576682101167641 29.293239260046807 15.311509891577955
v 8.543307209461638 29.39563362011369 16.868874761855075
v 9.020843205346349 29.290099753789963 17.152586843061115
v 7.879127953958042 29.35193115683795 18.70495765492045
v 8.382499917929557 29.21346012961766 19.00323584234569
v 7.270409702946246 29.278945413894014 20.56630537675501
v 7.832421468056005 29.15082160670342 20.89368237933342
v 6.862429203003893 29.31465714179355 22.460775075638782
v 7.493970725252419 29.21635852554925 22.822128148314018
v 6.693781815519534 29.539182559243606 24.367327952609497
v 7.383914317439011 29.452194946537784 24.740728643690755
v 6.741559060449804 29.898538505433088 26.249156618686786
v 7.498254499724553 29.820734228517694 26.611359586788023
v 6.987222570962814 30.23277807561686 27.95708394260545
v 7.796653120630655 30.128650069435093 28.220226450290003
v 7.312961905292477 30.143204801302215 28.98202926511667
v 8.14811115619636 30.26105426943977 28.961429221392493
v 9.983179380374317 30.13695722665733 8.539064352935233
v 10.316528207662898 29.97883806076898 8.860376755216514
v 9.961002702584889 30.07307714344741 9.066775176646075
v 10.434013664492168 29.898009482945938 9.716767030087356
v 9.835814988567956 30.000053102965893 10.50044705909431
v 10.308166637771127 29.86941779495937 11.354545222588285
v 9.587958984749045 30.00640008329646 12.421583285215053
v 10.04506232952492 29.883713724384535 13.285852048375652
v 9.240711893189129 30.04578403657346 14.413295069363956
v 9.651405646180216 29.91331739498565 15.22056392769711
v 8.738570708289135 30.064835179840752 16.3568762646191
v 9.101537274916632 29.88826238603961 17.121116919707447
v 8.096413428053683 29.990364076508335 18.267354292151623
v 8.475017826600993 29.758028150745954 19.01324091184618
v 7.466312644200928 29.836476761157353 20.178191694195657
v 7.924604302126152 29.618838600653206 20.94391371849978
v 6.995096225414617 29.765133113439433 22.10013833397516
v 7.550606991926181 29.642634596108316 22.875401851553733
v 6.728747020905947 29.91844686498546 23.989623233682092
v 7.378644887805509 29.8995216308707 24.75668574522152
v 6.64714569665219 30.286112614145484 25.81613755677096
v 7.400823523274413 30.30319345969447 26.559213839525935
v 6.770917655838648 30.711985270530324 27.532935633322143
v 7.649701604806717 30.663671130256294 28.12215614315614
v 7.129969913442293 30.902103270683938 28.735535393336885
v 8.354437152639772 30.777289596713956 28.87546150209237
v 7.311419910193306 10.228587131397115 11.203541928978032
v 7.359431736994384 10.958954161380259 11.116517174729271
v 7.938384193813084 10.145356369582956 11.96911521230099
v 8.00504757397583 10.855663173977533 11.895683351396702
v 8.806454958889233 10.10966631427773 13.475024945316928
v 8.775883877080595 10.776858884345895 13.370095803228699
v 9.77683536923667 10.140207415681349 15.299488653569659
v 9.636029692258914 10.785459989370128 15.150809168094748
v 10.738893601931494 10.186722125300385 17.254833185916276
v 10.510761530160899 10.82492253667192 17.08000088092029
v 11.620574735981567 10.154231802335051 19.299875404771914
v 11.32798362139258 10.826346574715092 19.122428952902748
v 12.37810838138004 10.052206108745711 21.39876356109959
v 12.049534624686524 10.784353235845163 21.25402916214355
v 12.975159831329583 9.963301548810936 23.512965519386572
v 12.61959998651254 10.75282222433683 23.415175610335073
v 13.365753219982643 9.943813451534933 25.584730306337782
v 12.99909359342071 10.775427078212756 25.524463944806463
v 13.565045854857994 9.954475694672977 27.531290196454442
v 13.210069592696627 10.798602818184385 27.491701466813108
v 13.640013614629325 9.896846839909676 29.2191261525163
v 13.324676304288054 10.73623607191182 29.198297200135137
v 13.706851111163084 9.781790793514347 30.471136212846545
v 13.436645702404837 10.573715938458818 30.46860651572649
v 13.750496496590586 9.688139370718918 31.013039149184266
v 13.772843432940853 10.435648754854714 31.02981572587719
v 7.722282690731463 12.478522120438036 11.005514206180624
v 8.212838779870628 12.33654027995599 11.76323954882528
v 8.760312993873265 12.174768144378616 13.188481992237541
v 9.39247571936071 12.119364436366507 14.893154862453944
v 10.077878893605256 12.153801803238617 16.752532645312016
v 10.761627180958676 12.208130602117224 18.787366718758065
v 11.392352980472408 12.269312101248131 20.9634776735195
v 11.908509614420003 12.36001744449385 23.186608904912745
v 12.267119034558908 12.458651087192097 25.33816272334158
v 12.50717691081163 12.501588695005221 27.34343037053129
v 12.670533474142543 12.415437561025838 29.08649878383601
v 12.87685998648492 12.208079954125687 30.385471279576034
v 13.255067906383005 12.0212303081453 30.957541131690764
v 8.312367647937354 14.342136658976356 10.901992368427566
v 8.61604855246447 14.17207210711738 11.64022473843093
v 8.888105807281429 13.96168074277149 13.008635064786619
v 9.226685919184185 13.842375580653716 14.651548460747073
v 9.660822366933095 13.85822507644963 16.453111704707215
v 10.155903114492062 13.97039374000815 18.421513676977955
v 10.644535574753593 14.139921599335782 20.578986424921887
v 11.083297456286523 14.335276153277933 22.81754544397186
v 11.42351298676011 14.508417717357794 24.997281484677046
v 11.686415082253896 14.589305886106947 27.026057638992285
v 11.911383552194586 14.485568160243623 28.832099604622485
v 12.16856109011045 14.224759746004771 30.190060802812543
v 12.56563200354417 13.97688232302924 30.75440341536603
v 9.048329875821013 16.21705155597283 10.854772499336194
v 9.197501179531557 16.08258816135515 11.573086567676047
v 9.208740823363835 15.88746371456144 12.911952753990326
v 9.23875754008922 15.77963876596278 14.504630045810094
v 9.390448824747283 15.805937527796523 16.228625584473946
v 9.645480107137086 15.96011233005379 18.109649935270234
v 9.981405474362795 16.20674802697319 20.174322243117984
v 10.319704545431506 16.461092983541086 22.348574779694673
v 10.643102793516665 16.680332522373146 24.506444184413745
v 10.924117224275115 16.77617988353422 26.569695818505746
v 11.192851868003503 16.672399237731014 28.44964677232526
v 11.496067094795524 16.389836095662865 29.873188377566695
v 11.880820323645665 16.080050672028253 30.4363358940173
v 9.8187942222623 17.958011331825226 10.832018707735033
v 9.875175080248846 17.888176954951515 11.55441563111507
v 9.692466593106767 17.83889790680916 12.859374441697158
v 9.458740783074012 17.838473413367897 14.41199517349036
v 9.315755856540086 17.927145294516787 16.058134420538018
v 9.329558312839028 18.111088879761567 17.841935873407966
v 9.467606498344963 18.362596904164914 19.784929524264417
v 9.700097670528839 18.636735635864955 21.857246892127748
v 9.982476958925817 18.86047185652335 23.97654067674999
v 10.290360653993119 18.962665523351184 26.067734083902465
v 10.612491943118044 18.87797722879475 28.015801410085736
v 10.94024496962191 18.622679705399356 29.522873378188812
v 11.308510497285878 18.3184250746478 30.104819776457074
v 10.486469770311317 19.586039413927736 10.80120387613181
v 10.501063053717118 19.617003927809602 11.52155307647924
v 10.194643533459114 19.74789328801288 12.804434098716271
v 9.784881255334426 19.927004312141342 14.30635649573223
v 9.444484367868927 20.111501128619697 15.891931889296227
v 9.239579887923892 20.30683601170919 17.569061961484795
v 9.180067617648277 20.535269217723737 19.420849128880544
v 9.274001907800404 20.781748283808486 21.417899783170633
v 9.493780596514874 20.985861909650126 23.523308180437816
v 9.807421621003996 21.077902845973536 25.64169371842029
v 10.185107545291421 21.028853729622334 27.664686312248943
v 10.562105491142498 20.86308036246689 29.256825072179176
v 10.955615648772467 20.623863255416996 29.8808335737663
v 10.943779722436497 21.27872969243379 10.73481521450235
v 10.930019958863875 21.372750420774935 11.45542848454824
v 10.579186803312977 21.65687665235159 12.724563808279774
v 10.10276048390873 21.97450858672187 14.179309488888842
v 9.678056895769686 22.243063544507248 15.70456334363947
v 9.339138445472276 22.434378382519654 17.31932998365167
v 9.122810555091538 22.61286717430673 19.105479805572955
v 9.067189792906067 22.810068317626687 21.07979611713235
v 9.188412037018077 22.98299031541702 23.180628539292552
v 9.491304971545818 23.07807708663874 25.354578950052975
v 9.897678305503645 23.09361706237557 27.441047781143894
v 10.349179630725958 23.02990835338045 29.102183334944257
v 10.797120522687546 22.893861798037662 29.779673250816362
v 11.177662664823957 23.1641226433849 10.609907567919766
v 11.16738745987185 23.27960138510171 11.335247095610287
v 10.817800718091133 23.60569464127691 12.602518613588941
v 10.3802668507003 23.984676853017753 14.067916644579507
v 9.946979269107887 24.259475130373048 15.570822567991023
v 9.551857677068057 24.432576596136027 17.154323657288025
v 9.207177194145576 24.550613941176206 18.9191258704116
v 9.004514133761946 24.686703489148485 20.864495553282293
v 9.021641684696629 24.826461391578057 22.96156359731673
v 9.261824004945362 24.941429730065963 25.13924361870665
v 9.670817977910863 25.035273088811685 27.261549366672984
v 10.172109353547754 25.08008786838099 28.97119335324449
v 10.672713075123362 25.035623535984886 29.688555807520203
v 11.296113941666956 25.253923735925465 10.351464590983277
v 11.313307230892077 25.340170624261905 11.090625785686818
v 11.029429446167228 25.61141214284019 12.425962019077938
v 10.65627403984571 25.912147051862963 13.95491972072826
v 10.26456654443202 26.148440503206757 15.510409830927086
v 9.809414442849487 26.25903993649839 17.132235486424342
v 9.349254149502537 26.307163302629995 18.88036018409532
v 9.013964275955738 26.371269098487385 20.793494151012073
v 8.90531707201923 26.48278738420578 22.838405048028477
v 9.063885942866989 26.64010241918113 24.960362037052334
v 9.442622790828587 26.832427927121028 27.04325632346637
v 9.910033647075139 26.982227909474478 28.74892885398179
v 10.403875754885869 26.99258082486215 29.487444962285497
v 11.379856793279 27.33656481040127 9.91138644013462
v 11.443305237491527 27.37487601193567 10.688928808996675
v 11.243129026448983 27.511217588128865 12.129743311425923
v 10.955134925007105 27.69611269053275 13.784677773534789
v 10.584931813679132 27.81960370560734 15.456934964334653
v 10.09170288869656 27.84604061295637 17.16203420098391
v 9.532978262226852 27.80701588555765 18.945473671962304
v 9.077103915342386 27.80562173021643 20.838844664448295
v 8.854096496415286 27.89234638027254 22.814962191950638
v 8.918264199892818 28.102956199598054 24.832464734084798
v 9.204593681264045 28.39748039863617 26.82010764602345
v 9.590676553514253 28.64558109354567 28.45934587570904
v 10.029999491590527 28.699308004234574 29.172705397348704
v 11.424789767922423 29.004280146148876 9.408876630663707
v 11.554950275814521 28.987829803508134 10.20987029052191
v 11.438579473768092 29.000890644387578 11.756510684183244
v 11.190526217332081 29.058360110702605 13.549724446421838
v 10.824554692755964 29.09328387531213 15.361094558935486
v 10.31106517828302 29.04833477754303 17.161801539351746
v 9.724735438910653 28.927196379581158 19.017300969103246
v 9.209025505969846 28.843414631123267 20.93511909429481
v 8.900502642332885 28.911743783101613 22.874130959721697
v 8.85464530025909 29.163537677330172 24.808142564771757
v 9.013141072290408 29.53714174896734 26.674152929063602
v 9.350641226409389 29.862272643684896 28.224295268495613
v 9.78789812552203 29.963589369991407 28.91154579307877
v 11.332623261577794 29.75696692232065 9.109891535732245
v 11.593677456902958 29.68992254226255 9.955776200234737
v 11.517833769466522 29.662487049396432 11.553350113350694
v 11.282562154808996 29.658227625768323 13.415708745157858
v 10.916900286813714 29.65702423013043 15.295408553331445
v 10.405306929183388 29.573876045503944 17.16205275532658
v 9.819084955621777 29.409083487087504 19.047967396009213
v 9.296387369882018 29.28386300188508 20.988161679104326
v 8.946441834526278 29.332185147947843 22.92837833669484
v 8.827418227133238 29.596128221680623 24.81793841445578
v 8.936045137476057 30.0066889455848 26.630447124282473
v 9.259226938972999 30.37808098342539 28.144928385701874
v 10.116423183968445 30.450736498143623 28.822899244833224
v 9.621164225118498 10.018089558030137 11.35830969566214
v 9.56127464475304 10.743983361467752 11.296488484774441
v 10.218188117204964 9.930151540390284 12.088265542854947
v 10.21477278067804 10.62629292751898 12.031089000580657
v 10.917875063173799 9.908180734296918 13.565085122657859
v 10.86724127621135 10.547768880647952 13.467932798307624
v 11.650503199227948 9.95382714579939 15.407023714441527
v 11.532416870775316 10.549526094089572 15.244205058067498
v 12.393970285017355 9.999120677504706 17.39094398641692
v 12.20529640334247 10.585187611744082 17.1852756476357
v 13.133607771233232 9.96410837764196 19.456926728386684
v 12.880981687736455 10.578112575582454 19.257743826001953
v 13.845821477996761 9.84780394236577 21.602750758023504
v 13.528988536307173 10.538505066664259 21.428592729244144
v 14.458565863677867 9.748356184656116 23.775968958262265
v 14.104272814768697 10.51138616042122 23.64084997308393
v 14.91541654878424 9.710013100974999 25.891734052815426
v 14.530217669246364 10.512461109731749 25.783503842212532
v 15.187433388632527 9.677580087368725 27.8000664774013
v 14.801372278249177 10.481883143337289 27.72213485570694
v 15.337626372228 9.578581559884519 29.418796174036082
v 14.979271653579204 10.3501832910716 29.352780634117035
v 15.47671704212864 9.431620514292005 30.619691834841806
v 15.181222422066565 10.16163127343175 30.56202464685816
v 15.564406147898442 9.345612862814153 31.136190011619423
v 15.55491342336799 10.00052632763181 31.098019151947597
v 9.68762102331917 12.232225518095554 11.21201480468095
v 10.233854267439765 12.070863099980086 11.917296222678967
v 10.751360136735151 11.897364631091238 13.275634130293342
v 11.272608411413398 11.804412800240401 14.934890045541165
v 11.806324018116324 11.793625045513481 16.780805809336233
v 12.345663428756799 11.846973770559304 18.83065666069394
v 12.882017172668137 11.942263259491396 21.04673903908675
v 13.361219004982747 12.047902375647745 23.316480476557288
v 13.737008770478804 12.131334618325234 25.494133356391707
v 14.010307126525293 12.108399464608583 27.450429028053826
v 14.243611862056879 11.924746590039376 29.123088272876345
v 14.519696720988902 11.63926079326011 30.34488745323834
v 14.93677100179098 11.422614172904552 30.87985752590079
v 9.95401544451148 14.067370697534022 11.141254256745047
v 10.351801596281586 13.86980152368162 11.813969698877875
v 10.671275050231833 13.626931517316441 13.095315790759406
v 11.00393572765557 13.459488831163716 14.630909012952943
v 11.352713189182793 13.409003495920897 16.356877027192258
v 11.741170713910298 13.51071615010188 18.33570798000543
v 12.134576030624533 13.721294676516365 20.54649154262854
v 12.496652674595664 13.964402634013853 22.819722762805917
v 12.824441257524452 14.116106952829885 25.001024088943975
v 13.103400002326287 14.100262729756349 26.9885068265419
v 13.37850356207598 13.866804691587594 28.6949671670459
v 13.706562203785486 13.493607466266063 29.961551893853482
v 14.125999431062416 13.192808161835298 30.494528176748016
v 10.407101356452177 15.917096642528877 11.123135190124954
v 10.65538691806087 15.747984512628975 11.777339368997403
v 10.768580250077937 15.538601630966891 12.982391818717547
v 10.863930410503945 15.368581035322347 14.425370382295291
v 11.016896517662662 15.328470267056185 16.02839917738849
v 11.220554449020995 15.467731803605078 17.89353756910984
v 11.468500491086727 15.749265974111704 20.01422955322541
v 11.74869120810369 16.054961459285845 22.243117929912135
v 12.044994796221403 16.26018915283362 24.3981500410666
v 12.343655179780969 16.25340416044493 26.395465715935426
v 12.634770532718932 15.992150804575115 28.164214030918735
v 12.968936887786974 15.569410251858779 29.492853941374804
v 13.3769181361315 15.21049020918987 30.02804544086602
v 11.017568195487776 17.646977154060504 11.141916689058817
v 11.150420263784873 17.57332537440414 11.77340572609507
v 11.067737222285752 17.500036842477055 12.925366654386869
v 10.95380113123838 17.458123168668205 14.285598475731511
v 10.895000698278226 17.50274536357605 15.79108506350354
v 10.916889965012599 17.68676571162485 17.537812108453444
v 11.018740679267683 17.96779189112013 19.540919930646005
v 11.23096282543371 18.263097933167042 21.681575183280323
v 11.512083316492065 18.46735453780122 23.80945662298094
v 11.819452099517989 18.465424455127373 25.833699799380312
v 12.123290562722547 18.23529096893317 27.679351514870017
v 12.451108601228695 17.850203954429233 29.09119659611294
v 12.839616347472003 17.497366103711776 29.644363197753588
v 11.634907108810879 19.298828168600988 11.137239370678174
v 11.700807470245753 19.324593250385206 11.757467855581814
v 11.484505815812621 19.467534416646597 12.86427849136904
v 11.203986935615472 19.62897239925586 14.166616798908217
v 10.997727672129953 19.79750880067264 15.604018842468276
v 10.851531282392047 20.00495825311633 17.256574070369073
v 10.820880360679718 20.25301168493948 19.148904515645714
v 10.940449694757083 20.487688954220143 21.220090864003538
v 11.19533394449547 20.63956872865854 23.341547271654164
v 11.505259186623862 20.657510395258303 25.41669520174018
v 11.817921007210973 20.501169433580998 27.339100144716628
v 12.173477634781667 20.22201337716795 28.855294731163585
v 12.586316432673218 19.931125698603775 29.452955035889207
v 12.100480095369916 21.005407670809774 11.091811181515743
v 12.124984209910442 21.12572025846526 11.699490564951603
v 11.84138345930533 21.44815181062853 12.787604728481757
v 11.502060994566962 21.793348419493938 14.070874626605775
v 11.199491294397435 22.057542293237553 15.456253660665949
v 10.953458832355931 22.264127462137502 17.042591379405213
v 10.797752619990002 22.435580145415432 18.87706874395483
v 10.808811640970434 22.58776434702497 20.90296154889545
v 11.004514307844932 22.6890922370348 23.028390667596888
v 11.29634865610859 22.718267405882017 25.145935159006786
v 11.648457952372938 22.66240091425008 27.156588337329136
v 12.058709616414744 22.52194166296133 28.76120681420932
v 12.524339591119706 22.319662057302576 29.41290401266984
v 12.366274797364717 22.922152628901994 10.939711797723497
v 12.381598599769491 23.075989833290674 11.559115124406155
v 12.097869931356279 23.45960756982157 12.67796708130877
v 11.766576621860903 23.87305071414263 13.97515320759978
v 11.454178344940033 24.1820539678522 15.377644969088221
v 11.123567219417986 24.33911157455238 16.951748516239387
v 10.86174077822151 24.426507529865095 18.739411560801585
v 10.76516638287122 24.489186431782574 20.73209915487274
v 10.858826776207964 24.547127340869274 22.829680967956975
v 11.11343165832073 24.60087906034235 24.964048354640294
v 11.476864169163173 24.647118842452933 27.022819198939256
v 11.919928715569107 24.648334762663737 28.688418530283002
v 12.425847262475488 24.531548170222926 29.371342022901175
v 12.522744947894452 25.02915678989248 10.607379058864298
v 12.560697020984033 25.145703507111588 11.257481332843927
v 12.330040114388716 25.468623946926282 12.464332452908765
v 12.062286826010475 25.836200102419298 13.869204990339846
v 11.752120338186254 26.08487262617824 15.350585536212352
v 11.369228508971032 26.185559769029652 16.962715536324133
v 10.982098171841582 26.16555066968467 18.73914156309778
v 10.732188211641034 26.141704099992932 20.665873884053617
v 10.709450360301286 26.168147592000654 22.702911447197035
v 10.902320382732485 26.282523432139392 24.800041610395077
v 11.250859140155203 26.448997759101474 26.85297424675983
v 11.673939737860689 26.5707189622839 28.51439269507184
v 12.145306827580642 26.5282816646555 29.209036525654522
v 12.66367795503317 27.12444318639328 10.070871094118557
v 12.752295970510296 27.16726147626678 10.770997512834139
v 12.601052271049761 27.343599312128923 12.11755498674602
v 12.379288971643357 27.556311219015754 13.69074644934681
v 12.079725463211114 27.70372491149332 15.322716010760962
v 11.645959140183056 27.696600940550706 17.00614917097718
v 11.151242219512827 27.595370656152678 18.797803730509205
v 10.759954145353065 27.501603501625805 20.68992224850663
v 10.601037874656019 27.528645957512328 22.658981679490815
v 10.71330315138354 27.71274359838915 24.680678836405786
v 11.001420309600288 28.013377677903446 26.65958668911116
v 11.363548537020996 28.252424217647953 28.279031860163045
v 11.78737539989597 28.27781775255335 28.951914874194348
v 12.76430094479898 28.792145206440285 9.491261523319093
v 12.926378207561074 28.778853346974312 10.248556179525297
v 12.857185083321744 28.79676575960498 11.727137029715713
v 12.65649553882632 28.84442632147205 13.469651515184953
v 12.33714914442498 28.86169659112859 15.23996447945104
v 11.877424950743347 28.77595580879308 17.01857289461125
v 11.328121752208437 28.61246816918327 18.84981542774011
v 10.848571222576274 28.490929606527793 20.758688675348687
v 10.598843834255037 28.518223206915597 22.700838840961808
v 10.61653330920684 28.77187227596441 24.641517525614372
v 10.8259711069953 29.164881995712864 26.542053218947263
v 11.150053088609825 29.511682114801754 28.09330383770856
v 11.579474638093306 29.598426754877533 28.756085259613595
v 12.687704922158202 29.541682217896593 9.184720011591242
v 13.012010467186911 29.481667901636357 9.968415463311821
v 12.974978353483618 29.43069157454691 11.523231686336993
v 12.780484319245316 29.395117941203853 13.345058027758594
v 12.45250100405702 29.345414898300916 15.183466301973754
v 11.975174709655715 29.231614425767518 17.01871474610058
v 11.415879673286595 29.044787286736437 18.88264597214834
v 10.904891243107363 28.900606893600525 20.796715520132885
v 10.617644032306128 28.93675143948469 22.735365153754294
v 10.591893929609036 29.20793449564994 24.655576551516955
v 10.747419817839818 29.646870408351678 26.494673300060484
v 11.084496799258142 30.046122701340806 28.026740658070228
v 11.948265566654346 30.140983745735184 28.704466381693443
v 12.082658726100846 9.749075964175859 11.376656191878466
v 11.972597582128463 10.46250485121934 11.328643549749195
v 12.632258354450496 9.660814015840522 12.061074736067502
v 12.586039266861087 10.345316203305238 12.012856415965981
v 13.18488720339438 9.630666880821764 13.527516137788675
v 13.120813873613752 10.257802542187173 13.43329169318506
v 13.705422654680781 9.677690899706443 15.389937648036845
v 13.603585335713941 10.247807665272797 15.226053297096275
v 14.233360878878397 9.72292112907253 17.420411282188315
v 14.078583589382914 10.278099085083733 17.20339090082397
v 14.808118473304384 9.676839455991345 19.531355458700517
v 14.594131729786609 10.284939520962595 19.305847968859425
v 15.414713170812734 9.580656255256324 21.714796332719022
v 15.135717303446173 10.257534555538463 21.512579594300018
v 15.984299031899313 9.50165096883234 23.947110126780846
v 15.648965253285686 10.243624937015031 23.772313175977068
v 16.421633880309827 9.45361917212198 26.084802388306247
v 16.05071112373438 10.234512104269056 25.924256715715934
v 16.71202127491797 9.371076951388474 27.96493056664807
v 16.33312828805266 10.151948170535983 27.824387449054072
v 16.93361462880284 9.224550884675486 29.530394272465404
v 16.565897893922077 9.964009084407113 29.41397584508085
v 17.137928914494985 9.060792175151233 30.68872784881358
v 16.82360409404258 9.740217051561409 30.58910287304069
v 17.244742286478697 8.964002858288833 31.194978943345433
v 17.183988977066807 9.573530597706572 31.10632357037611
v 11.913581284276182 11.928838657216463 11.271266950172247
v 12.487569122035673 11.760233983721463 11.929430355695239
v 12.947364040745489 11.581989329684275 13.254282353609062
v 13.336734417939175 11.459533250753363 14.906031164406972
v 13.717200285867051 11.445736009481305 16.760634761774867
v 14.113936106668085 11.520277642210045 18.828410356494754
v 14.528542145528519 11.638227697215 21.06276095173558
v 14.934146213301037 11.751723074993201 23.338742201876652
v 15.269462023042676 11.801952474855117 25.507124607726208
v 15.539529882226821 11.722516522099362 27.432282106686827
v 15.80597172939685 11.459946305901841 29.050789862205146
v 16.129171833839592 11.130761535836994 30.265543060145912
v 16.52549116952982 10.899494810007678 30.79746931753498
v 11.921666633641548 13.723805074896875 11.23439559356926
v 12.37712048502495 13.539145166312805 11.85826332766702
v 12.718776018997467 13.285988316504456 13.074687599422301
v 12.977519929383577 13.061744408771304 14.550593283441456
v 13.227002670386156 12.99099683197258 16.261093021502667
v 13.496689385663288 13.115892418185915 18.24699975431583
v 13.778268956446613 13.354594319787692 20.458058279180793
v 14.076092299440287 13.60715728557547 22.73948558282984
v 14.373691246701847 13.748364059764684 24.876083713009333
v 14.63884798096402 13.647699617611622 26.798314556445604
v 14.928097230427648 13.305256369892943 28.463225513770528
v 15.279857656885717 12.871615537014822 29.732593893129838
v 15.695219421460983 12.574649264644776 30.2862055119504
v 12.075618404178014 15.564261604299087 11.248122569555584
v 12.401589373508592 15.409609587925578 11.826099290046386
v 12.570923778449679 15.17837725638271 12.931552780755945
v 12.691663668760361 14.957838271026892 14.270392141452541
v 12.793259102930898 14.886305929502154 15.82211396856648
v 12.926290464243886 15.018166020268005 17.701654854485547
v 13.073147724203185 15.332190523430539 19.864297623413343
v 13.311671386201612 15.688686915163474 22.096672053247982
v 13.624925237165073 15.857374632955164 24.179903536807213
v 13.906607451013334 15.735215086399203 26.08021443733629
v 14.193337479568157 15.353766897903139 27.805105896036544
v 14.54764129903448 14.87537149236262 29.139511843493608
v 14.968267694411113 14.53576265472552 29.70404058599686
v 12.436502618521247 17.327929606608283 11.277192753710363
v 12.650425118552157 17.247344453682246 11.8122001230165
v 12.655405248654027 17.175470410837114 12.829422184652909
v 12.605361520300725 17.09105278025856 14.053362299851896
v 12.592393941738143 17.100398220436162 15.501459399506702
v 12.551503734558997 17.304426388370775 17.27543375344831
v 12.617310758400002 17.617889101740143 19.347228550018762
v 12.83774621944041 17.928291219246947 21.503498009254074
v 13.182323414085214 18.06909314115664 23.531445186805843
v 13.455804748686832 17.943033864889788 25.454936893951697
v 13.731404486594451 17.59037903776811 27.246310213688748
v 14.076394359318252 17.132413515978183 28.6626477561297
v 14.49932823810059 16.81013099988566 29.256482925107512
v 12.908196202105216 19.016114422397916 11.275448240679257
v 13.012926826664422 19.058429746433767 11.775528537898193
v 12.897597473292755 19.196525444593128 12.740329454748442
v 12.752387403612206 19.348961908099024 13.912986687720606
v 12.604742718045253 19.529948308839767 15.281388079807657
v 12.502729647872341 19.73976166456603 16.9560707225899
v 12.468625999653174 19.993919992727587 18.92192107380407
v 12.641492782022478 20.20055226806996 21.00021466388056
v 12.960616861714533 20.259638310393676 23.014818314313086
v 13.23706403454433 20.171347474877805 24.98999111022953
v 13.509856180156262 19.910340274818825 26.88116973655326
v 13.864683576617892 19.542722941233084 28.39213948215925
v 14.307095813119185 19.24862932739685 29.017393589456773
v 13.303762080767063 20.76782310317318 11.203138370951828
v 13.351979103871837 20.912228450231776 11.702927435130098
v 13.14780953724733 21.24565663684949 12.663151429033755
v 12.94694779402115 21.59798113855953 13.82239508504835
v 12.776292391889374 21.876349608993834 15.160942658998064
v 12.585319571756264 22.077139774546954 16.760512390076627
v 12.487360673483284 22.217584024757315 18.619108749054714
v 12.596975244139347 22.298892703504624 20.63476666242183
v 12.832289019610165 22.322883142949866 22.662479634904454
v 13.0900036382492 22.269942452001775 24.69146586267163
v 13.387031972826936 22.132847972932712 26.671884568314336
v 13.778623836256296 21.905915868523746 28.26942769375559
v 14.261314682229669 21.67220887109192 28.92908041705392
v 13.56177100239015 22.70198483996518 11.008751001956965
v 13.587519008923186 22.889707797432262 11.529808982184303
v 13.38171181964005 23.314427587584362 12.552431223272002
v 13.17586185860224 23.7473478711718 13.768244773341474
v 12.957676977654563 24.04479635736631 15.130782281582485
v 12.721613351943938 24.167019936613457 16.697654011605515
v 12.5316961550345 24.17761339831169 18.49092562829846
v 12.524746128037712 24.174479241133607 20.436530224068854
v 12.695537664602595 24.17492268711144 22.45223312117925
v 12.93896636966916 24.191358833452426 24.515364144403332
v 13.249429375432184 24.17286632979467 26.53481445176264
v 13.654760417855787 24.087184758309448 28.18863956515207
v 14.130844784490739 23.933842401301707 28.861730096065696
v 13.754819514372198 24.83177690098958 10.61003756642164
v 13.807711731273395 24.973530978715406 11.177421935333806
v 13.646493684765575 25.32788178131832 12.314235033498164
v 13.449475337025179 25.712835635326233 13.684447074385618
v 13.220416633578525 25.95736101202859 15.146891551666105
v 12.899340717777967 26.002966723652094 16.741774061935896
v 12.610085123007298 25.91073137794574 18.497087120344204
v 12.470890353086624 25.812009454714048 20.373081010183167
v 12.53001429835418 25.808554707730945 22.352669779217027
v 12.751856215616927 25.894620901743536 24.402381970415004
v 13.057708402815535 26.020813365732746 26.42784541626258
v 13.423907788205526 26.079445936382644 28.08621883439827
v 13.849981465635235 25.992422576016878 28.742597922850678
v 13.964238405095928 26.935450169584335 10.015684819680963
v 14.074570986018719 27.000052236285487 10.654606812348192
v 13.963313812426849 27.180328988973002 11.960874783033058
v 13.790743910765041 27.405205665714032 13.517916647830317
v 13.527503236572096 27.540016343056447 15.141312221818215
v 13.157460744077854 27.495038148273526 16.816810239372124
v 12.749071241372846 27.330932301419537 18.564468928197357
v 12.468901870652086 27.185395493171885 20.413200823711406
v 12.428731640197357 27.181170869234375 22.344750971014587
v 12.589509620139426 27.365411830536836 24.356188946277168
v 12.851117421523057 27.627821341646225 26.35040349195604
v 13.154520151713196 27.83509827214114 27.972226946897912
v 13.540219497011547 27.835114975468827 28.621548879552535
v 14.149252498852816 28.611277044039575 9.41374303497284
v 14.322286729149834 28.604954201290386 10.125278704480701
v 14.27809577687626 28.616364193374615 11.594659985677229
v 14.102742769615375 28.644625163288666 13.327376648957621
v 13.813574933492944 28.64278112744241 15.09502322421851
v 13.385133912920365 28.53373825286496 16.849759578676355
v 12.914221312146154 28.33000333664912 18.636338193077464
v 12.549701561738937 28.174294289599604 20.491867860921165
v 12.42063791606765 28.203601808368642 22.41296676806194
v 12.51661596098079 28.454162261845575 24.379105513325175
v 12.708455682885878 28.850670584316205 26.302956821524393
v 13.009562958661661 29.17275158117326 27.902173691022476
v 13.413998118702017 29.253471063747746 28.572791028511386
v 14.11027335256757 29.369680344941457 9.105687403026305
v 14.450444317459604 29.311385092500565 9.85708885615747
v 14.431733385981458 29.239952265551356 11.410663395491055
v 14.250784674251646 29.17274750572813 13.227114104236815
v 13.934600555250846 29.10089472611341 15.05072093106917
v 13.491949071744894 28.957476528984696 16.85629674211951
v 12.979391668606677 28.744202178096113 18.67640989304938
v 12.581750491179648 28.586261304512846 20.550145824325167
v 12.439462336030074 28.630786530816977 22.465676871552287
v 12.497453031585245 28.929076571775543 24.394806017897693
v 12.665244368000925 29.373403116135684 26.287977211564066
v 12.965683316861828 29.761462770342796 27.875469816266072
v 13.862629069001688 29.833292709211918 28.60759330893704
v 14.498698771661896 9.495060259620319 11.226502696304488
v 14.364522494165877 10.196124567788583 11.21116118477706
v 14.992160581205805 9.396982367802584 11.891401616697555
v 14.949645508050216 10.0788561845289 11.865077338594755
v 15.458715000641208 9.351463435269055 13.35379825915185
v 15.391087477705662 9.973243809378305 13.286578155692144
v 15.850523512046815 9.360283361550719 15.255590295360724
v 15.761969270686198 9.946699362921828 15.11267625739162
v 16.21986761551318 9.368686111137093 17.331759687777453
v 16.09406444554122 9.96677512828635 17.13103682497458
v 16.603901583556468 9.332547882226097 19.490141631849866
v 16.439316614007353 9.972589388605822 19.267258136978697
v 17.021321044655167 9.282731552250247 21.72714470851703
v 16.803534080500476 9.986906203655387 21.511505370446393
v 17.418280730467746 9.270447970400104 24.006775310965427
v 17.158051187753724 10.017474638117458 23.77923881196907
v 17.761332632918545 9.23769658103895 26.146636975163826
v 17.46338696219785 10.013299567998082 25.933869046971715
v 18.05233748844117 9.11789193172111 28.0066632515875
v 17.73754699776186 9.897140808267437 27.80360584744013
v 18.328248396808224 8.909415106562994 29.528258803349708
v 18.02240175888464 9.662659403303687 29.35855202904436
v 18.590556520140424 8.712893665187323 30.658821483296673
v 18.30459038566101 9.405080213347615 30.525193140583703
v 18.720036897507907 8.609137508272864 31.15204667199811
v 18.642467576973115 9.220758587101633 31.03763003924173
v 14.251061302029104 11.635967180699566 11.199213874529548
v 14.804600054732608 11.48106048585546 11.826265751437903
v 15.209745768779355 11.290191438407518 13.144053856794233
v 15.505161895788142 11.179450276150467 14.818801613390036
v 15.768983074815148 11.189675814919122 16.709984500462983
v 16.02552251257199 11.274339839341573 18.7836852526796
v 16.29961520766389 11.399382031168779 21.007723640858472
v 16.57953598612231 11.529238842910095 23.26274525181107
v 16.840137399970708 11.582709921952992 25.380526317291952
v 17.090034109369252 11.453845928141996 27.271101154163947
v 17.368370613083645 11.147903476414875 28.89587304628473
v 17.67565473143089 10.791576636957936 30.146011698191984
v 18.03205081341785 10.560984683765438 30.692174353358958
v 14.103634213443593 13.410003771680081 11.186782838777981
v 14.59690326563342 13.241346981890306 11.769846058377832
v 14.902754749881536 12.989826665417707 12.962645934567721
v 15.117390751261317 12.789902935132957 14.456374591172242
v 15.2922754922475 12.744399199205743 16.18418326973675
v 15.461859919239185 12.869837094574512 18.17733959156792
v 15.641239231734335 13.077894103619121 20.371812166295484
v 15.877482279404136 13.337334676381925 22.58866769143744
v 16.10465883030544 13.48672190997462 24.60657835500806
v 16.326269245340107 13.34521347951092 26.474785928721676
v 16.58624502555749 12.964648973113755 28.18239174129443
v 16.912997850744546 12.510465500155544 29.52422882036441
v 17.29017998399233 12.239175593309286 30.12273543470448
v 14.020466779123444 15.25405409433309 11.189654784399746
v 14.41198199811634 15.117824305254326 11.712593840150472
v 14.60792497049182 14.894647577982044 12.767449513033538
v 14.545407543903648 14.512945792430004 14.00862490172462
v 14.730576068702366 14.53274700381138 15.769883390394265
v 14.720569716613225 14.553262534466652 17.436107162821628
v 14.71577284068902 14.699244957915427 19.755656086898412
v 15.12721939706187 15.32859123189012 22.02965074884065
v 15.458190528925178 15.569897078043889 23.816557022953532
v 15.667932419511684 15.381958709999026 25.633060408974753
v 15.918186052045652 14.95235128748021 27.405727456716335
v 16.241807348207104 14.456724675619546 28.843018784840403
v 16.65277223846896 14.17199588229905 29.47461658993353
v 14.08771638789462 17.054677707256914 11.185734819319785
v 14.36318354174858 16.997855752975333 11.654062667284636
v 14.457049220640137 16.934591586194678 12.60274298936728
v 14.459300607344398 16.87029079026673 13.807938914734398
v 14.153921245909775 16.893737198246168 15.308438411565689
v 14.235045705272116 16.611902305050382 17.033732570255847
v 13.447667189808124 17.52209246688995 19.594759343868514
v 14.44255220236833 17.908870251888914 21.64933814388056
v 15.025090277375378 17.761634888379604 23.100513415932188
v 15.250403005254975 17.552624370258005 24.928787387241027
v 15.481202059541841 17.131677179694034 26.773076288782356
v 15.81040155500826 16.64726739281982 28.28000174675377
v 16.234163295077305 16.362561790436136 28.938886969696654
v 14.284950290768494 18.81771631865037 11.150123135037749
v 14.44819865863936 18.86122446743047 11.582649906688038
v 14.418410659110764 18.9891397145076 12.489149098507482
v 14.381544723530375 19.19142049571509 13.633479304471766
v 14.336309723849483 19.391790507817404 15.008264292237016
v 13.788403946239754 19.82104397872673 16.776148667443127
v 13.870062965075444 20.222610733553566 19.118492786276178
v 14.458236103562424 20.25100593649329 20.776758365240454
v 14.782632543290637 19.96230265538166 22.504717564307583
v 15.009724613504321 19.768399851758424 24.39527942753721
v 15.254024535654015 19.424019822810767 26.321641839074857
v 15.592942518970476 19.000053668500577 27.903129282017687
v 16.038674694164847 18.726030789836372 28.57951671257406
v 14.49389726252439 20.61525878662016 11.037675052684238
v 14.58061410978685 20.770399735388484 11.469847393883839
v 14.483131798605864 21.090657021309895 12.399305466047688
v 14.386522088727315 21.423308953221134 13.572129785912535
v 14.318177461208426 21.714651012424625 14.927479011717429
v 14.255896766808204 21.92553820442232 16.52480834073004
v 14.187608236883039 22.239459014063947 18.49056317942938
v 14.410783706478451 22.070872680369703 20.169876927256947
v 14.638423562929464 22.020910208965873 22.042392221425676
v 14.84763223919232 21.912748956083064 24.02241204738719
v 15.097674068793479 21.66455928311682 26.01204435537792
v 15.462026304009601 21.337933269101402 27.658652998113492
v 15.916169855388638 21.10724531533717 28.344513731758187
v 14.69992055070409 22.5752847778622 10.78971568132595
v 14.752613832021408 22.77964297991545 11.261129345959668
v 14.621665789062934 23.19313266189909 12.2830753820916
v 14.49847686197808 23.57707641100907 13.545922031858158
v 14.393203385956422 23.81186415283078 14.943366624332345
v 14.260965724699291 23.891502844159675 16.48900791788233
v 14.21312896441951 23.870430167098643 18.17105242051992
v 14.300074052844277 23.863464663718553 19.9523637166902
v 14.48841810109925 23.886152411787627 21.821878954465742
v 14.704323233524795 23.859890040519588 23.81226420898529
v 14.958547729674056 23.7519265043805 25.845106014713934
v 15.305810238335248 23.56125806825866 27.525661303024588
v 15.728531871087103 23.3645606404758 28.192418677767222
v 14.932705787807134 24.70907971587393 10.357343270668283
v 15.005616048967532 24.88181283588834 10.89138371703948
v 14.892507228990183 25.220171736224135 12.063941279809585
v 14.751684032351227 25.54238508524153 13.477428593758896
v 14.568542258790465 25.69501262572298 14.982366409276219
v 14.369430981112174 25.665816619070135 16.550172584559668
v 14.199912673954849 25.57090388546512 18.194140408916127
v 14.2099414258093 25.516543021702557 19.939891481779487
v 14.369457856118576 25.54885316944563 21.79288613001581
v 14.571919708693663 25.618919112386457 23.78685174803913
v 14.817726817461955 25.65846595874054 25.820616596211945
v 15.115753522001521 25.618094750336688 27.503628688961285
v 15.483758973249216 25.480814993663273 28.156605712277017
v 15.238629516024817 26.81869717206755 9.764591716403364
v 15.361741440220305 26.900321600432076 10.393587464561312
v 15.278392268660218 27.07329513753321 11.730189978486653
v 15.105816384648259 27.23143578671466 13.342245844304077
v 14.877096823565816 27.280833078034917 14.983218952077047
v 14.584826801465708 27.188246776762046 16.62833993143516
v 14.341264756799447 27.024254388818786 18.301320410180526
v 14.245534795937484 26.938585152006794 20.041578016579702
v 14.327301972404701 26.97984767294251 21.903753400657102
v 14.513619862655336 27.142315977033427 23.88826220493257
v 14.718685529240918 27.339277909151633 25.903822468885917
v 14.957416288366266 27.446788205089145 27.578463020277344
v 15.308303362374977 27.405503107190103 28.238618851940863
v 15.525940117388885 28.500267929839143 9.19995778442709
v 15.716236476545431 28.496626748102763 9.916697384461148
v 15.665170777790085 28.49649709685959 11.407401763956766
v 15.474738776491014 28.492369241428715 13.16086734721383
v 15.183889470216666 28.432109780159365 14.939763843351345
v 14.839711707040644 28.271282505416938 16.680285688167263
v 14.52291834775809 28.085936196651655 18.402898738244886
v 14.373680537856373 27.9765474173772 20.17805453011569
v 14.408896904024791 28.054497611898626 22.049033845714348
v 14.533614645756904 28.295533048205954 24.021014625993363
v 14.692241635182013 28.602700346673803 26.01785257351822
v 14.947335747310294 28.844404028365542 27.694180966114008
v 15.351914157452088 28.873002128897525 28.405937067121307
v 15.545480690710665 29.247521243131036 8.937400778177379
v 15.888839717055173 29.19843629544351 9.682648861023395
v 15.870433101908166 29.113345035823865 11.243285700502211
v 15.663537473427802 29.031535672924672 13.067055934699901
v 15.332385191551511 28.919638053852168 14.905189715747323
v 14.941076816298306 28.729301687501287 16.695622461917708
v 14.594782786479852 28.51093094269429 18.45967382845563
v 14.426622103169986 28.41517177456554 20.258822998355175
v 14.463500123251116 28.516387046600027 22.128554363897692
v 14.574820986589533 28.80458003127178 24.077843032458627
v 14.70096559798471 29.172813638383882 26.05499499858583
v 14.979526709814042 29.455996178822417 27.7513076660398
v 15.91005028598906 29.441722930084616 28.557219857994877
v 16.746074751420334 9.326107211272133 10.995786136180826
v 16.64249075433294 10.006480459192804 11.006008444360624
v 17.202139613230642 9.22698578060544 11.658873756778169
v 17.17014535688841 9.897312947243227 11.663679451175604
v 17.626627382384896 9.121332708957885 13.148426426375332
v 17.58785725121226 9.769466188315175 13.106181124118542
v 17.98942532805282 9.042935967482624 15.066081642843253
v 17.91402694592798 9.680767933780542 14.960301333083681
v 18.2528453550476 8.983101626979215 17.170727833954565
v 18.164359354449637 9.653251180619026 16.996438283125208
v 18.441968090525428 8.95166193413976 19.375831467159003
v 18.342919231874152 9.670219382495285 19.155497908486588
v 18.598092904770407 8.976035558091702 21.67450515621059
v 18.47285516762761 9.741028442730691 21.425078138834632
v 18.770930567491757 9.042435127340967 23.988166243606763
v 18.61317234559845 9.83158943908576 23.71848517104809
v 19.00032212825956 9.04009859556212 26.13673885657187
v 18.8150545065925 9.839688734341733 25.850157782059227
v 19.303969730236233 8.883799786207572 27.94827204959457
v 19.09628400800132 9.68949644174873 27.69371427218722
v 19.65311385007259 8.64840569889233 29.421646819236265
v 19.42495637900227 9.427026428728137 29.223899607489507
v 19.96973138325398 8.423173790138819 30.51235286691038
v 19.738143430336578 9.156347614832507 30.380900112610096
v 20.122413109054914 8.299454888439334 30.999768487154792
v 20.083952715742708 8.963062682091742 30.863949511561355
v 16.540024239583012 11.427946231517645 11.03265511878773
v 17.06451209627501 11.277414330282548 11.656457007077158
v 17.442278439496498 11.103126770018484 13.000694080317052
v 17.715835357595715 11.013506740257743 14.702718216490032
v 17.91401721273037 11.01233455987237 16.61072600223004
v 18.055971547337723 11.102696217625997 18.680902507212068
v 18.167917481257035 11.254696597262054 20.87417897471357
v 18.28174712570967 11.40807860864296 23.081197503223464
v 18.434630443778193 11.439643545003854 25.159445721405262
v 18.664678220262434 11.29029129166207 27.03529609111552
v 18.941123613169225 10.968797127044333 28.688452209522975
v 19.227614137407592 10.60047918726957 29.991426462121286
v 19.57387269584464 10.372542803968084 30.545124777542096
v 16.35944591382961 13.173081899533784 11.02734433901763
v 16.843891202486404 13.026537417248571 11.588186431985621
v 17.14915214223422 12.80900878683558 12.787090968175656
v 17.388195895260857 12.689268065822102 14.344390972334567
v 17.55434945849811 12.69444024242836 16.09560045434135
v 17.464669966525403 12.604617256428615 17.957676931997355
v 17.67201610573189 12.930772776917046 20.328025626966994
v 17.867314522354807 13.266077521608816 22.289726611044795
v 17.973615746627218 13.374365406971386 24.218898747364758
v 18.124261523204694 13.197803087337295 26.104135713794882
v 18.33069263790174 12.803530342879057 27.891532025854094
v 18.587056900837617 12.348159693962232 29.348919728887324
v 18.954198307417315 12.090799815071264 29.98789639192617
v 16.119420982938276 15.01340600645443 10.983271577287416
v 16.54363907545456 14.90459158687898 11.48847512507897
v 16.796387141963258 14.757842881316169 12.546205611847007
v 16.896570711418207 14.329980385489595 13.789557832551077
v 17.25344900436744 14.373667944892512 15.785116345793108
v 17.21479323552313 14.293786245271855 17.20782420419044
v 17.129794586595835 14.032206161407219 20.47002661359603
v 17.467696847359974 15.152188553020736 21.853695596531537
v 17.48777393173706 15.43293208542145 23.29529491731877
v 17.600880064211868 15.220729586921085 25.149843403426804
v 17.762802305842875 14.762152329650137 27.03430390690838
v 18.020496777575694 14.256557623870224 28.61294480028147
v 18.397477309124824 13.983740605435663 29.32616710662223
v 15.909488102459042 16.864762938585045 10.938780188026737
v 16.235799841251577 16.821200241773248 11.38668075068383
v 16.40253665001998 16.80372686135372 12.350324224367858
v 16.700781168320997 17.184833385934166 13.402897777584279
v 16.466532300139125 16.635368915694396 15.020200368478479
v 18.07927194754714 15.722792275984713 15.977510322435712
v 16.714881153951865 17.67789329383635 21.570215839413667
v 17.051626662552803 17.589637953332453 22.50495375288026
v 17.176288781458055 17.32940870491225 24.355717517644784
v 17.350810979880695 16.853225633726957 26.32318537744646
v 17.611067649673654 16.347115356858364 27.967481983010828
v 18.005332230200707 16.08273128419524 28.71195263168492
v 15.773468379001764 18.69860948383159 10.868358681733586
v 16.009506978148337 18.745654872249208 11.293229886713561
v 16.074666990762005 18.884421509640415 12.238996484706135
v 16.1425963754532 19.079271470581894 13.443230675640699
v 16.431728998554597 19.702002490207647 14.639448216569491
v 16.423948772726174 20.085350254409033 20.174700064613123
v 16.70963272497182 19.762099396208164 21.82105374340227
v 16.86098978055053 19.500766533977362 23.733800032230135
v 17.055303641346768 19.06115572418544 25.74917534583223
v 17.33680782477335 18.600681564581418 27.44270556411631
v 17.747077127689117 18.34784862673368 28.195302387376753
v 15.755724764267265 20.56784652186039 10.707244282118118
v 15.888748183584516 20.701770508692213 11.153203263278643
v 15.880438284172667 20.962823527483128 12.150029209686911
v 15.897732467869542 21.240481125889307 13.414056138102893
v 15.955026430668845 21.514624252775597 14.804399930610987
v 16.48971696587254 20.627435343371626 16.023738315310297
v 16.212569068801653 21.971958091966457 16.10428943445209
v 16.45987432750241 20.85295396063209 18.2535404403956
v 16.137978058830267 21.85615306787159 17.9028416599688
v 16.3008954849731 21.882346196892414 19.515858371208065
v 16.46216558139668 21.80923584304644 21.273837067863447
v 16.618823054255593 21.63164982312765 23.23938055090103
v 16.819761292637555 21.282204887156613 25.308145925203906
v 17.118969256994124 20.892969241484973 27.035407944367503
v 17.52061324150192 20.644373342931093 27.77740464253574
v 15.852400819793715 22.5549714161908 10.421151708689663
v 15.963399945917029 22.742989061601136 10.914199912398768
v 15.898297726852958 23.05743266676042 12.026222442207134
v 15.846190881014666 23.32442666841152 13.401336330956957
v 15.843497358001544 23.463567118078736 14.849936654102992
v 15.846920104103038 23.52355070384255 16.32020022015245
v 15.914068749261745 23.57415358880311 17.77607417477362
v 16.08740022306499 23.633912348402358 19.30602672602763
v 16.295011027504955 23.689845887365983 21.025096972094826
v 16.456530562909567 23.61529633704846 23.000166703749827
v 16.65428884545187 23.403655830244883 25.078096614651827
v 16.932657904830556 23.097042963160572 26.830157803539535
v 17.306050518462815 22.866381831656604 27.547665073298845
v 16.13215101679341 24.692224011770193 9.992628324223958
v 16.240172542427455 24.8563865005375 10.566047098922882
v 16.156657983481715 25.112583948649995 11.815826484479672
v 16.041825798795458 25.273766687571346 13.33197388773034
v 15.939755248714182 25.300129047775485 14.875141092495294
v 15.852366411706257 25.250651065688505 16.37382463666259
v 15.868925151629329 25.2394867020016 17.83909060354706
v 16.010620543164805 25.306200018283842 19.375139334163393
v 16.21569892525557 25.38250099468913 21.100411428977825
v 16.41246341383501 25.418720948040818 23.065908396430277
v 16.577321215999557 25.347255980578005 25.15309555730089
v 16.804360310050527 25.183983449323286 26.89315657825396
v 17.159396660859507 24.992327967246442 27.593104487967857
v 16.552970455070515 26.796241274451518 9.440938007957973
v 16.700773557408382 26.884450999227187 10.105148315762404
v 16.615449435469053 26.989164244207906 11.505353634297046
v 16.427364802928334 27.009348142327124 13.164731027621162
v 16.230543635498893 26.922091953768568 14.850634091890036
v 16.072386901279703 26.80567271552045 16.44536468412227
v 16.026410991686166 26.75010993729965 17.99342684140026
v 16.13088714189709 26.77564990491228 19.597918906101263
v 16.31147157136015 26.882277262291204 21.366213531937095
v 16.48484031865835 26.997012305520617 23.349902813021174
v 16.632037320626587 27.070461777702754 25.432310067209713
v 16.818760320705742 27.03515078772494 27.179599805142605
v 17.16295939126529 26.925481681803184 27.889456503051065
v 16.962801529901387 28.470849447892505 8.947532037868283
v 17.157893861704267 28.48254178742419 9.662300348251648
v 17.08610905172679 28.44674275126327 11.17109082456854
v 16.850438055288915 28.34245231224211 12.971843210444685
v 16.581094217909087 28.16505879985842 14.776319518943795
v 16.365891296890805 27.98127574844064 16.4878622400102
v 16.28179825655949 27.876337366475237 18.13063484228709
v 16.360282058930185 27.909628745951107 19.81510885776213
v 16.521625521597564 28.028834268510796 21.639597565812796
v 16.655263936900585 28.205114750349548 23.642168516689463
v 16.75648021042008 28.36657728015603 25.73365751468076
v 16.978231684882015 28.452485600915324 27.510491360106414
v 17.384932167385134 28.394498723162098 28.28578285106966
v 17.032248462014486 29.205375462694963 8.719447781798397
v 17.39056712183986 29.179852145864423 9.454353563650873
v 17.330245217307304 29.093660831837887 11.000903729952217
v 17.062422638617765 28.94281167555275 12.852808726463378
v 16.74443095388584 28.720398429689016 14.734281045987458
v 16.49465591309728 28.483208005071567 16.510403988354835
v 16.389167907933864 28.34646173231204 18.196076184601342
v 16.475702619298 28.376754142430816 19.91578017996286
v 16.643977020652983 28.54741521754392 21.75604064256669
v 16.760681983006197 28.754360424018675 23.76566218015896
v 16.851173907148926 28.958311108308823 25.865565996099015
v 17.087207543332294 29.08045434703827 27.679500870765107
v 18.031956639606623 28.931022976481366 28.559597727571102
v 18.805434071921177 9.250248944383566 10.784557158173657
v 18.740642663877406 9.923446984365718 10.790512592817517
v 19.239842238113457 9.136797082030494 11.472623202618019
v 19.238744201216488 9.80919708066929 11.479018935229263
v 19.684783025732198 8.946239090751071 12.978570220756767
v 19.66856103804304 9.625648577901984 12.950988121275833
v 20.05438724367496 8.73833387009223 14.890653583312984
v 20.01239750702143 9.454124130626655 14.797200316931967
v 20.257561563585952 8.607772581517468 16.9779715486255
v 20.211714657297588 9.355316141459994 16.819550362872004
v 20.27940516564233 8.587624656817454 19.21430453408545
v 20.227362619043483 9.39061166281674 18.98751930864323
v 20.208159441455027 8.684246982389633 21.58684379364384
v 20.161033402955372 9.520675171317103 21.28606607353716
v 20.200598883658603 8.80099475918919 23.948713581165816
v 20.135789991334224 9.65461335866776 23.605119187729972
v 20.35445307111825 8.807228056821078 26.079078251705674
v 20.261278175753603 9.648644792920605 25.73881057819998
v 20.68738023206906 8.65559294073401 27.84446467287835
v 20.56080835618474 9.497888269253043 27.55179413959274
v 21.1020882465398 8.423630821111571 29.259154092083882
v 20.936059188853136 9.245009382380397 29.05825591761317
v 21.477288362820758 8.19559139869326 30.304246859351867
v 21.292848672379492 8.963984024179455 30.194508725442102
v 21.652443655088547 8.057702945670966 30.768585003838073
v 21.690948748494254 8.778440521088406 30.652764055972543
v 18.685514927204604 11.302617112190648 10.822473755765662
v 19.187138189917267 11.18003257804144 11.460062386885179
v 19.582972395507 11.014470557812242 12.839183786640424
v 19.900118279534386 10.90737483515657 14.564301745792351
v 20.074256054859827 10.892070922056355 16.44991394352172
v 20.11049796134646 10.993091607575325 18.50116621608264
v 20.049108865782184 11.195037041043186 20.660266304747378
v 20.015562682992396 11.343141574802093 22.846506878558532
v 20.101402285279658 11.34517875522627 24.92625915189921
v 20.31279881468083 11.164869348571601 26.82991728823177
v 20.593567969115913 10.847387191864936 28.52002476770876
v 20.88278416926391 10.469611085357565 29.835055627863095
v 21.271368613512422 10.249283066249587 30.39508016814547
v 18.52365742450025 13.012382108531309 10.796959298831077
v 19.008823823586813 12.898595648284271 11.366996106214257
v 19.383824275191223 12.759321488364835 12.59956350687178
v 19.68704695219957 12.70419542067909 14.203450796624972
v 19.90509560436074 12.75987573877428 15.937390175426653
v 20.086836187712372 12.84114783560644 17.766315098671555
v 20.018610085597356 13.058610320458687 20.131400163100313
v 19.86556412445419 13.332601451657286 21.892860520945096
v 19.874600929592994 13.347829165496094 23.863245810601235
v 19.98877402465959 13.138981992253377 25.811601208396485
v 20.143935685885324 12.712590906197718 27.691137608039796
v 20.372463022448898 12.245082170374433 29.236207575493527
v 20.73570742241881 11.991168608123914 29.909922107258396
v 18.20749616235325 14.852203114405038 10.727608767586633
v 18.653744732710816 14.77344405854186 11.230220691731192
v 19.013423841211974 14.721402584254719 12.335313504321423
v 19.44753462507939 14.628466563706919 13.745216173724035
v 19.809362545224438 14.649228474220811 15.533825804179138
v 20.364605620344804 15.144568189691041 16.539443835802963
v 20.153788791352845 14.926666795328074 19.221537012871263
v 19.70527451219304 15.349745006574613 21.1665328477113
v 19.566927701733462 15.41381006176086 22.817014786451153
v 19.598468695404886 15.143402804644808 24.77946387232818
v 19.695344478154457 14.64879452076495 26.800585263367292
v 19.875763400908884 14.117092403921886 28.49809479536982
v 20.249699331938373 13.850153750891268 29.28011085962365
v 17.795420386338748 16.7441626345635 10.664643558738318
v 18.184063697870926 16.72701091072439 11.141211481992856
v 18.46216363042067 16.751820989836137 12.164368101014196
v 18.864113307403734 17.18157668856984 13.293735239703874
v 19.26168266815719 16.834250310173427 14.894861965416299
v 20.374176331976972 17.16241310405401 16.167237915537942
v 19.341726017942694 17.490096558409228 20.2882086372439
v 19.143826747574504 17.5109546477547 21.946371780370036
v 19.194030097652647 17.18744646427119 23.914209102839052
v 19.289130331079832 16.658759221545115 26.000931120443198
v 19.472469774271502 16.13912211975968 27.79401772013785
v 19.851591953707377 15.879647524597141 28.61971336905064
v 17.413129972894332 18.661457604831597 10.581092707776968
v 17.698989544209486 18.696414758310528 11.058935601392493
v 17.890579654760895 18.809248832762123 12.087641324670077
v 18.10890152357655 18.965468810996686 13.38363874517897
v 18.487141776256173 19.54161842555467 14.620980797833592
v 18.71190395848275 19.75329308293351 19.398320886483784
v 18.705493784198946 19.607767398635893 21.168208499176234
v 18.79252897018678 19.283757395620558 23.184793730742644
v 18.926956033677968 18.79226012774661 25.327152904672744
v 19.133145318451316 18.319882344816715 27.139441428895246
v 19.51675856453602 18.067485173911216 27.973273245384622
v 17.17720261669947 20.594300137862874 10.403705107799292
v 17.397005538668324 20.68763652619972 10.909997163539582
v 17.466611728609458 20.828480662091224 12.016468418500619
v 17.610965503556773 21.015076093864202 13.376348056884492
v 17.79704627589126 21.249830430318696 14.774951465227737
v 18.736266468841972 19.81911475797692 16.040571033704463
v 17.95144756747526 21.46968182042327 16.138671831507324
v 18.869815927338927 20.005230918698846 17.471174735678463
v 18.084928682880864 21.627390290152427 17.466745261442313
v 18.222892356291986 21.67980232674814 18.894436121186434
v 18.35816805959028 21.63070264415956 20.587351505999735
v 18.459747604659942 21.389920366502132 22.602810438751135
v 18.613142524019363 20.986765655904712 24.757629229734366
v 18.841109383973553 20.548256820373304 26.592112576608173
v 19.2278655925563 20.30412173218618 27.406430968532163
v 17.192878202937063 22.60928079870671 10.10821803636821
v 17.360448974695352 22.731146934316122 10.668498889853131
v 17.373341260425978 22.89188494150044 11.87467063758261
v 17.39624134760971 22.998714372316265 13.347493618982607
v 17.481167251890014 23.07811305014336 14.822069458558474
v 17.5781023346803 23.181412813144924 16.14625414359797
v 17.72385651160447 23.322446744681255 17.366852173606063
v 17.946099158217997 23.47044665062587 18.686359304135056
v 18.140972920492224 23.51407817808105 20.330590080373693
v 18.283751593423684 23.39582305172681 22.32940880365524
v 18.41295293016225 23.091713768268793 24.48719859409744
v 18.643255155105702 22.720221329984174 26.315473237447993
v 19.031996592466204 22.465495843106428 27.104378834530618
v 17.488241004747042 24.746347828323643 9.687730723512464
v 17.662586168401937 24.85090127351014 10.316321437730963
v 17.61284831742257 24.951880132926913 11.640171743709137
v 17.534113956020217 24.942449647658897 13.238201222815924
v 17.497481023745284 24.879787261655906 14.809673501142859
v 17.534392408653485 24.88051878075119 16.19773532518436
v 17.666317889678183 24.988563142754565 17.458812265356805
v 17.906329405372944 25.140887536365117 18.81753021723689
v 18.144790788534255 25.244228498712193 20.47871898228298
v 18.29843189953855 25.222328672616662 22.48163214151644
v 18.42292589777585 25.047253126113983 24.625698735619984
v 18.615040858621136 24.749093329045778 26.447985368985808
v 18.988245263335454 24.53283249968164 27.21371133400383
v 18.018224712769076 26.855194422855963 9.181048931502431
v 18.201385100982485 26.907955042348853 9.857910047207481
v 18.119560194599494 26.893403753886197 11.302430852969776
v 17.9371632895861 26.740084533567746 13.030618105295668
v 17.79616798292735 26.553087730768002 14.722570189915018
v 17.765029322244196 26.467584727231813 16.25430913556182
v 17.892706759731368 26.531398339589455 17.67089445711513
v 18.119703549219132 26.672192657144723 19.16434309769154
v 18.356623841506945 26.79307597125045 20.897400829982292
v 18.511989290359026 26.839036006229932 22.915095442016483
v 18.604995029220763 26.771483745362328 25.073549689162068
v 18.780541623015548 26.592977624596614 26.89114133652542
v 19.167448135769664 26.397914318724215 27.679741299909715
v 18.538620138185728 28.539470314761193 8.694085366170636
v 18.75408987636336 28.5447631044085 9.41523710491445
v 18.64457939970571 28.42263443668174 10.938901079413114
v 18.389675628068325 28.161405137112524 12.78448818586542
v 18.1803087105001 27.87940329722558 14.616051841213462
v 18.11535806688244 27.719860215514263 16.284211277348742
v 18.219570849349893 27.74302611275259 17.852294368922387
v 18.44272149059513 27.886437971805 19.48448491744828
v 18.666845899189298 28.03021702374193 21.3074576930952
v 18.79589843618019 28.10145611263461 23.376979787726196
v 18.867426785526522 28.100001481409883 25.547567054625496
v 19.059214614267404 28.006502195561605 27.408319058013756
v 19.51520676383321 27.853698771267073 28.24589092966269
v 18.640424337423486 29.278576649222188 8.471711557957422
v 19.014751253372456 29.276260594785636 9.185561310164482
v 18.905499213219358 29.111770677952627 10.752168344112958
v 18.60957404768933 28.80629104620611 12.662459928634382
v 18.36677426223227 28.466682536415195 14.555614252933925
v 18.281871093662453 28.256831004740647 16.28623621956608
v 18.383022921160684 28.26175011754732 17.924616070700665
v 18.619538756250762 28.421867811273646 19.61956551065785
v 18.835255096198534 28.592270045222747 21.488268578549228
v 18.94786117535578 28.685572495940225 23.57245141327857
v 18.998763215788703 28.711933239506468 25.770535187688743
v 19.223367464057414 28.645089669922175 27.668512032657706
v 20.211757682967576 28.397366617707398 28.600990630701613
v 20.767898883978877 9.202280005962535 10.620788386582499
v 20.702880812855977 9.8738231092446 10.617967789257008
v 21.212544312512478 9.050473369176224 11.334636502042214
v 21.22363326735841 9.738213746233892 11.328895890413692
v 21.7033335906231 8.783249928590314 12.836127872036213
v 21.695588862807742 9.501919715804513 12.81163417678083
v 22.086361672173666 8.490757021013446 14.70916402332808
v 22.07314344329725 9.26213853143473 14.628782641109506
v 22.242184803476864 8.30488176491494 16.77241657171187
v 22.222951280469253 9.130918026185245 16.61014597672081
v 22.163666050101103 8.30593246034989 19.032364521029116
v 22.150576418278654 9.17472464414525 18.77490790310766
v 22.002121905798617 8.439211369577734 21.440850379718402
v 21.97962007674911 9.33474359772622 21.114242284013315
v 21.91283833363108 8.565643236322908 23.840513047867063
v 21.893176950211434 9.463923645553658 23.45273600879744
v 22.034194290461894 8.56725313079694 25.973455495349082
v 21.988577653500286 9.458826962765457 25.60072075129726
v 22.363937702200243 8.437407147984546 27.711032461041093
v 22.28473995778707 9.30903777912341 27.40907845797018
v 22.792287860817446 8.218091480040526 29.082305948157217
v 22.671069619446946 9.055918078086904 28.891101209980512
v 23.19458653631192 7.977265975998986 30.092719271573362
v 23.049167876748403 8.77781344529895 29.998113083238326
v 23.38383719558039 7.8427821439052945 30.54110561961651
v 23.489727882500105 8.590641019905263 30.45504433582943
v 20.698870348685723 11.232433146864844 10.623891800986192
v 21.200506962616362 11.121991644855543 11.293970756641771
v 21.660104993262166 10.95925027560392 12.69170929154843
v 22.01925182545233 10.83620828146019 14.403091621088759
v 22.18454920359734 10.818085603361205 16.249752073351537
v 22.135531183561152 10.93696591575333 18.2570171473183
v 21.983700467466495 11.135370187874335 20.412980797354944
v 21.87160267953376 11.261186076711207 22.624750413611185
v 21.931364085021933 11.232978609691715 24.74502489883272
v 22.135442637447344 11.044280715788048 26.679616720138217
v 22.414197219074318 10.70178820301534 28.381503479159072
v 22.72261995022866 10.324743119293284 29.697992316404584
v 23.13812686326098 10.099942746209766 30.251577375252648
v 20.55410010847259 12.91147452786806 10.580432104290729
v 21.06963598696352 12.83976288761779 11.17721868509207
v 21.531628304348917 12.76668678426817 12.456299636597521
v 21.91048343133564 12.757262560304232 14.05036078555009
v 22.13392427791286 12.86144591018984 15.748838460090521
v 22.13133078884439 13.05521221645793 17.589159124069635
v 21.96829447005812 13.259075948243828 19.57279166732824
v 21.84982459439077 13.369927834252582 21.610934463418396
v 21.84228366038739 13.31328078153973 23.646004028318938
v 21.934768812964307 13.050065763906304 25.67092014348078
v 22.07688377710256 12.605513367334103 27.609086091527114
v 22.284608627712203 12.12428360664729 29.171786617386896
v 22.68734564647542 11.86276402707252 29.8487896029083
v 20.226624354689086 14.760039591415973 10.505557789014834
v 20.73430768383792 14.723951902484554 11.039987969913094
v 21.19197918671229 14.73218613860312 12.195682753436039
v 21.60373734844202 14.80151637088876 13.687314184620705
v 21.923929458367557 14.964144387070291 15.262385870248519
v 22.025576978534804 15.20706592827571 16.930275628126573
v 21.876389324482954 15.415840684156532 18.720789142156885
v 21.682378439177086 15.49099714380106 20.617896146913104
v 21.636949582963133 15.391686018906773 22.571704567095
v 21.648985525879823 15.062680355778017 24.638622840827587
v 21.699837567486853 14.532526345671037 26.73772668583539
v 21.846181200157694 14.006500204064745 28.50228707853134
v 22.235287738658588 13.725074741804042 29.28690292688254
v 19.746619664528982 16.70765493905818 10.442921809327741
v 20.202465788731697 16.705630019554427 10.960514684719461
v 20.614136982691747 16.7473949226546 12.06659843708222
v 21.01174367459713 16.87463091379486 13.467455370305485
v 21.373441318918903 17.09946911844679 14.926879020538614
v 21.54967775932997 17.33637939124859 16.418578962824256
v 20.562502331936194 17.475939427217373 17.76597829912195
v 21.480393371687708 17.529496350980818 18.026561571881835
v 21.344683083002845 17.58674751343758 19.73729865659444
v 21.24735954249413 17.440056685727356 21.637422646371952
v 21.262672816983265 17.062669723045325 23.73699468912435
v 21.3030015700693 16.514821489617542 25.9310114340771
v 21.43720446985577 15.994959534135432 27.784883285418527
v 21.818693262267015 15.742447746812248 28.635047123427377
v 19.246066127399104 18.69627842834968 10.369585279765003
v 19.628020726264193 18.712927390613782 10.900989813775098
v 19.9222006925358 18.7753494330363 12.022772959106595
v 20.257154200539226 18.89299236497664 13.406430124165894
v 20.588262393031 19.09889940789062 14.806836277322368
v 20.798691359608075 19.376153275951552 16.132577866764162
v 20.821802678119216 19.577908591254193 17.518759431530135
v 20.77537279969247 19.623136865249304 19.059884744575243
v 20.783051452460658 19.47807093482077 20.857131039514183
v 20.824535470061967 19.116686446137546 22.96265934106965
v 20.903407710587647 18.608914340962667 25.19196674425417
v 21.058918308634905 18.14210870042859 27.071603625010958
v 21.444037145280205 17.91226085571405 27.922825993218733
v 18.9039159797618 20.67534600078801 10.208505016172161
v 19.206850091260662 20.714475232764077 10.774952100512433
v 19.40045627141426 20.751860064296487 11.964647852468497
v 19.62276603666185 20.84099439550072 13.394552362671336
v 19.848309694675933 21.00840305107101 14.798210973691928
v 20.01109066198402 21.235659410564722 16.030597849675868
v 20.149792115276195 21.445000238841185 17.20394659632755
v 20.267646139093717 21.550908609946426 18.565606683925083
v 20.359517076030308 21.47826100543702 20.279155984806117
v 20.44531036016366 21.209260960525132 22.35554129215996
v 20.53780240365259 20.78016168819846 24.584971774308595
v 20.7388331781811 20.340101430764037 26.44749361487263
v 21.13831002408776 20.109963318532696 27.279682626162746
v 18.852197594557662 22.706771019711606 9.918837694747614
v 19.124381778117964 22.741312583900253 10.530006598097767
v 19.21435068328319 22.75647708649397 11.813962618341726
v 19.316501439586176 22.758299232723896 13.349950342374196
v 19.43789277961122 22.8080276984625 14.801125436682252
v 19.572841317030438 22.966300947708614 16.01291807022835
v 19.745783854219365 23.187202684363314 17.093216533173102
v 19.963548818151096 23.35384981915182 18.3636159007999
v 20.13206990546403 23.391163018017913 20.02921554718148
v 20.232108521900717 23.23849374221248 22.08321863033412
v 20.34349656481458 22.8881804024297 24.28447340805271
v 20.551333893923864 22.456910318729868 26.142322930140953
v 20.96823475410929 22.21632705319618 26.958036537611495
v 19.16457401616367 24.836654438278106 9.519785145157826
v 19.41272544764211 24.864278861073913 10.177224162339824
v 19.42851375205226 24.80543959718093 11.548537903686237
v 19.4000498313458 24.675371517125335 13.195408949784817
v 19.42566360807968 24.600403362772813 14.755928064174164
v 19.514746994778974 24.6618661961711 16.054655907840164
v 19.70608454142091 24.84501241221594 17.21486160937414
v 19.95006834204069 25.04886775438794 18.5387531435562
v 20.16878437886834 25.155133794834825 20.222162330659174
v 20.299040614536207 25.08620175869844 22.26054574962665
v 20.389005733357425 24.811221201800933 24.45125543606353
v 20.606100526741102 24.436425647080718 26.293418470370586
v 21.03326445533138 24.194128664273897 27.117709215245856
v 19.757347582298184 26.943935426559825 9.01817400536798
v 19.994049830567292 26.93426302853231 9.722444534015686
v 19.929068810802555 26.778603934486384 11.181198573917182
v 19.78437485356445 26.517129458440447 12.947860993419559
v 19.708750679924055 26.304129804881317 14.641514923628614
v 19.76503065700776 26.2766317699236 16.102111206348557
v 19.943469261274483 26.422672031167757 17.471515659585453
v 20.216264728867813 26.61784305459293 18.958101319622916
v 20.451050227243574 26.741251856605324 20.727237990843555
v 20.581292711656868 26.719892712208132 22.783460434509376
v 20.656044941894528 26.525167406064345 24.9599327183262
v 20.87231293233994 26.22331395342737 26.813117304810213
v 21.332905773797382 26.01810920543901 27.658709677592945
v 20.33860278865321 28.65004342079869 8.53307711151522
v 20.58075432962563 28.601305767626485 9.264383755591467
v 20.469103472920814 28.35052820788923 10.820149302007648
v 20.22590988180829 27.98065850918783 12.675480535280805
v 20.08573658719774 27.679209846228463 14.476296514836156
v 20.11141873483407 27.58958546390196 16.119118862408573
v 20.296662547611337 27.70479674122784 17.696808066246597
v 20.559395923396696 27.89057180615752 19.36295705559904
v 20.7954125272961 28.012482918129862 21.22494941028239
v 20.904037648931237 28.01274157531112 23.321671414829865
v 20.968387679693226 27.863378712426226 25.5264543940668
v 21.22892047766286 27.624727087248324 27.406768770578168
v 21.745229343434 27.45951273215885 28.286142691737137
v 20.447859043858614 29.41758706785016 8.274003451327731
v 20.861152064734227 29.36405074567622 9.030252042801383
v 20.72491132892413 29.064323725688034 10.633334365688679
v 20.44856553062463 28.631208093275117 12.546051245240394
v 20.278571432087976 28.279660132739316 14.39533177061307
v 20.296734789875938 28.17008517190021 16.106774959773436
v 20.479600775143304 28.27896753681255 17.774588940373278
v 20.745031691056703 28.474747687457977 19.531089250675834
v 20.967544634507785 28.60050687681917 21.456217684525956
v 21.06733657097001 28.59364435386575 23.580640308715697
v 21.1069460639448 28.4751767126614 25.807598606760713
v 21.385645920304892 28.26355305767185 27.722746559055814
v 22.485353059774955 28.048442631785168 28.648933339896427
v 22.71793024960541 9.114903986019547 10.49841371301427
v 22.649946531423517 9.787496978817968 10.485971611810768
v 23.204316837786084 8.937704424766661 11.204159338466459
v 23.187362236538487 9.64455399097185 11.207208744769707
v 23.720631333067292 8.644868287632368 12.695706574386746
v 23.715788445434494 9.397231937488671 12.668224659516186
v 24.110595637157235 8.332710809905318 14.531383935023104
v 24.09421817067027 9.146956497782373 14.453227337930374
v 24.24927467253016 8.13765151997821 16.5728286995542
v 24.23840910153151 9.003481052190862 16.402658231508855
v 24.17136015280937 8.12416671313898 18.81709799227981
v 24.168630001946493 9.029621698277456 18.55153723034882
v 24.016018819609368 8.242083559802989 21.22653422655374
v 24.014311245073554 9.160999012000326 20.879207409232105
v 23.955889151198473 8.344163098235883 23.61576682838196
v 23.934901483564236 9.257806690373314 23.24823080191918
v 24.068354699102176 8.326097130419166 25.76249302769986
v 24.02735493064801 9.234512398764055 25.40119513992216
v 24.34005943064483 8.174745517823101 27.498703108309407
v 24.284544156928188 9.06488985417977 27.205628541252086
v 24.697222611414613 7.942707915109125 28.87601791581138
v 24.611289215070755 8.79766992446636 28.672419787111114
v 25.04611721382921 7.723556470215131 29.87875365397487
v 24.953204172392887 8.521570501884218 29.78654712660397
v 25.22615556597801 7.600037465401731 30.32449335246964
v 25.384612147361498 8.353073969210692 30.245779385730238
v 22.628773042490124 11.163890188549773 10.483809068739635
v 23.17933422150559 11.07250187954951 11.17449220595138
v 23.687794182069094 10.94072307330915 12.568197626597742
v 24.076931129357558 10.818422481007955 14.234914261845613
v 24.23287368979544 10.785127466408051 16.03087797961194
v 24.17782859212548 10.87960278679254 18.012268518899553
v 24.031311082912374 11.02114525456999 20.18141490388799
v 23.935290974513993 11.09991957018677 22.43271281379134
v 23.977119911854565 11.041000832572822 24.58460303576845
v 24.162145173168202 10.824211505956985 26.509494576869347
v 24.40930073037276 10.476043310099284 28.212536246872567
v 24.701576612940055 10.105524016246875 29.51458537851595
v 25.127924262969376 9.886424283098643 30.066749011167712
v 22.527795256951038 12.88034957618704 10.441275847721142
v 23.077425698581347 12.847887407449884 11.071540803315484
v 23.612231607232513 12.831050203176586 12.356830695727002
v 24.01429165254476 12.848200075353391 13.904264592322653
v 24.20700387782285 12.94005337600501 15.565922539021914
v 24.170295127461184 13.104228181435625 17.37678597803474
v 24.017962052268206 13.250065467360574 19.361058918787105
v 23.906853908907337 13.287916458961048 21.44483865910168
v 23.911597488697012 13.174711101636397 23.544807767148814
v 23.989114088925948 12.87987075106388 25.601466602300377
v 24.10966185128278 12.431618740492057 27.53986903734888
v 24.329194924608952 11.973178312636138 29.095777603964628
v 24.759795711157754 11.710436278368638 29.739688358968735
v 22.24801543622894 14.770928184912544 10.371926031232016
v 22.81652279536317 14.785803282963919 10.94253684381332
v 23.347093935482373 14.834664435106111 12.13010955827402
v 23.786000452602902 14.946082824098823 13.588216238981156
v 24.008532700734733 15.126908136064769 15.147752563367588
v 23.997343764247685 15.339281124684826 16.80859562962189
v 23.875987181860193 15.476214459307366 18.597993175890487
v 23.776339861645294 15.466070355749656 20.509865175934095
v 23.73498469730113 15.296986662276467 22.538819867642797
v 23.734084226239876 14.933216545482777 24.674230895358683
v 23.75759939529463 14.413547334208724 26.805372453827793
v 23.917983027606105 13.905499970916175 28.52908516188648
v 24.34193432817378 13.648914819569644 29.275922462340088
v 21.812852508100413 16.779874414851705 10.293482889752488
v 22.355104952397163 16.803485761398036 10.846548013200518
v 22.844560171766393 16.869553710452085 12.007045167238964
v 23.259931680880683 17.00697685951431 13.417658333579782
v 23.512915918591766 17.230436315189053 14.882693208786629
v 23.573294951886506 17.446686455305557 16.39089089803374
v 23.507568613318355 17.568246326668245 17.98245666452119
v 23.430506405540594 17.544624480044448 19.72696824892674
v 23.406336582015484 17.353794144341922 21.680552450712558
v 23.383688352899917 16.961214415521912 23.849666385066893
v 23.388363573431267 16.428253677277677 26.062844788011677
v 23.51472455014923 15.939494624458419 27.87391238986214
v 23.92032983124632 15.713100670878704 28.671582642351314
v 21.34070571441418 18.8110603291818 10.214310582554445
v 21.82483646234973 18.83960915977623 10.783263679379179
v 22.21652443147252 18.875975266607288 11.967841850557425
v 22.558484234788622 18.992302095485854 13.38107155025128
v 22.80579528632505 19.17604716390631 14.783305507742623
v 22.929240112467557 19.391007284145424 16.128155559185405
v 22.960614303046718 19.5405648790511 17.524724604127652
v 22.95355596954074 19.55577612753475 19.109121816533424
v 22.952710485470217 19.386521632609753 20.98535460958181
v 22.97058728495897 19.025288004785832 23.149760676064563
v 23.00053810541261 18.53463308615283 25.37252413081597
v 23.14231005866727 18.089352324257177 27.177980171942735
v 23.54045967894483 17.899106346551143 27.97654128059707
v 20.994021368994378 20.813254628718216 10.064951711517002
v 21.418057287186414 20.83188861507301 10.67267235063662
v 21.695177436167537 20.834497498557553 11.923326439005278
v 21.950974526211883 20.86362098841533 13.382869450115434
v 22.1520837435859 20.99717243946813 14.76789058474432
v 22.30001573130553 21.207674668654477 16.004644483277147
v 22.406480388767477 21.39554698781177 17.229521541199716
v 22.48972462979415 21.487242774912577 18.675790523126693
v 22.53753938758609 21.421051797173398 20.479813344393285
v 22.583684898674832 21.14716075081558 22.60604290797179
v 22.656219262093302 20.702407921546655 24.808539222029786
v 22.829594218807447 20.267927308683728 26.59724974471932
v 23.252581066921174 20.07041960861595 27.37309747254932
v 20.925456544226662 22.849635947428098 9.81496205372885
v 21.297293558615106 22.846067246751673 10.456354227216192
v 21.487429417035507 22.7728945708149 11.776978782465832
v 21.6393037261082 22.7149362796012 13.33162091116876
v 21.781010062087855 22.758447111254945 14.775242418072722
v 21.90672298026606 22.925822794324905 15.986374628678746
v 22.060395469848363 23.153863737991298 17.149568596637817
v 22.19676744669671 23.33911023918435 18.523652770026796
v 22.305123471450017 23.38166489630839 20.272418013200113
v 22.373178571082548 23.19889633860444 22.360388213203983
v 22.45757392210768 22.80731159240119 24.536946667560606
v 22.67964187249347 22.35297335160832 26.30599371283548
v 23.133478115724866 22.129514239092458 27.103487451856513
v 21.22607367429605 24.965334600040915 9.446398860123129
v 21.55904541161124 24.924836558479267 10.12780541782614
v 21.64101530930403 24.779795895232645 11.527590354866412
v 21.683588908321962 24.600119088893376 13.180896338145804
v 21.75148175926654 24.52487769924326 14.726136216630923
v 21.858129699794354 24.623417146148956 16.043825627361223
v 22.007131194228425 24.83973093578307 17.288003189362705
v 22.191263823807155 25.0662516155745 18.715734950050727
v 22.33308395831928 25.18442663818277 20.471665083588544
v 22.407362235571355 25.074672390847788 22.528923919393716
v 22.512684208516358 24.7188285780331 24.66911530673118
v 22.77998035040042 24.292003648710867 26.457854630148386
v 23.285218246801588 24.078663090296978 27.290102074670436
v 21.810841607573817 27.03716087373871 8.98496359222071
v 22.098784529160735 26.95694918538693 9.710773462704784
v 22.073678340239955 26.709375437415417 11.180612665466882
v 21.988184979534992 26.432031964315485 12.92079583225799
v 21.979689914884485 26.25987447785173 14.593129940846813
v 22.049825004627106 26.266728067515782 16.099562622812087
v 22.205559008063826 26.43735501287384 17.55812669372372
v 22.407389095496864 26.65402979690292 19.145360824375043
v 22.583647805528926 26.779806999136333 20.963234401479024
v 22.66334041004592 26.69864462982594 23.020728513411196
v 22.784348308751603 26.402107596706383 25.151319257357645
v 23.099945820820544 26.053497572450468 26.957911323597816
v 23.651786902233706 25.883715500184294 27.812565396051063
v 22.375056871765697 28.711346781154532 8.526773115980028
v 22.648092286698727 28.586885763656674 9.2911605003406
v 22.54714153915683 28.266023458053294 10.829462350540062
v 22.35460760088523 27.89560211072674 12.641421937458153
v 22.260678713312448 27.660323935018 14.412724819362118
v 22.308423470117912 27.624697675481293 16.102484226149844
v 22.471563807868964 27.749034827554564 17.79214981506145
v 22.69761435637052 27.917387928940204 19.56636650431763
v 22.88410085252431 28.011923327079145 21.473943549763938
v 22.96586677384112 27.94393971126897 23.554529894881643
v 23.084012033413075 27.721454607794897 25.707205401275882
v 23.468826921874744 27.443667978646502 27.524965929505523
v 24.09116094189121 27.309518052682822 28.386513439755806
v 22.464829508115688 29.468350848688154 8.266707694302733
v 22.908577242462624 29.32248052788922 9.078144177680535
v 22.779302447142914 28.94618756360875 10.665858835574465
v 22.528604353170852 28.529895817551836 12.495973249138897
v 22.401178084627784 28.274467060466225 14.302100192206417
v 22.440150979834673 28.24055656849188 16.07099672031225
v 22.61334779788712 28.348216266018504 17.872476221661675
v 22.856162318953473 28.490393523581165 19.740504198222826
v 23.040932229796276 28.564919568877333 21.710634989301848
v 23.106846362675153 28.50459770353272 23.82623376216073
v 23.20711304537574 28.302700635764722 25.99935274285213
v 23.63499344539871 28.059645532605874 27.836198199450536
v 24.837084849247663 27.944956364125286 28.72124449034987
v 24.630750517816885 9.000721990254016 10.405937880281055
v 24.550290758355196 9.688636250927988 10.393749863673747
v 25.114913329434984 8.835083399182565 11.121979625702458
v 25.101856190024286 9.562504035999227 11.111712320343395
v 25.63255038766062 8.561451534637097 12.597003879965571
v 25.61750567197774 9.36108433419784 12.57647312317785
v 26.015898471245233 8.265475457941067 14.43247734260727
v 26.014276148307875 9.121394430620676 14.328545764319431
v 26.195572499504255 8.048645308314617 16.421128005030095
v 26.19609561459085 8.94394487147917 16.24387564448735
v 26.19370924147096 7.992417000445313 18.60943132248223
v 26.19610734676721 8.909037467987009 18.34001793105597
v 26.12748347897572 8.04795082926259 20.96101644959753
v 26.123489313898133 8.967575131307221 20.641146667262465
v 26.11690741338032 8.079323671879884 23.31422705609255
v 26.09542072552386 8.991219928822817 22.97805360902731
v 26.21650199670617 7.988313903747407 25.430045581198538
v 26.179211305136974 8.886885003694685 25.105680157832094
v 26.39271223913011 7.793948521815923 27.18592394641963
v 26.350982637732933 8.681589647192043 26.907058862988155
v 26.609024486648902 7.582328474507932 28.59119268566212
v 26.575022312697076 8.433756847240309 28.40809192082664
v 26.850299144438942 7.4224444068997455 29.624916868728718
v 26.807083799241195 8.230833011226741 29.52178804843825
v 26.9645179636965 7.340701198086794 30.06788362146553
v 27.152227423025334 8.09617097226613 29.975703563401012
v 24.518085842599323 11.123431635258482 10.40333977476255
v 25.075160856694108 11.084695612568762 11.101355592469416
v 25.614631719085384 10.99646388863731 12.463926869806036
v 26.005921414029928 10.876614012464902 14.090618132396767
v 26.211490609627724 10.787825086274243 15.849029322525322
v 26.221393930028533 10.798003451456216 17.81567927767295
v 26.11943258356925 10.846368702784737 19.99096596744648
v 26.049954330653897 10.843597719235015 22.243123782790896
v 26.094014199296918 10.72420985039804 24.373648539644947
v 26.233297789098458 10.47015135678968 26.28733313947317
v 26.417424079284746 10.152339360768375 27.99087267244275
v 26.660452523776666 9.855155980769919 29.31352406922002
v 27.009102979853402 9.686994412661878 29.833022231764097
v 24.46094956911704 12.951014459939248 10.389853587011773
v 25.036206095845426 12.978258944170852 11.018312952201489
v 25.58487619778299 12.995441370538979 12.273860579183674
v 26.011448277053532 12.997038622594406 13.758152039937595
v 26.21375706528245 13.020550170899957 15.394124077681994
v 26.20989960834152 13.087204566759294 17.228852822478036
v 26.094188814838322 13.12893690169297 19.243568971591028
v 25.997158863545906 13.083738232148997 21.361779441726092
v 25.98018148715772 12.915677844535915 23.465227673093924
v 26.038133597817563 12.608984101920017 25.531990447280844
v 26.151507847004837 12.196079851046557 27.4735490621399
v 26.362591367699064 11.814620874108767 28.993855084174125
v 26.749592073141198 11.616194368991101 29.62452128055971
v 24.281191648411596 14.937887725510844 10.322058380670544
v 24.875937102535882 14.995838555055705 10.912511835333815
v 25.434013477543242 15.072848988728675 12.07510961631682
v 25.86004458600981 15.164035226361399 13.476310666168784
v 26.070497929221478 15.276766964069532 15.018878539284186
v 26.06215041527228 15.3761169679378 16.724829674682105
v 25.948781526494766 15.405232817504666 18.586750656757165
v 25.860402419874088 15.335323822166995 20.560339335498362
v 25.81093837666811 15.126904924631367 22.634973126357707
v 25.7811330000511 14.765114704469694 24.802721006944928
v 25.813206173826824 14.297836307209995 26.90716743182628
v 26.00360690023061 13.855650636545853 28.563509911002594
v 26.40425262216597 13.648461464870914 29.277673518054012
v 23.9751577571309 16.991181619872126 10.226094514385167
v 24.55473585710177 17.052866872480244 10.799722573603441
v 25.067749012250683 17.121857167504505 11.95256424919579
v 25.462008738588317 17.251218994064367 13.331871402410039
v 25.66254486719159 17.396269105355028 14.800991739195696
v 25.695903792249627 17.51657019024722 16.377598987470265
v 25.646723625224812 17.55060954146455 18.090060448078173
v 25.576006686781252 17.469796663183303 19.935201633210983
v 25.52018855766056 17.252180008971305 21.971617099232652
v 25.47103130408228 16.883976072122614 24.169456564149716
v 25.480250597550402 16.39493733954212 26.314230790506905
v 25.635413459475426 15.955061816475023 28.01044182511948
v 26.031410931381473 15.765618487782168 28.758097561528892
v 23.618777257599614 19.028183351120365 10.108242251229374
v 24.156131705688356 19.080488127112012 10.710521740671476
v 24.582003507819508 19.123769945930434 11.90729218994857
v 24.896500528159432 19.208635808430543 13.307546421457447
v 25.096343231420853 19.354997122396185 14.733832606995374
v 25.19180059347588 19.479030842138158 16.19163700689326
v 25.203282366075936 19.53938586729498 17.738593168823385
v 25.1764273659549 19.52505810657173 19.481664198905513
v 25.144078856297615 19.36552455226136 21.460344087501888
v 25.12217558547585 19.01385064542643 23.625207403975672
v 25.143935796914338 18.539948954540094 25.749981078227673
v 25.296426580389173 18.1208217336222 27.41456623265907
v 25.699427304033772 17.944800221367235 28.143337563149775
v 23.3383715690172 21.035032436673205 9.961949927300015
v 23.8336580130824 21.06014583277229 10.591207958061936
v 24.16065101667906 21.044481947534855 11.86115128589201
v 24.406724401057897 21.053875928122956 13.334837376417969
v 24.586633431103003 21.13776915738245 14.765097909199714
v 24.711763388909535 21.286396293251027 16.129492543135644
v 24.779023811180178 21.435940278314927 17.555978196828793
v 24.79074889740894 21.52478493359223 19.182839579723968
v 24.788900788222325 21.456072765737485 21.09731103083453
v 24.78786926582056 21.172820038472338 23.222855847592495
v 24.837133724289693 20.72093283603097 25.294338973051016
v 25.026823823488307 20.28106371683682 26.926471241989187
v 25.467368656997877 20.086472419185984 27.657145396925127
v 23.283083736659396 23.061542446383218 9.74719392856431
v 23.72187291011457 23.05165480430771 10.40703769565351
v 23.96776649500189 22.94777595965392 11.748178408139356
v 24.155916387747595 22.852770682109725 13.31008525430948
v 24.312475653706596 22.874984497789594 14.798434182494331
v 24.430761348046122 23.01590738384515 16.162017002507152
v 24.509655027957123 23.22565264562433 17.528352128772287
v 24.549163931897823 23.418510590006118 19.09554841014428
v 24.557253027550235 23.461939377061647 20.956585850205894
v 24.576282996298335 23.250836510863014 23.04125834589987
v 24.672886567371656 22.8091624895181 25.093962104494366
v 24.93013982842237 22.353411531332416 26.71820535059262
v 25.419133169524773 22.130904292579686 27.468676484422417
v 23.527127376411954 25.13660074952268 9.435315074873664
v 23.908361534218738 25.072596047028327 10.132153626875663
v 24.05805485852474 24.88387291001758 11.52788536721131
v 24.167225652158535 24.705807716345408 13.172123623239184
v 24.285598453463667 24.638192206288508 14.764583943678858
v 24.37675990662204 24.71872650720646 16.2335407888366
v 24.444385077092157 24.93151766360239 17.671001126826813
v 24.497822695357986 25.165680956668794 19.26275113043281
v 24.51796737162077 25.272197980353724 21.12838850843406
v 24.561556520317378 25.114425801134857 23.190114921736537
v 24.717259735912272 24.70800238807544 25.202443399813653
v 25.065307056662732 24.282103177865967 26.85367861425805
v 25.62741797621846 24.084772921813396 27.654111659237095
v 24.01714699718814 27.129924698587157 9.041474139306063
v 24.329514331049914 27.016415790049177 9.77788567303407
v 24.359376277336704 26.759822560051557 11.224392568972284
v 24.354083571953804 26.5047104536179 12.933447630070868
v 24.393737115714558 26.361539099951763 14.63891033208611
v 24.454751129426786 26.372744364348833 16.28068642900074
v 24.530506129807655 26.519649217204453 17.92263625485185
v 24.60282790334055 26.717976662487146 19.66288938502661
v 24.64083707378911 26.816918673867733 21.550060059191292
v 24.71339107748138 26.698549131950216 23.599543352742984
v 24.935644420794592 26.363455758763575 25.59774382321188
v 25.37602221744387 26.03367231060346 27.278462473289554
v 25.99209385848495 25.889601003792635 28.1002196808159
v 24.485546692022407 28.70186909358016 8.662999170255427
v 24.758199471575836 28.554732447363456 9.434385262763104
v 24.696995381574204 28.25251249037511 10.916621796656122
v 24.563550863879062 27.952225768561323 12.667360565227998
v 24.509390996795833 27.76710341424311 14.47194209124193
v 24.546809061394963 27.72254520203154 16.29995720354805
v 24.657812684479556 27.79376890176178 18.164708151590965
v 24.769619881464312 27.915178824363167 20.049030038660835
v 24.8444439603656 27.974682572044756 22.025175412378363
v 24.922295365274714 27.88376670876672 24.08605851755655
v 25.18734612983496 27.6474352449241 26.111867178920573
v 25.725779055698904 27.407911765358314 27.788329234504104
v 26.387157868953338 27.314725559741348 28.588467630694364
v 24.543672390168247 29.409330146685157 8.439855552195848
v 24.966824125126447 29.231076895864046 9.258448932184871
v 24.85545773743074 28.89477174243143 10.774679185498947
v 24.66319709449569 28.582160064291763 12.537896438200974
v 24.56326560501783 28.397776599934232 14.366717541483986
v 24.58893267464091 28.339321631200836 16.279427316086288
v 24.72307292280363 28.37387671333145 18.246821338338634
v 24.890185336097133 28.446549403249286 20.234204512428146
v 24.96895010571223 28.472450365836625 22.23415406688476
v 25.018406965392504 28.390625235170763 24.343542926581648
v 25.280383123751207 28.20762229795499 26.40792723817564
v 25.883912255497478 28.013468844920578 28.06715033349112
v 27.07161836483802 27.984926593275986 28.930921581385107
v 26.22554233059646 8.910556766438441 10.364033502815586
v 26.173354254284668 9.608894289259544 10.365623763134773
v 26.64194838273348 8.766856809461583 11.11654266131003
v 26.645695792224792 9.538496545634972 11.118909884425118
v 27.123430857714272 8.534955278933744 12.639927170447187
v 27.12956861506731 9.37499494142142 12.605874959942648
v 27.51943891405927 8.227163742921292 14.441289300636033
v 27.53540252129538 9.126710874334893 14.349172820302687
v 27.763658775662027 7.971152252605739 16.378154301593796
v 27.801270151095885 8.902301542448312 16.204804573889337
v 27.874021051383178 7.859606049730168 18.485425984535947
v 27.90176624142737 8.789178927928864 18.262024449939762
v 27.911839190913252 7.837350258565694 20.76201330276225
v 27.89521239291602 8.760097752942082 20.49723742619488
v 27.92641015511921 7.757506301104496 23.040612869086257
v 27.89712276661954 8.66397098593205 22.75985099710292
v 27.973147876919036 7.570911810626307 25.118686890321293
v 27.9444591925487 8.462244408115877 24.83909731832617
v 28.052391543727726 7.363885297809781 26.889363331207043
v 28.04133328817474 8.243150014685185 26.64880401725275
v 28.152697872010464 7.231919180427005 28.328429214003535
v 28.158215716435787 8.082515369884051 28.181164795180067
v 28.250227719080076 7.164341854809504 29.351899984930125
v 28.262905195883384 8.008353423210458 29.306129974387932
v 28.298194030213075 7.130053583438648 29.780702791047524
v 28.456008072388624 7.958159671865711 29.718767386754838
v 26.161943083343782 11.131887528267418 10.392547761351958
v 26.644568874440417 11.142086618948987 11.100607472962757
v 27.15299323999082 11.110601179115777 12.481520782185186
v 27.58767199604242 10.955543904700273 14.07829267696106
v 27.85438935856475 10.787395773162316 15.822694447647072
v 27.9227025983266 10.707501405443953 17.771448052252175
v 27.869434255150587 10.6601007638799 19.93034235733742
v 27.815384693985692 10.539358291371554 22.135523591012046
v 27.835701418070755 10.321602399349795 24.22251609485765
v 27.94214037298644 10.079210813396193 26.14619225605946
v 28.06397662157866 9.849172195510153 27.87133151965127
v 28.192202505067396 9.70509868906471 29.180820831180352
v 28.40706295041751 9.662722368850325 29.707394076755268
v 26.144763041787158 13.089576307441492 10.399203209051532
v 26.66642157777218 13.16187997500376 11.038168899541736
v 27.19719738225435 13.211183536661816 12.254100122990998
v 27.649548264055458 13.145114444664172 13.718665435967921
v 27.904068014895987 13.067897873276229 15.354507610426799
v 27.921477402655004 13.019009330959594 17.21571405893674
v 27.815562046645557 12.97315576455465 19.265042315293744
v 27.71740846568675 12.840086196562929 21.372357706325584
v 27.701956725783642 12.611512706820884 23.480054901593192
v 27.74457993292828 12.318860404568019 25.560645563250876
v 27.84358285665998 12.00649702988655 27.498784658714914
v 28.003197456146744 11.753610234709475 28.9904859594961
v 28.25208865518435 11.687969431390608 29.629052756835762
v 26.08376309853085 15.178270670410685 10.345052392392482
v 26.610466068834185 15.259195615714443 10.931186318252365
v 27.155051671603726 15.330414348780177 12.06560673786699
v 27.582537265358763 15.348922856220339 13.440621101899318
v 27.79834041147442 15.346274834336601 15.000079798168064
v 27.798685690461507 15.34827480080498 16.77125830638892
v 27.689865362094647 15.296385267606333 18.702084015036053
v 27.583183324722633 15.156717853595861 20.731476537036006
v 27.51484781262444 14.926856327643987 22.85504035426891
v 27.494611465693417 14.60999438504985 25.03723398522108
v 27.54747223544324 14.216332570980702 27.095957064033843
v 27.718391588273267 13.879806408549072 28.68735056442185
v 28.01371571440047 13.773337607266647 29.389280412683167
v 25.916918129446515 17.246677213328415 10.243822341706812
v 26.43237883398649 17.3183367476519 10.829305666484013
v 26.9152424813691 17.387400022146164 11.96455627488952
v 27.287098798255705 17.443149430040968 13.314302864672715
v 27.47721009654044 17.50095897269505 14.816469755090477
v 27.506000489088727 17.51543551415849 16.49703110954337
v 27.44035662901972 17.482505619676118 18.3338621106483
v 27.343939250558137 17.379398698927034 20.307980618949212
v 27.252603327822268 17.170731535245853 22.414953596132133
v 27.20381582008306 16.82401277250994 24.59593263192812
v 27.251617053210868 16.384562568940968 26.647793522986166
v 27.426835066736572 16.001335374187583 28.239376067426488
v 27.739759147235862 15.885586108664878 28.94822087424154
v 25.69192233962546 19.269650398659525 10.100700823756485
v 26.176650894701716 19.321775129937247 10.722317831587365
v 26.568537103751474 19.35272188548029 11.919858336510115
v 26.859863804147167 19.4031480830129 13.31695604263987
v 27.03703557312645 19.470480430061883 14.802192941294624
v 27.11927848073065 19.527266177847107 16.404151367258994
v 27.108306911280827 19.5590189182618 18.150336168650018
v 27.0288190082401 19.52178435831385 20.040208933875917
v 26.942739358827936 19.36475244995826 22.1009127995326
v 26.90740089925883 19.021516696360724 24.220577939696014
v 26.970069673895654 18.547477589275697 26.20156512927927
v 27.14676470083 18.150886272356583 27.741233231651513
v 27.487449390378504 18.029297522605102 28.426607844123158
v 25.499146549605594 21.265649916101243 9.935674620649198
v 25.936827166046264 21.285797713262003 10.588510023615287
v 26.26041354373833 21.261510440992275 11.87590141920685
v 26.498121898721283 21.242975588335646 13.365862128052164
v 26.67106955202468 21.2948294760828 14.892364584261726
v 26.776689465064624 21.38790763111723 16.443582051105082
v 26.794461466249373 21.51900148859538 18.082656828819733
v 26.739012063126147 21.608084466413576 19.90182497344587
v 26.667247611967742 21.519282261113098 21.88441832421752
v 26.646739348907644 21.20336166922312 23.947164537735627
v 26.72025890095069 20.728670131794694 25.876907346409414
v 26.94452111532876 20.3065566541804 27.356690418133535
v 27.314841736645423 20.151256796770525 28.044338548189113
v 25.442813340041873 23.275928925262658 9.723920038564152
v 25.84005538633177 23.259065638747636 10.417065688229858
v 26.09933710719719 23.1596548188457 11.77364822142576
v 26.319945934903068 23.05347344286266 13.373657469414065
v 26.489606282164637 23.043565543224805 14.971679494828157
v 26.589625609243544 23.159721468128605 16.524071867750575
v 26.597656571965675 23.36523253642703 18.11550142602384
v 26.549317138038955 23.53278059495101 19.86043516089199
v 26.478243098204292 23.53099165960112 21.822244144844287
v 26.470656101548613 23.272146846110132 23.858029614830585
v 26.59981559820205 22.81590567016085 25.733534827391516
v 26.909757740096268 22.375990703923474 27.22752521887969
v 27.33874968670875 22.211713283000574 27.9291414194294
v 25.61152865865844 25.302719684000316 9.461035314683091
v 25.953480604831313 25.234293893094186 10.17319399577546
v 26.1344110379497 25.0725816267014 11.590007894811789
v 26.30733860075445 24.890537616924274 13.248922908557866
v 26.454015383939712 24.80216534761238 14.935704815130482
v 26.534490543210612 24.876177050943795 16.588035038266987
v 26.53015768264907 25.05583544955048 18.224586106775106
v 26.317757163067334 25.087364005755543 19.706112638997087
v 26.31803067179253 25.236444125025628 22.03176763841856
v 26.422075513359268 25.106928878163405 24.008300674323788
v 26.651203684085296 24.698109860313327 25.836671715064398
v 27.058708123543493 24.30607474998125 27.349393697610413
v 27.563558300554714 24.173610816459078 28.097749309890908
v 25.96079243821183 27.197905632718786 9.14449171415238
v 26.22910582832708 27.110378604230192 9.879083245921583
v 26.302413331077595 26.89693374304819 11.314330119388023
v 26.36435511591785 26.65818933102781 13.03169484402429
v 26.442453923018117 26.497583206239398 14.823748044722457
v 26.49929937026466 26.480344668734837 16.63692139727667
v 26.504259234306883 26.594999290501818 18.40979052802355
v 26.318229534284793 26.618516309571284 19.98420306360377
v 26.153877986810002 26.860337079863307 22.694333388627715
v 26.491175685074573 26.630372909818927 24.361362306324967
v 26.82647127056548 26.325936150639677 26.193964328584247
v 27.331503397469884 26.0574427675162 27.717843861162518
v 27.875711774338917 25.990477286936486 28.477879120972602
v 26.30498438192416 28.688450572138986 8.858359826333727
v 26.517531651091243 28.571778153216087 9.627504253826851
v 26.482877102207382 28.324551672378323 11.105263056558629
v 26.420962215930867 28.062378878529874 12.86321738281456
v 26.398986040375163 27.860932402601783 14.748181028328203
v 26.429074555131542 27.766915745187017 16.728346945265425
v 26.47976272484078 27.792416527834106 18.721451091024214
v 26.48662441713386 27.86995923713587 20.70012660582013
v 26.223843456851625 27.92086051859233 22.667299762260015
v 26.56483360003604 27.746538509645365 24.86970145828661
v 27.022282733475176 27.59934504942604 26.706262069073883
v 27.631269134323247 27.452055848316622 28.20895948589633
v 28.21479363510965 27.435906399221132 28.963614632570664
v 26.356829506310422 29.341504434550487 8.68348141239404
v 26.665938215267555 29.20480885613625 9.507203950191455
v 26.57563875263404 28.94829346441491 11.007161469911567
v 26.43938574829766 28.678947534612774 12.784037244030284
v 26.373926704126944 28.476684153382504 14.72321116766693
v 26.406116603528265 28.355227141438263 16.779546513626325
v 26.485583113865065 28.326136497887354 18.87625451915796
v 26.521030215129414 28.363325347175238 20.92947445767542
v 26.5378669872437 28.349779721697 22.918483096848878
v 26.51348876922376 28.29130165011604 25.518695436771804
v 27.112528258655423 28.151310140158596 27.029152958234338
v 27.796051285713876 28.047440393270204 28.500733238984576
v 28.717658433244996 28.15315601199418 29.352737128036395
v 26.962303996210498 8.870641754058873 10.358329544581578
v 27.008733113643913 9.481877462070617 10.395936642220722
v 27.318148398990832 8.737459197629644 11.14307114530769
v 27.386739464659474 9.496271256233214 11.342591027898566
v 27.771343234517897 8.50700879518379 12.686464250784601
v 27.852109860236435 9.344298869530041 12.914163118377045
v 28.177915008390553 8.195559210066845 14.48081416492671
v 28.266423485057178 9.068026353396743 14.651441004420095
v 28.470131027603156 7.906435927332806 16.38236376295404
v 28.56110458184053 8.819788873337984 16.502839037853732
v 28.644631982013067 7.7612482067328 18.449356083641916
v 28.704346807401432 8.708147343806436 18.54907209037088
v 28.725000452485666 7.695770479990256 20.673535179351525
v 28.720406483981346 8.623615384981848 20.768167420191787
v 28.744208030941437 7.54677913733186 22.910529650113546
v 28.691793145372493 8.43087215172467 22.97126413498063
v 28.749065513494205 7.3165322053684045 24.97047773516504
v 28.71635204114604 8.18306662471799 24.993772543622526
v 28.788007904927195 7.127374158073554 26.74963816746276
v 28.790687329829126 7.994604426936949 26.772400759257447
v 28.826087687236793 7.037448119867883 28.202647075873507
v 28.8489140794321 7.909407051491043 28.262685510757358
v 28.856767031495846 7.032538205210482 29.210775165535637
v 28.885957724608886 7.9197247323815505 29.302958413501322
v 28.906471311098013 7.144231830154173 29.643697245579478
v 28.97671819662331 8.351571955716095 29.7087877254232
v 27.018591076290694 10.984255301932944 10.452502145401974
v 27.40934226983601 11.184382943648524 11.333389445708475
v 27.90073205854625 11.138948894645708 12.761127004959642
v 28.363727950175278 10.943621316231535 14.36152869310724
v 28.656188216218034 10.744502304589808 16.107254677818847
v 28.7183777050372 10.641190599046569 18.091251835754655
v 28.649413762211935 10.540560003515939 20.242617135103373
v 28.595562674055145 10.325675037688116 22.39438268815796
v 28.62785010418481 10.068851765940664 24.436816837392634
v 28.716333918015973 9.858168218274258 26.340598152056714
v 28.792032393841758 9.721004978313015 28.027747264798435
v 28.852975990737715 9.695475566732792 29.25813461964627
v 28.94583702031864 10.270526871493516 29.764593664779245
v 27.03627422592455 12.995792610736231 10.461366978484206
v 27.454700115373225 13.28735666407008 11.230184558956665
v 28.002260025868377 13.302994776977686 12.49394878688497
v 28.472678464827723 13.175989262107034 13.951755402984478
v 28.711481303952016 13.044129735426251 15.61815411957468
v 28.700484098770424 12.976916269998862 17.5305942829995
v 28.57975370146976 12.863659850896532 19.59820786913379
v 28.494264324086934 12.655963783744014 21.69611957368606
v 28.49060748248359 12.409105854716215 23.7888327132903
v 28.5446811040534 12.166405752139543 25.86363921556556
v 28.604011042109637 11.929299947703075 27.767537728134624
v 28.711894379744457 11.797821686366415 29.176905312504346
v 28.82423701155718 12.356114570787206 29.72236488317537
v 27.028772384543373 15.149081833675373 10.41568953725097
v 27.4753589377713 15.431354381883645 11.099475300002652
v 28.01844836698703 15.452891175768748 12.259256209064256
v 28.44054026914805 15.396356879003179 13.646673381794056
v 28.61700541031322 15.344374749410449 15.261987901038573
v 28.578503804891007 15.302029425742987 17.102575533746634
v 28.454979102278827 15.203805505222299 19.08238814038387
v 28.348658610394107 15.027430939434717 21.13942122733296
v 28.294166132276448 14.794012124619634 23.29489467516366
v 28.284302161860026 14.51112889438091 25.47617842753188
v 28.34348867977197 14.16517809380308 27.47981395545069
v 28.49722170407534 13.922000415543678 28.959297797205124
v 28.62500861561277 14.442967034265042 29.466563420680952
v 26.962346716219418 17.234538223077752 10.312207278244012
v 27.376327607499437 17.46660995314291 10.98985246983043
v 27.835229410861537 17.49276449210832 12.156710574125118
v 28.168503534363747 17.501438474326733 13.535216831446823
v 28.317739612887898 17.513591967441947 15.0986142148242
v 28.32096337505041 17.500552651522906 16.85943856643089
v 28.237116137598285 17.427123764726502 18.769479755411314
v 28.12347413749733 17.301112841440716 20.81752650753322
v 28.021855105311158 17.095408697000135 22.97800371554578
v 27.99058641988092 16.76673067567141 25.138774653183173
v 28.069572943794917 16.327761126598123 27.10664313629581
v 28.267516935141337 16.02611563361745 28.55667124147303
v 28.406847867056943 16.534710876556133 29.007249675120125
v 26.817598361456085 19.23546791923147 10.173829006091461
v 27.163964853645528 19.44295360637358 10.88874214587597
v 27.530008857736203 19.456918233308606 12.126262176677866
v 27.78765557693914 19.478468726762696 13.543439094194827
v 27.938714165857714 19.510036469664986 15.097450933345606
v 27.99421114532759 19.53191446458662 16.805324682529925
v 27.952592373514545 19.5477796091269 18.669814895318872
v 27.83700998677697 19.509383773133038 20.67140194292843
v 27.72840586022565 19.331483033168016 22.75596696492306
v 27.71752545050697 18.968365661327347 24.829316068291032
v 27.829182079022136 18.477392176810035 26.70348660896024
v 28.039000913684212 18.149772659582823 28.094178181178354
v 28.192617608001793 18.662753912826044 28.53696484586264
v 26.658967379866805 21.224329103691737 9.99347224361528
v 26.95433319643102 21.400793227347677 10.758364500389394
v 27.252079502198267 21.36280403335071 12.087389458363807
v 27.483130788073602 21.336799288959735 13.612677043934744
v 27.642003168336835 21.354803085234334 15.21942043449237
v 27.725971818344792 21.449336956478213 16.906466990316453
v 27.701811830157098 21.57372939029138 18.686479223900466
v 27.592772929981727 21.63557556271603 20.582913503218478
v 27.502497628710554 21.514714924023266 22.595986111921146
v 27.50967674276056 21.14576642602514 24.59225759232167
v 27.628651460445745 20.646016849555203 26.407837392458905
v 27.863206545618887 20.301103567174177 27.76383455952331
v 28.09641727026317 20.787556804877823 28.2559281134019
v 26.589110713536705 23.22573767087228 9.78070194973875
v 26.85040648850173 23.362764584496574 10.585697861869253
v 27.11320187540766 23.25841783957437 12.013080341023194
v 27.33366093857903 23.151944930779127 13.651838377948721
v 27.500944922263177 23.14248905384798 15.335349062072014
v 27.584182827985057 23.266367634827475 17.009933087523994
v 27.53726948724856 23.455790308175395 18.707523356651787
v 27.42496886390548 23.589325150432053 20.5495590075981
v 27.351995503935036 23.52196120232391 22.560981799241944
v 27.362558439989254 23.20904958056048 24.537554518107353
v 27.528609322093285 22.73377214055097 26.299355664629775
v 27.86145749184156 22.37403007311267 27.653346671050194
v 28.209731804374 22.83045167094347 28.23926494373587
v 26.69333778227923 25.219917287847753 9.535254664348042
v 26.924992212736726 25.326399573411518 10.371151087164856
v 27.129089245675196 25.15964908215739 11.855776464723268
v 27.311924343653804 24.982726144898127 13.565623958931592
v 27.462240797680742 24.902622062722102 15.304471689930358
v 27.52495320228569 24.985068803461697 17.04385091712714
v 27.45696862369147 25.152365899513367 18.771985784634726
v 27.39160743387262 25.18402488380173 20.48849711468216
v 27.214148440919146 25.142021790406538 23.144375017105943
v 27.304229649657827 25.0165747113148 24.692656253792013
v 27.59494553137178 24.6088520101706 26.399672379214604
v 28.041321493064103 24.304777288203393 27.77790254676678
v 28.46256279851097 24.766194596195895 28.451922035504694
v 26.951510891624586 27.08908109594531 9.262124193746137
v 27.1260205276451 27.160617199752476 10.112339959205707
v 27.222283355546978 26.968236802854932 11.61466973134559
v 27.31120013946055 26.721604652125315 13.352026589201754
v 27.396181817676272 26.558093341642074 15.199175816197146
v 27.433659867072283 26.551176944789756 17.09459574664872
v 27.390236621335543 26.645691592969115 18.907144410815636
v 27.45285048293865 27.07198289845522 19.94445359564137
v 27.100162795902033 26.598382545193214 23.6790190812863
v 27.351205985223565 26.539768107300407 25.027283059459712
v 27.765886429126635 26.241305831951763 26.745279297883656
v 28.30106181491264 26.067063885151445 28.13406168362258
v 28.754039703313754 26.540538238739718 28.878296735444145
v 27.217803698556978 28.580653953567825 9.019510264576462
v 27.330674230701078 28.604285690457303 9.900736479895293
v 27.306404143177605 28.364066804979807 11.441970343758273
v 27.275252697555278 28.084005175565185 13.2534649459215
v 27.276823790637703 27.881097426077538 15.220919746299263
v 27.295973933049172 27.787015025213062 17.266079690957593
v 27.301191474421927 27.812947572274894 19.251459613840737
v 27.29775270024467 28.109008015435137 21.163951785183738
v 27.24615185030739 27.749755683421267 23.31727897795409
v 27.509297585871415 27.59529452203247 25.81122838250218
v 27.964082958934586 27.53947884375129 27.272506719840553
v 28.5808853365035 27.503115158026596 28.64925611729702
v 29.06325551901162 27.887874700846147 29.400833917404103
v 27.386094536528596 29.315020559957446 9.005936403221261
v 27.4489966066173 29.195554389044062 10.126279575154939
v 27.344320947082736 28.916276996439855 11.793528662994259
v 27.249966169313375 28.645130090114527 13.688650737739895
v 27.222491522775957 28.43690649075224 15.747948671503933
v 27.264535779144175 28.31833890300704 17.89193451330824
v 27.29762914238021 28.316410230027625 20.015833925912226
v 27.264700823554698 28.31550542472139 21.970521158184432
v 27.40985202955158 28.324154137837578 22.902998811280845
v 27.641110008850585 28.186005082519827 26.51411064182532
v 28.233571628369393 28.152845049404693 27.943328969930317
v 28.888647639728845 28.18176221735999 29.20797676232612
v 29.36965848884651 28.40706168982062 29.76813411792555
t 0 1 3 4
t 1 2 3 6
t 1 4 5 6
t 1 3 4 6
t 0 1 3 5
t 3 6 5 7
t 0 5 4 6
t 0 6 3 2
t 0 3 5 6
t 4 5 7 8
t 5 6 7 10
t 5 8 9 10
t 5 7 8 10
t 4 5 7 9
t 7 10 9 11
t 4 9 8 10
t 4 10 7 6
t 4 7 9 10
t 8 9 11 12
t 9 10 11 14
t 9 12 13 14
t 9 11 12 14
t 8 9 11 13
t 11 14 13 15
t 8 13 12 14
t 8 14 11 10
t 8 11 13 14
t 12 13 15 16
t 13 14 15 18
t 13 16 17 18
t 13 15 16 18
t 12 13 15 17
t 15 18 17 19
t 12 17 16 18
t 12 18 15 14
t 12 15 17 18
t 16 17 19 20
t 17 18 19 22
t 17 20 21 22
t 17 19 20 22
t 16 17 19 21
t 19 22 21 23
t 16 21 20 22
t 16 22 19 18
t 16 19 21 22
t 20 21 23 24
t 21 22 23 26
t 21 24 25 26
t 21 23 24 26
t 20 21 23 25
t 23 26 25 27
t 20 25 24 26
t 20 26 23 22
t 20 23 25 26
t 24 25 27 28
t 25 26 27 30
t 25 28 29 30
t 25 27 28 30
t 24 25 27 29
t 27 30 29 31
t 24 29 28 30
t 24 30 27 26
t 24 27 29 30
t 28 29 31 32
t 29 30 31 34
t 29 32 33 34
t 29 31 32 34
t 28 29 31 33
t 31 34 33 35
t 28 33 32 34
t 28 34 31 30
t 28 31 33 34
t 32 33 35 36
t 33 34 35 38
t 33 36 37 38
t 33 35 36 38
t 32 33 35 37
t 35 38 37 39
t 32 37 36 38
t 32 38 35 34
t 32 35 37 38
t 36 37 39 40
t 37 38 39 42
t 37 40 41 42
t 37 39 40 42
t 36 37 39 41
t 39 42 41 43
t 36 41 40 42
t 36 42 39 38
t 36 39 41 42
t 40 41 43 44
t 41 42 43 46
t 41 44 45 46
t 41 43 44 46
t 40 41 43 45
t 43 46 45 47
t 40 45 44 46
t 40 46 43 42
t 40 43 45 46
t 44 45 47 48
t 45 46 47 50
t 45 48 49 50
t 45 47 48 50
t 44 45 47 49
t 47 50 49 51
t 44 49 48 50
t 44 50 47 46
t 44 47 49 50
t 2 3 53 6
t 3 52 53 54
t 3 6 7 54
t 3 53 6 54
t 2 3 53 7
t 53 54 7 55
t 2 7 6 54
t 2 54 53 52
t 2 53 7 54
t 6 7 55 10
t 7 54 55 56
t 7 10 11 56
t 7 55 10 56
t 6 7 55 11
t 55 56 11 57
t 6 11 10 56
t 6 56 55 54
t 6 55 11 56
t 10 11 57 14
t 11 56 57 58
t 11 14 15 58
t 11 57 14 58
t 10 11 57 15
t 57 58 15 59
t 10 15 14 58
t 10 58 57 56
t 10 57 15 58
t 14 15 59 18
t 15 58 59 60
t 15 18 19 60
t 15 59 18 60
t 14 15 59 19
t 59 60 19 61
t 14 19 18 60
t 14 60 59 58
t 14 59 19 60
t 18 19 61 22
t 19 60 61 62
t 19 22 23 62
t 19 61 22 62
t 18 19 61 23
t 61 62 23 63
t 18 23 22 62
t 18 62 61 60
t 18 61 23 62
t 22 23 63 26
t 23 62 63 64
t 23 26 27 64
t 23 63 26 64
t 22 23 63 27
t 63 64 27 65
t 22 27 26 64
t 22 64 63 62
t 22 63 27 64
t 26 27 65 30
t 27 64 65 66
t 27 30 31 66
t 27 65 30 66
t 26 27 65 31
t 65 66 31 67
t 26 31 30 66
t 26 66 65 64
t 26 65 31 66
t 30 31 67 34
t 31 66 67 68
t 31 34 35 68
t 31 67 34 68
t 30 31 67 35
t 67 68 35 69
t 30 35 34 68
t 30 68 67 66
t 30 67 35 68
t 34 35 69 38
t 35 68 69 70
t 35 38 39 70
t 35 69 38 70
t 34 35 69 39
t 69 70 39 71
t 34 39 38 70
t 34 70 69 68
t 34 69 39 70
t 38 39 71 42
t 39 70 71 72
t 39 42 43 72
t 39 71 42 72
t 38 39 71 43
t 71 72 43 73
t 38 43 42 72
t 38 72 71 70
t 38 71 43 72
t 42 43 73 46
t 43 72 73 74
t 43 46 47 74
t 43 73 46 74
t 42 43 73 47
t 73 74 47 75
t 42 47 46 74
t 42 74 73 72
t 42 73 47 74
t 46 47 75 50
t 47 74 75 76
t 47 50 51 76
t 47 75 50 76
t 46 47 75 51
t 75 76 51 77
t 46 51 50 76
t 46 76 75 74
t 46 75 51 76
t 52 53 79 54
t 53 78 79 80
t 53 54 55 80
t 53 79 54 80
t 52 53 79 55
t 79 80 55 81
t 52 55 54 80
t 52 80 79 78
t 52 79 55 80
t 54 55 81 56
t 55 80 81 82
t 55 56 57 82
t 55 81 56 82
t 54 55 81 57
t 81 82 57 83
t 54 57 56 82
t 54 82 81 80
t 54 81 57 82
t 56 57 83 58
t 57 82 83 84
t 57 58 59 84
t 57 83 58 84
t 56 57 83 59
t 83 84 59 85
t 56 59 58 84
t 56 84 83 82
t 56 83 59 84
t 58 59 85 60
t 59 84 85 86
t 59 60 61 86
t 59 85 60 86
t 58 59 85 61
t 85 86 61 87
t 58 61 60 86
t 58 86 85 84
t 58 85 61 86
t 60 61 87 62
t 61 86 87 88
t 61 62 63 88
t 61 87 62 88
t 60 61 87 63
t 87 88 63 89
t 60 63 62 88
t 60 88 87 86
t 60 87 63 88
t 62 63 89 64
t 63 88 89 90
t 63 64 65 90
t 63 89 64 90
t 62 63 89 65
t 89 90 65 91
t 62 65 64 90
t 62 90 89 88
t 62 89 65 90
t 64 65 91 66
t 65 90 91 92
t 65 66 67 92
t 65 91 66 92
t 64 65 91 67
t 91 92 67 93
t 64 67 66 92
t 64 92 91 90
t 64 91 67 92
t 66 67 93 68
t 67 92 93 94
t 67 68 69 94
t 67 93 68 94
t 66 67 93 69
t 93 94 69 95
t 66 69 68 94
t 66 94 93 92
t 66 93 69 94
t 68 69 95 70
t 69 94 95 96
t 69 70 71 96
t 69 95 70 96
t 68 69 95 71
t 95 96 71 97
t 68 71 70 96
t 68 96 95 94
t 68 95 71 96
t 70 71 97 72
t 71 96 97 98
t 71 72 73 98
t 71 97 72 98
t 70 71 97 73
t 97 98 73 99
t 70 73 72 98
t 70 98 97 96
t 70 97 73 98
t 72 73 99 74
t 73 98 99 100
t 73 74 75 100
t 73 99 74 100
t 72 73 99 75
t 99 100 75 101
t 72 75 74 100
t 72 100 99 98
t 72 99 75 100
t 74 75 101 76
t 75 100 101 102
t 75 76 77 102
t 75 101 76 102
t 74 75 101 77
t 101 102 77 103
t 74 77 76 102
t 74 102 101 100
t 74 101 77 102
t 78 79 105 80
t 79 104 105 106
t 79 80 81 106
t 79 105 80 106
t 78 79 105 81
t 105 106 81 107
t 78 81 80 106
t 78 106 105 104
t 78 105 81 106
t 80 81 107 82
t 81 106 107 108
t 81 82 83 108
t 81 107 82 108
t 80 81 107 83
t 107 108 83 109
t 80 83 82 108
t 80 108 107 106
t 80 107 83 108
t 82 83 109 84
t 83 108 109 110
t 83 84 85 110
t 83 109 84 110
t 82 83 109 85
t 109 110 85 111
t 82 85 84 110
t 82 110 109 108
t 82 109 85 110
t 84 85 111 86
t 85 110 111 112
t 85 86 87 112
t 85 111 86 112
t 84 85 111 87
t 111 112 87 113
t 84 87 86 112
t 84 112 111 110
t 84 111 87 112
t 86 87 113 88
t 87 112 113 114
t 87 88 89 114
t 87 113 88 114
t 86 87 113 89
t 113 114 89 115
t 86 89 88 114
t 86 114 113 112
t 86 113 89 114
t 88 89 115 90
t 89 114 115 116
t 89 90 91 116
t 89 115 90 116
t 88 89 115 91
t 115 116 91 117
t 88 91 90 116
t 88 116 115 114
t 88 115 91 116
t 90 91 117 92
t 91 116 117 118
t 91 92 93 118
t 91 117 92 118
t 90 91 117 93
t 117 118 93 119
t 90 93 92 118
t 90 118 117 116
t 90 117 93 118
t 92 93 119 94
t 93 118 119 120
t 93 94 95 120
t 93 119 94 120
t 92 93 119 95
t 119 120 95 121
t 92 95 94 120
t 92 120 119 118
t 92 119 95 120
t 94 95 121 96
t 95 120 121 122
t 95 96 97 122
t 95 121 96 122
t 94 95 121 97
t 121 122 97 123
t 94 97 96 122
t 94 122 121 120
t 94 121 97 122
t 96 97 123 98
t 97 122 123 124
t 97 98 99 124
t 97 123 98 124
t 96 97 123 99
t 123 124 99 125
t 96 99 98 124
t 96 124 123 122
t 96 123 99 124
t 98 99 125 100
t 99 124 125 126
t 99 100 101 126
t 99 125 100 126
t 98 99 125 101
t 125 126 101 127
t 98 101 100 126
t 98 126 125 124
t 98 125 101 126
t 100 101 127 102
t 101 126 127 128
t 101 102 103 128
t 101 127 102 128
t 100 101 127 103
t 127 128 103 129
t 100 103 102 128
t 100 128 127 126
t 100 127 103 128
t 104 105 131 106
t 105 130 131 132
t 105 106 107 132
t 105 131 106 132
t 104 105 131 107
t 131 132 107 133
t 104 107 106 132
t 104 132 131 130
t 104 131 107 132
t 106 107 133 108
t 107 132 133 134
t 107 108 109 134
t 107 133 108 134
t 106 107 133 109
t 133 134 109 135
t 106 109 108 134
t 106 134 133 132
t 106 133 109 134
t 108 109 135 110
t 109 134 135 136
t 109 110 111 136
t 109 135 110 136
t 108 109 135 111
t 135 136 111 137
t 108 111 110 136
t 108 136 135 134
t 108 135 111 136
t 110 111 137 112
t 111 136 137 138
t 111 112 113 138
t 111 137 112 138
t 110 111 137 113
t 137 138 113 139
t 110 113 112 138
t 110 138 137 136
t 110 137 113 138
t 112 113 139 114
t 113 138 139 140
t 113 114 115 140
t 113 139 114 140
t 112 113 139 115
t 139 140 115 141
t 112 115 114 140
t 112 140 139 138
t 112 139 115 140
t 114 115 141 116
t 115 140 141 142
t 115 116 117 142
t 115 141 116 142
t 114 115 141 117
t 141 142 117 143
t 114 117 116 142
t 114 142 141 140
t 114 141 117 142
t 116 117 143 118
t 117 142 143 144
t 117 118 119 144
t 117 143 118 144
t 116 117 143 119
t 143 144 119 145
t 116 119 118 144
t 116 144 143 142
t 116 143 119 144
t 118 119 145 120
t 119 144 145 146
t 119 120 121 146
t 119 145 120 146
t 118 119 145 121
t 145 146 121 147
t 118 121 120 146
t 118 146 145 144
t 118 145 121 146
t 120 121 147 122
t 121 146 147 148
t 121 122 123 148
t 121 147 122 148
t 120 121 147 123
t 147 148 123 149
t 120 123 122 148
t 120 148 147 146
t 120 147 123 148
t 122 123 149 124
t 123 148 149 150
t 123 124 125 150
t 123 149 124 150
t 122 123 149 125
t 149 150 125 151
t 122 125 124 150
t 122 150 149 148
t 122 149 125 150
t 124 125 151 126
t 125 150 151 152
t 125 126 127 152
t 125 151 126 152
t 124 125 151 127
t 151 152 127 153
t 124 127 126 152
t 124 152 151 150
t 124 151 127 152
t 126 127 153 128
t 127 152 153 154
t 127 128 129 154
t 127 153 128 154
t 126 127 153 129
t 153 154 129 155
t 126 129 128 154
t 126 154 153 152
t 126 153 129 154
t 130 131 157 132
t 131 156 157 158
t 131 132 133 158
t 131 157 132 158
t 130 131 157 133
t 157 158 133 159
t 130 133 132 158
t 130 158 157 156
t 130 157 133 158
t 132 133 159 134
t 133 158 159 160
t 133 134 135 160
t 133 159 134 160
t 132 133 159 135
t 159 160 135 161
t 132 135 134 160
t 132 160 159 158
t 132 159 135 160
t 134 135 161 136
t 135 160 161 162
t 135 136 137 162
t 135 161 136 162
t 134 135 161 137
t 161 162 137 163
t 134 137 136 162
t 134 162 161 160
t 134 161 137 162
t 136 137 163 138
t 137 162 163 164
t 137 138 139 164
t 137 163 138 164
t 136 137 163 139
t 163 164 139 165
t 136 139 138 164
t 136 164 163 162
t 136 163 139 164
t 138 139 165 140
t 139 164 165 166
t 139 140 141 166
t 139 165 140 166
t 138 139 165 141
t 165 166 141 167
t 138 141 140 166
t 138 166 165 164
t 138 165 141 166
t 140 141 167 142
t 141 166 167 168
t 141 142 143 168
t 141 167 142 168
t 140 141 167 143
t 167 168 143 169
t 140 143 142 168
t 140 168 167 166
t 140 167 143 168
t 142 143 169 144
t 143 168 169 170
t 143 144 145 170
t 143 169 144 170
t 142 143 169 145
t 169 170 145 171
t 142 145 144 170
t 142 170 169 168
t 142 169 145 170
t 144 145 171 146
t 145 170 171 172
t 145 146 147 172
t 145 171 146 172
t 144 145 171 147
t 171 172 147 173
t 144 147 146 172
t 144 172 171 170
t 144 171 147 172
t 146 147 173 148
t 147 172 173 174
t 147 148 149 174
t 147 173 148 174
t 146 147 173 149
t 173 174 149 175
t 146 149 148 174
t 146 174 173 172
t 146 173 149 174
t 148 149 175 150
t 149 174 175 176
t 149 150 151 176
t 149 175 150 176
t 148 149 175 151
t 175 176 151 177
t 148 151 150 176
t 148 176 175 174
t 148 175 151 176
t 150 151 177 152
t 151 176 177 178
t 151 152 153 178
t 151 177 152 178
t 150 151 177 153
t 177 178 153 179
t 150 153 152 178
t 150 178 177 176
t 150 177 153 178
t 152 153 179 154
t 153 178 179 180
t 153 154 155 180
t 153 179 154 180
t 152 153 179 155
t 179 180 155 181
t 152 155 154 180
t 152 180 179 178
t 152 179 155 180
t 156 157 183 158
t 157 182 183 184
t 157 158 159 184
t 157 183 158 184
t 156 157 183 159
t 183 184 159 185
t 156 159 158 184
t 156 184 183 182
t 156 183 159 184
t 158 159 185 160
t 159 184 185 186
t 159 160 161 186
t 159 185 160 186
t 158 159 185 161
t 185 186 161 187
t 158 161 160 186
t 158 186 185 184
t 158 185 161 186
t 160 161 187 162
t 161 186 187 188
t 161 162 163 188
t 161 187 162 188
t 160 161 187 163
t 187 188 163 189
t 160 163 162 188
t 160 188 187 186
t 160 187 163 188
t 162 163 189 164
t 163 188 189 190
t 163 164 165 190
t 163 189 164 190
t 162 163 189 165
t 189 190 165 191
t 162 165 164 190
t 162 190 189 188
t 162 189 165 190
t 164 165 191 166
t 165 190 191 192
t 165 166 167 192
t 165 191 166 192
t 164 165 191 167
t 191 192 167 193
t 164 167 166 192
t 164 192 191 190
t 164 191 167 192
t 166 167 193 168
t 167 192 193 194
t 167 168 169 194
t 167 193 168 194
t 166 167 193 169
t 193 194 169 195
t 166 169 168 194
t 166 194 193 192
t 166 193 169 194
t 168 169 195 170
t 169 194 195 196
t 169 170 171 196
t 169 195 170 196
t 168 169 195 171
t 195 196 171 197
t 168 171 170 196
t 168 196 195 194
t 168 195 171 196
t 170 171 197 172
t 171 196 197 198
t 171 172 173 198
t 171 197 172 198
t 170 171 197 173
t 197 198 173 199
t 170 173 172 198
t 170 198 197 196
t 170 197 173 198
t 172 173 199 174
t 173 198 199 200
t 173 174 175 200
t 173 199 174 200
t 172 173 199 175
t 199 200 175 201
t 172 175 174 200
t 172 200 199 198
t 172 199 175 200
t 174 175 201 176
t 175 200 201 202
t 175 176 177 202
t 175 201 176 202
t 174 175 201 177
t 201 202 177 203
t 174 177 176 202
t 174 202 201 200
t 174 201 177 202
t 176 177 203 178
t 177 202 203 204
t 177 178 179 204
t 177 203 178 204
t 176 177 203 179
t 203 204 179 205
t 176 179 178 204
t 176 204 203 202
t 176 203 179 204
t 178 179 205 180
t 179 204 205 206
t 179 180 181 206
t 179 205 180 206
t 178 179 205 181
t 205 206 181 207
t 178 181 180 206
t 178 206 205 204
t 178 205 181 206
t 182 183 209 184
t 183 208 209 210
t 183 184 185 210
t 183 209 184 210
t 182 183 209 185
t 209 210 185 211
t 182 185 184 210
t 182 210 209 208
t 182 209 185 210
t 184 185 211 186
t 185 210 211 212
t 185 186 187 212
t 185 211 186 212
t 184 185 211 187
t 211 212 187 213
t 184 187 186 212
t 184 212 211 210
t 184 211 187 212
t 186 187 213 188
t 187 212 213 214
t 187 188 189 214
t 187 213 188 214
t 186 187 213 189
t 213 214 189 215
t 186 189 188 214
t 186 214 213 212
t 186 213 189 214
t 188 189 215 190
t 189 214 215 216
t 189 190 191 216
t 189 215 190 216
t 188 189 215 191
t 215 216 191 217
t 188 191 190 216
t 188 216 215 214
t 188 215 191 216
t 190 191 217 192
t 191 216 217 218
t 191 192 193 218
t 191 217 192 218
t 190 191 217 193
t 217 218 193 219
t 190 193 192 218
t 190 218 217 216
t 190 217 193 218
t 192 193 219 194
t 193 218 219 220
t 193 194 195 220
t 193 219 194 220
t 192 193 219 195
t 219 220 195 221
t 192 195 194 220
t 192 220 219 218
t 192 219 195 220
t 194 195 221 196
t 195 220 221 222
t 195 196 197 222
t 195 221 196 222
t 194 195 221 197
t 221 222 197 223
t 194 197 196 222
t 194 222 221 220
t 194 221 197 222
t 196 197 223 198
t 197 222 223 224
t 197 198 199 224
t 197 223 198 224
t 196 197 223 199
t 223 224 199 225
t 196 199 198 224
t 196 224 223 222
t 196 223 199 224
t 198 199 225 200
t 199 224 225 226
t 199 200 201 226
t 199 225 200 226
t 198 199 225 201
t 225 226 201 227
t 198 201 200 226
t 198 226 225 224
t 198 225 201 226
t 200 201 227 202
t 201 226 227 228
t 201 202 203 228
t 201 227 202 228
t 200 201 227 203
t 227 228 203 229
t 200 203 202 228
t 200 228 227 226
t 200 227 203 228
t 202 203 229 204
t 203 228 229 230
t 203 204 205 230
t 203 229 204 230
t 202 203 229 205
t 229 230 205 231
t 202 205 204 230
t 202 230 229 228
t 202 229 205 230
t 204 205 231 206
t 205 230 231 232
t 205 206 207 232
t 205 231 206 232
t 204 205 231 207
t 231 232 207 233
t 204 207 206 232
t 204 232 231 230
t 204 231 207 232
t 208 209 235 210
t 209 234 235 236
t 209 210 211 236
t 209 235 210 236
t 208 209 235 211
t 235 236 211 237
t 208 211 210 236
t 208 236 235 234
t 208 235 211 236
t 210 211 237 212
t 211 236 237 238
t 211 212 213 238
t 211 237 212 238
t 210 211 237 213
t 237 238 213 239
t 210 213 212 238
t 210 238 237 236
t 210 237 213 238
t 212 213 239 214
t 213 238 239 240
t 213 214 215 240
t 213 239 214 240
t 212 213 239 215
t 239 240 215 241
t 212 215 214 240
t 212 240 239 238
t 212 239 215 240
t 214 215 241 216
t 215 240 241 242
t 215 216 217 242
t 215 241 216 242
t 214 215 241 217
t 241 242 217 243
t 214 217 216 242
t 214 242 241 240
t 214 241 217 242
t 216 217 243 218
t 217 242 243 244
t 217 218 219 244
t 217 243 218 244
t 216 217 243 219
t 243 244 219 245
t 216 219 218 244
t 216 244 243 242
t 216 243 219 244
t 218 219 245 220
t 219 244 245 246
t 219 220 221 246
t 219 245 220 246
t 218 219 245 221
t 245 246 221 247
t 218 221 220 246
t 218 246 245 244
t 218 245 221 246
t 220 221 247 222
t 221 246 247 248
t 221 222 223 248
t 221 247 222 248
t 220 221 247 223
t 247 248 223 249
t 220 223 222 248
t 220 248 247 246
t 220 247 223 248
t 222 223 249 224
t 223 248 249 250
t 223 224 225 250
t 223 249 224 250
t 222 223 249 225
t 249 250 225 251
t 222 225 224 250
t 222 250 249 248
t 222 249 225 250
t 224 225 251 226
t 225 250 251 252
t 225 226 227 252
t 225 251 226 252
t 224 225 251 227
t 251 252 227 253
t 224 227 226 252
t 224 252 251 250
t 224 251 227 252
t 226 227 253 228
t 227 252 253 254
t 227 228 229 254
t 227 253 228 254
t 226 227 253 229
t 253 254 229 255
t 226 229 228 254
t 226 254 253 252
t 226 253 229 254
t 228 229 255 230
t 229 254 255 256
t 229 230 231 256
t 229 255 230 256
t 228 229 255 231
t 255 256 231 257
t 228 231 230 256
t 228 256 255 254
t 228 255 231 256
t 230 231 257 232
t 231 256 257 258
t 231 232 233 258
t 231 257 232 258
t 230 231 257 233
t 257 258 233 259
t 230 233 232 258
t 230 258 257 256
t 230 257 233 258
t 234 235 261 236
t 235 260 261 262
t 235 236 237 262
t 235 261 236 262
t 234 235 261 237
t 261 262 237 263
t 234 237 236 262
t 234 262 261 260
t 234 261 237 262
t 236 237 263 238
t 237 262 263 264
t 237 238 239 264
t 237 263 238 264
t 236 237 263 239
t 263 264 239 265
t 236 239 238 264
t 236 264 263 262
t 236 263 239 264
t 238 239 265 240
t 239 264 265 266
t 239 240 241 266
t 239 265 240 266
t 238 239 265 241
t 265 266 241 267
t 238 241 240 266
t 238 266 265 264
t 238 265 241 266
t 240 241 267 242
t 241 266 267 268
t 241 242 243 268
t 241 267 242 268
t 240 241 267 243
t 267 268 243 269
t 240 243 242 268
t 240 268 267 266
t 240 267 243 268
t 242 243 269 244
t 243 268 269 270
t 243 244 245 270
t 243 269 244 270
t 242 243 269 245
t 269 270 245 271
t 242 245 244 270
t 242 270 269 268
t 242 269 245 270
t 244 245 271 246
t 245 270 271 272
t 245 246 247 272
t 245 271 246 272
t 244 245 271 247
t 271 272 247 273
t 244 247 246 272
t 244 272 271 270
t 244 271 247 272
t 246 247 273 248
t 247 272 273 274
t 247 248 249 274
t 247 273 248 274
t 246 247 273 249
t 273 274 249 275
t 246 249 248 274
t 246 274 273 272
t 246 273 249 274
t 248 249 275 250
t 249 274 275 276
t 249 250 251 276
t 249 275 250 276
t 248 249 275 251
t 275 276 251 277
t 248 251 250 276
t 248 276 275 274
t 248 275 251 276
t 250 251 277 252
t 251 276 277 278
t 251 252 253 278
t 251 277 252 278
t 250 251 277 253
t 277 278 253 279
t 250 253 252 278
t 250 278 277 276
t 250 277 253 278
t 252 253 279 254
t 253 278 279 280
t 253 254 255 280
t 253 279 254 280
t 252 253 279 255
t 279 280 255 281
t 252 255 254 280
t 252 280 279 278
t 252 279 255 280
t 254 255 281 256
t 255 280 281 282
t 255 256 257 282
t 255 281 256 282
t 254 255 281 257
t 281 282 257 283
t 254 257 256 282
t 254 282 281 280
t 254 281 257 282
t 256 257 283 258
t 257 282 283 284
t 257 258 259 284
t 257 283 258 284
t 256 257 283 259
t 283 284 259 285
t 256 259 258 284
t 256 284 283 282
t 256 283 259 284
t 260 261 287 262
t 261 286 287 288
t 261 262 263 288
t 261 287 262 288
t 260 261 287 263
t 287 288 263 289
t 260 263 262 288
t 260 288 287 286
t 260 287 263 288
t 262 263 289 264
t 263 288 289 290
t 263 264 265 290
t 263 289 264 290
t 262 263 289 265
t 289 290 265 291
t 262 265 264 290
t 262 290 289 288
t 262 289 265 290
t 264 265 291 266
t 265 290 291 292
t 265 266 267 292
t 265 291 266 292
t 264 265 291 267
t 291 292 267 293
t 264 267 266 292
t 264 292 291 290
t 264 291 267 292
t 266 267 293 268
t 267 292 293 294
t 267 268 269 294
t 267 293 268 294
t 266 267 293 269
t 293 294 269 295
t 266 269 268 294
t 266 294 293 292
t 266 293 269 294
t 268 269 295 270
t 269 294 295 296
t 269 270 271 296
t 269 295 270 296
t 268 269 295 271
t 295 296 271 297
t 268 271 270 296
t 268 296 295 294
t 268 295 271 296
t 270 271 297 272
t 271 296 297 298
t 271 272 273 298
t 271 297 272 298
t 270 271 297 273
t 297 298 273 299
t 270 273 272 298
t 270 298 297 296
t 270 297 273 298
t 272 273 299 274
t 273 298 299 300
t 273 274 275 300
t 273 299 274 300
t 272 273 299 275
t 299 300 275 301
t 272 275 274 300
t 272 300 299 298
t 272 299 275 300
t 274 275 301 276
t 275 300 301 302
t 275 276 277 302
t 275 301 276 302
t 274 275 301 277
t 301 302 277 303
t 274 277 276 302
t 274 302 301 300
t 274 301 277 302
t 276 277 303 278
t 277 302 303 304
t 277 278 279 304
t 277 303 278 304
t 276 277 303 279
t 303 304 279 305
t 276 279 278 304
t 276 304 303 302
t 276 303 279 304
t 278 279 305 280
t 279 304 305 306
t 279 280 281 306
t 279 305 280 306
t 278 279 305 281
t 305 306 281 307
t 278 281 280 306
t 278 306 305 304
t 278 305 281 306
t 280 281 307 282
t 281 306 307 308
t 281 282 283 308
t 281 307 282 308
t 280 281 307 283
t 307 308 283 309
t 280 283 282 308
t 280 308 307 306
t 280 307 283 308
t 282 283 309 284
t 283 308 309 310
t 283 284 285 310
t 283 309 284 310
t 282 283 309 285
t 309 310 285 311
t 282 285 284 310
t 282 310 309 308
t 282 309 285 310
t 286 287 313 288
t 287 312 313 314
t 287 288 289 314
t 287 313 288 314
t 286 287 313 289
t 313 314 289 315
t 286 289 288 314
t 286 314 313 312
t 286 313 289 314
t 288 289 315 290
t 289 314 315 316
t 289 290 291 316
t 289 315 290 316
t 288 289 315 291
t 315 316 291 317
t 288 291 290 316
t 288 316 315 314
t 288 315 291 316
t 290 291 317 292
t 291 316 317 318
t 291 292 293 318
t 291 317 292 318
t 290 291 317 293
t 317 318 293 319
t 290 293 292 318
t 290 318 317 316
t 290 317 293 318
t 292 293 319 294
t 293 318 319 320
t 293 294 295 320
t 293 319 294 320
t 292 293 319 295
t 319 320 295 321
t 292 295 294 320
t 292 320 319 318
t 292 319 295 320
t 294 295 321 296
t 295 320 321 322
t 295 296 297 322
t 295 321 296 322
t 294 295 321 297
t 321 322 297 323
t 294 297 296 322
t 294 322 321 320
t 294 321 297 322
t 296 297 323 298
t 297 322 323 324
t 297 298 299 324
t 297 323 298 324
t 296 297 323 299
t 323 324 299 325
t 296 299 298 324
t 296 324 323 322
t 296 323 299 324
t 298 299 325 300
t 299 324 325 326
t 299 300 301 326
t 299 325 300 326
t 298 299 325 301
t 325 326 301 327
t 298 301 300 326
t 298 326 325 324
t 298 325 301 326
t 300 301 327 302
t 301 326 327 328
t 301 302 303 328
t 301 327 302 328
t 300 301 327 303
t 327 328 303 329
t 300 303 302 328
t 300 328 327 326
t 300 327 303 328
t 302 303 329 304
t 303 328 329 330
t 303 304 305 330
t 303 329 304 330
t 302 303 329 305
t 329 330 305 331
t 302 305 304 330
t 302 330 329 328
t 302 329 305 330
t 304 305 331 306
t 305 330 331 332
t 305 306 307 332
t 305 331 306 332
t 304 305 331 307
t 331 332 307 333
t 304 307 306 332
t 304 332 331 330
t 304 331 307 332
t 306 307 333 308
t 307 332 333 334
t 307 308 309 334
t 307 333 308 334
t 306 307 333 309
t 333 334 309 335
t 306 309 308 334
t 306 334 333 332
t 306 333 309 334
t 308 309 335 310
t 309 334 335 336
t 309 310 311 336
t 309 335 310 336
t 308 309 335 311
t 335 336 311 337
t 308 311 310 336
t 308 336 335 334
t 308 335 311 336
t 1 338 339 5
t 338 3 339 7
t 338 5 340 7
t 338 339 5 7
t 1 338 339 340
t 339 7 340 341
t 1 340 5 7
t 1 7 339 3
t 1 339 340 7
t 5 340 341 9
t 340 7 341 11
t 340 9 342 11
t 340 341 9 11
t 5 340 341 342
t 341 11 342 343
t 5 342 9 11
t 5 11 341 7
t 5 341 342 11
t 9 342 343 13
t 342 11 343 15
t 342 13 344 15
t 342 343 13 15
t 9 342 343 344
t 343 15 344 345
t 9 344 13 15
t 9 15 343 11
t 9 343 344 15
t 13 344 345 17
t 344 15 345 19
t 344 17 346 19
t 344 345 17 19
t 13 344 345 346
t 345 19 346 347
t 13 346 17 19
t 13 19 345 15
t 13 345 346 19
t 17 346 347 21
t 346 19 347 23
t 346 21 348 23
t 346 347 21 23
t 17 346 347 348
t 347 23 348 349
t 17 348 21 23
t 17 23 347 19
t 17 347 348 23
t 21 348 349 25
t 348 23 349 27
t 348 25 350 27
t 348 349 25 27
t 21 348 349 350
t 349 27 350 351
t 21 350 25 27
t 21 27 349 23
t 21 349 350 27
t 25 350 351 29
t 350 27 351 31
t 350 29 352 31
t 350 351 29 31
t 25 350 351 352
t 351 31 352 353
t 25 352 29 31
t 25 31 351 27
t 25 351 352 31
t 29 352 353 33
t 352 31 353 35
t 352 33 354 35
t 352 353 33 35
t 29 352 353 354
t 353 35 354 355
t 29 354 33 35
t 29 35 353 31
t 29 353 354 35
t 33 354 355 37
t 354 35 355 39
t 354 37 356 39
t 354 355 37 39
t 33 354 355 356
t 355 39 356 357
t 33 356 37 39
t 33 39 355 35
t 33 355 356 39
t 37 356 357 41
t 356 39 357 43
t 356 41 358 43
t 356 357 41 43
t 37 356 357 358
t 357 43 358 359
t 37 358 41 43
t 37 43 357 39
t 37 357 358 43
t 41 358 359 45
t 358 43 359 47
t 358 45 360 47
t 358 359 45 47
t 41 358 359 360
t 359 47 360 361
t 41 360 45 47
t 41 47 359 43
t 41 359 360 47
t 45 360 361 49
t 360 47 361 51
t 360 49 362 51
t 360 361 49 51
t 45 360 361 362
t 361 51 362 363
t 45 362 49 51
t 45 51 361 47
t 45 361 362 51
t 3 339 364 7
t 339 53 364 55
t 339 7 341 55
t 339 364 7 55
t 3 339 364 341
t 364 55 341 365
t 3 341 7 55
t 3 55 364 53
t 3 364 341 55
t 7 341 365 11
t 341 55 365 57
t 341 11 343 57
t 341 365 11 57
t 7 341 365 343
t 365 57 343 366
t 7 343 11 57
t 7 57 365 55
t 7 365 343 57
t 11 343 366 15
t 343 57 366 59
t 343 15 345 59
t 343 366 15 59
t 11 343 366 345
t 366 59 345 367
t 11 345 15 59
t 11 59 366 57
t 11 366 345 59
t 15 345 367 19
t 345 59 367 61
t 345 19 347 61
t 345 367 19 61
t 15 345 367 347
t 367 61 347 368
t 15 347 19 61
t 15 61 367 59
t 15 367 347 61
t 19 347 368 23
t 347 61 368 63
t 347 23 349 63
t 347 368 23 63
t 19 347 368 349
t 368 63 349 369
t 19 349 23 63
t 19 63 368 61
t 19 368 349 63
t 23 349 369 27
t 349 63 369 65
t 349 27 351 65
t 349 369 27 65
t 23 349 369 351
t 369 65 351 370
t 23 351 27 65
t 23 65 369 63
t 23 369 351 65
t 27 351 370 31
t 351 65 370 67
t 351 31 353 67
t 351 370 31 67
t 27 351 370 353
t 370 67 353 371
t 27 353 31 67
t 27 67 370 65
t 27 370 353 67
t 31 353 371 35
t 353 67 371 69
t 353 35 355 69
t 353 371 35 69
t 31 353 371 355
t 371 69 355 372
t 31 355 35 69
t 31 69 371 67
t 31 371 355 69
t 35 355 372 39
t 355 69 372 71
t 355 39 357 71
t 355 372 39 71
t 35 355 372 357
t 372 71 357 373
t 35 357 39 71
t 35 71 372 69
t 35 372 357 71
t 39 357 373 43
t 357 71 373 73
t 357 43 359 73
t 357 373 43 73
t 39 357 373 359
t 373 73 359 374
t 39 359 43 73
t 39 73 373 71
t 39 373 359 73
t 43 359 374 47
t 359 73 374 75
t 359 47 361 75
t 359 374 47 75
t 43 359 374 361
t 374 75 361 375
t 43 361 47 75
t 43 75 374 73
t 43 374 361 75
t 47 361 375 51
t 361 75 375 77
t 361 51 363 77
t 361 375 51 77
t 47 361 375 363
t 375 77 363 376
t 47 363 51 77
t 47 77 375 75
t 47 375 363 77
t 53 364 377 55
t 364 79 377 81
t 364 55 365 81
t 364 377 55 81
t 53 364 377 365
t 377 81 365 378
t 53 365 55 81
t 53 81 377 79
t 53 377 365 81
t 55 365 378 57
t 365 81 378 83
t 365 57 366 83
t 365 378 57 83
t 55 365 378 366
t 378 83 366 379
t 55 366 57 83
t 55 83 378 81
t 55 378 366 83
t 57 366 379 59
t 366 83 379 85
t 366 59 367 85
t 366 379 59 85
t 57 366 379 367
t 379 85 367 380
t 57 367 59 85
t 57 85 379 83
t 57 379 367 85
t 59 367 380 61
t 367 85 380 87
t 367 61 368 87
t 367 380 61 87
t 59 367 380 368
t 380 87 368 381
t 59 368 61 87
t 59 87 380 85
t 59 380 368 87
t 61 368 381 63
t 368 87 381 89
t 368 63 369 89
t 368 381 63 89
t 61 368 381 369
t 381 89 369 382
t 61 369 63 89
t 61 89 381 87
t 61 381 369 89
t 63 369 382 65
t 369 89 382 91
t 369 65 370 91
t 369 382 65 91
t 63 369 382 370
t 382 91 370 383
t 63 370 65 91
t 63 91 382 89
t 63 382 370 91
t 65 370 383 67
t 370 91 383 93
t 370 67 371 93
t 370 383 67 93
t 65 370 383 371
t 383 93 371 384
t 65 371 67 93
t 65 93 383 91
t 65 383 371 93
t 67 371 384 69
t 371 93 384 95
t 371 69 372 95
t 371 384 69 95
t 67 371 384 372
t 384 95 372 385
t 67 372 69 95
t 67 95 384 93
t 67 384 372 95
t 69 372 385 71
t 372 95 385 97
t 372 71 373 97
t 372 385 71 97
t 69 372 385 373
t 385 97 373 386
t 69 373 71 97
t 69 97 385 95
t 69 385 373 97
t 71 373 386 73
t 373 97 386 99
t 373 73 374 99
t 373 386 73 99
t 71 373 386 374
t 386 99 374 387
t 71 374 73 99
t 71 99 386 97
t 71 386 374 99
t 73 374 387 75
t 374 99 387 101
t 374 75 375 101
t 374 387 75 101
t 73 374 387 375
t 387 101 375 388
t 73 375 75 101
t 73 101 387 99
t 73 387 375 101
t 75 375 388 77
t 375 101 388 103
t 375 77 376 103
t 375 388 77 103
t 75 375 388 376
t 388 103 376 389
t 75 376 77 103
t 75 103 388 101
t 75 388 376 103
t 79 377 390 81
t 377 105 390 107
t 377 81 378 107
t 377 390 81 107
t 79 377 390 378
t 390 107 378 391
t 79 378 81 107
t 79 107 390 105
t 79 390 378 107
t 81 378 391 83
t 378 107 391 109
t 378 83 379 109
t 378 391 83 109
t 81 378 391 379
t 391 109 379 392
t 81 379 83 109
t 81 109 391 107
t 81 391 379 109
t 83 379 392 85
t 379 109 392 111
t 379 85 380 111
t 379 392 85 111
t 83 379 392 380
t 392 111 380 393
t 83 380 85 111
t 83 111 392 109
t 83 392 380 111
t 85 380 393 87
t 380 111 393 113
t 380 87 381 113
t 380 393 87 113
t 85 380 393 381
t 393 113 381 394
t 85 381 87 113
t 85 113 393 111
t 85 393 381 113
t 87 381 394 89
t 381 113 394 115
t 381 89 382 115
t 381 394 89 115
t 87 381 394 382
t 394 115 382 395
t 87 382 89 115
t 87 115 394 113
t 87 394 382 115
t 89 382 395 91
t 382 115 395 117
t 382 91 383 117
t 382 395 91 117
t 89 382 395 383
t 395 117 383 396
t 89 383 91 117
t 89 117 395 115
t 89 395 383 117
t 91 383 396 93
t 383 117 396 119
t 383 93 384 119
t 383 396 93 119
t 91 383 396 384
t 396 119 384 397
t 91 384 93 119
t 91 119 396 117
t 91 396 384 119
t 93 384 397 95
t 384 119 397 121
t 384 95 385 121
t 384 397 95 121
t 93 384 397 385
t 397 121 385 398
t 93 385 95 121
t 93 121 397 119
t 93 397 385 121
t 95 385 398 97
t 385 121 398 123
t 385 97 386 123
t 385 398 97 123
t 95 385 398 386
t 398 123 386 399
t 95 386 97 123
t 95 123 398 121
t 95 398 386 123
t 97 386 399 99
t 386 123 399 125
t 386 99 387 125
t 386 399 99 125
t 97 386 399 387
t 399 125 387 400
t 97 387 99 125
t 97 125 399 123
t 97 399 387 125
t 99 387 400 101
t 387 125 400 127
t 387 101 388 127
t 387 400 101 127
t 99 387 400 388
t 400 127 388 401
t 99 388 101 127
t 99 127 400 125
t 99 400 388 127
t 101 388 401 103
t 388 127 401 129
t 388 103 389 129
t 388 401 103 129
t 101 388 401 389
t 401 129 389 402
t 101 389 103 129
t 101 129 401 127
t 101 401 389 129
t 105 390 403 107
t 390 131 403 133
t 390 107 391 133
t 390 403 107 133
t 105 390 403 391
t 403 133 391 404
t 105 391 107 133
t 105 133 403 131
t 105 403 391 133
t 107 391 404 109
t 391 133 404 135
t 391 109 392 135
t 391 404 109 135
t 107 391 404 392
t 404 135 392 405
t 107 392 109 135
t 107 135 404 133
t 107 404 392 135
t 109 392 405 111
t 392 135 405 137
t 392 111 393 137
t 392 405 111 137
t 109 392 405 393
t 405 137 393 406
t 109 393 111 137
t 109 137 405 135
t 109 405 393 137
t 111 393 406 113
t 393 137 406 139
t 393 113 394 139
t 393 406 113 139
t 111 393 406 394
t 406 139 394 407
t 111 394 113 139
t 111 139 406 137
t 111 406 394 139
t 113 394 407 115
t 394 139 407 141
t 394 115 395 141
t 394 407 115 141
t 113 394 407 395
t 407 141 395 408
t 113 395 115 141
t 113 141 407 139
t 113 407 395 141
t 115 395 408 117
t 395 141 408 143
t 395 117 396 143
t 395 408 117 143
t 115 395 408 396
t 408 143 396 409
t 115 396 117 143
t 115 143 408 141
t 115 408 396 143
t 117 396 409 119
t 396 143 409 145
t 396 119 397 145
t 396 409 119 145
t 117 396 409 397
t 409 145 397 410
t 117 397 119 145
t 117 145 409 143
t 117 409 397 145
t 119 397 410 121
t 397 145 410 147
t 397 121 398 147
t 397 410 121 147
t 119 397 410 398
t 410 147 398 411
t 119 398 121 147
t 119 147 410 145
t 119 410 398 147
t 121 398 411 123
t 398 147 411 149
t 398 123 399 149
t 398 411 123 149
t 121 398 411 399
t 411 149 399 412
t 121 399 123 149
t 121 149 411 147
t 121 411 399 149
t 123 399 412 125
t 399 149 412 151
t 399 125 400 151
t 399 412 125 151
t 123 399 412 400
t 412 151 400 413
t 123 400 125 151
t 123 151 412 149
t 123 412 400 151
t 125 400 413 127
t 400 151 413 153
t 400 127 401 153
t 400 413 127 153
t 125 400 413 401
t 413 153 401 414
t 125 401 127 153
t 125 153 413 151
t 125 413 401 153
t 127 401 414 129
t 401 153 414 155
t 401 129 402 155
t 401 414 129 155
t 127 401 414 402
t 414 155 402 415
t 127 402 129 155
t 127 155 414 153
t 127 414 402 155
t 131 403 416 133
t 403 157 416 159
t 403 133 404 159
t 403 416 133 159
t 131 403 416 404
t 416 159 404 417
t 131 404 133 159
t 131 159 416 157
t 131 416 404 159
t 133 404 417 135
t 404 159 417 161
t 404 135 405 161
t 404 417 135 161
t 133 404 417 405
t 417 161 405 418
t 133 405 135 161
t 133 161 417 159
t 133 417 405 161
t 135 405 418 137
t 405 161 418 163
t 405 137 406 163
t 405 418 137 163
t 135 405 418 406
t 418 163 406 419
t 135 406 137 163
t 135 163 418 161
t 135 418 406 163
t 137 406 419 139
t 406 163 419 165
t 406 139 407 165
t 406 419 139 165
t 137 406 419 407
t 419 165 407 420
t 137 407 139 165
t 137 165 419 163
t 137 419 407 165
t 139 407 420 141
t 407 165 420 167
t 407 141 408 167
t 407 420 141 167
t 139 407 420 408
t 420 167 408 421
t 139 408 141 167
t 139 167 420 165
t 139 420 408 167
t 141 408 421 143
t 408 167 421 169
t 408 143 409 169
t 408 421 143 169
t 141 408 421 409
t 421 169 409 422
t 141 409 143 169
t 141 169 421 167
t 141 421 409 169
t 143 409 422 145
t 409 169 422 171
t 409 145 410 171
t 409 422 145 171
t 143 409 422 410
t 422 171 410 423
t 143 410 145 171
t 143 171 422 169
t 143 422 410 171
t 145 410 423 147
t 410 171 423 173
t 410 147 411 173
t 410 423 147 173
t 145 410 423 411
t 423 173 411 424
t 145 411 147 173
t 145 173 423 171
t 145 423 411 173
t 147 411 424 149
t 411 173 424 175
t 411 149 412 175
t 411 424 149 175
t 147 411 424 412
t 424 175 412 425
t 147 412 149 175
t 147 175 424 173
t 147 424 412 175
t 149 412 425 151
t 412 175 425 177
t 412 151 413 177
t 412 425 151 177
t 149 412 425 413
t 425 177 413 426
t 149 413 151 177
t 149 177 425 175
t 149 425 413 177
t 151 413 426 153
t 413 177 426 179
t 413 153 414 179
t 413 426 153 179
t 151 413 426 414
t 426 179 414 427
t 151 414 153 179
t 151 179 426 177
t 151 426 414 179
t 153 414 427 155
t 414 179 427 181
t 414 155 415 181
t 414 427 155 181
t 153 414 427 415
t 427 181 415 428
t 153 415 155 181
t 153 181 427 179
t 153 427 415 181
t 157 416 429 159
t 416 183 429 185
t 416 159 417 185
t 416 429 159 185
t 157 416 429 417
t 429 185 417 430
t 157 417 159 185
t 157 185 429 183
t 157 429 417 185
t 159 417 430 161
t 417 185 430 187
t 417 161 418 187
t 417 430 161 187
t 159 417 430 418
t 430 187 418 431
t 159 418 161 187
t 159 187 430 185
t 159 430 418 187
t 161 418 431 163
t 418 187 431 189
t 418 163 419 189
t 418 431 163 189
t 161 418 431 419
t 431 189 419 432
t 161 419 163 189
t 161 189 431 187
t 161 431 419 189
t 163 419 432 165
t 419 189 432 191
t 419 165 420 191
t 419 432 165 191
t 163 419 432 420
t 432 191 420 433
t 163 420 165 191
t 163 191 432 189
t 163 432 420 191
t 165 420 433 167
t 420 191 433 193
t 420 167 421 193
t 420 433 167 193
t 165 420 433 421
t 433 193 421 434
t 165 421 167 193
t 165 193 433 191
t 165 433 421 193
t 167 421 434 169
t 421 193 434 195
t 421 169 422 195
t 421 434 169 195
t 167 421 434 422
t 434 195 422 435
t 167 422 169 195
t 167 195 434 193
t 167 434 422 195
t 169 422 435 171
t 422 195 435 197
t 422 171 423 197
t 422 435 171 197
t 169 422 435 423
t 435 197 423 436
t 169 423 171 197
t 169 197 435 195
t 169 435 423 197
t 171 423 436 173
t 423 197 436 199
t 423 173 424 199
t 423 436 173 199
t 171 423 436 424
t 436 199 424 437
t 171 424 173 199
t 171 199 436 197
t 171 436 424 199
t 173 424 437 175
t 424 199 437 201
t 424 175 425 201
t 424 437 175 201
t 173 424 437 425
t 437 201 425 438
t 173 425 175 201
t 173 201 437 199
t 173 437 425 201
t 175 425 438 177
t 425 201 438 203
t 425 177 426 203
t 425 438 177 203
t 175 425 438 426
t 438 203 426 439
t 175 426 177 203
t 175 203 438 201
t 175 438 426 203
t 177 426 439 179
t 426 203 439 205
t 426 179 427 205
t 426 439 179 205
t 177 426 439 427
t 439 205 427 440
t 177 427 179 205
t 177 205 439 203
t 177 439 427 205
t 179 427 440 181
t 427 205 440 207
t 427 181 428 207
t 427 440 181 207
t 179 427 440 428
t 440 207 428 441
t 179 428 181 207
t 179 207 440 205
t 179 440 428 207
t 183 429 442 185
t 429 209 442 211
t 429 185 430 211
t 429 442 185 211
t 183 429 442 430
t 442 211 430 443
t 183 430 185 211
t 183 211 442 209
t 183 442 430 211
t 185 430 443 187
t 430 211 443 213
t 430 187 431 213
t 430 443 187 213
t 185 430 443 431
t 443 213 431 444
t 185 431 187 213
t 185 213 443 211
t 185 443 431 213
t 187 431 444 189
t 431 213 444 215
t 431 189 432 215
t 431 444 189 215
t 187 431 444 432
t 444 215 432 445
t 187 432 189 215
t 187 215 444 213
t 187 444 432 215
t 189 432 445 191
t 432 215 445 217
t 432 191 433 217
t 432 445 191 217
t 189 432 445 433
t 445 217 433 446
t 189 433 191 217
t 189 217 445 215
t 189 445 433 217
t 191 433 446 193
t 433 217 446 219
t 433 193 434 219
t 433 446 193 219
t 191 433 446 434
t 446 219 434 447
t 191 434 193 219
t 191 219 446 217
t 191 446 434 219
t 193 434 447 195
t 434 219 447 221
t 434 195 435 221
t 434 447 195 221
t 193 434 447 435
t 447 221 435 448
t 193 435 195 221
t 193 221 447 219
t 193 447 435 221
t 195 435 448 197
t 435 221 448 223
t 435 197 436 223
t 435 448 197 223
t 195 435 448 436
t 448 223 436 449
t 195 436 197 223
t 195 223 448 221
t 195 448 436 223
t 197 436 449 199
t 436 223 449 225
t 436 199 437 225
t 436 449 199 225
t 197 436 449 437
t 449 225 437 450
t 197 437 199 225
t 197 225 449 223
t 197 449 437 225
t 199 437 450 201
t 437 225 450 227
t 437 201 438 227
t 437 450 201 227
t 199 437 450 438
t 450 227 438 451
t 199 438 201 227
t 199 227 450 225
t 199 450 438 227
t 201 438 451 203
t 438 227 451 229
t 438 203 439 229
t 438 451 203 229
t 201 438 451 439
t 451 229 439 452
t 201 439 203 229
t 201 229 451 227
t 201 451 439 229
t 203 439 452 205
t 439 229 452 231
t 439 205 440 231
t 439 452 205 231
t 203 439 452 440
t 452 231 440 453
t 203 440 205 231
t 203 231 452 229
t 203 452 440 231
t 205 440 453 207
t 440 231 453 233
t 440 207 441 233
t 440 453 207 233
t 205 440 453 441
t 453 233 441 454
t 205 441 207 233
t 205 233 453 231
t 205 453 441 233
t 209 442 455 211
t 442 235 455 237
t 442 211 443 237
t 442 455 211 237
t 209 442 455 443
t 455 237 443 456
t 209 443 211 237
t 209 237 455 235
t 209 455 443 237
t 211 443 456 213
t 443 237 456 239
t 443 213 444 239
t 443 456 213 239
t 211 443 456 444
t 456 239 444 457
t 211 444 213 239
t 211 239 456 237
t 211 456 444 239
t 213 444 457 215
t 444 239 457 241
t 444 215 445 241
t 444 457 215 241
t 213 444 457 445
t 457 241 445 458
t 213 445 215 241
t 213 241 457 239
t 213 457 445 241
t 215 445 458 217
t 445 241 458 243
t 445 217 446 243
t 445 458 217 243
t 215 445 458 446
t 458 243 446 459
t 215 446 217 243
t 215 243 458 241
t 215 458 446 243
t 217 446 459 219
t 446 243 459 245
t 446 219 447 245
t 446 459 219 245
t 217 446 459 447
t 459 245 447 460
t 217 447 219 245
t 217 245 459 243
t 217 459 447 245
t 219 447 460 221
t 447 245 460 247
t 447 221 448 247
t 447 460 221 247
t 219 447 460 448
t 460 247 448 461
t 219 448 221 247
t 219 247 460 245
t 219 460 448 247
t 221 448 461 223
t 448 247 461 249
t 448 223 449 249
t 448 461 223 249
t 221 448 461 449
t 461 249 449 462
t 221 449 223 249
t 221 249 461 247
t 221 461 449 249
t 223 449 462 225
t 449 249 462 251
t 449 225 450 251
t 449 462 225 251
t 223 449 462 450
t 462 251 450 463
t 223 450 225 251
t 223 251 462 249
t 223 462 450 251
t 225 450 463 227
t 450 251 463 253
t 450 227 451 253
t 450 463 227 253
t 225 450 463 451
t 463 253 451 464
t 225 451 227 253
t 225 253 463 251
t 225 463 451 253
t 227 451 464 229
t 451 253 464 255
t 451 229 452 255
t 451 464 229 255
t 227 451 464 452
t 464 255 452 465
t 227 452 229 255
t 227 255 464 253
t 227 464 452 255
t 229 452 465 231
t 452 255 465 257
t 452 231 453 257
t 452 465 231 257
t 229 452 465 453
t 465 257 453 466
t 229 453 231 257
t 229 257 465 255
t 229 465 453 257
t 231 453 466 233
t 453 257 466 259
t 453 233 454 259
t 453 466 233 259
t 231 453 466 454
t 466 259 454 467
t 231 454 233 259
t 231 259 466 257
t 231 466 454 259
t 235 455 468 237
t 455 261 468 263
t 455 237 456 263
t 455 468 237 263
t 235 455 468 456
t 468 263 456 469
t 235 456 237 263
t 235 263 468 261
t 235 468 456 263
t 237 456 469 239
t 456 263 469 265
t 456 239 457 265
t 456 469 239 265
t 237 456 469 457
t 469 265 457 470
t 237 457 239 265
t 237 265 469 263
t 237 469 457 265
t 239 457 470 241
t 457 265 470 267
t 457 241 458 267
t 457 470 241 267
t 239 457 470 458
t 470 267 458 471
t 239 458 241 267
t 239 267 470 265
t 239 470 458 267
t 241 458 471 243
t 458 267 471 269
t 458 243 459 269
t 458 471 243 269
t 241 458 471 459
t 471 269 459 472
t 241 459 243 269
t 241 269 471 267
t 241 471 459 269
t 243 459 472 245
t 459 269 472 271
t 459 245 460 271
t 459 472 245 271
t 243 459 472 460
t 472 271 460 473
t 243 460 245 271
t 243 271 472 269
t 243 472 460 271
t 245 460 473 247
t 460 271 473 273
t 460 247 461 273
t 460 473 247 273
t 245 460 473 461
t 473 273 461 474
t 245 461 247 273
t 245 273 473 271
t 245 473 461 273
t 247 461 474 249
t 461 273 474 275
t 461 249 462 275
t 461 474 249 275
t 247 461 474 462
t 474 275 462 475
t 247 462 249 275
t 247 275 474 273
t 247 474 462 275
t 249 462 475 251
t 462 275 475 277
t 462 251 463 277
t 462 475 251 277
t 249 462 475 463
t 475 277 463 476
t 249 463 251 277
t 249 277 475 275
t 249 475 463 277
t 251 463 476 253
t 463 277 476 279
t 463 253 464 279
t 463 476 253 279
t 251 463 476 464
t 476 279 464 477
t 251 464 253 279
t 251 279 476 277
t 251 476 464 279
t 253 464 477 255
t 464 279 477 281
t 464 255 465 281
t 464 477 255 281
t 253 464 477 465
t 477 281 465 478
t 253 465 255 281
t 253 281 477 279
t 253 477 465 281
t 255 465 478 257
t 465 281 478 283
t 465 257 466 283
t 465 478 257 283
t 255 465 478 466
t 478 283 466 479
t 255 466 257 283
t 255 283 478 281
t 255 478 466 283
t 257 466 479 259
t 466 283 479 285
t 466 259 467 285
t 466 479 259 285
t 257 466 479 467
t 479 285 467 480
t 257 467 259 285
t 257 285 479 283
t 257 479 467 285
t 261 468 481 263
t 468 287 481 289
t 468 263 469 289
t 468 481 263 289
t 261 468 481 469
t 481 289 469 482
t 261 469 263 289
t 261 289 481 287
t 261 481 469 289
t 263 469 482 265
t 469 289 482 291
t 469 265 470 291
t 469 482 265 291
t 263 469 482 470
t 482 291 470 483
t 263 470 265 291
t 263 291 482 289
t 263 482 470 291
t 265 470 483 267
t 470 291 483 293
t 470 267 471 293
t 470 483 267 293
t 265 470 483 471
t 483 293 471 484
t 265 471 267 293
t 265 293 483 291
t 265 483 471 293
t 267 471 484 269
t 471 293 484 295
t 471 269 472 295
t 471 484 269 295
t 267 471 484 472
t 484 295 472 485
t 267 472 269 295
t 267 295 484 293
t 267 484 472 295
t 269 472 485 271
t 472 295 485 297
t 472 271 473 297
t 472 485 271 297
t 269 472 485 473
t 485 297 473 486
t 269 473 271 297
t 269 297 485 295
t 269 485 473 297
t 271 473 486 273
t 473 297 486 299
t 473 273 474 299
t 473 486 273 299
t 271 473 486 474
t 486 299 474 487
t 271 474 273 299
t 271 299 486 297
t 271 486 474 299
t 273 474 487 275
t 474 299 487 301
t 474 275 475 301
t 474 487 275 301
t 273 474 487 475
t 487 301 475 488
t 273 475 275 301
t 273 301 487 299
t 273 487 475 301
t 275 475 488 277
t 475 301 488 303
t 475 277 476 303
t 475 488 277 303
t 275 475 488 476
t 488 303 476 489
t 275 476 277 303
t 275 303 488 301
t 275 488 476 303
t 277 476 489 279
t 476 303 489 305
t 476 279 477 305
t 476 489 279 305
t 277 476 489 477
t 489 305 477 490
t 277 477 279 305
t 277 305 489 303
t 277 489 477 305
t 279 477 490 281
t 477 305 490 307
t 477 281 478 307
t 477 490 281 307
t 279 477 490 478
t 490 307 478 491
t 279 478 281 307
t 279 307 490 305
t 279 490 478 307
t 281 478 491 283
t 478 307 491 309
t 478 283 479 309
t 478 491 283 309
t 281 478 491 479
t 491 309 479 492
t 281 479 283 309
t 281 309 491 307
t 281 491 479 309
t 283 479 492 285
t 479 309 492 311
t 479 285 480 311
t 479 492 285 311
t 283 479 492 480
t 492 311 480 493
t 283 480 285 311
t 283 311 492 309
t 283 492 480 311
t 287 481 494 289
t 481 313 494 315
t 481 289 482 315
t 481 494 289 315
t 287 481 494 482
t 494 315 482 495
t 287 482 289 315
t 287 315 494 313
t 287 494 482 315
t 289 482 495 291
t 482 315 495 317
t 482 291 483 317
t 482 495 291 317
t 289 482 495 483
t 495 317 483 496
t 289 483 291 317
t 289 317 495 315
t 289 495 483 317
t 291 483 496 293
t 483 317 496 319
t 483 293 484 319
t 483 496 293 319
t 291 483 496 484
t 496 319 484 497
t 291 484 293 319
t 291 319 496 317
t 291 496 484 319
t 293 484 497 295
t 484 319 497 321
t 484 295 485 321
t 484 497 295 321
t 293 484 497 485
t 497 321 485 498
t 293 485 295 321
t 293 321 497 319
t 293 497 485 321
t 295 485 498 297
t 485 321 498 323
t 485 297 486 323
t 485 498 297 323
t 295 485 498 486
t 498 323 486 499
t 295 486 297 323
t 295 323 498 321
t 295 498 486 323
t 297 486 499 299
t 486 323 499 325
t 486 299 487 325
t 486 499 299 325
t 297 486 499 487
t 499 325 487 500
t 297 487 299 325
t 297 325 499 323
t 297 499 487 325
t 299 487 500 301
t 487 325 500 327
t 487 301 488 327
t 487 500 301 327
t 299 487 500 488
t 500 327 488 501
t 299 488 301 327
t 299 327 500 325
t 299 500 488 327
t 301 488 501 303
t 488 327 501 329
t 488 303 489 329
t 488 501 303 329
t 301 488 501 489
t 501 329 489 502
t 301 489 303 329
t 301 329 501 327
t 301 501 489 329
t 303 489 502 305
t 489 329 502 331
t 489 305 490 331
t 489 502 305 331
t 303 489 502 490
t 502 331 490 503
t 303 490 305 331
t 303 331 502 329
t 303 502 490 331
t 305 490 503 307
t 490 331 503 333
t 490 307 491 333
t 490 503 307 333
t 305 490 503 491
t 503 333 491 504
t 305 491 307 333
t 305 333 503 331
t 305 503 491 333
t 307 491 504 309
t 491 333 504 335
t 491 309 492 335
t 491 504 309 335
t 307 491 504 492
t 504 335 492 505
t 307 492 309 335
t 307 335 504 333
t 307 504 492 335
t 309 492 505 311
t 492 335 505 337
t 492 311 493 337
t 492 505 311 337
t 309 492 505 493
t 505 337 493 506
t 309 493 311 337
t 309 337 505 335
t 309 505 493 337
t 338 507 508 340
t 507 339 508 341
t 507 340 509 341
t 507 508 340 341
t 338 507 508 509
t 508 341 509 510
t 338 509 340 341
t 338 341 508 339
t 338 508 509 341
t 340 509 510 342
t 509 341 510 343
t 509 342 511 343
t 509 510 342 343
t 340 509 510 511
t 510 343 511 512
t 340 511 342 343
t 340 343 510 341
t 340 510 511 343
t 342 511 512 344
t 511 343 512 345
t 511 344 513 345
t 511 512 344 345
t 342 511 512 513
t 512 345 513 514
t 342 513 344 345
t 342 345 512 343
t 342 512 513 345
t 344 513 514 346
t 513 345 514 347
t 513 346 515 347
t 513 514 346 347
t 344 513 514 515
t 514 347 515 516
t 344 515 346 347
t 344 347 514 345
t 344 514 515 347
t 346 515 516 348
t 515 347 516 349
t 515 348 517 349
t 515 516 348 349
t 346 515 516 517
t 516 349 517 518
t 346 517 348 349
t 346 349 516 347
t 346 516 517 349
t 348 517 518 350
t 517 349 518 351
t 517 350 519 351
t 517 518 350 351
t 348 517 518 519
t 518 351 519 520
t 348 519 350 351
t 348 351 518 349
t 348 518 519 351
t 350 519 520 352
t 519 351 520 353
t 519 352 521 353
t 519 520 352 353
t 350 519 520 521
t 520 353 521 522
t 350 521 352 353
t 350 353 520 351
t 350 520 521 353
t 352 521 522 354
t 521 353 522 355
t 521 354 523 355
t 521 522 354 355
t 352 521 522 523
t 522 355 523 524
t 352 523 354 355
t 352 355 522 353
t 352 522 523 355
t 354 523 524 356
t 523 355 524 357
t 523 356 525 357
t 523 524 356 357
t 354 523 524 525
t 524 357 525 526
t 354 525 356 357
t 354 357 524 355
t 354 524 525 357
t 356 525 526 358
t 525 357 526 359
t 525 358 527 359
t 525 526 358 359
t 356 525 526 527
t 526 359 527 528
t 356 527 358 359
t 356 359 526 357
t 356 526 527 359
t 358 527 528 360
t 527 359 528 361
t 527 360 529 361
t 527 528 360 361
t 358 527 528 529
t 528 361 529 530
t 358 529 360 361
t 358 361 528 359
t 358 528 529 361
t 360 529 530 362
t 529 361 530 363
t 529 362 531 363
t 529 530 362 363
t 360 529 530 531
t 530 363 531 532
t 360 531 362 363
t 360 363 530 361
t 360 530 531 363
t 339 508 533 341
t 508 364 533 365
t 508 341 510 365
t 508 533 341 365
t 339 508 533 510
t 533 365 510 534
t 339 510 341 365
t 339 365 533 364
t 339 533 510 365
t 341 510 534 343
t 510 365 534 366
t 510 343 512 366
t 510 534 343 366
t 341 510 534 512
t 534 366 512 535
t 341 512 343 366
t 341 366 534 365
t 341 534 512 366
t 343 512 535 345
t 512 366 535 367
t 512 345 514 367
t 512 535 345 367
t 343 512 535 514
t 535 367 514 536
t 343 514 345 367
t 343 367 535 366
t 343 535 514 367
t 345 514 536 347
t 514 367 536 368
t 514 347 516 368
t 514 536 347 368
t 345 514 536 516
t 536 368 516 537
t 345 516 347 368
t 345 368 536 367
t 345 536 516 368
t 347 516 537 349
t 516 368 537 369
t 516 349 518 369
t 516 537 349 369
t 347 516 537 518
t 537 369 518 538
t 347 518 349 369
t 347 369 537 368
t 347 537 518 369
t 349 518 538 351
t 518 369 538 370
t 518 351 520 370
t 518 538 351 370
t 349 518 538 520
t 538 370 520 539
t 349 520 351 370
t 349 370 538 369
t 349 538 520 370
t 351 520 539 353
t 520 370 539 371
t 520 353 522 371
t 520 539 353 371
t 351 520 539 522
t 539 371 522 540
t 351 522 353 371
t 351 371 539 370
t 351 539 522 371
t 353 522 540 355
t 522 371 540 372
t 522 355 524 372
t 522 540 355 372
t 353 522 540 524
t 540 372 524 541
t 353 524 355 372
t 353 372 540 371
t 353 540 524 372
t 355 524 541 357
t 524 372 541 373
t 524 357 526 373
t 524 541 357 373
t 355 524 541 526
t 541 373 526 542
t 355 526 357 373
t 355 373 541 372
t 355 541 526 373
t 357 526 542 359
t 526 373 542 374
t 526 359 528 374
t 526 542 359 374
t 357 526 542 528
t 542 374 528 543
t 357 528 359 374
t 357 374 542 373
t 357 542 528 374
t 359 528 543 361
t 528 374 543 375
t 528 361 530 375
t 528 543 361 375
t 359 528 543 530
t 543 375 530 544
t 359 530 361 375
t 359 375 543 374
t 359 543 530 375
t 361 530 544 363
t 530 375 544 376
t 530 363 532 376
t 530 544 363 376
t 361 530 544 532
t 544 376 532 545
t 361 532 363 376
t 361 376 544 375
t 361 544 532 376
t 364 533 546 365
t 533 377 546 378
t 533 365 534 378
t 533 546 365 378
t 364 533 546 534
t 546 378 534 547
t 364 534 365 378
t 364 378 546 377
t 364 546 534 378
t 365 534 547 366
t 534 378 547 379
t 534 366 535 379
t 534 547 366 379
t 365 534 547 535
t 547 379 535 548
t 365 535 366 379
t 365 379 547 378
t 365 547 535 379
t 366 535 548 367
t 535 379 548 380
t 535 367 536 380
t 535 548 367 380
t 366 535 548 536
t 548 380 536 549
t 366 536 367 380
t 366 380 548 379
t 366 548 536 380
t 367 536 549 368
t 536 380 549 381
t 536 368 537 381
t 536 549 368 381
t 367 536 549 537
t 549 381 537 550
t 367 537 368 381
t 367 381 549 380
t 367 549 537 381
t 368 537 550 369
t 537 381 550 382
t 537 369 538 382
t 537 550 369 382
t 368 537 550 538
t 550 382 538 551
t 368 538 369 382
t 368 382 550 381
t 368 550 538 382
t 369 538 551 370
t 538 382 551 383
t 538 370 539 383
t 538 551 370 383
t 369 538 551 539
t 551 383 539 552
t 369 539 370 383
t 369 383 551 382
t 369 551 539 383
t 370 539 552 371
t 539 383 552 384
t 539 371 540 384
t 539 552 371 384
t 370 539 552 540
t 552 384 540 553
t 370 540 371 384
t 370 384 552 383
t 370 552 540 384
t 371 540 553 372
t 540 384 553 385
t 540 372 541 385
t 540 553 372 385
t 371 540 553 541
t 553 385 541 554
t 371 541 372 385
t 371 385 553 384
t 371 553 541 385
t 372 541 554 373
t 541 385 554 386
t 541 373 542 386
t 541 554 373 386
t 372 541 554 542
t 554 386 542 555
t 372 542 373 386
t 372 386 554 385
t 372 554 542 386
t 373 542 555 374
t 542 386 555 387
t 542 374 543 387
t 542 555 374 387
t 373 542 555 543
t 555 387 543 556
t 373 543 374 387
t 373 387 555 386
t 373 555 543 387
t 374 543 556 375
t 543 387 556 388
t 543 375 544 388
t 543 556 375 388
t 374 543 556 544
t 556 388 544 557
t 374 544 375 388
t 374 388 556 387
t 374 556 544 388
t 375 544 557 376
t 544 388 557 389
t 544 376 545 389
t 544 557 376 389
t 375 544 557 545
t 557 389 545 558
t 375 545 376 389
t 375 389 557 388
t 375 557 545 389
t 377 546 559 378
t 546 390 559 391
t 546 378 547 391
t 546 559 378 391
t 377 546 559 547
t 559 391 547 560
t 377 547 378 391
t 377 391 559 390
t 377 559 547 391
t 378 547 560 379
t 547 391 560 392
t 547 379 548 392
t 547 560 379 392
t 378 547 560 548
t 560 392 548 561
t 378 548 379 392
t 378 392 560 391
t 378 560 548 392
t 379 548 561 380
t 548 392 561 393
t 548 380 549 393
t 548 561 380 393
t 379 548 561 549
t 561 393 549 562
t 379 549 380 393
t 379 393 561 392
t 379 561 549 393
t 380 549 562 381
t 549 393 562 394
t 549 381 550 394
t 549 562 381 394
t 380 549 562 550
t 562 394 550 563
t 380 550 381 394
t 380 394 562 393
t 380 562 550 394
t 381 550 563 382
t 550 394 563 395
t 550 382 551 395
t 550 563 382 395
t 381 550 563 551
t 563 395 551 564
t 381 551 382 395
t 381 395 563 394
t 381 563 551 395
t 382 551 564 383
t 551 395 564 396
t 551 383 552 396
t 551 564 383 396
t 382 551 564 552
t 564 396 552 565
t 382 552 383 396
t 382 396 564 395
t 382 564 552 396
t 383 552 565 384
t 552 396 565 397
t 552 384 553 397
t 552 565 384 397
t 383 552 565 553
t 565 397 553 566
t 383 553 384 397
t 383 397 565 396
t 383 565 553 397
t 384 553 566 385
t 553 397 566 398
t 553 385 554 398
t 553 566 385 398
t 384 553 566 554
t 566 398 554 567
t 384 554 385 398
t 384 398 566 397
t 384 566 554 398
t 385 554 567 386
t 554 398 567 399
t 554 386 555 399
t 554 567 386 399
t 385 554 567 555
t 567 399 555 568
t 385 555 386 399
t 385 399 567 398
t 385 567 555 399
t 386 555 568 387
t 555 399 568 400
t 555 387 556 400
t 555 568 387 400
t 386 555 568 556
t 568 400 556 569
t 386 556 387 400
t 386 400 568 399
t 386 568 556 400
t 387 556 569 388
t 556 400 569 401
t 556 388 557 401
t 556 569 388 401
t 387 556 569 557
t 569 401 557 570
t 387 557 388 401
t 387 401 569 400
t 387 569 557 401
t 388 557 570 389
t 557 401 570 402
t 557 389 558 402
t 557 570 389 402
t 388 557 570 558
t 570 402 558 571
t 388 558 389 402
t 388 402 570 401
t 388 570 558 402
t 390 559 572 391
t 559 403 572 404
t 559 391 560 404
t 559 572 391 404
t 390 559 572 560
t 572 404 560 573
t 390 560 391 404
t 390 404 572 403
t 390 572 560 404
t 391 560 573 392
t 560 404 573 405
t 560 392 561 405
t 560 573 392 405
t 391 560 573 561
t 573 405 561 574
t 391 561 392 405
t 391 405 573 404
t 391 573 561 405
t 392 561 574 393
t 561 405 574 406
t 561 393 562 406
t 561 574 393 406
t 392 561 574 562
t 574 406 562 575
t 392 562 393 406
t 392 406 574 405
t 392 574 562 406
t 393 562 575 394
t 562 406 575 407
t 562 394 563 407
t 562 575 394 407
t 393 562 575 563
t 575 407 563 576
t 393 563 394 407
t 393 407 575 406
t 393 575 563 407
t 394 563 576 395
t 563 407 576 408
t 563 395 564 408
t 563 576 395 408
t 394 563 576 564
t 576 408 564 577
t 394 564 395 408
t 394 408 576 407
t 394 576 564 408
t 395 564 577 396
t 564 408 577 409
t 564 396 565 409
t 564 577 396 409
t 395 564 577 565
t 577 409 565 578
t 395 565 396 409
t 395 409 577 408
t 395 577 565 409
t 396 565 578 397
t 565 409 578 410
t 565 397 566 410
t 565 578 397 410
t 396 565 578 566
t 578 410 566 579
t 396 566 397 410
t 396 410 578 409
t 396 578 566 410
t 397 566 579 398
t 566 410 579 411
t 566 398 567 411
t 566 579 398 411
t 397 566 579 567
t 579 411 567 580
t 397 567 398 411
t 397 411 579 410
t 397 579 567 411
t 398 567 580 399
t 567 411 580 412
t 567 399 568 412
t 567 580 399 412
t 398 567 580 568
t 580 412 568 581
t 398 568 399 412
t 398 412 580 411
t 398 580 568 412
t 399 568 581 400
t 568 412 581 413
t 568 400 569 413
t 568 581 400 413
t 399 568 581 569
t 581 413 569 582
t 399 569 400 413
t 399 413 581 412
t 399 581 569 413
t 400 569 582 401
t 569 413 582 414
t 569 401 570 414
t 569 582 401 414
t 400 569 582 570
t 582 414 570 583
t 400 570 401 414
t 400 414 582 413
t 400 582 570 414
t 401 570 583 402
t 570 414 583 415
t 570 402 571 415
t 570 583 402 415
t 401 570 583 571
t 583 415 571 584
t 401 571 402 415
t 401 415 583 414
t 401 583 571 415
t 403 572 585 404
t 572 416 585 417
t 572 404 573 417
t 572 585 404 417
t 403 572 585 573
t 585 417 573 586
t 403 573 404 417
t 403 417 585 416
t 403 585 573 417
t 404 573 586 405
t 573 417 586 418
t 573 405 574 418
t 573 586 405 418
t 404 573 586 574
t 586 418 574 587
t 404 574 405 418
t 404 418 586 417
t 404 586 574 418
t 405 574 587 406
t 574 418 587 419
t 574 406 575 419
t 574 587 406 419
t 405 574 587 575
t 587 419 575 588
t 405 575 406 419
t 405 419 587 418
t 405 587 575 419
t 406 575 588 407
t 575 419 588 420
t 575 407 576 420
t 575 588 407 420
t 406 575 588 576
t 588 420 576 589
t 406 576 407 420
t 406 420 588 419
t 406 588 576 420
t 407 576 589 408
t 576 420 589 421
t 576 408 577 421
t 576 589 408 421
t 407 576 589 577
t 589 421 577 590
t 407 577 408 421
t 407 421 589 420
t 407 589 577 421
t 408 577 590 409
t 577 421 590 422
t 577 409 578 422
t 577 590 409 422
t 408 577 590 578
t 590 422 578 591
t 408 578 409 422
t 408 422 590 421
t 408 590 578 422
t 409 578 591 410
t 578 422 591 423
t 578 410 579 423
t 578 591 410 423
t 409 578 591 579
t 591 423 579 592
t 409 579 410 423
t 409 423 591 422
t 409 591 579 423
t 410 579 592 411
t 579 423 592 424
t 579 411 580 424
t 579 592 411 424
t 410 579 592 580
t 592 424 580 593
t 410 580 411 424
t 410 424 592 423
t 410 592 580 424
t 411 580 593 412
t 580 424 593 425
t 580 412 581 425
t 580 593 412 425
t 411 580 593 581
t 593 425 581 594
t 411 581 412 425
t 411 425 593 424
t 411 593 581 425
t 412 581 594 413
t 581 425 594 426
t 581 413 582 426
t 581 594 413 426
t 412 581 594 582
t 594 426 582 595
t 412 582 413 426
t 412 426 594 425
t 412 594 582 426
t 413 582 595 414
t 582 426 595 427
t 582 414 583 427
t 582 595 414 427
t 413 582 595 583
t 595 427 583 596
t 413 583 414 427
t 413 427 595 426
t 413 595 583 427
t 414 583 596 415
t 583 427 596 428
t 583 415 584 428
t 583 596 415 428
t 414 583 596 584
t 596 428 584 597
t 414 584 415 428
t 414 428 596 427
t 414 596 584 428
t 416 585 598 417
t 585 429 598 430
t 585 417 586 430
t 585 598 417 430
t 416 585 598 586
t 598 430 586 599
t 416 586 417 430
t 416 430 598 429
t 416 598 586 430
t 417 586 599 418
t 586 430 599 431
t 586 418 587 431
t 586 599 418 431
t 417 586 599 587
t 599 431 587 600
t 417 587 418 431
t 417 431 599 430
t 417 599 587 431
t 418 587 600 419
t 587 431 600 432
t 587 419 588 432
t 587 600 419 432
t 418 587 600 588
t 600 432 588 601
t 418 588 419 432
t 418 432 600 431
t 418 600 588 432
t 419 588 601 420
t 588 432 601 433
t 588 420 589 433
t 588 601 420 433
t 419 588 601 589
t 601 433 589 602
t 419 589 420 433
t 419 433 601 432
t 419 601 589 433
t 420 589 602 421
t 589 433 602 434
t 589 421 590 434
t 589 602 421 434
t 420 589 602 590
t 602 434 590 603
t 420 590 421 434
t 420 434 602 433
t 420 602 590 434
t 421 590 603 422
t 590 434 603 435
t 590 422 591 435
t 590 603 422 435
t 421 590 603 591
t 603 435 591 604
t 421 591 422 435
t 421 435 603 434
t 421 603 591 435
t 422 591 604 423
t 591 435 604 436
t 591 423 592 436
t 591 604 423 436
t 422 591 604 592
t 604 436 592 605
t 422 592 423 436
t 422 436 604 435
t 422 604 592 436
t 423 592 605 424
t 592 436 605 437
t 592 424 593 437
t 592 605 424 437
t 423 592 605 593
t 605 437 593 606
t 423 593 424 437
t 423 437 605 436
t 423 605 593 437
t 424 593 606 425
t 593 437 606 438
t 593 425 594 438
t 593 606 425 438
t 424 593 606 594
t 606 438 594 607
t 424 594 425 438
t 424 438 606 437
t 424 606 594 438
t 425 594 607 426
t 594 438 607 439
t 594 426 595 439
t 594 607 426 439
t 425 594 607 595
t 607 439 595 608
t 425 595 426 439
t 425 439 607 438
t 425 607 595 439
t 426 595 608 427
t 595 439 608 440
t 595 427 596 440
t 595 608 427 440
t 426 595 608 596
t 608 440 596 609
t 426 596 427 440
t 426 440 608 439
t 426 608 596 440
t 427 596 609 428
t 596 440 609 441
t 596 428 597 441
t 596 609 428 441
t 427 596 609 597
t 609 441 597 610
t 427 597 428 441
t 427 441 609 440
t 427 609 597 441
t 429 598 611 430
t 598 442 611 443
t 598 430 599 443
t 598 611 430 443
t 429 598 611 599
t 611 443 599 612
t 429 599 430 443
t 429 443 611 442
t 429 611 599 443
t 430 599 612 431
t 599 443 612 444
t 599 431 600 444
t 599 612 431 444
t 430 599 612 600
t 612 444 600 613
t 430 600 431 444
t 430 444 612 443
t 430 612 600 444
t 431 600 613 432
t 600 444 613 445
t 600 432 601 445
t 600 613 432 445
t 431 600 613 601
t 613 445 601 614
t 431 601 432 445
t 431 445 613 444
t 431 613 601 445
t 432 601 614 433
t 601 445 614 446
t 601 433 602 446
t 601 614 433 446
t 432 601 614 602
t 614 446 602 615
t 432 602 433 446
t 432 446 614 445
t 432 614 602 446
t 433 602 615 434
t 602 446 615 447
t 602 434 603 447
t 602 615 434 447
t 433 602 615 603
t 615 447 603 616
t 433 603 434 447
t 433 447 615 446
t 433 615 603 447
t 434 603 616 435
t 603 447 616 448
t 603 435 604 448
t 603 616 435 448
t 434 603 616 604
t 616 448 604 617
t 434 604 435 448
t 434 448 616 447
t 434 616 604 448
t 435 604 617 436
t 604 448 617 449
t 604 436 605 449
t 604 617 436 449
t 435 604 617 605
t 617 449 605 618
t 435 605 436 449
t 435 449 617 448
t 435 617 605 449
t 436 605 618 437
t 605 449 618 450
t 605 437 606 450
t 605 618 437 450
t 436 605 618 606
t 618 450 606 619
t 436 606 437 450
t 436 450 618 449
t 436 618 606 450
t 437 606 619 438
t 606 450 619 451
t 606 438 607 451
t 606 619 438 451
t 437 606 619 607
t 619 451 607 620
t 437 607 438 451
t 437 451 619 450
t 437 619 607 451
t 438 607 620 439
t 607 451 620 452
t 607 439 608 452
t 607 620 439 452
t 438 607 620 608
t 620 452 608 621
t 438 608 439 452
t 438 452 620 451
t 438 620 608 452
t 439 608 621 440
t 608 452 621 453
t 608 440 609 453
t 608 621 440 453
t 439 608 621 609
t 621 453 609 622
t 439 609 440 453
t 439 453 621 452
t 439 621 609 453
t 440 609 622 441
t 609 453 622 454
t 609 441 610 454
t 609 622 441 454
t 440 609 622 610
t 622 454 610 623
t 440 610 441 454
t 440 454 622 453
t 440 622 610 454
t 442 611 624 443
t 611 455 624 456
t 611 443 612 456
t 611 624 443 456
t 442 611 624 612
t 624 456 612 625
t 442 612 443 456
t 442 456 624 455
t 442 624 612 456
t 443 612 625 444
t 612 456 625 457
t 612 444 613 457
t 612 625 444 457
t 443 612 625 613
t 625 457 613 626
t 443 613 444 457
t 443 457 625 456
t 443 625 613 457
t 444 613 626 445
t 613 457 626 458
t 613 445 614 458
t 613 626 445 458
t 444 613 626 614
t 626 458 614 627
t 444 614 445 458
t 444 458 626 457
t 444 626 614 458
t 445 614 627 446
t 614 458 627 459
t 614 446 615 459
t 614 627 446 459
t 445 614 627 615
t 627 459 615 628
t 445 615 446 459
t 445 459 627 458
t 445 627 615 459
t 446 615 628 447
t 615 459 628 460
t 615 447 616 460
t 615 628 447 460
t 446 615 628 616
t 628 460 616 629
t 446 616 447 460
t 446 460 628 459
t 446 628 616 460
t 447 616 629 448
t 616 460 629 461
t 616 448 617 461
t 616 629 448 461
t 447 616 629 617
t 629 461 617 630
t 447 617 448 461
t 447 461 629 460
t 447 629 617 461
t 448 617 630 449
t 617 461 630 462
t 617 449 618 462
t 617 630 449 462
t 448 617 630 618
t 630 462 618 631
t 448 618 449 462
t 448 462 630 461
t 448 630 618 462
t 449 618 631 450
t 618 462 631 463
t 618 450 619 463
t 618 631 450 463
t 449 618 631 619
t 631 463 619 632
t 449 619 450 463
t 449 463 631 462
t 449 631 619 463
t 450 619 632 451
t 619 463 632 464
t 619 451 620 464
t 619 632 451 464
t 450 619 632 620
t 632 464 620 633
t 450 620 451 464
t 450 464 632 463
t 450 632 620 464
t 451 620 633 452
t 620 464 633 465
t 620 452 621 465
t 620 633 452 465
t 451 620 633 621
t 633 465 621 634
t 451 621 452 465
t 451 465 633 464
t 451 633 621 465
t 452 621 634 453
t 621 465 634 466
t 621 453 622 466
t 621 634 453 466
t 452 621 634 622
t 634 466 622 635
t 452 622 453 466
t 452 466 634 465
t 452 634 622 466
t 453 622 635 454
t 622 466 635 467
t 622 454 623 467
t 622 635 454 467
t 453 622 635 623
t 635 467 623 636
t 453 623 454 467
t 453 467 635 466
t 453 635 623 467
t 455 624 637 456
t 624 468 637 469
t 624 456 625 469
t 624 637 456 469
t 455 624 637 625
t 637 469 625 638
t 455 625 456 469
t 455 469 637 468
t 455 637 625 469
t 456 625 638 457
t 625 469 638 470
t 625 457 626 470
t 625 638 457 470
t 456 625 638 626
t 638 470 626 639
t 456 626 457 470
t 456 470 638 469
t 456 638 626 470
t 457 626 639 458
t 626 470 639 471
t 626 458 627 471
t 626 639 458 471
t 457 626 639 627
t 639 471 627 640
t 457 627 458 471
t 457 471 639 470
t 457 639 627 471
t 458 627 640 459
t 627 471 640 472
t 627 459 628 472
t 627 640 459 472
t 458 627 640 628
t 640 472 628 641
t 458 628 459 472
t 458 472 640 471
t 458 640 628 472
t 459 628 641 460
t 628 472 641 473
t 628 460 629 473
t 628 641 460 473
t 459 628 641 629
t 641 473 629 642
t 459 629 460 473
t 459 473 641 472
t 459 641 629 473
t 460 629 642 461
t 629 473 642 474
t 629 461 630 474
t 629 642 461 474
t 460 629 642 630
t 642 474 630 643
t 460 630 461 474
t 460 474 642 473
t 460 642 630 474
t 461 630 643 462
t 630 474 643 475
t 630 462 631 475
t 630 643 462 475
t 461 630 643 631
t 643 475 631 644
t 461 631 462 475
t 461 475 643 474
t 461 643 631 475
t 462 631 644 463
t 631 475 644 476
t 631 463 632 476
t 631 644 463 476
t 462 631 644 632
t 644 476 632 645
t 462 632 463 476
t 462 476 644 475
t 462 644 632 476
t 463 632 645 464
t 632 476 645 477
t 632 464 633 477
t 632 645 464 477
t 463 632 645 633
t 645 477 633 646
t 463 633 464 477
t 463 477 645 476
t 463 645 633 477
t 464 633 646 465
t 633 477 646 478
t 633 465 634 478
t 633 646 465 478
t 464 633 646 634
t 646 478 634 647
t 464 634 465 478
t 464 478 646 477
t 464 646 634 478
t 465 634 647 466
t 634 478 647 479
t 634 466 635 479
t 634 647 466 479
t 465 634 647 635
t 647 479 635 648
t 465 635 466 479
t 465 479 647 478
t 465 647 635 479
t 466 635 648 467
t 635 479 648 480
t 635 467 636 480
t 635 648 467 480
t 466 635 648 636
t 648 480 636 649
t 466 636 467 480
t 466 480 648 479
t 466 648 636 480
t 468 637 650 469
t 637 481 650 482
t 637 469 638 482
t 637 650 469 482
t 468 637 650 638
t 650 482 638 651
t 468 638 469 482
t 468 482 650 481
t 468 650 638 482
t 469 638 651 470
t 638 482 651 483
t 638 470 639 483
t 638 651 470 483
t 469 638 651 639
t 651 483 639 652
t 469 639 470 483
t 469 483 651 482
t 469 651 639 483
t 470 639 652 471
t 639 483 652 484
t 639 471 640 484
t 639 652 471 484
t 470 639 652 640
t 652 484 640 653
t 470 640 471 484
t 470 484 652 483
t 470 652 640 484
t 471 640 653 472
t 640 484 653 485
t 640 472 641 485
t 640 653 472 485
t 471 640 653 641
t 653 485 641 654
t 471 641 472 485
t 471 485 653 484
t 471 653 641 485
t 472 641 654 473
t 641 485 654 486
t 641 473 642 486
t 641 654 473 486
t 472 641 654 642
t 654 486 642 655
t 472 642 473 486
t 472 486 654 485
t 472 654 642 486
t 473 642 655 474
t 642 486 655 487
t 642 474 643 487
t 642 655 474 487
t 473 642 655 643
t 655 487 643 656
t 473 643 474 487
t 473 487 655 486
t 473 655 643 487
t 474 643 656 475
t 643 487 656 488
t 643 475 644 488
t 643 656 475 488
t 474 643 656 644
t 656 488 644 657
t 474 644 475 488
t 474 488 656 487
t 474 656 644 488
t 475 644 657 476
t 644 488 657 489
t 644 476 645 489
t 644 657 476 489
t 475 644 657 645
t 657 489 645 658
t 475 645 476 489
t 475 489 657 488
t 475 657 645 489
t 476 645 658 477
t 645 489 658 490
t 645 477 646 490
t 645 658 477 490
t 476 645 658 646
t 658 490 646 659
t 476 646 477 490
t 476 490 658 489
t 476 658 646 490
t 477 646 659 478
t 646 490 659 491
t 646 478 647 491
t 646 659 478 491
t 477 646 659 647
t 659 491 647 660
t 477 647 478 491
t 477 491 659 490
t 477 659 647 491
t 478 647 660 479
t 647 491 660 492
t 647 479 648 492
t 647 660 479 492
t 478 647 660 648
t 660 492 648 661
t 478 648 479 492
t 478 492 660 491
t 478 660 648 492
t 479 648 661 480
t 648 492 661 493
t 648 480 649 493
t 648 661 480 493
t 479 648 661 649
t 661 493 649 662
t 479 649 480 493
t 479 493 661 492
t 479 661 649 493
t 481 650 663 482
t 650 494 663 495
t 650 482 651 495
t 650 663 482 495
t 481 650 663 651
t 663 495 651 664
t 481 651 482 495
t 481 495 663 494
t 481 663 651 495
t 482 651 664 483
t 651 495 664 496
t 651 483 652 496
t 651 664 483 496
t 482 651 664 652
t 664 496 652 665
t 482 652 483 496
t 482 496 664 495
t 482 664 652 496
t 483 652 665 484
t 652 496 665 497
t 652 484 653 497
t 652 665 484 497
t 483 652 665 653
t 665 497 653 666
t 483 653 484 497
t 483 497 665 496
t 483 665 653 497
t 484 653 666 485
t 653 497 666 498
t 653 485 654 498
t 653 666 485 498
t 484 653 666 654
t 666 498 654 667
t 484 654 485 498
t 484 498 666 497
t 484 666 654 498
t 485 654 667 486
t 654 498 667 499
t 654 486 655 499
t 654 667 486 499
t 485 654 667 655
t 667 499 655 668
t 485 655 486 499
t 485 499 667 498
t 485 667 655 499
t 486 655 668 487
t 655 499 668 500
t 655 487 656 500
t 655 668 487 500
t 486 655 668 656
t 668 500 656 669
t 486 656 487 500
t 486 500 668 499
t 486 668 656 500
t 487 656 669 488
t 656 500 669 501
t 656 488 657 501
t 656 669 488 501
t 487 656 669 657
t 669 501 657 670
t 487 657 488 501
t 487 501 669 500
t 487 669 657 501
t 488 657 670 489
t 657 501 670 502
t 657 489 658 502
t 657 670 489 502
t 488 657 670 658
t 670 502 658 671
t 488 658 489 502
t 488 502 670 501
t 488 670 658 502
t 489 658 671 490
t 658 502 671 503
t 658 490 659 503
t 658 671 490 503
t 489 658 671 659
t 671 503 659 672
t 489 659 490 503
t 489 503 671 502
t 489 671 659 503
t 490 659 672 491
t 659 503 672 504
t 659 491 660 504
t 659 672 491 504
t 490 659 672 660
t 672 504 660 673
t 490 660 491 504
t 490 504 672 503
t 490 672 660 504
t 491 660 673 492
t 660 504 673 505
t 660 492 661 505
t 660 673 492 505
t 491 660 673 661
t 673 505 661 674
t 491 661 492 505
t 491 505 673 504
t 491 673 661 505
t 492 661 674 493
t 661 505 674 506
t 661 493 662 506
t 661 674 493 506
t 492 661 674 662
t 674 506 662 675
t 492 662 493 506
t 492 506 674 505
t 492 674 662 506
t 507 676 677 509
t 676 508 677 510
t 676 509 678 510
t 676 677 509 510
t 507 676 677 678
t 677 510 678 679
t 507 678 509 510
t 507 510 677 508
t 507 677 678 510
t 509 678 679 511
t 678 510 679 512
t 678 511 680 512
t 678 679 511 512
t 509 678 679 680
t 679 512 680 681
t 509 680 511 512
t 509 512 679 510
t 509 679 680 512
t 511 680 681 513
t 680 512 681 514
t 680 513 682 514
t 680 681 513 514
t 511 680 681 682
t 681 514 682 683
t 511 682 513 514
t 511 514 681 512
t 511 681 682 514
t 513 682 683 515
t 682 514 683 516
t 682 515 684 516
t 682 683 515 516
t 513 682 683 684
t 683 516 684 685
t 513 684 515 516
t 513 516 683 514
t 513 683 684 516
t 515 684 685 517
t 684 516 685 518
t 684 517 686 518
t 684 685 517 518
t 515 684 685 686
t 685 518 686 687
t 515 686 517 518
t 515 518 685 516
t 515 685 686 518
t 517 686 687 519
t 686 518 687 520
t 686 519 688 520
t 686 687 519 520
t 517 686 687 688
t 687 520 688 689
t 517 688 519 520
t 517 520 687 518
t 517 687 688 520
t 519 688 689 521
t 688 520 689 522
t 688 521 690 522
t 688 689 521 522
t 519 688 689 690
t 689 522 690 691
t 519 690 521 522
t 519 522 689 520
t 519 689 690 522
t 521 690 691 523
t 690 522 691 524
t 690 523 692 524
t 690 691 523 524
t 521 690 691 692
t 691 524 692 693
t 521 692 523 524
t 521 524 691 522
t 521 691 692 524
t 523 692 693 525
t 692 524 693 526
t 692 525 694 526
t 692 693 525 526
t 523 692 693 694
t 693 526 694 695
t 523 694 525 526
t 523 526 693 524
t 523 693 694 526
t 525 694 695 527
t 694 526 695 528
t 694 527 696 528
t 694 695 527 528
t 525 694 695 696
t 695 528 696 697
t 525 696 527 528
t 525 528 695 526
t 525 695 696 528
t 527 696 697 529
t 696 528 697 530
t 696 529 698 530
t 696 697 529 530
t 527 696 697 698
t 697 530 698 699
t 527 698 529 530
t 527 530 697 528
t 527 697 698 530
t 529 698 699 531
t 698 530 699 532
t 698 531 700 532
t 698 699 531 532
t 529 698 699 700
t 699 532 700 701
t 529 700 531 532
t 529 532 699 530
t 529 699 700 532
t 508 677 702 510
t 677 533 702 534
t 677 510 679 534
t 677 702 510 534
t 508 677 702 679
t 702 534 679 703
t 508 679 510 534
t 508 534 702 533
t 508 702 679 534
t 510 679 703 512
t 679 534 703 535
t 679 512 681 535
t 679 703 512 535
t 510 679 703 681
t 703 535 681 704
t 510 681 512 535
t 510 535 703 534
t 510 703 681 535
t 512 681 704 514
t 681 535 704 536
t 681 514 683 536
t 681 704 514 536
t 512 681 704 683
t 704 536 683 705
t 512 683 514 536
t 512 536 704 535
t 512 704 683 536
t 514 683 705 516
t 683 536 705 537
t 683 516 685 537
t 683 705 516 537
t 514 683 705 685
t 705 537 685 706
t 514 685 516 537
t 514 537 705 536
t 514 705 685 537
t 516 685 706 518
t 685 537 706 538
t 685 518 687 538
t 685 706 518 538
t 516 685 706 687
t 706 538 687 707
t 516 687 518 538
t 516 538 706 537
t 516 706 687 538
t 518 687 707 520
t 687 538 707 539
t 687 520 689 539
t 687 707 520 539
t 518 687 707 689
t 707 539 689 708
t 518 689 520 539
t 518 539 707 538
t 518 707 689 539
t 520 689 708 522
t 689 539 708 540
t 689 522 691 540
t 689 708 522 540
t 520 689 708 691
t 708 540 691 709
t 520 691 522 540
t 520 540 708 539
t 520 708 691 540
t 522 691 709 524
t 691 540 709 541
t 691 524 693 541
t 691 709 524 541
t 522 691 709 693
t 709 541 693 710
t 522 693 524 541
t 522 541 709 540
t 522 709 693 541
t 524 693 710 526
t 693 541 710 542
t 693 526 695 542
t 693 710 526 542
t 524 693 710 695
t 710 542 695 711
t 524 695 526 542
t 524 542 710 541
t 524 710 695 542
t 526 695 711 528
t 695 542 711 543
t 695 528 697 543
t 695 711 528 543
t 526 695 711 697
t 711 543 697 712
t 526 697 528 543
t 526 543 711 542
t 526 711 697 543
t 528 697 712 530
t 697 543 712 544
t 697 530 699 544
t 697 712 530 544
t 528 697 712 699
t 712 544 699 713
t 528 699 530 544
t 528 544 712 543
t 528 712 699 544
t 530 699 713 532
t 699 544 713 545
t 699 532 701 545
t 699 713 532 545
t 530 699 713 701
t 713 545 701 714
t 530 701 532 545
t 530 545 713 544
t 530 713 701 545
t 533 702 715 534
t 702 546 715 547
t 702 534 703 547
t 702 715 534 547
t 533 702 715 703
t 715 547 703 716
t 533 703 534 547
t 533 547 715 546
t 533 715 703 547
t 534 703 716 535
t 703 547 716 548
t 703 535 704 548
t 703 716 535 548
t 534 703 716 704
t 716 548 704 717
t 534 704 535 548
t 534 548 716 547
t 534 716 704 548
t 535 704 717 536
t 704 548 717 549
t 704 536 705 549
t 704 717 536 549
t 535 704 717 705
t 717 549 705 718
t 535 705 536 549
t 535 549 717 548
t 535 717 705 549
t 536 705 718 537
t 705 549 718 550
t 705 537 706 550
t 705 718 537 550
t 536 705 718 706
t 718 550 706 719
t 536 706 537 550
t 536 550 718 549
t 536 718 706 550
t 537 706 719 538
t 706 550 719 551
t 706 538 707 551
t 706 719 538 551
t 537 706 719 707
t 719 551 707 720
t 537 707 538 551
t 537 551 719 550
t 537 719 707 551
t 538 707 720 539
t 707 551 720 552
t 707 539 708 552
t 707 720 539 552
t 538 707 720 708
t 720 552 708 721
t 538 708 539 552
t 538 552 720 551
t 538 720 708 552
t 539 708 721 540
t 708 552 721 553
t 708 540 709 553
t 708 721 540 553
t 539 708 721 709
t 721 553 709 722
t 539 709 540 553
t 539 553 721 552
t 539 721 709 553
t 540 709 722 541
t 709 553 722 554
t 709 541 710 554
t 709 722 541 554
t 540 709 722 710
t 722 554 710 723
t 540 710 541 554
t 540 554 722 553
t 540 722 710 554
t 541 710 723 542
t 710 554 723 555
t 710 542 711 555
t 710 723 542 555
t 541 710 723 711
t 723 555 711 724
t 541 711 542 555
t 541 555 723 554
t 541 723 711 555
t 542 711 724 543
t 711 555 724 556
t 711 543 712 556
t 711 724 543 556
t 542 711 724 712
t 724 556 712 725
t 542 712 543 556
t 542 556 724 555
t 542 724 712 556
t 543 712 725 544
t 712 556 725 557
t 712 544 713 557
t 712 725 544 557
t 543 712 725 713
t 725 557 713 726
t 543 713 544 557
t 543 557 725 556
t 543 725 713 557
t 544 713 726 545
t 713 557 726 558
t 713 545 714 558
t 713 726 545 558
t 544 713 726 714
t 726 558 714 727
t 544 714 545 558
t 544 558 726 557
t 544 726 714 558
t 546 715 728 547
t 715 559 728 560
t 715 547 716 560
t 715 728 547 560
t 546 715 728 716
t 728 560 716 729
t 546 716 547 560
t 546 560 728 559
t 546 728 716 560
t 547 716 729 548
t 716 560 729 561
t 716 548 717 561
t 716 729 548 561
t 547 716 729 717
t 729 561 717 730
t 547 717 548 561
t 547 561 729 560
t 547 729 717 561
t 548 717 730 549
t 717 561 730 562
t 717 549 718 562
t 717 730 549 562
t 548 717 730 718
t 730 562 718 731
t 548 718 549 562
t 548 562 730 561
t 548 730 718 562
t 549 718 731 550
t 718 562 731 563
t 718 550 719 563
t 718 731 550 563
t 549 718 731 719
t 731 563 719 732
t 549 719 550 563
t 549 563 731 562
t 549 731 719 563
t 550 719 732 551
t 719 563 732 564
t 719 551 720 564
t 719 732 551 564
t 550 719 732 720
t 732 564 720 733
t 550 720 551 564
t 550 564 732 563
t 550 732 720 564
t 551 720 733 552
t 720 564 733 565
t 720 552 721 565
t 720 733 552 565
t 551 720 733 721
t 733 565 721 734
t 551 721 552 565
t 551 565 733 564
t 551 733 721 565
t 552 721 734 553
t 721 565 734 566
t 721 553 722 566
t 721 734 553 566
t 552 721 734 722
t 734 566 722 735
t 552 722 553 566
t 552 566 734 565
t 552 734 722 566
t 553 722 735 554
t 722 566 735 567
t 722 554 723 567
t 722 735 554 567
t 553 722 735 723
t 735 567 723 736
t 553 723 554 567
t 553 567 735 566
t 553 735 723 567
t 554 723 736 555
t 723 567 736 568
t 723 555 724 568
t 723 736 555 568
t 554 723 736 724
t 736 568 724 737
t 554 724 555 568
t 554 568 736 567
t 554 736 724 568
t 555 724 737 556
t 724 568 737 569
t 724 556 725 569
t 724 737 556 569
t 555 724 737 725
t 737 569 725 738
t 555 725 556 569
t 555 569 737 568
t 555 737 725 569
t 556 725 738 557
t 725 569 738 570
t 725 557 726 570
t 725 738 557 570
t 556 725 738 726
t 738 570 726 739
t 556 726 557 570
t 556 570 738 569
t 556 738 726 570
t 557 726 739 558
t 726 570 739 571
t 726 558 727 571
t 726 739 558 571
t 557 726 739 727
t 739 571 727 740
t 557 727 558 571
t 557 571 739 570
t 557 739 727 571
t 559 728 741 560
t 728 572 741 573
t 728 560 729 573
t 728 741 560 573
t 559 728 741 729
t 741 573 729 742
t 559 729 560 573
t 559 573 741 572
t 559 741 729 573
t 560 729 742 561
t 729 573 742 574
t 729 561 730 574
t 729 742 561 574
t 560 729 742 730
t 742 574 730 743
t 560 730 561 574
t 560 574 742 573
t 560 742 730 574
t 561 730 743 562
t 730 574 743 575
t 730 562 731 575
t 730 743 562 575
t 561 730 743 731
t 743 575 731 744
t 561 731 562 575
t 561 575 743 574
t 561 743 731 575
t 562 731 744 563
t 731 575 744 576
t 731 563 732 576
t 731 744 563 576
t 562 731 744 732
t 744 576 732 745
t 562 732 563 576
t 562 576 744 575
t 562 744 732 576
t 563 732 745 564
t 732 576 745 577
t 732 564 733 577
t 732 745 564 577
t 563 732 745 733
t 745 577 733 746
t 563 733 564 577
t 563 577 745 576
t 563 745 733 577
t 564 733 746 565
t 733 577 746 578
t 733 565 734 578
t 733 746 565 578
t 564 733 746 734
t 746 578 734 747
t 564 734 565 578
t 564 578 746 577
t 564 746 734 578
t 565 734 747 566
t 734 578 747 579
t 734 566 735 579
t 734 747 566 579
t 565 734 747 735
t 747 579 735 748
t 565 735 566 579
t 565 579 747 578
t 565 747 735 579
t 566 735 748 567
t 735 579 748 580
t 735 567 736 580
t 735 748 567 580
t 566 735 748 736
t 748 580 736 749
t 566 736 567 580
t 566 580 748 579
t 566 748 736 580
t 567 736 749 568
t 736 580 749 581
t 736 568 737 581
t 736 749 568 581
t 567 736 749 737
t 749 581 737 750
t 567 737 568 581
t 567 581 749 580
t 567 749 737 581
t 568 737 750 569
t 737 581 750 582
t 737 569 738 582
t 737 750 569 582
t 568 737 750 738
t 750 582 738 751
t 568 738 569 582
t 568 582 750 581
t 568 750 738 582
t 569 738 751 570
t 738 582 751 583
t 738 570 739 583
t 738 751 570 583
t 569 738 751 739
t 751 583 739 752
t 569 739 570 583
t 569 583 751 582
t 569 751 739 583
t 570 739 752 571
t 739 583 752 584
t 739 571 740 584
t 739 752 571 584
t 570 739 752 740
t 752 584 740 753
t 570 740 571 584
t 570 584 752 583
t 570 752 740 584
t 572 741 754 573
t 741 585 754 586
t 741 573 742 586
t 741 754 573 586
t 572 741 754 742
t 754 586 742 755
t 572 742 573 586
t 572 586 754 585
t 572 754 742 586
t 573 742 755 574
t 742 586 755 587
t 742 574 743 587
t 742 755 574 587
t 573 742 755 743
t 755 587 743 756
t 573 743 574 587
t 573 587 755 586
t 573 755 743 587
t 574 743 756 575
t 743 587 756 588
t 743 575 744 588
t 743 756 575 588
t 574 743 756 744
t 756 588 744 757
t 574 744 575 588
t 574 588 756 587
t 574 756 744 588
t 575 744 757 576
t 744 588 757 589
t 744 576 745 589
t 744 757 576 589
t 575 744 757 745
t 757 589 745 758
t 575 745 576 589
t 575 589 757 588
t 575 757 745 589
t 576 745 758 577
t 745 589 758 590
t 745 577 746 590
t 745 758 577 590
t 576 745 758 746
t 758 590 746 759
t 576 746 577 590
t 576 590 758 589
t 576 758 746 590
t 577 746 759 578
t 746 590 759 591
t 746 578 747 591
t 746 759 578 591
t 577 746 759 747
t 759 591 747 760
t 577 747 578 591
t 577 591 759 590
t 577 759 747 591
t 578 747 760 579
t 747 591 760 592
t 747 579 748 592
t 747 760 579 592
t 578 747 760 748
t 760 592 748 761
t 578 748 579 592
t 578 592 760 591
t 578 760 748 592
t 579 748 761 580
t 748 592 761 593
t 748 580 749 593
t 748 761 580 593
t 579 748 761 749
t 761 593 749 762
t 579 749 580 593
t 579 593 761 592
t 579 761 749 593
t 580 749 762 581
t 749 593 762 594
t 749 581 750 594
t 749 762 581 594
t 580 749 762 750
t 762 594 750 763
t 580 750 581 594
t 580 594 762 593
t 580 762 750 594
t 581 750 763 582
t 750 594 763 595
t 750 582 751 595
t 750 763 582 595
t 581 750 763 751
t 763 595 751 764
t 581 751 582 595
t 581 595 763 594
t 581 763 751 595
t 582 751 764 583
t 751 595 764 596
t 751 583 752 596
t 751 764 583 596
t 582 751 764 752
t 764 596 752 765
t 582 752 583 596
t 582 596 764 595
t 582 764 752 596
t 583 752 765 584
t 752 596 765 597
t 752 584 753 597
t 752 765 584 597
t 583 752 765 753
t 765 597 753 766
t 583 753 584 597
t 583 597 765 596
t 583 765 753 597
t 585 754 767 586
t 754 598 767 599
t 754 586 755 599
t 754 767 586 599
t 585 754 767 755
t 767 599 755 768
t 585 755 586 599
t 585 599 767 598
t 585 767 755 599
t 586 755 768 587
t 755 599 768 600
t 755 587 756 600
t 755 768 587 600
t 586 755 768 756
t 768 600 756 769
t 586 756 587 600
t 586 600 768 599
t 586 768 756 600
t 587 756 769 588
t 756 600 769 601
t 756 588 757 601
t 756 769 588 601
t 587 756 769 757
t 769 601 757 770
t 587 757 588 601
t 587 601 769 600
t 587 769 757 601
t 588 757 770 589
t 757 601 770 602
t 757 589 758 602
t 757 770 589 602
t 588 757 770 758
t 770 602 758 771
t 588 758 589 602
t 588 602 770 601
t 588 770 758 602
t 589 758 771 590
t 758 602 771 603
t 758 590 759 603
t 758 771 590 603
t 589 758 771 759
t 771 603 759 772
t 589 759 590 603
t 589 603 771 602
t 589 771 759 603
t 590 759 772 591
t 759 603 772 604
t 759 591 760 604
t 759 772 591 604
t 590 759 772 760
t 772 604 760 773
t 590 760 591 604
t 590 604 772 603
t 590 772 760 604
t 591 760 773 592
t 760 604 773 605
t 760 592 761 605
t 760 773 592 605
t 591 760 773 761
t 773 605 761 774
t 591 761 592 605
t 591 605 773 604
t 591 773 761 605
t 592 761 774 593
t 761 605 774 606
t 761 593 762 606
t 761 774 593 606
t 592 761 774 762
t 774 606 762 775
t 592 762 593 606
t 592 606 774 605
t 592 774 762 606
t 593 762 775 594
t 762 606 775 607
t 762 594 763 607
t 762 775 594 607
t 593 762 775 763
t 775 607 763 776
t 593 763 594 607
t 593 607 775 606
t 593 775 763 607
t 594 763 776 595
t 763 607 776 608
t 763 595 764 608
t 763 776 595 608
t 594 763 776 764
t 776 608 764 777
t 594 764 595 608
t 594 608 776 607
t 594 776 764 608
t 595 764 777 596
t 764 608 777 609
t 764 596 765 609
t 764 777 596 609
t 595 764 777 765
t 777 609 765 778
t 595 765 596 609
t 595 609 777 608
t 595 777 765 609
t 596 765 778 597
t 765 609 778 610
t 765 597 766 610
t 765 778 597 610
t 596 765 778 766
t 778 610 766 779
t 596 766 597 610
t 596 610 778 609
t 596 778 766 610
t 598 767 780 599
t 767 611 780 612
t 767 599 768 612
t 767 780 599 612
t 598 767 780 768
t 780 612 768 781
t 598 768 599 612
t 598 612 780 611
t 598 780 768 612
t 599 768 781 600
t 768 612 781 613
t 768 600 769 613
t 768 781 600 613
t 599 768 781 769
t 781 613 769 782
t 599 769 600 613
t 599 613 781 612
t 599 781 769 613
t 600 769 782 601
t 769 613 782 614
t 769 601 770 614
t 769 782 601 614
t 600 769 782 770
t 782 614 770 783
t 600 770 601 614
t 600 614 782 613
t 600 782 770 614
t 601 770 783 602
t 770 614 783 615
t 770 602 771 615
t 770 783 602 615
t 601 770 783 771
t 783 615 771 784
t 601 771 602 615
t 601 615 783 614
t 601 783 771 615
t 602 771 784 603
t 771 615 784 616
t 771 603 772 616
t 771 784 603 616
t 602 771 784 772
t 784 616 772 785
t 602 772 603 616
t 602 616 784 615
t 602 784 772 616
t 603 772 785 604
t 772 616 785 617
t 772 604 773 617
t 772 785 604 617
t 603 772 785 773
t 785 617 773 786
t 603 773 604 617
t 603 617 785 616
t 603 785 773 617
t 604 773 786 605
t 773 617 786 618
t 773 605 774 618
t 773 786 605 618
t 604 773 786 774
t 786 618 774 787
t 604 774 605 618
t 604 618 786 617
t 604 786 774 618
t 605 774 787 606
t 774 618 787 619
t 774 606 775 619
t 774 787 606 619
t 605 774 787 775
t 787 619 775 788
t 605 775 606 619
t 605 619 787 618
t 605 787 775 619
t 606 775 788 607
t 775 619 788 620
t 775 607 776 620
t 775 788 607 620
t 606 775 788 776
t 788 620 776 789
t 606 776 607 620
t 606 620 788 619
t 606 788 776 620
t 607 776 789 608
t 776 620 789 621
t 776 608 777 621
t 776 789 608 621
t 607 776 789 777
t 789 621 777 790
t 607 777 608 621
t 607 621 789 620
t 607 789 777 621
t 608 777 790 609
t 777 621 790 622
t 777 609 778 622
t 777 790 609 622
t 608 777 790 778
t 790 622 778 791
t 608 778 609 622
t 608 622 790 621
t 608 790 778 622
t 609 778 791 610
t 778 622 791 623
t 778 610 779 623
t 778 791 610 623
t 609 778 791 779
t 791 623 779 792
t 609 779 610 623
t 609 623 791 622
t 609 791 779 623
t 611 780 793 612
t 780 624 793 625
t 780 612 781 625
t 780 793 612 625
t 611 780 793 781
t 793 625 781 794
t 611 781 612 625
t 611 625 793 624
t 611 793 781 625
t 612 781 794 613
t 781 625 794 626
t 781 613 782 626
t 781 794 613 626
t 612 781 794 782
t 794 626 782 795
t 612 782 613 626
t 612 626 794 625
t 612 794 782 626
t 613 782 795 614
t 782 626 795 627
t 782 614 783 627
t 782 795 614 627
t 613 782 795 783
t 795 627 783 796
t 613 783 614 627
t 613 627 795 626
t 613 795 783 627
t 614 783 796 615
t 783 627 796 628
t 783 615 784 628
t 783 796 615 628
t 614 783 796 784
t 796 628 784 797
t 614 784 615 628
t 614 628 796 627
t 614 796 784 628
t 615 784 797 616
t 784 628 797 629
t 784 616 785 629
t 784 797 616 629
t 615 784 797 785
t 797 629 785 798
t 615 785 616 629
t 615 629 797 628
t 615 797 785 629
t 616 785 798 617
t 785 629 798 630
t 785 617 786 630
t 785 798 617 630
t 616 785 798 786
t 798 630 786 799
t 616 786 617 630
t 616 630 798 629
t 616 798 786 630
t 617 786 799 618
t 786 630 799 631
t 786 618 787 631
t 786 799 618 631
t 617 786 799 787
t 799 631 787 800
t 617 787 618 631
t 617 631 799 630
t 617 799 787 631
t 618 787 800 619
t 787 631 800 632
t 787 619 788 632
t 787 800 619 632
t 618 787 800 788
t 800 632 788 801
t 618 788 619 632
t 618 632 800 631
t 618 800 788 632
t 619 788 801 620
t 788 632 801 633
t 788 620 789 633
t 788 801 620 633
t 619 788 801 789
t 801 633 789 802
t 619 789 620 633
t 619 633 801 632
t 619 801 789 633
t 620 789 802 621
t 789 633 802 634
t 789 621 790 634
t 789 802 621 634
t 620 789 802 790
t 802 634 790 803
t 620 790 621 634
t 620 634 802 633
t 620 802 790 634
t 621 790 803 622
t 790 634 803 635
t 790 622 791 635
t 790 803 622 635
t 621 790 803 791
t 803 635 791 804
t 621 791 622 635
t 621 635 803 634
t 621 803 791 635
t 622 791 804 623
t 791 635 804 636
t 791 623 792 636
t 791 804 623 636
t 622 791 804 792
t 804 636 792 805
t 622 792 623 636
t 622 636 804 635
t 622 804 792 636
t 624 793 806 625
t 793 637 806 638
t 793 625 794 638
t 793 806 625 638
t 624 793 806 794
t 806 638 794 807
t 624 794 625 638
t 624 638 806 637
t 624 806 794 638
t 625 794 807 626
t 794 638 807 639
t 794 626 795 639
t 794 807 626 639
t 625 794 807 795
t 807 639 795 808
t 625 795 626 639
t 625 639 807 638
t 625 807 795 639
t 626 795 808 627
t 795 639 808 640
t 795 627 796 640
t 795 808 627 640
t 626 795 808 796
t 808 640 796 809
t 626 796 627 640
t 626 640 808 639
t 626 808 796 640
t 627 796 809 628
t 796 640 809 641
t 796 628 797 641
t 796 809 628 641
t 627 796 809 797
t 809 641 797 810
t 627 797 628 641
t 627 641 809 640
t 627 809 797 641
t 628 797 810 629
t 797 641 810 642
t 797 629 798 642
t 797 810 629 642
t 628 797 810 798
t 810 642 798 811
t 628 798 629 642
t 628 642 810 641
t 628 810 798 642
t 629 798 811 630
t 798 642 811 643
t 798 630 799 643
t 798 811 630 643
t 629 798 811 799
t 811 643 799 812
t 629 799 630 643
t 629 643 811 642
t 629 811 799 643
t 630 799 812 631
t 799 643 812 644
t 799 631 800 644
t 799 812 631 644
t 630 799 812 800
t 812 644 800 813
t 630 800 631 644
t 630 644 812 643
t 630 812 800 644
t 631 800 813 632
t 800 644 813 645
t 800 632 801 645
t 800 813 632 645
t 631 800 813 801
t 813 645 801 814
t 631 801 632 645
t 631 645 813 644
t 631 813 801 645
t 632 801 814 633
t 801 645 814 646
t 801 633 802 646
t 801 814 633 646
t 632 801 814 802
t 814 646 802 815
t 632 802 633 646
t 632 646 814 645
t 632 814 802 646
t 633 802 815 634
t 802 646 815 647
t 802 634 803 647
t 802 815 634 647
t 633 802 815 803
t 815 647 803 816
t 633 803 634 647
t 633 647 815 646
t 633 815 803 647
t 634 803 816 635
t 803 647 816 648
t 803 635 804 648
t 803 816 635 648
t 634 803 816 804
t 816 648 804 817
t 634 804 635 648
t 634 648 816 647
t 634 816 804 648
t 635 804 817 636
t 804 648 817 649
t 804 636 805 649
t 804 817 636 649
t 635 804 817 805
t 817 649 805 818
t 635 805 636 649
t 635 649 817 648
t 635 817 805 649
t 637 806 819 638
t 806 650 819 651
t 806 638 807 651
t 806 819 638 651
t 637 806 819 807
t 819 651 807 820
t 637 807 638 651
t 637 651 819 650
t 637 819 807 651
t 638 807 820 639
t 807 651 820 652
t 807 639 808 652
t 807 820 639 652
t 638 807 820 808
t 820 652 808 821
t 638 808 639 652
t 638 652 820 651
t 638 820 808 652
t 639 808 821 640
t 808 652 821 653
t 808 640 809 653
t 808 821 640 653
t 639 808 821 809
t 821 653 809 822
t 639 809 640 653
t 639 653 821 652
t 639 821 809 653
t 640 809 822 641
t 809 653 822 654
t 809 641 810 654
t 809 822 641 654
t 640 809 822 810
t 822 654 810 823
t 640 810 641 654
t 640 654 822 653
t 640 822 810 654
t 641 810 823 642
t 810 654 823 655
t 810 642 811 655
t 810 823 642 655
t 641 810 823 811
t 823 655 811 824
t 641 811 642 655
t 641 655 823 654
t 641 823 811 655
t 642 811 824 643
t 811 655 824 656
t 811 643 812 656
t 811 824 643 656
t 642 811 824 812
t 824 656 812 825
t 642 812 643 656
t 642 656 824 655
t 642 824 812 656
t 643 812 825 644
t 812 656 825 657
t 812 644 813 657
t 812 825 644 657
t 643 812 825 813
t 825 657 813 826
t 643 813 644 657
t 643 657 825 656
t 643 825 813 657
t 644 813 826 645
t 813 657 826 658
t 813 645 814 658
t 813 826 645 658
t 644 813 826 814
t 826 658 814 827
t 644 814 645 658
t 644 658 826 657
t 644 826 814 658
t 645 814 827 646
t 814 658 827 659
t 814 646 815 659
t 814 827 646 659
t 645 814 827 815
t 827 659 815 828
t 645 815 646 659
t 645 659 827 658
t 645 827 815 659
t 646 815 828 647
t 815 659 828 660
t 815 647 816 660
t 815 828 647 660
t 646 815 828 816
t 828 660 816 829
t 646 816 647 660
t 646 660 828 659
t 646 828 816 660
t 647 816 829 648
t 816 660 829 661
t 816 648 817 661
t 816 829 648 661
t 647 816 829 817
t 829 661 817 830
t 647 817 648 661
t 647 661 829 660
t 647 829 817 661
t 648 817 830 649
t 817 661 830 662
t 817 649 818 662
t 817 830 649 662
t 648 817 830 818
t 830 662 818 831
t 648 818 649 662
t 648 662 830 661
t 648 830 818 662
t 650 819 832 651
t 819 663 832 664
t 819 651 820 664
t 819 832 651 664
t 650 819 832 820
t 832 664 820 833
t 650 820 651 664
t 650 664 832 663
t 650 832 820 664
t 651 820 833 652
t 820 664 833 665
t 820 652 821 665
t 820 833 652 665
t 651 820 833 821
t 833 665 821 834
t 651 821 652 665
t 651 665 833 664
t 651 833 821 665
t 652 821 834 653
t 821 665 834 666
t 821 653 822 666
t 821 834 653 666
t 652 821 834 822
t 834 666 822 835
t 652 822 653 666
t 652 666 834 665
t 652 834 822 666
t 653 822 835 654
t 822 666 835 667
t 822 654 823 667
t 822 835 654 667
t 653 822 835 823
t 835 667 823 836
t 653 823 654 667
t 653 667 835 666
t 653 835 823 667
t 654 823 836 655
t 823 667 836 668
t 823 655 824 668
t 823 836 655 668
t 654 823 836 824
t 836 668 824 837
t 654 824 655 668
t 654 668 836 667
t 654 836 824 668
t 655 824 837 656
t 824 668 837 669
t 824 656 825 669
t 824 837 656 669
t 655 824 837 825
t 837 669 825 838
t 655 825 656 669
t 655 669 837 668
t 655 837 825 669
t 656 825 838 657
t 825 669 838 670
t 825 657 826 670
t 825 838 657 670
t 656 825 838 826
t 838 670 826 839
t 656 826 657 670
t 656 670 838 669
t 656 838 826 670
t 657 826 839 658
t 826 670 839 671
t 826 658 827 671
t 826 839 658 671
t 657 826 839 827
t 839 671 827 840
t 657 827 658 671
t 657 671 839 670
t 657 839 827 671
t 658 827 840 659
t 827 671 840 672
t 827 659 828 672
t 827 840 659 672
t 658 827 840 828
t 840 672 828 841
t 658 828 659 672
t 658 672 840 671
t 658 840 828 672
t 659 828 841 660
t 828 672 841 673
t 828 660 829 673
t 828 841 660 673
t 659 828 841 829
t 841 673 829 842
t 659 829 660 673
t 659 673 841 672
t 659 841 829 673
t 660 829 842 661
t 829 673 842 674
t 829 661 830 674
t 829 842 661 674
t 660 829 842 830
t 842 674 830 843
t 660 830 661 674
t 660 674 842 673
t 660 842 830 674
t 661 830 843 662
t 830 674 843 675
t 830 662 831 675
t 830 843 662 675
t 661 830 843 831
t 843 675 831 844
t 661 831 662 675
t 661 675 843 674
t 661 843 831 675
t 676 845 846 678
t 845 677 846 679
t 845 678 847 679
t 845 846 678 679
t 676 845 846 847
t 846 679 847 848
t 676 847 678 679
t 676 679 846 677
t 676 846 847 679
t 678 847 848 680
t 847 679 848 681
t 847 680 849 681
t 847 848 680 681
t 678 847 848 849
t 848 681 849 850
t 678 849 680 681
t 678 681 848 679
t 678 848 849 681
t 680 849 850 682
t 849 681 850 683
t 849 682 851 683
t 849 850 682 683
t 680 849 850 851
t 850 683 851 852
t 680 851 682 683
t 680 683 850 681
t 680 850 851 683
t 682 851 852 684
t 851 683 852 685
t 851 684 853 685
t 851 852 684 685
t 682 851 852 853
t 852 685 853 854
t 682 853 684 685
t 682 685 852 683
t 682 852 853 685
t 684 853 854 686
t 853 685 854 687
t 853 686 855 687
t 853 854 686 687
t 684 853 854 855
t 854 687 855 856
t 684 855 686 687
t 684 687 854 685
t 684 854 855 687
t 686 855 856 688
t 855 687 856 689
t 855 688 857 689
t 855 856 688 689
t 686 855 856 857
t 856 689 857 858
t 686 857 688 689
t 686 689 856 687
t 686 856 857 689
t 688 857 858 690
t 857 689 858 691
t 857 690 859 691
t 857 858 690 691
t 688 857 858 859
t 858 691 859 860
t 688 859 690 691
t 688 691 858 689
t 688 858 859 691
t 690 859 860 692
t 859 691 860 693
t 859 692 861 693
t 859 860 692 693
t 690 859 860 861
t 860 693 861 862
t 690 861 692 693
t 690 693 860 691
t 690 860 861 693
t 692 861 862 694
t 861 693 862 695
t 861 694 863 695
t 861 862 694 695
t 692 861 862 863
t 862 695 863 864
t 692 863 694 695
t 692 695 862 693
t 692 862 863 695
t 694 863 864 696
t 863 695 864 697
t 863 696 865 697
t 863 864 696 697
t 694 863 864 865
t 864 697 865 866
t 694 865 696 697
t 694 697 864 695
t 694 864 865 697
t 696 865 866 698
t 865 697 866 699
t 865 698 867 699
t 865 866 698 699
t 696 865 866 867
t 866 699 867 868
t 696 867 698 699
t 696 699 866 697
t 696 866 867 699
t 698 867 868 700
t 867 699 868 701
t 867 700 869 701
t 867 868 700 701
t 698 867 868 869
t 868 701 869 870
t 698 869 700 701
t 698 701 868 699
t 698 868 869 701
t 677 846 871 679
t 846 702 871 703
t 846 679 848 703
t 846 871 679 703
t 677 846 871 848
t 871 703 848 872
t 677 848 679 703
t 677 703 871 702
t 677 871 848 703
t 679 848 872 681
t 848 703 872 704
t 848 681 850 704
t 848 872 681 704
t 679 848 872 850
t 872 704 850 873
t 679 850 681 704
t 679 704 872 703
t 679 872 850 704
t 681 850 873 683
t 850 704 873 705
t 850 683 852 705
t 850 873 683 705
t 681 850 873 852
t 873 705 852 874
t 681 852 683 705
t 681 705 873 704
t 681 873 852 705
t 683 852 874 685
t 852 705 874 706
t 852 685 854 706
t 852 874 685 706
t 683 852 874 854
t 874 706 854 875
t 683 854 685 706
t 683 706 874 705
t 683 874 854 706
t 685 854 875 687
t 854 706 875 707
t 854 687 856 707
t 854 875 687 707
t 685 854 875 856
t 875 707 856 876
t 685 856 687 707
t 685 707 875 706
t 685 875 856 707
t 687 856 876 689
t 856 707 876 708
t 856 689 858 708
t 856 876 689 708
t 687 856 876 858
t 876 708 858 877
t 687 858 689 708
t 687 708 876 707
t 687 876 858 708
t 689 858 877 691
t 858 708 877 709
t 858 691 860 709
t 858 877 691 709
t 689 858 877 860
t 877 709 860 878
t 689 860 691 709
t 689 709 877 708
t 689 877 860 709
t 691 860 878 693
t 860 709 878 710
t 860 693 862 710
t 860 878 693 710
t 691 860 878 862
t 878 710 862 879
t 691 862 693 710
t 691 710 878 709
t 691 878 862 710
t 693 862 879 695
t 862 710 879 711
t 862 695 864 711
t 862 879 695 711
t 693 862 879 864
t 879 711 864 880
t 693 864 695 711
t 693 711 879 710
t 693 879 864 711
t 695 864 880 697
t 864 711 880 712
t 864 697 866 712
t 864 880 697 712
t 695 864 880 866
t 880 712 866 881
t 695 866 697 712
t 695 712 880 711
t 695 880 866 712
t 697 866 881 699
t 866 712 881 713
t 866 699 868 713
t 866 881 699 713
t 697 866 881 868
t 881 713 868 882
t 697 868 699 713
t 697 713 881 712
t 697 881 868 713
t 699 868 882 701
t 868 713 882 714
t 868 701 870 714
t 868 882 701 714
t 699 868 882 870
t 882 714 870 883
t 699 870 701 714
t 699 714 882 713
t 699 882 870 714
t 702 871 884 703
t 871 715 884 716
t 871 703 872 716
t 871 884 703 716
t 702 871 884 872
t 884 716 872 885
t 702 872 703 716
t 702 716 884 715
t 702 884 872 716
t 703 872 885 704
t 872 716 885 717
t 872 704 873 717
t 872 885 704 717
t 703 872 885 873
t 885 717 873 886
t 703 873 704 717
t 703 717 885 716
t 703 885 873 717
t 704 873 886 705
t 873 717 886 718
t 873 705 874 718
t 873 886 705 718
t 704 873 886 874
t 886 718 874 887
t 704 874 705 718
t 704 718 886 717
t 704 886 874 718
t 705 874 887 706
t 874 718 887 719
t 874 706 875 719
t 874 887 706 719
t 705 874 887 875
t 887 719 875 888
t 705 875 706 719
t 705 719 887 718
t 705 887 875 719
t 706 875 888 707
t 875 719 888 720
t 875 707 876 720
t 875 888 707 720
t 706 875 888 876
t 888 720 876 889
t 706 876 707 720
t 706 720 888 719
t 706 888 876 720
t 707 876 889 708
t 876 720 889 721
t 876 708 877 721
t 876 889 708 721
t 707 876 889 877
t 889 721 877 890
t 707 877 708 721
t 707 721 889 720
t 707 889 877 721
t 708 877 890 709
t 877 721 890 722
t 877 709 878 722
t 877 890 709 722
t 708 877 890 878
t 890 722 878 891
t 708 878 709 722
t 708 722 890 721
t 708 890 878 722
t 709 878 891 710
t 878 722 891 723
t 878 710 879 723
t 878 891 710 723
t 709 878 891 879
t 891 723 879 892
t 709 879 710 723
t 709 723 891 722
t 709 891 879 723
t 710 879 892 711
t 879 723 892 724
t 879 711 880 724
t 879 892 711 724
t 710 879 892 880
t 892 724 880 893
t 710 880 711 724
t 710 724 892 723
t 710 892 880 724
t 711 880 893 712
t 880 724 893 725
t 880 712 881 725
t 880 893 712 725
t 711 880 893 881
t 893 725 881 894
t 711 881 712 725
t 711 725 893 724
t 711 893 881 725
t 712 881 894 713
t 881 725 894 726
t 881 713 882 726
t 881 894 713 726
t 712 881 894 882
t 894 726 882 895
t 712 882 713 726
t 712 726 894 725
t 712 894 882 726
t 713 882 895 714
t 882 726 895 727
t 882 714 883 727
t 882 895 714 727
t 713 882 895 883
t 895 727 883 896
t 713 883 714 727
t 713 727 895 726
t 713 895 883 727
t 715 884 897 716
t 884 728 897 729
t 884 716 885 729
t 884 897 716 729
t 715 884 897 885
t 897 729 885 898
t 715 885 716 729
t 715 729 897 728
t 715 897 885 729
t 716 885 898 717
t 885 729 898 730
t 885 717 886 730
t 885 898 717 730
t 716 885 898 886
t 898 730 886 899
t 716 886 717 730
t 716 730 898 729
t 716 898 886 730
t 717 886 899 718
t 886 730 899 731
t 886 718 887 731
t 886 899 718 731
t 717 886 899 887
t 899 731 887 900
t 717 887 718 731
t 717 731 899 730
t 717 899 887 731
t 718 887 900 719
t 887 731 900 732
t 887 719 888 732
t 887 900 719 732
t 718 887 900 888
t 900 732 888 901
t 718 888 719 732
t 718 732 900 731
t 718 900 888 732
t 719 888 901 720
t 888 732 901 733
t 888 720 889 733
t 888 901 720 733
t 719 888 901 889
t 901 733 889 902
t 719 889 720 733
t 719 733 901 732
t 719 901 889 733
t 720 889 902 721
t 889 733 902 734
t 889 721 890 734
t 889 902 721 734
t 720 889 902 890
t 902 734 890 903
t 720 890 721 734
t 720 734 902 733
t 720 902 890 734
t 721 890 903 722
t 890 734 903 735
t 890 722 891 735
t 890 903 722 735
t 721 890 903 891
t 903 735 891 904
t 721 891 722 735
t 721 735 903 734
t 721 903 891 735
t 722 891 904 723
t 891 735 904 736
t 891 723 892 736
t 891 904 723 736
t 722 891 904 892
t 904 736 892 905
t 722 892 723 736
t 722 736 904 735
t 722 904 892 736
t 723 892 905 724
t 892 736 905 737
t 892 724 893 737
t 892 905 724 737
t 723 892 905 893
t 905 737 893 906
t 723 893 724 737
t 723 737 905 736
t 723 905 893 737
t 724 893 906 725
t 893 737 906 738
t 893 725 894 738
t 893 906 725 738
t 724 893 906 894
t 906 738 894 907
t 724 894 725 738
t 724 738 906 737
t 724 906 894 738
t 725 894 907 726
t 894 738 907 739
t 894 726 895 739
t 894 907 726 739
t 725 894 907 895
t 907 739 895 908
t 725 895 726 739
t 725 739 907 738
t 725 907 895 739
t 726 895 908 727
t 895 739 908 740
t 895 727 896 740
t 895 908 727 740
t 726 895 908 896
t 908 740 896 909
t 726 896 727 740
t 726 740 908 739
t 726 908 896 740
t 728 897 910 729
t 897 741 910 742
t 897 729 898 742
t 897 910 729 742
t 728 897 910 898
t 910 742 898 911
t 728 898 729 742
t 728 742 910 741
t 728 910 898 742
t 729 898 911 730
t 898 742 911 743
t 898 730 899 743
t 898 911 730 743
t 729 898 911 899
t 911 743 899 912
t 729 899 730 743
t 729 743 911 742
t 729 911 899 743
t 730 899 912 731
t 899 743 912 744
t 899 731 900 744
t 899 912 731 744
t 730 899 912 900
t 912 744 900 913
t 730 900 731 744
t 730 744 912 743
t 730 912 900 744
t 731 900 913 732
t 900 744 913 745
t 900 732 901 745
t 900 913 732 745
t 731 900 913 901
t 913 745 901 914
t 731 901 732 745
t 731 745 913 744
t 731 913 901 745
t 732 901 914 733
t 901 745 914 746
t 901 733 902 746
t 901 914 733 746
t 732 901 914 902
t 914 746 902 915
t 732 902 733 746
t 732 746 914 745
t 732 914 902 746
t 733 902 915 734
t 902 746 915 747
t 902 734 903 747
t 902 915 734 747
t 733 902 915 903
t 915 747 903 916
t 733 903 734 747
t 733 747 915 746
t 733 915 903 747
t 734 903 916 735
t 903 747 916 748
t 903 735 904 748
t 903 916 735 748
t 734 903 916 904
t 916 748 904 917
t 734 904 735 748
t 734 748 916 747
t 734 916 904 748
t 735 904 917 736
t 904 748 917 749
t 904 736 905 749
t 904 917 736 749
t 735 904 917 905
t 917 749 905 918
t 735 905 736 749
t 735 749 917 748
t 735 917 905 749
t 736 905 918 737
t 905 749 918 750
t 905 737 906 750
t 905 918 737 750
t 736 905 918 906
t 918 750 906 919
t 736 906 737 750
t 736 750 918 749
t 736 918 906 750
t 737 906 919 738
t 906 750 919 751
t 906 738 907 751
t 906 919 738 751
t 737 906 919 907
t 919 751 907 920
t 737 907 738 751
t 737 751 919 750
t 737 919 907 751
t 738 907 920 739
t 907 751 920 752
t 907 739 908 752
t 907 920 739 752
t 738 907 920 908
t 920 752 908 921
t 738 908 739 752
t 738 752 920 751
t 738 920 908 752
t 739 908 921 740
t 908 752 921 753
t 908 740 909 753
t 908 921 740 753
t 739 908 921 909
t 921 753 909 922
t 739 909 740 753
t 739 753 921 752
t 739 921 909 753
t 741 910 923 742
t 910 754 923 755
t 910 742 911 755
t 910 923 742 755
t 741 910 923 911
t 923 755 911 924
t 741 911 742 755
t 741 755 923 754
t 741 923 911 755
t 742 911 924 743
t 911 755 924 756
t 911 743 912 756
t 911 924 743 756
t 742 911 924 912
t 924 756 912 925
t 742 912 743 756
t 742 756 924 755
t 742 924 912 756
t 743 912 925 744
t 912 756 925 757
t 912 744 913 757
t 912 925 744 757
t 743 912 925 913
t 925 757 913 926
t 743 913 744 757
t 743 757 925 756
t 743 925 913 757
t 744 913 926 745
t 913 757 926 758
t 913 745 914 758
t 913 926 745 758
t 744 913 926 914
t 926 758 914 927
t 744 914 745 758
t 744 758 926 757
t 744 926 914 758
t 745 914 927 746
t 914 758 927 759
t 914 746 915 759
t 914 927 746 759
t 745 914 927 915
t 927 759 915 928
t 745 915 746 759
t 745 759 927 758
t 745 927 915 759
t 746 915 928 747
t 915 759 928 760
t 915 747 916 760
t 915 928 747 760
t 746 915 928 916
t 928 760 916 929
t 746 916 747 760
t 746 760 928 759
t 746 928 916 760
t 747 916 929 748
t 916 760 929 761
t 916 748 917 761
t 916 929 748 761
t 747 916 929 917
t 929 761 917 930
t 747 917 748 761
t 747 761 929 760
t 747 929 917 761
t 748 917 930 749
t 917 761 930 762
t 917 749 918 762
t 917 930 749 762
t 748 917 930 918
t 930 762 918 931
t 748 918 749 762
t 748 762 930 761
t 748 930 918 762
t 749 918 931 750
t 918 762 931 763
t 918 750 919 763
t 918 931 750 763
t 749 918 931 919
t 931 763 919 932
t 749 919 750 763
t 749 763 931 762
t 749 931 919 763
t 750 919 932 751
t 919 763 932 764
t 919 751 920 764
t 919 932 751 764
t 750 919 932 920
t 932 764 920 933
t 750 920 751 764
t 750 764 932 763
t 750 932 920 764
t 751 920 933 752
t 920 764 933 765
t 920 752 921 765
t 920 933 752 765
t 751 920 933 921
t 933 765 921 934
t 751 921 752 765
t 751 765 933 764
t 751 933 921 765
t 752 921 934 753
t 921 765 934 766
t 921 753 922 766
t 921 934 753 766
t 752 921 934 922
t 934 766 922 935
t 752 922 753 766
t 752 766 934 765
t 752 934 922 766
t 754 923 936 755
t 923 767 936 768
t 923 755 924 768
t 923 936 755 768
t 754 923 936 924
t 936 768 924 937
t 754 924 755 768
t 754 768 936 767
t 754 936 924 768
t 755 924 937 756
t 924 768 937 769
t 924 756 925 769
t 924 937 756 769
t 755 924 937 925
t 937 769 925 938
t 755 925 756 769
t 755 769 937 768
t 755 937 925 769
t 756 925 938 757
t 925 769 938 770
t 925 757 926 770
t 925 938 757 770
t 756 925 938 926
t 938 770 926 939
t 756 926 757 770
t 756 770 938 769
t 756 938 926 770
t 757 926 939 758
t 926 770 939 771
t 926 758 927 771
t 926 939 758 771
t 757 926 939 927
t 939 771 927 940
t 757 927 758 771
t 757 771 939 770
t 757 939 927 771
t 758 927 940 759
t 927 771 940 772
t 927 759 928 772
t 927 940 759 772
t 758 927 940 928
t 940 772 928 941
t 758 928 759 772
t 758 772 940 771
t 758 940 928 772
t 759 928 941 760
t 928 772 941 773
t 928 760 929 773
t 928 941 760 773
t 759 928 941 929
t 941 773 929 942
t 759 929 760 773
t 759 773 941 772
t 759 941 929 773
t 760 929 942 761
t 929 773 942 774
t 929 761 930 774
t 929 942 761 774
t 760 929 942 930
t 942 774 930 943
t 760 930 761 774
t 760 774 942 773
t 760 942 930 774
t 761 930 943 762
t 930 774 943 775
t 930 762 931 775
t 930 943 762 775
t 761 930 943 931
t 943 775 931 944
t 761 931 762 775
t 761 775 943 774
t 761 943 931 775
t 762 931 944 763
t 931 775 944 776
t 931 763 932 776
t 931 944 763 776
t 762 931 944 932
t 944 776 932 945
t 762 932 763 776
t 762 776 944 775
t 762 944 932 776
t 763 932 945 764
t 932 776 945 777
t 932 764 933 777
t 932 945 764 777
t 763 932 945 933
t 945 777 933 946
t 763 933 764 777
t 763 777 945 776
t 763 945 933 777
t 764 933 946 765
t 933 777 946 778
t 933 765 934 778
t 933 946 765 778
t 764 933 946 934
t 946 778 934 947
t 764 934 765 778
t 764 778 946 777
t 764 946 934 778
t 765 934 947 766
t 934 778 947 779
t 934 766 935 779
t 934 947 766 779
t 765 934 947 935
t 947 779 935 948
t 765 935 766 779
t 765 779 947 778
t 765 947 935 779
t 767 936 949 768
t 936 780 949 781
t 936 768 937 781
t 936 949 768 781
t 767 936 949 937
t 949 781 937 950
t 767 937 768 781
t 767 781 949 780
t 767 949 937 781
t 768 937 950 769
t 937 781 950 782
t 937 769 938 782
t 937 950 769 782
t 768 937 950 938
t 950 782 938 951
t 768 938 769 782
t 768 782 950 781
t 768 950 938 782
t 769 938 951 770
t 938 782 951 783
t 938 770 939 783
t 938 951 770 783
t 769 938 951 939
t 951 783 939 952
t 769 939 770 783
t 769 783 951 782
t 769 951 939 783
t 770 939 952 771
t 939 783 952 784
t 939 771 940 784
t 939 952 771 784
t 770 939 952 940
t 952 784 940 953
t 770 940 771 784
t 770 784 952 783
t 770 952 940 784
t 771 940 953 772
t 940 784 953 785
t 940 772 941 785
t 940 953 772 785
t 771 940 953 941
t 953 785 941 954
t 771 941 772 785
t 771 785 953 784
t 771 953 941 785
t 772 941 954 773
t 941 785 954 786
t 941 773 942 786
t 941 954 773 786
t 772 941 954 942
t 954 786 942 955
t 772 942 773 786
t 772 786 954 785
t 772 954 942 786
t 773 942 955 774
t 942 786 955 787
t 942 774 943 787
t 942 955 774 787
t 773 942 955 943
t 955 787 943 956
t 773 943 774 787
t 773 787 955 786
t 773 955 943 787
t 774 943 956 775
t 943 787 956 788
t 943 775 944 788
t 943 956 775 788
t 774 943 956 944
t 956 788 944 957
t 774 944 775 788
t 774 788 956 787
t 774 956 944 788
t 775 944 957 776
t 944 788 957 789
t 944 776 945 789
t 944 957 776 789
t 775 944 957 945
t 957 789 945 958
t 775 945 776 789
t 775 789 957 788
t 775 957 945 789
t 776 945 958 777
t 945 789 958 790
t 945 777 946 790
t 945 958 777 790
t 776 945 958 946
t 958 790 946 959
t 776 946 777 790
t 776 790 958 789
t 776 958 946 790
t 777 946 959 778
t 946 790 959 791
t 946 778 947 791
t 946 959 778 791
t 777 946 959 947
t 959 791 947 960
t 777 947 778 791
t 777 791 959 790
t 777 959 947 791
t 778 947 960 779
t 947 791 960 792
t 947 779 948 792
t 947 960 779 792
t 778 947 960 948
t 960 792 948 961
t 778 948 779 792
t 778 792 960 791
t 778 960 948 792
t 780 949 962 781
t 949 793 962 794
t 949 781 950 794
t 949 962 781 794
t 780 949 962 950
t 962 794 950 963
t 780 950 781 794
t 780 794 962 793
t 780 962 950 794
t 781 950 963 782
t 950 794 963 795
t 950 782 951 795
t 950 963 782 795
t 781 950 963 951
t 963 795 951 964
t 781 951 782 795
t 781 795 963 794
t 781 963 951 795
t 782 951 964 783
t 951 795 964 796
t 951 783 952 796
t 951 964 783 796
t 782 951 964 952
t 964 796 952 965
t 782 952 783 796
t 782 796 964 795
t 782 964 952 796
t 783 952 965 784
t 952 796 965 797
t 952 784 953 797
t 952 965 784 797
t 783 952 965 953
t 965 797 953 966
t 783 953 784 797
t 783 797 965 796
t 783 965 953 797
t 784 953 966 785
t 953 797 966 798
t 953 785 954 798
t 953 966 785 798
t 784 953 966 954
t 966 798 954 967
t 784 954 785 798
t 784 798 966 797
t 784 966 954 798
t 785 954 967 786
t 954 798 967 799
t 954 786 955 799
t 954 967 786 799
t 785 954 967 955
t 967 799 955 968
t 785 955 786 799
t 785 799 967 798
t 785 967 955 799
t 786 955 968 787
t 955 799 968 800
t 955 787 956 800
t 955 968 787 800
t 786 955 968 956
t 968 800 956 969
t 786 956 787 800
t 786 800 968 799
t 786 968 956 800
t 787 956 969 788
t 956 800 969 801
t 956 788 957 801
t 956 969 788 801
t 787 956 969 957
t 969 801 957 970
t 787 957 788 801
t 787 801 969 800
t 787 969 957 801
t 788 957 970 789
t 957 801 970 802
t 957 789 958 802
t 957 970 789 802
t 788 957 970 958
t 970 802 958 971
t 788 958 789 802
t 788 802 970 801
t 788 970 958 802
t 789 958 971 790
t 958 802 971 803
t 958 790 959 803
t 958 971 790 803
t 789 958 971 959
t 971 803 959 972
t 789 959 790 803
t 789 803 971 802
t 789 971 959 803
t 790 959 972 791
t 959 803 972 804
t 959 791 960 804
t 959 972 791 804
t 790 959 972 960
t 972 804 960 973
t 790 960 791 804
t 790 804 972 803
t 790 972 960 804
t 791 960 973 792
t 960 804 973 805
t 960 792 961 805
t 960 973 792 805
t 791 960 973 961
t 973 805 961 974
t 791 961 792 805
t 791 805 973 804
t 791 973 961 805
t 793 962 975 794
t 962 806 975 807
t 962 794 963 807
t 962 975 794 807
t 793 962 975 963
t 975 807 963 976
t 793 963 794 807
t 793 807 975 806
t 793 975 963 807
t 794 963 976 795
t 963 807 976 808
t 963 795 964 808
t 963 976 795 808
t 794 963 976 964
t 976 808 964 977
t 794 964 795 808
t 794 808 976 807
t 794 976 964 808
t 795 964 977 796
t 964 808 977 809
t 964 796 965 809
t 964 977 796 809
t 795 964 977 965
t 977 809 965 978
t 795 965 796 809
t 795 809 977 808
t 795 977 965 809
t 796 965 978 797
t 965 809 978 810
t 965 797 966 810
t 965 978 797 810
t 796 965 978 966
t 978 810 966 979
t 796 966 797 810
t 796 810 978 809
t 796 978 966 810
t 797 966 979 798
t 966 810 979 811
t 966 798 967 811
t 966 979 798 811
t 797 966 979 967
t 979 811 967 980
t 797 967 798 811
t 797 811 979 810
t 797 979 967 811
t 798 967 980 799
t 967 811 980 812
t 967 799 968 812
t 967 980 799 812
t 798 967 980 968
t 980 812 968 981
t 798 968 799 812
t 798 812 980 811
t 798 980 968 812
t 799 968 981 800
t 968 812 981 813
t 968 800 969 813
t 968 981 800 813
t 799 968 981 969
t 981 813 969 982
t 799 969 800 813
t 799 813 981 812
t 799 981 969 813
t 800 969 982 801
t 969 813 982 814
t 969 801 970 814
t 969 982 801 814
t 800 969 982 970
t 982 814 970 983
t 800 970 801 814
t 800 814 982 813
t 800 982 970 814
t 801 970 983 802
t 970 814 983 815
t 970 802 971 815
t 970 983 802 815
t 801 970 983 971
t 983 815 971 984
t 801 971 802 815
t 801 815 983 814
t 801 983 971 815
t 802 971 984 803
t 971 815 984 816
t 971 803 972 816
t 971 984 803 816
t 802 971 984 972
t 984 816 972 985
t 802 972 803 816
t 802 816 984 815
t 802 984 972 816
t 803 972 985 804
t 972 816 985 817
t 972 804 973 817
t 972 985 804 817
t 803 972 985 973
t 985 817 973 986
t 803 973 804 817
t 803 817 985 816
t 803 985 973 817
t 804 973 986 805
t 973 817 986 818
t 973 805 974 818
t 973 986 805 818
t 804 973 986 974
t 986 818 974 987
t 804 974 805 818
t 804 818 986 817
t 804 986 974 818
t 806 975 988 807
t 975 819 988 820
t 975 807 976 820
t 975 988 807 820
t 806 975 988 976
t 988 820 976 989
t 806 976 807 820
t 806 820 988 819
t 806 988 976 820
t 807 976 989 808
t 976 820 989 821
t 976 808 977 821
t 976 989 808 821
t 807 976 989 977
t 989 821 977 990
t 807 977 808 821
t 807 821 989 820
t 807 989 977 821
t 808 977 990 809
t 977 821 990 822
t 977 809 978 822
t 977 990 809 822
t 808 977 990 978
t 990 822 978 991
t 808 978 809 822
t 808 822 990 821
t 808 990 978 822
t 809 978 991 810
t 978 822 991 823
t 978 810 979 823
t 978 991 810 823
t 809 978 991 979
t 991 823 979 992
t 809 979 810 823
t 809 823 991 822
t 809 991 979 823
t 810 979 992 811
t 979 823 992 824
t 979 811 980 824
t 979 992 811 824
t 810 979 992 980
t 992 824 980 993
t 810 980 811 824
t 810 824 992 823
t 810 992 980 824
t 811 980 993 812
t 980 824 993 825
t 980 812 981 825
t 980 993 812 825
t 811 980 993 981
t 993 825 981 994
t 811 981 812 825
t 811 825 993 824
t 811 993 981 825
t 812 981 994 813
t 981 825 994 826
t 981 813 982 826
t 981 994 813 826
t 812 981 994 982
t 994 826 982 995
t 812 982 813 826
t 812 826 994 825
t 812 994 982 826
t 813 982 995 814
t 982 826 995 827
t 982 814 983 827
t 982 995 814 827
t 813 982 995 983
t 995 827 983 996
t 813 983 814 827
t 813 827 995 826
t 813 995 983 827
t 814 983 996 815
t 983 827 996 828
t 983 815 984 828
t 983 996 815 828
t 814 983 996 984
t 996 828 984 997
t 814 984 815 828
t 814 828 996 827
t 814 996 984 828
t 815 984 997 816
t 984 828 997 829
t 984 816 985 829
t 984 997 816 829
t 815 984 997 985
t 997 829 985 998
t 815 985 816 829
t 815 829 997 828
t 815 997 985 829
t 816 985 998 817
t 985 829 998 830
t 985 817 986 830
t 985 998 817 830
t 816 985 998 986
t 998 830 986 999
t 816 986 817 830
t 816 830 998 829
t 816 998 986 830
t 817 986 999 818
t 986 830 999 831
t 986 818 987 831
t 986 999 818 831
t 817 986 999 987
t 999 831 987 1000
t 817 987 818 831
t 817 831 999 830
t 817 999 987 831
t 819 988 1001 820
t 988 832 1001 833
t 988 820 989 833
t 988 1001 820 833
t 819 988 1001 989
t 1001 833 989 1002
t 819 989 820 833
t 819 833 1001 832
t 819 1001 989 833
t 820 989 1002 821
t 989 833 1002 834
t 989 821 990 834
t 989 1002 821 834
t 820 989 1002 990
t 1002 834 990 1003
t 820 990 821 834
t 820 834 1002 833
t 820 1002 990 834
t 821 990 1003 822
t 990 834 1003 835
t 990 822 991 835
t 990 1003 822 835
t 821 990 1003 991
t 1003 835 991 1004
t 821 991 822 835
t 821 835 1003 834
t 821 1003 991 835
t 822 991 1004 823
t 991 835 1004 836
t 991 823 992 836
t 991 1004 823 836
t 822 991 1004 992
t 1004 836 992 1005
t 822 992 823 836
t 822 836 1004 835
t 822 1004 992 836
t 823 992 1005 824
t 992 836 1005 837
t 992 824 993 837
t 992 1005 824 837
t 823 992 1005 993
t 1005 837 993 1006
t 823 993 824 837
t 823 837 1005 836
t 823 1005 993 837
t 824 993 1006 825
t 993 837 1006 838
t 993 825 994 838
t 993 1006 825 838
t 824 993 1006 994
t 1006 838 994 1007
t 824 994 825 838
t 824 838 1006 837
t 824 1006 994 838
t 825 994 1007 826
t 994 838 1007 839
t 994 826 995 839
t 994 1007 826 839
t 825 994 1007 995
t 1007 839 995 1008
t 825 995 826 839
t 825 839 1007 838
t 825 1007 995 839
t 826 995 1008 827
t 995 839 1008 840
t 995 827 996 840
t 995 1008 827 840
t 826 995 1008 996
t 1008 840 996 1009
t 826 996 827 840
t 826 840 1008 839
t 826 1008 996 840
t 827 996 1009 828
t 996 840 1009 841
t 996 828 997 841
t 996 1009 828 841
t 827 996 1009 997
t 1009 841 997 1010
t 827 997 828 841
t 827 841 1009 840
t 827 1009 997 841
t 828 997 1010 829
t 997 841 1010 842
t 997 829 998 842
t 997 1010 829 842
t 828 997 1010 998
t 1010 842 998 1011
t 828 998 829 842
t 828 842 1010 841
t 828 1010 998 842
t 829 998 1011 830
t 998 842 1011 843
t 998 830 999 843
t 998 1011 830 843
t 829 998 1011 999
t 1011 843 999 1012
t 829 999 830 843
t 829 843 1011 842
t 829 1011 999 843
t 830 999 1012 831
t 999 843 1012 844
t 999 831 1000 844
t 999 1012 831 844
t 830 999 1012 1000
t 1012 844 1000 1013
t 830 1000 831 844
t 830 844 1012 843
t 830 1012 1000 844
t 845 1014 1015 847
t 1014 846 1015 848
t 1014 847 1016 848
t 1014 1015 847 848
t 845 1014 1015 1016
t 1015 848 1016 1017
t 845 1016 847 848
t 845 848 1015 846
t 845 1015 1016 848
t 847 1016 1017 849
t 1016 848 1017 850
t 1016 849 1018 850
t 1016 1017 849 850
t 847 1016 1017 1018
t 1017 850 1018 1019
t 847 1018 849 850
t 847 850 1017 848
t 847 1017 1018 850
t 849 1018 1019 851
t 1018 850 1019 852
t 1018 851 1020 852
t 1018 1019 851 852
t 849 1018 1019 1020
t 1019 852 1020 1021
t 849 1020 851 852
t 849 852 1019 850
t 849 1019 1020 852
t 851 1020 1021 853
t 1020 852 1021 854
t 1020 853 1022 854
t 1020 1021 853 854
t 851 1020 1021 1022
t 1021 854 1022 1023
t 851 1022 853 854
t 851 854 1021 852
t 851 1021 1022 854
t 853 1022 1023 855
t 1022 854 1023 856
t 1022 855 1024 856
t 1022 1023 855 856
t 853 1022 1023 1024
t 1023 856 1024 1025
t 853 1024 855 856
t 853 856 1023 854
t 853 1023 1024 856
t 855 1024 1025 857
t 1024 856 1025 858
t 1024 857 1026 858
t 1024 1025 857 858
t 855 1024 1025 1026
t 1025 858 1026 1027
t 855 1026 857 858
t 855 858 1025 856
t 855 1025 1026 858
t 857 1026 1027 859
t 1026 858 1027 860
t 1026 859 1028 860
t 1026 1027 859 860
t 857 1026 1027 1028
t 1027 860 1028 1029
t 857 1028 859 860
t 857 860 1027 858
t 857 1027 1028 860
t 859 1028 1029 861
t 1028 860 1029 862
t 1028 861 1030 862
t 1028 1029 861 862
t 859 1028 1029 1030
t 1029 862 1030 1031
t 859 1030 861 862
t 859 862 1029 860
t 859 1029 1030 862
t 861 1030 1031 863
t 1030 862 1031 864
t 1030 863 1032 864
t 1030 1031 863 864
t 861 1030 1031 1032
t 1031 864 1032 1033
t 861 1032 863 864
t 861 864 1031 862
t 861 1031 1032 864
t 863 1032 1033 865
t 1032 864 1033 866
t 1032 865 1034 866
t 1032 1033 865 866
t 863 1032 1033 1034
t 1033 866 1034 1035
t 863 1034 865 866
t 863 866 1033 864
t 863 1033 1034 866
t 865 1034 1035 867
t 1034 866 1035 868
t 1034 867 1036 868
t 1034 1035 867 868
t 865 1034 1035 1036
t 1035 868 1036 1037
t 865 1036 867 868
t 865 868 1035 866
t 865 1035 1036 868
t 867 1036 1037 869
t 1036 868 1037 870
t 1036 869 1038 870
t 1036 1037 869 870
t 867 1036 1037 1038
t 1037 870 1038 1039
t 867 1038 869 870
t 867 870 1037 868
t 867 1037 1038 870
t 846 1015 1040 848
t 1015 871 1040 872
t 1015 848 1017 872
t 1015 1040 848 872
t 846 1015 1040 1017
t 1040 872 1017 1041
t 846 1017 848 872
t 846 872 1040 871
t 846 1040 1017 872
t 848 1017 1041 850
t 1017 872 1041 873
t 1017 850 1019 873
t 1017 1041 850 873
t 848 1017 1041 1019
t 1041 873 1019 1042
t 848 1019 850 873
t 848 873 1041 872
t 848 1041 1019 873
t 850 1019 1042 852
t 1019 873 1042 874
t 1019 852 1021 874
t 1019 1042 852 874
t 850 1019 1042 1021
t 1042 874 1021 1043
t 850 1021 852 874
t 850 874 1042 873
t 850 1042 1021 874
t 852 1021 1043 854
t 1021 874 1043 875
t 1021 854 1023 875
t 1021 1043 854 875
t 852 1021 1043 1023
t 1043 875 1023 1044
t 852 1023 854 875
t 852 875 1043 874
t 852 1043 1023 875
t 854 1023 1044 856
t 1023 875 1044 876
t 1023 856 1025 876
t 1023 1044 856 876
t 854 1023 1044 1025
t 1044 876 1025 1045
t 854 1025 856 876
t 854 876 1044 875
t 854 1044 1025 876
t 856 1025 1045 858
t 1025 876 1045 877
t 1025 858 1027 877
t 1025 1045 858 877
t 856 1025 1045 1027
t 1045 877 1027 1046
t 856 1027 858 877
t 856 877 1045 876
t 856 1045 1027 877
t 858 1027 1046 860
t 1027 877 1046 878
t 1027 860 1029 878
t 1027 1046 860 878
t 858 1027 1046 1029
t 1046 878 1029 1047
t 858 1029 860 878
t 858 878 1046 877
t 858 1046 1029 878
t 860 1029 1047 862
t 1029 878 1047 879
t 1029 862 1031 879
t 1029 1047 862 879
t 860 1029 1047 1031
t 1047 879 1031 1048
t 860 1031 862 879
t 860 879 1047 878
t 860 1047 1031 879
t 862 1031 1048 864
t 1031 879 1048 880
t 1031 864 1033 880
t 1031 1048 864 880
t 862 1031 1048 1033
t 1048 880 1033 1049
t 862 1033 864 880
t 862 880 1048 879
t 862 1048 1033 880
t 864 1033 1049 866
t 1033 880 1049 881
t 1033 866 1035 881
t 1033 1049 866 881
t 864 1033 1049 1035
t 1049 881 1035 1050
t 864 1035 866 881
t 864 881 1049 880
t 864 1049 1035 881
t 866 1035 1050 868
t 1035 881 1050 882
t 1035 868 1037 882
t 1035 1050 868 882
t 866 1035 1050 1037
t 1050 882 1037 1051
t 866 1037 868 882
t 866 882 1050 881
t 866 1050 1037 882
t 868 1037 1051 870
t 1037 882 1051 883
t 1037 870 1039 883
t 1037 1051 870 883
t 868 1037 1051 1039
t 1051 883 1039 1052
t 868 1039 870 883
t 868 883 1051 882
t 868 1051 1039 883
t 871 1040 1053 872
t 1040 884 1053 885
t 1040 872 1041 885
t 1040 1053 872 885
t 871 1040 1053 1041
t 1053 885 1041 1054
t 871 1041 872 885
t 871 885 1053 884
t 871 1053 1041 885
t 872 1041 1054 873
t 1041 885 1054 886
t 1041 873 1042 886
t 1041 1054 873 886
t 872 1041 1054 1042
t 1054 886 1042 1055
t 872 1042 873 886
t 872 886 1054 885
t 872 1054 1042 886
t 873 1042 1055 874
t 1042 886 1055 887
t 1042 874 1043 887
t 1042 1055 874 887
t 873 1042 1055 1043
t 1055 887 1043 1056
t 873 1043 874 887
t 873 887 1055 886
t 873 1055 1043 887
t 874 1043 1056 875
t 1043 887 1056 888
t 1043 875 1044 888
t 1043 1056 875 888
t 874 1043 1056 1044
t 1056 888 1044 1057
t 874 1044 875 888
t 874 888 1056 887
t 874 1056 1044 888
t 875 1044 1057 876
t 1044 888 1057 889
t 1044 876 1045 889
t 1044 1057 876 889
t 875 1044 1057 1045
t 1057 889 1045 1058
t 875 1045 876 889
t 875 889 1057 888
t 875 1057 1045 889
t 876 1045 1058 877
t 1045 889 1058 890
t 1045 877 1046 890
t 1045 1058 877 890
t 876 1045 1058 1046
t 1058 890 1046 1059
t 876 1046 877 890
t 876 890 1058 889
t 876 1058 1046 890
t 877 1046 1059 878
t 1046 890 1059 891
t 1046 878 1047 891
t 1046 1059 878 891
t 877 1046 1059 1047
t 1059 891 1047 1060
t 877 1047 878 891
t 877 891 1059 890
t 877 1059 1047 891
t 878 1047 1060 879
t 1047 891 1060 892
t 1047 879 1048 892
t 1047 1060 879 892
t 878 1047 1060 1048
t 1060 892 1048 1061
t 878 1048 879 892
t 878 892 1060 891
t 878 1060 1048 892
t 879 1048 1061 880
t 1048 892 1061 893
t 1048 880 1049 893
t 1048 1061 880 893
t 879 1048 1061 1049
t 1061 893 1049 1062
t 879 1049 880 893
t 879 893 1061 892
t 879 1061 1049 893
t 880 1049 1062 881
t 1049 893 1062 894
t 1049 881 1050 894
t 1049 1062 881 894
t 880 1049 1062 1050
t 1062 894 1050 1063
t 880 1050 881 894
t 880 894 1062 893
t 880 1062 1050 894
t 881 1050 1063 882
t 1050 894 1063 895
t 1050 882 1051 895
t 1050 1063 882 895
t 881 1050 1063 1051
t 1063 895 1051 1064
t 881 1051 882 895
t 881 895 1063 894
t 881 1063 1051 895
t 882 1051 1064 883
t 1051 895 1064 896
t 1051 883 1052 896
t 1051 1064 883 896
t 882 1051 1064 1052
t 1064 896 1052 1065
t 882 1052 883 896
t 882 896 1064 895
t 882 1064 1052 896
t 884 1053 1066 885
t 1053 897 1066 898
t 1053 885 1054 898
t 1053 1066 885 898
t 884 1053 1066 1054
t 1066 898 1054 1067
t 884 1054 885 898
t 884 898 1066 897
t 884 1066 1054 898
t 885 1054 1067 886
t 1054 898 1067 899
t 1054 886 1055 899
t 1054 1067 886 899
t 885 1054 1067 1055
t 1067 899 1055 1068
t 885 1055 886 899
t 885 899 1067 898
t 885 1067 1055 899
t 886 1055 1068 887
t 1055 899 1068 900
t 1055 887 1056 900
t 1055 1068 887 900
t 886 1055 1068 1056
t 1068 900 1056 1069
t 886 1056 887 900
t 886 900 1068 899
t 886 1068 1056 900
t 887 1056 1069 888
t 1056 900 1069 901
t 1056 888 1057 901
t 1056 1069 888 901
t 887 1056 1069 1057
t 1069 901 1057 1070
t 887 1057 888 901
t 887 901 1069 900
t 887 1069 1057 901
t 888 1057 1070 889
t 1057 901 1070 902
t 1057 889 1058 902
t 1057 1070 889 902
t 888 1057 1070 1058
t 1070 902 1058 1071
t 888 1058 889 902
t 888 902 1070 901
t 888 1070 1058 902
t 889 1058 1071 890
t 1058 902 1071 903
t 1058 890 1059 903
t 1058 1071 890 903
t 889 1058 1071 1059
t 1071 903 1059 1072
t 889 1059 890 903
t 889 903 1071 902
t 889 1071 1059 903
t 890 1059 1072 891
t 1059 903 1072 904
t 1059 891 1060 904
t 1059 1072 891 904
t 890 1059 1072 1060
t 1072 904 1060 1073
t 890 1060 891 904
t 890 904 1072 903
t 890 1072 1060 904
t 891 1060 1073 892
t 1060 904 1073 905
t 1060 892 1061 905
t 1060 1073 892 905
t 891 1060 1073 1061
t 1073 905 1061 1074
t 891 1061 892 905
t 891 905 1073 904
t 891 1073 1061 905
t 892 1061 1074 893
t 1061 905 1074 906
t 1061 893 1062 906
t 1061 1074 893 906
t 892 1061 1074 1062
t 1074 906 1062 1075
t 892 1062 893 906
t 892 906 1074 905
t 892 1074 1062 906
t 893 1062 1075 894
t 1062 906 1075 907
t 1062 894 1063 907
t 1062 1075 894 907
t 893 1062 1075 1063
t 1075 907 1063 1076
t 893 1063 894 907
t 893 907 1075 906
t 893 1075 1063 907
t 894 1063 1076 895
t 1063 907 1076 908
t 1063 895 1064 908
t 1063 1076 895 908
t 894 1063 1076 1064
t 1076 908 1064 1077
t 894 1064 895 908
t 894 908 1076 907
t 894 1076 1064 908
t 895 1064 1077 896
t 1064 908 1077 909
t 1064 896 1065 909
t 1064 1077 896 909
t 895 1064 1077 1065
t 1077 909 1065 1078
t 895 1065 896 909
t 895 909 1077 908
t 895 1077 1065 909
t 897 1066 1079 898
t 1066 910 1079 911
t 1066 898 1067 911
t 1066 1079 898 911
t 897 1066 1079 1067
t 1079 911 1067 1080
t 897 1067 898 911
t 897 911 1079 910
t 897 1079 1067 911
t 898 1067 1080 899
t 1067 911 1080 912
t 1067 899 1068 912
t 1067 1080 899 912
t 898 1067 1080 1068
t 1080 912 1068 1081
t 898 1068 899 912
t 898 912 1080 911
t 898 1080 1068 912
t 899 1068 1081 900
t 1068 912 1081 913
t 1068 900 1069 913
t 1068 1081 900 913
t 899 1068 1081 1069
t 1081 913 1069 1082
t 899 1069 900 913
t 899 913 1081 912
t 899 1081 1069 913
t 901 1070 1083 902
t 1070 914 1083 915
t 1070 902 1071 915
t 1070 1083 902 915
t 901 1070 1083 1071
t 1083 915 1071 1084
t 901 1071 902 915
t 901 915 1083 914
t 901 1083 1071 915
t 904 1073 1085 905
t 1073 917 1085 918
t 1073 905 1074 918
t 1073 1085 905 918
t 904 1073 1085 1074
t 1085 918 1074 1086
t 904 1074 905 918
t 904 918 1085 917
t 904 1085 1074 918
t 905 1074 1086 906
t 1074 918 1086 919
t 1074 906 1075 919
t 1074 1086 906 919
t 905 1074 1086 1075
t 1086 919 1075 1087
t 905 1075 906 919
t 905 919 1086 918
t 905 1086 1075 919
t 906 1075 1087 907
t 1075 919 1087 920
t 1075 907 1076 920
t 1075 1087 907 920
t 906 1075 1087 1076
t 1087 920 1076 1088
t 906 1076 907 920
t 906 920 1087 919
t 906 1087 1076 920
t 907 1076 1088 908
t 1076 920 1088 921
t 1076 908 1077 921
t 1076 1088 908 921
t 907 1076 1088 1077
t 1088 921 1077 1089
t 907 1077 908 921
t 907 921 1088 920
t 907 1088 1077 921
t 908 1077 1089 909
t 1077 921 1089 922
t 1077 909 1078 922
t 1077 1089 909 922
t 908 1077 1089 1078
t 1089 922 1078 1090
t 908 1078 909 922
t 908 922 1089 921
t 908 1089 1078 922
t 910 1079 1091 911
t 1079 923 1091 924
t 1079 911 1080 924
t 1079 1091 911 924
t 910 1079 1091 1080
t 1091 924 1080 1092
t 910 1080 911 924
t 910 924 1091 923
t 910 1091 1080 924
t 911 1080 1092 912
t 1080 924 1092 925
t 1080 912 1081 925
t 1080 1092 912 925
t 911 1080 1092 1081
t 1092 925 1081 1093
t 911 1081 912 925
t 911 925 1092 924
t 911 1092 1081 925
t 912 1081 1093 913
t 1081 925 1093 926
t 1081 913 1082 926
t 1081 1093 913 926
t 912 1081 1093 1082
t 1093 926 1082 1094
t 912 1082 913 926
t 912 926 1093 925
t 912 1093 1082 926
t 913 1082 1094 914
t 1082 926 1094 927
t 1082 914 1083 927
t 1082 1094 914 927
t 913 1082 1094 1083
t 1094 927 1083 1095
t 913 1083 914 927
t 913 927 1094 926
t 913 1094 1083 927
t 917 1085 1096 918
t 1085 930 1096 931
t 1085 918 1086 931
t 1085 1096 918 931
t 917 1085 1096 1086
t 1096 931 1086 1097
t 917 1086 918 931
t 917 931 1096 930
t 917 1096 1086 931
t 918 1086 1097 919
t 1086 931 1097 932
t 1086 919 1087 932
t 1086 1097 919 932
t 918 1086 1097 1087
t 1097 932 1087 1098
t 918 1087 919 932
t 918 932 1097 931
t 918 1097 1087 932
t 919 1087 1098 920
t 1087 932 1098 933
t 1087 920 1088 933
t 1087 1098 920 933
t 919 1087 1098 1088
t 1098 933 1088 1099
t 919 1088 920 933
t 919 933 1098 932
t 919 1098 1088 933
t 920 1088 1099 921
t 1088 933 1099 934
t 1088 921 1089 934
t 1088 1099 921 934
t 920 1088 1099 1089
t 1099 934 1089 1100
t 920 1089 921 934
t 920 934 1099 933
t 920 1099 1089 934
t 921 1089 1100 922
t 1089 934 1100 935
t 1089 922 1090 935
t 1089 1100 922 935
t 921 1089 1100 1090
t 1100 935 1090 1101
t 921 1090 922 935
t 921 935 1100 934
t 921 1100 1090 935
t 923 1091 1102 924
t 1091 936 1102 937
t 1091 924 1092 937
t 1091 1102 924 937
t 923 1091 1102 1092
t 1102 937 1092 1103
t 923 1092 924 937
t 923 937 1102 936
t 923 1102 1092 937
t 924 1092 1103 925
t 1092 937 1103 938
t 1092 925 1093 938
t 1092 1103 925 938
t 924 1092 1103 1093
t 1103 938 1093 1104
t 924 1093 925 938
t 924 938 1103 937
t 924 1103 1093 938
t 925 1093 1104 926
t 1093 938 1104 939
t 1093 926 1094 939
t 1093 1104 926 939
t 925 1093 1104 1094
t 1104 939 1094 1105
t 925 1094 926 939
t 925 939 1104 938
t 925 1104 1094 939
t 926 1094 1105 927
t 1094 939 1105 940
t 1094 927 1095 940
t 1094 1105 927 940
t 926 1094 1105 1095
t 1105 940 1095 1106
t 926 1095 927 940
t 926 940 1105 939
t 926 1105 1095 940
t 927 1095 1106 928
t 1095 940 1106 941
t 1095 928 1107 941
t 1095 1106 928 941
t 927 1095 1106 1107
t 1106 941 1107 1108
t 927 1107 928 941
t 927 941 1106 940
t 927 1106 1107 941
t 929 1109 1110 930
t 1109 942 1110 943
t 1109 930 1096 943
t 1109 1110 930 943
t 929 1109 1110 1096
t 1110 943 1096 1111
t 929 1096 930 943
t 929 943 1110 942
t 929 1110 1096 943
t 930 1096 1111 931
t 1096 943 1111 944
t 1096 931 1097 944
t 1096 1111 931 944
t 930 1096 1111 1097
t 1111 944 1097 1112
t 930 1097 931 944
t 930 944 1111 943
t 930 1111 1097 944
t 931 1097 1112 932
t 1097 944 1112 945
t 1097 932 1098 945
t 1097 1112 932 945
t 931 1097 1112 1098
t 1112 945 1098 1113
t 931 1098 932 945
t 931 945 1112 944
t 931 1112 1098 945
t 932 1098 1113 933
t 1098 945 1113 946
t 1098 933 1099 946
t 1098 1113 933 946
t 932 1098 1113 1099
t 1113 946 1099 1114
t 932 1099 933 946
t 932 946 1113 945
t 932 1113 1099 946
t 933 1099 1114 934
t 1099 946 1114 947
t 1099 934 1100 947
t 1099 1114 934 947
t 933 1099 1114 1100
t 1114 947 1100 1115
t 933 1100 934 947
t 933 947 1114 946
t 933 1114 1100 947
t 934 1100 1115 935
t 1100 947 1115 948
t 1100 935 1101 948
t 1100 1115 935 948
t 934 1100 1115 1101
t 1115 948 1101 1116
t 934 1101 935 948
t 934 948 1115 947
t 934 1115 1101 948
t 936 1102 1117 937
t 1102 949 1117 950
t 1102 937 1103 950
t 1102 1117 937 950
t 936 1102 1117 1103
t 1117 950 1103 1118
t 936 1103 937 950
t 936 950 1117 949
t 936 1117 1103 950
t 937 1103 1118 938
t 1103 950 1118 951
t 1103 938 1104 951
t 1103 1118 938 951
t 937 1103 1118 1104
t 1118 951 1104 1119
t 937 1104 938 951
t 937 951 1118 950
t 937 1118 1104 951
t 938 1104 1119 939
t 1104 951 1119 952
t 1104 939 1105 952
t 1104 1119 939 952
t 938 1104 1119 1105
t 1119 952 1105 1120
t 938 1105 939 952
t 938 952 1119 951
t 938 1119 1105 952
t 939 1105 1120 940
t 1105 952 1120 953
t 1105 940 1106 953
t 1105 1120 940 953
t 939 1105 1120 1106
t 1120 953 1106 1121
t 939 1106 940 953
t 939 953 1120 952
t 939 1120 1106 953
t 940 1106 1121 941
t 1106 953 1121 954
t 1106 941 1108 954
t 1106 1121 941 954
t 940 1106 1121 1108
t 1121 954 1108 1122
t 940 1108 941 954
t 940 954 1121 953
t 940 1121 1108 954
t 941 1108 1122 942
t 1108 954 1122 955
t 1108 942 1110 955
t 1108 1122 942 955
t 941 1108 1122 1110
t 1122 955 1110 1123
t 941 1110 942 955
t 941 955 1122 954
t 941 1122 1110 955
t 942 1110 1123 943
t 1110 955 1123 956
t 1110 943 1111 956
t 1110 1123 943 956
t 942 1110 1123 1111
t 1123 956 1111 1124
t 942 1111 943 956
t 942 956 1123 955
t 942 1123 1111 956
t 943 1111 1124 944
t 1111 956 1124 957
t 1111 944 1112 957
t 1111 1124 944 957
t 943 1111 1124 1112
t 1124 957 1112 1125
t 943 1112 944 957
t 943 957 1124 956
t 943 1124 1112 957
t 944 1112 1125 945
t 1112 957 1125 958
t 1112 945 1113 958
t 1112 1125 945 958
t 944 1112 1125 1113
t 1125 958 1113 1126
t 944 1113 945 958
t 944 958 1125 957
t 944 1125 1113 958
t 945 1113 1126 946
t 1113 958 1126 959
t 1113 946 1114 959
t 1113 1126 946 959
t 945 1113 1126 1114
t 1126 959 1114 1127
t 945 1114 946 959
t 945 959 1126 958
t 945 1126 1114 959
t 946 1114 1127 947
t 1114 959 1127 960
t 1114 947 1115 960
t 1114 1127 947 960
t 946 1114 1127 1115
t 1127 960 1115 1128
t 946 1115 947 960
t 946 960 1127 959
t 946 1127 1115 960
t 947 1115 1128 948
t 1115 960 1128 961
t 1115 948 1116 961
t 1115 1128 948 961
t 947 1115 1128 1116
t 1128 961 1116 1129
t 947 1116 948 961
t 947 961 1128 960
t 947 1128 1116 961
t 949 1117 1130 950
t 1117 962 1130 963
t 1117 950 1118 963
t 1117 1130 950 963
t 949 1117 1130 1118
t 1130 963 1118 1131
t 949 1118 950 963
t 949 963 1130 962
t 949 1130 1118 963
t 950 1118 1131 951
t 1118 963 1131 964
t 1118 951 1119 964
t 1118 1131 951 964
t 950 1118 1131 1119
t 1131 964 1119 1132
t 950 1119 951 964
t 950 964 1131 963
t 950 1131 1119 964
t 951 1119 1132 952
t 1119 964 1132 965
t 1119 952 1120 965
t 1119 1132 952 965
t 951 1119 1132 1120
t 1132 965 1120 1133
t 951 1120 952 965
t 951 965 1132 964
t 951 1132 1120 965
t 952 1120 1133 953
t 1120 965 1133 966
t 1120 953 1121 966
t 1120 1133 953 966
t 952 1120 1133 1121
t 1133 966 1121 1134
t 952 1121 953 966
t 952 966 1133 965
t 952 1133 1121 966
t 953 1121 1134 954
t 1121 966 1134 967
t 1121 954 1122 967
t 1121 1134 954 967
t 953 1121 1134 1122
t 1134 967 1122 1135
t 953 1122 954 967
t 953 967 1134 966
t 953 1134 1122 967
t 954 1122 1135 955
t 1122 967 1135 968
t 1122 955 1123 968
t 1122 1135 955 968
t 954 1122 1135 1123
t 1135 968 1123 1136
t 954 1123 955 968
t 954 968 1135 967
t 954 1135 1123 968
t 955 1123 1136 956
t 1123 968 1136 969
t 1123 956 1124 969
t 1123 1136 956 969
t 955 1123 1136 1124
t 1136 969 1124 1137
t 955 1124 956 969
t 955 969 1136 968
t 955 1136 1124 969
t 956 1124 1137 957
t 1124 969 1137 970
t 1124 957 1125 970
t 1124 1137 957 970
t 956 1124 1137 1125
t 1137 970 1125 1138
t 956 1125 957 970
t 956 970 1137 969
t 956 1137 1125 970
t 957 1125 1138 958
t 1125 970 1138 971
t 1125 958 1126 971
t 1125 1138 958 971
t 957 1125 1138 1126
t 1138 971 1126 1139
t 957 1126 958 971
t 957 971 1138 970
t 957 1138 1126 971
t 958 1126 1139 959
t 1126 971 1139 972
t 1126 959 1127 972
t 1126 1139 959 972
t 958 1126 1139 1127
t 1139 972 1127 1140
t 958 1127 959 972
t 958 972 1139 971
t 958 1139 1127 972
t 959 1127 1140 960
t 1127 972 1140 973
t 1127 960 1128 973
t 1127 1140 960 973
t 959 1127 1140 1128
t 1140 973 1128 1141
t 959 1128 960 973
t 959 973 1140 972
t 959 1140 1128 973
t 960 1128 1141 961
t 1128 973 1141 974
t 1128 961 1129 974
t 1128 1141 961 974
t 960 1128 1141 1129
t 1141 974 1129 1142
t 960 1129 961 974
t 960 974 1141 973
t 960 1141 1129 974
t 962 1130 1143 963
t 1130 975 1143 976
t 1130 963 1131 976
t 1130 1143 963 976
t 962 1130 1143 1131
t 1143 976 1131 1144
t 962 1131 963 976
t 962 976 1143 975
t 962 1143 1131 976
t 963 1131 1144 964
t 1131 976 1144 977
t 1131 964 1132 977
t 1131 1144 964 977
t 963 1131 1144 1132
t 1144 977 1132 1145
t 963 1132 964 977
t 963 977 1144 976
t 963 1144 1132 977
t 964 1132 1145 965
t 1132 977 1145 978
t 1132 965 1133 978
t 1132 1145 965 978
t 964 1132 1145 1133
t 1145 978 1133 1146
t 964 1133 965 978
t 964 978 1145 977
t 964 1145 1133 978
t 965 1133 1146 966
t 1133 978 1146 979
t 1133 966 1134 979
t 1133 1146 966 979
t 965 1133 1146 1134
t 1146 979 1134 1147
t 965 1134 966 979
t 965 979 1146 978
t 965 1146 1134 979
t 966 1134 1147 967
t 1134 979 1147 980
t 1134 967 1135 980
t 1134 1147 967 980
t 966 1134 1147 1135
t 1147 980 1135 1148
t 966 1135 967 980
t 966 980 1147 979
t 966 1147 1135 980
t 967 1135 1148 968
t 1135 980 1148 981
t 1135 968 1136 981
t 1135 1148 968 981
t 967 1135 1148 1136
t 1148 981 1136 1149
t 967 1136 968 981
t 967 981 1148 980
t 967 1148 1136 981
t 968 1136 1149 969
t 1136 981 1149 982
t 1136 969 1137 982
t 1136 1149 969 982
t 968 1136 1149 1137
t 1149 982 1137 1150
t 968 1137 969 982
t 968 982 1149 981
t 968 1149 1137 982
t 969 1137 1150 970
t 1137 982 1150 983
t 1137 970 1138 983
t 1137 1150 970 983
t 969 1137 1150 1138
t 1150 983 1138 1151
t 969 1138 970 983
t 969 983 1150 982
t 969 1150 1138 983
t 970 1138 1151 971
t 1138 983 1151 984
t 1138 971 1139 984
t 1138 1151 971 984
t 970 1138 1151 1139
t 1151 984 1139 1152
t 970 1139 971 984
t 970 984 1151 983
t 970 1151 1139 984
t 971 1139 1152 972
t 1139 984 1152 985
t 1139 972 1140 985
t 1139 1152 972 985
t 971 1139 1152 1140
t 1152 985 1140 1153
t 971 1140 972 985
t 971 985 1152 984
t 971 1152 1140 985
t 972 1140 1153 973
t 1140 985 1153 986
t 1140 973 1141 986
t 1140 1153 973 986
t 972 1140 1153 1141
t 1153 986 1141 1154
t 972 1141 973 986
t 972 986 1153 985
t 972 1153 1141 986
t 973 1141 1154 974
t 1141 986 1154 987
t 1141 974 1142 987
t 1141 1154 974 987
t 973 1141 1154 1142
t 1154 987 1142 1155
t 973 1142 974 987
t 973 987 1154 986
t 973 1154 1142 987
t 975 1143 1156 976
t 1143 988 1156 989
t 1143 976 1144 989
t 1143 1156 976 989
t 975 1143 1156 1144
t 1156 989 1144 1157
t 975 1144 976 989
t 975 989 1156 988
t 975 1156 1144 989
t 976 1144 1157 977
t 1144 989 1157 990
t 1144 977 1145 990
t 1144 1157 977 990
t 976 1144 1157 1145
t 1157 990 1145 1158
t 976 1145 977 990
t 976 990 1157 989
t 976 1157 1145 990
t 977 1145 1158 978
t 1145 990 1158 991
t 1145 978 1146 991
t 1145 1158 978 991
t 977 1145 1158 1146
t 1158 991 1146 1159
t 977 1146 978 991
t 977 991 1158 990
t 977 1158 1146 991
t 978 1146 1159 979
t 1146 991 1159 992
t 1146 979 1147 992
t 1146 1159 979 992
t 978 1146 1159 1147
t 1159 992 1147 1160
t 978 1147 979 992
t 978 992 1159 991
t 978 1159 1147 992
t 979 1147 1160 980
t 1147 992 1160 993
t 1147 980 1148 993
t 1147 1160 980 993
t 979 1147 1160 1148
t 1160 993 1148 1161
t 979 1148 980 993
t 979 993 1160 992
t 979 1160 1148 993
t 980 1148 1161 981
t 1148 993 1161 994
t 1148 981 1149 994
t 1148 1161 981 994
t 980 1148 1161 1149
t 1161 994 1149 1162
t 980 1149 981 994
t 980 994 1161 993
t 980 1161 1149 994
t 981 1149 1162 982
t 1149 994 1162 995
t 1149 982 1150 995
t 1149 1162 982 995
t 981 1149 1162 1150
t 1162 995 1150 1163
t 981 1150 982 995
t 981 995 1162 994
t 981 1162 1150 995
t 982 1150 1163 983
t 1150 995 1163 996
t 1150 983 1151 996
t 1150 1163 983 996
t 982 1150 1163 1151
t 1163 996 1151 1164
t 982 1151 983 996
t 982 996 1163 995
t 982 1163 1151 996
t 983 1151 1164 984
t 1151 996 1164 997
t 1151 984 1152 997
t 1151 1164 984 997
t 983 1151 1164 1152
t 1164 997 1152 1165
t 983 1152 984 997
t 983 997 1164 996
t 983 1164 1152 997
t 984 1152 1165 985
t 1152 997 1165 998
t 1152 985 1153 998
t 1152 1165 985 998
t 984 1152 1165 1153
t 1165 998 1153 1166
t 984 1153 985 998
t 984 998 1165 997
t 984 1165 1153 998
t 985 1153 1166 986
t 1153 998 1166 999
t 1153 986 1154 999
t 1153 1166 986 999
t 985 1153 1166 1154
t 1166 999 1154 1167
t 985 1154 986 999
t 985 999 1166 998
t 985 1166 1154 999
t 986 1154 1167 987
t 1154 999 1167 1000
t 1154 987 1155 1000
t 1154 1167 987 1000
t 986 1154 1167 1155
t 1167 1000 1155 1168
t 986 1155 987 1000
t 986 1000 1167 999
t 986 1167 1155 1000
t 988 1156 1169 989
t 1156 1001 1169 1002
t 1156 989 1157 1002
t 1156 1169 989 1002
t 988 1156 1169 1157
t 1169 1002 1157 1170
t 988 1157 989 1002
t 988 1002 1169 1001
t 988 1169 1157 1002
t 989 1157 1170 990
t 1157 1002 1170 1003
t 1157 990 1158 1003
t 1157 1170 990 1003
t 989 1157 1170 1158
t 1170 1003 1158 1171
t 989 1158 990 1003
t 989 1003 1170 1002
t 989 1170 1158 1003
t 990 1158 1171 991
t 1158 1003 1171 1004
t 1158 991 1159 1004
t 1158 1171 991 1004
t 990 1158 1171 1159
t 1171 1004 1159 1172
t 990 1159 991 1004
t 990 1004 1171 1003
t 990 1171 1159 1004
t 991 1159 1172 992
t 1159 1004 1172 1005
t 1159 992 1160 1005
t 1159 1172 992 1005
t 991 1159 1172 1160
t 1172 1005 1160 1173
t 991 1160 992 1005
t 991 1005 1172 1004
t 991 1172 1160 1005
t 992 1160 1173 993
t 1160 1005 1173 1006
t 1160 993 1161 1006
t 1160 1173 993 1006
t 992 1160 1173 1161
t 1173 1006 1161 1174
t 992 1161 993 1006
t 992 1006 1173 1005
t 992 1173 1161 1006
t 993 1161 1174 994
t 1161 1006 1174 1007
t 1161 994 1162 1007
t 1161 1174 994 1007
t 993 1161 1174 1162
t 1174 1007 1162 1175
t 993 1162 994 1007
t 993 1007 1174 1006
t 993 1174 1162 1007
t 994 1162 1175 995
t 1162 1007 1175 1008
t 1162 995 1163 1008
t 1162 1175 995 1008
t 994 1162 1175 1163
t 1175 1008 1163 1176
t 994 1163 995 1008
t 994 1008 1175 1007
t 994 1175 1163 1008
t 995 1163 1176 996
t 1163 1008 1176 1009
t 1163 996 1164 1009
t 1163 1176 996 1009
t 995 1163 1176 1164
t 1176 1009 1164 1177
t 995 1164 996 1009
t 995 1009 1176 1008
t 995 1176 1164 1009
t 996 1164 1177 997
t 1164 1009 1177 1010
t 1164 997 1165 1010
t 1164 1177 997 1010
t 996 1164 1177 1165
t 1177 1010 1165 1178
t 996 1165 997 1010
t 996 1010 1177 1009
t 996 1177 1165 1010
t 997 1165 1178 998
t 1165 1010 1178 1011
t 1165 998 1166 1011
t 1165 1178 998 1011
t 997 1165 1178 1166
t 1178 1011 1166 1179
t 997 1166 998 1011
t 997 1011 1178 1010
t 997 1178 1166 1011
t 998 1166 1179 999
t 1166 1011 1179 1012
t 1166 999 1167 1012
t 1166 1179 999 1012
t 998 1166 1179 1167
t 1179 1012 1167 1180
t 998 1167 999 1012
t 998 1012 1179 1011
t 998 1179 1167 1012
t 999 1167 1180 1000
t 1167 1012 1180 1013
t 1167 1000 1168 1013
t 1167 1180 1000 1013
t 999 1167 1180 1168
t 1180 1013 1168 1181
t 999 1168 1000 1013
t 999 1013 1180 1012
t 999 1180 1168 1013
t 1014 1182 1183 1016
t 1182 1015 1183 1017
t 1182 1016 1184 1017
t 1182 1183 1016 1017
t 1014 1182 1183 1184
t 1183 1017 1184 1185
t 1014 1184 1016 1017
t 1014 1017 1183 1015
t 1014 1183 1184 1017
t 1016 1184 1185 1018
t 1184 1017 1185 1019
t 1184 1018 1186 1019
t 1184 1185 1018 1019
t 1016 1184 1185 1186
t 1185 1019 1186 1187
t 1016 1186 1018 1019
t 1016 1019 1185 1017
t 1016 1185 1186 1019
t 1018 1186 1187 1020
t 1186 1019 1187 1021
t 1186 1020 1188 1021
t 1186 1187 1020 1021
t 1018 1186 1187 1188
t 1187 1021 1188 1189
t 1018 1188 1020 1021
t 1018 1021 1187 1019
t 1018 1187 1188 1021
t 1020 1188 1189 1022
t 1188 1021 1189 1023
t 1188 1022 1190 1023
t 1188 1189 1022 1023
t 1020 1188 1189 1190
t 1189 1023 1190 1191
t 1020 1190 1022 1023
t 1020 1023 1189 1021
t 1020 1189 1190 1023
t 1022 1190 1191 1024
t 1190 1023 1191 1025
t 1190 1024 1192 1025
t 1190 1191 1024 1025
t 1022 1190 1191 1192
t 1191 1025 1192 1193
t 1022 1192 1024 1025
t 1022 1025 1191 1023
t 1022 1191 1192 1025
t 1024 1192 1193 1026
t 1192 1025 1193 1027
t 1192 1026 1194 1027
t 1192 1193 1026 1027
t 1024 1192 1193 1194
t 1193 1027 1194 1195
t 1024 1194 1026 1027
t 1024 1027 1193 1025
t 1024 1193 1194 1027
t 1026 1194 1195 1028
t 1194 1027 1195 1029
t 1194 1028 1196 1029
t 1194 1195 1028 1029
t 1026 1194 1195 1196
t 1195 1029 1196 1197
t 1026 1196 1028 1029
t 1026 1029 1195 1027
t 1026 1195 1196 1029
t 1028 1196 1197 1030
t 1196 1029 1197 1031
t 1196 1030 1198 1031
t 1196 1197 1030 1031
t 1028 1196 1197 1198
t 1197 1031 1198 1199
t 1028 1198 1030 1031
t 1028 1031 1197 1029
t 1028 1197 1198 1031
t 1030 1198 1199 1032
t 1198 1031 1199 1033
t 1198 1032 1200 1033
t 1198 1199 1032 1033
t 1030 1198 1199 1200
t 1199 1033 1200 1201
t 1030 1200 1032 1033
t 1030 1033 1199 1031
t 1030 1199 1200 1033
t 1032 1200 1201 1034
t 1200 1033 1201 1035
t 1200 1034 1202 1035
t 1200 1201 1034 1035
t 1032 1200 1201 1202
t 1201 1035 1202 1203
t 1032 1202 1034 1035
t 1032 1035 1201 1033
t 1032 1201 1202 1035
t 1034 1202 1203 1036
t 1202 1035 1203 1037
t 1202 1036 1204 1037
t 1202 1203 1036 1037
t 1034 1202 1203 1204
t 1203 1037 1204 1205
t 1034 1204 1036 1037
t 1034 1037 1203 1035
t 1034 1203 1204 1037
t 1036 1204 1205 1038
t 1204 1037 1205 1039
t 1204 1038 1206 1039
t 1204 1205 1038 1039
t 1036 1204 1205 1206
t 1205 1039 1206 1207
t 1036 1206 1038 1039
t 1036 1039 1205 1037
t 1036 1205 1206 1039
t 1015 1183 1208 1017
t 1183 1040 1208 1041
t 1183 1017 1185 1041
t 1183 1208 1017 1041
t 1015 1183 1208 1185
t 1208 1041 1185 1209
t 1015 1185 1017 1041
t 1015 1041 1208 1040
t 1015 1208 1185 1041
t 1017 1185 1209 1019
t 1185 1041 1209 1042
t 1185 1019 1187 1042
t 1185 1209 1019 1042
t 1017 1185 1209 1187
t 1209 1042 1187 1210
t 1017 1187 1019 1042
t 1017 1042 1209 1041
t 1017 1209 1187 1042
t 1019 1187 1210 1021
t 1187 1042 1210 1043
t 1187 1021 1189 1043
t 1187 1210 1021 1043
t 1019 1187 1210 1189
t 1210 1043 1189 1211
t 1019 1189 1021 1043
t 1019 1043 1210 1042
t 1019 1210 1189 1043
t 1021 1189 1211 1023
t 1189 1043 1211 1044
t 1189 1023 1191 1044
t 1189 1211 1023 1044
t 1021 1189 1211 1191
t 1211 1044 1191 1212
t 1021 1191 1023 1044
t 1021 1044 1211 1043
t 1021 1211 1191 1044
t 1023 1191 1212 1025
t 1191 1044 1212 1045
t 1191 1025 1193 1045
t 1191 1212 1025 1045
t 1023 1191 1212 1193
t 1212 1045 1193 1213
t 1023 1193 1025 1045
t 1023 1045 1212 1044
t 1023 1212 1193 1045
t 1025 1193 1213 1027
t 1193 1045 1213 1046
t 1193 1027 1195 1046
t 1193 1213 1027 1046
t 1025 1193 1213 1195
t 1213 1046 1195 1214
t 1025 1195 1027 1046
t 1025 1046 1213 1045
t 1025 1213 1195 1046
t 1027 1195 1214 1029
t 1195 1046 1214 1047
t 1195 1029 1197 1047
t 1195 1214 1029 1047
t 1027 1195 1214 1197
t 1214 1047 1197 1215
t 1027 1197 1029 1047
t 1027 1047 1214 1046
t 1027 1214 1197 1047
t 1029 1197 1215 1031
t 1197 1047 1215 1048
t 1197 1031 1199 1048
t 1197 1215 1031 1048
t 1029 1197 1215 1199
t 1215 1048 1199 1216
t 1029 1199 1031 1048
t 1029 1048 1215 1047
t 1029 1215 1199 1048
t 1031 1199 1216 1033
t 1199 1048 1216 1049
t 1199 1033 1201 1049
t 1199 1216 1033 1049
t 1031 1199 1216 1201
t 1216 1049 1201 1217
t 1031 1201 1033 1049
t 1031 1049 1216 1048
t 1031 1216 1201 1049
t 1033 1201 1217 1035
t 1201 1049 1217 1050
t 1201 1035 1203 1050
t 1201 1217 1035 1050
t 1033 1201 1217 1203
t 1217 1050 1203 1218
t 1033 1203 1035 1050
t 1033 1050 1217 1049
t 1033 1217 1203 1050
t 1035 1203 1218 1037
t 1203 1050 1218 1051
t 1203 1037 1205 1051
t 1203 1218 1037 1051
t 1035 1203 1218 1205
t 1218 1051 1205 1219
t 1035 1205 1037 1051
t 1035 1051 1218 1050
t 1035 1218 1205 1051
t 1037 1205 1219 1039
t 1205 1051 1219 1052
t 1205 1039 1207 1052
t 1205 1219 1039 1052
t 1037 1205 1219 1207
t 1219 1052 1207 1220
t 1037 1207 1039 1052
t 1037 1052 1219 1051
t 1037 1219 1207 1052
t 1040 1208 1221 1041
t 1208 1053 1221 1054
t 1208 1041 1209 1054
t 1208 1221 1041 1054
t 1040 1208 1221 1209
t 1221 1054 1209 1222
t 1040 1209 1041 1054
t 1040 1054 1221 1053
t 1040 1221 1209 1054
t 1041 1209 1222 1042
t 1209 1054 1222 1055
t 1209 1042 1210 1055
t 1209 1222 1042 1055
t 1041 1209 1222 1210
t 1222 1055 1210 1223
t 1041 1210 1042 1055
t 1041 1055 1222 1054
t 1041 1222 1210 1055
t 1042 1210 1223 1043
t 1210 1055 1223 1056
t 1210 1043 1211 1056
t 1210 1223 1043 1056
t 1042 1210 1223 1211
t 1223 1056 1211 1224
t 1042 1211 1043 1056
t 1042 1056 1223 1055
t 1042 1223 1211 1056
t 1043 1211 1224 1044
t 1211 1056 1224 1057
t 1211 1044 1212 1057
t 1211 1224 1044 1057
t 1043 1211 1224 1212
t 1224 1057 1212 1225
t 1043 1212 1044 1057
t 1043 1057 1224 1056
t 1043 1224 1212 1057
t 1044 1212 1225 1045
t 1212 1057 1225 1058
t 1212 1045 1213 1058
t 1212 1225 1045 1058
t 1044 1212 1225 1213
t 1225 1058 1213 1226
t 1044 1213 1045 1058
t 1044 1058 1225 1057
t 1044 1225 1213 1058
t 1045 1213 1226 1046
t 1213 1058 1226 1059
t 1213 1046 1214 1059
t 1213 1226 1046 1059
t 1045 1213 1226 1214
t 1226 1059 1214 1227
t 1045 1214 1046 1059
t 1045 1059 1226 1058
t 1045 1226 1214 1059
t 1046 1214 1227 1047
t 1214 1059 1227 1060
t 1214 1047 1215 1060
t 1214 1227 1047 1060
t 1046 1214 1227 1215
t 1227 1060 1215 1228
t 1046 1215 1047 1060
t 1046 1060 1227 1059
t 1046 1227 1215 1060
t 1047 1215 1228 1048
t 1215 1060 1228 1061
t 1215 1048 1216 1061
t 1215 1228 1048 1061
t 1047 1215 1228 1216
t 1228 1061 1216 1229
t 1047 1216 1048 1061
t 1047 1061 1228 1060
t 1047 1228 1216 1061
t 1048 1216 1229 1049
t 1216 1061 1229 1062
t 1216 1049 1217 1062
t 1216 1229 1049 1062
t 1048 1216 1229 1217
t 1229 1062 1217 1230
t 1048 1217 1049 1062
t 1048 1062 1229 1061
t 1048 1229 1217 1062
t 1049 1217 1230 1050
t 1217 1062 1230 1063
t 1217 1050 1218 1063
t 1217 1230 1050 1063
t 1049 1217 1230 1218
t 1230 1063 1218 1231
t 1049 1218 1050 1063
t 1049 1063 1230 1062
t 1049 1230 1218 1063
t 1050 1218 1231 1051
t 1218 1063 1231 1064
t 1218 1051 1219 1064
t 1218 1231 1051 1064
t 1050 1218 1231 1219
t 1231 1064 1219 1232
t 1050 1219 1051 1064
t 1050 1064 1231 1063
t 1050 1231 1219 1064
t 1051 1219 1232 1052
t 1219 1064 1232 1065
t 1219 1052 1220 1065
t 1219 1232 1052 1065
t 1051 1219 1232 1220
t 1232 1065 1220 1233
t 1051 1220 1052 1065
t 1051 1065 1232 1064
t 1051 1232 1220 1065
t 1053 1221 1234 1054
t 1221 1066 1234 1067
t 1221 1054 1222 1067
t 1221 1234 1054 1067
t 1053 1221 1234 1222
t 1234 1067 1222 1235
t 1053 1222 1054 1067
t 1053 1067 1234 1066
t 1053 1234 1222 1067
t 1054 1222 1235 1055
t 1222 1067 1235 1068
t 1222 1055 1223 1068
t 1222 1235 1055 1068
t 1054 1222 1235 1223
t 1235 1068 1223 1236
t 1054 1223 1055 1068
t 1054 1068 1235 1067
t 1054 1235 1223 1068
t 1055 1223 1236 1056
t 1223 1068 1236 1069
t 1223 1056 1224 1069
t 1223 1236 1056 1069
t 1055 1223 1236 1224
t 1236 1069 1224 1237
t 1055 1224 1056 1069
t 1055 1069 1236 1068
t 1055 1236 1224 1069
t 1056 1224 1237 1057
t 1224 1069 1237 1070
t 1224 1057 1225 1070
t 1224 1237 1057 1070
t 1056 1224 1237 1225
t 1237 1070 1225 1238
t 1056 1225 1057 1070
t 1056 1070 1237 1069
t 1056 1237 1225 1070
t 1057 1225 1238 1058
t 1225 1070 1238 1071
t 1225 1058 1226 1071
t 1225 1238 1058 1071
t 1057 1225 1238 1226
t 1238 1071 1226 1239
t 1057 1226 1058 1071
t 1057 1071 1238 1070
t 1057 1238 1226 1071
t 1059 1227 1240 1060
t 1227 1072 1240 1073
t 1227 1060 1228 1073
t 1227 1240 1060 1073
t 1059 1227 1240 1228
t 1240 1073 1228 1241
t 1059 1228 1060 1073
t 1059 1073 1240 1072
t 1059 1240 1228 1073
t 1060 1228 1241 1061
t 1228 1073 1241 1074
t 1228 1061 1229 1074
t 1228 1241 1061 1074
t 1060 1228 1241 1229
t 1241 1074 1229 1242
t 1060 1229 1061 1074
t 1060 1074 1241 1073
t 1060 1241 1229 1074
t 1061 1229 1242 1062
t 1229 1074 1242 1075
t 1229 1062 1230 1075
t 1229 1242 1062 1075
t 1061 1229 1242 1230
t 1242 1075 1230 1243
t 1061 1230 1062 1075
t 1061 1075 1242 1074
t 1061 1242 1230 1075
t 1062 1230 1243 1063
t 1230 1075 1243 1076
t 1230 1063 1231 1076
t 1230 1243 1063 1076
t 1062 1230 1243 1231
t 1243 1076 1231 1244
t 1062 1231 1063 1076
t 1062 1076 1243 1075
t 1062 1243 1231 1076
t 1063 1231 1244 1064
t 1231 1076 1244 1077
t 1231 1064 1232 1077
t 1231 1244 1064 1077
t 1063 1231 1244 1232
t 1244 1077 1232 1245
t 1063 1232 1064 1077
t 1063 1077 1244 1076
t 1063 1244 1232 1077
t 1064 1232 1245 1065
t 1232 1077 1245 1078
t 1232 1065 1233 1078
t 1232 1245 1065 1078
t 1064 1232 1245 1233
t 1245 1078 1233 1246
t 1064 1233 1065 1078
t 1064 1078 1245 1077
t 1064 1245 1233 1078
t 1066 1234 1247 1067
t 1234 1079 1247 1080
t 1234 1067 1235 1080
t 1234 1247 1067 1080
t 1066 1234 1247 1235
t 1247 1080 1235 1248
t 1066 1235 1067 1080
t 1066 1080 1247 1079
t 1066 1247 1235 1080
t 1067 1235 1248 1068
t 1235 1080 1248 1081
t 1235 1068 1236 1081
t 1235 1248 1068 1081
t 1067 1235 1248 1236
t 1248 1081 1236 1249
t 1067 1236 1068 1081
t 1067 1081 1248 1080
t 1067 1248 1236 1081
t 1068 1236 1249 1069
t 1236 1081 1249 1082
t 1236 1069 1237 1082
t 1236 1249 1069 1082
t 1068 1236 1249 1237
t 1249 1082 1237 1250
t 1068 1237 1069 1082
t 1068 1082 1249 1081
t 1068 1249 1237 1082
t 1070 1238 1251 1071
t 1238 1083 1251 1084
t 1238 1071 1239 1084
t 1238 1251 1071 1084
t 1070 1238 1251 1239
t 1251 1084 1239 1252
t 1070 1239 1071 1084
t 1070 1084 1251 1083
t 1070 1251 1239 1084
t 1073 1241 1253 1074
t 1241 1085 1253 1086
t 1241 1074 1242 1086
t 1241 1253 1074 1086
t 1073 1241 1253 1242
t 1253 1086 1242 1254
t 1073 1242 1074 1086
t 1073 1086 1253 1085
t 1073 1253 1242 1086
t 1074 1242 1254 1075
t 1242 1086 1254 1087
t 1242 1075 1243 1087
t 1242 1254 1075 1087
t 1074 1242 1254 1243
t 1254 1087 1243 1255
t 1074 1243 1075 1087
t 1074 1087 1254 1086
t 1074 1254 1243 1087
t 1075 1243 1255 1076
t 1243 1087 1255 1088
t 1243 1076 1244 1088
t 1243 1255 1076 1088
t 1075 1243 1255 1244
t 1255 1088 1244 1256
t 1075 1244 1076 1088
t 1075 1088 1255 1087
t 1075 1255 1244 1088
t 1076 1244 1256 1077
t 1244 1088 1256 1089
t 1244 1077 1245 1089
t 1244 1256 1077 1089
t 1076 1244 1256 1245
t 1256 1089 1245 1257
t 1076 1245 1077 1089
t 1076 1089 1256 1088
t 1076 1256 1245 1089
t 1077 1245 1257 1078
t 1245 1089 1257 1090
t 1245 1078 1246 1090
t 1245 1257 1078 1090
t 1077 1245 1257 1246
t 1257 1090 1246 1258
t 1077 1246 1078 1090
t 1077 1090 1257 1089
t 1077 1257 1246 1090
t 1079 1247 1259 1080
t 1247 1091 1259 1092
t 1247 1080 1248 1092
t 1247 1259 1080 1092
t 1079 1247 1259 1248
t 1259 1092 1248 1260
t 1079 1248 1080 1092
t 1079 1092 1259 1091
t 1079 1259 1248 1092
t 1080 1248 1260 1081
t 1248 1092 1260 1093
t 1248 1081 1249 1093
t 1248 1260 1081 1093
t 1080 1248 1260 1249
t 1260 1093 1249 1261
t 1080 1249 1081 1093
t 1080 1093 1260 1092
t 1080 1260 1249 1093
t 1081 1249 1261 1082
t 1249 1093 1261 1094
t 1249 1082 1250 1094
t 1249 1261 1082 1094
t 1081 1249 1261 1250
t 1261 1094 1250 1262
t 1081 1250 1082 1094
t 1081 1094 1261 1093
t 1081 1261 1250 1094
t 1082 1250 1262 1083
t 1250 1094 1262 1095
t 1250 1083 1251 1095
t 1250 1262 1083 1095
t 1082 1250 1262 1251
t 1262 1095 1251 1263
t 1082 1251 1083 1095
t 1082 1095 1262 1094
t 1082 1262 1251 1095
t 1085 1253 1264 1086
t 1253 1096 1264 1097
t 1253 1086 1254 1097
t 1253 1264 1086 1097
t 1085 1253 1264 1254
t 1264 1097 1254 1265
t 1085 1254 1086 1097
t 1085 1097 1264 1096
t 1085 1264 1254 1097
t 1086 1254 1265 1087
t 1254 1097 1265 1098
t 1254 1087 1255 1098
t 1254 1265 1087 1098
t 1086 1254 1265 1255
t 1265 1098 1255 1266
t 1086 1255 1087 1098
t 1086 1098 1265 1097
t 1086 1265 1255 1098
t 1087 1255 1266 1088
t 1255 1098 1266 1099
t 1255 1088 1256 1099
t 1255 1266 1088 1099
t 1087 1255 1266 1256
t 1266 1099 1256 1267
t 1087 1256 1088 1099
t 1087 1099 1266 1098
t 1087 1266 1256 1099
t 1088 1256 1267 1089
t 1256 1099 1267 1100
t 1256 1089 1257 1100
t 1256 1267 1089 1100
t 1088 1256 1267 1257
t 1267 1100 1257 1268
t 1088 1257 1089 1100
t 1088 1100 1267 1099
t 1088 1267 1257 1100
t 1089 1257 1268 1090
t 1257 1100 1268 1101
t 1257 1090 1258 1101
t 1257 1268 1090 1101
t 1089 1257 1268 1258
t 1268 1101 1258 1269
t 1089 1258 1090 1101
t 1089 1101 1268 1100
t 1089 1268 1258 1101
t 1091 1259 1270 1092
t 1259 1102 1270 1103
t 1259 1092 1260 1103
t 1259 1270 1092 1103
t 1091 1259 1270 1260
t 1270 1103 1260 1271
t 1091 1260 1092 1103
t 1091 1103 1270 1102
t 1091 1270 1260 1103
t 1092 1260 1271 1093
t 1260 1103 1271 1104
t 1260 1093 1261 1104
t 1260 1271 1093 1104
t 1092 1260 1271 1261
t 1271 1104 1261 1272
t 1092 1261 1093 1104
t 1092 1104 1271 1103
t 1092 1271 1261 1104
t 1093 1261 1272 1094
t 1261 1104 1272 1105
t 1261 1094 1262 1105
t 1261 1272 1094 1105
t 1093 1261 1272 1262
t 1272 1105 1262 1273
t 1093 1262 1094 1105
t 1093 1105 1272 1104
t 1093 1272 1262 1105
t 1094 1262 1273 1095
t 1262 1105 1273 1106
t 1262 1095 1263 1106
t 1262 1273 1095 1106
t 1094 1262 1273 1263
t 1273 1106 1263 1274
t 1094 1263 1095 1106
t 1094 1106 1273 1105
t 1094 1273 1263 1106
t 1095 1263 1274 1107
t 1263 1106 1274 1108
t 1263 1107 1275 1108
t 1263 1274 1107 1108
t 1095 1263 1274 1275
t 1274 1108 1275 1276
t 1095 1275 1107 1108
t 1095 1108 1274 1106
t 1095 1274 1275 1108
t 1107 1275 1276 1109
t 1275 1108 1276 1110
t 1275 1109 1277 1110
t 1275 1276 1109 1110
t 1107 1275 1276 1277
t 1276 1110 1277 1278
t 1107 1277 1109 1110
t 1107 1110 1276 1108
t 1107 1276 1277 1110
t 1109 1277 1278 1096
t 1277 1110 1278 1111
t 1277 1096 1264 1111
t 1277 1278 1096 1111
t 1109 1277 1278 1264
t 1278 1111 1264 1279
t 1109 1264 1096 1111
t 1109 1111 1278 1110
t 1109 1278 1264 1111
t 1096 1264 1279 1097
t 1264 1111 1279 1112
t 1264 1097 1265 1112
t 1264 1279 1097 1112
t 1096 1264 1279 1265
t 1279 1112 1265 1280
t 1096 1265 1097 1112
t 1096 1112 1279 1111
t 1096 1279 1265 1112
t 1097 1265 1280 1098
t 1265 1112 1280 1113
t 1265 1098 1266 1113
t 1265 1280 1098 1113
t 1097 1265 1280 1266
t 1280 1113 1266 1281
t 1097 1266 1098 1113
t 1097 1113 1280 1112
t 1097 1280 1266 1113
t 1098 1266 1281 1099
t 1266 1113 1281 1114
t 1266 1099 1267 1114
t 1266 1281 1099 1114
t 1098 1266 1281 1267
t 1281 1114 1267 1282
t 1098 1267 1099 1114
t 1098 1114 1281 1113
t 1098 1281 1267 1114
t 1099 1267 1282 1100
t 1267 1114 1282 1115
t 1267 1100 1268 1115
t 1267 1282 1100 1115
t 1099 1267 1282 1268
t 1282 1115 1268 1283
t 1099 1268 1100 1115
t 1099 1115 1282 1114
t 1099 1282 1268 1115
t 1100 1268 1283 1101
t 1268 1115 1283 1116
t 1268 1101 1269 1116
t 1268 1283 1101 1116
t 1100 1268 1283 1269
t 1283 1116 1269 1284
t 1100 1269 1101 1116
t 1100 1116 1283 1115
t 1100 1283 1269 1116
t 1102 1270 1285 1103
t 1270 1117 1285 1118
t 1270 1103 1271 1118
t 1270 1285 1103 1118
t 1102 1270 1285 1271
t 1285 1118 1271 1286
t 1102 1271 1103 1118
t 1102 1118 1285 1117
t 1102 1285 1271 1118
t 1103 1271 1286 1104
t 1271 1118 1286 1119
t 1271 1104 1272 1119
t 1271 1286 1104 1119
t 1103 1271 1286 1272
t 1286 1119 1272 1287
t 1103 1272 1104 1119
t 1103 1119 1286 1118
t 1103 1286 1272 1119
t 1104 1272 1287 1105
t 1272 1119 1287 1120
t 1272 1105 1273 1120
t 1272 1287 1105 1120
t 1104 1272 1287 1273
t 1287 1120 1273 1288
t 1104 1273 1105 1120
t 1104 1120 1287 1119
t 1104 1287 1273 1120
t 1105 1273 1288 1106
t 1273 1120 1288 1121
t 1273 1106 1274 1121
t 1273 1288 1106 1121
t 1105 1273 1288 1274
t 1288 1121 1274 1289
t 1105 1274 1106 1121
t 1105 1121 1288 1120
t 1105 1288 1274 1121
t 1106 1274 1289 1108
t 1274 1121 1289 1122
t 1274 1108 1276 1122
t 1274 1289 1108 1122
t 1106 1274 1289 1276
t 1289 1122 1276 1290
t 1106 1276 1108 1122
t 1106 1122 1289 1121
t 1106 1289 1276 1122
t 1108 1276 1290 1110
t 1276 1122 1290 1123
t 1276 1110 1278 1123
t 1276 1290 1110 1123
t 1108 1276 1290 1278
t 1290 1123 1278 1291
t 1108 1278 1110 1123
t 1108 1123 1290 1122
t 1108 1290 1278 1123
t 1110 1278 1291 1111
t 1278 1123 1291 1124
t 1278 1111 1279 1124
t 1278 1291 1111 1124
t 1110 1278 1291 1279
t 1291 1124 1279 1292
t 1110 1279 1111 1124
t 1110 1124 1291 1123
t 1110 1291 1279 1124
t 1111 1279 1292 1112
t 1279 1124 1292 1125
t 1279 1112 1280 1125
t 1279 1292 1112 1125
t 1111 1279 1292 1280
t 1292 1125 1280 1293
t 1111 1280 1112 1125
t 1111 1125 1292 1124
t 1111 1292 1280 1125
t 1112 1280 1293 1113
t 1280 1125 1293 1126
t 1280 1113 1281 1126
t 1280 1293 1113 1126
t 1112 1280 1293 1281
t 1293 1126 1281 1294
t 1112 1281 1113 1126
t 1112 1126 1293 1125
t 1112 1293 1281 1126
t 1113 1281 1294 1114
t 1281 1126 1294 1127
t 1281 1114 1282 1127
t 1281 1294 1114 1127
t 1113 1281 1294 1282
t 1294 1127 1282 1295
t 1113 1282 1114 1127
t 1113 1127 1294 1126
t 1113 1294 1282 1127
t 1114 1282 1295 1115
t 1282 1127 1295 1128
t 1282 1115 1283 1128
t 1282 1295 1115 1128
t 1114 1282 1295 1283
t 1295 1128 1283 1296
t 1114 1283 1115 1128
t 1114 1128 1295 1127
t 1114 1295 1283 1128
t 1115 1283 1296 1116
t 1283 1128 1296 1129
t 1283 1116 1284 1129
t 1283 1296 1116 1129
t 1115 1283 1296 1284
t 1296 1129 1284 1297
t 1115 1284 1116 1129
t 1115 1129 1296 1128
t 1115 1296 1284 1129
t 1117 1285 1298 1118
t 1285 1130 1298 1131
t 1285 1118 1286 1131
t 1285 1298 1118 1131
t 1117 1285 1298 1286
t 1298 1131 1286 1299
t 1117 1286 1118 1131
t 1117 1131 1298 1130
t 1117 1298 1286 1131
t 1118 1286 1299 1119
t 1286 1131 1299 1132
t 1286 1119 1287 1132
t 1286 1299 1119 1132
t 1118 1286 1299 1287
t 1299 1132 1287 1300
t 1118 1287 1119 1132
t 1118 1132 1299 1131
t 1118 1299 1287 1132
t 1119 1287 1300 1120
t 1287 1132 1300 1133
t 1287 1120 1288 1133
t 1287 1300 1120 1133
t 1119 1287 1300 1288
t 1300 1133 1288 1301
t 1119 1288 1120 1133
t 1119 1133 1300 1132
t 1119 1300 1288 1133
t 1120 1288 1301 1121
t 1288 1133 1301 1134
t 1288 1121 1289 1134
t 1288 1301 1121 1134
t 1120 1288 1301 1289
t 1301 1134 1289 1302
t 1120 1289 1121 1134
t 1120 1134 1301 1133
t 1120 1301 1289 1134
t 1121 1289 1302 1122
t 1289 1134 1302 1135
t 1289 1122 1290 1135
t 1289 1302 1122 1135
t 1121 1289 1302 1290
t 1302 1135 1290 1303
t 1121 1290 1122 1135
t 1121 1135 1302 1134
t 1121 1302 1290 1135
t 1122 1290 1303 1123
t 1290 1135 1303 1136
t 1290 1123 1291 1136
t 1290 1303 1123 1136
t 1122 1290 1303 1291
t 1303 1136 1291 1304
t 1122 1291 1123 1136
t 1122 1136 1303 1135
t 1122 1303 1291 1136
t 1123 1291 1304 1124
t 1291 1136 1304 1137
t 1291 1124 1292 1137
t 1291 1304 1124 1137
t 1123 1291 1304 1292
t 1304 1137 1292 1305
t 1123 1292 1124 1137
t 1123 1137 1304 1136
t 1123 1304 1292 1137
t 1124 1292 1305 1125
t 1292 1137 1305 1138
t 1292 1125 1293 1138
t 1292 1305 1125 1138
t 1124 1292 1305 1293
t 1305 1138 1293 1306
t 1124 1293 1125 1138
t 1124 1138 1305 1137
t 1124 1305 1293 1138
t 1125 1293 1306 1126
t 1293 1138 1306 1139
t 1293 1126 1294 1139
t 1293 1306 1126 1139
t 1125 1293 1306 1294
t 1306 1139 1294 1307
t 1125 1294 1126 1139
t 1125 1139 1306 1138
t 1125 1306 1294 1139
t 1126 1294 1307 1127
t 1294 1139 1307 1140
t 1294 1127 1295 1140
t 1294 1307 1127 1140
t 1126 1294 1307 1295
t 1307 1140 1295 1308
t 1126 1295 1127 1140
t 1126 1140 1307 1139
t 1126 1307 1295 1140
t 1127 1295 1308 1128
t 1295 1140 1308 1141
t 1295 1128 1296 1141
t 1295 1308 1128 1141
t 1127 1295 1308 1296
t 1308 1141 1296 1309
t 1127 1296 1128 1141
t 1127 1141 1308 1140
t 1127 1308 1296 1141
t 1128 1296 1309 1129
t 1296 1141 1309 1142
t 1296 1129 1297 1142
t 1296 1309 1129 1142
t 1128 1296 1309 1297
t 1309 1142 1297 1310
t 1128 1297 1129 1142
t 1128 1142 1309 1141
t 1128 1309 1297 1142
t 1130 1298 1311 1131
t 1298 1143 1311 1144
t 1298 1131 1299 1144
t 1298 1311 1131 1144
t 1130 1298 1311 1299
t 1311 1144 1299 1312
t 1130 1299 1131 1144
t 1130 1144 1311 1143
t 1130 1311 1299 1144
t 1131 1299 1312 1132
t 1299 1144 1312 1145
t 1299 1132 1300 1145
t 1299 1312 1132 1145
t 1131 1299 1312 1300
t 1312 1145 1300 1313
t 1131 1300 1132 1145
t 1131 1145 1312 1144
t 1131 1312 1300 1145
t 1132 1300 1313 1133
t 1300 1145 1313 1146
t 1300 1133 1301 1146
t 1300 1313 1133 1146
t 1132 1300 1313 1301
t 1313 1146 1301 1314
t 1132 1301 1133 1146
t 1132 1146 1313 1145
t 1132 1313 1301 1146
t 1133 1301 1314 1134
t 1301 1146 1314 1147
t 1301 1134 1302 1147
t 1301 1314 1134 1147
t 1133 1301 1314 1302
t 1314 1147 1302 1315
t 1133 1302 1134 1147
t 1133 1147 1314 1146
t 1133 1314 1302 1147
t 1134 1302 1315 1135
t 1302 1147 1315 1148
t 1302 1135 1303 1148
t 1302 1315 1135 1148
t 1134 1302 1315 1303
t 1315 1148 1303 1316
t 1134 1303 1135 1148
t 1134 1148 1315 1147
t 1134 1315 1303 1148
t 1135 1303 1316 1136
t 1303 1148 1316 1149
t 1303 1136 1304 1149
t 1303 1316 1136 1149
t 1135 1303 1316 1304
t 1316 1149 1304 1317
t 1135 1304 1136 1149
t 1135 1149 1316 1148
t 1135 1316 1304 1149
t 1136 1304 1317 1137
t 1304 1149 1317 1150
t 1304 1137 1305 1150
t 1304 1317 1137 1150
t 1136 1304 1317 1305
t 1317 1150 1305 1318
t 1136 1305 1137 1150
t 1136 1150 1317 1149
t 1136 1317 1305 1150
t 1137 1305 1318 1138
t 1305 1150 1318 1151
t 1305 1138 1306 1151
t 1305 1318 1138 1151
t 1137 1305 1318 1306
t 1318 1151 1306 1319
t 1137 1306 1138 1151
t 1137 1151 1318 1150
t 1137 1318 1306 1151
t 1138 1306 1319 1139
t 1306 1151 1319 1152
t 1306 1139 1307 1152
t 1306 1319 1139 1152
t 1138 1306 1319 1307
t 1319 1152 1307 1320
t 1138 1307 1139 1152
t 1138 1152 1319 1151
t 1138 1319 1307 1152
t 1139 1307 1320 1140
t 1307 1152 1320 1153
t 1307 1140 1308 1153
t 1307 1320 1140 1153
t 1139 1307 1320 1308
t 1320 1153 1308 1321
t 1139 1308 1140 1153
t 1139 1153 1320 1152
t 1139 1320 1308 1153
t 1140 1308 1321 1141
t 1308 1153 1321 1154
t 1308 1141 1309 1154
t 1308 1321 1141 1154
t 1140 1308 1321 1309
t 1321 1154 1309 1322
t 1140 1309 1141 1154
t 1140 1154 1321 1153
t 1140 1321 1309 1154
t 1141 1309 1322 1142
t 1309 1154 1322 1155
t 1309 1142 1310 1155
t 1309 1322 1142 1155
t 1141 1309 1322 1310
t 1322 1155 1310 1323
t 1141 1310 1142 1155
t 1141 1155 1322 1154
t 1141 1322 1310 1155
t 1143 1311 1324 1144
t 1311 1156 1324 1157
t 1311 1144 1312 1157
t 1311 1324 1144 1157
t 1143 1311 1324 1312
t 1324 1157 1312 1325
t 1143 1312 1144 1157
t 1143 1157 1324 1156
t 1143 1324 1312 1157
t 1144 1312 1325 1145
t 1312 1157 1325 1158
t 1312 1145 1313 1158
t 1312 1325 1145 1158
t 1144 1312 1325 1313
t 1325 1158 1313 1326
t 1144 1313 1145 1158
t 1144 1158 1325 1157
t 1144 1325 1313 1158
t 1145 1313 1326 1146
t 1313 1158 1326 1159
t 1313 1146 1314 1159
t 1313 1326 1146 1159
t 1145 1313 1326 1314
t 1326 1159 1314 1327
t 1145 1314 1146 1159
t 1145 1159 1326 1158
t 1145 1326 1314 1159
t 1146 1314 1327 1147
t 1314 1159 1327 1160
t 1314 1147 1315 1160
t 1314 1327 1147 1160
t 1146 1314 1327 1315
t 1327 1160 1315 1328
t 1146 1315 1147 1160
t 1146 1160 1327 1159
t 1146 1327 1315 1160
t 1147 1315 1328 1148
t 1315 1160 1328 1161
t 1315 1148 1316 1161
t 1315 1328 1148 1161
t 1147 1315 1328 1316
t 1328 1161 1316 1329
t 1147 1316 1148 1161
t 1147 1161 1328 1160
t 1147 1328 1316 1161
t 1148 1316 1329 1149
t 1316 1161 1329 1162
t 1316 1149 1317 1162
t 1316 1329 1149 1162
t 1148 1316 1329 1317
t 1329 1162 1317 1330
t 1148 1317 1149 1162
t 1148 1162 1329 1161
t 1148 1329 1317 1162
t 1149 1317 1330 1150
t 1317 1162 1330 1163
t 1317 1150 1318 1163
t 1317 1330 1150 1163
t 1149 1317 1330 1318
t 1330 1163 1318 1331
t 1149 1318 1150 1163
t 1149 1163 1330 1162
t 1149 1330 1318 1163
t 1150 1318 1331 1151
t 1318 1163 1331 1164
t 1318 1151 1319 1164
t 1318 1331 1151 1164
t 1150 1318 1331 1319
t 1331 1164 1319 1332
t 1150 1319 1151 1164
t 1150 1164 1331 1163
t 1150 1331 1319 1164
t 1151 1319 1332 1152
t 1319 1164 1332 1165
t 1319 1152 1320 1165
t 1319 1332 1152 1165
t 1151 1319 1332 1320
t 1332 1165 1320 1333
t 1151 1320 1152 1165
t 1151 1165 1332 1164
t 1151 1332 1320 1165
t 1152 1320 1333 1153
t 1320 1165 1333 1166
t 1320 1153 1321 1166
t 1320 1333 1153 1166
t 1152 1320 1333 1321
t 1333 1166 1321 1334
t 1152 1321 1153 1166
t 1152 1166 1333 1165
t 1152 1333 1321 1166
t 1153 1321 1334 1154
t 1321 1166 1334 1167
t 1321 1154 1322 1167
t 1321 1334 1154 1167
t 1153 1321 1334 1322
t 1334 1167 1322 1335
t 1153 1322 1154 1167
t 1153 1167 1334 1166
t 1153 1334 1322 1167
t 1154 1322 1335 1155
t 1322 1167 1335 1168
t 1322 1155 1323 1168
t 1322 1335 1155 1168
t 1154 1322 1335 1323
t 1335 1168 1323 1336
t 1154 1323 1155 1168
t 1154 1168 1335 1167
t 1154 1335 1323 1168
t 1156 1324 1337 1157
t 1324 1169 1337 1170
t 1324 1157 1325 1170
t 1324 1337 1157 1170
t 1156 1324 1337 1325
t 1337 1170 1325 1338
t 1156 1325 1157 1170
t 1156 1170 1337 1169
t 1156 1337 1325 1170
t 1157 1325 1338 1158
t 1325 1170 1338 1171
t 1325 1158 1326 1171
t 1325 1338 1158 1171
t 1157 1325 1338 1326
t 1338 1171 1326 1339
t 1157 1326 1158 1171
t 1157 1171 1338 1170
t 1157 1338 1326 1171
t 1158 1326 1339 1159
t 1326 1171 1339 1172
t 1326 1159 1327 1172
t 1326 1339 1159 1172
t 1158 1326 1339 1327
t 1339 1172 1327 1340
t 1158 1327 1159 1172
t 1158 1172 1339 1171
t 1158 1339 1327 1172
t 1159 1327 1340 1160
t 1327 1172 1340 1173
t 1327 1160 1328 1173
t 1327 1340 1160 1173
t 1159 1327 1340 1328
t 1340 1173 1328 1341
t 1159 1328 1160 1173
t 1159 1173 1340 1172
t 1159 1340 1328 1173
t 1160 1328 1341 1161
t 1328 1173 1341 1174
t 1328 1161 1329 1174
t 1328 1341 1161 1174
t 1160 1328 1341 1329
t 1341 1174 1329 1342
t 1160 1329 1161 1174
t 1160 1174 1341 1173
t 1160 1341 1329 1174
t 1161 1329 1342 1162
t 1329 1174 1342 1175
t 1329 1162 1330 1175
t 1329 1342 1162 1175
t 1161 1329 1342 1330
t 1342 1175 1330 1343
t 1161 1330 1162 1175
t 1161 1175 1342 1174
t 1161 1342 1330 1175
t 1162 1330 1343 1163
t 1330 1175 1343 1176
t 1330 1163 1331 1176
t 1330 1343 1163 1176
t 1162 1330 1343 1331
t 1343 1176 1331 1344
t 1162 1331 1163 1176
t 1162 1176 1343 1175
t 1162 1343 1331 1176
t 1163 1331 1344 1164
t 1331 1176 1344 1177
t 1331 1164 1332 1177
t 1331 1344 1164 1177
t 1163 1331 1344 1332
t 1344 1177 1332 1345
t 1163 1332 1164 1177
t 1163 1177 1344 1176
t 1163 1344 1332 1177
t 1164 1332 1345 1165
t 1332 1177 1345 1178
t 1332 1165 1333 1178
t 1332 1345 1165 1178
t 1164 1332 1345 1333
t 1345 1178 1333 1346
t 1164 1333 1165 1178
t 1164 1178 1345 1177
t 1164 1345 1333 1178
t 1165 1333 1346 1166
t 1333 1178 1346 1179
t 1333 1166 1334 1179
t 1333 1346 1166 1179
t 1165 1333 1346 1334
t 1346 1179 1334 1347
t 1165 1334 1166 1179
t 1165 1179 1346 1178
t 1165 1346 1334 1179
t 1166 1334 1347 1167
t 1334 1179 1347 1180
t 1334 1167 1335 1180
t 1334 1347 1167 1180
t 1166 1334 1347 1335
t 1347 1180 1335 1348
t 1166 1335 1167 1180
t 1166 1180 1347 1179
t 1166 1347 1335 1180
t 1167 1335 1348 1168
t 1335 1180 1348 1181
t 1335 1168 1336 1181
t 1335 1348 1168 1181
t 1167 1335 1348 1336
t 1348 1181 1336 1349
t 1167 1336 1168 1181
t 1167 1181 1348 1180
t 1167 1348 1336 1181
t 1182 1350 1351 1184
t 1350 1183 1351 1185
t 1350 1184 1352 1185
t 1350 1351 1184 1185
t 1182 1350 1351 1352
t 1351 1185 1352 1353
t 1182 1352 1184 1185
t 1182 1185 1351 1183
t 1182 1351 1352 1185
t 1184 1352 1353 1186
t 1352 1185 1353 1187
t 1352 1186 1354 1187
t 1352 1353 1186 1187
t 1184 1352 1353 1354
t 1353 1187 1354 1355
t 1184 1354 1186 1187
t 1184 1187 1353 1185
t 1184 1353 1354 1187
t 1186 1354 1355 1188
t 1354 1187 1355 1189
t 1354 1188 1356 1189
t 1354 1355 1188 1189
t 1186 1354 1355 1356
t 1355 1189 1356 1357
t 1186 1356 1188 1189
t 1186 1189 1355 1187
t 1186 1355 1356 1189
t 1188 1356 1357 1190
t 1356 1189 1357 1191
t 1356 1190 1358 1191
t 1356 1357 1190 1191
t 1188 1356 1357 1358
t 1357 1191 1358 1359
t 1188 1358 1190 1191
t 1188 1191 1357 1189
t 1188 1357 1358 1191
t 1190 1358 1359 1192
t 1358 1191 1359 1193
t 1358 1192 1360 1193
t 1358 1359 1192 1193
t 1190 1358 1359 1360
t 1359 1193 1360 1361
t 1190 1360 1192 1193
t 1190 1193 1359 1191
t 1190 1359 1360 1193
t 1192 1360 1361 1194
t 1360 1193 1361 1195
t 1360 1194 1362 1195
t 1360 1361 1194 1195
t 1192 1360 1361 1362
t 1361 1195 1362 1363
t 1192 1362 1194 1195
t 1192 1195 1361 1193
t 1192 1361 1362 1195
t 1194 1362 1363 1196
t 1362 1195 1363 1197
t 1362 1196 1364 1197
t 1362 1363 1196 1197
t 1194 1362 1363 1364
t 1363 1197 1364 1365
t 1194 1364 1196 1197
t 1194 1197 1363 1195
t 1194 1363 1364 1197
t 1196 1364 1365 1198
t 1364 1197 1365 1199
t 1364 1198 1366 1199
t 1364 1365 1198 1199
t 1196 1364 1365 1366
t 1365 1199 1366 1367
t 1196 1366 1198 1199
t 1196 1199 1365 1197
t 1196 1365 1366 1199
t 1198 1366 1367 1200
t 1366 1199 1367 1201
t 1366 1200 1368 1201
t 1366 1367 1200 1201
t 1198 1366 1367 1368
t 1367 1201 1368 1369
t 1198 1368 1200 1201
t 1198 1201 1367 1199
t 1198 1367 1368 1201
t 1200 1368 1369 1202
t 1368 1201 1369 1203
t 1368 1202 1370 1203
t 1368 1369 1202 1203
t 1200 1368 1369 1370
t 1369 1203 1370 1371
t 1200 1370 1202 1203
t 1200 1203 1369 1201
t 1200 1369 1370 1203
t 1202 1370 1371 1204
t 1370 1203 1371 1205
t 1370 1204 1372 1205
t 1370 1371 1204 1205
t 1202 1370 1371 1372
t 1371 1205 1372 1373
t 1202 1372 1204 1205
t 1202 1205 1371 1203
t 1202 1371 1372 1205
t 1204 1372 1373 1206
t 1372 1205 1373 1207
t 1372 1206 1374 1207
t 1372 1373 1206 1207
t 1204 1372 1373 1374
t 1373 1207 1374 1375
t 1204 1374 1206 1207
t 1204 1207 1373 1205
t 1204 1373 1374 1207
t 1183 1351 1376 1185
t 1351 1208 1376 1209
t 1351 1185 1353 1209
t 1351 1376 1185 1209
t 1183 1351 1376 1353
t 1376 1209 1353 1377
t 1183 1353 1185 1209
t 1183 1209 1376 1208
t 1183 1376 1353 1209
t 1185 1353 1377 1187
t 1353 1209 1377 1210
t 1353 1187 1355 1210
t 1353 1377 1187 1210
t 1185 1353 1377 1355
t 1377 1210 1355 1378
t 1185 1355 1187 1210
t 1185 1210 1377 1209
t 1185 1377 1355 1210
t 1187 1355 1378 1189
t 1355 1210 1378 1211
t 1355 1189 1357 1211
t 1355 1378 1189 1211
t 1187 1355 1378 1357
t 1378 1211 1357 1379
t 1187 1357 1189 1211
t 1187 1211 1378 1210
t 1187 1378 1357 1211
t 1189 1357 1379 1191
t 1357 1211 1379 1212
t 1357 1191 1359 1212
t 1357 1379 1191 1212
t 1189 1357 1379 1359
t 1379 1212 1359 1380
t 1189 1359 1191 1212
t 1189 1212 1379 1211
t 1189 1379 1359 1212
t 1191 1359 1380 1193
t 1359 1212 1380 1213
t 1359 1193 1361 1213
t 1359 1380 1193 1213
t 1191 1359 1380 1361
t 1380 1213 1361 1381
t 1191 1361 1193 1213
t 1191 1213 1380 1212
t 1191 1380 1361 1213
t 1193 1361 1381 1195
t 1361 1213 1381 1214
t 1361 1195 1363 1214
t 1361 1381 1195 1214
t 1193 1361 1381 1363
t 1381 1214 1363 1382
t 1193 1363 1195 1214
t 1193 1214 1381 1213
t 1193 1381 1363 1214
t 1195 1363 1382 1197
t 1363 1214 1382 1215
t 1363 1197 1365 1215
t 1363 1382 1197 1215
t 1195 1363 1382 1365
t 1382 1215 1365 1383
t 1195 1365 1197 1215
t 1195 1215 1382 1214
t 1195 1382 1365 1215
t 1197 1365 1383 1199
t 1365 1215 1383 1216
t 1365 1199 1367 1216
t 1365 1383 1199 1216
t 1197 1365 1383 1367
t 1383 1216 1367 1384
t 1197 1367 1199 1216
t 1197 1216 1383 1215
t 1197 1383 1367 1216
t 1199 1367 1384 1201
t 1367 1216 1384 1217
t 1367 1201 1369 1217
t 1367 1384 1201 1217
t 1199 1367 1384 1369
t 1384 1217 1369 1385
t 1199 1369 1201 1217
t 1199 1217 1384 1216
t 1199 1384 1369 1217
t 1201 1369 1385 1203
t 1369 1217 1385 1218
t 1369 1203 1371 1218
t 1369 1385 1203 1218
t 1201 1369 1385 1371
t 1385 1218 1371 1386
t 1201 1371 1203 1218
t 1201 1218 1385 1217
t 1201 1385 1371 1218
t 1203 1371 1386 1205
t 1371 1218 1386 1219
t 1371 1205 1373 1219
t 1371 1386 1205 1219
t 1203 1371 1386 1373
t 1386 1219 1373 1387
t 1203 1373 1205 1219
t 1203 1219 1386 1218
t 1203 1386 1373 1219
t 1205 1373 1387 1207
t 1373 1219 1387 1220
t 1373 1207 1375 1220
t 1373 1387 1207 1220
t 1205 1373 1387 1375
t 1387 1220 1375 1388
t 1205 1375 1207 1220
t 1205 1220 1387 1219
t 1205 1387 1375 1220
t 1208 1376 1389 1209
t 1376 1221 1389 1222
t 1376 1209 1377 1222
t 1376 1389 1209 1222
t 1208 1376 1389 1377
t 1389 1222 1377 1390
t 1208 1377 1209 1222
t 1208 1222 1389 1221
t 1208 1389 1377 1222
t 1209 1377 1390 1210
t 1377 1222 1390 1223
t 1377 1210 1378 1223
t 1377 1390 1210 1223
t 1209 1377 1390 1378
t 1390 1223 1378 1391
t 1209 1378 1210 1223
t 1209 1223 1390 1222
t 1209 1390 1378 1223
t 1210 1378 1391 1211
t 1378 1223 1391 1224
t 1378 1211 1379 1224
t 1378 1391 1211 1224
t 1210 1378 1391 1379
t 1391 1224 1379 1392
t 1210 1379 1211 1224
t 1210 1224 1391 1223
t 1210 1391 1379 1224
t 1211 1379 1392 1212
t 1379 1224 1392 1225
t 1379 1212 1380 1225
t 1379 1392 1212 1225
t 1211 1379 1392 1380
t 1392 1225 1380 1393
t 1211 1380 1212 1225
t 1211 1225 1392 1224
t 1211 1392 1380 1225
t 1212 1380 1393 1213
t 1380 1225 1393 1226
t 1380 1213 1381 1226
t 1380 1393 1213 1226
t 1212 1380 1393 1381
t 1393 1226 1381 1394
t 1212 1381 1213 1226
t 1212 1226 1393 1225
t 1212 1393 1381 1226
t 1213 1381 1394 1214
t 1381 1226 1394 1227
t 1381 1214 1382 1227
t 1381 1394 1214 1227
t 1213 1381 1394 1382
t 1394 1227 1382 1395
t 1213 1382 1214 1227
t 1213 1227 1394 1226
t 1213 1394 1382 1227
t 1214 1382 1395 1215
t 1382 1227 1395 1228
t 1382 1215 1383 1228
t 1382 1395 1215 1228
t 1214 1382 1395 1383
t 1395 1228 1383 1396
t 1214 1383 1215 1228
t 1214 1228 1395 1227
t 1214 1395 1383 1228
t 1215 1383 1396 1216
t 1383 1228 1396 1229
t 1383 1216 1384 1229
t 1383 1396 1216 1229
t 1215 1383 1396 1384
t 1396 1229 1384 1397
t 1215 1384 1216 1229
t 1215 1229 1396 1228
t 1215 1396 1384 1229
t 1216 1384 1397 1217
t 1384 1229 1397 1230
t 1384 1217 1385 1230
t 1384 1397 1217 1230
t 1216 1384 1397 1385
t 1397 1230 1385 1398
t 1216 1385 1217 1230
t 1216 1230 1397 1229
t 1216 1397 1385 1230
t 1217 1385 1398 1218
t 1385 1230 1398 1231
t 1385 1218 1386 1231
t 1385 1398 1218 1231
t 1217 1385 1398 1386
t 1398 1231 1386 1399
t 1217 1386 1218 1231
t 1217 1231 1398 1230
t 1217 1398 1386 1231
t 1218 1386 1399 1219
t 1386 1231 1399 1232
t 1386 1219 1387 1232
t 1386 1399 1219 1232
t 1218 1386 1399 1387
t 1399 1232 1387 1400
t 1218 1387 1219 1232
t 1218 1232 1399 1231
t 1218 1399 1387 1232
t 1219 1387 1400 1220
t 1387 1232 1400 1233
t 1387 1220 1388 1233
t 1387 1400 1220 1233
t 1219 1387 1400 1388
t 1400 1233 1388 1401
t 1219 1388 1220 1233
t 1219 1233 1400 1232
t 1219 1400 1388 1233
t 1221 1389 1402 1222
t 1389 1234 1402 1235
t 1389 1222 1390 1235
t 1389 1402 1222 1235
t 1221 1389 1402 1390
t 1402 1235 1390 1403
t 1221 1390 1222 1235
t 1221 1235 1402 1234
t 1221 1402 1390 1235
t 1222 1390 1403 1223
t 1390 1235 1403 1236
t 1390 1223 1391 1236
t 1390 1403 1223 1236
t 1222 1390 1403 1391
t 1403 1236 1391 1404
t 1222 1391 1223 1236
t 1222 1236 1403 1235
t 1222 1403 1391 1236
t 1223 1391 1404 1224
t 1391 1236 1404 1237
t 1391 1224 1392 1237
t 1391 1404 1224 1237
t 1223 1391 1404 1392
t 1404 1237 1392 1405
t 1223 1392 1224 1237
t 1223 1237 1404 1236
t 1223 1404 1392 1237
t 1224 1392 1405 1225
t 1392 1237 1405 1238
t 1392 1225 1393 1238
t 1392 1405 1225 1238
t 1224 1392 1405 1393
t 1405 1238 1393 1406
t 1224 1393 1225 1238
t 1224 1238 1405 1237
t 1224 1405 1393 1238
t 1225 1393 1406 1226
t 1393 1238 1406 1239
t 1393 1226 1394 1239
t 1393 1406 1226 1239
t 1225 1393 1406 1394
t 1406 1239 1394 1407
t 1225 1394 1226 1239
t 1225 1239 1406 1238
t 1225 1406 1394 1239
t 1226 1394 1407 1227
t 1394 1239 1407 1240
t 1394 1227 1395 1240
t 1394 1407 1227 1240
t 1226 1394 1407 1395
t 1407 1240 1395 1408
t 1226 1395 1227 1240
t 1226 1240 1407 1239
t 1226 1407 1395 1240
t 1227 1395 1408 1228
t 1395 1240 1408 1241
t 1395 1228 1396 1241
t 1395 1408 1228 1241
t 1227 1395 1408 1396
t 1408 1241 1396 1409
t 1227 1396 1228 1241
t 1227 1241 1408 1240
t 1227 1408 1396 1241
t 1228 1396 1409 1229
t 1396 1241 1409 1242
t 1396 1229 1397 1242
t 1396 1409 1229 1242
t 1228 1396 1409 1397
t 1409 1242 1397 1410
t 1228 1397 1229 1242
t 1228 1242 1409 1241
t 1228 1409 1397 1242
t 1229 1397 1410 1230
t 1397 1242 1410 1243
t 1397 1230 1398 1243
t 1397 1410 1230 1243
t 1229 1397 1410 1398
t 1410 1243 1398 1411
t 1229 1398 1230 1243
t 1229 1243 1410 1242
t 1229 1410 1398 1243
t 1230 1398 1411 1231
t 1398 1243 1411 1244
t 1398 1231 1399 1244
t 1398 1411 1231 1244
t 1230 1398 1411 1399
t 1411 1244 1399 1412
t 1230 1399 1231 1244
t 1230 1244 1411 1243
t 1230 1411 1399 1244
t 1231 1399 1412 1232
t 1399 1244 1412 1245
t 1399 1232 1400 1245
t 1399 1412 1232 1245
t 1231 1399 1412 1400
t 1412 1245 1400 1413
t 1231 1400 1232 1245
t 1231 1245 1412 1244
t 1231 1412 1400 1245
t 1232 1400 1413 1233
t 1400 1245 1413 1246
t 1400 1233 1401 1246
t 1400 1413 1233 1246
t 1232 1400 1413 1401
t 1413 1246 1401 1414
t 1232 1401 1233 1246
t 1232 1246 1413 1245
t 1232 1413 1401 1246
t 1234 1402 1415 1235
t 1402 1247 1415 1248
t 1402 1235 1403 1248
t 1402 1415 1235 1248
t 1234 1402 1415 1403
t 1415 1248 1403 1416
t 1234 1403 1235 1248
t 1234 1248 1415 1247
t 1234 1415 1403 1248
t 1235 1403 1416 1236
t 1403 1248 1416 1249
t 1403 1236 1404 1249
t 1403 1416 1236 1249
t 1235 1403 1416 1404
t 1416 1249 1404 1417
t 1235 1404 1236 1249
t 1235 1249 1416 1248
t 1235 1416 1404 1249
t 1236 1404 1417 1237
t 1404 1249 1417 1250
t 1404 1237 1405 1250
t 1404 1417 1237 1250
t 1236 1404 1417 1405
t 1417 1250 1405 1418
t 1236 1405 1237 1250
t 1236 1250 1417 1249
t 1236 1417 1405 1250
t 1237 1405 1418 1238
t 1405 1250 1418 1251
t 1405 1238 1406 1251
t 1405 1418 1238 1251
t 1237 1405 1418 1406
t 1418 1251 1406 1419
t 1237 1406 1238 1251
t 1237 1251 1418 1250
t 1237 1418 1406 1251
t 1238 1406 1419 1239
t 1406 1251 1419 1252
t 1406 1239 1407 1252
t 1406 1419 1239 1252
t 1238 1406 1419 1407
t 1419 1252 1407 1420
t 1238 1407 1239 1252
t 1238 1252 1419 1251
t 1238 1419 1407 1252
t 1239 1407 1420 1240
t 1407 1252 1420 1421
t 1407 1240 1408 1421
t 1407 1420 1240 1421
t 1239 1407 1420 1408
t 1420 1421 1408 1422
t 1239 1408 1240 1421
t 1239 1421 1420 1252
t 1239 1420 1408 1421
t 1240 1408 1422 1241
t 1408 1421 1422 1253
t 1408 1241 1409 1253
t 1408 1422 1241 1253
t 1240 1408 1422 1409
t 1422 1253 1409 1423
t 1240 1409 1241 1253
t 1240 1253 1422 1421
t 1240 1422 1409 1253
t 1241 1409 1423 1242
t 1409 1253 1423 1254
t 1409 1242 1410 1254
t 1409 1423 1242 1254
t 1241 1409 1423 1410
t 1423 1254 1410 1424
t 1241 1410 1242 1254
t 1241 1254 1423 1253
t 1241 1423 1410 1254
t 1242 1410 1424 1243
t 1410 1254 1424 1255
t 1410 1243 1411 1255
t 1410 1424 1243 1255
t 1242 1410 1424 1411
t 1424 1255 1411 1425
t 1242 1411 1243 1255
t 1242 1255 1424 1254
t 1242 1424 1411 1255
t 1243 1411 1425 1244
t 1411 1255 1425 1256
t 1411 1244 1412 1256
t 1411 1425 1244 1256
t 1243 1411 1425 1412
t 1425 1256 1412 1426
t 1243 1412 1244 1256
t 1243 1256 1425 1255
t 1243 1425 1412 1256
t 1244 1412 1426 1245
t 1412 1256 1426 1257
t 1412 1245 1413 1257
t 1412 1426 1245 1257
t 1244 1412 1426 1413
t 1426 1257 1413 1427
t 1244 1413 1245 1257
t 1244 1257 1426 1256
t 1244 1426 1413 1257
t 1245 1413 1427 1246
t 1413 1257 1427 1258
t 1413 1246 1414 1258
t 1413 1427 1246 1258
t 1245 1413 1427 1414
t 1427 1258 1414 1428
t 1245 1414 1246 1258
t 1245 1258 1427 1257
t 1245 1427 1414 1258
t 1247 1415 1429 1248
t 1415 1259 1429 1260
t 1415 1248 1416 1260
t 1415 1429 1248 1260
t 1247 1415 1429 1416
t 1429 1260 1416 1430
t 1247 1416 1248 1260
t 1247 1260 1429 1259
t 1247 1429 1416 1260
t 1248 1416 1430 1249
t 1416 1260 1430 1261
t 1416 1249 1417 1261
t 1416 1430 1249 1261
t 1248 1416 1430 1417
t 1430 1261 1417 1431
t 1248 1417 1249 1261
t 1248 1261 1430 1260
t 1248 1430 1417 1261
t 1249 1417 1431 1250
t 1417 1261 1431 1262
t 1417 1250 1418 1262
t 1417 1431 1250 1262
t 1249 1417 1431 1418
t 1431 1262 1418 1432
t 1249 1418 1250 1262
t 1249 1262 1431 1261
t 1249 1431 1418 1262
t 1250 1418 1432 1251
t 1418 1262 1432 1263
t 1418 1251 1419 1263
t 1418 1432 1251 1263
t 1250 1418 1432 1419
t 1432 1263 1419 1433
t 1250 1419 1251 1263
t 1250 1263 1432 1262
t 1250 1432 1419 1263
t 1251 1419 1433 1252
t 1419 1263 1433 1275
t 1419 1252 1420 1275
t 1419 1433 1252 1275
t 1251 1419 1433 1420
t 1433 1275 1420 1434
t 1251 1420 1252 1275
t 1251 1275 1433 1263
t 1251 1433 1420 1275
t 1252 1420 1434 1421
t 1420 1275 1434 1277
t 1420 1421 1422 1277
t 1420 1434 1421 1277
t 1252 1420 1434 1422
t 1434 1277 1422 1435
t 1252 1422 1421 1277
t 1252 1277 1434 1275
t 1252 1434 1422 1277
t 1421 1422 1435 1253
t 1422 1277 1435 1264
t 1422 1253 1423 1264
t 1422 1435 1253 1264
t 1421 1422 1435 1423
t 1435 1264 1423 1436
t 1421 1423 1253 1264
t 1421 1264 1435 1277
t 1421 1435 1423 1264
t 1253 1423 1436 1254
t 1423 1264 1436 1265
t 1423 1254 1424 1265
t 1423 1436 1254 1265
t 1253 1423 1436 1424
t 1436 1265 1424 1437
t 1253 1424 1254 1265
t 1253 1265 1436 1264
t 1253 1436 1424 1265
t 1254 1424 1437 1255
t 1424 1265 1437 1266
t 1424 1255 1425 1266
t 1424 1437 1255 1266
t 1254 1424 1437 1425
t 1437 1266 1425 1438
t 1254 1425 1255 1266
t 1254 1266 1437 1265
t 1254 1437 1425 1266
t 1255 1425 1438 1256
t 1425 1266 1438 1267
t 1425 1256 1426 1267
t 1425 1438 1256 1267
t 1255 1425 1438 1426
t 1438 1267 1426 1439
t 1255 1426 1256 1267
t 1255 1267 1438 1266
t 1255 1438 1426 1267
t 1256 1426 1439 1257
t 1426 1267 1439 1268
t 1426 1257 1427 1268
t 1426 1439 1257 1268
t 1256 1426 1439 1427
t 1439 1268 1427 1440
t 1256 1427 1257 1268
t 1256 1268 1439 1267
t 1256 1439 1427 1268
t 1257 1427 1440 1258
t 1427 1268 1440 1269
t 1427 1258 1428 1269
t 1427 1440 1258 1269
t 1257 1427 1440 1428
t 1440 1269 1428 1441
t 1257 1428 1258 1269
t 1257 1269 1440 1268
t 1257 1440 1428 1269
t 1259 1429 1442 1260
t 1429 1270 1442 1271
t 1429 1260 1430 1271
t 1429 1442 1260 1271
t 1259 1429 1442 1430
t 1442 1271 1430 1443
t 1259 1430 1260 1271
t 1259 1271 1442 1270
t 1259 1442 1430 1271
t 1260 1430 1443 1261
t 1430 1271 1443 1272
t 1430 1261 1431 1272
t 1430 1443 1261 1272
t 1260 1430 1443 1431
t 1443 1272 1431 1444
t 1260 1431 1261 1272
t 1260 1272 1443 1271
t 1260 1443 1431 1272
t 1261 1431 1444 1262
t 1431 1272 1444 1273
t 1431 1262 1432 1273
t 1431 1444 1262 1273
t 1261 1431 1444 1432
t 1444 1273 1432 1445
t 1261 1432 1262 1273
t 1261 1273 1444 1272
t 1261 1444 1432 1273
t 1262 1432 1445 1263
t 1432 1273 1445 1274
t 1432 1263 1433 1274
t 1432 1445 1263 1274
t 1262 1432 1445 1433
t 1445 1274 1433 1446
t 1262 1433 1263 1274
t 1262 1274 1445 1273
t 1262 1445 1433 1274
t 1263 1433 1446 1275
t 1433 1274 1446 1276
t 1433 1275 1434 1276
t 1433 1446 1275 1276
t 1263 1433 1446 1434
t 1446 1276 1434 1447
t 1263 1434 1275 1276
t 1263 1276 1446 1274
t 1263 1446 1434 1276
t 1275 1434 1447 1277
t 1434 1276 1447 1278
t 1434 1277 1435 1278
t 1434 1447 1277 1278
t 1275 1434 1447 1435
t 1447 1278 1435 1448
t 1275 1435 1277 1278
t 1275 1278 1447 1276
t 1275 1447 1435 1278
t 1277 1435 1448 1264
t 1435 1278 1448 1279
t 1435 1264 1436 1279
t 1435 1448 1264 1279
t 1277 1435 1448 1436
t 1448 1279 1436 1449
t 1277 1436 1264 1279
t 1277 1279 1448 1278
t 1277 1448 1436 1279
t 1264 1436 1449 1265
t 1436 1279 1449 1280
t 1436 1265 1437 1280
t 1436 1449 1265 1280
t 1264 1436 1449 1437
t 1449 1280 1437 1450
t 1264 1437 1265 1280
t 1264 1280 1449 1279
t 1264 1449 1437 1280
t 1265 1437 1450 1266
t 1437 1280 1450 1281
t 1437 1266 1438 1281
t 1437 1450 1266 1281
t 1265 1437 1450 1438
t 1450 1281 1438 1451
t 1265 1438 1266 1281
t 1265 1281 1450 1280
t 1265 1450 1438 1281
t 1266 1438 1451 1267
t 1438 1281 1451 1282
t 1438 1267 1439 1282
t 1438 1451 1267 1282
t 1266 1438 1451 1439
t 1451 1282 1439 1452
t 1266 1439 1267 1282
t 1266 1282 1451 1281
t 1266 1451 1439 1282
t 1267 1439 1452 1268
t 1439 1282 1452 1283
t 1439 1268 1440 1283
t 1439 1452 1268 1283
t 1267 1439 1452 1440
t 1452 1283 1440 1453
t 1267 1440 1268 1283
t 1267 1283 1452 1282
t 1267 1452 1440 1283
t 1268 1440 1453 1269
t 1440 1283 1453 1284
t 1440 1269 1441 1284
t 1440 1453 1269 1284
t 1268 1440 1453 1441
t 1453 1284 1441 1454
t 1268 1441 1269 1284
t 1268 1284 1453 1283
t 1268 1453 1441 1284
t 1270 1442 1455 1271
t 1442 1285 1455 1286
t 1442 1271 1443 1286
t 1442 1455 1271 1286
t 1270 1442 1455 1443
t 1455 1286 1443 1456
t 1270 1443 1271 1286
t 1270 1286 1455 1285
t 1270 1455 1443 1286
t 1271 1443 1456 1272
t 1443 1286 1456 1287
t 1443 1272 1444 1287
t 1443 1456 1272 1287
t 1271 1443 1456 1444
t 1456 1287 1444 1457
t 1271 1444 1272 1287
t 1271 1287 1456 1286
t 1271 1456 1444 1287
t 1272 1444 1457 1273
t 1444 1287 1457 1288
t 1444 1273 1445 1288
t 1444 1457 1273 1288
t 1272 1444 1457 1445
t 1457 1288 1445 1458
t 1272 1445 1273 1288
t 1272 1288 1457 1287
t 1272 1457 1445 1288
t 1273 1445 1458 1274
t 1445 1288 1458 1289
t 1445 1274 1446 1289
t 1445 1458 1274 1289
t 1273 1445 1458 1446
t 1458 1289 1446 1459
t 1273 1446 1274 1289
t 1273 1289 1458 1288
t 1273 1458 1446 1289
t 1274 1446 1459 1276
t 1446 1289 1459 1290
t 1446 1276 1447 1290
t 1446 1459 1276 1290
t 1274 1446 1459 1447
t 1459 1290 1447 1460
t 1274 1447 1276 1290
t 1274 1290 1459 1289
t 1274 1459 1447 1290
t 1276 1447 1460 1278
t 1447 1290 1460 1291
t 1447 1278 1448 1291
t 1447 1460 1278 1291
t 1276 1447 1460 1448
t 1460 1291 1448 1461
t 1276 1448 1278 1291
t 1276 1291 1460 1290
t 1276 1460 1448 1291
t 1278 1448 1461 1279
t 1448 1291 1461 1292
t 1448 1279 1449 1292
t 1448 1461 1279 1292
t 1278 1448 1461 1449
t 1461 1292 1449 1462
t 1278 1449 1279 1292
t 1278 1292 1461 1291
t 1278 1461 1449 1292
t 1279 1449 1462 1280
t 1449 1292 1462 1293
t 1449 1280 1450 1293
t 1449 1462 1280 1293
t 1279 1449 1462 1450
t 1462 1293 1450 1463
t 1279 1450 1280 1293
t 1279 1293 1462 1292
t 1279 1462 1450 1293
t 1280 1450 1463 1281
t 1450 1293 1463 1294
t 1450 1281 1451 1294
t 1450 1463 1281 1294
t 1280 1450 1463 1451
t 1463 1294 1451 1464
t 1280 1451 1281 1294
t 1280 1294 1463 1293
t 1280 1463 1451 1294
t 1281 1451 1464 1282
t 1451 1294 1464 1295
t 1451 1282 1452 1295
t 1451 1464 1282 1295
t 1281 1451 1464 1452
t 1464 1295 1452 1465
t 1281 1452 1282 1295
t 1281 1295 1464 1294
t 1281 1464 1452 1295
t 1282 1452 1465 1283
t 1452 1295 1465 1296
t 1452 1283 1453 1296
t 1452 1465 1283 1296
t 1282 1452 1465 1453
t 1465 1296 1453 1466
t 1282 1453 1283 1296
t 1282 1296 1465 1295
t 1282 1465 1453 1296
t 1283 1453 1466 1284
t 1453 1296 1466 1297
t 1453 1284 1454 1297
t 1453 1466 1284 1297
t 1283 1453 1466 1454
t 1466 1297 1454 1467
t 1283 1454 1284 1297
t 1283 1297 1466 1296
t 1283 1466 1454 1297
t 1285 1455 1468 1286
t 1455 1298 1468 1299
t 1455 1286 1456 1299
t 1455 1468 1286 1299
t 1285 1455 1468 1456
t 1468 1299 1456 1469
t 1285 1456 1286 1299
t 1285 1299 1468 1298
t 1285 1468 1456 1299
t 1286 1456 1469 1287
t 1456 1299 1469 1300
t 1456 1287 1457 1300
t 1456 1469 1287 1300
t 1286 1456 1469 1457
t 1469 1300 1457 1470
t 1286 1457 1287 1300
t 1286 1300 1469 1299
t 1286 1469 1457 1300
t 1287 1457 1470 1288
t 1457 1300 1470 1301
t 1457 1288 1458 1301
t 1457 1470 1288 1301
t 1287 1457 1470 1458
t 1470 1301 1458 1471
t 1287 1458 1288 1301
t 1287 1301 1470 1300
t 1287 1470 1458 1301
t 1288 1458 1471 1289
t 1458 1301 1471 1302
t 1458 1289 1459 1302
t 1458 1471 1289 1302
t 1288 1458 1471 1459
t 1471 1302 1459 1472
t 1288 1459 1289 1302
t 1288 1302 1471 1301
t 1288 1471 1459 1302
t 1289 1459 1472 1290
t 1459 1302 1472 1303
t 1459 1290 1460 1303
t 1459 1472 1290 1303
t 1289 1459 1472 1460
t 1472 1303 1460 1473
t 1289 1460 1290 1303
t 1289 1303 1472 1302
t 1289 1472 1460 1303
t 1290 1460 1473 1291
t 1460 1303 1473 1304
t 1460 1291 1461 1304
t 1460 1473 1291 1304
t 1290 1460 1473 1461
t 1473 1304 1461 1474
t 1290 1461 1291 1304
t 1290 1304 1473 1303
t 1290 1473 1461 1304
t 1291 1461 1474 1292
t 1461 1304 1474 1305
t 1461 1292 1462 1305
t 1461 1474 1292 1305
t 1291 1461 1474 1462
t 1474 1305 1462 1475
t 1291 1462 1292 1305
t 1291 1305 1474 1304
t 1291 1474 1462 1305
t 1292 1462 1475 1293
t 1462 1305 1475 1306
t 1462 1293 1463 1306
t 1462 1475 1293 1306
t 1292 1462 1475 1463
t 1475 1306 1463 1476
t 1292 1463 1293 1306
t 1292 1306 1475 1305
t 1292 1475 1463 1306
t 1293 1463 1476 1294
t 1463 1306 1476 1307
t 1463 1294 1464 1307
t 1463 1476 1294 1307
t 1293 1463 1476 1464
t 1476 1307 1464 1477
t 1293 1464 1294 1307
t 1293 1307 1476 1306
t 1293 1476 1464 1307
t 1294 1464 1477 1295
t 1464 1307 1477 1308
t 1464 1295 1465 1308
t 1464 1477 1295 1308
t 1294 1464 1477 1465
t 1477 1308 1465 1478
t 1294 1465 1295 1308
t 1294 1308 1477 1307
t 1294 1477 1465 1308
t 1295 1465 1478 1296
t 1465 1308 1478 1309
t 1465 1296 1466 1309
t 1465 1478 1296 1309
t 1295 1465 1478 1466
t 1478 1309 1466 1479
t 1295 1466 1296 1309
t 1295 1309 1478 1308
t 1295 1478 1466 1309
t 1296 1466 1479 1297
t 1466 1309 1479 1310
t 1466 1297 1467 1310
t 1466 1479 1297 1310
t 1296 1466 1479 1467
t 1479 1310 1467 1480
t 1296 1467 1297 1310
t 1296 1310 1479 1309
t 1296 1479 1467 1310
t 1298 1468 1481 1299
t 1468 1311 1481 1312
t 1468 1299 1469 1312
t 1468 1481 1299 1312
t 1298 1468 1481 1469
t 1481 1312 1469 1482
t 1298 1469 1299 1312
t 1298 1312 1481 1311
t 1298 1481 1469 1312
t 1299 1469 1482 1300
t 1469 1312 1482 1313
t 1469 1300 1470 1313
t 1469 1482 1300 1313
t 1299 1469 1482 1470
t 1482 1313 1470 1483
t 1299 1470 1300 1313
t 1299 1313 1482 1312
t 1299 1482 1470 1313
t 1300 1470 1483 1301
t 1470 1313 1483 1314
t 1470 1301 1471 1314
t 1470 1483 1301 1314
t 1300 1470 1483 1471
t 1483 1314 1471 1484
t 1300 1471 1301 1314
t 1300 1314 1483 1313
t 1300 1483 1471 1314
t 1301 1471 1484 1302
t 1471 1314 1484 1315
t 1471 1302 1472 1315
t 1471 1484 1302 1315
t 1301 1471 1484 1472
t 1484 1315 1472 1485
t 1301 1472 1302 1315
t 1301 1315 1484 1314
t 1301 1484 1472 1315
t 1302 1472 1485 1303
t 1472 1315 1485 1316
t 1472 1303 1473 1316
t 1472 1485 1303 1316
t 1302 1472 1485 1473
t 1485 1316 1473 1486
t 1302 1473 1303 1316
t 1302 1316 1485 1315
t 1302 1485 1473 1316
t 1303 1473 1486 1304
t 1473 1316 1486 1317
t 1473 1304 1474 1317
t 1473 1486 1304 1317
t 1303 1473 1486 1474
t 1486 1317 1474 1487
t 1303 1474 1304 1317
t 1303 1317 1486 1316
t 1303 1486 1474 1317
t 1304 1474 1487 1305
t 1474 1317 1487 1318
t 1474 1305 1475 1318
t 1474 1487 1305 1318
t 1304 1474 1487 1475
t 1487 1318 1475 1488
t 1304 1475 1305 1318
t 1304 1318 1487 1317
t 1304 1487 1475 1318
t 1305 1475 1488 1306
t 1475 1318 1488 1319
t 1475 1306 1476 1319
t 1475 1488 1306 1319
t 1305 1475 1488 1476
t 1488 1319 1476 1489
t 1305 1476 1306 1319
t 1305 1319 1488 1318
t 1305 1488 1476 1319
t 1306 1476 1489 1307
t 1476 1319 1489 1320
t 1476 1307 1477 1320
t 1476 1489 1307 1320
t 1306 1476 1489 1477
t 1489 1320 1477 1490
t 1306 1477 1307 1320
t 1306 1320 1489 1319
t 1306 1489 1477 1320
t 1307 1477 1490 1308
t 1477 1320 1490 1321
t 1477 1308 1478 1321
t 1477 1490 1308 1321
t 1307 1477 1490 1478
t 1490 1321 1478 1491
t 1307 1478 1308 1321
t 1307 1321 1490 1320
t 1307 1490 1478 1321
t 1308 1478 1491 1309
t 1478 1321 1491 1322
t 1478 1309 1479 1322
t 1478 1491 1309 1322
t 1308 1478 1491 1479
t 1491 1322 1479 1492
t 1308 1479 1309 1322
t 1308 1322 1491 1321
t 1308 1491 1479 1322
t 1309 1479 1492 1310
t 1479 1322 1492 1323
t 1479 1310 1480 1323
t 1479 1492 1310 1323
t 1309 1479 1492 1480
t 1492 1323 1480 1493
t 1309 1480 1310 1323
t 1309 1323 1492 1322
t 1309 1492 1480 1323
t 1311 1481 1494 1312
t 1481 1324 1494 1325
t 1481 1312 1482 1325
t 1481 1494 1312 1325
t 1311 1481 1494 1482
t 1494 1325 1482 1495
t 1311 1482 1312 1325
t 1311 1325 1494 1324
t 1311 1494 1482 1325
t 1312 1482 1495 1313
t 1482 1325 1495 1326
t 1482 1313 1483 1326
t 1482 1495 1313 1326
t 1312 1482 1495 1483
t 1495 1326 1483 1496
t 1312 1483 1313 1326
t 1312 1326 1495 1325
t 1312 1495 1483 1326
t 1313 1483 1496 1314
t 1483 1326 1496 1327
t 1483 1314 1484 1327
t 1483 1496 1314 1327
t 1313 1483 1496 1484
t 1496 1327 1484 1497
t 1313 1484 1314 1327
t 1313 1327 1496 1326
t 1313 1496 1484 1327
t 1314 1484 1497 1315
t 1484 1327 1497 1328
t 1484 1315 1485 1328
t 1484 1497 1315 1328
t 1314 1484 1497 1485
t 1497 1328 1485 1498
t 1314 1485 1315 1328
t 1314 1328 1497 1327
t 1314 1497 1485 1328
t 1315 1485 1498 1316
t 1485 1328 1498 1329
t 1485 1316 1486 1329
t 1485 1498 1316 1329
t 1315 1485 1498 1486
t 1498 1329 1486 1499
t 1315 1486 1316 1329
t 1315 1329 1498 1328
t 1315 1498 1486 1329
t 1316 1486 1499 1317
t 1486 1329 1499 1330
t 1486 1317 1487 1330
t 1486 1499 1317 1330
t 1316 1486 1499 1487
t 1499 1330 1487 1500
t 1316 1487 1317 1330
t 1316 1330 1499 1329
t 1316 1499 1487 1330
t 1317 1487 1500 1318
t 1487 1330 1500 1331
t 1487 1318 1488 1331
t 1487 1500 1318 1331
t 1317 1487 1500 1488
t 1500 1331 1488 1501
t 1317 1488 1318 1331
t 1317 1331 1500 1330
t 1317 1500 1488 1331
t 1318 1488 1501 1319
t 1488 1331 1501 1332
t 1488 1319 1489 1332
t 1488 1501 1319 1332
t 1318 1488 1501 1489
t 1501 1332 1489 1502
t 1318 1489 1319 1332
t 1318 1332 1501 1331
t 1318 1501 1489 1332
t 1319 1489 1502 1320
t 1489 1332 1502 1333
t 1489 1320 1490 1333
t 1489 1502 1320 1333
t 1319 1489 1502 1490
t 1502 1333 1490 1503
t 1319 1490 1320 1333
t 1319 1333 1502 1332
t 1319 1502 1490 1333
t 1320 1490 1503 1321
t 1490 1333 1503 1334
t 1490 1321 1491 1334
t 1490 1503 1321 1334
t 1320 1490 1503 1491
t 1503 1334 1491 1504
t 1320 1491 1321 1334
t 1320 1334 1503 1333
t 1320 1503 1491 1334
t 1321 1491 1504 1322
t 1491 1334 1504 1335
t 1491 1322 1492 1335
t 1491 1504 1322 1335
t 1321 1491 1504 1492
t 1504 1335 1492 1505
t 1321 1492 1322 1335
t 1321 1335 1504 1334
t 1321 1504 1492 1335
t 1322 1492 1505 1323
t 1492 1335 1505 1336
t 1492 1323 1493 1336
t 1492 1505 1323 1336
t 1322 1492 1505 1493
t 1505 1336 1493 1506
t 1322 1493 1323 1336
t 1322 1336 1505 1335
t 1322 1505 1493 1336
t 1324 1494 1507 1325
t 1494 1337 1507 1338
t 1494 1325 1495 1338
t 1494 1507 1325 1338
t 1324 1494 1507 1495
t 1507 1338 1495 1508
t 1324 1495 1325 1338
t 1324 1338 1507 1337
t 1324 1507 1495 1338
t 1325 1495 1508 1326
t 1495 1338 1508 1339
t 1495 1326 1496 1339
t 1495 1508 1326 1339
t 1325 1495 1508 1496
t 1508 1339 1496 1509
t 1325 1496 1326 1339
t 1325 1339 1508 1338
t 1325 1508 1496 1339
t 1326 1496 1509 1327
t 1496 1339 1509 1340
t 1496 1327 1497 1340
t 1496 1509 1327 1340
t 1326 1496 1509 1497
t 1509 1340 1497 1510
t 1326 1497 1327 1340
t 1326 1340 1509 1339
t 1326 1509 1497 1340
t 1327 1497 1510 1328
t 1497 1340 1510 1341
t 1497 1328 1498 1341
t 1497 1510 1328 1341
t 1327 1497 1510 1498
t 1510 1341 1498 1511
t 1327 1498 1328 1341
t 1327 1341 1510 1340
t 1327 1510 1498 1341
t 1328 1498 1511 1329
t 1498 1341 1511 1342
t 1498 1329 1499 1342
t 1498 1511 1329 1342
t 1328 1498 1511 1499
t 1511 1342 1499 1512
t 1328 1499 1329 1342
t 1328 1342 1511 1341
t 1328 1511 1499 1342
t 1329 1499 1512 1330
t 1499 1342 1512 1343
t 1499 1330 1500 1343
t 1499 1512 1330 1343
t 1329 1499 1512 1500
t 1512 1343 1500 1513
t 1329 1500 1330 1343
t 1329 1343 1512 1342
t 1329 1512 1500 1343
t 1330 1500 1513 1331
t 1500 1343 1513 1344
t 1500 1331 1501 1344
t 1500 1513 1331 1344
t 1330 1500 1513 1501
t 1513 1344 1501 1514
t 1330 1501 1331 1344
t 1330 1344 1513 1343
t 1330 1513 1501 1344
t 1331 1501 1514 1332
t 1501 1344 1514 1345
t 1501 1332 1502 1345
t 1501 1514 1332 1345
t 1331 1501 1514 1502
t 1514 1345 1502 1515
t 1331 1502 1332 1345
t 1331 1345 1514 1344
t 1331 1514 1502 1345
t 1332 1502 1515 1333
t 1502 1345 1515 1346
t 1502 1333 1503 1346
t 1502 1515 1333 1346
t 1332 1502 1515 1503
t 1515 1346 1503 1516
t 1332 1503 1333 1346
t 1332 1346 1515 1345
t 1332 1515 1503 1346
t 1333 1503 1516 1334
t 1503 1346 1516 1347
t 1503 1334 1504 1347
t 1503 1516 1334 1347
t 1333 1503 1516 1504
t 1516 1347 1504 1517
t 1333 1504 1334 1347
t 1333 1347 1516 1346
t 1333 1516 1504 1347
t 1334 1504 1517 1335
t 1504 1347 1517 1348
t 1504 1335 1505 1348
t 1504 1517 1335 1348
t 1334 1504 1517 1505
t 1517 1348 1505 1518
t 1334 1505 1335 1348
t 1334 1348 1517 1347
t 1334 1517 1505 1348
t 1335 1505 1518 1336
t 1505 1348 1518 1349
t 1505 1336 1506 1349
t 1505 1518 1336 1349
t 1335 1505 1518 1506
t 1518 1349 1506 1519
t 1335 1506 1336 1349
t 1335 1349 1518 1348
t 1335 1518 1506 1349
t 1350 1520 1521 1352
t 1520 1351 1521 1353
t 1520 1352 1522 1353
t 1520 1521 1352 1353
t 1350 1520 1521 1522
t 1521 1353 1522 1523
t 1350 1522 1352 1353
t 1350 1353 1521 1351
t 1350 1521 1522 1353
t 1352 1522 1523 1354
t 1522 1353 1523 1355
t 1522 1354 1524 1355
t 1522 1523 1354 1355
t 1352 1522 1523 1524
t 1523 1355 1524 1525
t 1352 1524 1354 1355
t 1352 1355 1523 1353
t 1352 1523 1524 1355
t 1354 1524 1525 1356
t 1524 1355 1525 1357
t 1524 1356 1526 1357
t 1524 1525 1356 1357
t 1354 1524 1525 1526
t 1525 1357 1526 1527
t 1354 1526 1356 1357
t 1354 1357 1525 1355
t 1354 1525 1526 1357
t 1356 1526 1527 1358
t 1526 1357 1527 1359
t 1526 1358 1528 1359
t 1526 1527 1358 1359
t 1356 1526 1527 1528
t 1527 1359 1528 1529
t 1356 1528 1358 1359
t 1356 1359 1527 1357
t 1356 1527 1528 1359
t 1358 1528 1529 1360
t 1528 1359 1529 1361
t 1528 1360 1530 1361
t 1528 1529 1360 1361
t 1358 1528 1529 1530
t 1529 1361 1530 1531
t 1358 1530 1360 1361
t 1358 1361 1529 1359
t 1358 1529 1530 1361
t 1360 1530 1531 1362
t 1530 1361 1531 1363
t 1530 1362 1532 1363
t 1530 1531 1362 1363
t 1360 1530 1531 1532
t 1531 1363 1532 1533
t 1360 1532 1362 1363
t 1360 1363 1531 1361
t 1360 1531 1532 1363
t 1362 1532 1533 1364
t 1532 1363 1533 1365
t 1532 1364 1534 1365
t 1532 1533 1364 1365
t 1362 1532 1533 1534
t 1533 1365 1534 1535
t 1362 1534 1364 1365
t 1362 1365 1533 1363
t 1362 1533 1534 1365
t 1364 1534 1535 1366
t 1534 1365 1535 1367
t 1534 1366 1536 1367
t 1534 1535 1366 1367
t 1364 1534 1535 1536
t 1535 1367 1536 1537
t 1364 1536 1366 1367
t 1364 1367 1535 1365
t 1364 1535 1536 1367
t 1366 1536 1537 1368
t 1536 1367 1537 1369
t 1536 1368 1538 1369
t 1536 1537 1368 1369
t 1366 1536 1537 1538
t 1537 1369 1538 1539
t 1366 1538 1368 1369
t 1366 1369 1537 1367
t 1366 1537 1538 1369
t 1368 1538 1539 1370
t 1538 1369 1539 1371
t 1538 1370 1540 1371
t 1538 1539 1370 1371
t 1368 1538 1539 1540
t 1539 1371 1540 1541
t 1368 1540 1370 1371
t 1368 1371 1539 1369
t 1368 1539 1540 1371
t 1370 1540 1541 1372
t 1540 1371 1541 1373
t 1540 1372 1542 1373
t 1540 1541 1372 1373
t 1370 1540 1541 1542
t 1541 1373 1542 1543
t 1370 1542 1372 1373
t 1370 1373 1541 1371
t 1370 1541 1542 1373
t 1372 1542 1543 1374
t 1542 1373 1543 1375
t 1542 1374 1544 1375
t 1542 1543 1374 1375
t 1372 1542 1543 1544
t 1543 1375 1544 1545
t 1372 1544 1374 1375
t 1372 1375 1543 1373
t 1372 1543 1544 1375
t 1351 1521 1546 1353
t 1521 1376 1546 1377
t 1521 1353 1523 1377
t 1521 1546 1353 1377
t 1351 1521 1546 1523
t 1546 1377 1523 1547
t 1351 1523 1353 1377
t 1351 1377 1546 1376
t 1351 1546 1523 1377
t 1353 1523 1547 1355
t 1523 1377 1547 1378
t 1523 1355 1525 1378
t 1523 1547 1355 1378
t 1353 1523 1547 1525
t 1547 1378 1525 1548
t 1353 1525 1355 1378
t 1353 1378 1547 1377
t 1353 1547 1525 1378
t 1355 1525 1548 1357
t 1525 1378 1548 1379
t 1525 1357 1527 1379
t 1525 1548 1357 1379
t 1355 1525 1548 1527
t 1548 1379 1527 1549
t 1355 1527 1357 1379
t 1355 1379 1548 1378
t 1355 1548 1527 1379
t 1357 1527 1549 1359
t 1527 1379 1549 1380
t 1527 1359 1529 1380
t 1527 1549 1359 1380
t 1357 1527 1549 1529
t 1549 1380 1529 1550
t 1357 1529 1359 1380
t 1357 1380 1549 1379
t 1357 1549 1529 1380
t 1359 1529 1550 1361
t 1529 1380 1550 1381
t 1529 1361 1531 1381
t 1529 1550 1361 1381
t 1359 1529 1550 1531
t 1550 1381 1531 1551
t 1359 1531 1361 1381
t 1359 1381 1550 1380
t 1359 1550 1531 1381
t 1361 1531 1551 1363
t 1531 1381 1551 1382
t 1531 1363 1533 1382
t 1531 1551 1363 1382
t 1361 1531 1551 1533
t 1551 1382 1533 1552
t 1361 1533 1363 1382
t 1361 1382 1551 1381
t 1361 1551 1533 1382
t 1363 1533 1552 1365
t 1533 1382 1552 1383
t 1533 1365 1535 1383
t 1533 1552 1365 1383
t 1363 1533 1552 1535
t 1552 1383 1535 1553
t 1363 1535 1365 1383
t 1363 1383 1552 1382
t 1363 1552 1535 1383
t 1365 1535 1553 1367
t 1535 1383 1553 1384
t 1535 1367 1537 1384
t 1535 1553 1367 1384
t 1365 1535 1553 1537
t 1553 1384 1537 1554
t 1365 1537 1367 1384
t 1365 1384 1553 1383
t 1365 1553 1537 1384
t 1367 1537 1554 1369
t 1537 1384 1554 1385
t 1537 1369 1539 1385
t 1537 1554 1369 1385
t 1367 1537 1554 1539
t 1554 1385 1539 1555
t 1367 1539 1369 1385
t 1367 1385 1554 1384
t 1367 1554 1539 1385
t 1369 1539 1555 1371
t 1539 1385 1555 1386
t 1539 1371 1541 1386
t 1539 1555 1371 1386
t 1369 1539 1555 1541
t 1555 1386 1541 1556
t 1369 1541 1371 1386
t 1369 1386 1555 1385
t 1369 1555 1541 1386
t 1371 1541 1556 1373
t 1541 1386 1556 1387
t 1541 1373 1543 1387
t 1541 1556 1373 1387
t 1371 1541 1556 1543
t 1556 1387 1543 1557
t 1371 1543 1373 1387
t 1371 1387 1556 1386
t 1371 1556 1543 1387
t 1373 1543 1557 1375
t 1543 1387 1557 1388
t 1543 1375 1545 1388
t 1543 1557 1375 1388
t 1373 1543 1557 1545
t 1557 1388 1545 1558
t 1373 1545 1375 1388
t 1373 1388 1557 1387
t 1373 1557 1545 1388
t 1376 1546 1559 1377
t 1546 1389 1559 1390
t 1546 1377 1547 1390
t 1546 1559 1377 1390
t 1376 1546 1559 1547
t 1559 1390 1547 1560
t 1376 1547 1377 1390
t 1376 1390 1559 1389
t 1376 1559 1547 1390
t 1377 1547 1560 1378
t 1547 1390 1560 1391
t 1547 1378 1548 1391
t 1547 1560 1378 1391
t 1377 1547 1560 1548
t 1560 1391 1548 1561
t 1377 1548 1378 1391
t 1377 1391 1560 1390
t 1377 1560 1548 1391
t 1378 1548 1561 1379
t 1548 1391 1561 1392
t 1548 1379 1549 1392
t 1548 1561 1379 1392
t 1378 1548 1561 1549
t 1561 1392 1549 1562
t 1378 1549 1379 1392
t 1378 1392 1561 1391
t 1378 1561 1549 1392
t 1379 1549 1562 1380
t 1549 1392 1562 1393
t 1549 1380 1550 1393
t 1549 1562 1380 1393
t 1379 1549 1562 1550
t 1562 1393 1550 1563
t 1379 1550 1380 1393
t 1379 1393 1562 1392
t 1379 1562 1550 1393
t 1380 1550 1563 1381
t 1550 1393 1563 1394
t 1550 1381 1551 1394
t 1550 1563 1381 1394
t 1380 1550 1563 1551
t 1563 1394 1551 1564
t 1380 1551 1381 1394
t 1380 1394 1563 1393
t 1380 1563 1551 1394
t 1381 1551 1564 1382
t 1551 1394 1564 1395
t 1551 1382 1552 1395
t 1551 1564 1382 1395
t 1381 1551 1564 1552
t 1564 1395 1552 1565
t 1381 1552 1382 1395
t 1381 1395 1564 1394
t 1381 1564 1552 1395
t 1382 1552 1565 1383
t 1552 1395 1565 1396
t 1552 1383 1553 1396
t 1552 1565 1383 1396
t 1382 1552 1565 1553
t 1565 1396 1553 1566
t 1382 1553 1383 1396
t 1382 1396 1565 1395
t 1382 1565 1553 1396
t 1383 1553 1566 1384
t 1553 1396 1566 1397
t 1553 1384 1554 1397
t 1553 1566 1384 1397
t 1383 1553 1566 1554
t 1566 1397 1554 1567
t 1383 1554 1384 1397
t 1383 1397 1566 1396
t 1383 1566 1554 1397
t 1384 1554 1567 1385
t 1554 1397 1567 1398
t 1554 1385 1555 1398
t 1554 1567 1385 1398
t 1384 1554 1567 1555
t 1567 1398 1555 1568
t 1384 1555 1385 1398
t 1384 1398 1567 1397
t 1384 1567 1555 1398
t 1385 1555 1568 1386
t 1555 1398 1568 1399
t 1555 1386 1556 1399
t 1555 1568 1386 1399
t 1385 1555 1568 1556
t 1568 1399 1556 1569
t 1385 1556 1386 1399
t 1385 1399 1568 1398
t 1385 1568 1556 1399
t 1386 1556 1569 1387
t 1556 1399 1569 1400
t 1556 1387 1557 1400
t 1556 1569 1387 1400
t 1386 1556 1569 1557
t 1569 1400 1557 1570
t 1386 1557 1387 1400
t 1386 1400 1569 1399
t 1386 1569 1557 1400
t 1387 1557 1570 1388
t 1557 1400 1570 1401
t 1557 1388 1558 1401
t 1557 1570 1388 1401
t 1387 1557 1570 1558
t 1570 1401 1558 1571
t 1387 1558 1388 1401
t 1387 1401 1570 1400
t 1387 1570 1558 1401
t 1389 1559 1572 1390
t 1559 1402 1572 1403
t 1559 1390 1560 1403
t 1559 1572 1390 1403
t 1389 1559 1572 1560
t 1572 1403 1560 1573
t 1389 1560 1390 1403
t 1389 1403 1572 1402
t 1389 1572 1560 1403
t 1390 1560 1573 1391
t 1560 1403 1573 1404
t 1560 1391 1561 1404
t 1560 1573 1391 1404
t 1390 1560 1573 1561
t 1573 1404 1561 1574
t 1390 1561 1391 1404
t 1390 1404 1573 1403
t 1390 1573 1561 1404
t 1391 1561 1574 1392
t 1561 1404 1574 1405
t 1561 1392 1562 1405
t 1561 1574 1392 1405
t 1391 1561 1574 1562
t 1574 1405 1562 1575
t 1391 1562 1392 1405
t 1391 1405 1574 1404
t 1391 1574 1562 1405
t 1392 1562 1575 1393
t 1562 1405 1575 1406
t 1562 1393 1563 1406
t 1562 1575 1393 1406
t 1392 1562 1575 1563
t 1575 1406 1563 1576
t 1392 1563 1393 1406
t 1392 1406 1575 1405
t 1392 1575 1563 1406
t 1393 1563 1576 1394
t 1563 1406 1576 1407
t 1563 1394 1564 1407
t 1563 1576 1394 1407
t 1393 1563 1576 1564
t 1576 1407 1564 1577
t 1393 1564 1394 1407
t 1393 1407 1576 1406
t 1393 1576 1564 1407
t 1394 1564 1577 1395
t 1564 1407 1577 1408
t 1564 1395 1565 1408
t 1564 1577 1395 1408
t 1394 1564 1577 1565
t 1577 1408 1565 1578
t 1394 1565 1395 1408
t 1394 1408 1577 1407
t 1394 1577 1565 1408
t 1395 1565 1578 1396
t 1565 1408 1578 1409
t 1565 1396 1566 1409
t 1565 1578 1396 1409
t 1395 1565 1578 1566
t 1578 1409 1566 1579
t 1395 1566 1396 1409
t 1395 1409 1578 1408
t 1395 1578 1566 1409
t 1396 1566 1579 1397
t 1566 1409 1579 1410
t 1566 1397 1567 1410
t 1566 1579 1397 1410
t 1396 1566 1579 1567
t 1579 1410 1567 1580
t 1396 1567 1397 1410
t 1396 1410 1579 1409
t 1396 1579 1567 1410
t 1397 1567 1580 1398
t 1567 1410 1580 1411
t 1567 1398 1568 1411
t 1567 1580 1398 1411
t 1397 1567 1580 1568
t 1580 1411 1568 1581
t 1397 1568 1398 1411
t 1397 1411 1580 1410
t 1397 1580 1568 1411
t 1398 1568 1581 1399
t 1568 1411 1581 1412
t 1568 1399 1569 1412
t 1568 1581 1399 1412
t 1398 1568 1581 1569
t 1581 1412 1569 1582
t 1398 1569 1399 1412
t 1398 1412 1581 1411
t 1398 1581 1569 1412
t 1399 1569 1582 1400
t 1569 1412 1582 1413
t 1569 1400 1570 1413
t 1569 1582 1400 1413
t 1399 1569 1582 1570
t 1582 1413 1570 1583
t 1399 1570 1400 1413
t 1399 1413 1582 1412
t 1399 1582 1570 1413
t 1400 1570 1583 1401
t 1570 1413 1583 1414
t 1570 1401 1571 1414
t 1570 1583 1401 1414
t 1400 1570 1583 1571
t 1583 1414 1571 1584
t 1400 1571 1401 1414
t 1400 1414 1583 1413
t 1400 1583 1571 1414
t 1402 1572 1585 1403
t 1572 1415 1585 1416
t 1572 1403 1573 1416
t 1572 1585 1403 1416
t 1402 1572 1585 1573
t 1585 1416 1573 1586
t 1402 1573 1403 1416
t 1402 1416 1585 1415
t 1402 1585 1573 1416
t 1403 1573 1586 1404
t 1573 1416 1586 1417
t 1573 1404 1574 1417
t 1573 1586 1404 1417
t 1403 1573 1586 1574
t 1586 1417 1574 1587
t 1403 1574 1404 1417
t 1403 1417 1586 1416
t 1403 1586 1574 1417
t 1404 1574 1587 1405
t 1574 1417 1587 1418
t 1574 1405 1575 1418
t 1574 1587 1405 1418
t 1404 1574 1587 1575
t 1587 1418 1575 1588
t 1404 1575 1405 1418
t 1404 1418 1587 1417
t 1404 1587 1575 1418
t 1405 1575 1588 1406
t 1575 1418 1588 1419
t 1575 1406 1576 1419
t 1575 1588 1406 1419
t 1405 1575 1588 1576
t 1588 1419 1576 1589
t 1405 1576 1406 1419
t 1405 1419 1588 1418
t 1405 1588 1576 1419
t 1406 1576 1589 1407
t 1576 1419 1589 1420
t 1576 1407 1577 1420
t 1576 1589 1407 1420
t 1406 1576 1589 1577
t 1589 1420 1577 1590
t 1406 1577 1407 1420
t 1406 1420 1589 1419
t 1406 1589 1577 1420
t 1407 1577 1590 1408
t 1577 1420 1590 1422
t 1577 1408 1578 1422
t 1577 1590 1408 1422
t 1407 1577 1590 1578
t 1590 1422 1578 1591
t 1407 1578 1408 1422
t 1407 1422 1590 1420
t 1407 1590 1578 1422
t 1408 1578 1591 1409
t 1578 1422 1591 1423
t 1578 1409 1579 1423
t 1578 1591 1409 1423
t 1408 1578 1591 1579
t 1591 1423 1579 1592
t 1408 1579 1409 1423
t 1408 1423 1591 1422
t 1408 1591 1579 1423
t 1409 1579 1592 1410
t 1579 1423 1592 1424
t 1579 1410 1580 1424
t 1579 1592 1410 1424
t 1409 1579 1592 1580
t 1592 1424 1580 1593
t 1409 1580 1410 1424
t 1409 1424 1592 1423
t 1409 1592 1580 1424
t 1410 1580 1593 1411
t 1580 1424 1593 1425
t 1580 1411 1581 1425
t 1580 1593 1411 1425
t 1410 1580 1593 1581
t 1593 1425 1581 1594
t 1410 1581 1411 1425
t 1410 1425 1593 1424
t 1410 1593 1581 1425
t 1411 1581 1594 1412
t 1581 1425 1594 1426
t 1581 1412 1582 1426
t 1581 1594 1412 1426
t 1411 1581 1594 1582
t 1594 1426 1582 1595
t 1411 1582 1412 1426
t 1411 1426 1594 1425
t 1411 1594 1582 1426
t 1412 1582 1595 1413
t 1582 1426 1595 1427
t 1582 1413 1583 1427
t 1582 1595 1413 1427
t 1412 1582 1595 1583
t 1595 1427 1583 1596
t 1412 1583 1413 1427
t 1412 1427 1595 1426
t 1412 1595 1583 1427
t 1413 1583 1596 1414
t 1583 1427 1596 1428
t 1583 1414 1584 1428
t 1583 1596 1414 1428
t 1413 1583 1596 1584
t 1596 1428 1584 1597
t 1413 1584 1414 1428
t 1413 1428 1596 1427
t 1413 1596 1584 1428
t 1415 1585 1598 1416
t 1585 1429 1598 1430
t 1585 1416 1586 1430
t 1585 1598 1416 1430
t 1415 1585 1598 1586
t 1598 1430 1586 1599
t 1415 1586 1416 1430
t 1415 1430 1598 1429
t 1415 1598 1586 1430
t 1416 1586 1599 1417
t 1586 1430 1599 1431
t 1586 1417 1587 1431
t 1586 1599 1417 1431
t 1416 1586 1599 1587
t 1599 1431 1587 1600
t 1416 1587 1417 1431
t 1416 1431 1599 1430
t 1416 1599 1587 1431
t 1417 1587 1600 1418
t 1587 1431 1600 1432
t 1587 1418 1588 1432
t 1587 1600 1418 1432
t 1417 1587 1600 1588
t 1600 1432 1588 1601
t 1417 1588 1418 1432
t 1417 1432 1600 1431
t 1417 1600 1588 1432
t 1418 1588 1601 1419
t 1588 1432 1601 1433
t 1588 1419 1589 1433
t 1588 1601 1419 1433
t 1418 1588 1601 1589
t 1601 1433 1589 1602
t 1418 1589 1419 1433
t 1418 1433 1601 1432
t 1418 1601 1589 1433
t 1419 1589 1602 1420
t 1589 1433 1602 1434
t 1589 1420 1590 1434
t 1589 1602 1420 1434
t 1419 1589 1602 1590
t 1602 1434 1590 1603
t 1419 1590 1420 1434
t 1419 1434 1602 1433
t 1419 1602 1590 1434
t 1420 1590 1603 1422
t 1590 1434 1603 1435
t 1590 1422 1591 1435
t 1590 1603 1422 1435
t 1420 1590 1603 1591
t 1603 1435 1591 1604
t 1420 1591 1422 1435
t 1420 1435 1603 1434
t 1420 1603 1591 1435
t 1422 1591 1604 1423
t 1591 1435 1604 1436
t 1591 1423 1592 1436
t 1591 1604 1423 1436
t 1422 1591 1604 1592
t 1604 1436 1592 1605
t 1422 1592 1423 1436
t 1422 1436 1604 1435
t 1422 1604 1592 1436
t 1423 1592 1605 1424
t 1592 1436 1605 1437
t 1592 1424 1593 1437
t 1592 1605 1424 1437
t 1423 1592 1605 1593
t 1605 1437 1593 1606
t 1423 1593 1424 1437
t 1423 1437 1605 1436
t 1423 1605 1593 1437
t 1424 1593 1606 1425
t 1593 1437 1606 1438
t 1593 1425 1594 1438
t 1593 1606 1425 1438
t 1424 1593 1606 1594
t 1606 1438 1594 1607
t 1424 1594 1425 1438
t 1424 1438 1606 1437
t 1424 1606 1594 1438
t 1425 1594 1607 1426
t 1594 1438 1607 1439
t 1594 1426 1595 1439
t 1594 1607 1426 1439
t 1425 1594 1607 1595
t 1607 1439 1595 1608
t 1425 1595 1426 1439
t 1425 1439 1607 1438
t 1425 1607 1595 1439
t 1426 1595 1608 1427
t 1595 1439 1608 1440
t 1595 1427 1596 1440
t 1595 1608 1427 1440
t 1426 1595 1608 1596
t 1608 1440 1596 1609
t 1426 1596 1427 1440
t 1426 1440 1608 1439
t 1426 1608 1596 1440
t 1427 1596 1609 1428
t 1596 1440 1609 1441
t 1596 1428 1597 1441
t 1596 1609 1428 1441
t 1427 1596 1609 1597
t 1609 1441 1597 1610
t 1427 1597 1428 1441
t 1427 1441 1609 1440
t 1427 1609 1597 1441
t 1429 1598 1611 1430
t 1598 1442 1611 1443
t 1598 1430 1599 1443
t 1598 1611 1430 1443
t 1429 1598 1611 1599
t 1611 1443 1599 1612
t 1429 1599 1430 1443
t 1429 1443 1611 1442
t 1429 1611 1599 1443
t 1430 1599 1612 1431
t 1599 1443 1612 1444
t 1599 1431 1600 1444
t 1599 1612 1431 1444
t 1430 1599 1612 1600
t 1612 1444 1600 1613
t 1430 1600 1431 1444
t 1430 1444 1612 1443
t 1430 1612 1600 1444
t 1431 1600 1613 1432
t 1600 1444 1613 1445
t 1600 1432 1601 1445
t 1600 1613 1432 1445
t 1431 1600 1613 1601
t 1613 1445 1601 1614
t 1431 1601 1432 1445
t 1431 1445 1613 1444
t 1431 1613 1601 1445
t 1432 1601 1614 1433
t 1601 1445 1614 1446
t 1601 1433 1602 1446
t 1601 1614 1433 1446
t 1432 1601 1614 1602
t 1614 1446 1602 1615
t 1432 1602 1433 1446
t 1432 1446 1614 1445
t 1432 1614 1602 1446
t 1433 1602 1615 1434
t 1602 1446 1615 1447
t 1602 1434 1603 1447
t 1602 1615 1434 1447
t 1433 1602 1615 1603
t 1615 1447 1603 1616
t 1433 1603 1434 1447
t 1433 1447 1615 1446
t 1433 1615 1603 1447
t 1434 1603 1616 1435
t 1603 1447 1616 1448
t 1603 1435 1604 1448
t 1603 1616 1435 1448
t 1434 1603 1616 1604
t 1616 1448 1604 1617
t 1434 1604 1435 1448
t 1434 1448 1616 1447
t 1434 1616 1604 1448
t 1435 1604 1617 1436
t 1604 1448 1617 1449
t 1604 1436 1605 1449
t 1604 1617 1436 1449
t 1435 1604 1617 1605
t 1617 1449 1605 1618
t 1435 1605 1436 1449
t 1435 1449 1617 1448
t 1435 1617 1605 1449
t 1436 1605 1618 1437
t 1605 1449 1618 1450
t 1605 1437 1606 1450
t 1605 1618 1437 1450
t 1436 1605 1618 1606
t 1618 1450 1606 1619
t 1436 1606 1437 1450
t 1436 1450 1618 1449
t 1436 1618 1606 1450
t 1437 1606 1619 1438
t 1606 1450 1619 1451
t 1606 1438 1607 1451
t 1606 1619 1438 1451
t 1437 1606 1619 1607
t 1619 1451 1607 1620
t 1437 1607 1438 1451
t 1437 1451 1619 1450
t 1437 1619 1607 1451
t 1438 1607 1620 1439
t 1607 1451 1620 1452
t 1607 1439 1608 1452
t 1607 1620 1439 1452
t 1438 1607 1620 1608
t 1620 1452 1608 1621
t 1438 1608 1439 1452
t 1438 1452 1620 1451
t 1438 1620 1608 1452
t 1439 1608 1621 1440
t 1608 1452 1621 1453
t 1608 1440 1609 1453
t 1608 1621 1440 1453
t 1439 1608 1621 1609
t 1621 1453 1609 1622
t 1439 1609 1440 1453
t 1439 1453 1621 1452
t 1439 1621 1609 1453
t 1440 1609 1622 1441
t 1609 1453 1622 1454
t 1609 1441 1610 1454
t 1609 1622 1441 1454
t 1440 1609 1622 1610
t 1622 1454 1610 1623
t 1440 1610 1441 1454
t 1440 1454 1622 1453
t 1440 1622 1610 1454
t 1442 1611 1624 1443
t 1611 1455 1624 1456
t 1611 1443 1612 1456
t 1611 1624 1443 1456
t 1442 1611 1624 1612
t 1624 1456 1612 1625
t 1442 1612 1443 1456
t 1442 1456 1624 1455
t 1442 1624 1612 1456
t 1443 1612 1625 1444
t 1612 1456 1625 1457
t 1612 1444 1613 1457
t 1612 1625 1444 1457
t 1443 1612 1625 1613
t 1625 1457 1613 1626
t 1443 1613 1444 1457
t 1443 1457 1625 1456
t 1443 1625 1613 1457
t 1444 1613 1626 1445
t 1613 1457 1626 1458
t 1613 1445 1614 1458
t 1613 1626 1445 1458
t 1444 1613 1626 1614
t 1626 1458 1614 1627
t 1444 1614 1445 1458
t 1444 1458 1626 1457
t 1444 1626 1614 1458
t 1445 1614 1627 1446
t 1614 1458 1627 1459
t 1614 1446 1615 1459
t 1614 1627 1446 1459
t 1445 1614 1627 1615
t 1627 1459 1615 1628
t 1445 1615 1446 1459
t 1445 1459 1627 1458
t 1445 1627 1615 1459
t 1446 1615 1628 1447
t 1615 1459 1628 1460
t 1615 1447 1616 1460
t 1615 1628 1447 1460
t 1446 1615 1628 1616
t 1628 1460 1616 1629
t 1446 1616 1447 1460
t 1446 1460 1628 1459
t 1446 1628 1616 1460
t 1447 1616 1629 1448
t 1616 1460 1629 1461
t 1616 1448 1617 1461
t 1616 1629 1448 1461
t 1447 1616 1629 1617
t 1629 1461 1617 1630
t 1447 1617 1448 1461
t 1447 1461 1629 1460
t 1447 1629 1617 1461
t 1448 1617 1630 1449
t 1617 1461 1630 1462
t 1617 1449 1618 1462
t 1617 1630 1449 1462
t 1448 1617 1630 1618
t 1630 1462 1618 1631
t 1448 1618 1449 1462
t 1448 1462 1630 1461
t 1448 1630 1618 1462
t 1449 1618 1631 1450
t 1618 1462 1631 1463
t 1618 1450 1619 1463
t 1618 1631 1450 1463
t 1449 1618 1631 1619
t 1631 1463 1619 1632
t 1449 1619 1450 1463
t 1449 1463 1631 1462
t 1449 1631 1619 1463
t 1450 1619 1632 1451
t 1619 1463 1632 1464
t 1619 1451 1620 1464
t 1619 1632 1451 1464
t 1450 1619 1632 1620
t 1632 1464 1620 1633
t 1450 1620 1451 1464
t 1450 1464 1632 1463
t 1450 1632 1620 1464
t 1451 1620 1633 1452
t 1620 1464 1633 1465
t 1620 1452 1621 1465
t 1620 1633 1452 1465
t 1451 1620 1633 1621
t 1633 1465 1621 1634
t 1451 1621 1452 1465
t 1451 1465 1633 1464
t 1451 1633 1621 1465
t 1452 1621 1634 1453
t 1621 1465 1634 1466
t 1621 1453 1622 1466
t 1621 1634 1453 1466
t 1452 1621 1634 1622
t 1634 1466 1622 1635
t 1452 1622 1453 1466
t 1452 1466 1634 1465
t 1452 1634 1622 1466
t 1453 1622 1635 1454
t 1622 1466 1635 1467
t 1622 1454 1623 1467
t 1622 1635 1454 1467
t 1453 1622 1635 1623
t 1635 1467 1623 1636
t 1453 1623 1454 1467
t 1453 1467 1635 1466
t 1453 1635 1623 1467
t 1455 1624 1637 1456
t 1624 1468 1637 1469
t 1624 1456 1625 1469
t 1624 1637 1456 1469
t 1455 1624 1637 1625
t 1637 1469 1625 1638
t 1455 1625 1456 1469
t 1455 1469 1637 1468
t 1455 1637 1625 1469
t 1456 1625 1638 1457
t 1625 1469 1638 1470
t 1625 1457 1626 1470
t 1625 1638 1457 1470
t 1456 1625 1638 1626
t 1638 1470 1626 1639
t 1456 1626 1457 1470
t 1456 1470 1638 1469
t 1456 1638 1626 1470
t 1457 1626 1639 1458
t 1626 1470 1639 1471
t 1626 1458 1627 1471
t 1626 1639 1458 1471
t 1457 1626 1639 1627
t 1639 1471 1627 1640
t 1457 1627 1458 1471
t 1457 1471 1639 1470
t 1457 1639 1627 1471
t 1458 1627 1640 1459
t 1627 1471 1640 1472
t 1627 1459 1628 1472
t 1627 1640 1459 1472
t 1458 1627 1640 1628
t 1640 1472 1628 1641
t 1458 1628 1459 1472
t 1458 1472 1640 1471
t 1458 1640 1628 1472
t 1459 1628 1641 1460
t 1628 1472 1641 1473
t 1628 1460 1629 1473
t 1628 1641 1460 1473
t 1459 1628 1641 1629
t 1641 1473 1629 1642
t 1459 1629 1460 1473
t 1459 1473 1641 1472
t 1459 1641 1629 1473
t 1460 1629 1642 1461
t 1629 1473 1642 1474
t 1629 1461 1630 1474
t 1629 1642 1461 1474
t 1460 1629 1642 1630
t 1642 1474 1630 1643
t 1460 1630 1461 1474
t 1460 1474 1642 1473
t 1460 1642 1630 1474
t 1461 1630 1643 1462
t 1630 1474 1643 1475
t 1630 1462 1631 1475
t 1630 1643 1462 1475
t 1461 1630 1643 1631
t 1643 1475 1631 1644
t 1461 1631 1462 1475
t 1461 1475 1643 1474
t 1461 1643 1631 1475
t 1462 1631 1644 1463
t 1631 1475 1644 1476
t 1631 1463 1632 1476
t 1631 1644 1463 1476
t 1462 1631 1644 1632
t 1644 1476 1632 1645
t 1462 1632 1463 1476
t 1462 1476 1644 1475
t 1462 1644 1632 1476
t 1463 1632 1645 1464
t 1632 1476 1645 1477
t 1632 1464 1633 1477
t 1632 1645 1464 1477
t 1463 1632 1645 1633
t 1645 1477 1633 1646
t 1463 1633 1464 1477
t 1463 1477 1645 1476
t 1463 1645 1633 1477
t 1464 1633 1646 1465
t 1633 1477 1646 1478
t 1633 1465 1634 1478
t 1633 1646 1465 1478
t 1464 1633 1646 1634
t 1646 1478 1634 1647
t 1464 1634 1465 1478
t 1464 1478 1646 1477
t 1464 1646 1634 1478
t 1465 1634 1647 1466
t 1634 1478 1647 1479
t 1634 1466 1635 1479
t 1634 1647 1466 1479
t 1465 1634 1647 1635
t 1647 1479 1635 1648
t 1465 1635 1466 1479
t 1465 1479 1647 1478
t 1465 1647 1635 1479
t 1466 1635 1648 1467
t 1635 1479 1648 1480
t 1635 1467 1636 1480
t 1635 1648 1467 1480
t 1466 1635 1648 1636
t 1648 1480 1636 1649
t 1466 1636 1467 1480
t 1466 1480 1648 1479
t 1466 1648 1636 1480
t 1468 1637 1650 1469
t 1637 1481 1650 1482
t 1637 1469 1638 1482
t 1637 1650 1469 1482
t 1468 1637 1650 1638
t 1650 1482 1638 1651
t 1468 1638 1469 1482
t 1468 1482 1650 1481
t 1468 1650 1638 1482
t 1469 1638 1651 1470
t 1638 1482 1651 1483
t 1638 1470 1639 1483
t 1638 1651 1470 1483
t 1469 1638 1651 1639
t 1651 1483 1639 1652
t 1469 1639 1470 1483
t 1469 1483 1651 1482
t 1469 1651 1639 1483
t 1470 1639 1652 1471
t 1639 1483 1652 1484
t 1639 1471 1640 1484
t 1639 1652 1471 1484
t 1470 1639 1652 1640
t 1652 1484 1640 1653
t 1470 1640 1471 1484
t 1470 1484 1652 1483
t 1470 1652 1640 1484
t 1471 1640 1653 1472
t 1640 1484 1653 1485
t 1640 1472 1641 1485
t 1640 1653 1472 1485
t 1471 1640 1653 1641
t 1653 1485 1641 1654
t 1471 1641 1472 1485
t 1471 1485 1653 1484
t 1471 1653 1641 1485
t 1472 1641 1654 1473
t 1641 1485 1654 1486
t 1641 1473 1642 1486
t 1641 1654 1473 1486
t 1472 1641 1654 1642
t 1654 1486 1642 1655
t 1472 1642 1473 1486
t 1472 1486 1654 1485
t 1472 1654 1642 1486
t 1473 1642 1655 1474
t 1642 1486 1655 1487
t 1642 1474 1643 1487
t 1642 1655 1474 1487
t 1473 1642 1655 1643
t 1655 1487 1643 1656
t 1473 1643 1474 1487
t 1473 1487 1655 1486
t 1473 1655 1643 1487
t 1474 1643 1656 1475
t 1643 1487 1656 1488
t 1643 1475 1644 1488
t 1643 1656 1475 1488
t 1474 1643 1656 1644
t 1656 1488 1644 1657
t 1474 1644 1475 1488
t 1474 1488 1656 1487
t 1474 1656 1644 1488
t 1475 1644 1657 1476
t 1644 1488 1657 1489
t 1644 1476 1645 1489
t 1644 1657 1476 1489
t 1475 1644 1657 1645
t 1657 1489 1645 1658
t 1475 1645 1476 1489
t 1475 1489 1657 1488
t 1475 1657 1645 1489
t 1476 1645 1658 1477
t 1645 1489 1658 1490
t 1645 1477 1646 1490
t 1645 1658 1477 1490
t 1476 1645 1658 1646
t 1658 1490 1646 1659
t 1476 1646 1477 1490
t 1476 1490 1658 1489
t 1476 1658 1646 1490
t 1477 1646 1659 1478
t 1646 1490 1659 1491
t 1646 1478 1647 1491
t 1646 1659 1478 1491
t 1477 1646 1659 1647
t 1659 1491 1647 1660
t 1477 1647 1478 1491
t 1477 1491 1659 1490
t 1477 1659 1647 1491
t 1478 1647 1660 1479
t 1647 1491 1660 1492
t 1647 1479 1648 1492
t 1647 1660 1479 1492
t 1478 1647 1660 1648
t 1660 1492 1648 1661
t 1478 1648 1479 1492
t 1478 1492 1660 1491
t 1478 1660 1648 1492
t 1479 1648 1661 1480
t 1648 1492 1661 1493
t 1648 1480 1649 1493
t 1648 1661 1480 1493
t 1479 1648 1661 1649
t 1661 1493 1649 1662
t 1479 1649 1480 1493
t 1479 1493 1661 1492
t 1479 1661 1649 1493
t 1481 1650 1663 1482
t 1650 1494 1663 1495
t 1650 1482 1651 1495
t 1650 1663 1482 1495
t 1481 1650 1663 1651
t 1663 1495 1651 1664
t 1481 1651 1482 1495
t 1481 1495 1663 1494
t 1481 1663 1651 1495
t 1482 1651 1664 1483
t 1651 1495 1664 1496
t 1651 1483 1652 1496
t 1651 1664 1483 1496
t 1482 1651 1664 1652
t 1664 1496 1652 1665
t 1482 1652 1483 1496
t 1482 1496 1664 1495
t 1482 1664 1652 1496
t 1483 1652 1665 1484
t 1652 1496 1665 1497
t 1652 1484 1653 1497
t 1652 1665 1484 1497
t 1483 1652 1665 1653
t 1665 1497 1653 1666
t 1483 1653 1484 1497
t 1483 1497 1665 1496
t 1483 1665 1653 1497
t 1484 1653 1666 1485
t 1653 1497 1666 1498
t 1653 1485 1654 1498
t 1653 1666 1485 1498
t 1484 1653 1666 1654
t 1666 1498 1654 1667
t 1484 1654 1485 1498
t 1484 1498 1666 1497
t 1484 1666 1654 1498
t 1485 1654 1667 1486
t 1654 1498 1667 1499
t 1654 1486 1655 1499
t 1654 1667 1486 1499
t 1485 1654 1667 1655
t 1667 1499 1655 1668
t 1485 1655 1486 1499
t 1485 1499 1667 1498
t 1485 1667 1655 1499
t 1486 1655 1668 1487
t 1655 1499 1668 1500
t 1655 1487 1656 1500
t 1655 1668 1487 1500
t 1486 1655 1668 1656
t 1668 1500 1656 1669
t 1486 1656 1487 1500
t 1486 1500 1668 1499
t 1486 1668 1656 1500
t 1487 1656 1669 1488
t 1656 1500 1669 1501
t 1656 1488 1657 1501
t 1656 1669 1488 1501
t 1487 1656 1669 1657
t 1669 1501 1657 1670
t 1487 1657 1488 1501
t 1487 1501 1669 1500
t 1487 1669 1657 1501
t 1488 1657 1670 1489
t 1657 1501 1670 1502
t 1657 1489 1658 1502
t 1657 1670 1489 1502
t 1488 1657 1670 1658
t 1670 1502 1658 1671
t 1488 1658 1489 1502
t 1488 1502 1670 1501
t 1488 1670 1658 1502
t 1489 1658 1671 1490
t 1658 1502 1671 1503
t 1658 1490 1659 1503
t 1658 1671 1490 1503
t 1489 1658 1671 1659
t 1671 1503 1659 1672
t 1489 1659 1490 1503
t 1489 1503 1671 1502
t 1489 1671 1659 1503
t 1490 1659 1672 1491
t 1659 1503 1672 1504
t 1659 1491 1660 1504
t 1659 1672 1491 1504
t 1490 1659 1672 1660
t 1672 1504 1660 1673
t 1490 1660 1491 1504
t 1490 1504 1672 1503
t 1490 1672 1660 1504
t 1491 1660 1673 1492
t 1660 1504 1673 1505
t 1660 1492 1661 1505
t 1660 1673 1492 1505
t 1491 1660 1673 1661
t 1673 1505 1661 1674
t 1491 1661 1492 1505
t 1491 1505 1673 1504
t 1491 1673 1661 1505
t 1492 1661 1674 1493
t 1661 1505 1674 1506
t 1661 1493 1662 1506
t 1661 1674 1493 1506
t 1492 1661 1674 1662
t 1674 1506 1662 1675
t 1492 1662 1493 1506
t 1492 1506 1674 1505
t 1492 1674 1662 1506
t 1494 1663 1676 1495
t 1663 1507 1676 1508
t 1663 1495 1664 1508
t 1663 1676 1495 1508
t 1494 1663 1676 1664
t 1676 1508 1664 1677
t 1494 1664 1495 1508
t 1494 1508 1676 1507
t 1494 1676 1664 1508
t 1495 1664 1677 1496
t 1664 1508 1677 1509
t 1664 1496 1665 1509
t 1664 1677 1496 1509
t 1495 1664 1677 1665
t 1677 1509 1665 1678
t 1495 1665 1496 1509
t 1495 1509 1677 1508
t 1495 1677 1665 1509
t 1496 1665 1678 1497
t 1665 1509 1678 1510
t 1665 1497 1666 1510
t 1665 1678 1497 1510
t 1496 1665 1678 1666
t 1678 1510 1666 1679
t 1496 1666 1497 1510
t 1496 1510 1678 1509
t 1496 1678 1666 1510
t 1497 1666 1679 1498
t 1666 1510 1679 1511
t 1666 1498 1667 1511
t 1666 1679 1498 1511
t 1497 1666 1679 1667
t 1679 1511 1667 1680
t 1497 1667 1498 1511
t 1497 1511 1679 1510
t 1497 1679 1667 1511
t 1498 1667 1680 1499
t 1667 1511 1680 1512
t 1667 1499 1668 1512
t 1667 1680 1499 1512
t 1498 1667 1680 1668
t 1680 1512 1668 1681
t 1498 1668 1499 1512
t 1498 1512 1680 1511
t 1498 1680 1668 1512
t 1499 1668 1681 1500
t 1668 1512 1681 1513
t 1668 1500 1669 1513
t 1668 1681 1500 1513
t 1499 1668 1681 1669
t 1681 1513 1669 1682
t 1499 1669 1500 1513
t 1499 1513 1681 1512
t 1499 1681 1669 1513
t 1500 1669 1682 1501
t 1669 1513 1682 1514
t 1669 1501 1670 1514
t 1669 1682 1501 1514
t 1500 1669 1682 1670
t 1682 1514 1670 1683
t 1500 1670 1501 1514
t 1500 1514 1682 1513
t 1500 1682 1670 1514
t 1501 1670 1683 1502
t 1670 1514 1683 1515
t 1670 1502 1671 1515
t 1670 1683 1502 1515
t 1501 1670 1683 1671
t 1683 1515 1671 1684
t 1501 1671 1502 1515
t 1501 1515 1683 1514
t 1501 1683 1671 1515
t 1502 1671 1684 1503
t 1671 1515 1684 1516
t 1671 1503 1672 1516
t 1671 1684 1503 1516
t 1502 1671 1684 1672
t 1684 1516 1672 1685
t 1502 1672 1503 1516
t 1502 1516 1684 1515
t 1502 1684 1672 1516
t 1503 1672 1685 1504
t 1672 1516 1685 1517
t 1672 1504 1673 1517
t 1672 1685 1504 1517
t 1503 1672 1685 1673
t 1685 1517 1673 1686
t 1503 1673 1504 1517
t 1503 1517 1685 1516
t 1503 1685 1673 1517
t 1504 1673 1686 1505
t 1673 1517 1686 1518
t 1673 1505 1674 1518
t 1673 1686 1505 1518
t 1504 1673 1686 1674
t 1686 1518 1674 1687
t 1504 1674 1505 1518
t 1504 1518 1686 1517
t 1504 1686 1674 1518
t 1505 1674 1687 1506
t 1674 1518 1687 1519
t 1674 1506 1675 1519
t 1674 1687 1506 1519
t 1505 1674 1687 1675
t 1687 1519 1675 1688
t 1505 1675 1506 1519
t 1505 1519 1687 1518
t 1505 1687 1675 1519
t 1520 1689 1690 1522
t 1689 1521 1690 1523
t 1689 1522 1691 1523
t 1689 1690 1522 1523
t 1520 1689 1690 1691
t 1690 1523 1691 1692
t 1520 1691 1522 1523
t 1520 1523 1690 1521
t 1520 1690 1691 1523
t 1522 1691 1692 1524
t 1691 1523 1692 1525
t 1691 1524 1693 1525
t 1691 1692 1524 1525
t 1522 1691 1692 1693
t 1692 1525 1693 1694
t 1522 1693 1524 1525
t 1522 1525 1692 1523
t 1522 1692 1693 1525
t 1524 1693 1694 1526
t 1693 1525 1694 1527
t 1693 1526 1695 1527
t 1693 1694 1526 1527
t 1524 1693 1694 1695
t 1694 1527 1695 1696
t 1524 1695 1526 1527
t 1524 1527 1694 1525
t 1524 1694 1695 1527
t 1526 1695 1696 1528
t 1695 1527 1696 1529
t 1695 1528 1697 1529
t 1695 1696 1528 1529
t 1526 1695 1696 1697
t 1696 1529 1697 1698
t 1526 1697 1528 1529
t 1526 1529 1696 1527
t 1526 1696 1697 1529
t 1528 1697 1698 1530
t 1697 1529 1698 1531
t 1697 1530 1699 1531
t 1697 1698 1530 1531
t 1528 1697 1698 1699
t 1698 1531 1699 1700
t 1528 1699 1530 1531
t 1528 1531 1698 1529
t 1528 1698 1699 1531
t 1530 1699 1700 1532
t 1699 1531 1700 1533
t 1699 1532 1701 1533
t 1699 1700 1532 1533
t 1530 1699 1700 1701
t 1700 1533 1701 1702
t 1530 1701 1532 1533
t 1530 1533 1700 1531
t 1530 1700 1701 1533
t 1532 1701 1702 1534
t 1701 1533 1702 1535
t 1701 1534 1703 1535
t 1701 1702 1534 1535
t 1532 1701 1702 1703
t 1702 1535 1703 1704
t 1532 1703 1534 1535
t 1532 1535 1702 1533
t 1532 1702 1703 1535
t 1534 1703 1704 1536
t 1703 1535 1704 1537
t 1703 1536 1705 1537
t 1703 1704 1536 1537
t 1534 1703 1704 1705
t 1704 1537 1705 1706
t 1534 1705 1536 1537
t 1534 1537 1704 1535
t 1534 1704 1705 1537
t 1536 1705 1706 1538
t 1705 1537 1706 1539
t 1705 1538 1707 1539
t 1705 1706 1538 1539
t 1536 1705 1706 1707
t 1706 1539 1707 1708
t 1536 1707 1538 1539
t 1536 1539 1706 1537
t 1536 1706 1707 1539
t 1538 1707 1708 1540
t 1707 1539 1708 1541
t 1707 1540 1709 1541
t 1707 1708 1540 1541
t 1538 1707 1708 1709
t 1708 1541 1709 1710
t 1538 1709 1540 1541
t 1538 1541 1708 1539
t 1538 1708 1709 1541
t 1540 1709 1710 1542
t 1709 1541 1710 1543
t 1709 1542 1711 1543
t 1709 1710 1542 1543
t 1540 1709 1710 1711
t 1710 1543 1711 1712
t 1540 1711 1542 1543
t 1540 1543 1710 1541
t 1540 1710 1711 1543
t 1542 1711 1712 1544
t 1711 1543 1712 1545
t 1711 1544 1713 1545
t 1711 1712 1544 1545
t 1542 1711 1712 1713
t 1712 1545 1713 1714
t 1542 1713 1544 1545
t 1542 1545 1712 1543
t 1542 1712 1713 1545
t 1521 1690 1715 1523
t 1690 1546 1715 1547
t 1690 1523 1692 1547
t 1690 1715 1523 1547
t 1521 1690 1715 1692
t 1715 1547 1692 1716
t 1521 1692 1523 1547
t 1521 1547 1715 1546
t 1521 1715 1692 1547
t 1523 1692 1716 1525
t 1692 1547 1716 1548
t 1692 1525 1694 1548
t 1692 1716 1525 1548
t 1523 1692 1716 1694
t 1716 1548 1694 1717
t 1523 1694 1525 1548
t 1523 1548 1716 1547
t 1523 1716 1694 1548
t 1525 1694 1717 1527
t 1694 1548 1717 1549
t 1694 1527 1696 1549
t 1694 1717 1527 1549
t 1525 1694 1717 1696
t 1717 1549 1696 1718
t 1525 1696 1527 1549
t 1525 1549 1717 1548
t 1525 1717 1696 1549
t 1527 1696 1718 1529
t 1696 1549 1718 1550
t 1696 1529 1698 1550
t 1696 1718 1529 1550
t 1527 1696 1718 1698
t 1718 1550 1698 1719
t 1527 1698 1529 1550
t 1527 1550 1718 1549
t 1527 1718 1698 1550
t 1529 1698 1719 1531
t 1698 1550 1719 1551
t 1698 1531 1700 1551
t 1698 1719 1531 1551
t 1529 1698 1719 1700
t 1719 1551 1700 1720
t 1529 1700 1531 1551
t 1529 1551 1719 1550
t 1529 1719 1700 1551
t 1531 1700 1720 1533
t 1700 1551 1720 1552
t 1700 1533 1702 1552
t 1700 1720 1533 1552
t 1531 1700 1720 1702
t 1720 1552 1702 1721
t 1531 1702 1533 1552
t 1531 1552 1720 1551
t 1531 1720 1702 1552
t 1533 1702 1721 1535
t 1702 1552 1721 1553
t 1702 1535 1704 1553
t 1702 1721 1535 1553
t 1533 1702 1721 1704
t 1721 1553 1704 1722
t 1533 1704 1535 1553
t 1533 1553 1721 1552
t 1533 1721 1704 1553
t 1535 1704 1722 1537
t 1704 1553 1722 1554
t 1704 1537 1706 1554
t 1704 1722 1537 1554
t 1535 1704 1722 1706
t 1722 1554 1706 1723
t 1535 1706 1537 1554
t 1535 1554 1722 1553
t 1535 1722 1706 1554
t 1537 1706 1723 1539
t 1706 1554 1723 1555
t 1706 1539 1708 1555
t 1706 1723 1539 1555
t 1537 1706 1723 1708
t 1723 1555 1708 1724
t 1537 1708 1539 1555
t 1537 1555 1723 1554
t 1537 1723 1708 1555
t 1539 1708 1724 1541
t 1708 1555 1724 1556
t 1708 1541 1710 1556
t 1708 1724 1541 1556
t 1539 1708 1724 1710
t 1724 1556 1710 1725
t 1539 1710 1541 1556
t 1539 1556 1724 1555
t 1539 1724 1710 1556
t 1541 1710 1725 1543
t 1710 1556 1725 1557
t 1710 1543 1712 1557
t 1710 1725 1543 1557
t 1541 1710 1725 1712
t 1725 1557 1712 1726
t 1541 1712 1543 1557
t 1541 1557 1725 1556
t 1541 1725 1712 1557
t 1543 1712 1726 1545
t 1712 1557 1726 1558
t 1712 1545 1714 1558
t 1712 1726 1545 1558
t 1543 1712 1726 1714
t 1726 1558 1714 1727
t 1543 1714 1545 1558
t 1543 1558 1726 1557
t 1543 1726 1714 1558
t 1546 1715 1728 1547
t 1715 1559 1728 1560
t 1715 1547 1716 1560
t 1715 1728 1547 1560
t 1546 1715 1728 1716
t 1728 1560 1716 1729
t 1546 1716 1547 1560
t 1546 1560 1728 1559
t 1546 1728 1716 1560
t 1547 1716 1729 1548
t 1716 1560 1729 1561
t 1716 1548 1717 1561
t 1716 1729 1548 1561
t 1547 1716 1729 1717
t 1729 1561 1717 1730
t 1547 1717 1548 1561
t 1547 1561 1729 1560
t 1547 1729 1717 1561
t 1548 1717 1730 1549
t 1717 1561 1730 1562
t 1717 1549 1718 1562
t 1717 1730 1549 1562
t 1548 1717 1730 1718
t 1730 1562 1718 1731
t 1548 1718 1549 1562
t 1548 1562 1730 1561
t 1548 1730 1718 1562
t 1549 1718 1731 1550
t 1718 1562 1731 1563
t 1718 1550 1719 1563
t 1718 1731 1550 1563
t 1549 1718 1731 1719
t 1731 1563 1719 1732
t 1549 1719 1550 1563
t 1549 1563 1731 1562
t 1549 1731 1719 1563
t 1550 1719 1732 1551
t 1719 1563 1732 1564
t 1719 1551 1720 1564
t 1719 1732 1551 1564
t 1550 1719 1732 1720
t 1732 1564 1720 1733
t 1550 1720 1551 1564
t 1550 1564 1732 1563
t 1550 1732 1720 1564
t 1551 1720 1733 1552
t 1720 1564 1733 1565
t 1720 1552 1721 1565
t 1720 1733 1552 1565
t 1551 1720 1733 1721
t 1733 1565 1721 1734
t 1551 1721 1552 1565
t 1551 1565 1733 1564
t 1551 1733 1721 1565
t 1552 1721 1734 1553
t 1721 1565 1734 1566
t 1721 1553 1722 1566
t 1721 1734 1553 1566
t 1552 1721 1734 1722
t 1734 1566 1722 1735
t 1552 1722 1553 1566
t 1552 1566 1734 1565
t 1552 1734 1722 1566
t 1553 1722 1735 1554
t 1722 1566 1735 1567
t 1722 1554 1723 1567
t 1722 1735 1554 1567
t 1553 1722 1735 1723
t 1735 1567 1723 1736
t 1553 1723 1554 1567
t 1553 1567 1735 1566
t 1553 1735 1723 1567
t 1554 1723 1736 1555
t 1723 1567 1736 1568
t 1723 1555 1724 1568
t 1723 1736 1555 1568
t 1554 1723 1736 1724
t 1736 1568 1724 1737
t 1554 1724 1555 1568
t 1554 1568 1736 1567
t 1554 1736 1724 1568
t 1555 1724 1737 1556
t 1724 1568 1737 1569
t 1724 1556 1725 1569
t 1724 1737 1556 1569
t 1555 1724 1737 1725
t 1737 1569 1725 1738
t 1555 1725 1556 1569
t 1555 1569 1737 1568
t 1555 1737 1725 1569
t 1556 1725 1738 1557
t 1725 1569 1738 1570
t 1725 1557 1726 1570
t 1725 1738 1557 1570
t 1556 1725 1738 1726
t 1738 1570 1726 1739
t 1556 1726 1557 1570
t 1556 1570 1738 1569
t 1556 1738 1726 1570
t 1557 1726 1739 1558
t 1726 1570 1739 1571
t 1726 1558 1727 1571
t 1726 1739 1558 1571
t 1557 1726 1739 1727
t 1739 1571 1727 1740
t 1557 1727 1558 1571
t 1557 1571 1739 1570
t 1557 1739 1727 1571
t 1559 1728 1741 1560
t 1728 1572 1741 1573
t 1728 1560 1729 1573
t 1728 1741 1560 1573
t 1559 1728 1741 1729
t 1741 1573 1729 1742
t 1559 1729 1560 1573
t 1559 1573 1741 1572
t 1559 1741 1729 1573
t 1560 1729 1742 1561
t 1729 1573 1742 1574
t 1729 1561 1730 1574
t 1729 1742 1561 1574
t 1560 1729 1742 1730
t 1742 1574 1730 1743
t 1560 1730 1561 1574
t 1560 1574 1742 1573
t 1560 1742 1730 1574
t 1561 1730 1743 1562
t 1730 1574 1743 1575
t 1730 1562 1731 1575
t 1730 1743 1562 1575
t 1561 1730 1743 1731
t 1743 1575 1731 1744
t 1561 1731 1562 1575
t 1561 1575 1743 1574
t 1561 1743 1731 1575
t 1562 1731 1744 1563
t 1731 1575 1744 1576
t 1731 1563 1732 1576
t 1731 1744 1563 1576
t 1562 1731 1744 1732
t 1744 1576 1732 1745
t 1562 1732 1563 1576
t 1562 1576 1744 1575
t 1562 1744 1732 1576
t 1563 1732 1745 1564
t 1732 1576 1745 1577
t 1732 1564 1733 1577
t 1732 1745 1564 1577
t 1563 1732 1745 1733
t 1745 1577 1733 1746
t 1563 1733 1564 1577
t 1563 1577 1745 1576
t 1563 1745 1733 1577
t 1564 1733 1746 1565
t 1733 1577 1746 1578
t 1733 1565 1734 1578
t 1733 1746 1565 1578
t 1564 1733 1746 1734
t 1746 1578 1734 1747
t 1564 1734 1565 1578
t 1564 1578 1746 1577
t 1564 1746 1734 1578
t 1565 1734 1747 1566
t 1734 1578 1747 1579
t 1734 1566 1735 1579
t 1734 1747 1566 1579
t 1565 1734 1747 1735
t 1747 1579 1735 1748
t 1565 1735 1566 1579
t 1565 1579 1747 1578
t 1565 1747 1735 1579
t 1566 1735 1748 1567
t 1735 1579 1748 1580
t 1735 1567 1736 1580
t 1735 1748 1567 1580
t 1566 1735 1748 1736
t 1748 1580 1736 1749
t 1566 1736 1567 1580
t 1566 1580 1748 1579
t 1566 1748 1736 1580
t 1567 1736 1749 1568
t 1736 1580 1749 1581
t 1736 1568 1737 1581
t 1736 1749 1568 1581
t 1567 1736 1749 1737
t 1749 1581 1737 1750
t 1567 1737 1568 1581
t 1567 1581 1749 1580
t 1567 1749 1737 1581
t 1568 1737 1750 1569
t 1737 1581 1750 1582
t 1737 1569 1738 1582
t 1737 1750 1569 1582
t 1568 1737 1750 1738
t 1750 1582 1738 1751
t 1568 1738 1569 1582
t 1568 1582 1750 1581
t 1568 1750 1738 1582
t 1569 1738 1751 1570
t 1738 1582 1751 1583
t 1738 1570 1739 1583
t 1738 1751 1570 1583
t 1569 1738 1751 1739
t 1751 1583 1739 1752
t 1569 1739 1570 1583
t 1569 1583 1751 1582
t 1569 1751 1739 1583
t 1570 1739 1752 1571
t 1739 1583 1752 1584
t 1739 1571 1740 1584
t 1739 1752 1571 1584
t 1570 1739 1752 1740
t 1752 1584 1740 1753
t 1570 1740 1571 1584
t 1570 1584 1752 1583
t 1570 1752 1740 1584
t 1572 1741 1754 1573
t 1741 1585 1754 1586
t 1741 1573 1742 1586
t 1741 1754 1573 1586
t 1572 1741 1754 1742
t 1754 1586 1742 1755
t 1572 1742 1573 1586
t 1572 1586 1754 1585
t 1572 1754 1742 1586
t 1573 1742 1755 1574
t 1742 1586 1755 1587
t 1742 1574 1743 1587
t 1742 1755 1574 1587
t 1573 1742 1755 1743
t 1755 1587 1743 1756
t 1573 1743 1574 1587
t 1573 1587 1755 1586
t 1573 1755 1743 1587
t 1574 1743 1756 1575
t 1743 1587 1756 1588
t 1743 1575 1744 1588
t 1743 1756 1575 1588
t 1574 1743 1756 1744
t 1756 1588 1744 1757
t 1574 1744 1575 1588
t 1574 1588 1756 1587
t 1574 1756 1744 1588
t 1575 1744 1757 1576
t 1744 1588 1757 1589
t 1744 1576 1745 1589
t 1744 1757 1576 1589
t 1575 1744 1757 1745
t 1757 1589 1745 1758
t 1575 1745 1576 1589
t 1575 1589 1757 1588
t 1575 1757 1745 1589
t 1576 1745 1758 1577
t 1745 1589 1758 1590
t 1745 1577 1746 1590
t 1745 1758 1577 1590
t 1576 1745 1758 1746
t 1758 1590 1746 1759
t 1576 1746 1577 1590
t 1576 1590 1758 1589
t 1576 1758 1746 1590
t 1577 1746 1759 1578
t 1746 1590 1759 1591
t 1746 1578 1747 1591
t 1746 1759 1578 1591
t 1577 1746 1759 1747
t 1759 1591 1747 1760
t 1577 1747 1578 1591
t 1577 1591 1759 1590
t 1577 1759 1747 1591
t 1578 1747 1760 1579
t 1747 1591 1760 1592
t 1747 1579 1748 1592
t 1747 1760 1579 1592
t 1578 1747 1760 1748
t 1760 1592 1748 1761
t 1578 1748 1579 1592
t 1578 1592 1760 1591
t 1578 1760 1748 1592
t 1579 1748 1761 1580
t 1748 1592 1761 1593
t 1748 1580 1749 1593
t 1748 1761 1580 1593
t 1579 1748 1761 1749
t 1761 1593 1749 1762
t 1579 1749 1580 1593
t 1579 1593 1761 1592
t 1579 1761 1749 1593
t 1580 1749 1762 1581
t 1749 1593 1762 1594
t 1749 1581 1750 1594
t 1749 1762 1581 1594
t 1580 1749 1762 1750
t 1762 1594 1750 1763
t 1580 1750 1581 1594
t 1580 1594 1762 1593
t 1580 1762 1750 1594
t 1581 1750 1763 1582
t 1750 1594 1763 1595
t 1750 1582 1751 1595
t 1750 1763 1582 1595
t 1581 1750 1763 1751
t 1763 1595 1751 1764
t 1581 1751 1582 1595
t 1581 1595 1763 1594
t 1581 1763 1751 1595
t 1582 1751 1764 1583
t 1751 1595 1764 1596
t 1751 1583 1752 1596
t 1751 1764 1583 1596
t 1582 1751 1764 1752
t 1764 1596 1752 1765
t 1582 1752 1583 1596
t 1582 1596 1764 1595
t 1582 1764 1752 1596
t 1583 1752 1765 1584
t 1752 1596 1765 1597
t 1752 1584 1753 1597
t 1752 1765 1584 1597
t 1583 1752 1765 1753
t 1765 1597 1753 1766
t 1583 1753 1584 1597
t 1583 1597 1765 1596
t 1583 1765 1753 1597
t 1585 1754 1767 1586
t 1754 1598 1767 1599
t 1754 1586 1755 1599
t 1754 1767 1586 1599
t 1585 1754 1767 1755
t 1767 1599 1755 1768
t 1585 1755 1586 1599
t 1585 1599 1767 1598
t 1585 1767 1755 1599
t 1586 1755 1768 1587
t 1755 1599 1768 1600
t 1755 1587 1756 1600
t 1755 1768 1587 1600
t 1586 1755 1768 1756
t 1768 1600 1756 1769
t 1586 1756 1587 1600
t 1586 1600 1768 1599
t 1586 1768 1756 1600
t 1587 1756 1769 1588
t 1756 1600 1769 1601
t 1756 1588 1757 1601
t 1756 1769 1588 1601
t 1587 1756 1769 1757
t 1769 1601 1757 1770
t 1587 1757 1588 1601
t 1587 1601 1769 1600
t 1587 1769 1757 1601
t 1588 1757 1770 1589
t 1757 1601 1770 1602
t 1757 1589 1758 1602
t 1757 1770 1589 1602
t 1588 1757 1770 1758
t 1770 1602 1758 1771
t 1588 1758 1589 1602
t 1588 1602 1770 1601
t 1588 1770 1758 1602
t 1589 1758 1771 1590
t 1758 1602 1771 1603
t 1758 1590 1759 1603
t 1758 1771 1590 1603
t 1589 1758 1771 1759
t 1771 1603 1759 1772
t 1589 1759 1590 1603
t 1589 1603 1771 1602
t 1589 1771 1759 1603
t 1590 1759 1772 1591
t 1759 1603 1772 1604
t 1759 1591 1760 1604
t 1759 1772 1591 1604
t 1590 1759 1772 1760
t 1772 1604 1760 1773
t 1590 1760 1591 1604
t 1590 1604 1772 1603
t 1590 1772 1760 1604
t 1591 1760 1773 1592
t 1760 1604 1773 1605
t 1760 1592 1761 1605
t 1760 1773 1592 1605
t 1591 1760 1773 1761
t 1773 1605 1761 1774
t 1591 1761 1592 1605
t 1591 1605 1773 1604
t 1591 1773 1761 1605
t 1592 1761 1774 1593
t 1761 1605 1774 1606
t 1761 1593 1762 1606
t 1761 1774 1593 1606
t 1592 1761 1774 1762
t 1774 1606 1762 1775
t 1592 1762 1593 1606
t 1592 1606 1774 1605
t 1592 1774 1762 1606
t 1593 1762 1775 1594
t 1762 1606 1775 1607
t 1762 1594 1763 1607
t 1762 1775 1594 1607
t 1593 1762 1775 1763
t 1775 1607 1763 1776
t 1593 1763 1594 1607
t 1593 1607 1775 1606
t 1593 1775 1763 1607
t 1594 1763 1776 1595
t 1763 1607 1776 1608
t 1763 1595 1764 1608
t 1763 1776 1595 1608
t 1594 1763 1776 1764
t 1776 1608 1764 1777
t 1594 1764 1595 1608
t 1594 1608 1776 1607
t 1594 1776 1764 1608
t 1595 1764 1777 1596
t 1764 1608 1777 1609
t 1764 1596 1765 1609
t 1764 1777 1596 1609
t 1595 1764 1777 1765
t 1777 1609 1765 1778
t 1595 1765 1596 1609
t 1595 1609 1777 1608
t 1595 1777 1765 1609
t 1596 1765 1778 1597
t 1765 1609 1778 1610
t 1765 1597 1766 1610
t 1765 1778 1597 1610
t 1596 1765 1778 1766
t 1778 1610 1766 1779
t 1596 1766 1597 1610
t 1596 1610 1778 1609
t 1596 1778 1766 1610
t 1598 1767 1780 1599
t 1767 1611 1780 1612
t 1767 1599 1768 1612
t 1767 1780 1599 1612
t 1598 1767 1780 1768
t 1780 1612 1768 1781
t 1598 1768 1599 1612
t 1598 1612 1780 1611
t 1598 1780 1768 1612
t 1599 1768 1781 1600
t 1768 1612 1781 1613
t 1768 1600 1769 1613
t 1768 1781 1600 1613
t 1599 1768 1781 1769
t 1781 1613 1769 1782
t 1599 1769 1600 1613
t 1599 1613 1781 1612
t 1599 1781 1769 1613
t 1600 1769 1782 1601
t 1769 1613 1782 1614
t 1769 1601 1770 1614
t 1769 1782 1601 1614
t 1600 1769 1782 1770
t 1782 1614 1770 1783
t 1600 1770 1601 1614
t 1600 1614 1782 1613
t 1600 1782 1770 1614
t 1601 1770 1783 1602
t 1770 1614 1783 1615
t 1770 1602 1771 1615
t 1770 1783 1602 1615
t 1601 1770 1783 1771
t 1783 1615 1771 1784
t 1601 1771 1602 1615
t 1601 1615 1783 1614
t 1601 1783 1771 1615
t 1602 1771 1784 1603
t 1771 1615 1784 1616
t 1771 1603 1772 1616
t 1771 1784 1603 1616
t 1602 1771 1784 1772
t 1784 1616 1772 1785
t 1602 1772 1603 1616
t 1602 1616 1784 1615
t 1602 1784 1772 1616
t 1603 1772 1785 1604
t 1772 1616 1785 1617
t 1772 1604 1773 1617
t 1772 1785 1604 1617
t 1603 1772 1785 1773
t 1785 1617 1773 1786
t 1603 1773 1604 1617
t 1603 1617 1785 1616
t 1603 1785 1773 1617
t 1604 1773 1786 1605
t 1773 1617 1786 1618
t 1773 1605 1774 1618
t 1773 1786 1605 1618
t 1604 1773 1786 1774
t 1786 1618 1774 1787
t 1604 1774 1605 1618
t 1604 1618 1786 1617
t 1604 1786 1774 1618
t 1605 1774 1787 1606
t 1774 1618 1787 1619
t 1774 1606 1775 1619
t 1774 1787 1606 1619
t 1605 1774 1787 1775
t 1787 1619 1775 1788
t 1605 1775 1606 1619
t 1605 1619 1787 1618
t 1605 1787 1775 1619
t 1606 1775 1788 1607
t 1775 1619 1788 1620
t 1775 1607 1776 1620
t 1775 1788 1607 1620
t 1606 1775 1788 1776
t 1788 1620 1776 1789
t 1606 1776 1607 1620
t 1606 1620 1788 1619
t 1606 1788 1776 1620
t 1607 1776 1789 1608
t 1776 1620 1789 1621
t 1776 1608 1777 1621
t 1776 1789 1608 1621
t 1607 1776 1789 1777
t 1789 1621 1777 1790
t 1607 1777 1608 1621
t 1607 1621 1789 1620
t 1607 1789 1777 1621
t 1608 1777 1790 1609
t 1777 1621 1790 1622
t 1777 1609 1778 1622
t 1777 1790 1609 1622
t 1608 1777 1790 1778
t 1790 1622 1778 1791
t 1608 1778 1609 1622
t 1608 1622 1790 1621
t 1608 1790 1778 1622
t 1609 1778 1791 1610
t 1778 1622 1791 1623
t 1778 1610 1779 1623
t 1778 1791 1610 1623
t 1609 1778 1791 1779
t 1791 1623 1779 1792
t 1609 1779 1610 1623
t 1609 1623 1791 1622
t 1609 1791 1779 1623
t 1611 1780 1793 1612
t 1780 1624 1793 1625
t 1780 1612 1781 1625
t 1780 1793 1612 1625
t 1611 1780 1793 1781
t 1793 1625 1781 1794
t 1611 1781 1612 1625
t 1611 1625 1793 1624
t 1611 1793 1781 1625
t 1612 1781 1794 1613
t 1781 1625 1794 1626
t 1781 1613 1782 1626
t 1781 1794 1613 1626
t 1612 1781 1794 1782
t 1794 1626 1782 1795
t 1612 1782 1613 1626
t 1612 1626 1794 1625
t 1612 1794 1782 1626
t 1613 1782 1795 1614
t 1782 1626 1795 1627
t 1782 1614 1783 1627
t 1782 1795 1614 1627
t 1613 1782 1795 1783
t 1795 1627 1783 1796
t 1613 1783 1614 1627
t 1613 1627 1795 1626
t 1613 1795 1783 1627
t 1614 1783 1796 1615
t 1783 1627 1796 1628
t 1783 1615 1784 1628
t 1783 1796 1615 1628
t 1614 1783 1796 1784
t 1796 1628 1784 1797
t 1614 1784 1615 1628
t 1614 1628 1796 1627
t 1614 1796 1784 1628
t 1615 1784 1797 1616
t 1784 1628 1797 1629
t 1784 1616 1785 1629
t 1784 1797 1616 1629
t 1615 1784 1797 1785
t 1797 1629 1785 1798
t 1615 1785 1616 1629
t 1615 1629 1797 1628
t 1615 1797 1785 1629
t 1616 1785 1798 1617
t 1785 1629 1798 1630
t 1785 1617 1786 1630
t 1785 1798 1617 1630
t 1616 1785 1798 1786
t 1798 1630 1786 1799
t 1616 1786 1617 1630
t 1616 1630 1798 1629
t 1616 1798 1786 1630
t 1617 1786 1799 1618
t 1786 1630 1799 1631
t 1786 1618 1787 1631
t 1786 1799 1618 1631
t 1617 1786 1799 1787
t 1799 1631 1787 1800
t 1617 1787 1618 1631
t 1617 1631 1799 1630
t 1617 1799 1787 1631
t 1618 1787 1800 1619
t 1787 1631 1800 1632
t 1787 1619 1788 1632
t 1787 1800 1619 1632
t 1618 1787 1800 1788
t 1800 1632 1788 1801
t 1618 1788 1619 1632
t 1618 1632 1800 1631
t 1618 1800 1788 1632
t 1619 1788 1801 1620
t 1788 1632 1801 1633
t 1788 1620 1789 1633
t 1788 1801 1620 1633
t 1619 1788 1801 1789
t 1801 1633 1789 1802
t 1619 1789 1620 1633
t 1619 1633 1801 1632
t 1619 1801 1789 1633
t 1620 1789 1802 1621
t 1789 1633 1802 1634
t 1789 1621 1790 1634
t 1789 1802 1621 1634
t 1620 1789 1802 1790
t 1802 1634 1790 1803
t 1620 1790 1621 1634
t 1620 1634 1802 1633
t 1620 1802 1790 1634
t 1621 1790 1803 1622
t 1790 1634 1803 1635
t 1790 1622 1791 1635
t 1790 1803 1622 1635
t 1621 1790 1803 1791
t 1803 1635 1791 1804
t 1621 1791 1622 1635
t 1621 1635 1803 1634
t 1621 1803 1791 1635
t 1622 1791 1804 1623
t 1791 1635 1804 1636
t 1791 1623 1792 1636
t 1791 1804 1623 1636
t 1622 1791 1804 1792
t 1804 1636 1792 1805
t 1622 1792 1623 1636
t 1622 1636 1804 1635
t 1622 1804 1792 1636
t 1624 1793 1806 1625
t 1793 1637 1806 1638
t 1793 1625 1794 1638
t 1793 1806 1625 1638
t 1624 1793 1806 1794
t 1806 1638 1794 1807
t 1624 1794 1625 1638
t 1624 1638 1806 1637
t 1624 1806 1794 1638
t 1625 1794 1807 1626
t 1794 1638 1807 1639
t 1794 1626 1795 1639
t 1794 1807 1626 1639
t 1625 1794 1807 1795
t 1807 1639 1795 1808
t 1625 1795 1626 1639
t 1625 1639 1807 1638
t 1625 1807 1795 1639
t 1626 1795 1808 1627
t 1795 1639 1808 1640
t 1795 1627 1796 1640
t 1795 1808 1627 1640
t 1626 1795 1808 1796
t 1808 1640 1796 1809
t 1626 1796 1627 1640
t 1626 1640 1808 1639
t 1626 1808 1796 1640
t 1627 1796 1809 1628
t 1796 1640 1809 1641
t 1796 1628 1797 1641
t 1796 1809 1628 1641
t 1627 1796 1809 1797
t 1809 1641 1797 1810
t 1627 1797 1628 1641
t 1627 1641 1809 1640
t 1627 1809 1797 1641
t 1628 1797 1810 1629
t 1797 1641 1810 1642
t 1797 1629 1798 1642
t 1797 1810 1629 1642
t 1628 1797 1810 1798
t 1810 1642 1798 1811
t 1628 1798 1629 1642
t 1628 1642 1810 1641
t 1628 1810 1798 1642
t 1629 1798 1811 1630
t 1798 1642 1811 1643
t 1798 1630 1799 1643
t 1798 1811 1630 1643
t 1629 1798 1811 1799
t 1811 1643 1799 1812
t 1629 1799 1630 1643
t 1629 1643 1811 1642
t 1629 1811 1799 1643
t 1630 1799 1812 1631
t 1799 1643 1812 1644
t 1799 1631 1800 1644
t 1799 1812 1631 1644
t 1630 1799 1812 1800
t 1812 1644 1800 1813
t 1630 1800 1631 1644
t 1630 1644 1812 1643
t 1630 1812 1800 1644
t 1631 1800 1813 1632
t 1800 1644 1813 1645
t 1800 1632 1801 1645
t 1800 1813 1632 1645
t 1631 1800 1813 1801
t 1813 1645 1801 1814
t 1631 1801 1632 1645
t 1631 1645 1813 1644
t 1631 1813 1801 1645
t 1632 1801 1814 1633
t 1801 1645 1814 1646
t 1801 1633 1802 1646
t 1801 1814 1633 1646
t 1632 1801 1814 1802
t 1814 1646 1802 1815
t 1632 1802 1633 1646
t 1632 1646 1814 1645
t 1632 1814 1802 1646
t 1633 1802 1815 1634
t 1802 1646 1815 1647
t 1802 1634 1803 1647
t 1802 1815 1634 1647
t 1633 1802 1815 1803
t 1815 1647 1803 1816
t 1633 1803 1634 1647
t 1633 1647 1815 1646
t 1633 1815 1803 1647
t 1634 1803 1816 1635
t 1803 1647 1816 1648
t 1803 1635 1804 1648
t 1803 1816 1635 1648
t 1634 1803 1816 1804
t 1816 1648 1804 1817
t 1634 1804 1635 1648
t 1634 1648 1816 1647
t 1634 1816 1804 1648
t 1635 1804 1817 1636
t 1804 1648 1817 1649
t 1804 1636 1805 1649
t 1804 1817 1636 1649
t 1635 1804 1817 1805
t 1817 1649 1805 1818
t 1635 1805 1636 1649
t 1635 1649 1817 1648
t 1635 1817 1805 1649
t 1637 1806 1819 1638
t 1806 1650 1819 1651
t 1806 1638 1807 1651
t 1806 1819 1638 1651
t 1637 1806 1819 1807
t 1819 1651 1807 1820
t 1637 1807 1638 1651
t 1637 1651 1819 1650
t 1637 1819 1807 1651
t 1638 1807 1820 1639
t 1807 1651 1820 1652
t 1807 1639 1808 1652
t 1807 1820 1639 1652
t 1638 1807 1820 1808
t 1820 1652 1808 1821
t 1638 1808 1639 1652
t 1638 1652 1820 1651
t 1638 1820 1808 1652
t 1639 1808 1821 1640
t 1808 1652 1821 1653
t 1808 1640 1809 1653
t 1808 1821 1640 1653
t 1639 1808 1821 1809
t 1821 1653 1809 1822
t 1639 1809 1640 1653
t 1639 1653 1821 1652
t 1639 1821 1809 1653
t 1640 1809 1822 1641
t 1809 1653 1822 1654
t 1809 1641 1810 1654
t 1809 1822 1641 1654
t 1640 1809 1822 1810
t 1822 1654 1810 1823
t 1640 1810 1641 1654
t 1640 1654 1822 1653
t 1640 1822 1810 1654
t 1641 1810 1823 1642
t 1810 1654 1823 1655
t 1810 1642 1811 1655
t 1810 1823 1642 1655
t 1641 1810 1823 1811
t 1823 1655 1811 1824
t 1641 1811 1642 1655
t 1641 1655 1823 1654
t 1641 1823 1811 1655
t 1642 1811 1824 1643
t 1811 1655 1824 1656
t 1811 1643 1812 1656
t 1811 1824 1643 1656
t 1642 1811 1824 1812
t 1824 1656 1812 1825
t 1642 1812 1643 1656
t 1642 1656 1824 1655
t 1642 1824 1812 1656
t 1643 1812 1825 1644
t 1812 1656 1825 1657
t 1812 1644 1813 1657
t 1812 1825 1644 1657
t 1643 1812 1825 1813
t 1825 1657 1813 1826
t 1643 1813 1644 1657
t 1643 1657 1825 1656
t 1643 1825 1813 1657
t 1644 1813 1826 1645
t 1813 1657 1826 1658
t 1813 1645 1814 1658
t 1813 1826 1645 1658
t 1644 1813 1826 1814
t 1826 1658 1814 1827
t 1644 1814 1645 1658
t 1644 1658 1826 1657
t 1644 1826 1814 1658
t 1645 1814 1827 1646
t 1814 1658 1827 1659
t 1814 1646 1815 1659
t 1814 1827 1646 1659
t 1645 1814 1827 1815
t 1827 1659 1815 1828
t 1645 1815 1646 1659
t 1645 1659 1827 1658
t 1645 1827 1815 1659
t 1646 1815 1828 1647
t 1815 1659 1828 1660
t 1815 1647 1816 1660
t 1815 1828 1647 1660
t 1646 1815 1828 1816
t 1828 1660 1816 1829
t 1646 1816 1647 1660
t 1646 1660 1828 1659
t 1646 1828 1816 1660
t 1647 1816 1829 1648
t 1816 1660 1829 1661
t 1816 1648 1817 1661
t 1816 1829 1648 1661
t 1647 1816 1829 1817
t 1829 1661 1817 1830
t 1647 1817 1648 1661
t 1647 1661 1829 1660
t 1647 1829 1817 1661
t 1648 1817 1830 1649
t 1817 1661 1830 1662
t 1817 1649 1818 1662
t 1817 1830 1649 1662
t 1648 1817 1830 1818
t 1830 1662 1818 1831
t 1648 1818 1649 1662
t 1648 1662 1830 1661
t 1648 1830 1818 1662
t 1650 1819 1832 1651
t 1819 1663 1832 1664
t 1819 1651 1820 1664
t 1819 1832 1651 1664
t 1650 1819 1832 1820
t 1832 1664 1820 1833
t 1650 1820 1651 1664
t 1650 1664 1832 1663
t 1650 1832 1820 1664
t 1651 1820 1833 1652
t 1820 1664 1833 1665
t 1820 1652 1821 1665
t 1820 1833 1652 1665
t 1651 1820 1833 1821
t 1833 1665 1821 1834
t 1651 1821 1652 1665
t 1651 1665 1833 1664
t 1651 1833 1821 1665
t 1652 1821 1834 1653
t 1821 1665 1834 1666
t 1821 1653 1822 1666
t 1821 1834 1653 1666
t 1652 1821 1834 1822
t 1834 1666 1822 1835
t 1652 1822 1653 1666
t 1652 1666 1834 1665
t 1652 1834 1822 1666
t 1653 1822 1835 1654
t 1822 1666 1835 1667
t 1822 1654 1823 1667
t 1822 1835 1654 1667
t 1653 1822 1835 1823
t 1835 1667 1823 1836
t 1653 1823 1654 1667
t 1653 1667 1835 1666
t 1653 1835 1823 1667
t 1654 1823 1836 1655
t 1823 1667 1836 1668
t 1823 1655 1824 1668
t 1823 1836 1655 1668
t 1654 1823 1836 1824
t 1836 1668 1824 1837
t 1654 1824 1655 1668
t 1654 1668 1836 1667
t 1654 1836 1824 1668
t 1655 1824 1837 1656
t 1824 1668 1837 1669
t 1824 1656 1825 1669
t 1824 1837 1656 1669
t 1655 1824 1837 1825
t 1837 1669 1825 1838
t 1655 1825 1656 1669
t 1655 1669 1837 1668
t 1655 1837 1825 1669
t 1656 1825 1838 1657
t 1825 1669 1838 1670
t 1825 1657 1826 1670
t 1825 1838 1657 1670
t 1656 1825 1838 1826
t 1838 1670 1826 1839
t 1656 1826 1657 1670
t 1656 1670 1838 1669
t 1656 1838 1826 1670
t 1657 1826 1839 1658
t 1826 1670 1839 1671
t 1826 1658 1827 1671
t 1826 1839 1658 1671
t 1657 1826 1839 1827
t 1839 1671 1827 1840
t 1657 1827 1658 1671
t 1657 1671 1839 1670
t 1657 1839 1827 1671
t 1658 1827 1840 1659
t 1827 1671 1840 1672
t 1827 1659 1828 1672
t 1827 1840 1659 1672
t 1658 1827 1840 1828
t 1840 1672 1828 1841
t 1658 1828 1659 1672
t 1658 1672 1840 1671
t 1658 1840 1828 1672
t 1659 1828 1841 1660
t 1828 1672 1841 1673
t 1828 1660 1829 1673
t 1828 1841 1660 1673
t 1659 1828 1841 1829
t 1841 1673 1829 1842
t 1659 1829 1660 1673
t 1659 1673 1841 1672
t 1659 1841 1829 1673
t 1660 1829 1842 1661
t 1829 1673 1842 1674
t 1829 1661 1830 1674
t 1829 1842 1661 1674
t 1660 1829 1842 1830
t 1842 1674 1830 1843
t 1660 1830 1661 1674
t 1660 1674 1842 1673
t 1660 1842 1830 1674
t 1661 1830 1843 1662
t 1830 1674 1843 1675
t 1830 1662 1831 1675
t 1830 1843 1662 1675
t 1661 1830 1843 1831
t 1843 1675 1831 1844
t 1661 1831 1662 1675
t 1661 1675 1843 1674
t 1661 1843 1831 1675
t 1663 1832 1845 1664
t 1832 1676 1845 1677
t 1832 1664 1833 1677
t 1832 1845 1664 1677
t 1663 1832 1845 1833
t 1845 1677 1833 1846
t 1663 1833 1664 1677
t 1663 1677 1845 1676
t 1663 1845 1833 1677
t 1664 1833 1846 1665
t 1833 1677 1846 1678
t 1833 1665 1834 1678
t 1833 1846 1665 1678
t 1664 1833 1846 1834
t 1846 1678 1834 1847
t 1664 1834 1665 1678
t 1664 1678 1846 1677
t 1664 1846 1834 1678
t 1665 1834 1847 1666
t 1834 1678 1847 1679
t 1834 1666 1835 1679
t 1834 1847 1666 1679
t 1665 1834 1847 1835
t 1847 1679 1835 1848
t 1665 1835 1666 1679
t 1665 1679 1847 1678
t 1665 1847 1835 1679
t 1666 1835 1848 1667
t 1835 1679 1848 1680
t 1835 1667 1836 1680
t 1835 1848 1667 1680
t 1666 1835 1848 1836
t 1848 1680 1836 1849
t 1666 1836 1667 1680
t 1666 1680 1848 1679
t 1666 1848 1836 1680
t 1667 1836 1849 1668
t 1836 1680 1849 1681
t 1836 1668 1837 1681
t 1836 1849 1668 1681
t 1667 1836 1849 1837
t 1849 1681 1837 1850
t 1667 1837 1668 1681
t 1667 1681 1849 1680
t 1667 1849 1837 1681
t 1668 1837 1850 1669
t 1837 1681 1850 1682
t 1837 1669 1838 1682
t 1837 1850 1669 1682
t 1668 1837 1850 1838
t 1850 1682 1838 1851
t 1668 1838 1669 1682
t 1668 1682 1850 1681
t 1668 1850 1838 1682
t 1669 1838 1851 1670
t 1838 1682 1851 1683
t 1838 1670 1839 1683
t 1838 1851 1670 1683
t 1669 1838 1851 1839
t 1851 1683 1839 1852
t 1669 1839 1670 1683
t 1669 1683 1851 1682
t 1669 1851 1839 1683
t 1670 1839 1852 1671
t 1839 1683 1852 1684
t 1839 1671 1840 1684
t 1839 1852 1671 1684
t 1670 1839 1852 1840
t 1852 1684 1840 1853
t 1670 1840 1671 1684
t 1670 1684 1852 1683
t 1670 1852 1840 1684
t 1671 1840 1853 1672
t 1840 1684 1853 1685
t 1840 1672 1841 1685
t 1840 1853 1672 1685
t 1671 1840 1853 1841
t 1853 1685 1841 1854
t 1671 1841 1672 1685
t 1671 1685 1853 1684
t 1671 1853 1841 1685
t 1672 1841 1854 1673
t 1841 1685 1854 1686
t 1841 1673 1842 1686
t 1841 1854 1673 1686
t 1672 1841 1854 1842
t 1854 1686 1842 1855
t 1672 1842 1673 1686
t 1672 1686 1854 1685
t 1672 1854 1842 1686
t 1673 1842 1855 1674
t 1842 1686 1855 1687
t 1842 1674 1843 1687
t 1842 1855 1674 1687
t 1673 1842 1855 1843
t 1855 1687 1843 1856
t 1673 1843 1674 1687
t 1673 1687 1855 1686
t 1673 1855 1843 1687
t 1674 1843 1856 1675
t 1843 1687 1856 1688
t 1843 1675 1844 1688
t 1843 1856 1675 1688
t 1674 1843 1856 1844
t 1856 1688 1844 1857
t 1674 1844 1675 1688
t 1674 1688 1856 1687
t 1674 1856 1844 1688
t 1689 1858 1859 1691
t 1858 1690 1859 1692
t 1858 1691 1860 1692
t 1858 1859 1691 1692
t 1689 1858 1859 1860
t 1859 1692 1860 1861
t 1689 1860 1691 1692
t 1689 1692 1859 1690
t 1689 1859 1860 1692
t 1691 1860 1861 1693
t 1860 1692 1861 1694
t 1860 1693 1862 1694
t 1860 1861 1693 1694
t 1691 1860 1861 1862
t 1861 1694 1862 1863
t 1691 1862 1693 1694
t 1691 1694 1861 1692
t 1691 1861 1862 1694
t 1693 1862 1863 1695
t 1862 1694 1863 1696
t 1862 1695 1864 1696
t 1862 1863 1695 1696
t 1693 1862 1863 1864
t 1863 1696 1864 1865
t 1693 1864 1695 1696
t 1693 1696 1863 1694
t 1693 1863 1864 1696
t 1695 1864 1865 1697
t 1864 1696 1865 1698
t 1864 1697 1866 1698
t 1864 1865 1697 1698
t 1695 1864 1865 1866
t 1865 1698 1866 1867
t 1695 1866 1697 1698
t 1695 1698 1865 1696
t 1695 1865 1866 1698
t 1697 1866 1867 1699
t 1866 1698 1867 1700
t 1866 1699 1868 1700
t 1866 1867 1699 1700
t 1697 1866 1867 1868
t 1867 1700 1868 1869
t 1697 1868 1699 1700
t 1697 1700 1867 1698
t 1697 1867 1868 1700
t 1699 1868 1869 1701
t 1868 1700 1869 1702
t 1868 1701 1870 1702
t 1868 1869 1701 1702
t 1699 1868 1869 1870
t 1869 1702 1870 1871
t 1699 1870 1701 1702
t 1699 1702 1869 1700
t 1699 1869 1870 1702
t 1701 1870 1871 1703
t 1870 1702 1871 1704
t 1870 1703 1872 1704
t 1870 1871 1703 1704
t 1701 1870 1871 1872
t 1871 1704 1872 1873
t 1701 1872 1703 1704
t 1701 1704 1871 1702
t 1701 1871 1872 1704
t 1703 1872 1873 1705
t 1872 1704 1873 1706
t 1872 1705 1874 1706
t 1872 1873 1705 1706
t 1703 1872 1873 1874
t 1873 1706 1874 1875
t 1703 1874 1705 1706
t 1703 1706 1873 1704
t 1703 1873 1874 1706
t 1705 1874 1875 1707
t 1874 1706 1875 1708
t 1874 1707 1876 1708
t 1874 1875 1707 1708
t 1705 1874 1875 1876
t 1875 1708 1876 1877
t 1705 1876 1707 1708
t 1705 1708 1875 1706
t 1705 1875 1876 1708
t 1707 1876 1877 1709
t 1876 1708 1877 1710
t 1876 1709 1878 1710
t 1876 1877 1709 1710
t 1707 1876 1877 1878
t 1877 1710 1878 1879
t 1707 1878 1709 1710
t 1707 1710 1877 1708
t 1707 1877 1878 1710
t 1709 1878 1879 1711
t 1878 1710 1879 1712
t 1878 1711 1880 1712
t 1878 1879 1711 1712
t 1709 1878 1879 1880
t 1879 1712 1880 1881
t 1709 1880 1711 1712
t 1709 1712 1879 1710
t 1709 1879 1880 1712
t 1711 1880 1881 1713
t 1880 1712 1881 1714
t 1880 1713 1882 1714
t 1880 1881 1713 1714
t 1711 1880 1881 1882
t 1881 1714 1882 1883
t 1711 1882 1713 1714
t 1711 1714 1881 1712
t 1711 1881 1882 1714
t 1690 1859 1884 1692
t 1859 1715 1884 1716
t 1859 1692 1861 1716
t 1859 1884 1692 1716
t 1690 1859 1884 1861
t 1884 1716 1861 1885
t 1690 1861 1692 1716
t 1690 1716 1884 1715
t 1690 1884 1861 1716
t 1692 1861 1885 1694
t 1861 1716 1885 1717
t 1861 1694 1863 1717
t 1861 1885 1694 1717
t 1692 1861 1885 1863
t 1885 1717 1863 1886
t 1692 1863 1694 1717
t 1692 1717 1885 1716
t 1692 1885 1863 1717
t 1694 1863 1886 1696
t 1863 1717 1886 1718
t 1863 1696 1865 1718
t 1863 1886 1696 1718
t 1694 1863 1886 1865
t 1886 1718 1865 1887
t 1694 1865 1696 1718
t 1694 1718 1886 1717
t 1694 1886 1865 1718
t 1696 1865 1887 1698
t 1865 1718 1887 1719
t 1865 1698 1867 1719
t 1865 1887 1698 1719
t 1696 1865 1887 1867
t 1887 1719 1867 1888
t 1696 1867 1698 1719
t 1696 1719 1887 1718
t 1696 1887 1867 1719
t 1698 1867 1888 1700
t 1867 1719 1888 1720
t 1867 1700 1869 1720
t 1867 1888 1700 1720
t 1698 1867 1888 1869
t 1888 1720 1869 1889
t 1698 1869 1700 1720
t 1698 1720 1888 1719
t 1698 1888 1869 1720
t 1700 1869 1889 1702
t 1869 1720 1889 1721
t 1869 1702 1871 1721
t 1869 1889 1702 1721
t 1700 1869 1889 1871
t 1889 1721 1871 1890
t 1700 1871 1702 1721
t 1700 1721 1889 1720
t 1700 1889 1871 1721
t 1702 1871 1890 1704
t 1871 1721 1890 1722
t 1871 1704 1873 1722
t 1871 1890 1704 1722
t 1702 1871 1890 1873
t 1890 1722 1873 1891
t 1702 1873 1704 1722
t 1702 1722 1890 1721
t 1702 1890 1873 1722
t 1704 1873 1891 1706
t 1873 1722 1891 1723
t 1873 1706 1875 1723
t 1873 1891 1706 1723
t 1704 1873 1891 1875
t 1891 1723 1875 1892
t 1704 1875 1706 1723
t 1704 1723 1891 1722
t 1704 1891 1875 1723
t 1706 1875 1892 1708
t 1875 1723 1892 1724
t 1875 1708 1877 1724
t 1875 1892 1708 1724
t 1706 1875 1892 1877
t 1892 1724 1877 1893
t 1706 1877 1708 1724
t 1706 1724 1892 1723
t 1706 1892 1877 1724
t 1708 1877 1893 1710
t 1877 1724 1893 1725
t 1877 1710 1879 1725
t 1877 1893 1710 1725
t 1708 1877 1893 1879
t 1893 1725 1879 1894
t 1708 1879 1710 1725
t 1708 1725 1893 1724
t 1708 1893 1879 1725
t 1710 1879 1894 1712
t 1879 1725 1894 1726
t 1879 1712 1881 1726
t 1879 1894 1712 1726
t 1710 1879 1894 1881
t 1894 1726 1881 1895
t 1710 1881 1712 1726
t 1710 1726 1894 1725
t 1710 1894 1881 1726
t 1712 1881 1895 1714
t 1881 1726 1895 1727
t 1881 1714 1883 1727
t 1881 1895 1714 1727
t 1712 1881 1895 1883
t 1895 1727 1883 1896
t 1712 1883 1714 1727
t 1712 1727 1895 1726
t 1712 1895 1883 1727
t 1715 1884 1897 1716
t 1884 1728 1897 1729
t 1884 1716 1885 1729
t 1884 1897 1716 1729
t 1715 1884 1897 1885
t 1897 1729 1885 1898
t 1715 1885 1716 1729
t 1715 1729 1897 1728
t 1715 1897 1885 1729
t 1716 1885 1898 1717
t 1885 1729 1898 1730
t 1885 1717 1886 1730
t 1885 1898 1717 1730
t 1716 1885 1898 1886
t 1898 1730 1886 1899
t 1716 1886 1717 1730
t 1716 1730 1898 1729
t 1716 1898 1886 1730
t 1717 1886 1899 1718
t 1886 1730 1899 1731
t 1886 1718 1887 1731
t 1886 1899 1718 1731
t 1717 1886 1899 1887
t 1899 1731 1887 1900
t 1717 1887 1718 1731
t 1717 1731 1899 1730
t 1717 1899 1887 1731
t 1718 1887 1900 1719
t 1887 1731 1900 1732
t 1887 1719 1888 1732
t 1887 1900 1719 1732
t 1718 1887 1900 1888
t 1900 1732 1888 1901
t 1718 1888 1719 1732
t 1718 1732 1900 1731
t 1718 1900 1888 1732
t 1719 1888 1901 1720
t 1888 1732 1901 1733
t 1888 1720 1889 1733
t 1888 1901 1720 1733
t 1719 1888 1901 1889
t 1901 1733 1889 1902
t 1719 1889 1720 1733
t 1719 1733 1901 1732
t 1719 1901 1889 1733
t 1720 1889 1902 1721
t 1889 1733 1902 1734
t 1889 1721 1890 1734
t 1889 1902 1721 1734
t 1720 1889 1902 1890
t 1902 1734 1890 1903
t 1720 1890 1721 1734
t 1720 1734 1902 1733
t 1720 1902 1890 1734
t 1721 1890 1903 1722
t 1890 1734 1903 1735
t 1890 1722 1891 1735
t 1890 1903 1722 1735
t 1721 1890 1903 1891
t 1903 1735 1891 1904
t 1721 1891 1722 1735
t 1721 1735 1903 1734
t 1721 1903 1891 1735
t 1722 1891 1904 1723
t 1891 1735 1904 1736
t 1891 1723 1892 1736
t 1891 1904 1723 1736
t 1722 1891 1904 1892
t 1904 1736 1892 1905
t 1722 1892 1723 1736
t 1722 1736 1904 1735
t 1722 1904 1892 1736
t 1723 1892 1905 1724
t 1892 1736 1905 1737
t 1892 1724 1893 1737
t 1892 1905 1724 1737
t 1723 1892 1905 1893
t 1905 1737 1893 1906
t 1723 1893 1724 1737
t 1723 1737 1905 1736
t 1723 1905 1893 1737
t 1724 1893 1906 1725
t 1893 1737 1906 1738
t 1893 1725 1894 1738
t 1893 1906 1725 1738
t 1724 1893 1906 1894
t 1906 1738 1894 1907
t 1724 1894 1725 1738
t 1724 1738 1906 1737
t 1724 1906 1894 1738
t 1725 1894 1907 1726
t 1894 1738 1907 1739
t 1894 1726 1895 1739
t 1894 1907 1726 1739
t 1725 1894 1907 1895
t 1907 1739 1895 1908
t 1725 1895 1726 1739
t 1725 1739 1907 1738
t 1725 1907 1895 1739
t 1726 1895 1908 1727
t 1895 1739 1908 1740
t 1895 1727 1896 1740
t 1895 1908 1727 1740
t 1726 1895 1908 1896
t 1908 1740 1896 1909
t 1726 1896 1727 1740
t 1726 1740 1908 1739
t 1726 1908 1896 1740
t 1728 1897 1910 1729
t 1897 1741 1910 1742
t 1897 1729 1898 1742
t 1897 1910 1729 1742
t 1728 1897 1910 1898
t 1910 1742 1898 1911
t 1728 1898 1729 1742
t 1728 1742 1910 1741
t 1728 1910 1898 1742
t 1729 1898 1911 1730
t 1898 1742 1911 1743
t 1898 1730 1899 1743
t 1898 1911 1730 1743
t 1729 1898 1911 1899
t 1911 1743 1899 1912
t 1729 1899 1730 1743
t 1729 1743 1911 1742
t 1729 1911 1899 1743
t 1730 1899 1912 1731
t 1899 1743 1912 1744
t 1899 1731 1900 1744
t 1899 1912 1731 1744
t 1730 1899 1912 1900
t 1912 1744 1900 1913
t 1730 1900 1731 1744
t 1730 1744 1912 1743
t 1730 1912 1900 1744
t 1731 1900 1913 1732
t 1900 1744 1913 1745
t 1900 1732 1901 1745
t 1900 1913 1732 1745
t 1731 1900 1913 1901
t 1913 1745 1901 1914
t 1731 1901 1732 1745
t 1731 1745 1913 1744
t 1731 1913 1901 1745
t 1732 1901 1914 1733
t 1901 1745 1914 1746
t 1901 1733 1902 1746
t 1901 1914 1733 1746
t 1732 1901 1914 1902
t 1914 1746 1902 1915
t 1732 1902 1733 1746
t 1732 1746 1914 1745
t 1732 1914 1902 1746
t 1733 1902 1915 1734
t 1902 1746 1915 1747
t 1902 1734 1903 1747
t 1902 1915 1734 1747
t 1733 1902 1915 1903
t 1915 1747 1903 1916
t 1733 1903 1734 1747
t 1733 1747 1915 1746
t 1733 1915 1903 1747
t 1734 1903 1916 1735
t 1903 1747 1916 1748
t 1903 1735 1904 1748
t 1903 1916 1735 1748
t 1734 1903 1916 1904
t 1916 1748 1904 1917
t 1734 1904 1735 1748
t 1734 1748 1916 1747
t 1734 1916 1904 1748
t 1735 1904 1917 1736
t 1904 1748 1917 1749
t 1904 1736 1905 1749
t 1904 1917 1736 1749
t 1735 1904 1917 1905
t 1917 1749 1905 1918
t 1735 1905 1736 1749
t 1735 1749 1917 1748
t 1735 1917 1905 1749
t 1736 1905 1918 1737
t 1905 1749 1918 1750
t 1905 1737 1906 1750
t 1905 1918 1737 1750
t 1736 1905 1918 1906
t 1918 1750 1906 1919
t 1736 1906 1737 1750
t 1736 1750 1918 1749
t 1736 1918 1906 1750
t 1737 1906 1919 1738
t 1906 1750 1919 1751
t 1906 1738 1907 1751
t 1906 1919 1738 1751
t 1737 1906 1919 1907
t 1919 1751 1907 1920
t 1737 1907 1738 1751
t 1737 1751 1919 1750
t 1737 1919 1907 1751
t 1738 1907 1920 1739
t 1907 1751 1920 1752
t 1907 1739 1908 1752
t 1907 1920 1739 1752
t 1738 1907 1920 1908
t 1920 1752 1908 1921
t 1738 1908 1739 1752
t 1738 1752 1920 1751
t 1738 1920 1908 1752
t 1739 1908 1921 1740
t 1908 1752 1921 1753
t 1908 1740 1909 1753
t 1908 1921 1740 1753
t 1739 1908 1921 1909
t 1921 1753 1909 1922
t 1739 1909 1740 1753
t 1739 1753 1921 1752
t 1739 1921 1909 1753
t 1741 1910 1923 1742
t 1910 1754 1923 1755
t 1910 1742 1911 1755
t 1910 1923 1742 1755
t 1741 1910 1923 1911
t 1923 1755 1911 1924
t 1741 1911 1742 1755
t 1741 1755 1923 1754
t 1741 1923 1911 1755
t 1742 1911 1924 1743
t 1911 1755 1924 1756
t 1911 1743 1912 1756
t 1911 1924 1743 1756
t 1742 1911 1924 1912
t 1924 1756 1912 1925
t 1742 1912 1743 1756
t 1742 1756 1924 1755
t 1742 1924 1912 1756
t 1743 1912 1925 1744
t 1912 1756 1925 1757
t 1912 1744 1913 1757
t 1912 1925 1744 1757
t 1743 1912 1925 1913
t 1925 1757 1913 1926
t 1743 1913 1744 1757
t 1743 1757 1925 1756
t 1743 1925 1913 1757
t 1744 1913 1926 1745
t 1913 1757 1926 1758
t 1913 1745 1914 1758
t 1913 1926 1745 1758
t 1744 1913 1926 1914
t 1926 1758 1914 1927
t 1744 1914 1745 1758
t 1744 1758 1926 1757
t 1744 1926 1914 1758
t 1745 1914 1927 1746
t 1914 1758 1927 1759
t 1914 1746 1915 1759
t 1914 1927 1746 1759
t 1745 1914 1927 1915
t 1927 1759 1915 1928
t 1745 1915 1746 1759
t 1745 1759 1927 1758
t 1745 1927 1915 1759
t 1746 1915 1928 1747
t 1915 1759 1928 1760
t 1915 1747 1916 1760
t 1915 1928 1747 1760
t 1746 1915 1928 1916
t 1928 1760 1916 1929
t 1746 1916 1747 1760
t 1746 1760 1928 1759
t 1746 1928 1916 1760
t 1747 1916 1929 1748
t 1916 1760 1929 1761
t 1916 1748 1917 1761
t 1916 1929 1748 1761
t 1747 1916 1929 1917
t 1929 1761 1917 1930
t 1747 1917 1748 1761
t 1747 1761 1929 1760
t 1747 1929 1917 1761
t 1748 1917 1930 1749
t 1917 1761 1930 1762
t 1917 1749 1918 1762
t 1917 1930 1749 1762
t 1748 1917 1930 1918
t 1930 1762 1918 1931
t 1748 1918 1749 1762
t 1748 1762 1930 1761
t 1748 1930 1918 1762
t 1749 1918 1931 1750
t 1918 1762 1931 1763
t 1918 1750 1919 1763
t 1918 1931 1750 1763
t 1749 1918 1931 1919
t 1931 1763 1919 1932
t 1749 1919 1750 1763
t 1749 1763 1931 1762
t 1749 1931 1919 1763
t 1750 1919 1932 1751
t 1919 1763 1932 1764
t 1919 1751 1920 1764
t 1919 1932 1751 1764
t 1750 1919 1932 1920
t 1932 1764 1920 1933
t 1750 1920 1751 1764
t 1750 1764 1932 1763
t 1750 1932 1920 1764
t 1751 1920 1933 1752
t 1920 1764 1933 1765
t 1920 1752 1921 1765
t 1920 1933 1752 1765
t 1751 1920 1933 1921
t 1933 1765 1921 1934
t 1751 1921 1752 1765
t 1751 1765 1933 1764
t 1751 1933 1921 1765
t 1752 1921 1934 1753
t 1921 1765 1934 1766
t 1921 1753 1922 1766
t 1921 1934 1753 1766
t 1752 1921 1934 1922
t 1934 1766 1922 1935
t 1752 1922 1753 1766
t 1752 1766 1934 1765
t 1752 1934 1922 1766
t 1754 1923 1936 1755
t 1923 1767 1936 1768
t 1923 1755 1924 1768
t 1923 1936 1755 1768
t 1754 1923 1936 1924
t 1936 1768 1924 1937
t 1754 1924 1755 1768
t 1754 1768 1936 1767
t 1754 1936 1924 1768
t 1755 1924 1937 1756
t 1924 1768 1937 1769
t 1924 1756 1925 1769
t 1924 1937 1756 1769
t 1755 1924 1937 1925
t 1937 1769 1925 1938
t 1755 1925 1756 1769
t 1755 1769 1937 1768
t 1755 1937 1925 1769
t 1756 1925 1938 1757
t 1925 1769 1938 1770
t 1925 1757 1926 1770
t 1925 1938 1757 1770
t 1756 1925 1938 1926
t 1938 1770 1926 1939
t 1756 1926 1757 1770
t 1756 1770 1938 1769
t 1756 1938 1926 1770
t 1757 1926 1939 1758
t 1926 1770 1939 1771
t 1926 1758 1927 1771
t 1926 1939 1758 1771
t 1757 1926 1939 1927
t 1939 1771 1927 1940
t 1757 1927 1758 1771
t 1757 1771 1939 1770
t 1757 1939 1927 1771
t 1758 1927 1940 1759
t 1927 1771 1940 1772
t 1927 1759 1928 1772
t 1927 1940 1759 1772
t 1758 1927 1940 1928
t 1940 1772 1928 1941
t 1758 1928 1759 1772
t 1758 1772 1940 1771
t 1758 1940 1928 1772
t 1759 1928 1941 1760
t 1928 1772 1941 1773
t 1928 1760 1929 1773
t 1928 1941 1760 1773
t 1759 1928 1941 1929
t 1941 1773 1929 1942
t 1759 1929 1760 1773
t 1759 1773 1941 1772
t 1759 1941 1929 1773
t 1760 1929 1942 1761
t 1929 1773 1942 1774
t 1929 1761 1930 1774
t 1929 1942 1761 1774
t 1760 1929 1942 1930
t 1942 1774 1930 1943
t 1760 1930 1761 1774
t 1760 1774 1942 1773
t 1760 1942 1930 1774
t 1761 1930 1943 1762
t 1930 1774 1943 1775
t 1930 1762 1931 1775
t 1930 1943 1762 1775
t 1761 1930 1943 1931
t 1943 1775 1931 1944
t 1761 1931 1762 1775
t 1761 1775 1943 1774
t 1761 1943 1931 1775
t 1762 1931 1944 1763
t 1931 1775 1944 1776
t 1931 1763 1932 1776
t 1931 1944 1763 1776
t 1762 1931 1944 1932
t 1944 1776 1932 1945
t 1762 1932 1763 1776
t 1762 1776 1944 1775
t 1762 1944 1932 1776
t 1763 1932 1945 1764
t 1932 1776 1945 1777
t 1932 1764 1933 1777
t 1932 1945 1764 1777
t 1763 1932 1945 1933
t 1945 1777 1933 1946
t 1763 1933 1764 1777
t 1763 1777 1945 1776
t 1763 1945 1933 1777
t 1764 1933 1946 1765
t 1933 1777 1946 1778
t 1933 1765 1934 1778
t 1933 1946 1765 1778
t 1764 1933 1946 1934
t 1946 1778 1934 1947
t 1764 1934 1765 1778
t 1764 1778 1946 1777
t 1764 1946 1934 1778
t 1765 1934 1947 1766
t 1934 1778 1947 1779
t 1934 1766 1935 1779
t 1934 1947 1766 1779
t 1765 1934 1947 1935
t 1947 1779 1935 1948
t 1765 1935 1766 1779
t 1765 1779 1947 1778
t 1765 1947 1935 1779
t 1767 1936 1949 1768
t 1936 1780 1949 1781
t 1936 1768 1937 1781
t 1936 1949 1768 1781
t 1767 1936 1949 1937
t 1949 1781 1937 1950
t 1767 1937 1768 1781
t 1767 1781 1949 1780
t 1767 1949 1937 1781
t 1768 1937 1950 1769
t 1937 1781 1950 1782
t 1937 1769 1938 1782
t 1937 1950 1769 1782
t 1768 1937 1950 1938
t 1950 1782 1938 1951
t 1768 1938 1769 1782
t 1768 1782 1950 1781
t 1768 1950 1938 1782
t 1769 1938 1951 1770
t 1938 1782 1951 1783
t 1938 1770 1939 1783
t 1938 1951 1770 1783
t 1769 1938 1951 1939
t 1951 1783 1939 1952
t 1769 1939 1770 1783
t 1769 1783 1951 1782
t 1769 1951 1939 1783
t 1770 1939 1952 1771
t 1939 1783 1952 1784
t 1939 1771 1940 1784
t 1939 1952 1771 1784
t 1770 1939 1952 1940
t 1952 1784 1940 1953
t 1770 1940 1771 1784
t 1770 1784 1952 1783
t 1770 1952 1940 1784
t 1771 1940 1953 1772
t 1940 1784 1953 1785
t 1940 1772 1941 1785
t 1940 1953 1772 1785
t 1771 1940 1953 1941
t 1953 1785 1941 1954
t 1771 1941 1772 1785
t 1771 1785 1953 1784
t 1771 1953 1941 1785
t 1772 1941 1954 1773
t 1941 1785 1954 1786
t 1941 1773 1942 1786
t 1941 1954 1773 1786
t 1772 1941 1954 1942
t 1954 1786 1942 1955
t 1772 1942 1773 1786
t 1772 1786 1954 1785
t 1772 1954 1942 1786
t 1773 1942 1955 1774
t 1942 1786 1955 1787
t 1942 1774 1943 1787
t 1942 1955 1774 1787
t 1773 1942 1955 1943
t 1955 1787 1943 1956
t 1773 1943 1774 1787
t 1773 1787 1955 1786
t 1773 1955 1943 1787
t 1774 1943 1956 1775
t 1943 1787 1956 1788
t 1943 1775 1944 1788
t 1943 1956 1775 1788
t 1774 1943 1956 1944
t 1956 1788 1944 1957
t 1774 1944 1775 1788
t 1774 1788 1956 1787
t 1774 1956 1944 1788
t 1775 1944 1957 1776
t 1944 1788 1957 1789
t 1944 1776 1945 1789
t 1944 1957 1776 1789
t 1775 1944 1957 1945
t 1957 1789 1945 1958
t 1775 1945 1776 1789
t 1775 1789 1957 1788
t 1775 1957 1945 1789
t 1776 1945 1958 1777
t 1945 1789 1958 1790
t 1945 1777 1946 1790
t 1945 1958 1777 1790
t 1776 1945 1958 1946
t 1958 1790 1946 1959
t 1776 1946 1777 1790
t 1776 1790 1958 1789
t 1776 1958 1946 1790
t 1777 1946 1959 1778
t 1946 1790 1959 1791
t 1946 1778 1947 1791
t 1946 1959 1778 1791
t 1777 1946 1959 1947
t 1959 1791 1947 1960
t 1777 1947 1778 1791
t 1777 1791 1959 1790
t 1777 1959 1947 1791
t 1778 1947 1960 1779
t 1947 1791 1960 1792
t 1947 1779 1948 1792
t 1947 1960 1779 1792
t 1778 1947 1960 1948
t 1960 1792 1948 1961
t 1778 1948 1779 1792
t 1778 1792 1960 1791
t 1778 1960 1948 1792
t 1780 1949 1962 1781
t 1949 1793 1962 1794
t 1949 1781 1950 1794
t 1949 1962 1781 1794
t 1780 1949 1962 1950
t 1962 1794 1950 1963
t 1780 1950 1781 1794
t 1780 1794 1962 1793
t 1780 1962 1950 1794
t 1781 1950 1963 1782
t 1950 1794 1963 1795
t 1950 1782 1951 1795
t 1950 1963 1782 1795
t 1781 1950 1963 1951
t 1963 1795 1951 1964
t 1781 1951 1782 1795
t 1781 1795 1963 1794
t 1781 1963 1951 1795
t 1782 1951 1964 1783
t 1951 1795 1964 1796
t 1951 1783 1952 1796
t 1951 1964 1783 1796
t 1782 1951 1964 1952
t 1964 1796 1952 1965
t 1782 1952 1783 1796
t 1782 1796 1964 1795
t 1782 1964 1952 1796
t 1783 1952 1965 1784
t 1952 1796 1965 1797
t 1952 1784 1953 1797
t 1952 1965 1784 1797
t 1783 1952 1965 1953
t 1965 1797 1953 1966
t 1783 1953 1784 1797
t 1783 1797 1965 1796
t 1783 1965 1953 1797
t 1784 1953 1966 1785
t 1953 1797 1966 1798
t 1953 1785 1954 1798
t 1953 1966 1785 1798
t 1784 1953 1966 1954
t 1966 1798 1954 1967
t 1784 1954 1785 1798
t 1784 1798 1966 1797
t 1784 1966 1954 1798
t 1785 1954 1967 1786
t 1954 1798 1967 1799
t 1954 1786 1955 1799
t 1954 1967 1786 1799
t 1785 1954 1967 1955
t 1967 1799 1955 1968
t 1785 1955 1786 1799
t 1785 1799 1967 1798
t 1785 1967 1955 1799
t 1786 1955 1968 1787
t 1955 1799 1968 1800
t 1955 1787 1956 1800
t 1955 1968 1787 1800
t 1786 1955 1968 1956
t 1968 1800 1956 1969
t 1786 1956 1787 1800
t 1786 1800 1968 1799
t 1786 1968 1956 1800
t 1787 1956 1969 1788
t 1956 1800 1969 1801
t 1956 1788 1957 1801
t 1956 1969 1788 1801
t 1787 1956 1969 1957
t 1969 1801 1957 1970
t 1787 1957 1788 1801
t 1787 1801 1969 1800
t 1787 1969 1957 1801
t 1788 1957 1970 1789
t 1957 1801 1970 1802
t 1957 1789 1958 1802
t 1957 1970 1789 1802
t 1788 1957 1970 1958
t 1970 1802 1958 1971
t 1788 1958 1789 1802
t 1788 1802 1970 1801
t 1788 1970 1958 1802
t 1789 1958 1971 1790
t 1958 1802 1971 1803
t 1958 1790 1959 1803
t 1958 1971 1790 1803
t 1789 1958 1971 1959
t 1971 1803 1959 1972
t 1789 1959 1790 1803
t 1789 1803 1971 1802
t 1789 1971 1959 1803
t 1790 1959 1972 1791
t 1959 1803 1972 1804
t 1959 1791 1960 1804
t 1959 1972 1791 1804
t 1790 1959 1972 1960
t 1972 1804 1960 1973
t 1790 1960 1791 1804
t 1790 1804 1972 1803
t 1790 1972 1960 1804
t 1791 1960 1973 1792
t 1960 1804 1973 1805
t 1960 1792 1961 1805
t 1960 1973 1792 1805
t 1791 1960 1973 1961
t 1973 1805 1961 1974
t 1791 1961 1792 1805
t 1791 1805 1973 1804
t 1791 1973 1961 1805
t 1793 1962 1975 1794
t 1962 1806 1975 1807
t 1962 1794 1963 1807
t 1962 1975 1794 1807
t 1793 1962 1975 1963
t 1975 1807 1963 1976
t 1793 1963 1794 1807
t 1793 1807 1975 1806
t 1793 1975 1963 1807
t 1794 1963 1976 1795
t 1963 1807 1976 1808
t 1963 1795 1964 1808
t 1963 1976 1795 1808
t 1794 1963 1976 1964
t 1976 1808 1964 1977
t 1794 1964 1795 1808
t 1794 1808 1976 1807
t 1794 1976 1964 1808
t 1795 1964 1977 1796
t 1964 1808 1977 1809
t 1964 1796 1965 1809
t 1964 1977 1796 1809
t 1795 1964 1977 1965
t 1977 1809 1965 1978
t 1795 1965 1796 1809
t 1795 1809 1977 1808
t 1795 1977 1965 1809
t 1796 1965 1978 1797
t 1965 1809 1978 1810
t 1965 1797 1966 1810
t 1965 1978 1797 1810
t 1796 1965 1978 1966
t 1978 1810 1966 1979
t 1796 1966 1797 1810
t 1796 1810 1978 1809
t 1796 1978 1966 1810
t 1797 1966 1979 1798
t 1966 1810 1979 1811
t 1966 1798 1967 1811
t 1966 1979 1798 1811
t 1797 1966 1979 1967
t 1979 1811 1967 1980
t 1797 1967 1798 1811
t 1797 1811 1979 1810
t 1797 1979 1967 1811
t 1798 1967 1980 1799
t 1967 1811 1980 1812
t 1967 1799 1968 1812
t 1967 1980 1799 1812
t 1798 1967 1980 1968
t 1980 1812 1968 1981
t 1798 1968 1799 1812
t 1798 1812 1980 1811
t 1798 1980 1968 1812
t 1799 1968 1981 1800
t 1968 1812 1981 1813
t 1968 1800 1969 1813
t 1968 1981 1800 1813
t 1799 1968 1981 1969
t 1981 1813 1969 1982
t 1799 1969 1800 1813
t 1799 1813 1981 1812
t 1799 1981 1969 1813
t 1800 1969 1982 1801
t 1969 1813 1982 1814
t 1969 1801 1970 1814
t 1969 1982 1801 1814
t 1800 1969 1982 1970
t 1982 1814 1970 1983
t 1800 1970 1801 1814
t 1800 1814 1982 1813
t 1800 1982 1970 1814
t 1801 1970 1983 1802
t 1970 1814 1983 1815
t 1970 1802 1971 1815
t 1970 1983 1802 1815
t 1801 1970 1983 1971
t 1983 1815 1971 1984
t 1801 1971 1802 1815
t 1801 1815 1983 1814
t 1801 1983 1971 1815
t 1802 1971 1984 1803
t 1971 1815 1984 1816
t 1971 1803 1972 1816
t 1971 1984 1803 1816
t 1802 1971 1984 1972
t 1984 1816 1972 1985
t 1802 1972 1803 1816
t 1802 1816 1984 1815
t 1802 1984 1972 1816
t 1803 1972 1985 1804
t 1972 1816 1985 1817
t 1972 1804 1973 1817
t 1972 1985 1804 1817
t 1803 1972 1985 1973
t 1985 1817 1973 1986
t 1803 1973 1804 1817
t 1803 1817 1985 1816
t 1803 1985 1973 1817
t 1804 1973 1986 1805
t 1973 1817 1986 1818
t 1973 1805 1974 1818
t 1973 1986 1805 1818
t 1804 1973 1986 1974
t 1986 1818 1974 1987
t 1804 1974 1805 1818
t 1804 1818 1986 1817
t 1804 1986 1974 1818
t 1806 1975 1988 1807
t 1975 1819 1988 1820
t 1975 1807 1976 1820
t 1975 1988 1807 1820
t 1806 1975 1988 1976
t 1988 1820 1976 1989
t 1806 1976 1807 1820
t 1806 1820 1988 1819
t 1806 1988 1976 1820
t 1807 1976 1989 1808
t 1976 1820 1989 1821
t 1976 1808 1977 1821
t 1976 1989 1808 1821
t 1807 1976 1989 1977
t 1989 1821 1977 1990
t 1807 1977 1808 1821
t 1807 1821 1989 1820
t 1807 1989 1977 1821
t 1808 1977 1990 1809
t 1977 1821 1990 1822
t 1977 1809 1978 1822
t 1977 1990 1809 1822
t 1808 1977 1990 1978
t 1990 1822 1978 1991
t 1808 1978 1809 1822
t 1808 1822 1990 1821
t 1808 1990 1978 1822
t 1809 1978 1991 1810
t 1978 1822 1991 1823
t 1978 1810 1979 1823
t 1978 1991 1810 1823
t 1809 1978 1991 1979
t 1991 1823 1979 1992
t 1809 1979 1810 1823
t 1809 1823 1991 1822
t 1809 1991 1979 1823
t 1810 1979 1992 1811
t 1979 1823 1992 1824
t 1979 1811 1980 1824
t 1979 1992 1811 1824
t 1810 1979 1992 1980
t 1992 1824 1980 1993
t 1810 1980 1811 1824
t 1810 1824 1992 1823
t 1810 1992 1980 1824
t 1811 1980 1993 1812
t 1980 1824 1993 1825
t 1980 1812 1981 1825
t 1980 1993 1812 1825
t 1811 1980 1993 1981
t 1993 1825 1981 1994
t 1811 1981 1812 1825
t 1811 1825 1993 1824
t 1811 1993 1981 1825
t 1812 1981 1994 1813
t 1981 1825 1994 1826
t 1981 1813 1982 1826
t 1981 1994 1813 1826
t 1812 1981 1994 1982
t 1994 1826 1982 1995
t 1812 1982 1813 1826
t 1812 1826 1994 1825
t 1812 1994 1982 1826
t 1813 1982 1995 1814
t 1982 1826 1995 1827
t 1982 1814 1983 1827
t 1982 1995 1814 1827
t 1813 1982 1995 1983
t 1995 1827 1983 1996
t 1813 1983 1814 1827
t 1813 1827 1995 1826
t 1813 1995 1983 1827
t 1814 1983 1996 1815
t 1983 1827 1996 1828
t 1983 1815 1984 1828
t 1983 1996 1815 1828
t 1814 1983 1996 1984
t 1996 1828 1984 1997
t 1814 1984 1815 1828
t 1814 1828 1996 1827
t 1814 1996 1984 1828
t 1815 1984 1997 1816
t 1984 1828 1997 1829
t 1984 1816 1985 1829
t 1984 1997 1816 1829
t 1815 1984 1997 1985
t 1997 1829 1985 1998
t 1815 1985 1816 1829
t 1815 1829 1997 1828
t 1815 1997 1985 1829
t 1816 1985 1998 1817
t 1985 1829 1998 1830
t 1985 1817 1986 1830
t 1985 1998 1817 1830
t 1816 1985 1998 1986
t 1998 1830 1986 1999
t 1816 1986 1817 1830
t 1816 1830 1998 1829
t 1816 1998 1986 1830
t 1817 1986 1999 1818
t 1986 1830 1999 1831
t 1986 1818 1987 1831
t 1986 1999 1818 1831
t 1817 1986 1999 1987
t 1999 1831 1987 2000
t 1817 1987 1818 1831
t 1817 1831 1999 1830
t 1817 1999 1987 1831
t 1819 1988 2001 1820
t 1988 1832 2001 1833
t 1988 1820 1989 1833
t 1988 2001 1820 1833
t 1819 1988 2001 1989
t 2001 1833 1989 2002
t 1819 1989 1820 1833
t 1819 1833 2001 1832
t 1819 2001 1989 1833
t 1820 1989 2002 1821
t 1989 1833 2002 1834
t 1989 1821 1990 1834
t 1989 2002 1821 1834
t 1820 1989 2002 1990
t 2002 1834 1990 2003
t 1820 1990 1821 1834
t 1820 1834 2002 1833
t 1820 2002 1990 1834
t 1821 1990 2003 1822
t 1990 1834 2003 1835
t 1990 1822 1991 1835
t 1990 2003 1822 1835
t 1821 1990 2003 1991
t 2003 1835 1991 2004
t 1821 1991 1822 1835
t 1821 1835 2003 1834
t 1821 2003 1991 1835
t 1822 1991 2004 1823
t 1991 1835 2004 1836
t 1991 1823 1992 1836
t 1991 2004 1823 1836
t 1822 1991 2004 1992
t 2004 1836 1992 2005
t 1822 1992 1823 1836
t 1822 1836 2004 1835
t 1822 2004 1992 1836
t 1823 1992 2005 1824
t 1992 1836 2005 1837
t 1992 1824 1993 1837
t 1992 2005 1824 1837
t 1823 1992 2005 1993
t 2005 1837 1993 2006
t 1823 1993 1824 1837
t 1823 1837 2005 1836
t 1823 2005 1993 1837
t 1824 1993 2006 1825
t 1993 1837 2006 1838
t 1993 1825 1994 1838
t 1993 2006 1825 1838
t 1824 1993 2006 1994
t 2006 1838 1994 2007
t 1824 1994 1825 1838
t 1824 1838 2006 1837
t 1824 2006 1994 1838
t 1825 1994 2007 1826
t 1994 1838 2007 1839
t 1994 1826 1995 1839
t 1994 2007 1826 1839
t 1825 1994 2007 1995
t 2007 1839 1995 2008
t 1825 1995 1826 1839
t 1825 1839 2007 1838
t 1825 2007 1995 1839
t 1826 1995 2008 1827
t 1995 1839 2008 1840
t 1995 1827 1996 1840
t 1995 2008 1827 1840
t 1826 1995 2008 1996
t 2008 1840 1996 2009
t 1826 1996 1827 1840
t 1826 1840 2008 1839
t 1826 2008 1996 1840
t 1827 1996 2009 1828
t 1996 1840 2009 1841
t 1996 1828 1997 1841
t 1996 2009 1828 1841
t 1827 1996 2009 1997
t 2009 1841 1997 2010
t 1827 1997 1828 1841
t 1827 1841 2009 1840
t 1827 2009 1997 1841
t 1828 1997 2010 1829
t 1997 1841 2010 1842
t 1997 1829 1998 1842
t 1997 2010 1829 1842
t 1828 1997 2010 1998
t 2010 1842 1998 2011
t 1828 1998 1829 1842
t 1828 1842 2010 1841
t 1828 2010 1998 1842
t 1829 1998 2011 1830
t 1998 1842 2011 1843
t 1998 1830 1999 1843
t 1998 2011 1830 1843
t 1829 1998 2011 1999
t 2011 1843 1999 2012
t 1829 1999 1830 1843
t 1829 1843 2011 1842
t 1829 2011 1999 1843
t 1830 1999 2012 1831
t 1999 1843 2012 1844
t 1999 1831 2000 1844
t 1999 2012 1831 1844
t 1830 1999 2012 2000
t 2012 1844 2000 2013
t 1830 2000 1831 1844
t 1830 1844 2012 1843
t 1830 2012 2000 1844
t 1832 2001 2014 1833
t 2001 1845 2014 1846
t 2001 1833 2002 1846
t 2001 2014 1833 1846
t 1832 2001 2014 2002
t 2014 1846 2002 2015
t 1832 2002 1833 1846
t 1832 1846 2014 1845
t 1832 2014 2002 1846
t 1833 2002 2015 1834
t 2002 1846 2015 1847
t 2002 1834 2003 1847
t 2002 2015 1834 1847
t 1833 2002 2015 2003
t 2015 1847 2003 2016
t 1833 2003 1834 1847
t 1833 1847 2015 1846
t 1833 2015 2003 1847
t 1834 2003 2016 1835
t 2003 1847 2016 1848
t 2003 1835 2004 1848
t 2003 2016 1835 1848
t 1834 2003 2016 2004
t 2016 1848 2004 2017
t 1834 2004 1835 1848
t 1834 1848 2016 1847
t 1834 2016 2004 1848
t 1835 2004 2017 1836
t 2004 1848 2017 1849
t 2004 1836 2005 1849
t 2004 2017 1836 1849
t 1835 2004 2017 2005
t 2017 1849 2005 2018
t 1835 2005 1836 1849
t 1835 1849 2017 1848
t 1835 2017 2005 1849
t 1836 2005 2018 1837
t 2005 1849 2018 1850
t 2005 1837 2006 1850
t 2005 2018 1837 1850
t 1836 2005 2018 2006
t 2018 1850 2006 2019
t 1836 2006 1837 1850
t 1836 1850 2018 1849
t 1836 2018 2006 1850
t 1837 2006 2019 1838
t 2006 1850 2019 1851
t 2006 1838 2007 1851
t 2006 2019 1838 1851
t 1837 2006 2019 2007
t 2019 1851 2007 2020
t 1837 2007 1838 1851
t 1837 1851 2019 1850
t 1837 2019 2007 1851
t 1838 2007 2020 1839
t 2007 1851 2020 1852
t 2007 1839 2008 1852
t 2007 2020 1839 1852
t 1838 2007 2020 2008
t 2020 1852 2008 2021
t 1838 2008 1839 1852
t 1838 1852 2020 1851
t 1838 2020 2008 1852
t 1839 2008 2021 1840
t 2008 1852 2021 1853
t 2008 1840 2009 1853
t 2008 2021 1840 1853
t 1839 2008 2021 2009
t 2021 1853 2009 2022
t 1839 2009 1840 1853
t 1839 1853 2021 1852
t 1839 2021 2009 1853
t 1840 2009 2022 1841
t 2009 1853 2022 1854
t 2009 1841 2010 1854
t 2009 2022 1841 1854
t 1840 2009 2022 2010
t 2022 1854 2010 2023
t 1840 2010 1841 1854
t 1840 1854 2022 1853
t 1840 2022 2010 1854
t 1841 2010 2023 1842
t 2010 1854 2023 1855
t 2010 1842 2011 1855
t 2010 2023 1842 1855
t 1841 2010 2023 2011
t 2023 1855 2011 2024
t 1841 2011 1842 1855
t 1841 1855 2023 1854
t 1841 2023 2011 1855
t 1842 2011 2024 1843
t 2011 1855 2024 1856
t 2011 1843 2012 1856
t 2011 2024 1843 1856
t 1842 2011 2024 2012
t 2024 1856 2012 2025
t 1842 2012 1843 1856
t 1842 1856 2024 1855
t 1842 2024 2012 1856
t 1843 2012 2025 1844
t 2012 1856 2025 1857
t 2012 1844 2013 1857
t 2012 2025 1844 1857
t 1843 2012 2025 2013
t 2025 1857 2013 2026
t 1843 2013 1844 1857
t 1843 1857 2025 1856
t 1843 2025 2013 1857
t 1858 2027 2028 1860
t 2027 1859 2028 1861
t 2027 1860 2029 1861
t 2027 2028 1860 1861
t 1858 2027 2028 2029
t 2028 1861 2029 2030
t 1858 2029 1860 1861
t 1858 1861 2028 1859
t 1858 2028 2029 1861
t 1860 2029 2030 1862
t 2029 1861 2030 1863
t 2029 1862 2031 1863
t 2029 2030 1862 1863
t 1860 2029 2030 2031
t 2030 1863 2031 2032
t 1860 2031 1862 1863
t 1860 1863 2030 1861
t 1860 2030 2031 1863
t 1862 2031 2032 1864
t 2031 1863 2032 1865
t 2031 1864 2033 1865
t 2031 2032 1864 1865
t 1862 2031 2032 2033
t 2032 1865 2033 2034
t 1862 2033 1864 1865
t 1862 1865 2032 1863
t 1862 2032 2033 1865
t 1864 2033 2034 1866
t 2033 1865 2034 1867
t 2033 1866 2035 1867
t 2033 2034 1866 1867
t 1864 2033 2034 2035
t 2034 1867 2035 2036
t 1864 2035 1866 1867
t 1864 1867 2034 1865
t 1864 2034 2035 1867
t 1866 2035 2036 1868
t 2035 1867 2036 1869
t 2035 1868 2037 1869
t 2035 2036 1868 1869
t 1866 2035 2036 2037
t 2036 1869 2037 2038
t 1866 2037 1868 1869
t 1866 1869 2036 1867
t 1866 2036 2037 1869
t 1868 2037 2038 1870
t 2037 1869 2038 1871
t 2037 1870 2039 1871
t 2037 2038 1870 1871
t 1868 2037 2038 2039
t 2038 1871 2039 2040
t 1868 2039 1870 1871
t 1868 1871 2038 1869
t 1868 2038 2039 1871
t 1870 2039 2040 1872
t 2039 1871 2040 1873
t 2039 1872 2041 1873
t 2039 2040 1872 1873
t 1870 2039 2040 2041
t 2040 1873 2041 2042
t 1870 2041 1872 1873
t 1870 1873 2040 1871
t 1870 2040 2041 1873
t 1872 2041 2042 1874
t 2041 1873 2042 1875
t 2041 1874 2043 1875
t 2041 2042 1874 1875
t 1872 2041 2042 2043
t 2042 1875 2043 2044
t 1872 2043 1874 1875
t 1872 1875 2042 1873
t 1872 2042 2043 1875
t 1874 2043 2044 1876
t 2043 1875 2044 1877
t 2043 1876 2045 1877
t 2043 2044 1876 1877
t 1874 2043 2044 2045
t 2044 1877 2045 2046
t 1874 2045 1876 1877
t 1874 1877 2044 1875
t 1874 2044 2045 1877
t 1876 2045 2046 1878
t 2045 1877 2046 1879
t 2045 1878 2047 1879
t 2045 2046 1878 1879
t 1876 2045 2046 2047
t 2046 1879 2047 2048
t 1876 2047 1878 1879
t 1876 1879 2046 1877
t 1876 2046 2047 1879
t 1878 2047 2048 1880
t 2047 1879 2048 1881
t 2047 1880 2049 1881
t 2047 2048 1880 1881
t 1878 2047 2048 2049
t 2048 1881 2049 2050
t 1878 2049 1880 1881
t 1878 1881 2048 1879
t 1878 2048 2049 1881
t 1880 2049 2050 1882
t 2049 1881 2050 1883
t 2049 1882 2051 1883
t 2049 2050 1882 1883
t 1880 2049 2050 2051
t 2050 1883 2051 2052
t 1880 2051 1882 1883
t 1880 1883 2050 1881
t 1880 2050 2051 1883
t 1859 2028 2053 1861
t 2028 1884 2053 1885
t 2028 1861 2030 1885
t 2028 2053 1861 1885
t 1859 2028 2053 2030
t 2053 1885 2030 2054
t 1859 2030 1861 1885
t 1859 1885 2053 1884
t 1859 2053 2030 1885
t 1861 2030 2054 1863
t 2030 1885 2054 1886
t 2030 1863 2032 1886
t 2030 2054 1863 1886
t 1861 2030 2054 2032
t 2054 1886 2032 2055
t 1861 2032 1863 1886
t 1861 1886 2054 1885
t 1861 2054 2032 1886
t 1863 2032 2055 1865
t 2032 1886 2055 1887
t 2032 1865 2034 1887
t 2032 2055 1865 1887
t 1863 2032 2055 2034
t 2055 1887 2034 2056
t 1863 2034 1865 1887
t 1863 1887 2055 1886
t 1863 2055 2034 1887
t 1865 2034 2056 1867
t 2034 1887 2056 1888
t 2034 1867 2036 1888
t 2034 2056 1867 1888
t 1865 2034 2056 2036
t 2056 1888 2036 2057
t 1865 2036 1867 1888
t 1865 1888 2056 1887
t 1865 2056 2036 1888
t 1867 2036 2057 1869
t 2036 1888 2057 1889
t 2036 1869 2038 1889
t 2036 2057 1869 1889
t 1867 2036 2057 2038
t 2057 1889 2038 2058
t 1867 2038 1869 1889
t 1867 1889 2057 1888
t 1867 2057 2038 1889
t 1869 2038 2058 1871
t 2038 1889 2058 1890
t 2038 1871 2040 1890
t 2038 2058 1871 1890
t 1869 2038 2058 2040
t 2058 1890 2040 2059
t 1869 2040 1871 1890
t 1869 1890 2058 1889
t 1869 2058 2040 1890
t 1871 2040 2059 1873
t 2040 1890 2059 1891
t 2040 1873 2042 1891
t 2040 2059 1873 1891
t 1871 2040 2059 2042
t 2059 1891 2042 2060
t 1871 2042 1873 1891
t 1871 1891 2059 1890
t 1871 2059 2042 1891
t 1873 2042 2060 1875
t 2042 1891 2060 1892
t 2042 1875 2044 1892
t 2042 2060 1875 1892
t 1873 2042 2060 2044
t 2060 1892 2044 2061
t 1873 2044 1875 1892
t 1873 1892 2060 1891
t 1873 2060 2044 1892
t 1875 2044 2061 1877
t 2044 1892 2061 1893
t 2044 1877 2046 1893
t 2044 2061 1877 1893
t 1875 2044 2061 2046
t 2061 1893 2046 2062
t 1875 2046 1877 1893
t 1875 1893 2061 1892
t 1875 2061 2046 1893
t 1877 2046 2062 1879
t 2046 1893 2062 1894
t 2046 1879 2048 1894
t 2046 2062 1879 1894
t 1877 2046 2062 2048
t 2062 1894 2048 2063
t 1877 2048 1879 1894
t 1877 1894 2062 1893
t 1877 2062 2048 1894
t 1879 2048 2063 1881
t 2048 1894 2063 1895
t 2048 1881 2050 1895
t 2048 2063 1881 1895
t 1879 2048 2063 2050
t 2063 1895 2050 2064
t 1879 2050 1881 1895
t 1879 1895 2063 1894
t 1879 2063 2050 1895
t 1881 2050 2064 1883
t 2050 1895 2064 1896
t 2050 1883 2052 1896
t 2050 2064 1883 1896
t 1881 2050 2064 2052
t 2064 1896 2052 2065
t 1881 2052 1883 1896
t 1881 1896 2064 1895
t 1881 2064 2052 1896
t 1884 2053 2066 1885
t 2053 1897 2066 1898
t 2053 1885 2054 1898
t 2053 2066 1885 1898
t 1884 2053 2066 2054
t 2066 1898 2054 2067
t 1884 2054 1885 1898
t 1884 1898 2066 1897
t 1884 2066 2054 1898
t 1885 2054 2067 1886
t 2054 1898 2067 1899
t 2054 1886 2055 1899
t 2054 2067 1886 1899
t 1885 2054 2067 2055
t 2067 1899 2055 2068
t 1885 2055 1886 1899
t 1885 1899 2067 1898
t 1885 2067 2055 1899
t 1886 2055 2068 1887
t 2055 1899 2068 1900
t 2055 1887 2056 1900
t 2055 2068 1887 1900
t 1886 2055 2068 2056
t 2068 1900 2056 2069
t 1886 2056 1887 1900
t 1886 1900 2068 1899
t 1886 2068 2056 1900
t 1887 2056 2069 1888
t 2056 1900 2069 1901
t 2056 1888 2057 1901
t 2056 2069 1888 1901
t 1887 2056 2069 2057
t 2069 1901 2057 2070
t 1887 2057 1888 1901
t 1887 1901 2069 1900
t 1887 2069 2057 1901
t 1888 2057 2070 1889
t 2057 1901 2070 1902
t 2057 1889 2058 1902
t 2057 2070 1889 1902
t 1888 2057 2070 2058
t 2070 1902 2058 2071
t 1888 2058 1889 1902
t 1888 1902 2070 1901
t 1888 2070 2058 1902
t 1889 2058 2071 1890
t 2058 1902 2071 1903
t 2058 1890 2059 1903
t 2058 2071 1890 1903
t 1889 2058 2071 2059
t 2071 1903 2059 2072
t 1889 2059 1890 1903
t 1889 1903 2071 1902
t 1889 2071 2059 1903
t 1890 2059 2072 1891
t 2059 1903 2072 1904
t 2059 1891 2060 1904
t 2059 2072 1891 1904
t 1890 2059 2072 2060
t 2072 1904 2060 2073
t 1890 2060 1891 1904
t 1890 1904 2072 1903
t 1890 2072 2060 1904
t 1891 2060 2073 1892
t 2060 1904 2073 1905
t 2060 1892 2061 1905
t 2060 2073 1892 1905
t 1891 2060 2073 2061
t 2073 1905 2061 2074
t 1891 2061 1892 1905
t 1891 1905 2073 1904
t 1891 2073 2061 1905
t 1892 2061 2074 1893
t 2061 1905 2074 1906
t 2061 1893 2062 1906
t 2061 2074 1893 1906
t 1892 2061 2074 2062
t 2074 1906 2062 2075
t 1892 2062 1893 1906
t 1892 1906 2074 1905
t 1892 2074 2062 1906
t 1893 2062 2075 1894
t 2062 1906 2075 1907
t 2062 1894 2063 1907
t 2062 2075 1894 1907
t 1893 2062 2075 2063
t 2075 1907 2063 2076
t 1893 2063 1894 1907
t 1893 1907 2075 1906
t 1893 2075 2063 1907
t 1894 2063 2076 1895
t 2063 1907 2076 1908
t 2063 1895 2064 1908
t 2063 2076 1895 1908
t 1894 2063 2076 2064
t 2076 1908 2064 2077
t 1894 2064 1895 1908
t 1894 1908 2076 1907
t 1894 2076 2064 1908
t 1895 2064 2077 1896
t 2064 1908 2077 1909
t 2064 1896 2065 1909
t 2064 2077 1896 1909
t 1895 2064 2077 2065
t 2077 1909 2065 2078
t 1895 2065 1896 1909
t 1895 1909 2077 1908
t 1895 2077 2065 1909
t 1897 2066 2079 1898
t 2066 1910 2079 1911
t 2066 1898 2067 1911
t 2066 2079 1898 1911
t 1897 2066 2079 2067
t 2079 1911 2067 2080
t 1897 2067 1898 1911
t 1897 1911 2079 1910
t 1897 2079 2067 1911
t 1898 2067 2080 1899
t 2067 1911 2080 1912
t 2067 1899 2068 1912
t 2067 2080 1899 1912
t 1898 2067 2080 2068
t 2080 1912 2068 2081
t 1898 2068 1899 1912
t 1898 1912 2080 1911
t 1898 2080 2068 1912
t 1899 2068 2081 1900
t 2068 1912 2081 1913
t 2068 1900 2069 1913
t 2068 2081 1900 1913
t 1899 2068 2081 2069
t 2081 1913 2069 2082
t 1899 2069 1900 1913
t 1899 1913 2081 1912
t 1899 2081 2069 1913
t 1900 2069 2082 1901
t 2069 1913 2082 1914
t 2069 1901 2070 1914
t 2069 2082 1901 1914
t 1900 2069 2082 2070
t 2082 1914 2070 2083
t 1900 2070 1901 1914
t 1900 1914 2082 1913
t 1900 2082 2070 1914
t 1901 2070 2083 1902
t 2070 1914 2083 1915
t 2070 1902 2071 1915
t 2070 2083 1902 1915
t 1901 2070 2083 2071
t 2083 1915 2071 2084
t 1901 2071 1902 1915
t 1901 1915 2083 1914
t 1901 2083 2071 1915
t 1902 2071 2084 1903
t 2071 1915 2084 1916
t 2071 1903 2072 1916
t 2071 2084 1903 1916
t 1902 2071 2084 2072
t 2084 1916 2072 2085
t 1902 2072 1903 1916
t 1902 1916 2084 1915
t 1902 2084 2072 1916
t 1903 2072 2085 1904
t 2072 1916 2085 1917
t 2072 1904 2073 1917
t 2072 2085 1904 1917
t 1903 2072 2085 2073
t 2085 1917 2073 2086
t 1903 2073 1904 1917
t 1903 1917 2085 1916
t 1903 2085 2073 1917
t 1904 2073 2086 1905
t 2073 1917 2086 1918
t 2073 1905 2074 1918
t 2073 2086 1905 1918
t 1904 2073 2086 2074
t 2086 1918 2074 2087
t 1904 2074 1905 1918
t 1904 1918 2086 1917
t 1904 2086 2074 1918
t 1905 2074 2087 1906
t 2074 1918 2087 1919
t 2074 1906 2075 1919
t 2074 2087 1906 1919
t 1905 2074 2087 2075
t 2087 1919 2075 2088
t 1905 2075 1906 1919
t 1905 1919 2087 1918
t 1905 2087 2075 1919
t 1906 2075 2088 1907
t 2075 1919 2088 1920
t 2075 1907 2076 1920
t 2075 2088 1907 1920
t 1906 2075 2088 2076
t 2088 1920 2076 2089
t 1906 2076 1907 1920
t 1906 1920 2088 1919
t 1906 2088 2076 1920
t 1907 2076 2089 1908
t 2076 1920 2089 1921
t 2076 1908 2077 1921
t 2076 2089 1908 1921
t 1907 2076 2089 2077
t 2089 1921 2077 2090
t 1907 2077 1908 1921
t 1907 1921 2089 1920
t 1907 2089 2077 1921
t 1908 2077 2090 1909
t 2077 1921 2090 1922
t 2077 1909 2078 1922
t 2077 2090 1909 1922
t 1908 2077 2090 2078
t 2090 1922 2078 2091
t 1908 2078 1909 1922
t 1908 1922 2090 1921
t 1908 2090 2078 1922
t 1910 2079 2092 1911
t 2079 1923 2092 1924
t 2079 1911 2080 1924
t 2079 2092 1911 1924
t 1910 2079 2092 2080
t 2092 1924 2080 2093
t 1910 2080 1911 1924
t 1910 1924 2092 1923
t 1910 2092 2080 1924
t 1911 2080 2093 1912
t 2080 1924 2093 1925
t 2080 1912 2081 1925
t 2080 2093 1912 1925
t 1911 2080 2093 2081
t 2093 1925 2081 2094
t 1911 2081 1912 1925
t 1911 1925 2093 1924
t 1911 2093 2081 1925
t 1912 2081 2094 1913
t 2081 1925 2094 1926
t 2081 1913 2082 1926
t 2081 2094 1913 1926
t 1912 2081 2094 2082
t 2094 1926 2082 2095
t 1912 2082 1913 1926
t 1912 1926 2094 1925
t 1912 2094 2082 1926
t 1913 2082 2095 1914
t 2082 1926 2095 1927
t 2082 1914 2083 1927
t 2082 2095 1914 1927
t 1913 2082 2095 2083
t 2095 1927 2083 2096
t 1913 2083 1914 1927
t 1913 1927 2095 1926
t 1913 2095 2083 1927
t 1914 2083 2096 1915
t 2083 1927 2096 1928
t 2083 1915 2084 1928
t 2083 2096 1915 1928
t 1914 2083 2096 2084
t 2096 1928 2084 2097
t 1914 2084 1915 1928
t 1914 1928 2096 1927
t 1914 2096 2084 1928
t 1915 2084 2097 1916
t 2084 1928 2097 1929
t 2084 1916 2085 1929
t 2084 2097 1916 1929
t 1915 2084 2097 2085
t 2097 1929 2085 2098
t 1915 2085 1916 1929
t 1915 1929 2097 1928
t 1915 2097 2085 1929
t 1916 2085 2098 1917
t 2085 1929 2098 1930
t 2085 1917 2086 1930
t 2085 2098 1917 1930
t 1916 2085 2098 2086
t 2098 1930 2086 2099
t 1916 2086 1917 1930
t 1916 1930 2098 1929
t 1916 2098 2086 1930
t 1917 2086 2099 1918
t 2086 1930 2099 1931
t 2086 1918 2087 1931
t 2086 2099 1918 1931
t 1917 2086 2099 2087
t 2099 1931 2087 2100
t 1917 2087 1918 1931
t 1917 1931 2099 1930
t 1917 2099 2087 1931
t 1918 2087 2100 1919
t 2087 1931 2100 1932
t 2087 1919 2088 1932
t 2087 2100 1919 1932
t 1918 2087 2100 2088
t 2100 1932 2088 2101
t 1918 2088 1919 1932
t 1918 1932 2100 1931
t 1918 2100 2088 1932
t 1919 2088 2101 1920
t 2088 1932 2101 1933
t 2088 1920 2089 1933
t 2088 2101 1920 1933
t 1919 2088 2101 2089
t 2101 1933 2089 2102
t 1919 2089 1920 1933
t 1919 1933 2101 1932
t 1919 2101 2089 1933
t 1920 2089 2102 1921
t 2089 1933 2102 1934
t 2089 1921 2090 1934
t 2089 2102 1921 1934
t 1920 2089 2102 2090
t 2102 1934 2090 2103
t 1920 2090 1921 1934
t 1920 1934 2102 1933
t 1920 2102 2090 1934
t 1921 2090 2103 1922
t 2090 1934 2103 1935
t 2090 1922 2091 1935
t 2090 2103 1922 1935
t 1921 2090 2103 2091
t 2103 1935 2091 2104
t 1921 2091 1922 1935
t 1921 1935 2103 1934
t 1921 2103 2091 1935
t 1923 2092 2105 1924
t 2092 1936 2105 1937
t 2092 1924 2093 1937
t 2092 2105 1924 1937
t 1923 2092 2105 2093
t 2105 1937 2093 2106
t 1923 2093 1924 1937
t 1923 1937 2105 1936
t 1923 2105 2093 1937
t 1924 2093 2106 1925
t 2093 1937 2106 1938
t 2093 1925 2094 1938
t 2093 2106 1925 1938
t 1924 2093 2106 2094
t 2106 1938 2094 2107
t 1924 2094 1925 1938
t 1924 1938 2106 1937
t 1924 2106 2094 1938
t 1925 2094 2107 1926
t 2094 1938 2107 1939
t 2094 1926 2095 1939
t 2094 2107 1926 1939
t 1925 2094 2107 2095
t 2107 1939 2095 2108
t 1925 2095 1926 1939
t 1925 1939 2107 1938
t 1925 2107 2095 1939
t 1926 2095 2108 1927
t 2095 1939 2108 1940
t 2095 1927 2096 1940
t 2095 2108 1927 1940
t 1926 2095 2108 2096
t 2108 1940 2096 2109
t 1926 2096 1927 1940
t 1926 1940 2108 1939
t 1926 2108 2096 1940
t 1927 2096 2109 1928
t 2096 1940 2109 1941
t 2096 1928 2097 1941
t 2096 2109 1928 1941
t 1927 2096 2109 2097
t 2109 1941 2097 2110
t 1927 2097 1928 1941
t 1927 1941 2109 1940
t 1927 2109 2097 1941
t 1928 2097 2110 1929
t 2097 1941 2110 1942
t 2097 1929 2098 1942
t 2097 2110 1929 1942
t 1928 2097 2110 2098
t 2110 1942 2098 2111
t 1928 2098 1929 1942
t 1928 1942 2110 1941
t 1928 2110 2098 1942
t 1929 2098 2111 1930
t 2098 1942 2111 1943
t 2098 1930 2099 1943
t 2098 2111 1930 1943
t 1929 2098 2111 2099
t 2111 1943 2099 2112
t 1929 2099 1930 1943
t 1929 1943 2111 1942
t 1929 2111 2099 1943
t 1930 2099 2112 1931
t 2099 1943 2112 1944
t 2099 1931 2100 1944
t 2099 2112 1931 1944
t 1930 2099 2112 2100
t 2112 1944 2100 2113
t 1930 2100 1931 1944
t 1930 1944 2112 1943
t 1930 2112 2100 1944
t 1931 2100 2113 1932
t 2100 1944 2113 1945
t 2100 1932 2101 1945
t 2100 2113 1932 1945
t 1931 2100 2113 2101
t 2113 1945 2101 2114
t 1931 2101 1932 1945
t 1931 1945 2113 1944
t 1931 2113 2101 1945
t 1932 2101 2114 1933
t 2101 1945 2114 1946
t 2101 1933 2102 1946
t 2101 2114 1933 1946
t 1932 2101 2114 2102
t 2114 1946 2102 2115
t 1932 2102 1933 1946
t 1932 1946 2114 1945
t 1932 2114 2102 1946
t 1933 2102 2115 1934
t 2102 1946 2115 1947
t 2102 1934 2103 1947
t 2102 2115 1934 1947
t 1933 2102 2115 2103
t 2115 1947 2103 2116
t 1933 2103 1934 1947
t 1933 1947 2115 1946
t 1933 2115 2103 1947
t 1934 2103 2116 1935
t 2103 1947 2116 1948
t 2103 1935 2104 1948
t 2103 2116 1935 1948
t 1934 2103 2116 2104
t 2116 1948 2104 2117
t 1934 2104 1935 1948
t 1934 1948 2116 1947
t 1934 2116 2104 1948
t 1936 2105 2118 1937
t 2105 1949 2118 1950
t 2105 1937 2106 1950
t 2105 2118 1937 1950
t 1936 2105 2118 2106
t 2118 1950 2106 2119
t 1936 2106 1937 1950
t 1936 1950 2118 1949
t 1936 2118 2106 1950
t 1937 2106 2119 1938
t 2106 1950 2119 1951
t 2106 1938 2107 1951
t 2106 2119 1938 1951
t 1937 2106 2119 2107
t 2119 1951 2107 2120
t 1937 2107 1938 1951
t 1937 1951 2119 1950
t 1937 2119 2107 1951
t 1938 2107 2120 1939
t 2107 1951 2120 1952
t 2107 1939 2108 1952
t 2107 2120 1939 1952
t 1938 2107 2120 2108
t 2120 1952 2108 2121
t 1938 2108 1939 1952
t 1938 1952 2120 1951
t 1938 2120 2108 1952
t 1939 2108 2121 1940
t 2108 1952 2121 1953
t 2108 1940 2109 1953
t 2108 2121 1940 1953
t 1939 2108 2121 2109
t 2121 1953 2109 2122
t 1939 2109 1940 1953
t 1939 1953 2121 1952
t 1939 2121 2109 1953
t 1940 2109 2122 1941
t 2109 1953 2122 1954
t 2109 1941 2110 1954
t 2109 2122 1941 1954
t 1940 2109 2122 2110
t 2122 1954 2110 2123
t 1940 2110 1941 1954
t 1940 1954 2122 1953
t 1940 2122 2110 1954
t 1941 2110 2123 1942
t 2110 1954 2123 1955
t 2110 1942 2111 1955
t 2110 2123 1942 1955
t 1941 2110 2123 2111
t 2123 1955 2111 2124
t 1941 2111 1942 1955
t 1941 1955 2123 1954
t 1941 2123 2111 1955
t 1942 2111 2124 1943
t 2111 1955 2124 1956
t 2111 1943 2112 1956
t 2111 2124 1943 1956
t 1942 2111 2124 2112
t 2124 1956 2112 2125
t 1942 2112 1943 1956
t 1942 1956 2124 1955
t 1942 2124 2112 1956
t 1943 2112 2125 1944
t 2112 1956 2125 1957
t 2112 1944 2113 1957
t 2112 2125 1944 1957
t 1943 2112 2125 2113
t 2125 1957 2113 2126
t 1943 2113 1944 1957
t 1943 1957 2125 1956
t 1943 2125 2113 1957
t 1944 2113 2126 1945
t 2113 1957 2126 1958
t 2113 1945 2114 1958
t 2113 2126 1945 1958
t 1944 2113 2126 2114
t 2126 1958 2114 2127
t 1944 2114 1945 1958
t 1944 1958 2126 1957
t 1944 2126 2114 1958
t 1945 2114 2127 1946
t 2114 1958 2127 1959
t 2114 1946 2115 1959
t 2114 2127 1946 1959
t 1945 2114 2127 2115
t 2127 1959 2115 2128
t 1945 2115 1946 1959
t 1945 1959 2127 1958
t 1945 2127 2115 1959
t 1946 2115 2128 1947
t 2115 1959 2128 1960
t 2115 1947 2116 1960
t 2115 2128 1947 1960
t 1946 2115 2128 2116
t 2128 1960 2116 2129
t 1946 2116 1947 1960
t 1946 1960 2128 1959
t 1946 2128 2116 1960
t 1947 2116 2129 1948
t 2116 1960 2129 1961
t 2116 1948 2117 1961
t 2116 2129 1948 1961
t 1947 2116 2129 2117
t 2129 1961 2117 2130
t 1947 2117 1948 1961
t 1947 1961 2129 1960
t 1947 2129 2117 1961
t 1949 2118 2131 1950
t 2118 1962 2131 1963
t 2118 1950 2119 1963
t 2118 2131 1950 1963
t 1949 2118 2131 2119
t 2131 1963 2119 2132
t 1949 2119 1950 1963
t 1949 1963 2131 1962
t 1949 2131 2119 1963
t 1950 2119 2132 1951
t 2119 1963 2132 1964
t 2119 1951 2120 1964
t 2119 2132 1951 1964
t 1950 2119 2132 2120
t 2132 1964 2120 2133
t 1950 2120 1951 1964
t 1950 1964 2132 1963
t 1950 2132 2120 1964
t 1951 2120 2133 1952
t 2120 1964 2133 1965
t 2120 1952 2121 1965
t 2120 2133 1952 1965
t 1951 2120 2133 2121
t 2133 1965 2121 2134
t 1951 2121 1952 1965
t 1951 1965 2133 1964
t 1951 2133 2121 1965
t 1952 2121 2134 1953
t 2121 1965 2134 1966
t 2121 1953 2122 1966
t 2121 2134 1953 1966
t 1952 2121 2134 2122
t 2134 1966 2122 2135
t 1952 2122 1953 1966
t 1952 1966 2134 1965
t 1952 2134 2122 1966
t 1953 2122 2135 1954
t 2122 1966 2135 1967
t 2122 1954 2123 1967
t 2122 2135 1954 1967
t 1953 2122 2135 2123
t 2135 1967 2123 2136
t 1953 2123 1954 1967
t 1953 1967 2135 1966
t 1953 2135 2123 1967
t 1954 2123 2136 1955
t 2123 1967 2136 1968
t 2123 1955 2124 1968
t 2123 2136 1955 1968
t 1954 2123 2136 2124
t 2136 1968 2124 2137
t 1954 2124 1955 1968
t 1954 1968 2136 1967
t 1954 2136 2124 1968
t 1955 2124 2137 1956
t 2124 1968 2137 1969
t 2124 1956 2125 1969
t 2124 2137 1956 1969
t 1955 2124 2137 2125
t 2137 1969 2125 2138
t 1955 2125 1956 1969
t 1955 1969 2137 1968
t 1955 2137 2125 1969
t 1956 2125 2138 1957
t 2125 1969 2138 1970
t 2125 1957 2126 1970
t 2125 2138 1957 1970
t 1956 2125 2138 2126
t 2138 1970 2126 2139
t 1956 2126 1957 1970
t 1956 1970 2138 1969
t 1956 2138 2126 1970
t 1957 2126 2139 1958
t 2126 1970 2139 1971
t 2126 1958 2127 1971
t 2126 2139 1958 1971
t 1957 2126 2139 2127
t 2139 1971 2127 2140
t 1957 2127 1958 1971
t 1957 1971 2139 1970
t 1957 2139 2127 1971
t 1958 2127 2140 1959
t 2127 1971 2140 1972
t 2127 1959 2128 1972
t 2127 2140 1959 1972
t 1958 2127 2140 2128
t 2140 1972 2128 2141
t 1958 2128 1959 1972
t 1958 1972 2140 1971
t 1958 2140 2128 1972
t 1959 2128 2141 1960
t 2128 1972 2141 1973
t 2128 1960 2129 1973
t 2128 2141 1960 1973
t 1959 2128 2141 2129
t 2141 1973 2129 2142
t 1959 2129 1960 1973
t 1959 1973 2141 1972
t 1959 2141 2129 1973
t 1960 2129 2142 1961
t 2129 1973 2142 1974
t 2129 1961 2130 1974
t 2129 2142 1961 1974
t 1960 2129 2142 2130
t 2142 1974 2130 2143
t 1960 2130 1961 1974
t 1960 1974 2142 1973
t 1960 2142 2130 1974
t 1962 2131 2144 1963
t 2131 1975 2144 1976
t 2131 1963 2132 1976
t 2131 2144 1963 1976
t 1962 2131 2144 2132
t 2144 1976 2132 2145
t 1962 2132 1963 1976
t 1962 1976 2144 1975
t 1962 2144 2132 1976
t 1963 2132 2145 1964
t 2132 1976 2145 1977
t 2132 1964 2133 1977
t 2132 2145 1964 1977
t 1963 2132 2145 2133
t 2145 1977 2133 2146
t 1963 2133 1964 1977
t 1963 1977 2145 1976
t 1963 2145 2133 1977
t 1964 2133 2146 1965
t 2133 1977 2146 1978
t 2133 1965 2134 1978
t 2133 2146 1965 1978
t 1964 2133 2146 2134
t 2146 1978 2134 2147
t 1964 2134 1965 1978
t 1964 1978 2146 1977
t 1964 2146 2134 1978
t 1965 2134 2147 1966
t 2134 1978 2147 1979
t 2134 1966 2135 1979
t 2134 2147 1966 1979
t 1965 2134 2147 2135
t 2147 1979 2135 2148
t 1965 2135 1966 1979
t 1965 1979 2147 1978
t 1965 2147 2135 1979
t 1966 2135 2148 1967
t 2135 1979 2148 1980
t 2135 1967 2136 1980
t 2135 2148 1967 1980
t 1966 2135 2148 2136
t 2148 1980 2136 2149
t 1966 2136 1967 1980
t 1966 1980 2148 1979
t 1966 2148 2136 1980
t 1967 2136 2149 1968
t 2136 1980 2149 1981
t 2136 1968 2137 1981
t 2136 2149 1968 1981
t 1967 2136 2149 2137
t 2149 1981 2137 2150
t 1967 2137 1968 1981
t 1967 1981 2149 1980
t 1967 2149 2137 1981
t 1968 2137 2150 1969
t 2137 1981 2150 1982
t 2137 1969 2138 1982
t 2137 2150 1969 1982
t 1968 2137 2150 2138
t 2150 1982 2138 2151
t 1968 2138 1969 1982
t 1968 1982 2150 1981
t 1968 2150 2138 1982
t 1969 2138 2151 1970
t 2138 1982 2151 1983
t 2138 1970 2139 1983
t 2138 2151 1970 1983
t 1969 2138 2151 2139
t 2151 1983 2139 2152
t 1969 2139 1970 1983
t 1969 1983 2151 1982
t 1969 2151 2139 1983
t 1970 2139 2152 1971
t 2139 1983 2152 1984
t 2139 1971 2140 1984
t 2139 2152 1971 1984
t 1970 2139 2152 2140
t 2152 1984 2140 2153
t 1970 2140 1971 1984
t 1970 1984 2152 1983
t 1970 2152 2140 1984
t 1971 2140 2153 1972
t 2140 1984 2153 1985
t 2140 1972 2141 1985
t 2140 2153 1972 1985
t 1971 2140 2153 2141
t 2153 1985 2141 2154
t 1971 2141 1972 1985
t 1971 1985 2153 1984
t 1971 2153 2141 1985
t 1972 2141 2154 1973
t 2141 1985 2154 1986
t 2141 1973 2142 1986
t 2141 2154 1973 1986
t 1972 2141 2154 2142
t 2154 1986 2142 2155
t 1972 2142 1973 1986
t 1972 1986 2154 1985
t 1972 2154 2142 1986
t 1973 2142 2155 1974
t 2142 1986 2155 1987
t 2142 1974 2143 1987
t 2142 2155 1974 1987
t 1973 2142 2155 2143
t 2155 1987 2143 2156
t 1973 2143 1974 1987
t 1973 1987 2155 1986
t 1973 2155 2143 1987
t 1975 2144 2157 1976
t 2144 1988 2157 1989
t 2144 1976 2145 1989
t 2144 2157 1976 1989
t 1975 2144 2157 2145
t 2157 1989 2145 2158
t 1975 2145 1976 1989
t 1975 1989 2157 1988
t 1975 2157 2145 1989
t 1976 2145 2158 1977
t 2145 1989 2158 1990
t 2145 1977 2146 1990
t 2145 2158 1977 1990
t 1976 2145 2158 2146
t 2158 1990 2146 2159
t 1976 2146 1977 1990
t 1976 1990 2158 1989
t 1976 2158 2146 1990
t 1977 2146 2159 1978
t 2146 1990 2159 1991
t 2146 1978 2147 1991
t 2146 2159 1978 1991
t 1977 2146 2159 2147
t 2159 1991 2147 2160
t 1977 2147 1978 1991
t 1977 1991 2159 1990
t 1977 2159 2147 1991
t 1978 2147 2160 1979
t 2147 1991 2160 1992
t 2147 1979 2148 1992
t 2147 2160 1979 1992
t 1978 2147 2160 2148
t 2160 1992 2148 2161
t 1978 2148 1979 1992
t 1978 1992 2160 1991
t 1978 2160 2148 1992
t 1979 2148 2161 1980
t 2148 1992 2161 1993
t 2148 1980 2149 1993
t 2148 2161 1980 1993
t 1979 2148 2161 2149
t 2161 1993 2149 2162
t 1979 2149 1980 1993
t 1979 1993 2161 1992
t 1979 2161 2149 1993
t 1980 2149 2162 1981
t 2149 1993 2162 1994
t 2149 1981 2150 1994
t 2149 2162 1981 1994
t 1980 2149 2162 2150
t 2162 1994 2150 2163
t 1980 2150 1981 1994
t 1980 1994 2162 1993
t 1980 2162 2150 1994
t 1981 2150 2163 1982
t 2150 1994 2163 1995
t 2150 1982 2151 1995
t 2150 2163 1982 1995
t 1981 2150 2163 2151
t 2163 1995 2151 2164
t 1981 2151 1982 1995
t 1981 1995 2163 1994
t 1981 2163 2151 1995
t 1983 2152 2165 1984
t 2152 1996 2165 1997
t 2152 1984 2153 1997
t 2152 2165 1984 1997
t 1983 2152 2165 2153
t 2165 1997 2153 2166
t 1983 2153 1984 1997
t 1983 1997 2165 1996
t 1983 2165 2153 1997
t 1984 2153 2166 1985
t 2153 1997 2166 1998
t 2153 1985 2154 1998
t 2153 2166 1985 1998
t 1984 2153 2166 2154
t 2166 1998 2154 2167
t 1984 2154 1985 1998
t 1984 1998 2166 1997
t 1984 2166 2154 1998
t 1985 2154 2167 1986
t 2154 1998 2167 1999
t 2154 1986 2155 1999
t 2154 2167 1986 1999
t 1985 2154 2167 2155
t 2167 1999 2155 2168
t 1985 2155 1986 1999
t 1985 1999 2167 1998
t 1985 2167 2155 1999
t 1986 2155 2168 1987
t 2155 1999 2168 2000
t 2155 1987 2156 2000
t 2155 2168 1987 2000
t 1986 2155 2168 2156
t 2168 2000 2156 2169
t 1986 2156 1987 2000
t 1986 2000 2168 1999
t 1986 2168 2156 2000
t 1988 2157 2170 1989
t 2157 2001 2170 2002
t 2157 1989 2158 2002
t 2157 2170 1989 2002
t 1988 2157 2170 2158
t 2170 2002 2158 2171
t 1988 2158 1989 2002
t 1988 2002 2170 2001
t 1988 2170 2158 2002
t 1989 2158 2171 1990
t 2158 2002 2171 2003
t 2158 1990 2159 2003
t 2158 2171 1990 2003
t 1989 2158 2171 2159
t 2171 2003 2159 2172
t 1989 2159 1990 2003
t 1989 2003 2171 2002
t 1989 2171 2159 2003
t 1990 2159 2172 1991
t 2159 2003 2172 2004
t 2159 1991 2160 2004
t 2159 2172 1991 2004
t 1990 2159 2172 2160
t 2172 2004 2160 2173
t 1990 2160 1991 2004
t 1990 2004 2172 2003
t 1990 2172 2160 2004
t 1991 2160 2173 1992
t 2160 2004 2173 2005
t 2160 1992 2161 2005
t 2160 2173 1992 2005
t 1991 2160 2173 2161
t 2173 2005 2161 2174
t 1991 2161 1992 2005
t 1991 2005 2173 2004
t 1991 2173 2161 2005
t 1992 2161 2174 1993
t 2161 2005 2174 2006
t 2161 1993 2162 2006
t 2161 2174 1993 2006
t 1992 2161 2174 2162
t 2174 2006 2162 2175
t 1992 2162 1993 2006
t 1992 2006 2174 2005
t 1992 2174 2162 2006
t 1993 2162 2175 1994
t 2162 2006 2175 2007
t 2162 1994 2163 2007
t 2162 2175 1994 2007
t 1993 2162 2175 2163
t 2175 2007 2163 2176
t 1993 2163 1994 2007
t 1993 2007 2175 2006
t 1993 2175 2163 2007
t 1994 2163 2176 1995
t 2163 2007 2176 2008
t 2163 1995 2164 2008
t 2163 2176 1995 2008
t 1994 2163 2176 2164
t 2176 2008 2164 2177
t 1994 2164 1995 2008
t 1994 2008 2176 2007
t 1994 2176 2164 2008
t 1996 2165 2178 1997
t 2165 2009 2178 2010
t 2165 1997 2166 2010
t 2165 2178 1997 2010
t 1996 2165 2178 2166
t 2178 2010 2166 2179
t 1996 2166 1997 2010
t 1996 2010 2178 2009
t 1996 2178 2166 2010
t 1997 2166 2179 1998
t 2166 2010 2179 2011
t 2166 1998 2167 2011
t 2166 2179 1998 2011
t 1997 2166 2179 2167
t 2179 2011 2167 2180
t 1997 2167 1998 2011
t 1997 2011 2179 2010
t 1997 2179 2167 2011
t 1998 2167 2180 1999
t 2167 2011 2180 2012
t 2167 1999 2168 2012
t 2167 2180 1999 2012
t 1998 2167 2180 2168
t 2180 2012 2168 2181
t 1998 2168 1999 2012
t 1998 2012 2180 2011
t 1998 2180 2168 2012
t 1999 2168 2181 2000
t 2168 2012 2181 2013
t 2168 2000 2169 2013
t 2168 2181 2000 2013
t 1999 2168 2181 2169
t 2181 2013 2169 2182
t 1999 2169 2000 2013
t 1999 2013 2181 2012
t 1999 2181 2169 2013
t 2001 2170 2183 2002
t 2170 2014 2183 2015
t 2170 2002 2171 2015
t 2170 2183 2002 2015
t 2001 2170 2183 2171
t 2183 2015 2171 2184
t 2001 2171 2002 2015
t 2001 2015 2183 2014
t 2001 2183 2171 2015
t 2002 2171 2184 2003
t 2171 2015 2184 2016
t 2171 2003 2172 2016
t 2171 2184 2003 2016
t 2002 2171 2184 2172
t 2184 2016 2172 2185
t 2002 2172 2003 2016
t 2002 2016 2184 2015
t 2002 2184 2172 2016
t 2003 2172 2185 2004
t 2172 2016 2185 2017
t 2172 2004 2173 2017
t 2172 2185 2004 2017
t 2003 2172 2185 2173
t 2185 2017 2173 2186
t 2003 2173 2004 2017
t 2003 2017 2185 2016
t 2003 2185 2173 2017
t 2004 2173 2186 2005
t 2173 2017 2186 2018
t 2173 2005 2174 2018
t 2173 2186 2005 2018
t 2004 2173 2186 2174
t 2186 2018 2174 2187
t 2004 2174 2005 2018
t 2004 2018 2186 2017
t 2004 2186 2174 2018
t 2005 2174 2187 2006
t 2174 2018 2187 2019
t 2174 2006 2175 2019
t 2174 2187 2006 2019
t 2005 2174 2187 2175
t 2187 2019 2175 2188
t 2005 2175 2006 2019
t 2005 2019 2187 2018
t 2005 2187 2175 2019
t 2006 2175 2188 2007
t 2175 2019 2188 2020
t 2175 2007 2176 2020
t 2175 2188 2007 2020
t 2006 2175 2188 2176
t 2188 2020 2176 2189
t 2006 2176 2007 2020
t 2006 2020 2188 2019
t 2006 2188 2176 2020
t 2007 2176 2189 2008
t 2176 2020 2189 2021
t 2176 2008 2177 2021
t 2176 2189 2008 2021
t 2007 2176 2189 2177
t 2189 2021 2177 2190
t 2007 2177 2008 2021
t 2007 2021 2189 2020
t 2007 2189 2177 2021
t 2008 2177 2190 2009
t 2177 2021 2190 2022
t 2177 2009 2178 2022
t 2177 2190 2009 2022
t 2008 2177 2190 2178
t 2190 2022 2178 2191
t 2008 2178 2009 2022
t 2008 2022 2190 2021
t 2008 2190 2178 2022
t 2010 2179 2192 2011
t 2179 2023 2192 2024
t 2179 2011 2180 2024
t 2179 2192 2011 2024
t 2010 2179 2192 2180
t 2192 2024 2180 2193
t 2010 2180 2011 2024
t 2010 2024 2192 2023
t 2010 2192 2180 2024
t 2011 2180 2193 2012
t 2180 2024 2193 2025
t 2180 2012 2181 2025
t 2180 2193 2012 2025
t 2011 2180 2193 2181
t 2193 2025 2181 2194
t 2011 2181 2012 2025
t 2011 2025 2193 2024
t 2011 2193 2181 2025
t 2012 2181 2194 2013
t 2181 2025 2194 2026
t 2181 2013 2182 2026
t 2181 2194 2013 2026
t 2012 2181 2194 2182
t 2194 2026 2182 2195
t 2012 2182 2013 2026
t 2012 2026 2194 2025
t 2012 2194 2182 2026
