# CLOUD_GEN_METADATA
# generated=2025-12-07T04:16:45.883Z
# mode=structure
# shape=cumulus
# resolution=32
# threshold=0.3
# scale=0.5
# octaves=5
# persistance=0.5
# lacunarity=2
# jitter=0.6
# smoothIters=5
# smoothStr=0.6
# vertices=637
# tetrahedra=3672
# END_METADATA
v 14.513747815208012 18.10266701146746 20.357447857977814
v 15.615299755967868 17.27468036018864 19.45229423269795
v 14.429905110725123 19.372360282572 19.919264920535305
v 15.259603940819822 18.872563453827933 19.400252024126328
v 14.618565239367793 18.184754267135588 21.39236838722588
v 15.421159191160724 17.862876805856637 21.459191342498897
v 14.466463407395809 19.26838243829082 20.91399874933477
v 15.162317531274624 19.198558598473017 21.116406244298037
v 14.740989307519127 18.562934144077808 23.38952211835214
v 15.656214122530347 18.01389469807881 23.379092461001385
v 14.559434846062747 19.58433070996782 22.850436196443017
v 15.265633359462086 19.531361939954827 23.173365674018235
v 14.94782779774386 18.843380497874268 25.297644947539982
v 15.869748837877486 18.35129936399347 25.295316583467446
v 14.764192141500038 19.857028069442762 24.82189694680933
v 15.491106053628563 19.819499822125803 25.11528895745375
v 15.103432039418054 18.893088143637748 26.19936113768096
v 16.30281040909053 18.507221817673365 26.80544659233823
v 14.97331471972404 19.678943513016115 26.054075807490204
v 16.027240560463024 20.12774749336225 26.47774765222668
v 14.514830544405692 21.74373750353397 19.084341078041803
v 15.142807577073949 21.18897475281537 18.991780523130167
v 14.394610497092772 21.41003771909865 20.549447978511903
v 15.052595911347602 21.360172037136905 20.7707045330602
v 14.406469290623825 21.59841556205048 22.419826483006663
v 15.113903814900885 21.602544011982616 22.759608391886168
v 14.592613590480585 21.73935837816666 24.35155762720681
v 15.338020485159388 21.768004625884107 24.677900344315244
v 14.808972287978852 21.41915632329501 25.621063306090306
v 15.922487181302655 22.08697214819016 26.039866365839273
v 14.614801941124393 22.44582044000677 18.19759084978713
v 15.54294402150045 21.3506310420591 17.444724179792384
v 14.774938993838079 23.960742443399027 17.943083679970986
v 15.474067511384698 23.378993735494422 17.505929995238024
v 14.661822386225168 23.708480678454183 18.6575229650416
v 15.229165339087144 23.563193684376074 18.76942833430405
v 14.475872129424866 23.772033784963224 20.213538282356065
v 15.091321611467809 23.724480320755568 20.472956931969875
v 14.413850241457864 23.89824043969827 22.051469940173025
v 15.09518699756966 23.90432213094297 22.38020175627546
v 14.442712359662421 23.519843238028756 23.602611459994904
v 15.347960962484077 23.87581522116753 24.19776385424732
v 14.80190524408582 22.82273623413425 25.25095705199065
v 16.196074259099532 23.942186175680252 25.81732423099655
v 14.978385309951005 25.825437167044463 17.758139156506743
v 15.680273425187888 25.481351852735585 17.36904467294981
v 14.883499037459005 25.706162557793235 18.431398299614315
v 15.419346641190566 25.723467950098428 18.58729920935029
v 14.6675333762606 25.81911747301684 19.932654473329332
v 15.243965668606181 25.867776316834995 20.226064844002916
v 14.531234868881146 25.966267881407695 21.7477271242212
v 15.174127061687198 25.95838311083259 22.076613275851102
v 14.615511219229116 26.07100011764956 23.54417000122472
v 15.44133542010121 26.330846637284274 23.69012557555943
v 15.116839885635335 26.623391436821333 17.52409344939576
v 15.980376247410096 27.045888615680845 17.266004053568526
v 15.024887511367847 26.677539743749005 18.05994235731368
v 15.815609661512033 27.332995697035145 18.4817134647469
v 14.805017089580133 26.781752578135293 19.42253789973835
v 15.595941129181107 27.437592180729023 20.139804575265
v 14.594249094322997 26.87699750358729 21.194294440764665
v 15.498620965422312 27.46481631690416 21.98416514981912
v 14.586465574842572 26.971092907697162 23.046748851214648
v 15.6647530314833 27.478410044248246 23.777407491284972
v 14.866148634492749 26.879600941883705 24.498129183799023
v 15.948494284034037 26.19641097907422 25.22859834831674
v 14.872011651446941 27.037560984054036 24.466013108564685
v 16.10901314917753 27.346992735871964 24.899545047392728
v 16.26637114636444 16.024074626978148 18.456025823880843
v 17.042773155545397 16.108189567010925 18.521474424041745
v 16.06996785075026 17.181282122896157 17.79672792198202
v 16.90706402769012 17.108973255901585 17.853752220020805
v 16.363127815022544 15.929901243242824 18.604819092422684
v 17.399748130671792 16.167173347255453 19.341367448288313
v 17.041881595835214 17.23848963016232 19.223814544046085
v 16.302255682458068 16.78925182963189 22.749928064206483
v 17.367507673036492 16.59316578045244 22.01778604762279
v 17.006675766871037 17.34185047253028 21.477198846239926
v 16.538256414097667 16.901954403745073 23.929610388184077
v 17.382518625929528 16.869347999507195 23.83716545557726
v 17.140253200207436 17.671086675789606 23.577615063016072
v 16.757335270280414 17.21148890100402 25.73926027485102
v 17.592926684700863 17.185586081774876 25.692144132469107
v 17.365457237377385 18.005744544843775 25.506017852392834
v 16.94319348887082 17.318636281475783 26.631206808387986
v 18.04526072723758 17.366453321537293 27.06396252254653
v 17.736222764981427 18.449835878474733 26.958487684603362
v 16.03951663242677 17.66855125269099 16.911548992152277
v 16.809786056800014 17.70372623798862 16.86032420814066
v 15.99542946855331 19.06520991706318 16.65925990595615
v 16.92394971060016 18.997910921194276 16.406196920977557
v 15.936339574192706 18.749006030318863 17.357380732292516
v 16.773606361311092 18.747855486376668 17.483201041755294
v 16.6764641407621 18.80343116492081 19.12009046192752
v 16.69170013110467 19.05230270974145 21.089959845019383
v 16.83039454443677 19.361669606185625 23.178199555606053
v 17.065862627911436 19.69230834630956 25.142793500795626
v 17.408155018286426 19.92958312744326 26.810715783164248
v 16.89290842149777 18.865267043960685 27.792433140732083
v 18.05962111376681 18.35424731266339 27.848649416858994
v 16.780425920194265 19.707636388770624 27.685734828485902
v 18.0406284351809 20.192066547427725 27.858850894739493
v 16.017588646332314 21.2184746021241 16.5345794946118
v 16.979913206705493 20.877029795616313 16.095228979958932
v 16.67419875463241 20.907093069329036 17.268399193976705
v 16.54477334754885 21.035024969089203 18.86584575298004
v 16.542069984621065 21.25538224086324 20.751842165741653
v 16.657577414850067 21.507421539157907 22.781828506709445
v 16.906481554288032 21.751176456666244 24.727876170797252
v 17.27591451690772 21.88584237674704 26.417109974571613
v 16.672174627075623 21.564507644406202 27.31749197497517
v 17.90928657385855 22.112886883694753 27.499667624164733
v 16.151110480665036 23.517319202652615 16.445137951272425
v 16.99239910526998 23.07976772274605 15.996878922411547
v 16.692793863493954 23.27714010793302 17.136586432453278
v 16.551464503057517 23.44201300613764 18.670091190435205
v 16.51401404738454 23.6237469537549 20.478158596360966
v 16.587057536092253 23.799756050475487 22.42094450020265
v 16.832286404583396 23.938110208720623 24.31085925905514
v 17.213807998371653 23.959532424730902 25.98482845807565
v 16.692154772066118 23.5659703908652 26.89098453182557
v 17.870400954700745 24.072370444714526 27.092710119596084
v 16.353791869768596 25.596805366284837 16.363778958076935
v 17.094491416849507 25.197579189804305 15.945848282035355
v 16.825162196784397 25.540433406670445 17.073475547892645
v 16.670345292257043 25.744801229068084 18.550271519309323
v 16.57023288977456 25.857637321326234 20.289917818704605
v 16.59853475035651 25.929594718070074 22.159717742105556
v 16.82240905499121 25.962355287710867 23.989166776902973
v 17.22625041646242 25.89725357212822 25.603245296321575
v 16.70935050524977 25.46853756495585 26.496544885539848
v 17.67022085823328 25.79193590431483 26.525731299519027
v 16.482432455529338 26.463819297518935 16.21085633898628
v 17.294079960829563 26.73568428303724 15.925087511423142
v 17.06712685505531 27.39008603075942 17.13219750205877
v 16.880358534333723 27.680933971169807 18.455611415783956
v 16.730285045234506 27.752680077730343 20.12826654566609
v 16.704425304765 27.723807073941558 21.940636322767496
v 16.913496607840855 27.686417519467426 23.70611433281233
v 17.369816036373937 27.531888512729186 25.21145386479783
v 16.732698857427707 26.717336185811796 26.190715157909132
v 18.079626044692684 27.279275240863956 26.07821739845974
v 16.557850882440412 28.3699270505923 17.20564625197746
v 17.17711353598391 28.2888915226419 17.006590790474867
v 16.473152790177394 28.497890136173442 17.8510248042521
v 17.201636705925363 28.983671642735946 18.582726412617266
v 16.251143194805827 28.612779158942512 19.335350314844934
v 17.09072968827963 29.06723488026335 20.097408182179798
v 16.05683294680317 28.544170249846946 21.121989220874962
v 17.05351824543236 28.96028951743559 21.85743749878331
v 16.105789438800407 28.44932783963782 22.999592431742624
v 17.272548246388272 28.863310875375376 23.55951501650735
v 16.43318161942948 28.331076628839078 24.446003797297884
v 17.78263167630901 28.826147657604082 24.514155008352528
v 19.169123006871505 16.331127137846757 18.25374861499525
v 18.8459348214916 17.16093559967344 17.811860615218087
v 19.03627359258186 16.379105462867276 19.685482816536332
v 18.878975407221684 17.186658471572795 19.456212697171193
v 19.129160616821416 16.55943748455413 21.60349728668919
v 18.96511095917663 17.368329522409425 21.412431600698913
v 19.254233705879063 16.818382814821536 23.64706994885601
v 19.099896275427454 17.615035278481994 23.4254073224519
v 19.422852548596726 17.10797298287675 25.52408168292551
v 19.28177392375319 17.902592522466318 25.323033976320335
v 19.64212474975973 17.32880614469501 27.050713490999623
v 19.503337363128313 18.154829307961638 26.907498244198283
v 18.827391431674222 17.359123440687178 27.887451673969462
v 19.766051320503145 17.383586834289602 27.742383305882846
v 19.96794932026986 18.481245701973343 27.826986335958498
v 19.038250174880428 17.68876691976299 16.54231526266277
v 18.620955558372675 19.029524789805343 16.08920979065525
v 18.58438734260689 18.832521994470095 17.415941584408753
v 18.62245129510441 18.880213659368977 19.096562391648042
v 18.71022117656103 19.0533029309047 21.035044216751345
v 18.86101493876642 19.291556824174382 23.038373496086972
v 19.039418047568155 19.568669374278254 24.937098878690563
v 19.24787556356449 19.820410022916516 26.59155640203064
v 19.609911621409182 20.24251739719092 27.73704610069211
v 17.74325538985187 19.942413004911685 15.376616422578493
v 18.866935285898464 19.770651535209286 15.034047975583828
v 17.786769167366156 21.333332236157595 15.144987598220533
v 18.612962878157166 20.99506660471795 14.834744868396037
v 18.440606960880956 20.922167922450512 15.791260021998395
v 18.386989825583644 20.929353038118002 17.130065223191107
v 18.40594772733856 21.053279032582303 18.78947386501527
v 18.496066531154426 21.218244218581948 20.677472361895937
v 18.64116101135484 21.421032582400606 22.632752888795633
v 18.809518709423653 21.636433985823544 24.522481364381328
v 19.020513977523954 21.831906565202292 26.21659530449946
v 19.30795893078581 21.893644720495825 27.593181937542962
v 18.769521277600486 20.66435857189637 28.57083586867833
v 19.817291363725605 20.112047514952838 28.4406920726226
v 18.675266146080958 21.52459539167649 28.456267910286098
v 19.655629523197362 21.90141319275655 28.172621191931775
v 17.76412281835363 23.308378333285763 15.030380613556934
v 18.5196360475828 22.86092478236483 14.68049493233829
v 18.32369545168256 23.056651226447915 15.645423248215847
v 18.269390569373257 23.229283807126805 16.974320490146336
v 18.274523649862786 23.384184562345496 18.591490742914548
v 18.33962642277896 23.518019380270776 20.413203612778073
v 18.463592120484336 23.654252310587545 22.300917127812603
v 18.6292141349952 23.797007107189433 24.14146927942487
v 18.858078043812863 23.904148013246292 25.806600931947884
v 19.19434638138904 23.830771617471367 27.200645887228568
v 18.600799065449053 23.33712626323882 28.10452705549617
v 19.589211458866405 23.783105657652698 27.79509307803862
v 17.804628267543084 25.209969752422403 14.966007303635157
v 18.43782437864992 24.781638764646367 14.63788334330839
v 18.286071151113475 25.201203572528907 15.635539250534892
v 18.23469400779636 25.491399546948678 16.937147536970514
v 18.21287820353047 25.657462830736385 18.49913371319968
v 18.233469812616065 25.730098912221766 20.24523754457485
v 18.328270233158175 25.783496582784032 22.05088108627996
v 18.519064976114784 25.854669074514344 23.80847454456993
v 18.81177714795134 25.907115517438868 25.386733909026617
v 19.2375515185005 25.730113307295767 26.68386889262747
v 18.594996110635197 24.686445905855322 27.762564844998977
v 19.928685559040403 25.37866882709975 27.362109667294135
v 17.850143384693844 26.0071658619696 14.829807656892978
v 18.48818059507174 26.231874835065366 14.65295171136322
v 18.34535031972554 26.98296655138835 15.787790623324659
v 18.27549732214111 27.420778727641615 16.99432389371021
v 18.236501327317352 27.6612187915198 18.51389216522187
v 18.19356986902266 27.689480581633475 20.160523200080554
v 18.260567612589494 27.66663452085311 21.8714499893721
v 18.48894532038688 27.671598728983934 23.53259861301141
v 18.870176377398952 27.677856370585516 24.998607023630207
v 19.546280577893807 27.829067189841744 25.88484223386551
v 17.72190282155675 27.97391600508287 15.959789188023233
v 18.347702124426224 27.877144443153586 15.721830649463884
v 18.462352611215337 28.740222550879743 17.26396894952705
v 18.355174596737502 29.1702513622695 18.708435256685632
v 18.24688852198389 29.20651205562935 20.068512517166365
v 18.29682007055375 29.12497281833784 21.70582015468988
v 18.552781187908845 29.09275480644562 23.278779142257175
v 19.016543316988816 29.03421151310323 24.611566840458455
v 18.438204611577984 28.45000680408962 25.658327034134842
v 19.777637676398413 28.904677165421017 25.44164635768554
v 17.800015443514884 30.126416097603467 18.794271055322234
v 18.3914963452939 29.925974451801885 18.647338138123327
v 17.716073628602935 30.07839487547894 19.469018189933383
v 18.285538188639354 29.867548660660173 20.046521574997517
v 17.617495492336648 29.9426584122088 21.003137139812587
v 18.32526089709335 29.761384085650878 21.649662137345487
v 17.72372947585412 29.80037769651251 22.69987879111689
v 18.594697757716222 29.715929656109214 23.1653538648237
v 18.085733966399538 29.69584183156666 23.984754112346227
v 19.33028691377246 29.831662128355426 24.010969522168832
v 19.959509810229772 16.529780554459286 17.273609404814916
v 20.776985849474528 16.61113305548389 17.338187889677613
v 20.65600291547609 17.651126545665313 16.59373502262904
v 21.05060885103193 16.576988661221364 18.144874556186867
v 20.90224301736672 17.389950880190636 17.8728743418115
v 21.23244895421065 16.60291004065688 19.706387319222205
v 21.106071315698692 17.402151902571777 19.486237758991226
v 21.366687115089814 16.711635856662337 21.50118823240131
v 21.24198894021954 17.507285490066305 21.301360242773896
v 21.467344156882934 16.89711124742992 23.36640712562454
v 21.35107714065566 17.68541159643128 23.160910462136464
v 21.5490873550608 17.112575237389052 25.17693382717584
v 21.437953520867158 17.905940973297685 24.95515159118283
v 21.627159977927843 17.298620142710927 26.672434246776447
v 21.52507912082413 18.119670184481347 26.48873578486097
v 21.663126329065157 17.36327066317022 27.358287132074967
v 21.562591641907844 18.35472465773938 27.45919838247104
v 19.63122477100164 18.330872240207494 15.584515456211014
v 20.391364201471923 18.358059845893408 15.622796689551809
v 20.091879398877946 19.410631959288242 15.129198314750559
v 20.47042907236466 19.128958012236744 16.06055316228476
v 20.68780958308894 19.020157890639133 17.446129241980735
v 20.855238679404174 19.061680673247263 19.116041765101123
v 20.989696121512125 19.165609680034997 20.932803146865812
v 21.102032230380456 19.332896273686774 22.764789567595944
v 21.189482617716337 19.547675016079374 24.553133751325472
v 21.270013995761733 19.78224744856092 26.17556300816802
v 21.320769700876962 20.02866954135833 27.45967337915906
v 20.54654507861754 18.920451670399512 28.3985344920315
v 20.624552708549295 19.144028528583583 28.419468100707192
v 21.16801370776252 20.705017204163248 28.047297304918146
v 19.3112591927741 20.247742509850447 14.240529348881934
v 19.316774620304866 20.24725773258895 14.239608261753826
v 19.24188178046361 21.37477182968196 13.996966435268453
v 19.629580998708406 21.242771351714104 14.09304253891357
v 19.914528476242616 21.144686283356293 14.70693955194581
v 20.20847262003255 20.95748385725785 15.740291802719339
v 20.387991538510956 21.027238553814552 17.117488416714075
v 20.52737237054085 21.128426382251796 18.783594575025653
v 20.67199554444585 21.24581263482587 20.57624579297682
v 20.79912023184615 21.40138460252769 22.37867636722813
v 20.880461206250484 21.59052175257864 24.135258635862193
v 20.949665714584548 21.766456369700602 25.805822223062744
v 21.05186543449854 21.89589925514393 27.16126929653354
v 21.348492690193247 22.008015391726833 27.71098665040134
v 19.11977803746468 23.02914927632076 13.843494909787804
v 19.516896659525386 22.752123212680726 13.928183073608848
v 19.697130527043257 22.823009444942443 14.489026562872015
v 19.913194180489384 23.010750361077623 15.578383717153494
v 20.06122452860888 23.18492428129196 16.956152301597957
v 20.20005040781299 23.32222653914555 18.585442801215336
v 20.343254887668987 23.42875007312773 20.325344325043673
v 20.479214498896187 23.563850505017356 22.05893616883459
v 20.582690895766248 23.721535486611852 23.745704771809134
v 20.675659357988856 23.829631506202933 25.385892797613195
v 20.84464206228569 23.859165396368756 26.75420852016481
v 21.197878334832065 23.854664452791752 27.31302582187911
v 18.954091658621056 24.67409863563644 13.77832185840328
v 19.17692652176795 24.125227403508884 13.823195388093549
v 19.456796820062483 24.64023301967306 14.524474809006003
v 19.661002454465432 25.09495545133374 15.599643221902973
v 19.809126605531855 25.330237357958506 16.941333729837897
v 19.921076290743315 25.464887080914046 18.512817277255863
v 20.040082737641924 25.54493195939307 20.16836773742183
v 20.177397301466236 25.647130349285344 21.800581936144997
v 20.343983849829723 25.774850817734173 23.389162389123808
v 20.540078926135116 25.872260815090176 24.926036543013463
v 20.757190490783557 25.877886946271936 26.22176768734394
v 21.085536408259333 25.8359274746879 26.76554081923775
v 18.841632802875512 25.345343833410833 13.683312524553397
v 18.915459775096224 25.426941740604637 13.941015599741325
v 19.27648874351911 26.63286057073682 14.91574777756283
v 19.501164738497874 26.9110268751379 15.728651787657915
v 19.64853883972506 27.222071274333754 17.054962305082693
v 19.727044262345505 27.405996864428676 18.553305997222687
v 19.809327890897556 27.46368125687897 20.082011776784515
v 19.953550490856575 27.524274665211028 21.60463874646647
v 20.18149464316785 27.624185912717095 23.09482485033998
v 20.476261397600332 27.69039985250593 24.51485018725727
v 20.78838528532763 27.61096468605272 25.734732039279315
v 20.193106264922942 27.25100981534622 26.71585530758225
v 21.10619688840639 27.607251321701582 26.201609401285502
v 18.78543843257216 27.538196884621286 14.79519180228366
v 19.147295495832694 27.518198318970555 15.02690179816293
v 19.405756332607446 27.799843795751233 15.815359040295965
v 19.570052994514636 28.694329487623985 17.45161776919784
v 19.585169140077763 28.937311960490746 18.681282349731045
v 19.669483743040946 28.944767573222784 20.083577769005473
v 19.820032905253928 28.969502451069168 21.506168840195038
v 20.111520938736703 29.045225871138364 22.90502073226791
v 20.504485162290752 29.111696651873995 24.17625809258006
v 20.743111565050917 28.868961858612696 25.24316599433775
v 20.318498168699204 28.376226267260805 26.32005205466029
v 21.324264390618808 28.373068799280624 25.9191399669089
v 18.927703785131538 29.833439338191475 17.677942135729666
v 19.30490358153679 29.671338111339907 17.95916961199219
v 19.493491163908807 29.61888591288813 18.781498177353672
v 19.598696119296058 29.58427532425114 20.11451651573153
v 19.77273853914377 29.58355041553799 21.514354380476117
v 20.087356015859285 29.660586183480895 22.86401064310545
v 20.540628924464396 29.719532806146955 24.045600820491423
v 20.008318459534006 29.753560518161052 24.887586597928138
v 21.275729369217682 29.74491395544283 24.40250334192398
v 21.659707632309463 16.714884258176674 17.364168142044832
v 22.248863973097173 17.82662552789732 16.81286290337518
v 22.833365228865876 16.743593988143054 18.45055012532424
v 22.978096475883294 17.75182721293815 18.05770079983502
v 23.43464502428663 16.817052432966467 19.744628448109616
v 23.376263615673107 17.61346133313145 19.52786375451125
v 23.630798025664667 16.91203960077803 21.36033600631484
v 23.55228067286675 17.69605048193423 21.150112106871656
v 23.669274331040185 17.060255497316312 23.074560492119932
v 23.583879041376445 17.845505552470453 22.848943665899466
v 23.645372358520383 17.223629943975084 24.775213852167184
v 23.573799478641803 18.02252780403289 24.559774686023218
v 23.599750925477828 17.363801957184364 26.225670182675955
v 23.561800380281312 18.204497820333547 26.0358882633022
v 23.56389505031746 17.39837241016559 26.89697549271977
v 23.780541960191073 18.307538085489817 26.677532996821228
v 21.191136973472602 18.343635282318797 15.65400573152522
v 21.774245989717958 19.42228323340021 15.43577570781984
v 22.351036564446996 19.4029795674451 16.236665717930986
v 22.8518180685198 19.223068323650722 17.549352664828227
v 23.166472522270734 19.23298753492504 19.134468885960196
v 23.314011421995513 19.31286301730739 20.78303020579255
v 23.34705694496608 19.45987431708055 22.4557305810335
v 23.335031831262505 19.641912326837552 24.1363867416602
v 23.32053702260403 19.83017564885203 25.702912548378002
v 23.383187946502925 20.358517170991146 26.80014467908749
v 21.40324739081561 21.09731218199502 14.886322071418387
v 22.0762370483251 21.016062324098524 15.846306534542233
v 22.482714816990658 21.086477291451967 17.22813606564374
v 22.75344644012809 21.18032147809262 18.812806224543426
v 22.91020189672306 21.297783960414517 20.452313225660514
v 22.97860818833561 21.46034880995915 22.069742569320457
v 22.975931067477312 21.63297476023999 23.700802960887394
v 22.939391225914243 21.767795074720258 25.305864546007907
v 22.8903999841106 21.911652080839307 26.662126626599576
v 23.002206629655866 20.988541713253117 27.489415724774833
v 23.067064597001036 22.008908782089144 27.23571448845796
v 20.19848294714048 21.780009567724807 13.986206007492596
v 20.137421652833318 22.508855910312402 13.956648624806016
v 21.03595126837352 22.819551586078013 14.763908834958407
v 21.621768988059213 22.917694511609604 15.725738435031733
v 21.979388853748578 23.081950387122795 17.084490717382437
v 22.233074889990203 23.218613875852853 18.6400393562347
v 22.41363001957727 23.37372618501299 20.218098923451
v 22.527338898401126 23.546444722812527 21.745545840309426
v 22.5789556669919 23.70658653778179 23.277087624818705
v 22.58699534606445 23.787006211628647 24.8310719123692
v 22.478515879162554 23.6167871335253 26.176597389063822
v 22.683910240484852 23.651399703939475 26.927441996431824
v 20.057500916770806 23.47628702709349 13.9890324396267
v 20.74126874233822 24.651680683596698 14.96128253225683
v 21.147261764766636 24.824455568196417 15.767099786072977
v 21.494152707172475 25.0566764844877 17.104856645765405
v 21.735545987841537 25.220347428696673 18.58486298168352
v 21.91404593718423 25.379558132961694 20.053030811505867
v 22.068785638218486 25.565009963493768 21.454480093159546
v 22.208045504642687 25.722312465694348 22.86825206473987
v 22.30877816131008 25.796490586270842 24.311640523922268
v 22.35714800389216 25.836543713196004 25.580410954991027
v 22.281055225366522 26.44230233339056 26.015496340326653
v 20.227750779957564 26.24915292757401 15.051063656054545
v 20.751259447509597 26.559659356681635 15.979753552381661
v 21.106032740686565 26.843124505036123 17.25857598907549
v 21.334812199197213 27.0102781021465 18.63229542390883
v 21.50380418888574 27.193167473440067 19.969505899331566
v 21.69187372978243 27.38675912460016 21.23472204534883
v 21.931223520613003 27.549990981667943 22.52963828418503
v 22.126253852319742 27.595663361064588 23.874929179612387
v 22.127608983940032 27.439273327340295 25.057983552330114
v 22.297481289157094 27.463757050100643 25.691395094403912
v 19.88614743576494 27.445021315327406 15.263729259334195
v 20.476560773950162 27.638347688927478 16.32128015287257
v 20.7074294944443 28.09958968229952 17.5085216450982
v 20.972662080472862 28.462283481765848 18.8272731881272
v 21.201070139643043 28.629500976601722 19.998069379158327
v 21.448442310331625 28.789001447045045 21.149677372417138
v 21.748926135887523 28.939006744809245 22.351030546542788
v 22.081776717099988 29.005227405814765 23.510253458556644
v 22.178467127764414 28.777060424191575 24.557231705328608
v 21.874249504275852 28.49917457382281 25.716952912115566
v 20.09925428527601 29.39831364480533 18.20949919863844
v 20.627878292672808 29.311476610693195 19.23362741820086
v 21.057732747384946 29.237116926856523 20.08282656936839
v 21.3417679656956 29.388518842489432 21.170232541205184
v 21.689666820166643 29.542456662185586 22.320834562168898
v 22.072796830304878 29.613311854953988 23.40018508282312
v 22.770514993226893 29.648714988696245 23.636317423322577
v 24.17118144445578 16.884803618842966 18.915314602088298
v 24.823858829503543 17.933592688099925 18.33288157157298
v 25.181755767123796 16.96814523853703 19.970449237939377
v 25.470111421377904 17.949803159997558 19.62210363336914
v 25.548061140462924 17.124354542466588 21.24991848587374
v 25.58530280816549 17.911638088369298 21.024203726259113
v 25.496355756010164 17.28512106108623 22.847997699606637
v 25.52724977366525 18.076600296780843 22.610953489246736
v 25.41472183209725 17.428626877380832 24.46498940172224
v 25.434607038406927 18.23824559236457 24.2398260838297
v 25.093654606382135 17.43502833451423 25.722331499694175
v 25.350342681253732 18.41842428598608 25.65196022157187
v 24.656161574268054 17.578120856853165 26.65039414120271
v 25.33538919496827 18.91702630687108 26.266213650603756
v 23.629289110615314 18.37509205820454 17.01169296442838
v 24.01496161149444 19.558655916833086 16.526976668157904
v 24.897760279636735 19.51440159300586 17.776609305019335
v 25.370782034640282 19.37342066106502 19.153481521069423
v 25.460988161427405 19.488083459056085 20.635719813300806
v 25.40490342493257 19.664460563372558 22.201019121948516
v 25.321706632133534 19.816643203316165 23.815748819015205
v 25.251719449954493 19.995264892248453 25.277399032312857
v 25.070277949252148 20.346533549210164 26.2739720562164
v 22.814476415180057 20.074707620144284 15.357277598309617
v 23.17510634378238 21.07848795933865 15.327471966363799
v 23.828220085231855 21.167470596389318 16.155929724552337
v 24.4630021695764 21.097220599699295 17.414268102229453
v 24.881419381028717 21.1936775426842 18.87646353531576
v 25.042348115866254 21.37119999532001 20.33054572643807
v 25.045201022638594 21.57480661402129 21.806106696011913
v 24.984864424600918 21.71861328416494 23.33701155775618
v 24.89475198131345 21.793325600309913 24.839763662696548
v 24.583410810137067 21.767477931680464 26.136616701317156
v 23.90863398339339 21.130568618635213 27.287376331265975
v 23.671274266626764 22.318030561712316 27.118438813584383
v 22.57512125218524 22.43708976408589 15.141757543814286
v 23.275014674537836 22.687372785546778 16.035626010457545
v 23.823661811280363 22.94587583606276 17.33988269425293
v 24.214117833292004 23.146695073858535 18.759005475773684
v 24.433423950243146 23.365286662144825 20.12717021184849
v 24.523947540167974 23.581444114194586 21.467582384174147
v 24.53083295098961 23.715487780930566 22.875042587714326
v 24.478288118151482 23.738187837468022 24.30659985908219
v 24.343416290326907 23.40703122437126 25.574615001905016
v 23.641924689114227 23.06042541241597 26.97050202040815
v 21.664594696523103 24.38669612835748 15.209504803654161
v 22.5419910000444 24.702630351482696 16.313538438540814
v 23.16864127942794 24.75874713943859 17.41754131000584
v 23.537258108217323 25.018935017559595 18.737092256631303
v 23.777977399630686 25.285365355093145 19.970301819279012
v 23.947405316926567 25.52578692019252 21.148895014942724
v 24.064329098781375 25.67176489392078 22.416968576771225
v 24.10472607174237 25.669684155488728 23.73727672578614
v 24.0682208845952 25.863331723568106 24.604918052309532
v 21.40211239405927 25.47424893759777 15.38749942466572
v 21.980280120878177 26.09128644363626 16.49882151660464
v 22.59062840627765 26.36407219297656 17.617552641743817
v 22.96127001735717 26.680614678157664 18.804673147515505
v 23.21155095472486 26.98334360025495 19.871389879556293
v 23.42748046387243 27.26855011321827 20.898052741765504
v 23.64012410168647 27.429250026055865 22.023750983987487
v 23.81937420595282 27.448217260501636 23.216425943338972
v 23.74454786908198 27.24240878798808 24.29540542482977
v 22.993540745251643 26.729688139292794 25.55496514616912
v 23.058836581393734 27.21944663422952 25.467540732348255
v 21.501351587601974 27.249420891777437 16.82587252580573
v 22.186449755858472 27.3554608834268 17.990424712379696
v 22.44108553758511 27.787544933201055 18.996331363519793
v 22.711995577125602 28.328525742778385 19.91158500344087
v 23.0140296344621 28.636728431886972 20.795543388512954
v 23.33957416309932 28.807093125359764 21.832380190727577
v 23.474260209421555 28.737152203759635 22.87684173968028
v 23.908891180136113 28.739403710301612 23.369099725009022
v 21.676774943430022 28.99529766187574 19.49870708398452
v 22.312727146034863 29.13466642607258 20.189017576943666
v 22.83572186995889 29.2307049333053 20.81046221638473
v 23.196688603272992 29.410905294081868 21.795363218289857
v 23.541970067971587 29.498291420612382 22.758999317241052
v 23.475358961507922 29.733449912930755 23.359983072851147
v 26.327786350892293 17.134557985630696 20.35869495174622
v 27.112444512124632 18.207705190966614 19.59496356696166
v 26.414256493097213 17.205547474108975 21.221100673784697
v 27.06958615489221 18.382616956252264 20.981077444016936
v 26.32721646182568 17.391791610119117 22.763902430507
v 26.937080778807836 18.56094647602369 22.568637001259187
v 26.21478129570492 17.526288807662763 24.332193960280456
v 26.835759264424954 18.700641134599074 24.096842300719484
v 26.2691734837592 17.696046432299593 25.143904412447053
v 26.72731126347416 19.028238292087835 25.088271797179743
v 27.12549654610209 18.57514714647106 18.588139217902057
v 26.624796536847104 19.511632596532884 18.090536872698692
v 27.13688588971508 19.510644440310365 19.200256209373073
v 27.14505080862684 19.708065438741375 20.562127411536718
v 27.053909134620568 19.92648562133509 22.07503780440267
v 26.939368851688172 20.075891469257108 23.59692012294907
v 26.811553974832783 20.235484468184403 24.942989921205047
v 26.325571925524788 19.366302653905667 25.969535007857864
v 26.680411858866677 20.76210175040374 25.543587593235166
v 25.281502177825377 20.157485935622702 16.768349424470237
v 24.912419298692395 21.01908055466069 16.380614999515455
v 26.12457619988169 21.10393901975574 17.900318332552406
v 26.679258099768063 21.179061358871287 19.023544461961585
v 26.803522121710948 21.491916723393977 20.32233147722571
v 26.804800151424914 21.71861970259717 21.700398208355715
v 26.703420727253025 21.80040773012936 23.150239749424273
v 26.542293519260234 21.875252534285416 24.49746737366369
v 26.646702880270414 21.97169377534177 25.084236128747648
v 24.02395894339295 21.58577590128501 15.411092910152068
v 24.123195372498085 21.704304357263087 15.521995130809598
v 24.453731693783926 22.52586815247445 16.57317576504617
v 25.215188698975926 22.689403703447503 17.73258072251463
v 25.94416580338567 23.000104705405654 18.99112704108601
v 26.194681888172415 23.396862709502212 20.14543950796331
v 26.34080356387072 23.615183883165912 21.35022736620863
v 26.300437304165747 23.68871500825165 22.655954771206076
v 26.153283181628833 23.707781084145918 23.928563764388905
v 26.259164578084487 23.76201466467996 24.47517985085218
v 23.748667880151565 24.315405109150475 16.839426963529764
v 24.440333421474993 24.894383910078954 18.00618375393954
v 25.032263740801795 25.136872608846737 19.08535051080402
v 25.452944906330092 25.223399815907946 19.99500609232128
v 25.665326900571788 25.460892331986926 21.015765527538104
v 25.73523948061633 25.56011990181978 22.177083260147757
v 25.71426760243818 25.569910765792645 23.35007195973195
v 25.858968626455553 25.618397014965346 23.843054560521285
v 23.41875593231776 25.35759427723626 17.06788160866264
v 23.910982072116855 26.07554263138691 18.22566486554662
v 24.427008001369465 26.47713452285818 19.052794464239707
v 24.737914023412944 26.85427541056154 19.87627066672092
v 24.982698243238293 27.12619843214981 20.747602709320105
v 25.197889764843296 27.232466395916102 21.787341795908
v 25.219303019480595 27.121051857069222 22.81096139331619
v 25.501945665047902 27.142000878294688 23.37988792610701
v 23.36242490833619 27.01552239038068 18.460009045784822
v 23.990756736430523 27.356510420979692 19.275814552446537
v 24.16335370352661 27.93296322432942 19.901785154306783
v 24.297985228463208 28.32817032362269 20.584109300660757
v 24.58733900350701 28.472093843282497 21.55393809778016
v 24.901416106593107 28.410709693897854 22.485163669535787
v 24.962985442027623 28.36936987458629 23.10320465491237
v 23.368058995548918 29.030969223137326 20.199519023779178
v 23.713519602580025 29.28456767263668 20.90690909253553
v 24.09148325745901 29.404376169134856 21.856474295405206
v 24.42733887183307 29.517408631444678 22.23326619403448
v 27.990921542597636 18.66119582289506 18.612944484948436
v 27.85221488843804 19.35862389893097 18.541213766440265
v 28.09617579974553 18.70397562066905 19.339778029305414
v 27.898008064744072 19.586246320248154 19.38059764762519
v 27.96719527037352 18.893330640606173 20.683607872189253
v 27.856968114731927 19.876528558460624 20.762004102136878
v 27.813968716586896 19.09882465881835 22.244562149633698
v 27.777175279724347 20.08707165700261 22.27325213398175
v 27.70600451566824 19.24714929153493 23.73293180815862
v 27.669959632954924 20.227319436764105 23.69357494889733
v 27.69545538803978 19.42918685025089 24.52714623018691
v 27.570122095639867 20.77956589810799 24.648553919303783
v 27.350532681238185 20.824282723708144 18.41245364097152
v 27.49800572433725 21.220423255781746 19.28295782757021
v 27.91677551635389 21.93487576378168 20.6719626547257
v 28.05853198284708 22.196265146230846 21.78871930327373
v 27.81618169724827 22.07366491613361 23.00963340067268
v 27.310768393116685 22.001249028671833 24.47242084686727
v 27.44762525885348 21.16261501054638 25.225342126508448
v 27.19111896702305 22.51952276782387 24.82239537893678
v 27.018895772491344 21.8590100896368 18.467661217973394
v 26.956752731435486 23.00730964912145 19.458439485997054
v 27.522704189446948 23.56335605881414 20.505972293933343
v 27.870645264827967 23.60529761447716 21.400286271223944
v 27.71117660086215 23.52510206162821 22.473857253124407
v 26.913757537144182 23.727685140800734 23.91886876624704
v 26.758589011169203 24.3302718973816 24.20523282843666
v 25.970846880616353 24.98970350279917 19.273257935280217
v 26.647663686143677 25.08145152501931 20.242613735569655
v 27.11981947711819 25.005802266815103 21.089178159624353
v 27.136053513398494 25.117033433804494 22.118136342336825
v 26.404036488714844 25.570860551601065 23.339062407359524
v 26.396390283115696 26.039662141882793 23.649520414677195
v 25.180748093775858 25.562754575683808 18.60535308529449
v 25.251338813269502 25.685700577940015 18.6981056662756
v 25.39348560211751 26.393881203573205 19.432739347794037
v 25.549026279287876 26.808439548612746 20.0219873094697
v 25.75666494602248 27.053330867356774 20.856148013830804
v 25.884842144085997 27.14812344600307 21.912262564188573
v 26.06487625225713 27.053689775468392 22.850191860392318
v 26.319238092315608 26.831584626679263 23.452852834378476
v 25.025913387331244 27.287987290730804 19.534023149897994
v 25.22834294444393 27.686120615248097 20.09244820617366
v 25.466312066410197 27.921243674673043 20.92551545697545
v 25.719125703597562 27.962783418671698 21.90493551033513
v 25.928428773757265 28.096747000663857 22.31328428806368
v 28.672188383803526 22.867622046671293 20.9911798010594
v 28.49282794632705 23.471309336201614 20.917841454962733
v 28.77861608016089 22.82711647819931 21.55878476057558
v 28.596864051725564 23.587099973137434 21.543925556414386
v 28.826586331285775 22.944413706715107 22.016223411507976
v 28.724858143173318 23.972602378620593 21.82739108562248
v 28.333195231486666 24.145222071299415 20.892431971125003
v 28.529645680650226 24.267635507721852 21.572723484019654
v 28.664791865807107 24.555035997094528 21.81835213930093
t 0 1 3 4
t 1 2 3 6
t 1 4 5 6
t 1 3 4 6
t 0 1 3 5
t 3 6 5 7
t 0 5 4 6
t 0 6 3 2
t 0 3 5 6
t 4 5 7 8
t 5 6 7 10
t 5 8 9 10
t 5 7 8 10
t 4 5 7 9
t 7 10 9 11
t 4 9 8 10
t 4 10 7 6
t 4 7 9 10
t 8 9 11 12
t 9 10 11 14
t 9 12 13 14
t 9 11 12 14
t 8 9 11 13
t 11 14 13 15
t 8 13 12 14
t 8 14 11 10
t 8 11 13 14
t 12 13 15 16
t 13 14 15 18
t 13 16 17 18
t 13 15 16 18
t 12 13 15 17
t 15 18 17 19
t 12 17 16 18
t 12 18 15 14
t 12 15 17 18
t 2 3 21 6
t 3 20 21 22
t 3 6 7 22
t 3 21 6 22
t 2 3 21 7
t 21 22 7 23
t 2 7 6 22
t 2 22 21 20
t 2 21 7 22
t 6 7 23 10
t 7 22 23 24
t 7 10 11 24
t 7 23 10 24
t 6 7 23 11
t 23 24 11 25
t 6 11 10 24
t 6 24 23 22
t 6 23 11 24
t 10 11 25 14
t 11 24 25 26
t 11 14 15 26
t 11 25 14 26
t 10 11 25 15
t 25 26 15 27
t 10 15 14 26
t 10 26 25 24
t 10 25 15 26
t 14 15 27 18
t 15 26 27 28
t 15 18 19 28
t 15 27 18 28
t 14 15 27 19
t 27 28 19 29
t 14 19 18 28
t 14 28 27 26
t 14 27 19 28
t 30 31 33 20
t 31 32 33 34
t 31 20 21 34
t 31 33 20 34
t 30 31 33 21
t 33 34 21 35
t 30 21 20 34
t 30 34 33 32
t 30 33 21 34
t 20 21 35 22
t 21 34 35 36
t 21 22 23 36
t 21 35 22 36
t 20 21 35 23
t 35 36 23 37
t 20 23 22 36
t 20 36 35 34
t 20 35 23 36
t 22 23 37 24
t 23 36 37 38
t 23 24 25 38
t 23 37 24 38
t 22 23 37 25
t 37 38 25 39
t 22 25 24 38
t 22 38 37 36
t 22 37 25 38
t 24 25 39 26
t 25 38 39 40
t 25 26 27 40
t 25 39 26 40
t 24 25 39 27
t 39 40 27 41
t 24 27 26 40
t 24 40 39 38
t 24 39 27 40
t 26 27 41 28
t 27 40 41 42
t 27 28 29 42
t 27 41 28 42
t 26 27 41 29
t 41 42 29 43
t 26 29 28 42
t 26 42 41 40
t 26 41 29 42
t 32 33 45 34
t 33 44 45 46
t 33 34 35 46
t 33 45 34 46
t 32 33 45 35
t 45 46 35 47
t 32 35 34 46
t 32 46 45 44
t 32 45 35 46
t 34 35 47 36
t 35 46 47 48
t 35 36 37 48
t 35 47 36 48
t 34 35 47 37
t 47 48 37 49
t 34 37 36 48
t 34 48 47 46
t 34 47 37 48
t 36 37 49 38
t 37 48 49 50
t 37 38 39 50
t 37 49 38 50
t 36 37 49 39
t 49 50 39 51
t 36 39 38 50
t 36 50 49 48
t 36 49 39 50
t 38 39 51 40
t 39 50 51 52
t 39 40 41 52
t 39 51 40 52
t 38 39 51 41
t 51 52 41 53
t 38 41 40 52
t 38 52 51 50
t 38 51 41 52
t 44 45 55 46
t 45 54 55 56
t 45 46 47 56
t 45 55 46 56
t 44 45 55 47
t 55 56 47 57
t 44 47 46 56
t 44 56 55 54
t 44 55 47 56
t 46 47 57 48
t 47 56 57 58
t 47 48 49 58
t 47 57 48 58
t 46 47 57 49
t 57 58 49 59
t 46 49 48 58
t 46 58 57 56
t 46 57 49 58
t 48 49 59 50
t 49 58 59 60
t 49 50 51 60
t 49 59 50 60
t 48 49 59 51
t 59 60 51 61
t 48 51 50 60
t 48 60 59 58
t 48 59 51 60
t 50 51 61 52
t 51 60 61 62
t 51 52 53 62
t 51 61 52 62
t 50 51 61 53
t 61 62 53 63
t 50 53 52 62
t 50 62 61 60
t 50 61 53 62
t 52 53 63 64
t 53 62 63 66
t 53 64 65 66
t 53 63 64 66
t 52 53 63 65
t 63 66 65 67
t 52 65 64 66
t 52 66 63 62
t 52 63 65 66
t 68 69 71 72
t 69 70 71 1
t 69 72 73 1
t 69 71 72 1
t 68 69 71 73
t 71 1 73 74
t 68 73 72 1
t 68 1 71 70
t 68 71 73 1
t 75 76 77 78
t 76 5 77 9
t 76 78 79 9
t 76 77 78 9
t 75 76 77 79
t 77 9 79 80
t 75 79 78 9
t 75 9 77 5
t 75 77 79 9
t 78 79 80 81
t 79 9 80 13
t 79 81 82 13
t 79 80 81 13
t 78 79 80 82
t 80 13 82 83
t 78 82 81 13
t 78 13 80 9
t 78 80 82 13
t 81 82 83 84
t 82 13 83 17
t 82 84 85 17
t 82 83 84 17
t 81 82 83 85
t 83 17 85 86
t 81 85 84 17
t 81 17 83 13
t 81 83 85 17
t 87 88 90 70
t 88 89 90 91
t 88 70 71 91
t 88 90 70 91
t 87 88 90 71
t 90 91 71 92
t 87 71 70 91
t 87 91 90 89
t 87 90 71 91
t 70 71 92 1
t 71 91 92 3
t 71 1 74 3
t 71 92 1 3
t 70 71 92 74
t 92 3 74 93
t 70 74 1 3
t 70 3 92 91
t 70 92 74 3
t 1 74 93 5
t 74 3 93 7
t 74 5 77 7
t 74 93 5 7
t 1 74 93 77
t 93 7 77 94
t 1 77 5 7
t 1 7 93 3
t 1 93 77 7
t 5 77 94 9
t 77 7 94 11
t 77 9 80 11
t 77 94 9 11
t 5 77 94 80
t 94 11 80 95
t 5 80 9 11
t 5 11 94 7
t 5 94 80 11
t 9 80 95 13
t 80 11 95 15
t 80 13 83 15
t 80 95 13 15
t 9 80 95 83
t 95 15 83 96
t 9 83 13 15
t 9 15 95 11
t 9 95 83 15
t 13 83 96 17
t 83 15 96 19
t 83 17 86 19
t 83 96 17 19
t 13 83 96 86
t 96 19 86 97
t 13 86 17 19
t 13 19 96 15
t 13 96 86 19
t 17 86 97 98
t 86 19 97 100
t 86 98 99 100
t 86 97 98 100
t 17 86 97 99
t 97 100 99 101
t 17 99 98 100
t 17 100 97 19
t 17 97 99 100
t 89 90 103 91
t 90 102 103 31
t 90 91 92 31
t 90 103 91 31
t 89 90 103 92
t 103 31 92 104
t 89 92 91 31
t 89 31 103 102
t 89 103 92 31
t 91 92 104 3
t 92 31 104 21
t 92 3 93 21
t 92 104 3 21
t 91 92 104 93
t 104 21 93 105
t 91 93 3 21
t 91 21 104 31
t 91 104 93 21
t 3 93 105 7
t 93 21 105 23
t 93 7 94 23
t 93 105 7 23
t 3 93 105 94
t 105 23 94 106
t 3 94 7 23
t 3 23 105 21
t 3 105 94 23
t 7 94 106 11
t 94 23 106 25
t 94 11 95 25
t 94 106 11 25
t 7 94 106 95
t 106 25 95 107
t 7 95 11 25
t 7 25 106 23
t 7 106 95 25
t 11 95 107 15
t 95 25 107 27
t 95 15 96 27
t 95 107 15 27
t 11 95 107 96
t 107 27 96 108
t 11 96 15 27
t 11 27 107 25
t 11 107 96 27
t 15 96 108 19
t 96 27 108 29
t 96 19 97 29
t 96 108 19 29
t 15 96 108 97
t 108 29 97 109
t 15 97 19 29
t 15 29 108 27
t 15 108 97 29
t 19 97 109 100
t 97 29 109 110
t 97 100 101 110
t 97 109 100 110
t 19 97 109 101
t 109 110 101 111
t 19 101 100 110
t 19 110 109 29
t 19 109 101 110
t 102 103 113 31
t 103 112 113 33
t 103 31 104 33
t 103 113 31 33
t 102 103 113 104
t 113 33 104 114
t 102 104 31 33
t 102 33 113 112
t 102 113 104 33
t 31 104 114 21
t 104 33 114 35
t 104 21 105 35
t 104 114 21 35
t 31 104 114 105
t 114 35 105 115
t 31 105 21 35
t 31 35 114 33
t 31 114 105 35
t 21 105 115 23
t 105 35 115 37
t 105 23 106 37
t 105 115 23 37
t 21 105 115 106
t 115 37 106 116
t 21 106 23 37
t 21 37 115 35
t 21 115 106 37
t 23 106 116 25
t 106 37 116 39
t 106 25 107 39
t 106 116 25 39
t 23 106 116 107
t 116 39 107 117
t 23 107 25 39
t 23 39 116 37
t 23 116 107 39
t 25 107 117 27
t 107 39 117 41
t 107 27 108 41
t 107 117 27 41
t 25 107 117 108
t 117 41 108 118
t 25 108 27 41
t 25 41 117 39
t 25 117 108 41
t 27 108 118 29
t 108 41 118 43
t 108 29 109 43
t 108 118 29 43
t 27 108 118 109
t 118 43 109 119
t 27 109 29 43
t 27 43 118 41
t 27 118 109 43
t 29 109 119 110
t 109 43 119 120
t 109 110 111 120
t 109 119 110 120
t 29 109 119 111
t 119 120 111 121
t 29 111 110 120
t 29 120 119 43
t 29 119 111 120
t 112 113 123 33
t 113 122 123 45
t 113 33 114 45
t 113 123 33 45
t 112 113 123 114
t 123 45 114 124
t 112 114 33 45
t 112 45 123 122
t 112 123 114 45
t 33 114 124 35
t 114 45 124 47
t 114 35 115 47
t 114 124 35 47
t 33 114 124 115
t 124 47 115 125
t 33 115 35 47
t 33 47 124 45
t 33 124 115 47
t 35 115 125 37
t 115 47 125 49
t 115 37 116 49
t 115 125 37 49
t 35 115 125 116
t 125 49 116 126
t 35 116 37 49
t 35 49 125 47
t 35 125 116 49
t 37 116 126 39
t 116 49 126 51
t 116 39 117 51
t 116 126 39 51
t 37 116 126 117
t 126 51 117 127
t 37 117 39 51
t 37 51 126 49
t 37 126 117 51
t 39 117 127 41
t 117 51 127 53
t 117 41 118 53
t 117 127 41 53
t 39 117 127 118
t 127 53 118 128
t 39 118 41 53
t 39 53 127 51
t 39 127 118 53
t 41 118 128 43
t 118 53 128 65
t 118 43 119 65
t 118 128 43 65
t 41 118 128 119
t 128 65 119 129
t 41 119 43 65
t 41 65 128 53
t 41 128 119 65
t 43 119 129 120
t 119 65 129 130
t 119 120 121 130
t 119 129 120 130
t 43 119 129 121
t 129 130 121 131
t 43 121 120 130
t 43 130 129 65
t 43 129 121 130
t 122 123 133 45
t 123 132 133 55
t 123 45 124 55
t 123 133 45 55
t 122 123 133 124
t 133 55 124 134
t 122 124 45 55
t 122 55 133 132
t 122 133 124 55
t 45 124 134 47
t 124 55 134 57
t 124 47 125 57
t 124 134 47 57
t 45 124 134 125
t 134 57 125 135
t 45 125 47 57
t 45 57 134 55
t 45 134 125 57
t 47 125 135 49
t 125 57 135 59
t 125 49 126 59
t 125 135 49 59
t 47 125 135 126
t 135 59 126 136
t 47 126 49 59
t 47 59 135 57
t 47 135 126 59
t 49 126 136 51
t 126 59 136 61
t 126 51 127 61
t 126 136 51 61
t 49 126 136 127
t 136 61 127 137
t 49 127 51 61
t 49 61 136 59
t 49 136 127 61
t 51 127 137 53
t 127 61 137 63
t 127 53 128 63
t 127 137 53 63
t 51 127 137 128
t 137 63 128 138
t 51 128 53 63
t 51 63 137 61
t 51 137 128 63
t 53 128 138 65
t 128 63 138 67
t 128 65 129 67
t 128 138 65 67
t 53 128 138 129
t 138 67 129 139
t 53 129 65 67
t 53 67 138 63
t 53 138 129 67
t 65 129 139 130
t 129 67 139 140
t 129 130 131 140
t 129 139 130 140
t 65 129 139 131
t 139 140 131 141
t 65 131 130 140
t 65 140 139 67
t 65 139 131 140
t 55 134 143 57
t 134 142 143 144
t 134 57 135 144
t 134 143 57 144
t 55 134 143 135
t 143 144 135 145
t 55 135 57 144
t 55 144 143 142
t 55 143 135 144
t 57 135 145 59
t 135 144 145 146
t 135 59 136 146
t 135 145 59 146
t 57 135 145 136
t 145 146 136 147
t 57 136 59 146
t 57 146 145 144
t 57 145 136 146
t 59 136 147 61
t 136 146 147 148
t 136 61 137 148
t 136 147 61 148
t 59 136 147 137
t 147 148 137 149
t 59 137 61 148
t 59 148 147 146
t 59 147 137 148
t 61 137 149 63
t 137 148 149 150
t 137 63 138 150
t 137 149 63 150
t 61 137 149 138
t 149 150 138 151
t 61 138 63 150
t 61 150 149 148
t 61 149 138 150
t 63 138 151 67
t 138 150 151 152
t 138 67 139 152
t 138 151 67 152
t 63 138 151 139
t 151 152 139 153
t 63 139 67 152
t 63 152 151 150
t 63 151 139 152
t 69 154 155 73
t 154 71 155 74
t 154 73 156 74
t 154 155 73 74
t 69 154 155 156
t 155 74 156 157
t 69 156 73 74
t 69 74 155 71
t 69 155 156 74
t 73 156 157 76
t 156 74 157 77
t 156 76 158 77
t 156 157 76 77
t 73 156 157 158
t 157 77 158 159
t 73 158 76 77
t 73 77 157 74
t 73 157 158 77
t 76 158 159 79
t 158 77 159 80
t 158 79 160 80
t 158 159 79 80
t 76 158 159 160
t 159 80 160 161
t 76 160 79 80
t 76 80 159 77
t 76 159 160 80
t 79 160 161 82
t 160 80 161 83
t 160 82 162 83
t 160 161 82 83
t 79 160 161 162
t 161 83 162 163
t 79 162 82 83
t 79 83 161 80
t 79 161 162 83
t 82 162 163 85
t 162 83 163 86
t 162 85 164 86
t 162 163 85 86
t 82 162 163 164
t 163 86 164 165
t 82 164 85 86
t 82 86 163 83
t 82 163 164 86
t 85 164 165 166
t 164 86 165 99
t 164 166 167 99
t 164 165 166 99
t 85 164 165 167
t 165 99 167 168
t 85 167 166 99
t 85 99 165 86
t 85 165 167 99
t 88 169 170 71
t 169 90 170 92
t 169 71 155 92
t 169 170 71 92
t 88 169 170 155
t 170 92 155 171
t 88 155 71 92
t 88 92 170 90
t 88 170 155 92
t 71 155 171 74
t 155 92 171 93
t 155 74 157 93
t 155 171 74 93
t 71 155 171 157
t 171 93 157 172
t 71 157 74 93
t 71 93 171 92
t 71 171 157 93
t 74 157 172 77
t 157 93 172 94
t 157 77 159 94
t 157 172 77 94
t 74 157 172 159
t 172 94 159 173
t 74 159 77 94
t 74 94 172 93
t 74 172 159 94
t 77 159 173 80
t 159 94 173 95
t 159 80 161 95
t 159 173 80 95
t 77 159 173 161
t 173 95 161 174
t 77 161 80 95
t 77 95 173 94
t 77 173 161 95
t 80 161 174 83
t 161 95 174 96
t 161 83 163 96
t 161 174 83 96
t 80 161 174 163
t 174 96 163 175
t 80 163 83 96
t 80 96 174 95
t 80 174 163 96
t 83 163 175 86
t 163 96 175 97
t 163 86 165 97
t 163 175 86 97
t 83 163 175 165
t 175 97 165 176
t 83 165 86 97
t 83 97 175 96
t 83 175 165 97
t 86 165 176 99
t 165 97 176 101
t 165 99 168 101
t 165 176 99 101
t 86 165 176 168
t 176 101 168 177
t 86 168 99 101
t 86 101 176 97
t 86 176 168 101
t 178 179 181 90
t 179 180 181 103
t 179 90 170 103
t 179 181 90 103
t 178 179 181 170
t 181 103 170 182
t 178 170 90 103
t 178 103 181 180
t 178 181 170 103
t 90 170 182 92
t 170 103 182 104
t 170 92 171 104
t 170 182 92 104
t 90 170 182 171
t 182 104 171 183
t 90 171 92 104
t 90 104 182 103
t 90 182 171 104
t 92 171 183 93
t 171 104 183 105
t 171 93 172 105
t 171 183 93 105
t 92 171 183 172
t 183 105 172 184
t 92 172 93 105
t 92 105 183 104
t 92 183 172 105
t 93 172 184 94
t 172 105 184 106
t 172 94 173 106
t 172 184 94 106
t 93 172 184 173
t 184 106 173 185
t 93 173 94 106
t 93 106 184 105
t 93 184 173 106
t 94 173 185 95
t 173 106 185 107
t 173 95 174 107
t 173 185 95 107
t 94 173 185 174
t 185 107 174 186
t 94 174 95 107
t 94 107 185 106
t 94 185 174 107
t 95 174 186 96
t 174 107 186 108
t 174 96 175 108
t 174 186 96 108
t 95 174 186 175
t 186 108 175 187
t 95 175 96 108
t 95 108 186 107
t 95 186 175 108
t 96 175 187 97
t 175 108 187 109
t 175 97 176 109
t 175 187 97 109
t 96 175 187 176
t 187 109 176 188
t 96 176 97 109
t 96 109 187 108
t 96 187 176 109
t 97 176 188 101
t 176 109 188 111
t 176 101 177 111
t 176 188 101 111
t 97 176 188 177
t 188 111 177 189
t 97 177 101 111
t 97 111 188 109
t 97 188 177 111
t 101 177 189 190
t 177 111 189 192
t 177 190 191 192
t 177 189 190 192
t 101 177 189 191
t 189 192 191 193
t 101 191 190 192
t 101 192 189 111
t 101 189 191 192
t 180 181 195 103
t 181 194 195 113
t 181 103 182 113
t 181 195 103 113
t 180 181 195 182
t 195 113 182 196
t 180 182 103 113
t 180 113 195 194
t 180 195 182 113
t 103 182 196 104
t 182 113 196 114
t 182 104 183 114
t 182 196 104 114
t 103 182 196 183
t 196 114 183 197
t 103 183 104 114
t 103 114 196 113
t 103 196 183 114
t 104 183 197 105
t 183 114 197 115
t 183 105 184 115
t 183 197 105 115
t 104 183 197 184
t 197 115 184 198
t 104 184 105 115
t 104 115 197 114
t 104 197 184 115
t 105 184 198 106
t 184 115 198 116
t 184 106 185 116
t 184 198 106 116
t 105 184 198 185
t 198 116 185 199
t 105 185 106 116
t 105 116 198 115
t 105 198 185 116
t 106 185 199 107
t 185 116 199 117
t 185 107 186 117
t 185 199 107 117
t 106 185 199 186
t 199 117 186 200
t 106 186 107 117
t 106 117 199 116
t 106 199 186 117
t 107 186 200 108
t 186 117 200 118
t 186 108 187 118
t 186 200 108 118
t 107 186 200 187
t 200 118 187 201
t 107 187 108 118
t 107 118 200 117
t 107 200 187 118
t 108 187 201 109
t 187 118 201 119
t 187 109 188 119
t 187 201 109 119
t 108 187 201 188
t 201 119 188 202
t 108 188 109 119
t 108 119 201 118
t 108 201 188 119
t 109 188 202 111
t 188 119 202 121
t 188 111 189 121
t 188 202 111 121
t 109 188 202 189
t 202 121 189 203
t 109 189 111 121
t 109 121 202 119
t 109 202 189 121
t 111 189 203 192
t 189 121 203 204
t 189 192 193 204
t 189 203 192 204
t 111 189 203 193
t 203 204 193 205
t 111 193 192 204
t 111 204 203 121
t 111 203 193 204
t 194 195 207 113
t 195 206 207 123
t 195 113 196 123
t 195 207 113 123
t 194 195 207 196
t 207 123 196 208
t 194 196 113 123
t 194 123 207 206
t 194 207 196 123
t 113 196 208 114
t 196 123 208 124
t 196 114 197 124
t 196 208 114 124
t 113 196 208 197
t 208 124 197 209
t 113 197 114 124
t 113 124 208 123
t 113 208 197 124
t 114 197 209 115
t 197 124 209 125
t 197 115 198 125
t 197 209 115 125
t 114 197 209 198
t 209 125 198 210
t 114 198 115 125
t 114 125 209 124
t 114 209 198 125
t 115 198 210 116
t 198 125 210 126
t 198 116 199 126
t 198 210 116 126
t 115 198 210 199
t 210 126 199 211
t 115 199 116 126
t 115 126 210 125
t 115 210 199 126
t 116 199 211 117
t 199 126 211 127
t 199 117 200 127
t 199 211 117 127
t 116 199 211 200
t 211 127 200 212
t 116 200 117 127
t 116 127 211 126
t 116 211 200 127
t 117 200 212 118
t 200 127 212 128
t 200 118 201 128
t 200 212 118 128
t 117 200 212 201
t 212 128 201 213
t 117 201 118 128
t 117 128 212 127
t 117 212 201 128
t 118 201 213 119
t 201 128 213 129
t 201 119 202 129
t 201 213 119 129
t 118 201 213 202
t 213 129 202 214
t 118 202 119 129
t 118 129 213 128
t 118 213 202 129
t 119 202 214 121
t 202 129 214 131
t 202 121 203 131
t 202 214 121 131
t 119 202 214 203
t 214 131 203 215
t 119 203 121 131
t 119 131 214 129
t 119 214 203 131
t 121 203 215 204
t 203 131 215 216
t 203 204 205 216
t 203 215 204 216
t 121 203 215 205
t 215 216 205 217
t 121 205 204 216
t 121 216 215 131
t 121 215 205 216
t 206 207 219 123
t 207 218 219 133
t 207 123 208 133
t 207 219 123 133
t 206 207 219 208
t 219 133 208 220
t 206 208 123 133
t 206 133 219 218
t 206 219 208 133
t 123 208 220 124
t 208 133 220 134
t 208 124 209 134
t 208 220 124 134
t 123 208 220 209
t 220 134 209 221
t 123 209 124 134
t 123 134 220 133
t 123 220 209 134
t 124 209 221 125
t 209 134 221 135
t 209 125 210 135
t 209 221 125 135
t 124 209 221 210
t 221 135 210 222
t 124 210 125 135
t 124 135 221 134
t 124 221 210 135
t 125 210 222 126
t 210 135 222 136
t 210 126 211 136
t 210 222 126 136
t 125 210 222 211
t 222 136 211 223
t 125 211 126 136
t 125 136 222 135
t 125 222 211 136
t 126 211 223 127
t 211 136 223 137
t 211 127 212 137
t 211 223 127 137
t 126 211 223 212
t 223 137 212 224
t 126 212 127 137
t 126 137 223 136
t 126 223 212 137
t 127 212 224 128
t 212 137 224 138
t 212 128 213 138
t 212 224 128 138
t 127 212 224 213
t 224 138 213 225
t 127 213 128 138
t 127 138 224 137
t 127 224 213 138
t 128 213 225 129
t 213 138 225 139
t 213 129 214 139
t 213 225 129 139
t 128 213 225 214
t 225 139 214 226
t 128 214 129 139
t 128 139 225 138
t 128 225 214 139
t 129 214 226 131
t 214 139 226 141
t 214 131 215 141
t 214 226 131 141
t 129 214 226 215
t 226 141 215 227
t 129 215 131 141
t 129 141 226 139
t 129 226 215 141
t 133 220 229 134
t 220 228 229 143
t 220 134 221 143
t 220 229 134 143
t 133 220 229 221
t 229 143 221 230
t 133 221 134 143
t 133 143 229 228
t 133 229 221 143
t 134 221 230 135
t 221 143 230 145
t 221 135 222 145
t 221 230 135 145
t 134 221 230 222
t 230 145 222 231
t 134 222 135 145
t 134 145 230 143
t 134 230 222 145
t 135 222 231 136
t 222 145 231 147
t 222 136 223 147
t 222 231 136 147
t 135 222 231 223
t 231 147 223 232
t 135 223 136 147
t 135 147 231 145
t 135 231 223 147
t 136 223 232 137
t 223 147 232 149
t 223 137 224 149
t 223 232 137 149
t 136 223 232 224
t 232 149 224 233
t 136 224 137 149
t 136 149 232 147
t 136 232 224 149
t 137 224 233 138
t 224 149 233 151
t 224 138 225 151
t 224 233 138 151
t 137 224 233 225
t 233 151 225 234
t 137 225 138 151
t 137 151 233 149
t 137 233 225 151
t 138 225 234 139
t 225 151 234 153
t 225 139 226 153
t 225 234 139 153
t 138 225 234 226
t 234 153 226 235
t 138 226 139 153
t 138 153 234 151
t 138 234 226 153
t 139 226 235 141
t 226 153 235 236
t 226 141 227 236
t 226 235 141 236
t 139 226 235 227
t 235 236 227 237
t 139 227 141 236
t 139 236 235 153
t 139 235 227 236
t 145 231 239 147
t 231 238 239 240
t 231 147 232 240
t 231 239 147 240
t 145 231 239 232
t 239 240 232 241
t 145 232 147 240
t 145 240 239 238
t 145 239 232 240
t 147 232 241 149
t 232 240 241 242
t 232 149 233 242
t 232 241 149 242
t 147 232 241 233
t 241 242 233 243
t 147 233 149 242
t 147 242 241 240
t 147 241 233 242
t 149 233 243 151
t 233 242 243 244
t 233 151 234 244
t 233 243 151 244
t 149 233 243 234
t 243 244 234 245
t 149 234 151 244
t 149 244 243 242
t 149 243 234 244
t 151 234 245 153
t 234 244 245 246
t 234 153 235 246
t 234 245 153 246
t 151 234 245 235
t 245 246 235 247
t 151 235 153 246
t 151 246 245 244
t 151 245 235 246
t 248 249 250 154
t 249 169 250 155
t 249 154 251 155
t 249 250 154 155
t 248 249 250 251
t 250 155 251 252
t 248 251 154 155
t 248 155 250 169
t 248 250 251 155
t 154 251 252 156
t 251 155 252 157
t 251 156 253 157
t 251 252 156 157
t 154 251 252 253
t 252 157 253 254
t 154 253 156 157
t 154 157 252 155
t 154 252 253 157
t 156 253 254 158
t 253 157 254 159
t 253 158 255 159
t 253 254 158 159
t 156 253 254 255
t 254 159 255 256
t 156 255 158 159
t 156 159 254 157
t 156 254 255 159
t 158 255 256 160
t 255 159 256 161
t 255 160 257 161
t 255 256 160 161
t 158 255 256 257
t 256 161 257 258
t 158 257 160 161
t 158 161 256 159
t 158 256 257 161
t 160 257 258 162
t 257 161 258 163
t 257 162 259 163
t 257 258 162 163
t 160 257 258 259
t 258 163 259 260
t 160 259 162 163
t 160 163 258 161
t 160 258 259 163
t 162 259 260 164
t 259 163 260 165
t 259 164 261 165
t 259 260 164 165
t 162 259 260 261
t 260 165 261 262
t 162 261 164 165
t 162 165 260 163
t 162 260 261 165
t 164 261 262 167
t 261 165 262 168
t 261 167 263 168
t 261 262 167 168
t 164 261 262 263
t 262 168 263 264
t 164 263 167 168
t 164 168 262 165
t 164 262 263 168
t 265 266 267 169
t 266 179 267 170
t 266 169 250 170
t 266 267 169 170
t 265 266 267 250
t 267 170 250 268
t 265 250 169 170
t 265 170 267 179
t 265 267 250 170
t 169 250 268 155
t 250 170 268 171
t 250 155 252 171
t 250 268 155 171
t 169 250 268 252
t 268 171 252 269
t 169 252 155 171
t 169 171 268 170
t 169 268 252 171
t 155 252 269 157
t 252 171 269 172
t 252 157 254 172
t 252 269 157 172
t 155 252 269 254
t 269 172 254 270
t 155 254 157 172
t 155 172 269 171
t 155 269 254 172
t 157 254 270 159
t 254 172 270 173
t 254 159 256 173
t 254 270 159 173
t 157 254 270 256
t 270 173 256 271
t 157 256 159 173
t 157 173 270 172
t 157 270 256 173
t 159 256 271 161
t 256 173 271 174
t 256 161 258 174
t 256 271 161 174
t 159 256 271 258
t 271 174 258 272
t 159 258 161 174
t 159 174 271 173
t 159 271 258 174
t 161 258 272 163
t 258 174 272 175
t 258 163 260 175
t 258 272 163 175
t 161 258 272 260
t 272 175 260 273
t 161 260 163 175
t 161 175 272 174
t 161 272 260 175
t 163 260 273 165
t 260 175 273 176
t 260 165 262 176
t 260 273 165 176
t 163 260 273 262
t 273 176 262 274
t 163 262 165 176
t 163 176 273 175
t 163 273 262 176
t 165 262 274 168
t 262 176 274 177
t 262 168 264 177
t 262 274 168 177
t 165 262 274 264
t 274 177 264 275
t 165 264 168 177
t 165 177 274 176
t 165 274 264 177
t 168 264 275 276
t 264 177 275 191
t 264 276 277 191
t 264 275 276 191
t 168 264 275 277
t 275 191 277 278
t 168 277 276 191
t 168 191 275 177
t 168 275 277 191
t 279 280 282 179
t 280 281 282 181
t 280 179 267 181
t 280 282 179 181
t 279 280 282 267
t 282 181 267 283
t 279 267 179 181
t 279 181 282 281
t 279 282 267 181
t 179 267 283 170
t 267 181 283 182
t 267 170 268 182
t 267 283 170 182
t 179 267 283 268
t 283 182 268 284
t 179 268 170 182
t 179 182 283 181
t 179 283 268 182
t 170 268 284 171
t 268 182 284 183
t 268 171 269 183
t 268 284 171 183
t 170 268 284 269
t 284 183 269 285
t 170 269 171 183
t 170 183 284 182
t 170 284 269 183
t 171 269 285 172
t 269 183 285 184
t 269 172 270 184
t 269 285 172 184
t 171 269 285 270
t 285 184 270 286
t 171 270 172 184
t 171 184 285 183
t 171 285 270 184
t 172 270 286 173
t 270 184 286 185
t 270 173 271 185
t 270 286 173 185
t 172 270 286 271
t 286 185 271 287
t 172 271 173 185
t 172 185 286 184
t 172 286 271 185
t 173 271 287 174
t 271 185 287 186
t 271 174 272 186
t 271 287 174 186
t 173 271 287 272
t 287 186 272 288
t 173 272 174 186
t 173 186 287 185
t 173 287 272 186
t 174 272 288 175
t 272 186 288 187
t 272 175 273 187
t 272 288 175 187
t 174 272 288 273
t 288 187 273 289
t 174 273 175 187
t 174 187 288 186
t 174 288 273 187
t 175 273 289 176
t 273 187 289 188
t 273 176 274 188
t 273 289 176 188
t 175 273 289 274
t 289 188 274 290
t 175 274 176 188
t 175 188 289 187
t 175 289 274 188
t 176 274 290 177
t 274 188 290 189
t 274 177 275 189
t 274 290 177 189
t 176 274 290 275
t 290 189 275 291
t 176 275 177 189
t 176 189 290 188
t 176 290 275 189
t 177 275 291 191
t 275 189 291 193
t 275 191 278 193
t 275 291 191 193
t 177 275 291 278
t 291 193 278 292
t 177 278 191 193
t 177 193 291 189
t 177 291 278 193
t 281 282 294 181
t 282 293 294 195
t 282 181 283 195
t 282 294 181 195
t 281 282 294 283
t 294 195 283 295
t 281 283 181 195
t 281 195 294 293
t 281 294 283 195
t 181 283 295 182
t 283 195 295 196
t 283 182 284 196
t 283 295 182 196
t 181 283 295 284
t 295 196 284 296
t 181 284 182 196
t 181 196 295 195
t 181 295 284 196
t 182 284 296 183
t 284 196 296 197
t 284 183 285 197
t 284 296 183 197
t 182 284 296 285
t 296 197 285 297
t 182 285 183 197
t 182 197 296 196
t 182 296 285 197
t 183 285 297 184
t 285 197 297 198
t 285 184 286 198
t 285 297 184 198
t 183 285 297 286
t 297 198 286 298
t 183 286 184 198
t 183 198 297 197
t 183 297 286 198
t 184 286 298 185
t 286 198 298 199
t 286 185 287 199
t 286 298 185 199
t 184 286 298 287
t 298 199 287 299
t 184 287 185 199
t 184 199 298 198
t 184 298 287 199
t 185 287 299 186
t 287 199 299 200
t 287 186 288 200
t 287 299 186 200
t 185 287 299 288
t 299 200 288 300
t 185 288 186 200
t 185 200 299 199
t 185 299 288 200
t 186 288 300 187
t 288 200 300 201
t 288 187 289 201
t 288 300 187 201
t 186 288 300 289
t 300 201 289 301
t 186 289 187 201
t 186 201 300 200
t 186 300 289 201
t 187 289 301 188
t 289 201 301 202
t 289 188 290 202
t 289 301 188 202
t 187 289 301 290
t 301 202 290 302
t 187 290 188 202
t 187 202 301 201
t 187 301 290 202
t 188 290 302 189
t 290 202 302 203
t 290 189 291 203
t 290 302 189 203
t 188 290 302 291
t 302 203 291 303
t 188 291 189 203
t 188 203 302 202
t 188 302 291 203
t 189 291 303 193
t 291 203 303 205
t 291 193 292 205
t 291 303 193 205
t 189 291 303 292
t 303 205 292 304
t 189 292 193 205
t 189 205 303 203
t 189 303 292 205
t 293 294 306 195
t 294 305 306 207
t 294 195 295 207
t 294 306 195 207
t 293 294 306 295
t 306 207 295 307
t 293 295 195 207
t 293 207 306 305
t 293 306 295 207
t 195 295 307 196
t 295 207 307 208
t 295 196 296 208
t 295 307 196 208
t 195 295 307 296
t 307 208 296 308
t 195 296 196 208
t 195 208 307 207
t 195 307 296 208
t 196 296 308 197
t 296 208 308 209
t 296 197 297 209
t 296 308 197 209
t 196 296 308 297
t 308 209 297 309
t 196 297 197 209
t 196 209 308 208
t 196 308 297 209
t 197 297 309 198
t 297 209 309 210
t 297 198 298 210
t 297 309 198 210
t 197 297 309 298
t 309 210 298 310
t 197 298 198 210
t 197 210 309 209
t 197 309 298 210
t 198 298 310 199
t 298 210 310 211
t 298 199 299 211
t 298 310 199 211
t 198 298 310 299
t 310 211 299 311
t 198 299 199 211
t 198 211 310 210
t 198 310 299 211
t 199 299 311 200
t 299 211 311 212
t 299 200 300 212
t 299 311 200 212
t 199 299 311 300
t 311 212 300 312
t 199 300 200 212
t 199 212 311 211
t 199 311 300 212
t 200 300 312 201
t 300 212 312 213
t 300 201 301 213
t 300 312 201 213
t 200 300 312 301
t 312 213 301 313
t 200 301 201 213
t 200 213 312 212
t 200 312 301 213
t 201 301 313 202
t 301 213 313 214
t 301 202 302 214
t 301 313 202 214
t 201 301 313 302
t 313 214 302 314
t 201 302 202 214
t 201 214 313 213
t 201 313 302 214
t 202 302 314 203
t 302 214 314 215
t 302 203 303 215
t 302 314 203 215
t 202 302 314 303
t 314 215 303 315
t 202 303 203 215
t 202 215 314 214
t 202 314 303 215
t 203 303 315 205
t 303 215 315 217
t 303 205 304 217
t 303 315 205 217
t 203 303 315 304
t 315 217 304 316
t 203 304 205 217
t 203 217 315 215
t 203 315 304 217
t 305 306 318 207
t 306 317 318 219
t 306 207 307 219
t 306 318 207 219
t 305 306 318 307
t 318 219 307 319
t 305 307 207 219
t 305 219 318 317
t 305 318 307 219
t 207 307 319 208
t 307 219 319 220
t 307 208 308 220
t 307 319 208 220
t 207 307 319 308
t 319 220 308 320
t 207 308 208 220
t 207 220 319 219
t 207 319 308 220
t 208 308 320 209
t 308 220 320 221
t 308 209 309 221
t 308 320 209 221
t 208 308 320 309
t 320 221 309 321
t 208 309 209 221
t 208 221 320 220
t 208 320 309 221
t 209 309 321 210
t 309 221 321 222
t 309 210 310 222
t 309 321 210 222
t 209 309 321 310
t 321 222 310 322
t 209 310 210 222
t 209 222 321 221
t 209 321 310 222
t 210 310 322 211
t 310 222 322 223
t 310 211 311 223
t 310 322 211 223
t 210 310 322 311
t 322 223 311 323
t 210 311 211 223
t 210 223 322 222
t 210 322 311 223
t 211 311 323 212
t 311 223 323 224
t 311 212 312 224
t 311 323 212 224
t 211 311 323 312
t 323 224 312 324
t 211 312 212 224
t 211 224 323 223
t 211 323 312 224
t 212 312 324 213
t 312 224 324 225
t 312 213 313 225
t 312 324 213 225
t 212 312 324 313
t 324 225 313 325
t 212 313 213 225
t 212 225 324 224
t 212 324 313 225
t 213 313 325 214
t 313 225 325 226
t 313 214 314 226
t 313 325 214 226
t 213 313 325 314
t 325 226 314 326
t 213 314 214 226
t 213 226 325 225
t 213 325 314 226
t 214 314 326 215
t 314 226 326 227
t 314 215 315 227
t 314 326 215 227
t 214 314 326 315
t 326 227 315 327
t 214 315 215 227
t 214 227 326 226
t 214 326 315 227
t 215 315 327 217
t 315 227 327 328
t 315 217 316 328
t 315 327 217 328
t 215 315 327 316
t 327 328 316 329
t 215 316 217 328
t 215 328 327 227
t 215 327 316 328
t 219 319 331 220
t 319 330 331 229
t 319 220 320 229
t 319 331 220 229
t 219 319 331 320
t 331 229 320 332
t 219 320 220 229
t 219 229 331 330
t 219 331 320 229
t 220 320 332 221
t 320 229 332 230
t 320 221 321 230
t 320 332 221 230
t 220 320 332 321
t 332 230 321 333
t 220 321 221 230
t 220 230 332 229
t 220 332 321 230
t 221 321 333 222
t 321 230 333 231
t 321 222 322 231
t 321 333 222 231
t 221 321 333 322
t 333 231 322 334
t 221 322 222 231
t 221 231 333 230
t 221 333 322 231
t 222 322 334 223
t 322 231 334 232
t 322 223 323 232
t 322 334 223 232
t 222 322 334 323
t 334 232 323 335
t 222 323 223 232
t 222 232 334 231
t 222 334 323 232
t 223 323 335 224
t 323 232 335 233
t 323 224 324 233
t 323 335 224 233
t 223 323 335 324
t 335 233 324 336
t 223 324 224 233
t 223 233 335 232
t 223 335 324 233
t 224 324 336 225
t 324 233 336 234
t 324 225 325 234
t 324 336 225 234
t 224 324 336 325
t 336 234 325 337
t 224 325 225 234
t 224 234 336 233
t 224 336 325 234
t 225 325 337 226
t 325 234 337 235
t 325 226 326 235
t 325 337 226 235
t 225 325 337 326
t 337 235 326 338
t 225 326 226 235
t 225 235 337 234
t 225 337 326 235
t 226 326 338 227
t 326 235 338 237
t 326 227 327 237
t 326 338 227 237
t 226 326 338 327
t 338 237 327 339
t 226 327 227 237
t 226 237 338 235
t 226 338 327 237
t 227 327 339 328
t 327 237 339 340
t 327 328 329 340
t 327 339 328 340
t 227 327 339 329
t 339 340 329 341
t 227 329 328 340
t 227 340 339 237
t 227 339 329 340
t 230 333 343 231
t 333 342 343 239
t 333 231 334 239
t 333 343 231 239
t 230 333 343 334
t 343 239 334 344
t 230 334 231 239
t 230 239 343 342
t 230 343 334 239
t 231 334 344 232
t 334 239 344 241
t 334 232 335 241
t 334 344 232 241
t 231 334 344 335
t 344 241 335 345
t 231 335 232 241
t 231 241 344 239
t 231 344 335 241
t 232 335 345 233
t 335 241 345 243
t 335 233 336 243
t 335 345 233 243
t 232 335 345 336
t 345 243 336 346
t 232 336 233 243
t 232 243 345 241
t 232 345 336 243
t 233 336 346 234
t 336 243 346 245
t 336 234 337 245
t 336 346 234 245
t 233 336 346 337
t 346 245 337 347
t 233 337 234 245
t 233 245 346 243
t 233 346 337 245
t 234 337 347 235
t 337 245 347 247
t 337 235 338 247
t 337 347 235 247
t 234 337 347 338
t 347 247 338 348
t 234 338 235 247
t 234 247 347 245
t 234 347 338 247
t 235 338 348 237
t 338 247 348 349
t 338 237 339 349
t 338 348 237 349
t 235 338 348 339
t 348 349 339 350
t 235 339 237 349
t 235 349 348 247
t 235 348 339 349
t 249 351 352 251
t 351 250 352 252
t 351 251 353 252
t 351 352 251 252
t 249 351 352 353
t 352 252 353 354
t 249 353 251 252
t 249 252 352 250
t 249 352 353 252
t 251 353 354 253
t 353 252 354 254
t 353 253 355 254
t 353 354 253 254
t 251 353 354 355
t 354 254 355 356
t 251 355 253 254
t 251 254 354 252
t 251 354 355 254
t 253 355 356 255
t 355 254 356 256
t 355 255 357 256
t 355 356 255 256
t 253 355 356 357
t 356 256 357 358
t 253 357 255 256
t 253 256 356 254
t 253 356 357 256
t 255 357 358 257
t 357 256 358 258
t 357 257 359 258
t 357 358 257 258
t 255 357 358 359
t 358 258 359 360
t 255 359 257 258
t 255 258 358 256
t 255 358 359 258
t 257 359 360 259
t 359 258 360 260
t 359 259 361 260
t 359 360 259 260
t 257 359 360 361
t 360 260 361 362
t 257 361 259 260
t 257 260 360 258
t 257 360 361 260
t 259 361 362 261
t 361 260 362 262
t 361 261 363 262
t 361 362 261 262
t 259 361 362 363
t 362 262 363 364
t 259 363 261 262
t 259 262 362 260
t 259 362 363 262
t 261 363 364 263
t 363 262 364 264
t 363 263 365 264
t 363 364 263 264
t 261 363 364 365
t 364 264 365 366
t 261 365 263 264
t 261 264 364 262
t 261 364 365 264
t 266 367 368 250
t 367 267 368 268
t 367 250 352 268
t 367 368 250 268
t 266 367 368 352
t 368 268 352 369
t 266 352 250 268
t 266 268 368 267
t 266 368 352 268
t 250 352 369 252
t 352 268 369 269
t 352 252 354 269
t 352 369 252 269
t 250 352 369 354
t 369 269 354 370
t 250 354 252 269
t 250 269 369 268
t 250 369 354 269
t 252 354 370 254
t 354 269 370 270
t 354 254 356 270
t 354 370 254 270
t 252 354 370 356
t 370 270 356 371
t 252 356 254 270
t 252 270 370 269
t 252 370 356 270
t 254 356 371 256
t 356 270 371 271
t 356 256 358 271
t 356 371 256 271
t 254 356 371 358
t 371 271 358 372
t 254 358 256 271
t 254 271 371 270
t 254 371 358 271
t 256 358 372 258
t 358 271 372 272
t 358 258 360 272
t 358 372 258 272
t 256 358 372 360
t 372 272 360 373
t 256 360 258 272
t 256 272 372 271
t 256 372 360 272
t 258 360 373 260
t 360 272 373 273
t 360 260 362 273
t 360 373 260 273
t 258 360 373 362
t 373 273 362 374
t 258 362 260 273
t 258 273 373 272
t 258 373 362 273
t 260 362 374 262
t 362 273 374 274
t 362 262 364 274
t 362 374 262 274
t 260 362 374 364
t 374 274 364 375
t 260 364 262 274
t 260 274 374 273
t 260 374 364 274
t 262 364 375 264
t 364 274 375 275
t 364 264 366 275
t 364 375 264 275
t 262 364 375 366
t 375 275 366 376
t 262 366 264 275
t 262 275 375 274
t 262 375 366 275
t 267 368 377 268
t 368 283 377 284
t 368 268 369 284
t 368 377 268 284
t 267 368 377 369
t 377 284 369 378
t 267 369 268 284
t 267 284 377 283
t 267 377 369 284
t 268 369 378 269
t 369 284 378 285
t 369 269 370 285
t 369 378 269 285
t 268 369 378 370
t 378 285 370 379
t 268 370 269 285
t 268 285 378 284
t 268 378 370 285
t 269 370 379 270
t 370 285 379 286
t 370 270 371 286
t 370 379 270 286
t 269 370 379 371
t 379 286 371 380
t 269 371 270 286
t 269 286 379 285
t 269 379 371 286
t 270 371 380 271
t 371 286 380 287
t 371 271 372 287
t 371 380 271 287
t 270 371 380 372
t 380 287 372 381
t 270 372 271 287
t 270 287 380 286
t 270 380 372 287
t 271 372 381 272
t 372 287 381 288
t 372 272 373 288
t 372 381 272 288
t 271 372 381 373
t 381 288 373 382
t 271 373 272 288
t 271 288 381 287
t 271 381 373 288
t 272 373 382 273
t 373 288 382 289
t 373 273 374 289
t 373 382 273 289
t 272 373 382 374
t 382 289 374 383
t 272 374 273 289
t 272 289 382 288
t 272 382 374 289
t 273 374 383 274
t 374 289 383 290
t 374 274 375 290
t 374 383 274 290
t 273 374 383 375
t 383 290 375 384
t 273 375 274 290
t 273 290 383 289
t 273 383 375 290
t 274 375 384 275
t 375 290 384 291
t 375 275 376 291
t 375 384 275 291
t 274 375 384 376
t 384 291 376 385
t 274 376 275 291
t 274 291 384 290
t 274 384 376 291
t 275 376 385 278
t 376 291 385 292
t 376 278 386 292
t 376 385 278 292
t 275 376 385 386
t 385 292 386 387
t 275 386 278 292
t 275 292 385 291
t 275 385 386 292
t 282 388 389 283
t 388 294 389 295
t 388 283 377 295
t 388 389 283 295
t 282 388 389 377
t 389 295 377 390
t 282 377 283 295
t 282 295 389 294
t 282 389 377 295
t 283 377 390 284
t 377 295 390 296
t 377 284 378 296
t 377 390 284 296
t 283 377 390 378
t 390 296 378 391
t 283 378 284 296
t 283 296 390 295
t 283 390 378 296
t 284 378 391 285
t 378 296 391 297
t 378 285 379 297
t 378 391 285 297
t 284 378 391 379
t 391 297 379 392
t 284 379 285 297
t 284 297 391 296
t 284 391 379 297
t 285 379 392 286
t 379 297 392 298
t 379 286 380 298
t 379 392 286 298
t 285 379 392 380
t 392 298 380 393
t 285 380 286 298
t 285 298 392 297
t 285 392 380 298
t 286 380 393 287
t 380 298 393 299
t 380 287 381 299
t 380 393 287 299
t 286 380 393 381
t 393 299 381 394
t 286 381 287 299
t 286 299 393 298
t 286 393 381 299
t 287 381 394 288
t 381 299 394 300
t 381 288 382 300
t 381 394 288 300
t 287 381 394 382
t 394 300 382 395
t 287 382 288 300
t 287 300 394 299
t 287 394 382 300
t 288 382 395 289
t 382 300 395 301
t 382 289 383 301
t 382 395 289 301
t 288 382 395 383
t 395 301 383 396
t 288 383 289 301
t 288 301 395 300
t 288 395 383 301
t 289 383 396 290
t 383 301 396 302
t 383 290 384 302
t 383 396 290 302
t 289 383 396 384
t 396 302 384 397
t 289 384 290 302
t 289 302 396 301
t 289 396 384 302
t 290 384 397 291
t 384 302 397 303
t 384 291 385 303
t 384 397 291 303
t 290 384 397 385
t 397 303 385 398
t 290 385 291 303
t 290 303 397 302
t 290 397 385 303
t 291 385 398 292
t 385 303 398 304
t 385 292 387 304
t 385 398 292 304
t 291 385 398 387
t 398 304 387 399
t 291 387 292 304
t 291 304 398 303
t 291 398 387 304
t 294 389 400 295
t 389 306 400 307
t 389 295 390 307
t 389 400 295 307
t 294 389 400 390
t 400 307 390 401
t 294 390 295 307
t 294 307 400 306
t 294 400 390 307
t 295 390 401 296
t 390 307 401 308
t 390 296 391 308
t 390 401 296 308
t 295 390 401 391
t 401 308 391 402
t 295 391 296 308
t 295 308 401 307
t 295 401 391 308
t 296 391 402 297
t 391 308 402 309
t 391 297 392 309
t 391 402 297 309
t 296 391 402 392
t 402 309 392 403
t 296 392 297 309
t 296 309 402 308
t 296 402 392 309
t 297 392 403 298
t 392 309 403 310
t 392 298 393 310
t 392 403 298 310
t 297 392 403 393
t 403 310 393 404
t 297 393 298 310
t 297 310 403 309
t 297 403 393 310
t 298 393 404 299
t 393 310 404 311
t 393 299 394 311
t 393 404 299 311
t 298 393 404 394
t 404 311 394 405
t 298 394 299 311
t 298 311 404 310
t 298 404 394 311
t 299 394 405 300
t 394 311 405 312
t 394 300 395 312
t 394 405 300 312
t 299 394 405 395
t 405 312 395 406
t 299 395 300 312
t 299 312 405 311
t 299 405 395 312
t 300 395 406 301
t 395 312 406 313
t 395 301 396 313
t 395 406 301 313
t 300 395 406 396
t 406 313 396 407
t 300 396 301 313
t 300 313 406 312
t 300 406 396 313
t 301 396 407 302
t 396 313 407 314
t 396 302 397 314
t 396 407 302 314
t 301 396 407 397
t 407 314 397 408
t 301 397 302 314
t 301 314 407 313
t 301 407 397 314
t 302 397 408 303
t 397 314 408 315
t 397 303 398 315
t 397 408 303 315
t 302 397 408 398
t 408 315 398 409
t 302 398 303 315
t 302 315 408 314
t 302 408 398 315
t 303 398 409 304
t 398 315 409 316
t 398 304 399 316
t 398 409 304 316
t 303 398 409 399
t 409 316 399 410
t 303 399 304 316
t 303 316 409 315
t 303 409 399 316
t 307 401 411 308
t 401 319 411 320
t 401 308 402 320
t 401 411 308 320
t 307 401 411 402
t 411 320 402 412
t 307 402 308 320
t 307 320 411 319
t 307 411 402 320
t 308 402 412 309
t 402 320 412 321
t 402 309 403 321
t 402 412 309 321
t 308 402 412 403
t 412 321 403 413
t 308 403 309 321
t 308 321 412 320
t 308 412 403 321
t 309 403 413 310
t 403 321 413 322
t 403 310 404 322
t 403 413 310 322
t 309 403 413 404
t 413 322 404 414
t 309 404 310 322
t 309 322 413 321
t 309 413 404 322
t 310 404 414 311
t 404 322 414 323
t 404 311 405 323
t 404 414 311 323
t 310 404 414 405
t 414 323 405 415
t 310 405 311 323
t 310 323 414 322
t 310 414 405 323
t 311 405 415 312
t 405 323 415 324
t 405 312 406 324
t 405 415 312 324
t 311 405 415 406
t 415 324 406 416
t 311 406 312 324
t 311 324 415 323
t 311 415 406 324
t 312 406 416 313
t 406 324 416 325
t 406 313 407 325
t 406 416 313 325
t 312 406 416 407
t 416 325 407 417
t 312 407 313 325
t 312 325 416 324
t 312 416 407 325
t 313 407 417 314
t 407 325 417 326
t 407 314 408 326
t 407 417 314 326
t 313 407 417 408
t 417 326 408 418
t 313 408 314 326
t 313 326 417 325
t 313 417 408 326
t 314 408 418 315
t 408 326 418 327
t 408 315 409 327
t 408 418 315 327
t 314 408 418 409
t 418 327 409 419
t 314 409 315 327
t 314 327 418 326
t 314 418 409 327
t 315 409 419 316
t 409 327 419 329
t 409 316 410 329
t 409 419 316 329
t 315 409 419 410
t 419 329 410 420
t 315 410 316 329
t 315 329 419 327
t 315 419 410 329
t 319 411 421 320
t 411 331 421 332
t 411 320 412 332
t 411 421 320 332
t 319 411 421 412
t 421 332 412 422
t 319 412 320 332
t 319 332 421 331
t 319 421 412 332
t 320 412 422 321
t 412 332 422 333
t 412 321 413 333
t 412 422 321 333
t 320 412 422 413
t 422 333 413 423
t 320 413 321 333
t 320 333 422 332
t 320 422 413 333
t 321 413 423 322
t 413 333 423 334
t 413 322 414 334
t 413 423 322 334
t 321 413 423 414
t 423 334 414 424
t 321 414 322 334
t 321 334 423 333
t 321 423 414 334
t 322 414 424 323
t 414 334 424 335
t 414 323 415 335
t 414 424 323 335
t 322 414 424 415
t 424 335 415 425
t 322 415 323 335
t 322 335 424 334
t 322 424 415 335
t 323 415 425 324
t 415 335 425 336
t 415 324 416 336
t 415 425 324 336
t 323 415 425 416
t 425 336 416 426
t 323 416 324 336
t 323 336 425 335
t 323 425 416 336
t 324 416 426 325
t 416 336 426 337
t 416 325 417 337
t 416 426 325 337
t 324 416 426 417
t 426 337 417 427
t 324 417 325 337
t 324 337 426 336
t 324 426 417 337
t 325 417 427 326
t 417 337 427 338
t 417 326 418 338
t 417 427 326 338
t 325 417 427 418
t 427 338 418 428
t 325 418 326 338
t 325 338 427 337
t 325 427 418 338
t 326 418 428 327
t 418 338 428 339
t 418 327 419 339
t 418 428 327 339
t 326 418 428 419
t 428 339 419 429
t 326 419 327 339
t 326 339 428 338
t 326 428 419 339
t 327 419 429 329
t 419 339 429 341
t 419 329 420 341
t 419 429 329 341
t 327 419 429 420
t 429 341 420 430
t 327 420 329 341
t 327 341 429 339
t 327 429 420 341
t 333 423 431 334
t 423 343 431 344
t 423 334 424 344
t 423 431 334 344
t 333 423 431 424
t 431 344 424 432
t 333 424 334 344
t 333 344 431 343
t 333 431 424 344
t 334 424 432 335
t 424 344 432 345
t 424 335 425 345
t 424 432 335 345
t 334 424 432 425
t 432 345 425 433
t 334 425 335 345
t 334 345 432 344
t 334 432 425 345
t 335 425 433 336
t 425 345 433 346
t 425 336 426 346
t 425 433 336 346
t 335 425 433 426
t 433 346 426 434
t 335 426 336 346
t 335 346 433 345
t 335 433 426 346
t 336 426 434 337
t 426 346 434 347
t 426 337 427 347
t 426 434 337 347
t 336 426 434 427
t 434 347 427 435
t 336 427 337 347
t 336 347 434 346
t 336 434 427 347
t 337 427 435 338
t 427 347 435 348
t 427 338 428 348
t 427 435 338 348
t 337 427 435 428
t 435 348 428 436
t 337 428 338 348
t 337 348 435 347
t 337 435 428 348
t 338 428 436 339
t 428 348 436 350
t 428 339 429 350
t 428 436 339 350
t 338 428 436 429
t 436 350 429 437
t 338 429 339 350
t 338 350 436 348
t 338 436 429 350
t 353 438 439 355
t 438 354 439 356
t 438 355 440 356
t 438 439 355 356
t 353 438 439 440
t 439 356 440 441
t 353 440 355 356
t 353 356 439 354
t 353 439 440 356
t 355 440 441 357
t 440 356 441 358
t 440 357 442 358
t 440 441 357 358
t 355 440 441 442
t 441 358 442 443
t 355 442 357 358
t 355 358 441 356
t 355 441 442 358
t 357 442 443 359
t 442 358 443 360
t 442 359 444 360
t 442 443 359 360
t 357 442 443 444
t 443 360 444 445
t 357 444 359 360
t 357 360 443 358
t 357 443 444 360
t 359 444 445 361
t 444 360 445 362
t 444 361 446 362
t 444 445 361 362
t 359 444 445 446
t 445 362 446 447
t 359 446 361 362
t 359 362 445 360
t 359 445 446 362
t 361 446 447 363
t 446 362 447 364
t 446 363 448 364
t 446 447 363 364
t 361 446 447 448
t 447 364 448 449
t 361 448 363 364
t 361 364 447 362
t 361 447 448 364
t 363 448 449 365
t 448 364 449 366
t 448 365 450 366
t 448 449 365 366
t 363 448 449 450
t 449 366 450 451
t 363 450 365 366
t 363 366 449 364
t 363 449 450 366
t 352 452 453 354
t 452 369 453 370
t 452 354 439 370
t 452 453 354 370
t 352 452 453 439
t 453 370 439 454
t 352 439 354 370
t 352 370 453 369
t 352 453 439 370
t 354 439 454 356
t 439 370 454 371
t 439 356 441 371
t 439 454 356 371
t 354 439 454 441
t 454 371 441 455
t 354 441 356 371
t 354 371 454 370
t 354 454 441 371
t 356 441 455 358
t 441 371 455 372
t 441 358 443 372
t 441 455 358 372
t 356 441 455 443
t 455 372 443 456
t 356 443 358 372
t 356 372 455 371
t 356 455 443 372
t 358 443 456 360
t 443 372 456 373
t 443 360 445 373
t 443 456 360 373
t 358 443 456 445
t 456 373 445 457
t 358 445 360 373
t 358 373 456 372
t 358 456 445 373
t 360 445 457 362
t 445 373 457 374
t 445 362 447 374
t 445 457 362 374
t 360 445 457 447
t 457 374 447 458
t 360 447 362 374
t 360 374 457 373
t 360 457 447 374
t 362 447 458 364
t 447 374 458 375
t 447 364 449 375
t 447 458 364 375
t 362 447 458 449
t 458 375 449 459
t 362 449 364 375
t 362 375 458 374
t 362 458 449 375
t 364 449 459 366
t 449 375 459 376
t 449 366 451 376
t 449 459 366 376
t 364 449 459 451
t 459 376 451 460
t 364 451 366 376
t 364 376 459 375
t 364 459 451 376
t 368 461 462 369
t 461 377 462 378
t 461 369 453 378
t 461 462 369 378
t 368 461 462 453
t 462 378 453 463
t 368 453 369 378
t 368 378 462 377
t 368 462 453 378
t 369 453 463 370
t 453 378 463 379
t 453 370 454 379
t 453 463 370 379
t 369 453 463 454
t 463 379 454 464
t 369 454 370 379
t 369 379 463 378
t 369 463 454 379
t 370 454 464 371
t 454 379 464 380
t 454 371 455 380
t 454 464 371 380
t 370 454 464 455
t 464 380 455 465
t 370 455 371 380
t 370 380 464 379
t 370 464 455 380
t 371 455 465 372
t 455 380 465 381
t 455 372 456 381
t 455 465 372 381
t 371 455 465 456
t 465 381 456 466
t 371 456 372 381
t 371 381 465 380
t 371 465 456 381
t 372 456 466 373
t 456 381 466 382
t 456 373 457 382
t 456 466 373 382
t 372 456 466 457
t 466 382 457 467
t 372 457 373 382
t 372 382 466 381
t 372 466 457 382
t 373 457 467 374
t 457 382 467 383
t 457 374 458 383
t 457 467 374 383
t 373 457 467 458
t 467 383 458 468
t 373 458 374 383
t 373 383 467 382
t 373 467 458 383
t 374 458 468 375
t 458 383 468 384
t 458 375 459 384
t 458 468 375 384
t 374 458 468 459
t 468 384 459 469
t 374 459 375 384
t 374 384 468 383
t 374 468 459 384
t 375 459 469 376
t 459 384 469 385
t 459 376 460 385
t 459 469 376 385
t 375 459 469 460
t 469 385 460 470
t 375 460 376 385
t 375 385 469 384
t 375 469 460 385
t 376 460 470 386
t 460 385 470 387
t 460 386 471 387
t 460 470 386 387
t 376 460 470 471
t 470 387 471 472
t 376 471 386 387
t 376 387 470 385
t 376 470 471 387
t 377 462 473 378
t 462 390 473 391
t 462 378 463 391
t 462 473 378 391
t 377 462 473 463
t 473 391 463 474
t 377 463 378 391
t 377 391 473 390
t 377 473 463 391
t 378 463 474 379
t 463 391 474 392
t 463 379 464 392
t 463 474 379 392
t 378 463 474 464
t 474 392 464 475
t 378 464 379 392
t 378 392 474 391
t 378 474 464 392
t 379 464 475 380
t 464 392 475 393
t 464 380 465 393
t 464 475 380 393
t 379 464 475 465
t 475 393 465 476
t 379 465 380 393
t 379 393 475 392
t 379 475 465 393
t 380 465 476 381
t 465 393 476 394
t 465 381 466 394
t 465 476 381 394
t 380 465 476 466
t 476 394 466 477
t 380 466 381 394
t 380 394 476 393
t 380 476 466 394
t 381 466 477 382
t 466 394 477 395
t 466 382 467 395
t 466 477 382 395
t 381 466 477 467
t 477 395 467 478
t 381 467 382 395
t 381 395 477 394
t 381 477 467 395
t 382 467 478 383
t 467 395 478 396
t 467 383 468 396
t 467 478 383 396
t 382 467 478 468
t 478 396 468 479
t 382 468 383 396
t 382 396 478 395
t 382 478 468 396
t 383 468 479 384
t 468 396 479 397
t 468 384 469 397
t 468 479 384 397
t 383 468 479 469
t 479 397 469 480
t 383 469 384 397
t 383 397 479 396
t 383 479 469 397
t 384 469 480 385
t 469 397 480 398
t 469 385 470 398
t 469 480 385 398
t 384 469 480 470
t 480 398 470 481
t 384 470 385 398
t 384 398 480 397
t 384 480 470 398
t 385 470 481 387
t 470 398 481 399
t 470 387 472 399
t 470 481 387 399
t 385 470 481 472
t 481 399 472 482
t 385 472 387 399
t 385 399 481 398
t 385 481 472 399
t 390 473 483 391
t 473 401 483 402
t 473 391 474 402
t 473 483 391 402
t 390 473 483 474
t 483 402 474 484
t 390 474 391 402
t 390 402 483 401
t 390 483 474 402
t 391 474 484 392
t 474 402 484 403
t 474 392 475 403
t 474 484 392 403
t 391 474 484 475
t 484 403 475 485
t 391 475 392 403
t 391 403 484 402
t 391 484 475 403
t 392 475 485 393
t 475 403 485 404
t 475 393 476 404
t 475 485 393 404
t 392 475 485 476
t 485 404 476 486
t 392 476 393 404
t 392 404 485 403
t 392 485 476 404
t 393 476 486 394
t 476 404 486 405
t 476 394 477 405
t 476 486 394 405
t 393 476 486 477
t 486 405 477 487
t 393 477 394 405
t 393 405 486 404
t 393 486 477 405
t 394 477 487 395
t 477 405 487 406
t 477 395 478 406
t 477 487 395 406
t 394 477 487 478
t 487 406 478 488
t 394 478 395 406
t 394 406 487 405
t 394 487 478 406
t 395 478 488 396
t 478 406 488 407
t 478 396 479 407
t 478 488 396 407
t 395 478 488 479
t 488 407 479 489
t 395 479 396 407
t 395 407 488 406
t 395 488 479 407
t 396 479 489 397
t 479 407 489 408
t 479 397 480 408
t 479 489 397 408
t 396 479 489 480
t 489 408 480 490
t 396 480 397 408
t 396 408 489 407
t 396 489 480 408
t 397 480 490 398
t 480 408 490 409
t 480 398 481 409
t 480 490 398 409
t 397 480 490 481
t 490 409 481 491
t 397 481 398 409
t 397 409 490 408
t 397 490 481 409
t 401 483 492 402
t 483 411 492 412
t 483 402 484 412
t 483 492 402 412
t 401 483 492 484
t 492 412 484 493
t 401 484 402 412
t 401 412 492 411
t 401 492 484 412
t 402 484 493 403
t 484 412 493 413
t 484 403 485 413
t 484 493 403 413
t 402 484 493 485
t 493 413 485 494
t 402 485 403 413
t 402 413 493 412
t 402 493 485 413
t 403 485 494 404
t 485 413 494 414
t 485 404 486 414
t 485 494 404 414
t 403 485 494 486
t 494 414 486 495
t 403 486 404 414
t 403 414 494 413
t 403 494 486 414
t 404 486 495 405
t 486 414 495 415
t 486 405 487 415
t 486 495 405 415
t 404 486 495 487
t 495 415 487 496
t 404 487 405 415
t 404 415 495 414
t 404 495 487 415
t 405 487 496 406
t 487 415 496 416
t 487 406 488 416
t 487 496 406 416
t 405 487 496 488
t 496 416 488 497
t 405 488 406 416
t 405 416 496 415
t 405 496 488 416
t 406 488 497 407
t 488 416 497 417
t 488 407 489 417
t 488 497 407 417
t 406 488 497 489
t 497 417 489 498
t 406 489 407 417
t 406 417 497 416
t 406 497 489 417
t 407 489 498 408
t 489 417 498 418
t 489 408 490 418
t 489 498 408 418
t 407 489 498 490
t 498 418 490 499
t 407 490 408 418
t 407 418 498 417
t 407 498 490 418
t 408 490 499 409
t 490 418 499 419
t 490 409 491 419
t 490 499 409 419
t 408 490 499 491
t 499 419 491 500
t 408 491 409 419
t 408 419 499 418
t 408 499 491 419
t 409 491 500 410
t 491 419 500 420
t 491 410 501 420
t 491 500 410 420
t 409 491 500 501
t 500 420 501 502
t 409 501 410 420
t 409 420 500 419
t 409 500 501 420
t 412 493 503 413
t 493 422 503 423
t 493 413 494 423
t 493 503 413 423
t 412 493 503 494
t 503 423 494 504
t 412 494 413 423
t 412 423 503 422
t 412 503 494 423
t 413 494 504 414
t 494 423 504 424
t 494 414 495 424
t 494 504 414 424
t 413 494 504 495
t 504 424 495 505
t 413 495 414 424
t 413 424 504 423
t 413 504 495 424
t 414 495 505 415
t 495 424 505 425
t 495 415 496 425
t 495 505 415 425
t 414 495 505 496
t 505 425 496 506
t 414 496 415 425
t 414 425 505 424
t 414 505 496 425
t 415 496 506 416
t 496 425 506 426
t 496 416 497 426
t 496 506 416 426
t 415 496 506 497
t 506 426 497 507
t 415 497 416 426
t 415 426 506 425
t 415 506 497 426
t 416 497 507 417
t 497 426 507 427
t 497 417 498 427
t 497 507 417 427
t 416 497 507 498
t 507 427 498 508
t 416 498 417 427
t 416 427 507 426
t 416 507 498 427
t 417 498 508 418
t 498 427 508 428
t 498 418 499 428
t 498 508 418 428
t 417 498 508 499
t 508 428 499 509
t 417 499 418 428
t 417 428 508 427
t 417 508 499 428
t 418 499 509 419
t 499 428 509 429
t 499 419 500 429
t 499 509 419 429
t 418 499 509 500
t 509 429 500 510
t 418 500 419 429
t 418 429 509 428
t 418 509 500 429
t 424 505 511 425
t 505 432 511 433
t 505 425 506 433
t 505 511 425 433
t 424 505 511 506
t 511 433 506 512
t 424 506 425 433
t 424 433 511 432
t 424 511 506 433
t 425 506 512 426
t 506 433 512 434
t 506 426 507 434
t 506 512 426 434
t 425 506 512 507
t 512 434 507 513
t 425 507 426 434
t 425 434 512 433
t 425 512 507 434
t 426 507 513 427
t 507 434 513 435
t 507 427 508 435
t 507 513 427 435
t 426 507 513 508
t 513 435 508 514
t 426 508 427 435
t 426 435 513 434
t 426 513 508 435
t 427 508 514 428
t 508 435 514 436
t 508 428 509 436
t 508 514 428 436
t 427 508 514 509
t 514 436 509 515
t 427 509 428 436
t 427 436 514 435
t 427 514 509 436
t 428 509 515 429
t 509 436 515 437
t 509 429 510 437
t 509 515 429 437
t 428 509 515 510
t 515 437 510 516
t 428 510 429 437
t 428 437 515 436
t 428 515 510 437
t 440 517 518 442
t 517 441 518 443
t 517 442 519 443
t 517 518 442 443
t 440 517 518 519
t 518 443 519 520
t 440 519 442 443
t 440 443 518 441
t 440 518 519 443
t 442 519 520 444
t 519 443 520 445
t 519 444 521 445
t 519 520 444 445
t 442 519 520 521
t 520 445 521 522
t 442 521 444 445
t 442 445 520 443
t 442 520 521 445
t 444 521 522 446
t 521 445 522 447
t 521 446 523 447
t 521 522 446 447
t 444 521 522 523
t 522 447 523 524
t 444 523 446 447
t 444 447 522 445
t 444 522 523 447
t 446 523 524 448
t 523 447 524 449
t 523 448 525 449
t 523 524 448 449
t 446 523 524 525
t 524 449 525 526
t 446 525 448 449
t 446 449 524 447
t 446 524 525 449
t 439 527 528 441
t 527 454 528 455
t 527 441 518 455
t 527 528 441 455
t 439 527 528 518
t 528 455 518 529
t 439 518 441 455
t 439 455 528 454
t 439 528 518 455
t 441 518 529 443
t 518 455 529 456
t 518 443 520 456
t 518 529 443 456
t 441 518 529 520
t 529 456 520 530
t 441 520 443 456
t 441 456 529 455
t 441 529 520 456
t 443 520 530 445
t 520 456 530 457
t 520 445 522 457
t 520 530 445 457
t 443 520 530 522
t 530 457 522 531
t 443 522 445 457
t 443 457 530 456
t 443 530 522 457
t 445 522 531 447
t 522 457 531 458
t 522 447 524 458
t 522 531 447 458
t 445 522 531 524
t 531 458 524 532
t 445 524 447 458
t 445 458 531 457
t 445 531 524 458
t 447 524 532 449
t 524 458 532 459
t 524 449 526 459
t 524 532 449 459
t 447 524 532 526
t 532 459 526 533
t 447 526 449 459
t 447 459 532 458
t 447 532 526 459
t 449 526 533 451
t 526 459 533 460
t 526 451 534 460
t 526 533 451 460
t 449 526 533 534
t 533 460 534 535
t 449 534 451 460
t 449 460 533 459
t 449 533 534 460
t 453 536 537 454
t 536 463 537 464
t 536 454 528 464
t 536 537 454 464
t 453 536 537 528
t 537 464 528 538
t 453 528 454 464
t 453 464 537 463
t 453 537 528 464
t 454 528 538 455
t 528 464 538 465
t 528 455 529 465
t 528 538 455 465
t 454 528 538 529
t 538 465 529 539
t 454 529 455 465
t 454 465 538 464
t 454 538 529 465
t 455 529 539 456
t 529 465 539 466
t 529 456 530 466
t 529 539 456 466
t 455 529 539 530
t 539 466 530 540
t 455 530 456 466
t 455 466 539 465
t 455 539 530 466
t 456 530 540 457
t 530 466 540 467
t 530 457 531 467
t 530 540 457 467
t 456 530 540 531
t 540 467 531 541
t 456 531 457 467
t 456 467 540 466
t 456 540 531 467
t 457 531 541 458
t 531 467 541 468
t 531 458 532 468
t 531 541 458 468
t 457 531 541 532
t 541 468 532 542
t 457 532 458 468
t 457 468 541 467
t 457 541 532 468
t 458 532 542 459
t 532 468 542 469
t 532 459 533 469
t 532 542 459 469
t 458 532 542 533
t 542 469 533 543
t 458 533 459 469
t 458 469 542 468
t 458 542 533 469
t 459 533 543 460
t 533 469 543 470
t 533 460 535 470
t 533 543 460 470
t 459 533 543 535
t 543 470 535 544
t 459 535 460 470
t 459 470 543 469
t 459 543 535 470
t 462 545 546 463
t 545 473 546 474
t 545 463 537 474
t 545 546 463 474
t 462 545 546 537
t 546 474 537 547
t 462 537 463 474
t 462 474 546 473
t 462 546 537 474
t 463 537 547 464
t 537 474 547 475
t 537 464 538 475
t 537 547 464 475
t 463 537 547 538
t 547 475 538 548
t 463 538 464 475
t 463 475 547 474
t 463 547 538 475
t 464 538 548 465
t 538 475 548 476
t 538 465 539 476
t 538 548 465 476
t 464 538 548 539
t 548 476 539 549
t 464 539 465 476
t 464 476 548 475
t 464 548 539 476
t 465 539 549 466
t 539 476 549 477
t 539 466 540 477
t 539 549 466 477
t 465 539 549 540
t 549 477 540 550
t 465 540 466 477
t 465 477 549 476
t 465 549 540 477
t 466 540 550 467
t 540 477 550 478
t 540 467 541 478
t 540 550 467 478
t 466 540 550 541
t 550 478 541 551
t 466 541 467 478
t 466 478 550 477
t 466 550 541 478
t 467 541 551 468
t 541 478 551 479
t 541 468 542 479
t 541 551 468 479
t 467 541 551 542
t 551 479 542 552
t 467 542 468 479
t 467 479 551 478
t 467 551 542 479
t 468 542 552 469
t 542 479 552 480
t 542 469 543 480
t 542 552 469 480
t 468 542 552 543
t 552 480 543 553
t 468 543 469 480
t 468 480 552 479
t 468 552 543 480
t 469 543 553 470
t 543 480 553 481
t 543 470 544 481
t 543 553 470 481
t 469 543 553 544
t 553 481 544 554
t 469 544 470 481
t 469 481 553 480
t 469 553 544 481
t 474 547 555 475
t 547 484 555 485
t 547 475 548 485
t 547 555 475 485
t 474 547 555 548
t 555 485 548 556
t 474 548 475 485
t 474 485 555 484
t 474 555 548 485
t 475 548 556 476
t 548 485 556 486
t 548 476 549 486
t 548 556 476 486
t 475 548 556 549
t 556 486 549 557
t 475 549 476 486
t 475 486 556 485
t 475 556 549 486
t 476 549 557 477
t 549 486 557 487
t 549 477 550 487
t 549 557 477 487
t 476 549 557 550
t 557 487 550 558
t 476 550 477 487
t 476 487 557 486
t 476 557 550 487
t 477 550 558 478
t 550 487 558 488
t 550 478 551 488
t 550 558 478 488
t 477 550 558 551
t 558 488 551 559
t 477 551 478 488
t 477 488 558 487
t 477 558 551 488
t 478 551 559 479
t 551 488 559 489
t 551 479 552 489
t 551 559 479 489
t 478 551 559 552
t 559 489 552 560
t 478 552 479 489
t 478 489 559 488
t 478 559 552 489
t 479 552 560 480
t 552 489 560 490
t 552 480 553 490
t 552 560 480 490
t 479 552 560 553
t 560 490 553 561
t 479 553 480 490
t 479 490 560 489
t 479 560 553 490
t 480 553 561 481
t 553 490 561 491
t 553 481 554 491
t 553 561 481 491
t 480 553 561 554
t 561 491 554 562
t 480 554 481 491
t 480 491 561 490
t 480 561 554 491
t 484 555 563 485
t 555 493 563 494
t 555 485 556 494
t 555 563 485 494
t 484 555 563 556
t 563 494 556 564
t 484 556 485 494
t 484 494 563 493
t 484 563 556 494
t 485 556 564 486
t 556 494 564 495
t 556 486 557 495
t 556 564 486 495
t 485 556 564 557
t 564 495 557 565
t 485 557 486 495
t 485 495 564 494
t 485 564 557 495
t 486 557 565 487
t 557 495 565 496
t 557 487 558 496
t 557 565 487 496
t 486 557 565 558
t 565 496 558 566
t 486 558 487 496
t 486 496 565 495
t 486 565 558 496
t 487 558 566 488
t 558 496 566 497
t 558 488 559 497
t 558 566 488 497
t 487 558 566 559
t 566 497 559 567
t 487 559 488 497
t 487 497 566 496
t 487 566 559 497
t 488 559 567 489
t 559 497 567 498
t 559 489 560 498
t 559 567 489 498
t 488 559 567 560
t 567 498 560 568
t 488 560 489 498
t 488 498 567 497
t 488 567 560 498
t 489 560 568 490
t 560 498 568 499
t 560 490 561 499
t 560 568 490 499
t 489 560 568 561
t 568 499 561 569
t 489 561 490 499
t 489 499 568 498
t 489 568 561 499
t 490 561 569 491
t 561 499 569 500
t 561 491 562 500
t 561 569 491 500
t 490 561 569 562
t 569 500 562 570
t 490 562 491 500
t 490 500 569 499
t 490 569 562 500
t 494 564 571 495
t 564 504 571 505
t 564 495 565 505
t 564 571 495 505
t 494 564 571 565
t 571 505 565 572
t 494 565 495 505
t 494 505 571 504
t 494 571 565 505
t 495 565 572 496
t 565 505 572 506
t 565 496 566 506
t 565 572 496 506
t 495 565 572 566
t 572 506 566 573
t 495 566 496 506
t 495 506 572 505
t 495 572 566 506
t 496 566 573 497
t 566 506 573 507
t 566 497 567 507
t 566 573 497 507
t 496 566 573 567
t 573 507 567 574
t 496 567 497 507
t 496 507 573 506
t 496 573 567 507
t 497 567 574 498
t 567 507 574 508
t 567 498 568 508
t 567 574 498 508
t 497 567 574 568
t 574 508 568 575
t 497 568 498 508
t 497 508 574 507
t 497 574 568 508
t 498 568 575 499
t 568 508 575 509
t 568 499 569 509
t 568 575 499 509
t 498 568 575 569
t 575 509 569 576
t 498 569 499 509
t 498 509 575 508
t 498 575 569 509
t 499 569 576 500
t 569 509 576 510
t 569 500 570 510
t 569 576 500 510
t 499 569 576 570
t 576 510 570 577
t 499 570 500 510
t 499 510 576 509
t 499 576 570 510
t 506 573 578 507
t 573 512 578 513
t 573 507 574 513
t 573 578 507 513
t 506 573 578 574
t 578 513 574 579
t 506 574 507 513
t 506 513 578 512
t 506 578 574 513
t 507 574 579 508
t 574 513 579 514
t 574 508 575 514
t 574 579 508 514
t 507 574 579 575
t 579 514 575 580
t 507 575 508 514
t 507 514 579 513
t 507 579 575 514
t 508 575 580 509
t 575 514 580 515
t 575 509 576 515
t 575 580 509 515
t 508 575 580 576
t 580 515 576 581
t 508 576 509 515
t 508 515 580 514
t 508 580 576 515
t 527 582 583 518
t 582 528 583 529
t 582 518 584 529
t 582 583 518 529
t 527 582 583 584
t 583 529 584 585
t 527 584 518 529
t 527 529 583 528
t 527 583 584 529
t 518 584 585 520
t 584 529 585 530
t 584 520 586 530
t 584 585 520 530
t 518 584 585 586
t 585 530 586 587
t 518 586 520 530
t 518 530 585 529
t 518 585 586 530
t 520 586 587 522
t 586 530 587 531
t 586 522 588 531
t 586 587 522 531
t 520 586 587 588
t 587 531 588 589
t 520 588 522 531
t 520 531 587 530
t 520 587 588 531
t 522 588 589 524
t 588 531 589 532
t 588 524 590 532
t 588 589 524 532
t 522 588 589 590
t 589 532 590 591
t 522 590 524 532
t 522 532 589 531
t 522 589 590 532
t 524 590 591 526
t 590 532 591 533
t 590 526 592 533
t 590 591 526 533
t 524 590 591 592
t 591 533 592 593
t 524 592 526 533
t 524 533 591 532
t 524 591 592 533
t 528 583 594 529
t 583 538 594 539
t 583 529 585 539
t 583 594 529 539
t 528 583 594 585
t 594 539 585 595
t 528 585 529 539
t 528 539 594 538
t 528 594 585 539
t 529 585 595 530
t 585 539 595 540
t 585 530 587 540
t 585 595 530 540
t 529 585 595 587
t 595 540 587 596
t 529 587 530 540
t 529 540 595 539
t 529 595 587 540
t 530 587 596 531
t 587 540 596 541
t 587 531 589 541
t 587 596 531 541
t 530 587 596 589
t 596 541 589 597
t 530 589 531 541
t 530 541 596 540
t 530 596 589 541
t 531 589 597 532
t 589 541 597 542
t 589 532 591 542
t 589 597 532 542
t 531 589 597 591
t 597 542 591 598
t 531 591 532 542
t 531 542 597 541
t 531 597 591 542
t 532 591 598 533
t 591 542 598 543
t 591 533 593 543
t 591 598 533 543
t 532 591 598 593
t 598 543 593 599
t 532 593 533 543
t 532 543 598 542
t 532 598 593 543
t 533 593 599 535
t 593 543 599 544
t 593 535 600 544
t 593 599 535 544
t 533 593 599 600
t 599 544 600 601
t 533 600 535 544
t 533 544 599 543
t 533 599 600 544
t 538 594 602 539
t 594 548 602 549
t 594 539 595 549
t 594 602 539 549
t 538 594 602 595
t 602 549 595 603
t 538 595 539 549
t 538 549 602 548
t 538 602 595 549
t 539 595 603 540
t 595 549 603 550
t 595 540 596 550
t 595 603 540 550
t 539 595 603 596
t 603 550 596 604
t 539 596 540 550
t 539 550 603 549
t 539 603 596 550
t 540 596 604 541
t 596 550 604 551
t 596 541 597 551
t 596 604 541 551
t 540 596 604 597
t 604 551 597 605
t 540 597 541 551
t 540 551 604 550
t 540 604 597 551
t 541 597 605 542
t 597 551 605 552
t 597 542 598 552
t 597 605 542 552
t 541 597 605 598
t 605 552 598 606
t 541 598 542 552
t 541 552 605 551
t 541 605 598 552
t 542 598 606 543
t 598 552 606 553
t 598 543 599 553
t 598 606 543 553
t 542 598 606 599
t 606 553 599 607
t 542 599 543 553
t 542 553 606 552
t 542 606 599 553
t 543 599 607 544
t 599 553 607 554
t 599 544 601 554
t 599 607 544 554
t 543 599 607 601
t 607 554 601 608
t 543 601 544 554
t 543 554 607 553
t 543 607 601 554
t 549 603 609 550
t 603 557 609 558
t 603 550 604 558
t 603 609 550 558
t 549 603 609 604
t 609 558 604 610
t 549 604 550 558
t 549 558 609 557
t 549 609 604 558
t 550 604 610 551
t 604 558 610 559
t 604 551 605 559
t 604 610 551 559
t 550 604 610 605
t 610 559 605 611
t 550 605 551 559
t 550 559 610 558
t 550 610 605 559
t 551 605 611 552
t 605 559 611 560
t 605 552 606 560
t 605 611 552 560
t 551 605 611 606
t 611 560 606 612
t 551 606 552 560
t 551 560 611 559
t 551 611 606 560
t 552 606 612 553
t 606 560 612 561
t 606 553 607 561
t 606 612 553 561
t 552 606 612 607
t 612 561 607 613
t 552 607 553 561
t 552 561 612 560
t 552 612 607 561
t 553 607 613 554
t 607 561 613 562
t 607 554 608 562
t 607 613 554 562
t 553 607 613 608
t 613 562 608 614
t 553 608 554 562
t 553 562 613 561
t 553 613 608 562
t 556 615 616 557
t 615 564 616 565
t 615 557 609 565
t 615 616 557 565
t 556 615 616 609
t 616 565 609 617
t 556 609 557 565
t 556 565 616 564
t 556 616 609 565
t 557 609 617 558
t 609 565 617 566
t 609 558 610 566
t 609 617 558 566
t 557 609 617 610
t 617 566 610 618
t 557 610 558 566
t 557 566 617 565
t 557 617 610 566
t 558 610 618 559
t 610 566 618 567
t 610 559 611 567
t 610 618 559 567
t 558 610 618 611
t 618 567 611 619
t 558 611 559 567
t 558 567 618 566
t 558 618 611 567
t 559 611 619 560
t 611 567 619 568
t 611 560 612 568
t 611 619 560 568
t 559 611 619 612
t 619 568 612 620
t 559 612 560 568
t 559 568 619 567
t 559 619 612 568
t 560 612 620 561
t 612 568 620 569
t 612 561 613 569
t 612 620 561 569
t 560 612 620 613
t 620 569 613 621
t 560 613 561 569
t 560 569 620 568
t 560 620 613 569
t 561 613 621 562
t 613 569 621 570
t 613 562 614 570
t 613 621 562 570
t 561 613 621 614
t 621 570 614 622
t 561 614 562 570
t 561 570 621 569
t 561 621 614 570
t 565 617 623 566
t 617 572 623 573
t 617 566 618 573
t 617 623 566 573
t 565 617 623 618
t 623 573 618 624
t 565 618 566 573
t 565 573 623 572
t 565 623 618 573
t 566 618 624 567
t 618 573 624 574
t 618 567 619 574
t 618 624 567 574
t 566 618 624 619
t 624 574 619 625
t 566 619 567 574
t 566 574 624 573
t 566 624 619 574
t 567 619 625 568
t 619 574 625 575
t 619 568 620 575
t 619 625 568 575
t 567 619 625 620
t 625 575 620 626
t 567 620 568 575
t 567 575 625 574
t 567 625 620 575
t 568 620 626 569
t 620 575 626 576
t 620 569 621 576
t 620 626 569 576
t 568 620 626 621
t 626 576 621 627
t 568 621 569 576
t 568 576 626 575
t 568 626 621 576
t 596 628 629 597
t 628 604 629 605
t 628 597 630 605
t 628 629 597 605
t 596 628 629 630
t 629 605 630 631
t 596 630 597 605
t 596 605 629 604
t 596 629 630 605
t 597 630 631 598
t 630 605 631 606
t 630 598 632 606
t 630 631 598 606
t 597 630 631 632
t 631 606 632 633
t 597 632 598 606
t 597 606 631 605
t 597 631 632 606
t 604 629 634 605
t 629 610 634 611
t 629 605 631 611
t 629 634 605 611
t 604 629 634 631
t 634 611 631 635
t 604 631 605 611
t 604 611 634 610
t 604 634 631 611
t 605 631 635 606
t 631 611 635 612
t 631 606 633 612
t 631 635 606 612
t 605 631 635 633
t 635 612 633 636
t 605 633 606 612
t 605 612 635 611
t 605 635 633 612
