v 16.084045568149744 11.92850457153921 5.938059186876924
v 17.057264777788017 11.912909958650413 5.907770057043187
v 16.978252446406096 13.074309818705007 6.090181047502413
v 16.00118200014698 13.016478679327095 5.960211690657449
v 16.075762897076494 11.929907120361337 7.035242996703171
v 16.959689921814764 11.978026926763757 6.939378502766873
v 16.98444276430466 13.047944495378722 6.9299568883203095
v 15.987980912216855 12.90559650230431 7.051106779917191
v 17.09589548678927 13.981651814592652 6.066889578815078
v 15.93532985599212 14.029587206009406 5.9477569034117534
v 16.939386002215027 13.917286517602975 7.078678578231127
v 15.985455241795204 13.954017348302568 7.049477519753148
v 15.026453765823884 13.988388477235175 5.924903936602484
v 15.912850582477928 14.94891801337329 5.989958032760094
v 15.0066747610643 15.023925146944354 6.093904612786093
v 15.058423511348302 14.00611747998558 6.964687398058696
v 16.071630908423767 14.986773893836137 6.965123841909201
v 15.02787362634132 14.979097404124602 7.0006841725158
v 16.999134268912417 15.013489113678228 6.03188110063164
v 16.945321822495956 15.029827575839747 6.959371586871669
v 18.092689612085806 14.099416667419037 5.9445915983027815
v 18.060067869228245 14.99145222085184 6.00018723814798
v 17.90861425383065 14.066340264661187 6.979185813173222
v 17.93189765451447 14.943691551162686 6.981289374009078
v 14.048656150852805 14.944333384833593 6.065732629863322
v 14.967125623809856 16.017319228489793 6.007946068972236
v 13.955018981771898 16.022191269707626 6.076323037941929
v 14.006927918366353 15.018523311508092 7.073697131988058
v 14.967316964249376 15.948982899524545 7.014751028499977
v 14.046436550387865 15.958172640568183 6.951272670985476
v 16.01192933363564 15.966608133506915 6.0029610002227995
v 15.952489294638417 15.973341908773453 7.061713786441142
v 16.933997481372696 16.095861938577738 6.002768118933874
v 17.04459566475494 15.969202408384522 6.912115143053493
v 18.978735904755684 14.922409283360654 6.022499844866887
v 18.925889244792256 16.046636987325293 6.027705865530703
v 17.93430092810999 16.095702897285346 5.991323772583847
v 18.968394657323685 14.9243075665503 7.062943496557959
v 18.938264346072668 16.065517001200273 6.918242906452835
v 18.055760622383445 16.050359632116944 6.914896132446059
v 14.954885162892012 16.935080634962283 5.990859749812496
v 14.081843154170802 16.998983738034443 5.978572701186329
v 15.07994086709342 17.035711960445017 6.968316449457336
v 13.99572841601162 17.026757921252912 7.076540451607768
v 16.049491214461764 16.937172614150434 6.053384431134586
v 16.04807408659586 16.95049105225962 7.069168642687626
v 17.957201476499286 16.92649096700704 6.01894273617085
v 17.089485056266682 17.0822897795478 5.930248576161498
v 17.920257063774216 16.98046947348418 6.911267076481511
v 16.925306565413305 16.939425351887433 7.069752759798596
v 19.08591575685674 17.07488982485794 6.030890502562829
v 18.970755651849636 16.985442580308394 6.996406061636901
v 19.912548566442418 16.04835111708752 5.915824812061857
v 19.94403225351084 16.950217781621287 5.959778981341329
v 20.011507284871755 16.045189725971955 7.001028340146009
v 19.98715251302676 16.985049760529265 7.070979043239393
v 16.02999472770735 18.08645633627492 5.980670551913742
v 14.998475908478193 17.99792080857734 5.936202005767167
v 16.0324040407759 18.04571631528983 7.023808015652715
v 15.016422335987016 17.967346963033346 7.081734422937677
v 16.950585627377322 17.98068244004645 5.976295048586938
v 17.058408851565474 17.989967986220957 7.071871957376606
v 18.018146115534908 18.081769505556082 5.997498512581039
v 18.067565089661223 18.098585160498576 7.027722300143715
v 18.970679549025096 17.958651333642166 5.962466010322641
v 19.076769754909733 17.93906058336442 7.034904968651778
v 16.01361796969902 18.988282711502546 6.04829040445677
v 14.934754869407211 18.921892942275047 6.07826749871863
v 16.046581846820793 19.026013326550817 6.9514206017376505
v 14.921163534703066 18.935785519241932 7.089544791381556
v 17.0773432550659 18.954050215083036 5.911357108629395
v 16.93246611078795 18.986448723974387 7.069452682119881
v 18.006615334582662 19.015000385384536 6.021717751075837
v 18.093838642619865 19.03259462811178 7.066123068800717
v 16.98432209705542 20.08262410970038 6.020535113698994
v 16.09589108314507 20.011581371552776 6.006356930387982
v 16.936515788016752 20.028383255264824 7.093378531694131
v 15.973140956302853 20.074730359553136 7.02543652380927
v 14.970796731646347 11.074758294749005 6.9082877292958464
v 16.042991122805795 10.928520288422153 7.095087752695236
v 15.07266345026071 11.954655060288966 7.045742538802604
v 14.922466251600586 10.989307518686584 8.077212513635908
v 16.074790604342564 10.993353445275552 7.946502556209744
v 16.03385414850729 11.94452416078903 8.039541223757409
v 15.067662867622476 11.928722292256339 7.925677009161817
v 17.079548999834856 10.919817879935337 6.94820215237253
v 16.95799892980796 11.027845235557333 7.906308862710455
v 16.90468575193377 12.037036314841016 7.944403542788155
v 18.0157500031952 11.045172144954456 7.059625408207989
v 17.964950088284578 11.985869740191745 6.989653737474396
v 18.073121875775147 11.023950390698669 8.00973040603743
v 18.0080488347045 12.057712645819356 8.079264727877808
v 14.054532716554014 12.06459796299144 7.055472750997964
v 14.995595775539872 13.033264901469371 6.988956299525205
v 13.92821190350991 12.935772954676743 7.0324401527947265
v 13.934246389530905 11.929381457697241 7.990383755973962
v 14.970964313763751 12.920838766152523 8.001865023570607
v 13.940652338860643 12.925099649121387 7.987230169359754
v 15.968467738492686 12.939825678895476 8.030182832850521
v 17.03842859616574 13.078953527157662 7.976662378583441
v 18.099305044878477 13.073123389542753 6.938059283997428
v 18.047022707864482 12.913557687203118 8.07207883458193
v 14.002679903661965 14.05653234938519 7.039128231364543
v 14.924754295302519 14.010729864240178 7.926138465421467
v 13.966020273446032 13.909638153913887 7.946159920446458
v 16.098299903661754 13.951188290795205 7.998592204078669
v 16.96743517908286 13.933437967550518 8.052136625476466
v 18.053311381305896 14.09617712475388 8.015259234298165
v 19.08443964761916 13.080295362449434 7.004396237381494
v 19.07695387619594 14.013189863391219 6.910541021740981
v 18.90913909880288 12.962430245536053 8.026313278634143
v 19.079263211340002 13.94088874911427 8.073716618071755
v 14.946332879482071 15.061532263070596 8.036018642372193
v 14.062904565070067 15.015560172261385 8.025518152469784
v 15.939016103996206 14.919923127521594 8.000498382079238
v 16.926256244696855 15.059554515500498 8.009470924897482
v 17.97247920305249 15.000200398322818 7.960153998479467
v 18.964468374683364 14.973412829967984 8.049456064425911
v 12.96149384193562 15.066596392241525 7.04455283010006
v 13.004946563618992 16.023101440328922 6.982092677319155
v 12.981081785569168 14.978362307936557 7.9767778249238015
v 13.969187792997484 16.06429173727628 8.036215213371605
v 13.00448450983289 16.04606150547734 8.01991778968027
v 14.975433379693216 16.012080895018332 7.984173000256511
v 15.944484397418162 16.056016387510386 7.989776672205216
v 17.07533131439331 16.035689312141198 7.900648553398285
v 18.09897335356433 16.054617005174638 7.9860794385349205
v 19.08686538384872 16.06473379915304 8.08357207393967
v 19.939710065310223 15.022107791095719 7.039244916722201
v 20.02315997367936 14.906570962813548 8.016023492934979
v 20.097537764925384 15.953755883554264 7.9039797005301295
v 12.934745298110597 17.077058334253948 7.036261639063558
v 14.037345096750261 17.05190345680192 8.09784711754045
v 13.055494641545133 17.04937957571906 7.966635422172812
v 14.931456202476806 16.975977161180534 7.922092469527259
v 16.096035421632287 16.946497603988803 7.959038413593002
v 17.0448925921125 16.936638041958997 7.911717834456094
v 18.003077856070973 17.091480027892732 8.081544008714555
v 18.969014603382224 16.978359409093702 7.978958948798802
v 20.096581625450323 16.98995921441056 8.07186041653675
v 14.031348037812348 17.93223057637022 6.941549508675146
v 12.95487967378625 17.991689015021475 6.948324848592664
v 13.910890681060554 17.938406348322804 8.014199916921394
v 12.905701843303463 17.96745776564117 8.083560674999147
v 15.069794354400003 18.042851150546063 8.081963885519729
v 16.084954588352907 17.977640185431355 7.959248417992074
v 17.035466921871738 17.90681700539242 7.98096444033953
v 17.900858007186148 18.098689498837455 7.913621829277082
v 18.982119501208068 17.92837804221841 7.94016436321223
v 19.975421034516366 18.034847769341937 6.952630203076133
v 19.904256174965816 18.042537854645925 7.959215378090284
v 13.992161048232207 18.90957625382472 6.932907303018707
v 14.964875518281987 19.08663310035724 8.087768800341948
v 14.030794971605454 18.944677124741826 8.08703452210252
v 16.002512176847063 19.046055527649525 7.912813953462577
v 17.064836298712272 18.99477538427634 7.910424724863647
v 18.011805390847577 19.044967585408134 7.939152074285029
v 18.9188082832381 18.987874158700578 6.994184042597609
v 18.993897615444794 18.95318594618497 8.010588018752882
v 15.049872862387819 20.074063680748115 7.088293136665261
v 13.96816061669379 20.06172765281499 6.915523995075863
v 14.922793692531346 20.03288048849415 8.023458174731722
v 14.002015536140574 20.083823727802475 7.987637069258185
v 15.921243035824988 19.99895827972453 7.925544935945412
v 17.067457187944193 20.057827382993974 7.920781350766292
v 18.011863216729576 19.982615398991708 6.960090819977181
v 17.9058859380767 20.077381555031202 7.956620208638893
v 15.972768973402557 20.95700694002649 6.9523298583137585
v 15.09644067151924 21.033879353370533 6.90557356691508
v 16.0320407872542 20.964577102338694 7.929275008926594
v 15.037907857385955 20.9701269816833 8.096560274272715
v 16.987690036832216 21.09041722939481 7.01952107208536
v 16.98894729862121 21.035579735475896 8.022041922844926
v 17.982195361753714 21.042683178524523 7.058519627660445
v 17.917954025673236 20.932350443811586 7.905861311412819
v 15.963092529602742 8.932737433784416 8.008125947719883
v 17.086111958112692 9.051676145799343 7.911095097864616
v 17.055747200111274 10.090485482917106 7.913999417925595
v 16.027516943310065 10.045278574074905 7.9595169863556885
v 15.996148218102382 9.009446304585472 9.048201663298924
v 17.086076208905634 8.94427627131356 8.951547088425867
v 16.92255242816583 9.925999009271797 8.939795900827058
v 15.949411277149954 9.90858516760143 8.913324192613139
v 15.007140721642987 10.076128994800257 8.093500772117222
v 14.960127242856041 10.042734266623796 9.023573813253284
v 15.914561277091304 11.07346852594263 8.944522951946594
v 14.904731628389499 11.039242256878712 9.046116043552875
v 17.01503950604148 10.983189374416545 9.086110832450474
v 17.955913347361772 9.983770531654901 8.038892355316937
v 17.995918884893417 10.010199362598646 8.990235650938306
v 18.09589772263496 11.054752452593908 8.980546053843781
v 14.067564951578929 11.017987111806233 7.970102693957884
v 13.976682294285716 11.003964705695292 9.049005850549351
v 15.020558682268048 11.936640883428108 8.904313938431407
v 13.908705499794223 12.043486731595733 8.972000309884772
v 16.086695004019194 12.014881161028889 8.948147541315382
v 17.009661916172966 11.947038115355763 9.050046239829694
v 18.090230180254927 12.078038306587418 8.949171404394024
v 18.989191810714637 11.047654865695788 8.035657987319375
v 19.022291125154766 11.996551711366276 8.029509622124735
v 19.004099449089164 11.00667213578153 8.932426193748121
v 18.913398496822996 11.924305681114268 9.012130558652599
v 12.952643819523141 12.00796595279482 8.083895161952654
v 13.04288718325187 12.926258146400476 8.073647792007845
v 12.974176541079569 11.926191654912317 8.956647639718044
v 13.954046611130613 13.032281986343738 8.964044254787456
v 12.92611071707348 13.042885083561618 9.086896383083193
v 15.089985315030548 12.95120621599457 9.004511433037699
v 16.094924121890585 13.000878882161194 8.93116331989764
v 16.913028304867172 13.094893450869202 8.941484090383994
v 17.901171226526095 13.037637055319912 9.003551798113271
v 19.021016113297684 12.903273084235064 9.013411475716898
v 19.96704372771001 11.95705458056092 8.046046630121339
v 19.940100640117997 12.918938589584672 8.082463087301138
v 19.987178769535433 12.064958651852375 9.08344686836812
v 20.085422321105323 13.058070321176105 8.97529271313567
v 12.936771762846403 14.035201332182748 7.924271264398315
v 13.966417834824965 13.993503051785886 8.917492656857645
v 12.974814301548754 13.909126669359962 9.06283239163505
v 15.034457289413263 14.028612800772663 8.934373358215936
v 16.076583824809532 14.065283753947643 9.01581822984503
v 16.933222375545693 13.967478010887294 8.935524280521294
v 18.02884928880185 14.008572435697918 8.95828875047456
v 18.98827692722989 13.986509736333762 9.032723038611481
v 20.060063840050486 14.043269749207509 8.035734053537615
v 20.035464351599167 13.984719501124804 9.025108870977368
v 14.004105407844477 15.0673235643009 8.969016481491662
v 12.95519058190961 15.063820095291552 8.97590467838907
v 15.092354876425226 14.992544171345886 8.998775839635565
v 16.009647953907358 14.966589800179623 8.904859206021312
v 16.97430515401943 15.044633790852696 9.074660616524284
v 17.915182029257892 14.904230875668935 8.900222899606716
v 18.97666035657868 15.001791712654153 8.958622471558218
v 20.054777719022066 14.945678394230837 8.925011369251916
v 21.052703758422886 13.931286496994213 8.028063051676641
v 21.095848175135803 14.920911985961869 8.05510928992942
v 21.021852881434793 13.973542189906798 8.99853982291949
v 21.032165707013277 14.97189461095679 9.099172736318344
v 14.056693730727316 16.00704745644648 8.956489087068737
v 12.900689762985511 16.03404822081523 8.952113197162827
v 14.94430501028735 15.961707477736441 8.957444602233174
v 15.904312038700947 15.941167270456976 9.093539113417396
v 17.058559990860438 15.961080633418508 8.951344341541276
v 18.088744044118275 15.956239484979578 8.990465111064589
v 18.956330835463245 16.02425784215928 8.932095384412918
v 19.930180992253057 16.04025494420859 9.007260921264242
v 21.059768771221897 15.983932141833256 7.9856181810118585
v 20.90254461818565 15.90268167087052 8.980304369972615
v 14.023889374285039 17.008837710606805 8.980919347916025
v 12.981003512018326 17.073348447481948 8.992447156840583
v 15.012115911041368 17.09249067452768 9.030538722776575
v 15.940403613705318 17.036696439455188 8.999452516623961
v 16.908945461621443 17.042724007606857 9.077259144114548
v 18.04522127934387 17.067916311128876 8.944218071511429
v 19.003202710527216 16.95225160106839 8.996814030137052
v 20.064743183164275 16.997669907306822 8.975020475673068
v 13.956188382735354 18.04398245020347 8.921408436144892
v 12.984752626653373 17.984458925857002 8.905643225400516
v 14.95369754280874 17.955687976327784 9.032736555683128
v 15.982701194983104 18.028806886532234 8.926019547534276
v 16.91520041440598 18.01217364647304 9.084168564469207
v 17.973711710650512 17.971198366468748 9.001777542311867
v 18.99302586749797 18.071278647930075 9.039148452710055
v 20.09381345670709 17.917678960847045 8.924658726262575
v 12.904267908286295 18.92112021464201 8.041225663826825
v 13.92167109739422 19.03652374760484 8.900036304207802
v 13.099227674471793 18.963578717262155 9.057130632480883
v 15.062550479948253 18.91118858078346 8.900621649486515
v 16.056083531055084 18.97944406594128 8.975199836699316
v 17.06241340134979 18.91326984757286 9.083935718651533
v 18.09881293829211 19.0566448179577 9.009718292443084
v 18.923897656277326 18.942934409163087 9.073495673243242
v 20.020864711918406 18.975712636514203 8.046846586621443
v 19.927417635175306 18.924475420241222 8.995067531418877
v 12.991178943431473 20.092824124897977 7.96633548350567
v 14.071161591371583 20.069300826573016 9.000582397273892
v 12.91594432111675 20.01116984138284 9.02473015836562
v 15.01151565605207 19.92043118427858 8.948867579021272
v 16.06850521443624 20.073968058038204 8.991135370512046
v 17.001378134990645 19.969353906589532 8.952282967782976
v 17.90232119791377 19.985484532778802 9.026689834681202
v 19.05959417848121 19.92265432947934 7.99328991545548
v 19.058296838499114 19.98803038125411 8.999164051270487
v 20.011168611052703 19.92049653330818 8.03992832074147
v 19.90418023285398 19.99481808684062 8.987738634300408
v 15.999712096778381 20.933614281277244 8.98025537003893
v 15.068970431942107 21.04925279635694 9.021878909623194
v 16.942984725912996 21.09954672646103 8.953767312759137
v 17.93112491634033 21.038844390468803 8.961915370187356
v 19.015387449906388 21.03011013217923 8.095665903323793
v 18.992020324728458 21.03184645543579 8.957842268703061
v 16.092613532045412 21.942717231268603 7.975464978883318
v 15.063979709876453 22.030564095675032 7.923697576735462
v 16.069179305599743 22.0395969976172 9.089952769223606
v 15.012168378953323 22.042036075284233 9.097512025251337
v 17.062812461841023 22.08407973713837 7.9524119012927565
v 16.976929826563495 22.08956250732801 9.065752560360874
v 17.95969131988738 22.09298678480984 7.921295729291246
v 18.00539904634301 21.966144008283063 9.00259489856001
v 15.969152530843948 8.979412573431969 10.035284246510082
v 16.943203067756524 9.070041662804663 10.073031883273833
v 17.01992804085542 10.018461700095472 9.942116456832169
v 16.096286162125175 9.909845084166538 10.061460857936618
v 18.049687444945633 9.000524686425797 8.978044303957688
v 17.94201447577557 8.943694171478041 9.992041217533881
v 17.907810122869975 10.077967062582015 9.907356307222633
v 13.904238651673271 9.957111818074203 8.998592595967228
v 14.05784718963694 9.978615875597843 9.911494293819715
v 15.04105081247293 10.095179206497408 9.96468029316366
v 14.945211138087595 11.034517855125255 10.05115497899614
v 14.017866801800153 10.909163102146104 10.044179991437954
v 15.99777631294618 10.937386057753422 10.077630798671397
v 17.042163287986774 11.079345767499106 9.934540497918363
v 17.986862889540998 10.910377223632999 10.084159077132924
v 18.996410050763554 10.05743232605664 9.028231622909654
v 19.00517029569004 9.98765121275114 10.094619704755031
v 18.91782771646867 11.0828073268942 9.976739969578148
v 20.038502603261673 10.093482521628397 8.981257228449499
v 19.92722632265206 11.043422698724045 9.005724837083326
v 19.910284572646653 9.917492308849708 10.092949388705994
v 20.06271996957513 11.034736878757922 10.015362261197641
v 12.951870286253584 10.98237253954958 9.031229628338146
v 13.081545261196927 10.980144266136666 10.042709260468772
v 14.040080795013115 11.940838556143962 9.961021012913001
v 12.933479769576019 12.078845965878996 9.905860371302214
v 14.993450989289737 12.090015995795738 9.983444021494087
v 15.906352318994808 12.060099117272374 9.921428820456427
v 17.077285390107146 12.042180426091718 10.017034095792358
v 18.0483104376029 11.961099538782916 10.07504396624184
v 18.944395150887523 11.929982781292942 10.081179665900473
v 20.04270030177444 11.905080302781569 10.077941449351506
v 12.053281691804395 12.034152353953543 9.027181882905486
v 11.974336751397392 13.008512126564666 8.975707929315277
v 12.09662566349598 12.095980796364534 9.945315390401905
v 12.952050054284948 13.017492888772946 9.949704502093873
v 12.017553645330402 12.971255158154381 10.06443054966945
v 13.975749967407868 13.026789857519901 9.948823761637982
v 14.929551857142295 12.93857164782902 9.998149810095887
v 15.94728802297973 12.994593744743439 9.95573658968962
v 16.93745637104806 12.951453236628172 10.039325067073413
v 17.986507573462063 12.98615187878407 10.08253290442247
v 19.004562473502695 12.954119756024324 9.99661260129532
v 20.03876193905687 12.98348948069987 9.967197049899225
v 21.088931031249377 12.089648564634109 8.917958285464719
v 20.979083240127178 12.943492800410212 9.022838063506784
v 20.94157871302777 11.97125396609453 9.950660519193018
v 21.07624468752032 12.952472493275794 10.006944874894577
v 12.099978928658265 13.988969875032204 8.944355099543007
v 13.049921368691864 13.969618889525202 9.913900207652544
v 12.058032810931927 14.02575703817224 9.937961109928091
v 14.084792101095054 13.972949040052542 9.935118832918205
v 15.057882421811016 14.004678687741484 9.93112200277314
v 15.942588510052934 13.950680191958787 9.997653676069817
v 16.99932492403427 13.921067550141938 9.970164471501965
v 18.09814319002025 14.07309724034281 10.021075361498115
v 19.050652755027386 14.071718633349864 10.007603682823072
v 19.989954546217348 13.98496068922115 10.050388404717136
v 21.07822728835799 13.967829118906566 9.903530733889443
v 12.01667842334711 15.097516260767481 9.0071744412787
v 13.006939625471217 14.91271069213184 9.976140379329834
v 11.951785903002627 15.047841849736995 9.985801710435084
v 13.933005046361426 14.92231951611943 10.072425554143688
v 15.067730476574894 14.943498235722675 10.05062785771304
v 16.063814036009294 14.903355409685403 9.931015347162026
v 16.975937301180842 14.942831383675694 9.982636290616835
v 18.095486584788016 14.986543106774276 10.053650291294275
v 19.0845869844952 14.959080013955129 10.005546024512707
v 20.001068170168 14.974238260952259 10.056395151323384
v 20.940791097574337 14.973572078552971 9.954078821757431
v 11.911797310789243 15.96225225977242 9.074389448715605
v 12.941253629730102 16.025381691337483 9.922494710281791
v 12.083700665047703 16.003829942928355 10.081999076082395
v 14.033682412566373 16.011109681223825 9.918483953415725
v 14.951144310170642 15.93128317583644 9.923286186596112
v 15.997678286653386 15.939480264694986 9.964384558601324
v 16.950480344936743 15.985379874682124 9.917782097597547
v 17.99149518148862 15.984698201689087 10.055547234269566
v 19.055989585523868 15.997501718671359 10.003754454819832
v 19.983078517236677 16.073968796452036 10.04464690814368
v 20.998388245179402 16.06377458771892 9.982144803313382
v 12.078963455333177 17.0808035712087 9.076153204126934
v 13.080203101107566 17.04774081062447 9.961106278515999
v 12.090165281321195 17.093701774876713 10.043241732171781
v 13.915112455556455 16.974647330823522 9.910703808199893
v 15.016380683408977 17.0687825053425 10.0427788967488
v 16.074158231928397 17.038109155829552 9.924384890600765
v 16.986949580975534 16.941894990752118 9.941572986530462
v 18.066902395077374 17.005405578622252 10.034076666165417
v 19.086211556491858 17.03107950408592 10.060938990821054
v 19.954392699556433 16.992287206440217 9.913776043254606
v 21.02116284338557 16.937568085886067 9.050867877352305
v 21.078202201898637 16.900412825263075 10.056676391892598
v 12.008168393603416 17.94388867568431 9.012241345452834
v 12.922925845800732 17.96693255373951 9.942169034206728
v 11.961178545477484 17.9852868101203 9.975926906084213
v 14.020025767912557 17.928950878746154 9.94636772945125
v 14.961069734439667 17.997572470604116 9.978167780372958
v 15.973997694846577 17.963406954292704 9.927654413597855
v 16.969065932386464 18.01713497479677 9.93890256846889
v 18.069315921944685 18.06559176990106 9.900015235998067
v 19.085695391730816 17.917042969948856 9.991721905491104
v 20.03078119231563 17.959441414296688 10.032043653956418
v 21.028270036097876 17.98826884010941 8.93445937566563
v 20.954511501747106 17.97675807584231 9.965953241654596
v 11.948523736765404 19.03735160284874 8.944738952125537
v 13.046355466346304 19.078260121001172 10.04932517985197
v 12.041589806806066 19.04328345632889 9.97995758988099
v 13.972064794321259 18.946429944134625 9.93661578386615
v 14.925341301213377 19.037878006584037 10.02752855300525
v 15.981483232513424 18.955905116814566 9.948486544361577
v 17.096851361021464 19.09059377220618 9.90092556561678
v 18.06484570818514 18.994542209354428 9.927873481221813
v 18.95563574112915 19.053618446013818 9.97868089444289
v 20.037742282482444 18.999007121684393 10.038361656659976
v 21.00277162307636 18.9797550280114 9.01657298660603
v 20.97371751493601 19.06663673204839 10.044176464118841
v 11.931211478468114 20.04298322577822 9.079481946424929
v 13.030899213739483 20.020052834936134 10.063699005514753
v 11.981520369693575 19.978073140442994 10.017908873908159
v 13.954919521818779 19.949300120745704 9.90145639111712
v 15.02034978017172 20.09091883745897 10.052035776988257
v 16.051132249043537 20.025963440800712 9.970050793316748
v 17.053849678904417 19.978309535373207 9.98327130771032
v 17.969488724166954 19.954812370641122 10.012447036914931
v 18.932864687204418 19.960104129562758 10.05783831299912
v 20.002576637795777 19.971930005153276 9.963256324796356
v 13.937250712820795 20.915260015131885 8.944496103321123
v 13.027241269659335 20.966648335698505 9.080878235408246
v 14.078655179440327 21.005260766070677 9.934318835473018
v 13.005358652356511 20.92989636766227 10.050310263128779
v 15.022725927384267 21.009141489001983 9.950961574131615
v 16.017159733129276 21.086269551015477 10.050092237770214
v 17.085722703095048 20.92477291096662 9.964046112072111
v 18.044546412611055 21.052217749707264 10.087473310916263
v 19.054191086486647 21.00249869018763 9.930164322345645
v 20.030038309456856 21.01508677188582 9.088903564676967
v 19.993777444451016 20.97161712221866 9.936586786570595
v 16.060330598827075 21.95383884078055 9.959704942045416
v 14.973921163948962 21.998038969892878 10.007257119813959
v 16.95415415031827 21.912387460819538 10.033327123535356
v 18.030878973282782 21.960105043813364 9.974348418811628
v 14.074775452581218 9.036624936618711 10.071062032471868
v 15.068540993676061 8.917706730579168 10.029655155995217
v 14.047715593715989 8.992766915108865 10.95566901089017
v 14.92889235215522 8.958595160462815 11.024660824278511
v 14.925111888787226 10.019701484452488 10.924524084335713
v 13.96555740439594 10.073542918514967 11.023982860471598
v 16.050106942718806 8.92520774592031 11.030358273418331
v 15.927926849641484 10.028038221564486 10.900105869816048
v 16.907590405127227 9.078232453550562 10.974136965297397
v 16.979336544805353 9.989920789789517 10.900016691402087
v 18.06233903736256 9.02324097924348 11.02815413386469
v 18.023265639361355 10.024097625081218 10.923264577877386
v 19.032669214420576 9.075113876555157 10.001990051145688
v 19.934114367609393 9.094167716957676 9.933856963408537
v 18.919360442002176 9.055240892355306 11.077062397903847
v 20.04123877444057 8.956459572741856 11.055930453082885
v 19.909038508334966 10.014258226591737 11.034839325145715
v 19.07420651615972 10.058262317715172 10.94355223512671
v 14.93743137892076 11.08687124172258 10.939243482322254
v 14.091564349105868 10.92551376592627 10.93772053474813
v 16.030286448275845 11.007747247759411 10.947916843228334
v 16.923986498457186 10.971223151013314 11.065427412665622
v 17.93277346206827 10.907386134864739 10.953337988700751
v 19.037752008194808 11.075807621062095 11.042755649227258
v 19.9202792002149 11.08505309257356 10.973019782487338
v 21.007151918910314 10.066111683921015 10.037300656924508
v 20.988225914146536 10.95267011190078 9.963069328967583
v 20.924493242477734 10.056561506494939 11.0719182263309
v 20.940291122345176 11.053301614703965 11.024078798889027
v 12.962291934090906 11.052470900327974 11.05197799933161
v 13.994550930769764 12.081627042960289 11.027517800244366
v 13.07927447987969 12.049454998322807 11.002550574528199
v 14.955056964835833 11.933478330064318 10.957579544658303
v 15.927384048736899 12.005482600417649 10.935384381680045
v 17.082402617038927 11.99373411422488 10.922268569657087
v 17.991722801152246 12.066011184230574 11.019685535893927
v 19.01988312790615 11.93891635402756 11.049832370077672
v 20.060488802516808 11.905974112916844 11.01662691528956
v 20.977464579212405 11.98251360952333 11.046372597095164
v 21.996790997044172 10.934214303964135 10.031856869991266
v 22.077652654089963 12.047773741793106 10.083513300554038
v 21.9140553301427 10.95596558421192 11.087465088970134
v 21.97390971098091 12.09764354951539 10.996955296255857
v 11.982450244706914 12.07619602569208 10.961517137912974
v 13.041949369995441 12.949922007780009 11.080578122795888
v 12.074346757672982 12.9415629876055 11.085284901335017
v 14.050476100344204 12.983014304186549 10.907894221019774
v 15.022827481979329 12.962310548954514 10.937433218683697
v 15.921257507346466 13.018705478606998 10.969422145569377
v 16.97890190294261 13.049975669742967 10.981971744290412
v 18.02404471756319 13.048387033843557 10.951687654946223
v 19.052832537554107 12.956189007162692 10.932921044382958
v 19.976539708321496 13.079555789945852 11.050875407941486
v 20.935645390433763 13.030395681628912 10.996326421202774
v 22.010454185379054 13.04548049681868 9.967971596153202
v 21.987886991844192 13.018148033345843 10.93741290053857
v 11.06147049576655 12.99683851252545 10.027860119096209
v 10.901662751519158 14.059211645486274 10.096284251178682
v 10.916790965715377 13.035708600651182 11.063756237301673
v 11.943441564935181 14.079312634795524 11.034935676926429
v 11.085326639192276 13.970311190979508 10.998009700489565
v 12.985052568495426 14.03055943759988 11.098711590990575
v 14.012658638643803 14.015621733440254 11.089475654185831
v 15.030108470464002 14.0404859520367 11.081942581918481
v 15.901183232171404 13.960129109545287 10.999998073517002
v 17.088332838015315 14.088804352215297 11.06455013324895
v 17.938325931339236 13.93281492680029 10.975263869328803
v 18.97098541413801 13.934142567331307 10.977392174524972
v 19.91908810891433 13.906548057776131 10.953466518630922
v 20.981533959910813 14.004111520335462 10.965482014306732
v 22.067016125035966 13.969728442964747 9.972292681044152
v 21.945425038158582 14.016132895835423 11.092660530665983
v 10.918134390287415 15.001723060347164 10.033370405408006
v 11.977528722187987 15.093981771334748 10.927476876262784
v 10.934645842688314 14.959496218276263 11.041222973609102
v 13.080259874311643 14.925986467602854 11.09824271744328
v 13.977199810587503 15.080112039447583 10.90449997201541
v 15.063207345053582 15.049387464865287 10.96808410221328
v 15.96689905502846 14.962261183299791 10.972412139794612
v 17.043834201535404 14.900789139202042 11.002212053146478
v 18.067720015856484 14.944607577974804 11.055498484591485
v 18.997533834239267 15.075569924283172 11.025658350878382
v 19.950536513399342 14.946200319692048 11.006801246407022
v 20.98827819259929 15.061317425054716 10.919278804043861
v 22.027766953907847 14.99473575971959 10.087128977972199
v 21.922573460092092 15.019441876886589 10.907788123003469
v 10.912363353258758 15.96015318136989 10.087479225996082
v 11.976632565359404 15.918334736916744 11.018128535368842
v 11.013143421762335 16.033470932877865 11.042236436538593
v 12.92441644701432 15.955166409890978 11.052406063189986
v 14.064561708939188 15.927006273265075 11.065763286140223
v 14.945467205025103 16.0420358981769 10.940992420494425
v 15.995978498032601 16.08738592707972 10.961204416465511
v 16.959546015943374 15.984419189242551 10.903601363735827
v 18.06155659317466 16.074240257341323 10.947135762646457
v 18.938193746255042 15.951634414366605 11.083605852161073
v 20.038349726051916 16.051786460761207 11.078956355742141
v 20.949847366715005 16.04161296930334 11.00005781749386
v 11.094791932033058 16.996663713733643 9.951845043962924
v 11.90601230248151 16.97378235120547 11.029598307249383
v 10.990786613491691 17.018455440391385 11.066072540657967
v 13.076700678572788 16.900712995821358 10.984157002855508
v 13.930942471026441 17.050361527161286 10.935334486778938
v 14.931082172181561 17.00356561079498 10.964107059067342
v 15.98397983888865 16.994684988284426 10.930427937651363
v 17.06854199250055 16.941532868554514 10.986138261558908
v 18.06259859905434 17.05492199586481 11.051606484166035
v 18.958678705929714 17.038509302620973 11.092533374962034
v 20.053492939776106 17.06196479772671 11.032824912776451
v 21.012311313542376 17.046270623709958 10.905244808113403
v 11.028632428605288 17.94334246119651 9.931556766826906
v 11.966318066044876 18.02742373641725 11.07885394274182
v 11.006280846893358 18.021329712091255 11.03550917489516
v 12.918656781490284 17.92227558252118 10.97299743345247
v 14.00416138514992 18.049269685817322 10.993251640826754
v 15.042646467578747 18.09363735225693 10.96507511306791
v 15.959832117708489 17.99282134557785 11.065891717192795
v 17.040062143082864 18.09320515546631 10.958559442962734
v 17.933520426542263 18.01929604938556 11.078158005175506
v 18.933244093340704 18.079883841497775 11.079323915510578
v 19.92005589254091 18.070765022068734 10.969617071202034
v 20.92959179043854 17.94655299851838 11.086786387989186
v 11.089513305395496 18.906172206475137 10.074349145067382
v 12.037312041880154 18.90944701405222 10.990673490599969
v 10.933388073988633 18.949162444506822 10.922364736436212
v 12.911480430977848 19.02850684434398 11.087269074234415
v 13.97352552617293 18.92937878558369 11.093586529446608
v 14.962699258520152 19.0339383375815 10.908791135292793
v 16.046803548545178 19.0965848277354 11.037254808834398
v 16.903489597185445 18.991309806632103 11.099017466433427
v 17.910824669107814 18.991138447057633 10.966242365327084
v 18.98273759572952 18.958035360965052 10.944976356089946
v 20.059248464559797 18.910897779437736 11.006129700130447
v 21.04048231188029 18.931621363427258 11.014067126220208
v 13.038661409450645 19.98180785885044 11.081409506685471
v 11.90021132582878 19.939761477506035 10.984504565460647
v 13.984935574463773 19.951697260392365 10.906783012133804
v 15.045012210600266 20.074284444577255 11.060359541679897
v 16.00115808427087 19.92752348026375 10.920621245367837
v 16.990260202702355 19.981432008914563 10.90179546121491
v 18.073127882920854 20.03367012634979 11.052392833454228
v 19.062353125938888 19.984454187822937 10.968564175449648
v 19.974896178024593 20.083936283312084 11.08920236290443
v 20.900849821446034 20.078329541485008 9.90994875225335
v 20.934188241068384 20.029055178380105 11.018254163273289
v 11.967195043380768 21.064166762259884 9.964100571551684
v 12.996652650423199 21.06459224178356 10.945838417458695
v 11.958622423096974 20.96349385090894 11.028416555940673
v 13.950949566455346 20.92196619449723 11.005868789056692
v 14.958916302115188 20.966495862041345 10.913391686912227
v 15.92089014933591 20.917196967974597 10.948905568025369
v 16.98163784154657 20.997216228632006 11.030370943509933
v 18.06259176830585 20.945091851005568 11.044859345327982
v 18.963424320700348 20.982959759464332 10.924842051120692
v 19.998045278388325 21.083755887441775 11.078144370233453
v 13.941949420656059 22.045438108930426 10.078859720696464
v 13.097619596325321 21.946702344999085 10.000175836634085
v 14.00396390547259 22.004923951942335 10.90409016668704
v 12.976139113494806 22.078318107171235 10.901292312604053
v 15.008223329402558 21.9524758763651 10.953609479703097
v 15.943117027033122 22.036630961047678 11.006467558590764
v 17.064679907674936 22.074456894934386 10.920970251348548
v 18.019788369238682 22.01453616778335 11.063417431236276
v 18.96569774370887 21.989875124971622 9.901435998714826
v 18.974684361858955 21.9632576479309 10.924048473095498
v 14.066770281947944 8.93554522756037 12.051620107340069
v 15.067713885917916 8.932729297629763 11.928543731174992
v 15.042633312567924 9.939085426937133 12.086998854186863
v 14.023500567980431 9.903493224570392 11.923522007881544
v 16.053934809511087 9.046913514204098 12.009906910887983
v 15.945636678746437 10.035875847487441 11.961546035974918
v 17.06733334558196 9.065680558698235 11.915226103482095
v 17.01948574479831 10.0576220812558 12.02977213777308
v 17.91049145187417 8.98374626043069 11.97412870458734
v 17.934750201707878 10.075075234705608 11.96748615745598
v 19.097890956253753 9.016373735651804 11.912434706680914
v 18.919873678911145 9.920480800855698 11.99873772832996
v 20.033573122198973 8.912068697429499 12.080198893307996
v 20.007901337781668 9.907005152507114 12.051917725859052
v 12.007575041352995 9.901239926583456 10.925377837603433
v 12.913898234083808 10.008760994163172 11.040559939396193
v 12.014552394532428 10.986633141307463 11.008618103644746
v 11.947518440449013 10.04611394524833 11.982646272901022
v 12.98751691903853 10.061567302700995 11.948475015236092
v 13.049553807050561 11.07813299646491 12.090822283847906
v 11.941287306380113 10.996084206774361 11.981108097169088
v 14.078084301843763 10.925346675917881 11.938851832060628
v 15.05614087191329 10.98704635138198 11.964601516167635
v 16.024166909158833 11.056655884241255 12.008561655564455
v 16.96143863320628 11.047052585372557 12.097386647595647
v 17.970963695113042 10.99663307347878 11.951922402071123
v 18.960296832483202 11.025718323857507 11.91551885587112
v 20.07625292117464 11.08162441498041 12.041055434702573
v 21.05459197993301 9.957554464859621 12.070595177085181
v 21.047735957701487 11.05648636063997 11.990919923895836
v 12.998994511608561 12.089813899260507 11.919698228450676
v 12.040760001533194 11.942433514752429 12.01967492358088
v 14.067014109596835 12.056005443193046 12.001002611511085
v 14.934209595358237 12.059600219762382 12.02853341726792
v 15.99205115960321 11.979500384762291 11.962246116971523
v 16.98734772853802 12.092016859880394 12.003696349145859
v 17.9874141006326 12.079875041302108 12.073197420354607
v 18.954728257423778 12.003916433336812 11.922846004198165
v 19.93161088678006 11.96419321069357 12.062085764589181
v 20.964264960499914 12.062460835537582 12.094887885895854
v 22.028208698575508 11.087197892642369 12.01536056624575
v 22.088406289844944 11.944058092953272 12.039882051409549
v 23.064095624665388 11.050341072810133 10.977788816574602
v 23.07502914108037 12.0835296729067 11.01851955925484
v 23.084579409762853 10.910115419981647 12.023484027268994
v 23.042431858617775 12.030429924901 11.925978021499452
v 11.083086429342343 11.938527655069404 11.078110318719022
v 11.04418023621224 11.915969188420855 12.069734965799814
v 11.967301311631726 13.097663818523039 11.951141832239687
v 11.012671522451353 13.004990514291128 11.984539472538223
v 12.92123525007356 13.000332569281266 12.013266469140127
v 14.081091736942463 13.075476374446284 12.000029719560377
v 14.979303312775858 13.053687790148151 11.915819208791625
v 16.01024306692264 12.968820542209325 11.919810862496016
v 17.066805710346046 12.925642107058769 12.057527500106659
v 17.960009876417654 13.011053300144502 12.091173639913414
v 18.985840346614033 13.095246395536366 12.01075473072057
v 20.09805640072352 12.9010561333144 12.031430252351269
v 21.01646359529827 12.991165859401006 12.013557587654596
v 21.91099719814676 13.068375761136148 11.959461607555154
v 22.965998573590735 12.929339343115839 10.900807844195171
v 23.037722172290348 12.961108851383333 11.987475313388675
v 12.034526265970745 14.055099916947526 11.90313428479332
v 11.0146346643797 14.028059892852104 12.055933164692357
v 13.081251991954222 13.925582028846163 11.915451237137843
v 13.936161353922563 13.972254762234746 12.06479929990764
v 15.01724717846331 14.004445856932607 11.989206990743718
v 15.993959440277585 13.911383152471519 12.029610200523248
v 16.91114160169021 14.053707538461818 12.031788334464363
v 17.9238572942585 14.09856777862406 11.944209691156697
v 19.08704097660589 14.015508038192253 11.953119808370788
v 20.08384862499808 13.998026867753989 12.032264000121716
v 20.975907056509605 13.916177150310961 12.03602647441468
v 22.06296332871944 13.918768987669663 11.93023581338426
v 22.961643205613182 13.938611801827554 10.968072489711153
v 22.96370020432108 14.069769212593856 12.077436671764927
v 12.059811567409128 15.05116774876944 12.088171469790483
v 11.07917192826055 15.061010238119648 12.044287218520468
v 13.085310521310536 14.924694545017438 11.974751870057545
v 13.94003130076746 15.047535748807219 11.933718052953571
v 14.916290581521176 15.079088446012268 12.042495328888272
v 16.007996984700444 14.901662570095677 12.09178956722659
v 16.968661537835636 14.991500469250637 11.93130428892765
v 18.078786843441737 14.943333506187978 12.041733632121925
v 18.98761501183951 15.015483888110351 11.916531061275228
v 20.057586748833778 14.922656506450801 11.902271481451375
v 21.046358576858818 14.992724461766638 12.031726322080532
v 22.096098855621726 14.965107274129622 11.902307454742449
v 12.029096912276897 15.927086008096277 12.023135020773525
v 10.937054099175597 15.914536228814681 11.98787289388018
v 12.956996206388338 15.906598167213359 12.001778191584208
v 13.983244296975867 15.936069793149723 11.904541283981985
v 15.066361355692088 15.953135432781114 11.912286844782757
v 15.916143211635301 15.900282147090024 12.055595274629294
v 16.98437613653559 15.937516250756806 11.92360919138787
v 17.9807637282988 16.03003203562992 11.976679411829677
v 19.053826546734186 15.990974612784864 11.974857376448368
v 20.044678797067718 15.967237822799172 12.070802979683839
v 20.92351759508082 16.019727667126986 12.073576816308025
v 21.98461921617777 15.969047758924864 11.012527981793628
v 22.067759969721113 15.941803036927233 11.979535329990814
v 9.95762448548864 15.999356039159712 11.010200947139001
v 9.935595795483879 17.07601414339829 11.007138497195806
v 9.986938715647312 16.089259840936542 11.98037795982484
v 10.949646321980532 16.91975639463919 11.98701496810131
v 9.943903644206406 17.05194064575791 12.096480250471874
v 11.908795957479404 16.910043167779232 11.960270006464985
v 12.959730578730188 16.95482323835521 12.079631684693343
v 14.069191705744428 16.90838323158899 11.955364646479646
v 15.086637178297503 17.099623092239398 12.008749928541553
v 15.969495086023857 16.94571554449047 12.06076916900668
v 16.951428263503747 17.081605419927254 12.068632972098396
v 18.092414636342305 17.030163825215933 12.084955709837995
v 18.988461118479805 16.93648163557181 12.07435187107296
v 19.99779063581578 16.909937016549495 12.083058777057403
v 20.941403813855086 17.038086066994545 11.932187168025274
v 21.988100908064993 17.047676107747744 11.002131827126343
v 21.95202704641421 17.074860933417483 12.046566203871327
v 11.975675106475576 17.998529449603534 12.053293010122474
v 10.961775516461023 18.05902731666501 12.07517759246909
v 12.977553374407771 17.910692061373748 12.05056320860298
v 13.94143559859327 17.985863437535162 11.901359971736259
v 15.066616933897295 18.065331412051112 12.068017168513727
v 15.928051117758095 18.029576714448876 11.983875249081766
v 17.032895645928818 18.06067183138205 11.925500971739472
v 17.952729527507753 17.99740186030643 11.916419057067424
v 18.940474685504928 17.992111476061666 11.966188742459487
v 20.03019596412528 18.03291967736923 11.938345938694226
v 20.924380958454012 17.91075151300867 11.92720115633252
v 21.976624925157438 18.091707437267047 10.945665137192195
v 21.959910285821476 17.973999146408772 11.905884744750512
v 12.080829375821619 18.91075253311916 11.97601961009028
v 11.083384407145118 19.068846662707287 11.915992454333438
v 12.960550582585924 18.97669470867336 11.98423617523838
v 14.093078088653431 19.063724882656334 12.030335056819125
v 14.923204718061216 19.066479407105426 12.004548652233877
v 16.05414287052439 18.9499262690053 11.947155351093532
v 17.065450592383723 18.99214536197806 12.085189158771554
v 18.03085065479593 19.067421546227514 11.997211934381548
v 18.942588701530614 18.99961009523141 11.952679134386758
v 20.028095069444664 19.065275745381282 12.043396554388849
v 21.02148808058801 19.011626449499747 11.968278628775977
v 10.956674708524606 19.949339678956697 10.992551136189867
v 11.914757951693648 19.910047683891236 11.94663935057371
v 11.081735846395004 19.913152784478903 11.902936315120503
v 12.94310999253996 20.086321445793768 12.015483696247376
v 13.9297193374158 20.04006898464369 11.962927192988015
v 15.037374861173422 19.931403108633575 11.979342791663516
v 15.902347572030076 19.943329771046486 12.030811871870347
v 17.02401809829468 20.08964719282872 12.069273965495201
v 18.090643331228858 20.085063689974795 12.038223854456225
v 18.978733711763837 19.95527759966624 11.961850581800185
v 20.060066837541253 19.91026200195025 12.01907199264168
v 20.927445285619676 20.093224937851268 11.971611370132907
v 10.90590545343771 21.0400428756517 11.061289584146701
v 12.034289213159985 21.05288242456738 11.969640474155538
v 10.924426878042583 20.904914504306262 12.060527392147835
v 12.931308576755935 20.970026105342903 11.985364201381541
v 13.918689397260547 21.09512029918013 11.933291358192855
v 14.950335945487154 21.07707773524821 12.011597017582444
v 16.020029376989907 20.96850443490135 11.952756036589493
v 16.98545292553378 20.948615600248882 12.086846512225245
v 17.970268106534988 21.00553472086107 11.902249046789239
v 18.957303042399925 21.025338194876912 11.969451610913639
v 20.072480181260115 21.05141497309533 12.051886841597911
v 21.070425411453858 20.94454672646667 11.011519847588827
v 21.02950954609484 20.904869059962234 12.032021165919351
v 12.087771329155458 21.903492030208945 11.082233741635918
v 13.092508938473197 21.924627518717518 12.049600442365682
v 12.085765440505632 21.946178970637735 11.951644243744818
v 14.055854076007146 21.90933531658601 11.982418457227407
v 15.088938106908998 21.96605948919016 11.987457747260883
v 16.008902971455687 22.04236119563572 12.008471506046167
v 16.901593476430985 21.929862181739256 12.007152358915718
v 18.089850076671006 21.9076385605973 11.913212869518965
v 19.057169266046415 22.08333843233143 12.027262270580177
v 13.067067470920149 9.091628396739939 12.002489391318445
v 13.01919085820818 8.972678787142154 12.917523642254423
v 14.058788907559418 9.001733502690946 12.977983001883933
v 13.978071510980762 10.054570073438851 12.987096542985961
v 13.04993922908836 9.999987523204021 12.917622133214156
v 14.95024109270697 9.002674885623039 12.97504221528587
v 15.039415676991712 10.008991702830963 13.022918716506595
v 15.950389488662694 8.92575971976905 13.06721257565095
v 15.918485257155229 9.967041530128794 13.057868207285157
v 17.055213555081817 9.039510077068028 12.951970892281363
v 17.00180917850515 10.034334502663063 12.948404933916457
v 17.92381593067972 8.926716423195906 12.931610085464332
v 18.05367757817243 9.972399251202047 13.071350461551098
v 19.075285420532627 8.959391986489965 13.024737386772793
v 19.095339349810374 9.938640864643403 13.032491430912236
v 19.929980987171977 8.94828490486665 12.926595931654148
v 20.08675634719378 9.973764743230266 13.065621575955383
v 21.076099167483953 8.905339531997557 11.9889979025666
v 20.920953212485877 9.06735116812004 12.980966941572493
v 20.934129037915277 9.987651472933743 12.940351185968277
v 10.966801883847213 9.904078921966455 12.00221943430892
v 10.952471346107762 10.914149923984327 11.989185813359352
v 10.949346670425836 10.082701030825724 13.046313296044913
v 12.054204454271927 9.975004246658905 13.07364283754861
v 12.01943426492009 11.068970933455862 12.998214822739632
v 11.073734914848426 10.982525367519617 13.01544669009939
v 13.09009959783573 11.027236956571672 12.984263282486648
v 13.963759150412296 10.996683269881323 13.041041388999227
v 15.002647073209799 11.070601485456336 12.999420900822264
v 16.04711467928054 11.020803316838284 12.956901989712758
v 16.91022672349429 11.083584491838119 13.087439513954356
v 17.96780846899915 10.906681721067615 13.078851073484033
v 19.07196701024615 10.984668048152468 13.066559133427063
v 19.970905420515933 11.010690450889198 12.924929947454128
v 21.06163402466425 11.019419581614134 13.045222710060598
v 22.063881276640117 10.092828240894526 11.949230649330499
v 21.90586208834523 10.098407644541723 12.96243917249184
v 22.043703699662974 11.043631370344373 13.075944635375523
v 12.08531517347749 12.044233911169815 13.062328710633107
v 10.934149226260867 12.052304080734999 12.95133763933086
v 12.977352830793793 11.904023293366077 12.975653720549108
v 14.007637665813279 11.911703345916619 13.071117671973417
v 14.96892715820841 12.083844003866982 12.905099838034689
v 15.996146573756466 11.921833953856867 13.049149367030873
v 16.918809717617133 12.005199053917433 12.943025104109996
v 18.062194359133116 12.010826121766268 12.991766457931387
v 19.06306805984052 12.086716086715521 12.954112326635592
v 19.96448492940639 12.086640405020336 13.024353817408025
v 21.006324552914254 11.912316253126457 13.080793723528622
v 22.040994605125476 12.02280230058698 12.957179436124848
v 23.02087550133547 10.91606889120856 13.045109515597945
v 22.99182607761097 12.0777563616356 13.07022186069976
v 11.996128851308784 12.990820213299019 13.080560062095758
v 11.043533090185782 13.067826569681447 12.949213680587086
v 13.07902696254051 13.08956602006121 13.073735136714452
v 14.02489945172361 12.963293720849737 12.908810228632348
v 14.915960748323709 12.903578260143835 13.026878707354296
v 16.024592762583698 12.908315687601112 12.925540726392878
v 16.918155985805974 12.97845376319304 13.017977568910366
v 17.924925015545995 12.939127462631046 13.02583545566447
v 19.032032685914867 13.04651538614256 12.98411539729012
v 19.969471610412022 13.02432314570932 13.030983480848422
v 21.069298049828316 13.026689192391682 13.0290681093637
v 22.071466466449294 12.983955719063504 13.078622325200586
v 22.95200805191628 13.087315113277942 13.005547837381586
v 11.954731587956767 13.957799495097523 13.046506755468224
v 10.904619526079172 13.975518390422597 13.070379084286662
v 13.054427826319706 13.907268693200228 13.040073597400648
v 14.07955244480017 13.91632712506647 12.97692438543427
v 14.915011653830778 13.999185587438312 13.04745270772814
v 16.096602206857124 13.96394412729524 13.010199955799063
v 16.92783551211111 13.958638380608637 12.978078960433542
v 18.064059066120805 14.06164199085059 12.975110495019265
v 18.960360452858847 13.935892081315918 12.959492568353474
v 19.979535723114505 13.904593233395206 12.997759964788049
v 20.972355583716727 14.041551651486662 12.926756853940976
v 22.083940279146848 13.96988681705944 13.078250845351583
v 23.070037636623624 14.092288036241458 12.945945884780128
v 12.042745625446686 15.096002136785254 13.094740026171836
v 10.990192423839407 15.043918638118042 12.995976846070276
v 12.995360653929431 14.917593624286885 13.046967978829551
v 13.949111022453698 14.91571346734362 13.060547278006736
v 14.944377729419287 15.023887048277045 12.937202919437565
v 16.095620257725173 14.961728634962185 12.967331239886935
v 17.095244905424604 14.926372684354776 13.084026651424077
v 18.022126491937563 14.948982197924472 12.958724091368982
v 19.019684694396968 14.960907354944544 13.048048076896643
v 19.958157008330044 14.91114203871256 12.98711808134726
v 20.940506799714303 15.031350253939822 12.984615134421437
v 21.994174545714134 15.086519145451597 13.018234610686658
v 23.04199351781639 15.030543029826083 12.099485443305209
v 23.093452112359767 14.929542045025054 12.965070974921458
v 10.060795372286323 15.034100775908684 11.92631000870419
v 10.019379504066563 14.926811447292417 13.086808117247257
v 11.07033498504166 16.025064220005525 12.987738467227718
v 9.980314009504964 16.03417441223178 13.05432639205638
v 11.95698888662946 15.934256926796929 13.087586464287309
v 13.076658993387142 15.983720290024468 12.954554362305117
v 14.070043801456197 16.045509294252994 13.003514835945685
v 15.058591793920103 16.029408190692163 13.026457328957116
v 15.919569208981379 15.963084504793418 12.980583314466038
v 16.932219055169703 15.917505010258239 13.002470868498575
v 18.003554012049225 16.01411212884903 12.926877741979684
v 18.949918378849574 16.080977677753527 13.076289706853803
v 19.900100160215718 15.916406916503197 12.937355643039469
v 21.02558256633874 15.918230762354431 12.992103070212465
v 21.941149743469687 15.9781292473253 12.966701007428549
v 10.902773408864277 16.998538593277534 12.95490561089634
v 10.05243399101158 16.94848908738142 12.986436643049284
v 11.988296488087414 16.981825863486957 12.977068316481743
v 13.00864275703535 16.968610375971178 12.963850106063264
v 14.033953158288792 16.91327900683413 13.02707865472329
v 15.002976994365497 17.07503952397174 13.034479279805023
v 16.045793484775423 16.980936490106615 13.072721552855306
v 16.900679866350398 16.90141593989155 12.98912843344902
v 18.08640855823178 16.9835252037643 12.929447499081578
v 19.056963551760834 16.919739126052036 12.987509718693962
v 19.935095364383248 16.9353519545574 12.919389750947287
v 20.920783333391523 17.041393082466772 13.034421086537865
v 21.947513512163102 16.923151172463356 13.036369313299101
v 11.969518945723024 18.01665707557868 13.021554954931528
v 10.987371000746744 18.044624884180777 12.959282079075255
v 13.002451764220401 17.954013956885966 12.99320115310126
v 13.912176614811138 18.079499354687975 13.04220596219608
v 14.956587364866188 18.0150958639782 13.050647452092502
v 16.010608407675573 18.028011344243314 12.984580022287926
v 16.925303576884815 17.965800263741812 13.017293116680488
v 17.9377383457808 17.978598588981548 12.934018886030508
v 19.068466916000574 18.010142432230154 12.975224667328424
v 19.931553906650887 17.95811488649678 13.086132181831445
v 21.00321717562719 17.973894744059404 13.091315607578784
v 21.907155123667092 17.988199080264792 13.014487073875591
v 12.06460409619577 19.04519555511794 12.967459016776445
v 11.073326401631759 19.071090872724078 13.039219634709264
v 13.013618611696728 18.963334928667045 12.993673675470019
v 14.082083673765858 18.974240960794873 12.995154076479446
v 14.907835535407068 18.95744240826938 12.903587824766419
v 16.097489874236746 18.949364656903118 12.94708414074351
v 17.04195663247922 19.077822909730312 13.00970685130662
v 17.95145841074861 19.097019700856738 13.017042473716234
v 18.999136140114494 19.04072154454598 13.073458530473655
v 19.945361454788316 19.098939635855672 13.062906267139537
v 21.049661292293145 19.042882200513745 12.949354081449195
v 22.05510695718942 18.92460496191483 11.91060638021624
v 22.01347779069824 19.06918891112892 12.93895155117651
v 12.09336452771302 19.93011305041765 12.916666216065469
v 10.9045357992931 20.089634773333422 13.0368794761835
v 12.964279223958155 19.996891534464787 13.028143728735579
v 13.940128515229452 20.07058685543116 12.99697786766534
v 14.950143382543677 19.917221454718835 12.91419368424069
v 16.093539618291402 19.901626918420007 12.995634378472129
v 16.960437016666535 19.993461853319953 13.060773300306654
v 18.028883102403622 19.90790348976725 13.099027545763496
v 19.070275477802777 19.986947280957416 12.941017949788382
v 19.980750566403124 20.010187289010574 12.942654391825993
v 21.046145701456247 19.961418909121136 12.98994044126718
v 21.995529944428313 20.065430232379285 12.026233955218006
v 22.064186567737803 19.980376650892545 12.967294761809914
v 11.936897996065209 20.999458170527877 13.036454510583113
v 11.043241248162758 21.075692104648223 12.908408722046065
v 12.954530517750182 20.95450325112773 13.00788716171786
v 13.915409895440899 20.920322382788626 12.978645167971548
v 15.079131593916339 20.95360710075988 12.97073340372793
v 16.00302869360473 20.94504956908063 13.062620458978385
v 16.923864554522588 21.076922993069026 12.927762386152102
v 18.035776529852658 21.083492002320604 13.010731811324266
v 18.913522182980138 21.039340500408887 13.094409378972221
v 19.970763732499087 20.92732568985722 13.011225246472073
v 21.054364214203854 20.90515254263887 13.074542715809452
v 21.946658680056583 21.043873628693024 12.062668116730777
v 21.94001320257381 21.02916441618744 12.91119557844641
v 13.057424888247853 22.05641553549874 13.081985018520976
v 11.92492869488718 21.927755971683318 13.058112930325247
v 14.06746507284693 22.037074368009073 12.98544874381681
v 15.073755815277195 22.093232137372798 12.948264028595162
v 16.07861140203254 21.96829966438974 13.043467259808697
v 17.015091692248273 21.965070449534775 13.017658599326854
v 18.07947666946952 22.06499890387726 12.92084317618492
v 19.065781296596548 22.035269261901703 12.975026538327327
v 20.038085520041204 21.988902703066067 11.952626908026591
v 19.980580504769723 22.005256071943602 12.933250613051198
v 20.976448674307594 22.033352419910788 12.089078598603185
v 21.070694220325308 22.058893844774165 13.023160876028879
v 15.040466043823399 8.0657049889169 13.024915479888161
v 16.081073204820967 7.997792578214575 12.958458466848736
v 15.060631370022275 8.090603386302492 14.058913015299106
v 15.90150695382532 7.970168628109218 14.031861113100975
v 16.044431788640196 9.083263682808514 13.991546038480498
v 14.94518396020129 8.984713819677948 14.030456255679443
v 12.064773323432167 8.954244475205595 13.027494101665514
v 12.002945265695953 9.092957659627455 14.05150887266175
v 12.944090200913095 8.9727170382228 13.94894390961611
v 13.07847534490462 9.919484800300994 13.974223128288251
v 12.074017729732319 10.025732758763143 13.901998603041609
v 14.048759844535033 9.071664867490558 14.086125744500569
v 14.067881891447577 9.996551233837025 13.917613905294841
v 14.993448855961908 10.056902305201 14.05865908752816
v 16.05328254177704 10.062040346889832 14.03875021289689
v 17.08240405540377 9.06633571498507 14.050279760154625
v 17.041052714013276 9.914109211750391 14.093188095029404
v 17.983271135377677 8.93249491940013 13.95277738576392
v 17.926040513375924 9.908590970202129 13.971985017467517
v 19.034617828818092 8.91297547527944 13.933231033977483
v 19.017570940818157 9.986051459872956 13.93525027830847
v 19.941261469565223 9.052132436209849 14.079582216191813
v 19.98954120483088 10.042659691149193 13.948461937350665
v 20.979153202265326 9.089333883766146 14.010227611113509
v 21.024985906547524 10.070514506910051 13.957224084113207
v 11.072381193921533 10.06783319146241 13.924549462376332
v 11.981190030121057 11.023918507072686 13.946168059335426
v 10.968152569488185 10.972425155394038 13.922687842557984
v 12.919398149234755 11.078812691685537 14.005026328037749
v 13.925202805064357 10.916444938176408 13.91477773558749
v 15.067782183097798 10.96978446519719 14.025902084886905
v 16.02060261686931 11.024427810705703 14.04481605852734
v 17.07064661946669 11.062236110549428 13.92472531892164
v 17.922614808100654 11.059042782408039 14.070110036326712
v 18.991646967025147 11.091674884564089 14.011739517661193
v 19.970539715893576 11.076938014404682 13.900003378855853
v 21.072007542691804 11.078895693350411 14.057689379248904
v 21.9381051568247 9.982105650011349 13.966928838733471
v 22.00214655723108 11.036032139607128 13.955818830041517
v 12.076690674878684 11.99008771982884 13.927214329288175
v 10.948516140832924 12.063413114650542 14.043398960749071
v 12.97148097137437 11.905418346274052 13.926299416666913
v 13.964474689006492 11.956837206700053 13.916312147551205
v 14.907868965547799 11.912009288526523 14.007066024493115
v 16.06266537517154 12.066708482463742 13.945464354697096
v 16.941473361316913 11.960185748541543 13.925750049288645
v 18.039632198147217 12.042989114419308 13.925643709807964
v 18.959715458353283 12.05048715287229 13.98780677286738
v 19.96037988641264 12.060569046499813 13.994678830540987
v 21.029077483858917 12.039845524638345 14.03059007386883
v 22.06100227480725 11.916997730447878 14.00679221929937
v 23.06733020053905 11.03955483252578 13.921942555215177
v 23.02748923428318 12.05664664429793 14.031333846199084
v 9.903503951886748 12.08870120923334 13.09243876968089
v 10.09337420318009 12.914362575458963 13.091047479344907
v 10.068556575585093 11.940249206200729 14.070228892343826
v 11.00610045024034 12.931565367272238 13.986013788142373
v 9.979667976826772 12.948589425330523 14.094122496591604
v 12.034087954267427 12.940282759100974 13.920389616695733
v 12.909736720054026 13.04536120871658 14.032696869935611
v 13.999059186607461 13.07608347446177 13.908948053872486
v 14.986132300287387 12.91451028509519 13.937079222859506
v 15.91171072005305 13.066082977234785 14.006374056848115
v 16.939566097977373 13.063366065508385 14.04649761544821
v 17.917156207506956 13.059472403156663 14.036321174315344
v 19.010852979079274 12.920360427497622 13.938505331299847
v 19.952929816444076 12.912741717954637 13.938724240857935
v 20.90779347793715 13.039218414794561 14.031482316881986
v 21.953109725706515 12.954225270344661 13.969737800938983
v 22.945273927398542 12.979175353600631 14.031759690125318
v 11.904945630922109 13.938692703792574 13.987859637258051
v 10.921563180761215 14.06943067789078 13.908779973581746
v 12.919497103531706 13.945516852433215 14.007840911368623
v 13.974973629390563 13.910991116979835 14.007416959907461
v 14.978729150040554 13.926974387395997 13.943795621237157
v 15.985827170994822 13.992897823754815 13.904230764354454
v 16.96207821936965 13.902464873457225 13.987014630734723
v 17.99297778860401 14.099483249262502 14.050839502483381
v 19.057007526489034 13.93638561139596 13.958300868868031
v 19.91343158381192 14.0491238330904 13.966965412572167
v 21.092041519147283 14.060036412688133 13.997118381574499
v 22.05088871584306 14.086872966808052 13.915655713724744
v 23.036512525893535 13.930442705401706 13.985743734757078
v 12.098704045021629 15.056852659147589 14.071058867536578
v 10.979230152755827 14.902393239416 14.012954162706944
v 12.910299745078252 15.00997891589013 13.93744043540459
v 13.905569044131363 14.933023786781106 13.966606723530377
v 14.939647157278944 15.011995361060219 14.09886713655783
v 16.087521350552805 15.052640886411037 14.09584531279149
v 17.09947416247902 14.97906626172236 13.92619299254201
v 17.98433666669365 14.940219079801777 14.06783317461166
v 18.925072831450507 15.065722683341379 14.040450031304886
v 20.022511148007073 14.905621556206047 13.994892308356206
v 20.996895575733966 14.915482356271857 14.005891416255945
v 21.90884019425565 15.01550905993244 13.905534687603023
v 22.904768647517365 15.02619296615372 13.978668803272779
v 12.015671022351192 16.0163737628871 13.964067848304532
v 11.048498641781388 16.05356250187429 13.9412960840624
v 12.900665782444019 16.019634000689436 14.015697361335505
v 13.961978394015409 15.937796996081168 13.966303066528887
v 15.063822024041428 16.041714124385777 14.087425030320645
v 16.078377169260424 15.95910015702838 14.084668782146673
v 17.002783147685676 15.980504108303329 13.978706300279878
v 18.06067101490817 15.950706432195867 13.91685554020684
v 18.967704105737038 16.00445060194763 13.952628554429312
v 19.966177620212868 16.078928397869113 14.085590681083099
v 20.943462449233937 15.942387221421267 13.991678892516168
v 22.04522139979313 16.044886123185048 13.94645696244021
v 22.93126522694072 15.985363995862967 13.072220911941832
v 23.05491131464815 16.096412727359176 14.04058226484929
v 10.070768679869124 16.037029737793397 13.918683514194914
v 11.068581567637471 16.956181681881944 14.068374187466453
v 10.044874385848198 17.05332278410945 13.92028158649532
v 11.956950678426402 17.072733248401104 13.934608500608164
v 12.906199239821076 17.053540109020762 14.0360092980266
v 14.068613999830577 17.08890918568107 13.938985802975505
v 15.09818831063063 17.0043578693509 14.094275414996702
v 16.044437593768325 16.910997302678464 14.07713583300695
v 16.96611809060328 16.903111713182334 13.974224329773202
v 18.025508451123013 17.020213065153932 14.000690334440096
v 19.07909040413834 17.010115263720493 13.996096398197615
v 20.046960527815898 16.977033630528187 13.906263132999547
v 21.047178336138852 17.09777641978583 14.019795414067143
v 21.979893722960227 16.917920228010317 14.085381117274707
v 11.904546046108747 17.901728389661784 14.075763843126229
v 11.090826918795317 18.007343902985337 14.034577413033622
v 12.974083292108729 17.919225666862047 13.927025947428682
v 13.915701179027716 17.92068803729062 14.05495538191907
v 14.910047574428887 18.067401650250368 14.09266040734977
v 16.08463632581167 17.988455091041278 13.991711352025915
v 17.069044348246642 17.968260907601653 14.071005447754805
v 18.004870916484276 18.04266571796164 13.973841582065816
v 19.03225374830082 18.018384894753638 14.07745973746302
v 20.00430278640107 17.959179787096158 14.019713576834418
v 21.042406949841904 17.999255473952612 13.95050066802052
v 21.97188271020227 17.920006251823043 13.958368016703403
v 23.06424571285663 16.95091042161225 12.974440808256192
v 22.94636395324272 17.965755014142953 13.038114568566115
v 23.029907638083266 17.08341968024897 14.055620492598711
v 23.051664946958333 18.074755188333775 13.99290505455773
v 11.903289668023817 18.99453911891777 14.093061078541039
v 11.024528314310695 18.903390846790025 13.950909825609417
v 12.99677031623457 18.993428022915737 14.049099533499666
v 14.031048975786264 19.053581234622012 13.939800556176747
v 15.05260663527987 19.053597741784714 13.920689905357502
v 15.901875850235049 19.006081643685274 14.098912465126194
v 17.00139827659346 18.935613735277858 14.074019800394808
v 17.99593728873002 18.99533233330161 13.955931884736136
v 19.01837081108901 18.903095312778284 14.078710256590588
v 20.032110126159445 18.94702602490698 14.031193785627503
v 20.937238996146647 18.989850735224127 13.900577148430239
v 22.032178613036795 18.968968461620747 13.931885834937562
v 22.978532602272168 18.94190272036622 13.006655784849093
v 22.969706795003553 18.953471817616354 13.976401364478484
v 12.087382573856667 19.905732096104742 14.067295747871961
v 10.950040306287859 20.052341016085524 13.90921038475076
v 12.95787283211492 20.068461575216713 13.918900430716073
v 14.040910827722827 19.95268323263282 14.08675098644762
v 15.075862581794851 19.904812241366315 13.96817666743521
v 15.942072639308282 19.916818582182646 14.092135878437793
v 16.96247364726119 19.942138351497103 14.054476135935046
v 17.917080328384237 19.910883161195677 13.938259176238388
v 19.092418546542966 20.05673687590046 14.01169399471392
v 20.04033117200888 19.948674845988553 14.055488545711086
v 20.910940741681692 20.018195471009445 14.056225976226838
v 21.97482576514182 20.03098660107615 13.913828987327005
v 23.08904702371776 20.035732967961344 12.996689585551586
v 23.021639807317573 19.900671503010983 14.093002997003195
v 11.996936477326175 21.099616133106405 13.913946046150349
v 11.025874312154304 20.948980511581656 13.959418531100388
v 13.068472710727187 20.931756227003206 14.020723185457676
v 13.91564709303351 20.93806542737609 13.93973427027314
v 14.919813134821458 21.04344605469234 14.06392525425887
v 16.09338573382991 20.979189402147128 13.993623373379027
v 16.940750983975533 21.08203114671637 14.090240983602772
v 18.040935747241026 21.037975119751522 14.00299536056554
v 18.96795221322269 21.09797025102075 13.962597989638832
v 19.957521245339795 20.92734883376441 13.911721143651027
v 20.901917748009552 20.96714902748636 14.073881090533717
v 22.054289705876677 20.94405963751834 14.05180984132808
v 23.051799850955195 21.062132616304496 12.912368655402195
v 22.923844215165555 21.003661193511665 13.929453700743705
v 13.090228374524498 21.99716855685008 13.959730834087134
v 12.010589688793232 22.09021194451574 14.096821439740934
v 13.983683547707821 21.904646315146906 14.085810172858189
v 15.04820233188448 21.916162711831813 14.054235349261308
v 16.079476838221836 22.030529559381403 13.970148947405454
v 17.06175091208369 22.038120259159626 13.903253972150486
v 18.018766383537322 22.05891853191615 14.021407479796412
v 19.03676757803313 22.070687626123167 14.096876300262107
v 20.007214109530285 21.963535312228846 14.024829489703153
v 20.935658881370802 22.07117255716188 13.919231651549048
v 21.96224357003215 22.055788387392653 13.030309776778779
v 22.02487237439101 21.99383695731 13.90866281807994
v 14.08346294405629 8.046081909094909 13.936152088496335
v 14.088454065240018 7.969468773117513 14.905531899517431
v 14.986871318594387 7.98540549329076 14.920710828237802
v 14.969847755013562 9.01397847700915 14.942286848895003
v 13.967715023589134 8.977801370909427 15.070065925697428
v 15.902543895829535 7.988850490313888 15.01872455822759
v 15.959348313298728 9.068550301691753 15.048990062157303
v 17.05728513303639 8.065318385184806 14.054897376573534
v 16.91716375352387 7.957781281535178 14.933399998285065
v 16.903603229640343 9.098653121302242 14.940586681027025
v 18.03744581661724 7.998365923944782 13.952222623011975
v 18.08486120288127 7.959926960147124 15.007828525657027
v 18.09629102330122 8.96173365695913 14.989612311770983
v 11.938411976080538 9.046985340093297 15.066851361898964
v 12.900704369817333 8.987418047970998 15.071534245055188
v 12.963233015362167 10.012938239792028 14.964775480570976
v 12.019421967373061 9.929359744454787 15.074859842900658
v 13.942672724727904 9.959453097482422 14.934685524449227
v 14.9022848221069 9.941899016048454 14.900539045779967
v 15.951043115953528 10.033523033098618 14.928924770535186
v 17.015149834430044 9.993563312443742 15.078090930666889
v 18.000302316652004 9.903244052053545 14.916861476173466
v 18.974928362514277 9.006438082666195 15.083611327113088
v 19.060689870881664 9.932785107135732 14.948333212129542
v 19.95366583621213 8.980088880652081 14.902407243954942
v 19.935150129479922 9.95921772459017 14.915936528457562
v 20.972893691333418 9.055150450741458 14.958381576964271
v 20.998289989110397 10.067358157155878 14.954256699843521
v 22.024686099296495 9.050464775641672 13.976707201933525
v 22.01274915215575 9.08315425143275 14.9308986512663
v 21.90069717886189 10.078866118528241 15.096118453063081
v 9.991768513112213 9.969921751972695 14.021544926576643
v 9.989295236824548 10.994317139815474 14.01369959371969
v 9.90699174122555 10.012820721517818 14.96171764940008
v 10.992436782343242 10.04729396143497 15.005804617489977
v 11.055831527390373 11.088873927467928 14.963362961067306
v 10.086864441919806 11.086068184685415 15.05870394205029
v 11.965951477120736 10.999865981992745 14.971725021343492
v 13.072658776594492 11.033911685426716 14.969374136500214
v 13.979067482665425 10.905561691047563 14.906957827024371
v 15.053663463451793 10.984293142678066 15.01362548453245
v 15.929464337149426 11.081691702859446 14.963626280086116
v 17.036706259017965 11.07710521493402 15.064848056369899
v 18.02709673821215 11.082345952911876 15.085552374114185
v 19.05188404978819 10.951176749021807 15.070292767329756
v 20.020513606278737 11.082681552546763 14.998366166510245
v 20.966218704078152 11.000437823836284 14.902990575844305
v 22.067477448751664 11.020069558568139 15.0584870939326
v 23.007948585716747 10.045320271975358 13.941426611427108
v 23.074141510006598 10.054855684735033 14.969096547423462
v 23.09450775149692 10.936909212145832 14.90128678887992
v 10.938461306656555 12.076858087162833 14.958938112125686
v 10.015327459066919 11.925182580280637 14.933375825836853
v 11.984083613859465 11.99741557218697 14.963862878706726
v 13.02376789333207 11.912524148806318 15.048684887609484
v 14.036999845601786 12.094513652656769 15.011233636157348
v 15.084962668489458 12.055450788546189 14.906123761639257
v 15.950680338965265 11.90630826714722 14.9833802016888
v 17.060498039403637 11.931563200028558 14.998096074964707
v 18.023402757198358 12.043483623098387 14.99008229608374
v 18.973625078318413 11.919726400477783 14.95746953622919
v 20.01707755973757 11.929978441637417 14.999280781724028
v 21.05608424232433 12.041758061729674 15.012702366986403
v 22.01821209662545 12.073519893837167 15.037693189961345
v 22.959699514723553 12.076819470339004 15.07853821019865
v 11.012976851156806 12.932691034466256 14.922799984032176
v 9.94525117996267 12.91838682175589 14.91477747527289
v 12.036223642085485 13.026995900108092 15.097472165530935
v 13.001977535783398 13.018404600936169 15.095123408436184
v 14.093343296014911 13.036100688628284 14.930457007857251
v 14.902157391053317 13.069603824351038 14.910660096112537
v 16.012777191857595 13.096480879793434 15.083301961563247
v 16.949411706522202 13.045439539823047 14.98880002393822
v 17.98391965934241 12.906608583285827 14.918987953227226
v 18.940089467485432 13.09743427854634 14.951246251026168
v 19.907134454330144 12.942223250744469 14.933850886346127
v 20.981703292373076 12.93256832160372 14.989451270109635
v 22.09796656730654 12.983108398828508 14.920201624824667
v 22.99777472155318 13.061514393747645 14.946273280892424
v 10.07322514431937 13.955267801903725 13.90908588326029
v 10.992418580812583 13.971471837774564 14.932164001847484
v 10.006933974725056 14.004210022525612 14.977767787690894
v 11.983344448756277 13.977716145885188 15.023613657795778
v 13.041264755425214 13.943080380354006 14.911305369208998
v 14.025411500954517 14.08629501467046 15.0782545964094
v 14.990061652017246 14.009299161708071 15.09833593419699
v 15.941211873570108 13.9205191570673 15.096918674051134
v 17.081790162528538 13.941493132862975 15.095009020361466
v 17.920571061114664 13.924892067544317 15.010705245308053
v 19.018044543775563 13.937034921888204 14.983747978816101
v 19.989945631423442 13.957313425961026 15.052146124165375
v 21.085060606060015 14.099059481972764 15.003806080571763
v 22.094771921946815 14.021052978130838 14.902418431699413
v 23.07017512919571 14.019657689695133 14.992010932158733
v 12.0642952977343 14.977365655130805 15.031201698512838
v 11.047562705733519 14.95280502666951 14.974479618681464
v 12.93549566731578 15.080358137644991 15.073102929270958
v 14.021263375924207 15.029771539638162 14.994761783294793
v 14.954103221936714 15.078063341963873 15.064408503924806
v 16.014581528603095 15.036301372821766 15.046849271271197
v 17.030708372870166 14.99595454693025 15.015211994842735
v 18.053281716778983 15.030813239536375 14.93406151019546
v 19.013274338476318 15.065377221330133 15.080631676725966
v 20.042457497377402 14.90701893210308 14.961268208996461
v 20.987932687076047 14.96262901861184 15.06841554559868
v 21.952399987416744 15.00716998853503 15.049037300514449
v 22.916513708493884 15.034519911537275 15.080008754077907
v 11.934315785920816 15.941394280779663 15.092854402380913
v 11.073164513660767 15.962341079555317 14.91896032189607
v 12.957905652892682 15.965077877146172 14.969710761346823
v 13.911243462941703 16.039250085259773 15.07352777442611
v 14.991089990057132 16.064057290133437 14.915038316543187
v 15.972434988474774 15.985362294576449 15.038166010489974
v 17.014634640434334 15.923090082400993 15.074938543221938
v 17.92089595430106 16.02994051901859 14.938116611182187
v 18.982749628969685 15.917806012921178 15.008110784483248
v 19.99495024430874 15.923008869458505 14.93321848646737
v 21.01369756818711 16.0874142487471 15.014599989061999
v 21.936091025488544 15.95571880301718 15.010308048531499
v 22.99340214113989 15.935828062090104 14.98933983221975
v 12.01301867507249 17.003171668107164 15.081056641358769
v 10.958615301303292 17.059273441546097 14.996370267450192
v 12.919827500907344 16.928505522597348 14.944265318448517
v 14.076939129706822 17.069365573125264 14.906425337730512
v 15.07202026963903 16.938331243863974 15.015381681785144
v 16.037497712426994 17.050234865771174 15.098146118416855
v 17.066023490711448 16.914339428718353 14.929359957883168
v 18.089757794624113 16.99613613304499 14.981953975654642
v 18.987198340563328 17.005660116697705 14.99941195469461
v 20.019367107823086 17.096049788316513 14.984986020527014
v 20.978322814635334 17.058145183594725 15.083183676407552
v 22.091381879609504 16.941927127090096 15.04278408210437
v 22.902487266089366 17.035882975906866 14.973387907741854
v 12.011467516298685 17.939809200327307 14.91929954634299
v 11.068577885397534 17.917004963263665 15.035545931708622
v 12.913458530000145 18.019443157748487 15.008576751047485
v 13.995522556487984 17.9281675775256 15.001816603178412
v 15.035504032222919 18.04594201053729 15.004686559946293
v 15.9559764497534 17.949079942381307 14.909910284528276
v 17.004715936300883 18.062983855067067 14.929677926322316
v 17.918626782550458 17.923576287554944 14.960971099878185
v 18.945373616572155 18.01411244627648 15.098695357731938
v 20.02364225257443 18.04914537586955 14.919276521109387
v 21.078257185442066 18.039857156529543 14.959256818607663
v 22.044711548266893 17.90550732518842 15.067699084483426
v 22.921121711529214 17.96431092321856 14.901731974951648
v 11.970919705426876 19.020943898172018 14.953820169430296
v 10.903418227499543 19.01420633370758 15.081760656731849
v 13.035524364555329 19.015770383359737 15.062088512459754
v 13.979643875235007 18.981451696417526 15.095820306901352
v 14.987951299778016 19.021178199460856 14.962858527525263
v 16.079519061618516 19.09734948362696 14.96994295724046
v 17.056193480169433 19.06461420775125 15.038010398111702
v 17.943174155551436 18.970121237462948 15.046627732103236
v 18.94487139834116 19.01641009075122 15.0557023386598
v 20.066264141221676 18.94684043306961 14.945743175377963
v 21.08549320512388 18.973745907239962 15.068548593363538
v 22.0723782380576 19.03175005053389 14.948103625474912
v 22.9360822375043 18.976507269061443 14.914665850720157
v 23.919100723727944 18.021029891107283 14.093121944895955
v 24.03159129076767 19.023705357409945 13.963944826264008
v 23.91939980605175 17.94251204723546 15.076250357846979
v 24.021803076202893 18.95234776078167 14.980212467747823
v 11.989753206754932 20.06620616325534 14.988025625294828
v 10.900857996202058 20.002351545050505 15.08088220112134
v 12.903858956737267 19.926445406924962 14.932909752355382
v 13.996619735696777 19.99481015586381 14.957095510874275
v 14.968802151863708 20.05862908010004 14.905609693024923
v 16.069556762760303 19.95924982036846 14.960737797559844
v 16.91026549444495 20.09216529628242 15.094654703321972
v 18.077455686028554 19.903796794900323 14.9408857304303
v 19.09402667962276 19.95672103209289 15.03167071568658
v 19.909499428815323 19.951425096900383 14.908122164720911
v 20.924921377405404 20.042170086547056 15.067839109598443
v 22.010572574907414 19.977854424061146 14.93241130777888
v 22.995838479741224 19.900725038651373 14.93325641907887
v 23.954637895484954 19.936977964654965 14.0211399303474
v 24.053491602851015 20.01284935018242 15.050535096660731
v 12.071442092553166 21.040013948913376 15.031323713098374
v 11.094790575139301 21.02460398210198 15.068997090913044
v 12.904085284665152 21.034036909693903 15.027052022148432
v 13.95084953980085 21.052011063801373 14.928166071282488
v 14.96592764137197 20.99587164026211 15.03198295888875
v 16.011955389105047 20.914286141652333 15.01273110036826
v 16.94427065203496 21.008363297798873 14.952411173380337
v 17.91824590660062 21.02466645270703 14.980996988657429
v 18.984212769936505 20.983930478155365 15.077391001924108
v 20.036691812294254 20.910167652460153 14.905035248912899
v 21.02425412130319 20.925516646525427 15.079898699550437
v 21.982238166005054 21.02768626627167 14.94889161481091
v 23.018129516654906 21.031568622755138 14.918090800240735
v 13.08718245782374 22.00132740670907 14.901248274718904
v 12.080010757433165 21.927130789057493 15.01701665680002
v 14.066678914629733 21.9584346304046 15.001607921496966
v 15.092421203715569 22.072933761132532 14.990619596178414
v 15.98588516146787 22.020136082902486 15.069918779780867
v 16.920832237049268 21.966952027976372 15.066124000747818
v 18.036252455363183 22.05076286143065 15.049931378799183
v 19.004305695981984 21.999751073659382 14.981959022839382
v 20.081021998911265 22.011736989053546 14.910832295327056
v 21.02295537290419 21.96448766609705 15.06830268134522
v 21.94859327635111 21.974106996461867 14.983182312042283
v 22.910350733400968 21.991845633349065 14.097733176281794
v 22.962999530900976 22.068949996492034 14.929842249938824
v 20.958994763152496 22.944571741366463 14.071318308429749
v 20.056612471695697 23.069598407499637 14.034107630959141
v 21.007533335229844 23.020910097002737 14.917359164481999
v 20.090110290020135 23.023686468158463 15.055922309548777
v 15.010510869761157 8.072596301701859 15.948024211533202
v 15.972856610718415 8.051719179939509 16.08738237476638
v 15.99890166106131 8.946590415657413 15.925810966286818
v 15.043951168928068 8.960660501283247 15.99568570997758
v 16.901860647438607 8.070492044289518 15.919110363738262
v 18.029900607842666 7.900386255821307 16.06453119410526
v 17.91141557362709 9.010562379798026 15.964247889923463
v 16.91809584578164 9.076970855106254 15.9699705522638
v 19.00610173314528 7.934332226746866 14.92854346118105
v 18.922338177630134 8.078536411802649 16.060342126076872
v 18.943177679087338 9.006789933404093 16.040875459802496
v 11.068440459246792 8.951104000455757 14.916846072989221
v 11.035960554610385 8.924482813920362 16.080119188861918
v 11.914838455165519 9.070635966780063 16.05760159503452
v 11.967946249728156 10.076708590744905 15.972498915354421
v 10.921739736682635 9.9088242363492 15.987995347401903
v 13.053125089398936 8.913584581553517 16.072921753693674
v 13.02761801326919 10.072693530005504 15.97656090554471
v 14.00710449720903 9.025089079977713 16.085368293919736
v 13.96792679090656 10.009369663920788 16.085706251375537
v 15.039191057522427 10.041816709385706 15.963040216929711
v 15.900712654541184 10.073015202318933 15.923972982466154
v 16.92821750415197 10.061694907051075 15.992594971916537
v 18.028380968810993 10.083740692762573 16.025439952309455
v 18.981276992304245 9.989276974915564 15.921147823461492
v 19.91896880725998 9.027468839333945 15.969393322220231
v 20.0941540482913 10.094876750666227 15.972250517975176
v 21.02096326946024 8.959339345744958 16.09384577658435
v 20.94177936376697 9.903277535115462 15.900814108574338
v 21.92407729885694 9.007318224620173 15.988759300678522
v 22.04996650882234 9.937806391534698 16.011994004323455
v 9.922957340102814 9.940548411185667 16.056600997500702
v 10.975441112650541 10.99145624320508 16.00771283175553
v 9.923153230680898 10.926901357441531 15.960035358656635
v 11.993727877113129 10.92298660635024 15.979655672552019
v 13.04727560916023 10.90071143746596 15.919640866414532
v 13.907548619842942 10.920427108806287 15.934086876379151
v 15.077644034000112 11.002342278718451 15.940019615240615
v 15.948245586085024 10.933689812375725 16.061619373411308
v 16.90163120998437 10.938098096478805 16.00071067085873
v 18.053693424590616 10.94968894680812 16.035683020069225
v 19.035955370652403 11.029127540535637 15.939291220254267
v 19.973168654241405 11.004160855220947 15.937281417036402
v 20.964798878887876 11.079344143790637 16.03702211604578
v 21.92300139289479 10.921150247100984 15.9063498510292
v 22.950016339422803 10.085704175158137 16.089429673534628
v 23.020791805287757 10.904906450084976 16.051414975252314
v 11.09988067674588 11.910583381691197 16.023788986739337
v 9.95609147140808 12.005808171519478 16.032216654124053
v 11.984151608300868 11.953414953391412 16.034104693337106
v 12.921903561422827 12.062921891281558 16.085823086029816
v 14.020923320166373 11.945409281277227 16.034844089700517
v 15.02085905188772 11.977494796096215 15.975415697045602
v 16.032937614020817 12.0781766696543 16.088569134417916
v 17.002439751319532 11.935809382758132 16.03350372353294
v 17.997415709078602 11.973311198830691 16.063872765065188
v 19.072785671170777 12.066634794476474 15.96289034710477
v 20.096305644366712 11.941479554598788 15.963755860903817
v 20.966637520658143 12.059210367417203 16.043360332493414
v 21.942699439351287 11.963884826086758 15.937494237032718
v 23.004996704344634 11.932268679220153 16.001052956138214
v 11.027796865580939 13.023796909742178 15.924236229331331
v 9.956630200990427 13.049493431233325 15.927385833398754
v 11.99461676825722 13.09362470337913 16.007284689657446
v 12.92420504991833 12.936638801666062 16.037463513008827
v 14.09383441144971 12.912635213859822 15.937627931695342
v 15.001722660865127 12.998539824433212 16.063160709738806
v 16.032037902621777 13.092239560167805 16.091204516187616
v 17.008566773716215 13.03329448297995 15.948814728676112
v 18.046725921254666 13.076656112788744 15.981805138419551
v 19.005224968130324 12.998243011885558 15.947429127224934
v 19.994583731181326 12.936548147669459 16.02042862903292
v 21.085596832026955 12.981387475096342 16.081115231144494
v 22.083417639622656 13.020011677270292 16.04139110516993
v 23.021479003699028 13.053789494499732 16.07579535829252
v 10.939081027345358 13.95458530400516 15.911749278830635
v 9.962969281738834 14.083441512786505 16.069353518129454
v 12.029507937264475 14.03021559377007 15.942686300519314
v 12.974332876426098 13.912962376425869 16.065266909843345
v 13.955607736500953 13.931487053345617 15.91346839651133
v 15.048816693485653 14.039541461865051 16.006806624339813
v 16.091205997632976 13.969543913476851 15.993622275667514
v 16.962855851524566 13.945467069518068 16.075715292494138
v 18.03821824586046 14.014275664302398 15.960267118491824
v 19.085244748507332 14.090093644280968 16.026876967788155
v 20.090743199462477 13.918441444808376 15.934323734820325
v 21.076881477061143 14.008364564478399 15.906076608515095
v 22.075651155193487 14.012968217539104 16.07089792890033
v 23.036354658443518 14.039659327916455 16.034050529437994
v 10.008573355123874 15.083688587923824 14.933931929854094
v 11.097269922209959 15.018688565494104 15.98324170130296
v 10.015489779292222 15.03461409407362 15.934476806571427
v 12.00139646545535 15.068429314577395 16.084215873254475
v 12.994723612571452 14.93634561863187 15.916417318836181
v 14.089143056572498 15.033908183546279 15.927913224211027
v 15.08027080133432 14.948507570761716 16.06381342495146
v 15.960162654773367 15.062974007075319 16.08802405420674
v 16.98749941138638 15.00990815348725 16.066759209906245
v 18.07464083492214 15.088592505046153 15.907969168281472
v 18.982851661867613 14.932740051471026 15.91019399901012
v 20.001118508497367 14.963310619948249 15.927446697957498
v 21.06991101906912 15.046947295059374 15.960015086245512
v 22.028282554909616 14.985273516715107 15.931308671927606
v 22.999022870840655 15.070715917289254 15.991761608543952
v 23.981341547512386 14.061940641899566 15.00574491322601
v 23.94810392751665 14.994089969497043 14.949691545442
v 23.904018312954964 14.095173997005924 16.01227375150321
v 23.904234491572772 15.013645341588326 16.005846979041046
v 12.011256089098174 15.977447042818781 15.98369978726094
v 11.098824237891623 15.947227970621277 16.08348567865975
v 12.945566938536667 16.055271413008803 15.93408677198967
v 14.028314406529804 15.981551859526807 16.02008236254625
v 14.909883951902433 16.0104606174346 15.977995822025905
v 15.996545590938489 15.925828939052748 15.980956536253627
v 17.0534580829544 15.951960942283105 15.943560950567878
v 18.07239669951752 16.016631591145913 16.096220247707404
v 18.963291054907184 16.093772585892825 15.906392327059676
v 20.083186390467464 15.933359546298414 15.95579015087604
v 21.02282323696875 15.94276354134901 16.00336261240591
v 21.937132993104377 15.983988660601362 15.979769399958672
v 22.90757164993943 15.976654006327603 16.0398025476718
v 23.9925390637119 16.01923249625805 15.091213514858655
v 23.925286800787966 15.923705358318166 15.948971843779589
v 11.907609204321375 16.937708044735448 15.910531215790089
v 10.974863538418736 17.032816385539256 16.03047633942335
v 12.90841672492925 16.96759247735732 15.925969326262116
v 13.954113941172965 16.922933858401635 15.965980638635004
v 15.001480788811527 16.986150067656304 16.004914198249256
v 16.00696009107895 16.930327514600993 15.968391370186593
v 17.01498510562439 17.00009234591636 16.09407291220044
v 18.02278520812904 17.049197288950126 15.949649575014899
v 19.065911682430457 17.045864541958256 16.081170047172392
v 20.099405160771884 17.087767169676727 15.993208729488918
v 21.083069501565973 17.068973118562926 15.980197342180377
v 21.965240572152954 17.02508400876488 16.028873666322276
v 22.937298325758906 16.977646682427345 15.926072989171768
v 24.043892383023326 16.98280873154861 15.034996044366398
v 23.984684840712234 17.027288112255206 15.951902474174592
v 12.026187855101282 18.03187313779712 16.097571920387175
v 10.938049588036781 18.024670155697013 16.030209232266266
v 12.97033391923106 18.069782451353916 15.931625405995177
v 13.934489842974486 17.955809718667698 16.032914489639833
v 14.923632715963073 18.067159924088696 15.926881883445372
v 16.05540762408266 17.996719208295644 15.980150457815363
v 17.059303470580108 17.911141887608967 16.07429988632812
v 18.03859098853917 17.941128381607697 16.0743152941455
v 19.051118210967 18.01532234083173 16.04302088971145
v 20.067556880689832 17.924464404417204 15.921066353905001
v 21.05237359213755 17.98252691480912 15.947302164707798
v 22.0922064694749 18.098215942758106 16.00016032564667
v 22.975132635017747 17.963286845490202 15.993792087692215
v 24.040070381227373 17.97129467874992 16.055664543741944
v 12.078243505224018 19.019957965139927 16.0330383978694
v 11.03183681024294 19.062180371313683 15.982513667529993
v 12.925289190406248 19.088894646617717 16.01389735344554
v 13.983100486767745 19.090156150697158 16.066029388991886
v 15.055935260697906 18.98541613801262 15.989838334191736
v 16.00802267994141 19.071400836470357 15.978775911587988
v 17.07011490818657 18.992087907409964 16.00305405105775
v 17.983008590011615 18.997983493354624 16.04974166532053
v 18.90388950763536 19.012555340981507 16.081380188163262
v 20.038897413941346 18.946401605245597 15.980496404845436
v 20.95505640749657 18.907188776904654 15.934328756177097
v 21.910817913627955 19.043740524522217 15.90315510613644
v 23.08816214233433 18.992788016990232 15.953987902684727
v 24.05527875322137 18.954854506806264 15.939136402582317
v 11.982244780419315 19.906759937478267 15.963544063335869
v 11.05077466005932 19.977795098928762 16.06495543572054
v 12.919824067681052 19.994688408382515 16.070245974652995
v 14.092201143554417 20.005049062656607 16.036428853760018
v 15.002600971936463 19.997602160377973 15.99775708938086
v 15.940511612788244 20.055070556004083 16.01807354414102
v 16.998387603153375 20.08545956683188 16.068020827287402
v 18.051021813902747 20.03398489336246 16.00511667544576
v 18.93353889061931 20.027659560648882 15.996440051772616
v 19.904979607303492 19.942025525205867 16.06925859257604
v 20.938686009953603 19.993211021872803 16.092710869049412
v 22.078296956965648 20.085321164098115 16.098701738505316
v 23.08069467434346 19.9188488007745 16.016006265123348
v 24.091613518551142 19.905738792419754 16.06100624166917
v 11.947998522617391 20.962820521282218 16.01046788399073
v 10.923744720539206 21.09650972863117 15.988035859657613
v 13.024586512555514 20.915657424541855 16.01436901326166
v 14.013324763567992 20.90422856863722 16.058514055470898
v 14.979770461618028 21.07219349002363 15.903399580546408
v 15.956572808357325 20.994772868370347 16.041147196810172
v 16.980111710302058 21.091316894326447 16.041013244361523
v 17.920426496371867 21.088481435096647 16.06755202385385
v 19.02661863613343 20.913687548588516 16.040990186471284
v 20.06487370645447 21.01986875516045 16.00322844519052
v 20.98944665037074 20.97690839072561 16.044023957358053
v 21.913127965749748 21.00367000514189 15.974913878330288
v 23.075824027729404 20.936112417358093 16.071636535648917
v 23.947018642132715 21.05294354300502 15.0303791129064
v 23.90265937803832 21.04369864635326 15.906508177226538
v 13.006845574776802 22.077406439512373 16.011802313178837
v 11.942444499801757 21.956985162361498 15.911102114670616
v 13.988645582617874 22.06635595966842 15.912211720107457
v 14.92148186566239 21.99396310864085 15.929717857129882
v 15.956438924972419 21.981293106659013 15.930610562033554
v 17.039584302673216 22.09784074804947 15.993169122267501
v 17.904970372852826 21.966178587605928 16.08452817787031
v 19.041241718484205 21.935089384398495 16.039282850400365
v 20.025701886255256 21.91215899262952 16.08049410064619
v 21.00009501953877 21.953241709172065 16.080674413170385
v 22.077045422976955 21.98696428337614 15.94168988993151
v 22.990324548777842 22.092705933787784 15.938717429780358
v 17.091637926029406 22.90467619311282 15.000647984481311
v 15.940444200385759 22.97807321110733 15.07998172550416
v 16.97872202110468 23.022337511014495 16.00662637801689
v 15.989269552257259 23.0924073946142 15.918403925329423
v 19.062147335549014 22.9945450217485 15.015601786725457
v 19.96659240041427 22.925203034889453 15.96766181326427
v 18.928789718635382 23.082719078253977 16.021872933840324
v 21.0665258324913 23.005093211714364 15.978436832853857
v 22.016986047418076 23.042535550115883 14.91348493570017
v 22.040072085380306 23.073677289139116 16.034206027425842
v 14.904393039653058 7.905700794710533 17.009573496745183
v 16.08964043796883 8.063163630491593 16.99085090962981
v 15.990998597527973 8.933342484628438 17.034046791984153
v 14.919266691204697 8.979393287621114 17.084891404362793
v 17.051409656645795 8.056012413915209 16.919883659393495
v 17.072658968321715 8.903395265356613 16.989755193491504
v 17.945696957109504 7.976056484297836 17.027654480213172
v 18.027734336373573 9.060696764073214 16.980219960992933
v 20.094291384860963 8.03095443784276 15.9962385211144
v 18.94352764887994 7.926447711629622 16.948903731346054
v 20.081610511914384 8.048806605542811 17.087659732087445
v 19.930995092715957 9.04973994271806 17.00935011095758
v 19.091610425815425 9.02397505939194 16.968878512442796
v 11.013701351646139 8.907969516847748 17.090856419498326
v 11.976526895123444 8.923727501544926 16.905954586733557
v 12.077134108122648 10.018362103648874 16.95044928096783
v 10.987001876900294 9.901104220672671 17.022897313859666
v 12.924120128431525 8.953725404230383 17.064078272145007
v 13.011745264547582 10.091397801967307 17.0952319504752
v 14.057583803374168 8.911666256072296 17.03080299796644
v 13.999759264867322 10.011442454762257 16.960618084344343
v 15.09842215169073 9.98304926996366 17.024294424866063
v 16.094618154716354 9.98818268988805 17.0264973439426
v 17.09346390129912 9.953027560343934 17.0215743347884
v 17.95725971620699 9.93531341551741 17.087888874488634
v 19.007286246505082 9.921478042222299 17.050486858439996
v 20.00764389803327 9.993355518408432 17.066498307479257
v 21.058152589952705 8.92566879388558 17.0190734493422
v 21.005878978893787 9.90076203635769 16.94493278851588
v 9.921158865320987 9.9927475769194 17.033618564034544
v 11.015347821834037 10.962746606114479 17.07766733473383
v 9.937380304642408 11.017562588563399 16.96975757786144
v 12.091602402407762 11.044968893148077 17.01290304328253
v 13.086379761212275 10.900756156340872 16.936323446044547
v 13.904457978460933 10.908911851107616 16.91197834029222
v 14.959995824933232 10.908242804657265 16.923927243882723
v 16.07399172285547 11.073146536732805 17.049007051967628
v 16.987592865807652 11.08963896327909 16.99658827347207
v 17.9917874809712 10.969306739271465 17.05192794648362
v 19.093447194748062 10.960084521119684 16.957267926840508
v 19.955011755582998 11.074799008723462 16.946890417283115
v 20.96629785815281 10.921914254579177 16.905856616765817
v 21.960205419956704 10.081443515635431 17.040633465459496
v 22.032649683017787 11.064064760486076 17.073625746925078
v 10.91443791671411 11.92759671053652 16.95449756280586
v 9.915102039815862 12.064160931548773 17.001989490166093
v 12.034852265959444 11.929041434380569 16.92417639710564
v 13.000294106802201 11.942204824890226 16.934602084214475
v 13.946382764081314 12.07587053683004 16.977146809640157
v 15.047737747311754 12.04084905199007 17.098468708186516
v 16.073759808034417 12.076191705642048 17.06546492391661
v 17.078513952176806 11.901947789433558 17.09234776647855
v 17.993737376080166 12.057505638183072 16.98427185618739
v 19.06699675242578 11.968100927137263 16.95270306483137
v 19.92264943203308 12.058651866447823 16.92867617489328
v 20.951108018942232 11.961592892840224 17.048589937533013
v 22.01070309852529 11.985139450381627 17.027503425114784
v 23.09706712252837 10.982258062647036 17.073017603904923
v 22.9856728517993 11.938293945962275 16.997203269886963
v 10.930324118337412 12.912260731034166 17.072085188808625
v 9.991582123078318 13.014433580173026 16.90311789258772
v 12.031193571390022 13.09893172631911 16.953813197992666
v 12.901211231555784 13.092655770848872 17.097093440156634
v 14.081814071759513 12.966493922648057 17.03114092596532
v 15.036385211005912 12.933508709414605 17.0029122121445
v 15.911156598394875 13.069505174927597 17.069464446451015
v 17.002354419521758 13.023700112639657 17.03609058143605
v 17.957695233238947 12.90451008995809 17.069270028612685
v 19.065749646097192 13.083870551720626 17.007461398001226
v 19.9209384076397 12.975491737190355 16.92571569332158
v 21.09560024087179 13.075616603577027 17.063834256970402
v 21.9861268609068 13.05719922694713 17.04903578998541
v 23.06215833950672 13.031773849762828 16.941608722738522
v 24.084975801517952 12.071124911545798 16.05661635396208
v 24.002350010018645 13.049843453309792 16.02058257223939
v 23.96384063848657 11.954537619476362 16.900600149178736
v 23.96019258573706 12.940173017852251 16.925140294274676
v 11.019862664692683 14.043494821984995 16.95775264270362
v 10.054986887437698 13.914445557999617 17.061286285000733
v 11.911947293884172 13.941921757586583 16.96896940196382
v 13.04856703033655 14.000284993200006 17.010305063732016
v 14.006921160753077 13.981144651976624 17.076113201530152
v 14.927579418382367 14.05813152867234 17.00139688038489
v 16.089518826567137 14.008343028458267 16.996044063832898
v 16.918166611251493 14.070283715832117 16.998305647390556
v 17.9973600827845 13.939341526019174 16.90886712722574
v 19.01082829729378 13.9588759614015 17.019868502014535
v 20.01892379019787 13.984899245015448 17.026567538694835
v 20.934562322738714 13.946366088595001 17.056019993202412
v 22.097292685545558 14.058674477054618 17.063399741678005
v 22.969677001524335 13.914754309777306 17.04570884567676
v 12.065270602322158 14.903406654050377 17.059228852021583
v 10.911031097320157 15.024688514540042 16.963487690758722
v 13.075228409335597 15.0252257601594 17.030194900058724
v 13.945269781268772 15.068857414225656 16.945835634644812
v 15.041095908551652 14.944310562920437 16.97703113394824
v 15.927973067190116 15.098488420180807 17.085410217992397
v 17.01387749933674 15.048125380374357 17.063858723445435
v 18.071195023415783 15.01078456708417 17.025751494439774
v 18.9098539383759 14.925092352596714 17.00064326937442
v 20.01367478829786 14.990611323962256 16.93797549781186
v 21.087409536215343 14.927509281330865 16.90022386427062
v 21.939166642852555 15.079091020612363 16.950485625072133
v 23.054543361109694 15.018317367345155 17.03985774234398
v 23.914324312483746 13.902191201189652 17.049125353850336
v 24.045730448389 15.013488664214089 17.06681969149956
v 11.919870480678043 16.09692445257388 16.996503367924504
v 10.989000701018792 15.998719560000584 17.005165756602725
v 12.959793322187654 16.035170517029993 16.966578118941694
v 13.993560256062965 15.929095841178677 16.98617828457545
v 15.078325717075913 16.03534472353736 16.983074859079302
v 16.009200103272054 15.900100919762249 17.024343635589698
v 17.099909553017618 16.037300129183862 16.977876620362224
v 18.060524678361528 15.963317894921945 17.01662197198685
v 18.91206373676972 15.942674795971964 17.014324967164697
v 19.909434668054182 15.901939239748277 17.042447703354163
v 21.093517548182625 16.056165397727067 17.056572460405782
v 21.934712365631786 16.007592569076486 16.94889608875945
v 23.00706987960051 15.98451966901405 17.00941706683314
v 23.985447205369393 16.01426056503043 17.030597003568904
v 12.070057795641496 17.01065862058974 17.07896639566008
v 11.071088282976838 16.934552885949902 16.942288917386485
v 12.92351026572747 16.954176173865026 17.006586002491854
v 14.007590821302465 16.9521037164523 16.92181567707264
v 14.91067727403397 16.99298492383803 17.08254271922936
v 16.05902379352426 17.037200821723157 16.97374897547679
v 18.02935665439874 17.005956232213897 17.05360221625902
v 17.098328536643944 17.05458955733336 17.011929409883567
v 19.08040622886666 17.022201632500842 17.02706334219716
v 19.969709215309315 17.02894404815245 16.902142619950013
v 20.992605729515773 17.00891542428808 16.95641233230313
v 21.950224221039864 16.932899835927245 17.096732391558394
v 22.902989788550624 17.072343567442662 17.06144097018357
v 24.029355185449234 16.969619803332467 16.90105330923953
v 24.98874991329999 16.023847435254304 16.07160022749822
v 25.06553994629345 17.018124833651733 16.043463205123093
v 24.979120761700134 15.999313251486026 17.06486813513304
v 24.949572028537887 17.099974848657272 16.980974808999488
v 11.995625421610322 17.962478621512005 17.047813833568146
v 10.996965159367642 17.912339706616038 16.948318107245058
v 13.02703331862932 17.90456773290431 17.095823845071337
v 14.08576793844959 17.958652171165458 17.004704406938455
v 14.937694382403233 18.02788782320282 16.990905473366126
v 16.04705282261839 17.986833492598223 17.036872422339343
v 16.992903939838556 18.031930606503252 16.969403398678587
v 18.05847359251412 17.90560990768743 16.91452660257294
v 19.068127244945835 18.050386691636653 17.09237858964618
v 20.023452583725433 17.9237675061764 16.9935075752292
v 20.983542847931602 18.05668937767047 16.922473329179397
v 21.957587423733507 17.97885952456951 16.933951545339244
v 22.926250205757974 18.0913709161894 16.968702566867385
v 24.075238782473914 17.96903879492336 17.059045492440337
v 11.98509256831669 18.906030145360457 17.056440225558873
v 11.001030786227789 19.0289036972043 17.002905789584776
v 13.029204857549768 19.096135780013043 16.983217744986533
v 14.007858278930609 19.04805348785942 16.986617215846326
v 15.027959762567894 18.951546205294175 16.987724770836447
v 15.943095660824657 18.998347860063475 17.023878355730048
v 17.06665475872716 19.050305117260276 17.015196550474872
v 17.940539822071287 19.014139251649244 16.984720606873587
v 18.9620012448362 18.936922002996706 17.07034651581966
v 19.9442959500459 19.092996170156876 17.063737013766932
v 20.97412468124989 18.931685487178946 17.004348872974035
v 21.95515100765335 18.916192599362496 17.019383735478044
v 23.012088847445312 18.952591307918183 16.976476590130154
v 23.92403903570659 18.923563891901583 17.02893986570183
v 12.068018780294484 19.904396378224106 16.99404005212113
v 10.977830508200054 20.05745584539096 17.05061474841696
v 12.964803704218033 20.059831794973604 17.077496969451463
v 13.945785166811197 20.000102981322932 17.025136997792252
v 15.013357131284135 19.94082319787297 16.956284592796568
v 16.070617500521042 20.015609622147934 17.005570693194848
v 16.919281340805732 19.900953355311984 16.946042111839553
v 18.008149258952912 19.973234127204453 17.002909572833598
v 19.0565091392319 20.017885181031755 17.068350947816143
v 19.93368660011617 20.057757048826527 16.98012877743579
v 20.99219917892434 19.97052491408207 17.06830513432229
v 22.055182416321546 19.905720832070266 16.968185748785547
v 23.097657100584886 20.012478545843603 17.049116773544693
v 11.96526525939568 21.049964888638538 16.966958397048796
v 10.918025159586474 21.082929722266588 17.054034810524282
v 13.064831328202745 21.019646657905867 16.94227386692158
v 14.091807135448684 21.06929919972773 16.968087303087813
v 15.005314136421747 20.919789452175426 16.99960481830895
v 16.01088354399125 20.999086083124052 17.084421470687662
v 17.001038982305726 20.97855765911181 17.026895029070587
v 18.042387257574646 20.983286702513183 16.90455015812492
v 19.022298908612672 21.071050769431782 16.97594623931698
v 20.097957331560995 21.021397877411573 16.933711226019405
v 20.989019745747083 20.978294998302626 17.067804307029427
v 21.981613489477212 21.007998876692835 17.0627740429786
v 23.02508993097345 21.037506049896717 16.942717961100183
v 10.930607929966188 21.962677437227974 16.03694157231313
v 12.09347441278766 21.99202876511531 16.954477352633393
v 11.05364324942678 21.950299137964873 17.030727199057274
v 13.043204839572574 21.92771990777788 16.97165743853507
v 14.057263867702549 22.008720352674473 16.912156875237617
v 14.953486436681398 22.082451239455356 16.927183736786617
v 15.915729042829657 21.926385881676012 16.90318968761171
v 17.010497824171374 21.979100034783876 17.012740885477264
v 17.96569737507029 21.95617212092011 17.07322155966284
v 19.047353986535747 22.0917670626498 16.95748436455563
v 19.934160818844905 22.050736084846964 16.955211369496553
v 20.946995394908907 21.962080436011597 16.959866315121033
v 21.994892274832896 22.06360237344618 16.923467653066748
v 23.087139394964257 21.929380531991466 17.011842376480615
v 18.03284461504999 22.96387532845865 16.003472220872062
v 19.018419438798684 22.917501831568874 16.958581108884832
v 17.916502321964312 22.98970468279491 16.962549024062614
v 20.088010306879493 23.00771966365533 17.06608366200847
v 20.944035897139972 22.9067911599278 17.068199322340444
v 21.95550493234238 23.0089266325511 17.050822235403675
v 14.97146897475274 8.082302485702973 18.067268261706424
v 16.04475599583645 8.036296361791921 17.939178017256886
v 15.906487502541063 8.995575815461912 18.06227886059066
v 14.941306531545264 9.073634699467302 18.051579550709786
v 17.02856027416843 7.971151095405296 18.071664622812758
v 18.063891299202254 8.043408387706217 17.933987958528075
v 18.011811758862713 9.012932949147528 18.08722979875342
v 17.014528558933723 9.016425225904747 18.098587297805203
v 12.04045269125513 8.934740147134693 18.033489971368407
v 12.907638014799444 9.018295459862728 18.089195356939346
v 12.998679807322267 10.043289142385886 18.077274612691927
v 12.010663243397607 10.054946462168148 17.918372210530986
v 14.030708300193865 8.962399411116024 18.070134191338937
v 13.992422506245136 10.067556702526142 18.092252691660892
v 15.052351400576015 10.080515714184964 17.99524107853846
v 15.936572162821635 10.009070607715339 18.02954328064929
v 17.036797487859857 10.017021599319136 18.086142488250097
v 18.022880647216223 10.044776057745407 17.911608268874474
v 19.024824027000417 8.944529143896439 18.055534896270874
v 18.914493654426717 10.076233296473449 17.933408757471806
v 20.046247969604764 9.080328404078188 17.904194196383102
v 19.9039149499087 9.956750518919037 18.067956295177677
v 20.97792553881919 9.028375341099709 17.92264890326819
v 20.957135079945793 10.001366563548963 17.974421491462188
v 9.918147415833392 10.04687487962918 17.99691063918236
v 11.050254321811163 9.96056914197977 18.087837850836127
v 11.054320561180933 11.066408297504596 18.080583976920252
v 10.051118253478169 11.069534444743006 18.016721810124018
v 12.083654443124274 10.939899332579282 17.977470939900407
v 13.089199510411468 10.909489407867838 17.93611981423541
v 13.96940582942051 10.99097552323937 18.08287605705591
v 14.969113082258527 10.983231779273433 17.9953378745325
v 16.060295650146358 11.058453237819894 18.063758130965326
v 16.969540506816227 10.946624295711384 18.086319173577046
v 18.057307579791154 10.921491628573106 17.93221287689049
v 18.99118676837604 10.978698664272184 18.063343209129986
v 20.050833999062398 10.96195903711912 18.00198948502815
v 21.041289483859345 10.909513335907505 18.091070420704366
v 22.08071241676335 9.998865590740166 17.930958354885206
v 22.006378234919637 11.016127210406804 18.03812169248892
v 11.011056701306453 11.954750143826871 17.943123030569904
v 10.04939050209885 12.08472977620506 17.953853394802174
v 11.974361609640058 12.073275155391686 17.996370028866938
v 13.05969971222603 12.03893792693546 17.981719805779182
v 14.032650671947444 11.95500158138657 18.05988686411142
v 15.059952480204878 11.948790484518819 18.011419665471145
v 16.07009347466163 11.973611951722987 18.01588897889881
v 17.07616882725299 12.024960921225482 17.978101590038698
v 18.08390040615901 12.077380452637014 17.90806825181778
v 19.067965704167996 12.040705237604167 17.97633237869664
v 20.069617129554757 12.002076011337573 17.936035453302733
v 21.078421170349255 11.955763567717046 17.967655943855327
v 21.927551536517413 11.981018926427753 17.950795317250915
v 22.903977087480577 10.902685338955926 17.951143795908898
v 22.97118659252571 12.08508529574613 17.904978625631312
v 10.964949148295691 12.944257198074759 18.007260176801193
v 10.063518557010926 13.056184378259266 18.049915019540485
v 11.997092271250343 13.09934368697414 17.920026221387417
v 12.916745017831891 13.08309168578937 18.00216892938577
v 14.047982879538539 13.075048562850235 18.02693295470586
v 14.951821773559912 12.997690626117887 18.04303723650877
v 15.917622229137903 13.0001669915098 18.01661901511151
v 17.02975723030025 12.983605774521322 17.964978733493428
v 18.030945768924575 12.904661463320181 18.022439914832088
v 18.938751403319532 12.966297792829279 18.049009272082575
v 19.91032721766946 13.069555340196853 18.045340810549824
v 21.008628056200426 12.904732661605772 18.02856712728584
v 21.944442167364723 12.972614401625528 18.029458016310116
v 23.01436255976029 13.043224275160627 18.009161393209062
v 11.045605123668166 13.969614706281076 18.07585332415304
v 9.974599144555485 13.943121732151948 18.041660925477395
v 12.014732624658253 13.978402287123815 18.02399056928263
v 13.056367831191539 14.018749636544243 17.903186973538364
v 13.953465839430386 13.967266609369172 17.91326208138487
v 14.909373576671351 13.989170155780988 17.92236233700651
v 15.93589513928705 13.960769140408004 18.05916978526156
v 17.005514502663086 13.973115135835643 17.930643367546864
v 17.98477685658035 14.019301767931918 18.005554662939993
v 19.081002091618632 13.94187098342613 18.04668658766482
v 20.08950089186762 14.088086932297147 17.989829669958485
v 20.964453859695386 14.060086939909533 18.00288551131698
v 21.925382910589384 14.066348005211005 17.990135686781983
v 22.92629538831367 13.964623856567794 18.039682907036685
v 24.035694773290288 13.07977325854851 17.989359241146836
v 23.932177704323323 13.95698812191811 17.97759819054534
v 11.939014389582223 15.016900033411629 18.07079344976673
v 10.919907244134547 14.950305164188174 18.029085182783557
v 13.027435523856273 15.07477142452905 17.99344356164243
v 14.047602178598964 15.045958434198864 17.95297518427944
v 15.061073356046734 15.061737829716154 18.01546493944526
v 16.071640885574258 14.94861262945979 17.965886204119236
v 17.00031459127052 15.011894067660469 17.935011986229384
v 17.917372291333262 14.950146138180493 18.03588950595695
v 18.979739774373208 15.02917431431955 17.91370043333729
v 20.075507767914935 14.99460865335645 17.97236155915311
v 20.919936734066503 14.951058817306112 17.95495150373627
v 21.915246369369417 14.974332738941344 17.984706500246173
v 23.07064404274761 14.991199773804713 18.002150515845297
v 23.932999106892986 15.026409769913942 18.064222630278138
v 12.071980755017675 15.98050011183245 18.061154090373847
v 11.02899327392822 15.998099305368452 17.985320108171607
v 12.965524131383571 16.009557955229205 18.023007470610345
v 13.915174865922173 16.082515606983144 17.983776449585285
v 14.99836735597105 16.099590370959437 17.9771129578486
v 16.029118114014533 15.93347556415541 18.011337089642847
v 16.97746972511036 15.913666629496412 18.05030595531697
v 18.007065781212166 16.005594749588084 17.939297324086848
v 18.92926169783517 15.963215739263262 18.05011166834533
v 19.986911749834476 16.009802773929483 18.05774248040777
v 20.934379515926587 15.987658347735085 18.022004455337033
v 22.010347494590434 15.947661380105057 18.04458074655245
v 22.948278182172405 15.919962921490791 17.943164088113793
v 24.09284154997266 16.049091327120568 17.924424537202558
v 12.006119183288005 16.982411216377844 17.975873173747022
v 10.987181553985732 16.92512929873915 18.07894622485065
v 13.048514663730176 17.026028441848943 17.946755722590506
v 13.93840152432065 17.028162614903643 17.990416572109375
v 15.01926039001581 16.959790316930206 18.054429413519458
v 15.942729586323043 17.04018712643672 17.962599440466857
v 16.99194287275885 16.99337149430527 17.93305108923305
v 18.043639610157033 17.08042978005489 18.08962830636361
v 18.91874387298873 17.048090776129733 17.926851046846885
v 20.04719291066014 16.96882547793733 18.08868963922913
v 21.019094662547943 17.06043500049791 17.913185984435867
v 21.93671537012152 17.022294139538374 18.039562606888662
v 23.039965524994944 17.00373081017843 17.955977116551338
v 23.947456669795404 16.987990571160093 17.965972974190837
v 12.039052714889884 18.05486445759571 17.956521612369414
v 11.097521434975866 17.987691301545475 17.98729746074554
v 13.032314079149973 18.0585943234973 18.002332350670233
v 13.967062165976213 17.97783073677759 18.01024822549344
v 15.085984182409646 17.976534366878184 17.931529990549638
v 16.006201691773263 17.933696878379134 18.001659421511597
v 16.974327515635373 17.92840042052783 17.96341021455151
v 17.912463747944404 18.095336071108537 17.921793840647563
v 19.095879104300916 18.05920610824399 17.9508732423591
v 19.982937118503507 17.949252941109375 17.921623952552352
v 20.94078123723945 18.082731623061374 17.915996904083293
v 22.07145169143681 18.02696507997429 17.953665119155765
v 23.013922630984347 18.059004476563192 17.9414843186085
v 24.051722055363356 18.02836111368414 17.9156637298371
v 11.943339789586076 19.054024217121906 18.021536550839055
v 11.086781828257966 18.920521627250512 17.917124840685258
v 12.944207816498945 18.936331749333597 17.956305369550357
v 14.04313838050173 18.94008938786199 17.992225335763873
v 15.078845134537465 19.078239257661384 18.08003694444431
v 15.957113606790172 18.929177559371166 17.924472366559062
v 17.01840140051432 19.02911010213296 17.91127062408567
v 18.098259242522964 18.975628342050598 17.92798921455241
v 18.917238958650923 19.019536463614696 18.06524396804818
v 20.037313244235875 19.06773418588089 18.043959039562353
v 21.059379926600002 19.035739203726866 18.036568112619005
v 21.9685067494174 18.97518574234647 18.040295064833277
v 23.059681656937453 18.99222054574546 17.928095068931277
v 23.908863982431743 19.073930477170187 17.976022665641523
v 12.017775348683946 19.968395176531516 18.04186385766317
v 11.019993102134842 20.092526074724542 18.023458145744854
v 13.01759529103787 20.077634428056047 17.901574670509362
v 14.075211048228669 20.00241700125576 17.95058732364466
v 14.9141221718672 19.923271830296436 18.014691176738502
v 15.908499658657403 20.066824109633867 18.077565389511086
v 17.094762225406875 20.045091072069937 18.05042639975119
v 18.035711069827528 19.98379137576503 18.022737845400048
v 19.094347931314378 19.97083731288534 17.996632715486655
v 20.01187500191454 19.95580152756842 17.93102309554087
v 21.09893337772042 20.06765656616117 17.959935889071527
v 21.972546119146084 19.96167529510491 18.039261010338684
v 23.07413768388678 20.089282002941662 17.92390006056122
v 24.005107984910776 19.931356994829947 16.964123010330244
v 23.955225807102586 20.059468170324262 18.084853014926928
v 11.977511960613327 21.014868428990276 17.978422798623395
v 10.988579333390348 21.008446040731968 17.965607325018386
v 12.963574708284401 21.004756296104674 17.947540376677647
v 14.07326704031037 20.907458565441754 17.99923524067314
v 14.993762113018104 21.07700533620938 18.07731784511313
v 15.912985397966109 20.986912050595723 18.01666886610562
v 17.080893900793477 20.977191115921812 18.047968559724076
v 17.914254064632768 21.06815782714591 18.06585743588493
v 18.972364863736352 20.949647229106834 17.917051254864614
v 19.98781104928158 20.98120825311811 18.023473227919023
v 21.02870036040152 20.94921669999911 17.959138436796607
v 22.065886727077608 21.08641580208034 18.07281675115153
v 23.020155851020764 21.085634891073564 18.03107547346391
v 12.99463835241955 22.041889534470062 18.081566146468223
v 12.044159910594948 22.02297093398192 18.016556112544013
v 14.00677763232776 22.01435066608378 17.935286360219525
v 15.000126820743434 22.06002005057531 18.066870441416878
v 16.093037746694545 21.99148131232579 18.051127821532944
v 17.04022885376299 22.077940777884397 18.05146314067635
v 17.96854921482844 22.004800583446922 18.082962184740744
v 18.94995520896242 21.955552400914662 17.92803164376362
v 20.088826241091247 21.936315703034225 18.096037987353586
v 20.980560867817285 22.05684150058734 17.997477908721393
v 22.001835232075738 22.02983952394479 18.099419995691797
v 22.93133469684246 22.074431587022225 17.928897114436776
v 17.002633988196557 23.021133023191428 16.984590112053304
v 17.91872787184053 23.05578927368332 17.95845679289298
v 16.96726507801912 23.063565273358623 17.93228506279086
v 19.025931271281816 22.962650724530665 18.055482297205987
v 20.009983589867698 23.03853614279678 17.99676521479012
v 20.9550793062952 23.04008952510083 18.013163075320275
v 22.013186256905104 22.918458368592077 17.90779019731285
v 15.037449400286876 7.94705976491496 18.961379858596537
v 16.0927076939516 8.009483699882283 18.994406366569002
v 16.065650442334537 8.921536987210189 18.968074383654884
v 15.044431041593157 9.060494545341898 19.07617021992873
v 12.054940483929881 9.085284156540153 19.046475638451458
v 13.047970507591561 9.03355962456518 18.952511437669752
v 13.057769206185013 9.909930098657245 18.932280228667427
v 12.046560230710282 10.092163104880232 19.01107778520956
v 13.91261428407769 9.021737218448129 18.933757391642736
v 14.001278691111699 9.900042239819273 18.94702174045324
v 14.957911097082823 9.960786753508357 19.094078683808544
v 16.005933408647685 10.067391244479605 18.97557285291882
v 16.91866263459467 9.029859800765063 18.99963345065355
v 16.920475954147136 9.923999726310427 19.0194005634958
v 18.07563467981624 8.911831103939848 18.948845358326427
v 17.993914777932723 10.0682508842947 19.01764526907349
v 18.913115389739673 9.08610459346424 19.04856677659164
v 19.096550027610363 9.968062426394793 18.95154192274864
v 19.941268518772688 9.061794274505193 19.089290023735003
v 19.94589779450831 10.053617716983837 19.0584192802053
v 20.981210718451084 9.096628888566546 18.956016489484796
v 21.003230743878103 9.933709595418 19.03192100598131
v 10.914973534721076 9.986710854344828 19.011975525553844
v 12.095651819908396 10.992615247118742 18.977819918049267
v 11.020858539606994 11.088649059118348 19.032799166645418
v 13.050597181194696 10.950863102836195 19.03344970150281
v 13.939058991727032 11.051578124721447 18.957982962746026
v 14.927842466120607 11.09937857600193 18.951722374431565
v 16.029639961657832 10.99581746136575 19.07460879544043
v 17.093515051839713 10.983419424485408 18.95181083373207
v 17.965339886695883 11.05062701266677 18.91778713517554
v 18.943800805332202 10.922027235002744 19.06237613968196
v 20.09076540840647 10.931263687088009 19.081423668942797
v 20.942718528823374 10.912730355455274 19.043181790563047
v 22.08245239989079 10.009107514229154 18.92008587080921
v 21.901270713260534 10.972837669139928 18.975335722878388
v 9.992577011433168 10.937576488222378 19.026358006135858
v 10.92263931160554 12.046452236753124 19.027273440864406
v 9.968063004176429 12.002930103820944 18.9569032337548
v 11.970539702601755 12.091560266137094 18.903621665747387
v 12.953298561801942 11.924866494471646 18.94717365275626
v 14.035112585059046 11.930815666157844 19.02933948468915
v 15.074442609931157 12.056896130935332 19.01705092213009
v 16.003918477149515 12.015937698324436 19.02471488851622
v 17.023598231928297 11.979280814987039 19.080762150527992
v 18.04901016323183 12.099400464340633 18.950601434825913
v 19.03673694291909 12.052564219807635 19.099989308760815
v 19.95892406626095 12.035317518715148 19.07329054433769
v 20.93056124075282 11.98811174725183 19.049103234060826
v 22.082941058671018 12.045115659880434 19.005572553418265
v 10.958421431824 12.953318072750355 19.0558290430864
v 9.932120601304742 13.061917498816229 19.09492836295329
v 11.927936508227559 13.042832694628709 19.03004942419048
v 13.012458124695602 12.972506200269754 18.957181801838193
v 14.027273910407743 13.045355995170572 18.999865231588966
v 14.962334669574977 12.924746589336035 18.954776003069146
v 15.94725097173756 12.954008418254475 18.9229553792831
v 17.086957400203893 12.985430088589041 19.04693749528513
v 18.037613901627257 12.942957859747278 19.04436870199416
v 19.079637322933234 13.022588986326049 19.08373326232393
v 20.092919266332935 13.090829370310722 18.96535101691662
v 21.006749705903033 13.087958316093053 19.00043494633689
v 22.056063240007777 13.031342409487907 18.919328629167705
v 23.096014840367438 11.907212350832049 19.037221368819054
v 23.022509031958347 12.966976294556531 18.95257462358524
v 10.950334437807374 14.039965717495134 19.021590433354447
v 10.023108880693853 14.048268359526267 18.929825449590098
v 11.980571889576142 14.030165813077618 19.05270674254712
v 12.918750393196518 14.011398538004752 18.937367671100894
v 14.017821102547348 14.023249367331022 19.096423147655944
v 14.96878927337433 13.939831580371315 19.057725063252906
v 16.0309399690964 14.046485743155156 19.01140212741751
v 16.98810389692579 14.038357312909396 18.993965881467677
v 18.004327876570503 13.977705898762451 19.01389170803194
v 18.942516440603168 14.01729257567858 18.940916242086168
v 19.989943786092624 13.91718853279012 18.974839859727634
v 21.035711548150722 14.066271904732982 19.032639284490525
v 22.025734564465637 13.977168880025136 18.98229026006402
v 22.947561269202026 14.004203863519638 19.023081520576085
v 24.00175673019456 12.914241601299091 18.923488510966823
v 23.916587736557076 14.008282768884174 18.960208793234816
v 11.990946166579102 14.913237003380194 18.970105820628227
v 11.051339186074326 15.017957068883318 18.934848677722723
v 13.09455111654307 14.915190238405318 19.059039500532318
v 13.904727718134689 15.033471736989805 19.092143114762454
v 14.978095441765277 14.994192002582613 19.03514296334367
v 16.091961124713556 15.045369455531526 19.029459164484596
v 17.07378644364284 14.968695072472212 19.066613873545467
v 18.057987839782157 14.953523477539376 18.965680571893458
v 19.098294208688326 14.952977273804205 19.021078256228133
v 20.03685933259368 15.05889003264818 18.912636195531956
v 20.973367369793728 15.044377683571723 19.067875795417535
v 21.94476610043817 14.9001217826775 18.97864480998382
v 23.08984385397102 14.962528056617575 19.045612647516535
v 24.004780302612 14.908831315412664 19.052816875165806
v 11.913304778357634 16.09160390271429 19.012901150134145
v 11.01290993590586 15.971241816432174 19.08406739534604
v 12.947741831626587 15.94869677804659 19.0817244987773
v 13.903629990147097 16.0563799891697 19.06172564062791
v 14.922960689132418 16.06724412482705 19.04314242566825
v 16.09568861977365 15.930872855594355 18.935414145949373
v 16.993843208514733 16.09713670398337 19.061250669712024
v 18.060044407742723 15.900698518971742 18.926003311338388
v 19.0007158906456 16.066489278219958 18.905112894203533
v 19.948068736315715 15.975003703967886 19.053274693499855
v 20.95879509294812 15.932797065986327 18.933203942350335
v 22.002353203340927 16.02994125036646 18.965550767510834
v 23.026952036451014 16.065427306494996 18.94877873209169
v 23.95293149185019 16.08461941648254 18.934601033092903
v 12.070607807718128 17.076640583965933 18.968623743922194
v 10.983024403409951 17.05581510019353 19.06981578957401
v 12.954226526177349 16.978538703238176 19.03958593786407
v 13.957565465524176 17.08846190071191 18.937788308485363
v 14.906489081044668 16.91095119026297 19.06870159671891
v 16.07754238428678 16.91980352904451 18.98375212114032
v 16.997507263594084 16.924831939507634 18.944565328401534
v 18.083585996576087 17.090430000444094 18.94141750747761
v 18.931576894098846 17.090625117105326 19.0041443430955
v 19.947827441660838 16.90170239753628 19.042493546888583
v 21.093960864474088 17.073772348491477 18.931443597198726
v 22.00442913658695 17.079496676505745 19.009568069533767
v 23.011482522571384 16.967097838915397 18.94769158124544
v 24.006308576555615 16.996125908016417 19.000666366868103
v 11.999803579266537 18.082699444028346 19.002441289041204
v 10.928318031037076 17.919949668521436 18.98588829788847
v 13.072543660620378 18.027674581329045 19.004710983642504
v 14.084300561114038 18.05163015573861 18.974858914886273
v 14.91174506124198 18.080474369958626 18.924135612596725
v 16.019933971799986 17.943753880206422 19.068817078470275
v 17.004565296113736 17.90666507084757 19.0567622488337
v 18.089318971567153 17.916178111571554 19.06255248104588
v 18.957368792387918 18.006879426696706 18.93748190238645
v 20.049680569082316 18.024641872933596 18.983979160654293
v 21.031091006402654 18.023119337962438 19.036276115868056
v 22.01244086586732 17.973646461942558 19.054939629880415
v 23.059214218320985 18.033062682194817 18.923119913546547
v 24.08748522626607 18.09846546765387 18.974994738218193
v 11.941303147856177 19.049752994306363 18.919157709549797
v 11.066992555830387 19.071545507648956 19.04183759054623
v 13.038954779484579 18.998375307929553 18.99908000704809
v 13.930222991629282 18.97342710546264 18.991636968971683
v 15.078855748134227 19.093231091549875 19.031265800795385
v 16.04441196690609 19.09780525992869 19.00982274501391
v 16.9051783195706 19.090383946291382 19.05674450972134
v 17.97475160106462 18.960479470565478 19.01490546481919
v 19.096032360623347 19.004088400003184 18.96236587017938
v 20.079040698685198 19.08938291897672 19.08179123401265
v 20.935465388720658 19.095043259528644 18.944380543758047
v 22.01812251418427 18.930664575913585 18.976041956353395
v 23.04871864247015 19.07134292166183 18.993595649558447
v 12.061213526388359 19.992174572909608 18.959569930249636
v 10.930157187522093 19.933655625739725 18.94733982543329
v 13.003670133952522 19.91970101903318 19.064297898093507
v 13.955783737834215 20.04299168905049 18.932782384156205
v 15.026657086325242 20.030580119490658 18.983552084843122
v 16.00859499637378 19.961530654056737 18.94736597476393
v 16.99983546861061 20.06241036770242 19.02502312216389
v 18.052512698367735 20.085501541034994 19.072457145431212
v 18.992103892953093 20.050902209476654 18.97627830108458
v 20.004543856283185 20.024697482207053 19.006524934068935
v 21.093538519785376 19.972496369776138 18.90080782570651
v 22.01625716174463 19.953154988754992 18.965091312266125
v 23.020376337812984 20.03313530415047 19.010093754212246
v 13.05345670906204 20.93378263448647 18.97913631294878
v 12.088302677818008 21.09244752843846 18.907870127004866
v 13.923643538543608 20.977153359965072 18.90667518265889
v 15.070700423439083 20.91677133510949 18.937304183907347
v 15.939188600413484 21.016247785962552 19.04909253345821
v 16.974534164880595 21.03956507026055 18.972620193773647
v 18.035660559307768 20.957303588840354 19.048584970347424
v 19.048874647347173 21.096271252214965 19.049105834535947
v 20.097837298443356 20.925335988734 18.961870779320073
v 20.988944080334768 20.941696144241 18.910619051108473
v 21.94526216994519 20.912103753818553 19.07257437505345
v 22.962584174005677 20.95696412958968 19.098956773277223
v 13.908356970264169 22.05548472880511 18.948727296657225
v 12.929417964535276 21.934784179134024 19.069647093118796
v 15.001338659607152 21.911056788890132 19.05208171133266
v 15.954914771664754 21.974681997122598 18.90786066239906
v 17.095426766550133 22.08140588031159 18.928853087776577
v 17.998513309915577 21.94187286937905 18.935027847377196
v 18.942275671597557 22.037409179394025 19.012198450266315
v 19.99939557009163 21.99671241151446 19.0034881949906
v 21.047879296816546 22.00947415131321 19.061528849569992
v 21.96943538431117 22.023363495969843 19.092549829505717
v 23.01933574557138 22.09094010839986 19.048874898473073
v 19.040798282513038 23.01492759228455 18.976042992478476
v 17.924455617090043 22.995874619914805 19.047864862596096
v 19.91227580982177 22.96432964509768 19.01354813098091
v 20.968775429859235 23.04519461249224 19.027426988146267
v 22.099590585169704 22.941850028368876 19.074027182549575
v 13.015756761979368 8.994581179691318 19.95257927612044
v 13.913380579230534 8.914786106394816 20.016558208222104
v 14.032772759923839 9.971976599179616 20.08032207666992
v 13.016316751953962 10.098683394164969 20.067553490099783
v 15.039332857215774 9.088017620567856 19.902350312652946
v 14.924805472457779 9.924892807297342 19.959410126143172
v 15.929573928383439 8.987987925979036 20.066130769427666
v 15.9663432822393 10.095716344825249 19.929804123219732
v 16.96755904060399 8.936305589409988 20.074490689642634
v 17.089911294190046 9.940719964384405 20.07018049050744
v 18.02491348852943 9.042549608671692 20.050791428292815
v 18.010468506261386 10.087315336209713 20.005654952451046
v 19.073847573107955 9.078948634556792 20.02198220860755
v 18.936713131500014 10.001472883229125 20.030213023134607
v 19.936630702920098 8.940837710727244 20.05906188052613
v 20.021979102864393 9.921176130755947 20.082884488737623
v 11.010345542076934 10.095500650729816 20.062369196940097
v 11.914516881805495 10.068362618494112 20.020323356900953
v 12.078142491870317 11.080380477839608 20.07200731921983
v 10.944711709390491 10.99622999711307 19.945356380203805
v 13.099992626800463 10.944218468425275 19.978225508636605
v 14.009991236072047 11.053356389388007 19.955052305661074
v 14.974910160700743 11.00669175544964 19.95059474927285
v 15.96703902758786 11.032873195327676 19.962197367870274
v 16.90436839760229 10.914547356272486 19.95367794816728
v 17.928847728928364 10.957573083965825 19.92191902262385
v 19.090003291382 11.038138946883196 20.094941991045083
v 20.04142920936589 11.033650920500644 19.91731267052099
v 21.037109877423717 9.90546869629417 19.940537276362292
v 21.068280694119526 11.081077385252303 20.042875336150914
v 10.067827542664393 11.096598043626669 19.989958318911196
v 11.066686948934164 11.953965923509417 19.948035351671578
v 9.967357043767707 11.989254357801606 19.910088709823544
v 11.94855888494675 11.954167019539254 19.90063358505616
v 12.98776908421528 11.988749814131738 19.991592608856703
v 14.023797311896304 12.0389690483607 19.98926840702476
v 15.069069435800643 12.067504155291049 19.93343649252895
v 16.042977554692026 12.068368465667366 19.957793835687987
v 16.9330755878405 12.085683263653243 20.09579439735064
v 18.08870324853163 11.91615820226473 20.075109148493826
v 18.95563725714826 11.968001602601138 20.09658839512846
v 19.959916302571173 11.97163753329123 19.91030192618956
v 20.92763174676944 11.939004948699155 19.990242776385895
v 10.930947241741181 12.948438344348107 19.946873739584074
v 9.959405619833653 13.008132648245832 20.098490410340254
v 12.027915521688852 12.940476356297372 20.05143996045354
v 13.02820711936875 13.015123533326072 19.950054823543418
v 14.043559727496024 12.907957029156183 19.9411212572174
v 14.909897379777599 13.083030314958505 19.971177094985364
v 15.917250124298445 13.059938275973945 19.935763763582298
v 16.95956672851503 13.08673540493347 19.906678096551218
v 18.053104272233927 12.927380572784802 20.046639784730985
v 18.980949354091642 12.994733301310697 20.083077072029823
v 19.990064665708882 13.050827439880862 20.0364233759087
v 21.067024391363766 13.03898663024398 20.08798376514573
v 22.059023727007073 11.936144949991114 20.001046023201226
v 21.964552473808684 12.9085237228425 20.047779462242744
v 11.915261736911633 13.954577181812473 20.041832158327647
v 11.03821399814691 14.001567471715626 19.910779744306637
v 13.049646358215874 14.063459691729237 20.041670748207608
v 14.097356858192148 14.03762817325863 20.01695098513965
v 15.089954014751019 14.069220775183997 19.905687479393183
v 16.021087486029298 13.938289801471134 20.086285645286804
v 16.98115162185257 13.961611718632591 20.043994797889557
v 17.92261855401994 13.917859141761378 19.933282640642478
v 19.059319805323295 14.010730610489423 19.938719093042355
v 20.060166369489256 14.063756255534804 19.976713740701037
v 21.04994998092513 13.9085033140364 20.07102299778682
v 21.900460882542347 13.90544552472706 20.07529175041163
v 23.037270671974447 12.914555176840105 20.077219256736406
v 22.998764218214347 13.973804086704483 20.06291727876368
v 11.944973557384236 14.944543571780438 19.990211116142937
v 10.94216297860684 15.09781817442822 20.08779772816337
v 13.040680211156204 14.932377324720022 20.02969697074737
v 14.060955602067347 14.917231714542408 19.9468316052088
v 14.935742592834709 15.078377269430813 19.946755884800986
v 16.065489221769422 14.916319012353927 19.917621250613106
v 16.984499631661173 15.058335630600643 20.099649985978115
v 17.933636572785403 14.907368609116258 19.98603056189565
v 18.99923365343862 14.93919313281671 19.919746669047385
v 19.933419203913406 15.060726547076271 20.010973272609355
v 20.910826118143003 15.001840925360474 20.077097330725422
v 21.97009120520786 14.915535084249463 19.937891709323427
v 23.086379022705092 14.925480651720829 20.016117962698715
v 12.074734817034084 15.908137256036158 20.001738937942278
v 11.048147135036976 16.07472278775976 19.94343520008155
v 13.046457369932119 16.034901240492683 19.99071866010997
v 13.930709648130964 16.049058960155463 20.050366410053197
v 15.059285872179782 16.099557041093078 20.068534633816085
v 16.001635591196944 16.068926681353812 19.980007534872456
v 16.91711234261392 15.963828924506673 20.0619769464249
v 17.925035613674858 16.021745597249126 20.024465516634045
v 19.017105116078266 15.97695094130852 19.927118750398392
v 20.059296501724535 16.016653954610724 19.935310563688326
v 20.932705348791576 15.935839823744594 20.070985004200796
v 22.0186257452546 16.074180592966258 19.967504694989433
v 22.945437757926175 16.011167380402046 20.080665906065622
v 13.038750072621909 16.957340076541044 19.97833158045519
v 11.933572340744435 16.934370098008753 19.986777125120614
v 13.91553090429381 16.907421576003916 20.086899970997777
v 15.058871225744259 16.904591635009652 19.994436066444475
v 16.006512569388153 17.05211177338106 19.917703064931676
v 16.96519984076141 16.963080050552684 20.04423119382375
v 18.01975966556095 16.926492047333 19.966463492595608
v 19.054739444229593 16.955909987220036 19.964648552542293
v 19.939926079501465 17.016099308920698 19.96070322787381
v 21.0385777093736 17.073170331258037 20.058507791735867
v 21.98883839612726 17.032098557265666 19.944255778195398
v 22.999385379117083 17.006871958016127 19.97461578031042
v 12.924932403175772 18.056129348995306 20.02283497499714
v 12.037782786297026 18.05064081975427 19.985665848587665
v 14.073430214872788 18.071655664954996 19.922886350290664
v 14.90635280151129 17.99048121932215 19.993176008453375
v 15.965283735749527 18.005842963202046 20.01486292555221
v 16.98636163426205 18.09209380228331 20.014536834688837
v 17.97110483709019 18.025183527204803 19.96873025119075
v 18.930331750315514 18.080875029292482 20.09495688014327
v 20.010430230511545 18.049633903368722 19.967238507117646
v 20.954881493714986 17.928705625661472 19.923161351600857
v 21.92002303905137 17.940544777352287 20.007104030561226
v 22.920098415324144 18.045404247444946 20.023752814322066
v 13.084103842067437 19.08959685633284 19.982908545722342
v 12.087640247551407 19.059052021954603 20.016231004846237
v 14.089634363159696 19.056624738688345 19.94847035452674
v 14.950014655893291 19.09091867305617 20.079513581249806
v 16.076701806815464 18.921169379069187 20.007119379952908
v 17.06386526261749 19.012357231178118 20.096700159242374
v 17.942952877555747 19.022722895458642 19.951721833074217
v 18.977996128513873 19.05818476486897 19.987547560934036
v 19.921419397100006 19.05331472599473 19.971199572501924
v 20.947260442691373 19.035127181901284 20.097546229914425
v 21.90240059674216 19.04583533456407 19.96136569894948
v 22.949304694983333 19.03173250789342 20.070817596945556
v 12.914948830111028 19.961012542957587 19.969208574823487
v 12.041417041751744 20.0957874557986 19.9246798351462
v 14.03079419754445 20.08660467473362 20.009305352191294
v 15.053341713683226 19.94675337705566 19.923789427789067
v 15.911444405750622 20.022619022070486 19.90362783884097
v 17.08660143525878 19.91463756493806 19.933409162484935
v 18.074470040870676 20.067079833177957 20.066532751885678
v 18.928070906094057 20.054518775927125 20.05242119182363
v 20.087418363355724 19.9886034098999 19.90150047833133
v 21.08058802109629 19.928954786412643 20.05724027263238
v 22.02825165469055 19.909680900074438 19.973727916746704
v 23.094871203166385 20.01552329556387 20.076417006122096
v 13.989142608650045 21.005130006871823 19.955674235875062
v 12.905227751227793 21.000438064475738 19.922342600920807
v 15.079451691512176 21.017636905584638 19.95270295593235
v 15.914487332797458 20.930311094894932 20.04795826758693
v 17.044570186979463 20.950941044590735 20.082989074476515
v 17.93435286292421 20.973837891151994 20.07474040191786
v 19.006937719302652 20.927745376972602 20.03180527722848
v 19.93917359645213 20.997159431017984 20.067561569066267
v 21.027832365923647 20.92703560211292 20.036800889496842
v 22.000502611430818 21.057629010685766 20.057426250064655
v 22.961792333363945 20.92540904638562 20.02550644420401
v 15.043980675228585 22.072106308177766 20.049101015445565
v 13.917865907056282 21.95890109272578 19.95566228843726
v 15.98222197777578 22.073536370706787 19.931658568941792
v 17.008131086528596 21.950433442219154 19.951581872336238
v 17.983382330108327 22.054766033463714 20.002724651980504
v 18.984666017557203 21.941851445538525 20.071695339870235
v 20.011300882710074 22.009870549390495 20.008167041151818
v 21.03325986082376 22.017449896661606 19.934462262770072
v 22.093208487055268 21.920363563416597 20.00178767285235
v 20.95656845124373 22.94076402169175 19.964802841722648
v 19.91421290532978 23.0131185725365 19.94208151615712
v 22.061876306882194 23.032164486103717 20.01782739020767
v 13.909554081014615 8.941552035488911 21.080524059946548
v 15.011347612434408 9.016367435213416 20.996944532393492
v 15.091099097998315 9.984347150053885 20.923011553483104
v 14.08803571520148 10.087356400680214 21.06544775485331
v 17.064322446123757 8.917009665475593 20.933340786140594
v 18.01956974625505 9.029176618808298 20.978955706326882
v 18.074901702961878 10.075962122898238 20.943198109575214
v 17.08670149376062 9.932447265109404 21.06168434708627
v 18.900648663161004 8.947356318192725 20.9480052949145
v 19.084540556171092 10.091432336373229 21.004635443986736
v 11.924005590226585 9.94237024015146 21.061302254252347
v 13.077768091068766 9.994648093429602 21.09932800285124
v 12.935611979250307 11.064881110352438 20.994484770895294
v 12.002115086586032 11.04428389695653 20.956467376869398
v 13.960389822502194 10.912044096959717 20.979257730332428
v 14.97647864930223 11.009190763470555 21.050465802359373
v 15.992172986140975 10.080878170104526 20.958079858884872
v 15.944910516280519 11.000089405776338 21.058452259347884
v 17.071538366504498 10.933911019019407 21.058050828680337
v 18.07751538772777 10.919117908278253 21.084721948876357
v 18.906579398772255 11.088002588296737 20.95205423184016
v 20.093803794130658 9.939008749590265 21.051783372062992
v 20.04327915355236 10.938620287576834 21.084519062391283
v 11.043735418723182 10.907021577950566 21.085303814915793
v 12.070759159267846 11.94563388952931 21.081332374446177
v 10.913434857433302 12.008136140113805 20.95614976552577
v 13.0470211611692 11.961519568162483 20.943603247904253
v 13.943888241179279 12.012799397064637 21.01202149755999
v 14.98498607760161 12.015675508206172 21.09437909127115
v 15.965521722939124 12.052898345202953 21.06935370645298
v 17.015387810092264 12.045518754534768 20.956195007088624
v 17.945592612769484 12.032329388413832 20.96092843699997
v 19.02336269556389 11.919131039621702 21.079513215677306
v 20.0249519678102 11.922961316195657 21.026009229184
v 12.097364956190564 13.018818158468735 21.035459704122886
v 10.908024316950572 13.019537859982117 20.988428804508047
v 12.942308994949338 13.037676738871363 21.00129184794831
v 14.053063605954687 12.96072051673708 21.03970521059886
v 14.976231422924867 12.929871820424554 20.971171167186768
v 16.0721007020609 13.032662252953077 20.97446654241875
v 17.08043644581154 13.079624375357282 21.088290141719636
v 18.088538906512937 13.050586837585001 20.985576757427026
v 19.061622485859566 13.039946080770607 21.071777311537243
v 20.07366771015411 13.021451130405165 20.997698717583166
v 20.924079369815743 12.052543512044572 21.06663999640143
v 20.995802317250273 12.961311742811425 20.931678750769887
v 21.953980759152373 12.068394535232676 21.017777681753344
v 22.04775381054104 12.98514099783698 21.044988737296613
v 11.939454648637543 13.942220133275038 21.04441980685286
v 10.929400340787984 13.930421703638524 20.99180503998209
v 12.92008383970497 13.92868478973429 20.937387182083846
v 13.91081175866809 13.907773618027056 20.997857081274656
v 14.985142924663188 14.012487116293647 21.0611303371607
v 16.020641657308097 13.973756910323726 20.9878799715613
v 17.07362551726893 13.930623043463774 20.997265875857366
v 17.99074094738727 14.017945542779321 20.98536585714656
v 19.025909670683408 14.056990290117497 20.926404053725356
v 20.05236392414387 14.006229481585523 21.057878006893795
v 21.01335465581655 13.976869993788418 21.039763575941123
v 21.950964655143995 13.996043527984263 21.072266671743943
v 12.914195196728162 14.948220704782486 21.005248633878463
v 12.010619168597906 14.997134386697354 20.90436522852008
v 14.07602564325305 14.909959433271984 21.020145117133058
v 14.957702347326645 14.944504664176884 21.058701818628467
v 16.09025177958608 15.086130186040059 20.91045112766814
v 16.921834444317675 15.044065301023261 20.917075412562895
v 17.94487971261203 15.073534821226577 21.06738780002783
v 18.946056609105135 15.099091746135812 21.01236477605649
v 19.989450431194182 14.945379514221402 20.97903380815515
v 21.096349683817166 14.911864198868704 21.036072763271065
v 21.992822333409162 14.915573401290448 20.93654604665654
v 23.072113224994403 14.097798730400857 21.081693811150675
v 22.931345516222283 15.010064227547117 21.023072248088496
v 13.075539730661461 15.968129519563847 20.91359676484837
v 12.050762475157613 16.084655719787836 20.90151236479201
v 14.098413612986352 16.07241092486786 20.91695256725821
v 14.984385386586512 15.965314344518418 21.003074019817735
v 15.925515364191154 15.927489817180357 20.98768504743771
v 17.09650010248531 15.93194161982806 21.05189209143134
v 18.053376369072264 16.019448557389378 20.9245490614189
v 19.045847516987045 15.936157930972339 21.018238616338678
v 19.933636869687383 16.04665587022251 20.913491833391657
v 21.089813645933198 15.98971592349892 21.01141376632602
v 21.949270242765007 15.942866075720957 21.028920595048913
v 23.043832163117006 16.018166650307297 20.92179887785939
v 13.084400543634478 17.020679031088072 21.081833687313786
v 11.943807728107473 17.014353448427062 21.026127935502316
v 14.032650866629359 16.936325982843794 21.034482602364466
v 14.933100882918438 16.964110680338752 21.098667204948583
v 16.03458600044323 17.04587352059084 20.99420627191702
v 16.98385357050832 16.910578110654964 20.99496052556916
v 17.901957475257134 17.05515143252778 20.9568065535915
v 18.981729576615624 16.981455475874917 21.049171727726534
v 20.049520931561954 17.071200319630396 20.925944620878848
v 20.98034760028216 16.95304715671067 20.998768743437054
v 22.000929468565474 17.093063236052174 21.090341127435625
v 14.03304743011866 18.099889749074798 20.9908716787498
v 12.98874199335613 18.044598143997344 21.06324081648553
v 14.968552666748398 17.979359433320376 21.061762833329432
v 16.01084192166853 18.076125803926733 21.05414449366451
v 17.04898108491215 17.92811365947145 21.070506603218934
v 17.952395241970752 17.960011287592156 20.976475201373894
v 19.050378916907043 17.90568009976791 20.966440119053757
v 19.967141080623964 18.06031708249916 20.940069691422917
v 20.968420116037716 18.007608435805373 20.922967499801352
v 21.987830517134302 18.07240435347374 20.917579930485946
v 14.041160952905958 18.959551714182727 20.967356125882823
v 12.916679717538942 18.91740113097803 21.03260986009919
v 14.942125786287944 19.018679667613068 21.040851022888617
v 15.912275890640885 19.01864922457686 20.927561944274693
v 17.082157382153873 19.038215720143047 21.088202826040543
v 17.906362897917308 19.001236330842882 20.96087996404258
v 19.042724573131867 18.931327911033854 21.07395485044679
v 19.99004374797876 18.906786171093664 21.006583474903618
v 20.96068744188405 18.909624309239224 21.039643000369566
v 22.009798102304007 18.98476832683243 21.097299363883657
v 14.012495353814254 20.067740670382065 20.938250217749285
v 13.017947350509383 19.987611313737947 20.927033791191672
v 15.034886636209212 19.979915759755848 20.905458064011132
v 15.967030291769687 19.975073866840145 21.085305949383972
v 16.959760302430094 20.074215185613788 21.070982963625077
v 17.903052974473763 19.916331787205173 21.043006530405396
v 18.928526509497978 20.084252249481686 21.09397302187177
v 20.028299634871612 19.96090819998877 21.071206836673863
v 21.046299032640093 19.91923705274017 20.915594999507682
v 22.079420469585525 19.95333067645453 21.0761526406346
v 13.928516590756345 21.06848137549768 21.025420792743603
v 13.077785052801016 21.043757795832 21.099115863935893
v 14.967912127095618 20.94397429381281 21.078459251931687
v 16.077357631840314 21.06658868364277 21.029451002511568
v 17.01437620845962 21.08543672212971 21.01596023843769
v 17.99021132088326 20.906984637667986 21.077842559681272
v 19.08210194131992 20.94193416229414 21.08116636829186
v 19.958266773155206 20.97619022847724 21.00952228672197
v 20.944441004593813 21.033892205329803 20.937287681943243
v 21.9497897561061 20.940107348872377 21.07917487413705
v 15.052590205275482 22.052402636884516 21.04242877271482
v 14.084686460460377 22.08171166654153 20.95687099213036
v 16.07821474710982 22.04769528078415 21.099522010092485
v 17.010894436723497 21.924874302149423 21.042883518781842
v 18.07928598637769 22.089424148381962 21.049364081783818
v 18.95197982935423 21.99965163489504 21.049350321495915
v 20.045062958545394 22.04082719560516 21.01487232734403
v 21.099273201111227 22.01932928456424 20.90901280456652
v 22.082540142030496 22.07922997542408 20.928517965255047
v 12.97938884836206 10.09004256002368 21.921197594514993
v 14.098514320559653 9.95780688941211 22.032654431291817
v 14.082527590688837 11.036036871215856 21.96511657432254
v 12.986516537123013 11.069614598620516 22.006593734010693
v 14.998883347211036 9.901886080627728 21.95526514596037
v 14.959927583521676 11.074933524977826 21.904846825210313
v 16.025894200148258 9.904208937515175 22.029430675686182
v 16.038220049453713 11.057034393796185 21.96184402022182
v 11.979936215325584 10.971407233376112 21.930978539079963
v 13.073049345729405 11.993122519281265 22.06248448838308
v 11.998309034585398 11.91082720160068 21.917655167597413
v 14.046648398131707 12.09877243817358 21.93471194298116
v 14.944272444644936 11.960869344433368 21.932781704954426
v 15.971990185252 12.053270928747857 21.99551052770503
v 16.968700216105486 10.972686301232356 21.973400457863203
v 16.92327530655925 12.037589934752909 21.96368578657968
v 18.088293959257744 11.089906223451743 21.934457592483984
v 18.976845448960262 10.995498304486459 21.902199080091943
v 18.937857777681156 12.010323709209983 21.990497274564987
v 18.01031829005428 12.029279121346708 22.073413871761073
v 12.930813965196759 12.941692848487872 22.09006437970264
v 12.020490797998965 13.080487049973426 22.059535448350378
v 13.914155726990415 13.053812911621609 21.92375046690904
v 14.945918962383148 13.000998703195147 21.96362385553726
v 15.975366298883248 13.07323033629955 22.051458561057263
v 16.90857658596779 12.937448499052303 21.917629222899933
v 17.911710625096354 13.091290209880432 21.95202633670531
v 18.96889483764577 13.022411621184192 21.96189173569162
v 12.904639550149785 13.909885532263266 22.08468281973177
v 12.037790401336974 14.062622798613992 21.954354551983766
v 13.919552029365285 13.95127263341165 21.983976011337163
v 15.035013855067161 14.044682609906133 22.058607002989657
v 15.96892350111636 13.979907154057306 21.9336866875533
v 17.078547016701442 13.913363978132567 22.015227136660737
v 18.048302823277897 13.907490686254786 22.00731387707404
v 19.08666361404166 14.080011069947531 21.984435996839625
v 19.910825122113813 12.959167651315852 22.084891184436973
v 20.034620781872746 14.072145643516391 22.057431643599987
v 20.903297735926408 13.02487219147654 22.07859500641527
v 20.967510346802708 14.092288142892146 21.968841718914128
v 13.999596352993507 15.09028887347831 22.005881215205974
v 13.00633385144672 15.062543579896035 22.05132566929368
v 14.958166798556412 14.973712583408672 22.02633775971787
v 16.073473289786396 14.922129997977141 22.039053760808553
v 16.94651431051578 15.036641458102538 21.928998415213247
v 17.969930143885154 14.92292934374628 21.92988334620451
v 19.009727995788452 15.078477127687325 22.039762755753156
v 20.06145316588182 14.949717766412581 21.93292400494085
v 20.935808783054686 14.924845006338884 21.96884597335286
v 21.95176827959405 13.996140322212641 21.92469289664566
v 21.93904581865596 14.924156741848288 21.924512057047533
v 15.018732490245728 16.06559074776555 22.093070142267834
v 13.9313450825207 16.072986531473823 22.07431958115863
v 15.944668274687807 16.03758693542982 22.097727953284494
v 17.00914678040356 15.927643235563416 21.99328870472949
v 17.902593239336827 16.07922629279272 22.044685944826
v 18.99937703939272 16.055497884846595 21.964647624876566
v 20.019958401866287 15.910137052070633 22.024935675654312
v 20.914517595168345 15.992811181272309 22.004629561463776
v 22.00021837832416 16.048408310894185 21.956441890221004
v 14.977047886638308 17.08065678604049 21.998780583946328
v 14.032336024956892 16.935504030658258 21.99113232946996
v 15.95240369092362 17.093425434839503 22.060275971296278
v 17.08377043768247 17.037861432731965 22.0649801142874
v 17.970997315061176 17.037451103901354 21.996745647383243
v 19.053201748443524 17.00487187448327 22.039917348440735
v 20.021954671409354 17.0373781324226 22.097618122323755
v 20.99905345867244 17.06486626427994 21.992854687113322
v 22.0436013953829 16.939509700567296 21.90830334573887
v 14.90121625007479 18.07440011092302 21.992009608022723
v 14.093725070081327 18.060438688046514 22.035156836329936
v 15.928579694478122 18.06188367070954 21.913839864179877
v 16.94123778140989 17.975615698631035 22.08494567207376
v 18.001199580540717 17.961211303194577 21.99527241495747
v 18.91564004753584 18.092461910442193 21.93051051546967
v 19.980027525800427 17.920831378901816 22.037663574231843
v 21.057112154692472 18.018945452704493 22.02579851004958
v 21.931234028818817 18.01946144384201 22.046996307671538
v 15.053596279055864 18.969483402399696 21.927062410003327
v 14.017367218100576 19.01563157634608 22.031871426177226
v 15.9290856623976 18.923371113846613 22.090701122282226
v 16.98931256790067 18.967053361573665 21.996916135729617
v 18.075576514880794 19.053694327924795 22.022264092459604
v 18.904243597171202 18.99452635961929 22.089717830650052
v 19.909977806259523 18.923913642816206 21.96955385910074
v 21.066043509829044 18.928666583564873 21.953877418190906
v 14.919722020018266 19.914052660409983 21.91514802236414
v 14.067403217111808 20.02676862249171 21.911761700645386
v 15.96642482208985 20.024415535226698 21.987323967134706
v 16.966992822780743 20.08621301244575 21.98408274205652
v 18.033477501491085 20.095227318314443 22.070361388584505
v 18.921866207573153 20.012239678043912 22.043683198442878
v 20.008838551031847 20.049112260565447 21.960438882635813
v 21.080675889994787 20.03225891621176 22.030570647973306
v 15.064873286838093 20.974040965263445 22.000458480171222
v 14.081179338109798 21.07925466318156 21.941789989909484
v 16.08396189766622 21.09743037546889 21.973648841076677
v 16.958798048803185 20.954934223307422 21.96750851529473
v 17.930995898655006 20.979017402686384 21.950343299188738
v 19.057229588560947 20.94549779175302 21.994733179569483
v 19.99008298369039 20.989801370445033 21.9242285022473
v 14.937269352344595 22.00700761604203 21.991099019706294
v 14.099864411697853 22.076543198031562 22.057045527471423
v 16.05695869625385 22.07146465429873 22.069833702868575
v 17.060571403761642 21.977962338098465 22.034184551752496
v 17.924319668781525 22.008453923296106 22.04075870829134
t 0 1 3 4
t 1 2 3 6
t 1 4 5 6
t 3 4 6 7
t 1 3 4 6
t 3 2 9 7
t 2 8 9 10
t 2 7 6 10
t 9 7 10 11
t 2 9 7 10
t 12 9 14 15
t 9 13 14 16
t 9 15 11 16
t 14 15 16 17
t 9 14 15 16
t 9 8 13 11
t 8 18 13 19
t 8 11 10 19
t 13 11 19 16
t 8 13 11 19
t 8 20 18 10
t 20 21 18 23
t 20 10 22 23
t 18 10 23 19
t 20 18 10 23
t 24 14 26 27
t 14 25 26 28
t 14 27 17 28
t 26 27 28 29
t 14 26 27 28
t 14 13 25 17
t 13 30 25 31
t 13 17 16 31
t 25 17 31 28
t 13 25 17 31
t 13 18 30 16
t 18 32 30 33
t 18 16 19 33
t 30 16 33 31
t 18 30 16 33
t 21 34 36 23
t 34 35 36 38
t 34 23 37 38
t 36 23 38 39
t 34 36 23 38
t 26 25 41 29
t 25 40 41 42
t 25 29 28 42
t 41 29 42 43
t 25 41 29 42
t 25 30 40 28
t 30 44 40 45
t 30 28 31 45
t 40 28 45 42
t 30 40 28 45
t 32 36 47 33
t 36 46 47 48
t 36 33 39 48
t 47 33 48 49
t 36 47 33 48
t 36 35 46 39
t 35 50 46 51
t 35 39 38 51
t 46 39 51 48
t 35 46 39 51
t 35 52 50 38
t 52 53 50 55
t 52 38 54 55
t 50 38 55 51
t 52 50 38 55
t 40 44 57 42
t 44 56 57 58
t 44 42 45 58
t 57 42 58 59
t 44 57 42 58
t 44 47 56 45
t 47 60 56 61
t 47 45 49 61
t 56 45 61 58
t 47 56 45 61
t 47 46 60 49
t 46 62 60 63
t 46 49 48 63
t 60 49 63 61
t 46 60 49 63
t 46 50 62 48
t 50 64 62 65
t 50 48 51 65
t 62 48 65 63
t 50 62 48 65
t 57 56 67 59
t 56 66 67 68
t 56 59 58 68
t 67 59 68 69
t 56 67 59 68
t 56 60 66 58
t 60 70 66 71
t 60 58 61 71
t 66 58 71 68
t 60 66 58 71
t 60 62 70 61
t 62 72 70 73
t 62 61 63 73
t 70 61 73 71
t 62 70 61 73
t 66 70 75 68
t 70 74 75 76
t 70 68 71 76
t 75 68 76 77
t 70 75 68 76
t 78 79 80 81
t 79 4 80 83
t 79 81 82 83
t 80 81 83 84
t 79 80 81 83
t 79 85 4 82
t 85 5 4 87
t 85 82 86 87
t 4 82 87 83
t 85 4 82 87
t 85 88 5 86
t 88 89 5 91
t 88 86 90 91
t 5 86 91 87
t 88 5 86 91
t 92 80 94 95
t 80 93 94 96
t 80 95 84 96
t 94 95 96 97
t 80 94 95 96
t 80 4 93 84
t 4 7 93 98
t 4 84 83 98
t 93 84 98 96
t 4 93 84 98
t 4 5 7 83
t 5 6 7 99
t 5 83 87 99
t 7 83 99 98
t 5 7 83 99
t 5 89 6 87
t 89 100 6 101
t 89 87 91 101
t 6 87 101 99
t 89 6 87 101
t 94 93 102 97
t 93 15 102 103
t 93 97 96 103
t 102 97 103 104
t 93 102 97 103
t 93 7 15 96
t 7 11 15 105
t 7 96 98 105
t 15 96 105 103
t 7 15 96 105
t 7 6 11 98
t 6 10 11 106
t 6 98 99 106
t 11 98 106 105
t 6 11 98 106
t 6 100 10 99
t 100 22 10 107
t 100 99 101 107
t 10 99 107 106
t 100 10 99 107
t 100 108 22 101
t 108 109 22 111
t 108 101 110 111
t 22 101 111 107
t 108 22 101 111
t 102 15 27 104
t 15 17 27 112
t 15 104 103 112
t 27 104 112 113
t 15 27 104 112
t 15 11 17 103
t 11 16 17 114
t 11 103 105 114
t 17 103 114 112
t 11 17 103 114
t 11 10 16 105
t 10 19 16 115
t 10 105 106 115
t 16 105 115 114
t 10 16 105 115
t 10 22 19 106
t 22 23 19 116
t 22 106 107 116
t 19 106 116 115
t 22 19 106 116
t 22 109 23 107
t 109 37 23 117
t 109 107 111 117
t 23 107 117 116
t 109 23 107 117
t 118 27 119 120
t 27 29 119 121
t 27 120 113 121
t 119 120 121 122
t 27 119 120 121
t 27 17 29 113
t 17 28 29 123
t 17 113 112 123
t 29 113 123 121
t 17 29 113 123
t 17 16 28 112
t 16 31 28 124
t 16 112 114 124
t 28 112 124 123
t 16 28 112 124
t 16 19 31 114
t 19 33 31 125
t 19 114 115 125
t 31 114 125 124
t 19 31 114 125
t 19 23 33 115
t 23 39 33 126
t 23 115 116 126
t 33 115 126 125
t 23 33 115 126
t 23 37 39 116
t 37 38 39 127
t 37 116 117 127
t 39 116 127 126
t 37 39 116 127
t 37 128 38 117
t 128 54 38 130
t 128 117 129 130
t 38 117 130 127
t 128 38 117 130
t 119 29 131 122
t 29 43 131 132
t 29 122 121 132
t 131 122 132 133
t 29 131 122 132
t 29 28 43 121
t 28 42 43 134
t 28 121 123 134
t 43 121 134 132
t 28 43 121 134
t 28 31 42 123
t 31 45 42 135
t 31 123 124 135
t 42 123 135 134
t 31 42 123 135
t 31 33 45 124
t 33 49 45 136
t 33 124 125 136
t 45 124 136 135
t 33 45 124 136
t 33 39 49 125
t 39 48 49 137
t 39 125 126 137
t 49 125 137 136
t 39 49 125 137
t 39 38 48 126
t 38 51 48 138
t 38 126 127 138
t 48 126 138 137
t 38 48 126 138
t 38 54 51 127
t 54 55 51 139
t 54 127 130 139
t 51 127 139 138
t 54 51 127 139
t 131 43 141 133
t 43 140 141 142
t 43 133 132 142
t 141 133 142 143
t 43 141 133 142
t 43 42 140 132
t 42 59 140 144
t 42 132 134 144
t 140 132 144 142
t 42 140 132 144
t 42 45 59 134
t 45 58 59 145
t 45 134 135 145
t 59 134 145 144
t 45 59 134 145
t 45 49 58 135
t 49 61 58 146
t 49 135 136 146
t 58 135 146 145
t 49 58 135 146
t 49 48 61 136
t 48 63 61 147
t 48 136 137 147
t 61 136 147 146
t 48 61 136 147
t 48 51 63 137
t 51 65 63 148
t 51 137 138 148
t 63 137 148 147
t 51 63 137 148
t 51 55 65 138
t 55 149 65 150
t 55 138 139 150
t 65 138 150 148
t 55 65 138 150
t 140 59 151 142
t 59 69 151 152
t 59 142 144 152
t 151 142 152 153
t 59 151 142 152
t 59 58 69 144
t 58 68 69 154
t 58 144 145 154
t 69 144 154 152
t 58 69 144 154
t 58 61 68 145
t 61 71 68 155
t 61 145 146 155
t 68 145 155 154
t 61 68 145 155
t 61 63 71 146
t 63 73 71 156
t 63 146 147 156
t 71 146 156 155
t 63 71 146 156
t 63 65 73 147
t 65 157 73 158
t 65 147 148 158
t 73 147 158 156
t 65 73 147 158
t 151 69 160 153
t 69 159 160 161
t 69 153 152 161
t 160 153 161 162
t 69 160 153 161
t 69 68 159 152
t 68 77 159 163
t 68 152 154 163
t 159 152 163 161
t 68 159 152 163
t 68 71 77 154
t 71 76 77 164
t 71 154 155 164
t 77 154 164 163
t 71 77 154 164
t 71 73 76 155
t 73 165 76 166
t 73 155 156 166
t 76 155 166 164
t 73 76 155 166
t 159 77 168 161
t 77 167 168 169
t 77 161 163 169
t 168 161 169 170
t 77 168 161 169
t 77 76 167 163
t 76 171 167 172
t 76 163 164 172
t 167 163 172 169
t 76 167 163 172
t 76 165 171 164
t 165 173 171 174
t 165 164 166 174
t 171 164 174 172
t 165 171 164 174
t 175 176 178 179
t 176 177 178 181
t 176 179 180 181
t 178 179 181 182
t 176 178 179 181
t 183 178 81 184
t 178 82 81 185
t 178 184 182 185
t 81 184 185 186
t 178 81 184 185
t 178 177 82 182
t 177 86 82 187
t 177 182 181 187
t 82 182 187 185
t 177 82 182 187
t 177 188 86 181
t 188 90 86 190
t 188 181 189 190
t 86 181 190 187
t 188 86 181 190
t 191 81 95 192
t 81 84 95 193
t 81 192 186 193
t 95 192 193 194
t 81 95 192 193
t 81 82 84 186
t 82 83 84 195
t 82 186 185 195
t 84 186 195 193
t 82 84 186 195
t 82 86 83 185
t 86 87 83 196
t 86 185 187 196
t 83 185 196 195
t 86 83 185 196
t 86 90 87 187
t 90 91 87 197
t 90 187 190 197
t 87 187 197 196
t 90 87 187 197
t 90 198 91 190
t 198 199 91 201
t 198 190 200 201
t 91 190 201 197
t 198 91 190 201
t 202 95 203 204
t 95 97 203 205
t 95 204 194 205
t 203 204 205 206
t 95 203 204 205
t 95 84 97 194
t 84 96 97 207
t 84 194 193 207
t 97 194 207 205
t 84 97 194 207
t 84 83 96 193
t 83 98 96 208
t 83 193 195 208
t 96 193 208 207
t 83 96 193 208
t 83 87 98 195
t 87 99 98 209
t 87 195 196 209
t 98 195 209 208
t 87 98 195 209
t 87 91 99 196
t 91 101 99 210
t 91 196 197 210
t 99 196 210 209
t 91 99 196 210
t 91 199 101 197
t 199 110 101 211
t 199 197 201 211
t 101 197 211 210
t 199 101 197 211
t 199 212 110 201
t 212 213 110 215
t 212 201 214 215
t 110 201 215 211
t 212 110 201 215
t 203 97 216 206
t 97 104 216 217
t 97 206 205 217
t 216 206 217 218
t 97 216 206 217
t 97 96 104 205
t 96 103 104 219
t 96 205 207 219
t 104 205 219 217
t 96 104 205 219
t 96 98 103 207
t 98 105 103 220
t 98 207 208 220
t 103 207 220 219
t 98 103 207 220
t 98 99 105 208
t 99 106 105 221
t 99 208 209 221
t 105 208 221 220
t 99 105 208 221
t 99 101 106 209
t 101 107 106 222
t 101 209 210 222
t 106 209 222 221
t 101 106 209 222
t 101 110 107 210
t 110 111 107 223
t 110 210 211 223
t 107 210 223 222
t 110 107 210 223
t 110 213 111 211
t 213 224 111 225
t 213 211 215 225
t 111 211 225 223
t 213 111 211 225
t 216 104 120 218
t 104 113 120 226
t 104 218 217 226
t 120 218 226 227
t 104 120 218 226
t 104 103 113 217
t 103 112 113 228
t 103 217 219 228
t 113 217 228 226
t 103 113 217 228
t 103 105 112 219
t 105 114 112 229
t 105 219 220 229
t 112 219 229 228
t 105 112 219 229
t 105 106 114 220
t 106 115 114 230
t 106 220 221 230
t 114 220 230 229
t 106 114 220 230
t 106 107 115 221
t 107 116 115 231
t 107 221 222 231
t 115 221 231 230
t 107 115 221 231
t 107 111 116 222
t 111 117 116 232
t 111 222 223 232
t 116 222 232 231
t 111 116 222 232
t 111 224 117 223
t 224 129 117 233
t 224 223 225 233
t 117 223 233 232
t 224 117 223 233
t 224 234 129 225
t 234 235 129 237
t 234 225 236 237
t 129 225 237 233
t 234 129 225 237
t 120 113 122 227
t 113 121 122 238
t 113 227 226 238
t 122 227 238 239
t 113 122 227 238
t 113 112 121 226
t 112 123 121 240
t 112 226 228 240
t 121 226 240 238
t 112 121 226 240
t 112 114 123 228
t 114 124 123 241
t 114 228 229 241
t 123 228 241 240
t 114 123 228 241
t 114 115 124 229
t 115 125 124 242
t 115 229 230 242
t 124 229 242 241
t 115 124 229 242
t 115 116 125 230
t 116 126 125 243
t 116 230 231 243
t 125 230 243 242
t 116 125 230 243
t 116 117 126 231
t 117 127 126 244
t 117 231 232 244
t 126 231 244 243
t 117 126 231 244
t 117 129 127 232
t 129 130 127 245
t 129 232 233 245
t 127 232 245 244
t 129 127 232 245
t 129 235 130 233
t 235 246 130 247
t 235 233 237 247
t 130 233 247 245
t 235 130 233 247
t 122 121 133 239
t 121 132 133 248
t 121 239 238 248
t 133 239 248 249
t 121 133 239 248
t 121 123 132 238
t 123 134 132 250
t 123 238 240 250
t 132 238 250 248
t 123 132 238 250
t 123 124 134 240
t 124 135 134 251
t 124 240 241 251
t 134 240 251 250
t 124 134 240 251
t 124 125 135 241
t 125 136 135 252
t 125 241 242 252
t 135 241 252 251
t 125 135 241 252
t 125 126 136 242
t 126 137 136 253
t 126 242 243 253
t 136 242 253 252
t 126 136 242 253
t 126 127 137 243
t 127 138 137 254
t 127 243 244 254
t 137 243 254 253
t 127 137 243 254
t 127 130 138 244
t 130 139 138 255
t 130 244 245 255
t 138 244 255 254
t 130 138 244 255
t 133 132 143 249
t 132 142 143 256
t 132 249 248 256
t 143 249 256 257
t 132 143 249 256
t 132 134 142 248
t 134 144 142 258
t 134 248 250 258
t 142 248 258 256
t 134 142 248 258
t 134 135 144 250
t 135 145 144 259
t 135 250 251 259
t 144 250 259 258
t 135 144 250 259
t 135 136 145 251
t 136 146 145 260
t 136 251 252 260
t 145 251 260 259
t 136 145 251 260
t 136 137 146 252
t 137 147 146 261
t 137 252 253 261
t 146 252 261 260
t 137 146 252 261
t 137 138 147 253
t 138 148 147 262
t 138 253 254 262
t 147 253 262 261
t 138 147 253 262
t 138 139 148 254
t 139 150 148 263
t 139 254 255 263
t 148 254 263 262
t 139 148 254 263
t 143 142 264 257
t 142 153 264 265
t 142 257 256 265
t 264 257 265 266
t 142 264 257 265
t 142 144 153 256
t 144 152 153 267
t 144 256 258 267
t 153 256 267 265
t 144 153 256 267
t 144 145 152 258
t 145 154 152 268
t 145 258 259 268
t 152 258 268 267
t 145 152 258 268
t 145 146 154 259
t 146 155 154 269
t 146 259 260 269
t 154 259 269 268
t 146 154 259 269
t 146 147 155 260
t 147 156 155 270
t 147 260 261 270
t 155 260 270 269
t 147 155 260 270
t 147 148 156 261
t 148 158 156 271
t 148 261 262 271
t 156 261 271 270
t 148 156 261 271
t 148 150 158 262
t 150 272 158 273
t 150 262 263 273
t 158 262 273 271
t 150 158 262 273
t 264 153 274 266
t 153 162 274 275
t 153 266 265 275
t 274 266 275 276
t 153 274 266 275
t 153 152 162 265
t 152 161 162 277
t 152 265 267 277
t 162 265 277 275
t 152 162 265 277
t 152 154 161 267
t 154 163 161 278
t 154 267 268 278
t 161 267 278 277
t 154 161 267 278
t 154 155 163 268
t 155 164 163 279
t 155 268 269 279
t 163 268 279 278
t 155 163 268 279
t 155 156 164 269
t 156 166 164 280
t 156 269 270 280
t 164 269 280 279
t 156 164 269 280
t 156 158 166 270
t 158 281 166 282
t 158 270 271 282
t 166 270 282 280
t 158 166 270 282
t 158 272 281 271
t 272 283 281 284
t 272 271 273 284
t 281 271 284 282
t 272 281 271 284
t 161 163 170 277
t 163 169 170 285
t 163 277 278 285
t 170 277 285 286
t 163 170 277 285
t 163 164 169 278
t 164 172 169 287
t 164 278 279 287
t 169 278 287 285
t 164 169 278 287
t 164 166 172 279
t 166 174 172 288
t 166 279 280 288
t 172 279 288 287
t 166 172 279 288
t 166 281 174 280
t 281 289 174 290
t 281 280 282 290
t 174 280 290 288
t 281 174 280 290
t 170 169 292 286
t 169 291 292 293
t 169 286 285 293
t 292 286 293 294
t 169 292 286 293
t 169 172 291 285
t 172 295 291 296
t 172 285 287 296
t 291 285 296 293
t 172 291 285 296
t 172 174 295 287
t 174 297 295 298
t 174 287 288 298
t 295 287 298 296
t 174 295 287 298
t 179 180 182 299
t 180 181 182 301
t 180 299 300 301
t 182 299 301 302
t 180 182 299 301
t 180 303 181 300
t 303 189 181 305
t 303 300 304 305
t 181 300 305 301
t 303 181 300 305
t 306 184 192 307
t 184 186 192 309
t 184 307 308 309
t 192 307 309 310
t 184 192 307 309
t 184 182 186 308
t 182 185 186 311
t 182 308 302 311
t 186 308 311 309
t 182 186 308 311
t 182 181 185 302
t 181 187 185 312
t 181 302 301 312
t 185 302 312 311
t 181 185 302 312
t 181 189 187 301
t 189 190 187 313
t 189 301 305 313
t 187 301 313 312
t 189 187 301 313
t 189 314 190 305
t 314 200 190 316
t 314 305 315 316
t 190 305 316 313
t 314 190 305 316
t 314 317 200 315
t 317 318 200 320
t 317 315 319 320
t 200 315 320 316
t 317 200 315 320
t 321 192 204 322
t 192 194 204 323
t 192 322 310 323
t 204 322 323 324
t 192 204 322 323
t 192 186 194 310
t 186 193 194 325
t 186 310 309 325
t 194 310 325 323
t 186 194 310 325
t 186 185 193 309
t 185 195 193 326
t 185 309 311 326
t 193 309 326 325
t 185 193 309 326
t 185 187 195 311
t 187 196 195 327
t 187 311 312 327
t 195 311 327 326
t 187 195 311 327
t 187 190 196 312
t 190 197 196 328
t 190 312 313 328
t 196 312 328 327
t 190 196 312 328
t 190 200 197 313
t 200 201 197 329
t 200 313 316 329
t 197 313 329 328
t 200 197 313 329
t 200 318 201 316
t 318 214 201 330
t 318 316 320 330
t 201 316 330 329
t 318 201 316 330
t 331 204 332 333
t 204 206 332 334
t 204 333 324 334
t 332 333 334 335
t 204 332 333 334
t 204 194 206 324
t 194 205 206 336
t 194 324 323 336
t 206 324 336 334
t 194 206 324 336
t 194 193 205 323
t 193 207 205 337
t 193 323 325 337
t 205 323 337 336
t 193 205 323 337
t 193 195 207 325
t 195 208 207 338
t 195 325 326 338
t 207 325 338 337
t 195 207 325 338
t 195 196 208 326
t 196 209 208 339
t 196 326 327 339
t 208 326 339 338
t 196 208 326 339
t 196 197 209 327
t 197 210 209 340
t 197 327 328 340
t 209 327 340 339
t 197 209 327 340
t 197 201 210 328
t 201 211 210 341
t 201 328 329 341
t 210 328 341 340
t 201 210 328 341
t 201 214 211 329
t 214 215 211 342
t 214 329 330 342
t 211 329 342 341
t 214 211 329 342
t 214 343 215 330
t 343 344 215 346
t 343 330 345 346
t 215 330 346 342
t 343 215 330 346
t 332 206 347 335
t 206 218 347 348
t 206 335 334 348
t 347 335 348 349
t 206 347 335 348
t 206 205 218 334
t 205 217 218 350
t 205 334 336 350
t 218 334 350 348
t 205 218 334 350
t 205 207 217 336
t 207 219 217 351
t 207 336 337 351
t 217 336 351 350
t 207 217 336 351
t 207 208 219 337
t 208 220 219 352
t 208 337 338 352
t 219 337 352 351
t 208 219 337 352
t 208 209 220 338
t 209 221 220 353
t 209 338 339 353
t 220 338 353 352
t 209 220 338 353
t 209 210 221 339
t 210 222 221 354
t 210 339 340 354
t 221 339 354 353
t 210 221 339 354
t 210 211 222 340
t 211 223 222 355
t 211 340 341 355
t 222 340 355 354
t 211 222 340 355
t 211 215 223 341
t 215 225 223 356
t 215 341 342 356
t 223 341 356 355
t 215 223 341 356
t 215 344 225 342
t 344 236 225 357
t 344 342 346 357
t 225 342 357 356
t 344 225 342 357
t 347 218 358 349
t 218 227 358 359
t 218 349 348 359
t 358 349 359 360
t 218 358 349 359
t 218 217 227 348
t 217 226 227 361
t 217 348 350 361
t 227 348 361 359
t 217 227 348 361
t 217 219 226 350
t 219 228 226 362
t 219 350 351 362
t 226 350 362 361
t 219 226 350 362
t 219 220 228 351
t 220 229 228 363
t 220 351 352 363
t 228 351 363 362
t 220 228 351 363
t 220 221 229 352
t 221 230 229 364
t 221 352 353 364
t 229 352 364 363
t 221 229 352 364
t 221 222 230 353
t 222 231 230 365
t 222 353 354 365
t 230 353 365 364
t 222 230 353 365
t 222 223 231 354
t 223 232 231 366
t 223 354 355 366
t 231 354 366 365
t 223 231 354 366
t 223 225 232 355
t 225 233 232 367
t 225 355 356 367
t 232 355 367 366
t 225 232 355 367
t 225 236 233 356
t 236 237 233 368
t 236 356 357 368
t 233 356 368 367
t 236 233 356 368
t 358 227 369 360
t 227 239 369 370
t 227 360 359 370
t 369 360 370 371
t 227 369 360 370
t 227 226 239 359
t 226 238 239 372
t 226 359 361 372
t 239 359 372 370
t 226 239 359 372
t 226 228 238 361
t 228 240 238 373
t 228 361 362 373
t 238 361 373 372
t 228 238 361 373
t 228 229 240 362
t 229 241 240 374
t 229 362 363 374
t 240 362 374 373
t 229 240 362 374
t 229 230 241 363
t 230 242 241 375
t 230 363 364 375
t 241 363 375 374
t 230 241 363 375
t 230 231 242 364
t 231 243 242 376
t 231 364 365 376
t 242 364 376 375
t 231 242 364 376
t 231 232 243 365
t 232 244 243 377
t 232 365 366 377
t 243 365 377 376
t 232 243 365 377
t 232 233 244 366
t 233 245 244 378
t 233 366 367 378
t 244 366 378 377
t 233 244 366 378
t 233 237 245 367
t 237 247 245 379
t 237 367 368 379
t 245 367 379 378
t 237 245 367 379
t 369 239 380 371
t 239 249 380 381
t 239 371 370 381
t 380 371 381 382
t 239 380 371 381
t 239 238 249 370
t 238 248 249 383
t 238 370 372 383
t 249 370 383 381
t 238 249 370 383
t 238 240 248 372
t 240 250 248 384
t 240 372 373 384
t 248 372 384 383
t 240 248 372 384
t 240 241 250 373
t 241 251 250 385
t 241 373 374 385
t 250 373 385 384
t 241 250 373 385
t 241 242 251 374
t 242 252 251 386
t 242 374 375 386
t 251 374 386 385
t 242 251 374 386
t 242 243 252 375
t 243 253 252 387
t 243 375 376 387
t 252 375 387 386
t 243 252 375 387
t 243 244 253 376
t 244 254 253 388
t 244 376 377 388
t 253 376 388 387
t 244 253 376 388
t 244 245 254 377
t 245 255 254 389
t 245 377 378 389
t 254 377 389 388
t 245 254 377 389
t 245 247 255 378
t 247 390 255 391
t 247 378 379 391
t 255 378 391 389
t 247 255 378 391
t 380 249 392 382
t 249 257 392 393
t 249 382 381 393
t 392 382 393 394
t 249 392 382 393
t 249 248 257 381
t 248 256 257 395
t 248 381 383 395
t 257 381 395 393
t 248 257 381 395
t 248 250 256 383
t 250 258 256 396
t 250 383 384 396
t 256 383 396 395
t 250 256 383 396
t 250 251 258 384
t 251 259 258 397
t 251 384 385 397
t 258 384 397 396
t 251 258 384 397
t 251 252 259 385
t 252 260 259 398
t 252 385 386 398
t 259 385 398 397
t 252 259 385 398
t 252 253 260 386
t 253 261 260 399
t 253 386 387 399
t 260 386 399 398
t 253 260 386 399
t 253 254 261 387
t 254 262 261 400
t 254 387 388 400
t 261 387 400 399
t 254 261 387 400
t 254 255 262 388
t 255 263 262 401
t 255 388 389 401
t 262 388 401 400
t 255 262 388 401
t 255 390 263 389
t 390 402 263 403
t 390 389 391 403
t 263 389 403 401
t 390 263 389 403
t 392 257 404 394
t 257 266 404 405
t 257 394 393 405
t 404 394 405 406
t 257 404 394 405
t 257 256 266 393
t 256 265 266 407
t 256 393 395 407
t 266 393 407 405
t 256 266 393 407
t 256 258 265 395
t 258 267 265 408
t 258 395 396 408
t 265 395 408 407
t 258 265 395 408
t 258 259 267 396
t 259 268 267 409
t 259 396 397 409
t 267 396 409 408
t 259 267 396 409
t 259 260 268 397
t 260 269 268 410
t 260 397 398 410
t 268 397 410 409
t 260 268 397 410
t 260 261 269 398
t 261 270 269 411
t 261 398 399 411
t 269 398 411 410
t 261 269 398 411
t 261 262 270 399
t 262 271 270 412
t 262 399 400 412
t 270 399 412 411
t 262 270 399 412
t 262 263 271 400
t 263 273 271 413
t 263 400 401 413
t 271 400 413 412
t 263 271 400 413
t 263 402 273 401
t 402 414 273 415
t 402 401 403 415
t 273 401 415 413
t 402 273 401 415
t 404 266 416 406
t 266 276 416 417
t 266 406 405 417
t 416 406 417 418
t 266 416 406 417
t 266 265 276 405
t 265 275 276 419
t 265 405 407 419
t 276 405 419 417
t 265 276 405 419
t 265 267 275 407
t 267 277 275 420
t 267 407 408 420
t 275 407 420 419
t 267 275 407 420
t 267 268 277 408
t 268 278 277 421
t 268 408 409 421
t 277 408 421 420
t 268 277 408 421
t 268 269 278 409
t 269 279 278 422
t 269 409 410 422
t 278 409 422 421
t 269 278 409 422
t 269 270 279 410
t 270 280 279 423
t 270 410 411 423
t 279 410 423 422
t 270 279 410 423
t 270 271 280 411
t 271 282 280 424
t 271 411 412 424
t 280 411 424 423
t 271 280 411 424
t 271 273 282 412
t 273 284 282 425
t 273 412 413 425
t 282 412 425 424
t 273 282 412 425
t 276 275 427 417
t 275 426 427 428
t 275 417 419 428
t 427 417 428 429
t 275 427 417 428
t 275 277 426 419
t 277 286 426 430
t 277 419 420 430
t 426 419 430 428
t 277 426 419 430
t 277 278 286 420
t 278 285 286 431
t 278 420 421 431
t 286 420 431 430
t 278 286 420 431
t 278 279 285 421
t 279 287 285 432
t 279 421 422 432
t 285 421 432 431
t 279 285 421 432
t 279 280 287 422
t 280 288 287 433
t 280 422 423 433
t 287 422 433 432
t 280 287 422 433
t 280 282 288 423
t 282 290 288 434
t 282 423 424 434
t 288 423 434 433
t 282 288 423 434
t 282 284 290 424
t 284 435 290 436
t 284 424 425 436
t 290 424 436 434
t 284 290 424 436
t 286 285 294 430
t 285 293 294 437
t 285 430 431 437
t 294 430 437 438
t 285 294 430 437
t 285 287 293 431
t 287 296 293 439
t 287 431 432 439
t 293 431 439 437
t 287 293 431 439
t 287 288 296 432
t 288 298 296 440
t 288 432 433 440
t 296 432 440 439
t 288 296 432 440
t 441 442 307 443
t 442 308 307 445
t 442 443 444 445
t 307 443 445 446
t 442 307 443 445
t 442 299 308 444
t 299 302 308 448
t 299 444 447 448
t 308 444 448 445
t 299 308 444 448
t 299 300 302 447
t 300 301 302 450
t 300 447 449 450
t 302 447 450 448
t 300 302 447 450
t 300 304 301 449
t 304 305 301 452
t 304 449 451 452
t 301 449 452 450
t 304 301 449 452
t 453 454 315 455
t 454 319 315 457
t 454 455 456 457
t 315 455 457 458
t 454 315 455 457
t 307 308 310 446
t 308 309 310 459
t 308 446 445 459
t 310 446 459 460
t 308 310 446 459
t 308 302 309 445
t 302 311 309 461
t 302 445 448 461
t 309 445 461 459
t 302 309 445 461
t 302 301 311 448
t 301 312 311 462
t 301 448 450 462
t 311 448 462 461
t 301 311 448 462
t 301 305 312 450
t 305 313 312 463
t 305 450 452 463
t 312 450 463 462
t 305 312 450 463
t 305 315 313 452
t 315 316 313 464
t 315 452 458 464
t 313 452 464 463
t 315 313 452 464
t 315 319 316 458
t 319 320 316 465
t 319 458 457 465
t 316 458 465 464
t 319 316 458 465
t 319 466 320 457
t 466 467 320 469
t 466 457 468 469
t 320 457 469 465
t 466 320 457 469
t 322 310 324 470
t 310 323 324 471
t 310 470 460 471
t 324 470 471 472
t 310 324 470 471
t 310 309 323 460
t 309 325 323 473
t 309 460 459 473
t 323 460 473 471
t 309 323 460 473
t 309 311 325 459
t 311 326 325 474
t 311 459 461 474
t 325 459 474 473
t 311 325 459 474
t 311 312 326 461
t 312 327 326 475
t 312 461 462 475
t 326 461 475 474
t 312 326 461 475
t 312 313 327 462
t 313 328 327 476
t 313 462 463 476
t 327 462 476 475
t 313 327 462 476
t 313 316 328 463
t 316 329 328 477
t 316 463 464 477
t 328 463 477 476
t 316 328 463 477
t 316 320 329 464
t 320 330 329 478
t 320 464 465 478
t 329 464 478 477
t 320 329 464 478
t 320 467 330 465
t 467 345 330 479
t 467 465 469 479
t 330 465 479 478
t 467 330 465 479
t 467 480 345 469
t 480 481 345 483
t 480 469 482 483
t 345 469 483 479
t 480 345 469 483
t 333 324 335 484
t 324 334 335 485
t 324 484 472 485
t 335 484 485 486
t 324 335 484 485
t 324 323 334 472
t 323 336 334 487
t 323 472 471 487
t 334 472 487 485
t 323 334 472 487
t 323 325 336 471
t 325 337 336 488
t 325 471 473 488
t 336 471 488 487
t 325 336 471 488
t 325 326 337 473
t 326 338 337 489
t 326 473 474 489
t 337 473 489 488
t 326 337 473 489
t 326 327 338 474
t 327 339 338 490
t 327 474 475 490
t 338 474 490 489
t 327 338 474 490
t 327 328 339 475
t 328 340 339 491
t 328 475 476 491
t 339 475 491 490
t 328 339 475 491
t 328 329 340 476
t 329 341 340 492
t 329 476 477 492
t 340 476 492 491
t 329 340 476 492
t 329 330 341 477
t 330 342 341 493
t 330 477 478 493
t 341 477 493 492
t 330 341 477 493
t 330 345 342 478
t 345 346 342 494
t 345 478 479 494
t 342 478 494 493
t 345 342 478 494
t 345 481 346 479
t 481 495 346 496
t 481 479 483 496
t 346 479 496 494
t 481 346 479 496
t 497 335 498 499
t 335 349 498 500
t 335 499 486 500
t 498 499 500 501
t 335 498 499 500
t 335 334 349 486
t 334 348 349 502
t 334 486 485 502
t 349 486 502 500
t 334 349 486 502
t 334 336 348 485
t 336 350 348 503
t 336 485 487 503
t 348 485 503 502
t 336 348 485 503
t 336 337 350 487
t 337 351 350 504
t 337 487 488 504
t 350 487 504 503
t 337 350 487 504
t 337 338 351 488
t 338 352 351 505
t 338 488 489 505
t 351 488 505 504
t 338 351 488 505
t 338 339 352 489
t 339 353 352 506
t 339 489 490 506
t 352 489 506 505
t 339 352 489 506
t 339 340 353 490
t 340 354 353 507
t 340 490 491 507
t 353 490 507 506
t 340 353 490 507
t 340 341 354 491
t 341 355 354 508
t 341 491 492 508
t 354 491 508 507
t 341 354 491 508
t 341 342 355 492
t 342 356 355 509
t 342 492 493 509
t 355 492 509 508
t 342 355 492 509
t 342 346 356 493
t 346 357 356 510
t 346 493 494 510
t 356 493 510 509
t 346 356 493 510
t 346 495 357 494
t 495 511 357 512
t 495 494 496 512
t 357 494 512 510
t 495 357 494 512
t 498 349 513 501
t 349 360 513 514
t 349 501 500 514
t 513 501 514 515
t 349 513 501 514
t 349 348 360 500
t 348 359 360 516
t 348 500 502 516
t 360 500 516 514
t 348 360 500 516
t 348 350 359 502
t 350 361 359 517
t 350 502 503 517
t 359 502 517 516
t 350 359 502 517
t 350 351 361 503
t 351 362 361 518
t 351 503 504 518
t 361 503 518 517
t 351 361 503 518
t 351 352 362 504
t 352 363 362 519
t 352 504 505 519
t 362 504 519 518
t 352 362 504 519
t 352 353 363 505
t 353 364 363 520
t 353 505 506 520
t 363 505 520 519
t 353 363 505 520
t 353 354 364 506
t 354 365 364 521
t 354 506 507 521
t 364 506 521 520
t 354 364 506 521
t 354 355 365 507
t 355 366 365 522
t 355 507 508 522
t 365 507 522 521
t 355 365 507 522
t 355 356 366 508
t 356 367 366 523
t 356 508 509 523
t 366 508 523 522
t 356 366 508 523
t 356 357 367 509
t 357 368 367 524
t 357 509 510 524
t 367 509 524 523
t 357 367 509 524
t 357 511 368 510
t 511 525 368 526
t 511 510 512 526
t 368 510 526 524
t 511 368 510 526
t 513 360 527 515
t 360 371 527 528
t 360 515 514 528
t 527 515 528 529
t 360 527 515 528
t 360 359 371 514
t 359 370 371 530
t 359 514 516 530
t 371 514 530 528
t 359 371 514 530
t 359 361 370 516
t 361 372 370 531
t 361 516 517 531
t 370 516 531 530
t 361 370 516 531
t 361 362 372 517
t 362 373 372 532
t 362 517 518 532
t 372 517 532 531
t 362 372 517 532
t 362 363 373 518
t 363 374 373 533
t 363 518 519 533
t 373 518 533 532
t 363 373 518 533
t 363 364 374 519
t 364 375 374 534
t 364 519 520 534
t 374 519 534 533
t 364 374 519 534
t 364 365 375 520
t 365 376 375 535
t 365 520 521 535
t 375 520 535 534
t 365 375 520 535
t 365 366 376 521
t 366 377 376 536
t 366 521 522 536
t 376 521 536 535
t 366 376 521 536
t 366 367 377 522
t 367 378 377 537
t 367 522 523 537
t 377 522 537 536
t 367 377 522 537
t 367 368 378 523
t 368 379 378 538
t 368 523 524 538
t 378 523 538 537
t 368 378 523 538
t 527 371 539 529
t 371 382 539 540
t 371 529 528 540
t 539 529 540 541
t 371 539 529 540
t 371 370 382 528
t 370 381 382 542
t 370 528 530 542
t 382 528 542 540
t 370 382 528 542
t 370 372 381 530
t 372 383 381 543
t 372 530 531 543
t 381 530 543 542
t 372 381 530 543
t 372 373 383 531
t 373 384 383 544
t 373 531 532 544
t 383 531 544 543
t 373 383 531 544
t 373 374 384 532
t 374 385 384 545
t 374 532 533 545
t 384 532 545 544
t 374 384 532 545
t 374 375 385 533
t 375 386 385 546
t 375 533 534 546
t 385 533 546 545
t 375 385 533 546
t 375 376 386 534
t 376 387 386 547
t 376 534 535 547
t 386 534 547 546
t 376 386 534 547
t 376 377 387 535
t 377 388 387 548
t 377 535 536 548
t 387 535 548 547
t 377 387 535 548
t 377 378 388 536
t 378 389 388 549
t 378 536 537 549
t 388 536 549 548
t 378 388 536 549
t 378 379 389 537
t 379 391 389 550
t 379 537 538 550
t 389 537 550 549
t 379 389 537 550
t 539 382 551 541
t 382 394 551 552
t 382 541 540 552
t 551 541 552 553
t 382 551 541 552
t 382 381 394 540
t 381 393 394 554
t 381 540 542 554
t 394 540 554 552
t 381 394 540 554
t 381 383 393 542
t 383 395 393 555
t 383 542 543 555
t 393 542 555 554
t 383 393 542 555
t 383 384 395 543
t 384 396 395 556
t 384 543 544 556
t 395 543 556 555
t 384 395 543 556
t 384 385 396 544
t 385 397 396 557
t 385 544 545 557
t 396 544 557 556
t 385 396 544 557
t 385 386 397 545
t 386 398 397 558
t 386 545 546 558
t 397 545 558 557
t 386 397 545 558
t 386 387 398 546
t 387 399 398 559
t 387 546 547 559
t 398 546 559 558
t 387 398 546 559
t 387 388 399 547
t 388 400 399 560
t 388 547 548 560
t 399 547 560 559
t 388 399 547 560
t 388 389 400 548
t 389 401 400 561
t 389 548 549 561
t 400 548 561 560
t 389 400 548 561
t 389 391 401 549
t 391 403 401 562
t 391 549 550 562
t 401 549 562 561
t 391 401 549 562
t 551 394 563 553
t 394 406 563 564
t 394 553 552 564
t 563 553 564 565
t 394 563 553 564
t 394 393 406 552
t 393 405 406 566
t 393 552 554 566
t 406 552 566 564
t 393 406 552 566
t 393 395 405 554
t 395 407 405 567
t 395 554 555 567
t 405 554 567 566
t 395 405 554 567
t 395 396 407 555
t 396 408 407 568
t 396 555 556 568
t 407 555 568 567
t 396 407 555 568
t 396 397 408 556
t 397 409 408 569
t 397 556 557 569
t 408 556 569 568
t 397 408 556 569
t 397 398 409 557
t 398 410 409 570
t 398 557 558 570
t 409 557 570 569
t 398 409 557 570
t 398 399 410 558
t 399 411 410 571
t 399 558 559 571
t 410 558 571 570
t 399 410 558 571
t 399 400 411 559
t 400 412 411 572
t 400 559 560 572
t 411 559 572 571
t 400 411 559 572
t 400 401 412 560
t 401 413 412 573
t 401 560 561 573
t 412 560 573 572
t 401 412 560 573
t 401 403 413 561
t 403 415 413 574
t 403 561 562 574
t 413 561 574 573
t 403 413 561 574
t 406 405 418 564
t 405 417 418 575
t 405 564 566 575
t 418 564 575 576
t 405 418 564 575
t 405 407 417 566
t 407 419 417 577
t 407 566 567 577
t 417 566 577 575
t 407 417 566 577
t 407 408 419 567
t 408 420 419 578
t 408 567 568 578
t 419 567 578 577
t 408 419 567 578
t 408 409 420 568
t 409 421 420 579
t 409 568 569 579
t 420 568 579 578
t 409 420 568 579
t 409 410 421 569
t 410 422 421 580
t 410 569 570 580
t 421 569 580 579
t 410 421 569 580
t 410 411 422 570
t 411 423 422 581
t 411 570 571 581
t 422 570 581 580
t 411 422 570 581
t 411 412 423 571
t 412 424 423 582
t 412 571 572 582
t 423 571 582 581
t 412 423 571 582
t 412 413 424 572
t 413 425 424 583
t 413 572 573 583
t 424 572 583 582
t 413 424 572 583
t 413 415 425 573
t 415 584 425 585
t 415 573 574 585
t 425 573 585 583
t 415 425 573 585
t 418 417 586 576
t 417 429 586 587
t 417 576 575 587
t 586 576 587 588
t 417 586 576 587
t 417 419 429 575
t 419 428 429 589
t 419 575 577 589
t 429 575 589 587
t 419 429 575 589
t 419 420 428 577
t 420 430 428 590
t 420 577 578 590
t 428 577 590 589
t 420 428 577 590
t 420 421 430 578
t 421 431 430 591
t 421 578 579 591
t 430 578 591 590
t 421 430 578 591
t 421 422 431 579
t 422 432 431 592
t 422 579 580 592
t 431 579 592 591
t 422 431 579 592
t 422 423 432 580
t 423 433 432 593
t 423 580 581 593
t 432 580 593 592
t 423 432 580 593
t 423 424 433 581
t 424 434 433 594
t 424 581 582 594
t 433 581 594 593
t 424 433 581 594
t 424 425 434 582
t 425 436 434 595
t 425 582 583 595
t 434 582 595 594
t 425 434 582 595
t 429 428 597 587
t 428 596 597 598
t 428 587 589 598
t 597 587 598 599
t 428 597 587 598
t 428 430 596 589
t 430 438 596 600
t 430 589 590 600
t 596 589 600 598
t 430 596 589 600
t 430 431 438 590
t 431 437 438 601
t 431 590 591 601
t 438 590 601 600
t 431 438 590 601
t 431 432 437 591
t 432 439 437 602
t 432 591 592 602
t 437 591 602 601
t 432 437 591 602
t 432 433 439 592
t 433 440 439 603
t 433 592 593 603
t 439 592 603 602
t 433 439 592 603
t 433 434 440 593
t 434 604 440 605
t 434 593 594 605
t 440 593 605 603
t 434 440 593 605
t 443 444 446 606
t 444 445 446 608
t 444 606 607 608
t 446 606 608 609
t 444 446 606 608
t 444 447 445 607
t 447 448 445 611
t 447 607 610 611
t 445 607 611 608
t 447 445 607 611
t 447 449 448 610
t 449 450 448 613
t 449 610 612 613
t 448 610 613 611
t 449 448 610 613
t 449 451 450 612
t 451 452 450 615
t 451 612 614 615
t 450 612 615 613
t 451 450 612 615
t 451 455 452 614
t 455 458 452 617
t 455 614 616 617
t 452 614 617 615
t 455 452 614 617
t 455 456 458 616
t 456 457 458 619
t 456 616 618 619
t 458 616 619 617
t 456 458 616 619
t 620 621 622 623
t 621 470 622 625
t 621 623 624 625
t 622 623 625 626
t 621 622 623 625
t 621 446 470 624
t 446 460 470 627
t 446 624 609 627
t 470 624 627 625
t 446 470 624 627
t 446 445 460 609
t 445 459 460 628
t 445 609 608 628
t 460 609 628 627
t 445 460 609 628
t 445 448 459 608
t 448 461 459 629
t 448 608 611 629
t 459 608 629 628
t 448 459 608 629
t 448 450 461 611
t 450 462 461 630
t 450 611 613 630
t 461 611 630 629
t 450 461 611 630
t 450 452 462 613
t 452 463 462 631
t 452 613 615 631
t 462 613 631 630
t 452 462 613 631
t 452 458 463 615
t 458 464 463 632
t 458 615 617 632
t 463 615 632 631
t 458 463 615 632
t 458 457 464 617
t 457 465 464 633
t 457 617 619 633
t 464 617 633 632
t 457 464 617 633
t 457 468 465 619
t 468 469 465 635
t 468 619 634 635
t 465 619 635 633
t 468 465 619 635
t 622 470 484 626
t 470 472 484 636
t 470 626 625 636
t 484 626 636 637
t 470 484 626 636
t 470 460 472 625
t 460 471 472 638
t 460 625 627 638
t 472 625 638 636
t 460 472 625 638
t 460 459 471 627
t 459 473 471 639
t 459 627 628 639
t 471 627 639 638
t 459 471 627 639
t 459 461 473 628
t 461 474 473 640
t 461 628 629 640
t 473 628 640 639
t 461 473 628 640
t 461 462 474 629
t 462 475 474 641
t 462 629 630 641
t 474 629 641 640
t 462 474 629 641
t 462 463 475 630
t 463 476 475 642
t 463 630 631 642
t 475 630 642 641
t 463 475 630 642
t 463 464 476 631
t 464 477 476 643
t 464 631 632 643
t 476 631 643 642
t 464 476 631 643
t 464 465 477 632
t 465 478 477 644
t 465 632 633 644
t 477 632 644 643
t 465 477 632 644
t 465 469 478 633
t 469 479 478 645
t 469 633 635 645
t 478 633 645 644
t 469 478 633 645
t 469 482 479 635
t 482 483 479 647
t 482 635 646 647
t 479 635 647 645
t 482 479 635 647
t 482 648 483 646
t 648 649 483 651
t 648 646 650 651
t 483 646 651 647
t 648 483 646 651
t 652 484 499 653
t 484 486 499 654
t 484 653 637 654
t 499 653 654 655
t 484 499 653 654
t 484 472 486 637
t 472 485 486 656
t 472 637 636 656
t 486 637 656 654
t 472 486 637 656
t 472 471 485 636
t 471 487 485 657
t 471 636 638 657
t 485 636 657 656
t 471 485 636 657
t 471 473 487 638
t 473 488 487 658
t 473 638 639 658
t 487 638 658 657
t 473 487 638 658
t 473 474 488 639
t 474 489 488 659
t 474 639 640 659
t 488 639 659 658
t 474 488 639 659
t 474 475 489 640
t 475 490 489 660
t 475 640 641 660
t 489 640 660 659
t 475 489 640 660
t 475 476 490 641
t 476 491 490 661
t 476 641 642 661
t 490 641 661 660
t 476 490 641 661
t 476 477 491 642
t 477 492 491 662
t 477 642 643 662
t 491 642 662 661
t 477 491 642 662
t 477 478 492 643
t 478 493 492 663
t 478 643 644 663
t 492 643 663 662
t 478 492 643 663
t 478 479 493 644
t 479 494 493 664
t 479 644 645 664
t 493 644 664 663
t 479 493 644 664
t 479 483 494 645
t 483 496 494 665
t 483 645 647 665
t 494 645 665 664
t 483 494 645 665
t 483 649 496 647
t 649 666 496 667
t 649 647 651 667
t 496 647 667 665
t 649 496 647 667
t 499 486 501 655
t 486 500 501 668
t 486 655 654 668
t 501 655 668 669
t 486 501 655 668
t 486 485 500 654
t 485 502 500 670
t 485 654 656 670
t 500 654 670 668
t 485 500 654 670
t 485 487 502 656
t 487 503 502 671
t 487 656 657 671
t 502 656 671 670
t 487 502 656 671
t 487 488 503 657
t 488 504 503 672
t 488 657 658 672
t 503 657 672 671
t 488 503 657 672
t 488 489 504 658
t 489 505 504 673
t 489 658 659 673
t 504 658 673 672
t 489 504 658 673
t 489 490 505 659
t 490 506 505 674
t 490 659 660 674
t 505 659 674 673
t 490 505 659 674
t 490 491 506 660
t 491 507 506 675
t 491 660 661 675
t 506 660 675 674
t 491 506 660 675
t 491 492 507 661
t 492 508 507 676
t 492 661 662 676
t 507 661 676 675
t 492 507 661 676
t 492 493 508 662
t 493 509 508 677
t 493 662 663 677
t 508 662 677 676
t 493 508 662 677
t 493 494 509 663
t 494 510 509 678
t 494 663 664 678
t 509 663 678 677
t 494 509 663 678
t 494 496 510 664
t 496 512 510 679
t 496 664 665 679
t 510 664 679 678
t 496 510 664 679
t 496 666 512 665
t 666 680 512 681
t 666 665 667 681
t 512 665 681 679
t 666 512 665 681
t 501 500 515 669
t 500 514 515 682
t 500 669 668 682
t 515 669 682 683
t 500 515 669 682
t 500 502 514 668
t 502 516 514 684
t 502 668 670 684
t 514 668 684 682
t 502 514 668 684
t 502 503 516 670
t 503 517 516 685
t 503 670 671 685
t 516 670 685 684
t 503 516 670 685
t 503 504 517 671
t 504 518 517 686
t 504 671 672 686
t 517 671 686 685
t 504 517 671 686
t 504 505 518 672
t 505 519 518 687
t 505 672 673 687
t 518 672 687 686
t 505 518 672 687
t 505 506 519 673
t 506 520 519 688
t 506 673 674 688
t 519 673 688 687
t 506 519 673 688
t 506 507 520 674
t 507 521 520 689
t 507 674 675 689
t 520 674 689 688
t 507 520 674 689
t 507 508 521 675
t 508 522 521 690
t 508 675 676 690
t 521 675 690 689
t 508 521 675 690
t 508 509 522 676
t 509 523 522 691
t 509 676 677 691
t 522 676 691 690
t 509 522 676 691
t 509 510 523 677
t 510 524 523 692
t 510 677 678 692
t 523 677 692 691
t 510 523 677 692
t 510 512 524 678
t 512 526 524 693
t 512 678 679 693
t 524 678 693 692
t 512 524 678 693
t 515 514 529 683
t 514 528 529 694
t 514 683 682 694
t 529 683 694 695
t 514 529 683 694
t 514 516 528 682
t 516 530 528 696
t 516 682 684 696
t 528 682 696 694
t 516 528 682 696
t 516 517 530 684
t 517 531 530 697
t 517 684 685 697
t 530 684 697 696
t 517 530 684 697
t 517 518 531 685
t 518 532 531 698
t 518 685 686 698
t 531 685 698 697
t 518 531 685 698
t 518 519 532 686
t 519 533 532 699
t 519 686 687 699
t 532 686 699 698
t 519 532 686 699
t 519 520 533 687
t 520 534 533 700
t 520 687 688 700
t 533 687 700 699
t 520 533 687 700
t 520 521 534 688
t 521 535 534 701
t 521 688 689 701
t 534 688 701 700
t 521 534 688 701
t 521 522 535 689
t 522 536 535 702
t 522 689 690 702
t 535 689 702 701
t 522 535 689 702
t 522 523 536 690
t 523 537 536 703
t 523 690 691 703
t 536 690 703 702
t 523 536 690 703
t 523 524 537 691
t 524 538 537 704
t 524 691 692 704
t 537 691 704 703
t 524 537 691 704
t 524 526 538 692
t 526 705 538 706
t 526 692 693 706
t 538 692 706 704
t 526 538 692 706
t 707 529 708 709
t 529 541 708 710
t 529 709 695 710
t 708 709 710 711
t 529 708 709 710
t 529 528 541 695
t 528 540 541 712
t 528 695 694 712
t 541 695 712 710
t 528 541 695 712
t 528 530 540 694
t 530 542 540 713
t 530 694 696 713
t 540 694 713 712
t 530 540 694 713
t 530 531 542 696
t 531 543 542 714
t 531 696 697 714
t 542 696 714 713
t 531 542 696 714
t 531 532 543 697
t 532 544 543 715
t 532 697 698 715
t 543 697 715 714
t 532 543 697 715
t 532 533 544 698
t 533 545 544 716
t 533 698 699 716
t 544 698 716 715
t 533 544 698 716
t 533 534 545 699
t 534 546 545 717
t 534 699 700 717
t 545 699 717 716
t 534 545 699 717
t 534 535 546 700
t 535 547 546 718
t 535 700 701 718
t 546 700 718 717
t 535 546 700 718
t 535 536 547 701
t 536 548 547 719
t 536 701 702 719
t 547 701 719 718
t 536 547 701 719
t 536 537 548 702
t 537 549 548 720
t 537 702 703 720
t 548 702 720 719
t 537 548 702 720
t 537 538 549 703
t 538 550 549 721
t 538 703 704 721
t 549 703 721 720
t 538 549 703 721
t 538 705 550 704
t 705 722 550 723
t 705 704 706 723
t 550 704 723 721
t 705 550 704 723
t 541 540 553 710
t 540 552 553 724
t 540 710 712 724
t 553 710 724 725
t 540 553 710 724
t 540 542 552 712
t 542 554 552 726
t 542 712 713 726
t 552 712 726 724
t 542 552 712 726
t 542 543 554 713
t 543 555 554 727
t 543 713 714 727
t 554 713 727 726
t 543 554 713 727
t 543 544 555 714
t 544 556 555 728
t 544 714 715 728
t 555 714 728 727
t 544 555 714 728
t 544 545 556 715
t 545 557 556 729
t 545 715 716 729
t 556 715 729 728
t 545 556 715 729
t 545 546 557 716
t 546 558 557 730
t 546 716 717 730
t 557 716 730 729
t 546 557 716 730
t 546 547 558 717
t 547 559 558 731
t 547 717 718 731
t 558 717 731 730
t 547 558 717 731
t 547 548 559 718
t 548 560 559 732
t 548 718 719 732
t 559 718 732 731
t 548 559 718 732
t 548 549 560 719
t 549 561 560 733
t 549 719 720 733
t 560 719 733 732
t 549 560 719 733
t 549 550 561 720
t 550 562 561 734
t 550 720 721 734
t 561 720 734 733
t 550 561 720 734
t 550 722 562 721
t 722 735 562 736
t 722 721 723 736
t 562 721 736 734
t 722 562 721 736
t 553 552 565 725
t 552 564 565 737
t 552 725 724 737
t 565 725 737 738
t 552 565 725 737
t 552 554 564 724
t 554 566 564 739
t 554 724 726 739
t 564 724 739 737
t 554 564 724 739
t 554 555 566 726
t 555 567 566 740
t 555 726 727 740
t 566 726 740 739
t 555 566 726 740
t 555 556 567 727
t 556 568 567 741
t 556 727 728 741
t 567 727 741 740
t 556 567 727 741
t 556 557 568 728
t 557 569 568 742
t 557 728 729 742
t 568 728 742 741
t 557 568 728 742
t 557 558 569 729
t 558 570 569 743
t 558 729 730 743
t 569 729 743 742
t 558 569 729 743
t 558 559 570 730
t 559 571 570 744
t 559 730 731 744
t 570 730 744 743
t 559 570 730 744
t 559 560 571 731
t 560 572 571 745
t 560 731 732 745
t 571 731 745 744
t 560 571 731 745
t 560 561 572 732
t 561 573 572 746
t 561 732 733 746
t 572 732 746 745
t 561 572 732 746
t 561 562 573 733
t 562 574 573 747
t 562 733 734 747
t 573 733 747 746
t 562 573 733 747
t 565 564 748 738
t 564 576 748 749
t 564 738 737 749
t 748 738 749 750
t 564 748 738 749
t 564 566 576 737
t 566 575 576 751
t 566 737 739 751
t 576 737 751 749
t 566 576 737 751
t 566 567 575 739
t 567 577 575 752
t 567 739 740 752
t 575 739 752 751
t 567 575 739 752
t 567 568 577 740
t 568 578 577 753
t 568 740 741 753
t 577 740 753 752
t 568 577 740 753
t 568 569 578 741
t 569 579 578 754
t 569 741 742 754
t 578 741 754 753
t 569 578 741 754
t 569 570 579 742
t 570 580 579 755
t 570 742 743 755
t 579 742 755 754
t 570 579 742 755
t 570 571 580 743
t 571 581 580 756
t 571 743 744 756
t 580 743 756 755
t 571 580 743 756
t 571 572 581 744
t 572 582 581 757
t 572 744 745 757
t 581 744 757 756
t 572 581 744 757
t 572 573 582 745
t 573 583 582 758
t 573 745 746 758
t 582 745 758 757
t 573 582 745 758
t 573 574 583 746
t 574 585 583 759
t 574 746 747 759
t 583 746 759 758
t 574 583 746 759
t 748 576 760 750
t 576 588 760 761
t 576 750 749 761
t 760 750 761 762
t 576 760 750 761
t 576 575 588 749
t 575 587 588 763
t 575 749 751 763
t 588 749 763 761
t 575 588 749 763
t 575 577 587 751
t 577 589 587 764
t 577 751 752 764
t 587 751 764 763
t 577 587 751 764
t 577 578 589 752
t 578 590 589 765
t 578 752 753 765
t 589 752 765 764
t 578 589 752 765
t 578 579 590 753
t 579 591 590 766
t 579 753 754 766
t 590 753 766 765
t 579 590 753 766
t 579 580 591 754
t 580 592 591 767
t 580 754 755 767
t 591 754 767 766
t 580 591 754 767
t 580 581 592 755
t 581 593 592 768
t 581 755 756 768
t 592 755 768 767
t 581 592 755 768
t 581 582 593 756
t 582 594 593 769
t 582 756 757 769
t 593 756 769 768
t 582 593 756 769
t 582 583 594 757
t 583 595 594 770
t 583 757 758 770
t 594 757 770 769
t 583 594 757 770
t 583 585 595 758
t 585 771 595 772
t 585 758 759 772
t 595 758 772 770
t 585 595 758 772
t 588 587 773 761
t 587 599 773 774
t 587 761 763 774
t 773 761 774 775
t 587 773 761 774
t 587 589 599 763
t 589 598 599 776
t 589 763 764 776
t 599 763 776 774
t 589 599 763 776
t 589 590 598 764
t 590 600 598 777
t 590 764 765 777
t 598 764 777 776
t 590 598 764 777
t 590 591 600 765
t 591 601 600 778
t 591 765 766 778
t 600 765 778 777
t 591 600 765 778
t 591 592 601 766
t 592 602 601 779
t 592 766 767 779
t 601 766 779 778
t 592 601 766 779
t 592 593 602 767
t 593 603 602 780
t 593 767 768 780
t 602 767 780 779
t 593 602 767 780
t 593 594 603 768
t 594 605 603 781
t 594 768 769 781
t 603 768 781 780
t 594 603 768 781
t 782 606 624 783
t 606 609 624 785
t 606 783 784 785
t 624 783 785 786
t 606 624 783 785
t 606 607 609 784
t 607 608 609 788
t 607 784 787 788
t 609 784 788 785
t 607 609 784 788
t 607 610 608 787
t 610 611 608 790
t 610 787 789 790
t 608 787 790 788
t 610 608 787 790
t 610 612 611 789
t 612 613 611 792
t 612 789 791 792
t 611 789 792 790
t 612 611 789 792
t 612 614 613 791
t 614 615 613 794
t 614 791 793 794
t 613 791 794 792
t 614 613 791 794
t 614 616 615 793
t 616 617 615 796
t 616 793 795 796
t 615 793 796 794
t 616 615 793 796
t 616 618 617 795
t 618 619 617 798
t 618 795 797 798
t 617 795 798 796
t 618 617 795 798
t 618 799 619 797
t 799 634 619 801
t 799 797 800 801
t 619 797 801 798
t 799 619 797 801
t 802 623 803 804
t 623 626 803 806
t 623 804 805 806
t 803 804 806 807
t 623 803 804 806
t 623 624 626 805
t 624 625 626 808
t 624 805 786 808
t 626 805 808 806
t 624 626 805 808
t 624 609 625 786
t 609 627 625 809
t 609 786 785 809
t 625 786 809 808
t 609 625 786 809
t 609 608 627 785
t 608 628 627 810
t 608 785 788 810
t 627 785 810 809
t 608 627 785 810
t 608 611 628 788
t 611 629 628 811
t 611 788 790 811
t 628 788 811 810
t 611 628 788 811
t 611 613 629 790
t 613 630 629 812
t 613 790 792 812
t 629 790 812 811
t 613 629 790 812
t 613 615 630 792
t 615 631 630 813
t 615 792 794 813
t 630 792 813 812
t 615 630 792 813
t 615 617 631 794
t 617 632 631 814
t 617 794 796 814
t 631 794 814 813
t 617 631 794 814
t 617 619 632 796
t 619 633 632 815
t 619 796 798 815
t 632 796 815 814
t 619 632 796 815
t 619 634 633 798
t 634 635 633 816
t 634 798 801 816
t 633 798 816 815
t 634 633 798 816
t 634 817 635 801
t 817 646 635 819
t 817 801 818 819
t 635 801 819 816
t 817 635 801 819
t 803 626 653 807
t 626 637 653 820
t 626 807 806 820
t 653 807 820 821
t 626 653 807 820
t 626 625 637 806
t 625 636 637 822
t 625 806 808 822
t 637 806 822 820
t 625 637 806 822
t 625 627 636 808
t 627 638 636 823
t 627 808 809 823
t 636 808 823 822
t 627 636 808 823
t 627 628 638 809
t 628 639 638 824
t 628 809 810 824
t 638 809 824 823
t 628 638 809 824
t 628 629 639 810
t 629 640 639 825
t 629 810 811 825
t 639 810 825 824
t 629 639 810 825
t 629 630 640 811
t 630 641 640 826
t 630 811 812 826
t 640 811 826 825
t 630 640 811 826
t 630 631 641 812
t 631 642 641 827
t 631 812 813 827
t 641 812 827 826
t 631 641 812 827
t 631 632 642 813
t 632 643 642 828
t 632 813 814 828
t 642 813 828 827
t 632 642 813 828
t 632 633 643 814
t 633 644 643 829
t 633 814 815 829
t 643 814 829 828
t 633 643 814 829
t 633 635 644 815
t 635 645 644 830
t 635 815 816 830
t 644 815 830 829
t 635 644 815 830
t 635 646 645 816
t 646 647 645 831
t 646 816 819 831
t 645 816 831 830
t 646 645 816 831
t 646 650 647 819
t 650 651 647 833
t 650 819 832 833
t 647 819 833 831
t 650 647 819 833
t 653 637 655 821
t 637 654 655 834
t 637 821 820 834
t 655 821 834 835
t 637 655 821 834
t 637 636 654 820
t 636 656 654 836
t 636 820 822 836
t 654 820 836 834
t 636 654 820 836
t 636 638 656 822
t 638 657 656 837
t 638 822 823 837
t 656 822 837 836
t 638 656 822 837
t 638 639 657 823
t 639 658 657 838
t 639 823 824 838
t 657 823 838 837
t 639 657 823 838
t 639 640 658 824
t 640 659 658 839
t 640 824 825 839
t 658 824 839 838
t 640 658 824 839
t 640 641 659 825
t 641 660 659 840
t 641 825 826 840
t 659 825 840 839
t 641 659 825 840
t 641 642 660 826
t 642 661 660 841
t 642 826 827 841
t 660 826 841 840
t 642 660 826 841
t 642 643 661 827
t 643 662 661 842
t 643 827 828 842
t 661 827 842 841
t 643 661 827 842
t 643 644 662 828
t 644 663 662 843
t 644 828 829 843
t 662 828 843 842
t 644 662 828 843
t 644 645 663 829
t 645 664 663 844
t 645 829 830 844
t 663 829 844 843
t 645 663 829 844
t 645 647 664 830
t 647 665 664 845
t 647 830 831 845
t 664 830 845 844
t 647 664 830 845
t 647 651 665 831
t 651 667 665 846
t 651 831 833 846
t 665 831 846 845
t 651 665 831 846
t 655 654 669 835
t 654 668 669 847
t 654 835 834 847
t 669 835 847 848
t 654 669 835 847
t 654 656 668 834
t 656 670 668 849
t 656 834 836 849
t 668 834 849 847
t 656 668 834 849
t 656 657 670 836
t 657 671 670 850
t 657 836 837 850
t 670 836 850 849
t 657 670 836 850
t 657 658 671 837
t 658 672 671 851
t 658 837 838 851
t 671 837 851 850
t 658 671 837 851
t 658 659 672 838
t 659 673 672 852
t 659 838 839 852
t 672 838 852 851
t 659 672 838 852
t 659 660 673 839
t 660 674 673 853
t 660 839 840 853
t 673 839 853 852
t 660 673 839 853
t 660 661 674 840
t 661 675 674 854
t 661 840 841 854
t 674 840 854 853
t 661 674 840 854
t 661 662 675 841
t 662 676 675 855
t 662 841 842 855
t 675 841 855 854
t 662 675 841 855
t 662 663 676 842
t 663 677 676 856
t 663 842 843 856
t 676 842 856 855
t 663 676 842 856
t 663 664 677 843
t 664 678 677 857
t 664 843 844 857
t 677 843 857 856
t 664 677 843 857
t 664 665 678 844
t 665 679 678 858
t 665 844 845 858
t 678 844 858 857
t 665 678 844 858
t 665 667 679 845
t 667 681 679 859
t 667 845 846 859
t 679 845 859 858
t 667 679 845 859
t 669 668 683 848
t 668 682 683 860
t 668 848 847 860
t 683 848 860 861
t 668 683 848 860
t 668 670 682 847
t 670 684 682 862
t 670 847 849 862
t 682 847 862 860
t 670 682 847 862
t 670 671 684 849
t 671 685 684 863
t 671 849 850 863
t 684 849 863 862
t 671 684 849 863
t 671 672 685 850
t 672 686 685 864
t 672 850 851 864
t 685 850 864 863
t 672 685 850 864
t 672 673 686 851
t 673 687 686 865
t 673 851 852 865
t 686 851 865 864
t 673 686 851 865
t 673 674 687 852
t 674 688 687 866
t 674 852 853 866
t 687 852 866 865
t 674 687 852 866
t 674 675 688 853
t 675 689 688 867
t 675 853 854 867
t 688 853 867 866
t 675 688 853 867
t 675 676 689 854
t 676 690 689 868
t 676 854 855 868
t 689 854 868 867
t 676 689 854 868
t 676 677 690 855
t 677 691 690 869
t 677 855 856 869
t 690 855 869 868
t 677 690 855 869
t 677 678 691 856
t 678 692 691 870
t 678 856 857 870
t 691 856 870 869
t 678 691 856 870
t 678 679 692 857
t 679 693 692 871
t 679 857 858 871
t 692 857 871 870
t 679 692 857 871
t 679 681 693 858
t 681 872 693 873
t 681 858 859 873
t 693 858 873 871
t 681 693 858 873
t 874 683 709 875
t 683 695 709 876
t 683 875 861 876
t 709 875 876 877
t 683 709 875 876
t 683 682 695 861
t 682 694 695 878
t 682 861 860 878
t 695 861 878 876
t 682 695 861 878
t 682 684 694 860
t 684 696 694 879
t 684 860 862 879
t 694 860 879 878
t 684 694 860 879
t 684 685 696 862
t 685 697 696 880
t 685 862 863 880
t 696 862 880 879
t 685 696 862 880
t 685 686 697 863
t 686 698 697 881
t 686 863 864 881
t 697 863 881 880
t 686 697 863 881
t 686 687 698 864
t 687 699 698 882
t 687 864 865 882
t 698 864 882 881
t 687 698 864 882
t 687 688 699 865
t 688 700 699 883
t 688 865 866 883
t 699 865 883 882
t 688 699 865 883
t 688 689 700 866
t 689 701 700 884
t 689 866 867 884
t 700 866 884 883
t 689 700 866 884
t 689 690 701 867
t 690 702 701 885
t 690 867 868 885
t 701 867 885 884
t 690 701 867 885
t 690 691 702 868
t 691 703 702 886
t 691 868 869 886
t 702 868 886 885
t 691 702 868 886
t 691 692 703 869
t 692 704 703 887
t 692 869 870 887
t 703 869 887 886
t 692 703 869 887
t 692 693 704 870
t 693 706 704 888
t 693 870 871 888
t 704 870 888 887
t 693 704 870 888
t 709 695 711 877
t 695 710 711 889
t 695 877 876 889
t 711 877 889 890
t 695 711 877 889
t 695 694 710 876
t 694 712 710 891
t 694 876 878 891
t 710 876 891 889
t 694 710 876 891
t 694 696 712 878
t 696 713 712 892
t 696 878 879 892
t 712 878 892 891
t 696 712 878 892
t 696 697 713 879
t 697 714 713 893
t 697 879 880 893
t 713 879 893 892
t 697 713 879 893
t 697 698 714 880
t 698 715 714 894
t 698 880 881 894
t 714 880 894 893
t 698 714 880 894
t 698 699 715 881
t 699 716 715 895
t 699 881 882 895
t 715 881 895 894
t 699 715 881 895
t 699 700 716 882
t 700 717 716 896
t 700 882 883 896
t 716 882 896 895
t 700 716 882 896
t 700 701 717 883
t 701 718 717 897
t 701 883 884 897
t 717 883 897 896
t 701 717 883 897
t 701 702 718 884
t 702 719 718 898
t 702 884 885 898
t 718 884 898 897
t 702 718 884 898
t 702 703 719 885
t 703 720 719 899
t 703 885 886 899
t 719 885 899 898
t 703 719 885 899
t 703 704 720 886
t 704 721 720 900
t 704 886 887 900
t 720 886 900 899
t 704 720 886 900
t 704 706 721 887
t 706 723 721 901
t 706 887 888 901
t 721 887 901 900
t 706 721 887 901
t 710 712 725 889
t 712 724 725 902
t 712 889 891 902
t 725 889 902 903
t 712 725 889 902
t 712 713 724 891
t 713 726 724 904
t 713 891 892 904
t 724 891 904 902
t 713 724 891 904
t 713 714 726 892
t 714 727 726 905
t 714 892 893 905
t 726 892 905 904
t 714 726 892 905
t 714 715 727 893
t 715 728 727 906
t 715 893 894 906
t 727 893 906 905
t 715 727 893 906
t 715 716 728 894
t 716 729 728 907
t 716 894 895 907
t 728 894 907 906
t 716 728 894 907
t 716 717 729 895
t 717 730 729 908
t 717 895 896 908
t 729 895 908 907
t 717 729 895 908
t 717 718 730 896
t 718 731 730 909
t 718 896 897 909
t 730 896 909 908
t 718 730 896 909
t 718 719 731 897
t 719 732 731 910
t 719 897 898 910
t 731 897 910 909
t 719 731 897 910
t 719 720 732 898
t 720 733 732 911
t 720 898 899 911
t 732 898 911 910
t 720 732 898 911
t 720 721 733 899
t 721 734 733 912
t 721 899 900 912
t 733 899 912 911
t 721 733 899 912
t 721 723 734 900
t 723 736 734 913
t 723 900 901 913
t 734 900 913 912
t 723 734 900 913
t 725 724 738 903
t 724 737 738 914
t 724 903 902 914
t 738 903 914 915
t 724 738 903 914
t 724 726 737 902
t 726 739 737 916
t 726 902 904 916
t 737 902 916 914
t 726 737 902 916
t 726 727 739 904
t 727 740 739 917
t 727 904 905 917
t 739 904 917 916
t 727 739 904 917
t 727 728 740 905
t 728 741 740 918
t 728 905 906 918
t 740 905 918 917
t 728 740 905 918
t 728 729 741 906
t 729 742 741 919
t 729 906 907 919
t 741 906 919 918
t 729 741 906 919
t 729 730 742 907
t 730 743 742 920
t 730 907 908 920
t 742 907 920 919
t 730 742 907 920
t 730 731 743 908
t 731 744 743 921
t 731 908 909 921
t 743 908 921 920
t 731 743 908 921
t 731 732 744 909
t 732 745 744 922
t 732 909 910 922
t 744 909 922 921
t 732 744 909 922
t 732 733 745 910
t 733 746 745 923
t 733 910 911 923
t 745 910 923 922
t 733 745 910 923
t 733 734 746 911
t 734 747 746 924
t 734 911 912 924
t 746 911 924 923
t 734 746 911 924
t 734 736 747 912
t 736 925 747 926
t 736 912 913 926
t 747 912 926 924
t 736 747 912 926
t 738 737 750 915
t 737 749 750 927
t 737 915 914 927
t 750 915 927 928
t 737 750 915 927
t 737 739 749 914
t 739 751 749 929
t 739 914 916 929
t 749 914 929 927
t 739 749 914 929
t 739 740 751 916
t 740 752 751 930
t 740 916 917 930
t 751 916 930 929
t 740 751 916 930
t 740 741 752 917
t 741 753 752 931
t 741 917 918 931
t 752 917 931 930
t 741 752 917 931
t 741 742 753 918
t 742 754 753 932
t 742 918 919 932
t 753 918 932 931
t 742 753 918 932
t 742 743 754 919
t 743 755 754 933
t 743 919 920 933
t 754 919 933 932
t 743 754 919 933
t 743 744 755 920
t 744 756 755 934
t 744 920 921 934
t 755 920 934 933
t 744 755 920 934
t 744 745 756 921
t 745 757 756 935
t 745 921 922 935
t 756 921 935 934
t 745 756 921 935
t 745 746 757 922
t 746 758 757 936
t 746 922 923 936
t 757 922 936 935
t 746 757 922 936
t 746 747 758 923
t 747 759 758 937
t 747 923 924 937
t 758 923 937 936
t 747 758 923 937
t 747 925 759 924
t 925 938 759 939
t 925 924 926 939
t 759 924 939 937
t 925 759 924 939
t 750 749 762 928
t 749 761 762 940
t 749 928 927 940
t 762 928 940 941
t 749 762 928 940
t 749 751 761 927
t 751 763 761 942
t 751 927 929 942
t 761 927 942 940
t 751 761 927 942
t 751 752 763 929
t 752 764 763 943
t 752 929 930 943
t 763 929 943 942
t 752 763 929 943
t 752 753 764 930
t 753 765 764 944
t 753 930 931 944
t 764 930 944 943
t 753 764 930 944
t 753 754 765 931
t 754 766 765 945
t 754 931 932 945
t 765 931 945 944
t 754 765 931 945
t 754 755 766 932
t 755 767 766 946
t 755 932 933 946
t 766 932 946 945
t 755 766 932 946
t 755 756 767 933
t 756 768 767 947
t 756 933 934 947
t 767 933 947 946
t 756 767 933 947
t 756 757 768 934
t 757 769 768 948
t 757 934 935 948
t 768 934 948 947
t 757 768 934 948
t 757 758 769 935
t 758 770 769 949
t 758 935 936 949
t 769 935 949 948
t 758 769 935 949
t 758 759 770 936
t 759 772 770 950
t 759 936 937 950
t 770 936 950 949
t 759 770 936 950
t 759 938 772 937
t 938 951 772 952
t 938 937 939 952
t 772 937 952 950
t 938 772 937 952
t 761 763 775 940
t 763 774 775 953
t 763 940 942 953
t 775 940 953 954
t 763 775 940 953
t 763 764 774 942
t 764 776 774 955
t 764 942 943 955
t 774 942 955 953
t 764 774 942 955
t 764 765 776 943
t 765 777 776 956
t 765 943 944 956
t 776 943 956 955
t 765 776 943 956
t 765 766 777 944
t 766 778 777 957
t 766 944 945 957
t 777 944 957 956
t 766 777 944 957
t 766 767 778 945
t 767 779 778 958
t 767 945 946 958
t 778 945 958 957
t 767 778 945 958
t 767 768 779 946
t 768 780 779 959
t 768 946 947 959
t 779 946 959 958
t 768 779 946 959
t 768 769 780 947
t 769 781 780 960
t 769 947 948 960
t 780 947 960 959
t 769 780 947 960
t 769 770 781 948
t 770 961 781 962
t 770 948 949 962
t 781 948 962 960
t 770 781 948 962
t 770 772 961 949
t 772 963 961 964
t 772 949 950 964
t 961 949 964 962
t 772 961 949 964
t 965 966 787 967
t 966 789 787 969
t 966 967 968 969
t 787 967 969 970
t 966 787 967 969
t 971 783 805 972
t 783 786 805 974
t 783 972 973 974
t 805 972 974 975
t 783 805 972 974
t 783 784 786 973
t 784 785 786 977
t 784 973 976 977
t 786 973 977 974
t 784 786 973 977
t 784 787 785 976
t 787 788 785 978
t 787 976 970 978
t 785 976 978 977
t 787 785 976 978
t 787 789 788 970
t 789 790 788 979
t 789 970 969 979
t 788 970 979 978
t 789 788 970 979
t 789 791 790 969
t 791 792 790 981
t 791 969 980 981
t 790 969 981 979
t 791 790 969 981
t 791 793 792 980
t 793 794 792 983
t 793 980 982 983
t 792 980 983 981
t 793 792 980 983
t 793 795 794 982
t 795 796 794 985
t 795 982 984 985
t 794 982 985 983
t 795 794 982 985
t 795 797 796 984
t 797 798 796 987
t 797 984 986 987
t 796 984 987 985
t 797 796 984 987
t 797 800 798 986
t 800 801 798 989
t 800 986 988 989
t 798 986 989 987
t 800 798 986 989
t 804 805 807 990
t 805 806 807 991
t 805 990 975 991
t 807 990 991 992
t 805 807 990 991
t 805 786 806 975
t 786 808 806 993
t 786 975 974 993
t 806 975 993 991
t 786 806 975 993
t 786 785 808 974
t 785 809 808 994
t 785 974 977 994
t 808 974 994 993
t 785 808 974 994
t 785 788 809 977
t 788 810 809 995
t 788 977 978 995
t 809 977 995 994
t 788 809 977 995
t 788 790 810 978
t 790 811 810 996
t 790 978 979 996
t 810 978 996 995
t 790 810 978 996
t 790 792 811 979
t 792 812 811 997
t 792 979 981 997
t 811 979 997 996
t 792 811 979 997
t 792 794 812 981
t 794 813 812 998
t 794 981 983 998
t 812 981 998 997
t 794 812 981 998
t 794 796 813 983
t 796 814 813 999
t 796 983 985 999
t 813 983 999 998
t 796 813 983 999
t 796 798 814 985
t 798 815 814 1000
t 798 985 987 1000
t 814 985 1000 999
t 798 814 985 1000
t 798 801 815 987
t 801 816 815 1001
t 801 987 989 1001
t 815 987 1001 1000
t 801 815 987 1001
t 801 818 816 989
t 818 819 816 1003
t 818 989 1002 1003
t 816 989 1003 1001
t 818 816 989 1003
t 807 806 821 992
t 806 820 821 1004
t 806 992 991 1004
t 821 992 1004 1005
t 806 821 992 1004
t 806 808 820 991
t 808 822 820 1006
t 808 991 993 1006
t 820 991 1006 1004
t 808 820 991 1006
t 808 809 822 993
t 809 823 822 1007
t 809 993 994 1007
t 822 993 1007 1006
t 809 822 993 1007
t 809 810 823 994
t 810 824 823 1008
t 810 994 995 1008
t 823 994 1008 1007
t 810 823 994 1008
t 810 811 824 995
t 811 825 824 1009
t 811 995 996 1009
t 824 995 1009 1008
t 811 824 995 1009
t 811 812 825 996
t 812 826 825 1010
t 812 996 997 1010
t 825 996 1010 1009
t 812 825 996 1010
t 812 813 826 997
t 813 827 826 1011
t 813 997 998 1011
t 826 997 1011 1010
t 813 826 997 1011
t 813 814 827 998
t 814 828 827 1012
t 814 998 999 1012
t 827 998 1012 1011
t 814 827 998 1012
t 814 815 828 999
t 815 829 828 1013
t 815 999 1000 1013
t 828 999 1013 1012
t 815 828 999 1013
t 815 816 829 1000
t 816 830 829 1014
t 816 1000 1001 1014
t 829 1000 1014 1013
t 816 829 1000 1014
t 816 819 830 1001
t 819 831 830 1015
t 819 1001 1003 1015
t 830 1001 1015 1014
t 819 830 1001 1015
t 819 832 831 1003
t 832 833 831 1017
t 832 1003 1016 1017
t 831 1003 1017 1015
t 832 831 1003 1017
t 1018 821 1019 1020
t 821 835 1019 1021
t 821 1020 1005 1021
t 1019 1020 1021 1022
t 821 1019 1020 1021
t 821 820 835 1005
t 820 834 835 1023
t 820 1005 1004 1023
t 835 1005 1023 1021
t 820 835 1005 1023
t 820 822 834 1004
t 822 836 834 1024
t 822 1004 1006 1024
t 834 1004 1024 1023
t 822 834 1004 1024
t 822 823 836 1006
t 823 837 836 1025
t 823 1006 1007 1025
t 836 1006 1025 1024
t 823 836 1006 1025
t 823 824 837 1007
t 824 838 837 1026
t 824 1007 1008 1026
t 837 1007 1026 1025
t 824 837 1007 1026
t 824 825 838 1008
t 825 839 838 1027
t 825 1008 1009 1027
t 838 1008 1027 1026
t 825 838 1008 1027
t 825 826 839 1009
t 826 840 839 1028
t 826 1009 1010 1028
t 839 1009 1028 1027
t 826 839 1009 1028
t 826 827 840 1010
t 827 841 840 1029
t 827 1010 1011 1029
t 840 1010 1029 1028
t 827 840 1010 1029
t 827 828 841 1011
t 828 842 841 1030
t 828 1011 1012 1030
t 841 1011 1030 1029
t 828 841 1011 1030
t 828 829 842 1012
t 829 843 842 1031
t 829 1012 1013 1031
t 842 1012 1031 1030
t 829 842 1012 1031
t 829 830 843 1013
t 830 844 843 1032
t 830 1013 1014 1032
t 843 1013 1032 1031
t 830 843 1013 1032
t 830 831 844 1014
t 831 845 844 1033
t 831 1014 1015 1033
t 844 1014 1033 1032
t 831 844 1014 1033
t 831 833 845 1015
t 833 846 845 1034
t 833 1015 1017 1034
t 845 1015 1034 1033
t 833 845 1015 1034
t 835 834 848 1021
t 834 847 848 1035
t 834 1021 1023 1035
t 848 1021 1035 1036
t 834 848 1021 1035
t 834 836 847 1023
t 836 849 847 1037
t 836 1023 1024 1037
t 847 1023 1037 1035
t 836 847 1023 1037
t 836 837 849 1024
t 837 850 849 1038
t 837 1024 1025 1038
t 849 1024 1038 1037
t 837 849 1024 1038
t 837 838 850 1025
t 838 851 850 1039
t 838 1025 1026 1039
t 850 1025 1039 1038
t 838 850 1025 1039
t 838 839 851 1026
t 839 852 851 1040
t 839 1026 1027 1040
t 851 1026 1040 1039
t 839 851 1026 1040
t 839 840 852 1027
t 840 853 852 1041
t 840 1027 1028 1041
t 852 1027 1041 1040
t 840 852 1027 1041
t 840 841 853 1028
t 841 854 853 1042
t 841 1028 1029 1042
t 853 1028 1042 1041
t 841 853 1028 1042
t 841 842 854 1029
t 842 855 854 1043
t 842 1029 1030 1043
t 854 1029 1043 1042
t 842 854 1029 1043
t 842 843 855 1030
t 843 856 855 1044
t 843 1030 1031 1044
t 855 1030 1044 1043
t 843 855 1030 1044
t 843 844 856 1031
t 844 857 856 1045
t 844 1031 1032 1045
t 856 1031 1045 1044
t 844 856 1031 1045
t 844 845 857 1032
t 845 858 857 1046
t 845 1032 1033 1046
t 857 1032 1046 1045
t 845 857 1032 1046
t 845 846 858 1033
t 846 859 858 1047
t 846 1033 1034 1047
t 858 1033 1047 1046
t 846 858 1033 1047
t 848 847 861 1036
t 847 860 861 1048
t 847 1036 1035 1048
t 861 1036 1048 1049
t 847 861 1036 1048
t 847 849 860 1035
t 849 862 860 1050
t 849 1035 1037 1050
t 860 1035 1050 1048
t 849 860 1035 1050
t 849 850 862 1037
t 850 863 862 1051
t 850 1037 1038 1051
t 862 1037 1051 1050
t 850 862 1037 1051
t 850 851 863 1038
t 851 864 863 1052
t 851 1038 1039 1052
t 863 1038 1052 1051
t 851 863 1038 1052
t 851 852 864 1039
t 852 865 864 1053
t 852 1039 1040 1053
t 864 1039 1053 1052
t 852 864 1039 1053
t 852 853 865 1040
t 853 866 865 1054
t 853 1040 1041 1054
t 865 1040 1054 1053
t 853 865 1040 1054
t 853 854 866 1041
t 854 867 866 1055
t 854 1041 1042 1055
t 866 1041 1055 1054
t 854 866 1041 1055
t 854 855 867 1042
t 855 868 867 1056
t 855 1042 1043 1056
t 867 1042 1056 1055
t 855 867 1042 1056
t 855 856 868 1043
t 856 869 868 1057
t 856 1043 1044 1057
t 868 1043 1057 1056
t 856 868 1043 1057
t 856 857 869 1044
t 857 870 869 1058
t 857 1044 1045 1058
t 869 1044 1058 1057
t 857 869 1044 1058
t 857 858 870 1045
t 858 871 870 1059
t 858 1045 1046 1059
t 870 1045 1059 1058
t 858 870 1045 1059
t 858 859 871 1046
t 859 873 871 1060
t 859 1046 1047 1060
t 871 1046 1060 1059
t 859 871 1046 1060
t 861 860 876 1049
t 860 878 876 1061
t 860 1049 1048 1061
t 876 1049 1061 1062
t 860 876 1049 1061
t 860 862 878 1048
t 862 879 878 1063
t 862 1048 1050 1063
t 878 1048 1063 1061
t 862 878 1048 1063
t 862 863 879 1050
t 863 880 879 1064
t 863 1050 1051 1064
t 879 1050 1064 1063
t 863 879 1050 1064
t 863 864 880 1051
t 864 881 880 1065
t 864 1051 1052 1065
t 880 1051 1065 1064
t 864 880 1051 1065
t 864 865 881 1052
t 865 882 881 1066
t 865 1052 1053 1066
t 881 1052 1066 1065
t 865 881 1052 1066
t 865 866 882 1053
t 866 883 882 1067
t 866 1053 1054 1067
t 882 1053 1067 1066
t 866 882 1053 1067
t 866 867 883 1054
t 867 884 883 1068
t 867 1054 1055 1068
t 883 1054 1068 1067
t 867 883 1054 1068
t 867 868 884 1055
t 868 885 884 1069
t 868 1055 1056 1069
t 884 1055 1069 1068
t 868 884 1055 1069
t 868 869 885 1056
t 869 886 885 1070
t 869 1056 1057 1070
t 885 1056 1070 1069
t 869 885 1056 1070
t 869 870 886 1057
t 870 887 886 1071
t 870 1057 1058 1071
t 886 1057 1071 1070
t 870 886 1057 1071
t 870 871 887 1058
t 871 888 887 1072
t 871 1058 1059 1072
t 887 1058 1072 1071
t 871 887 1058 1072
t 871 873 888 1059
t 873 1073 888 1074
t 873 1059 1060 1074
t 888 1059 1074 1072
t 873 888 1059 1074
t 877 876 890 1075
t 876 889 890 1076
t 876 1075 1062 1076
t 890 1075 1076 1077
t 876 890 1075 1076
t 876 878 889 1062
t 878 891 889 1078
t 878 1062 1061 1078
t 889 1062 1078 1076
t 878 889 1062 1078
t 878 879 891 1061
t 879 892 891 1079
t 879 1061 1063 1079
t 891 1061 1079 1078
t 879 891 1061 1079
t 879 880 892 1063
t 880 893 892 1080
t 880 1063 1064 1080
t 892 1063 1080 1079
t 880 892 1063 1080
t 880 881 893 1064
t 881 894 893 1081
t 881 1064 1065 1081
t 893 1064 1081 1080
t 881 893 1064 1081
t 881 882 894 1065
t 882 895 894 1082
t 882 1065 1066 1082
t 894 1065 1082 1081
t 882 894 1065 1082
t 882 883 895 1066
t 883 896 895 1083
t 883 1066 1067 1083
t 895 1066 1083 1082
t 883 895 1066 1083
t 883 884 896 1067
t 884 897 896 1084
t 884 1067 1068 1084
t 896 1067 1084 1083
t 884 896 1067 1084
t 884 885 897 1068
t 885 898 897 1085
t 885 1068 1069 1085
t 897 1068 1085 1084
t 885 897 1068 1085
t 885 886 898 1069
t 886 899 898 1086
t 886 1069 1070 1086
t 898 1069 1086 1085
t 886 898 1069 1086
t 886 887 899 1070
t 887 900 899 1087
t 887 1070 1071 1087
t 899 1070 1087 1086
t 887 899 1070 1087
t 887 888 900 1071
t 888 901 900 1088
t 888 1071 1072 1088
t 900 1071 1088 1087
t 888 900 1071 1088
t 889 891 903 1076
t 891 902 903 1089
t 891 1076 1078 1089
t 903 1076 1089 1090
t 891 903 1076 1089
t 891 892 902 1078
t 892 904 902 1091
t 892 1078 1079 1091
t 902 1078 1091 1089
t 892 902 1078 1091
t 892 893 904 1079
t 893 905 904 1092
t 893 1079 1080 1092
t 904 1079 1092 1091
t 893 904 1079 1092
t 893 894 905 1080
t 894 906 905 1093
t 894 1080 1081 1093
t 905 1080 1093 1092
t 894 905 1080 1093
t 894 895 906 1081
t 895 907 906 1094
t 895 1081 1082 1094
t 906 1081 1094 1093
t 895 906 1081 1094
t 895 896 907 1082
t 896 908 907 1095
t 896 1082 1083 1095
t 907 1082 1095 1094
t 896 907 1082 1095
t 896 897 908 1083
t 897 909 908 1096
t 897 1083 1084 1096
t 908 1083 1096 1095
t 897 908 1083 1096
t 897 898 909 1084
t 898 910 909 1097
t 898 1084 1085 1097
t 909 1084 1097 1096
t 898 909 1084 1097
t 898 899 910 1085
t 899 911 910 1098
t 899 1085 1086 1098
t 910 1085 1098 1097
t 899 910 1085 1098
t 899 900 911 1086
t 900 912 911 1099
t 900 1086 1087 1099
t 911 1086 1099 1098
t 900 911 1086 1099
t 900 901 912 1087
t 901 913 912 1100
t 901 1087 1088 1100
t 912 1087 1100 1099
t 901 912 1087 1100
t 901 1101 913 1088
t 1101 1102 913 1104
t 1101 1088 1103 1104
t 913 1088 1104 1100
t 1101 913 1088 1104
t 903 902 915 1090
t 902 914 915 1105
t 902 1090 1089 1105
t 915 1090 1105 1106
t 902 915 1090 1105
t 902 904 914 1089
t 904 916 914 1107
t 904 1089 1091 1107
t 914 1089 1107 1105
t 904 914 1089 1107
t 904 905 916 1091
t 905 917 916 1108
t 905 1091 1092 1108
t 916 1091 1108 1107
t 905 916 1091 1108
t 905 906 917 1092
t 906 918 917 1109
t 906 1092 1093 1109
t 917 1092 1109 1108
t 906 917 1092 1109
t 906 907 918 1093
t 907 919 918 1110
t 907 1093 1094 1110
t 918 1093 1110 1109
t 907 918 1093 1110
t 907 908 919 1094
t 908 920 919 1111
t 908 1094 1095 1111
t 919 1094 1111 1110
t 908 919 1094 1111
t 908 909 920 1095
t 909 921 920 1112
t 909 1095 1096 1112
t 920 1095 1112 1111
t 909 920 1095 1112
t 909 910 921 1096
t 910 922 921 1113
t 910 1096 1097 1113
t 921 1096 1113 1112
t 910 921 1096 1113
t 910 911 922 1097
t 911 923 922 1114
t 911 1097 1098 1114
t 922 1097 1114 1113
t 911 922 1097 1114
t 911 912 923 1098
t 912 924 923 1115
t 912 1098 1099 1115
t 923 1098 1115 1114
t 912 923 1098 1115
t 912 913 924 1099
t 913 926 924 1116
t 913 1099 1100 1116
t 924 1099 1116 1115
t 913 924 1099 1116
t 913 1102 926 1100
t 1102 1117 926 1118
t 1102 1100 1104 1118
t 926 1100 1118 1116
t 1102 926 1100 1118
t 915 914 928 1106
t 914 927 928 1119
t 914 1106 1105 1119
t 928 1106 1119 1120
t 914 928 1106 1119
t 914 916 927 1105
t 916 929 927 1121
t 916 1105 1107 1121
t 927 1105 1121 1119
t 916 927 1105 1121
t 916 917 929 1107
t 917 930 929 1122
t 917 1107 1108 1122
t 929 1107 1122 1121
t 917 929 1107 1122
t 917 918 930 1108
t 918 931 930 1123
t 918 1108 1109 1123
t 930 1108 1123 1122
t 918 930 1108 1123
t 918 919 931 1109
t 919 932 931 1124
t 919 1109 1110 1124
t 931 1109 1124 1123
t 919 931 1109 1124
t 919 920 932 1110
t 920 933 932 1125
t 920 1110 1111 1125
t 932 1110 1125 1124
t 920 932 1110 1125
t 920 921 933 1111
t 921 934 933 1126
t 921 1111 1112 1126
t 933 1111 1126 1125
t 921 933 1111 1126
t 921 922 934 1112
t 922 935 934 1127
t 922 1112 1113 1127
t 934 1112 1127 1126
t 922 934 1112 1127
t 922 923 935 1113
t 923 936 935 1128
t 923 1113 1114 1128
t 935 1113 1128 1127
t 923 935 1113 1128
t 923 924 936 1114
t 924 937 936 1129
t 924 1114 1115 1129
t 936 1114 1129 1128
t 924 936 1114 1129
t 924 926 937 1115
t 926 939 937 1130
t 926 1115 1116 1130
t 937 1115 1130 1129
t 926 937 1115 1130
t 926 1117 939 1116
t 1117 1131 939 1132
t 1117 1116 1118 1132
t 939 1116 1132 1130
t 1117 939 1116 1132
t 928 927 941 1120
t 927 940 941 1133
t 927 1120 1119 1133
t 941 1120 1133 1134
t 927 941 1120 1133
t 927 929 940 1119
t 929 942 940 1135
t 929 1119 1121 1135
t 940 1119 1135 1133
t 929 940 1119 1135
t 929 930 942 1121
t 930 943 942 1136
t 930 1121 1122 1136
t 942 1121 1136 1135
t 930 942 1121 1136
t 930 931 943 1122
t 931 944 943 1137
t 931 1122 1123 1137
t 943 1122 1137 1136
t 931 943 1122 1137
t 931 932 944 1123
t 932 945 944 1138
t 932 1123 1124 1138
t 944 1123 1138 1137
t 932 944 1123 1138
t 932 933 945 1124
t 933 946 945 1139
t 933 1124 1125 1139
t 945 1124 1139 1138
t 933 945 1124 1139
t 933 934 946 1125
t 934 947 946 1140
t 934 1125 1126 1140
t 946 1125 1140 1139
t 934 946 1125 1140
t 934 935 947 1126
t 935 948 947 1141
t 935 1126 1127 1141
t 947 1126 1141 1140
t 935 947 1126 1141
t 935 936 948 1127
t 936 949 948 1142
t 936 1127 1128 1142
t 948 1127 1142 1141
t 936 948 1127 1142
t 936 937 949 1128
t 937 950 949 1143
t 937 1128 1129 1143
t 949 1128 1143 1142
t 937 949 1128 1143
t 937 939 950 1129
t 939 952 950 1144
t 939 1129 1130 1144
t 950 1129 1144 1143
t 939 950 1129 1144
t 939 1131 952 1130
t 1131 1145 952 1146
t 1131 1130 1132 1146
t 952 1130 1146 1144
t 1131 952 1130 1146
t 940 942 954 1133
t 942 953 954 1147
t 942 1133 1135 1147
t 954 1133 1147 1148
t 942 954 1133 1147
t 942 943 953 1135
t 943 955 953 1149
t 943 1135 1136 1149
t 953 1135 1149 1147
t 943 953 1135 1149
t 943 944 955 1136
t 944 956 955 1150
t 944 1136 1137 1150
t 955 1136 1150 1149
t 944 955 1136 1150
t 944 945 956 1137
t 945 957 956 1151
t 945 1137 1138 1151
t 956 1137 1151 1150
t 945 956 1137 1151
t 945 946 957 1138
t 946 958 957 1152
t 946 1138 1139 1152
t 957 1138 1152 1151
t 946 957 1138 1152
t 946 947 958 1139
t 947 959 958 1153
t 947 1139 1140 1153
t 958 1139 1153 1152
t 947 958 1139 1153
t 947 948 959 1140
t 948 960 959 1154
t 948 1140 1141 1154
t 959 1140 1154 1153
t 948 959 1140 1154
t 948 949 960 1141
t 949 962 960 1155
t 949 1141 1142 1155
t 960 1141 1155 1154
t 949 960 1141 1155
t 949 950 962 1142
t 950 964 962 1156
t 950 1142 1143 1156
t 962 1142 1156 1155
t 950 962 1142 1156
t 950 952 964 1143
t 952 1157 964 1158
t 952 1143 1144 1158
t 964 1143 1158 1156
t 952 964 1143 1158
t 1159 967 976 1160
t 967 970 976 1162
t 967 1160 1161 1162
t 976 1160 1162 1163
t 967 976 1160 1162
t 967 968 970 1161
t 968 969 970 1165
t 968 1161 1164 1165
t 970 1161 1165 1162
t 968 970 1161 1165
t 968 1166 969 1164
t 1166 980 969 1168
t 1166 1164 1167 1168
t 969 1164 1168 1165
t 1166 969 1164 1168
t 1166 1169 980 1167
t 1169 982 980 1171
t 1169 1167 1170 1171
t 980 1167 1171 1168
t 1169 980 1167 1171
t 972 973 975 1172
t 973 974 975 1174
t 973 1172 1173 1174
t 975 1172 1174 1175
t 973 975 1172 1174
t 973 976 974 1173
t 976 977 974 1176
t 976 1173 1163 1176
t 974 1173 1176 1174
t 976 974 1173 1176
t 976 970 977 1163
t 970 978 977 1177
t 970 1163 1162 1177
t 977 1163 1177 1176
t 970 977 1163 1177
t 970 969 978 1162
t 969 979 978 1178
t 969 1162 1165 1178
t 978 1162 1178 1177
t 969 978 1162 1178
t 969 980 979 1165
t 980 981 979 1179
t 980 1165 1168 1179
t 979 1165 1179 1178
t 980 979 1165 1179
t 980 982 981 1168
t 982 983 981 1180
t 982 1168 1171 1180
t 981 1168 1180 1179
t 982 981 1168 1180
t 982 984 983 1171
t 984 985 983 1182
t 984 1171 1181 1182
t 983 1171 1182 1180
t 984 983 1171 1182
t 984 986 985 1181
t 986 987 985 1184
t 986 1181 1183 1184
t 985 1181 1184 1182
t 986 985 1181 1184
t 986 988 987 1183
t 988 989 987 1186
t 988 1183 1185 1186
t 987 1183 1186 1184
t 988 987 1183 1186
t 988 1187 989 1185
t 1187 1002 989 1189
t 1187 1185 1188 1189
t 989 1185 1189 1186
t 1187 989 1185 1189
t 1190 990 1191 1192
t 990 992 1191 1194
t 990 1192 1193 1194
t 1191 1192 1194 1195
t 990 1191 1192 1194
t 990 975 992 1193
t 975 991 992 1196
t 975 1193 1175 1196
t 992 1193 1196 1194
t 975 992 1193 1196
t 975 974 991 1175
t 974 993 991 1197
t 974 1175 1174 1197
t 991 1175 1197 1196
t 974 991 1175 1197
t 974 977 993 1174
t 977 994 993 1198
t 977 1174 1176 1198
t 993 1174 1198 1197
t 977 993 1174 1198
t 977 978 994 1176
t 978 995 994 1199
t 978 1176 1177 1199
t 994 1176 1199 1198
t 978 994 1176 1199
t 978 979 995 1177
t 979 996 995 1200
t 979 1177 1178 1200
t 995 1177 1200 1199
t 979 995 1177 1200
t 979 981 996 1178
t 981 997 996 1201
t 981 1178 1179 1201
t 996 1178 1201 1200
t 981 996 1178 1201
t 981 983 997 1179
t 983 998 997 1202
t 983 1179 1180 1202
t 997 1179 1202 1201
t 983 997 1179 1202
t 983 985 998 1180
t 985 999 998 1203
t 985 1180 1182 1203
t 998 1180 1203 1202
t 985 998 1180 1203
t 985 987 999 1182
t 987 1000 999 1204
t 987 1182 1184 1204
t 999 1182 1204 1203
t 987 999 1182 1204
t 987 989 1000 1184
t 989 1001 1000 1205
t 989 1184 1186 1205
t 1000 1184 1205 1204
t 989 1000 1184 1205
t 989 1002 1001 1186
t 1002 1003 1001 1206
t 1002 1186 1189 1206
t 1001 1186 1206 1205
t 1002 1001 1186 1206
t 1002 1207 1003 1189
t 1207 1016 1003 1209
t 1207 1189 1208 1209
t 1003 1189 1209 1206
t 1207 1003 1189 1209
t 1191 992 1020 1195
t 992 1005 1020 1210
t 992 1195 1194 1210
t 1020 1195 1210 1211
t 992 1020 1195 1210
t 992 991 1005 1194
t 991 1004 1005 1212
t 991 1194 1196 1212
t 1005 1194 1212 1210
t 991 1005 1194 1212
t 991 993 1004 1196
t 993 1006 1004 1213
t 993 1196 1197 1213
t 1004 1196 1213 1212
t 993 1004 1196 1213
t 993 994 1006 1197
t 994 1007 1006 1214
t 994 1197 1198 1214
t 1006 1197 1214 1213
t 994 1006 1197 1214
t 994 995 1007 1198
t 995 1008 1007 1215
t 995 1198 1199 1215
t 1007 1198 1215 1214
t 995 1007 1198 1215
t 995 996 1008 1199
t 996 1009 1008 1216
t 996 1199 1200 1216
t 1008 1199 1216 1215
t 996 1008 1199 1216
t 996 997 1009 1200
t 997 1010 1009 1217
t 997 1200 1201 1217
t 1009 1200 1217 1216
t 997 1009 1200 1217
t 997 998 1010 1201
t 998 1011 1010 1218
t 998 1201 1202 1218
t 1010 1201 1218 1217
t 998 1010 1201 1218
t 998 999 1011 1202
t 999 1012 1011 1219
t 999 1202 1203 1219
t 1011 1202 1219 1218
t 999 1011 1202 1219
t 999 1000 1012 1203
t 1000 1013 1012 1220
t 1000 1203 1204 1220
t 1012 1203 1220 1219
t 1000 1012 1203 1220
t 1000 1001 1013 1204
t 1001 1014 1013 1221
t 1001 1204 1205 1221
t 1013 1204 1221 1220
t 1001 1013 1204 1221
t 1001 1003 1014 1205
t 1003 1015 1014 1222
t 1003 1205 1206 1222
t 1014 1205 1222 1221
t 1003 1014 1205 1222
t 1003 1016 1015 1206
t 1016 1017 1015 1223
t 1016 1206 1209 1223
t 1015 1206 1223 1222
t 1016 1015 1206 1223
t 1020 1005 1022 1211
t 1005 1021 1022 1224
t 1005 1211 1210 1224
t 1022 1211 1224 1225
t 1005 1022 1211 1224
t 1005 1004 1021 1210
t 1004 1023 1021 1226
t 1004 1210 1212 1226
t 1021 1210 1226 1224
t 1004 1021 1210 1226
t 1004 1006 1023 1212
t 1006 1024 1023 1227
t 1006 1212 1213 1227
t 1023 1212 1227 1226
t 1006 1023 1212 1227
t 1006 1007 1024 1213
t 1007 1025 1024 1228
t 1007 1213 1214 1228
t 1024 1213 1228 1227
t 1007 1024 1213 1228
t 1007 1008 1025 1214
t 1008 1026 1025 1229
t 1008 1214 1215 1229
t 1025 1214 1229 1228
t 1008 1025 1214 1229
t 1008 1009 1026 1215
t 1009 1027 1026 1230
t 1009 1215 1216 1230
t 1026 1215 1230 1229
t 1009 1026 1215 1230
t 1009 1010 1027 1216
t 1010 1028 1027 1231
t 1010 1216 1217 1231
t 1027 1216 1231 1230
t 1010 1027 1216 1231
t 1010 1011 1028 1217
t 1011 1029 1028 1232
t 1011 1217 1218 1232
t 1028 1217 1232 1231
t 1011 1028 1217 1232
t 1011 1012 1029 1218
t 1012 1030 1029 1233
t 1012 1218 1219 1233
t 1029 1218 1233 1232
t 1012 1029 1218 1233
t 1012 1013 1030 1219
t 1013 1031 1030 1234
t 1013 1219 1220 1234
t 1030 1219 1234 1233
t 1013 1030 1219 1234
t 1013 1014 1031 1220
t 1014 1032 1031 1235
t 1014 1220 1221 1235
t 1031 1220 1235 1234
t 1014 1031 1220 1235
t 1014 1015 1032 1221
t 1015 1033 1032 1236
t 1015 1221 1222 1236
t 1032 1221 1236 1235
t 1015 1032 1221 1236
t 1015 1017 1033 1222
t 1017 1034 1033 1237
t 1017 1222 1223 1237
t 1033 1222 1237 1236
t 1017 1033 1222 1237
t 1022 1021 1238 1225
t 1021 1036 1238 1239
t 1021 1225 1224 1239
t 1238 1225 1239 1240
t 1021 1238 1225 1239
t 1021 1023 1036 1224
t 1023 1035 1036 1241
t 1023 1224 1226 1241
t 1036 1224 1241 1239
t 1023 1036 1224 1241
t 1023 1024 1035 1226
t 1024 1037 1035 1242
t 1024 1226 1227 1242
t 1035 1226 1242 1241
t 1024 1035 1226 1242
t 1024 1025 1037 1227
t 1025 1038 1037 1243
t 1025 1227 1228 1243
t 1037 1227 1243 1242
t 1025 1037 1227 1243
t 1025 1026 1038 1228
t 1026 1039 1038 1244
t 1026 1228 1229 1244
t 1038 1228 1244 1243
t 1026 1038 1228 1244
t 1026 1027 1039 1229
t 1027 1040 1039 1245
t 1027 1229 1230 1245
t 1039 1229 1245 1244
t 1027 1039 1229 1245
t 1027 1028 1040 1230
t 1028 1041 1040 1246
t 1028 1230 1231 1246
t 1040 1230 1246 1245
t 1028 1040 1230 1246
t 1028 1029 1041 1231
t 1029 1042 1041 1247
t 1029 1231 1232 1247
t 1041 1231 1247 1246
t 1029 1041 1231 1247
t 1029 1030 1042 1232
t 1030 1043 1042 1248
t 1030 1232 1233 1248
t 1042 1232 1248 1247
t 1030 1042 1232 1248
t 1030 1031 1043 1233
t 1031 1044 1043 1249
t 1031 1233 1234 1249
t 1043 1233 1249 1248
t 1031 1043 1233 1249
t 1031 1032 1044 1234
t 1032 1045 1044 1250
t 1032 1234 1235 1250
t 1044 1234 1250 1249
t 1032 1044 1234 1250
t 1032 1033 1045 1235
t 1033 1046 1045 1251
t 1033 1235 1236 1251
t 1045 1235 1251 1250
t 1033 1045 1235 1251
t 1033 1034 1046 1236
t 1034 1047 1046 1252
t 1034 1236 1237 1252
t 1046 1236 1252 1251
t 1034 1046 1236 1252
t 1036 1035 1049 1239
t 1035 1048 1049 1253
t 1035 1239 1241 1253
t 1049 1239 1253 1254
t 1035 1049 1239 1253
t 1035 1037 1048 1241
t 1037 1050 1048 1255
t 1037 1241 1242 1255
t 1048 1241 1255 1253
t 1037 1048 1241 1255
t 1037 1038 1050 1242
t 1038 1051 1050 1256
t 1038 1242 1243 1256
t 1050 1242 1256 1255
t 1038 1050 1242 1256
t 1038 1039 1051 1243
t 1039 1052 1051 1257
t 1039 1243 1244 1257
t 1051 1243 1257 1256
t 1039 1051 1243 1257
t 1039 1040 1052 1244
t 1040 1053 1052 1258
t 1040 1244 1245 1258
t 1052 1244 1258 1257
t 1040 1052 1244 1258
t 1040 1041 1053 1245
t 1041 1054 1053 1259
t 1041 1245 1246 1259
t 1053 1245 1259 1258
t 1041 1053 1245 1259
t 1041 1042 1054 1246
t 1042 1055 1054 1260
t 1042 1246 1247 1260
t 1054 1246 1260 1259
t 1042 1054 1246 1260
t 1042 1043 1055 1247
t 1043 1056 1055 1261
t 1043 1247 1248 1261
t 1055 1247 1261 1260
t 1043 1055 1247 1261
t 1043 1044 1056 1248
t 1044 1057 1056 1262
t 1044 1248 1249 1262
t 1056 1248 1262 1261
t 1044 1056 1248 1262
t 1044 1045 1057 1249
t 1045 1058 1057 1263
t 1045 1249 1250 1263
t 1057 1249 1263 1262
t 1045 1057 1249 1263
t 1045 1046 1058 1250
t 1046 1059 1058 1264
t 1046 1250 1251 1264
t 1058 1250 1264 1263
t 1046 1058 1250 1264
t 1046 1047 1059 1251
t 1047 1060 1059 1265
t 1047 1251 1252 1265
t 1059 1251 1265 1264
t 1047 1059 1251 1265
t 1049 1048 1062 1254
t 1048 1061 1062 1266
t 1048 1254 1253 1266
t 1062 1254 1266 1267
t 1048 1062 1254 1266
t 1048 1050 1061 1253
t 1050 1063 1061 1268
t 1050 1253 1255 1268
t 1061 1253 1268 1266
t 1050 1061 1253 1268
t 1050 1051 1063 1255
t 1051 1064 1063 1269
t 1051 1255 1256 1269
t 1063 1255 1269 1268
t 1051 1063 1255 1269
t 1051 1052 1064 1256
t 1052 1065 1064 1270
t 1052 1256 1257 1270
t 1064 1256 1270 1269
t 1052 1064 1256 1270
t 1052 1053 1065 1257
t 1053 1066 1065 1271
t 1053 1257 1258 1271
t 1065 1257 1271 1270
t 1053 1065 1257 1271
t 1053 1054 1066 1258
t 1054 1067 1066 1272
t 1054 1258 1259 1272
t 1066 1258 1272 1271
t 1054 1066 1258 1272
t 1054 1055 1067 1259
t 1055 1068 1067 1273
t 1055 1259 1260 1273
t 1067 1259 1273 1272
t 1055 1067 1259 1273
t 1055 1056 1068 1260
t 1056 1069 1068 1274
t 1056 1260 1261 1274
t 1068 1260 1274 1273
t 1056 1068 1260 1274
t 1056 1057 1069 1261
t 1057 1070 1069 1275
t 1057 1261 1262 1275
t 1069 1261 1275 1274
t 1057 1069 1261 1275
t 1057 1058 1070 1262
t 1058 1071 1070 1276
t 1058 1262 1263 1276
t 1070 1262 1276 1275
t 1058 1070 1262 1276
t 1058 1059 1071 1263
t 1059 1072 1071 1277
t 1059 1263 1264 1277
t 1071 1263 1277 1276
t 1059 1071 1263 1277
t 1059 1060 1072 1264
t 1060 1074 1072 1278
t 1060 1264 1265 1278
t 1072 1264 1278 1277
t 1060 1072 1264 1278
t 1062 1061 1076 1267
t 1061 1078 1076 1279
t 1061 1267 1266 1279
t 1076 1267 1279 1280
t 1061 1076 1267 1279
t 1061 1063 1078 1266
t 1063 1079 1078 1281
t 1063 1266 1268 1281
t 1078 1266 1281 1279
t 1063 1078 1266 1281
t 1063 1064 1079 1268
t 1064 1080 1079 1282
t 1064 1268 1269 1282
t 1079 1268 1282 1281
t 1064 1079 1268 1282
t 1064 1065 1080 1269
t 1065 1081 1080 1283
t 1065 1269 1270 1283
t 1080 1269 1283 1282
t 1065 1080 1269 1283
t 1065 1066 1081 1270
t 1066 1082 1081 1284
t 1066 1270 1271 1284
t 1081 1270 1284 1283
t 1066 1081 1270 1284
t 1066 1067 1082 1271
t 1067 1083 1082 1285
t 1067 1271 1272 1285
t 1082 1271 1285 1284
t 1067 1082 1271 1285
t 1067 1068 1083 1272
t 1068 1084 1083 1286
t 1068 1272 1273 1286
t 1083 1272 1286 1285
t 1068 1083 1272 1286
t 1068 1069 1084 1273
t 1069 1085 1084 1287
t 1069 1273 1274 1287
t 1084 1273 1287 1286
t 1069 1084 1273 1287
t 1069 1070 1085 1274
t 1070 1086 1085 1288
t 1070 1274 1275 1288
t 1085 1274 1288 1287
t 1070 1085 1274 1288
t 1070 1071 1086 1275
t 1071 1087 1086 1289
t 1071 1275 1276 1289
t 1086 1275 1289 1288
t 1071 1086 1275 1289
t 1071 1072 1087 1276
t 1072 1088 1087 1290
t 1072 1276 1277 1290
t 1087 1276 1290 1289
t 1072 1087 1276 1290
t 1072 1074 1088 1277
t 1074 1103 1088 1291
t 1074 1277 1278 1291
t 1088 1277 1291 1290
t 1074 1088 1277 1291
t 1076 1078 1090 1280
t 1078 1089 1090 1292
t 1078 1280 1279 1292
t 1090 1280 1292 1293
t 1078 1090 1280 1292
t 1078 1079 1089 1279
t 1079 1091 1089 1294
t 1079 1279 1281 1294
t 1089 1279 1294 1292
t 1079 1089 1279 1294
t 1079 1080 1091 1281
t 1080 1092 1091 1295
t 1080 1281 1282 1295
t 1091 1281 1295 1294
t 1080 1091 1281 1295
t 1080 1081 1092 1282
t 1081 1093 1092 1296
t 1081 1282 1283 1296
t 1092 1282 1296 1295
t 1081 1092 1282 1296
t 1081 1082 1093 1283
t 1082 1094 1093 1297
t 1082 1283 1284 1297
t 1093 1283 1297 1296
t 1082 1093 1283 1297
t 1082 1083 1094 1284
t 1083 1095 1094 1298
t 1083 1284 1285 1298
t 1094 1284 1298 1297
t 1083 1094 1284 1298
t 1083 1084 1095 1285
t 1084 1096 1095 1299
t 1084 1285 1286 1299
t 1095 1285 1299 1298
t 1084 1095 1285 1299
t 1084 1085 1096 1286
t 1085 1097 1096 1300
t 1085 1286 1287 1300
t 1096 1286 1300 1299
t 1085 1096 1286 1300
t 1085 1086 1097 1287
t 1086 1098 1097 1301
t 1086 1287 1288 1301
t 1097 1287 1301 1300
t 1086 1097 1287 1301
t 1086 1087 1098 1288
t 1087 1099 1098 1302
t 1087 1288 1289 1302
t 1098 1288 1302 1301
t 1087 1098 1288 1302
t 1087 1088 1099 1289
t 1088 1100 1099 1303
t 1088 1289 1290 1303
t 1099 1289 1303 1302
t 1088 1099 1289 1303
t 1088 1103 1100 1290
t 1103 1104 1100 1304
t 1103 1290 1291 1304
t 1100 1290 1304 1303
t 1103 1100 1290 1304
t 1090 1089 1106 1293
t 1089 1105 1106 1305
t 1089 1293 1292 1305
t 1106 1293 1305 1306
t 1089 1106 1293 1305
t 1089 1091 1105 1292
t 1091 1107 1105 1307
t 1091 1292 1294 1307
t 1105 1292 1307 1305
t 1091 1105 1292 1307
t 1091 1092 1107 1294
t 1092 1108 1107 1308
t 1092 1294 1295 1308
t 1107 1294 1308 1307
t 1092 1107 1294 1308
t 1092 1093 1108 1295
t 1093 1109 1108 1309
t 1093 1295 1296 1309
t 1108 1295 1309 1308
t 1093 1108 1295 1309
t 1093 1094 1109 1296
t 1094 1110 1109 1310
t 1094 1296 1297 1310
t 1109 1296 1310 1309
t 1094 1109 1296 1310
t 1094 1095 1110 1297
t 1095 1111 1110 1311
t 1095 1297 1298 1311
t 1110 1297 1311 1310
t 1095 1110 1297 1311
t 1095 1096 1111 1298
t 1096 1112 1111 1312
t 1096 1298 1299 1312
t 1111 1298 1312 1311
t 1096 1111 1298 1312
t 1096 1097 1112 1299
t 1097 1113 1112 1313
t 1097 1299 1300 1313
t 1112 1299 1313 1312
t 1097 1112 1299 1313
t 1097 1098 1113 1300
t 1098 1114 1113 1314
t 1098 1300 1301 1314
t 1113 1300 1314 1313
t 1098 1113 1300 1314
t 1098 1099 1114 1301
t 1099 1115 1114 1315
t 1099 1301 1302 1315
t 1114 1301 1315 1314
t 1099 1114 1301 1315
t 1099 1100 1115 1302
t 1100 1116 1115 1316
t 1100 1302 1303 1316
t 1115 1302 1316 1315
t 1100 1115 1302 1316
t 1100 1104 1116 1303
t 1104 1118 1116 1317
t 1104 1303 1304 1317
t 1116 1303 1317 1316
t 1104 1116 1303 1317
t 1104 1318 1118 1304
t 1318 1319 1118 1321
t 1318 1304 1320 1321
t 1118 1304 1321 1317
t 1318 1118 1304 1321
t 1106 1105 1120 1306
t 1105 1119 1120 1322
t 1105 1306 1305 1322
t 1120 1306 1322 1323
t 1105 1120 1306 1322
t 1105 1107 1119 1305
t 1107 1121 1119 1324
t 1107 1305 1307 1324
t 1119 1305 1324 1322
t 1107 1119 1305 1324
t 1107 1108 1121 1307
t 1108 1122 1121 1325
t 1108 1307 1308 1325
t 1121 1307 1325 1324
t 1108 1121 1307 1325
t 1108 1109 1122 1308
t 1109 1123 1122 1326
t 1109 1308 1309 1326
t 1122 1308 1326 1325
t 1109 1122 1308 1326
t 1109 1110 1123 1309
t 1110 1124 1123 1327
t 1110 1309 1310 1327
t 1123 1309 1327 1326
t 1110 1123 1309 1327
t 1110 1111 1124 1310
t 1111 1125 1124 1328
t 1111 1310 1311 1328
t 1124 1310 1328 1327
t 1111 1124 1310 1328
t 1111 1112 1125 1311
t 1112 1126 1125 1329
t 1112 1311 1312 1329
t 1125 1311 1329 1328
t 1112 1125 1311 1329
t 1112 1113 1126 1312
t 1113 1127 1126 1330
t 1113 1312 1313 1330
t 1126 1312 1330 1329
t 1113 1126 1312 1330
t 1113 1114 1127 1313
t 1114 1128 1127 1331
t 1114 1313 1314 1331
t 1127 1313 1331 1330
t 1114 1127 1313 1331
t 1114 1115 1128 1314
t 1115 1129 1128 1332
t 1115 1314 1315 1332
t 1128 1314 1332 1331
t 1115 1128 1314 1332
t 1115 1116 1129 1315
t 1116 1130 1129 1333
t 1116 1315 1316 1333
t 1129 1315 1333 1332
t 1116 1129 1315 1333
t 1116 1118 1130 1316
t 1118 1132 1130 1334
t 1118 1316 1317 1334
t 1130 1316 1334 1333
t 1118 1130 1316 1334
t 1118 1319 1132 1317
t 1319 1335 1132 1336
t 1319 1317 1321 1336
t 1132 1317 1336 1334
t 1319 1132 1317 1336
t 1120 1119 1134 1323
t 1119 1133 1134 1337
t 1119 1323 1322 1337
t 1134 1323 1337 1338
t 1119 1134 1323 1337
t 1119 1121 1133 1322
t 1121 1135 1133 1339
t 1121 1322 1324 1339
t 1133 1322 1339 1337
t 1121 1133 1322 1339
t 1121 1122 1135 1324
t 1122 1136 1135 1340
t 1122 1324 1325 1340
t 1135 1324 1340 1339
t 1122 1135 1324 1340
t 1122 1123 1136 1325
t 1123 1137 1136 1341
t 1123 1325 1326 1341
t 1136 1325 1341 1340
t 1123 1136 1325 1341
t 1123 1124 1137 1326
t 1124 1138 1137 1342
t 1124 1326 1327 1342
t 1137 1326 1342 1341
t 1124 1137 1326 1342
t 1124 1125 1138 1327
t 1125 1139 1138 1343
t 1125 1327 1328 1343
t 1138 1327 1343 1342
t 1125 1138 1327 1343
t 1125 1126 1139 1328
t 1126 1140 1139 1344
t 1126 1328 1329 1344
t 1139 1328 1344 1343
t 1126 1139 1328 1344
t 1126 1127 1140 1329
t 1127 1141 1140 1345
t 1127 1329 1330 1345
t 1140 1329 1345 1344
t 1127 1140 1329 1345
t 1127 1128 1141 1330
t 1128 1142 1141 1346
t 1128 1330 1331 1346
t 1141 1330 1346 1345
t 1128 1141 1330 1346
t 1128 1129 1142 1331
t 1129 1143 1142 1347
t 1129 1331 1332 1347
t 1142 1331 1347 1346
t 1129 1142 1331 1347
t 1129 1130 1143 1332
t 1130 1144 1143 1348
t 1130 1332 1333 1348
t 1143 1332 1348 1347
t 1130 1143 1332 1348
t 1130 1132 1144 1333
t 1132 1146 1144 1349
t 1132 1333 1334 1349
t 1144 1333 1349 1348
t 1132 1144 1333 1349
t 1133 1135 1148 1337
t 1135 1147 1148 1350
t 1135 1337 1339 1350
t 1148 1337 1350 1351
t 1135 1148 1337 1350
t 1135 1136 1147 1339
t 1136 1149 1147 1352
t 1136 1339 1340 1352
t 1147 1339 1352 1350
t 1136 1147 1339 1352
t 1136 1137 1149 1340
t 1137 1150 1149 1353
t 1137 1340 1341 1353
t 1149 1340 1353 1352
t 1137 1149 1340 1353
t 1137 1138 1150 1341
t 1138 1151 1150 1354
t 1138 1341 1342 1354
t 1150 1341 1354 1353
t 1138 1150 1341 1354
t 1138 1139 1151 1342
t 1139 1152 1151 1355
t 1139 1342 1343 1355
t 1151 1342 1355 1354
t 1139 1151 1342 1355
t 1139 1140 1152 1343
t 1140 1153 1152 1356
t 1140 1343 1344 1356
t 1152 1343 1356 1355
t 1140 1152 1343 1356
t 1140 1141 1153 1344
t 1141 1154 1153 1357
t 1141 1344 1345 1357
t 1153 1344 1357 1356
t 1141 1153 1344 1357
t 1141 1142 1154 1345
t 1142 1155 1154 1358
t 1142 1345 1346 1358
t 1154 1345 1358 1357
t 1142 1154 1345 1358
t 1142 1143 1155 1346
t 1143 1156 1155 1359
t 1143 1346 1347 1359
t 1155 1346 1359 1358
t 1143 1155 1346 1359
t 1143 1144 1156 1347
t 1144 1158 1156 1360
t 1144 1347 1348 1360
t 1156 1347 1360 1359
t 1144 1156 1347 1360
t 1144 1146 1158 1348
t 1146 1361 1158 1362
t 1146 1348 1349 1362
t 1158 1348 1362 1360
t 1146 1158 1348 1362
t 1155 1156 1364 1358
t 1156 1363 1364 1365
t 1156 1358 1359 1365
t 1364 1358 1365 1366
t 1156 1364 1358 1365
t 1161 1164 1162 1367
t 1164 1165 1162 1369
t 1164 1367 1368 1369
t 1162 1367 1369 1370
t 1164 1162 1367 1369
t 1167 1170 1168 1371
t 1170 1171 1168 1373
t 1170 1371 1372 1373
t 1168 1371 1373 1374
t 1170 1168 1371 1373
t 1170 1375 1171 1372
t 1375 1181 1171 1377
t 1375 1372 1376 1377
t 1171 1372 1377 1373
t 1375 1171 1372 1377
t 1378 1172 1193 1379
t 1172 1175 1193 1381
t 1172 1379 1380 1381
t 1193 1379 1381 1382
t 1172 1193 1379 1381
t 1172 1173 1175 1380
t 1173 1174 1175 1384
t 1173 1380 1383 1384
t 1175 1380 1384 1381
t 1173 1175 1380 1384
t 1173 1163 1174 1383
t 1163 1176 1174 1386
t 1163 1383 1385 1386
t 1174 1383 1386 1384
t 1163 1174 1383 1386
t 1163 1162 1176 1385
t 1162 1177 1176 1387
t 1162 1385 1370 1387
t 1176 1385 1387 1386
t 1162 1176 1385 1387
t 1162 1165 1177 1370
t 1165 1178 1177 1388
t 1165 1370 1369 1388
t 1177 1370 1388 1387
t 1165 1177 1370 1388
t 1165 1168 1178 1369
t 1168 1179 1178 1389
t 1168 1369 1374 1389
t 1178 1369 1389 1388
t 1168 1178 1369 1389
t 1168 1171 1179 1374
t 1171 1180 1179 1390
t 1171 1374 1373 1390
t 1179 1374 1390 1389
t 1171 1179 1374 1390
t 1171 1181 1180 1373
t 1181 1182 1180 1391
t 1181 1373 1377 1391
t 1180 1373 1391 1390
t 1181 1180 1373 1391
t 1181 1183 1182 1377
t 1183 1184 1182 1393
t 1183 1377 1392 1393
t 1182 1377 1393 1391
t 1183 1182 1377 1393
t 1183 1185 1184 1392
t 1185 1186 1184 1395
t 1185 1392 1394 1395
t 1184 1392 1395 1393
t 1185 1184 1392 1395
t 1185 1188 1186 1394
t 1188 1189 1186 1397
t 1188 1394 1396 1397
t 1186 1394 1397 1395
t 1188 1186 1394 1397
t 1192 1193 1195 1398
t 1193 1194 1195 1399
t 1193 1398 1382 1399
t 1195 1398 1399 1400
t 1193 1195 1398 1399
t 1193 1175 1194 1382
t 1175 1196 1194 1401
t 1175 1382 1381 1401
t 1194 1382 1401 1399
t 1175 1194 1382 1401
t 1175 1174 1196 1381
t 1174 1197 1196 1402
t 1174 1381 1384 1402
t 1196 1381 1402 1401
t 1174 1196 1381 1402
t 1174 1176 1197 1384
t 1176 1198 1197 1403
t 1176 1384 1386 1403
t 1197 1384 1403 1402
t 1176 1197 1384 1403
t 1176 1177 1198 1386
t 1177 1199 1198 1404
t 1177 1386 1387 1404
t 1198 1386 1404 1403
t 1177 1198 1386 1404
t 1177 1178 1199 1387
t 1178 1200 1199 1405
t 1178 1387 1388 1405
t 1199 1387 1405 1404
t 1178 1199 1387 1405
t 1178 1179 1200 1388
t 1179 1201 1200 1406
t 1179 1388 1389 1406
t 1200 1388 1406 1405
t 1179 1200 1388 1406
t 1179 1180 1201 1389
t 1180 1202 1201 1407
t 1180 1389 1390 1407
t 1201 1389 1407 1406
t 1180 1201 1389 1407
t 1180 1182 1202 1390
t 1182 1203 1202 1408
t 1182 1390 1391 1408
t 1202 1390 1408 1407
t 1182 1202 1390 1408
t 1182 1184 1203 1391
t 1184 1204 1203 1409
t 1184 1391 1393 1409
t 1203 1391 1409 1408
t 1184 1203 1391 1409
t 1184 1186 1204 1393
t 1186 1205 1204 1410
t 1186 1393 1395 1410
t 1204 1393 1410 1409
t 1186 1204 1393 1410
t 1186 1189 1205 1395
t 1189 1206 1205 1411
t 1189 1395 1397 1411
t 1205 1395 1411 1410
t 1189 1205 1395 1411
t 1189 1208 1206 1397
t 1208 1209 1206 1413
t 1208 1397 1412 1413
t 1206 1397 1413 1411
t 1208 1206 1397 1413
t 1195 1194 1211 1400
t 1194 1210 1211 1414
t 1194 1400 1399 1414
t 1211 1400 1414 1415
t 1194 1211 1400 1414
t 1194 1196 1210 1399
t 1196 1212 1210 1416
t 1196 1399 1401 1416
t 1210 1399 1416 1414
t 1196 1210 1399 1416
t 1196 1197 1212 1401
t 1197 1213 1212 1417
t 1197 1401 1402 1417
t 1212 1401 1417 1416
t 1197 1212 1401 1417
t 1197 1198 1213 1402
t 1198 1214 1213 1418
t 1198 1402 1403 1418
t 1213 1402 1418 1417
t 1198 1213 1402 1418
t 1198 1199 1214 1403
t 1199 1215 1214 1419
t 1199 1403 1404 1419
t 1214 1403 1419 1418
t 1199 1214 1403 1419
t 1199 1200 1215 1404
t 1200 1216 1215 1420
t 1200 1404 1405 1420
t 1215 1404 1420 1419
t 1200 1215 1404 1420
t 1200 1201 1216 1405
t 1201 1217 1216 1421
t 1201 1405 1406 1421
t 1216 1405 1421 1420
t 1201 1216 1405 1421
t 1201 1202 1217 1406
t 1202 1218 1217 1422
t 1202 1406 1407 1422
t 1217 1406 1422 1421
t 1202 1217 1406 1422
t 1202 1203 1218 1407
t 1203 1219 1218 1423
t 1203 1407 1408 1423
t 1218 1407 1423 1422
t 1203 1218 1407 1423
t 1203 1204 1219 1408
t 1204 1220 1219 1424
t 1204 1408 1409 1424
t 1219 1408 1424 1423
t 1204 1219 1408 1424
t 1204 1205 1220 1409
t 1205 1221 1220 1425
t 1205 1409 1410 1425
t 1220 1409 1425 1424
t 1205 1220 1409 1425
t 1205 1206 1221 1410
t 1206 1222 1221 1426
t 1206 1410 1411 1426
t 1221 1410 1426 1425
t 1206 1221 1410 1426
t 1206 1209 1222 1411
t 1209 1223 1222 1427
t 1209 1411 1413 1427
t 1222 1411 1427 1426
t 1209 1222 1411 1427
t 1211 1210 1225 1415
t 1210 1224 1225 1428
t 1210 1415 1414 1428
t 1225 1415 1428 1429
t 1210 1225 1415 1428
t 1210 1212 1224 1414
t 1212 1226 1224 1430
t 1212 1414 1416 1430
t 1224 1414 1430 1428
t 1212 1224 1414 1430
t 1212 1213 1226 1416
t 1213 1227 1226 1431
t 1213 1416 1417 1431
t 1226 1416 1431 1430
t 1213 1226 1416 1431
t 1213 1214 1227 1417
t 1214 1228 1227 1432
t 1214 1417 1418 1432
t 1227 1417 1432 1431
t 1214 1227 1417 1432
t 1214 1215 1228 1418
t 1215 1229 1228 1433
t 1215 1418 1419 1433
t 1228 1418 1433 1432
t 1215 1228 1418 1433
t 1215 1216 1229 1419
t 1216 1230 1229 1434
t 1216 1419 1420 1434
t 1229 1419 1434 1433
t 1216 1229 1419 1434
t 1216 1217 1230 1420
t 1217 1231 1230 1435
t 1217 1420 1421 1435
t 1230 1420 1435 1434
t 1217 1230 1420 1435
t 1217 1218 1231 1421
t 1218 1232 1231 1436
t 1218 1421 1422 1436
t 1231 1421 1436 1435
t 1218 1231 1421 1436
t 1218 1219 1232 1422
t 1219 1233 1232 1437
t 1219 1422 1423 1437
t 1232 1422 1437 1436
t 1219 1232 1422 1437
t 1219 1220 1233 1423
t 1220 1234 1233 1438
t 1220 1423 1424 1438
t 1233 1423 1438 1437
t 1220 1233 1423 1438
t 1220 1221 1234 1424
t 1221 1235 1234 1439
t 1221 1424 1425 1439
t 1234 1424 1439 1438
t 1221 1234 1424 1439
t 1221 1222 1235 1425
t 1222 1236 1235 1440
t 1222 1425 1426 1440
t 1235 1425 1440 1439
t 1222 1235 1425 1440
t 1222 1223 1236 1426
t 1223 1237 1236 1441
t 1223 1426 1427 1441
t 1236 1426 1441 1440
t 1223 1236 1426 1441
t 1225 1224 1240 1429
t 1224 1239 1240 1442
t 1224 1429 1428 1442
t 1240 1429 1442 1443
t 1224 1240 1429 1442
t 1224 1226 1239 1428
t 1226 1241 1239 1444
t 1226 1428 1430 1444
t 1239 1428 1444 1442
t 1226 1239 1428 1444
t 1226 1227 1241 1430
t 1227 1242 1241 1445
t 1227 1430 1431 1445
t 1241 1430 1445 1444
t 1227 1241 1430 1445
t 1227 1228 1242 1431
t 1228 1243 1242 1446
t 1228 1431 1432 1446
t 1242 1431 1446 1445
t 1228 1242 1431 1446
t 1228 1229 1243 1432
t 1229 1244 1243 1447
t 1229 1432 1433 1447
t 1243 1432 1447 1446
t 1229 1243 1432 1447
t 1229 1230 1244 1433
t 1230 1245 1244 1448
t 1230 1433 1434 1448
t 1244 1433 1448 1447
t 1230 1244 1433 1448
t 1230 1231 1245 1434
t 1231 1246 1245 1449
t 1231 1434 1435 1449
t 1245 1434 1449 1448
t 1231 1245 1434 1449
t 1231 1232 1246 1435
t 1232 1247 1246 1450
t 1232 1435 1436 1450
t 1246 1435 1450 1449
t 1232 1246 1435 1450
t 1232 1233 1247 1436
t 1233 1248 1247 1451
t 1233 1436 1437 1451
t 1247 1436 1451 1450
t 1233 1247 1436 1451
t 1233 1234 1248 1437
t 1234 1249 1248 1452
t 1234 1437 1438 1452
t 1248 1437 1452 1451
t 1234 1248 1437 1452
t 1234 1235 1249 1438
t 1235 1250 1249 1453
t 1235 1438 1439 1453
t 1249 1438 1453 1452
t 1235 1249 1438 1453
t 1235 1236 1250 1439
t 1236 1251 1250 1454
t 1236 1439 1440 1454
t 1250 1439 1454 1453
t 1236 1250 1439 1454
t 1236 1237 1251 1440
t 1237 1252 1251 1455
t 1237 1440 1441 1455
t 1251 1440 1455 1454
t 1237 1251 1440 1455
t 1240 1239 1456 1443
t 1239 1254 1456 1457
t 1239 1443 1442 1457
t 1456 1443 1457 1458
t 1239 1456 1443 1457
t 1239 1241 1254 1442
t 1241 1253 1254 1459
t 1241 1442 1444 1459
t 1254 1442 1459 1457
t 1241 1254 1442 1459
t 1241 1242 1253 1444
t 1242 1255 1253 1460
t 1242 1444 1445 1460
t 1253 1444 1460 1459
t 1242 1253 1444 1460
t 1242 1243 1255 1445
t 1243 1256 1255 1461
t 1243 1445 1446 1461
t 1255 1445 1461 1460
t 1243 1255 1445 1461
t 1243 1244 1256 1446
t 1244 1257 1256 1462
t 1244 1446 1447 1462
t 1256 1446 1462 1461
t 1244 1256 1446 1462
t 1244 1245 1257 1447
t 1245 1258 1257 1463
t 1245 1447 1448 1463
t 1257 1447 1463 1462
t 1245 1257 1447 1463
t 1245 1246 1258 1448
t 1246 1259 1258 1464
t 1246 1448 1449 1464
t 1258 1448 1464 1463
t 1246 1258 1448 1464
t 1246 1247 1259 1449
t 1247 1260 1259 1465
t 1247 1449 1450 1465
t 1259 1449 1465 1464
t 1247 1259 1449 1465
t 1247 1248 1260 1450
t 1248 1261 1260 1466
t 1248 1450 1451 1466
t 1260 1450 1466 1465
t 1248 1260 1450 1466
t 1248 1249 1261 1451
t 1249 1262 1261 1467
t 1249 1451 1452 1467
t 1261 1451 1467 1466
t 1249 1261 1451 1467
t 1249 1250 1262 1452
t 1250 1263 1262 1468
t 1250 1452 1453 1468
t 1262 1452 1468 1467
t 1250 1262 1452 1468
t 1250 1251 1263 1453
t 1251 1264 1263 1469
t 1251 1453 1454 1469
t 1263 1453 1469 1468
t 1251 1263 1453 1469
t 1251 1252 1264 1454
t 1252 1265 1264 1470
t 1252 1454 1455 1470
t 1264 1454 1470 1469
t 1252 1264 1454 1470
t 1252 1471 1265 1455
t 1471 1472 1265 1474
t 1471 1455 1473 1474
t 1265 1455 1474 1470
t 1471 1265 1455 1474
t 1254 1253 1267 1457
t 1253 1266 1267 1475
t 1253 1457 1459 1475
t 1267 1457 1475 1476
t 1253 1267 1457 1475
t 1253 1255 1266 1459
t 1255 1268 1266 1477
t 1255 1459 1460 1477
t 1266 1459 1477 1475
t 1255 1266 1459 1477
t 1255 1256 1268 1460
t 1256 1269 1268 1478
t 1256 1460 1461 1478
t 1268 1460 1478 1477
t 1256 1268 1460 1478
t 1256 1257 1269 1461
t 1257 1270 1269 1479
t 1257 1461 1462 1479
t 1269 1461 1479 1478
t 1257 1269 1461 1479
t 1257 1258 1270 1462
t 1258 1271 1270 1480
t 1258 1462 1463 1480
t 1270 1462 1480 1479
t 1258 1270 1462 1480
t 1258 1259 1271 1463
t 1259 1272 1271 1481
t 1259 1463 1464 1481
t 1271 1463 1481 1480
t 1259 1271 1463 1481
t 1259 1260 1272 1464
t 1260 1273 1272 1482
t 1260 1464 1465 1482
t 1272 1464 1482 1481
t 1260 1272 1464 1482
t 1260 1261 1273 1465
t 1261 1274 1273 1483
t 1261 1465 1466 1483
t 1273 1465 1483 1482
t 1261 1273 1465 1483
t 1261 1262 1274 1466
t 1262 1275 1274 1484
t 1262 1466 1467 1484
t 1274 1466 1484 1483
t 1262 1274 1466 1484
t 1262 1263 1275 1467
t 1263 1276 1275 1485
t 1263 1467 1468 1485
t 1275 1467 1485 1484
t 1263 1275 1467 1485
t 1263 1264 1276 1468
t 1264 1277 1276 1486
t 1264 1468 1469 1486
t 1276 1468 1486 1485
t 1264 1276 1468 1486
t 1264 1265 1277 1469
t 1265 1278 1277 1487
t 1265 1469 1470 1487
t 1277 1469 1487 1486
t 1265 1277 1469 1487
t 1265 1472 1278 1470
t 1472 1488 1278 1489
t 1472 1470 1474 1489
t 1278 1470 1489 1487
t 1472 1278 1470 1489
t 1267 1266 1280 1476
t 1266 1279 1280 1490
t 1266 1476 1475 1490
t 1280 1476 1490 1491
t 1266 1280 1476 1490
t 1266 1268 1279 1475
t 1268 1281 1279 1492
t 1268 1475 1477 1492
t 1279 1475 1492 1490
t 1268 1279 1475 1492
t 1268 1269 1281 1477
t 1269 1282 1281 1493
t 1269 1477 1478 1493
t 1281 1477 1493 1492
t 1269 1281 1477 1493
t 1269 1270 1282 1478
t 1270 1283 1282 1494
t 1270 1478 1479 1494
t 1282 1478 1494 1493
t 1270 1282 1478 1494
t 1270 1271 1283 1479
t 1271 1284 1283 1495
t 1271 1479 1480 1495
t 1283 1479 1495 1494
t 1271 1283 1479 1495
t 1271 1272 1284 1480
t 1272 1285 1284 1496
t 1272 1480 1481 1496
t 1284 1480 1496 1495
t 1272 1284 1480 1496
t 1272 1273 1285 1481
t 1273 1286 1285 1497
t 1273 1481 1482 1497
t 1285 1481 1497 1496
t 1273 1285 1481 1497
t 1273 1274 1286 1482
t 1274 1287 1286 1498
t 1274 1482 1483 1498
t 1286 1482 1498 1497
t 1274 1286 1482 1498
t 1274 1275 1287 1483
t 1275 1288 1287 1499
t 1275 1483 1484 1499
t 1287 1483 1499 1498
t 1275 1287 1483 1499
t 1275 1276 1288 1484
t 1276 1289 1288 1500
t 1276 1484 1485 1500
t 1288 1484 1500 1499
t 1276 1288 1484 1500
t 1276 1277 1289 1485
t 1277 1290 1289 1501
t 1277 1485 1486 1501
t 1289 1485 1501 1500
t 1277 1289 1485 1501
t 1277 1278 1290 1486
t 1278 1291 1290 1502
t 1278 1486 1487 1502
t 1290 1486 1502 1501
t 1278 1290 1486 1502
t 1278 1488 1291 1487
t 1488 1503 1291 1504
t 1488 1487 1489 1504
t 1291 1487 1504 1502
t 1488 1291 1487 1504
t 1280 1279 1293 1491
t 1279 1292 1293 1505
t 1279 1491 1490 1505
t 1293 1491 1505 1506
t 1279 1293 1491 1505
t 1279 1281 1292 1490
t 1281 1294 1292 1507
t 1281 1490 1492 1507
t 1292 1490 1507 1505
t 1281 1292 1490 1507
t 1281 1282 1294 1492
t 1282 1295 1294 1508
t 1282 1492 1493 1508
t 1294 1492 1508 1507
t 1282 1294 1492 1508
t 1282 1283 1295 1493
t 1283 1296 1295 1509
t 1283 1493 1494 1509
t 1295 1493 1509 1508
t 1283 1295 1493 1509
t 1283 1284 1296 1494
t 1284 1297 1296 1510
t 1284 1494 1495 1510
t 1296 1494 1510 1509
t 1284 1296 1494 1510
t 1284 1285 1297 1495
t 1285 1298 1297 1511
t 1285 1495 1496 1511
t 1297 1495 1511 1510
t 1285 1297 1495 1511
t 1285 1286 1298 1496
t 1286 1299 1298 1512
t 1286 1496 1497 1512
t 1298 1496 1512 1511
t 1286 1298 1496 1512
t 1286 1287 1299 1497
t 1287 1300 1299 1513
t 1287 1497 1498 1513
t 1299 1497 1513 1512
t 1287 1299 1497 1513
t 1287 1288 1300 1498
t 1288 1301 1300 1514
t 1288 1498 1499 1514
t 1300 1498 1514 1513
t 1288 1300 1498 1514
t 1288 1289 1301 1499
t 1289 1302 1301 1515
t 1289 1499 1500 1515
t 1301 1499 1515 1514
t 1289 1301 1499 1515
t 1289 1290 1302 1500
t 1290 1303 1302 1516
t 1290 1500 1501 1516
t 1302 1500 1516 1515
t 1290 1302 1500 1516
t 1290 1291 1303 1501
t 1291 1304 1303 1517
t 1291 1501 1502 1517
t 1303 1501 1517 1516
t 1291 1303 1501 1517
t 1291 1503 1304 1502
t 1503 1320 1304 1518
t 1503 1502 1504 1518
t 1304 1502 1518 1517
t 1503 1304 1502 1518
t 1293 1292 1306 1506
t 1292 1305 1306 1519
t 1292 1506 1505 1519
t 1306 1506 1519 1520
t 1292 1306 1506 1519
t 1292 1294 1305 1505
t 1294 1307 1305 1521
t 1294 1505 1507 1521
t 1305 1505 1521 1519
t 1294 1305 1505 1521
t 1294 1295 1307 1507
t 1295 1308 1307 1522
t 1295 1507 1508 1522
t 1307 1507 1522 1521
t 1295 1307 1507 1522
t 1295 1296 1308 1508
t 1296 1309 1308 1523
t 1296 1508 1509 1523
t 1308 1508 1523 1522
t 1296 1308 1508 1523
t 1296 1297 1309 1509
t 1297 1310 1309 1524
t 1297 1509 1510 1524
t 1309 1509 1524 1523
t 1297 1309 1509 1524
t 1297 1298 1310 1510
t 1298 1311 1310 1525
t 1298 1510 1511 1525
t 1310 1510 1525 1524
t 1298 1310 1510 1525
t 1298 1299 1311 1511
t 1299 1312 1311 1526
t 1299 1511 1512 1526
t 1311 1511 1526 1525
t 1299 1311 1511 1526
t 1299 1300 1312 1512
t 1300 1313 1312 1527
t 1300 1512 1513 1527
t 1312 1512 1527 1526
t 1300 1312 1512 1527
t 1300 1301 1313 1513
t 1301 1314 1313 1528
t 1301 1513 1514 1528
t 1313 1513 1528 1527
t 1301 1313 1513 1528
t 1301 1302 1314 1514
t 1302 1315 1314 1529
t 1302 1514 1515 1529
t 1314 1514 1529 1528
t 1302 1314 1514 1529
t 1302 1303 1315 1515
t 1303 1316 1315 1530
t 1303 1515 1516 1530
t 1315 1515 1530 1529
t 1303 1315 1515 1530
t 1303 1304 1316 1516
t 1304 1317 1316 1531
t 1304 1516 1517 1531
t 1316 1516 1531 1530
t 1304 1316 1516 1531
t 1304 1320 1317 1517
t 1320 1321 1317 1532
t 1320 1517 1518 1532
t 1317 1517 1532 1531
t 1320 1317 1517 1532
t 1306 1305 1323 1520
t 1305 1322 1323 1533
t 1305 1520 1519 1533
t 1323 1520 1533 1534
t 1305 1323 1520 1533
t 1305 1307 1322 1519
t 1307 1324 1322 1535
t 1307 1519 1521 1535
t 1322 1519 1535 1533
t 1307 1322 1519 1535
t 1307 1308 1324 1521
t 1308 1325 1324 1536
t 1308 1521 1522 1536
t 1324 1521 1536 1535
t 1308 1324 1521 1536
t 1308 1309 1325 1522
t 1309 1326 1325 1537
t 1309 1522 1523 1537
t 1325 1522 1537 1536
t 1309 1325 1522 1537
t 1309 1310 1326 1523
t 1310 1327 1326 1538
t 1310 1523 1524 1538
t 1326 1523 1538 1537
t 1310 1326 1523 1538
t 1310 1311 1327 1524
t 1311 1328 1327 1539
t 1311 1524 1525 1539
t 1327 1524 1539 1538
t 1311 1327 1524 1539
t 1311 1312 1328 1525
t 1312 1329 1328 1540
t 1312 1525 1526 1540
t 1328 1525 1540 1539
t 1312 1328 1525 1540
t 1312 1313 1329 1526
t 1313 1330 1329 1541
t 1313 1526 1527 1541
t 1329 1526 1541 1540
t 1313 1329 1526 1541
t 1313 1314 1330 1527
t 1314 1331 1330 1542
t 1314 1527 1528 1542
t 1330 1527 1542 1541
t 1314 1330 1527 1542
t 1314 1315 1331 1528
t 1315 1332 1331 1543
t 1315 1528 1529 1543
t 1331 1528 1543 1542
t 1315 1331 1528 1543
t 1315 1316 1332 1529
t 1316 1333 1332 1544
t 1316 1529 1530 1544
t 1332 1529 1544 1543
t 1316 1332 1529 1544
t 1316 1317 1333 1530
t 1317 1334 1333 1545
t 1317 1530 1531 1545
t 1333 1530 1545 1544
t 1317 1333 1530 1545
t 1317 1321 1334 1531
t 1321 1336 1334 1546
t 1321 1531 1532 1546
t 1334 1531 1546 1545
t 1321 1334 1531 1546
t 1323 1322 1338 1534
t 1322 1337 1338 1547
t 1322 1534 1533 1547
t 1338 1534 1547 1548
t 1322 1338 1534 1547
t 1322 1324 1337 1533
t 1324 1339 1337 1549
t 1324 1533 1535 1549
t 1337 1533 1549 1547
t 1324 1337 1533 1549
t 1324 1325 1339 1535
t 1325 1340 1339 1550
t 1325 1535 1536 1550
t 1339 1535 1550 1549
t 1325 1339 1535 1550
t 1325 1326 1340 1536
t 1326 1341 1340 1551
t 1326 1536 1537 1551
t 1340 1536 1551 1550
t 1326 1340 1536 1551
t 1326 1327 1341 1537
t 1327 1342 1341 1552
t 1327 1537 1538 1552
t 1341 1537 1552 1551
t 1327 1341 1537 1552
t 1327 1328 1342 1538
t 1328 1343 1342 1553
t 1328 1538 1539 1553
t 1342 1538 1553 1552
t 1328 1342 1538 1553
t 1328 1329 1343 1539
t 1329 1344 1343 1554
t 1329 1539 1540 1554
t 1343 1539 1554 1553
t 1329 1343 1539 1554
t 1329 1330 1344 1540
t 1330 1345 1344 1555
t 1330 1540 1541 1555
t 1344 1540 1555 1554
t 1330 1344 1540 1555
t 1330 1331 1345 1541
t 1331 1346 1345 1556
t 1331 1541 1542 1556
t 1345 1541 1556 1555
t 1331 1345 1541 1556
t 1331 1332 1346 1542
t 1332 1347 1346 1557
t 1332 1542 1543 1557
t 1346 1542 1557 1556
t 1332 1346 1542 1557
t 1332 1333 1347 1543
t 1333 1348 1347 1558
t 1333 1543 1544 1558
t 1347 1543 1558 1557
t 1333 1347 1543 1558
t 1333 1334 1348 1544
t 1334 1349 1348 1559
t 1334 1544 1545 1559
t 1348 1544 1559 1558
t 1334 1348 1544 1559
t 1334 1336 1349 1545
t 1336 1560 1349 1561
t 1336 1545 1546 1561
t 1349 1545 1561 1559
t 1336 1349 1545 1561
t 1337 1339 1351 1547
t 1339 1350 1351 1562
t 1339 1547 1549 1562
t 1351 1547 1562 1563
t 1339 1351 1547 1562
t 1339 1340 1350 1549
t 1340 1352 1350 1564
t 1340 1549 1550 1564
t 1350 1549 1564 1562
t 1340 1350 1549 1564
t 1340 1341 1352 1550
t 1341 1353 1352 1565
t 1341 1550 1551 1565
t 1352 1550 1565 1564
t 1341 1352 1550 1565
t 1341 1342 1353 1551
t 1342 1354 1353 1566
t 1342 1551 1552 1566
t 1353 1551 1566 1565
t 1342 1353 1551 1566
t 1342 1343 1354 1552
t 1343 1355 1354 1567
t 1343 1552 1553 1567
t 1354 1552 1567 1566
t 1343 1354 1552 1567
t 1343 1344 1355 1553
t 1344 1356 1355 1568
t 1344 1553 1554 1568
t 1355 1553 1568 1567
t 1344 1355 1553 1568
t 1344 1345 1356 1554
t 1345 1357 1356 1569
t 1345 1554 1555 1569
t 1356 1554 1569 1568
t 1345 1356 1554 1569
t 1345 1346 1357 1555
t 1346 1358 1357 1570
t 1346 1555 1556 1570
t 1357 1555 1570 1569
t 1346 1357 1555 1570
t 1346 1347 1358 1556
t 1347 1359 1358 1571
t 1347 1556 1557 1571
t 1358 1556 1571 1570
t 1347 1358 1556 1571
t 1347 1348 1359 1557
t 1348 1360 1359 1572
t 1348 1557 1558 1572
t 1359 1557 1572 1571
t 1348 1359 1557 1572
t 1348 1349 1360 1558
t 1349 1362 1360 1573
t 1349 1558 1559 1573
t 1360 1558 1573 1572
t 1349 1360 1558 1573
t 1354 1355 1575 1566
t 1355 1574 1575 1576
t 1355 1566 1567 1576
t 1575 1566 1576 1577
t 1355 1575 1566 1576
t 1357 1358 1578 1569
t 1358 1366 1578 1579
t 1358 1569 1570 1579
t 1578 1569 1579 1580
t 1358 1578 1569 1579
t 1358 1359 1366 1570
t 1359 1365 1366 1581
t 1359 1570 1571 1581
t 1366 1570 1581 1579
t 1359 1366 1570 1581
t 1359 1360 1365 1571
t 1360 1582 1365 1583
t 1360 1571 1572 1583
t 1365 1571 1583 1581
t 1360 1365 1571 1583
t 1367 1368 1370 1584
t 1368 1369 1370 1586
t 1368 1584 1585 1586
t 1370 1584 1586 1587
t 1368 1370 1584 1586
t 1368 1371 1369 1585
t 1371 1374 1369 1589
t 1371 1585 1588 1589
t 1369 1585 1589 1586
t 1371 1369 1585 1589
t 1371 1372 1374 1588
t 1372 1373 1374 1591
t 1372 1588 1590 1591
t 1374 1588 1591 1589
t 1372 1374 1588 1591
t 1376 1592 1377 1593
t 1592 1392 1377 1595
t 1592 1593 1594 1595
t 1377 1593 1595 1596
t 1592 1377 1593 1595
t 1379 1380 1382 1597
t 1380 1381 1382 1599
t 1380 1597 1598 1599
t 1382 1597 1599 1600
t 1380 1382 1597 1599
t 1380 1383 1381 1598
t 1383 1384 1381 1602
t 1383 1598 1601 1602
t 1381 1598 1602 1599
t 1383 1381 1598 1602
t 1383 1385 1384 1601
t 1385 1386 1384 1604
t 1385 1601 1603 1604
t 1384 1601 1604 1602
t 1385 1384 1601 1604
t 1385 1370 1386 1603
t 1370 1387 1386 1605
t 1370 1603 1587 1605
t 1386 1603 1605 1604
t 1370 1386 1603 1605
t 1370 1369 1387 1587
t 1369 1388 1387 1606
t 1369 1587 1586 1606
t 1387 1587 1606 1605
t 1369 1387 1587 1606
t 1369 1374 1388 1586
t 1374 1389 1388 1607
t 1374 1586 1589 1607
t 1388 1586 1607 1606
t 1374 1388 1586 1607
t 1374 1373 1389 1589
t 1373 1390 1389 1608
t 1373 1589 1591 1608
t 1389 1589 1608 1607
t 1373 1389 1589 1608
t 1373 1377 1390 1591
t 1377 1391 1390 1609
t 1377 1591 1596 1609
t 1390 1591 1609 1608
t 1377 1390 1591 1609
t 1377 1392 1391 1596
t 1392 1393 1391 1610
t 1392 1596 1595 1610
t 1391 1596 1610 1609
t 1392 1391 1596 1610
t 1392 1394 1393 1595
t 1394 1395 1393 1612
t 1394 1595 1611 1612
t 1393 1595 1612 1610
t 1394 1393 1595 1612
t 1398 1382 1400 1613
t 1382 1399 1400 1614
t 1382 1613 1600 1614
t 1400 1613 1614 1615
t 1382 1400 1613 1614
t 1382 1381 1399 1600
t 1381 1401 1399 1616
t 1381 1600 1599 1616
t 1399 1600 1616 1614
t 1381 1399 1600 1616
t 1381 1384 1401 1599
t 1384 1402 1401 1617
t 1384 1599 1602 1617
t 1401 1599 1617 1616
t 1384 1401 1599 1617
t 1384 1386 1402 1602
t 1386 1403 1402 1618
t 1386 1602 1604 1618
t 1402 1602 1618 1617
t 1386 1402 1602 1618
t 1386 1387 1403 1604
t 1387 1404 1403 1619
t 1387 1604 1605 1619
t 1403 1604 1619 1618
t 1387 1403 1604 1619
t 1387 1388 1404 1605
t 1388 1405 1404 1620
t 1388 1605 1606 1620
t 1404 1605 1620 1619
t 1388 1404 1605 1620
t 1388 1389 1405 1606
t 1389 1406 1405 1621
t 1389 1606 1607 1621
t 1405 1606 1621 1620
t 1389 1405 1606 1621
t 1389 1390 1406 1607
t 1390 1407 1406 1622
t 1390 1607 1608 1622
t 1406 1607 1622 1621
t 1390 1406 1607 1622
t 1390 1391 1407 1608
t 1391 1408 1407 1623
t 1391 1608 1609 1623
t 1407 1608 1623 1622
t 1391 1407 1608 1623
t 1391 1393 1408 1609
t 1393 1409 1408 1624
t 1393 1609 1610 1624
t 1408 1609 1624 1623
t 1393 1408 1609 1624
t 1393 1395 1409 1610
t 1395 1410 1409 1625
t 1395 1610 1612 1625
t 1409 1610 1625 1624
t 1395 1409 1610 1625
t 1395 1397 1410 1612
t 1397 1411 1410 1627
t 1397 1612 1626 1627
t 1410 1612 1627 1625
t 1397 1410 1612 1627
t 1400 1399 1415 1615
t 1399 1414 1415 1628
t 1399 1615 1614 1628
t 1415 1615 1628 1629
t 1399 1415 1615 1628
t 1399 1401 1414 1614
t 1401 1416 1414 1630
t 1401 1614 1616 1630
t 1414 1614 1630 1628
t 1401 1414 1614 1630
t 1401 1402 1416 1616
t 1402 1417 1416 1631
t 1402 1616 1617 1631
t 1416 1616 1631 1630
t 1402 1416 1616 1631
t 1402 1403 1417 1617
t 1403 1418 1417 1632
t 1403 1617 1618 1632
t 1417 1617 1632 1631
t 1403 1417 1617 1632
t 1403 1404 1418 1618
t 1404 1419 1418 1633
t 1404 1618 1619 1633
t 1418 1618 1633 1632
t 1404 1418 1618 1633
t 1404 1405 1419 1619
t 1405 1420 1419 1634
t 1405 1619 1620 1634
t 1419 1619 1634 1633
t 1405 1419 1619 1634
t 1405 1406 1420 1620
t 1406 1421 1420 1635
t 1406 1620 1621 1635
t 1420 1620 1635 1634
t 1406 1420 1620 1635
t 1406 1407 1421 1621
t 1407 1422 1421 1636
t 1407 1621 1622 1636
t 1421 1621 1636 1635
t 1407 1421 1621 1636
t 1407 1408 1422 1622
t 1408 1423 1422 1637
t 1408 1622 1623 1637
t 1422 1622 1637 1636
t 1408 1422 1622 1637
t 1408 1409 1423 1623
t 1409 1424 1423 1638
t 1409 1623 1624 1638
t 1423 1623 1638 1637
t 1409 1423 1623 1638
t 1409 1410 1424 1624
t 1410 1425 1424 1639
t 1410 1624 1625 1639
t 1424 1624 1639 1638
t 1410 1424 1624 1639
t 1410 1411 1425 1625
t 1411 1426 1425 1640
t 1411 1625 1627 1640
t 1425 1625 1640 1639
t 1411 1425 1625 1640
t 1411 1413 1426 1627
t 1413 1427 1426 1642
t 1413 1627 1641 1642
t 1426 1627 1642 1640
t 1413 1426 1627 1642
t 1415 1414 1429 1629
t 1414 1428 1429 1643
t 1414 1629 1628 1643
t 1429 1629 1643 1644
t 1414 1429 1629 1643
t 1414 1416 1428 1628
t 1416 1430 1428 1645
t 1416 1628 1630 1645
t 1428 1628 1645 1643
t 1416 1428 1628 1645
t 1416 1417 1430 1630
t 1417 1431 1430 1646
t 1417 1630 1631 1646
t 1430 1630 1646 1645
t 1417 1430 1630 1646
t 1417 1418 1431 1631
t 1418 1432 1431 1647
t 1418 1631 1632 1647
t 1431 1631 1647 1646
t 1418 1431 1631 1647
t 1418 1419 1432 1632
t 1419 1433 1432 1648
t 1419 1632 1633 1648
t 1432 1632 1648 1647
t 1419 1432 1632 1648
t 1419 1420 1433 1633
t 1420 1434 1433 1649
t 1420 1633 1634 1649
t 1433 1633 1649 1648
t 1420 1433 1633 1649
t 1420 1421 1434 1634
t 1421 1435 1434 1650
t 1421 1634 1635 1650
t 1434 1634 1650 1649
t 1421 1434 1634 1650
t 1421 1422 1435 1635
t 1422 1436 1435 1651
t 1422 1635 1636 1651
t 1435 1635 1651 1650
t 1422 1435 1635 1651
t 1422 1423 1436 1636
t 1423 1437 1436 1652
t 1423 1636 1637 1652
t 1436 1636 1652 1651
t 1423 1436 1636 1652
t 1423 1424 1437 1637
t 1424 1438 1437 1653
t 1424 1637 1638 1653
t 1437 1637 1653 1652
t 1424 1437 1637 1653
t 1424 1425 1438 1638
t 1425 1439 1438 1654
t 1425 1638 1639 1654
t 1438 1638 1654 1653
t 1425 1438 1638 1654
t 1425 1426 1439 1639
t 1426 1440 1439 1655
t 1426 1639 1640 1655
t 1439 1639 1655 1654
t 1426 1439 1639 1655
t 1426 1427 1440 1640
t 1427 1441 1440 1656
t 1427 1640 1642 1656
t 1440 1640 1656 1655
t 1427 1440 1640 1656
t 1427 1657 1441 1642
t 1657 1658 1441 1660
t 1657 1642 1659 1660
t 1441 1642 1660 1656
t 1657 1441 1642 1660
t 1429 1428 1443 1644
t 1428 1442 1443 1661
t 1428 1644 1643 1661
t 1443 1644 1661 1662
t 1428 1443 1644 1661
t 1428 1430 1442 1643
t 1430 1444 1442 1663
t 1430 1643 1645 1663
t 1442 1643 1663 1661
t 1430 1442 1643 1663
t 1430 1431 1444 1645
t 1431 1445 1444 1664
t 1431 1645 1646 1664
t 1444 1645 1664 1663
t 1431 1444 1645 1664
t 1431 1432 1445 1646
t 1432 1446 1445 1665
t 1432 1646 1647 1665
t 1445 1646 1665 1664
t 1432 1445 1646 1665
t 1432 1433 1446 1647
t 1433 1447 1446 1666
t 1433 1647 1648 1666
t 1446 1647 1666 1665
t 1433 1446 1647 1666
t 1433 1434 1447 1648
t 1434 1448 1447 1667
t 1434 1648 1649 1667
t 1447 1648 1667 1666
t 1434 1447 1648 1667
t 1434 1435 1448 1649
t 1435 1449 1448 1668
t 1435 1649 1650 1668
t 1448 1649 1668 1667
t 1435 1448 1649 1668
t 1435 1436 1449 1650
t 1436 1450 1449 1669
t 1436 1650 1651 1669
t 1449 1650 1669 1668
t 1436 1449 1650 1669
t 1436 1437 1450 1651
t 1437 1451 1450 1670
t 1437 1651 1652 1670
t 1450 1651 1670 1669
t 1437 1450 1651 1670
t 1437 1438 1451 1652
t 1438 1452 1451 1671
t 1438 1652 1653 1671
t 1451 1652 1671 1670
t 1438 1451 1652 1671
t 1438 1439 1452 1653
t 1439 1453 1452 1672
t 1439 1653 1654 1672
t 1452 1653 1672 1671
t 1439 1452 1653 1672
t 1439 1440 1453 1654
t 1440 1454 1453 1673
t 1440 1654 1655 1673
t 1453 1654 1673 1672
t 1440 1453 1654 1673
t 1440 1441 1454 1655
t 1441 1455 1454 1674
t 1441 1655 1656 1674
t 1454 1655 1674 1673
t 1441 1454 1655 1674
t 1442 1444 1457 1661
t 1444 1459 1457 1675
t 1444 1661 1663 1675
t 1457 1661 1675 1676
t 1444 1457 1661 1675
t 1444 1445 1459 1663
t 1445 1460 1459 1677
t 1445 1663 1664 1677
t 1459 1663 1677 1675
t 1445 1459 1663 1677
t 1445 1446 1460 1664
t 1446 1461 1460 1678
t 1446 1664 1665 1678
t 1460 1664 1678 1677
t 1446 1460 1664 1678
t 1446 1447 1461 1665
t 1447 1462 1461 1679
t 1447 1665 1666 1679
t 1461 1665 1679 1678
t 1447 1461 1665 1679
t 1447 1448 1462 1666
t 1448 1463 1462 1680
t 1448 1666 1667 1680
t 1462 1666 1680 1679
t 1448 1462 1666 1680
t 1448 1449 1463 1667
t 1449 1464 1463 1681
t 1449 1667 1668 1681
t 1463 1667 1681 1680
t 1449 1463 1667 1681
t 1449 1450 1464 1668
t 1450 1465 1464 1682
t 1450 1668 1669 1682
t 1464 1668 1682 1681
t 1450 1464 1668 1682
t 1450 1451 1465 1669
t 1451 1466 1465 1683
t 1451 1669 1670 1683
t 1465 1669 1683 1682
t 1451 1465 1669 1683
t 1451 1452 1466 1670
t 1452 1467 1466 1684
t 1452 1670 1671 1684
t 1466 1670 1684 1683
t 1452 1466 1670 1684
t 1452 1453 1467 1671
t 1453 1468 1467 1685
t 1453 1671 1672 1685
t 1467 1671 1685 1684
t 1453 1467 1671 1685
t 1453 1454 1468 1672
t 1454 1469 1468 1686
t 1454 1672 1673 1686
t 1468 1672 1686 1685
t 1454 1468 1672 1686
t 1454 1455 1469 1673
t 1455 1470 1469 1687
t 1455 1673 1674 1687
t 1469 1673 1687 1686
t 1455 1469 1673 1687
t 1455 1473 1470 1674
t 1473 1474 1470 1689
t 1473 1674 1688 1689
t 1470 1674 1689 1687
t 1473 1470 1674 1689
t 1457 1459 1476 1676
t 1459 1475 1476 1690
t 1459 1676 1675 1690
t 1476 1676 1690 1691
t 1459 1476 1676 1690
t 1459 1460 1475 1675
t 1460 1477 1475 1692
t 1460 1675 1677 1692
t 1475 1675 1692 1690
t 1460 1475 1675 1692
t 1460 1461 1477 1677
t 1461 1478 1477 1693
t 1461 1677 1678 1693
t 1477 1677 1693 1692
t 1461 1477 1677 1693
t 1461 1462 1478 1678
t 1462 1479 1478 1694
t 1462 1678 1679 1694
t 1478 1678 1694 1693
t 1462 1478 1678 1694
t 1462 1463 1479 1679
t 1463 1480 1479 1695
t 1463 1679 1680 1695
t 1479 1679 1695 1694
t 1463 1479 1679 1695
t 1463 1464 1480 1680
t 1464 1481 1480 1696
t 1464 1680 1681 1696
t 1480 1680 1696 1695
t 1464 1480 1680 1696
t 1464 1465 1481 1681
t 1465 1482 1481 1697
t 1465 1681 1682 1697
t 1481 1681 1697 1696
t 1465 1481 1681 1697
t 1465 1466 1482 1682
t 1466 1483 1482 1698
t 1466 1682 1683 1698
t 1482 1682 1698 1697
t 1466 1482 1682 1698
t 1466 1467 1483 1683
t 1467 1484 1483 1699
t 1467 1683 1684 1699
t 1483 1683 1699 1698
t 1467 1483 1683 1699
t 1467 1468 1484 1684
t 1468 1485 1484 1700
t 1468 1684 1685 1700
t 1484 1684 1700 1699
t 1468 1484 1684 1700
t 1468 1469 1485 1685
t 1469 1486 1485 1701
t 1469 1685 1686 1701
t 1485 1685 1701 1700
t 1469 1485 1685 1701
t 1469 1470 1486 1686
t 1470 1487 1486 1702
t 1470 1686 1687 1702
t 1486 1686 1702 1701
t 1470 1486 1686 1702
t 1470 1474 1487 1687
t 1474 1489 1487 1703
t 1474 1687 1689 1703
t 1487 1687 1703 1702
t 1474 1487 1687 1703
t 1476 1475 1491 1691
t 1475 1490 1491 1704
t 1475 1691 1690 1704
t 1491 1691 1704 1705
t 1475 1491 1691 1704
t 1475 1477 1490 1690
t 1477 1492 1490 1706
t 1477 1690 1692 1706
t 1490 1690 1706 1704
t 1477 1490 1690 1706
t 1477 1478 1492 1692
t 1478 1493 1492 1707
t 1478 1692 1693 1707
t 1492 1692 1707 1706
t 1478 1492 1692 1707
t 1478 1479 1493 1693
t 1479 1494 1493 1708
t 1479 1693 1694 1708
t 1493 1693 1708 1707
t 1479 1493 1693 1708
t 1479 1480 1494 1694
t 1480 1495 1494 1709
t 1480 1694 1695 1709
t 1494 1694 1709 1708
t 1480 1494 1694 1709
t 1481 1482 1496 1696
t 1482 1497 1496 1710
t 1482 1696 1697 1710
t 1496 1696 1710 1711
t 1482 1496 1696 1710
t 1482 1483 1497 1697
t 1483 1498 1497 1712
t 1483 1697 1698 1712
t 1497 1697 1712 1710
t 1483 1497 1697 1712
t 1483 1484 1498 1698
t 1484 1499 1498 1713
t 1484 1698 1699 1713
t 1498 1698 1713 1712
t 1484 1498 1698 1713
t 1484 1485 1499 1699
t 1485 1500 1499 1714
t 1485 1699 1700 1714
t 1499 1699 1714 1713
t 1485 1499 1699 1714
t 1485 1486 1500 1700
t 1486 1501 1500 1715
t 1486 1700 1701 1715
t 1500 1700 1715 1714
t 1486 1500 1700 1715
t 1486 1487 1501 1701
t 1487 1502 1501 1716
t 1487 1701 1702 1716
t 1501 1701 1716 1715
t 1487 1501 1701 1716
t 1487 1489 1502 1702
t 1489 1504 1502 1717
t 1489 1702 1703 1717
t 1502 1702 1717 1716
t 1489 1502 1702 1717
t 1489 1718 1504 1703
t 1718 1719 1504 1721
t 1718 1703 1720 1721
t 1504 1703 1721 1717
t 1718 1504 1703 1721
t 1491 1490 1506 1705
t 1490 1505 1506 1722
t 1490 1705 1704 1722
t 1506 1705 1722 1723
t 1490 1506 1705 1722
t 1490 1492 1505 1704
t 1492 1507 1505 1724
t 1492 1704 1706 1724
t 1505 1704 1724 1722
t 1492 1505 1704 1724
t 1492 1493 1507 1706
t 1493 1508 1507 1725
t 1493 1706 1707 1725
t 1507 1706 1725 1724
t 1493 1507 1706 1725
t 1493 1494 1508 1707
t 1494 1509 1508 1726
t 1494 1707 1708 1726
t 1508 1707 1726 1725
t 1494 1508 1707 1726
t 1494 1495 1509 1708
t 1495 1510 1509 1727
t 1495 1708 1709 1727
t 1509 1708 1727 1726
t 1495 1509 1708 1727
t 1495 1496 1510 1709
t 1496 1511 1510 1728
t 1496 1709 1711 1728
t 1510 1709 1728 1727
t 1496 1510 1709 1728
t 1496 1497 1511 1711
t 1497 1512 1511 1729
t 1497 1711 1710 1729
t 1511 1711 1729 1728
t 1497 1511 1711 1729
t 1497 1498 1512 1710
t 1498 1513 1512 1730
t 1498 1710 1712 1730
t 1512 1710 1730 1729
t 1498 1512 1710 1730
t 1498 1499 1513 1712
t 1499 1514 1513 1731
t 1499 1712 1713 1731
t 1513 1712 1731 1730
t 1499 1513 1712 1731
t 1499 1500 1514 1713
t 1500 1515 1514 1732
t 1500 1713 1714 1732
t 1514 1713 1732 1731
t 1500 1514 1713 1732
t 1500 1501 1515 1714
t 1501 1516 1515 1733
t 1501 1714 1715 1733
t 1515 1714 1733 1732
t 1501 1515 1714 1733
t 1501 1502 1516 1715
t 1502 1517 1516 1734
t 1502 1715 1716 1734
t 1516 1715 1734 1733
t 1502 1516 1715 1734
t 1502 1504 1517 1716
t 1504 1518 1517 1735
t 1504 1716 1717 1735
t 1517 1716 1735 1734
t 1504 1517 1716 1735
t 1506 1505 1520 1723
t 1505 1519 1520 1736
t 1505 1723 1722 1736
t 1520 1723 1736 1737
t 1505 1520 1723 1736
t 1505 1507 1519 1722
t 1507 1521 1519 1738
t 1507 1722 1724 1738
t 1519 1722 1738 1736
t 1507 1519 1722 1738
t 1507 1508 1521 1724
t 1508 1522 1521 1739
t 1508 1724 1725 1739
t 1521 1724 1739 1738
t 1508 1521 1724 1739
t 1508 1509 1522 1725
t 1509 1523 1522 1740
t 1509 1725 1726 1740
t 1522 1725 1740 1739
t 1509 1522 1725 1740
t 1509 1510 1523 1726
t 1510 1524 1523 1741
t 1510 1726 1727 1741
t 1523 1726 1741 1740
t 1510 1523 1726 1741
t 1510 1511 1524 1727
t 1511 1525 1524 1742
t 1511 1727 1728 1742
t 1524 1727 1742 1741
t 1511 1524 1727 1742
t 1511 1512 1525 1728
t 1512 1526 1525 1743
t 1512 1728 1729 1743
t 1525 1728 1743 1742
t 1512 1525 1728 1743
t 1512 1513 1526 1729
t 1513 1527 1526 1744
t 1513 1729 1730 1744
t 1526 1729 1744 1743
t 1513 1526 1729 1744
t 1513 1514 1527 1730
t 1514 1528 1527 1745
t 1514 1730 1731 1745
t 1527 1730 1745 1744
t 1514 1527 1730 1745
t 1514 1515 1528 1731
t 1515 1529 1528 1746
t 1515 1731 1732 1746
t 1528 1731 1746 1745
t 1515 1528 1731 1746
t 1515 1516 1529 1732
t 1516 1530 1529 1747
t 1516 1732 1733 1747
t 1529 1732 1747 1746
t 1516 1529 1732 1747
t 1516 1517 1530 1733
t 1517 1531 1530 1748
t 1517 1733 1734 1748
t 1530 1733 1748 1747
t 1517 1530 1733 1748
t 1517 1518 1531 1734
t 1518 1532 1531 1749
t 1518 1734 1735 1749
t 1531 1734 1749 1748
t 1518 1531 1734 1749
t 1520 1519 1534 1737
t 1519 1533 1534 1750
t 1519 1737 1736 1750
t 1534 1737 1750 1751
t 1519 1534 1737 1750
t 1519 1521 1533 1736
t 1521 1535 1533 1752
t 1521 1736 1738 1752
t 1533 1736 1752 1750
t 1521 1533 1736 1752
t 1521 1522 1535 1738
t 1522 1536 1535 1753
t 1522 1738 1739 1753
t 1535 1738 1753 1752
t 1522 1535 1738 1753
t 1522 1523 1536 1739
t 1523 1537 1536 1754
t 1523 1739 1740 1754
t 1536 1739 1754 1753
t 1523 1536 1739 1754
t 1523 1524 1537 1740
t 1524 1538 1537 1755
t 1524 1740 1741 1755
t 1537 1740 1755 1754
t 1524 1537 1740 1755
t 1524 1525 1538 1741
t 1525 1539 1538 1756
t 1525 1741 1742 1756
t 1538 1741 1756 1755
t 1525 1538 1741 1756
t 1525 1526 1539 1742
t 1526 1540 1539 1757
t 1526 1742 1743 1757
t 1539 1742 1757 1756
t 1526 1539 1742 1757
t 1526 1527 1540 1743
t 1527 1541 1540 1758
t 1527 1743 1744 1758
t 1540 1743 1758 1757
t 1527 1540 1743 1758
t 1527 1528 1541 1744
t 1528 1542 1541 1759
t 1528 1744 1745 1759
t 1541 1744 1759 1758
t 1528 1541 1744 1759
t 1528 1529 1542 1745
t 1529 1543 1542 1760
t 1529 1745 1746 1760
t 1542 1745 1760 1759
t 1529 1542 1745 1760
t 1529 1530 1543 1746
t 1530 1544 1543 1761
t 1530 1746 1747 1761
t 1543 1746 1761 1760
t 1530 1543 1746 1761
t 1530 1531 1544 1747
t 1531 1545 1544 1762
t 1531 1747 1748 1762
t 1544 1747 1762 1761
t 1531 1544 1747 1762
t 1534 1533 1548 1751
t 1533 1547 1548 1763
t 1533 1751 1750 1763
t 1548 1751 1763 1764
t 1533 1548 1751 1763
t 1533 1535 1547 1750
t 1535 1549 1547 1765
t 1535 1750 1752 1765
t 1547 1750 1765 1763
t 1535 1547 1750 1765
t 1535 1536 1549 1752
t 1536 1550 1549 1766
t 1536 1752 1753 1766
t 1549 1752 1766 1765
t 1536 1549 1752 1766
t 1536 1537 1550 1753
t 1537 1551 1550 1767
t 1537 1753 1754 1767
t 1550 1753 1767 1766
t 1537 1550 1753 1767
t 1537 1538 1551 1754
t 1538 1552 1551 1768
t 1538 1754 1755 1768
t 1551 1754 1768 1767
t 1538 1551 1754 1768
t 1538 1539 1552 1755
t 1539 1553 1552 1769
t 1539 1755 1756 1769
t 1552 1755 1769 1768
t 1539 1552 1755 1769
t 1539 1540 1553 1756
t 1540 1554 1553 1770
t 1540 1756 1757 1770
t 1553 1756 1770 1769
t 1540 1553 1756 1770
t 1540 1541 1554 1757
t 1541 1555 1554 1771
t 1541 1757 1758 1771
t 1554 1757 1771 1770
t 1541 1554 1757 1771
t 1541 1542 1555 1758
t 1542 1556 1555 1772
t 1542 1758 1759 1772
t 1555 1758 1772 1771
t 1542 1555 1758 1772
t 1542 1543 1556 1759
t 1543 1557 1556 1773
t 1543 1759 1760 1773
t 1556 1759 1773 1772
t 1543 1556 1759 1773
t 1543 1544 1557 1760
t 1544 1558 1557 1774
t 1544 1760 1761 1774
t 1557 1760 1774 1773
t 1544 1557 1760 1774
t 1544 1545 1558 1761
t 1545 1559 1558 1775
t 1545 1761 1762 1775
t 1558 1761 1775 1774
t 1545 1558 1761 1775
t 1548 1547 1776 1764
t 1547 1563 1776 1777
t 1547 1764 1763 1777
t 1776 1764 1777 1778
t 1547 1776 1764 1777
t 1547 1549 1563 1763
t 1549 1562 1563 1779
t 1549 1763 1765 1779
t 1563 1763 1779 1777
t 1549 1563 1763 1779
t 1549 1550 1562 1765
t 1550 1564 1562 1780
t 1550 1765 1766 1780
t 1562 1765 1780 1779
t 1550 1562 1765 1780
t 1550 1551 1564 1766
t 1551 1565 1564 1781
t 1551 1766 1767 1781
t 1564 1766 1781 1780
t 1551 1564 1766 1781
t 1551 1552 1565 1767
t 1552 1566 1565 1782
t 1552 1767 1768 1782
t 1565 1767 1782 1781
t 1552 1565 1767 1782
t 1552 1553 1566 1768
t 1553 1567 1566 1783
t 1553 1768 1769 1783
t 1566 1768 1783 1782
t 1553 1566 1768 1783
t 1553 1554 1567 1769
t 1554 1568 1567 1784
t 1554 1769 1770 1784
t 1567 1769 1784 1783
t 1554 1567 1769 1784
t 1554 1555 1568 1770
t 1555 1569 1568 1785
t 1555 1770 1771 1785
t 1568 1770 1785 1784
t 1555 1568 1770 1785
t 1555 1556 1569 1771
t 1556 1570 1569 1786
t 1556 1771 1772 1786
t 1569 1771 1786 1785
t 1556 1569 1771 1786
t 1556 1557 1570 1772
t 1557 1571 1570 1787
t 1557 1772 1773 1787
t 1570 1772 1787 1786
t 1557 1570 1772 1787
t 1557 1558 1571 1773
t 1558 1572 1571 1788
t 1558 1773 1774 1788
t 1571 1773 1788 1787
t 1558 1571 1773 1788
t 1558 1559 1572 1774
t 1559 1573 1572 1789
t 1559 1774 1775 1789
t 1572 1774 1789 1788
t 1559 1572 1774 1789
t 1568 1569 1790 1784
t 1569 1580 1790 1791
t 1569 1784 1785 1791
t 1790 1784 1791 1792
t 1569 1790 1784 1791
t 1569 1570 1580 1785
t 1570 1579 1580 1793
t 1570 1785 1786 1793
t 1580 1785 1793 1791
t 1570 1580 1785 1793
t 1570 1571 1579 1786
t 1571 1581 1579 1794
t 1571 1786 1787 1794
t 1579 1786 1794 1793
t 1571 1579 1786 1794
t 1571 1572 1581 1787
t 1572 1583 1581 1795
t 1572 1787 1788 1795
t 1581 1787 1795 1794
t 1572 1581 1787 1795
t 1584 1585 1587 1796
t 1585 1586 1587 1798
t 1585 1796 1797 1798
t 1587 1796 1798 1799
t 1585 1587 1796 1798
t 1588 1590 1589 1800
t 1590 1591 1589 1802
t 1590 1800 1801 1802
t 1589 1800 1802 1803
t 1590 1589 1800 1802
t 1598 1601 1599 1804
t 1601 1602 1599 1806
t 1601 1804 1805 1806
t 1599 1804 1806 1807
t 1601 1599 1804 1806
t 1601 1603 1602 1805
t 1603 1604 1602 1809
t 1603 1805 1808 1809
t 1602 1805 1809 1806
t 1603 1602 1805 1809
t 1603 1587 1604 1808
t 1587 1605 1604 1810
t 1587 1808 1799 1810
t 1604 1808 1810 1809
t 1587 1604 1808 1810
t 1587 1586 1605 1799
t 1586 1606 1605 1811
t 1586 1799 1798 1811
t 1605 1799 1811 1810
t 1586 1605 1799 1811
t 1586 1589 1606 1798
t 1589 1607 1606 1812
t 1589 1798 1803 1812
t 1606 1798 1812 1811
t 1589 1606 1798 1812
t 1589 1591 1607 1803
t 1591 1608 1607 1813
t 1591 1803 1802 1813
t 1607 1803 1813 1812
t 1591 1607 1803 1813
t 1591 1596 1608 1802
t 1596 1609 1608 1815
t 1596 1802 1814 1815
t 1608 1802 1815 1813
t 1596 1608 1802 1815
t 1596 1595 1609 1814
t 1595 1610 1609 1817
t 1595 1814 1816 1817
t 1609 1814 1817 1815
t 1595 1609 1814 1817
t 1595 1611 1610 1816
t 1611 1612 1610 1819
t 1611 1816 1818 1819
t 1610 1816 1819 1817
t 1611 1610 1816 1819
t 1613 1600 1615 1820
t 1600 1614 1615 1822
t 1600 1820 1821 1822
t 1615 1820 1822 1823
t 1600 1615 1820 1822
t 1600 1599 1614 1821
t 1599 1616 1614 1824
t 1599 1821 1807 1824
t 1614 1821 1824 1822
t 1599 1614 1821 1824
t 1599 1602 1616 1807
t 1602 1617 1616 1825
t 1602 1807 1806 1825
t 1616 1807 1825 1824
t 1602 1616 1807 1825
t 1602 1604 1617 1806
t 1604 1618 1617 1826
t 1604 1806 1809 1826
t 1617 1806 1826 1825
t 1604 1617 1806 1826
t 1604 1605 1618 1809
t 1605 1619 1618 1827
t 1605 1809 1810 1827
t 1618 1809 1827 1826
t 1605 1618 1809 1827
t 1605 1606 1619 1810
t 1606 1620 1619 1828
t 1606 1810 1811 1828
t 1619 1810 1828 1827
t 1606 1619 1810 1828
t 1606 1607 1620 1811
t 1607 1621 1620 1829
t 1607 1811 1812 1829
t 1620 1811 1829 1828
t 1607 1620 1811 1829
t 1607 1608 1621 1812
t 1608 1622 1621 1830
t 1608 1812 1813 1830
t 1621 1812 1830 1829
t 1608 1621 1812 1830
t 1608 1609 1622 1813
t 1609 1623 1622 1831
t 1609 1813 1815 1831
t 1622 1813 1831 1830
t 1609 1622 1813 1831
t 1609 1610 1623 1815
t 1610 1624 1623 1832
t 1610 1815 1817 1832
t 1623 1815 1832 1831
t 1610 1623 1815 1832
t 1610 1612 1624 1817
t 1612 1625 1624 1833
t 1612 1817 1819 1833
t 1624 1817 1833 1832
t 1612 1624 1817 1833
t 1612 1626 1625 1819
t 1626 1627 1625 1835
t 1626 1819 1834 1835
t 1625 1819 1835 1833
t 1626 1625 1819 1835
t 1615 1614 1629 1823
t 1614 1628 1629 1836
t 1614 1823 1822 1836
t 1629 1823 1836 1837
t 1614 1629 1823 1836
t 1614 1616 1628 1822
t 1616 1630 1628 1838
t 1616 1822 1824 1838
t 1628 1822 1838 1836
t 1616 1628 1822 1838
t 1616 1617 1630 1824
t 1617 1631 1630 1839
t 1617 1824 1825 1839
t 1630 1824 1839 1838
t 1617 1630 1824 1839
t 1617 1618 1631 1825
t 1618 1632 1631 1840
t 1618 1825 1826 1840
t 1631 1825 1840 1839
t 1618 1631 1825 1840
t 1618 1619 1632 1826
t 1619 1633 1632 1841
t 1619 1826 1827 1841
t 1632 1826 1841 1840
t 1619 1632 1826 1841
t 1619 1620 1633 1827
t 1620 1634 1633 1842
t 1620 1827 1828 1842
t 1633 1827 1842 1841
t 1620 1633 1827 1842
t 1620 1621 1634 1828
t 1621 1635 1634 1843
t 1621 1828 1829 1843
t 1634 1828 1843 1842
t 1621 1634 1828 1843
t 1621 1622 1635 1829
t 1622 1636 1635 1844
t 1622 1829 1830 1844
t 1635 1829 1844 1843
t 1622 1635 1829 1844
t 1622 1623 1636 1830
t 1623 1637 1636 1845
t 1623 1830 1831 1845
t 1636 1830 1845 1844
t 1623 1636 1830 1845
t 1623 1624 1637 1831
t 1624 1638 1637 1846
t 1624 1831 1832 1846
t 1637 1831 1846 1845
t 1624 1637 1831 1846
t 1624 1625 1638 1832
t 1625 1639 1638 1847
t 1625 1832 1833 1847
t 1638 1832 1847 1846
t 1625 1638 1832 1847
t 1625 1627 1639 1833
t 1627 1640 1639 1848
t 1627 1833 1835 1848
t 1639 1833 1848 1847
t 1627 1639 1833 1848
t 1627 1641 1640 1835
t 1641 1642 1640 1850
t 1641 1835 1849 1850
t 1640 1835 1850 1848
t 1641 1640 1835 1850
t 1629 1628 1644 1837
t 1628 1643 1644 1851
t 1628 1837 1836 1851
t 1644 1837 1851 1852
t 1628 1644 1837 1851
t 1628 1630 1643 1836
t 1630 1645 1643 1853
t 1630 1836 1838 1853
t 1643 1836 1853 1851
t 1630 1643 1836 1853
t 1630 1631 1645 1838
t 1631 1646 1645 1854
t 1631 1838 1839 1854
t 1645 1838 1854 1853
t 1631 1645 1838 1854
t 1631 1632 1646 1839
t 1632 1647 1646 1855
t 1632 1839 1840 1855
t 1646 1839 1855 1854
t 1632 1646 1839 1855
t 1632 1633 1647 1840
t 1633 1648 1647 1856
t 1633 1840 1841 1856
t 1647 1840 1856 1855
t 1633 1647 1840 1856
t 1633 1634 1648 1841
t 1634 1649 1648 1857
t 1634 1841 1842 1857
t 1648 1841 1857 1856
t 1634 1648 1841 1857
t 1634 1635 1649 1842
t 1635 1650 1649 1858
t 1635 1842 1843 1858
t 1649 1842 1858 1857
t 1635 1649 1842 1858
t 1635 1636 1650 1843
t 1636 1651 1650 1859
t 1636 1843 1844 1859
t 1650 1843 1859 1858
t 1636 1650 1843 1859
t 1636 1637 1651 1844
t 1637 1652 1651 1860
t 1637 1844 1845 1860
t 1651 1844 1860 1859
t 1637 1651 1844 1860
t 1637 1638 1652 1845
t 1638 1653 1652 1861
t 1638 1845 1846 1861
t 1652 1845 1861 1860
t 1638 1652 1845 1861
t 1638 1639 1653 1846
t 1639 1654 1653 1862
t 1639 1846 1847 1862
t 1653 1846 1862 1861
t 1639 1653 1846 1862
t 1639 1640 1654 1847
t 1640 1655 1654 1863
t 1640 1847 1848 1863
t 1654 1847 1863 1862
t 1640 1654 1847 1863
t 1640 1642 1655 1848
t 1642 1656 1655 1864
t 1642 1848 1850 1864
t 1655 1848 1864 1863
t 1642 1655 1848 1864
t 1644 1643 1662 1852
t 1643 1661 1662 1865
t 1643 1852 1851 1865
t 1662 1852 1865 1866
t 1643 1662 1852 1865
t 1643 1645 1661 1851
t 1645 1663 1661 1867
t 1645 1851 1853 1867
t 1661 1851 1867 1865
t 1645 1661 1851 1867
t 1645 1646 1663 1853
t 1646 1664 1663 1868
t 1646 1853 1854 1868
t 1663 1853 1868 1867
t 1646 1663 1853 1868
t 1646 1647 1664 1854
t 1647 1665 1664 1869
t 1647 1854 1855 1869
t 1664 1854 1869 1868
t 1647 1664 1854 1869
t 1647 1648 1665 1855
t 1648 1666 1665 1870
t 1648 1855 1856 1870
t 1665 1855 1870 1869
t 1648 1665 1855 1870
t 1648 1649 1666 1856
t 1649 1667 1666 1871
t 1649 1856 1857 1871
t 1666 1856 1871 1870
t 1649 1666 1856 1871
t 1649 1650 1667 1857
t 1650 1668 1667 1872
t 1650 1857 1858 1872
t 1667 1857 1872 1871
t 1650 1667 1857 1872
t 1650 1651 1668 1858
t 1651 1669 1668 1873
t 1651 1858 1859 1873
t 1668 1858 1873 1872
t 1651 1668 1858 1873
t 1651 1652 1669 1859
t 1652 1670 1669 1874
t 1652 1859 1860 1874
t 1669 1859 1874 1873
t 1652 1669 1859 1874
t 1652 1653 1670 1860
t 1653 1671 1670 1875
t 1653 1860 1861 1875
t 1670 1860 1875 1874
t 1653 1670 1860 1875
t 1653 1654 1671 1861
t 1654 1672 1671 1876
t 1654 1861 1862 1876
t 1671 1861 1876 1875
t 1654 1671 1861 1876
t 1654 1655 1672 1862
t 1655 1673 1672 1877
t 1655 1862 1863 1877
t 1672 1862 1877 1876
t 1655 1672 1862 1877
t 1655 1656 1673 1863
t 1656 1674 1673 1878
t 1656 1863 1864 1878
t 1673 1863 1878 1877
t 1656 1673 1863 1878
t 1656 1660 1674 1864
t 1660 1688 1674 1880
t 1660 1864 1879 1880
t 1674 1864 1880 1878
t 1660 1674 1864 1880
t 1661 1663 1676 1865
t 1663 1675 1676 1881
t 1663 1865 1867 1881
t 1676 1865 1881 1882
t 1663 1676 1865 1881
t 1663 1664 1675 1867
t 1664 1677 1675 1883
t 1664 1867 1868 1883
t 1675 1867 1883 1881
t 1664 1675 1867 1883
t 1664 1665 1677 1868
t 1665 1678 1677 1884
t 1665 1868 1869 1884
t 1677 1868 1884 1883
t 1665 1677 1868 1884
t 1665 1666 1678 1869
t 1666 1679 1678 1885
t 1666 1869 1870 1885
t 1678 1869 1885 1884
t 1666 1678 1869 1885
t 1666 1667 1679 1870
t 1667 1680 1679 1886
t 1667 1870 1871 1886
t 1679 1870 1886 1885
t 1667 1679 1870 1886
t 1667 1668 1680 1871
t 1668 1681 1680 1887
t 1668 1871 1872 1887
t 1680 1871 1887 1886
t 1668 1680 1871 1887
t 1668 1669 1681 1872
t 1669 1682 1681 1888
t 1669 1872 1873 1888
t 1681 1872 1888 1887
t 1669 1681 1872 1888
t 1669 1670 1682 1873
t 1670 1683 1682 1889
t 1670 1873 1874 1889
t 1682 1873 1889 1888
t 1670 1682 1873 1889
t 1670 1671 1683 1874
t 1671 1684 1683 1890
t 1671 1874 1875 1890
t 1683 1874 1890 1889
t 1671 1683 1874 1890
t 1671 1672 1684 1875
t 1672 1685 1684 1891
t 1672 1875 1876 1891
t 1684 1875 1891 1890
t 1672 1684 1875 1891
t 1672 1673 1685 1876
t 1673 1686 1685 1892
t 1673 1876 1877 1892
t 1685 1876 1892 1891
t 1673 1685 1876 1892
t 1673 1674 1686 1877
t 1674 1687 1686 1893
t 1674 1877 1878 1893
t 1686 1877 1893 1892
t 1674 1686 1877 1893
t 1674 1688 1687 1878
t 1688 1689 1687 1894
t 1688 1878 1880 1894
t 1687 1878 1894 1893
t 1688 1687 1878 1894
t 1676 1675 1691 1882
t 1675 1690 1691 1895
t 1675 1882 1881 1895
t 1691 1882 1895 1896
t 1675 1691 1882 1895
t 1675 1677 1690 1881
t 1677 1692 1690 1897
t 1677 1881 1883 1897
t 1690 1881 1897 1895
t 1677 1690 1881 1897
t 1677 1678 1692 1883
t 1678 1693 1692 1898
t 1678 1883 1884 1898
t 1692 1883 1898 1897
t 1678 1692 1883 1898
t 1678 1679 1693 1884
t 1679 1694 1693 1899
t 1679 1884 1885 1899
t 1693 1884 1899 1898
t 1679 1693 1884 1899
t 1679 1680 1694 1885
t 1680 1695 1694 1900
t 1680 1885 1886 1900
t 1694 1885 1900 1899
t 1680 1694 1885 1900
t 1680 1681 1695 1886
t 1681 1696 1695 1901
t 1681 1886 1887 1901
t 1695 1886 1901 1900
t 1681 1695 1886 1901
t 1681 1682 1696 1887
t 1682 1697 1696 1902
t 1682 1887 1888 1902
t 1696 1887 1902 1901
t 1682 1696 1887 1902
t 1682 1683 1697 1888
t 1683 1698 1697 1903
t 1683 1888 1889 1903
t 1697 1888 1903 1902
t 1683 1697 1888 1903
t 1683 1684 1698 1889
t 1684 1699 1698 1904
t 1684 1889 1890 1904
t 1698 1889 1904 1903
t 1684 1698 1889 1904
t 1684 1685 1699 1890
t 1685 1700 1699 1905
t 1685 1890 1891 1905
t 1699 1890 1905 1904
t 1685 1699 1890 1905
t 1685 1686 1700 1891
t 1686 1701 1700 1906
t 1686 1891 1892 1906
t 1700 1891 1906 1905
t 1686 1700 1891 1906
t 1686 1687 1701 1892
t 1687 1702 1701 1907
t 1687 1892 1893 1907
t 1701 1892 1907 1906
t 1687 1701 1892 1907
t 1687 1689 1702 1893
t 1689 1703 1702 1908
t 1689 1893 1894 1908
t 1702 1893 1908 1907
t 1689 1702 1893 1908
t 1691 1690 1705 1896
t 1690 1704 1705 1909
t 1690 1896 1895 1909
t 1705 1896 1909 1910
t 1690 1705 1896 1909
t 1690 1692 1704 1895
t 1692 1706 1704 1911
t 1692 1895 1897 1911
t 1704 1895 1911 1909
t 1692 1704 1895 1911
t 1692 1693 1706 1897
t 1693 1707 1706 1912
t 1693 1897 1898 1912
t 1706 1897 1912 1911
t 1693 1706 1897 1912
t 1693 1694 1707 1898
t 1694 1708 1707 1913
t 1694 1898 1899 1913
t 1707 1898 1913 1912
t 1694 1707 1898 1913
t 1694 1695 1708 1899
t 1695 1709 1708 1914
t 1695 1899 1900 1914
t 1708 1899 1914 1913
t 1695 1708 1899 1914
t 1695 1696 1709 1900
t 1696 1711 1709 1915
t 1696 1900 1901 1915
t 1709 1900 1915 1914
t 1696 1709 1900 1915
t 1696 1697 1711 1901
t 1697 1710 1711 1916
t 1697 1901 1902 1916
t 1711 1901 1916 1915
t 1697 1711 1901 1916
t 1697 1698 1710 1902
t 1698 1712 1710 1917
t 1698 1902 1903 1917
t 1710 1902 1917 1916
t 1698 1710 1902 1917
t 1698 1699 1712 1903
t 1699 1713 1712 1918
t 1699 1903 1904 1918
t 1712 1903 1918 1917
t 1699 1712 1903 1918
t 1699 1700 1713 1904
t 1700 1714 1713 1919
t 1700 1904 1905 1919
t 1713 1904 1919 1918
t 1700 1713 1904 1919
t 1700 1701 1714 1905
t 1701 1715 1714 1920
t 1701 1905 1906 1920
t 1714 1905 1920 1919
t 1701 1714 1905 1920
t 1701 1702 1715 1906
t 1702 1716 1715 1921
t 1702 1906 1907 1921
t 1715 1906 1921 1920
t 1702 1715 1906 1921
t 1702 1703 1716 1907
t 1703 1717 1716 1922
t 1703 1907 1908 1922
t 1716 1907 1922 1921
t 1703 1716 1907 1922
t 1705 1704 1723 1910
t 1704 1722 1723 1923
t 1704 1910 1909 1923
t 1723 1910 1923 1924
t 1704 1723 1910 1923
t 1704 1706 1722 1909
t 1706 1724 1722 1925
t 1706 1909 1911 1925
t 1722 1909 1925 1923
t 1706 1722 1909 1925
t 1706 1707 1724 1911
t 1707 1725 1724 1926
t 1707 1911 1912 1926
t 1724 1911 1926 1925
t 1707 1724 1911 1926
t 1707 1708 1725 1912
t 1708 1726 1725 1927
t 1708 1912 1913 1927
t 1725 1912 1927 1926
t 1708 1725 1912 1927
t 1708 1709 1726 1913
t 1709 1727 1726 1928
t 1709 1913 1914 1928
t 1726 1913 1928 1927
t 1709 1726 1913 1928
t 1709 1711 1727 1914
t 1711 1728 1727 1929
t 1711 1914 1915 1929
t 1727 1914 1929 1928
t 1711 1727 1914 1929
t 1711 1710 1728 1915
t 1710 1729 1728 1930
t 1710 1915 1916 1930
t 1728 1915 1930 1929
t 1710 1728 1915 1930
t 1710 1712 1729 1916
t 1712 1730 1729 1931
t 1712 1916 1917 1931
t 1729 1916 1931 1930
t 1712 1729 1916 1931
t 1712 1713 1730 1917
t 1713 1731 1730 1932
t 1713 1917 1918 1932
t 1730 1917 1932 1931
t 1713 1730 1917 1932
t 1713 1714 1731 1918
t 1714 1732 1731 1933
t 1714 1918 1919 1933
t 1731 1918 1933 1932
t 1714 1731 1918 1933
t 1714 1715 1732 1919
t 1715 1733 1732 1934
t 1715 1919 1920 1934
t 1732 1919 1934 1933
t 1715 1732 1919 1934
t 1715 1716 1733 1920
t 1716 1734 1733 1935
t 1716 1920 1921 1935
t 1733 1920 1935 1934
t 1716 1733 1920 1935
t 1716 1717 1734 1921
t 1717 1735 1734 1936
t 1717 1921 1922 1936
t 1734 1921 1936 1935
t 1717 1734 1921 1936
t 1723 1722 1737 1924
t 1722 1736 1737 1937
t 1722 1924 1923 1937
t 1737 1924 1937 1938
t 1722 1737 1924 1937
t 1722 1724 1736 1923
t 1724 1738 1736 1939
t 1724 1923 1925 1939
t 1736 1923 1939 1937
t 1724 1736 1923 1939
t 1724 1725 1738 1925
t 1725 1739 1738 1940
t 1725 1925 1926 1940
t 1738 1925 1940 1939
t 1725 1738 1925 1940
t 1725 1726 1739 1926
t 1726 1740 1739 1941
t 1726 1926 1927 1941
t 1739 1926 1941 1940
t 1726 1739 1926 1941
t 1726 1727 1740 1927
t 1727 1741 1740 1942
t 1727 1927 1928 1942
t 1740 1927 1942 1941
t 1727 1740 1927 1942
t 1727 1728 1741 1928
t 1728 1742 1741 1943
t 1728 1928 1929 1943
t 1741 1928 1943 1942
t 1728 1741 1928 1943
t 1728 1729 1742 1929
t 1729 1743 1742 1944
t 1729 1929 1930 1944
t 1742 1929 1944 1943
t 1729 1742 1929 1944
t 1729 1730 1743 1930
t 1730 1744 1743 1945
t 1730 1930 1931 1945
t 1743 1930 1945 1944
t 1730 1743 1930 1945
t 1730 1731 1744 1931
t 1731 1745 1744 1946
t 1731 1931 1932 1946
t 1744 1931 1946 1945
t 1731 1744 1931 1946
t 1731 1732 1745 1932
t 1732 1746 1745 1947
t 1732 1932 1933 1947
t 1745 1932 1947 1946
t 1732 1745 1932 1947
t 1732 1733 1746 1933
t 1733 1747 1746 1948
t 1733 1933 1934 1948
t 1746 1933 1948 1947
t 1733 1746 1933 1948
t 1733 1734 1747 1934
t 1734 1748 1747 1949
t 1734 1934 1935 1949
t 1747 1934 1949 1948
t 1734 1747 1934 1949
t 1734 1735 1748 1935
t 1735 1749 1748 1950
t 1735 1935 1936 1950
t 1748 1935 1950 1949
t 1735 1748 1935 1950
t 1737 1736 1751 1938
t 1736 1750 1751 1951
t 1736 1938 1937 1951
t 1751 1938 1951 1952
t 1736 1751 1938 1951
t 1736 1738 1750 1937
t 1738 1752 1750 1953
t 1738 1937 1939 1953
t 1750 1937 1953 1951
t 1738 1750 1937 1953
t 1738 1739 1752 1939
t 1739 1753 1752 1954
t 1739 1939 1940 1954
t 1752 1939 1954 1953
t 1739 1752 1939 1954
t 1739 1740 1753 1940
t 1740 1754 1753 1955
t 1740 1940 1941 1955
t 1753 1940 1955 1954
t 1740 1753 1940 1955
t 1740 1741 1754 1941
t 1741 1755 1754 1956
t 1741 1941 1942 1956
t 1754 1941 1956 1955
t 1741 1754 1941 1956
t 1741 1742 1755 1942
t 1742 1756 1755 1957
t 1742 1942 1943 1957
t 1755 1942 1957 1956
t 1742 1755 1942 1957
t 1742 1743 1756 1943
t 1743 1757 1756 1958
t 1743 1943 1944 1958
t 1756 1943 1958 1957
t 1743 1756 1943 1958
t 1743 1744 1757 1944
t 1744 1758 1757 1959
t 1744 1944 1945 1959
t 1757 1944 1959 1958
t 1744 1757 1944 1959
t 1744 1745 1758 1945
t 1745 1759 1758 1960
t 1745 1945 1946 1960
t 1758 1945 1960 1959
t 1745 1758 1945 1960
t 1745 1746 1759 1946
t 1746 1760 1759 1961
t 1746 1946 1947 1961
t 1759 1946 1961 1960
t 1746 1759 1946 1961
t 1746 1747 1760 1947
t 1747 1761 1760 1962
t 1747 1947 1948 1962
t 1760 1947 1962 1961
t 1747 1760 1947 1962
t 1747 1748 1761 1948
t 1748 1762 1761 1963
t 1748 1948 1949 1963
t 1761 1948 1963 1962
t 1748 1761 1948 1963
t 1748 1749 1762 1949
t 1749 1964 1762 1965
t 1749 1949 1950 1965
t 1762 1949 1965 1963
t 1749 1762 1949 1965
t 1751 1750 1764 1952
t 1750 1763 1764 1966
t 1750 1952 1951 1966
t 1764 1952 1966 1967
t 1750 1764 1952 1966
t 1750 1752 1763 1951
t 1752 1765 1763 1968
t 1752 1951 1953 1968
t 1763 1951 1968 1966
t 1752 1763 1951 1968
t 1752 1753 1765 1953
t 1753 1766 1765 1969
t 1753 1953 1954 1969
t 1765 1953 1969 1968
t 1753 1765 1953 1969
t 1753 1754 1766 1954
t 1754 1767 1766 1970
t 1754 1954 1955 1970
t 1766 1954 1970 1969
t 1754 1766 1954 1970
t 1754 1755 1767 1955
t 1755 1768 1767 1971
t 1755 1955 1956 1971
t 1767 1955 1971 1970
t 1755 1767 1955 1971
t 1755 1756 1768 1956
t 1756 1769 1768 1972
t 1756 1956 1957 1972
t 1768 1956 1972 1971
t 1756 1768 1956 1972
t 1756 1757 1769 1957
t 1757 1770 1769 1973
t 1757 1957 1958 1973
t 1769 1957 1973 1972
t 1757 1769 1957 1973
t 1757 1758 1770 1958
t 1758 1771 1770 1974
t 1758 1958 1959 1974
t 1770 1958 1974 1973
t 1758 1770 1958 1974
t 1758 1759 1771 1959
t 1759 1772 1771 1975
t 1759 1959 1960 1975
t 1771 1959 1975 1974
t 1759 1771 1959 1975
t 1759 1760 1772 1960
t 1760 1773 1772 1976
t 1760 1960 1961 1976
t 1772 1960 1976 1975
t 1760 1772 1960 1976
t 1760 1761 1773 1961
t 1761 1774 1773 1977
t 1761 1961 1962 1977
t 1773 1961 1977 1976
t 1761 1773 1961 1977
t 1761 1762 1774 1962
t 1762 1775 1774 1978
t 1762 1962 1963 1978
t 1774 1962 1978 1977
t 1762 1774 1962 1978
t 1763 1765 1777 1966
t 1765 1779 1777 1979
t 1765 1966 1968 1979
t 1777 1966 1979 1980
t 1765 1777 1966 1979
t 1765 1766 1779 1968
t 1766 1780 1779 1981
t 1766 1968 1969 1981
t 1779 1968 1981 1979
t 1766 1779 1968 1981
t 1766 1767 1780 1969
t 1767 1781 1780 1982
t 1767 1969 1970 1982
t 1780 1969 1982 1981
t 1767 1780 1969 1982
t 1767 1768 1781 1970
t 1768 1782 1781 1983
t 1768 1970 1971 1983
t 1781 1970 1983 1982
t 1768 1781 1970 1983
t 1768 1769 1782 1971
t 1769 1783 1782 1984
t 1769 1971 1972 1984
t 1782 1971 1984 1983
t 1769 1782 1971 1984
t 1769 1770 1783 1972
t 1770 1784 1783 1985
t 1770 1972 1973 1985
t 1783 1972 1985 1984
t 1770 1783 1972 1985
t 1770 1771 1784 1973
t 1771 1785 1784 1986
t 1771 1973 1974 1986
t 1784 1973 1986 1985
t 1771 1784 1973 1986
t 1771 1772 1785 1974
t 1772 1786 1785 1987
t 1772 1974 1975 1987
t 1785 1974 1987 1986
t 1772 1785 1974 1987
t 1772 1773 1786 1975
t 1773 1787 1786 1988
t 1773 1975 1976 1988
t 1786 1975 1988 1987
t 1773 1786 1975 1988
t 1773 1774 1787 1976
t 1774 1788 1787 1989
t 1774 1976 1977 1989
t 1787 1976 1989 1988
t 1774 1787 1976 1989
t 1774 1775 1788 1977
t 1775 1789 1788 1990
t 1775 1977 1978 1990
t 1788 1977 1990 1989
t 1775 1788 1977 1990
t 1783 1784 1991 1984
t 1784 1792 1991 1992
t 1784 1984 1985 1992
t 1991 1984 1992 1993
t 1784 1991 1984 1992
t 1784 1785 1792 1985
t 1785 1791 1792 1994
t 1785 1985 1986 1994
t 1792 1985 1994 1992
t 1785 1792 1985 1994
t 1785 1786 1791 1986
t 1786 1793 1791 1995
t 1786 1986 1987 1995
t 1791 1986 1995 1994
t 1786 1791 1986 1995
t 1786 1787 1793 1987
t 1787 1794 1793 1996
t 1787 1987 1988 1996
t 1793 1987 1996 1995
t 1787 1793 1987 1996
t 1787 1788 1794 1988
t 1788 1795 1794 1997
t 1788 1988 1989 1997
t 1794 1988 1997 1996
t 1788 1794 1988 1997
t 1796 1797 1799 1998
t 1797 1798 1799 2000
t 1797 1998 1999 2000
t 1799 1998 2000 2001
t 1797 1799 1998 2000
t 1804 1805 1807 2002
t 1805 1806 1807 2004
t 1805 2002 2003 2004
t 1807 2002 2004 2005
t 1805 1807 2002 2004
t 1805 1808 1806 2003
t 1808 1809 1806 2007
t 1808 2003 2006 2007
t 1806 2003 2007 2004
t 1808 1806 2003 2007
t 1808 1799 1809 2006
t 1799 1810 1809 2008
t 1799 2006 2001 2008
t 1809 2006 2008 2007
t 1799 1809 2006 2008
t 1799 1798 1810 2001
t 1798 1811 1810 2009
t 1798 2001 2000 2009
t 1810 2001 2009 2008
t 1798 1810 2001 2009
t 1798 1803 1811 2000
t 1803 1812 1811 2011
t 1803 2000 2010 2011
t 1811 2000 2011 2009
t 1803 1811 2000 2011
t 1803 1802 1812 2010
t 1802 1813 1812 2013
t 1802 2010 2012 2013
t 1812 2010 2013 2011
t 1802 1812 2010 2013
t 1802 1814 1813 2012
t 1814 1815 1813 2015
t 1814 2012 2014 2015
t 1813 2012 2015 2013
t 1814 1813 2012 2015
t 1814 1816 1815 2014
t 1816 1817 1815 2017
t 1816 2014 2016 2017
t 1815 2014 2017 2015
t 1816 1815 2014 2017
t 1816 1818 1817 2016
t 1818 1819 1817 2019
t 1818 2016 2018 2019
t 1817 2016 2019 2017
t 1818 1817 2016 2019
t 1821 1807 1822 2020
t 1807 1824 1822 2021
t 1807 2020 2005 2021
t 1822 2020 2021 2022
t 1807 1822 2020 2021
t 1807 1806 1824 2005
t 1806 1825 1824 2023
t 1806 2005 2004 2023
t 1824 2005 2023 2021
t 1806 1824 2005 2023
t 1806 1809 1825 2004
t 1809 1826 1825 2024
t 1809 2004 2007 2024
t 1825 2004 2024 2023
t 1809 1825 2004 2024
t 1809 1810 1826 2007
t 1810 1827 1826 2025
t 1810 2007 2008 2025
t 1826 2007 2025 2024
t 1810 1826 2007 2025
t 1810 1811 1827 2008
t 1811 1828 1827 2026
t 1811 2008 2009 2026
t 1827 2008 2026 2025
t 1811 1827 2008 2026
t 1811 1812 1828 2009
t 1812 1829 1828 2027
t 1812 2009 2011 2027
t 1828 2009 2027 2026
t 1812 1828 2009 2027
t 1812 1813 1829 2011
t 1813 1830 1829 2028
t 1813 2011 2013 2028
t 1829 2011 2028 2027
t 1813 1829 2011 2028
t 1813 1815 1830 2013
t 1815 1831 1830 2029
t 1815 2013 2015 2029
t 1830 2013 2029 2028
t 1815 1830 2013 2029
t 1815 1817 1831 2015
t 1817 1832 1831 2030
t 1817 2015 2017 2030
t 1831 2015 2030 2029
t 1817 1831 2015 2030
t 1817 1819 1832 2017
t 1819 1833 1832 2031
t 1819 2017 2019 2031
t 1832 2017 2031 2030
t 1819 1832 2017 2031
t 1819 1834 1833 2019
t 1834 1835 1833 2033
t 1834 2019 2032 2033
t 1833 2019 2033 2031
t 1834 1833 2019 2033
t 1823 1822 1837 2034
t 1822 1836 1837 2035
t 1822 2034 2022 2035
t 1837 2034 2035 2036
t 1822 1837 2034 2035
t 1822 1824 1836 2022
t 1824 1838 1836 2037
t 1824 2022 2021 2037
t 1836 2022 2037 2035
t 1824 1836 2022 2037
t 1824 1825 1838 2021
t 1825 1839 1838 2038
t 1825 2021 2023 2038
t 1838 2021 2038 2037
t 1825 1838 2021 2038
t 1825 1826 1839 2023
t 1826 1840 1839 2039
t 1826 2023 2024 2039
t 1839 2023 2039 2038
t 1826 1839 2023 2039
t 1826 1827 1840 2024
t 1827 1841 1840 2040
t 1827 2024 2025 2040
t 1840 2024 2040 2039
t 1827 1840 2024 2040
t 1827 1828 1841 2025
t 1828 1842 1841 2041
t 1828 2025 2026 2041
t 1841 2025 2041 2040
t 1828 1841 2025 2041
t 1828 1829 1842 2026
t 1829 1843 1842 2042
t 1829 2026 2027 2042
t 1842 2026 2042 2041
t 1829 1842 2026 2042
t 1829 1830 1843 2027
t 1830 1844 1843 2043
t 1830 2027 2028 2043
t 1843 2027 2043 2042
t 1830 1843 2027 2043
t 1830 1831 1844 2028
t 1831 1845 1844 2044
t 1831 2028 2029 2044
t 1844 2028 2044 2043
t 1831 1844 2028 2044
t 1831 1832 1845 2029
t 1832 1846 1845 2045
t 1832 2029 2030 2045
t 1845 2029 2045 2044
t 1832 1845 2029 2045
t 1832 1833 1846 2030
t 1833 1847 1846 2046
t 1833 2030 2031 2046
t 1846 2030 2046 2045
t 1833 1846 2030 2046
t 1833 1835 1847 2031
t 1835 1848 1847 2047
t 1835 2031 2033 2047
t 1847 2031 2047 2046
t 1835 1847 2031 2047
t 1837 1836 1852 2036
t 1836 1851 1852 2048
t 1836 2036 2035 2048
t 1852 2036 2048 2049
t 1836 1852 2036 2048
t 1836 1838 1851 2035
t 1838 1853 1851 2050
t 1838 2035 2037 2050
t 1851 2035 2050 2048
t 1838 1851 2035 2050
t 1838 1839 1853 2037
t 1839 1854 1853 2051
t 1839 2037 2038 2051
t 1853 2037 2051 2050
t 1839 1853 2037 2051
t 1839 1840 1854 2038
t 1840 1855 1854 2052
t 1840 2038 2039 2052
t 1854 2038 2052 2051
t 1840 1854 2038 2052
t 1840 1841 1855 2039
t 1841 1856 1855 2053
t 1841 2039 2040 2053
t 1855 2039 2053 2052
t 1841 1855 2039 2053
t 1841 1842 1856 2040
t 1842 1857 1856 2054
t 1842 2040 2041 2054
t 1856 2040 2054 2053
t 1842 1856 2040 2054
t 1842 1843 1857 2041
t 1843 1858 1857 2055
t 1843 2041 2042 2055
t 1857 2041 2055 2054
t 1843 1857 2041 2055
t 1843 1844 1858 2042
t 1844 1859 1858 2056
t 1844 2042 2043 2056
t 1858 2042 2056 2055
t 1844 1858 2042 2056
t 1844 1845 1859 2043
t 1845 1860 1859 2057
t 1845 2043 2044 2057
t 1859 2043 2057 2056
t 1845 1859 2043 2057
t 1845 1846 1860 2044
t 1846 1861 1860 2058
t 1846 2044 2045 2058
t 1860 2044 2058 2057
t 1846 1860 2044 2058
t 1846 1847 1861 2045
t 1847 1862 1861 2059
t 1847 2045 2046 2059
t 1861 2045 2059 2058
t 1847 1861 2045 2059
t 1847 1848 1862 2046
t 1848 1863 1862 2060
t 1848 2046 2047 2060
t 1862 2046 2060 2059
t 1848 1862 2046 2060
t 1848 1850 1863 2047
t 1850 1864 1863 2062
t 1850 2047 2061 2062
t 1863 2047 2062 2060
t 1850 1863 2047 2062
t 1852 1851 1866 2049
t 1851 1865 1866 2063
t 1851 2049 2048 2063
t 1866 2049 2063 2064
t 1851 1866 2049 2063
t 1851 1853 1865 2048
t 1853 1867 1865 2065
t 1853 2048 2050 2065
t 1865 2048 2065 2063
t 1853 1865 2048 2065
t 1853 1854 1867 2050
t 1854 1868 1867 2066
t 1854 2050 2051 2066
t 1867 2050 2066 2065
t 1854 1867 2050 2066
t 1854 1855 1868 2051
t 1855 1869 1868 2067
t 1855 2051 2052 2067
t 1868 2051 2067 2066
t 1855 1868 2051 2067
t 1855 1856 1869 2052
t 1856 1870 1869 2068
t 1856 2052 2053 2068
t 1869 2052 2068 2067
t 1856 1869 2052 2068
t 1856 1857 1870 2053
t 1857 1871 1870 2069
t 1857 2053 2054 2069
t 1870 2053 2069 2068
t 1857 1870 2053 2069
t 1857 1858 1871 2054
t 1858 1872 1871 2070
t 1858 2054 2055 2070
t 1871 2054 2070 2069
t 1858 1871 2054 2070
t 1858 1859 1872 2055
t 1859 1873 1872 2071
t 1859 2055 2056 2071
t 1872 2055 2071 2070
t 1859 1872 2055 2071
t 1859 1860 1873 2056
t 1860 1874 1873 2072
t 1860 2056 2057 2072
t 1873 2056 2072 2071
t 1860 1873 2056 2072
t 1860 1861 1874 2057
t 1861 1875 1874 2073
t 1861 2057 2058 2073
t 1874 2057 2073 2072
t 1861 1874 2057 2073
t 1861 1862 1875 2058
t 1862 1876 1875 2074
t 1862 2058 2059 2074
t 1875 2058 2074 2073
t 1862 1875 2058 2074
t 1862 1863 1876 2059
t 1863 1877 1876 2075
t 1863 2059 2060 2075
t 1876 2059 2075 2074
t 1863 1876 2059 2075
t 1863 1864 1877 2060
t 1864 1878 1877 2076
t 1864 2060 2062 2076
t 1877 2060 2076 2075
t 1864 1877 2060 2076
t 1864 1879 1878 2062
t 1879 1880 1878 2078
t 1879 2062 2077 2078
t 1878 2062 2078 2076
t 1879 1878 2062 2078
t 1865 1867 1882 2063
t 1867 1881 1882 2079
t 1867 2063 2065 2079
t 1882 2063 2079 2080
t 1867 1882 2063 2079
t 1867 1868 1881 2065
t 1868 1883 1881 2081
t 1868 2065 2066 2081
t 1881 2065 2081 2079
t 1868 1881 2065 2081
t 1868 1869 1883 2066
t 1869 1884 1883 2082
t 1869 2066 2067 2082
t 1883 2066 2082 2081
t 1869 1883 2066 2082
t 1869 1870 1884 2067
t 1870 1885 1884 2083
t 1870 2067 2068 2083
t 1884 2067 2083 2082
t 1870 1884 2067 2083
t 1870 1871 1885 2068
t 1871 1886 1885 2084
t 1871 2068 2069 2084
t 1885 2068 2084 2083
t 1871 1885 2068 2084
t 1871 1872 1886 2069
t 1872 1887 1886 2085
t 1872 2069 2070 2085
t 1886 2069 2085 2084
t 1872 1886 2069 2085
t 1872 1873 1887 2070
t 1873 1888 1887 2086
t 1873 2070 2071 2086
t 1887 2070 2086 2085
t 1873 1887 2070 2086
t 1873 1874 1888 2071
t 1874 1889 1888 2087
t 1874 2071 2072 2087
t 1888 2071 2087 2086
t 1874 1888 2071 2087
t 1874 1875 1889 2072
t 1875 1890 1889 2088
t 1875 2072 2073 2088
t 1889 2072 2088 2087
t 1875 1889 2072 2088
t 1875 1876 1890 2073
t 1876 1891 1890 2089
t 1876 2073 2074 2089
t 1890 2073 2089 2088
t 1876 1890 2073 2089
t 1876 1877 1891 2074
t 1877 1892 1891 2090
t 1877 2074 2075 2090
t 1891 2074 2090 2089
t 1877 1891 2074 2090
t 1877 1878 1892 2075
t 1878 1893 1892 2091
t 1878 2075 2076 2091
t 1892 2075 2091 2090
t 1878 1892 2075 2091
t 1878 1880 1893 2076
t 1880 1894 1893 2092
t 1880 2076 2078 2092
t 1893 2076 2092 2091
t 1880 1893 2076 2092
t 1882 1881 1896 2080
t 1881 1895 1896 2093
t 1881 2080 2079 2093
t 1896 2080 2093 2094
t 1881 1896 2080 2093
t 1881 1883 1895 2079
t 1883 1897 1895 2095
t 1883 2079 2081 2095
t 1895 2079 2095 2093
t 1883 1895 2079 2095
t 1883 1884 1897 2081
t 1884 1898 1897 2096
t 1884 2081 2082 2096
t 1897 2081 2096 2095
t 1884 1897 2081 2096
t 1884 1885 1898 2082
t 1885 1899 1898 2097
t 1885 2082 2083 2097
t 1898 2082 2097 2096
t 1885 1898 2082 2097
t 1885 1886 1899 2083
t 1886 1900 1899 2098
t 1886 2083 2084 2098
t 1899 2083 2098 2097
t 1886 1899 2083 2098
t 1886 1887 1900 2084
t 1887 1901 1900 2099
t 1887 2084 2085 2099
t 1900 2084 2099 2098
t 1887 1900 2084 2099
t 1887 1888 1901 2085
t 1888 1902 1901 2100
t 1888 2085 2086 2100
t 1901 2085 2100 2099
t 1888 1901 2085 2100
t 1888 1889 1902 2086
t 1889 1903 1902 2101
t 1889 2086 2087 2101
t 1902 2086 2101 2100
t 1889 1902 2086 2101
t 1889 1890 1903 2087
t 1890 1904 1903 2102
t 1890 2087 2088 2102
t 1903 2087 2102 2101
t 1890 1903 2087 2102
t 1890 1891 1904 2088
t 1891 1905 1904 2103
t 1891 2088 2089 2103
t 1904 2088 2103 2102
t 1891 1904 2088 2103
t 1891 1892 1905 2089
t 1892 1906 1905 2104
t 1892 2089 2090 2104
t 1905 2089 2104 2103
t 1892 1905 2089 2104
t 1892 1893 1906 2090
t 1893 1907 1906 2105
t 1893 2090 2091 2105
t 1906 2090 2105 2104
t 1893 1906 2090 2105
t 1893 1894 1907 2091
t 1894 1908 1907 2106
t 1894 2091 2092 2106
t 1907 2091 2106 2105
t 1894 1907 2091 2106
t 1896 1895 1910 2094
t 1895 1909 1910 2107
t 1895 2094 2093 2107
t 1910 2094 2107 2108
t 1895 1910 2094 2107
t 1895 1897 1909 2093
t 1897 1911 1909 2109
t 1897 2093 2095 2109
t 1909 2093 2109 2107
t 1897 1909 2093 2109
t 1897 1898 1911 2095
t 1898 1912 1911 2110
t 1898 2095 2096 2110
t 1911 2095 2110 2109
t 1898 1911 2095 2110
t 1898 1899 1912 2096
t 1899 1913 1912 2111
t 1899 2096 2097 2111
t 1912 2096 2111 2110
t 1899 1912 2096 2111
t 1899 1900 1913 2097
t 1900 1914 1913 2112
t 1900 2097 2098 2112
t 1913 2097 2112 2111
t 1900 1913 2097 2112
t 1900 1901 1914 2098
t 1901 1915 1914 2113
t 1901 2098 2099 2113
t 1914 2098 2113 2112
t 1901 1914 2098 2113
t 1901 1902 1915 2099
t 1902 1916 1915 2114
t 1902 2099 2100 2114
t 1915 2099 2114 2113
t 1902 1915 2099 2114
t 1902 1903 1916 2100
t 1903 1917 1916 2115
t 1903 2100 2101 2115
t 1916 2100 2115 2114
t 1903 1916 2100 2115
t 1903 1904 1917 2101
t 1904 1918 1917 2116
t 1904 2101 2102 2116
t 1917 2101 2116 2115
t 1904 1917 2101 2116
t 1904 1905 1918 2102
t 1905 1919 1918 2117
t 1905 2102 2103 2117
t 1918 2102 2117 2116
t 1905 1918 2102 2117
t 1905 1906 1919 2103
t 1906 1920 1919 2118
t 1906 2103 2104 2118
t 1919 2103 2118 2117
t 1906 1919 2103 2118
t 1906 1907 1920 2104
t 1907 1921 1920 2119
t 1907 2104 2105 2119
t 1920 2104 2119 2118
t 1907 1920 2104 2119
t 1907 1908 1921 2105
t 1908 1922 1921 2120
t 1908 2105 2106 2120
t 1921 2105 2120 2119
t 1908 1921 2105 2120
t 1910 1909 1924 2108
t 1909 1923 1924 2121
t 1909 2108 2107 2121
t 1924 2108 2121 2122
t 1909 1924 2108 2121
t 1909 1911 1923 2107
t 1911 1925 1923 2123
t 1911 2107 2109 2123
t 1923 2107 2123 2121
t 1911 1923 2107 2123
t 1911 1912 1925 2109
t 1912 1926 1925 2124
t 1912 2109 2110 2124
t 1925 2109 2124 2123
t 1912 1925 2109 2124
t 1912 1913 1926 2110
t 1913 1927 1926 2125
t 1913 2110 2111 2125
t 1926 2110 2125 2124
t 1913 1926 2110 2125
t 1913 1914 1927 2111
t 1914 1928 1927 2126
t 1914 2111 2112 2126
t 1927 2111 2126 2125
t 1914 1927 2111 2126
t 1914 1915 1928 2112
t 1915 1929 1928 2127
t 1915 2112 2113 2127
t 1928 2112 2127 2126
t 1915 1928 2112 2127
t 1915 1916 1929 2113
t 1916 1930 1929 2128
t 1916 2113 2114 2128
t 1929 2113 2128 2127
t 1916 1929 2113 2128
t 1916 1917 1930 2114
t 1917 1931 1930 2129
t 1917 2114 2115 2129
t 1930 2114 2129 2128
t 1917 1930 2114 2129
t 1917 1918 1931 2115
t 1918 1932 1931 2130
t 1918 2115 2116 2130
t 1931 2115 2130 2129
t 1918 1931 2115 2130
t 1918 1919 1932 2116
t 1919 1933 1932 2131
t 1919 2116 2117 2131
t 1932 2116 2131 2130
t 1919 1932 2116 2131
t 1919 1920 1933 2117
t 1920 1934 1933 2132
t 1920 2117 2118 2132
t 1933 2117 2132 2131
t 1920 1933 2117 2132
t 1920 1921 1934 2118
t 1921 1935 1934 2133
t 1921 2118 2119 2133
t 1934 2118 2133 2132
t 1921 1934 2118 2133
t 1921 1922 1935 2119
t 1922 1936 1935 2134
t 1922 2119 2120 2134
t 1935 2119 2134 2133
t 1922 1935 2119 2134
t 1924 1923 1938 2122
t 1923 1937 1938 2135
t 1923 2122 2121 2135
t 1938 2122 2135 2136
t 1923 1938 2122 2135
t 1923 1925 1937 2121
t 1925 1939 1937 2137
t 1925 2121 2123 2137
t 1937 2121 2137 2135
t 1925 1937 2121 2137
t 1925 1926 1939 2123
t 1926 1940 1939 2138
t 1926 2123 2124 2138
t 1939 2123 2138 2137
t 1926 1939 2123 2138
t 1926 1927 1940 2124
t 1927 1941 1940 2139
t 1927 2124 2125 2139
t 1940 2124 2139 2138
t 1927 1940 2124 2139
t 1927 1928 1941 2125
t 1928 1942 1941 2140
t 1928 2125 2126 2140
t 1941 2125 2140 2139
t 1928 1941 2125 2140
t 1928 1929 1942 2126
t 1929 1943 1942 2141
t 1929 2126 2127 2141
t 1942 2126 2141 2140
t 1929 1942 2126 2141
t 1929 1930 1943 2127
t 1930 1944 1943 2142
t 1930 2127 2128 2142
t 1943 2127 2142 2141
t 1930 1943 2127 2142
t 1930 1931 1944 2128
t 1931 1945 1944 2143
t 1931 2128 2129 2143
t 1944 2128 2143 2142
t 1931 1944 2128 2143
t 1931 1932 1945 2129
t 1932 1946 1945 2144
t 1932 2129 2130 2144
t 1945 2129 2144 2143
t 1932 1945 2129 2144
t 1932 1933 1946 2130
t 1933 1947 1946 2145
t 1933 2130 2131 2145
t 1946 2130 2145 2144
t 1933 1946 2130 2145
t 1933 1934 1947 2131
t 1934 1948 1947 2146
t 1934 2131 2132 2146
t 1947 2131 2146 2145
t 1934 1947 2131 2146
t 1934 1935 1948 2132
t 1935 1949 1948 2147
t 1935 2132 2133 2147
t 1948 2132 2147 2146
t 1935 1948 2132 2147
t 1938 1937 1952 2136
t 1937 1951 1952 2148
t 1937 2136 2135 2148
t 1952 2136 2148 2149
t 1937 1952 2136 2148
t 1937 1939 1951 2135
t 1939 1953 1951 2150
t 1939 2135 2137 2150
t 1951 2135 2150 2148
t 1939 1951 2135 2150
t 1939 1940 1953 2137
t 1940 1954 1953 2151
t 1940 2137 2138 2151
t 1953 2137 2151 2150
t 1940 1953 2137 2151
t 1940 1941 1954 2138
t 1941 1955 1954 2152
t 1941 2138 2139 2152
t 1954 2138 2152 2151
t 1941 1954 2138 2152
t 1941 1942 1955 2139
t 1942 1956 1955 2153
t 1942 2139 2140 2153
t 1955 2139 2153 2152
t 1942 1955 2139 2153
t 1942 1943 1956 2140
t 1943 1957 1956 2154
t 1943 2140 2141 2154
t 1956 2140 2154 2153
t 1943 1956 2140 2154
t 1943 1944 1957 2141
t 1944 1958 1957 2155
t 1944 2141 2142 2155
t 1957 2141 2155 2154
t 1944 1957 2141 2155
t 1944 1945 1958 2142
t 1945 1959 1958 2156
t 1945 2142 2143 2156
t 1958 2142 2156 2155
t 1945 1958 2142 2156
t 1945 1946 1959 2143
t 1946 1960 1959 2157
t 1946 2143 2144 2157
t 1959 2143 2157 2156
t 1946 1959 2143 2157
t 1946 1947 1960 2144
t 1947 1961 1960 2158
t 1947 2144 2145 2158
t 1960 2144 2158 2157
t 1947 1960 2144 2158
t 1947 1948 1961 2145
t 1948 1962 1961 2159
t 1948 2145 2146 2159
t 1961 2145 2159 2158
t 1948 1961 2145 2159
t 1948 1949 1962 2146
t 1949 1963 1962 2160
t 1949 2146 2147 2160
t 1962 2146 2160 2159
t 1949 1962 2146 2160
t 1951 1953 1966 2148
t 1953 1968 1966 2161
t 1953 2148 2150 2161
t 1966 2148 2161 2162
t 1953 1966 2148 2161
t 1953 1954 1968 2150
t 1954 1969 1968 2163
t 1954 2150 2151 2163
t 1968 2150 2163 2161
t 1954 1968 2150 2163
t 1954 1955 1969 2151
t 1955 1970 1969 2164
t 1955 2151 2152 2164
t 1969 2151 2164 2163
t 1955 1969 2151 2164
t 1955 1956 1970 2152
t 1956 1971 1970 2165
t 1956 2152 2153 2165
t 1970 2152 2165 2164
t 1956 1970 2152 2165
t 1956 1957 1971 2153
t 1957 1972 1971 2166
t 1957 2153 2154 2166
t 1971 2153 2166 2165
t 1957 1971 2153 2166
t 1957 1958 1972 2154
t 1958 1973 1972 2167
t 1958 2154 2155 2167
t 1972 2154 2167 2166
t 1958 1972 2154 2167
t 1958 1959 1973 2155
t 1959 1974 1973 2168
t 1959 2155 2156 2168
t 1973 2155 2168 2167
t 1959 1973 2155 2168
t 1959 1960 1974 2156
t 1960 1975 1974 2169
t 1960 2156 2157 2169
t 1974 2156 2169 2168
t 1960 1974 2156 2169
t 1960 1961 1975 2157
t 1961 1976 1975 2170
t 1961 2157 2158 2170
t 1975 2157 2170 2169
t 1961 1975 2157 2170
t 1961 1962 1976 2158
t 1962 1977 1976 2171
t 1962 2158 2159 2171
t 1976 2158 2171 2170
t 1962 1976 2158 2171
t 1962 1963 1977 2159
t 1963 1978 1977 2172
t 1963 2159 2160 2172
t 1977 2159 2172 2171
t 1963 1977 2159 2172
t 1968 1969 1979 2161
t 1969 1981 1979 2173
t 1969 2161 2163 2173
t 1979 2161 2173 2174
t 1969 1979 2161 2173
t 1969 1970 1981 2163
t 1970 1982 1981 2175
t 1970 2163 2164 2175
t 1981 2163 2175 2173
t 1970 1981 2163 2175
t 1970 1971 1982 2164
t 1971 1983 1982 2176
t 1971 2164 2165 2176
t 1982 2164 2176 2175
t 1971 1982 2164 2176
t 1971 1972 1983 2165
t 1972 1984 1983 2177
t 1972 2165 2166 2177
t 1983 2165 2177 2176
t 1972 1983 2165 2177
t 1972 1973 1984 2166
t 1973 1985 1984 2178
t 1973 2166 2167 2178
t 1984 2166 2178 2177
t 1973 1984 2166 2178
t 1973 1974 1985 2167
t 1974 1986 1985 2179
t 1974 2167 2168 2179
t 1985 2167 2179 2178
t 1974 1985 2167 2179
t 1974 1975 1986 2168
t 1975 1987 1986 2180
t 1975 2168 2169 2180
t 1986 2168 2180 2179
t 1975 1986 2168 2180
t 1975 1976 1987 2169
t 1976 1988 1987 2181
t 1976 2169 2170 2181
t 1987 2169 2181 2180
t 1976 1987 2169 2181
t 1976 1977 1988 2170
t 1977 1989 1988 2182
t 1977 2170 2171 2182
t 1988 2170 2182 2181
t 1977 1988 2170 2182
t 1977 1978 1989 2171
t 1978 1990 1989 2183
t 1978 2171 2172 2183
t 1989 2171 2183 2182
t 1978 1989 2171 2183
t 1985 1986 1992 2178
t 1986 1994 1992 2184
t 1986 2178 2179 2184
t 1992 2178 2184 2185
t 1986 1992 2178 2184
t 1986 1987 1994 2179
t 1987 1995 1994 2186
t 1987 2179 2180 2186
t 1994 2179 2186 2184
t 1987 1994 2179 2186
t 1987 1988 1995 2180
t 1988 1996 1995 2187
t 1988 2180 2181 2187
t 1995 2180 2187 2186
t 1988 1995 2180 2187
t 1988 1989 1996 2181
t 1989 1997 1996 2188
t 1989 2181 2182 2188
t 1996 2181 2188 2187
t 1989 1996 2181 2188
t 2003 2006 2004 2189
t 2006 2007 2004 2191
t 2006 2189 2190 2191
t 2004 2189 2191 2192
t 2006 2004 2189 2191
t 2006 2001 2007 2190
t 2001 2008 2007 2194
t 2001 2190 2193 2194
t 2007 2190 2194 2191
t 2001 2007 2190 2194
t 2001 2000 2008 2193
t 2000 2009 2008 2196
t 2000 2193 2195 2196
t 2008 2193 2196 2194
t 2000 2008 2193 2196
t 2000 2010 2009 2195
t 2010 2011 2009 2198
t 2010 2195 2197 2198
t 2009 2195 2198 2196
t 2010 2009 2195 2198
t 2010 2012 2011 2197
t 2012 2013 2011 2200
t 2012 2197 2199 2200
t 2011 2197 2200 2198
t 2012 2011 2197 2200
t 2012 2014 2013 2199
t 2014 2015 2013 2202
t 2014 2199 2201 2202
t 2013 2199 2202 2200
t 2014 2013 2199 2202
t 2014 2016 2015 2201
t 2016 2017 2015 2204
t 2016 2201 2203 2204
t 2015 2201 2204 2202
t 2016 2015 2201 2204
t 2020 2005 2022 2205
t 2005 2021 2022 2207
t 2005 2205 2206 2207
t 2022 2205 2207 2208
t 2005 2022 2205 2207
t 2005 2004 2021 2206
t 2004 2023 2021 2209
t 2004 2206 2192 2209
t 2021 2206 2209 2207
t 2004 2021 2206 2209
t 2004 2007 2023 2192
t 2007 2024 2023 2210
t 2007 2192 2191 2210
t 2023 2192 2210 2209
t 2007 2023 2192 2210
t 2007 2008 2024 2191
t 2008 2025 2024 2211
t 2008 2191 2194 2211
t 2024 2191 2211 2210
t 2008 2024 2191 2211
t 2008 2009 2025 2194
t 2009 2026 2025 2212
t 2009 2194 2196 2212
t 2025 2194 2212 2211
t 2009 2025 2194 2212
t 2009 2011 2026 2196
t 2011 2027 2026 2213
t 2011 2196 2198 2213
t 2026 2196 2213 2212
t 2011 2026 2196 2213
t 2011 2013 2027 2198
t 2013 2028 2027 2214
t 2013 2198 2200 2214
t 2027 2198 2214 2213
t 2013 2027 2198 2214
t 2013 2015 2028 2200
t 2015 2029 2028 2215
t 2015 2200 2202 2215
t 2028 2200 2215 2214
t 2015 2028 2200 2215
t 2015 2017 2029 2202
t 2017 2030 2029 2216
t 2017 2202 2204 2216
t 2029 2202 2216 2215
t 2017 2029 2202 2216
t 2017 2019 2030 2204
t 2019 2031 2030 2218
t 2019 2204 2217 2218
t 2030 2204 2218 2216
t 2019 2030 2204 2218
t 2034 2022 2036 2219
t 2022 2035 2036 2220
t 2022 2219 2208 2220
t 2036 2219 2220 2221
t 2022 2036 2219 2220
t 2022 2021 2035 2208
t 2021 2037 2035 2222
t 2021 2208 2207 2222
t 2035 2208 2222 2220
t 2021 2035 2208 2222
t 2021 2023 2037 2207
t 2023 2038 2037 2223
t 2023 2207 2209 2223
t 2037 2207 2223 2222
t 2023 2037 2207 2223
t 2023 2024 2038 2209
t 2024 2039 2038 2224
t 2024 2209 2210 2224
t 2038 2209 2224 2223
t 2024 2038 2209 2224
t 2024 2025 2039 2210
t 2025 2040 2039 2225
t 2025 2210 2211 2225
t 2039 2210 2225 2224
t 2025 2039 2210 2225
t 2025 2026 2040 2211
t 2026 2041 2040 2226
t 2026 2211 2212 2226
t 2040 2211 2226 2225
t 2026 2040 2211 2226
t 2026 2027 2041 2212
t 2027 2042 2041 2227
t 2027 2212 2213 2227
t 2041 2212 2227 2226
t 2027 2041 2212 2227
t 2027 2028 2042 2213
t 2028 2043 2042 2228
t 2028 2213 2214 2228
t 2042 2213 2228 2227
t 2028 2042 2213 2228
t 2028 2029 2043 2214
t 2029 2044 2043 2229
t 2029 2214 2215 2229
t 2043 2214 2229 2228
t 2029 2043 2214 2229
t 2029 2030 2044 2215
t 2030 2045 2044 2230
t 2030 2215 2216 2230
t 2044 2215 2230 2229
t 2030 2044 2215 2230
t 2030 2031 2045 2216
t 2031 2046 2045 2231
t 2031 2216 2218 2231
t 2045 2216 2231 2230
t 2031 2045 2216 2231
t 2036 2035 2049 2221
t 2035 2048 2049 2232
t 2035 2221 2220 2232
t 2049 2221 2232 2233
t 2035 2049 2221 2232
t 2035 2037 2048 2220
t 2037 2050 2048 2234
t 2037 2220 2222 2234
t 2048 2220 2234 2232
t 2037 2048 2220 2234
t 2037 2038 2050 2222
t 2038 2051 2050 2235
t 2038 2222 2223 2235
t 2050 2222 2235 2234
t 2038 2050 2222 2235
t 2038 2039 2051 2223
t 2039 2052 2051 2236
t 2039 2223 2224 2236
t 2051 2223 2236 2235
t 2039 2051 2223 2236
t 2039 2040 2052 2224
t 2040 2053 2052 2237
t 2040 2224 2225 2237
t 2052 2224 2237 2236
t 2040 2052 2224 2237
t 2040 2041 2053 2225
t 2041 2054 2053 2238
t 2041 2225 2226 2238
t 2053 2225 2238 2237
t 2041 2053 2225 2238
t 2041 2042 2054 2226
t 2042 2055 2054 2239
t 2042 2226 2227 2239
t 2054 2226 2239 2238
t 2042 2054 2226 2239
t 2042 2043 2055 2227
t 2043 2056 2055 2240
t 2043 2227 2228 2240
t 2055 2227 2240 2239
t 2043 2055 2227 2240
t 2043 2044 2056 2228
t 2044 2057 2056 2241
t 2044 2228 2229 2241
t 2056 2228 2241 2240
t 2044 2056 2228 2241
t 2044 2045 2057 2229
t 2045 2058 2057 2242
t 2045 2229 2230 2242
t 2057 2229 2242 2241
t 2045 2057 2229 2242
t 2045 2046 2058 2230
t 2046 2059 2058 2243
t 2046 2230 2231 2243
t 2058 2230 2243 2242
t 2046 2058 2230 2243
t 2046 2047 2059 2231
t 2047 2060 2059 2245
t 2047 2231 2244 2245
t 2059 2231 2245 2243
t 2047 2059 2231 2245
t 2048 2050 2063 2232
t 2050 2065 2063 2246
t 2050 2232 2234 2246
t 2063 2232 2246 2247
t 2050 2063 2232 2246
t 2050 2051 2065 2234
t 2051 2066 2065 2248
t 2051 2234 2235 2248
t 2065 2234 2248 2246
t 2051 2065 2234 2248
t 2051 2052 2066 2235
t 2052 2067 2066 2249
t 2052 2235 2236 2249
t 2066 2235 2249 2248
t 2052 2066 2235 2249
t 2052 2053 2067 2236
t 2053 2068 2067 2250
t 2053 2236 2237 2250
t 2067 2236 2250 2249
t 2053 2067 2236 2250
t 2053 2054 2068 2237
t 2054 2069 2068 2251
t 2054 2237 2238 2251
t 2068 2237 2251 2250
t 2054 2068 2237 2251
t 2054 2055 2069 2238
t 2055 2070 2069 2252
t 2055 2238 2239 2252
t 2069 2238 2252 2251
t 2055 2069 2238 2252
t 2055 2056 2070 2239
t 2056 2071 2070 2253
t 2056 2239 2240 2253
t 2070 2239 2253 2252
t 2056 2070 2239 2253
t 2056 2057 2071 2240
t 2057 2072 2071 2254
t 2057 2240 2241 2254
t 2071 2240 2254 2253
t 2057 2071 2240 2254
t 2057 2058 2072 2241
t 2058 2073 2072 2255
t 2058 2241 2242 2255
t 2072 2241 2255 2254
t 2058 2072 2241 2255
t 2058 2059 2073 2242
t 2059 2074 2073 2256
t 2059 2242 2243 2256
t 2073 2242 2256 2255
t 2059 2073 2242 2256
t 2059 2060 2074 2243
t 2060 2075 2074 2257
t 2060 2243 2245 2257
t 2074 2243 2257 2256
t 2060 2074 2243 2257
t 2060 2062 2075 2245
t 2062 2076 2075 2259
t 2062 2245 2258 2259
t 2075 2245 2259 2257
t 2062 2075 2245 2259
t 2063 2065 2080 2247
t 2065 2079 2080 2260
t 2065 2247 2246 2260
t 2080 2247 2260 2261
t 2065 2080 2247 2260
t 2065 2066 2079 2246
t 2066 2081 2079 2262
t 2066 2246 2248 2262
t 2079 2246 2262 2260
t 2066 2079 2246 2262
t 2066 2067 2081 2248
t 2067 2082 2081 2263
t 2067 2248 2249 2263
t 2081 2248 2263 2262
t 2067 2081 2248 2263
t 2067 2068 2082 2249
t 2068 2083 2082 2264
t 2068 2249 2250 2264
t 2082 2249 2264 2263
t 2068 2082 2249 2264
t 2068 2069 2083 2250
t 2069 2084 2083 2265
t 2069 2250 2251 2265
t 2083 2250 2265 2264
t 2069 2083 2250 2265
t 2069 2070 2084 2251
t 2070 2085 2084 2266
t 2070 2251 2252 2266
t 2084 2251 2266 2265
t 2070 2084 2251 2266
t 2070 2071 2085 2252
t 2071 2086 2085 2267
t 2071 2252 2253 2267
t 2085 2252 2267 2266
t 2071 2085 2252 2267
t 2071 2072 2086 2253
t 2072 2087 2086 2268
t 2072 2253 2254 2268
t 2086 2253 2268 2267
t 2072 2086 2253 2268
t 2072 2073 2087 2254
t 2073 2088 2087 2269
t 2073 2254 2255 2269
t 2087 2254 2269 2268
t 2073 2087 2254 2269
t 2073 2074 2088 2255
t 2074 2089 2088 2270
t 2074 2255 2256 2270
t 2088 2255 2270 2269
t 2074 2088 2255 2270
t 2074 2075 2089 2256
t 2075 2090 2089 2271
t 2075 2256 2257 2271
t 2089 2256 2271 2270
t 2075 2089 2256 2271
t 2075 2076 2090 2257
t 2076 2091 2090 2272
t 2076 2257 2259 2272
t 2090 2257 2272 2271
t 2076 2090 2257 2272
t 2080 2079 2094 2261
t 2079 2093 2094 2273
t 2079 2261 2260 2273
t 2094 2261 2273 2274
t 2079 2094 2261 2273
t 2079 2081 2093 2260
t 2081 2095 2093 2275
t 2081 2260 2262 2275
t 2093 2260 2275 2273
t 2081 2093 2260 2275
t 2081 2082 2095 2262
t 2082 2096 2095 2276
t 2082 2262 2263 2276
t 2095 2262 2276 2275
t 2082 2095 2262 2276
t 2082 2083 2096 2263
t 2083 2097 2096 2277
t 2083 2263 2264 2277
t 2096 2263 2277 2276
t 2083 2096 2263 2277
t 2083 2084 2097 2264
t 2084 2098 2097 2278
t 2084 2264 2265 2278
t 2097 2264 2278 2277
t 2084 2097 2264 2278
t 2084 2085 2098 2265
t 2085 2099 2098 2279
t 2085 2265 2266 2279
t 2098 2265 2279 2278
t 2085 2098 2265 2279
t 2085 2086 2099 2266
t 2086 2100 2099 2280
t 2086 2266 2267 2280
t 2099 2266 2280 2279
t 2086 2099 2266 2280
t 2086 2087 2100 2267
t 2087 2101 2100 2281
t 2087 2267 2268 2281
t 2100 2267 2281 2280
t 2087 2100 2267 2281
t 2087 2088 2101 2268
t 2088 2102 2101 2282
t 2088 2268 2269 2282
t 2101 2268 2282 2281
t 2088 2101 2268 2282
t 2088 2089 2102 2269
t 2089 2103 2102 2283
t 2089 2269 2270 2283
t 2102 2269 2283 2282
t 2089 2102 2269 2283
t 2089 2090 2103 2270
t 2090 2104 2103 2284
t 2090 2270 2271 2284
t 2103 2270 2284 2283
t 2090 2103 2270 2284
t 2090 2091 2104 2271
t 2091 2105 2104 2285
t 2091 2271 2272 2285
t 2104 2271 2285 2284
t 2091 2104 2271 2285
t 2093 2095 2107 2273
t 2095 2109 2107 2286
t 2095 2273 2275 2286
t 2107 2273 2286 2287
t 2095 2107 2273 2286
t 2095 2096 2109 2275
t 2096 2110 2109 2288
t 2096 2275 2276 2288
t 2109 2275 2288 2286
t 2096 2109 2275 2288
t 2096 2097 2110 2276
t 2097 2111 2110 2289
t 2097 2276 2277 2289
t 2110 2276 2289 2288
t 2097 2110 2276 2289
t 2097 2098 2111 2277
t 2098 2112 2111 2290
t 2098 2277 2278 2290
t 2111 2277 2290 2289
t 2098 2111 2277 2290
t 2098 2099 2112 2278
t 2099 2113 2112 2291
t 2099 2278 2279 2291
t 2112 2278 2291 2290
t 2099 2112 2278 2291
t 2099 2100 2113 2279
t 2100 2114 2113 2292
t 2100 2279 2280 2292
t 2113 2279 2292 2291
t 2100 2113 2279 2292
t 2100 2101 2114 2280
t 2101 2115 2114 2293
t 2101 2280 2281 2293
t 2114 2280 2293 2292
t 2101 2114 2280 2293
t 2101 2102 2115 2281
t 2102 2116 2115 2294
t 2102 2281 2282 2294
t 2115 2281 2294 2293
t 2102 2115 2281 2294
t 2102 2103 2116 2282
t 2103 2117 2116 2295
t 2103 2282 2283 2295
t 2116 2282 2295 2294
t 2103 2116 2282 2295
t 2103 2104 2117 2283
t 2104 2118 2117 2296
t 2104 2283 2284 2296
t 2117 2283 2296 2295
t 2104 2117 2283 2296
t 2104 2105 2118 2284
t 2105 2119 2118 2297
t 2105 2284 2285 2297
t 2118 2284 2297 2296
t 2105 2118 2284 2297
t 2107 2109 2121 2287
t 2109 2123 2121 2298
t 2109 2287 2286 2298
t 2121 2287 2298 2299
t 2109 2121 2287 2298
t 2109 2110 2123 2286
t 2110 2124 2123 2300
t 2110 2286 2288 2300
t 2123 2286 2300 2298
t 2110 2123 2286 2300
t 2110 2111 2124 2288
t 2111 2125 2124 2301
t 2111 2288 2289 2301
t 2124 2288 2301 2300
t 2111 2124 2288 2301
t 2111 2112 2125 2289
t 2112 2126 2125 2302
t 2112 2289 2290 2302
t 2125 2289 2302 2301
t 2112 2125 2289 2302
t 2112 2113 2126 2290
t 2113 2127 2126 2303
t 2113 2290 2291 2303
t 2126 2290 2303 2302
t 2113 2126 2290 2303
t 2113 2114 2127 2291
t 2114 2128 2127 2304
t 2114 2291 2292 2304
t 2127 2291 2304 2303
t 2114 2127 2291 2304
t 2114 2115 2128 2292
t 2115 2129 2128 2305
t 2115 2292 2293 2305
t 2128 2292 2305 2304
t 2115 2128 2292 2305
t 2115 2116 2129 2293
t 2116 2130 2129 2306
t 2116 2293 2294 2306
t 2129 2293 2306 2305
t 2116 2129 2293 2306
t 2116 2117 2130 2294
t 2117 2131 2130 2307
t 2117 2294 2295 2307
t 2130 2294 2307 2306
t 2117 2130 2294 2307
t 2117 2118 2131 2295
t 2118 2132 2131 2308
t 2118 2295 2296 2308
t 2131 2295 2308 2307
t 2118 2131 2295 2308
t 2118 2119 2132 2296
t 2119 2133 2132 2309
t 2119 2296 2297 2309
t 2132 2296 2309 2308
t 2119 2132 2296 2309
t 2121 2123 2135 2299
t 2123 2137 2135 2310
t 2123 2299 2298 2310
t 2135 2299 2310 2311
t 2123 2135 2299 2310
t 2123 2124 2137 2298
t 2124 2138 2137 2312
t 2124 2298 2300 2312
t 2137 2298 2312 2310
t 2124 2137 2298 2312
t 2124 2125 2138 2300
t 2125 2139 2138 2313
t 2125 2300 2301 2313
t 2138 2300 2313 2312
t 2125 2138 2300 2313
t 2125 2126 2139 2301
t 2126 2140 2139 2314
t 2126 2301 2302 2314
t 2139 2301 2314 2313
t 2126 2139 2301 2314
t 2126 2127 2140 2302
t 2127 2141 2140 2315
t 2127 2302 2303 2315
t 2140 2302 2315 2314
t 2127 2140 2302 2315
t 2127 2128 2141 2303
t 2128 2142 2141 2316
t 2128 2303 2304 2316
t 2141 2303 2316 2315
t 2128 2141 2303 2316
t 2128 2129 2142 2304
t 2129 2143 2142 2317
t 2129 2304 2305 2317
t 2142 2304 2317 2316
t 2129 2142 2304 2317
t 2129 2130 2143 2305
t 2130 2144 2143 2318
t 2130 2305 2306 2318
t 2143 2305 2318 2317
t 2130 2143 2305 2318
t 2130 2131 2144 2306
t 2131 2145 2144 2319
t 2131 2306 2307 2319
t 2144 2306 2319 2318
t 2131 2144 2306 2319
t 2131 2132 2145 2307
t 2132 2146 2145 2320
t 2132 2307 2308 2320
t 2145 2307 2320 2319
t 2132 2145 2307 2320
t 2132 2133 2146 2308
t 2133 2147 2146 2321
t 2133 2308 2309 2321
t 2146 2308 2321 2320
t 2133 2146 2308 2321
t 2135 2137 2148 2311
t 2137 2150 2148 2322
t 2137 2311 2310 2322
t 2148 2311 2322 2323
t 2137 2148 2311 2322
t 2137 2138 2150 2310
t 2138 2151 2150 2324
t 2138 2310 2312 2324
t 2150 2310 2324 2322
t 2138 2150 2310 2324
t 2138 2139 2151 2312
t 2139 2152 2151 2325
t 2139 2312 2313 2325
t 2151 2312 2325 2324
t 2139 2151 2312 2325
t 2139 2140 2152 2313
t 2140 2153 2152 2326
t 2140 2313 2314 2326
t 2152 2313 2326 2325
t 2140 2152 2313 2326
t 2140 2141 2153 2314
t 2141 2154 2153 2327
t 2141 2314 2315 2327
t 2153 2314 2327 2326
t 2141 2153 2314 2327
t 2141 2142 2154 2315
t 2142 2155 2154 2328
t 2142 2315 2316 2328
t 2154 2315 2328 2327
t 2142 2154 2315 2328
t 2142 2143 2155 2316
t 2143 2156 2155 2329
t 2143 2316 2317 2329
t 2155 2316 2329 2328
t 2143 2155 2316 2329
t 2143 2144 2156 2317
t 2144 2157 2156 2330
t 2144 2317 2318 2330
t 2156 2317 2330 2329
t 2144 2156 2317 2330
t 2144 2145 2157 2318
t 2145 2158 2157 2331
t 2145 2318 2319 2331
t 2157 2318 2331 2330
t 2145 2157 2318 2331
t 2145 2146 2158 2319
t 2146 2159 2158 2332
t 2146 2319 2320 2332
t 2158 2319 2332 2331
t 2146 2158 2319 2332
t 2146 2147 2159 2320
t 2147 2160 2159 2333
t 2147 2320 2321 2333
t 2159 2320 2333 2332
t 2147 2159 2320 2333
t 2150 2151 2161 2322
t 2151 2163 2161 2334
t 2151 2322 2324 2334
t 2161 2322 2334 2335
t 2151 2161 2322 2334
t 2151 2152 2163 2324
t 2152 2164 2163 2336
t 2152 2324 2325 2336
t 2163 2324 2336 2334
t 2152 2163 2324 2336
t 2152 2153 2164 2325
t 2153 2165 2164 2337
t 2153 2325 2326 2337
t 2164 2325 2337 2336
t 2153 2164 2325 2337
t 2153 2154 2165 2326
t 2154 2166 2165 2338
t 2154 2326 2327 2338
t 2165 2326 2338 2337
t 2154 2165 2326 2338
t 2154 2155 2166 2327
t 2155 2167 2166 2339
t 2155 2327 2328 2339
t 2166 2327 2339 2338
t 2155 2166 2327 2339
t 2155 2156 2167 2328
t 2156 2168 2167 2340
t 2156 2328 2329 2340
t 2167 2328 2340 2339
t 2156 2167 2328 2340
t 2156 2157 2168 2329
t 2157 2169 2168 2341
t 2157 2329 2330 2341
t 2168 2329 2341 2340
t 2157 2168 2329 2341
t 2157 2158 2169 2330
t 2158 2170 2169 2342
t 2158 2330 2331 2342
t 2169 2330 2342 2341
t 2158 2169 2330 2342
t 2158 2159 2170 2331
t 2159 2171 2170 2343
t 2159 2331 2332 2343
t 2170 2331 2343 2342
t 2159 2170 2331 2343
t 2159 2160 2171 2332
t 2160 2172 2171 2344
t 2160 2332 2333 2344
t 2171 2332 2344 2343
t 2160 2171 2332 2344
t 2163 2164 2173 2334
t 2164 2175 2173 2345
t 2164 2334 2336 2345
t 2173 2334 2345 2346
t 2164 2173 2334 2345
t 2164 2165 2175 2336
t 2165 2176 2175 2347
t 2165 2336 2337 2347
t 2175 2336 2347 2345
t 2165 2175 2336 2347
t 2165 2166 2176 2337
t 2166 2177 2176 2348
t 2166 2337 2338 2348
t 2176 2337 2348 2347
t 2166 2176 2337 2348
t 2166 2167 2177 2338
t 2167 2178 2177 2349
t 2167 2338 2339 2349
t 2177 2338 2349 2348
t 2167 2177 2338 2349
t 2167 2168 2178 2339
t 2168 2179 2178 2350
t 2168 2339 2340 2350
t 2178 2339 2350 2349
t 2168 2178 2339 2350
t 2168 2169 2179 2340
t 2169 2180 2179 2351
t 2169 2340 2341 2351
t 2179 2340 2351 2350
t 2169 2179 2340 2351
t 2169 2170 2180 2341
t 2170 2181 2180 2352
t 2170 2341 2342 2352
t 2180 2341 2352 2351
t 2170 2180 2341 2352
t 2170 2171 2181 2342
t 2171 2182 2181 2353
t 2171 2342 2343 2353
t 2181 2342 2353 2352
t 2171 2181 2342 2353
t 2180 2181 2186 2351
t 2181 2187 2186 2354
t 2181 2351 2352 2354
t 2186 2351 2354 2355
t 2181 2186 2351 2354
t 2181 2182 2187 2352
t 2182 2188 2187 2356
t 2182 2352 2353 2356
t 2187 2352 2356 2354
t 2182 2187 2352 2356
t 2190 2193 2191 2357
t 2193 2194 2191 2359
t 2193 2357 2358 2359
t 2191 2357 2359 2360
t 2193 2191 2357 2359
t 2197 2199 2198 2361
t 2199 2200 2198 2363
t 2199 2361 2362 2363
t 2198 2361 2363 2364
t 2199 2198 2361 2363
t 2199 2201 2200 2362
t 2201 2202 2200 2366
t 2201 2362 2365 2366
t 2200 2362 2366 2363
t 2201 2200 2362 2366
t 2206 2192 2207 2367
t 2192 2209 2207 2369
t 2192 2367 2368 2369
t 2207 2367 2369 2370
t 2192 2207 2367 2369
t 2192 2191 2209 2368
t 2191 2210 2209 2371
t 2191 2368 2360 2371
t 2209 2368 2371 2369
t 2191 2209 2368 2371
t 2191 2194 2210 2360
t 2194 2211 2210 2372
t 2194 2360 2359 2372
t 2210 2360 2372 2371
t 2194 2210 2360 2372
t 2194 2196 2211 2359
t 2196 2212 2211 2374
t 2196 2359 2373 2374
t 2211 2359 2374 2372
t 2196 2211 2359 2374
t 2196 2198 2212 2373
t 2198 2213 2212 2375
t 2198 2373 2364 2375
t 2212 2373 2375 2374
t 2198 2212 2373 2375
t 2198 2200 2213 2364
t 2200 2214 2213 2376
t 2200 2364 2363 2376
t 2213 2364 2376 2375
t 2200 2213 2364 2376
t 2200 2202 2214 2363
t 2202 2215 2214 2377
t 2202 2363 2366 2377
t 2214 2363 2377 2376
t 2202 2214 2363 2377
t 2202 2204 2215 2366
t 2204 2216 2215 2379
t 2204 2366 2378 2379
t 2215 2366 2379 2377
t 2204 2215 2366 2379
t 2208 2207 2220 2380
t 2207 2222 2220 2381
t 2207 2380 2370 2381
t 2220 2380 2381 2382
t 2207 2220 2380 2381
t 2207 2209 2222 2370
t 2209 2223 2222 2383
t 2209 2370 2369 2383
t 2222 2370 2383 2381
t 2209 2222 2370 2383
t 2209 2210 2223 2369
t 2210 2224 2223 2384
t 2210 2369 2371 2384
t 2223 2369 2384 2383
t 2210 2223 2369 2384
t 2210 2211 2224 2371
t 2211 2225 2224 2385
t 2211 2371 2372 2385
t 2224 2371 2385 2384
t 2211 2224 2371 2385
t 2211 2212 2225 2372
t 2212 2226 2225 2386
t 2212 2372 2374 2386
t 2225 2372 2386 2385
t 2212 2225 2372 2386
t 2212 2213 2226 2374
t 2213 2227 2226 2387
t 2213 2374 2375 2387
t 2226 2374 2387 2386
t 2213 2226 2374 2387
t 2213 2214 2227 2375
t 2214 2228 2227 2388
t 2214 2375 2376 2388
t 2227 2375 2388 2387
t 2214 2227 2375 2388
t 2214 2215 2228 2376
t 2215 2229 2228 2389
t 2215 2376 2377 2389
t 2228 2376 2389 2388
t 2215 2228 2376 2389
t 2215 2216 2229 2377
t 2216 2230 2229 2390
t 2216 2377 2379 2390
t 2229 2377 2390 2389
t 2216 2229 2377 2390
t 2220 2222 2232 2382
t 2222 2234 2232 2391
t 2222 2382 2381 2391
t 2232 2382 2391 2392
t 2222 2232 2382 2391
t 2222 2223 2234 2381
t 2223 2235 2234 2393
t 2223 2381 2383 2393
t 2234 2381 2393 2391
t 2223 2234 2381 2393
t 2223 2224 2235 2383
t 2224 2236 2235 2394
t 2224 2383 2384 2394
t 2235 2383 2394 2393
t 2224 2235 2383 2394
t 2224 2225 2236 2384
t 2225 2237 2236 2395
t 2225 2384 2385 2395
t 2236 2384 2395 2394
t 2225 2236 2384 2395
t 2225 2226 2237 2385
t 2226 2238 2237 2396
t 2226 2385 2386 2396
t 2237 2385 2396 2395
t 2226 2237 2385 2396
t 2226 2227 2238 2386
t 2227 2239 2238 2397
t 2227 2386 2387 2397
t 2238 2386 2397 2396
t 2227 2238 2386 2397
t 2227 2228 2239 2387
t 2228 2240 2239 2398
t 2228 2387 2388 2398
t 2239 2387 2398 2397
t 2228 2239 2387 2398
t 2228 2229 2240 2388
t 2229 2241 2240 2399
t 2229 2388 2389 2399
t 2240 2388 2399 2398
t 2229 2240 2388 2399
t 2229 2230 2241 2389
t 2230 2242 2241 2400
t 2230 2389 2390 2400
t 2241 2389 2400 2399
t 2230 2241 2389 2400
t 2230 2231 2242 2390
t 2231 2243 2242 2402
t 2231 2390 2401 2402
t 2242 2390 2402 2400
t 2231 2242 2390 2402
t 2231 2244 2243 2401
t 2244 2245 2243 2404
t 2244 2401 2403 2404
t 2243 2401 2404 2402
t 2244 2243 2401 2404
t 2232 2234 2247 2392
t 2234 2246 2247 2405
t 2234 2392 2391 2405
t 2247 2392 2405 2406
t 2234 2247 2392 2405
t 2234 2235 2246 2391
t 2235 2248 2246 2407
t 2235 2391 2393 2407
t 2246 2391 2407 2405
t 2235 2246 2391 2407
t 2235 2236 2248 2393
t 2236 2249 2248 2408
t 2236 2393 2394 2408
t 2248 2393 2408 2407
t 2236 2248 2393 2408
t 2236 2237 2249 2394
t 2237 2250 2249 2409
t 2237 2394 2395 2409
t 2249 2394 2409 2408
t 2237 2249 2394 2409
t 2237 2238 2250 2395
t 2238 2251 2250 2410
t 2238 2395 2396 2410
t 2250 2395 2410 2409
t 2238 2250 2395 2410
t 2238 2239 2251 2396
t 2239 2252 2251 2411
t 2239 2396 2397 2411
t 2251 2396 2411 2410
t 2239 2251 2396 2411
t 2239 2240 2252 2397
t 2240 2253 2252 2412
t 2240 2397 2398 2412
t 2252 2397 2412 2411
t 2240 2252 2397 2412
t 2240 2241 2253 2398
t 2241 2254 2253 2413
t 2241 2398 2399 2413
t 2253 2398 2413 2412
t 2241 2253 2398 2413
t 2241 2242 2254 2399
t 2242 2255 2254 2414
t 2242 2399 2400 2414
t 2254 2399 2414 2413
t 2242 2254 2399 2414
t 2242 2243 2255 2400
t 2243 2256 2255 2415
t 2243 2400 2402 2415
t 2255 2400 2415 2414
t 2243 2255 2400 2415
t 2243 2245 2256 2402
t 2245 2257 2256 2416
t 2245 2402 2404 2416
t 2256 2402 2416 2415
t 2245 2256 2402 2416
t 2246 2248 2260 2405
t 2248 2262 2260 2417
t 2248 2405 2407 2417
t 2260 2405 2417 2418
t 2248 2260 2405 2417
t 2248 2249 2262 2407
t 2249 2263 2262 2419
t 2249 2407 2408 2419
t 2262 2407 2419 2417
t 2249 2262 2407 2419
t 2249 2250 2263 2408
t 2250 2264 2263 2420
t 2250 2408 2409 2420
t 2263 2408 2420 2419
t 2250 2263 2408 2420
t 2250 2251 2264 2409
t 2251 2265 2264 2421
t 2251 2409 2410 2421
t 2264 2409 2421 2420
t 2251 2264 2409 2421
t 2251 2252 2265 2410
t 2252 2266 2265 2422
t 2252 2410 2411 2422
t 2265 2410 2422 2421
t 2252 2265 2410 2422
t 2252 2253 2266 2411
t 2253 2267 2266 2423
t 2253 2411 2412 2423
t 2266 2411 2423 2422
t 2253 2266 2411 2423
t 2253 2254 2267 2412
t 2254 2268 2267 2424
t 2254 2412 2413 2424
t 2267 2412 2424 2423
t 2254 2267 2412 2424
t 2254 2255 2268 2413
t 2255 2269 2268 2425
t 2255 2413 2414 2425
t 2268 2413 2425 2424
t 2255 2268 2413 2425
t 2255 2256 2269 2414
t 2256 2270 2269 2426
t 2256 2414 2415 2426
t 2269 2414 2426 2425
t 2256 2269 2414 2426
t 2256 2257 2270 2415
t 2257 2271 2270 2427
t 2257 2415 2416 2427
t 2270 2415 2427 2426
t 2257 2270 2415 2427
t 2257 2259 2271 2416
t 2259 2272 2271 2429
t 2259 2416 2428 2429
t 2271 2416 2429 2427
t 2259 2271 2416 2429
t 2260 2262 2273 2418
t 2262 2275 2273 2430
t 2262 2418 2417 2430
t 2273 2418 2430 2431
t 2262 2273 2418 2430
t 2262 2263 2275 2417
t 2263 2276 2275 2432
t 2263 2417 2419 2432
t 2275 2417 2432 2430
t 2263 2275 2417 2432
t 2263 2264 2276 2419
t 2264 2277 2276 2433
t 2264 2419 2420 2433
t 2276 2419 2433 2432
t 2264 2276 2419 2433
t 2264 2265 2277 2420
t 2265 2278 2277 2434
t 2265 2420 2421 2434
t 2277 2420 2434 2433
t 2265 2277 2420 2434
t 2265 2266 2278 2421
t 2266 2279 2278 2435
t 2266 2421 2422 2435
t 2278 2421 2435 2434
t 2266 2278 2421 2435
t 2266 2267 2279 2422
t 2267 2280 2279 2436
t 2267 2422 2423 2436
t 2279 2422 2436 2435
t 2267 2279 2422 2436
t 2267 2268 2280 2423
t 2268 2281 2280 2437
t 2268 2423 2424 2437
t 2280 2423 2437 2436
t 2268 2280 2423 2437
t 2268 2269 2281 2424
t 2269 2282 2281 2438
t 2269 2424 2425 2438
t 2281 2424 2438 2437
t 2269 2281 2424 2438
t 2269 2270 2282 2425
t 2270 2283 2282 2439
t 2270 2425 2426 2439
t 2282 2425 2439 2438
t 2270 2282 2425 2439
t 2270 2271 2283 2426
t 2271 2284 2283 2440
t 2271 2426 2427 2440
t 2283 2426 2440 2439
t 2271 2283 2426 2440
t 2271 2272 2284 2427
t 2272 2285 2284 2441
t 2272 2427 2429 2441
t 2284 2427 2441 2440
t 2272 2284 2427 2441
t 2273 2275 2287 2431
t 2275 2286 2287 2442
t 2275 2431 2430 2442
t 2287 2431 2442 2443
t 2275 2287 2431 2442
t 2275 2276 2286 2430
t 2276 2288 2286 2444
t 2276 2430 2432 2444
t 2286 2430 2444 2442
t 2276 2286 2430 2444
t 2276 2277 2288 2432
t 2277 2289 2288 2445
t 2277 2432 2433 2445
t 2288 2432 2445 2444
t 2277 2288 2432 2445
t 2277 2278 2289 2433
t 2278 2290 2289 2446
t 2278 2433 2434 2446
t 2289 2433 2446 2445
t 2278 2289 2433 2446
t 2278 2279 2290 2434
t 2279 2291 2290 2447
t 2279 2434 2435 2447
t 2290 2434 2447 2446
t 2279 2290 2434 2447
t 2279 2280 2291 2435
t 2280 2292 2291 2448
t 2280 2435 2436 2448
t 2291 2435 2448 2447
t 2280 2291 2435 2448
t 2280 2281 2292 2436
t 2281 2293 2292 2449
t 2281 2436 2437 2449
t 2292 2436 2449 2448
t 2281 2292 2436 2449
t 2281 2282 2293 2437
t 2282 2294 2293 2450
t 2282 2437 2438 2450
t 2293 2437 2450 2449
t 2282 2293 2437 2450
t 2282 2283 2294 2438
t 2283 2295 2294 2451
t 2283 2438 2439 2451
t 2294 2438 2451 2450
t 2283 2294 2438 2451
t 2283 2284 2295 2439
t 2284 2296 2295 2452
t 2284 2439 2440 2452
t 2295 2439 2452 2451
t 2284 2295 2439 2452
t 2286 2288 2298 2442
t 2288 2300 2298 2453
t 2288 2442 2444 2453
t 2298 2442 2453 2454
t 2288 2298 2442 2453
t 2288 2289 2300 2444
t 2289 2301 2300 2455
t 2289 2444 2445 2455
t 2300 2444 2455 2453
t 2289 2300 2444 2455
t 2289 2290 2301 2445
t 2290 2302 2301 2456
t 2290 2445 2446 2456
t 2301 2445 2456 2455
t 2290 2301 2445 2456
t 2290 2291 2302 2446
t 2291 2303 2302 2457
t 2291 2446 2447 2457
t 2302 2446 2457 2456
t 2291 2302 2446 2457
t 2291 2292 2303 2447
t 2292 2304 2303 2458
t 2292 2447 2448 2458
t 2303 2447 2458 2457
t 2292 2303 2447 2458
t 2292 2293 2304 2448
t 2293 2305 2304 2459
t 2293 2448 2449 2459
t 2304 2448 2459 2458
t 2293 2304 2448 2459
t 2293 2294 2305 2449
t 2294 2306 2305 2460
t 2294 2449 2450 2460
t 2305 2449 2460 2459
t 2294 2305 2449 2460
t 2294 2295 2306 2450
t 2295 2307 2306 2461
t 2295 2450 2451 2461
t 2306 2450 2461 2460
t 2295 2306 2450 2461
t 2295 2296 2307 2451
t 2296 2308 2307 2462
t 2296 2451 2452 2462
t 2307 2451 2462 2461
t 2296 2307 2451 2462
t 2298 2300 2310 2454
t 2300 2312 2310 2463
t 2300 2454 2453 2463
t 2310 2454 2463 2464
t 2300 2310 2454 2463
t 2300 2301 2312 2453
t 2301 2313 2312 2465
t 2301 2453 2455 2465
t 2312 2453 2465 2463
t 2301 2312 2453 2465
t 2301 2302 2313 2455
t 2302 2314 2313 2466
t 2302 2455 2456 2466
t 2313 2455 2466 2465
t 2302 2313 2455 2466
t 2302 2303 2314 2456
t 2303 2315 2314 2467
t 2303 2456 2457 2467
t 2314 2456 2467 2466
t 2303 2314 2456 2467
t 2303 2304 2315 2457
t 2304 2316 2315 2468
t 2304 2457 2458 2468
t 2315 2457 2468 2467
t 2304 2315 2457 2468
t 2304 2305 2316 2458
t 2305 2317 2316 2469
t 2305 2458 2459 2469
t 2316 2458 2469 2468
t 2305 2316 2458 2469
t 2305 2306 2317 2459
t 2306 2318 2317 2470
t 2306 2459 2460 2470
t 2317 2459 2470 2469
t 2306 2317 2459 2470
t 2306 2307 2318 2460
t 2307 2319 2318 2471
t 2307 2460 2461 2471
t 2318 2460 2471 2470
t 2307 2318 2460 2471
t 2307 2308 2319 2461
t 2308 2320 2319 2472
t 2308 2461 2462 2472
t 2319 2461 2472 2471
t 2308 2319 2461 2472
t 2310 2312 2322 2464
t 2312 2324 2322 2473
t 2312 2464 2463 2473
t 2322 2464 2473 2474
t 2312 2322 2464 2473
t 2312 2313 2324 2463
t 2313 2325 2324 2475
t 2313 2463 2465 2475
t 2324 2463 2475 2473
t 2313 2324 2463 2475
t 2313 2314 2325 2465
t 2314 2326 2325 2476
t 2314 2465 2466 2476
t 2325 2465 2476 2475
t 2314 2325 2465 2476
t 2314 2315 2326 2466
t 2315 2327 2326 2477
t 2315 2466 2467 2477
t 2326 2466 2477 2476
t 2315 2326 2466 2477
t 2315 2316 2327 2467
t 2316 2328 2327 2478
t 2316 2467 2468 2478
t 2327 2467 2478 2477
t 2316 2327 2467 2478
t 2316 2317 2328 2468
t 2317 2329 2328 2479
t 2317 2468 2469 2479
t 2328 2468 2479 2478
t 2317 2328 2468 2479
t 2317 2318 2329 2469
t 2318 2330 2329 2480
t 2318 2469 2470 2480
t 2329 2469 2480 2479
t 2318 2329 2469 2480
t 2318 2319 2330 2470
t 2319 2331 2330 2481
t 2319 2470 2471 2481
t 2330 2470 2481 2480
t 2319 2330 2470 2481
t 2319 2320 2331 2471
t 2320 2332 2331 2482
t 2320 2471 2472 2482
t 2331 2471 2482 2481
t 2320 2331 2471 2482
t 2322 2324 2335 2474
t 2324 2334 2335 2483
t 2324 2474 2473 2483
t 2335 2474 2483 2484
t 2324 2335 2474 2483
t 2324 2325 2334 2473
t 2325 2336 2334 2485
t 2325 2473 2475 2485
t 2334 2473 2485 2483
t 2325 2334 2473 2485
t 2325 2326 2336 2475
t 2326 2337 2336 2486
t 2326 2475 2476 2486
t 2336 2475 2486 2485
t 2326 2336 2475 2486
t 2326 2327 2337 2476
t 2327 2338 2337 2487
t 2327 2476 2477 2487
t 2337 2476 2487 2486
t 2327 2337 2476 2487
t 2327 2328 2338 2477
t 2328 2339 2338 2488
t 2328 2477 2478 2488
t 2338 2477 2488 2487
t 2328 2338 2477 2488
t 2328 2329 2339 2478
t 2329 2340 2339 2489
t 2329 2478 2479 2489
t 2339 2478 2489 2488
t 2329 2339 2478 2489
t 2329 2330 2340 2479
t 2330 2341 2340 2490
t 2330 2479 2480 2490
t 2340 2479 2490 2489
t 2330 2340 2479 2490
t 2330 2331 2341 2480
t 2331 2342 2341 2491
t 2331 2480 2481 2491
t 2341 2480 2491 2490
t 2331 2341 2480 2491
t 2331 2332 2342 2481
t 2332 2343 2342 2492
t 2332 2481 2482 2492
t 2342 2481 2492 2491
t 2332 2342 2481 2492
t 2334 2336 2346 2483
t 2336 2345 2346 2493
t 2336 2483 2485 2493
t 2346 2483 2493 2494
t 2336 2346 2483 2493
t 2336 2337 2345 2485
t 2337 2347 2345 2495
t 2337 2485 2486 2495
t 2345 2485 2495 2493
t 2337 2345 2485 2495
t 2337 2338 2347 2486
t 2338 2348 2347 2496
t 2338 2486 2487 2496
t 2347 2486 2496 2495
t 2338 2347 2486 2496
t 2338 2339 2348 2487
t 2339 2349 2348 2497
t 2339 2487 2488 2497
t 2348 2487 2497 2496
t 2339 2348 2487 2497
t 2339 2340 2349 2488
t 2340 2350 2349 2498
t 2340 2488 2489 2498
t 2349 2488 2498 2497
t 2340 2349 2488 2498
t 2340 2341 2350 2489
t 2341 2351 2350 2499
t 2341 2489 2490 2499
t 2350 2489 2499 2498
t 2341 2350 2489 2499
t 2341 2342 2351 2490
t 2342 2352 2351 2500
t 2342 2490 2491 2500
t 2351 2490 2500 2499
t 2342 2351 2490 2500
t 2342 2343 2352 2491
t 2343 2353 2352 2501
t 2343 2491 2492 2501
t 2352 2491 2501 2500
t 2343 2352 2491 2501
t 2368 2360 2369 2502
t 2360 2371 2369 2504
t 2360 2502 2503 2504
t 2369 2502 2504 2505
t 2360 2369 2502 2504
t 2360 2359 2371 2503
t 2359 2372 2371 2507
t 2359 2503 2506 2507
t 2371 2503 2507 2504
t 2359 2371 2503 2507
t 2359 2373 2372 2506
t 2373 2374 2372 2509
t 2373 2506 2508 2509
t 2372 2506 2509 2507
t 2373 2372 2506 2509
t 2370 2369 2381 2510
t 2369 2383 2381 2511
t 2369 2510 2505 2511
t 2381 2510 2511 2512
t 2369 2381 2510 2511
t 2369 2371 2383 2505
t 2371 2384 2383 2513
t 2371 2505 2504 2513
t 2383 2505 2513 2511
t 2371 2383 2505 2513
t 2371 2372 2384 2504
t 2372 2385 2384 2514
t 2372 2504 2507 2514
t 2384 2504 2514 2513
t 2372 2384 2504 2514
t 2372 2374 2385 2507
t 2374 2386 2385 2515
t 2374 2507 2509 2515
t 2385 2507 2515 2514
t 2374 2385 2507 2515
t 2374 2375 2386 2509
t 2375 2387 2386 2517
t 2375 2509 2516 2517
t 2386 2509 2517 2515
t 2375 2386 2509 2517
t 2376 2377 2388 2518
t 2377 2389 2388 2520
t 2377 2518 2519 2520
t 2388 2518 2520 2521
t 2377 2388 2518 2520
t 2381 2383 2391 2512
t 2383 2393 2391 2522
t 2383 2512 2511 2522
t 2391 2512 2522 2523
t 2383 2391 2512 2522
t 2383 2384 2393 2511
t 2384 2394 2393 2524
t 2384 2511 2513 2524
t 2393 2511 2524 2522
t 2384 2393 2511 2524
t 2384 2385 2394 2513
t 2385 2395 2394 2525
t 2385 2513 2514 2525
t 2394 2513 2525 2524
t 2385 2394 2513 2525
t 2385 2386 2395 2514
t 2386 2396 2395 2526
t 2386 2514 2515 2526
t 2395 2514 2526 2525
t 2386 2395 2514 2526
t 2386 2387 2396 2515
t 2387 2397 2396 2527
t 2387 2515 2517 2527
t 2396 2515 2527 2526
t 2387 2396 2515 2527
t 2387 2388 2397 2517
t 2388 2398 2397 2528
t 2388 2517 2521 2528
t 2397 2517 2528 2527
t 2388 2397 2517 2528
t 2388 2389 2398 2521
t 2389 2399 2398 2529
t 2389 2521 2520 2529
t 2398 2521 2529 2528
t 2389 2398 2521 2529
t 2391 2393 2405 2523
t 2393 2407 2405 2530
t 2393 2523 2522 2530
t 2405 2523 2530 2531
t 2393 2405 2523 2530
t 2393 2394 2407 2522
t 2394 2408 2407 2532
t 2394 2522 2524 2532
t 2407 2522 2532 2530
t 2394 2407 2522 2532
t 2394 2395 2408 2524
t 2395 2409 2408 2533
t 2395 2524 2525 2533
t 2408 2524 2533 2532
t 2395 2408 2524 2533
t 2395 2396 2409 2525
t 2396 2410 2409 2534
t 2396 2525 2526 2534
t 2409 2525 2534 2533
t 2396 2409 2525 2534
t 2396 2397 2410 2526
t 2397 2411 2410 2535
t 2397 2526 2527 2535
t 2410 2526 2535 2534
t 2397 2410 2526 2535
t 2397 2398 2411 2527
t 2398 2412 2411 2536
t 2398 2527 2528 2536
t 2411 2527 2536 2535
t 2398 2411 2527 2536
t 2398 2399 2412 2528
t 2399 2413 2412 2537
t 2399 2528 2529 2537
t 2412 2528 2537 2536
t 2399 2412 2528 2537
t 2399 2400 2413 2529
t 2400 2414 2413 2539
t 2400 2529 2538 2539
t 2413 2529 2539 2537
t 2400 2413 2529 2539
t 2400 2402 2414 2538
t 2402 2415 2414 2541
t 2402 2538 2540 2541
t 2414 2538 2541 2539
t 2402 2414 2538 2541
t 2407 2408 2417 2530
t 2408 2419 2417 2542
t 2408 2530 2532 2542
t 2417 2530 2542 2543
t 2408 2417 2530 2542
t 2408 2409 2419 2532
t 2409 2420 2419 2544
t 2409 2532 2533 2544
t 2419 2532 2544 2542
t 2409 2419 2532 2544
t 2409 2410 2420 2533
t 2410 2421 2420 2545
t 2410 2533 2534 2545
t 2420 2533 2545 2544
t 2410 2420 2533 2545
t 2410 2411 2421 2534
t 2411 2422 2421 2546
t 2411 2534 2535 2546
t 2421 2534 2546 2545
t 2411 2421 2534 2546
t 2411 2412 2422 2535
t 2412 2423 2422 2547
t 2412 2535 2536 2547
t 2422 2535 2547 2546
t 2412 2422 2535 2547
t 2412 2413 2423 2536
t 2413 2424 2423 2548
t 2413 2536 2537 2548
t 2423 2536 2548 2547
t 2413 2423 2536 2548
t 2413 2414 2424 2537
t 2414 2425 2424 2549
t 2414 2537 2539 2549
t 2424 2537 2549 2548
t 2414 2424 2537 2549
t 2414 2415 2425 2539
t 2415 2426 2425 2550
t 2415 2539 2541 2550
t 2425 2539 2550 2549
t 2415 2425 2539 2550
t 2415 2416 2426 2541
t 2416 2427 2426 2552
t 2416 2541 2551 2552
t 2426 2541 2552 2550
t 2416 2426 2541 2552
t 2419 2420 2432 2542
t 2420 2433 2432 2553
t 2420 2542 2544 2553
t 2432 2542 2553 2554
t 2420 2432 2542 2553
t 2420 2421 2433 2544
t 2421 2434 2433 2555
t 2421 2544 2545 2555
t 2433 2544 2555 2553
t 2421 2433 2544 2555
t 2421 2422 2434 2545
t 2422 2435 2434 2556
t 2422 2545 2546 2556
t 2434 2545 2556 2555
t 2422 2434 2545 2556
t 2422 2423 2435 2546
t 2423 2436 2435 2557
t 2423 2546 2547 2557
t 2435 2546 2557 2556
t 2423 2435 2546 2557
t 2423 2424 2436 2547
t 2424 2437 2436 2558
t 2424 2547 2548 2558
t 2436 2547 2558 2557
t 2424 2436 2547 2558
t 2424 2425 2437 2548
t 2425 2438 2437 2559
t 2425 2548 2549 2559
t 2437 2548 2559 2558
t 2425 2437 2548 2559
t 2425 2426 2438 2549
t 2426 2439 2438 2560
t 2426 2549 2550 2560
t 2438 2549 2560 2559
t 2426 2438 2549 2560
t 2426 2427 2439 2550
t 2427 2440 2439 2561
t 2427 2550 2552 2561
t 2439 2550 2561 2560
t 2427 2439 2550 2561
t 2432 2433 2444 2554
t 2433 2445 2444 2562
t 2433 2554 2553 2562
t 2444 2554 2562 2563
t 2433 2444 2554 2562
t 2433 2434 2445 2553
t 2434 2446 2445 2564
t 2434 2553 2555 2564
t 2445 2553 2564 2562
t 2434 2445 2553 2564
t 2434 2435 2446 2555
t 2435 2447 2446 2565
t 2435 2555 2556 2565
t 2446 2555 2565 2564
t 2435 2446 2555 2565
t 2435 2436 2447 2556
t 2436 2448 2447 2566
t 2436 2556 2557 2566
t 2447 2556 2566 2565
t 2436 2447 2556 2566
t 2436 2437 2448 2557
t 2437 2449 2448 2567
t 2437 2557 2558 2567
t 2448 2557 2567 2566
t 2437 2448 2557 2567
t 2437 2438 2449 2558
t 2438 2450 2449 2568
t 2438 2558 2559 2568
t 2449 2558 2568 2567
t 2438 2449 2558 2568
t 2438 2439 2450 2559
t 2439 2451 2450 2569
t 2439 2559 2560 2569
t 2450 2559 2569 2568
t 2439 2450 2559 2569
t 2439 2440 2451 2560
t 2440 2452 2451 2570
t 2440 2560 2561 2570
t 2451 2560 2570 2569
t 2440 2451 2560 2570
t 2444 2445 2453 2563
t 2445 2455 2453 2571
t 2445 2563 2562 2571
t 2453 2563 2571 2572
t 2445 2453 2563 2571
t 2445 2446 2455 2562
t 2446 2456 2455 2573
t 2446 2562 2564 2573
t 2455 2562 2573 2571
t 2446 2455 2562 2573
t 2446 2447 2456 2564
t 2447 2457 2456 2574
t 2447 2564 2565 2574
t 2456 2564 2574 2573
t 2447 2456 2564 2574
t 2447 2448 2457 2565
t 2448 2458 2457 2575
t 2448 2565 2566 2575
t 2457 2565 2575 2574
t 2448 2457 2565 2575
t 2448 2449 2458 2566
t 2449 2459 2458 2576
t 2449 2566 2567 2576
t 2458 2566 2576 2575
t 2449 2458 2566 2576
t 2449 2450 2459 2567
t 2450 2460 2459 2577
t 2450 2567 2568 2577
t 2459 2567 2577 2576
t 2450 2459 2567 2577
t 2450 2451 2460 2568
t 2451 2461 2460 2578
t 2451 2568 2569 2578
t 2460 2568 2578 2577
t 2451 2460 2568 2578
t 2451 2452 2461 2569
t 2452 2462 2461 2579
t 2452 2569 2570 2579
t 2461 2569 2579 2578
t 2452 2461 2569 2579
t 2453 2455 2463 2572
t 2455 2465 2463 2580
t 2455 2572 2571 2580
t 2463 2572 2580 2581
t 2455 2463 2572 2580
t 2455 2456 2465 2571
t 2456 2466 2465 2582
t 2456 2571 2573 2582
t 2465 2571 2582 2580
t 2456 2465 2571 2582
t 2456 2457 2466 2573
t 2457 2467 2466 2583
t 2457 2573 2574 2583
t 2466 2573 2583 2582
t 2457 2466 2573 2583
t 2457 2458 2467 2574
t 2458 2468 2467 2584
t 2458 2574 2575 2584
t 2467 2574 2584 2583
t 2458 2467 2574 2584
t 2458 2459 2468 2575
t 2459 2469 2468 2585
t 2459 2575 2576 2585
t 2468 2575 2585 2584
t 2459 2468 2575 2585
t 2459 2460 2469 2576
t 2460 2470 2469 2586
t 2460 2576 2577 2586
t 2469 2576 2586 2585
t 2460 2469 2576 2586
t 2460 2461 2470 2577
t 2461 2471 2470 2587
t 2461 2577 2578 2587
t 2470 2577 2587 2586
t 2461 2470 2577 2587
t 2463 2465 2473 2581
t 2465 2475 2473 2588
t 2465 2581 2580 2588
t 2473 2581 2588 2589
t 2465 2473 2581 2588
t 2465 2466 2475 2580
t 2466 2476 2475 2590
t 2466 2580 2582 2590
t 2475 2580 2590 2588
t 2466 2475 2580 2590
t 2466 2467 2476 2582
t 2467 2477 2476 2591
t 2467 2582 2583 2591
t 2476 2582 2591 2590
t 2467 2476 2582 2591
t 2467 2468 2477 2583
t 2468 2478 2477 2592
t 2468 2583 2584 2592
t 2477 2583 2592 2591
t 2468 2477 2583 2592
t 2468 2469 2478 2584
t 2469 2479 2478 2593
t 2469 2584 2585 2593
t 2478 2584 2593 2592
t 2469 2478 2584 2593
t 2469 2470 2479 2585
t 2470 2480 2479 2594
t 2470 2585 2586 2594
t 2479 2585 2594 2593
t 2470 2479 2585 2594
t 2470 2471 2480 2586
t 2471 2481 2480 2595
t 2471 2586 2587 2595
t 2480 2586 2595 2594
t 2471 2480 2586 2595
t 2473 2475 2483 2589
t 2475 2485 2483 2596
t 2475 2589 2588 2596
t 2483 2589 2596 2597
t 2475 2483 2589 2596
t 2475 2476 2485 2588
t 2476 2486 2485 2598
t 2476 2588 2590 2598
t 2485 2588 2598 2596
t 2476 2485 2588 2598
t 2476 2477 2486 2590
t 2477 2487 2486 2599
t 2477 2590 2591 2599
t 2486 2590 2599 2598
t 2477 2486 2590 2599
t 2477 2478 2487 2591
t 2478 2488 2487 2600
t 2478 2591 2592 2600
t 2487 2591 2600 2599
t 2478 2487 2591 2600
t 2478 2479 2488 2592
t 2479 2489 2488 2601
t 2479 2592 2593 2601
t 2488 2592 2601 2600
t 2479 2488 2592 2601
t 2479 2480 2489 2593
t 2480 2490 2489 2602
t 2480 2593 2594 2602
t 2489 2593 2602 2601
t 2480 2489 2593 2602
t 2483 2485 2494 2597
t 2485 2493 2494 2603
t 2485 2597 2596 2603
t 2494 2597 2603 2604
t 2485 2494 2597 2603
t 2485 2486 2493 2596
t 2486 2495 2493 2605
t 2486 2596 2598 2605
t 2493 2596 2605 2603
t 2486 2493 2596 2605
t 2486 2487 2495 2598
t 2487 2496 2495 2606
t 2487 2598 2599 2606
t 2495 2598 2606 2605
t 2487 2495 2598 2606
t 2487 2488 2496 2599
t 2488 2497 2496 2607
t 2488 2599 2600 2607
t 2496 2599 2607 2606
t 2488 2496 2599 2607
