# CLOUD_GEN_METADATA
# generated=2025-12-08T00:44:09.244Z
# mode=smooth
# shape=cumulus
# resolution=32
# threshold=0.48
# scale=0.5
# octaves=5
# persistance=0.5
# lacunarity=2
# jitter=0.6
# smoothIters=5
# smoothStr=0.6
# vertices=10245
# tetrahedra=20480
# END_METADATA
v -34.660442348774616 19.698239751988204 -29.43205135395724
v 12.744693275689636 30.173190928740983 58.25899793222442
v 31.90018889257705 16.501769410605434 54.3387049286248
v 14.004606986545006 19.228613716684258 16
v 27.088587280486855 33.941711107047496 16
v 15.596859243461703 15.347704553670688 16
v 17.734560196284434 13.193422646879094 16
v 16 12.0178993835533 22.44317414403267
v 16 57.51743927714324 83.17662787627764
v 16 14.360452894423668 13.347157057020983
v 16 25.204602586565088 1.106640162002492
v 28.918133919136046 16 8.01615416675104
v 103.26838803547419 16 69.93482994933771
v -77.58133789392596 16 -41.836447531134745
v 14.041913726682075 16 17.210163869815094
v 13.838913649031781 17.335624817521843 16.825461533446376
v -14.43197731588942 34.80799632608546 65.23997364197487
v 13.856682671426649 21.61127761488166 19.467960286308312
v 20.94106221097497 28.935868808860178 23.994806597885205
v 16 25.163076527081746 16
v 19.085972984520144 24.079182161837686 11.006790822682456
v 9.993770541768368 31.72451286588128 6.281716592350351
v -25.641318591705513 41.73575022603691 -51.37706881774241
v 14.22183556413593 17.09896605895028 15.320801623086208
v 14.106391357026643 16 16
v 47.28030009376464 35.332288636243064 66.6125887300077
v 48.83201668973231 36.29130223345839 28.540714456273935
v 7.644227592372252 10.835848649827511 29.519923757800235
v 16 16 86.78025040633017
v 14.659226181112928 15.171356208701793 15.487869972411135
v 14.295292127137856 14.94643259368166 16.651140466543804
v 16 16 -24.681929244058715
v 15.053516317575056 15.415040914464225 14.46855723203928
v 31.986083452815784 25.879942920832434 9.893859468016647
v 20.790011905635694 18.960390164199513 8.249597930164795
v 30.55178121461985 7.006504612512703 21.558285827132554
v 46.48345061417576 -2.839808573939475 65.32325918811523
v 17.211215532344266 12.828996568620916 17.95978789903482
v 15.566240263427623 14.864402266702317 16.701837996725306
v 16 15.20474939505278 16
v 15.727193649736952 15.28578370266453 15.55859005292758
v 16.64154397418393 14.320416070308793 14.96196004449272
v 19.68799800299712 13.720691883706042 10.032693880708923
v 27.39845842872073 8.955365271697865 11.6461762995814
v 37.908970456740846 16 16
v 13.91261412623237 18.112255791208632 16.483265498316896
v 13.608017633567751 18.80058173491312 17.730854700448457
v 13.838756251611265 20.297040790078395 17.29454845813661
v 13.719518296311254 16.521754103609346 18.253631077011566
v 13.720168342043468 17.409013453245162 17.94720870177895
v 13.927845008090893 16.624267997639155 17.042213057948274
v 6.528940061530756 56.90868641361894 57.39608822394651
v -5.0483403216593565 45.088090917758336 50.05693004721973
v -3.5879350257360585 48.70198334572452 81.0189301682447
v 14.659274956700866 23.848741112177656 18.169338689626173
v 14.384865872646008 21.685509587470058 16
v 24.922549916092848 54.539487544020204 54.99866180857931
v 16 25.839552854375057 22.08117809810483
v 25.580094262491826 49.72334028226896 16
v 18.16608212059113 28.68046560121083 19.504794493539897
v 23.388012829102152 30.689038433514202 20.42529475156979
v 13.493982002820301 30.67048488474677 11.94517770414431
v 8.793237435732816 30.32867196314777 11.683271092081066
v 27.868480178361146 39.59721964756457 8.890981071997613
v 17.608191967709992 25.41451976027802 13.397890735810659
v 12.876774489793041 29.49025915009907 2.3490127183479803
v 16 30.773252017718725 6.869628128681862
v 20.09581590846667 33.691203486824904 -1.901983283545082
v 5.551512596969047 28.23330213008371 8.439403488961778
v 14.108389247272378 17.914148130144063 15.562059787542532
v 11.217839558709597 23.983798746636122 0.12640457623127688
v 7.624483153549225 27.57467960844764 2.4481290690953124
v -68.19011214380674 41.363543236024285 -26.34433938050406
v -42.5235689182108 52.169554734401196 -33.98509528499277
v -55.372120994752024 32.32931189585072 -54.53177828431113
v 14.01835389107473 17.224724648989792 16
v 14.30973469721808 16 15.519831048949086
v 14.199209765628854 16.497726179458407 15.692388304004075
v 14.043103155597663 16.540872985297323 16.334277888510368
v 14.079426787989304 16 16.54559460169351
v 37.94451600054179 41.69308685343387 31.879200951325217
v 42.54063020529932 42.856845472602345 22.144609409786725
v 34.785128961102586 47.36170166105501 78.35414741363243
v 23.81057434920001 26.793948278936327 28.63777476866371
v 100.24448426682198 41.37992365954214 58.37168643553426
v 51.09188267049989 37.68797621959236 45.97204598827719
v 56.6063997097777 25.29038617021481 56.128295773426004
v -4.066374012364516 28.401701170608874 88.60082320770242
v 16 38.402667811825495 94.86068436787154
v 13.93215752347157 15.52689587642766 18.043495486033102
v 13.65275619335637 16 19.79792025903208
v 16 3.1802819352437055 61.127292360073056
v 3.33787619578813 8.174377119237946 61.81199429339766
v 14.560835606180069 13.597320494650223 20.777069614508083
v 14.272862369613986 15.522630899611096 16.2950303292193
v 14.049577905092441 15.412405876735441 16.98098616356428
v 14.552835194467612 15.56401973842158 15.272132604357239
v 14.470689824861733 15.577309063459994 15.738762634481752
v 15.300813685925055 15.292483311495753 16.161873579166222
v 14.559998479564815 15.110030116519528 16
v 15.35826252409424 15.350616617199332 15.851426808536145
v -31.509264955704822 16 -60.87160547885465
v -56.76852105153442 -0.6487959148314637 -55.91173698286819
v 16 28.898027525261003 -29.402953174211454
v 15.321859731255662 16.419113735223988 13.546465458543
v 15.414322405298945 15.022213473614572 14.055939506592145
v 15.356458702356715 15.602269604892237 13.671645711962386
v 16 15.10466226164119 12.84827952722276
v 20.502442970796903 22.22222315323327 8.714894240842561
v 17.782920803890896 18.97657953015366 10.081887493940325
v 30.113094837472463 30.281243672748165 12.732577385361761
v 24.56934055363113 26.033158676895034 9.799166923157944
v 26.307628879227046 18.358294590796213 5.813734205824401
v 26.857027699746446 22.71001213524239 6.726991294019273
v 31.260260002407193 20.597383879271856 8.32468502390281
v 20.755384678896604 11.187957840639136 17.100952811560195
v 20.305981546334372 10.958468992593819 19.11583751791352
v 17.44791062507172 13.121226598823219 16.867273979903295
v 52.55652995588101 7.636188316114579 52.12610960351826
v 28.193444246375115 8.46403701581333 26.414444706184888
v 72.06301545023695 -0.8898304100737064 44.19750790763034
v 16.672350642509112 13.095891930460539 18.93870872907101
v 21.601741491869294 8.25858365442718 25.06380813003506
v 18.950067761457763 11.0748730441878 25.792264959108657
v 16.248435735520967 14.545631872200016 16.401977464093004
v 16.40027058528285 14.590988691486476 16
v 15.584669125031285 14.206046563703278 17.815327286917437
v 16 14.25090709000416 17.080998867858888
v 15.812230951167871 15.339025342053702 16
v 15.843230287777475 15.082254119429718 16.253658722782585
v 15.59621606108208 15.197186315887611 16.24185975132894
v 16.18549819194411 14.914074669804227 15.69985762058278
v 17.043889959180607 13.924510949634211 15.374727566879477
v 15.672621104845181 15.349096802551848 15.803905577857611
v 15.879238487084086 15.29304978979166 15.80460376756919
v 16.34195476620726 14.522982602866293 14.505384850008392
v 16 15.051791814488926 15.413975112943291
v 15.796065782772473 15.11913967435876 15.108644765941943
v 18.784569012403956 12.73976981386561 13.985066933820551
v 20.150500894009124 11.80004844338459 15.039088120689595
v 17.237907169613568 13.933318668299256 11.890970655654936
v 18.79745305906599 12.134014954303169 11.47362586849886
v 29.027226475808707 12.075351207511595 9.447813703632047
v 23.42482468251902 11.411205985694098 9.658442639601315
v 23.80669320057882 14.21389743823303 8.285223609967375
v 30.407783706908283 7.095499966573723 16
v 34.5909586429094 16 10.718698244645648
v 33.62887446513956 11.12749893451645 12.988628731311088
v 35.66554172019927 10.564577949972733 19.359275570117482
v 86.09258676663408 16 35.91183502896655
v 33.79968761155263 4.99918806693004 80.39987476772784
v 52.92626606408813 16 75.74795356931637
v 34.00988209240194 27.130719266482465 81.16036554368826
v 15.26234152792792 15.13633441764442 16.53377468480922
v 14.450734955390939 13.858968365932398 18.506763499759582
v 14.05816389422762 14.799879286050933 17.658526036074818
v 15.174004094079272 14.858501732585815 14.663510549652
v 15.406334521789882 15.304924351343118 15.570419624377667
v 14.771921246370805 15.241005589395549 14.951095521815843
v 20.440003471697423 16 8.81592347262604
v 17.302377595219713 15.195086379967865 11.287953594308728
v 17.547537367797084 16.956430692159145 10.400957204449611
v 73.16199367490488 31.79918647880241 25.764434238497657
v 35.577230945210374 21.4110135521349 12.65580971119433
v 33.68507203972632 26.929975614041297 16
v 13.87400363589883 18.70684488990199 16.280015267304627
v 13.82844420085338 19.013176422264323 16.809785025309317
v 13.90620736893946 19.73828860400035 16.5670577475184
v 13.725950665001417 17.934421905048964 17.19553848590258
v 13.767260424313708 18.42206700870924 17.020835691587575
v 13.885243228194774 17.69153588995661 16.660882346141513
v 13.751161288102217 21.060335011160795 18.300257859554314
v 13.69210384135171 19.503292818774554 17.547862329535825
v 13.593349806445747 20.01789338412605 18.483194674563237
v 13.872759238232929 16.220056898254363 17.6707666338607
v 13.80653674679652 16.58948878097076 17.580799521897756
v 13.995399259246444 16.30407614316054 17.122764640139565
v 13.673862073103251 17.437632301342408 18.734539136456192
v 13.709206636465654 16.96550740303178 18.111727290818585
v 13.661942195710566 16.913478180562226 18.923037934843915
v 13.816213818011578 16.992675646498885 16.97048572747291
v 13.780938920458837 16.980449317154815 17.461871104188894
v 13.704770242513241 17.418530002116995 17.374803811850896
v 10.116916172748718 60.66690315436238 72.87045405754955
v 0.9403446651017919 56.38464636112021 72.0363515801115
v 5.7056864414335795 54.01051650397132 83.86454330340734
v 13.680957703012094 20.41108057622886 19.752289257875063
v -1.305552645394311 53.85015805080695 57.05970086596918
v 14.101327765405166 22.07555942292976 20.85967320330506
v -10.897578330139822 42.29631941213809 75.17195621095212
v -7.294236258428235 50.73220928866074 68.72208583786752
v -11.442382218506914 42.59647072953545 60.40270716180992
v 13.610349292923566 18.085395590788774 17.89735558767195
v 13.564151055758082 18.21620858195741 18.791234515719598
v 13.587107837927062 19.038950367902103 18.652025117763902
v 14.067948163762278 20.98509453545931 16.710062972592528
v 14.117843502143437 20.26982046227518 16
v 14.184309029862815 22.778168707532323 18.937849702748235
v 14.068292639562692 21.87506540056845 17.69332965304825
v 14.983865621584432 23.29541602335615 16
v 14.47337256916415 22.702441265386774 16.92098571410477
v 15.270557884713785 24.760212500439724 17.180262135358717
v 21.777393669733854 59.86445801354482 71.84877097025651
v 16 60.229995745047525 60.756968911062955
v 18.18556451660114 27.738225162413784 23.254622117970975
v 17.068119838244275 26.27030748748146 24.16459310981476
v 19.642650487725984 27.656113726161877 25.32340539966109
v 15.15114241384681 24.16203211542709 22.488576048276087
v 14.585522736956921 23.59687141450079 20.69512474232398
v 24.38774514370691 35.02826140532676 16
v 21.482192455463213 30.145193798363117 18.014801983175975
v 24.400759005441543 30.998840472128595 18.275161068198862
v 16.934890168894935 27.22753453970519 17.512684069020132
v 18.93622042584504 28.89105943529414 17.77136674675452
v 17.57391915647496 27.300075341923602 16
v 22.04888172308586 29.61118865473057 22.187187925674206
v 20.555718151666937 29.855691931277242 19.99353069473286
v 19.47563679327957 28.974924113422013 21.62369846407604
v 15.199456934976928 24.878158638395966 19.88591766599605
v 17.01319888702141 27.236547843885255 20.918170709692617
v 16 26.405332422304625 18.875963148676743
v 11.401287540859808 27.865632132753856 14.309892427527183
v 10.260349374189484 26.247657865976386 14.445541689691531
v 15.39468582810416 23.269501807219633 15.020581096000535
v 14.689228143860534 21.754757972144297 15.209235908138973
v 9.193842694188223 31.315209545197767 9.03822157043685
v 11.103078577829788 30.893422371275566 11.707371404884626
v 11.744183808545229 31.887417301936907 9.11394475235405
v 30.299479531544215 41.5305041114945 12.12730003269914
v 29.92102505410327 51.91913251165149 10.883778868635174
v 18.37198485982301 24.854873332535227 12.162047876006215
v 19.584150507083212 26.90078086663575 12.858142978107221
v 20.472575122886326 26.06418484555917 11.425160539777295
v 23.71877665061344 49.88819439268819 11.34340672649368
v 16.770186518029426 25.249531143762077 14.753812036151452
v 14.462539519623085 27.673061339454193 1.1377137939872473
v 16 28.618324245428084 3.231336190540482
v 17.43837465894268 26.920759159180598 2.095554243162539
v 13.056008663809783 31.811582279043183 6.227904735635789
v 14.498240310335863 30.43989076217133 4.520710527215883
v 11.370520196480328 30.81386788675457 4.15079373022621
v 19.297575047147827 26.551907162002763 7.559819119632628
v 17.40666162515161 29.525493024167112 5.247629899439097
v 18.39781349683665 28.87817152481704 8.040852284712008
v 16 28.693843014816473 12.491508080275814
v 17.248479516951605 29.845850014283556 9.939753121942756
v 14.632055402818132 31.170738056380827 9.359857441098866
v 7.625299698417551 27.62044719374689 12.877028488818953
v 14.041165717350252 18.494012058387035 15.742001672945696
v 7.314900201592025 30.499741222866366 7.038667096190624
v 6.982661904746639 29.687953712815847 9.952241786083725
v 14.146658681528962 17.482436844903507 15.42081256100834
v 6.014230892355833 26.832522599407326 11.434384903621186
v 5.536205749156251 24.901035037909665 10.498857811518118
v 13.660648183145767 24.637775635767216 0.577986499673175
v 11.810565468399155 27.234575310611447 0.41128823243209034
v 7.3895815530274 24.34500228043317 2.0680502954392512
v 9.288700886064952 26.00669190601416 0.8102473056842481
v 9.32556515532007 22.525236897425007 1.3169173256126072
v 10.19347705919769 28.699843543771216 2.2232602502768444
v 8.569170818231546 30.134277029594145 3.976665819304074
v -76.27235292436792 29.996712974895317 -35.68118170355177
v -67.52940884266116 38.44835846780468 -44.19852366801048
v -69.46530344644827 24.841138211910874 -51.125724514835824
v 5.980598439905268 22.192330711072266 9.9985478959779
v -62.763751100920885 50.80024353336736 -35.88791460204898
v 14.229913853385321 16.804621544197847 15.21336468017995
v -43.74560394407256 39.342581816110915 -58.69390467946931
v -56.18579374959323 46.42435837662245 -50.5431955133793
v -39.36143572454546 50.21524894376175 -49.08127092925096
v 6.024323301400541 28.564003833157994 5.035670310002802
v 5.757733827793794 25.31872160759123 4.26340733212154
v 4.7430339161121235 25.823706605941087 7.0620964661279615
v 13.999322459645851 18.02451438139057 16
v 14.21109045812872 17.105606899675454 15.666919217852259
v 14.071781457774463 17.53287716490096 15.799463796002994
v 13.973445557091432 17.611051320654596 16.21076321292144
v 13.894997313876106 17.300963206434396 16.39193482102165
v -73.86208625217319 16 -23.611620920555318
v -67.84483093352594 27.942624049694608 -16.495383670639818
v 14.130658477377168 16.251856107040187 15.844344365574932
v 14.255021767302136 16.239778307650084 15.60254308381555
v 14.232385698332713 16 15.753799693677117
v 14.283474925165935 16.49474220476527 15.435610687651012
v 14.26967842971192 16.749970225037433 15.53649291037646
v 14.019097641619338 16.28215421131983 16.767729881889665
v 14.077858225779798 16 16.847288934538096
v 13.907448890376909 16.906970735113173 16.560538741101418
v 13.965241670381358 16.586464384889535 16.669023640427074
v 14.070703362065283 16 16.268720061157687
v 14.060577482885323 16.26649699134255 16.44174585011259
v 14.081284048215805 16.258508316583185 16.159766926022925
v 14.141191585501684 16.813589478381537 15.832391349823638
v 14.055696835861538 16.537392177681077 16
v 13.975665410607348 16.88603930873542 16.18253413605565
v 36.92858749004721 45.03979091906744 23.80438465222779
v 27.934137923257865 31.194692144552924 17.57184691237426
v 24.111774758011677 29.54257723911346 24.36977302904283
v 34.512491335617156 44.101211447779505 28.41597801395144
v 45.46826527076641 39.57085646199995 25.209123502292876
v 41.724400098290474 43.905726881629136 27.761508619715297
v 42.80750332811384 38.80382437596003 30.093538537826664
v 26.273347936011596 53.93310346058552 83.72632890070238
v 30.698508476375086 55.416178767304295 70.69253912981205
v 24.89559461737082 24.62138789478563 30.393374441046593
v 36.153353875509644 46.04908582994998 61.61329425690444
v 39.083453493161606 38.56745416784355 66.7812667196277
v 21.03981352697229 27.022920934759284 27.957620775134288
v 22.412643076280528 28.19757196874319 26.37587445514358
v 108.1976745386041 29.98538507549926 67.63935479547291
v 91.87292075513244 36.39069289139587 70.68059548275153
v 90.45421305601288 23.702072789102402 74.47744983083551
v 54.37113467112704 39.714665413656036 38.983660802948535
v 62.41607928433811 36.508048948676446 46.57794384350382
v 59.764912279308945 35.89405508156123 35.44935043617673
v 51.84956323281784 30.006408967214306 60.819094329004045
v 53.91454520898056 31.979954658754146 50.95085201104779
v 45.11145971798633 33.99187156783898 50.22257338987752
v 26.067401734208378 28.679528196447436 27.06514525987068
v 27.466532192143866 26.432595629376713 29.139476692912346
v 51.11527485289832 46.644327696394086 43.88113039176977
v 5.295188191693692 45.127348008732156 91.15460023759233
v 16 49.23412229034401 91.39422761214028
v -11.652878027992355 33.09041850805444 79.80036131433388
v -4.4693882538020375 39.35095702265581 87.01924571168416
v 16 26.620309829733586 92.2493427548993
v 5.396886070336583 33.57573904719703 93.16379011682349
v 6.018172206601099 22.169108846168882 90.08772169615797
v 13.991820626697988 15.792259657689081 17.57725404290071
v 13.755337075168418 16 18.218234032149272
v 7.336219883492136 13.389905346638503 30.018290699565245
v -29.948331729427764 9.988882973796583 73.7987768711637
v 7.053645943273937 12.504663310115516 27.184724448804857
v 13.651300264635973 16.307264887261272 18.95444832994282
v -13.99238177981103 25.0356581390959 64.52869312329729
v 16 12.620441007508559 23.66679612244749
v 15.061058530186296 13.445179285648617 22.591967432401884
v 15.147639856164156 12.852762534356735 21.619124729624183
v 7.445518927038616 10.713039940792196 79.49358314994586
v 9.731808591196756 5.609835636038923 61.61654335598783
v 16 7.858327104423333 74.45377556453752
v 9.65134301069726 9.793258635416347 29.966404289579927
v 11.867411432476658 11.285648167104739 30.33815799784456
v 9.601627809549466 12.045588513629454 30.76224128139936
v -10.796808994953427 21.52044624964004 77.22268707384251
v -3.60322962811831 11.96151260018464 60.78751157964325
v -2.757257769077821 16 83.86439614426659
v 14.103887936668064 15.729923082003504 16.73486806872268
v 14.061973939442039 15.70602251218487 17.08547656808981
v 14.204766002395427 15.75812838885187 16.149484876603243
v 14.181847672922903 15.750166804452 16.414123914861904
v 14.118037904854926 15.14452341768026 16.836353562472077
v 14.168758563255615 15.472193888015287 16.602107775984017
v 14.285406067653241 15.256846577323875 16.45929407406966
v -72.55769164862741 2.566760763745716 -33.600622594844
v 14.444418926198244 15.778427367121017 15.397110075109454
v 14.613417728847958 15.39901609285511 15.628571518692748
v 14.507086934852143 15.569707945311823 15.509133778126095
v 14.587776863951818 15.358050927265761 15.372400828961258
v 14.378134420007536 15.777138661835762 15.630584680192328
v 14.316661885015206 15.773204104578177 15.859832428120347
v 15.48764846355183 15.347667681052455 16.067481889835275
v 15.370173635599755 15.362669642264528 16
v 15.504020173328907 15.368512344616956 15.934674430263325
v 14.450785057009295 15.042532509352514 16.28845154707294
v 15.172661701771267 15.342290327973359 16.086043816152
v 15.079472560814878 15.263695370630122 16.287673902647906
v 15.228144075956981 15.382613634437085 15.758787411977723
v 15.201297925370854 15.36505528551502 15.916934373016765
v 14.594813854951823 15.131547201839787 15.738365473881801
v 14.403265766053185 15.558673511937206 16
v 14.584664929148781 15.380516188194832 15.872379316274687
v 14.453103614984833 15.322932577032448 16.139483560023084
v -58.26923747079698 16 -57.39478381229948
v -70.04226690000078 7.099176589179425 -51.57888021985897
v -31.946262692095075 30.444536012964438 -61.57868266934082
v -44.21022711905897 23.876906685496706 -59.738930046675705
v -39.56976231807656 -5.711082285247045 -53.4732709293999
v -43.597995247912536 8.20318757007505 -58.96879864076996
v -28.544172989291496 2.5803949091193736 -56.073985897428614
v 16 34.135913412558494 -25.14274996748678
v 10.054566998008504 32.17727608973321 -25.740728235628396
v 15.609794994277513 16.241159956116846 13.10379697318226
v 10.285519450139613 25.472332335659182 -25.5869319806596
v 16 16.505774276354902 12.368754134985195
v 11.991054636460024 20.573302813424792 2.090826345771262
v 10.924916154595518 19.136574312215487 4.290832414999343
v 15.655747571196738 14.728889250156001 13.730539901576925
v 15.64671346495322 15.038722021705974 13.51970340196333
v 16 14.724373604631689 13.106140912636782
v 15.203280952398046 15.507600549097548 14.1618201529851
v 15.376071758621338 15.288238545822285 13.835259533332668
v 15.209511037719 15.227181347377353 14.261004106495369
v 16 15.54414395130065 12.727145943816335
v 15.633229220399848 15.392040153944295 13.330838502180633
v 15.62767601234384 15.769891120801597 13.236514539299568
v 15.12014760066179 16.18125956262472 13.989800646562157
v 15.358303855207877 16 13.678321537692327
v 15.16357018011861 15.827685980703116 14.08900824230703
v 18.993301577413796 24.02697159847427 4.862049240358957
v 17.891486813349765 22.984087897346654 3.5305052617539445
v 19.81327599762052 23.253281971937792 9.82998982736584
v 18.649163514046343 21.79416674888862 9.714510963004031
v 29.95570030105842 29.64373953046487 -14.701131416803925
v 19.011538630928456 20.49026913138004 9.183953470618004
v 33.25509655243248 32.72320816530947 -11.919332700996872
v 33.27645543076452 37.996596931225554 13.724515729561343
v 32.423979645157374 38.78935141615301 9.875408231342677
v 29.260530088115537 27.28008063863203 9.028526769485785
v 27.49393612700119 28.468576181735756 10.744832598013998
v 34.37606707147167 30.69851161233548 10.257297822159904
v 29.08092215083825 35.856309592724735 7.226872770249766
v 21.508493613123065 25.19640922637843 10.316306523645004
v 27.850164813001438 17.22586524262815 6.692703745077591
v 28.6148934088301 19.39022690568754 6.908615660487721
v 30.35522140026409 18.177531050880024 7.959728108484827
v 23.115245262293897 20.39746341038929 7.635527536759517
v 26.327202905329806 20.352636521664916 6.480050902819471
v 22.884475551647142 18.68976164297829 7.393034354389751
v 31.473123074985338 23.03356060153846 9.123665115404311
v 28.84877214921378 21.676982033581176 7.535497196351848
v 28.794880835170368 23.90767123813993 8.336082744225372
v 22.28395643230087 23.91441574223335 9.093263528578621
v 26.515956804346676 25.17704411266844 7.650449438757317
v 23.665742214614347 22.9745226703246 7.21584106903663
v 18.962797975013295 12.227728939758869 16.39023052012307
v 18.760355332378666 12.169825519628104 17.029351589110163
v 17.56744578205394 13.20145891359227 16.424508263780886
v 22.790411788097728 10.223730723411446 19.569930741103494
v 20.55760283676619 11.055930575182295 18.083791452669356
v 23.33231901868438 10.135079295133991 18.291422001968396
v 17.365342003113653 12.92770855285843 17.396560214401255
v 18.610377182898333 12.037553247414412 17.750730634975646
v 18.424145360684633 11.952898500604178 18.501246282547278
v 69.84022154630705 10.430384953245207 58.28691332734426
v 69.03566180544641 1.7467739293055011 54.22208952127966
v 79.35617225926524 6.389557324632024 51.48540539826104
v 26.56542388413441 9.470208934055005 28.42040068662573
v 43.91723297062695 4.233641875181284 41.735006782653215
v 51.62240605948817 2.0823412429020394 60.53510261862101
v 32.4393730929898 8.527214684424392 23.305741325289404
v 31.23802832387432 9.267371230711026 26.038494882750072
v 29.534019930817678 7.635515678336171 24.106649075048633
v 16.375737606006343 13.147238463406584 19.632171304630404
v 18.094953505926608 10.382078832589245 23.79523492347469
v 17.22651773456247 11.471230565616008 24.085732519809063
v 18.129230131380684 11.949963617716833 19.44516672244435
v 17.73620621307679 12.20262461879603 20.11937770560265
v 16.952411188851116 12.952380370083773 18.43770728230792
v 37.714482862270984 -5.229085020484373 63.76966957021554
v 20.243734082356408 9.672500841898358 25.604887238238014
v 22.992092775945448 9.22343849841811 27.313443763972337
v 26.42491429635301 6.902406680781043 24.27726384136939
v 24.957058993031957 7.8505985125304605 26.2638762883009
v 19.897672772930797 11.091022179340147 20.283956928168962
v 16.768230983621386 14.017804695199546 16.282338375004535
v 16.891047701677365 13.978588011242397 16
v 16.58934602473768 13.799908217595153 16.953581899160202
v 16.674671446664217 13.948064518348641 16.591415237162447
v 16.145609106790765 14.954588060996118 16
v 16.314898346279907 14.617483461991162 16.189972269894447
v 16.084575192485268 14.984296844245355 16.13684553604623
v 15.704897309886634 13.759453431748208 18.85269162792002
v 16 13.730415942684983 18.296624753929947
v 15.740816475933219 14.60797769145014 16.860317099781906
v 15.816341484722756 14.234065732088531 17.403865928430097
v 15.55680581790851 14.581823371021068 17.134360555406932
v 16.243679635358713 13.656943824126396 17.86266091183388
v 16.422941299609032 13.728467785972583 17.403884114809244
v 15.712206822310005 15.347118477978135 16
v 15.719134695966314 15.275309250985247 16.103222930637624
v 15.6085326860292 15.301068416735031 16.106020324073317
v 15.933045407394049 15.195910892972842 16.10833480653933
v 15.828477850503068 15.24695632379235 16.103476097801234
v 15.90288458535869 15.302752306054405 16
v 15.585007209137652 15.066183564935214 16.424481499624278
v 15.721746018560944 15.153722570817905 16.243916717148515
v 15.717821886239028 14.946598902510042 16.456573778946588
v 16.143178723695023 14.412123621893054 16.695004124213128
v 15.88562575310524 14.731570164748751 16.55518425674018
v 16 14.923201806595422 16.297619700852128
v 16.636498277581914 14.35770240430938 15.766075707414803
v 17.337001586568817 13.612897418561944 15.637902485250308
v 16.075155977845007 15.097416610854353 15.878395073389044
v 16.27005709555912 14.81435261496976 15.837079616166466
v 16.836807420064915 14.117016634874567 15.144059182744456
v 16.47807890977683 14.545978071473783 15.580917269871136
v 16.366375806809653 14.632279903486847 15.407191491926318
v 15.636194063728631 15.350455453202132 15.901471152541323
v 15.750588862568877 15.356467525885988 15.908337027857964
v 15.81627523944149 15.31413580653404 15.702727092841393
v 15.784204923123838 15.343684133666533 15.810834596305774
v 15.702248151326456 15.329999036165171 15.695440128060515
v 15.848559854971942 15.335123516864572 15.908638999080193
v 15.938689013081763 15.263687600756793 15.900796739282493
v 16.169495101911014 14.71312027424649 14.361528802027339
v 16 14.870832984005107 14.857379654260086
v 15.865392584899903 14.978002600220597 14.69878025861273
v 16.23708056583864 14.726688211531625 15.213050036450628
v 16.122452483697483 14.822580936006023 15.063986390965676
v 16.498108629115567 14.40610268580059 14.72508529216235
v 15.758747112493547 15.228015121677057 15.382510487448474
v 15.904724463032494 15.083895808639198 15.271724047427618
v 15.85217253849994 15.20604859060656 15.509311043578972
v 16 15.161561018838404 15.768261165105502
v 15.928193584322008 15.20365464707955 15.651444336468115
v 16.088684453304122 15.016474341488774 15.569516620840684
v 18.1924928184092 12.957772087177945 15.182407445784397
v 18.753168090543515 12.49463230381409 15.637379860179562
v 17.43231402355598 13.608757161863458 14.522130650676853
v 17.77252215552289 13.309383216704578 14.811202894670778
v 22.107510107389658 11.114770321268 14.091342861425566
v 19.443814117806788 12.26416414628066 14.425446297036348
v 20.837696927240884 11.884809198280363 13.456672214346336
v 16.502276953234766 14.145402671885076 12.688774258800485
v 16.945763882243906 13.463797206764 12.480851902740516
v 20.948181791384386 11.20434592262831 7.9936736790267275
v 17.92847986811819 13.124594872080632 11.635251569720836
v 18.26154068639026 13.789012991321027 11.024838860143014
v 16.852296639230484 14.135883715355895 13.977814070838814
v 17.088754524676688 13.929065829320809 14.238358173667883
v 29.275223154572917 13.986292943840478 8.564628534301782
v 26.451744327310855 13.19111500339641 8.46756816578505
v 26.53901924163021 14.909768970847631 7.722497039825081
v 25.281140397485327 10.263939779994358 10.440753848208256
v 26.25548060225468 11.468813794141212 9.24390351837193
v 27.917228819990214 10.582829161146492 10.703922675113507
v 21.47943925384904 13.859185435482228 9.149609572830371
v 23.658661545265844 12.772081438257537 8.939998494090169
v 22.554723116877597 11.948958326924997 8.294460838077596
v 18.2461009523858 13.171117125377872 13.531296161348921
v 22.47884461281441 10.105352441484651 8.575904697202144
v 22.53922924936022 10.29335852164916 10.807926062750475
v 20.524837419585616 11.421251928592286 16
v 29.350493642930466 7.748941162079566 13.514243867247657
v 22.51136435936384 10.823656385287816 15.322813123681971
v 23.096923606032206 10.35815396517388 16.73808548608178
v 30.82841539998784 6.835535283505143 18.760933453500993
v 31.811548190171088 16 9.030196836087779
v 32.096402880551146 13.707273233012414 9.761585759110254
v 36.722460925514355 13.208065902441584 14.274489833359134
v 34.53481886430205 13.453121525182548 11.778290061273003
v 37.57522564179037 16 12.994917297860859
v 31.86871853129981 11.426268507185245 10.782403548281554
v 30.663480239921487 9.644433633492213 12.072043967742518
v 82.5349884725238 6.522941669378579 41.78668182479137
v 107.77200649574044 16 56.45352254817139
v 33.39543329302761 8.460328042247358 20.659773533915594
v 70.2798550518591 0.35529107240565416 33.84708567108058
v 77.40528359001252 16 24.552770599018515
v 79.72642785429161 7.24332055428402 30.515086217011294
v 38.30905360785974 12.994304504859564 17.857621975829232
v 32.53725596641789 8.761740612621871 14.508836559737443
v 35.96742354680218 10.481139865216871 16
v 33.2235913098273 8.46133568133153 17.553050259571062
v 22.163099775420868 -0.7695383333997263 59.268887687193704
v 41.70134326240297 0.11569630730685887 75.29780562967605
v 31.865678514654455 -2.099162150688908 71.0465166249189
v 24.12615676764807 2.5300692087036474 75.13782115657274
v 24.529322452626758 10.728588823269051 79.30684932722416
v 59.84700614817555 16 59.33074697753965
v 51.05737413292757 26.56156360788739 72.72402290339815
v 56.136106120909716 21.250741904833728 66.4875314259576
v 55.25597305278325 10.864400096453586 65.38040494482368
v 50.68778145114531 5.549781771343014 72.12600938228124
v 26.939604724875057 45.766209776070895 92.80299612715395
v 25.430332788960158 21.828266188799965 85.99438235477004
v 26.323761334645383 33.112683727338734 91.13081139438833
v 35.665762105156986 38.43420077050903 84.23103718276751
v 42.79621076333498 32.56096902144678 77.82386971892107
v 44.38389502193429 10.152596047778555 80.84870355988814
v 44.51585401163673 21.874588999140514 81.15019035014942
v 34.151908232198224 16 81.6742209447622
v 15.477145022612088 15.274504348104745 16.194975478531823
v 15.41685471172384 15.02644114960106 16.60169245959482
v 15.459778962475847 15.179966362777018 16.362316038558745
v 15.291320476221175 15.23122727209918 16.32401689818587
v 15.055312160284839 15.196400525505956 16.496651788578873
v 14.870592869182708 12.971331244873271 20.202476992478296
v 14.161469462367572 14.218142170014627 18.974804899243885
v 14.471319922044065 13.720704992688425 19.459877430386676
v 15.31088751533695 14.492794943117723 17.635010049263002
v 15.351842527503052 14.767131224392763 17.048740820562287
v 14.082980292627536 15.484804858825191 17.381570369349536
v 14.187199691090758 14.879627794277779 17.08583673015022
v 14.0776121478017 15.150630023494326 17.266428976688434
v 14.015093174095423 15.16341549384341 17.829751203542784
v 14.050690408223494 14.795260417685936 18.291550860396985
v 15.15972426945808 14.9417031226643 16.923552398350914
v 14.240587802687578 14.39923390155138 18.016106977456626
v 14.316343819499833 14.530710298027245 17.33680393219419
v 15.511369963995103 14.689667806689377 14.181827944845326
v 15.620686102919231 15.27850209292005 15.386257222118136
v 15.639550164135471 15.211635505873847 15.14478533329451
v 15.28563481798577 14.934866087259106 14.383169895423764
v 15.077947813188 15.106370073764545 14.508088222337019
v 15.510626008096118 15.320961416393892 15.817509763932687
v 15.223584196105119 15.33954126879952 15.591814055951472
v 15.380221147588681 15.327666366705705 15.716629570092971
v 15.550309467778556 15.317388000192787 15.69840106013168
v 15.578637291887503 15.296536554511752 15.565235680845154
v -64.82164513825313 -5.720652488259688 -42.24707471481334
v 14.888617958881483 15.313128124102523 14.693492053135657
v -48.02446910539402 -10.984580923119324 -43.01982293218954
v 14.679876739012514 15.416729011324469 15.130330360440436
v 14.689657383524324 15.190163726110564 15.215126930937839
v 15.451577988811293 15.309282321495994 15.397225880348696
v 14.790090180761489 14.944138323303779 15.039345311298703
v 14.946125560601828 15.04115335952137 14.792367352073919
v 25.285252211113637 16 6.824073305649252
v 20.098003166899762 14.765414632926433 9.369291589951484
v 22.00020545966438 15.215032715187624 8.452293184734549
v 22.586138729813335 16.861621067960627 7.715243001016104
v 20.814558299672502 17.450458426608545 8.209881030311994
v 16.508371153434222 14.61674322082062 12.430910557528273
v 16.54605118270626 15.662521809490451 11.94706611919781
v 16.528581839165717 15.123821876111917 12.153264185642625
v 17.29480183809211 14.522923025385055 11.507640543662863
v 18.34364430995807 14.55154815890562 10.592774263270297
v 16.677553454673923 17.843594789166925 11.243142996114479
v 18.94621817781048 17.820862972159656 9.202523655407962
v 17.66146242630033 17.895354039419825 10.235499037337515
v 16.644402804999903 17.068163146891663 11.310381164858113
v 16.5812569249761 16.359236535831478 11.685759944679416
v 18.618789986033775 15.460499593077754 10.01684880251031
v 17.407392944321145 16 10.908004491919304
v 18.86086844623678 16.589371312372144 9.463771985822275
v 109.2350096788186 29.2801349405374 52.13469521396074
v 48.37559187445816 20.361958707888906 18.695838738998916
v 80.97729763011498 24.928562069990235 30.799999137030035
v 77.58114141294973 33.74910842916165 36.24773104994132
v 51.91511147884431 31.566623395643678 25.620702348577094
v 33.29264061180651 18.46311553561387 9.297965001507944
v 33.715933220613394 23.678585675840303 11.25437306680261
v 33.89200936082371 21.156890679100904 10.11715039427948
v 35.571046343630115 18.689266996735945 11.54226661371254
v 78.05017140128965 24.360010421412085 10.833229413264004
v 30.12782283623777 30.29614714655043 16
v 47.2792273633709 35.331625652398984 21.823944291934605
v 32.51410191542492 29.128226479859855 17.717479236931656
v 32.21296184599419 28.888828960461314 14.31383956074225
v 33.27329551339264 26.67548372499772 12.783849241559995
v 37.069234332531735 21.82339314612453 16
v 34.54889326628579 24.118741167386688 14.32744733756401
v 35.674218580688965 24.611289419489328 17.774023182735586
v 13.930378119328266 18.963784707732778 16.147031643098863
v 13.894365217757027 19.15586221729198 16.406331096416064
v 13.958625201469868 19.466874410113505 16.265132023961538
v 13.884033481737209 18.500115142933225 16.624980249839574
v 13.888060601176976 18.805184825378028 16.523333076166608
v 13.890739179020624 18.39351964961339 16.389351725092187
v 13.863977250907157 20.01836747858355 16.909675001767344
v 13.830862569786422 19.405833593006978 16.70727693646083
v 13.772269956890284 19.66874283391406 17.048138792395118
v 13.781423416574444 17.611850077672965 16.996178132771053
v 13.803312689871698 17.810880555706945 16.912441020617635
v 13.853504827486873 17.515494912100014 16.74773942665601
v 13.65614456994329 18.638552782468075 17.368763873030385
v 13.71876839921617 18.19583122561709 17.124604940738863
v 13.66050174547681 18.33010313336897 17.440082933714653
v 13.913867337126755 17.879935392348926 16.57122946747357
v 13.82729285149341 18.02292823915715 16.823753604630507
v 13.871732353535497 18.228499149704305 16.724596784206835
v 13.769616115458657 21.389423352635 18.881049346636576
v 13.64487852056796 20.550557004062572 18.420501553425616
v 13.674994818700714 20.774753210792944 18.950959772162733
v 13.715046603657429 19.95922902117 17.45765217946895
v 13.661235342958117 20.27085896162242 17.915203013734985
v 13.775649812339655 20.692674151894334 17.76948188171613
v 13.61234454666244 19.31439038714807 18.048405911243428
v 13.660063341177025 19.717867399271448 17.964795893292038
v 13.628813109380513 19.16108167017569 17.657132099886415
v 13.781925908100572 18.720956072510525 16.926474427139848
v 13.687246560378558 18.953245508405516 17.27641550280408
v 13.733491439812338 19.28520694093932 17.16553987845952
v 13.95976517547906 16.101214868196788 17.424703563494365
v 13.929755010896102 16.266553118720843 17.381295999849442
v 14.026615112252335 16.15091620504549 17.161974072639225
v 13.765087869616726 16.558684645211052 17.89151257793757
v 13.816954372107586 16.40726727648081 17.643549483536447
v 13.794780571248578 16.35872109465651 17.943323483255803
v 13.957650214811034 16.46234560536166 17.08564127746382
v 13.913960127831551 16.433200228323493 17.328575529036208
v 13.895028766756283 16.60137821218848 17.278178348406033
v -10.904034018228142 32.6276074577484 53.03114867773448
v 13.653051799699687 17.182547244471763 18.846963767367583
v -12.262919690487248 29.944817099851193 56.030633024489745
v 13.74321799635393 17.170718166572527 18.004724252191117
v 13.700379686479316 17.177760993758536 18.389057258958296
v 13.718096555665603 17.410293887644112 18.291104221336383
v 13.69163222581114 16.701411176016794 18.561556865867868
v 13.688644612512636 16.941203595446446 18.482489628611532
v 13.706246092498748 16.745814377069788 18.19058743232376
v 13.798299474700812 17.176973387477773 16.911161927520986
v 13.766065253759848 17.188259485310997 17.156163454237085
v 13.72711234770176 17.404721821730266 17.106753655070474
v 13.864737275299877 16.786130417754457 17.23230451908676
v 13.779619897697174 16.995696346280685 17.21590213002309
v 13.874531076050864 16.801457469524163 17.007482524211486
v 13.718834127217995 17.4098380433556 17.643330296043416
v 13.73808427418405 17.195363430639496 17.423595561004163
v 13.74313934398806 17.183112816518985 17.692913679510525
v 13.742670374298692 16.768611515991072 17.840134212466502
v 13.748489548465457 16.973120195014104 17.763208824430432
v 13.821758246165224 16.772805998118987 17.502798353339987
v 12.878285010994688 59.941355141642326 78.92585018650132
v 7.9969921128697905 57.47211945711175 78.15716798062272
v 10.859694774633125 55.57760132868354 83.21478748482838
v 3.800026036119844 57.30488353491911 64.8036856497742
v 5.56930121061232 58.09365838659574 71.91092803919032
v 8.06942985826819 58.96280152354052 64.75277093578538
v 0.7779688356650887 51.74310032841316 83.24128383203913
v 3.1442571847146716 55.427092127977346 77.90576630768132
v -1.6801029961386114 53.5775583305808 77.88469660752165
v 13.775932664958372 20.953194159923466 19.598616541365754
v 13.844660280464161 21.188946248509282 20.277605566668083
v 13.963732245022472 21.84540382677209 20.12704387695933
v -3.923248389010073 50.11634018186367 54.40585181156237
v 13.774669204744473 20.51402510200522 20.345037684379204
v 13.679814788967565 19.769275452337567 19.754138531645328
v 6.791791575409041 49.628419846832486 46.30452366905425
v 13.98637054575321 21.311087059397853 20.944959103422146
v 2.5299229529487093 55.56397516448281 57.42725430207909
v -13.287195905425456 38.672881270542874 70.78597502335893
v -11.909940932576916 43.15606659577026 68.47085134647634
v -13.148594182330886 38.965623977937554 63.16341611128881
v -6.010906490352138 50.50335838007107 75.78533218439686
v -9.562295350336868 47.21559045672353 73.0033345779457
v -7.757042542048705 45.86409896743909 79.0037869358704
v -9.205817175227882 45.380313005311535 56.78386890373457
v -9.812775631917113 46.741238911027 64.84399307544194
v -7.550920606352221 49.698963533221296 60.924833360964854
v -0.7351773671201549 56.06571822596865 65.14942188116416
v -4.7036145255047295 53.51314176400058 63.90200093220818
v -3.669647970885876 54.24959259293084 71.44114382872368
v 13.687813177893442 17.688606586093275 17.303212805524385
v 13.646219924258247 17.745060917717545 17.941827074282244
v 13.677111736620597 17.707929600545743 17.599901639742882
v 13.673036173704547 18.003915947286217 17.52151420710689
v 13.611332301262937 18.423659182865332 17.81651937728925
v 13.614846333797693 17.84078566703315 19.265959591245775
v 13.55747824020594 18.717930838136688 19.294532009970496
v 13.587476973456965 18.25992894838893 19.28117822988646
v 13.645732378118261 17.787525888436473 18.733795098021126
v 13.607447242579035 17.793205280580697 18.35801037108661
v 13.650525155059745 20.16848633800511 19.044275409364335
v 13.572841317031695 18.942073382484935 18.181213669766322
v 13.621453438234994 19.453398480867417 18.5391498940945
v 13.61643530967175 19.645361171208116 19.139282743484472
v 13.621647377250222 19.127461318164816 19.17327535631428
v 13.549308069890127 18.181093897809607 18.347714645071264
v 13.566303761435293 18.619614087532497 18.734517637309857
v 13.550160052502093 18.55729673195086 18.275971217931257
v 14.03685515149616 19.935972283373005 16.29011739225632
v 14.060604807873101 19.68574836071646 16
v 13.970959681635042 20.577403073469753 17.002964041185663
v 14.003167356465047 20.239855322505555 16.62287570600436
v 14.217181967036554 20.945623359668257 16
v 14.095615181980683 20.599395200348233 16.32921180543613
v 14.20762114794472 21.353740350159512 16.37367862437108
v 13.999468853205864 22.20958138446624 19.23692739106572
v 13.955249495951254 21.780324051259832 18.564789760489088
v 14.315118433768369 22.78467426284105 17.9146207307382
v 14.106002063744427 22.339511170121824 18.281030956993135
v 14.41570570295608 23.275249058965823 18.563442020799684
v 13.897718734055356 21.471471564041863 18.01337472121997
v 13.911538063031978 21.05366835257082 17.48854648201814
v 15.436859500136144 24.12525211367413 16
v 15.112035911923476 23.97705792276879 16.536626711100425
v 15.63095545436607 24.919303890332998 16.59712661819846
v 14.42051214298929 22.17324045074592 16.42511369083401
v 14.709670758356802 23.051587760098283 16.478527565664145
v 14.621746481278537 22.543647785671443 16
v 14.924481236152886 24.52119639966287 17.740225915442903
v 14.80668054305184 23.71215344534125 17.049281374218836
v 14.520350357899252 23.415902726623354 17.530242165979782
v 14.086606577482197 21.34004511057426 17.148168117735374
v 14.215057553863458 22.445250430135008 17.358711498631934
v 14.205880616471713 21.865239046266947 16.820358673232196
v 19.1044804659338 59.69876147064758 78.57844594855733
v 16 61.635338975793196 74.10347853430888
v 20.83461110486976 58.03931863730077 58.540191234420796
v 18.755564826170016 60.808403901849864 66.80899708617613
v 23.883207052426375 58.70621833103289 64.46160878697992
v 13.234460887306273 60.97059636959465 66.9929098325238
v 11.000468385761062 59.47338348611832 59.9913420829298
v 19.536943464622816 28.532153318373478 23.74529670297959
v 18.887778761687137 27.73271645601811 24.263554292412618
v 20.324165133413267 28.41314721831722 24.764082814350317
v 16.511148603258214 26.273481936283567 23.218978964530557
v 17.609009503053176 26.974201827836495 23.717365320260633
v 17.01154209308877 26.9332965431814 22.757148872767836
v 19.035310938296917 27.08496961538596 25.989310399068664
v 18.25676774887807 26.913056593648818 24.701932490914984
v 17.681182635671842 26.249825812451945 25.194939466904643
v 14.320693135223152 22.82283267280505 20.805438572654808
v 14.165231305541518 22.500981090789843 20.01782727432849
v 9.802585234410286 53.78436708003894 49.8956948589502
v 14.554128013427027 22.99180623459663 21.575177341096843
v 15.192761680271301 24.72507035635423 21.392390034461073
v 14.84069762018649 23.906987666277423 21.560414630672778
v 15.542960104333309 25.185960956095435 22.454798803592464
v 16.513612593573242 25.387815019248468 24.42827842432476
v 16 25.44263655368644 23.506619002272835
v 13.837610150435943 55.52417865375612 51.48437858048864
v 25.789757141284902 34.60506898324935 16
v 23.473044270087527 30.98294694958492 17.10438112475814
v 25.023760881932624 31.32508665585631 17.171998394461628
v 20.622024113038293 29.805740323820864 16.963608564333168
v 22.032098491106744 30.568486676384943 17.04277140630181
v 28.82232182571076 51.56974025050121 16
v 23.912152003931666 30.88464217514133 19.36957407931014
v 22.95042778473848 30.757775686522173 18.168059815862847
v 22.45312084110018 30.557884781376075 19.189807564920514
v 16.419357333174066 26.135295420215584 16.67853441850715
v 17.257523721771925 27.297010433788998 16.759964088645752
v 16.70306765436953 26.14418594667407 16
v 18.548129659418308 28.771051437718278 18.635255899963987
v 17.88119277699658 28.15772295674178 17.654125834221837
v 17.498957273643228 27.87604507961222 18.42536381643862
v 18.509025653210067 27.912307813334102 16
v 18.227586060159876 28.17365156848281 16.82611576973813
v 19.33118855287834 29.01955430199353 16.896577871296998
v 21.483589917246963 29.250359169610817 23.083306715855365
v 20.7314023433914 29.375244905204557 21.934734951308783
v 20.20022402600616 29.037354086824223 22.79610523444189
v 21.894024243831915 30.26238288717953 20.200952336159325
v 21.30691232877702 29.811957690979696 21.08248030535968
v 22.773266849935496 30.289447069486584 21.388168210867818
v 18.828950222293027 28.990842346021484 20.577337612151688
v 20.030960448449243 29.492263270246234 20.8546756009173
v 19.311501822178798 29.33474211753529 19.76303602917406
v 20.18310682382323 29.67518889938291 17.912719964728065
v 19.750999263534013 29.54448692116503 18.85528860706678
v 21.060512352373443 30.12326598715535 19.03665669277546
v 14.340751328332626 23.27001414192052 19.80237037839979
v 15.560426225198873 25.417070386267937 20.94092202356143
v 14.864770439083975 24.335800730086667 20.368955713400506
v 14.611775743780788 23.801673924995512 19.39830892185388
v 14.882232194296623 24.511862134010116 19.025084494964712
v 18.819767337770674 28.3548379290961 22.461840218527428
v 17.586009402361785 28.077547150011398 20.292315834712895
v 18.160172169651936 28.139939792849482 21.288001793644952
v 17.57823941406562 27.58874796160538 22.07388879094377
v 16.491620941078263 26.532086468515597 21.525945527838964
v 16 26.004391732904082 17.347890219449557
v 15.219733260825649 25.197021104756097 18.54199411430456
v 15.583817463780143 25.875687225799993 18.02152079504364
v 16.459251792778115 26.897687117194778 18.23072082191261
v 16.975080825900974 27.49329900201014 19.176669715582552
v 16 26.10434680484301 20.42261299347363
v 16.47403583269469 26.807246144512497 19.83503044592684
v 15.569648652040192 25.811310928935388 19.48161554051652
v 14.120491749951885 19.76828657559234 15.722242588139247
v 14.091662055384628 19.240937426483068 15.752146689562943
v 14.321551470418544 21.01343653334345 15.650073790542402
v 14.182586852813147 20.389344646695353 15.685823023924844
v 9.06897465701935 29.0389092734617 13.048261544123012
v 10.596092316656383 27.474064603127083 14.314349064583421
v 9.881061583636907 29.803987658561006 12.975380357751039
v 15.65887279544405 24.244579790409347 15.448044588541237
v 15.188197692881948 23.292855772743774 15.5094004273572
v 13.291215313879237 29.5762434349785 13.198595919384498
v 15.009132212553597 22.40375414675269 15.128733628177063
v 14.3921352285282 28.738905133372313 13.398420150445048
v 14.804566917383408 22.532984777327634 15.556665334337138
v 14.526404548036528 21.759372578724697 15.603386883539581
v 9.557715668532868 31.566915570439285 7.678320852001125
v 10.495760571979819 31.55998518483272 9.095873116884711
v 10.833205710308722 32.03755567117645 7.639951226400639
v 9.866507357938385 30.841849452575104 11.628367109203978
v 10.111859553699027 31.324682543153514 10.3608720100313
v 8.937078607780343 30.900526382040958 10.38141012829302
v 12.61286053063328 31.554107139737486 10.519493213928364
v 11.414010145368934 31.3500346293809 10.476876333059344
v 12.350106177405635 30.697377653459448 11.85243110388938
v 12.417112069934923 27.712985422681008 14.361729316547741
v 12.211484333087713 29.67995493893463 13.116153626957233
v 10.97341224898231 30.02858660785676 12.983700409546083
v 30.664649310057406 40.90502844599325 14.095367810427934
v 28.497848345637166 41.057338345520876 14.153043483462492
v 29.725406503482454 46.96376022941199 9.215467899257046
v 31.706677034170248 49.34983451808579 11.100587133170007
v 29.16642693311573 40.76918460706859 10.392770653431342
v 30.95921893138545 52.12891633190639 13.413993523936075
v 28.354752560535296 52.90298913297732 13.424257189839043
v 18.78880522914195 24.656357619591702 11.487618351244887
v 19.367080942205554 25.518432157973145 11.776572884463324
v 19.774478368058944 25.12052046368497 11.124400552048318
v 18.531172501886925 26.192515172904628 13.123693770342468
v 18.956829360168875 25.896976336728887 12.438951080155082
v 18.004868510111322 25.206570880645693 12.75605460766552
v 26.039638392353126 37.18045613479434 8.013416622615367
v 20.028196633999443 26.483927005549155 12.142157851864042
v 25.233309077799255 38.342797371601534 9.418980014978025
v 17.124212396691785 26.099403260024907 15.320600450946339
v 16.382804239930177 25.25185695558833 15.3806097287554
v 25.1480119020652 51.75391660472327 13.537844253617434
v 18.065666609441408 27.28876949345972 15.233933183726888
v 17.182824032329133 25.37136219703413 14.086150512981257
v 17.592057474801308 26.289106967945454 14.600109765018724
v 18.063382874327736 26.341533730964876 13.86606545967598
v 28.238185172072946 50.1552657813751 8.656244205634497
v 25.245190522620213 49.383467529484605 8.962492041513064
v 27.09215796663976 52.26188904182853 10.928125699807397
v 15.25874339433822 26.433950528856926 1.0581483953824655
v 16 27.271047400184358 1.6495629182645501
v 16.721465721835948 26.15537344612492 1.4570823772062127
v 14.50465996220563 29.002716238464522 2.842364403584803
v 15.253343813752926 28.141420753898647 2.2326403534001535
v 13.660208058724546 28.6755094505028 1.6162497132281999
v 18.081545146106482 27.276492027209173 3.2038085677324872
v 16.737979510107913 28.000328805969616 2.3926268681376985
v 17.434350745647983 28.47238438128104 3.3790148383107734
v 11.529393076605167 31.840324266008786 6.210141210786841
v 12.168388516785704 31.567401387740652 5.035611058904477
v 10.667384364886999 31.308051588008475 5.1920212107304256
v 15.265457276335567 30.763439349912396 5.626013967597968
v 13.773712590548573 31.184327570303836 5.321956636035164
v 14.579207217413853 31.3567003534108 6.509037226544605
v 12.122145936348565 30.161941014384542 3.2378518341060047
v 12.942929657303061 30.78308154536622 4.212158847381515
v 13.697025276574648 30.040764676442407 3.404275581727486
v 19.185318548646805 25.143921858131876 9.544095868422346
v 18.892382497274408 27.75142090976663 7.723271838633826
v 19.044583909323876 26.787617253126953 9.332885879942765
v 18.017707384144902 28.301548201346144 4.964496262641465
v 18.491139072821905 28.0464065023397 6.394348710471579
v 18.966834811478755 26.834894482857845 6.23604683767506
v 17.305842906948868 30.114259641817064 7.276907815316138
v 17.95983038745839 29.36696531591869 6.599976546400491
v 16.712067396630484 30.311711878050943 5.943434209079221
v 15.258819168102857 29.54730906665516 3.837372969105491
v 16 30.033771500284274 4.843563424405934
v 16.725809903698636 29.2663591203195 4.089606781356894
v 16 24.20639785635006 14.894353229781501
v 16.711911762962636 24.39131950648028 13.680696330500849
v 16.350883309706912 24.32618747267282 14.295656723972797
v 15.53899903219802 26.939193677262782 13.760782921331812
v 14.819317875406762 29.916726002421434 12.153511535354607
v 18.599892653769363 27.391454869380567 10.04202939407649
v 16.68253375693323 30.622047079473788 8.328145433650517
v 17.849391471298297 29.579772151303885 8.882576605631101
v 18.079516695331108 27.686664532675977 10.90943908577557
v 17.528634171696222 27.64063167361244 11.862962318581385
v 12.294592238558621 32.23528003201028 7.508606905896121
v 13.988653866035145 31.316509304282405 10.55656892887918
v 13.132319926949057 32.11605959982444 8.980051505646115
v 13.844750060915256 31.825639706955094 7.705473624583572
v 15.29598999763235 31.082136662798483 8.086746924154921
v 16.59547678226394 29.575902316678967 11.18249163392761
v 16 30.421741160011422 9.68768896449502
v 15.371606255871356 30.32635552014066 10.916187818410254
v 14.075978700394934 18.88366538010008 15.628715439738507
v 14.005104643866433 18.856773213142105 15.858277135180167
v 8.005544678110628 29.16568888763838 12.23863817213459
v 8.724005236987008 27.424277245528195 13.627562360038127
v 14.048912726558783 18.214029521926925 15.639845775276372
v 14.095502142030458 18.5296504691936 15.528070396755057
v 14.092347962403997 18.253981670067645 15.436548340073664
v 8.646330614463267 31.101883123580663 6.666522935498721
v 8.274149073643134 30.92786055934362 8.059673213421114
v 6.126787950178684 29.16219727762332 9.099988583156438
v 7.110677741767681 30.12402395632552 8.535821941475163
v 6.228183448430672 29.5646099181618 7.616610026442077
v 7.999336730400431 30.610150842244707 9.44829572326589
v 7.8520622385545895 30.118253658668966 10.802143774503651
v 14.204507555319157 17.267675650740927 15.374533654515993
v 7.026282848855166 23.39765274124198 12.272574800076416
v 14.243090220884929 17.276437867904704 15.211118013107443
v 7.613375626902746 24.781595357794387 13.144663143664296
v 7.015710658549496 24.36494353602653 12.593723762933138
v 14.147773584585812 17.669148877706004 15.4928192594136
v 5.276753659467516 26.680183175881215 9.399283791230612
v 5.656862492422226 25.955930955097607 10.901024718504393
v 5.629796350931244 27.674068861981358 9.944012105529161
v 6.984183620358733 29.06803912806733 11.363664752066784
v 6.186909187007032 28.5307202534268 10.584125990456322
v 6.743381576516601 27.355279880989652 12.13357358869606
v 14.8403209785248 24.928908298029633 0.8360018400451867
v 14.006621315404434 26.329820999395764 0.5179743048048628
v 11.443162701650774 25.68517091891843 0.049951871899738265
v 12.737881319656909 26.004544707394132 0.29153728455642636
v 12.42248115017975 24.400430520436494 0.19678965321944197
v 13.11264020189881 27.652099196279863 0.5230919658870192
v 12.318041099478586 28.465836731837285 1.2710206359092524
v 7.67520570344295 22.558947382247993 2.5301998788194275
v 8.22535847878087 23.564640979301917 1.3836287035679362
v 8.764947071000563 21.601065276956383 2.4657773881516043
v 8.419047433558223 26.847569330886188 1.538865488217251
v 8.157791260629883 25.33953077673018 1.1606508798559751
v 7.36702596728666 26.06273581548944 2.0315545910745723
v 10.145227904865813 23.359817324543545 0.4731172667208643
v 9.096127185668006 24.430716544970004 0.6045213653411636
v 10.202879316408382 25.08731917089182 0.2540430611761728
v 10.002078480130724 30.43990109182474 4.0961955791561255
v 9.281565284509114 30.96254680435458 5.129344279138518
v 11.516158372488643 29.16982806948142 2.2099343081468135
v 10.741273185501761 29.870255957214987 3.085911472480799
v 8.096726555673893 28.83932612153579 3.212234944695913
v 9.297675888106976 29.595488521240704 2.9134733131868558
v 8.931032391653835 28.10481839868764 2.3732200128250867
v 10.525109174610883 26.646471348743567 0.568396437687376
v 9.629023849588787 27.543652496573714 1.2594577086952388
v 10.958644992537714 28.069517088172837 1.1940807868998338
v -78.24231700759981 23.207257401121627 -39.49202772767973
v -74.3860943241599 27.637605915196332 -44.30684831461292
v -75.63848294632993 20.5461320734707 -47.99149335053112
v -70.99021510821164 40.85260568575693 -36.82210403567341
v -72.81302968217948 34.443475242123455 -40.56402807519386
v -72.91822685145195 36.12924119044377 -31.265800446565734
v -63.725491194069534 28.968875160580755 -54.2571441333893
v -68.49311950693476 31.7629699642048 -47.6123318512927
v -63.97248339160713 35.99156830502533 -51.68452153784965
v 14.282754193607072 17.06131627538905 15.163809055428652
v 14.243932991783645 16.9340753049599 15.091154967033695
v 14.24161998658669 16.939985459911284 15.272303883327487
v -54.3307968066985 52.869474806227146 -36.75645516162751
v 14.338211571477222 16.878211815871005 14.954110180510941
v 5.2536014685255665 22.641639549103157 8.25839624779621
v -57.74707386708164 43.8080486335716 -18.956468803491326
v -55.90317649079468 48.243907267772535 -23.374891425080676
v -67.48981857479913 46.73808444985072 -32.1837103871646
v -36.40131243699175 41.85460828988437 -58.219427120011176
v -43.38807257681626 45.923626593555284 -56.04065723238277
v -34.01531744190305 46.911166137211524 -52.84189393681032
v -56.169988674066005 39.466081069140515 -52.923989475654295
v -49.870280250408825 42.82293901681042 -54.747358212679345
v -49.13542916582027 35.79178468977308 -56.27968942236076
v -42.48491829487206 52.14566733549148 -42.72073313293922
v -48.718657554208434 49.14595456806806 -51.23569874159017
v -52.42481499238282 51.49575183891346 -44.78251503481633
v -66.46414440461969 45.25698459018443 -40.89312501823132
v -59.940068321325384 48.82188365764238 -43.470387312992926
v -62.66953987538862 42.786656949649895 -48.12998356796274
v 7.742874654812313 30.649960720684305 5.301028825855305
v 6.779660351881082 28.124466033339374 3.697923216955406
v 7.06288715454329 29.668185420655224 4.229342276230845
v 6.615112639868709 29.625865591018524 5.981429781688469
v 5.71408087727626 28.46804713581781 6.7563574009269605
v 6.731406951939126 23.153205044268375 3.3086372624090856
v 5.399017714903332 23.945378572746367 5.5520689796997615
v 5.931265295210832 23.64489295155991 4.308101711382021
v 6.479494721264551 24.918325440206964 3.05153305712971
v 6.414133908516526 26.66673038052624 3.0703535986734423
v 5.563936958998962 23.62153153691265 10.117944595021342
v 4.983872258185045 27.177502494459077 7.622522665550855
v 4.937045637311666 25.527105845381538 8.766349848161223
v 4.844108823799548 24.202493878280784 8.316320648316497
v 4.915109226936428 24.218189058782478 6.855160496754106
v 5.724129224631035 27.060877449806807 4.453961743995084
v 5.118424127762273 25.68450519703874 5.575664438752497
v 5.2010027794454885 27.27267123253327 5.967423430414646
v 13.930314352283833 18.635149388692653 16
v 14.01303962434138 18.010633785123627 15.771495328457299
v 13.98720854814661 18.282337822974256 15.876220154163672
v 13.915572265317342 18.36356739976323 16.128185234202185
v 13.93177680144698 18.09286480451768 16.237850069106535
v 14.250752275613959 17.081094548413983 15.506310675460478
v 14.184378478333795 17.27877351123283 15.553120260837773
v 14.040304057018862 17.377040800479996 15.902496947940518
v 14.118407866118684 17.3231881560678 15.724125756772054
v 14.13267264130737 17.154071775794613 15.82723598345351
v 14.122161129627786 17.497364825204436 15.611671930418469
v 14.078773569197391 17.723498628824146 15.68487927758389
v 13.895586428999563 17.482174725933323 16.517960255744875
v 13.863046883226874 17.320709658530816 16.603111226663245
v 13.95705460577388 17.832690582046794 16.335085140493437
v 13.934254535051627 17.64719915315533 16.427186251870054
v 13.961669917583446 17.259757271224807 16.18858508683361
v 13.952119231810414 17.44012696945002 16.300255058985595
v 13.988765100537817 17.41325623795271 16.100067330245015
v 14.039868205211176 17.759785049127878 15.892760096699535
v 13.995205940203084 17.59375245455571 16
v 14.001263823973467 17.794443643572176 16.109351970520596
v -78.8824204846669 16 -33.92595589720504
v -77.6549354226084 22.90323093775866 -30.71227101586517
v 14.334070319237252 16.11627801699196 15.442263364766768
v -72.52894536586423 22.33665355285109 -20.655510597838756
v -64.99751827451877 16 -13.19830842411433
v -75.0044170665098 29.36942801536914 -26.860092357323147
v -67.9411056075769 34.39250534647597 -21.208846350688276
v 14.114174729095314 16.12625160891188 15.921972214558101
v 14.180167433783366 16.122422423682654 15.797425820301473
v 14.176968864577503 16 15.873650361797209
v 14.226756483929236 16.36590177876797 15.646195583918312
v 14.196686796561934 16.245350792053223 15.720969149811964
v 14.131389692987725 16.381613558661215 15.764149850179567
v 14.295342838605135 16 15.640957183537479
v 14.247468467733803 16.118928484820177 15.679314395577583
v 14.28689481312285 16.117971181357795 15.561684197781803
v 14.25601241218323 16.773825389024275 15.383076196486618
v 14.249493897639692 16.91250292091064 15.436042180043668
v -57.2057473801231 37.56258585325598 -14.252760233644764
v 14.262899409893686 16.63921275572759 15.332560905252299
v 14.271425807047578 16.609065021193107 15.623577115543986
v 14.261452041339545 16.625550079099476 15.480589881866086
v 14.265236033459768 16.489546723188553 15.569194965630883
v 14.316350831736006 16.235488474889124 15.484988150693317
v 14.287509864072376 16.361006925052855 15.525744365507405
v 14.345767910297756 16.355677996234498 15.407271524076362
v 14.035775170428227 16.144781452798274 16.979696394653633
v 14.066863427256322 16 17.01719255032782
v 13.985506605958573 16.441399720103316 16.89297102570684
v 14.01546568307335 16.29154726275308 16.934650502157385
v 14.073283852258811 16 16.694550321119735
v 14.056240003380873 16.139128887592236 16.804816039107592
v 14.045930452888465 16.136389509489064 16.65420298755871
v 13.853744771026726 17.11879882213329 16.69145569865172
v 13.84764232058723 16.955023436076175 16.76138195901201
v 14.020443372800749 16.55862669441094 16.491595961908867
v 13.934226315091394 16.743289758306044 16.61717236408194
v 13.988672268740434 16.708693541914755 16.437996696510865
v 13.880434882878134 16.779950837145606 16.814391884435455
v 13.948262704442005 16.604334538845357 16.847894034093233
v 14.078498310645601 16 16.13317438113843
v 14.083287020973735 16.128939690800358 16.213358397168907
v 14.086102718175196 16.128130964650044 16.07918929116504
v 14.07104438717026 16.132835493217495 16.493543381549163
v 14.078500009186145 16.13039484784275 16.351604164950462
v 14.086257962138658 16 16.40308124520136
v 14.060266724432896 16.396138518215867 16.244827068510425
v 14.084045605356383 16.260676252670606 16.296460083938644
v 14.057162634874494 16.400896798050344 16.387642437871733
v 14.023418900278632 16.42498655981847 16.708229461918005
v 14.043032128865526 16.41254483092412 16.541961100934323
v 14.029352198299112 16.275630371287292 16.602801930364503
v 14.250564538169055 16.914991559731806 15.600723133470552
v 14.191721194425863 16.64265563647452 15.76253893674682
v 14.233826536242749 16.7693224681178 15.685728362060463
v 14.180013895381412 16.953890207737757 15.752141144765831
v 14.077161175889394 17.008869670089855 15.91024496095081
v 14.086024627484225 16.257869619039045 16
v 14.058380497735437 16.536650431781993 16.164725197484415
v 14.057626155569512 16.39759755736361 16.08185577918571
v -54.29588530913678 30.389337238949597 13.037581368783494
v -53.17417737754033 35.11927239838934 10.131326958733453
v 13.911048992861087 17.092565334319296 16.47676512261334
v 14.019443991117742 17.039152560381517 16.09244918486528
v 13.94799034556807 17.075498274727853 16.279457498376644
v 13.951018740835467 16.892509910138834 16.36459425398408
v 14.014089104264896 16.705785427969506 16.260787502111768
v 14.106599548310562 16.67188701742003 15.916950197326926
v 14.06162100726802 16.687847982128797 16.085022686409726
v 14.044544700027316 16.855891250057944 16
v 26.360132969655197 31.527456366496796 17.999228082702928
v 27.56742921505142 32.56504027886653 16.821782055844317
v 32.93532268363363 43.8899788274495 23.96800703987776
v 25.600439112129152 31.073963309225668 19.130354522182973
v 39.61857573434993 42.80158117657524 20.359789512479427
v 37.062432551308504 43.97618918961698 21.21921586612327
v 40.50796225662478 44.95732377208333 23.23876878107666
v 22.410574119002447 29.16509296578335 24.13647491790627
v 22.883100115151844 29.299500561738203 23.074180532346436
v 36.495883302637004 43.32351518909556 30.32379129232296
v 32.32128323449864 41.93248266914256 29.704640316430535
v 34.65363361134979 41.893779540267346 32.003235853081854
v 23.590858628867085 29.861799434967807 22.21611724765435
v 31.733294435543158 43.26170084148002 26.036822178038793
v 47.304836319603936 38.1022254203059 26.905153974222472
v 43.99292441338538 39.07649444864007 27.627459404010438
v 45.9366926685784 37.74973844203066 29.44207760359513
v 42.714247127286086 43.97236386459382 25.09521769646516
v 44.27372837227881 42.324635416169656 26.719615701093126
v 44.423173880836586 41.6137739907095 23.782896442212273
v 40.77998852185796 40.68047530618746 31.25337259772632
v 42.58581906101143 41.590550136477276 29.106316543804557
v 39.758939428849615 42.7461955778411 29.87473712529261
v 35.96934286147909 44.94470593532476 26.269127529682777
v 38.322402574876854 44.50435070669068 28.319800380913186
v 39.937182802437704 45.36422328855218 25.998398072103658
v 21.18942951779297 55.9558321099218 83.85713822685594
v 24.004965556711333 57.48226423116057 78.17237266350202
v 32.87642592612677 51.86941092986057 75.07162975723423
v 28.737410444212557 55.064180286705835 77.33594656132215
v 30.97633435304988 51.16617562754222 82.15595107677896
v 26.55202995829523 58.5832969888375 72.56129081839381
v 27.993339392886085 56.60529049361694 63.977083176930606
v 43.40899681809985 37.59502824045397 60.34868844922327
v 39.09022430130304 38.46653514431368 59.40975603629141
v 43.6032370703016 37.369233121483575 67.63588421304789
v 23.016548885095787 26.03996527185147 29.38449968477966
v 23.499502728522415 24.931391508565326 30.190866746165625
v 24.570054784269544 25.989396109798236 29.866639926396772
v 37.54430401349829 43.08254725330066 73.1355941020683
v 37.64383992586262 42.430538955012324 64.26526851115455
v 36.145577143880985 47.57934764174149 70.7187832596189
v 20.997524682313767 28.031461545054775 25.91836192079745
v 21.631872613733577 28.542677148421827 25.112561309330637
v 19.64937106364625 26.71884189108549 27.22364946898484
v 20.346193781042558 27.463386920293583 26.6731407099139
v 23.27345504536251 27.816149601249435 27.76869747904095
v 21.71893114668203 27.600701705922283 27.166416875945885
v 22.389565243103696 26.941417643931175 28.317102666968413
v 34.25851085572099 51.505495706819175 67.4636930944906
v 32.32197742800902 45.573997930237894 53.7641970202258
v 31.57179111599563 53.280453110278856 61.73268117905441
v 107.32659936117318 22.98427553634962 69.7751866140583
v 101.37653739992511 26.992603498288 72.9644028664253
v 97.9799281729442 20.06697676418455 73.24688864206124
v 97.5933391284774 39.310749162095945 65.54501885874254
v 100.96612619204876 33.644602942271035 70.11397814674315
v 105.8557869369648 36.341485336105265 63.76417439617842
v 64.83335844037659 23.943679239849526 59.03381830676273
v 92.66181652648093 30.301968235521443 73.71637905741154
v 64.76548378183409 28.190424238525697 57.272551474643876
v 50.0970826234682 37.07315597851678 32.603139527202515
v 54.50448631423905 36.481046354163965 35.92783360195317
v 53.05797290440025 35.810254574211235 31.336242887531405
v 54.9151335342988 36.400458981962544 45.19097451794327
v 55.609103548448076 36.93237752487359 40.9290207160941
v 53.70386387578758 39.30226938243607 43.16150654551709
v 71.59862959708887 36.964755816378315 42.354018662902334
v 63.526203966686644 37.312417451922656 42.02581989231172
v 70.6861201571186 36.13355171107747 47.560497086091864
v 50.24536030945044 32.89653055181424 64.50395735301345
v 48.90649126473811 32.580459920406796 55.917194733961196
v 47.219327384945245 35.29460542980654 58.970788441149665
v 55.39690105566111 28.80990742869914 53.62494138660637
v 50.22248061094534 29.935685516165186 52.756335110537144
v 52.871151945179406 27.203517193463615 56.91529671905063
v 48.03940812705445 35.80144320194927 48.1685930188099
v 49.7406683558868 33.28043662654359 51.052912075874644
v 52.37604696171159 34.87027587838294 48.31324222949751
v 68.3173589666367 34.5613781133257 52.09445130125915
v 58.922814712310206 34.55157181035044 49.613828271841186
v 63.456244464749986 32.15865737373744 54.68547067317655
v 23.250320287211444 28.863666588509787 25.394427783683902
v 25.097508997918602 27.962947466448995 28.13819213803763
v 24.155276097555294 28.472464853645587 26.740936726110423
v 25.140772817467514 29.271437048670734 25.757972664698077
v 35.70044570871009 39.8798383267644 33.70419123473884
v 26.79085552948971 24.328038765459254 30.775776761754006
v 47.862493770168754 39.880765807114535 47.40248026953792
v 40.477469721370525 34.58501998825332 44.42344095220483
v 26.259670949012076 25.610738270067948 29.95377726691989
v 25.70357488092567 26.797711546799107 29.08841484345699
v 51.720681435128895 42.08706932952093 36.13316961382276
v 47.16566804656711 47.62221249574894 39.70067629862707
v 50.29839014229491 45.53681109938427 38.426428504252414
v 52.067915106287074 42.519338364721506 40.841968264416124
v 51.17863214912207 42.08096513980783 45.021751457325124
v 26.91836570237318 27.752454621714264 28.267949923506727
v 47.905898395089395 44.39596419226095 46.565222827884696
v 35.728863566598235 36.59422631894574 34.328677220701806
v 10.645982589545259 52.22916784267749 88.63702451050607
v 16 53.641045497064574 87.53540562525107
v 0.8112882532325063 46.72743114676601 85.31939030387385
v 5.5033660165764715 49.65040759061429 87.4495830131144
v 16 44.46659107069951 94.96769898347887
v 10.512948623872914 47.74083421019857 92.65921253944565
v 10.569814269034993 42.046312077109064 93.79894958042331
v -13.600560250842086 34.29415232105953 72.78443341383817
v -11.362186059014476 37.8142027069604 77.66677074607755
v -4.521820504672242 34.05936628530348 88.72138297124289
v -8.080213167883844 35.99441257241277 82.92446671479944
v -8.02852071557551 30.850442501606608 84.19482215938592
v -8.030116343663636 41.0912375502279 81.3033421296284
v -4.089050448325889 44.18535915269298 84.20304216920373
v 16 21.14507549639983 90.23553369406471
v 11.03212026879208 24.220423441371267 89.84847520528756
v 11.118985192990971 19.016633050323087 88.9079110361469
v 10.63044811761198 35.95029136601575 93.97334124362338
v 10.755811772726997 30.14073065767878 93.27841856668346
v 16 32.370527383133606 93.72370163095145
v 0.699870978437751 25.455999767584142 90.91866612027316
v 5.602620857113909 27.824659369094334 92.42009602907966
v 0.5522960423385541 30.936975428067022 90.86309843405893
v 0.2668194368321579 42.21895151053872 89.17386072854713
v 0.17128440037100745 36.79422038456971 91.08587078987408
v 5.159778733067252 39.707497380520586 93.50328133239772
v 14.018574338302486 15.901702620316001 17.383636906444078
v 13.9248580354922 16 17.62984746115138
v 13.873888519728958 15.758371509990006 18.10107842451862
v 13.875053340812155 15.884756074566592 17.873988341342034
v 13.97284332565838 15.670244216163198 17.786407791499133
v 13.810717990876896 16.118733075732127 17.930725622343203
v 13.699205783987242 16.261480847734294 18.273704427721427
v 7.389408181100402 12.06791351857759 29.932230226231326
v 6.83776041599473 12.798166994016952 29.00868310866439
v 7.0730416816291815 11.59547271226987 28.643838512830506
v 13.666986484474556 15.834808134820364 19.320160971048722
v -24.397432651823237 7.577455473685022 73.4457163617295
v 7.41900177485431 14.715428493748814 29.884346785688244
v 13.91360325830189 15.366036032648084 18.315239347204592
v -28.28545477210477 4.514966511355242 71.53820082010748
v -31.778585362314793 7.264267877216515 69.25996753885661
v 13.654410956688194 16.81968871786093 19.330301973424255
v -14.591346683248986 29.96975065961052 65.49783869512822
v 13.673496182801934 16.425372873130435 18.593411187111627
v 13.665976427250584 16.60530797378643 18.927089053715072
v 13.611198104780433 16.357602550212135 19.865162658855425
v 13.626341012334823 16.494889085804203 19.375376403746035
v 13.616626127180634 16.168757691651336 19.391829862661503
v 13.738496559456506 15.862185776383459 18.51896946165696
v 13.675814853091765 16 18.923611231512602
v 13.667868701933717 16.142118229162456 18.597638108828864
v 16 12.297006827449522 23.03740066536121
v 15.511663846977724 12.695563145359884 22.625171791033193
v 15.53399935804153 12.41204426240534 22.093438569067963
v 13.12596866434905 2.214483114106658 57.17660611493101
v 15.487177483858757 13.033486047731316 23.164607649005244
v 16 2.346030146236963 53.87677206110087
v 14.816892239319376 13.221925317797794 21.22622006754313
v 15.108172121202955 13.140952835967566 22.070587024387827
v 14.767572133358835 13.506744281743869 21.624647417991277
v 11.405553919583934 13.16047616282414 84.6274226438192
v 11.822032751144246 9.086656326636856 78.10627621426099
v 16 11.409826960528921 82.22914388169404
v 6.794259349150515 7.098617485435495 60.61311987799725
v 8.515552976432643 7.4881399049232 71.01022444265818
v 4.2020642472808145 8.70847470773197 73.76981411861006
v 16 5.810985724593573 64.37522255215245
v 12.489804526238649 6.534907101137039 67.72628123099709
v 12.807607417623606 4.138831029454213 62.35796834847658
v 8.522761532015782 10.211445146077079 29.987266014592905
v 9.413085736279418 10.748654853370844 30.845076009235918
v 8.420016200050323 11.315312377457516 30.5411127937678
v 12.162248279411521 10.615553838052813 29.02930385423183
v 10.689586049153505 10.455088938182843 30.43138160974917
v 11.166099575737146 9.923482671994126 28.819526330368177
v 10.881018688643112 12.836295561805937 30.528069551069827
v 10.601197442004239 11.517237119581075 31.004517591823017
v 5.2125079744658915 6.506920682570197 54.226693324283296
v 10.186294879531271 3.2854625822937464 57.5656850944318
v 7.339446033246423 4.62261017303549 57.08262808964945
v 14.707949626137937 13.846830399902181 22.009230856511163
v -13.883292622301948 29.04023770810803 73.13592794784864
v -11.309083634566448 18.429578309951403 68.0493060900038
v -13.684311926594582 23.713172347149662 72.63653405111643
v -11.428424945734307 27.20463315582989 78.96885675305091
v -7.901255712694635 24.83150675493632 83.25240031966501
v -8.680025005699513 5.2303235528943315 63.18744176886245
v -0.9912167110307699 9.721750565667769 63.80920809786168
v -4.519812873433576 7.617565495358283 63.10839794785952
v -8.939416010460608 9.519741525367593 63.58345376454383
v 8.633614408813393 15.344642577738048 30.039843428776127
v 6.48195644724345 16 86.64539445319575
v -3.561403255248841 22.004385394032756 86.77382184513313
v 1.3248462923216344 19.021261371365696 87.69217767282082
v 2.4153052092353384 13.203237906008743 82.36498478792554
v -0.6599010813275008 10.88623257680085 76.27608836145401
v -8.613287187609096 16 72.23399336948656
v -5.0520732682812195 13.397820637309826 75.32545800366955
v -6.874806625736262 18.82748159615726 80.46198255740607
v 14.081786246972216 15.858609987125794 16.956747450558417
v 14.053728908268903 15.851157344430137 17.146008850559287
v 14.112287995456107 15.868242092643563 16.63198714439234
v 14.096687203774295 15.863766209542568 16.7880688297452
v 14.058494820036067 15.560483520377895 17.03203583395175
v 14.074245420303125 15.717088048487708 16.906967175923164
v 14.069544500189982 15.577013992794196 16.855719275548694
v 14.135205387950336 15.875156344708158 16.077157622250134
v 14.120573364560054 15.873568608389819 16.20920787771664
v 14.232369821254641 15.635256511164334 16.35268442127179
v 14.192694384037335 15.754106018015463 16.27964860547254
v 14.266142835893165 15.645906158110094 16.218842029494994
v 14.135265289660811 15.873457298993381 16.341217014737143
v 14.122792855025708 15.870728110426418 16.480302997143482
v 14.208914579239767 15.042531056921213 16.741231073700572
v 14.209830382496204 15.205683165200453 16.633260383892463
v 14.279821209877143 15.103306084817893 16.55418731708776
v 14.093718392915044 15.438509102300172 16.787783506908188
v 14.12800174807994 15.311148031298625 16.719270274702016
v 14.058245471887696 15.267816314318782 16.92040101426036
v 14.2649574165664 15.388655834294864 16.377831473229723
v 14.215787674615083 15.358019342684825 16.53305284452332
v 14.22868366726216 15.500138276360685 16.43988231731928
v 14.120802559877095 15.737160598816214 16.574828157250828
v 14.188926621392243 15.618210921196278 16.501557198061764
v 14.117840867838325 15.59531519616318 16.67439709385202
v -76.30002015579748 8.941281321235959 -38.34835900031909
v -75.58445988875656 9.249382170100127 -29.679579958713916
v 14.504701881460225 15.672362206326053 15.337174349342884
v -69.7300908541797 3.4054214578579263 -24.37605789097516
v -66.6733340872041 -2.715527072302315 -27.946235204916718
v -69.43521300123932 9.88478713074515 -19.374547190788924
v 14.383166518748643 15.887148783542871 15.458700282503706
v 14.62796651506798 15.284787090487974 15.557974112728864
v 14.577534965969239 15.368837504336682 15.49681262338706
v 14.615625959280445 15.259948668985954 15.42708424472005
v 14.495137287888587 15.575330924683639 15.626287814990233
v 14.552773275020481 15.479270739828568 15.567625270017082
v 14.53514571944307 15.483856980469929 15.681006070874416
v 14.552289475327504 15.45410709108289 15.31377822687024
v 14.545910677041158 15.464928831124453 15.441301173388842
v 14.515138372519907 15.56263739571576 15.386371092381035
v 14.24970006106746 15.882255123535241 15.805165826275564
v 14.20370356805671 15.879742138301758 15.925676554056102
v 14.332679261381331 15.885181716368649 15.573398625664726
v 14.302865667865477 15.88483082276068 15.689451208685057
v 14.400491378297053 15.673343246076108 15.798115023420324
v 14.353352673708157 15.77596447196872 15.745210425710251
v 14.433896312010576 15.676840704631376 15.687524924901311
v 14.464527524177152 15.669856619954581 15.44982432266745
v 14.446219279737322 15.672450317662943 15.569697222838963
v 14.412317217487397 15.777934142035589 15.514343331528327
v 15.549354589976355 15.354657008938972 16.03201509208495
v 15.512995432704319 15.37993975596446 16
v 15.560844289317053 15.37111073680126 15.968801167826363
v 15.332934919121332 15.324987249407881 16.07671390384585
v 15.437325540501782 15.361974038715303 16.03460257036992
v 15.396207869715788 15.3148365940604 16.111454925434064
v 15.43257616139269 15.35610613260477 15.895258353911109
v 15.453799749141558 15.380654418864728 15.966410537572202
v 15.371059652832106 15.363566215846662 15.927670521662057
v 14.37403158675201 14.995096255979007 16.458896265216378
v 14.430198693567132 14.894361900533749 16.38637589937327
v 14.389884360751171 14.86320636057273 16.560889658807014
v 14.577401985060373 15.000367625258397 16.070780188532396
v 14.506622714565658 14.949815371224311 16.21895517155632
v 14.525430057605973 15.088665656811516 16.136426334001275
v 15.191122305349005 15.271073295903614 16.22148868237859
v 15.117842992059419 15.2965792247468 16.182425837150493
v 15.22479682389151 15.304578789016059 16.12714929430391
v 14.67044985027609 15.061294656941008 15.536846353350516
v 14.629417043660013 15.034674815979086 15.662657802454707
v 14.642481149748303 15.161007210175772 15.61686812285798
v 15.284919665802217 15.358513938945693 15.882712090628578
v 15.221713727255603 15.379404427539658 15.839054132574894
v 15.292161872217216 15.362125922212403 15.806178195669517
v 14.56681365382587 15.114242125852115 15.867402451706173
v 14.595341850765001 15.012205146416123 15.794052602082882
v 14.606948601264268 15.021129466489231 15.930689878938137
v 15.268199639273968 15.342997579460821 16.04003720572675
v 15.203613997078245 15.366896494566165 16
v 15.28641699146553 15.359352920518315 15.96095947576814
v 14.236695078816552 15.76243018859873 16
v 14.456062223791921 15.573266093959072 15.869013751256155
v 14.344288804065894 15.66108134688356 15.930224796612507
v 14.297442825743214 15.651492128717956 16.071749392891906
v 14.357149717374126 15.545927349567682 16.13937789403498
v 14.616492993316847 15.276396722506115 15.68423965644789
v 14.568490273208878 15.248919499809777 15.933179416903616
v 14.597258630987614 15.264795894598336 15.808964547020054
v 14.60629695068895 15.392920858725658 15.752005480154518
v 14.547986672688673 15.483959804120765 15.809323303741504
v 14.370896900621855 15.147944797972793 16.37181319057769
v 14.376860421483562 15.423142163861579 16.21314879593496
v 14.372781805347449 15.291204661736243 16.289546037131924
v 14.45540768732676 15.190449048887222 16.210353739213254
v 14.523256763171222 15.22518650889214 16.06893201095443
v 14.524321139180962 15.47634454846527 15.935272626511473
v 14.543105469011088 15.36232585764139 16
v 14.468338772849307 15.456478795761385 16.067182915565148
v -72.04295031921475 16 -53.15024682857532
v -74.72180856988996 11.49934361152185 -47.35137622529547
v -56.60424735619834 24.2513333942178 -55.74939746295621
v -65.40971470824826 20.415157929177454 -55.795146280776336
v -63.61722839582393 3.0487358530856845 -54.16173882566771
v -65.4876057635642 11.58061774315204 -55.863838324845204
v -59.21290533187772 7.452197632511064 -58.32734083069985
v -30.343599573347326 37.163126207287846 -58.985519270691086
v -39.01741977848449 35.226368065979926 -62.114545334973585
v -38.22442299958333 19.839426353075957 -61.16792539896869
v -38.12224409353801 27.28405893193161 -60.96259091151312
v -32.45883806054482 23.254265875059023 -62.408047037288554
v -44.73702803977899 31.751600714666516 -60.17004901154418
v -51.09641801181634 28.26776242336898 -58.7940320581681
v 14.975194469022762 15.49436484804493 14.54850048822716
v -33.93957972402919 -1.4518678756727006 -54.90495301431352
v 15.046739988000999 15.564687203237924 14.457592900469486
v -51.39939403160183 3.6768421033577443 -59.13176690017859
v -43.13759729955123 0.6631972299140241 -58.16420971045214
v -47.92780580886259 -3.4248412033580173 -54.93961010918271
v -30.749662147108552 9.00159697678696 -59.64254231659601
v -37.67376193903061 4.809446042707556 -60.32484299165944
v -37.72307531474594 12.196072180734777 -60.45444688500139
v -51.16267820389665 20.092840270211187 -58.80896660411484
v -45.13703034285737 16 -60.90476329283666
v -51.30538341028257 11.898463387845865 -58.96791841044913
v 16 23.54710197803762 1.6570136624882394
v 14.91394761551315 23.3490187100778 1.2657158869857739
v 12.874184623894564 30.993218798613654 -28.78394752809345
v 12.97643746632259 33.490340535750775 -26.241981531997425
v 16 31.97414177083926 -28.313041057362334
v 13.800548069653473 23.05106551767031 1.0285411943654736
v 12.686418746375852 22.703520451075764 0.8772275059827646
v 15.788534407222507 16.130692923787635 12.841330085028961
v 15.781860547827419 16.36095855035753 12.757315636313724
v 16 16.24407431703197 12.4783826401457
v 15.4366793343267 16.54469628394913 13.270019508412163
v 15.600480416844553 16.454362865600416 13.063555681613597
v 15.460045205513827 16.33371041538092 13.35605543514431
v 16 25.314878098285853 -28.225014203621214
v 13.104372916321136 23.807935356407857 -26.669994303755402
v 12.923789467238654 27.429500594470746 -28.670843836144115
v 9.938240544294883 20.832671236223153 2.33847712801135
v -4.2420334793737275 28.510264691666258 -22.83144077441849
v 11.564235284805108 22.223470936876947 0.9404207181771191
v 10.62970892137461 21.607432242132695 1.405898555475007
v 15.19223387107892 16.499226922634158 13.707496513822356
v 11.355906574148486 19.856108720214667 3.092993166964904
v 12.796948828800012 18.818710665464657 4.649627315262274
v 10.031992460480904 29.051995861161036 -26.668886173030614
v 13.43053038103512 19.375518196148803 3.811338033477213
v 12.94175835873032 21.096483128635448 1.776344011687069
v 15.814257704106135 14.569883651950434 13.571228088978081
v 15.815067288914053 14.748611049255986 13.491050021295445
v 16 14.560591865778662 13.26445842876922
v 15.52351515958497 15.036050234514025 13.825382482906235
v 15.654840894591576 14.893479128742843 13.650535000690947
v 15.521220881350503 14.875770921220163 13.885057370964134
v 16 14.89265514215836 12.928171863369055
v 15.808356847340313 14.891405762563794 13.322566864347856
v 15.806043140759112 15.06967070086085 13.221155838775058
v 15.123950795326493 15.45857181569446 14.319425128833046
v 15.199446320183498 15.361767359828074 14.195774265378592
v 15.115080302534462 15.31493341665789 14.344628533247727
v 15.364639256739526 15.440877460982021 13.748527625752356
v 15.289640808778397 15.41017072212495 14.025747956755325
v 15.264219688869677 15.545262759468487 13.911797898012706
v 15.306777176944241 15.128575244263573 14.161569860154772
v 15.29556122379207 15.26445463598075 14.085643625099914
v 15.401517954389414 15.160317136672905 13.968132127534595
v 16 13.070193427827487 -26.27260701184916
v 15.797590341637335 15.665069770125086 12.99114200712112
v 15.796718953510865 15.874365404001066 12.963582976334674
v 15.801870956828733 15.263861822007614 13.122891475518205
v 15.79814239975079 15.455699560613636 13.025424060524905
v 16 15.326482542854455 12.802285677347736
v 15.482587667150328 15.68022159210053 13.466436932875084
v 15.632833211313626 15.582431096510398 13.301346727429912
v 15.485400965565193 15.502414523625854 13.506135651320653
v 15.500360882789957 15.167363920200199 13.67621536977387
v 15.491419890566963 15.331877131015796 13.587474476824635
v 15.640295389238204 15.213328223898019 13.42825474149014
v -21.02958768545215 32.15868210222443 -54.79942229510452
v 15.203608993912892 16.2942662358151 13.759146741235686
v 15.086041405466016 16.373356136622192 13.901777884392136
v -23.23282713479915 26.19425877564383 -58.85473658396933
v -22.907148390263586 19.461411049010685 -58.15444995344966
v 15.621232527481434 16 13.188689318997222
v 15.352938541000569 15.80138406622668 13.658909648529962
v 15.477566044543073 15.892443407397774 13.447765883546719
v 15.47518036771946 16.108047746110756 13.436111193577862
v 15.341836009199973 16.202023863097736 13.618740311114232
v 15.113540279870774 15.613173634670998 14.305116529890876
v -21.705902455902788 12.645458925320723 -55.86495470111616
v -17.88736183467168 7.194707060503854 -48.655792837576016
v 15.1882862394119 15.668411331203936 14.136506648993658
v 15.24572660121472 15.721296207340984 13.877655585323927
v 15.228897585682537 16.09531350017106 13.827007187646286
v 15.2475510361354 15.906992193106408 13.879573245029915
v 15.157055702907122 16 14.07412461195225
v 17.75681350814623 25.103924512041736 2.355311168432481
v 17.065458825746397 24.20346317752145 2.0680279853872516
v 18.896557183908403 25.80673872647497 4.412871479186258
v 18.381643070693293 25.611251541321867 3.233849138080032
v 17.234876992468923 18.89963486203349 10.545096284994658
v 18.503469216994876 23.677853615790582 3.9447510320842554
v 17.6807250863606 19.57223852056629 10.117049992706908
v 19.469520601459003 23.726928456758806 10.386197742171356
v 18.833416229383246 22.821404709736317 10.376646555695816
v 19.570346592441606 22.113820223316896 9.117477658870762
v 19.184150077025908 22.458964845537206 9.782833497431621
v 20.131570678912247 22.71197621016294 9.314978214597508
v 19.478777055954115 25.17551526942635 7.457012989487156
v 19.255039992479325 25.560622479887137 5.989116687242872
v 32.62232293246165 28.868283993637938 -15.09448142283053
v 32.5105583244038 32.06459227104719 -15.039945716113422
v 34.47272452393368 30.554308952637175 -13.889496144538409
v 18.32809120425478 19.649416492551225 9.676511866380757
v 19.065284183130956 19.743194982403146 9.164486307948238
v 18.445446419363325 19.074080191512678 9.514664761156437
v 20.61305278585622 21.37704982212126 8.535923800587248
v 19.81927953348856 20.54849901774192 8.773002572562266
v 19.7473535140037 21.362080384256323 8.851692085623416
v 19.31653741977343 23.940128200110593 6.259685137883759
v 18.885988209290627 21.229158642370646 9.322682388552089
v 18.238035485618642 20.352083253352692 9.691841997598171
v 31.96519630216524 38.86282586119137 14.865788448302764
v 32.16196694261929 40.223071000471606 12.88117340983547
v 33.917550436680145 37.17043856052661 10.707801351401741
v 33.14673012550771 38.77515499721835 11.751084984833629
v 33.68456837275713 36.06786523227204 12.735578106340292
v 31.58966140259763 40.47783702821603 10.916777607675499
v 30.480432914312573 39.84713742613074 9.187009568278011
v 30.83398719685563 26.77725402588242 9.339290706613024
v 33.8930952141836 30.750510031801277 8.567720501701874
v 31.97856934678368 27.281385981099774 10.433807056664016
v 25.5985079644235 26.805346427214943 10.394666681135948
v 28.560310580999726 28.090101753689257 9.807999445670742
v 26.442638135222012 26.40070185668005 9.572012745717593
v 31.086618737145756 29.595429005829267 11.868948633723491
v 29.949911838511444 28.988253208111477 10.711072696037235
v 29.147743419102184 29.766940957201797 11.523677382925001
v 20.953681318281696 25.57148470499998 10.90880048830097
v 20.259355123040557 24.7472362269232 10.593910704137073
v 28.73551778040538 38.067334798388984 7.875565042600863
v 21.736124895579156 26.474837791612384 11.30271519449563
v 22.847651466541063 25.50547122011218 10.125295706886739
v 22.290979813224794 25.995582003842912 10.717595771150187
v 23.90229654513329 26.53472624192326 10.477386274541733
v 32.799407065562534 36.6081703206203 8.983002193570595
v 31.035216646218473 35.199057395247664 7.702019209452571
v 31.239425375063224 38.08889341849178 8.163207185075256
v 28.03659523186583 16.59712851936907 7.594800797890942
v 28.820177867975573 17.650654106760555 7.446200570659004
v 29.57986669547123 17.038531286739136 8.00386447266025
v 27.79614262712592 18.94880665279875 6.016362680653705
v 28.569272697389202 18.344913635063314 6.536972115343769
v 27.23277650912393 17.82722582290429 6.101248842749385
v 31.087951917982025 19.415599185690684 7.979775691050319
v 29.52864147236202 18.809443219626356 7.3837591308354735
v 29.957558213784594 19.987594354050994 7.524706645047694
v 21.95731395368572 19.68182250503179 7.800256474943053
v 23.011555824989287 19.532884117016323 7.4946374257150765
v 21.818792351262285 18.870970018984856 7.758461482042565
v 26.104779311559007 21.241910246597143 7.023813502503302
v 24.568436898373236 20.3883638951403 7.098319035699992
v 25.001941625470472 21.56350588928323 6.961761984475638
v 25.040382829428513 18.746973694111492 5.968039336827987
v 24.965342962278534 19.650763995960002 6.3708572721928505
v 26.579997139198618 19.44008742610382 5.895860802086858
v 31.525496281137407 24.29953744404033 9.574856818767962
v 30.305383914609273 23.609223213059096 8.59630922132392
v 30.373790953141324 24.88349135622709 9.000865811153314
v 30.24193703655117 21.243392198376444 7.780681989306075
v 30.28641918665381 22.406531643312945 8.176615390563448
v 31.496702155454287 21.84339180664362 8.654488414950702
v 27.930915360712774 23.37371120981871 7.405081539345515
v 28.89559744741108 22.814986707483342 7.883819952660433
v 27.614091005145 22.088448519761965 7.288051619263943
v 27.660749959625015 19.970437725184116 6.494367902934423
v 27.382083714269932 20.91942443178452 7.0864324739294915
v 28.830164868508227 20.551941192837287 7.148296279083619
v 20.642389556026913 24.236622529358414 9.984735611646048
v 23.593901081163665 25.20492524732341 9.175592118752398
v 21.895549072447878 24.559714801447004 9.706373865632186
v 20.975826581201844 23.609898354082635 9.446569088591792
v 21.31025183035566 22.982819549251712 8.91488944578456
v 28.718049169481354 25.288082340283577 8.831753740445357
v 26.794546292386375 24.002931562499565 7.094689575642128
v 27.70140826586864 24.603591425561163 7.940592852870079
v 27.4109337534616 25.826775931619036 8.538819200344996
v 25.726338013179507 25.86881869493959 8.603374056447
v 21.929995836827594 20.576582002525207 7.880134578426825
v 21.65388959418475 22.291399788696456 8.373897929797245
v 21.82038100229373 21.452237086658922 8.08392739706344
v 23.160982565864312 21.43712261263376 7.684607623356255
v 25.463698744641274 23.09299074391518 6.672933033770052
v 24.84596226124912 25.233970735417742 7.781848637878701
v 25.394423412095772 24.360952809210566 7.0003272318325305
v 23.307633793072803 23.865887339396103 7.789092994635933
v 18.294337964832796 12.714412503053383 16.162996093124015
v 18.166435863375064 12.75301094706995 16.418064076022986
v 17.65967355588845 13.181370229418544 16.215556990957754
v 19.63755495952646 11.702055699335743 17.074402637181844
v 18.853536895538635 12.209787836487024 16.70709900214437
v 19.77832382920316 11.71248266793238 16.697446653455643
v 17.50354005640053 13.171483090265081 16.64031752660139
v 18.080089236638088 12.733983886905364 16.678241554620943
v 18.011498470590855 12.68735867605039 16.946402632756474
v 28.875801901833174 6.645415420581566 21.78145122071623
v 23.00187064004777 10.227876067214464 18.908376610353663
v 29.48398078910029 6.479874102483745 20.697193915641495
v 20.487374025278147 10.948419997010587 18.620535111428374
v 21.72345863123507 10.49080524017143 18.821559131738233
v 21.516984217259004 10.505171274854263 19.395990914499322
v 22.017975631255283 10.576852382960084 17.647855419883122
v 21.835211094561537 10.56704815798794 18.2123442527581
v 20.644242898034033 11.137034871303847 17.581193734999076
v 17.30708448012641 12.84160575680062 17.688397640230168
v 17.865826155089824 12.39485761029418 17.917622995781173
v 17.751296470181977 12.403445243344025 18.2227930820135
v 17.980972234759452 12.56749114684537 17.26373189934053
v 17.950860974453995 12.437498723721697 17.597550572864396
v 17.412629873035335 13.019798533449746 17.123754245070636
v 19.226860334812397 11.520679141782534 18.768372536894745
v 18.568987503613723 11.918199386804947 18.15712509908614
v 19.391408968739263 11.478837720652919 18.37012640723239
v 19.594501700656732 11.590552513204859 17.501398855940543
v 19.53466377921739 11.486449289896612 17.950791453900774
v 18.68036634487683 12.114923951701098 17.378364025934257
v 92.30277507946742 12.214663513288986 69.28251152940285
v 75.99012693002271 8.276008148881813 56.026239790474335
v 97.25501342315039 9.785957142532773 63.844806887831915
v 63.38849074760942 4.153797287826649 56.10713668783447
v 70.27888266709881 5.873774312453309 56.864940445872406
v 63.48603970597124 8.275487907399286 57.84650964175481
v 77.09313252010796 2.169782696730458 48.47495943857619
v 75.11035686941551 3.7247695819468447 53.646727033873844
v 72.22593211482766 -0.06342642589973124 50.14144949495337
v 46.16846219988892 -2.645135027847772 57.524360560419574
v 47.65047883476069 0.05240195438960171 54.39358979071981
v 49.44923227754576 -0.5037240083093941 63.37634883150559
v 28.76228328460966 9.379494845271449 27.33687647839058
v 27.845713391127603 9.933164056133313 28.30641745431701
v 27.49361944846281 8.896552527093164 27.53996243889634
v 53.250467438975996 4.681225554394773 57.336216738091416
v 47.81108122134467 3.046256848836835 50.16639415747955
v 47.5535803212795 5.74034931355261 46.13439073414439
v 31.50962307875414 7.708947968287317 22.418574141749474
v 31.1943471715434 7.91792545414223 23.86376994238336
v 30.236246906856252 7.201515539327273 22.932158869672747
v 63.61982544041814 -1.5319846283214176 43.48239146852117
v 32.01155619332294 8.819856391513813 24.768086716438482
v 33.38000695267405 9.446464337515847 24.238207144877663
v 28.761995998366935 8.112652708719086 25.193621083119446
v 30.389782514389204 8.395375479185232 25.05658432694704
v 29.483402468831585 8.931603362988497 26.1141541127164
v 49.60956781522001 4.556079459491752 43.397910743223875
v 43.40005508562493 4.157484709809937 37.45760366509789
v 61.89025744141264 -0.2811433320078507 47.66030730789767
v 16.31558403121994 11.557829577105249 22.361373008022685
v 16.92291182245139 11.217409517909433 23.16800307940022
v 16.561300264591953 11.678288131981628 23.33957933344966
v 16.961753094829906 12.74383734843129 19.847311137854916
v 17.282723371068528 10.823499319029725 22.87569026218715
v 16.546656721372663 13.038560431077086 19.360544001413896
v 18.03800073771742 11.214537136917194 25.002595289375094
v 17.647117110321627 10.948480302748086 23.931556221840214
v 18.506697899278823 10.672226369503225 24.774057425879352
v 17.610833444778656 12.412531812514704 18.606383263866945
v 17.484234213481617 12.426729631460072 18.945692725968726
v 17.067318920774387 12.936105240270967 18.16320864777107
v 18.510739949967274 11.700637939718277 20.839928939951534
v 17.94407312610632 12.056498696693756 19.795872061866156
v 18.6971219944339 11.618368879674184 20.36403505879895
v 16.815862469230982 13.020466480829931 18.685030830044628
v 17.31276065693949 12.537502904293811 19.223804532386307
v 17.144630617332748 12.63801942940089 19.520314212053442
v 42.15359296407688 -4.246981308400759 64.92411330630586
v 37.03942817151044 -4.471132989592832 55.55424737977985
v 41.98610006092262 -4.473954898791156 58.0463931336285
v 19.58231965929302 10.384508466712234 25.730184030149054
v 20.835158705792033 10.095509347470376 26.782293439078735
v 32.56493879408185 -4.823171514739016 59.93029446072063
v 22.30099895561806 8.655452498316947 26.19523047326761
v 21.563529745861707 9.374219047770119 26.527539240912773
v 20.9369477970182 8.935731619244653 25.41753236741849
v 17.529515618409164 12.338183907760687 20.49202340398965
v 19.68014238100028 9.331903340834419 24.5147539599024
v 19.089513290103174 9.992133218052224 24.708145205795923
v 28.59792801582719 6.799642998019644 23.100542636231573
v 27.28107954655421 7.636359220964705 25.30669178331258
v 27.906996306982215 7.245247665637628 24.20100700334109
v 26.960361209028093 6.56124449955246 23.166568343741027
v 21.395753881318804 10.52520396627212 20.10332985441279
v 24.72042479070485 9.269853765552524 27.940763141809345
v 23.228100517605334 7.9568874999059656 25.74943557045031
v 24.11664892572201 8.39673583657633 27.039136813078336
v 25.892385993933452 8.489003417364806 27.487120702247246
v 26.61357033271463 8.045186754019898 26.460337328475816
v 18.27955509720691 11.955566708917654 18.953678581263798
v 20.10437433265796 11.024894515302261 19.688476350167207
v 19.1044156165985 11.492716288729298 19.314030808067137
v 18.936633217549208 11.508790363957106 19.867703704960462
v 19.664516995191022 11.18127167410228 20.88931765727405
v 25.7614211767227 7.312422462849165 25.351249405009142
v 23.936413960132704 7.457297963070987 24.91740867536294
v 21.20959110433927 10.561901760344094 20.83985879272508
v 17.193760425314256 13.606591306492025 16.176416254681826
v 17.250097000471893 13.624237190578558 16
v 17.053304094713553 13.623804043319714 16.520653099827314
v 17.11593064346146 13.63055532292819 16.34809431308548
v 16.606975833358867 14.316219712438105 16
v 16.828110452449206 13.999980253825756 16.14315580263598
v 16.55774445126166 14.334046973175832 16.116279646492746
v 16.862705190383267 13.32219210929506 17.395886320311078
v 16.910689851040235 13.42556246408407 17.142304648075367
v 16.426370523122472 14.283092905376703 16.48450755169206
v 16.632635467958085 13.882468856505476 16.761912702902496
v 16.390781049553887 14.205491575439424 16.632297020337546
v 16.973747878357024 13.465689337919043 16.932567584977587
v 16.999682600728594 13.580964138014288 16.712521493501406
v 16.062866445170027 15.09293379428323 16
v 16.114063500737526 14.975306361512883 16.06893242877645
v 16.037032946936286 15.104964125368891 16.05992056684648
v 16.359325320359673 14.595619717634502 16.096711166515274
v 16.21708836379593 14.813622446427935 16.080508728244418
v 16.252702724257556 14.800222455767742 16
v 16.15127327372228 14.801481369979411 16.24476529847211
v 16.182516574664163 14.820436705416707 16.160486147415302
v 16.282000217238235 14.586634213653264 16.29164243409726
v 16.705086613722557 14.032190202062086 16.423100633978844
v 16.456786736592775 14.35058832463927 16.34770946972241
v 16.50985729384026 14.333201828534431 16.233131561340137
v 15.721056718250763 12.073585881194118 21.622788505582445
v 16 13.469251191135285 19.222180713275677
v 15.770923386153799 14.008066305036587 18.015666358465765
v 15.862533111071249 13.764642724514818 18.534708925260343
v 15.627625139464453 13.982709068877712 18.28915525031472
v 16.159820881345823 13.401143121264582 18.946887192596595
v 16.30890771258761 13.313895683168877 18.71810759587839
v 15.643939715902127 14.73840164098466 16.779710666022574
v 15.653974669966205 14.594138464570351 16.990172494936456
v 15.55647857730008 14.72680701485934 16.89891536482843
v 15.912845807830573 14.248303892025554 17.230883300729495
v 15.77050339196704 14.434725158192963 17.10074499907567
v 15.857433010641609 14.459058518104499 16.95235421048605
v 15.564052810789732 14.407918844380344 17.43471686398835
v 15.672495866422375 14.416287566071716 17.262832146686296
v 15.707888497646797 14.219056066007095 17.597653654476925
v 16.648192169462124 13.366468985017674 17.8548412556153
v 16.746700109274958 13.354280512007579 17.635144568277287
v 16.434973347061135 13.348056691857183 18.37901195924839
v 16.54642005717839 13.357675369626712 18.10695604437458
v 16.186733904035385 13.98167850706961 17.24739128285541
v 16.340530382421957 13.67742257698438 17.63330133154064
v 16.10057457330878 13.978570115322778 17.42042005877485
v 15.890302342167999 13.994945348580554 17.800116302196095
v 16 13.970340375215347 17.613519849136445
v 16.128192575591004 13.656895096522275 18.103614149130497
v 15.657303302956626 15.348717685555698 16
v 15.66089208411068 15.32011162649054 16.05011403225099
v 15.606927014856309 15.332442687896995 16.05105198525562
v 15.769653042526194 15.311965883021944 16.04802318109153
v 15.715258507381746 15.312303562758656 16.04922338173486
v 15.764956971469351 15.347979282834533 16
v 15.603084875414774 15.253308126484807 16.1690355436579
v 15.65973654258356 15.277521911687447 16.1061390106737
v 15.65848403210804 15.22955880821168 16.168812927070057
v 15.967547703872476 15.215672214845386 16.052508918147307
v 15.917700100497447 15.260655837116081 16.04973661095869
v 15.948992757427728 15.264043865388407 16
v 15.83660780452924 15.181089500227733 16.16897893932944
v 15.881047027987345 15.231233876562166 16.10459490726822
v 15.893987728461129 15.16007845058339 16.171531458574474
v 15.860095449699095 15.335763639746677 16
v 15.869542664780248 15.287056885513081 16.048381009304446
v 15.822603003538667 15.30666493602014 16.04774578770822
v 15.574755981219155 14.972454893854684 16.54929961203589
v 15.649191484099449 15.008296172158136 16.440029278727422
v 15.641560639200078 14.887416281496062 16.57996706868006
v 15.657452156142927 15.171101389448799 16.244150194394543
v 15.653874556565013 15.099161681158328 16.331487622266337
v 15.590160906190572 15.135369361971625 16.32602908253288
v 15.783992279192729 15.008069415849901 16.34950783409856
v 15.720926644641045 15.065897264344887 16.336101191379452
v 15.78312585462555 15.126692070298676 16.246445651146715
v 15.777456832256549 15.27247378913999 16.101757563907412
v 15.780335914031593 15.206814736442883 16.16720994006712
v 15.720904437155133 15.221078698080014 16.16747660114678
v 16.516869397023445 13.735331725707923 17.184469162641157
v 16.079675772857033 14.293091162195816 16.8955761317465
v 16.26528203574654 14.052078395958475 17.020943697768192
v 16.329701373842443 14.147113047608642 16.807093749627818
v 16.200888015300865 14.470226927371675 16.543675723356937
v 15.721315824932319 14.778942584998099 16.638638722634195
v 15.858241715811427 14.920503019312081 16.38364925644088
v 15.796680592531537 14.857366371041307 16.49771652763645
v 15.816891281906235 14.655463319031615 16.7046978933879
v 15.930494644446817 14.510973895649201 16.781258031518277
v 16 15.114012215953192 16.119369003188943
v 16.10472298751072 14.765627857842103 16.34117206913924
v 16.0433333039926 14.971734468777967 16.210482582798033
v 15.961148118108785 15.078075122573942 16.18871499963223
v 15.917056108671039 15.02233854044546 16.27021898152271
v 16 14.56966933521249 16.626047294815837
v 15.948475659871459 14.8253288300225 16.416840667879452
v 16.058463380678145 14.667129989230194 16.47297868517231
v 17.092434627219053 13.809742659891814 15.838557870296306
v 17.537029768424546 13.389656629654382 15.800371879928683
v 16.506819120843947 14.486158227997812 15.894337365303791
v 16.753795776242015 14.179462132608158 15.869691006734204
v 17.177023204142966 13.785739048390296 15.498737274327402
v 16.937859885834875 14.00865122993877 15.707451628250416
v 16.81434501374034 14.162882553381902 15.59746548232291
v 16.034815520793682 15.158556294266244 15.943667304019796
v 16.105933349110988 15.048343876561814 15.93598089664592
v 16.224229377943814 14.87617770587791 15.768103719138615
v 16.158055615162702 14.978522347947006 15.86102228358443
v 16.123761677637795 15.019452196137308 15.799749399077342
v 16.20234318655875 14.894204136721003 15.924959623197116
v 16.326419609764056 14.724227774231942 15.91214529162002
v 16.735581223833368 14.222566683267344 15.049829126272108
v 16.561528893931765 14.41260879278711 15.295658049956096
v 16.49135064922923 14.47486411316884 15.204977949152777
v 16.70987037407919 14.282252896061971 15.494041510012607
v 16.634139002051832 14.349567408708555 15.392679059099585
v 16.94190132527402 14.012886627623335 15.250712707611086
v 16.265135931450953 14.782467411903399 15.571001051273496
v 16.418749819149404 14.598378010256756 15.495679861930865
v 16.311787732558262 14.744494422068595 15.64569898068204
v 16.4231366070045 14.616704455627106 15.8065213559894
v 16.361452584051587 14.694830509591853 15.724859598008827
v 16.54996189665554 14.46512415968638 15.669984903116132
v 15.618484356770027 15.352070564638911 15.950449072490077
v 15.682274691240895 15.362982303646598 15.953045931327342
v 15.713352570279579 15.353339204781413 15.85830884585894
v 15.70421853174211 15.371970086450677 15.907736338615743
v 15.64975366660549 15.341103236750003 15.85083944724607
v 15.733738124399302 15.356934805882734 15.953971197440817
v 15.781977556729023 15.348778551787895 15.954546257567086
v 15.773805238953358 15.297899070599398 15.634009188549372
v 15.760147598167443 15.321959033965294 15.699146187747221
v 15.713718001687067 15.30823796843205 15.630201522746878
v 15.83335850389185 15.328968698794068 15.810636385699508
v 15.799471710732275 15.328800044919044 15.75849433264069
v 15.849835085971778 15.310426635056416 15.757028065184631
v 15.687098786580373 15.339877576626048 15.751085494098664
v 15.74583000039362 15.33848817101362 15.756578979040642
v 15.730568496347876 15.348028595067873 15.80796331031607
v 15.921342472834183 15.293377222470049 15.95246459775449
v 15.968685132575324 15.243162316986975 15.949331480153678
v 15.832981420738536 15.347227745407107 15.9550475273662
v 15.87644705762765 15.324789063101852 15.954179532761119
v 15.90820388402983 15.272711216947908 15.851470764325036
v 15.892586827476991 15.30581298769157 15.905551995638797
v 15.862709493029824 15.31190937637499 15.858015224160614
v 15.76939042756511 15.356397118731552 15.861618339648148
v 15.816031124266868 15.33570660610548 15.859961520109497
v 15.799742576207946 15.34532915027086 15.908432562517735
v 16.135933202960434 14.086600100309397 13.259931673780022
v 16 14.861162003690357 14.550017364662676
v 15.878313863249836 14.287142237652787 13.547116364599715
v 16.145555627024386 14.73432231648027 14.71924254618402
v 16.074535499776427 14.787973794958608 14.62566325604437
v 16.25292006646289 14.629839416010375 14.445186935496118
v 15.824855759479334 15.051179535770746 14.923309814272505
v 15.93339705565734 14.916965551739025 14.771929162072908
v 15.885256338125368 15.002247490330802 14.99035988351413
v 16.409861200996026 14.54777339205147 15.10247459692084
v 16.351085348673493 14.573580184708547 14.995347954446816
v 16.563731945125927 14.381725162981269 14.85744570344876
v 16.051989094057202 14.955080743103208 15.265755253968003
v 16.17852051892433 14.782406069468093 15.143753931168654
v 16.099662313854303 14.922795562346337 15.334251044697819
v 16.420499997141487 14.464332061413572 14.616120364719318
v 16.28565858280474 14.618640184768934 14.89852125711515
v 16.2187445651241 14.666359238806564 14.803614198509312
v 15.743528331475872 15.26376063806692 15.480191233884305
v 15.809472657996851 15.22590909300277 15.454794440723619
v 15.792380921873162 15.264360840106797 15.545349995730582
v 15.852627565548797 15.101500485056954 15.193971799900456
v 15.828730636912029 15.171792377365195 15.339597778240828
v 15.773726843229763 15.173649382694585 15.255327429741595
v 15.919731271249121 15.132411967259047 15.463801107533435
v 15.876113869019784 15.155038299980914 15.40579932618559
v 15.953280385433187 15.060991043968828 15.340176393637869
v 16.06331907736616 14.842653406592898 14.960946790847641
v 16 14.971696375028907 15.182528789768945
v 15.944832002689692 14.99163891187236 15.094704360325672
v 16 15.18963170661583 15.8908191996109
v 15.935045887369302 15.234384455068058 15.788389067843866
v 15.966670006448973 15.209105229312186 15.838106433599899
v 16.03662878464308 15.130827487664817 15.822083236539159
v 16.08011965487541 15.055627877237656 15.738981964874066
v 15.831602989984635 15.262166867948375 15.614097745788717
v 15.959174687379829 15.125391766923583 15.541113010358627
v 15.891421729474004 15.202727925802224 15.582134158854247
v 15.869775663554426 15.26815296196147 15.681216833373345
v 15.902105407431483 15.254527397052776 15.735061778833794
v 16.298141092512527 14.693691912571735 15.316773381765504
v 16.138472728958824 14.945522699612939 15.625242645913213
v 16.20697283575116 14.836834489364216 15.493340048509067
v 16.151511593065162 14.887475721588787 15.416904331107864
v 16.04532005422645 15.029100085069777 15.490590961351643
v 15.964296859691833 15.186026458698246 15.7111555273814
v 16 15.123286049898539 15.616267475556175
v 16.039664571954592 15.095712258937827 15.679106872141267
v 17.94169379011673 13.08984762150801 15.625305122571177
v 18.19779614068889 12.852664415021707 15.843862504170596
v 17.516012168619884 13.503351540751835 15.28672185007863
v 17.727070275166884 13.288270499270297 15.436865107642202
v 19.399291307705752 12.142596278834853 15.372519547330532
v 18.470928625540722 12.717987510047934 15.387710329513714
v 19.01656929124783 12.435779819924639 15.109014148839046
v 16.977447857531377 13.99266155031856 14.759396611172349
v 17.09830033812139 13.877868152513361 14.87120995763165
v 18.22201602679677 13.037781306513203 14.447117728664143
v 17.606255051352132 13.447861134266294 14.651261214026295
v 18.014914426855135 13.203024834274327 14.271374281892165
v 17.22932847281129 13.75510181878481 14.993308886847847
v 17.372581249014164 13.621674243461948 15.124382119860204
v 26.897568032634673 8.305965035837684 12.203792406797374
v 21.407434546918466 11.542279489609875 13.75390649631186
v 25.900250911637233 8.807225894242023 11.55462112924144
v 19.713673018319007 12.11143026237712 14.735631051320158
v 20.57255146186629 11.742664406675063 14.266376694318945
v 20.995181147545814 11.49855193891086 14.632208431597721
v 19.692943835669546 12.321886547163516 13.72680087166882
v 20.102458535364743 12.051121442181492 13.977563901682643
v 19.08423247404182 12.52798117503154 14.19887100016513
v 17.94018596331045 13.18778366632209 15.00226976787659
v 18.48988842539253 12.820563885995142 14.625823171646145
v 18.756303081390694 12.618787607510843 14.848710993162337
v 16.229296920116944 14.234536337356165 13.001706497791453
v 16.389599912981662 13.981067323744726 12.974084297057846
v 17.08355047719678 13.69700542638901 12.207307584412657
v 16.705273618931322 13.837006515409193 12.603813216874306
v 16.827476509918622 14.056988873947116 12.34473334950538
v 16.582218502776367 13.65042522489883 12.879175837678899
v 16.456141380236858 14.45566337748573 14.175292783505775
v 20.94361379001832 12.105020548039732 8.001064860497676
v 18.705726578514657 13.36735769761783 10.913218289195983
v 18.932744601444668 13.729595883467198 10.513873127236682
v 18.339574056931355 12.652308326047557 11.537118212910606
v 18.513020468939015 13.007165609558363 11.244759566595093
v 20.768900492038913 10.441291541026153 8.283756914914942
v 17.70701570042841 13.854173737057664 11.472986450412666
v 18.08381700240841 13.455331094393253 11.353135696167715
v 17.551956408912215 13.56721931509648 11.784624795748886
v 16.750519581167847 14.19313599158636 14.510477624850546
v 16.836953083260887 14.136031648493159 14.645781464294867
v 16.569156164358716 14.328288674760774 14.249558849877102
v 16.670299159878663 14.232039570910795 14.353916642574115
v 17.393756684620904 13.735761424177301 13.744854312236008
v 16.98025099047779 14.011586597949309 14.086025006773452
v 17.233697092505814 13.887431363224813 13.621814134422491
v 17.395551014825894 13.28621184076343 12.06648046534413
v 17.748436438742846 12.83198583942406 11.954638557659065
v 16.724529394076395 14.265402874873025 13.872134840666295
v 29.188306092391745 14.991413627012346 8.234424294755897
v 28.04488514500543 14.449168230362314 7.963486564629493
v 27.71534996947777 15.418808272073104 7.819127558996694
v 27.75186639714662 12.642559151317563 8.864044436822923
v 43.01384532545029 10.390134091389232 -1.2048168030722302
v 29.21757162615554 13.007816095350911 8.974004037285237
v 25.1048182221873 14.518927270126229 7.976486860552505
v 26.57399269553546 14.027324233806205 8.039158498742138
v 25.134053818924265 13.716663868888112 8.269415226140904
v 26.31506442165111 9.624939591274838 10.977210932794584
v 26.48277503733215 10.424073088322785 10.574684234823513
v 27.673803783561905 9.75947989928257 11.16885905475876
v 24.817996925841854 11.377346336736657 9.385454444485443
v 25.80498403786069 10.818321822032221 9.828977979725618
v 24.32686126907551 10.853716716106248 10.001407982781103
v 28.459623895190596 11.30180915573753 10.09407816260655
v 27.19132721866496 10.981416195317472 9.871518399553635
v 27.512336769970133 11.761552894818768 9.355991062469723
v 20.529604690793672 13.76511027029505 9.584422801717878
v 21.886307263880575 13.034090298999612 8.85961935516247
v 21.718963973067652 12.465485884208054 8.128325253165034
v 23.755814407035604 13.478195951302595 8.593019891137345
v 22.505311807409736 13.350981637968586 9.013030717732027
v 22.560829688513735 14.006453166205993 8.719557722855688
v 23.177424119982252 11.564107942177664 8.79363605833484
v 22.74145567688861 12.547332839813146 8.996355299993535
v 23.674255848896145 12.01893726433791 9.182874201874212
v 26.32635200342659 12.336372327411826 8.875710531469476
v 24.937939912429822 12.136953384036014 9.000496837541132
v 25.018600547406443 12.929203356064402 8.64820023318666
v 17.25106449292091 13.780335781021432 14.378963333218902
v 17.964091092119734 13.417279987332304 13.379445839711515
v 17.598472111311157 13.555338778310947 13.894726358658533
v 17.8025494568142 13.382888501778442 14.075739472186937
v 18.495270327135977 12.975365284896332 13.757576467701288
v 21.91687558196743 11.433543792486091 7.898099971100397
v 23.16557699827607 10.629439007411023 8.937875737808977
v 22.611064409818397 10.980414005258316 8.323177149326083
v 21.871785314268077 10.499609966643897 8.014014402444602
v 21.463036319520135 9.920973345213337 8.631325410256322
v 24.848954507934614 9.537545184811396 11.01248310906961
v 19.416044553805303 12.533913965393856 13.402187366224435
v 23.252643192056116 9.754227208733262 11.257769144886854
v 23.82642804409362 10.245531163172625 10.609506079789465
v 23.044792405640692 10.77708557939814 10.188170438285272
v 21.74225946575754 9.819070945502746 9.547958229830666
v 22.59564072207718 10.129938751452073 9.681505975271737
v 19.053583466109544 12.812477881831999 13.163133825328389
v 18.845724652638044 12.376788143135862 16
v 20.34397250736821 11.604271734876644 15.500433917481786
v 19.56296393776083 11.959895721160311 15.780889805284927
v 19.691718503259324 11.813898770285324 16.227028163689678
v 20.631380576313553 11.313439375752676 16.53261862206436
v 28.583215599058573 8.223145072013931 12.448645253024527
v 27.878501173796828 7.633767019758821 13.076339180363359
v 28.699348206427004 7.076411275746173 15.368154425319107
v 28.217073260897102 7.408612764932322 14.208763855024193
v 29.729687825088924 7.5145862691694205 14.729737448792855
v 22.37482559522538 10.91679517145613 14.681716649723988
v 21.24872317107736 11.291462243390944 15.13910124756034
v 29.83124048301909 6.25841908893846 19.404289421326848
v 30.732138658363873 6.895037582154847 20.157844244629786
v 21.826221050578777 10.773398996127714 16.955620304290388
v 23.29559956504974 10.182581722085168 17.508694989881675
v 30.772209546576335 6.870272411280149 17.3667160407909
v 29.71889953398896 6.352486571989839 18.01143008556931
v 29.286433984291662 6.663877345471585 16.661055542363655
v 21.51408555672659 11.049513839764604 15.69832130499288
v 22.781594997869764 10.608830956555945 16
v 21.722982927617213 10.861968047653702 16.313107586632462
v 30.281832576296857 16 8.485076374598915
v 30.725080401786446 14.914626013760964 8.65557182486074
v 33.44910305228022 14.782093191185288 10.158214397284233
v 32.03455605436111 14.85229146048954 9.360873814171688
v 33.159228430607115 16 9.81437290043101
v 30.732306386896198 13.835681870298412 9.061567419114624
v 30.66790477338845 12.786085732211324 9.498110239921907
v 37.805636636269526 14.540163422798912 15.097771377269419
v 36.91174976625132 14.593240313776803 13.672214118155901
v 37.89652692383186 16 14.482407567831983
v 34.20449233328965 12.24357508376602 12.367769163304198
v 35.49680995275571 13.34735055713018 12.983213206280487
v 35.458451273756445 12.026132999080545 13.544015126660167
v 36.318363535669164 16 11.72045180991898
v 36.198773102383456 14.629291721110024 12.303943386083848
v 35.009619651621705 14.690922597956604 11.13619084730441
v 29.36654383991334 10.06912580164665 11.271675599554738
v 28.887868886734744 9.281818333793968 11.84793538768827
v 30.384241763079466 11.763154409996414 10.055616768153115
v 29.995264556441875 10.850067016722168 10.622656419836652
v 32.16780481805089 10.303256160886576 12.479218682226342
v 31.207742508856686 10.52807471778365 11.456521464520549
v 32.602219581799254 11.314888739511883 11.877064594669292
v 33.27472188202127 13.58382091304363 10.715831165769677
v 33.09243573125701 12.396774769355279 11.266434659864343
v 31.993177534829375 12.561291868038543 10.269478990035868
v 100.20651265124484 9.793204803657215 57.999681303675125
v 107.10540698273722 16 63.93853811678531
v 78.18285524038899 2.374988878336147 43.563996084391285
v 82.19585841053758 6.275188914308906 47.17607580601734
v 102.06139808220239 16 47.02375601309195
v 85.39362992451613 11.032998644802888 44.73251145835301
v 84.58172626769856 11.213155018258558 38.9604776772569
v 31.985244085182817 7.667220183048254 21.149941147645308
v 32.95401512631693 8.47732756683814 21.997368083132113
v 35.39672550150199 10.52628507797176 20.816912938875653
v 34.25873510732639 9.430291563860667 21.454995769216197
v 34.412063908216204 9.512488998049513 20.009502301594285
v 33.84203466066416 9.43454477640104 22.855372412050112
v 72.3759501014978 -0.6054074663062003 39.297734978491874
v 48.58976211591183 16 18.258713289340623
v 48.08402044704506 13.841667625073411 19.571424231077962
v 38.451269158353966 14.496939829427566 16.92894227254998
v 84.05333807769078 11.313578669969637 33.412155249803874
v 80.56310402891658 11.618685315454723 27.81402882499213
v 83.48514793474068 16 30.2140356035301
v 36.95217841179846 11.721079277243561 18.644518441829746
v 72.30741704947367 8.339062706788424 24.712577727070666
v 36.94740316881305 11.677586292816509 20.17950703296064
v 78.71042592810886 2.5165723866858087 38.46979454471874
v 76.75357178435323 3.1926502373884933 32.82504507897359
v 82.16086388684604 6.746218851445844 36.23796257816916
v 30.06859509742404 8.641828720017571 12.78909871811331
v 33.20638694984032 9.884913364802948 13.74047733830655
v 31.621338367358263 9.195545718078389 13.220350267819345
v 30.91575746077982 8.182360652796856 13.96866439815255
v 31.657434370265523 7.784901339877111 15.269136021338994
v 37.93431337945404 13.04479320044323 16
v 36.05536799733478 10.456832616914049 17.701478817106295
v 37.49072111545053 11.600919850735 16.905664852938607
v 36.773029664870414 11.747828937525687 15.124580196473794
v 35.266969144063175 10.674740700620031 14.365408210269656
v 32.24760663028207 7.502159835612604 19.70822108359033
v 32.1493319143502 7.526813918926342 16.753824968799087
v 32.23262357046701 7.49216544540236 18.210675941653033
v 33.42460770345548 8.410064764595933 19.100522183007662
v 34.55169921168805 9.40679433513251 18.43618749851018
v 34.17117864652086 9.551824172787297 15.202961634669416
v 34.64828367556528 9.382519958945622 16.81796551704913
v 33.247970448821306 8.450665076000277 16
v 16.582726701260807 12.056848185595562 23.905751968560093
v 24.779213360962565 -1.7607343248947416 56.06723727962418
v 17.28923497875991 11.866933858619856 24.775699122574647
v 17.021980230986596 10.088171796790785 30.278014614401314
v 18.76947533078159 2.7159941981260793 55.67861916675416
v 44.23151995002247 -1.4480388831846156 70.1581257647949
v 39.92475307830071 -3.073746967380437 69.9197511505125
v 33.02301695815193 1.0196088374222683 76.32297842473992
v 36.70703426718482 -1.1935764605843922 73.54962449521395
v 38.19138421526419 2.284970297558816 78.98088500510923
v 34.96636766116709 -3.8038839947934164 67.54228879379127
v 30.16502602584611 -3.873828629813964 64.090768145249
v 19.98959710011061 9.398355174069032 75.30611819682048
v 20.41650728207124 13.270448388118556 81.96954378203534
v 19.547076782874676 2.8210202888461673 67.50847490934713
v 19.80954969535747 5.727711166251417 72.13756851391716
v 29.29898913368969 7.780772699364251 81.11987743632147
v 24.524862968297946 6.304902862246811 78.65721752753548
v 29.065461423895158 3.366505936418548 79.3182075047699
v 27.14242150159892 -2.5685664692825405 67.82257941191534
v 28.310370160459087 -0.17216182330150787 74.39607499583968
v 23.472271782812328 -0.3418125290431071 69.42377871400268
v 85.33165767222316 16 70.45411840114355
v 61.66749847900487 21.190023572333523 61.12980464398876
v 65.49799172835284 18.684464027923376 59.65222958313224
v 65.21628557171474 13.330813966547383 59.40379320429821
v 57.85438606106756 11.243329337113675 57.361588204759165
v 49.31926057301036 31.215471459529468 69.91169608714506
v 52.29447680532165 28.683455033530606 67.53143432086523
v 54.98842683221025 18.760623076537154 71.48525639884207
v 53.74866373830791 23.87029720143467 69.67912978121569
v 52.398979951119884 21.448910636620365 74.89478671673794
v 54.57941738324819 26.005224128309216 64.38228355516895
v 59.148393690800575 23.889157997309383 64.09857868120244
v 51.7569856983207 3.5043764187075936 66.76829650716881
v 48.783777543127414 1.029060580441623 69.04526634439566
v 55.06449479037258 8.85753315187663 59.54615584952256
v 53.64234130121456 6.237798106393981 63.207100418955896
v 52.41970386522143 10.547987002925248 74.92831871413418
v 53.50855818674835 8.179762903039183 69.33769631610798
v 54.81219252870416 13.25185540809702 71.23445362707625
v 56.963308517299815 18.496271488634033 61.626869874985765
v 68.07925235838208 16 81.5109113515717
v 56.26901824555365 13.54603800913185 60.85353654252185
v 21.38774656932471 52.45740381283073 89.09462215200284
v 21.57299537136764 42.73130972651461 95.84500114546032
v 21.50720004560388 47.85738780767379 92.94070819711868
v 26.87434791456556 50.86129364757834 90.02064559574437
v 31.66276241319467 47.6864564713344 87.48289855379969
v 20.80750943385811 18.971204231360076 87.80995837296909
v 21.10071173016221 24.440222497920196 91.82304808385832
v 30.55167721588224 30.070572921809188 86.52074837652191
v 25.92271033734984 27.284831316133378 88.93130955677833
v 29.84529433399937 24.556862482657948 83.79491742089219
v 21.182308882762086 29.973875635303347 92.3665638279695
v 21.39250984863782 36.035590498212784 94.30672275773571
v 41.63365580861651 36.43615092462221 73.77114345778071
v 45.811727410995395 34.424660803342064 73.18952735271299
v 35.33357355764218 43.12540922871564 81.63817120301758
v 38.37821586195847 39.36639249317393 76.81419938982079
v 38.74195496996801 30.05530114205982 80.54344789225557
v 38.515224458236915 34.69496269986837 78.57500211174138
v 34.95902330863928 32.68409224534301 83.18343504049167
v 26.726244681740596 39.45823128821985 92.68839396710017
v 31.230490454610162 36.00833062448051 88.24810068405509
v 31.65355509727882 42.08625766514832 88.80352856792544
v 46.84727044862283 2.5391091811571727 74.97902363091566
v 48.591551766931815 13.100461944450995 78.1173407561015
v 48.057911880164575 7.67007138205164 77.16527215784868
v 43.66401637834237 4.699126699785138 79.50971621550616
v 39.43193749428417 7.341906184782381 81.93185142962953
v 47.543738461434245 29.764810087644438 76.31064885377603
v 39.71036455842783 24.760972531185494 82.71527840111177
v 43.926109873904295 27.40793965477625 80.11141783747665
v 48.09511657465923 24.339595886688492 77.2362572947728
v 48.83165908815425 18.920899429204333 78.57496942002848
v 24.806730253637948 16 81.36584216731823
v 34.032295274696 10.46497529060355 81.24145719902423
v 29.336770143090213 13.254279631086984 81.1538044320259
v 29.281656888047557 18.73437387457112 80.8845609643695
v 34.46865516224204 21.668965659395536 82.82022210349288
v 44.64814619735165 16 81.45243839355878
v 39.8249550616202 18.944926401704027 83.13953314408457
v 39.61156727446391 13.081449779345318 82.53819910709399
v 15.549354546244315 15.324586118687197 16.0869624983704
v 15.544264267308002 15.249470460460994 16.214421986179396
v 15.550219228254536 15.29378450596905 16.146657174362527
v 15.47665362050634 15.304864844611402 16.12968386821786
v 15.395905334984633 15.28623340363152 16.17842779241045
v 15.489926475602893 14.952486120054775 16.647399181493427
v 15.503880282545767 15.041399318535639 16.50989240141984
v 15.370876094576442 15.161301011923108 16.43967070778251
v 15.443436404012196 15.115689887868504 16.467334815935896
v 15.340433477140362 15.084431993738923 16.565852146881323
v 15.527395963941155 15.13696952080087 16.38701314877404
v 15.533641945951997 15.191922975410044 16.297506213905315
v 15.081016287644081 15.2424184689174 16.38171952492594
v 14.359521976404972 14.808152646382979 16.736602173936934
v 15.296699048268092 15.263576845927057 16.239448082951935
v 15.189376171524477 15.245257772045369 16.30733746200682
v 15.168343475274073 15.171683299868254 16.511927874130574
v 15.185793606289018 15.21627430428662 16.40138867655258
v 15.27847321911729 15.187754299642428 16.42135695676088
v 15.469049195029513 15.230409582198117 16.273038605529045
v 15.378870823045508 15.206855810673567 16.34280304036146
v 15.391107592381356 15.253059444647883 16.254330207723225
v 15.320877756272948 12.480743338623702 21.274556264101925
v 14.72352859160055 13.28696836116141 20.46796298948193
v 14.980558882342889 12.873490747098224 20.90903439038049
v 15.164695998252192 12.629084780561218 20.477420245332482
v 15.456760727196535 14.160780099926969 18.173125842809597
v 8.372319835765406 9.990295608082164 28.34184576104495
v 9.380011650894133 9.558823900565532 28.445616614541073
v 14.440230518290424 13.768129078139513 18.975356471985265
v 14.273605473520874 13.94398295828512 19.266754552058398
v 14.295985685847665 14.01377302837339 18.75715307761482
v 14.312741806917101 13.93959188608886 19.762547219704864
v 14.499082442808712 13.647225642550838 20.076745079872406
v 15.458654405250225 14.696719051960496 17.074384195031474
v 15.469165468559027 14.817784668839657 16.85890831427362
v 15.451174831869048 14.388004371041857 17.687913122406336
v 15.44660609143429 14.54038526287234 17.35899395003833
v 15.21599907306392 14.726345020018853 17.268540146994003
v 15.323891700917697 14.628532063530303 17.320125549198092
v 15.177913073312265 14.592267851992828 17.584728959159488
v 14.65958559390247 13.39343047649791 19.778110721073542
v 14.618671052804649 13.497152559760883 19.195983987951728
v 15.298395077474048 14.320286393432193 18.06053844394142
v 14.05318531886482 15.749339074573621 17.2989415966002
v 14.081861677400749 15.451998879149818 17.164729871113806
v 14.08028338700737 15.601339511214457 17.222646100266065
v 14.062861524977148 15.638608968677213 17.458413374179504
v 14.02833063098329 15.507120934676884 17.668717691549585
v 14.231150648179877 14.906790979596943 16.861318632892587
v 14.120256289651518 15.000139418783563 16.972853385666127
v 14.081993258409113 14.99452438408143 17.43873297697093
v 14.135426044455002 15.01462132530278 17.17351817133695
v 14.173981691726699 14.871458621407516 17.31544630003424
v 14.076380634409254 15.137381580763124 17.053393012101697
v 14.067738375692828 15.288607617059942 17.11514836284423
v 13.988527616007445 14.986487590686036 18.44001507811486
v 7.663648811425132 10.847851623305148 27.474288951789518
v 13.977706514793892 15.342451014039106 17.93133652161868
v 13.972694887228094 15.174464095163595 18.17740808866196
v 14.029178537263853 14.781965350271276 17.97876793778722
v 14.001144917687286 14.976277286175247 18.076594651703104
v 14.013911937660886 14.96970581507797 17.764263849643367
v 14.077167533381093 15.317809209668777 17.326588042624923
v 14.067424914388006 15.164726131780387 17.51344331646474
v 14.046566820750408 15.334863982559117 17.59240333532929
v 15.379469741405515 14.89904251971863 16.804037128158196
v 15.106106819672416 14.824557671850341 17.192661329181444
v 15.255783237689513 14.861814449887971 16.98017345567049
v 15.303586380154178 14.988880951295604 16.743436600108144
v 15.220548104829156 15.055189638072987 16.700469705834273
v 14.097853673172187 14.531984020719527 18.604583984707208
v 14.128019865531014 14.596961069359894 17.844953494903983
v 14.134128700679327 14.583299017908404 18.166665235596312
v 14.176928034372397 14.292238845064292 18.479488891637693
v 14.314353034823473 14.124286160197366 18.273641109650516
v 14.304586963235604 14.761827724015623 16.955581944780466
v 15.114920815989636 15.10195533140761 16.67307959539129
v 14.378664670732501 14.603751512807072 17.06013024787417
v 14.26372481354952 14.723384231440535 17.195868764606733
v 14.203164917357402 14.667850615858729 17.482357271800776
v 14.355458608784387 14.22982682567672 17.84781788635107
v 14.268041173176005 14.458572135472801 17.659182475135843
v 15.054961707917863 15.013509703612124 16.877967540213643
v 15.710684840041605 14.500749587684025 13.752968477540358
v 15.746819645880565 15.142819069024732 14.987199935694488
v 15.626589590947535 14.493081766233598 13.998434914939907
v 15.57280253841551 14.689834269653918 13.942865954611346
v 15.461369989697669 14.855187628988489 14.114662862623254
v 15.676644677847918 15.279859171514746 15.476800098314758
v 15.691417543624429 15.257092622173442 15.387570311443747
v 15.565949338595235 15.256736666054103 15.163284768872458
v 15.630840665858717 15.251169981332174 15.27920324393838
v 15.55815586199742 15.282198569660181 15.285081166981927
v 15.701684968186388 15.213173455648631 15.267414553783343
v 15.720957119388615 15.180402193708955 15.141802950651785
v 15.125828673137635 15.149440881091989 14.35655281915668
v 15.036091918631746 15.240555122228937 14.440363962315464
v 15.350610061613951 14.982044025203267 14.236147466228509
v 15.247750674788715 15.081385042488659 14.322501192347438
v 15.115203130799973 14.968666289115006 14.568368592494862
v 15.180886516930265 15.024492226742375 14.450039861440201
v 15.2209333457987 14.885235137568376 14.513882314747487
v 15.667896167829129 15.204909618247314 15.024646647140598
v 15.32332625871291 14.773926265212843 14.434378395810828
v 15.393842633447782 14.821266534503112 14.291476401021308
v 15.57055100718136 15.356354738191225 15.917127850670811
v 15.432152946635679 15.329061681868335 15.832278445703542
v 15.50852543900524 15.347198607436294 15.878213885300704
v 15.575789550701073 15.333933305191911 15.861680379114903
v 15.591887563726976 15.32789900614806 15.807984599642278
v 14.676873799759553 15.038716497523032 15.40589412264469
v 15.216958431004102 15.354484935080674 15.674746949597063
v 15.39669427029212 15.320839505975353 15.647681731293298
v 15.306426671677464 15.332391340246861 15.658081191086335
v 15.322679989994866 15.325400019189962 15.583074283049369
v 15.302166444075212 15.350272673663353 15.735425500155284
v 15.367212256431586 15.337410898094465 15.78455906857539
v 15.646611422776642 15.317183899308976 15.636801070517055
v 15.655283753306074 15.292072542911702 15.56247676995015
v 15.613779519629821 15.330780515305278 15.753616364400138
v 15.629597659640707 15.323601821172435 15.696679323242439
v 15.497888475597039 15.303000938669287 15.569230889970846
v 15.566860209391184 15.311794915148766 15.636301573121361
v 15.479344740313906 15.305902961767684 15.636133892602993
v 15.448233358680042 15.323136770412109 15.769530835422172
v 15.468441187359872 15.321231719305203 15.706631110138119
v 15.533235261330619 15.323444532177096 15.75996873502527
v -72.04587497963377 4.66370758540743 -42.74542170260435
v -61.691270892815965 -3.4213094665628176 -49.75382275298428
v -68.65314088883275 0.2071765725640109 -47.732807143340146
v -69.70305869686553 -1.7976390052940197 -38.58332224007208
v -62.305967008979806 -6.371565796166866 -31.548864327062546
v 14.953094086358755 15.352976562346448 14.559021724646124
v -32.75479271941196 -8.565879118148047 -43.14196501649322
v 14.77112173383994 15.362512591656879 14.908373932802771
v 14.828047519495705 15.39977921139367 14.78246788644147
v 14.82803837872071 15.275687884538966 14.823312956372515
v -45.700276488221675 -9.124877976417 -50.26860468695948
v -53.71984598036515 -6.6694168581898055 -50.58404717640916
v 14.642205471530945 15.277771103085174 15.297279199931367
v 14.641919354218196 15.160660001443437 15.338699949784294
v 14.622550673360935 15.492870454740673 15.20504535090935
v 14.628020709065913 15.384756346114326 15.248690555070194
v 14.736078788793929 15.218853732372713 15.08948312660238
v 14.67708949895832 15.300876324919777 15.1673918283541
v 14.730261820167312 15.334365854541446 15.047545479465267
v -57.00984833003062 -8.859555099219886 -43.5163055627467
v -46.252206694780845 -10.90588421545868 -32.75111288499422
v -55.14348857371081 -9.24059352001736 -33.082851933773206
v 15.598137792269188 15.287007849309807 15.479296728976522
v 15.423829440445692 15.30159652150839 15.482213046293365
v 15.517719565519505 15.299779728276107 15.485155206200254
v 15.539002962580145 15.294963251020098 15.39284213671989
v 15.471727723999662 15.305338034046533 15.295161962603434
v 14.70723887744657 15.055887299020142 15.271363873676611
v 14.790414722962238 15.103229730186255 15.00211346683911
v 14.751760268818757 15.082217763518186 15.140268249578348
v 14.74868471909079 14.922402394845598 15.181811957728485
v 15.32116526259851 15.311221043504302 15.483763917802866
v 14.965395798175914 15.201525414166538 14.583330053752626
v 15.047716294840757 14.940340556423296 14.715536868140347
v 15.013095647850468 15.075518164935549 14.657749982227795
v 14.907570128285094 15.170550255696536 14.731461368083973
v 14.849295135906805 15.137552962089709 14.865908392124059
v 15.33712167771898 15.308045993379423 15.384167123226547
v 14.872022989889514 14.99611055008811 14.919420220304328
v 14.971253194462314 14.892663931682812 14.84409309613428
v 26.94972864545427 16 7.399919746057895
v 24.198529458412384 15.068252858930006 7.898000872628474
v 25.707247642034247 15.473539103400466 7.439187977243234
v 26.626843218276306 16.57633405626644 6.628197554883185
v 25.999641858753805 17.136440109275636 6.118094955367793
v 19.897185151391326 14.220323367814185 9.694221964597434
v 20.842153213120145 14.30786284994553 9.125039338302813
v 21.181965603673234 15.633084610238654 8.62543494234414
v 20.98596120264917 14.960466606931856 8.90989317299982
v 20.280258926621386 15.359247198023773 9.07439557607646
v 21.80068550708951 14.495644503396099 8.725384931804943
v 22.938525744131827 14.731375117782768 8.26545421766589
v 21.825211396499128 18.03567631528645 7.729278807517163
v 20.85508242273798 18.21710706559532 8.144311621827766
v 25.00047264858543 17.645626747636978 5.966951146357626
v 22.84552004235781 17.775323914776447 7.415062376868322
v 20.648112657266303 16.695820337064387 8.479195737004535
v 21.62670708872237 17.173123831896714 7.9987435277105465
v 21.41415489518896 16.38335583551315 8.295001441442476
v 23.40482580319024 15.548755796348848 7.752154901589265
v 22.344269049091842 16 8.019492822103029
v 24.37747340499113 16.510516576043592 6.66877401347463
v 16.231971276195747 14.430313976274135 12.852885976451725
v 16.2355057802403 14.870378040087445 12.625879255228124
v 16.233811116272786 14.647477603288973 12.73344118219436
v 16.505577381777652 14.379205658472925 12.558583145232841
v 16.843128480504898 14.29431404292037 12.152066535276127
v 18.796770366878704 14.271500854540447 -25.77546947903521
v 18.686537287798043 11.554547353874192 -23.935886740517958
v 16.886889929908133 15.142432226384836 11.701929017745137
v 16.534836220391327 15.391745166020193 12.068986735941053
v 16.894557862154464 15.447132836285098 11.61970479428202
v 16.240250653512103 15.35217432433531 12.459663582159038
v 16.237891074284672 15.116128058857116 12.545491631275285
v 18.307898774732017 14.160053016576738 10.79863690936109
v 18.95191749279278 14.175614657468689 10.337169266657135
v 17.268073110949132 14.220866827135055 11.694846599038517
v 17.757051619565576 14.165360544075872 11.225102475121226
v 17.78762515787648 14.89518689328794 10.926579910097853
v 17.789755648445265 14.513920429635235 11.025856229472678
v 17.305493792919904 14.851155014041614 11.373835666290217
v 16.524329876078124 14.853293779014528 12.251249407553615
v 16.88192009990362 14.841419519887799 11.816480607566902
v 16.862511900105243 14.562645512436129 11.988520858727894
v 16.971635042642294 22.57478792896285 2.817996095817607
v 17.14603431200467 18.318477761713357 10.769642014413074
v 17.600484010871952 21.13087713577078 5.105658501901885
v 18.911955326524264 32.84472860029051 -24.682725015590286
v 19.051523465668033 30.63687181898404 -27.719558042961495
v 19.820464203061675 18.361176730294396 8.670986855982349
v 19.07507381166345 18.451568866676585 9.069637368807989
v 17.617096607844523 17.423057956926247 10.269635986057583
v 18.263371653401528 17.8793349679799 9.709568107839031
v 18.200062507991362 17.359713407313 9.756050434900438
v 18.34060359068215 18.44395989868805 9.63926354387139
v 17.74004379954191 18.441317948683444 10.092489292030823
v 16.269312845373413 16.445635914505463 11.99661343267098
v 16.256835726140903 16.15873320828034 12.16363461026671
v 19.022796843976625 27.23104480569551 -27.89520298679274
v 16.276718955241915 16.74616090124304 11.922266264717972
v 17.008628274326124 16.623366555547697 11.06114720881023
v 16.617040420922542 16.701743458048636 11.464790927337923
v 17.06696349420304 17.031687786044806 10.829251433676378
v 17.136701406103665 17.89428443466566 10.713285718280364
v 17.10400566225745 17.450334798316316 10.762984653695144
v 16.659640188513702 17.442629043834973 11.283834356362814
v 19.129673777323674 14.634297414245603 10.016160879541589
v 17.919765496674636 15.290647229769993 10.598240391459028
v 18.485650144294453 14.984600899407956 10.293564133414826
v 19.27411200427677 15.149254655613792 9.753119274721772
v 53.886697418167564 12.62937433146379 -56.209537934166846
v 16.55688987280991 16 11.86661854260456
v 17.482609035036745 16.45508780320486 10.635870119209379
v 16.95672890164331 16.19696748197545 11.326115162565754
v 16.919197145610788 15.810759404363143 11.509468153304692
v 17.3796467017973 15.576516551644914 11.008391340430684
v 19.838592820383717 17.675055137835898 8.660729673312737
v 53.7129343200392 19.355166671085698 -55.87835696879081
v 19.754864703272947 16.975664137615595 8.835861476252507
v 18.919708462388986 17.19271384732314 9.297073955482986
v 18.15815302824992 16.79743689102712 9.927475060238262
v 17.99574319305342 15.753312574775348 10.375927849159218
v 18.04743574238332 16.253076975714855 10.230256488182423
v 49.42994911690334 16 -60.37742665793135
v 109.96067885772788 22.92576704363295 62.864766665327494
v 104.38212388378952 22.168866682319596 45.58945323979232
v 109.14062576201998 22.666744698138604 54.56498211516594
v 109.59720915558162 29.750334220925414 60.08121229834468
v 108.129600767122 36.1867030748882 56.838587179445796
v 48.25379634639479 18.15931653110942 17.334531008695137
v 49.70591956661424 18.267439566913605 19.751965501632068
v 86.24263533078248 30.494289690022214 30.0150827294804
v 75.326062315722 24.071640772557103 25.17965973670244
v 47.041316435912776 22.339356679230672 19.91793789457322
v 81.15413866682033 20.42142286671946 27.92217883348051
v 85.17046705182096 20.763351238255908 33.69798433153683
v 56.767087834991514 34.088779887929775 30.42108135460508
v 51.0518334716481 34.27180172809745 27.292594503663288
v 95.37005316928234 39.37826805801903 48.800200451391085
v 72.16698491605541 36.66814864584468 37.580812176677384
v 50.903909534433936 28.298430976805285 23.600848351960234
v 69.35459997305477 35.19761492181177 31.940267242523923
v 75.78636924830533 32.87158698322551 30.847131572711035
v 84.91180961342056 25.63855015261083 37.07945002857802
v 80.26227619922331 29.54701334674391 33.7967428444733
v 101.73968631270772 34.43497053123146 46.7214168499473
v 31.017745664530437 17.106946110410227 8.509599175277057
v 32.43711772342611 19.601570093943117 8.713865472794879
v 31.91219435639978 18.33765507073105 8.505878926464217
v 32.69661809009085 17.195097082699096 9.08674627467797
v 33.903937895659595 17.249653222998766 10.00594022985533
v 32.32830641894897 24.511611173891282 10.739534995511796
v 32.510855574278054 23.32603794152215 10.159396608495864
v 34.74753571284359 21.29051493638465 11.344304514685383
v 33.80685294043784 22.40711589802001 10.680008944641127
v 34.72147284136449 22.596531580409675 11.923119275444762
v 32.711863165291106 22.149578307710073 9.578868785078996
v 32.61551576430821 20.89406225584554 9.133528000665624
v 37.90792421597759 17.473773593332115 13.561325223355286
v 38.174366608512145 17.48452218989697 15.082514829590245
v 35.405861888828156 17.336364205670623 11.034808144476642
v 36.820121459562856 17.4128735793735 12.190246445509379
v 36.589388535871464 20.20483061682091 13.401271761868491
v 36.8916152151434 18.84242045726398 12.767391740841884
v 35.766276518482236 20.07869289930261 12.056155932137798
v 33.678269326981734 19.801021301821336 9.665693163384613
v 34.83037943950984 19.969597976897916 10.785129933619372
v 34.46877309969584 18.58318852424883 10.350582551406893
v 28.84424894200184 32.35345676048968 16
v 38.79929534028075 39.070934906281245 18.621967482068687
v 29.181134072088973 30.94630793206221 16.810595028058565
v 29.329988564402626 31.11509652544293 15.180250925657274
v 30.284367495192615 30.454556938729073 14.35726734026979
v 49.168437416759126 36.4992216772809 25.361111771666636
v 47.02954463983378 37.85464276421543 23.637315734309144
v 33.05557472969607 27.984625657130902 16.848586025158667
v 33.64161004769797 28.40607305310572 18.58656790363591
v 33.89371282021574 27.058922707823065 17.65551566700884
v 44.407670628311365 38.651915154144845 21.874570001958425
v 42.45481328486096 39.73215030318367 20.33913449245336
v 32.825280262737635 27.85033469933336 11.858786225312276
v 32.66977020700807 26.302484572581363 11.295298956804206
v 31.42271194032645 29.835445138446246 13.470357449631324
v 32.38957364069681 29.06883751150214 12.610714799031403
v 33.342731166271626 26.718397318507968 14.395460827892117
v 32.93647012578771 27.91019895996866 13.516817914588962
v 32.87254755735296 27.85601596907412 15.160520340539128
v 31.152683386593612 29.60391466981365 16.82901175596508
v 31.928894148752 28.663003476029473 16
v 31.17452291672589 29.62352196290942 15.169793391165463
v 44.81327556576486 19.882008358155897 16
v 36.02255390981722 21.53409779235806 14.301305099639645
v 37.136550320856365 20.326582548855097 15.109260660210909
v 45.15514220540758 21.967962016528077 17.228659914947258
v 43.07407374453135 23.483089940204238 18.296939301997135
v 33.15539558598002 24.972632890728985 12.084592576810856
v 34.2116361188679 25.555230054987618 15.149909971391018
v 33.77597295030522 25.316734060373992 13.579139590706083
v 34.23796188145508 23.944221864952574 12.75475015858832
v 35.143726005214276 22.80360980975419 13.486068233608258
v 50.07787037501604 33.823443303327394 23.777654905367374
v 47.029511416587226 27.02777422787343 20.074759240940185
v 49.773426771964004 30.711270763704718 22.00961930878324
v 47.1851204636294 32.34472975474309 20.24701498480654
v 34.62605181451892 25.772664517465195 16.869434290062078
v 35.864388273557424 23.049023664320476 15.128692757589523
v 35.31986467761908 24.45619080636039 16
v 36.2935399156226 23.201311267585172 16.890131025387046
v 13.97576033411558 19.079098395145277 16.07493798265206
v 13.941711204000109 19.20486763064784 16.20308527075826
v 13.978428774695246 19.350578660768466 16.128807976576862
v 13.875148495600959 18.93193352792036 16.341396082338942
v 13.911564555941021 19.059153323295675 16.273402198027487
v 13.90480128321476 18.827916169358936 16.214736160798733
v 13.93976911049822 19.586652769590245 16.409571593652878
v 13.923931525362205 19.30975388430605 16.337951764266272
v 13.905602808969755 19.419665740209886 16.480388042642147
v 13.893754270328458 18.30202327841635 16.551873845361282
v 13.883933635507365 18.449905596683422 16.505838420087002
v 13.891732087288853 18.2592927639591 16.440008182150603
v 13.860826230551613 18.90351525858738 16.66118255237851
v 13.889297750928279 18.64372111809428 16.574846238381614
v 13.863646196766389 18.73271024272718 16.709480015661917
v 13.892187640383305 18.533122402535575 16.33513302004544
v 13.869803011868662 18.61324554588657 16.45723386975089
v 13.863339862816442 18.778213428221306 16.403313805557666
v 13.859907741065957 20.137127752397802 17.09117904623024
v 13.809637730419063 19.852202975127714 16.983913670873847
v 13.798121277890756 19.973828167063026 17.166828269887766
v 13.87260279081394 19.559193823084236 16.637503633003536
v 13.839063902442774 19.70569853767718 16.804937452701108
v 13.891247296689334 19.863446833749915 16.73040203959998
v 13.798691961221499 19.32205428483719 16.921597595476786
v 13.795823619567859 19.543361907159888 16.874039808446927
v 13.830281489141088 19.201105910703987 16.760228127917713
v 13.878850934219534 18.99147904410793 16.469652187912267
v 13.860251506495695 19.08576579589888 16.609060344284394
v 13.877526504892778 19.255240289755292 16.547851944035475
v 13.80402901127294 17.472616004700292 16.910126743281857
v 13.831943405721661 17.55256839211072 16.862585865816257
v 13.847927756972997 17.423359559507457 16.78637881891614
v 13.763688984959845 17.872368140523754 17.04992940336448
v 13.791670870360731 17.71059079521963 16.95506313092048
v 13.754755869475328 17.765510718084226 17.091145631278284
v 13.873272859622846 17.599575748600937 16.70340608916445
v 13.837966237852799 17.650105381595253 16.823173434087153
v 13.854890613242182 17.74166799325231 16.778929979598544
v 13.630238723942922 18.719750440945056 17.545029764874
v 13.652083360939324 18.48717270433569 17.409084365932706
v 13.630853716002107 18.556416414582834 17.579952233610335
v 13.732545572217731 18.317856355664677 17.078223551398136
v 13.689561819258259 18.40376624890579 17.239289204473305
v 13.713068620890697 18.526619673611606 17.18733679040995
v 13.700755218564089 18.115831404127903 17.307655722215458
v 13.690607135873082 18.260672454272697 17.27688032641348
v 13.734274726562802 18.05154427537449 17.15481612458408
v 13.923709203868905 17.98328331992935 16.525671463645317
v 13.899148768241286 18.040404229903167 16.64247966425382
v 13.915397363682548 18.145532494123806 16.594391879833275
v 13.871509479222617 17.8370458461503 16.733494499839505
v 13.882502513535512 17.939360315272964 16.68955192915373
v 13.908099017358733 17.777006547078322 16.614109805618778
v 13.80097227974648 18.34326176933684 16.874632408077147
v 13.858136820168415 18.115503507893713 16.771632199545387
v 13.773325710428667 18.237014498026515 16.92742264729076
v 13.761565799673814 17.993851865505686 17.01321053537595
v 13.756035146870833 18.123944506086865 16.976072441668883
v 13.820008379311496 17.91102673855911 16.866821445685467
v 13.814321468705508 21.490351667439093 19.16139492469618
v 13.7185664042048 21.076308200268087 18.919915364560136
v 13.750550704553227 21.18675749111798 19.205592420914044
v 13.681122871107059 20.830316376071938 18.377865567293817
v 13.695660899019352 20.95677297499932 18.64327212481433
v 13.746859193628389 21.24881994703933 18.593969862617833
v 13.617539776919646 20.396125717166075 18.71695511202614
v 13.665217503408686 20.647199208289436 18.669861196853155
v 13.603088087229246 20.302569646537137 18.46851340428484
v 13.776796187527264 20.12302102326187 17.376974932698403
v 13.743085766309697 20.301855019436974 17.603298750692367
v 13.80330750309366 20.496400444543063 17.524313126568142
v 13.689002797927134 19.838512110887947 17.70890775772699
v 13.689645325880837 20.107693456209528 17.676274600654374
v 13.693891384157533 19.738275915044905 17.51042364741094
v 13.753031229383744 20.89211163007541 18.032962281087737
v 13.71409953224464 20.482628794800263 17.84648200947577
v 13.701896084406629 20.641254392330914 18.095766846214307
v 13.606947625209498 19.046568419761677 17.882882832464773
v 13.604747407615406 19.25715955087739 17.858970949426613
v 13.617420796445332 18.97708992991597 17.69546109937007
v 13.622479720391034 19.870134810976193 18.216912313803203
v 13.629834229031792 19.519454197473273 18.01256674307945
v 13.612013315419253 19.62722357235902 18.24174745251269
v 13.653546211701784 19.33741253999759 17.607936196092098
v 13.634097260867447 19.4370444862122 17.809262501637853
v 13.670514376023258 19.616201054118758 17.753313254383116
v 13.65370710984444 20.404525206024093 18.157483933541474
v 13.653048910614677 19.995697309339516 17.947322446301126
v 13.628102273352203 20.143916931737007 18.197215810328274
v 13.880440058331056 18.357756379964115 16.675217088376186
v 13.759932672964426 18.58436676984693 16.981206851234912
v 13.835265286927656 18.451802100015858 16.816604501447124
v 13.845863479979721 18.592944707081593 16.76550902183956
v 13.812802204339206 18.85307683234797 16.866241586834953
v 13.636260604245201 18.892287479448758 17.508530631649347
v 13.675284905775982 19.231459710840447 17.412597592489533
v 13.655566163840366 19.057801904143673 17.461574211119196
v 13.677163626915279 18.785323883502677 17.32033403129828
v 13.719792162324095 18.681285121138018 17.144908377892836
v 13.756909620163016 19.78761582513322 17.23779609222141
v 13.78951025415354 19.13400305945844 16.97685991751335
v 13.767170432844045 19.44817621790878 17.101283067937004
v 13.731051872335414 19.588444476083698 17.29765408457574
v 13.700449631633326 19.409710552104116 17.357485167666834
v 13.7194216143054 18.853590143108924 17.102131115474876
v 13.712800363473452 19.111162886025436 17.220718217209555
v 13.750852247771295 18.9952980835564 17.041851155423505
v 13.990779386570132 16.048899684307187 17.320887981244738
v 13.992943128171559 16.127182690587478 17.289008829167773
v 14.035484844988728 16.07552284178087 17.18528997857792
v 13.881996907986094 16.246621538690952 17.534974109586912
v 13.929235330984383 16.185068073507544 17.413678189368508
v 13.913751952369257 16.15841802563887 17.545697952313255
v 14.008405773966587 16.227426649153873 17.14400367345741
v 13.973963653332845 16.206874160967203 17.270846816656253
v 13.964710058557376 16.285913602514515 17.246526959102123
v 13.73547166419003 16.542885023070994 18.07193957669324
v 13.78942183648884 16.456423858626668 17.909351162028603
v 13.73701363817438 16.440727528181704 18.111714608061423
v 13.81459211184421 16.497656611655614 17.610105962440482
v 13.799716079994482 16.478426005727286 17.756669486341174
v 13.79463723366742 16.572567404159308 17.724088803744703
v 13.838139794421085 16.286014895642825 17.798884908412447
v 13.831472566170685 16.37942251228227 17.767683337486073
v 13.848831820844598 16.312285519865615 17.654414038205044
v 13.945185603732437 16.541963059226266 17.062933669488388
v 13.933284339318577 16.527871923022463 17.175134341138538
v 13.91213442013913 16.613056347654762 17.156876090673453
v 13.96884337157213 16.363809838459403 17.214060587178917
v 13.945012798056492 16.446376343582074 17.198342493202748
v 13.983343154408841 16.381258067362445 17.10073485097313
v 13.860719156552681 16.59347497431615 17.417561458697303
v 13.90577694706269 16.5165812479769 17.302728061537692
v 13.86804190148584 16.506317053932147 17.445047143005787
v 13.878885527648814 16.333007866030087 17.504005181083535
v 13.87261402529811 16.419897853524652 17.475183547798885
v 13.921882610682482 16.349743966752488 17.35496881518366
v -13.678827096117786 34.342523891632126 60.25718793935383
v -11.97334534065022 31.541609911069955 55.062881956118616
v -13.974580800335083 32.56038018631824 61.32056774122034
v 13.658213889818025 17.313155271261355 18.796972432784003
v 13.638392747557491 17.318540952532523 19.04877478758241
v 13.645105528141062 17.455404823528056 18.99477818898975
v 13.64650988249978 17.034936470427205 19.12909927015019
v 13.640376438509822 17.17712447455145 19.091672727573187
v 13.66446859428208 17.044524810271387 18.87653580411603
v 13.747040953745365 17.27985595042169 17.96303860235851
v 13.723729250083414 17.28959984191933 18.14882302279196
v 13.722246733061795 17.407728936953923 18.11089658846182
v 13.706746096962496 17.066778949242376 18.24338695698864
v 13.71491311610002 17.17810269937432 18.196366633102524
v 13.721102365121126 17.07092453673574 18.062709542482416
v 13.676708803691934 17.43587292508179 18.52468847397087
v 13.69002808102724 17.304725809494965 18.35975479593549
v 13.672487986448417 17.310158613526333 18.57050401330963
v 13.715932023260994 16.60539477357202 18.39118096249098
v 13.701917604538004 16.72361700893656 18.36616311632449
v 13.718752485742481 16.631989961502892 18.216463556407664
v 13.68394687455324 16.924752222385365 18.683491614246265
v 13.691556335333235 16.820781868009725 18.520482459644818
v 13.67993842450269 16.801782393821114 18.731188074433785
v 13.705058442558961 16.85659668375379 18.153681747047347
v 13.688364067350195 16.84317171425288 18.34043946079196
v 13.693618275370763 16.95618094858379 18.295720878295462
v 13.681538111195664 17.178166769680452 18.602863569674593
v 13.698685781191783 17.057583840897014 18.43135741457119
v 13.688576044001241 17.04843737384938 18.636742204735047
v 13.814131594928245 17.258643107112817 16.870182082057546
v 13.772557429904223 17.28123500928381 17.00107442488471
v 13.76819344158159 17.379332309417507 16.967914096428224
v 13.796787782347051 17.08459613447895 17.05769022644591
v 13.77497487575069 17.18652738739574 17.03438515750718
v 13.798631301184283 17.087917687947968 16.944973097804322
v 13.708059976051148 17.416496834976638 17.242106411884873
v 13.764051122886485 17.284574402255956 17.123354964479606
v 13.717878994924591 17.30932134840923 17.27134328385645
v 13.888845487155109 16.70506718904399 17.138370805095377
v 13.859301185673276 16.79783714679159 17.123090760211223
v 13.907455351313937 16.709388168438863 17.022301546738085
v 13.77758316308362 16.989421229839735 17.33801820694667
v 13.81273773182911 16.89258174306119 17.23021633884438
v 13.827202034258406 16.877903478257053 17.340379421731768
v 13.832146965544931 16.900871399355378 16.995704602846754
v 13.824425926406674 16.896161286393333 17.109426191665065
v 13.802301821649273 16.992374601957533 17.088184004157497
v 13.711905988280819 17.414119868697554 17.79727747880904
v 13.731862697168161 17.294502553348803 17.667944621573337
v 13.736989945505352 17.28879059927737 17.81109768942259
v 13.715976220596373 17.30834730284293 17.403132738229218
v 13.726716000469484 17.299956049524496 17.530936225067283
v 13.723408173819422 17.407011127089792 17.49879676802191
v 13.767703925630784 17.075500740575258 17.56947321241583
v 13.730982247158753 17.194412452976557 17.561887062597673
v 13.753380133964765 17.089272507178094 17.447228348796827
v 13.76897625160219 17.09283013886138 17.188467522327844
v 13.750017440004074 17.096539903717176 17.321571333228267
v 13.73853944976037 17.199086988777395 17.2944161831373
v -49.53920178408798 34.76919489189324 74.91798995476577
v 13.721619871275967 16.865032865344386 17.974845422278857
v -50.104228585742064 38.01687103027501 74.36446518236502
v 13.757396837850045 16.66207850415905 17.863083836036523
v 13.773518364253516 16.675996861823275 17.706843527861228
v 13.749329462516041 17.173882427549128 17.83937407817061
v 13.772689877873367 16.973644481993357 17.602328954637983
v 13.749404092621138 17.07574428985011 17.72554448004997
v 13.729967847885565 17.07606900595303 17.893105962374566
v 13.729666105838595 16.969432260503588 17.930728328291654
v 13.872964528227431 16.695117012001553 17.259666509112567
v 13.825946270040411 16.67764641802389 17.533413779699806
v 13.8679984838646 16.680921455910944 17.380554740133174
v 13.863811201585744 16.772489065432747 17.350697107563953
v 13.812292378032009 16.870977346209223 17.475416693323318
v 13.766217359464203 16.862745254180027 17.785230587738017
v 13.78231046830025 16.87014859415454 17.63035458979531
v 13.776972473251002 16.773233158327862 17.66925535471031
v 14.420014595135866 58.67887945281502 80.91942206475117
v 11.883321406747253 57.722934379178675 80.9648786445033
v 13.415689562790547 56.559348543138604 83.22359619202834
v 8.994437288858975 59.60266926306144 76.16426449308449
v 10.372521253042985 58.986582260952126 78.96701502304172
v 11.39711551839013 60.91072962983021 76.61657898147817
v 8.265980194266273 54.903739299106604 83.7274595850278
v 9.364350092819581 56.763401874642334 80.98669448543333
v 6.880012935017685 55.76134623600502 80.92107327598401
v 5.120490707879899 57.52202569492804 61.381537571892004
v 5.973625612330245 57.94318335074126 64.5603104694392
v 7.2409693447617585 57.96827246855946 60.9746513393297
v 3.256522437850702 57.22993390318317 71.9616726364921
v 4.612462239822712 57.81240122482834 68.37135089277753
v 2.363857235038937 57.060529985728124 68.52244768351039
v 9.019630062372563 59.90289571356792 68.76153171833836
v 6.8640877310966975 58.56310410611732 68.21481527020151
v 7.7888040442390505 59.50095344000988 72.56254398360723
v -1.3525861987265664 50.033035664199026 81.79109650853673
v -0.47337926668064867 52.672595844905764 80.49630948328478
v -2.6834790798700254 51.25690635254838 79.62970228126346
v 4.320698494227244 54.974700915133035 81.2057425640652
v 1.9877208123934356 53.61738232447786 80.50846872734489
v 3.151940044536513 53.093791767366014 83.95955359318214
v -0.4745669117673472 55.35079340078556 75.38536067008675
v 0.7314906258085383 54.504525081986635 77.89861602729134
v 2.0589142930515063 55.78836168912548 74.70197407767324
v 6.724931452074262 57.890155080375365 75.07813038649681
v 4.468042712887174 56.51402864070506 74.42593380159974
v 5.627504258074122 56.18484835188358 77.63155285298382
v 13.805210232309651 21.295630187531373 19.55124444228347
v 13.856098180160933 21.388565547140015 19.85880911475521
v 13.91336063756306 21.710477628705018 19.776854122117303
v 13.75940480984543 20.77238535079792 19.9957153656357
v 13.817084126991253 21.047411583432307 19.909768556879296
v 13.733077887983976 20.66463267638971 19.667957027090623
v 14.019894692166556 21.986788803572214 20.502844770435132
v 13.9139331955271 21.478975237297824 20.181658345479956
v 13.957762540146483 21.62415475056959 20.566391988508364
v -4.899413272934957 48.05544733991166 52.78970448132005
v 13.690005862486577 19.849076607993105 20.07736719312464
v 13.658181557573652 19.511568478240747 19.789141835327168
v -0.7598741434912206 51.245242775911485 52.0286888124993
v -1.5608953832055903 48.739221026792634 50.06169235586551
v -2.7044757196283413 52.02672198697467 55.80260421433285
v 13.675923225816856 20.086413039698034 19.760435213092542
v 13.713156861178762 20.136033046264664 20.048776681912468
v 13.715475459332906 20.482189743792482 20.0584844146042
v 6.144804647004374 54.92593153830611 53.182243872818205
v 4.270991471177783 54.35281237064958 53.249301334033554
v 4.5718378468153045 56.079916568635774 57.251393364679515
v 14.050304835624146 21.657721600758485 20.883035119908453
v 14.140526969254616 21.710127551356667 21.229755803270287
v 14.212546233064387 22.088774771656418 21.172229815226494
v 0.4396562156311621 55.12229526656582 57.68832342699279
v 2.3951323276847702 53.76380139525146 53.29904649154002
v 0.6726041150858624 52.799962177675525 52.97085348487846
v 13.794991323524584 20.87141286150083 20.33913832273312
v 13.874239813332887 20.887066719050434 20.625677846216096
v 13.90582763808359 21.266688109735323 20.616890131979854
v -14.00860991185705 36.74690951325558 68.1155456346307
v -13.429056824283716 38.99396747809539 67.16277146127881
v -13.910602322460104 36.98906363818442 64.39637118172197
v -11.668949118616986 42.982557035250395 72.20577541246791
v -12.521029036466487 40.86392596205002 69.48381069809761
v -12.11479845657965 40.420715359238564 72.88944851385389
v -12.277775705088363 40.796388985727475 61.75440221707897
v -12.633329710668814 41.039727573251284 65.83958990787534
v -11.877036407313707 43.0684374415186 64.58911864660007
v -5.116626809506801 50.093986836390876 79.22867193039998
v -7.15368451529125 48.59272803797132 78.12428838203289
v -5.822194355261125 47.44803372136481 80.37084526117857
v -8.337426900007578 48.91208973524701 70.66620856574855
v -7.958720481977618 49.02152393757145 74.7105950925665
v -6.9044528279968205 50.97042442253958 72.68817785059957
v -9.543193930633048 44.232082610611954 77.46703126752625
v -8.796058934790935 46.69692660239903 76.19637733173188
v -10.315323211804685 44.85595190247102 74.27752722733297
v -7.778120566398144 46.22083313330039 54.47380726502509
v -8.583637627770472 47.6756008351411 59.07373932836296
v -7.167411927390283 48.556449616504146 56.680065603908126
v -10.774107129718029 44.71380264929071 62.74041611405201
v -9.812490325657127 46.39893272791964 61.13931164581801
v -10.473750966239436 44.200752376199524 58.83542887307577
v -7.564464781352626 50.38751350321478 64.91011250990792
v -8.73818606851512 48.349171072570975 62.99497499600551
v -8.643822141621946 48.74225484535347 66.82777728581267
v -10.846815300600397 45.19627390212838 70.80804415487184
v -9.781214067714572 47.07202330914967 68.90029284957134
v -10.901484903026233 45.04019285907325 66.73580767738179
v 3.0565021763060507 56.63066525487013 61.19674501463994
v -1.0477703463215775 54.91957470898072 60.90153236044562
v 0.7989308466049607 56.296474013862905 61.64022511109504
v 1.482295346015956 56.8527096217161 65.17460717975892
v -0.10166857646380834 56.65555677784884 69.03289322036109
v -5.9463652873655235 50.38809072551183 58.077499924980444
v -6.000518744993286 52.206304101869165 66.3284093927567
v -6.198366487759518 51.607224802854226 62.44184797374923
v -4.615088841890383 52.267699734460656 59.48876719884762
v -3.0162138735191455 53.87282961202871 60.53447306699479
v -3.977629225752878 52.202754403445674 77.13089634037283
v -1.5368742605173615 55.68335687858997 72.26253734077292
v -2.761103954478017 54.03776598555786 74.74202043143183
v -4.986341031652909 52.6946166596219 74.03420221411712
v -5.621599510499053 52.62651961383904 70.30880407410218
v -2.688145566916461 54.67033626961933 64.3865369863548
v -4.18648806010107 53.82242904456039 67.44795216978468
v -2.3455601654256633 55.60438609166867 68.74306307500433
v 13.748104236329226 17.51188881675489 17.054539371649835
v 13.68208815185044 17.560669957553795 17.348043973865096
v 13.702407991072764 17.54465344109189 17.20393716416745
v 13.7121670847542 17.66642014143478 17.156154418186436
v 13.705895601349884 17.810770296380333 17.2503926663849
v 13.667981335705434 17.583129004369116 17.958292602111893
v 13.679113473986943 17.571815899629634 17.78847218023463
v 13.627610289972266 17.900344398089196 17.75347435169587
v 13.653797208657151 17.732075250763852 17.77171361512501
v 13.610143258889172 17.925945958635154 17.93520257388193
v 13.690787869302648 17.560551129060272 17.627540429943558
v 13.690384157325836 17.55784681738126 17.483300444413153
v 13.655189005010586 18.35675627111375 17.609214999998077
v 13.633314618950756 18.581342991882334 17.757312961722324
v 13.685090950453962 17.981109840542253 17.362316056502724
v 13.680755447817685 18.15012456228403 17.473028801575502
v 13.588624737589537 18.271830173678183 17.875068908087258
v 13.635486872471162 18.209352507601764 17.666308773838974
v 13.638910434951551 18.046555490068382 17.705209762777503
v 13.680248894256621 17.699754995620562 17.449529467402414
v 13.675075132346716 17.85309627271202 17.561490164174213
v 13.689191109078545 17.832810110714966 17.40256205785774
v -13.156218096802718 36.336402763717615 59.42697908023189
v -11.531315182960824 39.780443357250746 56.88959446477014
v -12.396265309736364 38.13267922789474 58.23797424288834
v -10.155234135418866 34.146377826620075 51.90859476137327
v 13.641997849123946 17.628273118169126 18.98740437545535
v 13.568584860575832 19.007602202383158 19.58158145680939
v 13.565189092066262 18.77042087053413 19.59515375238573
v 13.578990159879734 18.2338996363621 19.022388383049094
v 13.581797917669052 18.473542388819407 19.27560391680089
v 13.566664247504033 18.445031019814397 19.019463669484047
v -8.816461232222963 41.881749871208356 52.721945376399425
v -10.557540066360104 41.28670376537489 55.3733931958906
v 13.680396456541882 17.583846773606965 18.307846576831906
v 13.673837079143778 17.58359282929606 18.132725405357593
v 13.65743886247926 17.610869112694072 18.73726164263428
v 13.6692745537761 17.596756658230852 18.514050761805777
v 13.585863678110929 17.99252215658773 18.562422435504864
v 13.620080569581638 17.794951513753993 18.547058794974106
v 13.593385226443766 18.005214628690833 18.77648617714499
v -9.507771617812452 37.7527035973153 50.81188851800789
v 13.589475745820263 18.03120041242994 19.024283122874095
v 13.636017532998064 17.809042897719745 18.980511549338598
v 13.720562506175344 20.86758083566416 19.268020282650607
v 13.622580789215633 20.087884567218822 18.752407792858637
v 13.659239784856066 20.467103537624066 19.003199360153797
v 13.698306049034176 20.554660778014362 19.317540545599975
v 13.664194149068608 20.28551975797088 19.382623688290234
v 13.591707557520534 18.86789773851209 17.946919276813126
v 13.600173834577209 19.114235867718463 18.109110203024734
v 13.583181209323312 19.2698716262703 18.619250202101465
v 13.61089982802217 19.163780785133582 18.3356490824204
v 13.566049865709902 19.00577945403026 18.4223078699468
v 13.60471906603031 19.398509608355912 18.296691558103156
v 13.599728268318355 19.737412497309787 18.520902418747568
v 13.642779441505168 19.43474096573819 19.452238721138936
v 13.624985657754515 19.19858320402171 19.488693682636214
v 13.632766896643297 20.022509539682893 19.442482215145176
v 13.65667418456471 19.68950398364489 19.420464275927745
v 13.588670478689721 19.101016891768055 18.921562584482217
v 13.626310375536676 19.368295459905507 19.147266104825256
v 13.591272294120964 19.335203665577506 18.89090235005286
v 13.62594486266501 19.799313607468527 18.783877230723135
v 13.616365347036885 19.549027465699595 18.82877509718361
v 13.638377761719433 19.890920643862223 19.086070303813223
v 13.60286615268444 17.786611581699738 18.163935092738907
v 13.556983466881961 18.197602421876155 18.56143723927758
v 13.556025877800844 18.000535687812803 18.375552481343888
v 13.589660481238397 17.957373562504376 18.14097440333598
v 13.573634736558047 18.137784605282125 18.11925529881075
v 13.598268144252536 18.908965719933597 19.222453488245574
v 13.57613820054403 18.825156094744585 18.694543103483106
v 13.57561562151811 18.878855079226618 18.96177304877355
v 13.556125302611242 18.673109146000378 19.009424401584816
v 13.557134905747581 18.42169149430798 18.772628726637635
v 13.570959770414792 18.690808319698718 18.00549056261141
v 13.55777215107914 18.32931844710656 18.09532591830186
v 13.568478777004675 18.501554898596392 18.047668919326316
v 13.551311521966117 18.756768412805286 18.238699389513645
v 13.552692522850416 18.80195682646151 18.468705045578094
v 13.544005477527799 18.401391037468777 18.54434481711194
v 13.544456352032222 18.601721109313583 18.5113784698127
v 13.545848835134247 18.3689327710977 18.31626490728237
v 14.014146534680382 19.56491835942529 16.134352707937662
v 14.035848441253457 19.43862334348417 16
v 13.979842569239898 19.8192303894269 16.428052372314287
v 13.993422289315701 19.69571796424195 16.27742424773913
v 14.077783099865956 19.981536154145857 16
v 14.034879761738086 19.834998908673185 16.14197029893458
v 14.07170286371555 20.107717518142813 16.149536381251796
v 13.90149301438189 20.44086351405702 17.151963845828504
v 13.924023154538826 20.265814784386855 16.94992308836555
v 14.044038162226569 20.563216530923977 16.660022102381742
v 13.991496100482113 20.39379033673467 16.804075920254615
v 14.03693398231987 20.730363763143508 16.85235038412565
v 13.94262964068264 20.108706373455494 16.76400256549032
v 13.964383840105263 19.954769569187594 16.590273731673157
v 14.290589539834402 21.311104362298238 16
v 14.212279430392627 21.143041663110253 16.180005112954163
v 14.284461008913723 21.54785974244896 16.19201670200045
v 14.103086163240524 20.438494056822538 16.15944200802224
v 14.14815730849331 20.785161600454256 16.169523581856083
v 14.173318339493374 20.565697911967487 16
v 14.13791242103439 21.160009468011946 16.545373474795927
v 14.136045414124906 20.98509512946913 16.352325938149793
v 14.077352067845496 20.797129617672375 16.513547065141655
v 14.026786278352489 20.06983722146222 16.449263854339936
v 14.05093176497307 20.408498458833137 16.479306156283318
v 14.072166408421538 20.23017401919817 16.307221341601913
v 13.921161285967816 21.917857869457162 19.363631696433195
v 13.885124595073776 21.757162152424094 19.03881108356539
v 14.063960523183406 22.2394644002055 18.736049864098167
v 13.980104214401056 21.974035702105173 18.880143574099364
v 14.097837324274337 22.460633160401276 19.077763861455566
v 13.85734529619949 21.593471803108635 18.729827850272237
v 13.835905542067545 21.432082447798305 18.439312377321265
v 14.467540263503862 23.32287685049322 18.04507785690146
v 14.365237651530109 23.011612567367173 18.222996552885885
v 14.542815419345512 23.513102326466214 18.357774179381224
v 14.077422915398262 22.125489363538104 17.98351254357408
v 14.198867987103611 22.594292022534038 18.11260134697117
v 14.172228796708481 22.343413879353246 17.809003913613196
v 14.287590863879295 23.06540373310967 18.77073618488915
v 14.238908931967895 22.829548772793494 18.431624358943562
v 14.132651897797105 22.588054278006208 18.610953456465523
v 13.83745628485538 20.88161275809721 17.635099431960867
v 13.873735754064533 20.648938680072963 17.38468989143163
v 13.833051712825501 21.238765227661037 18.149442286811357
v 13.820396788905907 21.08771449644954 17.894934918213075
v 13.967439048822964 21.486663736254556 17.598498662279248
v 13.898095020127878 21.27038757511016 17.744909551282632
v 13.971126962975713 21.699127402494234 17.865663459122715
v 14.026067712143707 22.06071424304637 18.42978906261183
v 13.987132265297587 21.903806727361776 18.148051841562115
v 13.925001520317126 21.621799790946195 18.2799788264137
v 15.701978225337688 24.610307751933817 16
v 15.526121183703948 24.562034437026007 16.286505048901862
v 15.812718455091455 25.06667592594369 16.303027905127614
v 15.044412506712312 23.626955657435552 16.256693891014038
v 15.269769895454498 24.09135624463488 16.27134254507659
v 15.19332719645732 23.743844605421373 16
v 15.455565775611607 24.749532660631324 16.880913079699106
v 15.355880293325182 24.447176186631403 16.56688184112297
v 15.190792867152606 24.314976484119057 16.83925623164175
v 14.393621981139901 21.95097403692855 16.205403632011745
v 14.515326938812526 22.369136046835177 16.2179617243993
v 14.488859687575 22.11704060366005 16
v 14.584440101656165 22.898287369213865 16.706152295271323
v 14.550495177619926 22.614371873292963 16.452149438921985
v 14.458045410806683 22.37651003516273 16.657627171422764
v 14.781702001239589 22.97211866246947 16
v 14.66646542722344 22.776654642635112 16.23028156645598
v 14.841452263625511 23.194391472830226 16.243000528414804
v 14.788256996855278 24.172460218591148 17.960641364718033
v 14.709065943285482 23.93647301314363 17.62918709600176
v 14.57892526809597 23.67119428955175 17.85016975073233
v 15.019746666405211 24.247826508772086 17.116672597660937
v 14.858108011735368 24.125832950017642 17.38152286768681
v 15.091485788406482 24.687728897556042 17.470006873620626
v 14.491025774731146 23.061643058921245 17.213085775668656
v 14.653205928736824 23.61254893040394 17.30076007593172
v 14.624819716781705 23.19961522877252 16.984392494046414
v 14.895394323128423 23.51612035357459 16.50782361268598
v 14.751416304101314 23.39362148058987 16.753576366921152
v 14.955196233183674 23.86223336397325 16.79762486963919
v 13.952451239058874 20.780596411514153 17.227330143178317
v 14.082012885266668 21.581943209180352 17.40379661824604
v 14.003096938815338 21.182520841053325 17.316884702749228
v 14.015131212102025 20.959964149855516 17.0764702239134
v 14.07602362473896 21.158792781278702 16.9218360196428
v 14.410655283552996 23.107767175021653 17.732656422133136
v 14.338096994226625 22.592943495430045 17.145112358301674
v 14.348173879455581 22.943620477166327 17.448144072796676
v 14.259441815143044 22.625610653816654 17.632178811646728
v 14.155533818068221 22.09790120198339 17.517945947382447
v 14.301736784436608 21.758710156434994 16.39922730098184
v 14.123276458925114 21.42068821091732 16.7650565248638
v 14.209926238144641 21.5882570468039 16.586000431964347
v 14.322689489299513 21.976959260178823 16.621704771043685
v 14.338371088359153 22.236125919384353 16.864497131902365
v 14.133398204020967 21.885533732603857 17.252942314468793
v 14.214667103339117 22.125888538540167 17.07371210576822
v 14.130332312504708 21.635806485888796 16.99716834505291
v 17.58905464344971 58.923859526131565 81.29206457507466
v 16 60.459975013987766 79.66853543791782
v 18.955325819859574 60.950340727573895 73.23133028462541
v 17.53566407994218 60.95594985417914 76.67173376359388
v 20.523361112339845 60.13481345144066 75.56931511607179
v 14.444957509655204 61.52324504437887 77.43734505324092
v 13.00997312278042 61.47814187269887 73.90333323660128
v 23.039977211619718 56.69967702704661 57.18458861922441
v 22.349318380213155 58.7103795821663 61.75705906501514
v 24.65516352422639 57.47060049703529 60.44132885345839
v 17.33418948396004 60.7702015790977 63.95049184967084
v 19.903775041977465 59.847764644142615 62.96688018148629
v 18.478911020297232 59.18100950933311 59.69548465023165
v 22.892644407163267 59.35114776184047 68.09845319965652
v 21.37584765594409 59.76690870674538 65.64657176692651
v 20.238904161430504 60.45199504566398 69.3911191414168
v 9.523607039993088 59.565180556574724 62.672835957130864
v 8.683364026646156 58.29910297841144 58.803070746001424
v 11.715962253905495 60.925296117231504 69.95959922596333
v 10.541913706905634 60.43644608106877 66.40605504521122
v 13.471128133704786 60.051294787210644 60.57613884134316
v 12.058758300619361 60.268595547089575 63.41764693677667
v 14.664059199087085 60.82896895356128 64.01343381577442
v 17.43644253789592 61.18903455245052 70.28155869554138
v 16 61.22552265553384 67.28197500315218
v 14.554206389261658 61.48320987978215 70.63492529112105
v 20.260086924051834 28.84919005864041 23.941236184147026
v 19.96081158962319 28.596308186519742 24.324936131698703
v 20.65922664711236 28.75084234217089 24.433282571394457
v 18.543375539229803 27.804657605335102 23.79295437315249
v 19.23330740014959 28.225880558957 24.07514921875267
v 18.84200545931822 28.153865911693877 23.51150222813554
v 19.955572789340863 27.95955527883102 24.995142924013216
v 19.604847167559 28.148428397290324 24.566661446648634
v 19.254743480760556 27.690529296631613 24.777046248432544
v 16.24589694916985 26.084745573242763 22.65106040932433
v 16.75560651816613 26.563723771921552 22.967644571006172
v 16.481300423312415 26.420399060531032 22.44016079574565
v 17.35057695544505 26.74129794420999 24.036408007226107
v 17.049617430134322 26.707463126680157 23.52684860200208
v 16.789547016996302 26.355537695589604 23.743331884134832
v 17.574299219426315 27.31466542684615 22.992847805124256
v 17.301583346797642 26.939128646851636 23.21666239353398
v 17.893055574599323 27.353326219744467 23.492161184512987
v 18.70923078395515 26.70088701850579 26.221540629952795
v 18.333391930606876 26.678532872562283 25.60112373539973
v 18.025843272469757 26.298821275160307 25.811592026751484
v 18.944357872255004 27.35953418302627 25.071942167069537
v 18.63655851803319 27.016499803375993 25.33928842849992
v 19.35821202778818 27.43939890972652 25.71742301662784
v 17.361670939368683 26.223181650613217 24.63488670381012
v 17.967815311337137 26.58679907190138 24.957994007901874
v 17.643868818478985 26.597331896318373 24.43730377259439
v 18.215061406223708 27.29873516953296 23.95169934068991
v 17.932645500834223 26.984668628942636 24.228713686613453
v 18.56249604843282 27.296808388432574 24.472322763781566
v 14.048564515091162 22.206021725047727 20.101577520010764
v 14.004719655741301 22.018125174606773 19.719405906458384
v 14.21305725781319 22.418418717918918 20.818837239919596
v 14.119696484093597 22.33667158866821 20.4684068114379
v 14.337572017186849 23.109390562467745 20.3938450069028
v 14.227253148737073 22.70316446367114 20.427415515876955
v 14.450881703230992 23.18997678536128 20.746529963480082
v 8.075717907697069 56.28483649827832 54.37899212202247
v 8.054147509060419 52.36339266972657 48.69451305975141
v 14.829413664839802 23.546278491045044 22.00813908675088
v 13.212917666810432 30.994435955615387 28.687505121238438
v 13.940744667943694 31.46052039148752 29.058541511334006
v 12.620979643899846 30.118775226862702 27.969256701699578
v 14.306701364217815 22.53286202621417 21.217269082724904
v 15.571779428584145 25.271193258821178 21.72991255022039
v 15.357397724293724 24.98387291873096 21.925603008968
v 15.766824468037528 25.563013781528475 22.306969461371846
v 14.711305625047093 23.728757587841447 21.100276032184617
v 15.011452992437691 24.308221610079908 21.48102434720578
v 14.866915997840506 24.143602071795705 21.033022871223807
v 15.335172300837511 24.719744551680698 22.520170945570182
v 15.168525556797697 24.482120900208592 21.962536511628628
v 14.983773999702942 24.08216533225726 22.0469022020648
v 14.43483910781154 22.90003900959567 21.174856079867475
v 14.681658995827137 23.493117110476522 21.613161161722797
v 14.562662927617092 23.33166623939912 21.159799280825013
v 21.38430590161614 54.41463947610114 52.60808476493718
v 16.787995287233862 25.856174438685116 24.329860694868444
v 17.068813790448882 25.788063646477788 24.784169754282168
v 19.416943816929145 56.696627080931314 54.79030127613583
v 17.17997146343483 57.95764697053567 55.99614725428089
v 16 25.75000179462704 22.851139496431486
v 15.538540122089241 24.88884252158993 23.06636899571529
v 15.761177688760622 25.39613247904969 23.0266542934927
v 16.25199294745917 25.91431288737209 23.41416208981856
v 16.511526191199508 25.85324180257429 23.83303812750446
v 10.176743234386583 57.54635960796013 55.59252709241182
v 14.802530291200261 58.57985286650507 56.589265325347895
v 12.457270117595181 58.194769535975176 56.218267212235496
v 11.745753726929284 54.95985779816585 50.964015035285705
v 14.737265806417382 31.79416613687062 29.34830308962066
v 16.249375416106613 25.357042349294748 23.90722960673502
v 15.588691403619386 31.433084844726707 29.041828908327464
v 16 54.42296719974803 50.495722890170335
v 26.453834319746562 34.30143837970251 16
v 25.87512226365888 33.7273929190042 16.668100361133405
v 26.487699583039294 33.38245083013804 16.66824227874219
v 24.594339726599863 34.30792526085943 16.66647740007571
v 25.253053252510874 34.057647788849714 16.668487714257356
v 25.133851765081708 34.91917661672092 16
v 24.660017006002384 31.076210213889368 17.721601682744964
v 24.186550249822112 31.078001047424756 17.131851277198212
v 23.939841660082266 31.010753168882587 17.682377821969663
v 20.15476552549633 29.436043434734543 16.465034241679238
v 20.84438109641409 29.93666003200562 16.48777945573706
v 27.292029036074744 51.084110031060106 16
v 21.742906824443097 30.328920005753254 17.533953718593615
v 21.334004056275298 30.265646729275204 17.00823700183645
v 21.07431830767483 30.061385085793567 17.486180692539985
v 29.976512649148496 50.93358257130924 16
v 21.597074683408405 30.462841240650704 16.512374054556116
v 23.719070843742777 34.061468792210974 16.648813947972865
v 23.670106975608267 30.827497412870606 19.910794022635677
v 23.13264054507935 30.65648499666065 19.263745426446686
v 22.90320372944811 30.608569703273474 19.789475646834884
v 23.706288789831163 30.971681301140656 18.23461570552666
v 23.43221785164522 30.842636726863596 18.759947172478917
v 24.173636705931028 30.974923708301283 18.831076831146937
v 21.955265277402084 30.35029225426681 18.585737107691557
v 22.693773915569405 30.64325717942353 18.679757018360654
v 22.19860059369995 30.46120070009426 18.09166319949053
v 22.75655382604699 30.825656415114246 17.07673065772452
v 22.496232903225536 30.693499297470826 17.597524584932366
v 23.262215200285244 30.978627711808187 17.653470557260317
v 16.19839705874851 25.604800287244366 16.3210131843231
v 16.559181010176456 26.103273033143395 16.338078380286806
v 16.334029794348556 25.65063486020484 16
v 17.1020374181256 27.323942714258997 17.14296047713993
v 16.814996788768838 26.68810873961474 16.717268661925647
v 16.671497475053282 26.79154988118234 17.086505737995942
v 17.109696193785723 26.652788647596367 16
v 16.963077345156428 26.671433349968492 16.357865084325713
v 17.408584869362016 27.242522965005378 16.378379932219538
v 18.356989991870478 28.723418241306472 19.068685613665604
v 18.009323820574497 28.353027789228697 18.53581073575539
v 17.819876969923698 28.273949262206138 18.944622792679713
v 18.39779574090314 28.553413499567867 17.71640922896131
v 18.20214501789747 28.447290241533864 18.126874762677236
v 18.751314824549567 28.875503708637527 18.21182099876671
v 17.202670123567785 27.50061479877207 17.945961137186714
v 17.68465876401361 27.988222909735757 18.038191554588987
v 17.38497506040712 27.653144779751436 17.57771837686985
v 19.0698766424497 28.42674814224069 16
v 18.90419155044921 28.458763868245676 16.42635824335325
v 19.493382127235797 28.941553044284404 16.446690236366862
v 17.893107208054293 27.755885344353892 16.397071296641307
v 18.383438446770935 28.111976356275235 16.411584334053696
v 18.04490351638813 27.70264580920727 16
v 19.145355511838485 29.007121692140835 17.341460548103093
v 18.74105893773612 28.50798401003604 16.855028725405994
v 18.567289965559414 28.510882770307415 17.280693034556755
v 17.563112332742712 27.76254749882452 17.193312380978902
v 18.064271163454958 28.223801789192407 17.245880407381765
v 17.72962304696964 27.76895543770738 16.79516468427418
v 21.243115041681232 29.170530340809265 23.583712355243836
v 20.869301982262513 29.255325120196993 22.99657710258464
v 20.586815827943507 29.057349740469537 23.421623909748586
v 21.35712784202544 29.446899239823423 22.038418611556224
v 21.071029690160387 29.238092696096732 22.460694788200485
v 21.729060285405772 29.34617251562442 22.595686199210512
v 19.852647249155723 29.085390061987543 22.23371419579774
v 20.462572856749777 29.19848764453137 22.363125577544068
v 20.12930877364461 29.30792858262184 21.835622074983135
v 22.606117445697326 30.443846750052167 20.302110646008984
v 22.329991118024097 30.288989944567184 20.786106661758915
v 23.091548789828455 30.51566078365088 20.92091675246198
v 20.936147355978626 29.86569398175233 20.539066557068296
v 21.566815809710057 29.95842207777045 20.6213269246763
v 21.22175702531979 30.095530514725088 20.106627953708987
v 22.416005974901836 29.968960253881107 21.80493076396058
v 21.998167798597024 30.001156314015674 21.214773748271963
v 21.666688054222686 29.699657029274277 21.620908907704894
v 18.49934756413346 28.8863935619637 20.044029308467195
v 19.07583951783854 29.192495556719454 20.18261446490073
v 18.73805994700736 29.08385161690898 19.653959471259267
v 19.761174753121402 29.26952558732839 21.25892960741938
v 19.41846390298967 29.256876022652314 20.720039893205247
v 19.15376017690911 29.01242118910044 21.102891158604823
v 19.912817773891874 29.579720771170848 19.872641528370075
v 19.645241395268243 29.345932491851727 20.27561212978216
v 20.280202986913114 29.637080187893446 20.41586263644876
v 21.04089021178958 29.657299422769928 21.53885849155554
v 20.676051796097518 29.715012454792046 20.990095225174894
v 20.395329844918006 29.495315091538103 21.410380310132826
v 19.96541445611132 29.4464859708492 16.932188659613935
v 19.536274729379173 29.27170846838991 17.839820756457733
v 19.776991845638392 29.45900251825195 17.399963713126578
v 20.40018632033114 29.736513397277253 17.440449628044995
v 20.796530666381432 29.854196778320116 17.95533172718805
v 18.94373983701822 29.164807589467575 19.209177770509704
v 20.155278845554324 29.737568145784017 19.41968247812878
v 19.535364042454468 29.45772055688657 19.31522745505122
v 19.14599473160431 29.22451144689818 18.758070941583615
v 19.34030269988648 29.251331083389992 18.301591542238324
v 22.168268816853512 30.401612471270674 19.697348944535754
v 21.264857846706928 30.116758918292433 18.52255467572204
v 21.752281684429313 30.374305802276766 19.11968226343476
v 21.483008536762597 30.22993762981553 19.615844057458922
v 20.817680777170075 30.02095993844158 19.526115441980227
v 19.96114594060254 29.591604435456247 18.38226179391767
v 20.382532508525582 29.818449638655565 18.941741744969608
v 20.59322353574229 29.845518734162027 18.449749301561774
v 14.077350201518462 22.35582432639133 19.61597179008281
v 14.449930268810842 23.46802780485903 20.254827673509183
v 14.241144439777445 22.90907733997397 19.933807580302084
v 14.153468334556038 22.72036912826132 19.509096557166252
v 14.261239492128073 23.002497962243247 19.34476080238739
v 15.771485335197564 25.602292497360793 21.477513803682207
v 15.372527034781882 25.07893797453085 21.178318489029927
v 15.028613892716404 24.615645200388926 20.13633502977475
v 15.19009957062693 24.87120516839851 20.65205290145471
v 15.369251244363472 25.17245203545829 20.407389606818324
v 15.019121076908863 24.548028017430184 20.874303080021583
v 14.719795017134658 23.970388194052294 20.543178420917737
v 14.62762605002948 23.874521168880968 18.78665859815394
v 14.775309950334186 24.09785352568249 18.55536861545832
v 14.378467054624462 23.28582464950468 19.165807441586363
v 14.49503980991655 23.598527518118676 18.99029261371696
v 15.031941322424549 24.72196010178987 19.45435043627573
v 14.743716706423546 24.144710322757767 19.215789372513516
v 14.88488376229191 24.330589830108366 19.637513276684636
v 14.581761490880792 23.795736179051964 20.081642189101355
v 14.73461733507365 24.04124410043148 19.85353143022966
v 14.475330076457364 23.52660398775581 19.600796023665385
v 19.865070779590084 28.777007494315576 23.269127699027145
v 19.1425626319063 28.656020381483465 22.045180036388185
v 19.500755704352844 28.7408432800751 22.652737139317416
v 19.169952301414334 28.452100166615622 23.0898274278542
v 18.517858214260293 28.130702751264778 22.911336046661873
v 17.864509782133837 28.32844760765548 19.890380085785743
v 18.190881505919037 28.571021766508977 20.44866997521841
v 17.56873557898167 27.71939948363917 21.117221239537848
v 17.867512980793364 28.107422211474457 20.780393425092427
v 17.291070878123865 27.632217083970616 20.6069637661633
v 18.498878410232667 28.616809726729514 20.96516632262623
v 18.80561903902845 28.606125832946937 21.477563473097128
v 16.742894667691534 26.748980407843696 22.130854086712027
v 16.24197351265021 26.167839543645584 21.800123404827776
v 17.88096887358906 27.710665326328474 22.67516320533384
v 17.28462377910765 27.195061691267433 22.38370903458754
v 16.746625449908187 26.85754996190866 21.217084011193304
v 17.009471363073153 27.05719573500776 21.798384607790723
v 17.284644452349948 27.394069492146627 21.470244848282096
v 18.493398036154986 28.308775369806668 21.8886304473959
v 17.873704777324527 27.90700481698797 21.706084373150293
v 18.202757029895693 28.10805697434038 22.339459807184063
v 16 25.54058901822747 16.638720210245335
v 15.609108085244682 25.40476575102474 17.2671026995402
v 15.805374713521525 25.379951275934793 16.944923723528895
v 16.21128024450236 26.182635745118894 17.025785081453666
v 16.442825546404944 26.65427647720712 17.435449094991636
v 14.91574474055731 24.496373565007424 18.34833989714483
v 15.066614463544283 24.834414243249963 18.12105011318482
v 15.782748858424785 26.231450988792368 18.458293784063745
v 15.394596648585914 25.56549922041816 18.297715365731655
v 15.582178820089682 25.86617321879472 18.72694320989607
v 15.226733434039318 25.201188807132482 17.8812818944493
v 15.414277926976656 25.327188996883095 17.5814817250658
v 17.239660186706278 27.733277603394107 18.817036772723565
v 17.54131450643962 28.07795278263827 19.338264046217944
v 16.697394520745956 27.105489787694868 17.88300345935023
v 16.95767913404667 27.395535403844946 18.329939628691378
v 16.46562930285733 26.995084927774847 19.03896673219863
v 16.715600271474287 27.306633540976854 18.715950837813537
v 16.22812524300497 26.74356721989246 18.581339102759067
v 15.789859804795455 26.035043300261954 17.70090710820303
v 16 26.486292201701684 18.146509631579256
v 16.220642107933106 26.53655206142074 17.785911207453783
v 16 25.997952746886128 21.2456977479589
v 16.479918637225083 26.66288602360489 20.66708231484302
v 16.23825232276909 26.38899959311868 20.99117627635205
v 15.775813909957826 25.77564109831703 20.696501092210088
v 15.570845118586776 25.535011212404157 20.173418163030934
v 17.265616441101884 27.74411002245496 19.703656883637862
v 16.227990754074845 26.518421456696935 19.315062448514034
v 16.723800406601352 27.211984813915148 19.534383736248465
v 16.998275278265208 27.416735282480918 20.0543782929705
v 16.735587812253346 27.035108955195845 20.36588858259953
v 15.052466818252386 24.79250108878366 18.77282885800654
v 15.37770206250438 25.335561884612492 19.69348623648979
v 15.203925956360091 25.104268952031976 19.233161626259808
v 15.38755697007486 25.487010352967133 18.990615457803063
v 15.781842325953361 26.064769376050904 19.17208614893988
v 16.232908838645663 26.475939986490182 20.14539858929842
v 16 26.262368617255 19.64167666473302
v 15.778876323315144 25.945858559995678 19.93564187052785
v 14.076914042745548 19.452240840270633 15.869893821237993
v 14.054173638605935 19.2250381299649 15.876018241037585
v 14.104750346325972 20.03731876024655 15.853026398553274
v 14.092422291933321 19.72270270602647 15.862186866644505
v 14.12362273833805 19.26658227319535 15.626978301670473
v 14.10685254222998 19.486801947109054 15.738258325837785
v 14.133342540994384 19.529029364509586 15.604472828969142
v 14.344819199103203 21.352668158218485 15.814739064367506
v 14.279470599160437 20.94974133069767 15.826760348119112
v 14.23845460270292 20.395168484527936 15.529484075702838
v 14.250363953536594 20.67935334887651 15.669282628363229
v 14.303810176011265 20.700292107737127 15.503215128723376
v 14.208081631041429 20.630317148219927 15.8359620816105
v 14.14826283215899 20.332787422912276 15.844355243422992
v 8.887323010697163 29.74989944636444 12.373425462883073
v 9.432034869095087 29.496163418203942 12.994638097690128
v 9.288359105847837 30.203184154526056 12.315681715984345
v 10.370345292400842 26.93722262639049 14.36755211628024
v 9.76415988415917 28.453390276462343 13.684326584703689
v 9.43191601386959 28.03338980439979 13.725033413258002
v 10.587418966703453 29.04259609936141 13.649892830250582
v 10.15924321167562 28.777202345445858 13.661736235273121
v 10.954313440478796 27.771477272009612 14.297377491390382
v 14.130105986144141 20.103039344589252 15.702011963013973
v 14.172737190994265 20.132992951513362 15.550647690129793
v 14.144736352867634 19.826560176370933 15.577591171304277
v 15.820396680311706 24.694957613856847 15.709395724252028
v 15.546418141132119 24.1953093535433 15.725766402322673
v 15.291116731910375 23.284102505881258 15.26479305964919
v 15.408351413516579 23.75905440992816 15.479297347173315
v 15.515462927894355 23.786933201044757 15.216002548523706
v 15.300278663254423 23.753302106196305 15.7399940550587
v 15.084351245458182 23.308187369269046 15.754034619271922
v 13.385881241684267 30.11144146102236 12.596545316812826
v 13.858634663937915 29.164799636776724 13.297549975390165
v 13.939337687172896 29.89789809540844 12.665778338509776
v 14.834683394753368 22.100895482474968 15.165833794018745
v 13.831486884900977 28.257191019137025 13.905607587350344
v 13.276461580057711 28.745516693940953 13.810508846742945
v 15.291198597129933 22.777961590211937 14.853135238882624
v 14.37596165279588 27.55684114559626 14.035150313934228
v 15.19094384574098 22.80737781498958 15.07834964037628
v 14.57039044810303 22.13291772304685 15.790122033399092
v 14.446386207345292 21.75550414345371 15.80134320066128
v 14.883358764892384 22.934158971479857 15.765789184457738
v 14.706651922842905 22.572437963390072 15.776658043022879
v 14.61082607486567 21.74470969267624 15.407532150814971
v 14.65281316629669 22.147475029635523 15.579766992439632
v 14.741256348933785 22.134092551920467 15.372075516268467
v 15.0938339293515 22.81897341896321 15.308214023600923
v 14.908229633508054 22.465034630903368 15.341067523950807
v 14.991523872137673 22.86202154255392 15.536370307267436
v 9.736838292405725 31.732853588658735 6.940878381043058
v 10.19232881822149 31.809775196958114 7.655103881872661
v 10.393942510914433 31.95883855946925 6.929208439773658
v 9.839968313789374 31.46226407904352 9.056568542197265
v 10.01960494626362 31.612021407458304 8.380737342156529
v 9.370726918237501 31.44326954069065 8.367927234495536
v 11.279254556333019 32.03385711662804 8.36167341991062
v 10.67445581317289 31.750808201132006 8.406374636934963
v 11.110364961504693 31.75830664509693 9.089869580261619
v 9.292856565542486 30.664733513180337 11.632098065031744
v 9.379349008581173 30.94511029778545 10.99412539063696
v 8.820894336107683 30.69488057341117 11.018326408497154
v 10.581999178945129 31.21922583746202 11.017841940388532
v 9.936144707316679 31.204715673573652 10.966052643139657
v 10.490007591716349 30.873588669535877 11.666690591143272
v 9.059391556171192 31.11112736940361 9.720431116524507
v 9.505221558546719 31.160364170698276 10.35347571882614
v 9.675344385452496 31.29034453961312 9.726439016616672
v 13.062818792824448 31.143821348268762 11.247540975672509
v 12.479285348304646 31.10059680604123 11.212431616290218
v 12.94155503363501 30.61481519502104 11.918484558970636
v 11.63113281466727 31.413480816146688 9.891385936598184
v 12.052514518527012 31.30843300212713 10.549514203117411
v 12.212265420750922 31.628200919834732 9.871316710411708
v 11.761578266098555 30.70975317094691 11.805097765867332
v 11.876155829297987 31.09818965090934 11.163020429738236
v 11.250819087724992 31.131282587654987 11.100295334503354
v 10.306476203197825 31.425481610714947 9.744037004607623
v 10.738231124322567 31.432939755795672 10.38485096242842
v 10.912464387711525 31.62064703895618 9.737557026430949
v 14.404742600096691 21.409423525612688 15.624987280947833
v 12.941638637467431 27.47809022226221 14.408823650270064
v 14.490419650954639 21.37926650351851 15.440465376393934
v 14.384225175044246 21.04413016045141 15.471058251588577
v 11.894305044312855 27.858801659816734 14.326291195159305
v 12.817238969208084 30.233743093300298 12.530248420591409
v 11.625081521913454 30.463708203184627 12.399560025012331
v 12.24897869604051 30.278641719897294 12.482543618694764
v 12.755113330335789 29.640213848984587 13.155231207978217
v 12.742373306180214 28.92334669769963 13.755375269875923
v 9.826113576408524 30.414728403416028 12.29928378128082
v 11.083154049558019 29.183628303314308 13.64418848462352
v 10.411759401095495 29.96438555552428 12.969283488428813
v 10.41002175637431 30.507553877672088 12.313613324141759
v 10.986153463583124 30.591863736120974 12.330308604182035
v 12.221799408469 28.963876789170985 13.727762861069358
v 11.576122490846732 29.948813488295563 13.030505736582292
v 11.649724841220682 29.11319071256674 13.679824757298924
v 30.485194243693257 40.007950905953514 15.077050297561659
v 29.457711548919804 40.15870244931308 15.089519936482167
v 29.600529740050124 41.712627988581836 13.118175578143443
v 29.768364243864056 41.35859478720219 14.096421547685932
v 30.587631536709722 41.39558518392788 13.099995186677345
v 28.210430869040678 39.82907068252341 15.11785625793005
v 31.28320913682326 48.55675939328286 14.814811397459954
v 27.403541672179887 40.13219135798879 9.740088638837374
v 28.013122724549127 40.6851291415301 10.503049172071552
v 28.528527677979085 40.219572467903 9.61201984388482
v 30.97974000010972 50.94740841940794 10.945218614664231
v 30.863182171518453 48.51460264230532 10.049736779030212
v 30.276286285302433 50.4013022017791 9.801330169453308
v 29.761772262226685 41.21294952690064 11.233378236784176
v 29.2148710438742 42.390982370511985 11.092669953943764
v 29.502650391178733 42.23277999186938 12.084595912084318
v 28.705839663168135 52.55306308123096 14.720652353265496
v 27.17265718295286 52.13111408341645 14.749467778931782
v 31.050403288717625 51.215687847937694 14.7349628246705
v 30.129150310399854 52.50972505518969 14.706572550580322
v 29.23498803446347 52.67532308270533 12.123699285268053
v 29.75972894824431 52.80001555966268 13.399126863329101
v 30.475438724101878 52.11714587515574 12.133551572767626
v 32.05323887370548 49.1104879195148 12.344977793374092
v 31.500713152426428 51.060275887335614 12.188133844048236
v 31.758976867724463 50.579340668304674 13.488634892178762
v 18.958701682217427 24.422575505881923 11.212720115600714
v 19.275558954103012 24.91680143173899 11.293432023742639
v 19.402392601962447 24.546696885201744 11.078733423209602
v 18.865571733628975 25.23515921669759 11.950316485668516
v 19.068547386396038 25.07552348523551 11.624597516486563
v 18.578699815414733 24.758469373200892 11.827576051875882
v 20.1342104749062 25.63087896885201 11.240414026811195
v 19.578562552178802 25.341957290537017 11.440768080105684
v 19.919655241034114 25.83870660460173 11.58186404052743
v 18.052847631730906 25.809556520136333 13.260460986176087
v 18.258238314408214 25.68574555208894 12.929183013529165
v 17.81950197517211 25.381175661724058 13.05598396157396
v 19.275090452008858 26.43470864657747 12.621106615215401
v 18.749961068059267 26.068138372723254 12.774488813200342
v 19.04836877638487 26.579587188311066 12.982931432180479
v 18.193675490485866 25.05110973351961 12.450558496106272
v 18.46925496450088 25.575823487291572 12.590579198819036
v 18.678064639614792 25.448284004989652 12.255490811171427
v 27.107436647030866 38.73576440388459 8.292407104117732
v 25.704660521648307 37.906791656376996 8.662305600948734
v 26.70991997224392 39.4165444462644 9.025364579234909
v 20.230825595509426 26.228348385255323 11.803353731634536
v 20.539333448983147 26.595888497070504 12.053528727564617
v 20.779812275294056 26.406631158976946 11.675428072955402
v 20.148582431495388 27.198619539830933 12.737365507656571
v 20.353445130454972 26.915975433803688 12.385960325581465
v 19.823621340112165 26.74059576845473 12.48396401076343
v 19.170801111734523 25.735551507000707 12.096939135953342
v 19.502223690450368 26.27213632964489 12.262567123444603
v 19.691877664098207 26.00241556003369 11.943417315110498
v 16.540162355734093 25.75964430638539 15.673420214572628
v 16.190519463658866 25.22343007915208 15.691733032281554
v 17.348826175746417 26.76556307430574 15.637672696863463
v 16.915860019197062 26.148239081643904 15.65968016520286
v 16.57224723139048 25.196511932422176 15.074084529642176
v 16.7394173962955 25.696938251140374 15.349247832931217
v 16.945628154269862 25.71676539455028 15.019256888536928
v 25.514375107313775 51.24687126969123 14.783420103848798
v 18.819041920642867 28.093478344616337 15.586142394416598
v 18.31554365852807 27.28407606854062 14.844890653384848
v 18.574940205881806 27.749951990659852 15.196789309444714
v 24.538745968457178 51.31063738009107 12.35831599835134
v 18.30477088153189 27.712209502018126 15.602000383224993
v 17.826882209935974 27.344638965122588 15.616819118946903
v 17.39357903911919 25.398832284657168 13.745141748695733
v 17.605937526623485 25.873068089379956 13.973271615423375
v 17.824576570700245 25.849363341540915 13.624490603332674
v 17.15921971165593 25.753645042169467 14.679454746736226
v 17.38060643402915 25.824552031133557 14.329667447106399
v 16.974352743293565 25.31731433180028 14.42346414431931
v 18.30545438277701 26.788982122538364 14.146612532297256
v 17.828386894459776 26.334679216942092 14.234108148813405
v 18.058184776995866 26.775415154592494 14.526693793853857
v 17.585602778969033 26.78899155529068 15.271046176603528
v 17.82158599633252 26.786715696725437 14.900590996294662
v 17.36133737629404 26.244174532541066 14.96072680651775
v 26.261597215527118 39.95867476308813 9.849051206974782
v 19.94199657421359 27.47244464731615 13.114807801621804
v 20.566552430101442 27.851478221843895 12.988525303809528
v 29.342082796598433 49.34036625444373 8.764078440300576
v 29.153808782374853 51.26954627165264 9.697607264308651
v 18.298420835799494 26.278852663003285 13.494329845060143
v 24.55452310062661 49.93669019001289 10.105618626433557
v 18.570343533953817 26.804702609879733 13.746598320821025
v 18.814497395337277 26.713668804595805 13.360752973344622
v 19.37428813307898 27.15557219975186 13.223051825464498
v 26.780101019685336 52.55468519870316 13.4658164912482
v 28.60053461453737 52.39511517884924 10.86332375939471
v 27.774212278801894 52.75676731297525 12.145581467957786
v 26.24485106030817 52.50669152993582 12.20268713384167
v 25.466637765200268 51.52847734136462 11.074784063131936
v 26.807610711443466 50.07719715478392 8.745473186705436
v 26.222526326545943 51.07584326476884 9.852098794081899
v 27.77004813744658 51.478878987906675 9.722563907528503
v 15.635609874437806 25.84297841915972 1.0277121011545223
v 16 26.249062148304695 1.3229162546884048
v 16.358100425303746 25.673079786996283 1.2861472135814171
v 15.251131733906737 27.39024451881218 1.4977996712068968
v 15.631327536275728 26.792738469489418 1.4343160999836435
v 14.867680895823336 27.048132392969308 1.088196176812291
v 17.08515855992425 26.587983010429284 1.7092656098835608
v 16.365739394185514 26.70687403544716 1.5501971813281923
v 16.733996618912585 27.16404759546124 1.785796394260048
v 13.676228127143858 29.43424301909359 2.4056962470641476
v 14.092137470011082 28.83374497337512 2.2507794939554735
v 13.252929436424749 29.16239324194368 1.8947244661775429
v 15.631123943204326 28.378043463082584 2.742671436428786
v 14.876727056040481 28.616763811503077 2.4857413137904327
v 15.27039523560301 28.709238053128473 3.1393392007987835
v 14.070498550732196 28.135560387674083 1.4157511957417697
v 14.483625551862762 28.3454060241982 1.9961074637711107
v 14.864808465862408 27.90438059687922 1.7016945561198913
v 18.320877920801667 27.120321503637765 4.083079121685714
v 17.7616246532111 27.85003698261896 3.3046587869072788
v 19.167649348082364 34.312886750413966 -2.5310735204370687
v 17.095773411650686 27.491015699073678 2.19818553442005
v 17.444410570659507 27.759519545017802 2.6607021540380646
v 17.778902695107714 27.188372565601306 2.554060628531012
v 16.731001589739638 28.73356983749263 3.1147175182054916
v 17.09400667727833 28.288040880583534 2.8378479863814956
v 16.368522055894957 28.366164571909444 2.7553941549846677
v 15.626500907131923 27.749905038072164 1.8858865583671864
v 16 28.04850220564545 2.338002246177899
v 16.370467213840843 27.654525179493746 2.0004578795532453
v 10.740015075127186 31.865062664259344 6.194852039840763
v 11.051821831807057 31.736365075193255 5.599791283586141
v 10.304814734231837 31.585936236493467 5.691614020873599
v 12.601097740564576 31.77544361332704 5.585694358527084
v 11.819830559213784 31.806184186783447 5.560073381065816
v 12.289913670039901 31.866222785497662 6.194135045484412
v 11.032135971248955 31.02018737454827 4.70286318934707
v 11.396391137612497 31.51428119814468 5.05985282489247
v 11.771657948497584 31.18754301881801 4.597456616901626
v 15.63842151897634 30.82908591665565 6.2199668270834625
v 14.924382693409486 31.037620557717705 6.081452572782148
v 15.305982558160302 31.025830746556927 6.713525889424611
v 14.141523435184494 30.780683488292688 4.941410641940216
v 14.539176930037195 30.902295548034793 5.524379296450128
v 14.892784409069922 30.522013942425723 5.141194123591738
v 13.838255800662576 31.536698520908594 6.397792241118271
v 14.19235273689146 31.192331715002997 5.977453186885194
v 13.414935662437486 31.503548399305075 5.769070200987647
v 12.517467844297812 29.755263433880828 2.860903790314998
v 12.907616157800733 30.151982819670085 3.275879582482304
v 13.287624760333088 29.78895801275104 2.8633868983212167
v 12.158254882960366 30.821715590592568 4.163093267017487
v 12.489584692154232 30.667791093633586 3.5653125695652506
v 11.722486507654661 30.57090343783444 3.6224587010875453
v 14.094889437195333 30.303229058471338 3.9189506124899562
v 13.318760971859874 30.42500151875098 3.7943204276059657
v 13.731893262559922 30.62153159834729 4.358739263540244
v 12.97777750836197 31.415957074815033 5.150727593079985
v 13.36239608427361 30.991474109530024 4.769752429074835
v 12.558438475858472 31.17218382405169 4.6212429237611445
v 18.829371984132475 23.743103916051766 10.878786706681378
v 19.16238772097059 26.05713335190503 9.353211783736231
v 18.61849052976869 23.897839429939882 11.118866794608058
v 19.108225318637707 27.1642589847281 7.6180683566935965
v 19.196947855221772 26.773797141400415 8.402682092950027
v 19.352622006440523 26.136551733568833 8.37599313065612
v 18.812211471816898 28.026451614202482 8.56724413836683
v 19.005163348457433 27.36321531218963 8.494638009241722
v 18.658888100827717 28.340790086656156 7.853112789099489
v 19.686231703293483 34.739772225699696 -1.853208133272716
v 18.528475748636183 27.571314293636757 5.596171904863137
v 18.74887033961995 26.857454856559634 5.628904990560379
v 17.995734183595044 28.86566013214699 5.756715762805072
v 18.264387947462012 28.182352725127465 5.6919321909602125
v 17.718862790515182 28.90491412562845 5.1000204040670205
v 19.15516435372394 26.74773819203122 6.870121821249514
v 18.74019464502008 27.44952921075111 6.293608897721674
v 18.960080129227162 27.420191726456192 6.879615553773014
v 16.669918386508417 30.504073936526545 7.0359893318851086
v 17.022979810172508 30.30172434872935 6.566836641514671
v 16.35648849689465 30.62033507575989 6.357641540164844
v 18.193095437152806 29.15277177443611 7.320368652332606
v 17.643360363009688 29.811586071940305 6.888346136315334
v 17.89776471473144 29.639448296166435 7.570357365172301
v 17.070239950323284 30.037048979124464 5.503825671407771
v 17.36904294320122 29.966018867743806 6.182538258919543
v 17.69121810282704 29.45045719747283 5.936657330980239
v 18.698136546730296 27.894781883812307 7.07921212263544
v 18.241248982525107 28.738692831854692 6.457331067879702
v 18.45964311205979 28.54631409162962 7.170293312165169
v 14.102178748930129 29.540114637255208 3.096646717822747
v 14.878180788104963 30.031614173631855 4.141302478196831
v 14.48770514414985 29.84940803868695 3.5710298173302437
v 14.888637566795998 29.236595308291427 3.3834379724433816
v 15.634677052534403 28.990221996876002 3.617064602843284
v 16 30.566352030575803 5.764503451620101
v 16.718400666324783 29.83814865829183 4.999077843988866
v 16.36206332698959 30.244879251627886 5.347336026081713
v 15.635176688081238 30.35346702929457 5.2661314692213566
v 15.261847580173606 30.218615595517157 4.6966177922359265
v 17.74862794236528 28.475686413663166 4.11101725902466
v 16.36598626053607 29.013808207648204 3.594581036024632
v 17.082088236381427 28.887932545597028 3.71576855064559
v 17.408991900460286 28.903372432427993 4.420037104074266
v 17.071829817400875 29.406351306961334 4.669737989301117
v 15.632172547840613 29.80158918959816 4.336877125685978
v 16.361859064053544 29.57764385795601 4.5261235873934424
v 16 29.291449304494236 4.067081086346004
v 16 24.703415329602933 15.417326618036286
v 16.36269306362243 24.726308153561206 14.824305792284909
v 16.179044349824828 24.62902918719174 15.130723161545617
v 15.829608615657351 24.212000156258686 15.172734107352971
v 15.675761905973916 23.801090804814535 14.94896018892744
v 17.134307379281307 24.888588870550876 13.543254458584546
v 16.93639069484022 24.862857810241692 13.872120884990496
v 16.222465733592895 26.477032403318447 13.482700776192434
v 16.526769598168716 24.323069518616464 14.000726958175235
v 16.501007496642547 27.83048390905191 12.730134668209798
v 16.73928822091498 24.79687652740653 14.201384094424043
v 16.553895164686097 24.820369119469724 14.504452673207592
v 14.574525256200596 29.49199648821858 12.760713286645972
v 14.166427213771422 30.368128920524658 12.028746837315053
v 15.541777494808121 23.296853073146103 14.76277410165838
v 14.977015538568695 28.17261109006847 13.511178899604024
v 15.433317893871767 29.38128387903322 12.301504098457428
v 15.180996376655475 28.94042806720977 12.891597633952525
v 15.741103227197051 28.19275361631554 13.070467281870151
v 16.173426596802685 24.281820651389456 14.596258412313652
v 16 23.8448814040801 14.394178498123262
v 15.836706149339598 23.797941086181137 14.678274420351757
v 18.45940273319989 24.130202251294325 11.37454459427456
v 18.555926299659372 28.314109674526208 8.984169852218391
v 18.86799396715619 27.265957579344125 9.58552421050875
v 18.27175063571338 24.267934487701083 11.682829336909629
v 18.073919813542673 24.35228267633174 12.010511126617416
v 16.349037026282787 30.66669818181659 7.633556073466632
v 16.99544829477935 30.403191573381395 7.784907724371246
v 17.54950087258008 29.74319609447071 9.401949348604026
v 17.297518169442768 30.212302492248064 8.547079929913249
v 16.990541957380202 30.404623888651045 9.078536756415373
v 17.605743704010546 29.993513213066507 8.020542701113126
v 18.12480979601614 29.22878690478825 8.459496609512467
v 17.544459197987898 24.86192618949805 12.863915623242944
v 17.356155670908823 24.967125995708052 13.170322695067322
v 17.901346524527774 24.543074881803445 12.28789720643612
v 17.71311365017186 24.649492058506752 12.59611521399609
v 17.449073265438013 29.055778020992577 10.829231964328777
v 17.820983777095094 27.805765023474976 11.33871037858743
v 17.736240094738548 28.970759089279472 10.336378412797425
v 18.27713718105815 28.516907835244325 9.446476647746241
v 18.016363869002536 28.813573723869187 9.859468950103722
v 18.343650452814916 27.569539460105425 10.465026756906749
v 11.152763634023668 32.023814027376496 6.8836908452716195
v 11.984360205530026 32.17215789671599 8.275328016571528
v 11.551561827524889 32.1898910929823 7.546313898686247
v 11.905815882941813 32.08263654422469 6.843061318350683
v 12.686838676004507 31.96236633212631 6.905615273629211
v 13.734181748789842 30.98196569746335 11.272272483102938
v 13.295403863798906 31.518656214836128 10.508212519160242
v 13.890394780828052 31.760021413102102 9.118460001019242
v 13.5617056410504 31.807900444749684 9.75854066780791
v 14.300894478568926 31.308504442901043 9.93703498022053
v 12.863251970683825 31.837406447835576 9.767413566843071
v 12.42937128495549 32.04344505024879 9.028866302428447
v 14.945824955012286 31.252911883486163 7.300256060854718
v 15.645001695750043 30.91719385459249 7.4906637895906965
v 13.435102751510474 31.968713621596976 6.897718734754699
v 14.202705478668724 31.662813791020838 7.0686650362279355
v 14.9564190107416 31.175926204450256 8.707923773406353
v 14.591803472184973 31.4246125358196 7.9113455118039955
v 14.24802010724644 31.539070448918103 8.539757623132378
v 12.713524326636815 32.223840010776 8.23836690565619
v 13.475284468068534 32.0440429912111 8.311360883663474
v 13.04929303503958 32.21936852836443 7.507965720563194
v 17.181171515791846 26.960515197457553 12.543459872083574
v 16.91802226006637 29.771946046923407 10.551319588183208
v 17.125697613811358 28.873995725245695 11.428110793430896
v 16.799685122779003 28.38747225165663 12.095064238300914
v 16.28468102150102 29.133843857052682 11.860641945713153
v 16 30.74020427431911 8.266151048740237
v 15.33371544970563 30.803584749607616 9.520558277728277
v 15.660212962927282 30.81642381852759 8.881760904832914
v 16.33383810850171 30.55702061193805 9.006385717754934
v 16.640494591719087 30.230580561998302 9.771358830636967
v 14.418502374996999 30.675285106217505 11.371959169399116
v 15.703837850410679 29.663529126620347 11.693702471581624
v 15.082117770841013 30.218397116708523 11.517896932713686
v 14.695170000864298 30.92263608356584 10.700585560221533
v 15.012564660129085 30.813264140833112 10.13933645367015
v 16.315944010550165 30.210755215906467 10.376710376266622
v 15.679401715568659 30.420098468585856 10.293871869607036
v 16 30.03131635255972 11.020884627873443
v 14.039006210405931 19.05337401261927 15.806514539898897
v 14.012084848425822 19.023844684034827 15.926406762176876
v 14.116541110817801 19.07525232750234 15.567994488797936
v 14.079889766469792 19.061118831752964 15.68743581970702
v 14.021828402102527 18.669963189002026 15.797257906407385
v 14.037401499105496 18.8748265805323 15.743071424344754
v 14.053314937769375 18.68609415313939 15.687229600554492
v 8.412091700171791 29.69423457712701 11.978985661356376
v 8.576147008281119 29.05637381485835 12.665195273607685
v 8.128870780009148 27.612712959734708 13.242105922236302
v 8.284724936711573 28.40282402316508 12.940599854758498
v 7.755388266858985 28.442169497594783 12.548318447463316
v 8.86119669684111 28.24203389965369 13.340832913719796
v 9.394656419874263 27.050920800411987 14.02061857024912
v 14.068890043303279 18.069444175130332 15.596965747827387
v 14.0609173438412 18.245000219023957 15.536468929487166
v 14.099596176582935 18.077048170718307 15.502060395425938
v 14.061106978006414 18.521064785103167 15.634016514998866
v 14.064872252374983 18.373941938411377 15.584636560168512
v 14.044162313765272 18.350482592115306 15.689030293652078
v 7.764529060731158 26.53437672887231 13.265011983440269
v 14.089329580705968 18.393174944228736 15.47963209694724
v 8.268857888319946 26.49353231989137 13.610434296078852
v 14.104895497179518 18.906524178086975 15.510836442285875
v 8.93541010320406 26.187958973572638 13.989127428839133
v 14.08507364258778 18.700640969379883 15.576008415458247
v 9.303717530303523 31.440220560935984 6.457418899546598
v 9.099409396038523 31.354172365193442 7.168210827533025
v 7.753563132558716 30.80274213203059 7.507222340375421
v 8.458256257817466 31.01124220305792 7.375895183701221
v 7.955395409097713 30.843938540461025 6.8259414550805815
v 8.890888169425523 31.292130130953083 7.845246593286399
v 8.684082968627564 31.239355894416335 8.497978014736779
v 5.783966822538245 28.7651787822763 8.73019473332988
v 6.182867894821527 29.349725912110763 8.38086060391587
v 5.867791423565336 28.89920228933837 8.02785455742843
v 7.084142096625426 29.84062404880422 9.289380421461154
v 6.634253657068475 29.60600598443762 8.837789407889726
v 6.538860825987726 29.456785162136747 9.516638507851248
v 6.658661269854232 30.18899203172223 7.230720658294233
v 6.646016928943945 29.889709903739792 8.057300179284333
v 7.142824319349485 30.417737767627003 7.741150643231574
v 8.370573531082364 30.542283468642587 10.580099791335947
v 8.357858123044206 30.172659944476003 11.26672375350567
v 8.547563653750213 31.050952522600603 9.203715066139612
v 8.447816796737255 30.80975850352533 9.899572350679364
v 7.372722446188279 29.985093186965912 10.349423118869705
v 7.9190777775089884 30.367469941003712 10.136898190062688
v 7.4882801036060584 30.1377669680813 9.70585816828343
v 7.617688653059824 30.644645731318462 8.23501637036398
v 7.521441373220037 30.434793313470706 8.96513352967537
v 8.073598797720638 30.879657196670124 8.711445652640691
v 14.21111658780429 17.18315001452353 15.34633234111022
v 14.214536978808054 17.278589064188075 15.289633319498098
v 14.242820855468356 17.178362621658703 15.27173184874249
v 14.163073003393858 17.491446998311613 15.332976902332685
v 14.182348817611322 17.38726603184207 15.30794690074891
v 14.172593976621474 17.37444729149654 15.39559311591223
v 5.9814211675124795 23.877944348348052 11.131162631240763
v 14.215040475831724 17.382645046384287 15.228036704838036
v 5.943767930887226 24.4196555905181 11.278682765765137
v 14.150223302095906 17.90384294017648 15.472565068476886
v 14.164734640425465 17.782459960068568 15.438741470975545
v 14.136926902630115 17.77961671106377 15.528310598978928
v 6.233552972042791 25.811800359878525 11.932218645666046
v 7.262838219768433 24.629634501942434 12.852331453405869
v 6.480634048506971 26.143740388997372 12.213805815707465
v 14.138676998306847 17.581137533603528 15.453579917860022
v 14.156865006112614 17.68807891659144 15.399792774796708
v 14.156380067795334 17.59118131148619 15.364674135559358
v 5.3900372565725245 27.448631559229824 8.924356571721265
v 5.479470147965904 27.144507538221774 9.68618378982982
v 5.641544857771224 27.88829154448034 9.24652585281332
v 5.570977653991676 25.443157713136152 10.684437998721947
v 5.468712198136057 26.30911310566146 10.1771733970079
v 5.3242823629494715 25.82410347103935 9.928370145901864
v 5.716728375506992 27.361038915673653 10.661096158340094
v 5.471778739736358 26.95349927012954 10.352798071419375
v 5.76072383720782 26.466879087200184 11.131003043448079
v 6.958251317165978 23.92618803313115 12.404765233774839
v 6.034055261531886 25.43290780411178 11.665046178932375
v 5.968036492247892 24.935821813168225 11.45910658661294
v 7.8630295811562565 29.739846688341316 11.509806346858856
v 6.857998084911323 29.555511036435554 10.603235409307718
v 7.2839905677068355 29.784764631441327 11.015150367206681
v 7.470559032657672 29.17208260239437 11.793082887079912
v 7.272259116793698 28.3740753294718 12.143035607712326
v 5.852649613417377 28.416366425758447 9.52399468582252
v 5.976281298379439 27.786841255892654 10.967020405112006
v 5.871051832564252 28.145668792009424 10.242558312895
v 6.1034278403141915 28.907916925458494 9.830248299618862
v 6.477921413717967 29.23612230654782 10.213972576726437
v 8.010445400585851 24.88742184616291 13.45480951588885
v 7.174794853758632 27.511985058421427 12.504769836001735
v 7.3365740342763175 26.428208376879013 12.921304348557197
v 6.8998908393790135 26.306882693592414 12.567158987497166
v 6.323494109301462 27.16378957468372 11.76144263104213
v 6.588580241413462 28.801882000203367 10.976961623446291
v 6.399254964489952 28.013001426166348 11.36026478995424
v 6.827369904919994 28.21563204006488 11.751050479737554
v 15.419771500840481 25.106371120601462 0.9069810789744412
v 15.031895437988444 25.811833058620262 0.7224421431995438
v 13.832148222468051 25.451406509747493 0.5680412595084334
v 14.430788296627876 25.639810445956783 0.6318170825045026
v 14.251852714435616 24.793546947425433 0.6913277175781101
v 14.636425977689967 26.415923278363877 0.7426903221530665
v 14.225324751445989 27.045590640275442 0.758964347926927
v 11.306109276091806 24.857668583804145 0.014172733767940926
v 11.908583671121175 25.108201482721917 -0.01864738864262705
v 11.796093369362904 24.244978739822336 0.06118697918240912
v 12.2384557000738 26.73558317201477 0.16119944831617872
v 12.08794964049714 25.865510607347638 0.1405275952081908
v 11.607050883179074 26.492903033020553 0.16487249073526833
v 13.059199410326649 24.49042151739829 0.4446946874822544
v 12.573930836966355 25.197629582625694 0.2273714003105507
v 13.210930486760274 25.307333153126073 0.4285766076248443
v 12.960740889718114 28.71408758381611 1.2800862718770922
v 12.597431068835776 28.98602269597704 1.8069141130821258
v 13.783365780127781 27.743198251716557 0.7307905897525018
v 13.387008430873932 28.173609915637954 1.0658732189325342
v 12.050996161982267 27.89105990598255 0.789588151187095
v 12.709581584025154 28.08165434036396 0.8673470001830275
v 12.472431916188642 27.413007024590456 0.5090471304683462
v 13.377843659618941 26.15868866228896 0.4196063221544435
v 12.907724580785866 26.863770284597997 0.33318174519948407
v 13.564536201817186 26.999590533628364 0.48716070644946363
v 8.061641572387376 21.570556835452415 3.155466249243604
v 8.216354270351744 22.081638899852994 2.4680376955558376
v 8.561499764288909 21.142720431167017 3.081657576739694
v 7.7567978472632895 24.004100526647278 1.6322630004475052
v 7.912588969994713 23.07240726141556 1.922934802734252
v 7.49119372932792 23.46125410612888 2.2324622503643425
v 8.967383448974083 22.108581119246175 1.7697120676447433
v 8.439367252523688 22.59117217051127 1.8219894483176446
v 8.739276540685559 23.080604471758306 1.2508098396957532
v 8.06391025876835 27.152342204741387 2.0648806036845713
v 7.8628538988609815 26.484574973792434 1.7426587820618522
v 7.462942923051671 26.85018374986722 2.1867514855997783
v 8.70463249620741 25.692765214217946 0.9533358677080557
v 8.220899960787403 26.17242886209064 1.2220930499224405
v 8.80676451069247 26.49705498578134 1.0698091233244291
v 7.3013940062346805 25.26605504301706 1.9253598473441595
v 7.706790326762066 25.76677258856752 1.4973398048190987
v 7.668104327676156 24.93551396020375 1.4547429403900018
v 10.666352311685422 23.6863366547534 0.2668704882391211
v 10.150163392827096 24.2346346853883 0.3041423436614128
v 10.6701714445704 24.60530927824268 0.04110731242274923
v 9.18900046044379 23.468571582393565 0.9164607283340125
v 9.635573318860011 23.879007676626635 0.5493418528497696
v 9.698163427491654 22.96522021469936 0.8352877601312994
v 9.783546304972063 25.49125594707359 0.6143701702835784
v 9.659217301670058 24.73929422956222 0.46197801541059924
v 9.181800454481312 25.220415789923194 0.685105786672116
v 8.099524321379903 24.52857521481038 1.099818242924945
v 8.593446208860676 24.92652345363939 0.8025440722735624
v 8.606546898771951 24.04048001258336 0.9061909395257448
v 10.013658125170814 31.046302625242213 5.225182619432781
v 9.702718939330822 31.19419863130789 5.81078520712628
v 10.682971696274544 30.64266060199258 4.111257419327895
v 10.369119662348968 30.78929335725308 4.712529385037094
v 8.929607813755528 30.548705600438968 4.5598651288647645
v 9.653093922730411 30.67552994115731 4.632207900814821
v 9.248356991752605 30.380751296781206 3.9596083085941665
v 12.201525540352113 29.321699271510212 2.2889271240382385
v 11.849905560402068 29.570438879914313 2.8200182508688467
v 10.425716713658328 29.383448541765873 2.5544015297873806
v 11.182578475393205 29.37198964916513 2.792577940225108
v 10.817273793962663 29.03056974371248 2.1147562480028075
v 11.446524168222663 29.982955047778134 3.19337884306789
v 11.046181516215697 30.375234833654282 3.5931016930464033
v 7.852637508439274 28.217010844155332 2.8172905699887156
v 8.49006322839962 28.513591045815506 2.7442218498765207
v 8.345565691804266 27.740344701491427 2.525728139225791
v 8.90712497079733 29.916073626685872 3.399425023314228
v 8.620903983632473 29.345989699576762 2.9355657248700098
v 8.296726805650547 29.544628292587255 3.5358421469166075
v 9.547918091009441 28.42736576296887 2.2701491112892196
v 9.087799396717863 28.886590256030217 2.5928675438617486
v 9.74177011133093 29.160768982222194 2.546687925845509
v 10.339569362113167 30.23556306953595 3.5208044810118224
v 9.991707588065536 29.812906116529085 2.9258887819100394
v 9.615251722113282 30.105497728951647 3.435738358242485
v 10.814377561081205 25.39720191338666 0.13216382226106305
v 9.882555477379452 26.362818055414166 0.6342960958155022
v 10.317742291938316 25.935427430823694 0.28667044126440544
v 10.976000657059295 26.186058975104267 0.26958921145565995
v 11.164693986014573 26.94158350682702 0.4871679454070943
v 8.698920184270936 27.44017206539594 2.001728241738654
v 9.891073480264073 28.16658240873825 1.693375906952669
v 9.289677524506343 27.805331644658104 1.844171994401238
v 9.046749065361311 27.15334181354553 1.4529015453509508
v 9.45110717864025 26.777527919638672 1.018746021264345
v 11.92023156112208 28.806716392688784 1.7540630544860463
v 11.365755929328298 27.701133459733654 0.73652778344551
v 11.616361716217675 28.33552453106641 1.1516685480998596
v 11.220884621182599 28.66894431756179 1.6510157594798525
v 10.538962132437756 28.46739409068951 1.6163613451729688
v 10.037012992432013 27.172555241698962 0.802533781952496
v 10.294485068977409 27.806103510054264 1.2275278867235606
v 10.721861190778327 27.394443416330823 0.8254724509281512
v -78.50490652431446 19.633099538451226 -41.0195237964812
v -77.47994928498541 21.92361463839065 -44.036405380346224
v -76.90894791096825 18.26118435765182 -45.07956081348216
v -76.53151470074644 28.998648583436214 -40.67154604973838
v -77.37560124075202 25.534379377381565 -42.57056107871901
v -77.94919938087688 26.728365912386238 -37.96592729843672
v -73.04955232509565 22.76192568730631 -49.97667561133392
v -75.11664755079539 24.143263538829643 -46.20388982789106
v -71.76584457720867 26.2195070988122 -47.6062806706987
v -70.7161868731344 41.46232349428078 -32.04901437887848
v -72.34480550544598 38.564662986019705 -34.23284856535363
v -70.6616455526004 38.857252035309386 -28.829149084437745
v -69.84974138326834 36.38838763684292 -42.189194055988985
v -71.7040644713421 37.63393006953435 -38.5570089764209
v -68.99211844044828 39.57834197553885 -40.31871652721732
v -75.09087001640097 33.22113959682429 -33.71936373395428
v -73.93422849427388 35.53516403420037 -36.4441259274842
v -74.48621457547348 32.20740352898632 -38.08531536247199
v -59.46411731212338 30.697001471345594 -54.41963734324598
v -63.93887157541033 32.50518801866656 -53.0459083750894
v -59.928281480112716 34.202610314579466 -53.470895506670885
v -68.799223974566 28.310320503855408 -49.217135476361435
v -66.91301874888386 30.507109932686625 -51.58686075013628
v -66.43760908866582 26.906525824237917 -52.59637385086812
v -66.23648448646624 37.35065086271719 -48.29010425265331
v -66.69187003953905 33.98038004524315 -50.01979114885492
v -68.01147037360107 35.13092009639162 -45.89570839156975
v -73.76242743213517 31.10687875325336 -42.52666965347562
v -70.44867880032812 33.06301305920118 -43.94571281925679
v -70.87804367770246 29.6395617997511 -45.60206321577172
v 14.259961389276594 17.07540300316421 15.245361165690769
v 14.243853054699372 17.010143640951085 15.210738890922663
v 14.237386578635597 17.01492899945732 15.298313378194832
v 14.290871348871487 16.98057842906822 15.047864146105141
v 14.25269563784558 17.003843370279252 15.122143153730347
v 14.291443577973148 17.055945940509506 15.074055662586574
v 14.230298454435607 16.874587530405115 15.240327005375907
v 14.229373648866382 16.94421255543055 15.176858905032978
v 14.223616796846047 16.874476975053522 15.147216442726455
v -49.01107352316633 53.02398946004541 -36.02867075682583
v -47.547473311567934 52.26868900660579 -30.73159168638888
v 5.380284473236957 22.563345146394557 7.65830798478904
v -57.65792073306106 51.71300565948449 -31.448984409827915
v -53.576880206613154 52.62531597823561 -31.893512033803987
v -58.94830628312302 52.10943899327389 -36.69433583559797
v 5.344675303905399 22.585352823352608 8.985055101632488
v 5.936879443726523 21.754500734146568 9.223021936546438
v 14.319771516805305 16.962477897109128 14.967793762159834
v -65.08483954989254 43.488362483722995 -23.61356664046062
v -64.8546459684083 46.13447740174874 -26.419375018820176
v -68.51526382158943 44.22575947494245 -29.572083110953038
v 14.251643812094951 16.789473410472734 15.134306404769458
v -57.93529241994693 46.45538534824085 -21.703037048803125
v 14.24899217263749 16.727647514221278 15.195754266726016
v -65.66579911117543 48.99648205896248 -34.378893166231045
v -63.588607641858005 48.47865570149013 -28.764273096873296
v -61.07762911806881 50.31500397600711 -30.405008005318443
v 14.290734326489746 16.90629846682614 15.021649460638033
v -52.05577038811906 49.1673094874662 -23.97388993355844
v 14.255169646712796 16.85467633351808 15.070527954557699
v -31.643509345587375 42.32212384983589 -56.03539916401496
v -35.410899921792875 44.563196215236424 -55.791839354461075
v -30.215339472476565 44.56265059560515 -52.916502599322115
v -43.54578063543161 42.630789493308924 -57.33901379468135
v -40.04935026679034 43.96084216928192 -57.43809006068609
v -40.38241040229998 40.79390603004268 -58.96362866674704
v -37.17957870904541 48.866787149590316 -51.62980011235635
v -38.977710047208404 46.69535042235718 -54.97482280238955
v -41.97023775354659 48.50677888615041 -53.238243498679125
v -55.69593494307951 35.86242653697231 -53.65987949607991
v -52.08325246863697 37.437960452294156 -54.100219708750316
v -52.25416693305422 34.09084333592264 -55.45499444110902
v -53.225898407486255 44.69970937550502 -52.90591379376907
v -52.55040147574853 41.00383330638688 -53.40455562267741
v -56.52472571909588 43.07016191314351 -52.06063426076817
v -46.50570478560465 37.601139443782 -57.582027864035894
v -49.30097346392509 39.2181775985905 -55.29910109255978
v -46.940542870091456 41.130860021197044 -56.92596924149461
v -42.928471473048184 52.41979827542237 -38.61166984207068
v -47.769930816641164 52.128256141480804 -44.19947122093031
v -48.37608501974324 52.570622805745806 -40.09189397941074
v -44.26788758382004 49.92484832612816 -50.55984845874558
v -46.32611788220737 51.20323945873064 -47.669326183836624
v -41.18457165356085 51.34200891400439 -46.141684680822316
v -54.802867341353235 49.27245890583006 -48.08613878257354
v -50.732555423465556 50.40473280663773 -48.14161277912268
v -52.55006312222058 47.88821098752324 -51.05943781691346
v -46.434585945296035 44.319665527380636 -55.22185757825905
v -49.24588232980432 45.98416742621249 -52.93281172831841
v -45.947607340763675 47.479755083548014 -53.54661241334203
v -69.42024734529959 43.91540991538631 -34.587320338064636
v -65.36548714810442 48.393495071122224 -38.87387656066482
v -68.26920739746325 46.47344940463496 -37.282825363073385
v -69.1420708827643 43.1927868840609 -39.13283581290373
v -67.02258430440939 41.87790545085339 -42.55787878850469
v -53.31788547905953 52.15413554473242 -40.650460198548664
v -58.37105831219131 47.7564316689473 -47.24633986994069
v -56.48877873664743 50.36203668095055 -44.452420950855334
v -58.03803756700283 51.38884785282059 -40.76537783553684
v -62.2172571179414 50.19182628992226 -40.26956685886945
v -59.843940963779346 37.72027840693101 -52.18167493945141
v -65.47309455256418 40.736586799692525 -46.45810515533223
v -63.86792012267749 39.57921988945323 -50.351744040066066
v -59.80423791669561 41.24758499519271 -50.92875628714259
v -59.536452172856585 44.67893414152475 -49.47319075868761
v -63.43462472596775 47.167539930405525 -42.397085416816346
v -61.534493509473265 45.94584839933458 -45.965272227509836
v -64.59590967437987 44.03358439603532 -44.51888794578002
v 8.946400294839668 31.062473456850988 5.887282733300724
v 8.105395438056167 30.484287646632456 4.56733902337513
v 8.531308693406334 30.779269564906677 5.235021353817496
v 8.23845178155791 30.812127820580912 6.041920358769076
v 7.474895509968128 30.658602454563088 6.130237054172552
v 7.152108203040781 27.916019869588652 3.0032009206663215
v 7.4456336783062 28.46469378317923 3.47180676660345
v 6.486400133766027 29.172843517869453 4.58198535947777
v 6.937899512441684 28.859234676206412 3.9845952018848827
v 6.346141321180085 28.41505093733312 4.3034018939919
v 7.59284875515543 29.236835357953545 3.7283985411261966
v 7.81788473800713 29.903420262872146 4.101388818981004
v 6.03794547271859 28.927681167923755 7.244752995316917
v 5.600569347814988 28.384087215964858 7.592859883837415
v 6.917107874401049 30.14277979191425 6.460628092051971
v 6.44661104246692 29.554687345475386 6.839826986941752
v 5.858673881985597 28.52391708963213 5.907182681650047
v 6.179941637744877 29.00427345818358 6.399644781688625
v 6.299140067124435 29.12492552908808 5.48660137956473
v 7.364232711719714 30.227967823517737 4.715136338482749
v 6.787766717614129 29.716224883279246 5.067395011116911
v 7.067557620783834 30.295013348923675 5.525591649838148
v 7.432276817513426 21.975969476857298 3.238731231336768
v -31.991562644428335 49.13965227886672 -44.80155786780742
v -29.000258715072988 47.2209668134286 -45.780982192329134
v 7.193337889920814 22.864107847450132 2.900546134712851
v 7.073204597384976 23.710607031408195 2.7418958572378695
v 5.328727324580376 23.264732292283846 6.216121949881071
v 5.617487599060258 23.089275585278315 5.670111614115896
v 5.84665978630483 24.459860942551778 4.28619808000348
v 5.775332619879862 23.711514077748223 5.0572644420816175
v 5.453521233085089 24.704600658431904 4.805713429318015
v -34.01858051317964 50.26722851422589 -37.95283715091117
v -33.60048717204205 50.107922085902715 -41.957723628804274
v 6.864545721622713 26.39466888872486 2.5109185187081486
v 6.933237497570424 27.215367720894587 2.6442599926859334
v 6.915698167350284 24.649598147399097 2.531893124388713
v 6.783104854175974 25.612545983938567 2.3613785657129025
v 6.097488365657391 25.950105773609536 3.7122283327030665
v 6.396970725753544 25.822793613685853 2.99210436807061
v 6.167448134820127 25.072633110423737 3.7250434754238366
v 6.258091485705055 23.455017392904534 3.7173916284243234
v 6.149986133951749 24.3000003806085 3.6420116314895417
v 6.59796995320761 24.01793178507637 3.168521549591688
v 14.276985893917605 17.156805656870425 15.19313040945994
v 5.527643220690704 24.265985018043907 10.292082729835853
v 6.242900131748515 23.106912237381643 11.069257878845907
v 6.621451540458029 22.3051260163646 11.085644887118182
v 5.657810637918816 22.963484933915012 9.985221630729729
v 5.249151994021712 27.725946498524795 8.017272468199202
v 5.097262423304983 26.958279883150887 8.517585047600182
v 4.757200741281142 25.74508247686728 7.880303339309501
v 4.829339762074943 26.437635520349225 8.12786389412775
v 4.817124911160603 26.535727661858598 7.304272831784152
v 5.100280966860403 26.104908338836488 9.077228509693972
v 5.199316877464412 25.243274427057926 9.6438349308308
v 4.971818627351954 23.468814451392113 7.501697578707107
v 5.199566705400558 23.33205075509399 6.9304290980814045
v 5.182785005918804 23.296262711787968 9.052879395971104
v 4.985297862648739 23.443666880233852 8.236801108908423
v 4.755066144562555 25.062105916831207 6.894339160237779
v 4.77427992273007 24.287344976993005 7.522999983689397
v 4.727781792781514 25.02933301117558 7.668508158870001
v 5.108249480830914 24.638754400394337 9.389173772934846
v 4.805531122006407 24.922623195879666 8.481454652861434
v 5.074497704430286 24.005461043031794 9.17304451999561
v 6.528551761981257 27.471771162375347 3.291961281896686
v 5.705615321838465 26.20515781771705 4.3159709683175205
v 6.056444205064219 26.87625726785766 3.755354446046846
v 6.2212047410545 27.61191049150407 4.053638480563363
v 5.8379862596256675 27.844435627452228 4.70315789135665
v 5.226796678356715 24.02939303869427 6.274838947761774
v 4.842742901050926 25.830264561846192 6.254939524810185
v 4.971398421616044 24.95603834766561 6.203888912694625
v 5.277316707493158 24.777143096945615 5.577509569021709
v 5.443038803283859 25.496457833605273 4.931309642688122
v 5.338853158354443 27.81005660986037 7.19782821333278
v 5.584900544074472 27.924394172486892 5.4938380987631525
v 5.431716590077592 27.897924192235728 6.338007537407499
v 5.070986878170034 27.24379505849395 6.796296459665447
v 4.8994776089175645 26.587321567679666 6.4762316574996674
v 5.425045426202296 26.339844369683313 5.044629124843276
v 5.114288539138437 26.50771402574112 5.725901236823594
v 5.40672170143044 27.223891617251994 5.165848847452121
v 13.977437789581375 18.896393300466713 16
v 13.988243742719455 18.56139297164342 15.867734145855803
v 13.9722444084993 18.736622133093082 15.93073327479744
v 13.932580444961705 18.79015189819798 16.07062161869876
v 13.904536145646412 18.667970520509048 16.137769332403632
v 14.046431991994172 17.976843567970597 15.662083946057585
v 14.0230110647173 18.118014411662685 15.706101132627026
v 13.980326844981622 18.1631423970162 15.939812049322557
v 14.008324950714913 18.133353071915934 15.822680781740445
v 14.016430965207213 18.00720203851949 15.886128388480463
v 14.019548313577676 18.24650631461534 15.756743008113729
v 14.009843487615733 18.39036928159515 15.810220380129675
v 13.919349943003532 18.22907004065511 16.30930911359063
v 13.9148421950997 18.110001176272615 16.360677639269078
v 13.903957556385075 18.51754846363025 16.199876811550237
v 13.910078719438715 18.370682095412 16.256703037733196
v 13.944026174445545 18.08046948778202 16.11802818487854
v 13.916234736115735 18.23199413401041 16.185518028034245
v 13.940567779218004 18.205725782652305 16.061372804119305
v 13.952820635591804 18.459094068505575 15.934925462540576
v 13.937321271872161 18.338905838215723 16
v 13.910895762910366 18.50945468053899 16.066407220733407
v 14.241753425975473 17.086656143350215 15.417061837744084
v 14.229955518264223 17.16982746392992 15.443423216263442
v 14.200313737850774 17.18807960347615 15.61224813370533
v 14.223791457350767 17.17317922061717 15.530256475395616
v 14.243390264994494 17.08564452120235 15.589242263075008
v 14.19993918405701 17.26934209835745 15.465861433135386
v 14.159821122289895 17.38157432441523 15.48767844006978
v 14.02565568142355 17.302113497686964 15.951859445434412
v 14.080538636312019 17.26604262272601 15.862703952783606
v 14.078611814142425 17.187483204442483 15.91125436350097
v 14.070867566346067 17.443335378772634 15.757436966889177
v 14.080963492382132 17.3489934154957 15.811883156296767
v 14.041145730698302 17.464729226597044 15.850649228410774
v 14.171993277983642 17.12977028586939 15.745654913600164
v 14.140882599416576 17.226480011624734 15.77879442445011
v 14.157550555093186 17.215848813676477 15.69278966136527
v 14.110855733524968 17.698539309931967 15.587198537500276
v 14.09123863408615 17.818459345822575 15.62453456870708
v 14.139988131054885 17.48544120148399 15.517890390523275
v 14.127950002955716 17.587039003950345 15.551965737395234
v 14.086881499342173 17.615892397172903 15.745183255571117
v 14.112270366442624 17.597297788604266 15.649119318185766
v 14.095909250637538 17.51598461010165 15.704635521369426
v 14.138071410237025 17.310367586944864 15.634978066266246
v 14.095515133932647 17.42666667632241 15.66492442948038
v 14.140095811319666 17.394881461594434 15.578111182372787
v 13.87351100207907 17.405402664837695 16.66865800228555
v 13.863113795778986 17.320668304299335 16.708474303457532
v 13.89389541699834 17.58122672293097 16.586357553827753
v 13.885337130035865 17.491188842568455 16.627491574040366
v 13.865134534711054 17.31941941895693 16.4992073593163
v 13.872570527759077 17.405159355015265 16.56262887754563
v 13.890855862972 17.39237109417158 16.45442619228554
v 13.925775859901748 17.976094204466783 16.408013005327835
v 13.928011278909182 17.862935697904746 16.452755244545283
v 13.953789658407374 17.629136315022745 16.317410213202997
v 13.94414152154439 17.739559597383767 16.382131536111288
v 13.97487680667629 17.710495805829634 16.26973514657494
v 13.93357514165124 17.751821187527007 16.49455363857814
v 13.92335072600585 17.65845199384249 16.538261388123964
v 14.002852713487517 17.23430490360434 16.092244819879934
v 13.990832540793065 17.325211170003833 16.143712582896125
v 14.006140911654073 17.314983818675053 16.048616384353778
v 13.914086600097926 17.37651284799897 16.34780556053686
v 13.956490799242903 17.348125291879516 16.243145284290875
v 13.926944269461439 17.281218902045573 16.28844070021466
v 13.98898013641109 17.503735941783937 16.153328082142288
v 13.968890465580781 17.427775541114226 16.199102994296222
v 13.959094814680581 17.5269613466156 16.256616986686094
v 13.91921587576663 17.56053586960978 16.471991815090842
v 13.939474081390255 17.543558426825104 16.362529474531517
v 13.921973679929057 17.462450466473534 16.407386829909786
v 14.046623099574694 17.861513946867262 15.72620909849788
v 14.060872176244686 17.638837131171965 15.844967883232078
v 14.063555942876677 17.73783640276626 15.78854876843481
v 14.026567140376379 17.880992619383306 15.834307909733992
v 14.031606258066883 17.8763722858922 15.9446430242879
v 14.000899967320063 17.404729299512393 16
v 13.987453868323612 17.599915124245108 16.104480340376988
v 13.991458865944402 17.502035461370575 16.051051263583613
v 14.005804983470489 17.491307088975404 15.949313372925348
v 14.031626648921991 17.564799059750012 15.897812867753586
v 13.949743798479924 17.953837230771867 16.287369781838965
v 14.002042257939399 17.904554183303052 16.056188401662176
v 13.960143873914157 17.944304463696366 16.17126907749856
v 13.977302425384192 17.815243494395723 16.220869738871674
v 13.985778924262577 17.70230154447217 16.16103577762367
v 14.021930021418358 17.671580924287827 15.947282270873341
v 14.000137411481456 17.68999691131327 16.053298526024673
v 14.026403570882772 17.771873451676164 16
v -78.66119828504821 16 -38.070749131831725
v -78.96497204485381 19.578988315319318 -36.90065572487787
v -75.88436921017454 19.34493693994461 -27.133532243811572
v -78.47486433437435 19.497425957807025 -32.41056603449192
v -76.75477070811822 16 -28.78040156374064
v -78.41964218552822 23.08774274946353 -35.26482899761237
v -77.3965258611271 26.46771217872695 -33.40149362234363
v 14.316447892117823 16.058269339602795 15.479402973637102
v -61.078459431424704 18.697725918847762 -10.79246182032172
v 14.340320614453688 16 15.465822339641164
v -71.44696489791761 25.361458988606763 -19.047984864696502
v -68.51315689138272 21.97304093792251 -15.599935861454597
v -65.09448520802187 24.571065898009994 -13.264487703866031
v -70.51172788907625 16 -18.61231772244342
v -70.10236144863914 19.050342274261915 -17.32134671376476
v -73.31303518132758 19.208351636740996 -22.170408717350227
v -71.07669272838147 35.39047170635456 -26.37624159048906
v -67.92775555162127 37.770932556464686 -23.65962492538449
v -76.24386719560408 29.76796568319338 -31.48016374393434
v -74.33409190939138 32.797374087350505 -29.233381565285327
v -68.38421868422097 31.204945076325735 -19.018827392970117
v -72.02839026243635 32.10944161741761 -24.23982747474065
v -72.2423773048825 28.763347737990927 -21.823916816808605
v -75.52356995204921 22.64700644022087 -25.71039105577654
v -75.16577040892224 25.91183628787607 -24.305856718575278
v -76.92043184018974 26.25736143335394 -29.0514016043619
v 14.114778753964126 16.063008168545394 15.961058810270064
v 14.136806838610715 16.062346659750514 15.896878741104814
v 14.138734581605366 16 15.935577491642738
v 14.149225760872563 16.18680435434981 15.819884070814567
v 14.144953424196844 16.124490385310587 15.858547752541794
v 14.124675132431708 16.18880987917893 15.88330907725566
v 14.209222695251732 16 15.813455535002529
v 14.183552094207238 16.060914336590194 15.836068898211222
v 14.214323821509103 16.060098968308676 15.776271175568708
v 14.211141132064558 16.43144423682389 15.668617161785633
v 14.193387825198569 16.370858596481302 15.706139341762537
v 14.167344094263825 16.439669436127346 15.7282693446588
v 14.229292221918065 16.24210619463766 15.661781588823226
v 14.212102946124958 16.305498871510466 15.683689500822686
v 14.234247081239836 16.30333022091612 15.622683330158383
v 14.128518398793009 16.316663980894102 15.8042908967946
v 14.169820109412655 16.311160146458768 15.742811873318145
v 14.157051888135554 16.249516603342858 15.780965806158028
v 14.306455027259862 16 15.581630359347121
v 14.288624142849805 16.058565938955745 15.601070912288009
v 14.29396169899844 16.058885564145015 15.53948002309269
v 14.245944198596149 16.05924566215501 15.717535890858114
v 14.272423335139756 16.05870581895289 15.66004122517636
v 14.269925683722931 16 15.697689299441643
v 14.269706605007833 16.17844995848911 15.581583997147906
v 14.271503864848675 16.118157638043172 15.621209159182062
v 14.258195561787183 16.17830211125257 15.64257381846759
v 14.18146455577841 16.18449072031849 15.7583367735028
v 14.219128467800994 16.181510874300365 15.699258723829558
v 14.209766537852033 16.12095639525875 15.73689856572432
v 14.239869755134722 16.92905204943084 15.353421691837362
v 14.242035792801166 16.999203471757504 15.382458292776969
v 14.238276749599482 16.79111342131017 15.298144761380088
v 14.237887054444613 16.859978411159414 15.324998905094382
v 14.269535438825324 16.82437141340218 15.490510447163663
v 14.250074670930458 16.843656858277114 15.40832847784039
v 14.26853306518989 16.75926066210453 15.462744215916258
v -64.77949029436186 40.060232096639936 -20.945753393997663
v -58.44023037144113 40.93380454922101 -16.976858329587344
v 14.27120355791051 16.56593792741958 15.384553416664485
v 14.286745855380177 16.567220812154257 15.316730056937475
v 14.303958347520489 16.494129117981835 15.371693218299376
v 14.271174249917156 16.643906469913762 15.259362104746181
v 14.247771046152693 16.718931818071983 15.275212886000574
v 14.233412772407936 16.554393321140928 15.657366084398971
v 14.260106424727471 16.551624520473393 15.594342602379665
v 14.239040905859229 16.491787384092632 15.631483778235914
v 14.267242666198698 16.686720017624637 15.508859371475724
v 14.271679523163032 16.615359273555452 15.554329304070613
v 14.27487157053125 16.676518418998583 15.581888623043533
v 14.278417816805083 16.490957860584036 15.50394875718495
v 14.264232467144083 16.556084688911167 15.525901118772172
v 14.261390699715252 16.562984139033336 15.454311288221351
v 14.254567672389864 16.707878063587053 15.35576335677888
v 14.260498820060086 16.632903291981435 15.406927434912408
v 14.25751688677131 16.698575488056793 15.432485423282783
v 14.303980337437922 16.117577953031752 15.499838031858076
v 14.276995677655808 16.238855391019587 15.54090186216575
v 14.294399489231806 16.177411277019047 15.521358346404051
v 14.318981944698566 16.176276305527125 15.461523281982664
v 14.341400983634761 16.234088726418037 15.425768150075996
v 14.2352889905856 16.430182614086764 15.60539870682243
v 14.294232396811497 16.42461544303048 15.484046960732542
v 14.277345016506782 16.424365558247167 15.547455866656374
v 14.25490818945337 16.363951971488 15.584858036972456
v 14.267114879368641 16.300980611850765 15.563186459487566
v -64.10077018384584 36.56439851346818 -18.30748354856769
v -61.99746860170852 29.937539080643468 -13.089225577045852
v -63.403023047462895 33.2329854444196 -15.775347028716649
v 14.35008509606283 16.419245337253912 15.364263024999877
v 14.312441888096572 16.424402091136926 15.420145531278209
v 14.308614540250915 16.296456755983634 15.507061533485958
v 14.323114687003702 16.356983862572267 15.468174463167173
v 14.338475102139219 16.293981001088746 15.448792391776152
v 14.059150621507984 16.073145677799356 17.08115869014267
v 14.058339487631969 16 17.10908207761425
v 14.023709818553824 16.22149899699463 17.045346022182706
v 14.047096294994907 16.14659745319043 17.06032253637617
v 14.07708164228947 16 16.928351777220552
v 14.04915013806415 16.07221976972383 16.999649448877406
v 14.053413145950675 16.07086308945569 16.91379162262583
v 13.96152871760499 16.5287812180324 16.963269015709926
v 13.978263275413761 16.45020576146675 16.983886746143106
v 14.014864464681363 16.287129335339344 16.850901841623756
v 14.006119132022837 16.364885775361845 16.91144938460637
v 14.007748803385747 16.35897790481561 16.826769529486896
v 13.99728475691892 16.37239935020562 17.002828288214427
v 14.009888285970298 16.297036438491684 17.02435894031289
v 14.067410373901426 16 16.622015440990296
v 14.063683878901823 16.067770557760262 16.673063215446746
v 14.06277402738709 16.067049233318674 16.59903942147886
v 14.064426511609156 16.06953072815075 16.82722114419634
v 14.083302126548638 16.067902720111388 16.74175612970738
v 14.08593193175291 16 16.765795964744765
v 14.026233478359906 16.20861200217089 16.712271197661234
v 14.061546094667618 16.1370019173193 16.724798615174382
v 14.031416063139433 16.210742794927913 16.78899136298802
v 14.029861870115035 16.217480897060593 16.95519879048953
v 14.01962787926023 16.215312437571693 16.875554438798297
v 14.043419641510695 16.142098939655675 16.891679945694833
v 13.84540789175678 17.224641494953055 16.75687006791447
v 13.831160397689759 17.14478169061138 16.796716404839245
v 13.870884704901364 16.933632318442605 16.660641843211607
v 13.84528485929689 17.03881015714784 16.728535992903215
v 13.872813212720171 17.013364860364394 16.626293926709987
v 13.819940563608846 17.06395225973999 16.83510112688012
v 13.826458457644046 16.976043135913702 16.865920068611068
v 14.046570407826875 16.54553909420179 16.408794557003066
v 14.007404462512694 16.6317424085503 16.464575035930217
v 14.023959160022816 16.620124399675568 16.383257956252628
v 13.951243763807785 16.663413721261552 16.643032998324063
v 13.963731883722469 16.652355514518035 16.5561761108751
v 13.99181718810629 16.572690137370774 16.578631441103216
v 13.958416820877968 16.800617856039317 16.494809047032366
v 13.967038945278066 16.7238249240035 16.524226369008492
v 13.926107022148784 16.82191764219935 16.587833668780032
v 13.910084822267802 16.70001847530575 16.925827827144523
v 13.935772173864923 16.614831814562947 16.944106628248154
v 13.84470986148133 16.88430604593974 16.891508222083914
v 13.878729210689958 16.790073832258894 16.908763380336456
v 13.96428883235796 16.593089304299905 16.754138986117056
v 13.911820209147262 16.691350457613765 16.832795584520166
v 13.934350162982842 16.67621008412254 16.735365427420266
v 13.89211944310027 16.84506626068427 16.686521971396804
v 13.910611143621303 16.760207064347654 16.71236468408762
v 13.861432027429846 16.86731827486261 16.789342462698176
v 14.090873409103551 16 16.066079089280656
v 14.08359742877958 16.064127167021052 16.106066214598417
v 14.093056707777581 16.063734166276507 16.03938988100352
v 14.068784143062802 16.064997272171357 16.24196360941589
v 14.06942944888312 16.064741424175622 16.174230461835037
v 14.065587762868027 16 16.20150685118889
v 14.064996899408582 16.194818352783464 16.120404363652447
v 14.076718541484215 16.12906956243278 16.146655339197597
v 14.102519382608588 16.191518573216253 16.184661358088672
v 14.064128444374088 16.066818481506772 16.522560087642223
v 14.069742488041182 16.066056409024313 16.44995134474856
v 14.081979575454943 16 16.47382356459271
v 14.083635731549178 16.196171158769328 16.393246651501435
v 14.075037977090384 16.131587778140965 16.421845307242585
v 14.06198517325702 16.19987284606443 16.468646773790386
v 14.087170488518398 16 16.334245080817727
v 14.079874492338607 16.065248936682483 16.377849231452192
v 14.07160982852352 16.065134046768012 16.310538017905774
v 14.053864102504168 16.46689423257306 16.28855650488145
v 14.0597513698437 16.398291284560628 16.31559775116911
v 14.05914649559392 16.468102919690853 16.359539567026143
v 14.080386789011289 16.259896285226077 16.22814583300012
v 14.072850220136008 16.32764659410503 16.270814931509005
v 14.063889300838868 16.327599545222682 16.202467653646625
v 14.057194706435679 16.333745198794666 16.415150282766103
v 14.069545856873285 16.329857673264634 16.34153136072789
v 14.06833782194829 16.264113246150746 16.36896190375275
v 14.08321111678213 16.129507060776255 16.281700635722235
v 14.094136407454442 16.194250377259397 16.321849071460637
v 14.092685425925085 16.193497377663515 16.253460989930485
v 13.975508961594798 16.51975081394543 16.86709769250529
v 14.010564460045996 16.50032090591907 16.68358125266284
v 13.995946484076185 16.509232379290246 16.77219189723756
v 13.99910322832996 16.434258339526504 16.800714970895378
v 14.018024406338622 16.35416357464878 16.739179567821928
v 14.05780213168551 16.473448486243942 16.43428855283106
v 14.058718503145794 16.337176472774413 16.48934463899327
v 14.052264697747276 16.406214789908162 16.463349063899372
v 14.04049617285467 16.482711827650924 16.514764691558153
v 14.017134759800259 16.49359314883418 16.599768306788388
v 14.047901503007466 16.135330828090762 16.575680487564476
v 14.015045795334578 16.280149329152827 16.687220909763553
v 14.031784416713277 16.20639265022081 16.630474053682168
v 14.03789837739577 16.20409172740607 16.550623407554912
v 14.055249628102665 16.269595441225036 16.518182840699907
v 14.031382403419116 16.41908931285197 16.624348667142563
v 14.041050977608483 16.3433538280515 16.57091736334313
v 14.02402824269622 16.349617484566835 16.655524733733213
v 14.256118835054455 16.992133321167504 15.472472397256773
v 14.266067812589254 16.828217079922062 15.569454667883692
v 14.261503699955298 16.90777028236118 15.522319621583012
v 14.265697722796084 16.98745622734998 15.558495721893564
v 14.242381596498804 17.001383982236938 15.635187340294102
v 14.191802922877043 16.570596892965415 15.726534820472608
v 14.241208050356162 16.622406442719033 15.69347720282374
v 14.184334444703397 16.792801914162236 15.756958608664066
v 14.225996966825486 16.700432535328982 15.726368368546655
v 14.176330122525698 16.722268247430243 15.797589139445883
v 14.261448432002918 16.684182283995316 15.655663430578642
v 14.253467627158381 16.75889627446488 15.61129180031527
v 14.112548399782487 17.076538417375907 15.869552489992051
v 14.057118491542699 17.10829370011576 15.95376344588774
v 14.207352765488334 17.021821777542623 15.712064724293583
v 14.15994946654194 17.049243634244235 15.788855770943739
v 14.104013960905771 16.91102674956196 15.869621467603219
v 14.124983951038443 16.98325691777687 15.828819616465989
v 14.151624640613685 16.887397237163036 15.79160166146673
v 14.241308913414894 16.84137386286476 15.64374060215192
v 14.21768224180101 16.854123741811012 15.719531708471033
v 14.235325032496887 16.923937346259414 15.678961686554155
v 14.10194588164301 16.127070301762064 16
v 14.070845274963874 16.25991473096049 16.080181793389855
v 14.07366858487785 16.19405604570654 16.039969589659012
v 14.095706277028619 16.191835998127132 15.960487672007067
v 14.11008930965544 16.25462738796706 15.921449313250058
v 14.049943789519151 16.538982280582342 16.248854253670153
v 14.05946260900771 16.465902655170197 16.205024292933473
v 14.05742937496823 16.46673822685086 16.04124788227407
v 14.061971117555629 16.46553124304468 16.122658436693474
v 14.060900954693821 16.535953794612134 16.08211863233147
v 14.052644540336576 16.398157742995334 16.16365546893587
v 14.06222356769149 16.328561800986687 16.121687083789855
v 14.117522005566883 16.451963203583198 15.801109877313875
v 14.154949001256451 16.50995955385733 15.76454586959702
v 14.116577361421758 16.319345784081577 15.881726186462418
v 14.096156690424047 16.38926121648512 15.840001285814086
v -54.51810488606955 35.49072482606361 13.013638709240452
v -56.192824860501716 33.34133882144603 11.430894184246522
v -55.385769700597265 33.15174065905361 14.48421890730176
v 14.08405629527303 16.32474620873852 16.040121080902733
v 14.088754934215787 16.39122559843873 16
v 14.103063431943445 16.321524561068255 15.960276940639446
v 13.856185445731944 17.219664445288974 16.64850826723298
v 13.88291699086501 17.206185034357098 16.439423416278636
v 13.857890250623539 17.2196487541371 16.545320519354895
v 13.86961420860678 17.112398635154726 16.585358445100354
v 13.916048983178374 16.995404456058903 16.51745702004149
v 14.015901949835332 17.131805187211594 16.047217422401282
v 13.983861100211326 17.149937291180542 16.139341479949625
v 13.959191676740746 16.979783493889936 16.2300945322996
v 13.982598904343435 17.057923522485872 16.184179486617026
v 14.00116905278121 16.960444023964715 16.13745071959082
v 13.953055459320483 17.167219861577745 16.23488513989366
v 13.916015440637516 17.187886141692147 16.334729921825033
v 14.001592200455354 16.707202400982354 16.348283120547215
v 14.044150096417432 16.617190400432793 16.29579565843722
v 13.946414091994901 16.892315950802 16.457046026521596
v 13.966379442348497 16.800302495206846 16.40277777157522
v 13.98425448100802 16.798340204688838 16.223729519359253
v 13.970098413784566 16.801469381907943 16.313102780738717
v 13.951916971559404 16.89428592208197 16.27415233347994
v 13.9195540648157 17.08926671018071 16.378484914528972
v 13.943431792628955 16.985550261444015 16.32362476830001
v 13.937063206754825 16.98692778499764 16.417890683228073
v 14.166135834592064 16.578332766542843 15.802371688101514
v 14.07772667159239 16.605837687053974 15.95833400025984
v 14.118102741547409 16.59323546847035 15.878512321996777
v 14.146379719560123 16.65826855423 15.83792010102103
v 14.11551860940536 16.745569057879084 15.874382613804011
v 14.044426053017764 16.616715519213912 16.210744495271157
v 14.02646839816687 16.780800545135143 16.131553371996546
v 14.026118199101923 16.700976533872264 16.172595523615044
v 14.053486816742653 16.61360451797612 16.125659020849547
v 14.060498888605022 16.61126732083388 16.04203941843711
v 14.03781593837164 17.029513218730756 16
v 14.084086104941528 16.838584210371817 15.913767925163828
v 14.057855280368102 16.933062569016734 15.955460534341293
v 14.029313778287143 16.94677473319588 16.04519401175866
v 14.027356142796197 16.863414580167017 16.08878539539707
v 14.068676733368784 16.685344206046274 16
v 14.052853641530135 16.770498664364997 16.043290396624
v 14.071260106528701 16.763215104690406 15.95711882950673
v 26.712582772677667 32.680074164282715 17.056978873488294
v 27.452159061115665 33.42003438640408 16.423962493925128
v 25.304789277081937 31.19256674282366 18.134222451767254
v 25.625098321212413 31.34472824217341 17.566816797532454
v 27.39581634513779 31.38107724450426 17.167953107033703
v 26.549850402102145 31.45348696780284 17.381106750031975
v 27.258030118522505 31.534165985010212 17.808807518718552
v 24.25854883538694 30.90456928966949 20.376402820291236
v 24.53854498752813 31.016789168172934 19.835525866781666
v 35.100403834680385 44.179883844851574 22.69241847596313
v 32.92493006366985 43.20796439039749 22.71137879987961
v 35.001785304561224 44.676114918292754 23.95526992949479
v 24.800334589834243 31.091324106012827 19.278078845397705
v 24.99482286078714 31.04858511029969 18.69542153539299
v 41.40324442973254 43.222994750877476 21.30180976282093
v 40.21589278467469 44.03629047621332 21.7887262671618
v 41.636480272949576 44.0194155570797 22.71721383238964
v 36.269756986569135 42.355951546463075 19.82609881923397
v 38.5693547538059 43.68723555264024 20.844375177206395
v 37.48660002706469 41.82212199039233 19.416276180716608
v 38.94895025122288 45.35507747660073 23.621313267033685
v 38.95389137434421 44.750472690065294 22.25145404500565
v 37.16066760655459 44.721519567515124 22.540405654722832
v 25.919033554688845 31.21283433554803 18.560296667268805
v 35.27089453940518 43.790867668135775 21.485288433883305
v 26.919159015535882 31.39940586977986 18.417655130673943
v 21.65488836992048 29.038984552125918 24.058535631998645
v 21.915884926128335 29.16315110713547 23.571503866081617
v 23.489908818938492 29.444738693982092 23.713650308929484
v 22.668522281929533 29.273164208780656 23.625562084205892
v 23.184608163522512 29.25706948197699 24.193319531080746
v 22.18652784971776 29.307596109232172 23.09647143842126
v 22.449959200399473 29.43553013762284 22.61403560455227
v 37.35675095964795 42.68577318346102 31.197622982268555
v 35.6532245283594 42.72523481724103 31.25299401697191
v 36.42798014933102 42.006634814216575 32.07298424819216
v 33.45096723689986 43.090189124987376 29.134664512772932
v 34.63292498495029 43.06881860452545 30.249044102067337
v 35.682711725549815 43.995151347791605 29.487819269482063
v 32.621126610209494 41.246598998645744 31.603256281502134
v 33.663794908580435 42.22893212609149 30.998767860470437
v 31.27155198966739 40.85907921785014 30.239917088045928
v 23.569934097941946 30.42888635727718 21.377637174191058
v 23.91443124812526 30.677631551417342 20.901922790026276
v 22.787130751957374 29.70730026614696 22.189556318301275
v 23.220337987168353 30.15901323177598 21.832373011731548
v 33.33219469158559 44.096042625795214 27.352005080704988
v 30.68854045523763 42.11548009712061 26.657249971884255
v 32.23405260325434 42.964380342170166 28.004557343542228
v 23.651598542873998 29.36802527378872 23.08808525081232
v 30.864352490704967 41.30664295511134 28.33331507665242
v 23.164429965462773 29.44926394401806 22.587899834808866
v 48.07161248919939 37.21185121606901 27.719140392108265
v 46.5980395344005 37.91158162892753 28.173776502751423
v 47.50747842744876 37.12888432415315 29.0583686566915
v 44.85124556266926 39.425048285258825 26.476435493804367
v 45.13321994914018 38.23502882468 27.092191588966188
v 46.051376407150215 38.6025483007807 25.939366809798486
v 43.76388794716949 37.831675709564266 29.492717619876192
v 44.35880740311511 37.96697686775482 28.264680578666383
v 43.64490876685322 39.145906841500945 28.979054510951627
v 42.87228010828426 43.65771718746914 23.66221092245465
v 43.64920573823214 42.85366554704774 24.455645098064874
v 43.72388329485946 42.48199154223434 23.019081497012305
v 43.01081135420385 43.13624389782022 27.250158269178062
v 43.64215920662273 43.30197022760575 25.958423259541348
v 42.25567853574411 43.97778635264959 26.4428275878077
v 45.20408677935951 40.80798749032604 24.57331021122328
v 44.637095946239356 42.22796380057581 25.325519808791043
v 45.12518365911154 41.13720269695831 26.036766343207077
v 39.337825388084184 41.18257327786836 31.563686209907495
v 40.15408094900092 41.58667110886187 30.495888513455306
v 38.66620540521641 42.01376888391003 30.777843811371227
v 42.68503992604714 40.16247968817969 29.601081628497518
v 41.54798704358651 41.00901057966449 30.125670232273357
v 41.880888145467225 39.8163401944107 30.71930772777609
v 40.796869470147506 43.39577532564839 28.874122799594616
v 41.44339655977704 42.47115963443909 29.647509353200704
v 42.210298465540106 42.79291197117456 28.463562993131713
v 44.23492154978318 40.75132910176646 27.22694017918701
v 43.4564920169277 41.987958454184714 27.942934473885984
v 43.553528733372104 40.54289460833512 28.471899149578938
v 32.46600393196752 43.80400541593802 25.086372758182378
v 35.28821717240599 44.60004222075018 27.386342774859695
v 34.10955958571086 44.641090674268305 26.357197540013303
v 34.704133965215306 44.884940823130265 25.225310493605768
v 36.57058019169558 45.1646959126347 25.09055348798588
v 38.077410307291615 43.01406827043314 30.089729932095807
v 40.001228014098075 44.22292534036501 28.051185238037455
v 39.11168610851867 43.71333015617722 29.137019052804334
v 37.51056948602832 44.0558398872697 29.410185923082608
v 36.551415223411965 44.56740185505465 28.487930129147685
v 41.82045538739514 44.722161721585486 24.225486981744076
v 38.493791102423515 45.341888691237685 24.90868550487474
v 40.421732451872714 45.39655927575568 24.678677672984477
v 41.4374326907603 44.81071316203071 25.595781836496506
v 40.67018527204057 44.462004803847705 26.80617288507794
v 37.34437413388181 45.033681000239 27.391863623997004
v 38.91374231402271 44.67098522865206 27.073484048901065
v 37.8465480944827 45.09409734193075 26.11976707697304
v 18.595705770287125 56.73819210597367 83.52001385851973
v 20.159965300112667 58.161649325924174 81.64798168360964
v 25.158936545789388 55.93115829615905 81.19833705711882
v 22.70502218036571 57.18956206849905 81.66609662181999
v 23.820874894999434 55.34063858750624 84.48805688058115
v 21.57315161996955 58.57159401874673 78.35913764580093
v 22.891169846365333 58.89068730607513 75.18185053773709
v 33.939882917637476 49.85369337792664 77.09726160369578
v 32.07789062819379 51.79216962720702 78.94789872845179
v 33.0464356875964 49.432593105114066 80.63034861809369
v 29.815408987166297 55.429675795665645 74.17278490963415
v 30.914333046593573 53.61135398353675 76.46278336212006
v 31.82807181698461 53.80658923167653 73.0549598419052
v 28.656090443839844 52.539554231540826 82.94413473938886
v 29.761418114056298 52.94392037102093 79.3535771139706
v 27.529587269875634 54.47509333466738 80.36988539236206
v 26.043863486630507 58.01634523917545 64.6450146748207
v 26.610302025789583 56.494586797667004 60.25859724953267
v 24.128728741763926 59.064061852506725 71.99447138565156
v 25.1922266198074 58.82546581775043 68.53667075030799
v 29.448864690248275 56.496606804887485 67.80110712181974
v 27.409066608621846 57.891450170090266 68.47036218915716
v 28.78936064795461 57.37838291059116 72.16316349445188
v 26.505023772031393 56.69828493693204 78.41901119427145
v 27.738353988633975 57.23914075034836 75.47162966395081
v 25.355338664493523 58.25268907287037 75.5894159245203
v 45.772041543704155 36.89183186158187 64.17217513218719
v 43.52979445723473 37.510006324972096 63.860880849883046
v 45.75768322772191 36.573427528401766 67.6797646672216
v 36.90654379451922 36.30013034928788 52.4396889999299
v 41.29816092683895 38.123136362876096 60.03434664279701
v 39.94279443542402 36.995104085193475 54.7402551821679
v 41.44828751780338 38.10456485441743 67.49384388245596
v 41.562943499519164 38.28514033387265 63.936686620470994
v 39.38530287686846 38.805176515979234 63.50412008114268
v 23.43342102821874 26.445957362088777 29.052474572349514
v 23.781451938398025 26.026269067686574 29.634118655089324
v 24.256898182145015 26.494115439631408 29.359941900357853
v 35.565263593201976 41.99478453478943 56.35327209953798
v 23.278309396650894 25.51756426842548 29.82655814623887
v 22.570760302890754 25.588679850723665 29.638189055935605
v 24.785842231214495 25.358982091158932 30.215791349899263
v 23.987946639394753 25.407269483169912 29.968834785669802
v 24.194253881388583 24.78790047669665 30.3049713779315
v 36.23608151128086 45.16228145505545 75.69214875685535
v 36.98480394564843 45.539661710384294 72.3049052127713
v 35.63160196054321 47.69633033050026 74.7821213600533
v 38.474363955951574 40.64416492747657 65.7713954268448
v 37.854929456409394 43.0558788067207 69.05631768242506
v 38.568691260603245 40.94445909204104 70.30920092255926
v 36.48144520658863 47.27098634663324 66.69127026205194
v 37.24083910563887 45.27555657692878 68.05045507733143
v 37.16415205070784 44.62079357547415 63.53846636600886
v 23.69453352079147 24.306260349935236 30.511777854839806
v 36.85364164499006 41.133216673656264 58.78944145541486
v 37.67363344514507 39.57036882898488 60.2469412314783
v 20.980003118760624 28.516931970521718 24.963508145921253
v 21.298130591722 28.783429516591795 24.572555374241787
v 20.29082916984438 27.81659221018978 25.594186929976672
v 20.635387958527048 28.17467043029596 25.291940555187395
v 22.023831441933485 28.39520353706271 25.74676401554867
v 21.3452090298944 28.359372299661608 25.573676408437873
v 21.719198461161657 28.181682382559693 26.19920477862277
v 26.239736157616317 51.91196601701493 52.961619771089005
v 19.354049748776635 26.96744369999805 26.651881569913563
v 20.69635027441741 27.275595265453987 27.327956765313722
v 20.039021127226363 27.211339599442365 27.07336288990829
v 20.35641586630565 26.953034854973474 27.671443519099565
v 19.695290374479285 27.34761248412348 26.392980140698835
v 19.97040653564182 27.521521533692937 25.943931188883845
v 23.537221336356865 27.30210112738353 28.195480302956312
v 22.83440483029671 27.387971655273212 28.063397732074307
v 23.060745201990073 26.829746416663014 28.429187652627057
v 22.100796237801802 27.969635624075252 26.838135466281532
v 22.479668324174195 27.7192656823122 27.472028654735855
v 22.834008636314614 28.01620459145999 27.057658252967364
v 21.685437979444686 26.95073160723217 28.09845392477377
v 22.09471709534158 27.362535094365782 27.821514459683783
v 21.40632511194194 27.369252505389518 27.62197301779867
v 20.66375108988447 27.72898795655108 26.281878787280725
v 21.012533120141143 27.523681713122556 26.907327906829515
v 21.335689414649195 27.78786565186821 26.49986544919789
v 34.63940737988375 49.77767601822503 73.03598097199708
v 35.38340448851246 48.83506589495103 64.68693993450991
v 35.19554788364874 49.56341489445575 69.08206446327338
v 33.75416072198684 51.99620856275501 71.5892272866462
v 32.685819103652506 53.757544729199786 69.53214640389035
v 22.65922669847765 26.43444273666737 28.767654563142344
v 21.33432071500395 26.623871864240492 28.49255839217655
v 21.959193606968874 26.48388615031776 28.571276575811538
v 22.240103633061086 26.009419971421487 29.055102249386863
v 34.6023250981725 46.61388903202756 58.55469809824544
v 28.283158969149817 54.55780926808634 58.89094118644622
v 31.354259065411583 54.76840143934531 66.57120494232424
v 29.90876970594266 55.13917134526255 63.112012742025634
v 29.64271388110052 52.16543414418654 56.96136438670324
v 30.211862404940447 48.445277557494876 53.432132573003905
v 34.106560031635624 49.92537027731918 62.1469786965143
v 32.60051824776144 50.35052560952456 58.98134276147451
v 33.01061886044083 52.722515471442314 64.9051375597651
v 106.13076719702961 19.464942305609654 70.38038736818291
v 103.21621262169275 21.526695700441845 72.01359368233456
v 100.99100935721003 18.06848043402368 71.87420416823059
v 104.96573029561182 28.49773407277958 70.48765750352187
v 104.2401879678547 25.010013507145274 71.34933376914398
v 107.40242184483371 26.43754106785139 68.50301742521674
v 94.74452484191032 21.979419450862146 74.34169668474819
v 99.96541394050536 23.504144547057436 73.32185608778875
v 96.10393466309978 25.327349755202142 74.05348738513194
v 99.38558509606698 40.48436467325483 62.20354424870824
v 102.15684647901305 38.00582358650758 64.98877525721522
v 103.83674158306928 39.16718690860712 61.43701378401175
v 97.03371246286814 35.24463271204938 70.92487622680284
v 99.82557697966321 36.67722495357064 68.14436506790966
v 95.3237565711049 38.0058364650411 68.56266395256691
v 107.72949272467628 33.34187409861278 66.0679377975875
v 103.48403022547154 35.002941476685294 67.01532058042376
v 105.04596082262387 31.949433031866 69.22444855761873
v 61.065787472071186 24.776779857437937 58.05331650862923
v 64.8844429120852 26.09329886137558 58.22314750954499
v 61.558086072539 26.921834016139336 57.683559476560106
v 92.10533671963391 27.04822713181349 74.53086647122082
v 86.44633394376248 28.3258413008955 73.4245954912692
v 84.53754497429969 25.06754225960249 73.03012387005458
v 85.97868662784343 34.16821956036393 70.70731253727419
v 86.68708850317392 31.370080698030975 72.43537650882445
v 92.764762684766 33.48071465253388 72.55667428215096
v 101.37429047385528 30.368362038879475 71.66552775370218
v 97.73786450920619 32.13320491309241 72.67911436385768
v 97.60962432879633 28.81243761216016 73.86641853456206
v 48.256084531108364 35.93535658421469 29.98916890689903
v 51.71403727353167 36.542875265128956 32.05087817028409
v 49.260107890205184 35.15147565182964 29.240664381352488
v 54.27248893284436 37.95807615156381 37.32116204751125
v 52.57664137275773 37.013636630456546 34.37633771086959
v 54.046637715953636 39.51411526611302 36.61920127221511
v 55.50427107032787 35.52303367901146 32.957846920378344
v 53.857914617047776 36.18829002570108 33.599650694847895
v 55.655672405334016 35.52167324435375 35.037393125454045
v 52.63007493978079 36.86093083831089 45.31522286215725
v 54.13924363880177 37.76735430063222 44.04686745321383
v 52.823403275794384 38.75811480588516 44.92445549077851
v 57.04184173872141 35.89911623493248 42.438347558963024
v 55.586188801784 36.838196092351154 43.24930471329863
v 56.86960423012522 35.69061815822879 44.73442720152762
v 54.1290852511337 39.56507064514295 41.10232580335116
v 54.59869913568176 38.07230264919296 41.99417704056874
v 54.67179026115514 38.15219164552691 39.757044672944986
v 75.2221773159568 36.07675770431361 44.93267940988284
v 71.40366244194685 36.64891131281803 45.066836004196176
v 94.64642429019734 42.26572946947744 58.407503947430094
v 62.40480552758688 36.95417417550704 38.9772075112949
v 67.47067335396633 37.20177170903522 42.24728517159261
v 67.06561259687825 37.22078810137293 39.454664454540435
v 66.53387262440071 36.41784981679993 47.17388916693071
v 67.59607185238589 37.055413618790965 45.01999066900852
v 63.14366973386001 36.98838836730303 44.383104104677415
v 55.05764890084927 36.70941215591027 38.355841143104186
v 57.072565847187775 36.016913997579714 40.1247761519858
v 56.3512229095511 35.76538016107585 37.49511763317266
v 48.86502935492941 34.15729749742009 65.69082967727851
v 48.93187686180959 34.29650253099612 61.98713535262852
v 47.76952848673051 35.63464841135746 63.37485037492626
v 50.53205612988997 31.443846864592572 58.531089757210545
v 49.99494741032714 32.95875785479696 60.54153344587656
v 51.28266040956148 31.515387874387315 62.91030827602594
v 45.39725803955059 34.16850464449336 53.385228189632166
v 48.35975015397829 34.06721068781086 57.77561290086559
v 46.01363221557461 32.830127731229375 51.84755309192463
v 56.74516246901841 27.28791746589807 55.58806186003979
v 51.773982094995084 27.26446204559442 52.83378677996141
v 52.72049320118831 25.73280782068706 54.442526741836254
v 52.06066711056459 30.950050339081134 51.89398298076339
v 51.99449035733996 29.12902940709511 52.442990184378765
v 53.99620313698609 30.182244204366327 51.65743488669757
v 52.476280999307846 28.60571710948995 58.94006017648505
v 51.29755766404171 28.55027175196645 54.53976439722276
v 51.15705895482951 30.037488192219474 56.734675664509155
v 49.09104686658315 36.4513916868641 46.66696422005204
v 50.277532576398684 35.419614557507394 48.358343649307095
v 51.130444554532936 35.95682459422592 46.609708105084266
v 47.578797832077385 33.775733806576966 50.87562087337403
v 49.07535383877708 34.68172831764181 49.788170413355566
v 46.68944031410264 34.96711720982668 49.34979117415719
v 53.27092415596403 33.51476089778825 49.73521027754794
v 51.0635816040497 34.07743085329041 49.702211156524726
v 51.84334916620279 32.673657596397476 51.06393335153256
v 49.55331451486094 31.21942734157684 54.27573053419129
v 50.25471463228983 31.741975769136474 52.190387963782335
v 48.12038860473815 32.32253463646169 52.06054071744095
v 93.96220856867231 41.4781164623154 62.17054318730504
v 66.10200205980993 35.94677367104805 49.789401045037984
v 69.34485309001732 35.29057756493464 49.72957428931226
v 92.18808176222434 40.333050030205115 65.33477608831711
v 89.0412338046364 38.766746641849224 67.51778581129481
v 53.708040754071384 35.66738608841199 46.817123851088866
v 55.411383574941425 32.82865536513599 49.51607220461913
v 54.66491061384613 34.32842406692342 48.24481765580817
v 56.18532121143136 35.20785943280962 46.81031071285399
v 61.40665710471154 35.849028070485005 48.66559096976132
v 61.40915593295944 29.004328316201914 56.82161699079545
v 82.28468837767204 36.12513402798262 66.81451808866848
v 64.36200734345928 30.277802698445292 56.17762735761887
v 81.0919513133253 37.679718950438385 73.47070962564999
v 58.33234215546821 32.07232558334826 52.69266206552083
v 64.62269381860753 35.077949399815324 51.74541472206016
v 61.702744189351804 33.65159462556727 52.525459276927016
v 66.24450611383827 33.47648991456384 53.72823766962258
v 22.039681830603712 28.897322085734338 24.659067325444106
v 22.848874093557352 28.565678451439528 25.9182745593974
v 22.392086383767037 28.648851568474953 25.213216961458457
v 22.806945364056116 28.990365061514446 24.733322546102038
v 23.716297255463935 29.267888272963468 24.93338314152244
v 24.499099576958073 27.446279154029718 28.48445303037458
v 24.17543214600169 27.91254318705554 27.973229791654596
v 25.14667930846099 28.664793236273347 26.977644606101293
v 24.64867774663771 28.27258260218919 27.467249147918196
v 25.592340310352284 28.335937113160107 27.622062559545018
v 23.6859953596167 28.101394654893248 27.218957423396912
v 23.225182102422448 28.277356163923592 26.507018026026067
v 35.281844925441455 41.02190113925023 32.946034030020954
v 37.05869801680751 41.07759911260291 33.02433823663774
v 24.636668955638687 29.447975103767433 25.070722857256612
v 33.23980448676957 40.46044652364152 32.53021692219322
v 33.97521174017337 38.1982863860994 33.88923127419849
v 33.727930309003675 39.47632214407356 33.33130516882382
v 25.638546519198478 29.040617651267546 26.44586586953273
v 23.747449850893386 28.76440917327909 26.124047160282437
v 24.636358372362658 28.85879655635884 26.249186243253817
v 24.19974575345994 29.122444011083097 25.61522971467315
v 45.83395214629045 36.80912088344451 60.43643587230781
v 40.956569956217066 33.23328028616014 47.618023018283225
v 44.42172520161593 35.718858616313156 55.020266742781054
v 42.444697914650035 36.611584299532666 55.33511879806849
v 25.791412601092667 24.45742861176 30.54223628022344
v 49.552315127326494 38.84156675593408 46.76219392847764
v 47.41965180431431 37.45362912488411 47.260400539712556
v 27.73591371041046 25.77847643575869 29.53960033452759
v 44.30854412637707 37.35049761868622 46.296624906048365
v 44.816471770060396 39.78385095983343 46.58649716927138
v 44.819150926871515 35.74371164205381 47.08594727863834
v 43.398030172126234 34.84033669219343 48.014352100654136
v 25.208880909542216 26.478216514854466 29.597500590019138
v 24.79841790959699 26.88343189664368 28.960456617760165
v 25.635408874116393 25.174333513165596 30.285161248210244
v 25.470924340624514 25.877479812266742 30.014518953606316
v 26.557233941946116 26.60797485304628 29.100199717713636
v 26.05955709869898 26.28976903055024 29.626290736636207
v 26.80433794866085 25.96931371970291 29.488134150230003
v 33.52706399371583 29.412625126582697 38.09814048473818
v 27.13369568375363 25.381680033086933 29.9685165553541
v 26.446359425419587 24.90852261251589 30.25673340601812
v 46.8583450235834 36.71782695157667 30.45064211954395
v 42.67097926592169 37.05179566305884 30.536913358884334
v 45.0664351136202 37.171516761677424 30.688698267080753
v 52.342536340141756 40.43280773857563 35.04347245724968
v 53.42770306509336 41.200393966909125 37.76708730868691
v 38.513869283884205 40.55587006260389 32.71701470245766
v 39.81563754741716 39.936962621032436 32.34437967824101
v 51.14301720830158 46.46141741926739 41.380746636701176
v 49.562838706010886 47.360427224548914 39.65224872708438
v 49.49178273414122 47.55362990231441 42.042981140324954
v 40.970303228232495 39.1494614262146 31.85946415381243
v 41.907431029497445 38.17169895541778 31.246434533202308
v 52.59813431438206 40.78601550199313 44.202475362810816
v 51.364277902764364 40.00761834527248 45.696847995409044
v 53.209592173684335 41.09804603553141 39.89704971184882
v 52.98988823810101 40.997535343948584 42.07059689593035
v 51.49432468308586 44.60428828302854 44.741768200290366
v 51.962749176451126 42.549362240894496 43.15694167117435
v 52.20679611444482 45.00256306036604 42.76107052538957
v 50.10064521549449 43.04680927029833 36.69763160234713
v 51.80338138916228 44.537314700286444 40.04663852203777
v 51.93892072757628 42.33358375933756 38.45694570089111
v 25.445234989516443 27.44002180571057 28.672867858428724
v 27.15961731936246 27.062891031361886 28.666059878110538
v 26.316234691616756 27.283893292856682 28.703568004775114
v 25.991674882859513 27.86469614381572 28.206428008207034
v 26.531845051181783 28.275496169761016 27.707973802790267
v 49.91185653723791 41.27489890237799 46.61283228011432
v 50.19980600116058 46.13223931058201 45.87106730313327
v 50.097806681925384 43.689935305411645 46.287239929339265
v 47.84739735160523 42.068956453807104 46.955795773677806
v 44.21225403313137 41.37818182943883 45.57979084660178
v 37.42454072014083 39.73337901666753 33.68876188183323
v 26.985736713433027 28.577724811989807 27.081788417298647
v 35.96855148467307 38.48088006140448 34.25613360753145
v 47.17443577651997 48.072334713848434 42.25308083409517
v 49.096352274817846 47.56623732701056 44.39523951596777
v 27.817624527706904 27.55488636694536 28.242743801960714
v 47.67288600430237 46.5730709195894 45.893347815896945
v 27.441858774970903 28.122987725859925 27.70202688348895
v 13.387547817058998 54.61438522610467 85.31887635944256
v 16 55.48350770006058 85.12343940846833
v 8.133953358248284 53.12315034753034 86.18357173539933
v 10.763828406292603 53.87262755464463 85.75386463303853
v 16 51.67910147758667 89.90301920170607
v 13.335479467375439 52.881680627704085 87.97585277650917
v 13.283081993635662 51.035121000890676 90.63288596845298
v -1.495249355721615 47.87070767981226 83.44483762619777
v 0.7555261942027123 49.31551262379258 84.45828103079351
v 5.39817220000373 47.41829722460493 89.29820577276887
v 3.0282434390418835 48.40219359887191 86.88283232006818
v 2.9345045442206175 46.09141617235867 88.51072728140404
v 3.019123964216071 50.95599465278676 85.8094620494269
v 5.550123076576867 52.037413140400126 86.01303470064089
v 16 41.54517763807345 95.36835976545507
v 13.2745239650267 43.068062066294985 93.87132581753741
v 13.292709071292744 40.18780814390084 94.22064538134302
v 13.26523455432935 48.53605795946054 92.12949891925439
v 13.24570340780175 46.08740116660702 93.74584600529519
v 16 46.9752793580634 93.42113546401738
v 7.898300880343635 43.66191242592748 92.65360729187228
v 10.54135270185245 44.87857396332528 93.23494955377305
v 7.89278094071614 46.35228709866385 91.73089850201175
v 7.9894027471019005 51.183378910448276 88.56721534806472
v 7.898247887096963 48.94526365730135 90.51721876584668
v 10.578507054556006 50.02021539986483 90.64930165170665
v -14.301858467440635 34.72757845516711 69.31204714858475
v -13.602162956708437 36.60176978698772 72.08260846682714
v -11.558901673158218 35.50078552187776 78.84709506020346
v -12.617735132959758 36.070125360513714 75.3593225473672
v -12.912752240354685 33.86906359284386 76.69168860607812
v -12.522694430520477 38.38759685176654 74.44357072915405
v -11.105011445551241 40.04686074521065 76.35990236004099
v -4.2922360408282 31.205795021985494 88.6610701136181
v -6.44078043761845 32.502653988407474 86.78106258584472
v -6.17959736720265 29.70774502971892 86.67580349164174
v -6.515177287488822 37.82348886519901 85.53143777158905
v -6.406210618050309 35.10277265028181 85.93893861975407
v -4.555517234197559 36.768767931732754 88.07953080668355
v -9.815433057859053 31.95481506405452 81.8296008452849
v -8.228054110620707 33.547039917197566 84.04779554447802
v -10.001194513240332 34.59599645833396 81.60717515742756
v -6.029080970809847 45.135139840827094 81.76813655136509
v -3.935618153531749 46.61219148256454 82.9315685184191
v -9.806630114222173 42.01681062426567 78.89765364486962
v -7.939657006269819 43.5360133911943 80.275632276429
v -4.323175608381941 41.841806515252784 85.75697462082881
v -6.156511018165617 42.68956726808044 82.92232287461245
v -6.377519975619705 40.33512147756595 84.35763259944282
v -9.96501427626513 37.093674682804036 80.76551165141296
v -8.047036293349873 38.53367564672071 82.09200573974428
v -9.81129336515681 39.4907420502645 79.64354000275264
v 16 18.529943551713657 89.09396301648766
v 13.541213067424444 20.06682899864782 89.47939755586145
v 13.568162892335284 17.50295798764003 88.76121633284822
v 13.473009397635838 25.407160434303712 91.08260206291365
v 13.52557284531429 22.659114955033537 89.78670235553771
v 16 23.855291375589537 91.4087102921074
v 8.590382330104445 20.579395563637252 89.59487933552583
v 11.087877546562801 21.581400998118077 89.19614213130396
v 8.503375634961477 23.22821193308252 90.2732111546333
v 13.30349865848826 37.088237050177995 94.12329955763263
v 13.321262761981368 34.24654776542411 94.27632099023303
v 16 35.383130480063926 94.46220182050529
v 8.141001574140132 31.75422623036302 92.77328239080538
v 10.700051902786248 32.990622267698896 93.53150752039723
v 8.003249215545235 34.75017807437638 93.53840449665776
v 16 29.470543233478963 93.08969888097995
v 13.368293946810837 31.23991286547009 93.44503095867377
v 13.418881791326513 28.30593479561939 92.41783724498275
v -1.8013328631717407 27.001828754490617 90.2005586947782
v 0.61747154795885 28.18879642850947 90.9349305755898
v -1.9177045627449125 29.762195170340377 90.29058488779143
v 5.774666628342565 24.97614676466584 91.5250695865967
v 3.076675748232196 26.68171998451862 92.01233138081005
v 3.2188751922612795 23.899169545636994 91.5363456648153
v 2.9333509654053174 32.253786005337794 92.06388048499291
v 3.0201744904774372 29.439182494691778 91.96293784506697
v 5.54499169657781 30.60547633866034 92.4654723126245
v 10.892377621646014 27.10997703435834 91.59613920524438
v 8.190773896985984 28.938930701405557 92.61925771096924
v 8.350679153437902 26.01979694751742 91.39978736969631
v -1.724214575547144 45.5692188402021 85.03791703293716
v -2.1065932857655376 40.738777799027744 87.99759147386344
v -1.9141216480805987 43.164689727813396 86.4999523470215
v 0.5028662791569047 44.57466592300026 87.40488048193568
v 2.6482145851684677 43.86669121005355 90.71946501060448
v -2.1184516314983703 32.61983587910069 90.32618153461362
v 2.6911914525218688 35.31509058300589 92.62498977406379
v 0.384465943488296 33.81186521792888 90.87400188524367
v -2.1914645545064744 35.399407895104275 89.84580690596157
v -2.251796273842828 38.17787862911939 89.3212211070785
v 10.605620564646674 38.94701826083006 93.8119822107215
v 5.197868395028545 42.49819198711886 92.53681204048333
v 7.808815497784401 41.021866292454405 94.11332896587739
v 7.908852536131482 37.82927864940031 93.7868548096491
v 5.224968778342976 36.710425449693915 93.72663321124816
v 0.10876975774998954 39.67435321479759 90.64698938114317
v 2.582592709510598 38.31002006489375 92.55081943863011
v 2.6165818543970225 41.09360087412762 91.64054270530326
v 14.020487870056792 15.951823350014696 17.301357234587933
v 13.996869120708801 16 17.39879374058909
v 13.962650386738584 15.894794828528214 17.60016478460039
v 13.984869741596105 15.948994977359748 17.49315157531899
v 14.008320779585874 15.848763002960128 17.475632054469806
v 13.94999259300527 16.051887799198287 17.518994504898288
v 13.899510664314079 16.108465596330195 17.649755664670998
v 13.927348246370542 15.645706765506844 18.048248138209747
v 13.938112273537033 15.713889355935972 17.924599378817486
v 13.952683137714429 15.601275148917859 17.910461767843415
v 13.810341245544214 15.93907424989894 18.044430829484693
v 13.868088155530646 15.822800573127779 17.990329535134858
v 13.7925384032007 15.874767360449457 18.181470716388375
v 13.979207959466281 15.732648474171656 17.6815020209795
v 13.932293420884816 15.776103864357427 17.822827274062824
v 13.942056063150401 15.836612768973866 17.713388203060337
v 13.732119915957242 16.3146944536202 18.116875979696868
v 13.690306959819255 16.39481240225668 18.282498476216272
v 13.848500461396922 16.170814931287435 17.791280054973473
v 13.797996553802804 16.2384381165369 17.941219310249622
v 13.722602591422033 16.129200204069377 18.250583096709384
v 13.747159270314114 16.187250747337583 18.10322741715648
v 13.7721089405937 16.061989537712925 18.080127397620725
v 13.88983256734412 15.944159041575228 17.75670027385516
v 13.826142844112834 16 17.91712245964447
v 13.86571119438652 16.056479277718125 17.776781155506832
v 7.4631273724869835 11.420383097865194 29.81295006894468
v 7.093539389261229 11.762512546467029 29.476202210943853
v 7.362586069197631 11.227994697457465 29.059482158146245
v 7.043517627487576 13.076885466920048 29.56715344311174
v 7.066900362684173 12.423167376705347 29.524828610406203
v 7.350881761631614 12.72757319306114 29.99456728239666
v 6.933467881633812 12.01303414030761 28.05447128221062
v 6.913887066629849 12.17656788750601 28.885065327744847
v 6.742409011342522 12.56705877296003 28.33058771775991
v 13.662672000216025 15.913586437502447 19.544000016297005
v 7.410269997883679 15.06848635679633 29.0229856148705
v 7.8576040936954445 15.391484355628124 29.17467332625877
v -27.46089206682987 8.696080234382563 74.08893602604738
v -24.6210268580123 10.335406479574575 73.7862223951679
v -27.624904132464792 11.55179689571246 74.34172497963351
v 7.278858239924306 14.036610112502022 30.11110378850855
v 7.068715402330895 14.389170690837352 29.53817954447821
v 7.0209378024706215 13.7312469220706 29.60651750080483
v 13.908425997732111 15.44562596980152 18.189659846728606
v -29.593205428223342 4.919336885070493 66.70953737797005
v 13.882362222780277 15.562761860377845 18.22279655876952
v 6.984094801155736 13.073829290481799 27.289366864458177
v 13.880353232401102 15.401606151997596 18.500306996325463
v 13.910734576575678 15.277977683776877 18.45949369148111
v -31.192750008666515 8.557980383536787 71.87335103281575
v -30.312153080630843 5.826543325138939 70.73295235733406
v -29.55805734795777 7.123767506387068 73.22134313049156
v 6.857033765280406 13.453093888837007 28.991431104727315
v -27.037092509078107 5.892047970757979 73.45104495912207
v 6.7717422302280905 13.20886765904972 28.304755459723083
v -13.969386498400155 30.25873922621178 61.34612909009099
v -14.625489417756725 32.429085344637286 65.55308280003061
v 13.6640867439219 16.866213783845573 19.111304370698512
v -10.984967496556187 27.355261819607442 54.267526676143824
v -14.493300948034843 27.537256481445418 65.33919736309976
v -13.556948273071939 27.83466670253356 60.74960269894126
v -12.867107996936653 25.421317365934108 59.727488914094245
v 13.68429449814581 16.478134068269625 18.430700035679926
v 13.679754794822768 16.563896642517797 18.5806161214793
v 13.65705767820987 16.456483484545828 18.94275731526804
v 13.665361393710626 16.512853390149907 18.75913891084177
v 13.661093788813204 16.368831778218546 18.769122963727995
v 13.679367854064477 16.65513368587233 18.737386662284827
v 13.668481705942686 16.756709436302735 18.919436794453297
v 13.63943287877693 16.176415153399983 19.819477834864422
v 13.630522647237909 16.2569580744466 19.59239108472321
v 13.63528494237681 16.087426091862035 19.58552595251027
v 13.624038222767371 16.600337816639954 19.600438975916042
v 13.61363753467441 16.43039974366457 19.617285191226916
v -12.872071041525373 22.499966847639236 62.71599227078962
v 13.62327124196063 16.242342589624 19.178515994709752
v 13.618432127451285 16.33210913122527 19.387945145092797
v 13.630732118463179 16.398172740757126 19.166714806210834
v 13.660181695632097 16.707689653258367 19.119862142314492
v 13.656619227921583 16.550380591472816 19.128224195549944
v 13.655481208280307 16.653099780210496 19.331375570512435
v 13.86767494276643 15.686378283279568 18.237552137607025
v -31.143676684158187 11.54026214713544 71.78200141645632
v -32.06997333133336 10.151086347347395 69.56362315541685
v 13.789866227132423 15.805314661620528 18.318749455258768
v 13.74343292843259 15.933426468983429 18.367234122632325
v 13.631483019040735 16 19.370686705034366
v 13.6472803601525 16.15364124324962 18.959505000196966
v 13.614033171099628 16.081094371349135 19.190545525446986
v 13.656237370952446 15.920340067308564 19.134109526687716
v -29.12450653632738 13.053203803868293 72.76248051992192
v 13.665936792356867 16.343293302131304 18.449245766659736
v 13.72018361819714 16.067259435147488 18.39162363057582
v 13.686358576112482 16.20380307700284 18.427343926943713
v 13.663268855088653 16.284321744924743 18.603783147513667
v 13.649499412038082 16.222354665198115 18.78119222659467
v 13.702532913674053 15.9275432940311 18.718714125178824
v 13.668113099321838 16.073542225923838 18.75944490910272
v 13.705300034389557 16 18.555945320891855
v 16 12.173561858934637 22.698912543522017
v 15.753063609549638 12.350058780230155 22.552216813785122
v 15.760260681013023 12.237421612247493 22.236146764293043
v 15.739805153739425 12.644743087132785 23.1474708640657
v 15.745666867525495 12.4795792525837 22.870220692629466
v 16 12.463425256547408 23.325396110040277
v 15.32642955159473 12.61179958384462 21.89851286496791
v 15.521643938062297 12.540105562230838 22.372438984027013
v 15.315209088942645 12.768186472112856 22.109939874350964
v 14.482426961959618 2.4415142461230914 59.84661478015835
v 14.598404573380627 2.0800566533177847 56.045882895358815
v 16 2.283449608714246 58.61704974695432
v 15.261021405761168 13.233368151509483 22.902923494015443
v 15.470825604910415 13.200441597815164 23.48734173093808
v 12.153544448899483 2.866913343323702 52.392945347025815
v 16 10.299994272197143 30.24687443482319
v 15.500026659689334 10.538388311140622 30.112804856474277
v 15.73262646531177 12.819002947688347 23.443056314869146
v 14.676424771429907 13.404117032337114 21.018241350419224
v 14.79369113657267 13.363713652587812 21.417165081227033
v 14.663084128466256 13.564570011674693 21.15386045903894
v 15.117635356684719 12.957080028343698 21.91174679316842
v 14.94924368096824 13.170435017775134 21.650830743197478
v 14.974786663427684 13.04009397872022 21.42284523365753
v 14.908185870441631 13.485420015903822 22.059336736087662
v 14.936052132247436 13.342361103677758 21.813833920857107
v 15.092363127512794 13.310236916711291 22.27515891613926
v 15.499501349961154 12.859338921399498 22.891436561661358
v 15.282705129797558 13.083165679530826 22.597439420217263
v 15.29948228234512 12.923253096413344 22.345921342357492
v 13.66413465287933 14.556355822336355 85.88971560248253
v 13.737703363624204 12.258165584636808 83.60740092246161
v 16 13.606221894790188 85.1599336962943
v 9.662173881830306 9.889096192307235 78.79235488061548
v 11.607924681861855 11.009502756326302 81.44685566885201
v 9.311030632210041 11.86598958099891 82.43715174422347
v 16 9.458562607193251 78.7960611086946
v 13.82777288251598 10.154158041639935 80.77518461713584
v 13.953661552799279 8.38215050831954 76.80134020817815
v 5.382808307431608 7.8451683516508215 60.02111765737652
v 5.216096176119926 7.455058326483542 68.5330466246635
v 3.1471213001641267 8.056484110221874 69.57412210054663
v 9.322002825936384 6.670946699917874 64.84130104899124
v 7.285465654544781 6.977057639264062 67.00081124718184
v 8.216028376619406 6.317409712078138 61.31223618938837
v 5.675628921232168 9.619187760855063 77.01695072294702
v 6.443264892905235 8.100920290207778 72.21074746149304
v 7.946957063270693 8.930763949212825 75.48037155112794
v 16 4.390509989339876 62.99479009267602
v 14.374093640698497 4.924939099646279 63.51118037052512
v 14.410004275467662 3.565292020619051 62.06551102746938
v 14.110042548046751 6.989295611461182 71.95499674442678
v 14.329008183773805 6.323474900496276 65.17342982986496
v 16 6.78323376889781 68.74603414999402
v 11.287244787020914 4.949887042112152 61.69599951871201
v 12.76678835795773 5.634940434540036 63.29777879746021
v 11.225108616761954 6.428205351280154 62.64514034568586
v 10.043618400469668 8.197773453829402 74.71238964949498
v 10.541648958036543 6.956181195899582 69.55393731009059
v 12.111069821442616 7.5408928516129965 73.55870057732076
v 8.014217377995127 10.478907555601229 29.868800317234715
v 8.37724233157425 10.694904596783402 30.44165192864546
v 7.974716379770586 11.04010195334042 30.119407864113498
v 9.469043743929424 10.205905578078331 30.54372682062897
v 8.884810203649478 10.41525410327121 30.579166043633098
v 9.016700864048534 9.934256340806993 30.130495627244223
v 8.944358140565829 11.639373518423174 30.810724869391937
v 8.871531288621565 11.000678425418494 30.78597350704338
v 9.426996211776178 11.348917071194961 30.989501352730798
v 14.5393611628 13.75711214837271 20.903928619609736
v 11.637889944242378 10.230776733537777 29.023142008479496
v 14.45812086030824 13.777993065687953 20.5482164578288
v 11.283901768951894 10.8713341121926 30.406480724052656
v 11.387189243700512 10.443442702948948 29.93269953646869
v 11.9651529087072 10.869515480207948 29.84915091862681
v 10.362749256837951 9.769325437144332 29.565455777919613
v 10.859899296619083 10.087723071248881 29.800666508621994
v 10.17782571687792 10.13040737690201 30.19019453136829
v 3.833287095546659 8.480557893685884 54.76951398792763
v 4.98727373013395 7.901386335210187 50.7355329069335
v 4.5547381644019485 7.423601366803615 56.98242160360588
v 10.095793270415996 11.777324484969103 30.897712675324573
v 10.730017221422656 12.183242873883803 30.801465648136773
v 10.231221418166374 12.434698762854403 30.710440477825962
v 11.862916682661677 11.819997018168102 30.507006611626394
v 11.272785598641104 11.969737876803249 30.755567708210098
v 11.218455809293406 11.365349556348937 30.76637905636051
v 10.027652054022612 10.564592984605383 30.726165017490988
v 10.584548862896327 10.925361366136165 30.884080652206677
v 9.977536425492197 11.107420851841031 31.022057398271556
v 12.92661943061117 2.9262218400796485 60.33240877064796
v 9.86481433424002 4.20770884678581 60.25670015386731
v 11.39783624364005 3.583724622944942 60.2443850547547
v 11.625665981334468 2.6375856991161744 57.71482062383356
v 10.786446888444228 3.210882413109541 52.93981421024128
v 5.710391867356549 6.561467287442186 58.210410555024175
v 12.537954565269722 11.793245645088547 29.9077488590204
v 6.118260419504468 5.462096563976722 56.113594525048825
v 6.9632479198078165 5.692225096003014 59.32978877572481
v 8.394819760892986 4.962592354198883 59.78655354253413
v 14.63384439626953 13.720849415115612 21.321338038558174
v 14.87334355034749 13.64854014599381 22.305011993023015
v 14.73542059588313 13.668282751077635 21.826699494077154
v 14.590194334211644 13.862193065337514 21.54820572334839
v 12.600964303919024 11.355946450599493 29.515650326331958
v 8.764948197150957 3.9697956991644556 57.27840291332697
v 8.252232685151148 4.457572054419808 52.39413032613662
v 9.452986462693481 3.724500360421315 53.00247961119955
v -14.577830913970047 32.25855063526387 69.7469130993527
v -14.34901677249961 27.056403661961888 69.2682680707094
v -14.644136125948961 29.701384247473342 69.82131743581951
v -13.973609444702703 31.77249815319673 73.40329919488121
v -13.041579759633194 31.097148931014758 76.80064169073049
v 13.679353359751907 16.096814322725155 20.068182869333874
v -12.005951701464529 19.39356831664584 65.10171109674934
v -12.448865034935864 22.680994664116373 75.25664283246053
v -12.850000696144306 21.022648806060246 71.01534069053787
v -11.606631452692877 19.95083030761888 73.45362344837004
v -13.585309903864744 21.953590993708147 67.8835316168872
v -14.18608626417235 24.50602253934597 68.95737989880712
v -7.987380185619134 27.8133077789259 83.78337797919914
v -6.029258271960789 26.55777755271125 85.8097744828773
v -11.45432724822193 30.062161690985697 79.1836957526485
v -9.733072021254117 28.950989740231282 81.38940536530956
v -9.417197351642827 23.123000086358807 80.17640169691587
v -9.622198660017006 26.009592169314597 80.89398456929369
v -11.107181324120035 24.30997875575436 78.08054565987385
v -13.903048822764674 26.390341292962248 73.11335505940278
v -12.817233052222292 25.462703967942353 76.1335189468356
v -12.911979845449164 28.24207808793215 76.43358784237961
v 7.842992692665158 11.662834400790327 30.337641022725823
v -6.569433667426818 4.267370295075681 63.25073707881722
v -8.012608809240323 3.364256920878983 61.987219873183165
v -9.806299660914561 4.461674161529919 61.32446404053927
v -10.361191083770237 6.396394986463708 62.268879279999595
v 1.1846865750843776 8.899589192567337 62.94909271652236
v 3.284056457624173 9.737650647835693 51.93262794124386
v -4.404150243437606 9.744902761198801 62.7293432575205
v 10.16210211905144 13.71936133624677 30.78579024502563
v -2.613675035430145 10.783641679665593 62.998048982470145
v 10.245192968588103 13.10370970246894 30.623337993431953
v -4.374608321199489 5.564084597200768 62.89035144102551
v 8.02951380971892 15.034191385747958 29.974333541228887
v 8.485317428408264 15.686497336110845 29.17352774697447
v -10.229338086933168 8.608934493625174 62.01580375169763
v 7.732919225854642 14.336376471933455 30.497916300978147
v 8.975635116690274 14.99473162017937 30.618777943306956
v 8.357919794689035 14.66954994478903 30.573020309694044
v 8.862277619630632 14.323761419704057 30.867287858809348
v -6.945323092158443 6.284358298926708 63.96171711775748
v -7.108908440400967 8.411736435711152 64.22183937726726
v -9.190005582294908 7.247288638594746 64.1116738730233
v 11.220267214140181 16 87.39505748427813
v 6.189358999200021 19.02651099012836 88.81712880369051
v 8.71355878389636 17.500783263009446 88.33013827483305
v 8.926228223809538 14.543020114594135 86.21903773349402
v 6.896686074535719 13.191694238963631 83.56716330736286
v -3.8662846932986703 25.172489762016113 87.87689325053637
v -1.6205566076081759 23.754070768816188 89.39161639821272
v -0.833495161750772 17.487656220871116 86.06122776457396
v -1.2777552492619009 20.552352779990542 87.92812340129159
v -3.1012847261871137 18.926691429852912 85.1090973681342
v 0.8293841329327645 22.235604600058974 90.19818440033741
v 3.5461654035637658 20.612437628143315 89.44964356894431
v 1.7430284713202457 9.726102492435032 75.38190312224967
v 0.9140467038686886 9.034643654044945 70.58149177809659
v 4.972937685822075 11.915985815296613 81.03489269246245
v 3.1941662848004384 10.736395916830661 78.63223719632158
v -1.890876254807477 13.258766886202212 80.72979837841187
v 0.6096943699873378 11.944953519197163 80.07058015169152
v -0.2168940527263281 14.566835758769603 83.49492585732601
v 3.898028156211595 17.495149684159028 87.39943791479025
v 1.8678774263075582 16 85.03932065237119
v 4.377774811026605 14.564121075076063 84.56901970382128
v -8.892261436538593 16 63.44300292606154
v -7.064043272531233 13.628311765350592 68.69443478130805
v -8.408113264997361 14.834885935135325 66.80483331760541
v -10.368137364328419 17.25867523531693 70.8845709271406
v -9.995941466079469 18.673176935856873 75.39294450572234
v -1.2778824408250706 10.095788899576721 70.78729772094431
v -4.269158834289996 14.606004900702837 80.31237978257701
v -3.1010478406073148 12.088329048215275 76.59349360465157
v -3.585433193394067 11.17764442331915 71.1506766276291
v -5.324955814605161 12.407059571656607 69.90041601537828
v -5.882757187897006 23.477792393781275 85.38912433942896
v -8.95142965212387 20.2039477653071 79.0665990645019
v -7.4237271045529845 21.767426225088077 81.95893928926488
v -5.2585286071985 20.35349775176622 83.43758394584644
v -4.919212573915342 17.43870202249639 82.37494702198038
v -7.0316324746286725 14.705969846753057 74.20381186455292
v -6.239285289908736 16 78.67106183246835
v -8.089887235424115 17.35348809969494 76.87815381881765
v 14.068918660625647 15.927222454756395 17.075717360952087
v 14.057839047949786 15.925336532059568 17.17180257295458
v 14.097525270337654 15.930742757933043 16.893083946707236
v 14.092120467740832 15.92937097663485 16.97763070350007
v 14.044958313631849 15.776747404729928 17.123007308281885
v 14.063508666452716 15.854634564471455 17.05141149417399
v 14.05455224073097 15.781957765398493 17.0290321206919
v 14.09705855047453 15.934137386631814 16.588437777083044
v 14.095845477332412 15.933355089772368 16.661883848287772
v 14.097221971535989 15.796301924272822 16.762616925817078
v 14.103264724313158 15.86594658314989 16.709199789269427
v 14.119646920489446 15.801261083109795 16.67856118000019
v 14.092231601393365 15.932413623762898 16.73830045064972
v 14.096122331622974 15.931607866409525 16.813675054287934
v 14.05041337545708 15.485791060650953 17.008500460467403
v 14.065921299685465 15.569314162708336 16.94122759709309
v 14.072221227331303 15.499932514962344 16.91096184522811
v 14.050930439065827 15.70908935580297 17.00323354511185
v 14.052701335481423 15.63790520902645 16.975079304523145
v 14.063008410341734 15.63380300838741 17.057251834113448
v 14.092791669602644 15.656345720029458 16.79147736823341
v 14.071834580690378 15.64714033553847 16.881409322429572
v 14.088419951559004 15.723509705513022 16.819373264288775
v 14.09252033927603 15.861467056015567 16.86930309450801
v 14.088555976267418 15.792181647215891 16.845080215968892
v 14.073686500828574 15.787356844951683 16.933950922831812
v 14.111912244518422 15.936896026513583 16.03900040043978
v 14.0897685931197 15.936079334103658 16.105724662123457
v 14.15750550716707 15.814031345990095 16.179310150627614
v 14.123735071869074 15.874085671543513 16.143070203397034
v 14.181060058116227 15.816867020429303 16.11318240583573
v 14.08801616830133 15.93588187896406 16.17255304439678
v 14.095634383105532 15.935906403279345 16.238599520947435
v 14.249516296822176 15.577811241050085 16.324273909029248
v 14.254946475523504 15.641778069527716 16.283847626244757
v 14.279726382412896 15.587292012067348 16.25506756397096
v 14.19444943578841 15.753129803947289 16.344873643571194
v 14.223709974134216 15.696484427220708 16.3142570113573
v 14.210353268448273 15.692565175639315 16.382422443008718
v 14.24846125370237 15.703630945805102 16.183166148706107
v 14.233486303010263 15.699664134928101 16.248241361859147
v 14.194627325444172 15.755570732228888 16.214568356976482
v 14.103815304388176 15.935109615653369 16.442008824416575
v 14.0973582779239 15.93432847837911 16.513590182236225
v 14.099121562376073 15.935795200116736 16.306107670030073
v 14.103259223911111 15.935545713908649 16.373247499525228
v 14.15383637004908 15.8096000227 16.446435505614627
v 14.135743014792837 15.872561935431646 16.408542117373905
v 14.163072240921101 15.811960464403066 16.37694591899888
v 14.156400429996683 15.812966519993038 16.244993971314404
v 14.167587616558919 15.813235953417419 16.309445138912473
v 14.126271469290693 15.873402294415754 16.275372276463536
v 14.254434270043843 14.994887217856306 16.694900030458
v 14.249622822657937 15.076095926065356 16.642995549490685
v 14.303774108460901 15.03588776564941 16.59585412979827
v 14.15044495356661 15.169445132569628 16.736846663152143
v 14.199408595167217 15.121242631250665 16.689740786937296
v 14.15232289375663 15.086876902274446 16.793145264474884
v 14.276699354909386 15.179041385542229 16.507380327091923
v 14.244027143396927 15.15342756698691 16.593716266447622
v 14.245759023907702 15.230752757548437 16.544322327001673
v 14.072349428286948 15.425847823653898 16.881640901580184
v 14.065731416932174 15.352115454838588 16.856876728039666
v 14.052189273914456 15.33967770565325 16.951592559461332
v 14.143193079022438 15.392156627065768 16.66101794728834
v 14.102323210217175 15.371720901252655 16.7568202978979
v 14.128052361362098 15.454621981579253 16.693471999714863
v 14.070640101731072 15.1982366314557 16.886163637811922
v 14.089724696145524 15.288512085495354 16.818371822801883
v 14.120907460633397 15.229016611849657 16.77726261488546
v 14.270172655266629 15.457142726003804 16.335504246369762
v 14.239841107305855 15.441950462408427 16.410382270476948
v 14.233590446089387 15.506690452581013 16.369656840446225
v 14.243733851559366 15.303963055366292 16.49780407398925
v 14.241875810354518 15.374029273702481 16.453355984396815
v 14.272955762286553 15.322730286464344 16.41857570251594
v 14.203571281495636 15.487697532573286 16.51761728666882
v 14.222923023289368 15.430681079660822 16.48538193655923
v 14.183948596373305 15.411939108030996 16.569995082165125
v 14.173045535765011 15.259059793985177 16.674326350405195
v 14.18876260287258 15.34099607150515 16.617530601004844
v 14.223833774917676 15.28792068161981 16.578484930932422
v 14.122800644600117 15.869861616281607 16.553592475911046
v 14.145824432095726 15.742960696878468 16.494048993031235
v 14.132203727398748 15.805717622713214 16.524158553456083
v 14.118262283705405 15.802675663385438 16.602772793810388
v 14.110119507223214 15.733269034123802 16.654304965090805
v 14.225778252208956 15.567498958547546 16.39672795847431
v 14.174050464387848 15.545467759168382 16.5523051385705
v 14.222807919403174 15.562199560201206 16.466871113255635
v 14.219928147988691 15.62875267879065 16.423463406628773
v 14.180319580712542 15.68394412332974 16.458692291304633
v 14.094327844334666 15.510753747371268 16.816207084893136
v 14.109028553138105 15.662098156343996 16.70523948999434
v 14.104836842129437 15.588689222891908 16.75840269937052
v 14.108257143667789 15.519305892741437 16.728916914498356
v 14.134096759148417 15.530746093014013 16.641134859166367
v 14.145076494835958 15.674879193403791 16.540600099679263
v 14.125056240538271 15.600852449376843 16.594639933738446
v 14.1089311426695 15.665404763707397 16.62735836410144
v -77.94081578206422 12.388586084980261 -40.679179716114994
v -78.34514901763393 12.444371238463711 -36.55538057902911
v -73.85332911178004 5.929402846942359 -31.527342415950294
v -76.01106918559712 9.093060157872968 -33.95710234125507
v -73.74683509019049 5.751515790754766 -35.55202183370437
v -77.19255063848023 12.550044840247772 -31.7534861615608
v -75.24044511864818 12.678504321053113 -26.831253185869862
v 14.530311535115002 15.618761537971245 15.30550635017694
v -63.09221551376733 -1.6124668847549692 -22.490561911821587
v -59.91450424178559 -4.022663376924413 -23.269766995834182
v -65.86465211707734 4.159124285491112 -19.09019007063832
v -65.10677734999892 1.1572329040504457 -21.075796999878364
v 14.47260843348479 15.724783789658414 15.36614378300482
v -70.57196777965594 -0.3668207586204524 -31.252849318772462
v -68.12303792017455 0.3575541919778882 -26.123293567736923
v -71.53030145575487 2.9355630534553843 -29.053976725221567
v 14.381423957972608 15.943350261896606 15.437383192020231
v 14.347324205671804 15.942799318974348 15.488950713173047
v -72.05054163921349 12.83700034591185 -21.63084700155283
v -67.39149370914639 13.045695445570429 -16.272249310127584
v 14.40786847291973 15.831723893407805 15.42544905023247
v -62.226085909306434 10.471303277071494 -13.249165317581078
v -64.96990099407103 7.331930063525897 -16.452033845302196
v -73.12837187431613 6.161238963529861 -27.212864987095507
v -70.60604310271862 6.583911955940943 -22.289927772269444
v -73.09220920028007 9.529573981456046 -24.602337602364592
v 14.645506760233985 15.23012405934998 15.524190501557491
v 14.619569080805146 15.271365185436126 15.492903044605814
v 14.638455608695836 15.21601023228713 15.45797673341642
v 14.595324222695027 15.384039602907153 15.56414403824455
v 14.603294090795501 15.326633828471364 15.527756357611128
v 14.617518463966144 15.341403295142314 15.592964851519266
v 14.592141566877094 15.304235545665248 15.395654010373725
v 14.594935514397122 15.314274872701512 15.461771126199851
v 14.571401445133676 15.358478415856679 15.430858746179451
v 14.473787986138833 15.573771011283053 15.68060934133538
v 14.506580029606166 15.52651869818828 15.651808094843211
v 14.504344705756818 15.53063098560511 15.709913995837919
v 14.527441828409096 15.523166651487582 15.537815441604415
v 14.519988094958224 15.525851276613146 15.595756934553506
v 14.505054256494223 15.573673931407251 15.569251063791272
v 14.582804118650634 15.444238990741677 15.656520806656411
v 14.553811060382548 15.485092153200897 15.62708071807131
v 14.588371679071166 15.440548652418025 15.599881641093571
v 14.547826075321415 15.507702260341606 15.290548160937064
v 14.54284018133021 15.5119233520047 15.35448140522848
v 14.525914161964733 15.560942421594186 15.325803967626216
v 14.557171349988822 15.408013763132194 15.40319236767479
v 14.5457408566926 15.45835670757333 15.376987859533443
v 14.563002607413607 15.402842429189512 15.339980665046916
v 14.511181366049305 15.566243766859456 15.448459981471604
v 14.532113886845138 15.514015153053423 15.414586292344762
v 14.530197342069322 15.518846146548224 15.476754462250293
v 14.565585849646515 15.424931835751314 15.53282133227296
v 14.541840221320175 15.469460478208322 15.502849109720598
v 14.55388418927744 15.413512833683715 15.466240666640738
v 14.18862188552545 15.939387188981273 15.899746523672016
v 14.139587477895349 15.937820992627143 15.961571260056845
v 14.242266995178785 15.940841491069706 15.779772198582455
v 14.210118844322434 15.939976575807275 15.83846649882693
v 14.254620953506492 15.824273216556238 15.891394875098063
v 14.226104016605778 15.880955552623773 15.864735701582285
v 14.293604994789865 15.827768287198387 15.83393494710316
v 14.321740884088602 15.942073261330687 15.546978606019414
v 14.313428564028825 15.942282906848952 15.606852929762912
v 14.32671059053764 15.82871152013493 15.656633413544167
v 14.325118004404079 15.88550735140445 15.632958416000703
v 14.358925440049545 15.83075142750457 15.603158712999747
v 14.303235380835574 15.942341223654813 15.666104530798405
v 14.270350277033184 15.941578686920117 15.721466119986427
v 14.441345243473869 15.62606572473638 15.768895908328524
v 14.423868398949551 15.676454104766762 15.74362894471003
v 14.453568046652546 15.62702526964461 15.71352630495825
v 14.33404902552458 15.774447025496395 15.802001897760803
v 14.382647073208984 15.725023875432102 15.7727196263252
v 14.36185791710875 15.72281822439294 15.82869224161279
v 14.413643277086063 15.727487390732376 15.661017784814973
v 14.397309374435128 15.726147444323331 15.716455782115373
v 14.365632412021576 15.776535393212534 15.687823583469173
v 14.276371863264481 15.883543766444886 15.746687208947082
v 14.311323471502678 15.827885870734553 15.714827978864786
v 14.30339513939901 15.827879157471077 15.77453999810316
v 14.514122995365643 15.618528426191567 15.363592874641686
v 14.490212126755132 15.62030514619993 15.481228386182469
v 14.49638659372248 15.617930047113312 15.420635187793357
v 14.481049904616325 15.670339442002101 15.392149510840813
v 14.453885638194171 15.723721426770242 15.423375267880234
v 14.465491200160102 15.625933649570575 15.656873474705572
v 14.422645220384682 15.72603307569438 15.602391458196061
v 14.447850791622685 15.676287653739255 15.63075738171302
v 14.48311278888805 15.626324078640415 15.601511379289265
v 14.479699069308886 15.621552635881715 15.540146099430554
v 14.354147844942931 15.885899950539384 15.514632600485054
v 14.418911246105043 15.776850794495076 15.452603365198662
v 14.385735489730902 15.830723659917643 15.482906294337393
v 14.376639011519027 15.831143023110615 15.544437174470753
v 14.394992321819664 15.77750216201453 15.572342317017664
v 14.448152490790005 15.669634820182743 15.507830304033373
v 14.428395736302932 15.72453783434156 15.541970642322603
v 14.441224973569122 15.724198991340854 15.482879458993203
v 15.572439619367051 15.349632109269326 16.015828418406464
v 15.55362282559987 15.360769300072011 16
v 15.57880523000064 15.359314925892443 15.984407238481042
v 15.501909690734069 15.365825252050135 16.032747675051382
v 15.531116059389968 15.367202746177277 16.016016750343216
v 15.518657593189129 15.350326074413049 16.049332609666152
v 15.534916056106708 15.372270327149176 15.952333714334259
v 15.536909576647155 15.375021571888288 15.984181152189757
v 15.51164809594926 15.378224310128337 15.967892590626494
v 15.315641549452103 15.307487839886914 16.11837607195838
v 15.363235466410076 15.317812844113732 16.094661316442117
v 15.348714032537385 15.302059446674324 16.135927295044254
v 15.402736069956486 15.360308906381496 16.017798965081827
v 15.384723351622107 15.340955579894281 16.054778200059737
v 15.349548709061144 15.341798982425386 16.037340740561575
v 15.446154573838383 15.334400782806405 16.08805901979892
v 15.415224085893776 15.336665068539093 16.071827467828818
v 15.464711840109079 15.357067463668006 16.051044620296462
v 15.393791964620608 15.350366516736827 15.873480740258783
v 15.400686281365779 15.357935155568828 15.910906115879452
v 15.366408780278194 15.358859931009906 15.89040532814647
v 15.482947383872308 15.378970104678178 15.950694305532728
v 15.443528241305627 15.368771614888347 15.931649104586745
v 15.470647488208979 15.36383582706567 15.915835247318967
v 15.374797817761538 15.367348918709567 15.964108746018784
v 15.408274539366914 15.366182083957124 15.947318566780561
v 15.410380881048768 15.368496773289468 15.982428856688156
v 15.47913577780306 15.374332243881554 16.016556926534097
v 15.445475674939312 15.371215612188786 16
v 15.483766512555645 15.379894732719064 15.983590272547408
v 14.338582920207836 14.973187775198847 16.550834810966123
v 14.383376714743788 14.931569043922122 16.508334676278402
v 14.344309172948673 14.904942260229344 16.60499836903039
v 14.432018784739777 14.964882635565758 16.337829795847895
v 14.404740686887562 14.94633708109064 16.421888936127807
v 14.399171661558855 15.010633676689352 16.37433051428547
v 14.422122354306987 14.813230541712798 16.521876418871535
v 14.413550340657613 14.881289275510845 16.470752954532863
v 14.437495407329445 14.826898703619076 16.435014660809088
v 14.565013216791538 15.053601926554848 16.034989367805792
v 14.54087639882339 15.037587989077467 16.104368812330137
v 14.533982009855386 15.09395105397182 16.06771286542305
v 14.540215983718891 14.907821008392574 16.183548642124673
v 14.539255224630274 14.973164358327107 16.143192010942848
v 14.57252721383629 14.932610177881555 16.10883615252919
v 14.498374266418164 15.071944258264931 16.208933108586606
v 14.519326529709952 15.023183573837846 16.176176731547013
v 14.476080395760654 14.99435186779497 16.254098617991744
v 15.247017560911678 15.280747420146394 16.190638701280353
v 15.206402746703182 15.28647263477985 16.173410846704662
v 15.262151868254803 15.297058891210638 16.14513939351541
v 15.098717428587522 15.280218428651846 16.233609793457006
v 15.154878974818407 15.283544759948011 16.202261251530057
v 15.132953397738213 15.263470163441562 16.254534906190976
v 15.192698235421263 15.318122331074372 16.10752810521194
v 15.174974720841528 15.30190688829784 16.153351108823554
v 15.146439841627481 15.320418911587106 16.132405113171178
v 14.454738970156214 14.912493219122814 16.302940817568516
v 14.489547891096816 14.868506792389041 16.265749343116806
v 14.457626522834932 14.843258602649307 16.349862173858774
v 14.675214828144139 15.12380002819863 15.51591634428763
v 14.661579718340475 15.115434205229283 15.579144104376788
v 14.659004563472472 15.171219241467485 15.555399437762805
v 14.66040003096478 14.994251621608896 15.62704389549747
v 14.662165452835477 15.056604256749354 15.603019508343623
v 14.670984795613009 15.000407504047581 15.560433790677934
v 14.620362966529678 15.147337421177264 15.677391867781944
v 14.631097637867388 15.095845016085542 15.637974367881178
v 14.609112592866406 15.081792758047829 15.700325996111268
v 15.32820699415613 15.359989000327367 15.867854067468526
v 15.289214832150359 15.360929406009891 15.844684621487946
v 15.326467235994203 15.356638145886063 15.82947622051413
v 15.20601593026969 15.367851752454527 15.876836389822598
v 15.249819521291823 15.365236632198982 15.860560626281627
v 15.244219708684367 15.361639320172733 15.89933426848868
v 15.262734635705495 15.373715395634438 15.783564378374788
v 15.26031466094943 15.372928348293616 15.822972476181555
v 15.223611215921135 15.379961005896767 15.798762309131579
v 14.564930933181913 15.113078540502828 15.933716612451223
v 14.587681295682616 15.068459667714551 15.89897906820068
v 14.588181288903403 15.06888166227693 15.965575540669994
v 14.587450704593538 15.067846127432631 15.764471286536702
v 14.581639578105007 15.064292171011944 15.8312375359598
v 14.573508457575919 15.118379742117655 15.80152090786281
v 14.61268507617732 14.962638136352165 15.894225641204015
v 14.583837016729499 15.004503284790525 15.861178195659814
v 14.603133569425122 14.954894592254703 15.824362416835653
v 14.648101064188845 14.986109728130556 15.693343857682509
v 14.636105555125855 14.978294451590367 15.760036051014445
v 14.62269805081636 15.030697610225767 15.729986733331012
v 15.281354537486576 15.315150828787655 16.100727406471897
v 15.21538081173569 15.336885870129306 16.06272983767402
v 15.24592267741659 15.323263165354376 16.082341949393836
v 15.29934694477226 15.332167183086684 16.05882777754805
v 15.316716524431287 15.348659696659006 16.019215925125014
v 14.605996482695888 15.020460431009393 16
v 15.20559241752079 15.368469280768839 15.958758721944749
v 14.628651906261304 14.974472849097525 15.965144326988723
v 14.602868717302933 14.95519155907759 16.03551100655323
v 15.185941116770257 15.352847073264119 16.042261465646956
v 15.329535488592882 15.361065937355892 15.906025773641858
v 15.332293987943578 15.363508921281236 15.981222158603323
v 15.333845857801114 15.365050085825214 15.944068797819986
v 15.289878061905489 15.362710350508733 15.922457786570604
v 15.247810110260392 15.364293211671763 15.939862865464987
v 15.232561203359314 15.351470844351613 16.020453083581806
v 15.243715621488443 15.3608969580726 15.979844193865333
v 15.279408290972132 15.353060585291221 16
v 14.145453393759434 15.875842424824645 16
v 14.274680353420337 15.767547939031587 15.928290239430684
v 14.21098553090641 15.819777079448153 15.962879609571663
v 14.184209919705438 15.817079740251872 16.037675959518978
v 14.221094114508457 15.760328272983442 16.07393697473789
v 14.470555668944423 15.577271983676408 15.804821663350396
v 14.422294631798982 15.621209504370714 15.833310128898185
v 14.36913221049177 15.608154097207764 15.965370709450983
v 14.397417183325633 15.61504579344169 15.89857204670904
v 14.431088217122998 15.566363448282836 15.933558375901194
v 14.375803002124584 15.667915476013997 15.863502721081302
v 14.328691559662234 15.716619470643764 15.895046380569411
v 14.306119118063267 15.59331698317196 16.178964204320238
v 14.31491537615772 15.53425406475396 16.215040199448364
v 14.261535366597858 15.705232728926426 16.109170845502792
v 14.2909509821796 15.650566569022086 16.143628230304767
v 14.383603343671444 15.553238952051124 16.068452554315968
v 14.330726601123594 15.599026140735209 16.105648820497418
v 14.346372016746628 15.602685543151349 16.03511257274223
v 14.298121875489647 15.711537208892826 15.964361588625172
v 14.319642393828996 15.656036307517903 16
v 14.271302614661106 15.70699143165848 16.036200023770224
v 14.643163464865578 15.228065097012298 15.589554185754258
v 14.616431472324628 15.211726869051118 15.712825427031731
v 14.635668057224278 15.223193043811023 15.652679698683274
v 14.62943828430634 15.284349816783237 15.623415684589292
v 14.615267502570083 15.338579032201267 15.656162958778399
v 14.557279961220054 15.177017474791764 15.965666252495831
v 14.565679001806261 15.181911919104799 15.900869721509718
v 14.602651616200893 15.329138917135717 15.842453492978521
v 14.591737554051392 15.261508298666977 15.871432084142672
v 14.58359063365425 15.319411222201014 15.902599823706806
v 14.571752970532446 15.185577202066975 15.836109871737012
v 14.588580288690387 15.195480644209422 15.77329754795616
v 14.540125374548733 15.483375294828415 15.74557260521315
v 14.509074488364304 15.529521712347977 15.774517823383418
v 14.599496511367681 15.39145881494948 15.688303979826763
v 14.571236262795878 15.437730318154335 15.717019838330542
v 14.579055515365898 15.437231981901395 15.842288015234015
v 14.579336134328614 15.439076949320757 15.780869274718858
v 14.607864527415568 15.392130525239935 15.813651505808426
v 14.605261771129157 15.269751789060154 15.746262389992026
v 14.609379571333367 15.333585765777368 15.781169808806975
v 14.606349569700027 15.333264917887625 15.71768716695241
v 14.329260847535727 15.049478819165572 16.505401995058676
v 14.329568255330546 15.202114066614577 16.414777807060783
v 14.321973170941455 15.123804354150801 16.46106539926368
v 14.373586388158854 15.07397212679178 16.41403887721124
v 14.409517628106197 15.093839955207555 16.33012177338955
v 14.32635778517341 15.471863404825715 16.2531155892976
v 14.325749822304331 15.407511446972284 16.29178883138739
v 14.412370938318249 15.306769159436264 16.21251687842559
v 14.378079616333462 15.359614507309836 16.250173597435136
v 14.415412830873365 15.372420956401047 16.175874842529144
v 14.315795760964527 15.337205335643043 16.33357256727363
v 14.319921514640303 15.269979003438895 16.373918224207138
v 14.5187234394118 15.155130057879164 16.102375519954844
v 14.536586973551671 15.165213405542243 16.03482619773333
v 14.457729814612346 15.120894935743951 16.24771967540192
v 14.497143078423449 15.143032743138505 16.172451549736408
v 14.48704809642201 15.273022255153993 16.104038977454522
v 14.496241061983332 15.21143001453637 16.137286308506507
v 14.457016986336642 15.259220343767748 16.17396634011571
v 14.360204034955238 15.215506648129594 16.332174722187794
v 14.413108137859346 15.23952841242482 16.249715768901698
v 14.41824912258711 15.171836890626837 16.287759867016543
v 14.517789295463402 15.532565697327215 15.840267995339625
v 14.565220591732663 15.432349325907303 15.904359236480706
v 14.541408046473878 15.482016232455495 15.872461237625782
v 14.492988611629423 15.524940799528405 15.902713438007718
v 14.45806914015375 15.514033820309912 15.966578066783605
v 14.549521590386064 15.238967064617844 16
v 14.501320634293945 15.34403688196395 16.06745304763033
v 14.526328739678755 15.292005648115612 16.033795900906778
v 14.550228763815134 15.303487911870128 15.966752201556188
v 14.559343492974959 15.369433144946347 15.935158464037753
v 14.386258460352428 15.491085748490057 16.173906564257486
v 14.43444581415688 15.50658852053336 16.033933977721357
v 14.408653916634142 15.498355749749988 16.102730868913966
v 14.425909839849393 15.440999828883985 16.13763788454044
v 14.470431700393016 15.394847409058336 16.101959283208547
v 14.53885050505697 15.421813501900342 15.967514644758012
v 14.510286173341916 15.410510407328537 16.03312041857139
v 14.485267808273594 15.462486187968814 16
v -75.56416895414598 16 -47.9395996134919
v -75.9486122006663 13.762187945393844 -44.44822352318203
v -71.23154042508354 20.50448421244593 -52.51295339105546
v -74.07941241225339 18.280002719599246 -50.74616491228663
v -72.11091688162635 9.309349046260458 -49.28124206277445
v -73.57250654870614 13.73282758997448 -50.370562746849686
v -70.71433909469782 11.522223159864883 -52.106735749250305
v -56.03495761609794 28.313452120306064 -55.18681059894462
v -60.29599174328189 26.586946639728286 -55.215913665327164
v -62.118676155551725 18.173598480582264 -56.937497482631386
v -60.93733852982774 22.394848045864137 -55.827856122587676
v -57.72446699462033 20.182500667092043 -56.856427519870465
v -64.3058526547543 24.695706760567298 -54.79519887613715
v -67.83925684602997 22.656286297250425 -53.802287157170426
v -60.370708858189104 1.1264354446216593 -55.26562680375139
v -62.15584425199107 5.154977427086109 -56.95193010163145
v -58.86266170774678 3.2031881319382087 -57.98122101110654
v -68.29333200221424 9.307663117931273 -54.180337794011336
v -64.81860995173759 7.248770672315748 -55.247230124359916
v -66.95437032480042 5.025106475277157 -53.02637112198498
v -59.15865217137309 11.736135835781017 -58.27372645250004
v -62.3452471810607 9.488129945587936 -57.142264210609866
v -62.481104922280565 13.816317188045906 -57.275888358691304
v -69.1085474840246 18.252211264423945 -54.85229653289906
v -66.40196959989456 16 -56.67021488099027
v -68.89732543874965 13.75337826428646 -54.676455592963904
v -28.62444799722624 39.93884566555475 -56.20387358871422
v -33.830661646586414 39.708273438503596 -59.39786027289476
v -35.55663374151786 32.82646591579634 -62.0972631764664
v -34.8942669328646 36.37817573910269 -61.05457964936407
v -31.36806243985596 33.92188672289212 -60.6431350089142
v -37.77020548972717 38.62647755673105 -60.25181587572661
v -41.693690903918686 37.394232072558395 -60.84473394036415
v -35.04753007493949 17.887282799369267 -61.401394855248384
v -35.03215374207057 21.534184129314177 -61.37041838510689
v -31.665220780015616 19.56222331496073 -61.123947303333026
v -41.46928472881851 25.65813228134531 -60.81226604694827
v -38.205534779834025 23.5589502490501 -61.11112520088004
v -41.041066230078904 21.81617892170191 -60.28381688668941
v -32.2924649227126 26.872078436525925 -62.13884964546102
v -35.60359799900083 25.307125666640545 -62.22153321974265
v -35.324340443497285 28.96819787994345 -61.77488573961136
v -50.06157409806934 32.05515647666065 -57.474804622968676
v -52.97931911213033 30.242468417138276 -56.40473077979043
v -44.576487893588286 35.6604933892189 -59.85152905986541
v -47.14071353150056 33.825146676930544 -58.479941756817695
v -48.09155194584184 26.10686147221628 -59.880506633971265
v -47.197794985412145 29.88274969879859 -58.68885966072236
v -44.46417346975334 27.78044219823899 -59.943563413803346
v -38.5848442858875 31.205401608143518 -61.56074185306497
v -41.16391430276094 29.425862898478286 -60.309211872399985
v -42.02527263504674 33.550031553587516 -61.36961927924766
v 15.013942842490886 15.45522235915277 14.509114422607457
v 15.01802150219622 15.532797398883066 14.514186343871906
v 15.048133291410343 15.48936981287648 14.459847312742443
v -36.89928133374631 -3.6163477079407116 -54.458851497263126
v -31.318725679600583 -3.91169784179354 -51.102937865548185
v -34.108706618389476 -6.035073603959404 -50.62238185827344
v -25.27016232391 0.3852769966342251 -50.77652536131171
v -28.150963637541395 -1.6781423582223916 -50.84513107719549
v -31.16697023300111 0.6061823788573832 -55.44786267449578
v -54.52208868250791 1.4389890520880186 -58.024112020954334
v -50.03386009113045 -0.04842105256465956 -57.443980633789565
v -51.91542862022318 -2.001060366989602 -55.10037075514312
v -43.66625428144304 4.375019132617663 -58.941369502943914
v -46.80383758733116 2.2037914843362127 -58.22327017576697
v -47.544357071269985 5.97942794702384 -59.23266112158437
v -43.73275802838046 -4.64284596035618 -54.31770109169703
v -45.87168881562399 -1.4668904832328842 -56.98301716347595
v -41.51158286955055 -2.665758516680082 -56.01377384195136
v -31.119589682767817 12.478554002004905 -60.241097642667185
v -34.56547427824342 10.516424945412371 -60.662880436570774
v -34.8214001015167 14.121077472100014 -61.05852272537631
v -33.45421328696161 3.504329946367532 -58.940968641772926
v -34.551940490457206 6.882549258555004 -60.62741447744234
v -30.097399774759964 5.622096389712887 -58.58715962855335
v -40.611745786965315 10.2275966364516 -59.709665591268504
v -37.87360207460993 8.487337695806687 -60.63892795211635
v -40.88739715894556 6.439658167051997 -60.03452706798929
v -38.92643073438036 -0.6127714483514772 -57.23769180741829
v -40.35140607018337 2.7649677027414867 -59.22457895976481
v -36.04293787282498 1.5026833624482911 -57.94889410123096
v -53.79801904967134 26.265871276888312 -57.24244781325599
v -47.72042218292975 22.02787900302258 -59.39617039796548
v -51.101469241357606 24.164570777970496 -58.77012285496889
v -54.06292579160676 22.17167367109051 -57.50612574113072
v -54.03889265038676 18.066296389315 -57.473755193199
v -38.05391006536848 16 -60.9252648290784
v -44.28826554888465 12.0629545843829 -59.837095216619886
v -41.02553234166881 14.061813081354286 -60.255275155185686
v -41.50789411058542 17.95458145688461 -60.90029551541127
v -44.67557684351881 19.96233826727029 -60.32429721624992
v -55.74974275764177 5.4470697975594184 -59.29048619275771
v -53.90266638950904 13.937722575296371 -57.330848094530594
v -55.6432747584259 9.689117210828082 -59.16413999841983
v -51.92336690791518 7.735424829477063 -59.685950633369416
v -47.858694954589204 9.95904055104781 -59.55977944348477
v -48.14909189621493 18.023111415767445 -59.91100795029668
v -47.951607650785235 13.983116772653512 -59.677314414164854
v -50.431574554390565 16 -57.99462879087268
v 16 24.334686558119913 1.4085354911895696
v 15.440247546022112 24.273643066196442 1.147513358308986
v 14.586562945553396 34.22651184676151 -22.826672818610405
v 15.46709871024512 23.37629713645762 1.6049055332186555
v 16 22.728817213743106 2.0624318674500657
v 14.87158203122156 24.16171752447397 0.9677359049402341
v 14.308605013983886 23.982397412908334 0.908792594252759
v 14.422977528805955 30.089626115681725 -29.56426284654293
v 14.428652709580767 31.605833784258156 -28.89597239329221
v 16 30.522013507458617 -29.11960765780367
v 11.441276885988149 33.06721771645641 -26.583800304577238
v 12.886351541032907 32.47252925621143 -28.05532516052412
v 11.344944487277417 31.893917563335126 -28.043452110973597
v 16 33.344971693386384 -27.352874644652466
v 14.457857532277732 32.84606487690904 -27.53023242063813
v 14.504852128741113 33.78807680719163 -25.621433541703773
v 12.553632928136341 23.531744758893097 0.5234169085460252
v 11.972304215019776 23.337164071018872 0.4730827950804084
v 13.73356526678132 23.81601979002054 0.8151346866200697
v 13.147547114092319 23.681325016296825 0.6598795845811392
v 13.352225637333483 22.09814457837926 1.3054141449278447
v 13.245026574612181 22.881657227351635 0.9457304845084984
v 10.29385979826042 32.91002836921991 -23.450729304952837
v 13.097722618766795 34.2119764155892 -23.96186694122128
v 11.627415316031524 33.78083965908958 -24.217578238235717
v 14.362873815317801 23.190429010652323 1.1694343573685266
v 15.891767366518227 16.066891446183647 12.76165067379716
v 15.888153032041915 16.18499467630825 12.657519317706372
v 16 16.119303559531833 12.553136546367423
v 15.691161623384515 16.297780591709614 12.940167088270778
v 15.784952317011005 16.244348011242653 12.79554796968553
v 15.695582182991323 16.188140557692407 12.976417204174924
v 16 16.373781385017605 12.4117980062503
v 15.886776523822473 16.304704117899327 12.62370867513713
v 15.884895184661998 16.42849762228338 12.57997578722182
v 15.371836344110706 16.48247870149828 13.395500900360872
v 15.447280217449448 16.437963689293532 13.307463551111795
v 15.388888816566803 16.377687482266886 13.452730557654938
v 10.569087424702513 23.586896424546744 -23.720417536422566
v 15.518230054115163 16.49881981991623 13.180496731021364
v 15.512794009575149 16.606042290408073 13.163865186159562
v 15.53338831274458 16.288381882271786 13.24232865025876
v 15.52529368016523 16.392366537012542 13.207875203865648
v 15.604447231792731 16.347229725579382 13.078417958789478
v 16 27.117479732266155 -29.003150517179378
v 14.46616948648919 26.447874965721198 -28.82059976475793
v 14.433937632580985 28.24753495615917 -29.372111473610538
v 14.575260268409725 22.792697125905285 -26.181535335834305
v 14.50372754858372 24.664744968365348 -28.03184245524676
v 16 23.493230899921592 -26.88252550089794
v 11.529627935441576 26.481791233525733 -27.345794652762045
v 12.99680617146359 25.62766634718021 -27.932910404309276
v 11.670816038707233 24.67832512787444 -26.29109674948308
v 15.687335623962214 16.40955708663062 12.918049596269295
v 11.869172203621691 22.84427546234703 -24.529106894240073
v 15.780189179358688 16.478127196634187 12.746656630991065
v 9.154438000416235 20.764202284279897 3.0307796791908626
v -5.838743614041082 29.497085825072105 -22.422334077912055
v 9.580344904890145 21.695350928535614 1.7041287178807174
v 9.29789217850336 21.260515914099077 2.2672471756060606
v 10.198636013416369 19.58544012481827 3.822170174694852
v 9.70872890066523 20.412180036399924 2.9505539595187784
v 10.360166546206855 19.990767987268903 3.138560404260325
v 11.402874035224148 23.05912900314338 0.5656729011591626
v 10.833024874037484 22.833718712481488 0.5739218039963099
v 11.308336238575677 21.102093873250716 1.6681603666099605
v 11.044069785060715 21.969876427705064 1.0309301082516154
v 11.732598954302022 21.4261870423652 1.3526342448726947
v 10.347473210528365 22.501682681928614 0.8235196829432923
v 9.967925116629624 22.081202745861365 1.2982216161165514
v 15.257405727351598 16.45894850034772 13.633706057923067
v 12.647067287859665 18.465702498568575 5.42442573225776
v 15.306968368127531 16.519316694168257 13.518439077235108
v 11.077469412572714 19.520582922573986 3.5792888552607707
v 11.844719175959998 19.0094401371934 4.329326876473608
v 11.686594643684792 18.665831117458648 5.000775146644282
v 12.34853745286189 19.68934419839159 3.1958606462102495
v 12.081960364443729 19.34038725551073 3.770197368394726
v 11.664129385939503 20.202668398239673 2.609951414651558
v 10.252466751207908 21.230804170199065 1.8281661030422374
v 10.927517263916911 20.753254384620217 2.05854983465594
v 10.619745543413423 20.370855952953804 2.579828957993273
v 12.880575723033228 29.269642357322354 -28.996572683829527
v 10.082386062942414 27.374101825076075 -26.68722739725959
v 11.429432834336378 28.331030263706033 -27.940621043043073
v 11.39155657860196 30.07755558129262 -27.947350581460938
v 9.97601242880993 30.777155567698173 -26.682020672493046
v 15.358108479691957 16.58879930452555 13.36680889546856
v 12.71724359536563 19.988899066076236 2.812492065242772
v 13.072961929866937 19.121398240195216 4.1180821101125105
v 15.42502352011283 16.655847153620645 13.243079238709072
v 9.001350673660202 26.157148569288076 -24.29447347972129
v 12.104332778488903 22.499122209927755 0.8259143286571557
v 8.834845547059711 30.95449038528055 -24.097746541622648
v 12.79096628443572 21.917033950256506 1.2139967912786815
v 12.233211615310672 21.711898118732513 1.1760300148254874
v 12.413921372708009 20.899607614214336 1.740607306627
v 8.823671608620705 27.932560958883954 -24.94336610845727
v 13.166412412701282 20.221407177678508 2.68959046498102
v 8.729591870007553 29.63184784493807 -25.090968738980592
v 15.90285407555023 14.475347484353234 13.473020925472014
v 15.903384110264412 14.571930537303496 13.436391387880173
v 16 14.46713533526677 13.31642693503883
v 15.732279150557469 14.736513804498577 13.61130256434284
v 15.815084648425415 14.662528506946451 13.536642913344314
v 15.733619535040157 14.660050475240622 13.667283944445874
v 16 14.643437736617859 13.190118505029645
v 15.903321782953542 14.661802346386457 13.388461814562536
v 15.90207949622264 14.73729840566712 13.310154456163179
v 15.464204146179842 15.023952577870913 13.934487035483583
v 15.525383579557564 14.962765816115208 13.868642453233024
v 15.468549690496722 14.957684628104484 13.98504394667189
v 15.652448534479122 14.970038426337595 13.597121994720032
v 15.587613601773382 14.969898652500351 13.746556853791656
v 15.580985701837951 15.034959395850109 13.674559560035846
v 15.584536144929109 14.800509199031767 13.802412331309693
v 15.584288918573764 14.88053823953168 13.764359902802319
v 15.65424726171932 14.80763817936299 13.683494395151484
v 16 14.998678681982222 12.888914544449872
v 15.897729084023775 14.984296517122589 13.077951991707522
v 15.897383258857996 15.083189020885792 13.035136625345794
v 15.900111970592574 14.811611899147978 13.21934996697526
v 15.898689067806917 14.893299048442914 13.140284690019515
v 16 14.810868015677478 13.027825080167876
v 15.723914721092672 15.057352452315435 13.387840225134525
v 15.806558980111648 14.976614443969918 13.26298355679118
v 15.72590064203401 14.973810582185248 13.439591738449632
v 15.732329633039347 14.824363821253366 13.575200381656693
v 15.729689198024547 14.900798183356557 13.5137712330773
v 15.811875824510807 14.819508752207698 13.409691672499013
v 15.092033702420702 15.438845967456592 14.402555337723419
v 15.124771166153455 15.390880221414564 14.341840220281274
v 15.085475044798974 15.367729243410475 14.411756919871328
v 15.20016439771112 15.434033231150538 14.176003357254846
v 15.160624124771834 15.411330807202216 14.258954348250889
v 15.162889414907546 15.482637206070553 14.242794233598712
v 15.15719129827755 15.267930323639343 14.294601957836674
v 15.158975257638893 15.339875728774278 14.276723500478457
v 15.205873813409452 15.295471914430703 14.231567650120859
v 15.364423466622387 15.523736740106948 13.72417041860724
v 15.310675720558624 15.493080015596972 13.825783951644938
v 15.309530857239473 15.57326660159099 13.799803998112878
v 15.327951095120039 15.348597099403394 13.92457656395663
v 15.318651191982333 15.41910519377977 13.873231967916904
v 15.369042058830232 15.362496262899299 13.787496571353321
v 15.231492993108938 15.525036549148874 14.040299792877509
v 15.274715517423553 15.474716553422505 13.962939575889855
v 15.246795363006951 15.461309719644188 14.099486216934142
v 15.356117267695776 15.072098545707162 14.100682495410569
v 15.35518301683522 15.147180356677609 14.07488966718063
v 15.407567311553356 15.09028840943935 14.010974689927384
v 15.249879748533244 15.243770440330298 14.17175649978581
v 15.301616217355077 15.196700888986546 14.124908005601327
v 15.254976579137386 15.176549227878304 14.207178866136939
v 15.388606876314366 15.222586907110918 13.901463066889104
v 15.345184803088449 15.211214516951546 14.022172624787844
v 15.333266902923594 15.274940613251813 13.963299948274296
v 15.245385312797168 15.386959831665763 14.117736204711523
v 15.295009306022092 15.339376734901506 14.062370413366084
v 15.248826685346252 15.316360543428111 14.14781350845819
v 16 14.555902995749031 -25.72218504616177
v 14.622556700303459 13.721711352463073 -25.164080745719303
v 14.6535244685584 15.167832356549013 -24.28690783659863
v 15.893367660286101 15.603042636472274 12.831712186707104
v 14.62322273739736 12.294852308831912 -25.055099922081247
v 16 11.653004096304699 -25.730005810018113
v 15.709728348123608 15.820602253169813 13.11692179730673
v 15.796735174476394 15.769040265014993 12.97112578109495
v 15.709730579689957 15.720123513527115 13.12414002668119
v 15.895624686364437 15.183723248251965 12.976028245177337
v 15.894917476614841 15.28421748313141 12.929346703283064
v 16 15.211964619836689 12.810061661419075
v 15.711167391493042 15.421003286862648 13.17844104108579
v 15.799578511199625 15.357486951178403 13.068088237629242
v 15.714664680619414 15.330967264892722 13.233320631383988
v 16 15.435453184061751 12.769191613836965
v 15.895177043796616 15.39298208593446 12.915302497969682
v 15.893775871894636 15.493557796077102 12.855076956270965
v 15.414933146210146 15.638408798666905 13.561290058520465
v 15.486514454222005 15.59312470599464 13.498590440160239
v 15.421148611421138 15.555396967488315 13.599959968641992
v 15.62768909209117 15.673172772954398 13.250084060280804
v 15.555334278404125 15.63246339469109 13.384567815126275
v 15.553712403534949 15.7241790966271 13.362443864714283
v 15.559187630252683 15.451667377962833 13.433932807103481
v 15.55673376832177 15.54104654358507 13.405835295621861
v 15.632633998010478 15.486795677825532 13.313171444872545
v 15.796771657405605 15.557942609750631 12.992088110834839
v 15.710629414230745 15.520548399175116 13.160876226074235
v 15.710370719209036 15.620616438793355 13.145107830391042
v 15.459304647238307 15.097960637773578 13.893927499864734
v 15.436381983167369 15.229936815728191 13.758874953295267
v 15.448337348905767 15.163467512067303 13.828964691777555
v 15.510917803461137 15.098197084265406 13.746495808916576
v 15.569703915120769 15.101923244444546 13.591970492379312
v 15.424055523498021 15.471693118726733 13.637339294494453
v 15.558602922267136 15.359399865955705 13.458672093228719
v 15.489252265479498 15.417415390679636 13.551045856070155
v 15.425206550846912 15.38703931494112 13.666703198646223
v 15.428217725968597 15.30522356893038 13.703032955750949
v 15.80451246198284 15.168420360784157 13.180162609452653
v 15.64192817029132 15.121631133948345 13.462938119103056
v 15.722207329651187 15.151418082133087 13.35089470425224
v 15.718278430630741 15.239937392468734 13.291578863055921
v 15.635517177113094 15.299436430780718 13.37077117425056
v 15.496290177109849 15.249585835515768 13.633888551907678
v 15.56104764620056 15.270124577067927 13.495629248604487
v 15.565340941963354 15.185024274065642 13.543389387974136
v -24.173810867240654 37.36083295228552 -54.61384856323917
v -3.7232147330246157 26.2530341905415 -25.29197247178653
v -5.820204270686812 27.48207166029539 -25.788484518504525
v -25.88762399178193 34.72849112685876 -57.568629842526875
v -26.911065941451 31.63286449014904 -59.31704176460663
v 15.267079839635786 16.35126048827853 13.67740745161158
v 15.200961434144068 16.393510605687016 13.742082181953299
v 15.106931130842545 16.27377923367932 13.954704251754547
v 15.145892229010409 16.333666543206892 13.836779846781674
v 15.15729527272878 16.236162381008537 13.87223759012312
v 15.14390212794997 16.430858575625805 13.824599770224786
v 15.076755349371563 16.472887768842178 13.875234436336612
v -27.653178036940538 21.28959142278728 -60.535365027881895
v -27.11703754346005 17.798786043203453 -59.585826152307874
v -27.642405154931765 28.297827504711023 -60.56465993176835
v -27.899000544539064 24.834002250576923 -60.98534137730334
v -17.19230512160958 20.75020522800498 -53.07826487662048
v -23.30606241561773 22.842999746932986 -58.954466648860645
v -16.833640312519528 23.710725031106804 -52.38976860761201
v -4.298972695861384 24.595108677299823 -26.430153731533437
v -4.412201509901291 22.70274692480534 -26.594564995809606
v -22.609527917923515 29.415560888292383 -57.74230265689734
v 15.795648537868049 16 12.947594135582538
v 15.626944023935108 15.884914960051908 13.231081530973494
v 15.70682594569602 15.939615142591746 13.089756266813097
v 15.70151176912135 16.061479414685724 13.037004159843066
v 15.616314767572186 16.118364087789782 13.152188426068001
v 15.349676602613915 15.699738285410984 13.647107844577837
v 15.406753661313882 15.738937072423294 13.52906172670525
v 15.419758326413495 15.948721277011977 13.585026540179687
v 15.416454841046734 15.84624718962121 13.570673528020379
v 15.358361979479836 15.901688471605805 13.678531833283847
v 15.478059896486347 15.785466052338046 13.447235604290338
v 15.55046666142371 15.833509553230497 13.348763287715865
v 15.404308248360573 16.262139051647086 13.51887630445094
v 15.337134850215017 16.306052384422486 13.601731358120142
v 15.54014331368562 16.170313831220845 13.287878729957404
v 15.468306880182503 16.218542746900006 13.399534435892626
v 15.343372058622956 16.100608278248192 13.624297790134978
v 15.403460035339164 16.15717668917756 13.5165755288865
v 15.412498796505028 16.05192028225573 13.55481228143582
v 15.546985608489782 15.944031903798086 13.327297291825873
v 15.480420876094856 16 13.461712523896336
v 15.544528056327678 16.05627171683386 13.312798180004638
v 15.084795684388732 15.513376349393715 14.391337601489637
v -20.030635981084146 2.873734375307606 -47.240585043851524
v 15.073835524855973 15.585900046320369 14.373346469626993
v 15.124939594618736 15.53953197884712 14.324147301766747
v 15.158107717034808 15.562345668348792 14.237437788769784
v -26.981804426027765 14.2068557044229 -59.34875729306705
v -26.77661459099621 10.81662449764977 -58.99852151906164
v 15.121764941035057 15.7937533277486 14.170708703207572
v -20.820226229493237 9.589772587591366 -54.21411582111237
v 15.12541814972616 15.874837156917302 14.179861371840405
v -25.670562675177415 7.614436777852408 -57.07734693590692
v -23.991485861285838 4.730951169321461 -54.159618936342255
v 15.253672847964205 15.632448717511311 13.891033741445835
v 15.300376989109894 15.66469755683343 13.782924689959492
v 15.195625138475311 15.58799757646012 14.148802698308835
v 15.22005285010423 15.607466705573287 14.01810369527863
v 15.20202233189979 15.776372079102467 13.985169857059116
v 15.207978139211617 15.690587996726268 13.994026387253431
v 15.17265802414072 15.746370005758699 14.105231204435098
v 15.114219506387803 15.692219957442173 14.308202747612368
v 15.142612885150038 15.718460115894864 14.210872493477408
v 15.1562243709664 15.642723632399415 14.236288594933857
v 15.274715691164294 16.247844704457087 13.700159872217904
v 15.291114200420429 16.048753050812525 13.750763456058626
v 15.276742334945672 16.148114701489522 13.705638503830308
v 15.211159310970373 16.194229571452006 13.778701276514894
v 15.174228853402314 16.139130254850905 13.912801849529398
v 15.297331063201637 15.75988343763905 13.77187208146134
v 15.205332283805479 15.866110214274904 13.991418089244547
v 15.24615362248564 15.814386781917431 13.877241857115166
v 15.297219514869361 15.856078785200337 13.770597446454886
v 15.302431706644269 15.952025301576999 13.786672975758474
v -22.407658130076662 16 -57.20245457384131
v 15.136137309898949 16.088831474787657 14.026332345736213
v -16.519124523417 17.55229078741015 -51.68768577520093
v 15.119073668202487 15.957949242198953 14.166375460235026
v 15.160808625859818 15.913705490180122 14.082698917482002
v 15.235779244523785 16 13.846399936159905
v 15.198542017842183 15.95497015695196 13.974615578715728
v 15.183980361287453 16.04584798838289 13.937816453882467
v 16.90354587366231 25.15752452891961 1.7412361197152304
v 16.555769795197136 24.72250504760953 1.5432057425728587
v 17.62045118091218 26.085699009714965 2.0834514704312195
v 17.270708014240892 25.70654835673153 1.7817871518623534
v 17.52197980964676 23.655877179045312 2.67189525805723
v 17.408714539329733 24.65386174626409 2.2036571149503086
v 17.852448293405846 24.076309478685573 2.8132563632747054
v 18.72434991881462 26.397576241138708 4.635959133817359
v 18.51213538840508 26.508978731867245 3.83308206082579
v 18.734615866553394 24.84750892201331 3.9912153362941467
v 18.654681194475643 25.747374504046775 3.791106095776664
v 18.977987813914208 24.967180825105302 4.52965887388998
v 18.24328778395106 26.451204945705115 3.1788548544188977
v 17.955559589724288 26.360087266225463 2.5291942973617267
v 17.497737808153637 18.937462096817168 10.32143361501057
v 17.443199374232563 19.2128118049161 10.349609028012019
v 17.723236885719764 19.251856961080584 10.131229546183487
v 18.20074352629274 23.344045419649404 3.7132107811371284
v 18.410227587510796 22.47050001177462 4.90401134083586
v 18.142069406874874 22.18439490516803 4.6695671438764474
v 18.86942982553187 22.853857879681502 5.656655254166317
v 18.673055780958613 22.740981771111535 5.163418029217388
v 18.768765452237936 23.902156515047462 4.341510753110164
v 18.09438426814369 25.45913028427787 2.6596881485591
v 18.470424954195412 24.679087587398044 3.483747880601303
v 18.17808340067845 24.43827303782217 3.0582099460860945
v 19.29125554279951 23.941203510197905 10.674636666088904
v 19.000365459274658 23.541234301433626 10.599641889051217
v 19.31305399408334 23.056683160457524 10.091739190769978
v 19.14064574383911 23.26190683888411 10.374864313651113
v 19.638176285252946 23.486254553123818 10.113307113396903
v 18.71461716136278 23.129838878582092 10.558371053479245
v 19.37881258635599 25.304973213154845 8.445059387896109
v 20.035789958312474 22.190080591935306 8.895708698804821
v 19.841416941972685 22.400842258765064 9.219520707886819
v 20.350332355445982 22.52334514601697 8.961014386530014
v 18.926111986844063 22.153478628947546 9.709739267614324
v 19.3605956849159 22.26524345765241 9.481677679059239
v 19.089327584796322 21.95035903130679 9.425996804763038
v 19.972684811802445 22.98515264120984 9.572060947913165
v 19.64088874035306 22.584988665044737 9.553932413144217
v 19.494974142213266 22.85706674460757 9.791137791203012
v 19.124991052753785 26.218442182193527 6.075569209098932
v 18.92162237846827 26.246475295368086 5.454035357412252
v 19.384361931242342 25.820908392776452 7.523824610793495
v 19.296502760931062 26.12300309124153 6.728607428328775
v 19.471160395041807 24.727298302294102 6.700278912806779
v 19.418857095571923 25.489915188124215 6.626876142635222
v 19.43294454219133 24.242250037727544 7.719474681541458
v 19.03323226945972 22.701164873865373 10.031037372967827
v 18.756413268483243 22.336921555330154 10.002014022555556
v 19.32391054437872 24.359388396226976 8.671983418842172
v 20.35761873346269 19.012706080753713 8.432182675933799
v 33.7521280665387 29.87036825088296 -14.86228949309113
v 34.03052915651975 28.652500936504246 -13.174009010394919
v 31.43387042207251 31.0509976780445 -15.351846829067387
v 32.734999766910605 30.589157868300404 -15.382162208164267
v 31.42259977541707 29.396180655414753 -15.207166475989148
v 34.186683985505255 31.94765073350311 -13.426672831200893
v 33.76224710978066 31.533011117179257 -14.91722551093882
v 33.247183466919765 32.74691311857775 -14.061496909118457
v 18.047891576652997 19.306436633398732 9.868080076552424
v 18.387502111881695 19.360813134136436 9.594027351746298
v 18.115201157230736 19.048223118039683 9.760605181506907
v 19.03593609301486 20.10556964523432 9.180745181694519
v 18.6841232612899 19.699439650408276 9.422583894216253
v 18.645911570118727 20.03976690848774 9.451408475451123
v 18.79047223046855 19.084220506924453 9.285019707904514
v 18.72349512108333 19.371621678015334 9.388282371766941
v 29.824285434667946 31.15895937808061 -14.615058927183647
v 20.560768454644545 21.796514574924256 8.620521625566798
v 20.16974965867646 21.37265183332756 8.69405477814761
v 20.11855422408413 21.78767725585736 8.76815828396813
v 32.02773513869672 33.18889154577333 -11.980130434190404
v 20.198786420183644 20.944839661564725 8.65741792582839
v 20.655368540014535 20.95905909156281 8.467455472099509
v 19.383527939965212 20.937566535189497 8.977191132511
v 19.795399435273623 20.963097345955703 8.789903792196533
v 19.423849576497812 20.548992227813113 8.938324958918034
v 31.116071412695746 32.438931632957136 -14.859612216898451
v 19.431690705588515 20.1359407401752 8.958537840073202
v 31.870777968036244 33.13252835955744 -13.932055482414412
v 19.08452061727921 25.68255462159533 5.229318555887714
v 19.31150344104936 23.560068147021724 7.277945684428564
v 19.36053104890118 24.90842286935991 5.910223286470675
v 19.19428336995501 24.98868891966592 5.180271008250067
v 19.187314819919226 24.04774101607819 5.50217328708842
v 19.679461876436527 21.765404301404033 8.945412381390671
v 18.960768673800384 20.872543789600417 9.226942525335415
v 19.319797942237866 21.32511217410968 9.054554197850903
v 19.222604840959974 21.669462093088814 9.20172167205968
v 18.769981120766552 21.516714510737344 9.51292268590619
v 17.99846798946245 19.621553137666186 9.884752884196228
v 18.96155180455642 22.70155441778126 6.498624982125323
v 17.93414405962485 19.921438701095553 9.944091448803206
v 18.267552806279298 19.96481601325218 9.72946346900964
v 18.612899899768212 20.42619563744059 9.436957859993319
v 18.46684869126564 21.104512273619484 9.612942225205469
v 18.559137965447135 20.794930838151956 9.47769620697732
v 18.143573861092715 20.627546177124596 9.837274504453905
v 31.059389509583752 38.9070415190029 15.442496711807719
v 31.43160375689148 40.02784656145393 14.477409276437273
v 32.72463314293995 39.07714800419531 13.312883172431103
v 32.17333184033929 39.6907978117711 13.882709524416686
v 32.6522277669714 38.475722126405415 14.293319182195717
v 31.436041369397977 40.60877302690476 13.487251755997423
v 31.26943101749972 40.931445833995056 12.497678611215232
v 33.76989037330641 35.4216186259697 11.34397264582499
v 33.907255530138386 36.732376961648384 11.719331870940024
v 29.561866414222912 30.53336479234826 13.169556984900556
v 32.81616664070186 38.82469854929846 10.802406359167051
v 33.47978508828539 37.89398196641582 11.239409675078974
v 33.18621035429291 37.98368687703014 10.292484338091906
v 33.580369586543945 37.1277004052808 13.204797511423239
v 33.7120564401931 37.72848467006301 12.198214459734125
v 33.33910418453681 38.5453413205462 12.72708823835485
v 29.795435496001545 40.26211334942643 9.8030718622764
v 29.156981110236757 39.7449872258591 9.027800599709009
v 30.92111377140035 40.963432188116855 11.528684442823828
v 30.409523225689888 40.71028606835067 10.632527573103257
v 31.490580561733346 39.37725962163715 9.51472781330747
v 31.04573921269383 40.187038598457775 10.033791879746435
v 32.10592247861911 39.76195962085348 10.356790877236234
v 32.667657500023566 39.50657430449981 12.309546585601186
v 32.44664835364773 39.71797671592131 11.318608079872021
v 31.90936134470781 40.40020766005 11.893482504656337
v 31.415704746558184 26.337756577865903 9.610915067456073
v 31.47056998660991 27.078639751626195 9.844858551299566
v 32.002150985319254 26.583666348300206 10.152727617427278
v 30.130674528528065 27.831013044869977 9.365765952456861
v 30.870289318768307 27.51865439328465 9.5688639506394
v 30.14690483341991 27.12418546008351 9.124875288511005
v 34.84650005649327 30.17502220384823 9.76659908669593
v 34.728321057014554 30.293811644149223 8.869372981540053
v 34.530204832608355 31.045137028719243 9.271330515206955
v 25.04620963033519 26.382240979109056 10.102079699178507
v 26.02593447790087 26.620577474534755 9.983011452941653
v 25.41907266245991 26.16360708796249 9.71854537133984
v 28.052037390298587 28.319935131456745 10.26899592894545
v 27.197576056188968 27.649892049819485 9.99376480254984
v 26.698206454178994 27.8194621606945 10.44566888605327
v 27.883422539091377 26.93546837628507 9.241508860556202
v 27.630016871696967 27.38466269337495 9.569678000654555
v 28.958951720827542 27.73393064437432 9.394959847795043
v 30.658881271309774 30.002236473034856 12.288691551467151
v 30.227997985684546 29.818621154217325 11.64881166707168
v 29.74878231045171 30.15063892167916 12.079749482920953
v 31.094163365635595 29.027387174751244 10.798433114783595
v 30.588991142481067 29.36167369380773 11.249171698663446
v 31.609017695483875 29.259387929210035 11.417732052130557
v 28.455840806126567 29.272818390200758 11.045864161443086
v 29.59980642154037 29.43243511647011 11.100504718854257
v 28.937201950533552 28.997279603390936 10.61158098528686
v 29.756384645401273 28.253294371507657 9.773275153956524
v 29.360312461904314 28.645724915653197 10.188575285408216
v 30.397942945060166 28.621541150496924 10.275002894464237
v 20.01143330997997 24.925647384087988 10.86592738122793
v 19.64825453035137 24.412108489445536 10.801031036471121
v 20.731989834670028 25.856929332312134 11.147636089706026
v 20.353176759022112 25.363946871071704 11.0065375462249
v 20.87859082079375 25.001996492135525 10.43646020125292
v 20.58389600067703 25.123881087993354 10.758241471963462
v 21.20409203106798 25.34159002312924 10.64044929336881
v 28.472898947852414 39.13149352052358 8.274721241067652
v 27.538776288044016 37.99380993389309 7.80292040744056
v 27.87055371572238 35.716711106303464 7.222109089912562
v 27.842020482109064 37.05451192735341 7.408038611146823
v 28.944507596842385 36.98346133784067 7.521782519676043
v 26.38640118680943 36.367632664276755 7.610175856224588
v 21.08430271405173 26.268266001121923 11.363345847015022
v 23.69987977175944 25.802631482588303 9.941640564570656
v 23.384344023130367 26.041524112477205 10.268963088395953
v 24.204907241487085 26.25222863025185 10.161326922048758
v 21.881961116301007 25.574674364817163 10.515381366091225
v 22.605909671573308 25.809101458861555 10.390757694823844
v 22.14596366003084 25.335388847211966 10.230412394226304
v 28.65986567593785 34.00640382191504 7.324671996729185
v 23.04174737109263 26.22983682921261 10.615007094841085
v 22.717338421316633 26.42772963696992 10.944120553032011
v 21.343479924072636 26.030926706640287 11.08651620871434
v 22.020939075883547 26.250682331648377 11.004280292287497
v 21.614544618832273 25.809110337507718 10.798946824015559
v 33.797729604365045 35.79784090962127 10.33027067226816
v 32.45316498193368 34.98202447976837 8.793092417389074
v 33.232524746738584 35.51774511097652 9.499361748805942
v 33.49804559480323 37.06248340698961 9.781772119412508
v 32.74091294098852 37.83758184058455 9.369746888078552
v 24.72891331671017 26.680757252874965 10.429236512739852
v 30.241898163037675 35.79688617934097 7.346005750307443
v 24.413750714970107 26.973900205846533 10.754673442211544
v 25.234186454416857 27.072755866160218 10.751153904599427
v 31.30441609454127 33.99638720820471 8.315545137649515
v 29.64431119526766 39.039378827880284 8.470711287263189
v 31.715222163833033 38.280833663248686 9.055126966541344
v 30.83153443072795 38.9044549800873 8.684744962021298
v 29.87132415267418 37.93812891741366 8.066728972019632
v 30.206131006025434 37.06446349780261 7.61374658459475
v 32.04234576765833 36.07310077219387 8.24724370508412
v 31.2275829103716 36.71331686051246 7.8727742144148625
v 32.097114286950074 37.437300207028386 8.543488037980264
v 28.447566213727498 16.302944362692468 7.816806727164982
v 28.76387682586482 16.80881823521113 7.802549218268476
v 29.21296604746913 16.50795268324276 8.027958550787744
v 28.32680307113452 17.435340275000698 7.066432509228985
v 28.423446897768827 17.11030645736597 7.518709885801533
v 28.018595335871552 16.912625009391167 7.095441301222323
v 29.821692368519578 17.578344192766984 8.060598169900835
v 29.16363064145584 17.344109669460305 7.743011854722097
v 29.50736130278651 17.897488044286934 7.727326083908309
v 27.106012869143996 18.662491768086213 5.838507543067081
v 27.58111179701686 18.39118246114646 5.997001855797233
v 26.880005402689804 18.118933621792877 5.847280243389427
v 28.651797302188925 18.88104138860514 6.6787495449954
v 28.253137005557996 18.664301339430605 6.217302551769045
v 28.3688608295518 19.211266031012784 6.330382467293925
v 27.547169051624657 17.52769468754159 6.39159512338013
v 27.959989917436936 18.09261333315544 6.250768994781945
v 28.205467572922835 17.771870197387184 6.6130552268450895
v 31.148843641866353 19.995549991668064 8.163664032136694
v 30.55471039274019 19.717503626753192 7.724192963150202
v 30.669533068275335 20.30738954240384 7.871683583594388
v 29.96200975851592 18.500800009079484 7.654643699860028
v 30.36784636481766 19.12092781863107 7.621553254207107
v 30.8148939451334 18.800822483036477 7.913710994247596
v 29.209979068509995 19.664685734186953 7.246611095931584
v 29.75806512030906 19.393696979712065 7.4416864624085
v 29.113589867210088 19.11433615541867 7.111572227724183
v 28.620555577002044 17.981384944374533 7.05122273060373
v 28.859264125853826 18.538127762692056 7.083059162351493
v 29.16931606656268 18.21637567935925 7.413376030047177
v 21.333116383855636 19.296047191181714 8.047235110122653
v 21.884053957627614 19.26910028784602 7.783317212466892
v 21.28795060410375 18.921491145906213 8.004794823925213
v 23.055415142019655 19.95632015426052 7.573183576299231
v 22.484035948087918 19.62018998984891 7.629274808559771
v 22.557747455164268 20.052910816929643 7.660348570895366
v 22.296590741668627 18.76889686064575 7.628323676533176
v 22.406888225556145 19.196147495346597 7.605439986769623
v 22.939994517364646 19.103788901655335 7.452419496182335
v 26.54422861848086 21.989941877729173 6.812647995274816
v 25.651319175395486 21.467864349335027 6.889055335283247
v 26.13460602227651 22.263530984356258 6.607803931904755
v 25.471559976595707 20.40599306781325 6.734399673020887
v 25.145544500354642 20.71509015216394 7.209538278977558
v 26.02561446078475 20.711346555273288 6.925467515082312
v 23.78982640973851 20.814377487679963 7.534903165753281
v 24.47488833606183 20.786813836925305 7.342466879453223
v 23.758527461264304 20.36728211174526 7.4314831199856695
v 25.679599412331562 18.56558865768202 5.866468916414858
v 25.7552799465389 19.07172906863252 5.9557197581334425
v 26.428603365504845 18.88910896266311 5.867553100043613
v 24.198603306897656 19.273533126338425 6.500700100155241
v 25.04301874795772 19.215302991362872 6.126347683794606
v 24.27598577640802 18.860070507230212 6.257468208849524
v 26.543984223483477 19.935586895493422 6.1050262959234445
v 25.812651142940876 19.579175149814706 6.0650809128068275
v 25.694445975407127 20.01912851188986 6.350364906387181
v 23.708160136698975 19.917035760772297 7.346293287840668
v 24.820067873688025 20.053319265396972 6.681525692385414
v 24.012945287635574 19.63458693605923 6.859283529830785
v 31.764139341480842 25.07713624282406 9.724383607820725
v 31.021701232049494 24.64055027765589 9.248831137757561
v 31.2955729575446 25.453183965166318 9.366449873216023
v 30.79355046742011 23.282561127622863 8.898099593650077
v 30.98128357840926 23.988989908651874 9.03539667708657
v 31.465186820183042 23.642904297743616 9.361318571735385
v 29.623794545706772 24.41996808499222 8.616646865711264
v 30.428938768450593 24.289565822988727 8.750809214101562
v 29.64692831064763 23.829652563384055 8.397453678211498
v 30.81026395023747 20.946218341130326 8.014051082415701
v 30.866686859279604 21.54080515515311 8.200379364501199
v 31.373010733104714 21.211564749261523 8.489597457171424
v 29.5966720787288 22.053246081652876 7.814049239986426
v 30.25176487816737 21.815884689169337 7.984155596872329
v 29.579548771528707 21.48671956051718 7.622899129718416
v 31.545333723203456 22.460007353860547 8.859958634200773
v 30.88762433003926 22.132502098130164 8.408109397932158
v 30.90855904358303 22.731986899920418 8.61806938000947
v 27.409482388670035 23.05144791024142 7.037953144845806
v 27.82936824592908 22.75141993376658 7.300909729859214
v 27.257646663421575 22.411261479367976 6.990451933713697
v 28.920870913635923 23.401405695807256 8.062386937981003
v 28.336477173808447 23.054498309593125 7.692036807103971
v 28.369008316624573 23.64446754680411 7.856849578654968
v 28.068626999770927 21.81455902064779 7.514841152004818
v 28.109156440823014 22.37426799761677 7.6646157747290165
v 28.78391506709694 22.198274762549474 7.764853247574987
v 30.309527233854453 23.009285600497996 8.377307328299484
v 29.700050649436797 22.676786072546744 7.953006870371594
v 29.725462108066743 23.27760783932139 8.143811541688471
v 27.22390582532412 19.214315556936043 5.910008778437156
v 27.074064574954278 20.20449146721019 6.401265593851273
v 27.232317014096118 19.741068920420894 6.082810293502197
v 27.852034524638768 19.499048526174143 6.15370426668256
v 28.267414962193534 19.72459124925428 6.5956745855719365
v 26.918649817237956 21.694841132699317 7.076667549528928
v 28.08615924125317 21.28333353170571 7.305205902743916
v 27.324679365525604 21.412992675364695 7.3173049397939085
v 26.67983971453473 21.062591071519652 7.093488159646487
v 26.779332128091397 20.60277333590813 6.8330832071474905
v 30.147994415373834 20.623576679534043 7.6213175696095785
v 28.64801898346512 19.9423518568709 7.079039893135189
v 29.32066188381244 20.25437055976603 7.374348110810333
v 29.602191310872687 20.9188274282561 7.39943039034492
v 28.914107737063482 21.141407001804613 7.290568290154244
v 27.51968422386254 20.449203209586265 6.79351219571226
v 28.188677470670008 20.782437042744064 7.039383117522874
v 28.0952983451334 20.20709398682189 6.917727609536543
v 19.8648512305073 24.253122023866084 10.458978478268111
v 21.092847157333804 24.756962677524772 10.103861809437142
v 20.48758091487347 24.56409317388063 10.242426009723648
v 20.058485845752053 24.031053082455525 10.150312059786982
v 20.189305235578107 23.68614838090333 9.933210193092783
v 24.09545788012695 25.640417806872698 9.455444727791914
v 23.075661926891797 25.18203179799663 9.781486768425154
v 22.07167542831196 24.21476532851726 9.419764380329134
v 22.595668286251257 24.734354814382524 9.551895914025726
v 23.07016989150363 24.731227109787646 8.96364870883221
v 22.381998622976027 25.055006171970255 9.880683408220012
v 21.732403474751077 24.92580456761314 9.97950257298051
v 20.71720471999741 22.873508818323913 9.09147515652379
v 20.887662413361237 22.582526523829117 8.820440415433353
v 20.354485582945372 23.39933882006465 9.667611713379827
v 20.52702077824745 23.127673448297063 9.392078580629779
v 21.76060790179207 23.40825434783499 9.020457651676246
v 21.172269184484005 23.339515087380292 9.142107830108948
v 21.605538082388243 23.761612536894386 9.272355702085001
v 21.284208759851218 24.456571176583527 9.80360286600125
v 21.418654074036255 24.06791095773571 9.56941984132018
v 20.787363324141495 23.887481107534377 9.744071533237992
v 30.716261251196826 25.88027561891211 9.108527870945995
v 28.6955810260906 24.548043756248646 8.616543415747177
v 29.597251249120717 25.14132746359601 8.875046550591847
v 29.93610854192619 26.15083392354812 8.957399399360163
v 29.107391870816897 26.34585691769651 8.855867117317654
v 26.87923931789252 23.385549512674476 6.864252418289102
v 27.40339182712607 23.722925004168232 7.212560883721887
v 27.14159934188558 24.924703983334595 7.765050826055232
v 27.266512272825423 24.31745965957999 7.492196129681897
v 26.66970874937608 24.59854153271276 7.360131559699363
v 27.773637956403874 23.95655096462032 7.701900606342884
v 28.15899944986296 24.201302677928417 8.191147569061163
v 26.036881204484487 26.08801253987609 9.111811646239698
v 25.054253771905767 25.875471707384847 9.27702886091297
v 28.010484595764346 26.27862810723211 8.931870902488782
v 26.934512630050214 26.137164776501645 9.055129947336019
v 26.168167775488897 25.579740956737794 8.093302297140097
v 26.577737430710506 25.883620625831462 8.54570571719405
v 26.959167230869213 25.49923467323133 8.08514609923067
v 28.081471675073914 24.852476364085824 8.45072061427243
v 27.590761177130318 25.238490513852824 8.215292706791931
v 28.044199543766048 25.55281537387564 8.689686557931829
v 21.339073425238833 19.72399284434715 8.047671300308505
v 21.27916174683713 20.559927706327763 8.159372645020039
v 34.49444396717218 30.414979975671148 -11.509527728426932
v 21.967593041268234 20.140287847613564 7.807074671546983
v 22.572194993555122 20.538303084836336 7.673542760426281
v 21.049412772723507 22.246002473926158 8.561992865255402
v 21.08539025524536 21.786351314607327 8.491096619077267
v 22.41298013038588 21.917346449345587 7.994036403486861
v 21.72872868409215 21.859830052122273 8.240083550910729
v 22.30155709393567 22.331844075360376 8.18056008637478
v 21.185193673272092 21.407776895730233 8.327254194135016
v 21.23268765537228 20.982292121465598 8.242178002501518
v 25.37575416467758 22.401851741318815 6.67176707192362
v 26.2195777117142 22.957229795730527 6.630255162963175
v 23.10252939750626 20.88407540157238 7.700758211137989
v 24.1663043287019 21.594653300379136 7.191367626773413
v 24.685646789107913 23.168751621304587 6.780845307913163
v 24.62299100556988 22.503518800135986 6.771424948676305
v 23.499478991376403 22.248638189337598 7.3479298871846215
v 21.852611496270086 20.99103273528216 8.012612391233318
v 22.459882074290658 21.443344994681638 7.8953263800773925
v 22.475525756082735 20.955410643505914 7.835650402043214
v 24.765993831302588 25.710670430404736 8.762525014421353
v 25.747424835919983 25.296780598143442 7.637130866218273
v 25.33197382884666 25.600757182109767 8.141219009490575
v 24.27537384066811 25.316533896719434 8.4342869534895
v 23.6923840237466 24.80711889631629 8.240359076553075
v 26.16944831295086 23.579407447673944 6.819859265333735
v 24.669495683027037 23.798598352156365 6.910266554799151
v 25.513291275116874 23.7871850325912 6.753043377556084
v 26.113552845442868 24.21295124963627 7.016677277065151
v 26.017388905362473 24.825967017278053 7.250532292972991
v 21.47716379808711 22.63391364567552 8.651175632033581
v 22.858026678721327 23.99344082804523 8.376112988455304
v 21.934963334814263 23.04752080284922 8.749493600713947
v 22.13871249053056 22.71452121528049 8.440696250484795
v 23.59182068729404 23.52601837407548 7.383355480989021
v 25.189586115759987 24.87048524724397 7.326729935338539
v 24.425059174167664 24.23774703317536 7.27186341520127
v 24.189511446297395 24.677029554099278 7.6242732066533225
v 17.99379814092915 12.96720662111108 16.073811027920637
v 17.94672232586731 12.96884743280119 16.19207733696469
v 17.691354752542907 13.196726451819533 16.107767651528512
v 18.520035386732516 12.52277995586497 16.40488956833212
v 18.230385581348898 12.732917226230745 16.29198523809979
v 18.58394339761915 12.51241896231819 16.264827426859696
v 17.621544791178696 13.177055180595724 16.322361288575372
v 17.90472488053719 12.963409131776244 16.310059683330877
v 17.847767208609252 12.983023923911926 16.42381897588657
v 20.145181451365758 11.469519980561945 17.08611127137678
v 19.695121656526055 11.721920929015926 16.883306181757945
v 20.258731748607403 11.436195862366258 16.888822907028963
v 18.809468146179945 12.186689577325856 16.868359245166126
v 19.218588246444575 11.96861673818853 16.8765771425987
v 19.185644066006482 11.92509342053628 17.057947797982987
v 19.35176180014987 11.971926597172729 16.532915583985584
v 19.280758974775097 11.975288282855363 16.704195025208573
v 18.88682760372019 12.246373920661416 16.544914657499078
v 17.47377741630825 13.150961401587924 16.751441919744106
v 17.74041168592239 12.939127756368832 16.781795264878834
v 17.711209375342033 12.911704560656943 16.906810831494564
v 17.7893837566635 13.006311944782198 16.536213284846294
v 17.75944176824556 12.982807221793351 16.6553829040611
v 17.51930647897711 13.216477875056405 16.526237405306063
v 18.357822098401595 12.44174605875458 16.9871236274841
v 18.0393956981289 12.721534131965008 16.80869799765779
v 18.391637755136742 12.471484334988524 16.83798441325238
v 18.473628077766826 12.51141606361658 16.547695990605426
v 18.437128905658547 12.485377117868042 16.69370702905129
v 18.120701493556147 12.747477431269665 16.547394555758622
v 29.668159840768382 6.8341453326826915 21.664809720343957
v 29.161809264079075 6.574688363612061 21.23657485220911
v 30.004091710121827 6.7378305387255875 21.117170733780405
v 22.922828490093828 10.203810015697158 19.250210340742044
v 28.374614411646988 6.414516920123548 21.351800972643883
v 28.141017470308327 6.453111008793414 21.900301883387865
v 28.875080512632074 6.316262881923572 20.258378923711803
v 28.618329261655937 6.369450567358124 20.804306765516895
v 23.122500958640764 10.217063228499104 18.586315439507707
v 20.415475928816594 10.932404067146226 18.87878859572604
v 21.018395162289686 10.68396140664914 19.01175180055955
v 20.889523201555487 10.723982450401031 19.260758170893098
v 21.134716001564115 10.75114737789943 18.44166835495885
v 21.05663347289359 10.739108374963468 18.712312896389008
v 20.513886869124605 11.01302248411616 18.34353509528887
v 22.0747564575574 10.40983379016229 19.45491272044088
v 21.6344336680903 10.484433901767531 19.11531988039903
v 22.26534739881973 10.326921388054446 19.193381071881525
v 21.327948036935794 10.910717472333342 17.348920029901915
v 21.26424822537939 10.887218007658532 17.609905728336194
v 20.66969265377711 11.193819123269936 17.33148991868564
v 22.558100505405168 10.339870826537368 18.259972785010337
v 21.92019845237281 10.577845777638997 17.927881515752183
v 22.740760406853035 10.273928128213747 17.97885420845713
v 20.596600937866697 11.101908380964321 17.828233500754838
v 21.237634730497668 10.826824257605004 17.88692146424918
v 21.21102641237956 10.764774673741641 18.170422469557288
v 22.342080554118873 10.350886373084103 18.87069543196749
v 21.799307341707436 10.510873487901403 18.522563608389472
v 22.434216961799166 10.359629395361928 18.558412241474223
v 17.259003924169296 12.837424078882577 17.821040266925284
v 17.513810986171418 12.631691960300335 17.937465971268466
v 17.461981797502574 12.628977121011955 18.083406716068136
v 17.603795056782022 12.659228973319578 17.644592977782594
v 17.563828236895066 12.63611074477558 17.793843442930402
v 17.333302771365073 12.893995190183606 17.534989378775386
v 18.066393089678364 12.187082699091532 18.356512488253944
v 17.81953208055651 12.37836584068775 18.08066408986689
v 18.129781127697534 12.176942679880844 18.19340278376641
v 17.695406995944932 12.855799433210116 17.050075985404643
v 17.683702917810287 12.790730573585115 17.19609276434417
v 17.426382731988 13.080343307389718 16.989785290814027
v 18.26226155274375 12.242436658766117 17.672869319799986
v 17.981154894763655 12.477607058292554 17.437424161431206
v 18.28721010295517 12.292359179534515 17.498045756547615
v 17.386633514498463 12.981014586566863 17.254567339578273
v 17.668272126737083 12.728534431677343 17.347580313483526
v 17.64125271450883 12.685323357898584 17.49674825493638
v 19.7436600114963 11.233987987267628 18.945557414658904
v 19.317239122155915 11.48908656914653 18.57453062779073
v 19.819275087708043 11.227724062129528 18.717824586624964
v 18.497166800350286 11.935104215203925 18.328476386425443
v 18.88349004935964 11.718311654865541 18.448443163100414
v 18.819190695773067 11.717800684270308 18.646544723722492
v 18.986122073723912 11.752773268107848 18.046276722872342
v 18.943286230488912 11.724166702831045 18.250801489144507
v 18.59381640269212 11.973462333030726 17.952264753844148
v 17.90281901254568 12.427976090102005 17.749696921995266
v 18.2368646793825 12.191725417206664 17.855981072294327
v 18.196672183211636 12.162217724981163 18.034895011212104
v 20.10266974285569 11.43627166614258 17.306965971511445
v 20.0803363194996 11.292513994269411 17.78729179418636
v 20.075753474482095 11.383757248619418 17.53749954391737
v 19.61203710292979 11.652173202218414 17.283598770929313
v 19.16746270775627 11.868222578335525 17.254476356756925
v 19.930726177884978 11.190336917066158 18.508576391549283
v 19.054705394125996 11.753820571763395 17.856171320188178
v 19.486101667615724 11.453141755224198 18.173316310377558
v 19.990822892782806 11.214585733675452 18.268441866711374
v 20.052133502462837 11.235116251467435 18.034604705173965
v 17.9926388717381 12.635289156329339 17.09959038245492
v 18.729804770655267 12.129718982395994 17.206355681179026
v 18.33561508414027 12.393091301823048 17.151979256821747
v 18.296691055911165 12.367678823341711 17.313520786735353
v 18.645716320909578 12.077004017230118 17.56183604973167
v 19.57011263651472 11.532870830815952 17.72532207054769
v 19.095320410128107 11.789590979923268 17.652026326168087
v 19.13006338938736 11.83154425388384 17.44990926254205
v 98.38185859322382 13.99502013321915 70.15891423821057
v 96.05860221018955 10.92686601128116 67.41670201191286
v 101.22647297101392 12.723595938003998 67.42138204655657
v 73.16993416009751 9.343098892260166 57.43259710687991
v 75.73062794300796 10.661763160145483 56.77715214276651
v 72.36605491574427 11.719876577981665 57.76152292254322
v 78.79862863869155 8.828819497432821 52.07253973307382
v 77.70807016541843 9.699123285040688 54.70685965763972
v 77.45379799181836 7.367089074500139 53.63779026084136
v 58.54503159224715 5.80049836768678 54.92675280484468
v 63.52648545151413 6.187082169359046 57.05023369987969
v 59.17424213087849 7.591607737260128 56.28821354725534
v 70.27770645467515 3.6399917703847144 55.98926665539555
v 67.29668403287299 4.846135980105428 56.95440537092434
v 66.85912720404733 2.7956968868867467 55.760194159141896
v 66.99356007044227 9.253533357815787 58.43176566191422
v 67.12167209234178 7.055352607139955 57.6720243112092
v 70.41905991575533 8.099974060111826 57.85244907531842
v 74.88628529489534 0.4685771216795498 46.46125013759776
v 75.13114493933661 0.8969687589457145 49.62196376164491
v 72.38164216821878 -0.5552437646533086 47.240791747553516
v 77.5133676824604 4.982056801315528 52.76769887791668
v 77.15008181578054 2.7172165817589153 51.658977064855165
v 79.01354051531737 4.087006112588027 50.394151032713076
v 70.60972043789855 0.850281563748327 52.186289051349505
v 74.41629484116328 1.5904735415315479 52.338319566249695
v 72.36028391687438 2.6150404496884008 54.201157569576644
v 73.4344081684488 6.982990333531832 56.72465139614185
v 73.18569118379196 4.712838541787127 55.654012862268125
v 75.56873800630645 5.974672830389377 54.83985706163523
v 46.73941225041132 -2.9980015649490888 61.838736844478774
v 47.96644148464698 -1.7601197765029006 60.63897024348225
v 48.18508490254617 -1.7816412468106186 64.66277631367127
v 26.70818903399003 9.99538889802606 28.78960081063197
v 47.142601214673654 -1.3876477672003986 56.20430463398645
v 26.075083718733616 9.773255822321943 28.812735913932954
v 50.519704960888 0.8201182801836779 61.895915515313156
v 48.961056320142596 -0.4429897779990064 59.18688818000804
v 50.07347726160044 0.7612443639911639 57.966285306105185
v 28.492583371813417 8.903241099240386 26.88498410249401
v 28.093627306616156 9.148468887800368 27.416508684862997
v 27.85244321825548 8.674787241389925 26.98419320367578
v 28.649209590683313 10.115823591089267 28.374151756317957
v 28.278734144431855 9.669558062594884 27.802002874192343
v 29.132968956065838 9.828411386285381 27.887107157510478
v 27.014605532982756 9.192599407944005 27.969419794921798
v 27.63709962572807 9.427095756166786 27.887894145831282
v 27.120834302297446 9.740072332206157 28.281848187664995
v 53.31452766609614 6.109742679543544 55.0644188737767
v 51.25456102183605 4.899092544127937 52.298977850752614
v 50.13695876543487 6.542799445848482 49.16752108541095
v 50.910997243513876 2.060759171747698 56.44957661749346
v 51.46803054270963 3.3891155287631243 54.725895818623364
v 52.43061249559748 3.4100653174136415 58.88629898582172
v 46.29255436016774 4.693175421737189 44.42796636167019
v 45.130832796889905 5.37449713423856 45.49380983424187
v 43.308598759729854 4.678386761510527 43.182369535894395
v 27.279359683726366 10.268197020269703 28.662979086176975
v 28.0402970767106 10.466803566475576 28.720672966710477
v 47.99131815956207 1.4890776267400767 52.49389310753918
v 31.02923514428018 7.3460283447827255 21.983055109464768
v 30.89636565148556 7.43154331339033 22.694839578643787
v 30.30089370785172 7.161561619048127 22.20216683168126
v 31.71953986992252 8.261593303586459 23.5464376746947
v 31.425613860855226 7.774064430184277 23.17116667547249
v 32.06501535482532 8.060660092481289 22.8961675226373
v 30.035487982849865 7.3255913779080775 23.606468509326042
v 30.816602586165374 7.487717538892024 23.443955558311842
v 30.441239538752715 7.714627233381249 24.045047943261373
v 69.39254586695144 -1.8316328820407612 44.790178575204536
v 33.32038029193819 9.54470479406911 25.086920093118447
v 68.56731390454374 -1.8207096101439504 41.68148132285988
v 31.623378672267805 9.04446299929254 25.406140544958085
v 32.45810476408376 9.28374834075371 25.256790866748698
v 32.12318330672878 9.485543097550643 25.94624601913796
v 32.82994386938415 9.006161006437537 23.730068556335823
v 32.74540308031211 9.10224269181445 24.53925820903114
v 32.26883441325714 8.653778287569512 24.05546710152852
v 28.491348700548755 8.279921937734034 25.811843212936218
v 29.183196291487462 8.47590468208341 25.69466941973853
v 28.84146560522222 8.686749172818043 26.277085884009093
v 29.97052705336594 7.99732439110678 24.582442991908366
v 29.573688222555347 8.238014201958784 25.141159226902904
v 29.11701399732803 7.893239518743153 24.635600795543752
v 30.16503075704758 9.175411969587946 25.959089469130795
v 29.871116580458 8.698235013964746 25.548236237320097
v 30.73648811995846 8.855021179103392 25.49295592518234
v 31.61225760570712 8.352593440819657 24.316657824876874
v 31.21480709255774 8.584990034598803 24.936715000208185
v 30.90758695441996 8.095597887295233 24.532813806229342
v 49.76831448491387 6.329389762388454 46.356811792824814
v 47.24105093086061 4.1387063280670215 43.07899601132085
v 48.82418591081699 5.06747898986748 44.980991030648894
v 61.31966260310825 2.6203816476860613 53.65014349196483
v 64.56087022810487 1.2561119954622537 53.22725834581619
v 29.079277979355133 9.178239849285504 26.68911885402285
v 30.693470264320304 9.576908710615745 26.57049605025503
v 29.83795272207762 9.385707947310824 26.60963581089188
v 29.588873393358256 9.55843243418719 27.33251668658426
v 44.411679919163234 3.8682165827804695 40.16174793291604
v 69.23368088108738 -1.396812457043179 47.525889366955326
v 66.2117207973854 0.34914819616886916 51.41556655758514
v 67.88328779748815 -0.5705528805395481 49.59646715090182
v 63.39335353927388 -1.1383949819672345 45.96648310803435
v 45.52409913078425 4.245768652112538 35.91141241886155
v 47.22395665529666 3.9404916430818666 40.95406736524342
v 46.97134243439595 3.847861617621078 38.76886352587793
v 59.04597520830825 1.0273669744886025 48.322912672286016
v 16.156834458952527 11.763556456233236 22.444111701089763
v 16.43003969892367 11.641506196757259 22.78641196295595
v 16.26391525323107 11.857993456386723 22.865015965837095
v 16.770785534262952 11.202625669202558 22.619560292721538
v 16.602319548687205 11.399065906553142 22.739477086673517
v 16.482376976152874 11.293407418280502 22.352547449461643
v 16.87604027985201 11.593333929968427 23.671558146844518
v 16.740690401808287 11.44987138623308 23.254002475103622
v 17.07215611409861 11.325610643088424 23.632195654525873
v 16.810694442273476 12.905956458238844 19.381637838942314
v 16.738253682625313 12.91167431292081 19.575552502565575
v 16.613736119043576 13.059327032676496 19.15132679114791
v 17.661259838914482 10.625200772676312 23.295251929160546
v 16.875056544116095 12.786995039002685 20.02439002074596
v 17.124914718100495 12.612708204211577 20.332843638280345
v 16.46318895838237 13.086782403047087 19.5010406522354
v 16.653089723173238 12.957334411728677 19.732627705547266
v 16.559324445781634 13.036832782350594 19.852887415679586
v 18.479548908841473 11.136945266872072 25.40103334978378
v 18.271261206528656 10.943779115575367 24.89240533604056
v 18.720428901476637 10.866378654205384 25.264874081444756
v 17.452081906222567 11.154294289660413 24.106998428997315
v 17.845316997606577 11.04605966813589 24.49530417131767
v 17.62159867434506 11.318262541979053 24.577413430338446
v 18.299816376304918 10.506708457441961 24.29007680221853
v 18.069405197528027 10.781320010996097 24.389379381276477
v 17.858197074115512 10.69663849511144 23.82434300806068
v 17.096001077453476 11.049992906731426 22.981047549456445
v 17.448709285320753 10.91040002869844 23.339794164560622
v 17.262479613689532 11.108934909619075 23.501432728713198
v 17.391572189420174 12.642388349487565 18.25161110028095
v 17.322272032027396 12.676550460568901 18.379957571823986
v 17.138223720336573 12.885038589585303 18.06020504905279
v 17.789553660507345 12.1883165190215 19.191360532388508
v 17.546685968472083 12.423700624597126 18.770232349157652
v 17.862031472708402 12.168508478512614 19.012830210964218
v 17.009577516911104 12.947572762584585 18.295822764773092
v 17.262173011140078 12.684950521050313 18.530108956317484
v 17.203823917908366 12.684767496508826 18.69172023448527
v 18.954070002530152 11.469057711435944 21.200115476493206
v 18.60180830362184 11.664681863334442 20.592447940758174
v 19.050497910861644 11.425763110985532 20.935809302384687
v 17.844648765561246 12.120788675269347 19.965440060811993
v 18.187857490736516 11.921121992854133 20.243640608394745
v 18.101486171426597 11.952323968214266 20.47190413658109
v 18.414926285468276 11.753846700561091 19.9074328102132
v 18.303361854128887 11.83409085456856 20.078022496029497
v 18.048920779446238 11.980059946830096 19.63993159281759
v 16.74215792031587 13.068633612823733 18.800055787523306
v 16.965491734870735 12.842928090476157 19.0662346676058
v 16.886352299433366 12.891457634611173 19.199400469954384
v 17.12573777723322 12.733278588665355 18.819423878397533
v 17.04768306172567 12.78274230551687 18.946601796021454
v 16.883861464240233 12.989218135509349 18.55756803473047
v 17.429111149805422 12.406884761274128 19.828787374611757
v 17.233617373061282 12.575778420188763 19.382080065667697
v 17.529673901347888 12.327364273980523 19.68969067615963
v 17.70892583137267 12.224557588767999 19.362918996523227
v 17.615072265863446 12.286991369549703 19.51441524170971
v 17.400728932160707 12.477270664950394 19.088099003729276
v 44.3525317438324 -3.601954648641552 65.23945715223476
v 42.6066570769801 -4.78872629802018 62.255995341817474
v 44.47204598448738 -3.979590468794239 62.068738132150536
v 37.9799342588024 -5.434671307055211 60.6493013968435
v 40.3381406587912 -5.217387585154093 61.639885786523855
v 39.92012665275754 -4.777193378998636 64.40165636465548
v 23.35476679152326 9.550707093659234 27.900262648013644
v 39.7996497954314 -4.812694619806692 57.42601638514238
v 22.642997522915604 9.549688702704842 27.578612234596577
v 19.258698182451724 10.738647704553777 25.75738976481173
v 19.8552279908967 10.573114384940034 26.34406836314878
v 29.602573655974723 -3.602712177627975 56.12470742894982
v 20.53952776227333 9.861087054049317 26.19659031589582
v 20.184490147030424 10.23265354839636 26.25404953807695
v 19.903423297355882 10.040269355724988 25.660914223465284
v 35.36246868517887 -5.4007229068479035 62.59376080064438
v 32.09570441532543 -3.926096253865044 55.07488278492114
v 35.35632030211899 -5.225087875653127 58.86622187189005
v 21.95273558790779 8.434362994061036 25.631728507275888
v 21.580788588986135 8.809248396569897 25.778269455824724
v 21.2436924303246 8.631200716448024 25.207491658579496
v 22.27413106757422 9.271328885132197 26.95295150018356
v 21.94704414590615 8.996266821195718 26.399828752929956
v 22.64814791218745 8.91816360775498 26.756929284155945
v 20.587995372395007 9.304759760732235 25.522786617090986
v 21.224472295589816 9.168159234235763 25.924896846460825
v 20.870500709528383 9.528959325407731 26.04538678747371
v 21.511893902813846 10.005741004877198 27.25258698359034
v 21.181680047502823 9.754937886412879 26.632253052386197
v 21.90875836590373 9.621486578824356 27.143831990883463
v 17.059432386459758 12.674357794102841 19.69937833523024
v 17.632490503608416 12.273070622951083 20.299760243527082
v 17.332796353743127 12.466893670937214 20.001634687550727
v 17.2266874743867 12.548110849330184 20.15505592123633
v 18.348187995542087 10.070993951684573 23.73405579909572
v 20.64370947120463 8.723701601256238 24.903327834369584
v 19.973049491629567 9.461543349360658 25.08875211853455
v 20.3000833194452 9.102463935311729 24.996329342803143
v 18.400613709044272 11.776649916679968 21.06423870048261
v 17.9897645559215 12.037170464336853 20.659871655563588
v 19.015601461311938 10.535233492980511 25.227642492118065
v 18.58427659232016 10.152163677371215 24.290984819435486
v 18.793681368353127 10.33586646151144 24.747165860649677
v 19.315639570296135 10.20260431153836 25.168844488015978
v 19.63453318929251 9.843179775847283 25.129165063956584
v 19.10148921166992 9.582261529244835 24.03024151946439
v 19.386655495488768 9.65459029846457 24.631342382522988
v 18.84736572917282 9.853108290753045 24.186110911696076
v 29.540798974693708 6.908912006480184 22.341015367040708
v 29.103041045456294 7.177609912748311 23.620425916859396
v 29.505403261969917 6.920421231933309 23.076825146056134
v 28.757519534345846 6.70763106645072 22.447001647910557
v 27.999613368640453 6.528528924504105 22.540342525140062
v 27.78367503474181 8.000459511243598 25.89523969063341
v 28.03386201651499 7.850090282526388 25.273278635595915
v 27.120197348452244 7.092439556850673 24.219130589670065
v 27.590692156403648 7.44321577938325 24.752605349373734
v 26.88365873358648 7.229039719187494 24.813115879364084
v 28.390397669807797 7.626646674818405 24.73279370163399
v 28.79508309722823 7.369655891316187 24.217363292090717
v 21.446839037154867 10.525412885732456 19.738098763565485
v 20.819032728269853 10.743882536995248 19.578231709277
v 27.102723707295652 6.498237847548005 22.533914920039066
v 22.075440713105944 10.367582197548863 19.858713021120835
v 25.951661922012438 6.624235810534046 23.738344232290252
v 22.032755979465243 10.363116704320978 20.25137593950189
v 26.652420778727944 6.766648351699928 23.69331760132873
v 28.341268805723228 6.957162062392028 23.711617317366187
v 27.442727556616 6.879500632539809 23.68528341692878
v 27.808917580717832 6.6337977045307195 23.16750736426304
v 44.07752462741995 -3.5840162649225107 57.82030984167227
v 23.837981110895857 9.229866985859879 27.64099378897137
v 24.17019859606394 9.631965936982649 28.152747345317536
v 25.126669668448578 9.667959719077885 28.53003054564278
v 25.664860336310767 9.326116233343061 28.24462244283056
v 22.390434491652652 8.09518582835194 25.4133911174374
v 22.776996365241242 8.288874627339545 26.006667800366444
v 24.591988319316094 8.07205222214455 26.72623714833992
v 23.687411875012263 8.136662493141404 26.41307367644788
v 24.085938926130474 7.875197872535894 26.03363337594255
v 23.16067150615526 8.531944538830684 26.595942163016403
v 23.52409601709099 8.835948411976046 27.154993654695097
v 27.0773603413733 8.436275808317834 27.021214472736688
v 27.422199157496145 8.224055968554229 26.472359485155692
v 26.24733598675135 8.953389021928988 27.973920034124205
v 26.708292617230462 8.663855984174788 27.55056304705623
v 25.794748883096418 7.915844192050027 26.39638236690087
v 26.29705993986607 8.233886958505492 27.02021217483022
v 25.463358417169395 8.115038541622585 26.917777171214382
v 24.465829407725558 8.780448226881118 27.553792858503307
v 25.058297098584355 8.367130606276174 27.36468757355444
v 25.367402713044328 8.831574013488805 27.81043106844306
v 17.686560653250545 12.398466579501175 18.418015162808945
v 18.340284285487254 11.975967565942332 18.709415603129813
v 18.001043148191442 12.181212040262423 18.567341782130878
v 17.9344268369792 12.172098363194438 18.788181053124944
v 18.213929804403314 11.938087099256222 19.206127511668086
v 20.202170401872056 10.995875592266623 19.39713168365682
v 19.649419964987754 11.264175916120799 19.207327678220317
v 19.49149006582321 11.276135578024295 19.78393535163725
v 19.55810136390311 11.288162104414802 19.478496332315444
v 19.988084536193327 11.074959675243306 19.96900841226635
v 19.166749463011808 11.506903459768562 19.036406567255273
v 18.73458081454447 11.74204187955765 18.872012905312246
v 19.155911584320435 11.401474518856794 20.621951956349278
v 19.561638888642015 11.203313880946919 21.231744023444115
v 18.520808121201696 11.716528845061527 19.66581436898855
v 18.83914767759673 11.529837721391093 20.144196740093065
v 19.7473538420047 11.18082972037184 20.54028728917464
v 19.256579543215004 11.378872630530921 20.317886512372144
v 19.394530072260068 11.299821929941544 20.07404080555486
v 18.679481834315787 11.711897489664658 19.142028317447384
v 19.06084119655741 11.442670099957155 19.632449017508584
v 18.609341766747832 11.700945908045394 19.409779942080363
v 27.016291884540735 7.789430243811342 25.944601394497937
v 25.29386631010984 7.6397523983912485 25.74436928316623
v 26.060617131607778 7.7647967585304265 25.77895951260573
v 26.58994876208893 7.4001801099627595 25.40647948382015
v 26.152729203246054 7.054789433677982 24.86767770935186
v 22.758572297303445 7.8140507311421405 25.068116752037376
v 20.370852460430093 10.905509682695197 20.858961165293127
v 20.25903352906301 10.942575766216885 21.20309024928654
v 23.579138410235846 7.709941501971613 25.333066093414452
v 24.390519250797123 7.682205804041347 25.523159817912724
v 20.726561726096257 10.76407534908504 19.902395201130535
v 25.635881428805746 6.809605919379527 24.267169712433542
v 21.31437391263019 10.532559301400553 20.475419825111
v 20.6515457368384 10.763223467147075 20.25264899752219
v 20.52033411405673 10.824605756723251 20.559856797425443
v 24.820820323662822 7.375290671640299 25.138134579630847
v 24.399938798117688 7.10001644397903 24.59093889974053
v 25.324542305070448 6.999244806838702 24.80064375288228
v 17.443740530941138 13.408259363099527 16.097676114214238
v 17.48357866760883 13.402711508886592 16
v 17.37863426958385 13.393608132649907 16.292119644075015
v 17.4163545754042 13.391355928960019 16.19582152264583
v 17.058447430782437 13.80761124687376 16
v 17.22392393202699 13.611470864615399 16.08842250113751
v 17.032207765425316 13.801159457939914 16.080046073313742
v 17.234087790236874 13.388421635779332 16.677445691948712
v 17.264715996319598 13.401202134336815 16.57870728556336
v 16.93056496880534 13.829012117340115 16.314010956273496
v 17.07821684547365 13.641299696911801 16.431648752320747
v 16.897163997734037 13.83812055923961 16.389542721031866
v 17.29468153721286 13.414434275554234 16.480778782217786
v 17.330533058903317 13.415057044732329 16.38581866722554
v 16.492682574008917 14.46924502392855 16
v 16.57808380507785 14.336927400831076 16.058207105964478
v 16.470726782927017 14.477722638621175 16.05268746724532
v 16.859696412160076 13.988439252168321 16.07226038399218
v 16.709551102463227 14.166519918436197 16.064954569279116
v 16.74152093986101 14.146606121909267 16
v 16.655719832020853 14.182942317100704 16.192049078314817
v 16.679000381321778 14.184032207927567 16.128345104631908
v 16.794680381594304 14.01722159768621 16.212262354884746
v 17.158157320398843 13.611251270372948 16.263690757866797
v 16.966222941640773 13.814549397213016 16.23760923088678
v 17.002040509575423 13.801259533858717 16.159686101039025
v 17.02863109072227 13.07178216669249 17.66436006667351
v 17.074433547996566 13.075152444719858 17.5438264432038
v 16.73603643523576 13.627903154919634 17.0401814698063
v 16.88748748137555 13.375170572309095 17.265457052191177
v 16.714815373630092 13.572153020678215 17.156595570214442
v 17.09985205726353 13.12879940058352 17.40125554144198
v 17.125863657472145 13.173975382658957 17.269044955399867
v 16.332110237944544 14.413007327150723 16.443203353077052
v 16.410631230569248 14.23877329967401 16.55838808063883
v 16.313875390534953 14.381688937588486 16.5078610501177
v 16.657009145441016 13.906714604902373 16.677832837841763
v 16.522475691278448 14.087115626008469 16.61282728931099
v 16.539104099063035 14.12899972477176 16.533568656346976
v 16.48407036566128 14.002724643026019 16.783242304586544
v 16.501351710688326 14.055747358769214 16.692240767236424
v 16.607554589536722 13.856531083841373 16.84949172233664
v 17.18790996515635 13.318474350013197 16.89817879548294
v 17.21191396296033 13.350228829696551 16.789236341157455
v 17.151139339163414 13.217031537902887 17.141839696062238
v 17.16965706013045 13.269741047172943 17.016893347511203
v 16.827679782447753 13.765773939050938 16.65092514164072
v 16.988421249771687 13.521599157118656 16.820544075937374
v 16.814927577736757 13.710859179172873 16.749371979354986
v 16.760977058811623 13.663514332611749 16.936715887254188
v 16.790307434595086 13.682002513823246 16.84338444648634
v 16.941315016625897 13.449692317610396 17.0343035563189
v 16.029201661231976 15.156319063062018 16
v 16.049706892877154 15.101896700303497 16.03005256889481
v 16.017347648513237 15.1601654758695 16.028069084919302
v 16.129608827377695 14.965536085219266 16.03481606283364
v 16.086797440710182 15.038236016925394 16.03225262601724
v 16.101359526595047 15.026975472850934 16
v 16.059601226149642 15.042156331380898 16.09643680968129
v 16.072798526949036 15.04529860382582 16.064069089270614
v 16.09847298618759 14.988144652668032 16.102129682193365
v 16.37737992604133 14.601961608312099 16.04825464899739
v 16.29991126660773 14.713403166704275 16.04402934123713
v 16.31925477123315 14.707668386258925 16
v 16.263067174635765 14.718024599193685 16.131231104665318
v 16.280806060673825 14.7186274368364 16.08759288056116
v 16.336225359926306 14.609593047245369 16.143396526693184
v 16.196260013447283 14.876836288129367 16
v 16.234149018730022 14.810119312061413 16.040434049418767
v 16.179153822295618 14.887484139857733 16.037576762802715
v 16.195321724170643 14.682675273165524 16.316037188449332
v 16.212254015028023 14.695093484102095 16.267869222722577
v 16.26532909001185 14.567710089796794 16.34544548946523
v 16.130180129682138 14.904667714242555 16.148296954056658
v 16.16639887654172 14.815886714553884 16.20131838690728
v 16.11466139620685 14.90354260555468 16.185526036260203
v 16.29696832491012 14.610258362797827 16.238737047154288
v 16.227717357027064 14.712862226186578 16.21993388071547
v 16.242830676283887 14.72868491766393 16.173824987149068
v 16.161996055305398 14.897722622675559 16.074474922380496
v 16.199421457203403 14.819104578641513 16.120359810639123
v 16.144975513923743 14.909047460650275 16.110677314790568
v 17.025663436303176 13.60529124553863 16.614797398794128
v 16.690606347624612 13.990119233477733 16.50546265294878
v 16.84511348242806 13.806694615841666 16.557321503847266
v 16.86145023762905 13.847332618873224 16.46719739654572
v 16.740192777127206 14.01530766983541 16.35464903426515
v 16.348695553031696 14.44058574564282 16.380137539123837
v 16.380203514007828 14.49169279078891 16.261974219342292
v 16.363887216296376 14.470362773037019 16.31901730387482
v 16.44157840541819 14.319087168192205 16.414082633533766
v 16.555251343205267 14.164310158515267 16.456956887826674
v 16.45011891010346 14.473673388517504 16.10581384319855
v 16.632353211687857 14.173524483116562 16.257782214605403
v 16.54045057381626 14.312819956398 16.1769224690403
v 16.42991811562051 14.468021844563832 16.159351617923004
v 16.403793365761356 14.48455557275226 16.210081928724495
v 16.570709694831017 14.200510056463203 16.383084559048278
v 16.480771619708946 14.350361795081037 16.289139526391274
v 16.599909234545855 14.191672040111337 16.31995552075644
v 15.852943671537277 12.027685258413012 22.04234179972383
v 16 11.821940148889475 21.983155672230613
v 15.845538039469623 13.65064220376913 18.991231430429817
v 15.858762920810653 11.865341168997023 21.58006049503112
v 15.605675083286894 12.152538741399448 21.192967052248257
v 16.150920633748242 11.581858994186817 21.962642891634857
v 16.17784615808817 13.294969864428362 19.44407785598383
v 15.669599189795425 14.08987929071622 17.932878621435638
v 15.701262792464245 13.99046468217268 18.15288244053566
v 15.600485366223268 14.085754044542435 18.051372128526907
v 15.932952256520418 13.750138921725704 18.40968191992799
v 15.81158387261834 13.88368286600683 18.2668615849625
v 15.87875972072849 13.888073589866284 18.13708871295542
v 15.664452705570119 13.88958207001103 18.536253719538852
v 15.741888562623076 13.89861237913768 18.383688828203518
v 15.78754856273367 13.772091588496776 18.6759321671061
v 16.41857335414888 13.184354954637048 19.016494770291978
v 16.487547605197477 13.181378650758159 18.85220348713691
v 16.26071173244276 13.266001731216047 19.283794735222124
v 16.34195423434072 13.216014903300518 19.157986706976242
v 16.143420806595223 13.501703303298893 18.52806236359141
v 16.236237752301783 13.346543473534107 18.842210446911672
v 16.072637122482313 13.562581136521564 18.610563035794403
v 15.924465502409198 13.623760831719391 18.85436427587218
v 16 13.606785143119964 18.713706271621767
v 16.080964288662926 13.452945076896208 19.059550014257354
v 15.602312902328887 14.800504028921301 16.741329279495197
v 15.600516013202686 14.729547392140084 16.839645764629868
v 15.560477807583894 14.797165580074019 16.795542935723265
v 15.696894908967568 14.59318776842711 16.928720162733526
v 15.648144098679962 14.669551734145688 16.87875619451666
v 15.691461861762281 14.680533442154438 16.815475179767386
v 15.555624723985265 14.656444727204828 17.01052852078003
v 15.603088968156916 14.66239953420677 16.943230676972668
v 15.606796334580801 14.587673960390903 17.06034984840988
v 15.95700057409369 14.236504065932497 17.163055419087712
v 15.882238186241484 14.353636130026159 17.085912366528806
v 15.924311939981784 14.36131498892268 17.012763033700782
v 15.791130866048222 14.338839123472338 17.24284482552816
v 15.838283440538994 14.350280733066047 17.1596759205341
v 15.86648515398764 14.248846501805845 17.30942140477709
v 15.796149190060655 14.534901317999893 16.90548078234874
v 15.81551334698872 14.449485977303894 17.02289099977433
v 15.754376205817948 14.526906922280688 16.97210725424851
v 15.574152358871025 14.31799213200812 17.60666230125098
v 15.63221986269796 14.316891288368408 17.513291684668165
v 15.648800475010745 14.214599723020024 17.700934374347025
v 15.61418029554699 14.511481174717922 17.188759722007877
v 15.619817735560655 14.411460313588098 17.346691832824536
v 15.56222129605744 14.508752518559595 17.26676958413576
v 15.763646096141963 14.225497201186833 17.498812321546353
v 15.68833300209827 14.323239043258452 17.418787161365948
v 15.740426361115823 14.326637763385566 17.332284923227604
v 15.71033596817054 14.52246209762652 17.039845344444267
v 15.722516665064433 14.422854846889708 17.18145356456
v 15.662863262362649 14.51372682969807 17.114667575210063
v 16.901156121087695 13.134112550284376 17.89407321782203
v 16.9588428901277 13.107957008560572 17.787380865635487
v 16.78255367303069 13.189189656625658 18.11030756207741
v 16.837471857565646 13.17769813157677 17.990191966922936
v 16.57034834010702 13.560899390291517 17.507447078780434
v 16.69666345014551 13.365754913722137 17.739909207183885
v 16.527074756586927 13.553669547436087 17.614967772539885
v 16.544972349816273 13.229512812301849 18.639417587195016
v 16.608299555887836 13.216178423046205 18.50294827356707
v 16.388710994377462 13.494143466400594 17.995093953022625
v 16.491778391868095 13.354244073305551 18.238699872995998
v 16.333766256514952 13.494142695900134 18.116542056701057
v 16.672005788443435 13.19211556063728 18.3803969610265
v 16.728539656020192 13.189244145816648 18.244723607857516
v 16.087356158995487 14.108694709089619 17.168890952885125
v 16.14521577862512 13.969817178862668 17.33907252946604
v 16.04633045189277 14.09989175868448 17.25315354814458
v 16.38134933321874 13.712912688983915 17.509269305358917
v 16.256103069266793 13.847587380050786 17.419970064455363
v 16.296135322797063 13.871642152156518 17.31539749018985
v 16.164754194563606 13.839117575542772 17.615795361576687
v 16.211977687664845 13.837551845857032 17.520100482564956
v 16.294059175929885 13.661312664074797 17.749755544483214
v 16.596395938239176 13.37077813561979 17.971850410017566
v 16.43876512295876 13.506169921199286 17.868150455394396
v 16.481212557754972 13.545398409700832 17.727472460799795
v 15.735033586781345 14.10958191769619 17.801515941369228
v 15.849035221511194 14.111746078956507 17.595841491714687
v 15.793641122784926 14.110191090116329 17.695984299565392
v 15.832663300915726 14.006979451682353 17.89966277463311
v 15.940173132849992 13.872665018587714 18.027883099247653
v 16 14.11097795147681 17.32737960862726
v 16.1127807209841 13.827568297296422 17.72701946198364
v 16.051335671094648 13.980269247027156 17.51040332804154
v 15.952511466499217 14.131629537904068 17.39721245508121
v 15.902313840165458 14.11832635322624 17.49587533869801
v 16.373894237481785 13.332430103805338 18.542120040903747
v 16.065215378066036 13.681059335130348 18.210531309613202
v 16.210652673887754 13.491075717915805 18.39140036316817
v 16.27372894002514 13.493224441159466 18.24967295269526
v 16.187526150858407 13.654439709704622 17.982330019737578
v 15.946208932643179 13.98165631909617 17.70561447885423
v 16.057872812488455 13.828501438587036 17.835039008568906
v 16 13.843685412400918 17.93591583104851
v 15.62854998781195 15.349705638977051 16
v 15.631002281233375 15.33759123460528 16.02496450196598
v 15.602166454571545 15.34062546440851 16.025348666106638
v 15.688200332869851 15.33579481568411 16.024179569123874
v 15.661178539694122 15.338778408970356 16.02447818869731
v 15.685488481629521 15.348544391010169 16
v 15.607471271576975 15.31664734369523 16.078034271631388
v 15.633410788307781 15.324815416849118 16.050683676860096
v 15.634021661444853 15.308095710166578 16.077547370144924
v 15.792252235951858 15.328167145873683 16.023252774030645
v 15.768508398113923 15.334028497853161 16.02330882837836
v 15.787417420343765 15.339510145473504 16
v 15.714950289564847 15.28878273262173 16.076137934442013
v 15.743903591718308 15.315077219544902 16.048407513781928
v 15.7445412297819 15.2921011407292 16.07481948687845
v 15.738083598895912 15.345353275567835 16
v 15.742441822385537 15.334469657138664 16.0235776964241
v 15.71568373470966 15.334742554303396 16.023897741359047
v 15.60177494506077 15.230169671605731 16.20304490790972
v 15.63296864637288 15.245806725610048 16.167945783078814
v 15.628825056403427 15.214519048234344 16.20375443990945
v 15.635768535416615 15.29237567442504 16.10561729172141
v 15.634356363581043 15.269785173795112 16.135781423609107
v 15.607002291796263 15.279988711314045 16.136121379799288
v 15.689448117963822 15.251668891351919 16.13483958947916
v 15.658918424532459 15.25385211814264 16.13654714921977
v 15.687477339703612 15.270891414028698 16.1054580203495
v 15.688603254100993 15.316713626155726 16.049624473016486
v 15.686493233321704 15.290894965657303 16.07709618401498
v 15.659824683992175 15.2983739431148 16.077451556283208
v 15.98379125868529 15.215302261951688 16.026226294362054
v 15.958030140515266 15.24168928876335 16.02537479252199
v 15.973819723293103 15.243611512170215 16
v 15.925222829334228 15.23163008530708 16.077553946225066
v 15.942234421761714 15.242445135826626 16.05083877578331
v 15.950492522068702 15.204371665664507 16.080104781990126
v 15.925036029234432 15.280365796312365 16
v 15.93387815460711 15.26733312787817 16.024569885166862
v 15.910240841182022 15.28359346583941 16.02411147895193
v 15.841396313243225 15.143831306802378 16.206494237779346
v 15.865850130458044 15.175266301327497 16.169300077917462
v 15.870332972073664 15.125475761245742 16.209805658404996
v 15.855051611010797 15.241137586476684 16.103758109308526
v 15.860287873353329 15.210298424263891 16.13493670661548
v 15.83180033731228 15.212865295747507 16.135218093763257
v 15.914103380133792 15.1786077343742 16.138983650462254
v 15.887657846703632 15.200560490560164 16.13591763089605
v 15.906613690950216 15.214249981162947 16.106382634711547
v 15.836839308894767 15.339531502001748 16
v 15.842819264480633 15.325706436901495 16.02307537265393
v 15.818482884891043 15.327553274142721 16.023210149963415
v 15.887084107530898 15.2988108228765 16.02368363484295
v 15.86438073684784 15.310820335645824 16.02341942758579
v 15.881097482365702 15.319540487584987 16
v 15.824963551563197 15.276164370988107 16.074651176687116
v 15.846430378860626 15.299232008770655 16.04790354399761
v 15.850098656261613 15.269502797198104 16.07477831073695
v 15.900237642662141 15.249280143083336 16.076160653123388
v 15.87530058258145 15.261579104171126 16.075261701914037
v 15.8936089820318 15.276078593174498 16.04891145522171
v 15.567431558441108 14.913402483306726 16.625672831639193
v 15.60645167958018 14.928673769531072 16.565479647275964
v 15.602966859126484 14.869760467084866 16.642413116593474
v 15.614928054362508 15.033432875644722 16.434043329166936
v 15.610301618333754 14.982679334331902 16.496491335534195
v 15.577675356508493 15.016170668687943 16.486209026244545
v 15.680435072830127 14.914608202693666 16.517066913773238
v 15.645114420047339 14.950391827184866 16.50602681085257
v 15.682733921119386 14.977515475137228 16.448366793342252
v 15.625872738788765 15.181995041660752 16.243643393664968
v 15.624380888913343 15.152097119690765 16.284005632288626
v 15.593537008707685 15.168012647509398 16.282049888167595
v 15.6879778301489 15.123526181316775 16.286922025234844
v 15.654881703829872 15.134638721780426 16.28650210978913
v 15.688455331474804 15.159021118638153 16.245012940738317
v 15.58885121958398 15.104844821758295 16.371990022038336
v 15.622452073407008 15.118712961398408 16.328238069093725
v 15.619268764601298 15.07955276602753 16.37765544388831
v 15.81564358860628 15.049476228523488 16.298294939678996
v 15.784869763758511 15.077291038992097 16.29254024233796
v 15.814239181069137 15.11233974486813 16.2478990660753
v 15.718030420525663 15.005203747425515 16.394253994356035
v 15.75262468084447 15.04067322921244 16.34156317227376
v 15.75104904081841 14.972827813598599 16.4028111134877
v 15.753479905284442 15.144433949094923 16.243988862129815
v 15.754888747093196 15.102600382368728 16.287498284046375
v 15.722233163527987 15.11501192020844 16.28657056652959
v 15.65046693770122 15.05300899456062 16.38406195906927
v 15.687837320108347 15.084416676862233 16.33312751148419
v 15.686895175654334 15.038650474409554 16.385412753176205
v 15.79591817893815 15.30797061084389 16.047975504536232
v 15.80257469496019 15.25905895517589 16.102714636689445
v 15.79988090898329 15.286891934105054 16.074175290066034
v 15.773596657698866 15.293213441817656 16.074115636580878
v 15.748545730158655 15.273704855147116 16.102506696184353
v 15.812099716774833 15.159684207293461 16.204843310001703
v 15.751892646883832 15.179744176603203 16.204185663509445
v 15.78145549243282 15.168088243031518 16.204936392104717
v 15.80827886227789 15.194080538359502 16.168080541752545
v 15.804619617113437 15.224905532987371 16.134624277250765
v 15.65860565427919 15.202915888892448 16.20463667542706
v 15.72182389438339 15.254121358229002 16.133282693726713
v 15.688729034812924 15.222168821620778 16.168814144106484
v 15.68976116032898 15.194843613817975 16.20459119428615
v 15.721351804374443 15.18904647931449 16.20394578863159
v 15.7793230374839 15.24280649400143 16.132716719980266
v 15.751157926480895 15.215382509037171 16.16703335666122
v 15.751054280147722 15.249593972254356 16.13277268101352
v 16.807723353081467 13.329858125715838 17.51910392690358
v 16.47066272465608 13.732410198252317 17.291934643623808
v 16.62502568058136 13.544795113215514 17.397915107846213
v 16.674603804284583 13.544809728983584 17.281997991893157
v 16.556441401261676 13.759047458921433 17.070396629863332
v 16.04104626187678 14.275216985286821 16.983882002557692
v 16.128096185365983 14.146569834594391 17.057133744119625
v 16.197737158218487 14.246183278338497 16.842000032833955
v 16.16610678266848 14.180557392647223 16.95411424940517
v 16.113592548680963 14.348118494010928 16.793733818726682
v 16.227152178152895 14.020445605098566 17.12879228571353
v 16.338753348731977 13.890966112797088 17.202164438173117
v 16.288796354655144 14.342920303699698 16.58641221281748
v 16.226054540466677 14.505289923753244 16.471672549514086
v 16.45172805710194 13.970308637457912 16.881933388294783
v 16.36314271285342 14.166496419770434 16.72154930019146
v 16.172900521344513 14.442210700985147 16.616965691413025
v 16.259897505519188 14.315037773020977 16.6652764073715
v 16.229040641106277 14.288928480314244 16.747131415319355
v 16.38160667210291 13.902394469793492 17.098251022294647
v 16.298226336183866 14.104833555174876 16.908203179686875
v 16.41622864776593 13.945267922112555 16.983002574307204
v 15.642011334766638 14.816574360624827 16.673277533784667
v 15.718384774779238 14.865852984458103 16.541728180741085
v 15.680355894041067 14.836669621259581 16.60744261944151
v 15.684743506511614 14.761620030262943 16.705093932595094
v 15.73073897385151 14.702736535278873 16.739101759360956
v 15.849143727717365 15.002513332488817 16.314768119281506
v 15.820010211143423 14.967239648811479 16.365476255730346
v 15.840629418327838 14.809405780311025 16.519867424706263
v 15.828837109197293 14.890320224170816 16.438136691004672
v 15.870280903657047 14.831264251897286 16.462880223508606
v 15.788187720704675 14.930562121505872 16.420862092196764
v 15.753802462362358 14.893792387331198 16.480664915860206
v 15.894957779162356 14.480138809868183 16.866877306982076
v 15.961783761047888 14.394135864827481 16.91604613894685
v 15.779657210983947 14.628174715983874 16.781950248328208
v 15.834872420400682 14.560969000723194 16.820572091916258
v 15.904879658191424 14.616744361302656 16.66465831622775
v 15.87046792885869 14.581176725796194 16.744029791231043
v 15.852168409519237 14.688817429607727 16.62949323819635
v 15.760071656314208 14.815582572675687 16.56663610435827
v 15.805090085691319 14.76138796429496 16.59356865055172
v 15.768293942127148 14.726364228124996 16.666842153278957
v 16 15.170750456780388 16.05551632520583
v 16.039357852848006 15.053059496688514 16.127581154046204
v 16.018492956887332 15.108733311638135 16.089785011995197
v 15.98268975143845 15.165733851856853 16.084042853947444
v 15.965401409173033 15.16756619986151 16.11215368285266
v 16.170797315188565 14.661608711505583 16.369922254090504
v 16.12742438831295 14.793939066889813 16.289562568410883
v 16.02225293272787 14.951997264956765 16.25180188147905
v 16.070386759835777 14.887874514133035 16.267142128039044
v 16.048376825197742 14.857659304684514 16.315735202838763
v 16.09264273095682 14.897633369052967 16.225390699758073
v 16.063657851652568 14.986295991144281 16.171879691208893
v 15.904364837229615 15.094821366803664 16.217323886964042
v 15.878793836739613 15.05021180900625 16.262514999568015
v 15.946227652967591 15.143715310252146 16.145188286496865
v 15.926440797113614 15.12471048917144 16.178962343197078
v 15.956606249695557 14.975326580599239 16.283212767648656
v 15.940225589263697 15.055551843306583 16.226864588221307
v 15.978959568801093 15.009100071770403 16.23808188465784
v 16.01998124333395 15.045814905358347 16.161731261286636
v 16 15.032468969637776 16.198050429606308
v 15.981194027260416 15.101938824404455 16.152218440067095
v 16 14.403730832339427 16.837526020568685
v 15.938786203601024 14.639945016829369 16.59528804351074
v 15.966083059252183 14.521050793824163 16.710530029925494
v 16.03595741045282 14.432076051883886 16.75327607271685
v 16.067416393870985 14.502135011623553 16.655606669882687
v 15.889509902815519 14.974722660368931 16.32333446036371
v 15.975728913904026 14.880246202065647 16.352909776661377
v 15.93132306599794 14.936164260099074 16.335355764349515
v 15.901665231079772 14.875398349263808 16.399375163579407
v 15.917954205644739 14.76916900342269 16.486961299329657
v 16.1492491711699 14.615063276632643 16.436757695482672
v 16.09701410307419 14.54461808667709 16.57580177092013
v 16.124607985766808 14.5749257558947 16.506080761111974
v 16.081378783059304 14.739407063723412 16.397380057675075
v 16.025613721939493 14.818303296870676 16.37243215459699
v 15.970990497807644 14.695189904461188 16.51632196598342
v 16 14.75107676565508 16.443189556737373
v 16.030757041297537 14.616587843258294 16.547425320340796
v 17.38478343596526 13.514096593272024 15.906312621863462
v 17.63796091862544 13.28522209238917 15.895634430783751
v 16.98957635402811 13.891974193970105 15.923259924951793
v 17.165191193943937 13.72608979839175 15.915820651123886
v 17.431085602180296 13.508625288196729 15.715501784908964
v 17.28767174271674 13.62836417136215 15.821969833186126
v 17.208200655494707 13.715823237471806 15.743993636861463
v 16.45139019362675 14.540254989032693 15.949476836874066
v 16.55342838839995 14.407857856827125 15.944275441442255
v 16.69132095252891 14.275109986997137 15.815345368070423
v 16.62192574984686 14.336676735609709 15.882443180249783
v 16.56892707559578 14.423452725938198 15.833371029575572
v 16.681229387594243 14.239703230966814 15.937638090762103
v 16.822552217372543 14.075351100569176 15.930861710901393
v 17.10707362604867 13.859856273413687 15.435531090617495
v 16.98505377678727 13.975865206000517 15.549260229998353
v 16.92428474679854 14.044027283784299 15.492618981561762
v 17.12092253296079 13.822285748115085 15.674962726528214
v 17.046647505976903 13.909774844819157 15.611328424117222
v 17.254595879766182 13.701454290155207 15.565449572149308
v 16.718504215872418 14.26863372101705 15.68803018396779
v 16.87985279787748 14.075239623885725 15.647763467966504
v 16.779793789403357 14.180758007749315 15.736865450865793
v 16.91293386375358 13.996782954417455 15.854514016333459
v 16.843385536827203 14.092389084954991 15.792598395142383
v 17.018870829511727 13.898535581666883 15.768022170675572
v 16.016862212005996 15.183666432655725 15.97271636784879
v 16.048357601853933 15.126275667687343 15.970763206525605
v 16.089371049858514 15.081671246124907 15.90731024545199
v 16.067927220455562 15.109182356772731 15.940218087732479
v 16.05376259495087 15.135988225260123 15.913010294046096
v 16.083881974852638 15.070541002334267 15.968830717330215
v 16.124402788533303 15.007087725122435 15.966582404995965
v 16.20395955205097 14.898992912992968 15.73445464541332
v 16.169702066597488 14.95669661450143 15.785832269566813
v 16.152134601348404 14.97394581675784 15.753841044153367
v 16.21084435195955 14.896146035692043 15.849071718076607
v 16.18871739562508 14.933303584513924 15.817733045384822
v 16.245857383674355 14.849445498912209 15.802351763214954
v 16.09822476539083 15.060719004885094 15.841068991060649
v 16.139602059777566 15.006575903072209 15.83110185556868
v 16.1140393832221 15.040475542649812 15.870090057402534
v 16.288352901091436 14.762987687617883 15.957667518054675
v 16.361080284759947 14.662345117634267 15.953829546304327
v 16.172431344744478 14.929229623148373 15.963833248667589
v 16.227091198141448 14.845985208330497 15.960784731116874
v 16.295914324070882 14.776292978917418 15.873795699765697
v 16.260492952073545 14.811320094432546 15.91874346307466
v 16.23612521776821 14.849317779354292 15.882208895085583
v 16.130392606968005 15.018785022145192 15.90045557889623
v 16.178595446811595 14.94242801966806 15.892209622471427
v 16.14995073175762 14.979683184148731 15.931062709598121
v 16.68809114165252 14.271537971924673 15.004735686514561
v 16.607450402097584 14.346384635101943 15.127169851088802
v 16.56186028192485 14.400544848197915 15.090890966916993
v 16.686342593039612 14.27721496205448 15.226372039285286
v 16.64573161716456 14.314296005521012 15.177312074964522
v 16.787958875587133 14.164404882316843 15.092847828029551
v 16.425633881752752 14.554348476219005 15.311309912560494
v 16.5255125101153 14.445746300519767 15.250678431081237
v 16.45758947055226 14.525281511245659 15.353325371869023
v 16.864466927377293 14.109899207490082 15.437032053704284
v 16.821591312276794 14.145382863770681 15.37879475980076
v 16.989767337098854 13.974049485399938 15.313187737331036
v 16.550923530579777 14.452449545876393 15.493394667375995
v 16.66942620678269 14.321458107542398 15.444271652011082
v 16.5835182841514 14.424859728196115 15.541094599848854
v 16.891425081070842 14.05918486118899 15.193476300191044
v 16.772929620068687 14.195797651268494 15.328019283998893
v 16.728588501556544 14.238580897468037 15.27729750442169
v 16.223354258399713 14.848407112806994 15.638605218377236
v 16.28749056987451 14.76693239563635 15.609062108375317
v 16.24446112293793 14.83183965270055 15.673764982213033
v 16.397807604970705 14.596524081043626 15.443779582402854
v 16.338562386271345 14.687047835489135 15.53253039526264
v 16.314908443774044 14.70068709206416 15.49046743462926
v 16.390612821437436 14.644349583526965 15.613397934372033
v 16.362030533516617 14.674536323829306 15.575363611731056
v 16.448567403827937 14.57082720740578 15.53721539736573
v 16.596977573985356 14.382606814659757 15.344049529743053
v 16.51970362087113 14.475692326805136 15.445393107240713
v 16.48923471981565 14.497865477543996 15.397782194165837
v 16.407894461728425 14.616853996493232 15.904112269788959
v 16.339769083610168 14.72483996031671 15.823228040730207
v 16.36847938893706 14.686953738236205 15.863420998871723
v 16.460213418072954 14.563304523320705 15.849344050768602
v 16.520861735839347 14.495554081788107 15.787667889897333
v 16.265503260813635 14.812633066606802 15.710556227868285
v 16.418858635606618 14.615231549080686 15.655290633857376
v 16.335597618109965 14.722513746860105 15.685299045855675
v 16.289176472635734 14.784417044908796 15.746481067449357
v 16.312771524594687 14.759202563886886 15.78448890404915
v 16.75949404183644 14.226740891239725 15.544748360140764
v 16.59034105619112 14.417107809466733 15.717149515727751
v 16.665273224328438 14.33755693945778 15.639196897486187
v 16.622059672215663 14.385581514545862 15.589774344853762
v 16.512800385749404 14.507590270596305 15.624675556044929
v 16.39350786812057 14.649783833786014 15.763341524425876
v 16.450958514734417 14.578094397963302 15.697297513375425
v 16.483380461986528 14.542928906010497 15.742193921126303
v 15.611264904523432 15.355705354680627 15.975231057681285
v 15.641301918083983 15.356080697773319 15.975732318885017
v 15.662918916386335 15.36272772674263 15.92857568657468
v 15.65211751530233 15.359269495870231 15.9519026668616
v 15.627812927306028 15.352060100697578 15.926009626747645
v 15.6692214188114 15.354474360819404 15.976102869871191
v 15.696577430051601 15.353639964233658 15.976470061461777
v 15.69233059094906 15.348909552167463 15.831106573328986
v 15.68273488554998 15.348068732678747 15.85482619519195
v 15.66140326517669 15.345440392739642 15.827358068037121
v 15.728284170537895 15.366092865018967 15.908311885462895
v 15.70904495407849 15.36350859487951 15.883520292712292
v 15.735085270228225 15.361639890483016 15.884975762583698
v 15.6433276098244 15.346540343802973 15.876460506324776
v 15.677655020989826 15.356255492010721 15.880297492465864
v 15.67251342398077 15.363763183514294 15.90503773397548
v 15.774419128251841 15.351032906638025 15.977286321481301
v 15.798031190488521 15.34685563351167 15.977394052300266
v 15.72265243026293 15.351048257386795 15.976688001014052
v 15.749474833054117 15.352642957031374 15.97706612778691
v 15.764725143348562 15.348032551411485 15.931092034792806
v 15.758120400981214 15.353099683799217 15.954279756980462
v 15.740939943472377 15.35362858215444 15.930804007587541
v 15.694207472258629 15.369289906210593 15.930376761455554
v 15.719510017424053 15.365573952885692 15.931023156086377
v 15.708063394485196 15.35941429317533 15.953476712927523
v 15.751443893638234 15.292432019807073 15.597827771795327
v 15.74408618517192 15.303345565616386 15.632283899502722
v 15.719278388795937 15.294836663263746 15.593960473049325
v 15.789660176831942 15.322117211803658 15.702743538298256
v 15.766994663846434 15.310864349098257 15.667760670407775
v 15.7959996013349 15.30711933465521 15.66992042124134
v 15.70767131144161 15.319003656026254 15.663451211768612
v 15.737400646970656 15.314475601654872 15.66543791396184
v 15.731080424553223 15.32498634692248 15.696880676124454
v 15.855964375610634 15.311724077071776 15.80778348753412
v 15.840089656776074 15.314133107328823 15.782549346031667
v 15.864609942784618 15.3019420001079 15.780934285686719
v 15.792090736276615 15.337583916026727 15.785501119396722
v 15.816265328445748 15.327311895953288 15.784492135039773
v 15.808984866908194 15.3370679851838 15.810946182596513
v 15.833768728718631 15.314129421586923 15.731032153073642
v 15.824607374481765 15.31982365244541 15.757826844771987
v 15.808871086260789 15.325692056920262 15.732760754478935
v 15.678572646213404 15.342071728979016 15.776957432455845
v 15.709226177563242 15.343622424190833 15.7801458955184
v 15.702644157616858 15.349850762884612 15.806352559474599
v 15.724186857626808 15.33320037762385 15.726415053379851
v 15.715992036411023 15.337057577221392 15.75308505487786
v 15.694867987332161 15.335665058010017 15.723929464166085
v 15.758582074140385 15.34832016804776 15.81013792904299
v 15.738712769715576 15.344839569241728 15.783090773314019
v 15.766265775486872 15.3434379088712 15.785068166483152
v 15.779600374323584 15.323290287758653 15.72870163623805
v 15.772321791406627 15.332212387136329 15.75703093312047
v 15.751956300227736 15.327974437967613 15.727453109463237
v 15.959180441494414 15.262472907396912 15.975320674392652
v 15.984139626674937 15.232167456366053 15.974337376885787
v 15.912431057163865 15.301074523608653 15.976476865984027
v 15.934933518123657 15.279027143403985 15.97582227207341
v 15.95357262583498 15.253871618632107 15.92487893059259
v 15.944204242868912 15.268277951957232 15.950894839574765
v 15.9301292361363 15.282045677959115 15.927534655094004
v 15.82351274489805 15.346186849776632 15.977433005944985
v 15.847037948428511 15.343804274536632 15.97754396344909
v 15.863076499088358 15.332746245501584 15.931695688357332
v 15.85458266596341 15.336432477291433 15.954639429287159
v 15.841127106992497 15.343006205450143 15.932242407152252
v 15.868332150113098 15.33090032726781 15.977262922654704
v 15.890205937280989 15.3181968737301 15.976971155853258
v 15.893709484000711 15.283135936115675 15.828018332431384
v 15.885209929718773 15.29428750428784 15.855132413403616
v 15.870881160798314 15.30299534590246 15.831893590690653
v 15.91505026550817 15.28523510398537 15.903228035616339
v 15.899778622850562 15.286813308871107 15.87874674156053
v 15.923360825042886 15.267132680520287 15.875995210049641
v 15.855461262577277 15.323592838913761 15.883803259549135
v 15.877371438743765 15.306860682901158 15.881562935229251
v 15.870806180445264 15.323619017753245 15.907519451959246
v 15.899501364683369 15.316172409552431 15.95379746716399
v 15.884373980000946 15.31530819440599 15.930214501151465
v 15.907516833265323 15.304056644700909 15.929396431987085
v 15.721551076097697 15.349880231528413 15.833093714709005
v 15.777820756020237 15.353388814436276 15.837384480350579
v 15.7521592956563 15.356784192237871 15.83655809908209
v 15.743694784870335 15.359522056966576 15.860995883454345
v 15.76038869556589 15.357525859713453 15.885194883897162
v 15.847148454850172 15.316426962618902 15.833365783648954
v 15.831973634394538 15.33342178795581 15.884223647765898
v 15.838370835133748 15.320575231912 15.858300874298443
v 15.824594926331923 15.332302858393545 15.835516877753847
v 15.801559638110588 15.343945834767155 15.836688931422067
v 15.806838633574856 15.345001226859688 15.954591673266448
v 15.774170282276764 15.3477182644408 15.90793929139219
v 15.790492003152332 15.345957376341708 15.931415241500737
v 15.816522038079409 15.346191240951548 15.93199283997823
v 15.825100440297184 15.343598519554774 15.909004852602882
v 15.793471573437461 15.348800572305311 15.861369358296828
v 15.807561817560966 15.339700255125756 15.884266286425758
v 15.78389920884371 15.348599620911303 15.884744829403013
v 16.065755757139737 14.22379243273031 13.298186592230685
v 16 14.190535401164585 13.408771352247388
v 15.937791049029615 14.319599465173887 13.443919967982792
v 16.07938437098289 14.792568149289686 14.462682820070624
v 16.06627221096842 14.05990761134814 13.381686533976808
v 16.20978240329727 13.953135510304053 13.237321147380644
v 15.82325354129188 14.2754699902236 13.672380065851634
v 15.937603539964003 14.173368664999833 13.534811512139237
v 15.929097167204437 14.921571871604282 14.626931956344775
v 16.236035652335495 14.635425296396287 14.619167228998595
v 16.195851569556567 14.682552303001202 14.588574190246412
v 16.296053598512753 14.581480237170979 14.479865193427303
v 16.03490101347477 14.8288579490655 14.745664853241133
v 16.11012598361739 14.763049059196282 14.675058418631025
v 16.06836349179219 14.809152662197658 14.794964449396101
v 16.210641773468666 14.675172820903667 14.407851917394009
v 16.157729674093567 14.71586014183926 14.543348307870728
v 16.118814999691647 14.754026140600129 14.503465621599846
v 15.81010366104329 15.090125196747543 15.02494671255824
v 15.854665895055417 15.022371470965814 14.952633837856606
v 15.838006611572885 15.063480123398918 15.052322065703104
v 15.899644830705888 14.94760831611651 14.735976423106786
v 15.874787363799367 14.980594248896802 14.843646894943657
v 15.842586308995438 15.009949770311165 14.81017947113834
v 15.939143923062577 14.939926921370297 14.927296803346472
v 15.907723242506844 14.963534142931822 14.889805030742304
v 15.967092141202892 14.89574045546357 14.817298416745649
v 16.03746392245782 14.821422756738544 14.584280225481011
v 16 14.857670192342766 14.704693164348297
v 15.964576269479593 14.88560513892317 14.66137679946802
v 16.51705914505108 14.440456416790571 15.036149058639774
v 16.481691016710727 14.468109790159549 14.987569375974454
v 16.600605660485403 14.35633063881726 14.91289314032586
v 16.29125305880483 14.64819701901407 15.107594705029495
v 16.38225782160516 14.554595065889622 15.045315348192931
v 16.31799713845502 14.640081929324719 15.159524410407496
v 16.530198596615552 14.396960500368158 14.79430555101406
v 16.450393951476208 14.482160708692016 14.929670990038774
v 16.41833686389524 14.497399444184307 14.87187361353136
v 16.024188016801833 15.00799909803137 15.345758613623007
v 16.075863914138107 14.939387877229045 15.3004390820204
v 16.04642441012927 14.994887898981288 15.378806559066618
v 16.15149279885506 14.795159889005912 15.09856455283978
v 16.110213689425095 14.875677002216372 15.20965322187476
v 16.08518086813822 14.882785100874477 15.164604870926832
v 16.16306999568513 14.827997613435347 15.275662690207051
v 16.136277535272413 14.85465844835171 15.244405695337448
v 16.20759640801062 14.754970654947313 15.178394036070134
v 16.381933519038274 14.491443600887212 14.55901940657441
v 16.311668973437992 14.573678371575694 14.717586900334869
v 16.27624277999789 14.595658875287365 14.662097164915096
v 16.384586731842116 14.516238067435395 14.815039223876044
v 16.346600425153486 14.551777444180601 14.772262660658164
v 16.460323736018616 14.431955218920224 14.667993435056104
v 16.16729855801815 14.743952375675892 14.939094569450601
v 16.251149505170158 14.648821699411815 14.856703802719649
v 16.197748042544927 14.725201418057877 14.985040480948326
v 16.26043216725487 14.671569971300789 15.06509215192121
v 16.22954606786544 14.695318158715494 15.022651143452174
v 16.318508416857625 14.595850105780983 14.946922820720351
v 15.734598840954394 15.273680249378447 15.519619211828992
v 15.77001746786122 15.268601702760655 15.516616772058113
v 15.761881925624516 15.28179296606042 15.55612364206609
v 15.785149130443997 15.22828929536275 15.420613013051238
v 15.777656284995322 15.250695916978112 15.4716160650647
v 15.749954821283092 15.24399592768754 15.431386491969015
v 15.82228277022454 15.23999041810187 15.53028824661136
v 15.801104618668989 15.247930717701431 15.503261000455964
v 15.831097128186487 15.216065209575735 15.48247816602981
v 15.823894662050538 15.104729657130827 15.147084202823443
v 15.812057537355132 15.139900271712365 15.226679918053968
v 15.785360350362023 15.152218905059627 15.190195271452469
v 15.865475794933465 15.132778946134204 15.309542482858618
v 15.839776551235742 15.138001697160455 15.270622255205284
v 15.879534786467254 15.095568742110217 15.236083079596428
v 15.766886680273114 15.20592379710973 15.325456308341396
v 15.801021558426402 15.168595748025798 15.295173217586877
v 15.79383311957334 15.204594065251692 15.364773544133289
v 15.958330772806427 15.097840029076576 15.442434474679708
v 15.935336469359656 15.095974347257298 15.403720736420087
v 15.977047831202778 15.058683796380826 15.379186030120756
v 15.8631223375334 15.179096073548552 15.458278180778613
v 15.89747586448871 15.138338155197971 15.431552289759788
v 15.884651464267193 15.17097710956821 15.487635676261473
v 15.929286489118333 15.07253600892774 15.306490719789911
v 15.913335061024771 15.115904888951302 15.378522253879852
v 15.889783664563272 15.123436474706631 15.344174030913349
v 15.818782571268459 15.201099814270275 15.40084491151696
v 15.853583446121261 15.167805308601377 15.376595500660263
v 15.841539081210172 15.191711818418856 15.431151849819672
v 16.182233666924823 14.699843444403157 14.76098690384459
v 16.09353393025313 14.830085982180423 15.0112572728866
v 16.13498382644571 14.763834920261631 14.89061981031917
v 16.10162498044886 14.789621909806204 14.84631886855679
v 16.032191844817252 14.855316334311368 14.908829742416128
v 16 15.012204999807288 15.305895374919086
v 15.949612957468327 15.029422691696471 15.228419517762578
v 15.974947430403656 15.014341408697318 15.262900753268708
v 16.026547592031008 14.955521825290957 15.218914051377766
v 16.056797245096448 14.905946558976696 15.130259615183297
v 15.867766823580459 15.05657481358709 15.100941993349517
v 15.969912746298137 14.93015178056853 14.98016666773139
v 15.915695932937213 14.995918176452948 15.042951732490586
v 15.896525101291182 15.052389758229642 15.149579577202427
v 15.923293247492042 15.040558813495666 15.189136568328982
v 16.02882641282067 14.918377882822428 15.085968182147798
v 15.973037384526027 14.988311122336729 15.14506572187669
v 16 14.9286715914413 15.038172983520898
v 16 15.20653703906879 15.946879503114575
v 15.967948533356097 15.228849397022254 15.896102993242687
v 15.98370574705567 15.214699685426073 15.920889898517979
v 16.017076594246237 15.176994804288567 15.917091559312201
v 16.03522470600508 15.152502018789837 15.885816722258154
v 15.90647941403461 15.267159806272229 15.797447952118056
v 15.921288123302997 15.254998821552947 15.821133038325058
v 15.982671029491973 15.183891457814415 15.803914952182852
v 15.950933590713154 15.224740499559895 15.813775985388371
v 15.966267167118726 15.203453562505537 15.779839979400059
v 15.936766289916743 15.247574728995705 15.846158570491541
v 15.952180612033859 15.238511762117426 15.870885029512506
v 16.101171951832413 15.042416132052333 15.770094166339751
v 16.12825123047761 14.995005691861051 15.722226404930431
v 16.05557157578047 15.115063928727164 15.849953697192456
v 16.07731623242562 15.080005157703358 15.811897171541816
v 16.03778068053194 15.10787016940576 15.75342137929929
v 16.057549634773963 15.090703767529774 15.781579206980751
v 16.018186616111965 15.143500604634854 15.794210308783484
v 15.983159035478128 15.195775905553608 15.863686639120301
v 16 15.172784606798638 15.830671721258234
v 16.017547957242893 15.16201414683106 15.857964131137189
v 15.782980819091287 15.282586048482424 15.591847024511408
v 15.841289046753936 15.235351940671727 15.564350078984951
v 15.81267712048923 15.264164556000969 15.581038841364418
v 15.803118914966236 15.283460126592853 15.625852753791236
v 15.824504188036432 15.293226950984078 15.662408071622634
v 15.978399042298905 15.092317710776463 15.48222340967573
v 15.940031313208397 15.13231004684678 15.505099061171743
v 15.910586047503042 15.206948828172496 15.619259467383134
v 15.923897475180143 15.166414676390898 15.562868522405525
v 15.942588890698275 15.16511821598268 15.598836899492598
v 15.904759648156388 15.170012550189671 15.526720037096231
v 15.87207151870819 15.203534066326515 15.5460087068831
v 15.875246410322825 15.284178497538587 15.746682991664237
v 15.890861511352755 15.27835823005101 15.772277835764383
v 15.843076938843058 15.294917867494705 15.693630526481776
v 15.86046212975176 15.295474821269437 15.722744119421543
v 15.914605637862383 15.23061872515054 15.695284946110542
v 15.886883613119563 15.266646138964921 15.710448688884757
v 15.897906193853554 15.237297786149464 15.66696962812752
v 15.860632519535631 15.233928494640763 15.598905131686626
v 15.879886318894737 15.23670249613778 15.634211959615667
v 15.852375743075307 15.271245989901091 15.651357432108398
v 16.45068771372014 14.510133287543864 15.152381229157795
v 16.33165365423072 14.664333571295828 15.362015563605631
v 16.386700547120537 14.592620712991781 15.265125216128515
v 16.349732583305315 14.626192212133914 15.217797800797811
v 16.267238955457238 14.712478600323958 15.266448676314173
v 16.16265027268605 14.924529447688947 15.660623190144246
v 16.197176911585064 14.86862194934223 15.599624624150175
v 16.143814547392147 14.925618724386032 15.53087641644021
v 16.170384943940157 14.895363793463167 15.563854669754294
v 16.113197806239693 14.980116833304455 15.596073150907667
v 16.23740342815537 14.801352691173664 15.528289371132981
v 16.282337926734822 14.731407442592415 15.448776226194925
v 16.070461010491027 14.980496086156613 15.418509523745657
v 16.022814517250424 15.041323374086094 15.453134295465983
v 16.192513317117573 14.801437355354242 15.31681069846308
v 16.126395024847234 14.898510113508104 15.371902439323758
v 16.067183254828276 15.023010070188 15.530553526366363
v 16.094623004639985 14.963551496742113 15.456487233102774
v 16.11744431038858 14.958335412123645 15.49990121181936
v 16.24932560298367 14.769192565098804 15.41117049273487
v 16.178992578761928 14.86253932673074 15.454905186268618
v 16.22120532293046 14.784084392096485 15.363378604711922
v 15.91824903708532 15.241403420711123 15.760766764155358
v 15.946313202579733 15.19460375889951 15.681356091021323
v 15.931984600006707 15.222144599027944 15.723763407424329
v 15.949391126327821 15.216046415715363 15.752872230541154
v 15.982126023911439 15.175378780734766 15.740106360114185
v 16 15.08683407729526 15.520882670130945
v 16.041586821386815 15.076019345496558 15.595579117853855
v 16.02102567223573 15.08317493922719 15.5595306889871
v 15.979913881912731 15.124144225707232 15.579213520707846
v 15.962514325186042 15.167139079302537 15.635461687848288
v 16.106967506796295 15.007410043164668 15.686973928272641
v 16.018890650767425 15.128474191116506 15.725323567435018
v 16.059388740933933 15.080042432422182 15.70999933385119
v 16.084760650569553 15.030638210729697 15.655754530589544
v 16.06263812917844 15.060318063024637 15.628227808481757
v 15.981253618334522 15.156811864962524 15.666344890290977
v 16.01972278017377 15.112894715938682 15.648966584588175
v 16 15.147965297611547 15.697649245612391
v 17.844165498699496 13.12853399201039 15.818041641991986
v 17.95491393366597 13.026353915869898 15.927628477538343
v 17.6301730101045 13.338304874956894 15.62609020636294
v 17.737765643295702 13.229582425543544 15.71711869227456
v 18.46295009721203 12.67572514796267 15.747573132859841
v 18.0546143637094 12.990388007102249 15.731025402420277
v 18.32474512563304 12.792247287115405 15.626487367853906
v 17.266478003654264 13.71433098773668 15.328862973688567
v 17.342815680352757 13.63838218419791 15.396805394380895
v 17.943999874224584 13.131909297614515 15.318859392286335
v 17.618090201213022 13.398811078720108 15.35836566344078
v 17.825178152168533 13.24557363431643 15.235872596327471
v 17.42769868949532 13.55169949176791 15.468189666669847
v 17.516957399150446 13.462088705567167 15.54542299440169
v 19.75400260201147 11.97708106096373 15.216517098827556
v 19.18980633269853 12.306956852608891 15.23748771645798
v 19.50325965031695 12.171109025050004 15.082083658481327
v 18.60685378798927 12.610412637384652 15.507932916672349
v 18.898671950225978 12.444018273840813 15.377817638310141
v 19.069899390377355 12.310662624300523 15.511899316256072
v 18.58894794045953 12.688355391287423 15.140214124381034
v 18.739198303323647 12.569067757269124 15.253983909128156
v 18.329409999214803 12.838275799366107 15.28001863578665
v 17.834502930152897 13.18642053072791 15.526478894111104
v 18.07700786124778 13.00471348127691 15.408798217690896
v 18.201104002827254 12.895759659429187 15.512644666314433
v 16.795118688333414 14.166623350262208 14.866910916281633
v 16.85215722492774 14.10390593143229 14.909358142760164
v 17.251631965388913 13.753261738896029 14.710978794284372
v 17.036026896950265 13.93787070859792 14.815286642288092
v 17.18235244919625 13.818318241659629 14.651646520710015
v 16.908584669630795 14.04557934463378 14.957776427416146
v 16.963640061867903 13.99269814106032 15.011846512335687
v 18.49448169285509 12.88308522248535 14.224908256138244
v 18.10974007805199 13.131091699078526 14.362617150103912
v 18.360572221804485 12.994781702533446 14.142672948552578
v 17.69066089736468 13.375485104402358 14.72750527863041
v 17.893958729997436 13.248568040274609 14.551644387930171
v 17.99978152205877 13.155667005990843 14.629625220138465
v 17.70443606406254 13.41105312309063 14.399942835002118
v 17.794234895606373 13.335744355123598 14.47647049653623
v 17.512038041661587 13.538699833291336 14.590104243380093
v 17.138045842502883 13.830795629342376 15.191538849692108
v 17.198096276693377 13.778082194270636 15.257940936089366
v 17.018019875383114 13.944005409832794 15.071611910523954
v 17.083302103839685 13.875655010951606 15.124940970185186
v 17.556239663950052 13.477285669106807 14.9807153169972
v 17.292901923488326 13.701285941017476 15.061936818723753
v 17.47976785266348 13.542140328574778 14.905759487383449
v 17.334713504990177 13.6681364334525 14.763583445240785
v 17.41755567118543 13.586603569707094 14.823819554712658
v 17.169560141803085 13.80446970361349 14.924555742448955
v 27.173199282573474 8.61015513737414 11.917252646227936
v 26.311862792667235 8.615565351048051 11.897308622539875
v 26.665769632245457 8.847545280188033 11.579539880161597
v 21.7567490210331 11.325951405082401 13.909615040991147
v 26.020883305618305 8.351870835487453 12.184645648141903
v 26.656234193688697 7.985124248419735 12.475495197717859
v 24.9398022270664 8.970333855966611 11.655427393422954
v 25.44811711740875 8.68140697132566 11.913857135539496
v 21.114761285897792 11.717627819345427 13.598662158734664
v 19.874475406779318 12.012279396511968 14.895253857842365
v 20.290199373259863 11.833240918730258 14.68797665858212
v 20.556464474362766 11.647642417577936 14.846402751604293
v 19.979751616624423 12.001767251443312 14.342410563980568
v 20.10006844294475 11.950390643376224 14.522900593881607
v 19.584379394075256 12.180521453378045 14.5743634097797
v 21.56189861212321 11.275335529767919 14.36721885791663
v 20.80212971762765 11.601855557000109 14.43621169233811
v 21.269651134417217 11.451898595439015 14.184036956971584
v 19.214768360064365 12.531118968778122 13.856113619775094
v 19.37245956039695 12.42751824083032 13.97604396926256
v 18.9584729230779 12.604591306997406 14.071143802157799
v 20.467860174127793 11.954490568267211 13.722779088904037
v 19.88530646758997 12.196660410566905 13.85178543347225
v 20.234504542967834 12.103286711674828 13.591698743401675
v 19.28381390942606 12.372016710327902 14.29509835619115
v 19.563216349154658 12.292850737561167 14.088736763650395
v 19.79234613015726 12.123356009733477 14.196657510515674
v 20.992764015916805 11.623237519271132 14.01474699206572
v 20.35228194568605 11.880503513862816 14.106858732821404
v 20.720970771714356 11.794865724081223 13.863087812719318
v 17.428587616611125 13.587729360838821 15.211667891257392
v 17.84716863464552 13.261068741216505 14.909567688446971
v 17.64142766491637 13.404007625717371 15.06123666383385
v 17.713998420767968 13.353058791874858 15.154616426157936
v 18.075332201177336 13.057621515728052 15.082868922299125
v 18.635708369956074 12.77492944797835 14.31789967230983
v 18.947484566427228 12.534067473077178 14.520047287771837
v 18.78899309454476 12.65570542670496 14.414695697702923
v 18.379892004466377 12.89595065952713 14.516320347656004
v 18.106473416000657 13.07190614769303 14.720015504919765
v 19.32869808778526 12.297222362454011 14.939594117282676
v 18.44878806987473 12.805693328993634 15.030155357837712
v 18.868093132134483 12.547662213017412 14.980774362386116
v 19.215588954952242 12.357988946668577 14.786980963736273
v 19.068058552227882 12.460379349037083 14.656111789541736
v 18.20676708715012 12.998245474509446 14.822210033001921
v 18.622303110871428 12.718824331421757 14.732724176100744
v 18.31833764350306 12.912558415186208 14.926098674419206
v 16.108281278092875 14.300584157525726 13.183365895649914
v 16.182457117193692 14.150779528874619 13.120663124942066
v 16.446313985479367 14.054158982883282 12.822892099632735
v 16.30888756553837 14.102475545839834 12.974888348122505
v 16.359011526353466 14.19409683742016 12.856105976915469
v 16.258464026676513 14.025672660206007 13.107992942762117
v 16.341536303938245 13.874275755427195 13.066862239138503
v 17.16079646352901 13.809503677871948 12.046714154909512
v 16.949296425556955 13.886701715058695 12.283329906819155
v 17.023270021042432 13.993095396765789 12.120344487115378
v 16.824766252111235 13.646087353753934 12.527142277918685
v 16.88460555998422 13.769178631828238 12.413804481423405
v 17.01919119436533 13.565582006485197 12.326153094444612
v 16.655809763299867 14.106603574144563 12.53110750491499
v 16.76445740831857 13.947736680487091 12.480659844294124
v 16.60168394686785 13.992135757175173 12.640788104921869
v 16.349076123216157 14.539715028253198 14.309334534556072
v 16.396914828701615 14.485160748198153 14.344354995439934
v 16.256409258870512 14.641605036366482 14.233733543712093
v 16.301344827025886 14.596071101930313 14.27771283122486
v 16.520825727581084 14.431713368414359 13.993931091760482
v 16.40474964998588 14.513853028000414 14.138554058870637
v 16.75259180903157 13.565082969611677 12.69507038086494
v 16.543235475466297 13.895411505184834 12.772189957862496
v 16.644600499231018 13.735391968816723 12.734172252039397
v 16.480816892422606 13.82842637930136 12.937406670819096
v 19.626654165112555 13.455080501402179 10.131950295406511
v 19.173454124753874 13.520467564641557 10.48291159662108
v 19.31404473921103 13.70878469448447 10.2445434710617
v 20.448688504021927 11.68034977935001 8.246024635280929
v 19.053063069426333 13.330109061891424 10.685794042095242
v 21.003275882507168 11.612696830209583 7.904529567010783
v 18.572777486956706 13.76526704295392 10.794062187290102
v 18.815290118593435 13.5456998770662 10.720651783967655
v 18.48299140424494 13.57860492294604 10.956134523946265
v 18.55914874582031 12.403707178619499 11.506345758584844
v 18.67777154813603 12.549736700046408 11.30819501199348
v 18.93686013095987 12.267393812486446 11.248060487902462
v 18.222949328956805 13.046546878209988 11.415176559847268
v 18.45081023316215 12.79517005493488 11.344211361802444
v 18.114096683990287 12.914908573465823 11.61200699314789
v 20.90446562109101 10.775594108505818 8.064407928419389
v 18.760913611206202 12.748518795521587 11.171882358071358
v 20.413757244197953 11.266480639755624 8.294762651814473
v 17.466730335451494 13.886290246594434 11.673456576998078
v 17.63249938655677 13.701980931239683 11.619795950533675
v 17.388407919565562 13.758336984394775 11.842745640972451
v 18.174954834660156 13.615062844037315 11.183377054693821
v 17.882369476170847 13.669671708694866 11.430248671238282
v 17.96670394497479 13.826264468103322 11.26733214303492
v 17.731444741071595 13.356437286926303 11.714700187014419
v 17.802937190182 13.515070405019454 11.581921186912744
v 18.003491997211555 13.290629421631449 11.499799061364998
v 18.601792726113644 13.191360892603571 11.093056913238904
v 18.29217834981456 13.23742183253669 11.29669527392484
v 18.389929825640223 13.400919065633182 11.120934161311673
v 16.696401112846047 14.249638575355165 14.746547562528907
v 16.736876112412528 14.22205140428143 14.807709404618642
v 16.621213356558286 14.289229279608273 14.610982439453629
v 16.65554144330487 14.27824529531431 14.685923987992114
v 16.95452131180238 14.035886950970689 14.45555207451761
v 16.793413934046484 14.165441586329624 14.578935225914494
v 16.908625955280232 14.064660132544956 14.379622206152204
v 16.44596403084595 14.43595138839212 14.390236556295466
v 16.49098020973292 14.39453847993068 14.440731820047105
v 16.757952681433785 14.180210766482253 14.171760046901394
v 16.620867634198127 14.276622559269057 14.297831973759466
v 16.702407562469528 14.233985287394063 14.118152526217907
v 16.535686918823384 14.354995967406632 14.493384025403389
v 16.575330573963434 14.33047736109469 14.559077619131356
v 17.548220042329262 13.678436295688627 13.49492734944745
v 17.316539372670178 13.806288414090293 13.676178324694524
v 17.463363047232395 13.755498851229559 13.424009308132916
v 17.03315627598438 13.97296882501433 14.16458586051839
v 17.171076993645336 13.88196528952395 13.926648686958313
v 17.22791135267154 13.840969360870686 14.01319769620559
v 17.029922902996717 14.016263772881741 13.80835270158165
v 17.105141269621758 13.939657204120744 13.85643151364441
v 16.918073846311515 14.06933301990036 14.026417344637549
v 16.715873020352056 14.199632469163975 14.421759763656954
v 16.81446186889832 14.127573600073308 14.227721900532197
v 16.8613828326848 14.096990975779713 14.304923105417679
v 17.309227670660707 13.627463835497293 11.993805865716212
v 17.647041535660208 13.20994743791396 11.862986176455452
v 17.468805975175417 13.431792796794216 11.938263709330371
v 17.233626271814302 13.498847213108244 12.137450128761197
v 17.16094527410907 13.372952275041085 12.275406559639183
v 18.23572246253614 12.496812758191975 11.713476445058562
v 16.96740441832318 14.073310336917384 13.734415152287486
v 17.15969048587139 13.959780496263065 13.553563317161299
v 18.01495517972074 12.767917040582503 11.784453681215258
v 17.822882302519137 13.000078418517148 11.829972562948212
v 16.511667563190944 14.393834976838338 14.213333930224794
v 17.083840072135345 13.263381656282759 12.43023488276731
v 16.581155056581274 14.364634125189244 14.031502065991393
v 16.64226634519694 14.297417844229276 14.071636917096603
v 16.79156271551431 14.19288483963241 13.915130356407166
v 17.570386834409852 13.057643487062252 11.997660093017034
v 17.473002189248717 12.951998806935023 12.186166537720055
v 17.31435981683981 13.162560686067172 12.22124578929559
v 28.967922019433946 15.501467667275504 8.175805835141635
v 28.463400001067825 15.210222306974426 7.995526948775321
v 28.306558050987547 15.700487442952284 7.909507342605439
v 43.644592429446604 12.116541014325373 -0.9311158253307426
v 28.705735847147636 14.702644971215111 8.030229871648249
v 29.31573171257932 14.479433106986175 8.351230087514592
v 27.160524544026647 15.152532094461765 7.73118462397856
v 27.89132382906662 14.937250366771105 7.88198186331781
v 27.209901743063234 14.694712379376211 7.8758811016399175
v 28.38536530910695 12.363306673566084 9.137329750262435
v 28.499619155383662 12.80739923438462 8.892717658218457
v 29.148309212733654 12.532096574011852 9.198519250962496
v 27.14752909313247 13.352582073263362 8.444173701710303
v 27.805063177592878 13.088049307749817 8.656566812161845
v 27.14494015177384 12.908193194648279 8.614977286860498
v 29.262303717237067 13.492701698327187 8.761148264927545
v 28.49306397314625 13.286305135527904 8.714811354950204
v 43.61401698273082 11.05392596656696 -0.5054182445651136
v 24.466966114008933 14.351017438914225 8.099017329256228
v 25.166952669940336 14.107275291810298 8.082192784890676
v 24.536305710461562 13.953555074016135 8.189671747281682
v 26.590882741149006 14.462519409359228 7.854795336913249
v 25.921589105900487 14.264041208025827 7.912379124061351
v 25.882389867487817 14.692556207215842 7.7768586767101215
v 25.709236838776327 13.479238963306358 8.409599553330144
v 25.864861443691403 13.855001250226579 8.124061387008293
v 26.507194065491277 13.60732327133084 8.258792555359918
v 43.05949605832234 11.445928349182914 -1.6432638031353832
v 27.295510304516448 13.770521857465633 8.167405838261015
v 27.304810843781567 14.225182570750853 7.984169500588019
v 26.911001876989808 9.256629988706397 11.26799825770862
v 27.00612261276116 9.669228649368279 11.053543461591149
v 27.517727485123114 9.367986711771803 11.414856603297284
v 25.909736156643667 10.31448679621278 10.479400312464122
v 26.293533539290223 10.086264749306213 10.82846315416362
v 25.792735875830253 9.947756385886429 10.692871587317224
v 27.78653714096448 10.175086507676214 10.940438409760777
v 26.995532468497643 10.136470518608988 10.88832037879143
v 27.142895813617386 10.514581196710294 10.650659658685377
v 24.063709962210478 11.407694466953279 9.546574637736397
v 24.59673444979554 11.093553339197022 9.67812655312879
v 23.89293206111853 11.121899715334987 9.800172124676152
v 26.122495850966708 11.092112999988306 9.479287182681965
v 25.42747244335647 11.037372240768837 9.510563227706594
v 25.568460849710096 11.389999181476643 9.272647315874938
v 24.78526294427624 10.570408900332309 10.216212341764138
v 25.08406175355303 10.805364823214283 9.882366122255434
v 25.50669811460744 10.554319902730493 10.159798388548033
v 28.732754499093105 11.68350171215465 9.779480582728514
v 28.036140499482233 11.514137752484427 9.685389979615573
v 28.223600860253114 11.917655554770112 9.40882428652761
v 27.453617341043838 10.828098297682471 10.328773940369633
v 27.775627329916045 11.149390009673986 9.995061100577413
v 28.198933137364893 10.930620391957028 10.396975403017901
v 26.91389352193044 11.590319378378256 9.26731775415011
v 27.427419767577963 11.33667891442833 9.572696464670475
v 26.768898718411492 11.205680213989865 9.516525651420173
v 26.09817054935344 10.645679353150008 10.220002919008014
v 26.429560858020658 10.917102975639457 9.873993117464586
v 26.750354742878997 10.734116266173107 10.273280383236585
v 20.104537253150504 13.732322001303222 9.79407639203113
v 20.504914519183423 13.49713081194755 9.709192020392925
v 20.09847744505072 13.467001636833828 9.88833372817017
v 21.404156295001197 13.583087380074048 9.344020536160798
v 20.94798359246942 13.53164331742116 9.516954916462858
v 21.03009960909251 13.788036798361025 9.31219583266737
v 22.152398431539353 12.197608656977138 8.175841060850516
v 21.86546195570134 12.725174439519984 8.427838071054794
v 22.384787817210313 12.41973374869685 8.374164559151527
v 23.857393641686492 13.823211258713968 8.365744380519047
v 23.160367886365066 13.74535325493617 8.627506121848468
v 23.186282038298852 14.095267902835396 8.476712174913239
v 23.061359106198253 13.072498027384938 8.971280791844162
v 23.14253271776901 13.394753442491625 8.768469642405115
v 23.69203168443905 13.12891650296901 8.781433504146271
v 22.043219669389373 13.911543734837624 8.885891621785078
v 22.527933912100423 13.678951463001683 8.872452044202326
v 21.9604067174306 13.620132587761182 9.093983351251158
v 23.273846131444362 11.504515861830448 9.25899902911711
v 23.22996590474952 11.903930633827812 9.174837751310568
v 23.548484743014708 11.711873621903905 9.422886685629813
v 22.757993585873653 12.19591930991687 8.536472622583098
v 23.06066296596956 12.011973510075217 8.787170631996215
v 22.891043044677158 11.741101180450954 8.51159864239996
v 23.68042219909706 12.390731878599684 9.048182630979232
v 23.071121892036903 12.354402168553097 9.203419838564688
v 23.09799508005858 12.69814505790089 9.056351256055166
v 21.98100225665378 13.287080856508743 9.177209643515933
v 22.49429716576296 13.015503713329924 9.138721589012917
v 22.44346190110117 12.725642664113636 8.766129852748325
v 27.650656149120444 12.192555602523552 9.100283678859775
v 26.364152425615984 11.873789584711258 9.010289241875252
v 27.012126367923578 12.017792428881114 9.037110182243975
v 27.113824700629827 12.450452010179873 8.803361885372496
v 26.367358597684074 12.768523555201934 8.687645979626499
v 24.264584911344922 11.689439730587573 9.24571810951866
v 24.27371643039241 12.467124222341035 8.963898951827453
v 24.32034994007848 12.055883754394394 9.061197804650572
v 24.96952547407586 11.712728446822894 9.1230146115014
v 25.661381114348508 11.776631948568205 9.0495935220138
v 24.46772237673337 13.575003551264784 8.387744001281865
v 25.7007607516992 13.05468766498565 8.56329787835119
v 25.07324691794781 13.321326461726033 8.462233194663426
v 24.394597621059795 13.204070342728558 8.58827746641333
v 24.318290812520555 12.841793498105913 8.789904403928261
v 25.613969908870786 12.22779371013392 8.932202752894803
v 24.896119404438284 12.56408611226514 8.890255217865086
v 25.65147767664741 12.642937401068203 8.752774943740146
v 16.903832728534034 14.069927830889338 14.704178685761372
v 17.165410339052492 13.861813287195293 14.31229782308945
v 17.024936844905266 13.97182434029818 14.522709964013362
v 17.11037662676735 13.880958790466071 14.575384888437885
v 17.340923630447076 13.69433131950038 14.44757347239019
v 17.835615111716983 13.52786012237921 13.30363782226933
v 17.66565862566173 13.572944162616398 13.560579902891979
v 17.899412037668263 13.370011572909867 13.720367183882251
v 17.78088216644089 13.472905785984652 13.638735064027417
v 18.100254351174556 13.299031856723325 13.455335541633751
v 17.483888779102674 13.663656702912103 13.834023538281249
v 17.308880189386397 13.775891592322251 14.096597767524724
v 18.234866769177586 13.09983066589377 14.035865941797098
v 18.622837849178595 12.876612406590088 13.87963725731601
v 17.606690256514057 13.498256482904768 14.31256215687431
v 17.904243679001844 13.29819147810214 14.17413468286298
v 18.366178860576074 13.077913921291286 13.645139234807335
v 18.118125210648554 13.19505949538766 13.929263384294494
v 18.022717131297018 13.26333418909445 13.80786119531104
v 17.415327749526238 13.66815883201026 14.150508211188003
v 17.712058378294728 13.450891981329526 13.968217109352615
v 17.51618314314622 13.573579839583562 14.222085214689177
v 21.481157421763452 12.176903857344069 7.836043073210458
v 22.25662078779353 11.679610624800553 8.073350607388072
v 21.867365340701404 11.92924965733716 7.944677564523758
v 21.491850808205832 11.719529628996742 7.831156299865652
v 21.5011056794351 11.248366046347806 7.829740829847475
v 23.241969391459595 11.069850570021263 9.360253502664014
v 23.200046186268203 11.083741808334619 8.836447421856278
v 22.586971514749223 10.511671836607576 8.400680174947958
v 22.91546111653993 10.78431192216528 8.598872956347034
v 22.85119678711573 10.345322890967207 8.72797472197974
v 22.94672769996984 11.24086643246012 8.506871157020544
v 22.5989707881252 11.462198169388344 8.289161922016515
v 21.21632344748129 10.064667897096507 8.2977654015092
v 20.777091207285174 10.090852770037955 8.963134510402117
v 21.505111737720938 10.758319883573588 7.838290425431454
v 21.389979933766767 10.378646046622997 8.024223483940208
v 21.953154187431593 10.01823334939376 8.612884280622382
v 21.735019379392504 10.133735290660997 8.231562416008146
v 22.169735603589693 10.307098677209567 8.297702840461168
v 22.294000323976764 11.183502101529493 8.064517855352497
v 22.26902350659776 10.717479772271606 8.134780658178386
v 21.945391625161033 10.92984554943338 7.885990138532003
v 26.157499924593203 9.180407907891823 11.24334839968206
v 24.47135006685751 9.313438969764753 11.382723644045733
v 25.383093468089246 9.165507917998852 11.258261695119405
v 25.608628877738056 9.54019268760305 10.965082852981066
v 25.16419157466205 9.829671095015758 10.670317925407423
v 19.081243251743846 12.639288965968301 13.712113005021244
v 19.54155545347741 12.4404026412723 13.569473969868277
v 22.951174213356282 9.97483095967426 10.979771073979084
v 19.891405516176825 12.363950601430636 13.25766667197675
v 22.260232553205945 10.102043995259834 11.132085992215806
v 20.050270773030068 12.245076154302641 13.42753928332446
v 23.6604641103306 9.44413948570774 11.491843077025958
v 23.640038686152177 10.825798613554479 10.112595987373727
v 23.21421522381437 11.102512025547355 9.941924857144208
v 24.60200142637894 10.197909324315269 10.475552036473232
v 24.039025172125363 10.56727701966658 10.334068182373157
v 22.74486570135318 10.564424462940805 10.538299622227719
v 23.37636206764469 10.554428873248392 10.429807536859233
v 23.176190582047425 10.251689124020505 10.695953166836777
v 24.004778350640038 9.651037628977166 11.141442271458533
v 23.594196557081652 9.946996941722617 10.899506907224023
v 24.389537396267947 9.852720636733046 10.757678251060529
v 20.955833472525814 9.997519060765242 9.350655352100144
v 22.17973876777463 9.873824286827876 8.986055074853933
v 21.645697110850563 9.824738805681134 9.047802873238773
v 18.311798902482195 13.254835466012674 13.175768106605465
v 18.475338608030455 13.114844601864913 13.24823148887821
v 23.169272839149137 10.656658033036793 9.528170692918149
v 22.09573486364319 10.629263637374976 10.675814641528593
v 22.833270621687976 10.450879987562125 9.930374796485808
v 22.97870822964111 10.287519355701146 9.216668089520791
v 22.63442964188681 10.032034392264606 9.043978656826056
v 18.94208176519034 12.740861680845889 13.570926515478954
v 18.654242309260564 12.961120567417352 13.322550826882507
v 18.785477181340344 12.864070061588823 13.453393471113262
v 19.247326748753093 12.659142408932198 13.265312763288406
v 21.828227494561332 10.441223891941917 10.99963276051005
v 22.25918554472222 9.879973293336128 9.515650725464429
v 21.425396424305642 10.762996033116416 10.879428975027363
v 20.841171395927066 10.870635744955065 11.048748727204917
v 18.24188942930494 12.789520989773667 16
v 18.792019464127133 12.445166254000336 15.816434601421747
v 18.501077416063097 12.624591325470321 15.914564929415107
v 18.536837785433598 12.576329780184938 16.08665662001063
v 18.891899900591962 12.317997245806708 16.19013218379068
v 20.270189934568677 11.678933381601688 15.261369081413743
v 19.84933485826189 11.876078737917474 15.427758479173933
v 20.039325712056247 11.673737267143606 15.879624712482176
v 19.946167239582632 11.773121721899628 15.648671960671782
v 20.455762938880852 11.491149389204118 15.744206076269792
v 19.495603722980224 12.03479555148645 15.570638328463978
v 19.123073509560214 12.248888499491613 15.702186385953459
v 20.20026280263413 11.50011788635647 16.62441041440957
v 20.70082418052277 11.24316839375711 16.813119354355543
v 19.32047457783286 12.011790840681002 16.31663761078532
v 19.711129152441675 11.790316354359456 16.455834454490148
v 20.611330526885936 11.333728309174006 16.26472466001194
v 20.167992658932484 11.535516727064293 16.371077199696188
v 20.11265003393374 11.59520428818532 16.122560413689182
v 19.20720991288635 12.147464648017763 15.898051091543367
v 19.659889233770592 11.849990510224345 16
v 19.263286204291358 12.080105198242482 16.103731428732612
v 27.929855531529732 8.626943800638681 12.044713999578365
v 27.6704572630709 8.286961393437625 12.33031506539022
v 28.606473817681913 7.677719206092307 13.283868942599208
v 28.26298614843651 7.900342675638747 12.756879500787937
v 29.162309306207682 7.865245478324605 12.922184663113187
v 27.468886580694537 7.912528493913152 12.596795737406351
v 27.124469516250713 7.647941598200905 12.90285241016684
v 29.56127222135848 7.056111419324152 15.66933469546901
v 29.178479491188774 7.307708998888845 15.057364124805249
v 30.138422228612555 7.261974515420404 15.346970440952182
v 27.67006982189559 7.268704857765934 14.53264219540778
v 28.464169430560254 7.238268566177437 14.778178422686786
v 27.954905896926725 7.060743852737854 15.08851084638415
v 29.49100690420989 7.662099190738788 14.12288911449565
v 28.983126104953442 7.434890205894698 14.455213274007459
v 28.769664276772296 7.573184705349826 13.870783973170315
v 21.129676468329873 11.38788154863957 14.879102043261037
v 20.712048518690747 11.510874842817131 15.073110258339526
v 22.27881135904408 10.985620659313664 14.37255055044163
v 21.679586762730192 11.185104172963142 14.64071500699379
v 21.85750378612883 11.052530289596547 15.219813072348643
v 21.744877144123297 11.13898632781492 14.932174198340931
v 22.414102247953085 10.893268454368046 15.005037986249244
v 28.05065808990875 7.519120631591202 13.637527806959143
v 27.55419196761948 7.3446512777635355 13.967152412485277
v 27.423300028813426 7.432811680622736 13.408811393679093
v 30.070624213055908 6.700684186801581 20.424398850128686
v 30.574271812985046 6.99260465829569 20.83202945047296
v 29.14815106183886 6.128596659486762 19.66055786412555
v 29.6488064349787 6.375322629766529 20.050059777993045
v 30.91325729481766 6.78310010883037 19.487249156444094
v 30.368371803922088 6.509743180650892 19.79991957697363
v 30.362269117880437 6.51861462885673 19.0944263852044
v 21.293120360117154 10.957293059622199 17.04119024744889
v 21.959212754996187 10.642041213985408 17.302161928162064
v 23.198758262463073 10.268546947465541 17.116678646588603
v 22.573894697265523 10.437515163296087 17.22191897215952
v 22.41493147909345 10.581705732348553 16.854433196205502
v 22.675638186656002 10.340696992489136 17.59766813765492
v 23.374973370952112 10.110204623977694 17.911571421201444
v 30.692450834093467 6.919566006493492 16.678619193455884
v 30.085077911684095 6.709732783395857 17.007483431859022
v 29.811011327816026 6.891404251299317 16.336754707969114
v 30.2426841390607 6.601125766616871 18.374827613058144
v 30.27383132861535 6.5833979024908444 17.698360239841524
v 30.86989419566347 6.8098999779651965 18.068966420309795
v 28.767085845254364 6.453437976943608 16.97341295461166
v 29.590402208328598 6.446579301541799 17.332222476195486
v 29.01522394336684 6.262289487026507 17.6364932449661
v 29.17777247225385 6.117001381829997 18.98916195851159
v 29.1376519705753 6.158467202606618 18.311441958800557
v 29.72176568062219 6.343046944765666 18.69008460932425
v 20.796231873426393 11.429324201157197 15.32774640257459
v 21.996102514098276 10.932445751107027 15.520615168463792
v 21.363372556578412 11.186711417697357 15.41434314703819
v 20.899441410166027 11.330059957864034 15.588636276918448
v 21.024617966861488 11.210280494513349 15.858693081151047
v 28.994165977365036 6.869248475444277 16
v 22.928884186762584 10.49174037302178 16.359709607084966
v 28.45740275942679 6.684054021112832 16.316630882512527
v 28.26729832369641 6.826218699241336 15.68820101835937
v 22.674741136003142 10.693776641523678 15.653484104119892
v 21.182244946381726 11.061464461020517 16.726358295404093
v 21.09177569233341 11.14626236024753 16.1431955900526
v 21.137285139655738 11.103357388503722 16.431333404088754
v 21.730878991093867 10.856897572674349 16.62578695013687
v 22.36040800670239 10.624556110694723 16.508510839103476
v 22.134059495931506 10.816373054102991 15.836520603186546
v 22.237491785827142 10.728966923573207 16.166235980503973
v 21.616139358474616 10.957891044297334 16
v 29.418370121809367 16 8.335388334831375
v 29.654436477756867 15.485399010246853 8.393736051584787
v 31.19880379837724 15.4467063255136 8.865183715794862
v 30.46733244789724 15.464424485814375 8.586686863787861
v 31.108515565227812 16 8.705869586245313
v 29.91087244335651 14.955760866945711 8.447138323030279
v 30.066877332914494 14.423410059241895 8.559415412500876
v 33.96361426522215 15.378262225913161 10.445194701476225
v 33.343413800229236 15.392985053472604 9.971431765705002
v 33.70605395364663 16 10.30120145040366
v 32.12504945474811 14.273765254905092 9.537220075136624
v 32.81663553409214 14.811469643568637 9.712167148533602
v 32.6892844003864 14.236070479769294 9.977354232305823
v 32.51127069164146 16 9.394036148334472
v 32.66631046451369 15.409563796967344 9.550189564097213
v 31.911253101762384 15.428427274607815 9.199883613109463
v 29.956997481929875 12.892018331205936 9.207768018739483
v 29.84155517683483 12.409488586334124 9.459245000783547
v 30.07012073884961 13.899947764764782 8.757766376371716
v 29.95952221984429 13.404265523113889 9.009987904979983
v 31.33161994513359 13.23744033147697 9.637490980127481
v 30.680459202069244 13.313434907447888 9.289220173399936
v 31.446950355509742 13.765758302298767 9.378870978265848
v 31.38855815353208 14.882387944375077 8.986912784273333
v 31.51021404563634 14.313679556255714 9.142684340912787
v 30.796887120345772 14.366591542073742 8.825899633144168
v 37.811585322757395 15.27100967743264 15.549459203183622
v 37.806611333290135 15.270301434503654 14.793079934208139
v 37.85099859697196 16 15.243688661586955
v 36.67851829296671 13.912853347013545 13.987582462639182
v 37.361625702828604 14.566441916179766 14.37111908431849
v 37.22267495089906 13.863276511376483 14.679432259470417
v 37.80001636219251 16 13.729102117589658
v 37.54443091452369 15.277510402480445 14.055654507917923
v 37.29227694893895 15.283384135943786 13.332273259490142
v 34.01703207893799 11.654579131723054 12.662377712665233
v 34.96557639655349 12.106775354451607 12.915089557416126
v 34.55866147259414 11.547622333579294 13.248279271401062
v 35.090636668946765 13.389766140782712 12.35354580668393
v 34.92281254298274 12.766649475060145 12.652220960744447
v 34.37991566857653 12.842602483656872 12.072469427428977
v 36.07809480717458 12.602686648744745 13.900344878490442
v 35.47376738888468 12.68914496110833 13.263426518920966
v 36.062853031411876 13.283691868730672 13.615531977479518
v 35.499478897879236 16 11.182891443251975
v 35.61020576375513 15.328908311478601 11.428776523582396
v 34.83015773582811 15.350058869977959 10.917075542457805
v 36.84135230476163 15.296054483264884 12.64381600211059
v 36.32833907633392 15.309210515687992 11.99971602583029
v 36.98256918474223 16 12.333536004740187
v 34.91396728694838 14.04935007728234 11.426263191442148
v 35.60216188381949 14.660022951958037 11.704289277354224
v 35.392681733856065 14.014842527589662 12.020533631825193
v 36.19320475238075 13.951396052167606 13.316546658859446
v 35.87668797626252 13.974118319297268 12.643362308879404
v 36.58778966119987 14.608994370613384 12.974318097077333
v 28.252481073785106 9.532755496123016 11.499089623285748
v 28.03113494472865 9.16166292992325 11.773675264164197
v 28.646826929098133 10.320859125676066 10.961614016225916
v 28.436588601137533 9.93046981896011 11.235997247603965
v 29.80270265272508 9.424567165436216 11.936159017497516
v 29.1810362442305 9.64528792062399 11.543327678780685
v 30.033737837996917 9.846105363919346 11.645480329888258
v 29.62654351942897 11.941323737526613 9.767688869453805
v 29.388372967316432 11.515555592272687 10.068980222067474
v 30.947911662461834 11.106659211260265 10.678586248393593
v 30.18965591017771 11.302116632937452 10.340964873033833
v 31.138656742794673 11.58946497993671 10.39181185000367
v 29.247501463269064 11.065927319753182 10.324701838425703
v 28.8753358402141 10.717306443562455 10.674281871149041
v 32.85375325622484 10.710927320501492 12.731173315101444
v 32.3785287670618 10.807269705691645 12.181334622460822
v 33.01812641359621 11.247305914744235 12.43861366893244
v 30.838137431156497 10.11940391221045 11.79421076344239
v 31.705600487893093 10.408104841372143 11.950099536957282
v 31.555982912874562 9.89963739138673 12.229768564178029
v 32.2160926753652 11.375522444037518 11.327546367672767
v 31.95318591526679 10.889106830891762 11.642626416681942
v 31.4931984241871 10.9831023138522 11.137226352095915
v 29.632446256668985 10.471220966017945 10.968283057233231
v 30.642150245536058 10.672573264706465 11.00784609711047
v 30.284415401481702 10.273263031969236 11.347665696912362
v 34.21138486719882 14.737480819459371 10.629400649749357
v 33.95621278325201 13.510779183804166 11.215529209972711
v 34.18328687545059 14.108630875395082 10.897235054206648
v 33.425311571553394 14.172732567145648 10.418189289586756
v 32.76906730770027 13.633273883231643 10.194297448274618
v 33.382527456230044 11.762671020544394 12.113149531945659
v 32.507010982284484 11.890922205199654 11.00703233569983
v 32.98857054651886 11.8149691651107 11.537076194368623
v 33.72404243852847 12.303518159185684 11.783606497809767
v 33.75790241595821 12.915673017958653 11.523712371906768
v 30.491864335227866 12.27948055045238 9.793075945115287
v 32.06660534802211 13.12902298054288 10.00794518585506
v 31.254983978408376 12.689182517677887 9.895290239243264
v 31.286465316466078 12.115691002166932 10.109895488825456
v 31.98923921938912 11.978884215878413 10.50600737987796
v 33.21312505037085 12.982977958477559 10.983395761541555
v 32.62104905989431 12.461626655431651 10.728620812350957
v 32.59553299614979 13.063678425709497 10.494464656060686
v 103.47238592573066 12.703388203037363 64.72687764395008
v 105.60562857249512 16 67.18299314946191
v 80.90370577565554 8.725711099762513 50.3303990954661
v 99.36329154578712 9.742217704404432 61.261820388765486
v 107.08902172528258 16 59.976206719784834
v 104.54214719883618 12.722201125611905 61.370538439030916
v 105.15401493554438 12.75445823412962 57.851814524528926
v 75.70909276280099 0.5114095688274034 44.21522162773877
v 77.92934982232397 2.2094061235365547 46.138180578341434
v 82.78207009045549 6.340663870802073 44.62524266802485
v 80.4724328266485 4.201364475058764 45.47185068461046
v 80.82957486611889 4.318548888274448 42.9037946620316
v 80.10071314900512 4.080650004100534 48.09742806053948
v 80.83129568135014 6.323529560561084 49.37024593900179
v 86.58405267151782 16 38.717896265431506
v 85.6718671158449 13.561502874870603 40.217931357496255
v 85.37046711880079 13.599022157956917 37.45110848091453
v 104.6501935397477 12.815459322782944 53.88712491311476
v 99.51002777411213 13.041496147627587 48.3181216254702
v 106.39788829939478 16 52.16712447667668
v 84.19568484406217 8.792238494898804 40.609710209719225
v 84.93695947109607 11.127820374927367 41.77590966776971
v 84.150308178896 8.704305794690432 43.31405226432538
v 82.5629442757817 8.652206151181652 48.272277206959664
v 84.54083372204957 8.548019724506133 46.30300748823872
v 100.46585306045074 9.865568513490931 54.49395039831789
v 31.216880576403028 7.350927488171843 21.34542078347223
v 31.735482519517248 7.694317891424221 21.780380000441948
v 33.18960973214705 8.462232916980422 21.33375317141185
v 32.48112766983279 8.054280168521089 21.57247428408946
v 32.72493066396299 8.032454729298053 20.924213784197285
v 32.299457047712835 8.045242497077728 22.243726533718615
v 32.75718343833098 8.475076480709294 22.675916309802687
v 35.4370834046099 10.571757837107793 20.06760188934158
v 34.895986371939394 10.00912241447863 20.405612369658627
v 35.06495001564397 10.017005901845396 19.69769370714957
v 34.69223794082867 9.947212014798176 21.866840376685083
v 34.77036969799025 9.986570784003158 21.12684510200975
v 35.35167348897471 10.481322874034312 21.575929966318732
v 33.86705242142834 8.993339017645297 20.330354634742932
v 34.328614019539515 9.474194884861042 20.72627980457576
v 33.85290322263565 8.924603014777848 21.06030817974527
v 68.25609717877906 -1.5032144185927763 39.14933611735388
v 72.4405909037346 -0.8108725601867448 41.81398007516803
v 33.02611195178537 9.014261296551535 23.04263362220472
v 33.511717179644606 9.477707055940837 23.50211023499077
v 71.51658430438187 -0.17434382910580837 36.56638548015788
v 67.00198679390834 -0.8856374645694274 36.3403124528745
v 34.50347017857366 9.94271337678405 22.587182402741355
v 33.63541149045272 8.929821760970757 21.743730318679233
v 34.139148158756996 9.400219145690468 22.18443450977681
v 33.351853178473334 8.962777167968138 22.404544861771516
v 46.7676697715615 16 17.064937028004064
v 46.978014199688175 14.963405538900512 17.714525304484702
v 38.16714280085364 15.259126178053153 16.45788520333819
v 73.69222634766768 14.058302325645787 23.228306080946883
v 48.58482903816397 14.907272134017884 18.940721233342448
v 49.63436224054563 16 19.503676360571117
v 38.6440131991268 13.720174530721657 17.409009628431694
v 46.618978103372946 13.945189931279772 18.33477871881493
v 38.69931881929362 13.70888771489613 18.209080294385892
v 85.25318287620667 13.609659325872592 34.69387935791673
v 84.3381888375558 13.661361074433334 31.929926330883923
v 84.94997724691648 16 33.03325135626196
v 80.57472272442045 9.389723241762336 29.25102638421673
v 82.6668619920759 11.44274425117867 30.60969231872832
v 82.41562068852632 9.15037276961359 32.06048928803767
v 80.90147262254996 16 27.340790086990634
v 82.04970401574774 13.755525387260139 28.997499278258704
v 79.39224196956937 13.858839298058857 26.208360041972604
v 36.368344361901194 11.113464315688136 19.020045140143957
v 36.8777857595417 11.714239927962433 19.39594737122481
v 36.21482574168467 11.124506342574243 19.744759549432533
v 71.77751207668906 8.448286923167405 22.62915158249831
v 37.55113331237304 12.335959195968245 19.02849770833258
v 37.64156096316008 12.338140410818463 18.263153688143916
v 76.23455223015131 5.652595308983294 28.87128024278728
v 37.5263689327181 12.321778481367238 19.808394050331597
v 77.0888341753633 7.647416157470625 27.66842360505901
v 76.88145270916348 11.886569425989272 24.947434995069905
v 77.80025383333073 9.701163782756865 26.436399745546737
v 73.12399564376886 10.204761233949835 23.59114656882273
v 75.7971735365125 0.6481762439800818 41.61137105980636
v 75.16348999261885 1.1210404579756776 36.328908270129105
v 75.67552076737714 0.8363792761553714 38.993873783234854
v 78.55068069992214 2.4245096890585103 41.0314095086079
v 80.7334475070559 4.432637999297697 40.142397063272874
v 36.096281197885325 11.101140791319837 20.493664122023667
v 78.4869572483833 5.146792016738706 31.751274395829913
v 74.26339172719265 3.8487331402655087 29.86034744309127
v 70.89360075501338 2.477295946190827 30.420633973620227
v 74.03091890338233 1.5544071223034237 33.55293565413949
v 84.22135569187536 11.270498607790643 36.11870987427878
v 82.63391447713644 6.5955278989708095 39.06966035813568
v 83.30529971991514 8.942175998880085 37.559754687973424
v 83.0603425913335 9.024591080179324 34.81910392614151
v 81.1523824915063 6.968102868892453 33.35998980932338
v 77.8027852118862 2.843109178861205 35.6008034469247
v 79.71542039097952 4.8323109753791 34.569263109005476
v 81.00611155797091 4.498179126112452 37.56564931283033
v 28.7120326905455 8.767837932090629 12.154584230831803
v 30.397098759740445 9.123189487619126 12.4251175957002
v 29.559872085985734 8.919600167132804 12.274202695080191
v 29.494303833703377 8.316775149585771 12.5647321398589
v 29.95172500147425 8.051156318561246 13.104168973689502
v 33.38411879518783 10.514246097964811 13.370888811071616
v 32.637324204469664 10.112335016905096 13.100442065523985
v 32.05207532089217 8.990936021474063 13.85130102378269
v 32.43467795692838 9.511069071800033 13.465028155156356
v 32.7456967754071 9.367831968183634 14.141379129657633
v 32.026210543225325 9.693112395920515 12.825857535168687
v 31.28876948946446 9.3567849144248 12.597331858226319
v 30.670846277601967 7.632246553270685 14.986053276067041
v 31.099793402942584 7.386502044162853 15.640656204858596
v 30.114217966192797 7.954794555679596 13.73297213013399
v 30.253021549085744 7.872564444728075 14.364477935805247
v 32.06296033005124 8.281701322642498 14.895421616722302
v 31.217895582032526 8.019747717185364 14.610675783945638
v 31.64730373223846 8.48779527895816 14.23581715490593
v 30.93281985809712 8.856002726512505 12.975047265890566
v 31.27947153356599 8.677759429198714 13.595598620520352
v 30.598114864688675 8.3568114486518 13.344239442417255
v 38.06564059774104 14.52275676325007 16
v 38.1161465787246 13.020294840381826 16.919217247088262
v 38.177338374053626 13.765884647169171 16.460159195651055
v 37.74488631634725 13.809449288028665 15.54881378332755
v 37.514956155501096 13.101293137242246 15.105770135041993
v 35.94776061250185 10.486574566593772 18.545611276708264
v 36.60815376813715 11.05219863152384 18.177320661064947
v 36.8035959192196 11.001554462762694 16.441736462137264
v 36.75690453246479 11.01401261029171 17.313710793275995
v 36.040756967822944 10.460871006148995 16.84870319392331
v 37.21322101287142 11.66272908305816 17.78275600136285
v 37.78805420465153 12.305702654796189 17.3682304797467
v 35.434026723596986 11.334094208541643 13.946729804666003
v 34.46500781069652 10.89639736162994 13.643608572385014
v 36.88857360133848 12.458215071631113 14.688254453044182
v 36.12395129773302 11.885441977686874 14.30878606669874
v 35.6716891394412 10.562878845082885 15.166926407554561
v 36.09495879256233 11.173017682876724 14.728183953684606
v 36.58995699707785 11.052885132763503 15.562799873888881
v 37.76410972063904 12.311054390111178 16.45575431299124
v 37.22382625588702 11.655552353401585 16
v 37.40630403031203 12.371701287570684 15.551738365950031
v 31.325798363124996 7.280807697681917 20.636085206458354
v 31.46140700930762 7.1910314029913085 19.20918181251684
v 31.452244064716986 7.201986626670093 19.933704032215374
v 32.10387908852617 7.591225781196194 20.424804963226435
v 32.83651866903028 7.95799441906644 20.180604394261067
v 31.436698548999264 7.194318501684403 16.367361439526068
v 31.635356959260363 7.082122352652757 17.080606985199477
v 32.7780650698262 7.944921515915089 17.89167252560419
v 32.19611271539579 7.506771434129021 17.478630963141356
v 32.75088407063301 7.951151985038662 17.15188384114953
v 31.481260241161266 7.172191489986027 17.776461406359438
v 31.509509396199764 7.159468435876613 18.49113979487578
v 34.538314660907524 9.439606950419503 19.23086313076754
v 35.22383342329012 9.933703487859262 18.907342968759398
v 33.455051152255784 8.415500854136155 19.884795732562985
v 33.907483660574954 8.952764072672263 19.546746385990286
v 33.950280635864466 8.890754025228162 17.992318782895737
v 33.99431775210472 8.895273926297666 18.77553895417377
v 33.20548455577446 8.487305247315494 18.303092049549424
v 32.12455489836098 7.5576076406378885 18.933458004994122
v 32.81992529681975 7.939541944519274 18.64680957699193
v 32.84917546949194 7.939200716380869 19.4131503552755
v 34.23930129781375 10.24800059985542 14.034422399603969
v 34.92539549494454 10.035334276454352 15.589784911374707
v 34.68921458197448 10.108549274896639 14.793499871966965
v 33.76377810415969 9.691622467837483 14.4467415516603
v 33.347976753032114 9.136512385625029 14.843603600236648
v 35.197741373381845 9.945744134559627 18.06886490910913
v 34.04110957487299 8.862283949332584 17.202599845337748
v 34.70709978189694 9.356624516244853 17.635742160805364
v 35.28388766570881 9.921088900090671 17.24488981790022
v 35.214366922096985 9.944259933142444 16.416478653348744
v 32.02011989067455 7.59460852035769 16
v 32.86430087073528 8.618594987157973 15.240966069249907
v 32.477905915432125 8.083536787936577 15.622109970884722
v 32.69376554005315 7.979831572841144 16.382840366873697
v 33.43322815571328 8.369578870482384 16.784640394767656
v 34.50682526905253 9.432717510528562 16
v 34.03904223877737 8.861831936288516 16.401057316434795
v 33.731685658828084 8.983454963394102 15.605776062162107
v 16.2718329772283 11.982064908826088 23.212823515757066
v 16.895456328271255 11.773968625151909 23.989569133440497
v 16.573016005104755 11.855441068764296 23.633455118368506
v 16.276760929698764 12.169138839653842 23.476055705476853
v 16.282407525340005 12.358306802534281 23.757646195417458
v 18.551812190049322 11.351420336501459 25.837330998322876
v 18.086469556372407 11.440196642402356 25.369698231107094
v 17.99820635778462 10.078356822113768 29.81506505787651
v 17.696618527062782 11.76201097214696 25.270997802014683
v 23.664214704984687 -1.651613373757666 58.534765266283614
v 17.65180233760311 11.551887752294672 24.883178013732213
v 17.253433449238912 11.677413295368979 24.39786728777671
v 17.373119317672273 2.3628670961526765 55.232273702182745
v 17.48746880175522 2.710475178198399 58.976825439837185
v 16.489731228395478 10.173568465676738 29.632976488671304
v 16.525228301656657 10.262508017196847 30.82567954877749
v 20.43445995033481 0.8592695197933864 57.95630404982475
v 17.08215074953929 10.274960671915235 31.311459778434248
v 17.576314392362587 10.098500775064608 30.724618193037504
v 16.916560697167906 11.974369789816063 24.30303351811785
v 17.457002553787937 10.075191067934924 29.401024436442476
v 16.595972650635833 12.26023345394228 24.206031552778853
v 45.371964778474364 -2.1528725494619323 67.6760241883888
v 43.30557923002789 -3.00345113362415 67.73162890688509
v 40.76036201812361 -1.520528027057015 72.46512491438259
v 42.185064004996725 -2.3640499400696804 70.31344070292613
v 42.96712608592189 -0.6666005000036463 72.60756213734773
v 40.94058213328787 -3.575980081704767 67.10375106684782
v 38.833182241961225 -4.257005050354877 66.84700493347356
v 33.481029501973126 2.9007559913325522 78.59489135378962
v 35.40010879865045 1.7334158349991746 77.19039927629194
v 35.85195104267231 3.730819512629596 79.25870427622453
v 34.158990459981474 -1.6011283875997577 72.0786485951719
v 34.87353536092927 -0.09093394919888098 74.91201567490442
v 32.45146009370502 -0.6221337527759019 73.68833307032216
v 40.15203077390963 1.0732240843904233 77.58790913505462
v 37.53559926615115 0.4029562490421732 76.48566876645961
v 39.20254104217947 -0.5944057233602216 74.54550926406509
v 31.445526281655816 -4.427886607140142 62.11283979325685
v 28.883539550144043 -3.7833534252527343 59.25501740248082
v 36.63824243001119 -4.806329324779767 66.30091176012584
v 33.946219172175915 -4.642205998060916 64.1838392237982
v 31.093093797556485 -3.1915287821532274 67.80531730246466
v 32.48257306273204 -3.8547840925027863 65.78455657590567
v 33.34344696861322 -2.8606641522722 68.97981980040893
v 38.29595334190321 -2.1129723840357286 71.61363496974367
v 35.795431107317654 -2.549638234739927 70.40669404767199
v 37.51251763596756 -3.578445585390753 69.0439431048753
v 18.223101643479605 12.322994029753465 82.43608167268765
v 18.31953007203991 14.566451577551843 85.40095980536864
v 17.983745989583895 8.615161778811792 74.9415768267919
v 18.105815205435484 10.3328840776347 78.79480060061388
v 22.325221741171212 12.0907979775764 78.82428480800436
v 20.21682960821053 11.2086257606035 78.83549774499019
v 22.19540733745394 10.026415748435134 77.38133311169531
v 17.587637492763164 3.583734789329 61.99718810691555
v 17.709886224514477 4.352899931267132 65.9651854863795
v 21.913377676101145 4.145984431256213 73.76682849521322
v 19.68772341888229 4.177862407574224 69.94670867334082
v 21.72459803137928 2.5773943210480628 71.5070690211739
v 17.783266253664976 5.673306299214518 68.47740721471664
v 17.842667794412993 7.214757366851552 70.55491621299714
v 31.608289694399875 6.353546462606168 81.05938765913668
v 29.308862660875235 5.454333325359537 80.83321013460636
v 31.404240794659145 4.1683411217858914 79.86923360523862
v 24.551591813593305 8.49312072278321 79.16269047892345
v 26.954243999842316 6.945815119325603 80.43060691821329
v 26.921158042755295 9.250353133067954 80.54395691982867
v 26.574770514348604 2.845896255366158 77.55809943544486
v 26.849466060092972 4.766570533280047 79.49525387458937
v 24.387221387220514 4.283188309084551 77.34216503246945
v 19.885633382806823 7.54806396223209 73.50990585209848
v 22.047964462695475 5.979264009633733 75.3388565885165
v 22.13352684489866 7.965732018463736 76.458520332499
v 27.76828731903239 -3.632975082062387 61.8388742749716
v 29.510419842003763 -2.4590921753161474 69.72173953836281
v 28.704422204449546 -3.264784181701245 65.99749234739066
v 26.323198521800037 -3.0346133892169966 63.56536078984834
v 24.766060011078782 -2.295761942532181 65.05675862278862
v 31.12111116452394 2.1295881692710665 78.03038075646722
v 26.273604013031296 1.0899055751137379 75.1499080953022
v 28.735275985708697 1.473502311886838 77.06362258967528
v 30.681501662754933 0.34362233919866014 75.59758400039206
v 30.13701738366626 -1.1779835260394975 72.79130765161489
v 19.34527542867832 1.7696149725219321 64.2543942757026
v 22.989828169339056 -1.1464129082518504 65.52533299499574
v 21.160778423398316 0.23520949377616773 65.21456507271628
v 21.515112217200517 1.1206615737020513 69.0213094266341
v 23.81569709369936 0.9776387031612188 72.3792168018207
v 27.79039580204951 -1.565033701284115 71.38385240276088
v 25.875838972507374 -0.42121766628302026 72.34498153195906
v 25.40094139346271 -1.6265486591049019 69.1323389291168
v 95.92743217747035 16 71.8136230573038
v 89.54305830628202 19.79763493183 73.76181529548117
v 92.6734054960804 17.940682874927578 72.81271258971776
v 89.53852264396077 14.13866423932475 70.48985765289078
v 69.9404637473302 13.214608773640395 58.36564504769505
v 61.77043613401811 23.823869028498052 61.2315303004399
v 62.019308083100015 22.385708448647254 58.95516706056475
v 62.70163812368121 17.29944098725132 59.60417739668367
v 62.34803937714444 19.852338470554965 59.27002165086478
v 59.44721980560728 18.46482657966869 58.9356677605833
v 65.40421858891051 21.349605083343825 59.55325751111375
v 83.30334226433519 21.343443295257018 72.03493399279708
v 61.072114629333115 9.745725540523129 58.071041358984026
v 55.874845088758555 9.183906646801097 55.4053545519317
v 67.22537699556024 11.9330415393206 58.64885698289351
v 64.62061494647995 10.735245363614045 58.86245635687615
v 59.10003658346895 13.554869650326474 58.59257230949402
v 62.11011801550768 12.16743698546685 59.04790087493606
v 62.82170673278041 14.69721818621209 59.71628252064248
v 68.16889434538379 17.380535504019388 59.43025561147579
v 65.39851753766365 16 59.56450339348414
v 67.87441599207804 14.627257220495956 59.18510435196387
v 48.41995264846131 33.391727579114225 68.45658529887257
v 49.94800663068625 32.1516744369293 67.36610624673753
v 51.76857824679488 27.67374048786121 70.18173891633388
v 50.86646473775959 29.96060870204777 68.78827942981087
v 50.12244632883158 28.910357450017436 71.21127793934355
v 51.50709388965986 30.941368657269145 66.35279967590503
v 52.5236516333087 29.543863582615906 64.64743871156143
v 54.11444240121002 17.40913245843148 73.7914543887396
v 53.663442374354666 20.084413644326734 73.10196573429883
v 52.76863380737205 18.74787533687012 75.4928992202264
v 55.059801562452726 22.564284419988503 68.20652881819512
v 54.534146034245836 21.373578435220214 70.81748997449563
v 55.66576417986511 20.04451032884928 69.04697284518568
v 51.87854746093918 24.07733427581767 74.05270925877582
v 53.092404506499484 22.689914723127234 72.22524133610722
v 52.39745029872661 25.19659821676474 71.15526383262667
v 53.94133634191806 25.221004800745558 58.19899862995004
v 60.15327728941262 25.1165245671006 62.345864185591324
v 53.15814458886066 28.059917658617834 62.527987707768204
v 53.902768197205624 26.70026556224811 60.70959876533007
v 56.03826559370697 22.313799426878337 63.40287581994016
v 54.955926931012776 24.557503991915752 62.03916576797308
v 55.54451181748024 23.70459280248729 65.66827409591576
v 53.1464795782976 26.34769170281848 68.78220632512418
v 54.52781595405006 25.04887604507337 67.43152470362652
v 53.6416266789252 27.38489671730548 66.19051514875608
v 49.40570098600059 0.10634201492194606 66.54555352132508
v 47.69971724396906 -1.0053563193043509 67.29121993450306
v 51.95880633874367 2.6655948716393763 63.89509671890573
v 50.64180255094748 1.4227455371456355 65.12572540238449
v 49.575737174194074 3.2964920395985295 70.32668394517935
v 50.335851397202205 2.2518500394771674 67.98492395625766
v 51.12533325126154 4.536194475059618 69.20736045021889
v 54.359402073612685 8.079762752577501 56.26427363683911
v 54.51093390594062 6.64056407429319 58.83251471402256
v 54.60557283084751 8.478343899115572 64.48895800870079
v 54.479164206666546 7.547227155260254 61.47571471373331
v 55.143461916611344 9.827305859772814 62.34348258800014
v 53.736758033350974 5.3466004827340115 60.51377539490259
v 52.87221648111542 4.0328821696256245 62.169959619184255
v 52.39237579585136 13.28024401386709 74.88410096904649
v 53.543239740205266 11.928621735555009 72.91972517784228
v 54.064076160842696 14.592729636345187 73.71508600710933
v 52.174547051413164 6.859723080192307 70.81748502356675
v 52.97579133719835 9.331117403762288 72.04847728766771
v 51.71667916832231 7.959107118849879 73.79080085962082
v 54.953476326026475 12.028117934882156 68.09439534613139
v 54.337833840238105 10.653797258310224 70.53822229026237
v 54.41002387391793 9.544915457806198 67.33804930050803
v 52.99010734519422 4.812158537163844 65.3217936328594
v 53.569742293399145 7.176142933620348 66.15257369315582
v 52.4671981845519 5.841532000793208 67.81700124823581
v 61.52022616958756 22.695100931435803 63.76658184669964
v 57.03663260570116 19.88201847326939 64.55593918721732
v 59.41616152469339 21.282661135200307 64.37795308797357
v 60.258326568356765 19.898608939353984 62.433375156242555
v 56.08219982673734 17.182510197458587 58.04791975188831
v 54.86354734684693 16 71.3075377569959
v 67.2956484725467 12.650205544623063 80.52520970696185
v 65.39394343369297 14.321195943425568 82.050216330619
v 65.11100906184916 17.669187667637328 81.67187285025406
v 56.564855573265355 18.64903422276093 67.02685881821775
v 55.054050965712925 10.255942138275737 56.98131048270686
v 55.95885911567756 14.821128616010245 57.91853013896285
v 55.747065874139146 12.498777103768749 57.7004112942066
v 55.75150238833413 11.163236238347814 60.2944804465387
v 56.14100132147646 12.202707221063417 63.49619779496327
v 68.90602902155356 17.668531667597065 78.60649794032004
v 69.35352929258075 14.317355226821661 79.13604864209245
v 63.4995039604481 16 68.90719340735018
v 18.627822557490536 54.84157314089247 85.72671429039292
v 18.712397331185628 50.97682612356247 90.50870443838004
v 18.697047104758287 53.331905961178435 88.85448281090252
v 21.318080364120277 54.46506428055978 86.84501552093245
v 23.937177260310342 53.4588453627428 86.81822356211174
v 18.76242350937327 40.68038035676773 95.81356840099576
v 18.78454679765221 43.65472327702614 95.55907450724663
v 24.268926969682454 46.95769875544185 93.24143932492746
v 21.571357106921255 45.47485695639726 94.82969197243175
v 24.284866597124754 44.28730749999481 94.38663238687242
v 18.765198950828214 46.20649641535077 94.0535881335542
v 18.724218249983295 48.41057583786331 91.83588956275445
v 31.40331672064923 49.66265042614411 85.17159610110768
v 33.35550412302989 47.61613688918166 82.90611455136222
v 26.61966582446017 52.62294661779557 87.15060180379447
v 29.16200623867128 51.44375729578052 86.7835567091103
v 29.51799636521921 47.13358049214355 91.02201130810089
v 29.445893963468738 49.586542984124385 89.4737074911291
v 27.007956321684212 48.621850691657635 92.10606989907394
v 21.436625280646723 50.11517177226634 90.85766091115981
v 24.241322652417736 49.51281844779913 91.80094212362755
v 24.082684733032245 51.499994644355205 89.22024876488035
v 18.387821125163946 17.475754614406338 87.44424637020266
v 18.46749322962109 20.08122919771612 89.7395801090435
v 23.375509687944387 23.1114336990915 89.07326094401716
v 20.983222725064007 21.662188708682304 90.255616042409
v 23.122379653053464 20.401872706367723 86.74193224272834
v 18.536589128644895 22.82640366654083 91.64035444696158
v 18.583012885748012 25.615713092629736 92.74715071854786
v 32.45202412934509 28.636438234726114 84.2135644595015
v 30.267966367553257 27.30564055481073 85.50541795133704
v 31.992195355909587 25.883720284680344 82.65960573207897
v 26.136844194060572 30.161006259227598 90.13849483071296
v 28.314288818111084 28.750092410527678 88.0679608065689
v 28.602213036751362 31.676067624585784 89.36029488019453
v 27.553272799273714 23.140315271250795 84.27975008877542
v 27.940242244774403 25.86915763477446 86.23004550495482
v 25.703425868231847 24.517998538289824 87.6702221130424
v 18.652413233435396 34.06723857444106 93.50709801335381
v 18.724503851374124 37.307233257184095 94.93459100135141
v 18.58604344820271 28.329416740884717 92.56365627468539
v 18.62063168516682 31.175782449576523 93.11913788512983
v 23.93626838683673 34.608363510402725 92.9519527317045
v 21.245029504353546 32.814563738512206 92.72811827634236
v 23.769075225839877 31.573965291283102 91.8948372182115
v 23.54645050379785 25.885047736823438 90.38578859429417
v 23.66257068768973 28.695940649531607 91.18036621093906
v 21.127438492171567 27.153080567296993 91.88943060145441
v 44.918933485899466 36.126272902186535 70.78819998186563
v 46.73071083926743 34.992623797112074 70.0665552554449
v 40.54376766743857 37.774591921766884 70.65629198977064
v 42.75607852073257 37.00097172500685 70.82373943563996
v 44.53415085409135 33.635075067945294 75.8969542532256
v 43.751812511950206 35.46283846392943 73.56321324931278
v 42.3961951563104 34.678049888983416 76.1955842032732
v 34.99293341031469 45.16464941766297 79.76661180646869
v 36.5150869748648 43.132767302068835 77.24808580593444
v 37.283665253908964 39.1455755600272 81.01618460764864
v 37.009100872157234 41.30740559782194 79.45664399593778
v 35.610434073837325 40.93552448600682 83.31057086511193
v 38.071636239767656 41.387367534323374 75.26017963895052
v 39.027195080173925 39.21473865271325 72.12342774531528
v 36.5472520320898 28.698900131241842 81.47429706999996
v 36.40896020608443 31.008480185457046 80.37244433964894
v 34.56801681024045 29.913767660361486 82.48710219047187
v 40.6499161629437 33.62956518904963 78.19757967252758
v 38.61774451068274 32.380781715026416 79.52502132911692
v 40.85745990131043 31.362755092997446 79.38676014705786
v 35.37130304460581 35.5722682569798 83.92699101953657
v 36.94143021634933 33.853950728839166 81.36676047002918
v 37.23111794696473 36.57887709233263 81.5660018795834
v 39.34845905297776 37.24932761506086 73.57086894943339
v 38.61001215641021 37.187088258433604 78.14242100305748
v 40.10259931234601 35.58067049357827 76.12001996163062
v 21.51968380308098 39.48004743478174 95.61945262495487
v 26.492448068638915 36.16727924403298 91.68819484067804
v 24.158941655515648 38.012182039418164 94.43861612856482
v 24.31371093500657 41.396151600978186 95.2817738408558
v 26.842370025081202 42.59689892944454 92.82191506545742
v 32.796819211719324 31.407518493709965 84.90453220428371
v 33.48224295508333 37.24278929073226 86.22976708294418
v 33.239531011923305 34.384264390507894 85.98156055227858
v 30.8804339327329 32.97337296533948 87.34931372187565
v 28.761463542533136 34.5207280889514 89.47367046120597
v 33.459218598676046 45.127127372708514 84.00572628692072
v 29.4079647960841 43.983943953495505 91.03385692010566
v 31.70439818605184 44.95683419732339 88.35987607228009
v 33.698965712182556 42.83843068164945 85.65321905325625
v 33.70949022058528 40.196221596557 86.41858299840696
v 29.006966864294036 37.62755333003113 90.20911881974325
v 31.47458497261004 39.05364562146687 88.68985236000623
v 29.174127432238144 40.701185605419596 90.4576712617104
v 46.57148739329837 -0.2551777193648874 69.73576303919168
v 48.635196454527886 4.110721731333072 73.28094607846754
v 47.730870284847505 1.8127230445473597 71.72998485245127
v 45.456196567032386 0.49977114665356304 72.41238729690015
v 44.29074501641122 1.2931695032722885 75.22871500597608
v 50.68202771749471 14.553111462137377 76.79892931006111
v 50.69077436636348 11.79641091920313 76.82194237914871
v 46.21415588725057 8.904440510522587 78.93359828929738
v 48.49220939853557 10.343259868148811 77.96082934887528
v 46.52380026656128 11.631688878685264 79.52469803255207
v 50.5956091438549 9.038162936606724 76.67005505952781
v 49.6859028475607 6.507777445145187 75.09733175479258
v 38.893631441815316 4.725341729414918 80.69267011773893
v 36.509557181009896 6.170556822726802 80.99390691571107
v 42.756237266254914 2.2954014032588805 77.57710366136234
v 41.03766362589965 3.398996728001805 79.62232752008708
v 41.868684136187774 8.750473752601032 81.31636991783905
v 41.53071977015938 6.026145059629982 80.66229369273746
v 44.08173352695228 7.391262476040424 80.31245357395947
v 47.59866667589016 5.020486402205696 76.35190190673609
v 46.00650281777345 6.1467759668924415 78.615192876115
v 45.27360323858395 3.6048012388782595 77.18947516700052
v 47.676775703289195 32.84287100621411 71.67853768903338
v 45.36194869731078 31.26369144023846 77.47135716660313
v 46.62639879915353 32.11600429337304 74.65347437628222
v 48.404211161751746 30.48833625260749 72.91259587236802
v 49.337456225294744 28.145117446567113 74.51354488075825
v 37.11224681964681 26.11828917741981 82.90380452719636
v 39.26257625148459 27.456356253288224 81.73523188537493
v 44.21048959008756 24.64820898860709 80.60732918499703
v 41.89103630489488 26.11461653590753 81.5748764088209
v 42.47796489864405 23.420273118643305 82.85475538247685
v 41.23678764143923 28.701218787664445 80.12831456117301
v 43.36366928091745 30.01572649760851 78.97505449285981
v 50.87820642029609 20.226300806023346 77.15055947670615
v 51.02072675599237 17.461018615855156 77.39268175921843
v 49.91108320353204 25.5556752716644 75.49238004136282
v 50.45418500835874 22.93337761976673 76.42204063516488
v 46.7876001587759 20.406063956574414 80.07370596562752
v 48.38268492563633 21.637672438618335 77.75197229358557
v 46.29896092772054 23.11547529357625 79.11024020409258
v 45.95228125845103 28.682568542097975 78.60808945594158
v 46.26197877256127 25.937114576196954 79.14829985900454
v 48.115396149119185 27.15906035955777 77.33882983000927
v 20.64124050949676 16 85.32639287998887
v 24.59256762022755 13.34925573834378 79.77627140831166
v 22.64881406071892 14.63054836164249 82.00062034571874
v 22.901206561920127 17.421436747449548 84.50603883054343
v 25.122725357587882 18.814294045864184 83.71124000460345
v 34.041545774660065 7.670012965995779 81.27492582230717
v 31.63478401728927 9.119784781777472 81.1206483778357
v 31.63412572496505 14.618337774232835 81.06943642967369
v 31.677662683864177 11.869240519210852 81.2668613428229
v 34.08770225673946 13.22860928260203 81.44192154327156
v 29.337796722332946 10.517742237678252 81.23402275620283
v 26.90997517184509 11.959350542592919 80.3443416172688
v 31.886046427895792 22.99078530728232 82.16718481054758
v 34.29188055348858 24.44556945071325 82.1806455606749
v 27.265514491879657 20.17232801193688 82.44122480044167
v 29.340250601068874 21.483266384362395 81.24602446717752
v 34.36849451879473 18.814413598775133 82.4578374911655
v 31.778510559049323 20.15733093630128 81.68669588188345
v 31.712365412069364 17.38857663992307 81.39507103411992
v 26.911171812115022 14.65196884447702 80.37393380456268
v 29.219770788224828 16 80.58223027997963
v 26.942855903711553 17.35194559691773 80.56086419574468
v 48.94780944909425 16 78.79634432113937
v 44.83402425047126 18.96501854702483 81.8771141033487
v 46.9855832840577 17.47908765009147 80.49566080360869
v 46.7607228563801 14.531645995892317 80.02761985247675
v 44.65625592109102 13.053261467901542 81.47096668470138
v 36.941976448100974 23.156308085389206 82.40595584885357
v 36.92559029707048 17.43914064527771 82.39518301485283
v 37.199695348835405 20.34144938930683 83.25094954263919
v 39.78880949775866 21.857317375181058 82.98697583108202
v 42.37032327792156 20.44301040702923 82.65295851007151
v 36.85232430364124 8.874327913455488 82.12167340008365
v 42.132021119296084 11.597139990811245 82.05063203404298
v 39.54794251737927 10.20198926433012 82.30871782095754
v 36.99564063597369 11.700338626698189 82.60363490095239
v 36.93682594627771 14.560086631983259 82.43083280894773
v 42.28483211032386 17.476810875705887 82.42505366156486
v 39.61910647745496 16 82.55944483737088
v 42.31023768040626 14.521761714674613 82.48925671026393
v 15.575044279093996 15.338320824056828 16.04192912472156
v 15.579304721306386 15.313102004826062 16.096494104530862
v 15.578262752064447 15.327649106200715 16.068652286154236
v 15.546627489994593 15.335897106793801 16.059352105478446
v 15.515076779509123 15.3308884664736 16.07791174459393
v 15.570454257926022 15.224779752056266 16.22762657635463
v 15.571377649044003 15.246179356497578 16.192537735243395
v 15.51618259030766 15.286197374398325 16.169520424784874
v 15.546304464516735 15.2706538858906 16.17990754390049
v 15.514775218408108 15.267733985248608 16.203143760029594
v 15.574007668093364 15.269483644984874 16.15867992714026
v 15.578840516008707 15.29538864322913 16.12620619222353
v 15.39159079805834 15.29560568896999 16.14543813683762
v 15.349060567583878 15.288555126711298 16.170557709674643
v 15.481004334472145 15.325170764378672 16.097965096689588
v 15.440434618097651 15.313546235378267 16.120107317009346
v 15.437458650905121 15.28042700403729 16.186819170383767
v 15.438332293951065 15.296493488607316 16.15296926327939
v 15.478202496364016 15.291760662299746 16.161278812505138
v 15.550062281237365 15.30992995042196 16.11613773009992
v 15.517938563027789 15.30481143076093 16.13721449303964
v 15.515106312983141 15.31614928590724 16.10736227108514
v 15.525482271351358 14.905861808613116 16.676214590666433
v 15.531556783115379 14.957689521354435 16.59954168682636
v 15.465448224919276 15.040454415654263 16.55052011508661
v 15.49555186500823 14.995936033879225 16.576844525520364
v 15.452520925133996 14.989789287009824 16.624344556427193
v 15.53671652938229 15.003449194632642 16.531425380600403
v 15.54813137629813 15.058739082936118 16.463363421827395
v 15.319106383059548 15.149207074705767 16.484528967015905
v 15.357966084957788 15.126936797807598 16.49828665269156
v 15.302920534474309 15.112555868769551 16.54847063621704
v 15.453583222793027 15.151764275603977 16.411266662491265
v 15.40725418562025 15.138893708797916 16.453286923938926
v 15.417874946938335 15.172030805966228 16.398908322055103
v 15.374409244943159 15.04976122855122 16.58727985818329
v 15.389637687125841 15.093674277834609 16.518273830111802
v 15.429479336342563 15.071304711998065 16.531980440036193
v 15.563538130565458 15.168069545669109 16.310059974607473
v 15.566842864446816 15.196692644083178 16.268282428372046
v 15.553508689540555 15.098265425794544 16.40717988391838
v 15.558553229426888 15.134327135824186 16.356587494294903
v 15.501627380135067 15.19212202375893 16.32641731837559
v 15.530976493824431 15.166099989448432 16.34029934854557
v 15.495437079787212 15.161932832197037 16.373107976002572
v 15.475532013008118 15.083707637545873 16.485842766356647
v 15.485883608873323 15.124713978913713 16.42657488389096
v 15.51633720497365 15.092054968564314 16.444741879370365
v 14.383004184720242 14.842052094210068 16.643340095007357
v 14.334272731951158 14.882964917575556 16.690365647564345
v 15.081994349306111 15.254648238775891 16.333345295666764
v 14.412622925602053 14.788483557035848 16.604378460873644
v 14.392445665371746 14.73592614312916 16.78124060783635
v 14.407468946803881 14.766411707323854 16.688741398797752
v 15.06809405206985 15.219754767948647 16.43752208405795
v 15.299440684294684 15.278964369649776 16.19975354599589
v 15.246580508149677 15.268258363646257 16.230409795252875
v 15.23966040133913 15.236129543690256 16.31668581558276
v 15.237825493497079 15.247205490380168 16.274582614066187
v 15.293593544027576 15.247260402109857 16.280963252067224
v 15.185382008038703 15.25391278345511 16.265276068316915
v 15.129775491207456 15.248931435921236 16.299886179709993
v 15.219841460073305 15.158173511312249 16.52027738263901
v 15.228783212445531 15.18304197379924 16.46283990666832
v 15.277054851291561 15.170283350122771 16.471343584018836
v 15.12691840949531 15.209451578294187 16.445000420224282
v 15.179730903127943 15.197035817857325 16.453532826064592
v 15.116274195379516 15.186770010243757 16.502603774340088
v 15.283541600400563 15.208451156738576 16.371973302047202
v 15.233938012715683 15.202993629107807 16.41090575749317
v 15.236976958636724 15.220016162498025 16.36283393543745
v 15.135916527744161 15.242526161955439 16.34358209339225
v 15.192389699435319 15.23558541545268 16.351291668802148
v 15.132697209805558 15.227462980178071 16.392578135313475
v 15.537561294023385 15.219139729430587 16.25518580450217
v 15.466578113090211 15.209056578390383 16.31489299366955
v 15.503748613677335 15.215155902294082 16.283815496082234
v 15.508805320248356 15.24144420246087 16.242268551002862
v 15.472656938124176 15.252339997320298 16.233043514856025
v 15.327884446580653 15.177594872180567 16.428941913885254
v 15.336475301855259 15.219764588452414 16.33316041340294
v 15.325866929388013 15.19164390398235 16.38318705745536
v 15.374049454029901 15.183584223258578 16.390232030145288
v 15.421980070251244 15.196526008848663 16.35122994779135
v 15.34762298039297 15.274308761039656 16.207824323833815
v 15.433952382678914 15.26162263596437 16.224183650525408
v 15.392790475036726 15.269098913086424 16.215782224193443
v 15.345674251550852 15.25890353471296 16.24683179346165
v 15.344148043843933 15.243343277689828 16.287279951369932
v 15.425624190075153 15.218705409912195 16.30655435734703
v 15.382151647280645 15.226912795317471 16.298586489483675
v 15.429310043812364 15.239984776286992 16.264355238402416
v 15.628157508890958 12.23134050801027 21.868007852097477
v 15.23075571302898 12.646246511492963 21.475903021105267
v 15.418168438504157 12.425755714004572 21.698207478968627
v 15.514755950962352 12.293369700974242 21.429495285453918
v 15.408389192650144 12.317810370278304 21.080795156363195
v 14.633140553568648 13.420649800076657 20.65506768118289
v 14.760144031952457 13.239865841365782 20.85426413945516
v 14.923812950372422 12.928523324808717 20.531519683469018
v 14.84174094406394 13.079072109939355 20.69558820749755
v 14.790395427601995 13.110764739370428 20.360224106937423
v 14.897703992077288 13.040774751230385 21.07465106877486
v 15.058808763289624 12.85917458877144 21.25468697371644
v 15.534635285127369 14.053246686571754 18.253881030368056
v 15.52510868714604 14.187560783747662 17.980907169448937
v 15.597086070700628 13.86545831164991 18.775458894220453
v 15.565196412875233 13.974302970542173 18.485048926949258
v 15.379170360515289 14.130586158602487 18.39125483080123
v 15.469794105447665 14.053206754464709 18.438419923060433
v 15.006260369796522 12.784879239560347 20.363905503826732
v 15.136964866433582 12.656452137692096 21.128003594485424
v 15.066537653776958 12.720563622607006 20.72932806538063
v 15.232019646969235 12.531474034837746 20.891698988118645
v 7.937758258488548 10.34251095465427 29.04498116328367
v 8.371717268197916 10.039751729180908 29.261861852370423
v 14.146669354836995 14.200426907148474 19.230318362879476
v 8.806381154066493 9.709210280882349 28.52131752952581
v 14.10347369040728 14.336962405219689 19.068644029479422
v 8.83397555106616 9.752837560218492 29.438024784964075
v 9.417938237891278 9.58122145715534 29.370579546266747
v 14.451817781500495 13.824387266401729 18.7184803556285
v 14.367270408962781 13.89625556719905 18.860755184521484
v 14.375800678164568 13.935721768112664 18.628009707234256
v 14.369395145971708 13.833547110677578 19.363115505599097
v 14.364126903841148 13.860831893894982 19.107657733582478
v 14.448692652515382 13.736184426243458 19.21987440015874
v 14.21088793428152 14.09417613684818 18.894844132015038
v 14.275648762132043 13.969260748655852 19.015440468198694
v 14.19114856478646 14.060103260177145 19.157769869253208
v 14.424027337131216 13.781551857880896 20.228535640865324
v 14.51660178701483 13.604969789783231 20.441679999229553
v 10.149763063257485 9.584948423169138 28.955848561055156
v 11.048372969088753 9.870004425700515 28.020862264548008
v 14.487689708848666 13.691010864250284 19.742945330057754
v 14.406709938484047 13.804020212789723 19.904340707052324
v 14.392916379603385 13.826702036174474 19.60979690811818
v 14.199597345135281 14.056462663316504 19.395533115303543
v 14.28582423131556 13.934041845327883 19.51730527200438
v 10.175728464247493 9.666026113928037 27.890309071197272
v 15.512005968364514 14.773456973753433 16.878340509717233
v 15.520227743988183 14.84239644294047 16.776287817086338
v 15.50618493986487 14.640073756868112 17.10415814944829
v 15.507287308815691 14.705908828848212 16.98767505076874
v 15.416839721078892 14.800034426322314 16.943573152183223
v 15.463188063899278 14.758765366131612 16.961471055607504
v 15.408611823759426 14.740364934581997 17.05463888936436
v 15.51667543297735 14.30492356844608 17.744621013406668
v 15.510358891928561 14.398917222996804 17.555015424813114
v 15.378989532170086 14.50899905635148 17.4979248393599
v 15.445950953095599 14.462094694746447 17.5189784757064
v 15.380442172779707 14.442288641747549 17.65988151938072
v 15.507599221512992 14.487920391928967 17.38487398647292
v 15.506485708025057 14.56789588392732 17.236012513095528
v 15.134193290612291 14.70171850479359 17.400904683477016
v 15.189771184550228 14.64993909290752 17.430133668908475
v 15.108852003572219 14.633160304621942 17.568707743587982
v 15.344817794889867 14.714546108923626 17.163938806885845
v 15.265887645915152 14.672268812573144 17.299720532058295
v 15.285160858497612 14.743101767733723 17.156634027439658
v 15.243393785790424 14.542699504571443 17.610036984821026
v 15.24779151733953 14.597638717465328 17.459008402746733
v 15.312317510114493 14.553835422554725 17.478310530124812
v 15.455609893383564 14.630899273758642 17.200182638684453
v 15.39188259414375 14.601954089612105 17.323270249302187
v 15.400775767664218 14.676164559592815 17.17918666632853
v 14.602382656108126 13.4672871901292 20.276663662514316
v 14.56461499187409 13.568488995090043 19.605378183947984
v 14.589217666280216 13.533247132125876 19.901281653229166
v 14.682537774400334 13.328871480390099 20.1250447287961
v 14.747444377864461 13.1656515850492 20.018501610657996
v 14.515202117747323 13.673447807170708 18.846784966942373
v 15.236219419531619 14.478849050738917 17.78871387943998
v 15.16269942424304 14.526954402091247 17.766335818090827
v 14.526797009678388 13.63691305459147 19.08213081123405
v 14.541796260005263 13.600230764342893 19.335788380953762
v 15.453983909903934 14.286012229255752 17.90660595258783
v 14.838167781676262 13.066457088339327 19.826642169520408
v 15.377422758213797 14.248072413513324 18.108803838731678
v 15.38123314126525 14.359712570738779 17.857807397556098
v 15.307407635288605 14.418831334909969 17.824195061578617
v 14.632218084622737 13.43725435109041 19.485974298823805
v 14.71515303158254 13.341337900767314 19.32667011483447
v 14.73481844297978 13.26872668872116 19.637367846036625
v 14.034879290694988 15.875474709936396 17.262075818692157
v 14.044238973047175 15.72525846588854 17.197818942656372
v 14.039237446796077 15.799790803991625 17.22990332974878
v 14.041176939700424 15.824936355378266 17.337257428915837
v 14.043208745808805 15.772150063507809 17.418139531700866
v 14.061896090123398 15.430917911658115 17.073893882922476
v 14.071085277904942 15.507324619893314 17.09678073969509
v 14.099159569227764 15.548570899411922 17.28839494346144
v 14.097032192600613 15.530595614718568 17.183756219006842
v 14.097513294485385 15.472215977555962 17.260653475060174
v 14.078749372791911 15.582673396084006 17.120355525571384
v 14.06120582178275 15.652733626293903 17.158853810425917
v 13.97942657967237 15.582806917951462 17.74523763590375
v 13.975335658981086 15.514618594034095 17.852475021548436
v 14.031778224207006 15.714272846530454 17.513714161321996
v 14.003940230718584 15.6507537785727 17.62709566858206
v 14.061562344637306 15.496733039389541 17.515414474837453
v 14.039914787187763 15.573802393988988 17.564898899032613
v 14.087369588213093 15.564459716999291 17.409136320342395
v 14.066574844982359 15.674607514180426 17.26062695255194
v 14.091805784147937 15.623365639863865 17.323190406773463
v 14.073852812548598 15.697601344522415 17.365760965387796
v 14.25646660090177 14.92243709883666 16.75615449207055
v 14.211242818646946 14.971098804240405 16.803917052956567
v 14.160973809477877 14.944895452003102 17.024500274506327
v 14.169043290498852 14.948097541612727 16.91988431865249
v 14.201380592296433 14.888392073213991 16.974753560522938
v 14.157474191630143 15.017446001041494 16.856566214794864
v 14.11058747836757 15.06988101237851 16.907045241417563
v 14.06645284006491 14.898839447030086 17.547426970902276
v 14.127180694747523 14.931118777693325 17.37723535672839
v 14.126822862367742 14.842312861994024 17.471363967583176
v 14.114106170267187 15.085625329304134 17.214855728141924
v 14.132507450846527 15.016950681079178 17.285495650427567
v 14.092092413730462 15.0807867981572 17.341403536383996
v 14.181975652467006 14.876399160849758 17.196898356979105
v 14.16097674649659 14.948371869022218 17.238484640771198
v 14.156748744869867 14.944138484958751 17.132355190071834
v 14.064294113231073 15.278563592696187 17.015543794095294
v 14.06098612735261 15.352423021438394 17.04554961271984
v 14.08272323265931 15.134250195238366 16.94933413983564
v 14.060041152151163 15.200893208951102 16.989275052814495
v 14.05769041813394 15.215223704800263 17.19819322146554
v 14.064707292884247 15.210242428176873 17.08849713332784
v 14.084050667011567 15.1470182758396 17.153507770703733
v 14.127704565245686 15.007258784716221 17.07166561455307
v 14.110199832771968 15.078996730792134 17.110011148950004
v 14.098978291242048 15.068815910430187 17.01267526252085
v 7.292517145262034 11.16224104812336 28.15940999360106
v 7.505697273513023 10.750232204300147 28.66673884929485
v 13.951846625058458 15.083999893929965 18.52258929206281
v 7.234139890356511 11.627053126627054 27.4853788871269
v 14.03772231016291 14.787245692315054 18.495477609077902
v 13.996504417644093 14.881401227565647 18.586461746423744
v 14.01468106773803 14.886733502389685 18.37121669638283
v 13.96155098276501 15.435274205067026 17.98056016721487
v 13.950292257066858 15.354590858419934 18.110430361483235
v 13.995914891219474 15.16914534142675 17.99482157570776
v 13.972209432412287 15.260361190588151 18.053057315631794
v 14.00757978629545 15.256320692712375 17.869781403709627
v 13.940552852153871 15.26775043162231 18.248614723487755
v 13.93890444028502 15.177047072688639 18.388085398338372
v 14.024707321643287 14.779201987046738 17.8305927320924
v 13.998031479806773 14.86580351337236 17.889878893911717
v 14.019606547007978 14.874982503920078 17.725547919987363
v 14.014043338983587 14.882103202745515 18.193290319310545
v 14.0092017029804 14.875550867832551 18.03370257038506
v 14.048536360746903 14.793929143132022 18.12062860016203
v 14.024116876714132 15.071471361388573 17.788440564794545
v 14.009163358707305 14.973601381354351 17.913540881837456
v 14.004095466635798 15.071542432318477 17.95250346750223
v 13.97984763470399 15.083680328245372 18.304475986652005
v 14.008635408308114 15.084855515906703 18.103893082289293
v 14.002801709162053 14.9850889203353 18.242191125824096
v 14.06960376155005 15.369144857686772 17.14321341752982
v 14.071279357678748 15.232131401033948 17.300752716616756
v 14.063932000070041 15.299878661946755 17.2241621384279
v 14.088419307635357 15.389476837476359 17.23782359722462
v 14.084346919880275 15.4028963359872 17.351157420674493
v 14.035241954462764 14.975240975687065 17.605710368821185
v 14.048596079161783 15.166750794233941 17.659505167760095
v 14.039869355439464 15.070834379034823 17.634661873310588
v 14.05452778540466 15.07009933722381 17.491604436842366
v 14.06656917765674 15.154821669066447 17.390911915522643
v 14.010238806968532 15.430169812818795 17.788742108419655
v 14.05859589603351 15.410557419050004 17.488300184747512
v 14.034424848282224 15.41970782962158 17.632937719649732
v 14.022704859056173 15.341436197981146 17.74578504095526
v 14.041005144106395 15.256228180704163 17.698009903903053
v 14.064437667299769 15.240548860143326 17.42294621850611
v 14.053546288845336 15.248228690067627 17.555598400539097
v 14.059682007524238 15.325101380244039 17.456970802119372
v 15.4764870209981 14.882074305299144 16.750558433053772
v 15.362621896790941 14.830597819801138 16.923026316357912
v 15.426192857647454 14.864533278057673 16.827055421208645
v 15.435713804114956 14.923117008926303 16.723980154593228
v 15.395737989767145 14.960993780574128 16.699571812303397
v 15.083995820160455 14.766358782625991 17.34553208316764
v 15.16423307772787 14.78219164711086 17.224012288759823
v 15.209679590571012 14.905696347463921 16.948525283010024
v 15.18329070413423 14.841079227470921 17.082871769705438
v 15.13557255132553 14.888329406513096 17.0473387683963
v 15.233697857735697 14.79347771959975 17.118542323443428
v 15.302942233879575 14.815527921625659 17.013676667243196
v 15.286018882696835 15.073472222106766 16.62748914107527
v 15.242544011148645 15.0979889820969 16.61234492955264
v 15.359461832319711 15.00263152655012 16.67272975592396
v 15.32527639541244 15.042678200850919 16.646952090142086
v 15.191239721539507 15.001230553582655 16.8048917518134
v 15.264422820972708 15.02590733855135 16.719120187339062
v 15.230315139795396 14.958643198546056 16.834153240376324
v 15.325189067962455 14.888206698087139 16.881815027100107
v 15.280190714635458 14.928265738774737 16.854232664653352
v 15.339726429118908 14.94333272928261 16.77425352558893
v 7.919747641476301 10.364040430420676 28.035201169491973
v 14.080016601757512 14.674192322713628 18.43246886037838
v 14.056433341056607 14.651562637833614 18.668328151312757
v 14.07017357415509 14.49585046544501 18.870516878856396
v 14.119763683653868 14.375927451268733 18.792532792654562
v 14.084240973793362 14.69579975273471 17.75644960595886
v 14.063970556706854 14.678061172989711 17.926216631264836
v 14.176838617213152 14.480924360891292 18.103362130754387
v 14.135729805843425 14.593954667423526 17.995196027875565
v 14.1843752067889 14.501462988762672 17.927147884069146
v 14.076569449849215 14.68227699552783 18.07471971772627
v 14.090145257651557 14.686682723065466 18.23164810749247
v 14.309939509401604 14.076984606746155 18.495482213725587
v 14.37934538057752 13.99528911223615 18.387295545996604
v 14.168324945012381 14.25597459726447 18.715585177201106
v 14.21735490491546 14.14083184429992 18.637853769505274
v 14.278097574186418 14.269821647140393 18.1366643759734
v 14.241354007754088 14.20110757470091 18.382194500020496
v 14.213847549433627 14.35189215521351 18.229832496954373
v 14.116010792480242 14.558273023248493 18.375335549321274
v 14.171219624911702 14.458999346021036 18.294417745116164
v 14.152010971151133 14.424058432153728 18.522054416147604
v 14.298915187237732 14.857917339577684 16.796600330491877
v 14.369302594222402 14.71286658684582 16.888805269052696
v 14.327012046504983 14.781422889974323 16.84544303961906
v 14.264566915223277 14.833281681095032 16.90936614445486
v 14.243123408667806 14.817079899992489 17.021758831622833
v 15.19107047219887 15.117700821479538 16.60064694517808
v 15.14231843016683 15.137949104366028 16.588616332125167
v 14.349918346670751 14.569735042383792 17.191710550200725
v 15.061122059071096 15.122731733237986 16.661641727558827
v 14.383919188083249 14.477440981979413 17.256653383908564
v 15.090702054107883 15.157008325811358 16.577525152426116
v 14.405530060802336 14.63544527262842 16.938340104638613
v 14.182332837376096 14.768988438502028 17.400691984223524
v 14.135371327412644 14.734166334451578 17.565805879310194
v 14.2248990409658 14.802686001512685 17.140019908403918
v 14.204299166556474 14.786476597003448 17.26561595085251
v 14.262811670321982 14.60002870239979 17.40669993689578
v 14.227175918025424 14.691219391743704 17.338731918163877
v 14.296486690328017 14.635442582885048 17.259096211577923
v 14.339609708863971 14.683067160905034 17.007785815924453
v 14.312837148630708 14.655236031568453 17.133149821066024
v 14.27922397706928 14.739132989707846 17.075251368934378
v 14.397332834982164 14.058857473059119 18.150331804963745
v 14.298654197516782 14.313400658741221 17.931011359165097
v 14.340089591885365 14.184390673460694 18.04403887480904
v 15.040356275225635 14.860463202190498 17.172358205938096
v 15.070391136487501 14.916485194382622 17.033421605421804
v 14.17087999816987 14.636735706999442 17.65117895491041
v 14.292569933665256 14.495643765840791 17.49131718540005
v 14.237735696063085 14.568911337252791 17.565324194900196
v 14.203890945998124 14.52977974312543 17.745825081060612
v 14.252408454776196 14.427963396820548 17.832302811831447
v 15.16934009776849 15.079823154618419 16.685818445645705
v 15.107275738162311 14.977907409281766 16.900529626982372
v 15.142531934197395 15.034650221945808 16.78393525867408
v 15.089295292224037 15.063064800189023 16.766936232002028
v 14.366171003281249 14.441706402145808 17.40175464971895
v 14.319467795063352 14.356830628819864 17.740986539870697
v 14.342960932668095 14.400500260216674 17.56393847966849
v 14.377001996490655 14.280385620675608 17.65990217520086
v 15.845698001003552 14.436134365880124 13.56497613006799
v 15.739417543158059 14.37813304227997 13.762099562571347
v 15.790008394182447 14.395938599951746 13.650360811157853
v 15.76160928584125 14.535544125991226 13.66530411852577
v 15.68565013292677 14.629496531641731 13.762285120675605
v 15.771607027780169 15.128330276079499 15.04730774415924
v 15.785303577768639 15.101863639415624 14.960169995940504
v 15.56481382091614 14.59200933876167 14.088924599188498
v 15.757828355405008 15.11080180963328 14.886251229856041
v 15.719541830205292 15.155497174744424 14.919756869346795
v 15.798914336389377 15.06316635026815 14.850727713897475
v 15.817258946267302 15.031881578172893 14.741194468497062
v 15.493325667521189 14.872055167359301 14.016276804790957
v 15.438497253437962 14.9404088142467 14.087708801924983
v 15.610196265169982 14.699195840342632 13.823718997983388
v 15.545691681031053 14.780363315700903 13.908496284266027
v 15.488791938250003 14.778939505331 14.157264146179436
v 15.514586961830323 14.775872742697425 14.032133030936635
v 15.542354825861096 14.69386415830972 14.072985439313072
v 15.667300704945081 14.49738845670322 13.880850989813359
v 15.601331204351107 14.599398297882665 13.980169707238197
v 15.641904574878222 14.612676185938824 13.872259707892944
v 15.699613376678252 15.275221484166456 15.513964233699602
v 15.710043026920587 15.271210957129552 15.478106413152046
v 15.653735845304672 15.262470085343525 15.382497557093508
v 15.683280076268156 15.267669527939935 15.43273049847899
v 15.649683487905572 15.27915571482017 15.433175976610901
v 15.718780900472515 15.261388715230714 15.436277787496548
v 15.72678675146856 15.247593083638346 15.389101995348868
v 15.528527270103197 15.276856767793417 15.170056011746173
v 15.561041566834403 15.26857622296923 15.22519512691863
v 15.527521841615767 15.291516636140125 15.235514280792355
v 15.631934266526873 15.225974728527882 15.208769370204514
v 15.59604487915251 15.246896260256829 15.216475313380517
v 15.599974383635223 15.229509990845742 15.148756611923995
v 15.591450947752874 15.281650161903226 15.338953747392592
v 15.595707495404152 15.268787993816025 15.284214103935698
v 15.627010007534361 15.268201374506337 15.337378940659965
v 15.748389112924167 15.177254827744497 15.200927364953301
v 15.759422007060033 15.15626451952323 15.131603376936152
v 15.734343608648455 15.229105179521573 15.334660354859626
v 15.738577894699269 15.197216877400484 15.264752029368454
v 15.679811250541244 15.194971591184158 15.14216984341118
v 15.71100152685311 15.197810577337808 15.207683033343644
v 15.67064902750143 15.209252281200804 15.205580214618754
v 15.660435344365352 15.249817178309787 15.33178584464114
v 15.66314093027244 15.225569864841185 15.266990911811757
v 15.69560086137514 15.234458751741844 15.32891035864202
v 15.073120726342868 15.275796298812864 14.388609164967004
v 15.04426870956339 15.329337983243654 14.453594287961767
v 15.160279786858112 15.181110983014952 14.294220517489544
v 15.110430530421567 15.22449539245522 14.331842618549697
v 15.053498272243266 15.170025773530133 14.468528034079105
v 15.072369514734028 15.188791004245372 14.385352893328609
v 15.101585546500091 15.12764488033103 14.434081520104673
v 15.374071581144372 14.989403209826145 14.125807544701273
v 15.320673831225934 15.043733490740637 14.177281253594433
v 15.268313884059674 15.010523207535352 14.35650227187148
v 15.296237133947397 15.03002656818793 14.275436424032772
v 15.318322277801906 14.959217255977459 14.312857842841694
v 15.274112261480553 15.101368379164132 14.237792048998347
v 15.218794799037788 15.143372873535007 14.269954467107333
v 15.142185794908219 14.909759924924952 14.612027460129024
v 15.165058151342741 14.924191565175594 14.537072987816167
v 15.189729498322457 14.861351848610393 14.577231791429238
v 15.131665604819249 15.06875764947035 14.48412084256423
v 15.147701235885991 14.996262178987132 14.509551808317884
v 15.096656471430446 15.03772732498998 14.538359467257198
v 15.253570500103232 14.910738913654011 14.450720134770249
v 15.1996984727274 14.953476582976679 14.479672270259613
v 15.234001862843266 14.982280180658652 14.420132133197283
v 15.184380031843723 15.113002278903325 14.334903610436628
v 15.21492228499515 15.053808986805132 14.389104526871863
v 15.159618824342887 15.092807274238163 14.41505337502634
v 15.731761896819679 15.157979340100002 15.063352942319904
v 15.654449945645649 15.211119056455475 15.089867669932946
v 15.692456341266517 15.184733328476817 15.07662009333396
v 15.70670973835609 15.174683451730935 15.006562418114068
v 15.475781949305183 14.67638706989975 14.273421181496609
v 15.235051248981312 14.801390266408196 14.533373039583333
v 15.308051674751686 14.861259055883812 14.41709829684563
v 15.269670643119825 14.828517332349845 14.47205671724999
v 15.57195699388848 15.246952785983483 15.097017588105052
v 15.611351163914527 15.225964156383649 15.089815078948506
v 15.406265259560909 14.924054864267813 14.183190985210986
v 15.456852667687786 14.770937790531674 14.25745189183699
v 15.429799320803768 14.84392943759072 14.214671160682602
v 15.373050658468985 14.903779095279909 14.266276869820182
v 15.338404465597332 14.879271544852127 14.338214421336948
v 15.378782864838398 14.714550064524541 14.391571502938913
v 15.362997818729218 14.806480367926678 14.376515139409365
v 15.414723939788386 14.7365063345127 14.317344802683767
v 15.588121921648419 15.358683424965557 15.95936120760897
v 15.537743286139312 15.362164388867376 15.925730042395811
v 15.565822471334629 15.364014035724503 15.94316075653239
v 15.593256138936878 15.351552181193743 15.933788404799731
v 15.600724042248716 15.34807479714967 15.908418805831259
v 15.396018528915912 15.339877875320584 15.841746111444404
v 15.432267772331153 15.342700028069798 15.864285554604834
v 15.504871920508524 15.327959254974749 15.846964256935115
v 15.472061770412889 15.338740721377171 15.85621690339816
v 15.472797644483036 15.325630766434635 15.824916858395353
v 15.470772474342295 15.350763576377615 15.886404519918399
v 15.505586228752332 15.357133614993911 15.90667495680204
v 15.621318322643479 15.334010312176243 15.829895682355867
v 15.632589782292463 15.336918488138 15.805300526154273
v 15.608486849698888 15.344987771822305 15.882677736622062
v 15.611582054264401 15.333918381414856 15.855316336203908
v 15.551595713982076 15.32330080412926 15.81227147472513
v 15.581276609984082 15.326873963902845 15.833960242541929
v 15.541736377626119 15.323898292382204 15.839433136608964
v 15.539842492134662 15.35103498194664 15.898114666319458
v 15.540093785485787 15.336761834216738 15.869091793637944
v 15.573736908021214 15.346239755528766 15.889973154364712
v 14.668156796238343 15.10686724566082 15.448013601352578
v 14.668983796757662 15.046845136794445 15.470440131904665
v 15.217105313995217 15.344515562637701 15.632437462836776
v 14.664467543387612 14.965485037381457 15.422405930194607
v 14.672350168659142 14.956024436172445 15.354787618130237
v 14.665958129806235 14.98183381415195 15.492076466737116
v 15.220954605944211 15.367473548671395 15.717113814034732
v 15.401685819598997 15.313321019965002 15.609912936460915
v 15.360756435198699 15.32284259187664 15.616362822172016
v 15.36860019779655 15.318690943898384 15.578927846486092
v 15.340326101189213 15.325662593130845 15.686310813912984
v 15.350592881237919 15.324360665915634 15.65166640756794
v 15.387355323531912 15.323145369975833 15.681925058852151
v 15.271456439953784 15.329573190263694 15.585653444613804
v 15.309414167892026 15.323983202594805 15.618170006318122
v 15.265302379902002 15.334753990559179 15.625532420753025
v 15.334120366153053 15.353279470260116 15.79636153330605
v 15.366078234074015 15.347549636639995 15.819247110431748
v 15.26862123402545 15.368765652991788 15.747961150446747
v 15.301119175141118 15.359913414065211 15.772413131958599
v 15.370178255525428 15.32886829859782 15.749497241914877
v 15.333935823020743 15.3421330007677 15.760042298331443
v 15.335196206721527 15.332108997318477 15.723105396788878
v 15.262694947948201 15.3432565258045 15.666264370685573
v 15.305107639682864 15.342274541885457 15.697738009627926
v 15.263698781100475 15.354542786496467 15.70722745859689
v 15.686312471986678 15.302028963845068 15.59852391303209
v 15.688792543632276 15.282420986828038 15.556511780246119
v 15.676537864351694 15.326215075652957 15.668309517094322
v 15.681295205336541 15.314446683425086 15.634418606436835
v 15.615003283950706 15.28960242523566 15.560950153270143
v 15.65063516869444 15.304617038281847 15.600495717262895
v 15.614278150604486 15.307611133987452 15.602755716434444
v 15.641813722457973 15.335729120171344 15.778151907330821
v 15.650810095397205 15.334416735280165 15.751937521839887
v 15.590802198420576 15.320332055918335 15.69741144777818
v 15.61931610675708 15.323163341682811 15.723795333993634
v 15.581480307304206 15.32156617583898 15.725883665490771
v 15.661219272294726 15.335654256798739 15.726343063624656
v 15.669519691228698 15.332561432815956 15.698616903374132
v 15.452708680690233 15.3032494953376 15.569384506439993
v 15.486172935327184 15.301277561907497 15.601215508839102
v 15.442764475194938 15.303720830344886 15.603467051972709
v 15.574570506555114 15.307484564351299 15.603309426732567
v 15.533217301533385 15.306875347054252 15.603643193785961
v 15.541052448447463 15.302883308262633 15.569158190381424
v 15.513925819385827 15.308646062479104 15.666911714650823
v 15.522263964930996 15.305973158558146 15.634663809447886
v 15.555792996760816 15.310430673266731 15.665662660265964
v 15.639188669871782 15.322675099585096 15.668223583228883
v 15.598926255249832 15.31716971436133 15.667219351393214
v 15.60841900714372 15.315873071501755 15.637257568544557
v 15.401218474203022 15.33392732382891 15.809249311390678
v 15.412070697889629 15.321705676853878 15.742471910415354
v 15.406920672508479 15.328271897780988 15.77627223990997
v 15.438609166658495 15.324251097185206 15.800500226560894
v 15.478752487785627 15.32006185998896 15.793559470016778
v 15.436097057809747 15.310004553695574 15.640119015193063
v 15.509622677193565 15.318353218553115 15.702025496660246
v 15.47292123082869 15.312540862042058 15.671406919501234
v 15.4292202012344 15.315575292283107 15.675560447812774
v 15.423220439314422 15.32176776665278 15.710394929657229
v 15.605041056540744 15.333084053156657 15.782051297978777
v 15.523268466876324 15.3240963518798 15.789322738547751
v 15.5665001932366 15.330542847453613 15.786187891738379
v 15.574703854938539 15.32737483777721 15.756765140170316
v 15.542746023403202 15.321996277863194 15.730070930549909
v 15.46163189448649 15.32636302751345 15.739823790145682
v 15.50349555613907 15.324629921316054 15.735006944795174
v 15.491495553451557 15.32280020611488 15.764450359186268
v -75.8070505992532 10.18239319771907 -42.9620057425086
v -72.26581328751482 5.722276247445436 -47.96862151373958
v -73.7827338064083 7.975950802902538 -45.293248075520744
v -74.00315928151834 6.809973329752607 -40.45517102893023
v -72.863248215329 3.5166624120505308 -38.42489166692225
v -59.15875306270692 -2.01812798948297 -52.76681229508111
v -62.61755745150336 -0.23237283355062388 -51.904644655249044
v -66.80964992516274 -2.8572440035076667 -45.010263491191736
v -65.33539299229734 -1.6854299755398898 -48.93680280532982
v -63.16901206471496 -4.554258201761414 -45.892043063413354
v -66.07423607252377 1.6396500415514694 -50.90312387983282
v -69.9389481431554 3.5242255079626528 -50.093671157052015
v -65.39561383213058 -4.789729335574915 -30.281538796996614
v -58.9108759706982 -5.995950536851819 -25.507749434559045
v -71.89544635866929 0.25664092393744475 -36.5367643849079
v -69.62625043964645 -2.599401762572718 -33.93197735655267
v -64.0617683055467 -6.210574191031796 -37.05169604670057
v -67.21374522940448 -4.526304635576217 -35.763770274588175
v -67.29163802789692 -3.7808656806429966 -40.45530446980563
v -70.33809278756615 2.4452086810641234 -45.21920366392701
v -69.1390727223072 -0.8045264527916984 -43.0375986531546
v -70.98565635736566 1.3604475563409206 -40.71616643909641
v 15.004407074641238 15.384689733169349 14.515367771576882
v 14.970578796335959 15.428067591247963 14.56248301831034
v 14.883410493824632 15.37387304950948 14.666372623046382
v 14.919653437063786 15.396817068254736 14.605300115197107
v 14.911583775055833 15.327321779077653 14.615833868584238
v -29.579277376867203 -6.737729783811929 -43.71978374362422
v -37.55914934868004 -7.953375310973499 -49.965634357255794
v 14.761342456911269 15.296346185390158 14.92073822814136
v 14.793768192263595 15.316620683795222 14.861304754988865
v 14.790623512827239 15.252564225732282 14.879216314605255
v -43.07771047849525 -11.481849185743584 -41.7930620593998
v 14.801345582481439 15.382019994580924 14.847884259540503
v -42.07962300734436 -11.293412574116132 -36.569887636659125
v 14.86847112858834 15.300676698215785 14.770383194255654
v 14.827509769048998 15.337750276036786 14.802241090920047
v 14.86241089002168 15.359650063065585 14.7436467113076
v -50.69441533705411 -5.000645335551358 -52.6702382590762
v -54.69321350749526 -3.584635601305564 -52.6856338233456
v -42.6010138734167 -7.39817563684959 -51.89798022673102
v -47.07648013174069 -6.427244806722232 -52.87028010325615
v -51.797632891618406 -9.305754437630895 -47.62450668003422
v -49.826074846689735 -8.010132212904075 -50.646283242205
v -47.608448757534326 -10.370824144775852 -47.31442982281398
v -33.796699994340024 -9.305059986702886 -39.90517443102175
v -42.019420724421494 -10.663200233530109 -45.29799556033742
v -40.07304502996379 -9.434138087208193 -47.96497016257181
v 14.63204106502386 15.213143852827296 15.385201341447715
v 14.652087357228615 15.166944172901589 15.41542261233572
v 14.622689329922784 15.321978238513168 15.338798131724134
v 14.619098177783862 15.263613784173819 15.358036755042527
v 14.667114317741625 15.176231345246231 15.277648701561477
v 14.635865923566378 15.216291689954081 15.314650347034872
v 14.66512875512078 15.234144283142331 15.256358629443394
v 14.582586256741925 15.52662303133626 15.235706143605938
v 14.57627696353865 15.469379289776906 15.253061581270364
v 14.655240306192999 15.401312225508715 15.190380074343587
v 14.624911852230946 15.438851666917436 15.226587533029864
v 14.666668073422565 15.461276771025513 15.177479588576297
v 14.588554012434944 15.418597938243563 15.28023818369057
v 14.602754026770542 15.369071044341075 15.308157629232415
v 14.749751350165607 15.227303840013679 15.017940814603843
v 14.732064090776232 15.27634615861944 15.067584278231733
v 14.744358598131686 15.28490868541337 14.995104225387603
v 14.676210055657233 15.2416992244872 15.186762841002048
v 14.699823713137329 15.256506433026194 15.124400217068077
v 14.705085628111842 15.199698905652397 15.147491678950995
v 14.710383126670456 15.378673860403488 15.093301663605663
v 14.697523418568155 15.314375461970494 15.103435255485559
v 14.676518436486809 15.358310632480901 15.147439196642358
v 14.643106420752869 15.335348088654971 15.277182077802403
v 14.659112512093108 15.34651198501394 15.212403466316015
v 14.65843208915285 15.28866474089604 15.232112532586852
v -57.99678829629319 -5.191288619637845 -50.52113408229542
v -52.46919791213092 -9.995708842023681 -43.34746373494857
v -55.9668277555553 -7.969485750777409 -47.540646380530134
v -59.770755466533814 -6.369623518318011 -46.94794912294689
v -61.06053264528471 -7.396859602292238 -43.075390197433286
v 14.744660774533624 15.345252611234924 14.974066442787795
v 14.702722816162014 15.432909337989384 15.066737598323256
v 14.734084048177577 15.394914985787409 15.029415153687708
v 14.754006281474357 15.409358488218444 14.960896595484327
v -47.88998590094759 -11.28101519110502 -38.33306792024848
v -55.11934773858377 -7.241863688500722 -26.118084858061728
v -60.66972814282617 -7.897738096756818 -38.07705246651513
v -58.68887833638857 -7.854232462909376 -32.3639829719439
v -50.58804279793013 -8.079582754180212 -26.103149717980763
v -45.32911281677215 -8.416547892476924 -25.36110142322235
v -52.78729315608112 -10.567450942346188 -38.97454298439832
v -51.52109388090996 -10.493061394044148 -33.63874507373821
v -57.230756400274984 -9.471771436376045 -38.98844741226076
v 15.663226504902202 15.28084353480246 15.517169207043235
v 15.581974456946142 15.281220510711131 15.516039595753162
v 15.623349136792175 15.281200016729874 15.516756298202223
v 15.637367452351981 15.282411877169512 15.47732052757418
v 15.610895017464303 15.286106296070484 15.436513214215907
v 15.412365222622551 15.300219350696146 15.524942463123766
v 15.463565372426814 15.303872929654345 15.52854929137292
v 15.484891769272371 15.303076509247525 15.441746587438727
v 15.47723785859092 15.307728977803329 15.488933561586311
v 15.436617993910275 15.30425770239999 15.439312807640741
v 15.50843123414564 15.302544787030463 15.528664125049483
v 15.546535992862912 15.293920756977398 15.523746208681983
v 15.516383818658365 15.295315704013436 15.291725799106803
v 15.485146015732509 15.306613321313813 15.243723370236209
v 15.583938208093308 15.293008988143555 15.394953831538913
v 15.551479523464927 15.293816474848562 15.345311583688021
v 15.461384368994919 15.307329771747881 15.347414253815192
v 15.508100219349025 15.301988018644264 15.34779193932576
v 15.498039029023065 15.304968317384734 15.397557412948649
v 15.556732778274258 15.29061833452702 15.480213620028458
v 15.524838343104996 15.292525065084378 15.436102566939024
v 15.568467604743589 15.289023334053221 15.43609130683669
v 14.660544522488681 15.100709815409328 15.37274692710234
v 14.70053097794354 15.125056345385024 15.244258841937395
v 14.679365930866853 15.112147869863913 15.307988350448065
v 14.685407385953415 15.042472203616642 15.335671740398087
v 14.696777433005636 14.9713472868652 15.289683616231283
v 14.781687792282689 15.172928835456945 14.976932809344763
v 14.760231832207435 15.160369412226881 15.044636239994702
v 14.77172173710924 15.01611792265281 15.092158248022697
v 14.772776237327005 15.09400674386779 15.0732731811779
v 14.792990728005194 15.027291222337853 15.022616121844191
v 14.748275479931142 15.154092390604239 15.11778037345207
v 14.720115979801912 15.136712170637802 15.178022378925574
v 15.32567090208342 15.32223563702773 15.53721621844091
v 15.373138511216041 15.31628237369007 15.534542348439983
v 14.723544523702657 14.907603516603547 15.248810318871183
v 15.276214540888402 15.328993187891497 15.540299953952799
v 14.797702918718615 14.86727925364471 15.065102014382761
v 15.278561095652497 15.325902303588634 15.49159090634469
v 14.76978105351513 14.933665466916292 15.111519787748158
v 14.723024297348413 15.064319519238877 15.202063572437782
v 14.755538836082522 15.008094250065783 15.164182079950239
v 14.725367460348188 14.989029592495392 15.226352622733073
v 14.991520964561035 15.296587925931956 14.497912252218233
v 15.016430135123786 15.150431888046397 14.539198994480001
v 14.996646218256373 15.217963800478628 14.507563204966218
v 14.948530858965679 15.270495679470816 14.55643504875526
v 14.918390290856532 15.253115179265327 14.629685059265228
v 15.110429389531 14.899622493978743 14.689623359122074
v 15.082502713028873 14.956036534828755 14.64525667955988
v 14.984399762295755 15.062891457895077 14.732124789667635
v 15.033463079739814 15.01134398150959 14.690766108891456
v 14.996618335536503 14.99179581288369 14.754929532693419
v 15.057751837961515 15.017304239380412 14.605716374562622
v 15.03793374356272 15.083970715344686 14.573670117768735
v 14.839912551934406 15.207881550749233 14.845792483204928
v 14.814252715056243 15.192773265811047 14.912856302428507
v 14.904325307891009 15.246556048929017 14.719713966274865
v 14.876456179896815 15.230271382470011 14.788082825701796
v 14.892775882383688 15.086145812622352 14.82476565453768
v 14.879028125982845 15.154555344846678 14.80030339088744
v 14.921612415010992 15.101477068711258 14.755875574177436
v 14.990921429951019 15.139470614306813 14.622853802645558
v 14.964259034212992 15.127244841768645 14.700542457904096
v 14.938290265936924 15.187524239009022 14.661395264731626
v 15.373031154777028 15.305465193877849 15.482355175994448
v 14.828894824603879 14.883037514391825 14.995242385697463
v 15.321006204017596 15.301449545086037 15.428195617089528
v 15.380376742941005 15.30241929987301 15.433512992873553
v 15.394114550377083 15.3063132085054 15.388817105945112
v 14.818064263816206 15.119089625531123 14.933045720515574
v 14.910456029124928 15.019906563595928 14.85764240110653
v 14.862920742315422 15.069234156692792 14.8947544789686
v 14.82755597657807 15.047888931372855 14.958581301948577
v 14.832379967282007 14.971251291644922 14.980167999180397
v 15.072176801438065 14.876225140488954 14.755120353870407
v 15.405492123427118 15.30706546419003 15.339101305550756
v 15.41412827700226 15.304301825858388 15.284264040547978
v 15.010184198196399 14.917339880197625 14.781125795768181
v 14.958924523714025 14.967948073847314 14.818389202522948
v 14.873521506369231 14.912637551548428 14.936812596974649
v 14.917374228382306 14.941443964509137 14.878428577228851
v 14.926560288652897 14.862658882525436 14.902152123441118
v 27.768534751898947 16 7.781988427692577
v 26.636733930788402 15.450737659455033 7.645750465004859
v 27.18550832133201 15.716883262115198 7.7118710807462705
v 27.473846957951473 16.290414885797325 7.498220728518078
v 27.45087937291288 16.591303387542574 7.006308487275264
v 23.93982138871446 14.642789365758311 8.153662886843208
v 24.532192529139852 14.816060123710946 8.035913386175014
v 25.542353406353115 15.734490574009119 7.090537989041481
v 24.815628596330917 15.267265980607647 7.769825749795864
v 24.64472303436466 15.50957176997028 7.457060825838164
v 25.29778224182279 14.99321425243949 7.8033577733528805
v 25.996450523157893 15.206347489927822 7.67722691946839
v 26.61190837585061 17.472524377149977 6.0946729513417175
v 26.248176229206955 17.75179428842474 5.872486854214102
v 27.229891946984345 16.89157965729099 6.650297105245448
v 26.962731325743416 17.18707035355668 6.335589265601101
v 25.745053344021713 16.55285163492864 6.369685918681554
v 26.365933184419216 16.86159163852857 6.322478375591821
v 26.01818441963284 16.27874909694254 6.646266208703825
v 26.496334681878388 15.722237496649468 7.261871581951327
v 26.307426138153225 16 6.909891159561685
v 26.86541904178124 16.28752951239333 6.954611320948743
v 19.769941674640005 13.977609674343542 9.900106234827778
v 20.227588509169266 13.988611408138372 9.603313358222778
v 20.47233202115086 14.540371299350003 9.225374398579316
v 20.357949167843653 14.255067626348936 9.402008487430475
v 20.05630115279787 14.465283019192853 9.436766866167662
v 20.71103359887824 14.017599244354956 9.319258066911132
v 21.163595552806957 14.085212440827235 9.122382703996031
v 20.80300986936647 15.82242749260642 8.717381960562376
v 20.7007805016734 15.490223654301623 8.873094167468178
v 20.384580047276195 15.67232181000896 8.905600457112499
v 21.449592723248898 15.0841562123323 8.716186253562352
v 21.064232195726277 15.29379390181067 8.795779167623735
v 21.58075525502602 15.430959601096248 8.536582148610979
v 20.161483200341245 15.063125648301375 9.266578738236177
v 20.625103300851762 15.16582526584571 8.989196770749928
v 20.50711888044699 14.861179529926698 9.170089417368779
v 22.70103235871118 14.37142658885843 8.54699800828869
v 23.324392692972353 14.487699894010227 8.311888724241289
v 21.688635770273425 14.153716238029498 8.876910886648552
v 22.20948272694103 14.247011568211525 8.67537716988574
v 22.51154892906199 14.973166961985893 8.290721371099934
v 22.309574860376657 14.613966697530184 8.543174150707742
v 21.87581422271723 14.855194971730864 8.619922767093207
v 20.935271428808015 14.625208423657188 8.987370060821966
v 21.397013221787788 14.73242480923848 8.795422943952303
v 21.327279803445506 14.388737796489238 8.896722557790147
v 21.33130846654134 18.53651295674558 7.933294932287515
v 20.833139804200382 18.592744404591716 8.179815524423773
v 22.35173248023705 18.35537779982401 7.539851500971787
v 21.828530112618303 18.452642770857267 7.734530286323551
v 20.843893662273867 17.832705604609302 8.162415416550678
v 21.34330920807144 18.139472687838882 7.910160617744319
v 21.28471215277016 17.724764059639785 7.994792408752582
v 25.68378920235194 17.99945525192156 5.835328049777271
v 25.14941701077887 18.22361219489271 5.823863017810076
v 22.745994512224833 17.314345237194992 7.526968242035148
v 24.31973536491565 17.827608125537097 6.167512217349218
v 24.071237802856878 17.272786816766764 6.444144430118207
v 24.369731030133114 18.362844429753693 6.1271771448457795
v 22.952318709033182 18.25642028403494 7.294576114778467
v 20.525319855589135 16.338196270434416 8.677878663692013
v 21.02618042176414 16.54506435416747 8.37975171347048
v 20.8977461820959 16.181075012083376 8.57373695486011
v 21.22011351506582 17.31897389102674 8.08964540656881
v 21.170420249413546 16.932527049985286 8.162596892810406
v 20.767160722607816 17.07323047971697 8.286571920987043
v 21.951888831526844 16.606882946868637 8.040247005153194
v 21.541792159562345 16.772801733159767 8.116417063516412
v 22.148491908390753 17.03329889108992 7.782051952040561
v 22.330208841547588 17.914603066300085 7.559439089427903
v 22.269114932780994 17.47240227701229 7.631237547445105
v 21.725347281085405 17.594878686454436 7.864734830759213
v 23.608556925712342 14.880935776319747 8.015972069793325
v 22.70197834939365 15.366000519346144 8.069991310105813
v 23.183089703767322 15.125997612958782 7.995994935712698
v 23.798543904292753 15.313045129886186 7.818201390394357
v 24.214019838246465 15.75766893377009 7.383146421803573
v 21.347485808579314 16 8.38987963133027
v 22.436557226567977 16.420330853616427 7.903402779722381
v 21.847929383020677 16.198759744379494 8.180073628799953
v 21.77667410897087 15.803662083780223 8.275357097551652
v 22.190788338273098 15.595718758462361 8.212557445447317
v 25.60241307755699 17.412319976180946 5.923722072774119
v 24.94191557752049 16.263805539639527 6.619553062031956
v 25.344952071818348 16.8231742252784 6.195795932373006
v 24.754852150543478 17.065246571228926 6.244604503089411
v 23.448654198243066 16.704634161297093 7.18649905435335
v 22.871812753863644 15.783279195099905 7.8682210897786256
v 22.927552641387717 16.218478709796802 7.802261137425225
v 23.528871164407754 16 7.613987313088037
v 16.108131915781758 14.40171334866962 13.13082484359691
v 16.109060935956787 14.593640632965062 13.004130276361375
v 16.108764244520096 14.494510332726774 13.061985766266343
v 16.229848395339214 14.337532963744732 12.9380656138389
v 16.361409187268325 14.294359516669097 12.775383013133224
v 16.11305157728382 14.989960837710141 12.733647188504516
v 16.11298912310039 14.87784865555512 12.771715213825212
v 16.36709510197191 14.62564760541343 12.570902833051612
v 16.235572446282443 14.753721216610256 12.666861767922247
v 16.370896039931978 14.7336367811007 12.490795452761486
v 16.112155991597106 14.774829725317433 12.834159953587054
v 16.110164076257256 14.689355690144936 12.933288762425958
v 16.832133796646136 14.181441723734268 12.26314098920497
v 17.03539327986085 14.113847028690948 12.008520357748807
v 16.50568718444759 14.256088744462076 12.611951063936461
v 16.65447553675163 14.23757323465665 12.480315733761499
v 16.66220208539957 14.474868510772936 12.324918945316723
v 16.65898768492782 14.353912483173636 12.39902943350654
v 16.506559592409587 14.498821133813859 12.4977822748054
v 16.231797722911974 14.545454445478805 12.808344433173902
v 16.36503786640388 14.515596554179764 12.642503230219287
v 16.364428932199733 14.399390107538546 12.698674023034215
v 17.39414278349844 15.138372374627577 -25.713124760408505
v 17.42545936200255 13.64229287500175 -26.599012453101665
v 16.38840752326694 15.625499190319548 12.151831466414231
v 18.789924337357753 12.829947415031075 -25.573006428194276
v 16.390658360256 15.758559855372491 12.119846371930278
v 17.407326326325546 12.212639451316893 -25.96606417006641
v 17.358249909495893 10.943679332818892 -24.356674599920865
v 17.08741710644824 15.164778814267109 11.491339162774235
v 16.88829018610729 15.296137284474328 11.672755383846198
v 17.091748788399215 15.32526214159277 11.449308730069147
v 16.532882619533662 15.25557165857681 12.102621824174687
v 16.704458282648826 15.270610886604825 11.877238819579189
v 16.70207141735014 15.126683624251232 11.913085578416851
v 16.714698975449807 15.558291741447292 11.776134755903584
v 16.70914988729364 15.413855106043059 11.828926429339209
v 16.541823583627973 15.524368758413052 11.998050883056063
v 16.11372250102429 15.225365214067041 12.676874884311612
v 16.114397740377008 15.105341936999524 12.685657521246062
v 16.11466362541986 15.453321009047748 12.605213106548243
v 16.11400421392661 15.339814458217138 12.64511928820234
v 16.37579944345379 15.118853810136521 12.356158889835203
v 16.239028472504987 15.233720328375986 12.503317112982293
v 16.375215908194466 15.24783846711612 12.334576581342862
v 16.38208019357968 15.499515573456806 12.233813964408627
v 16.378314616100713 15.373179040216709 12.288212854323742
v 16.241835902563466 15.473964376272217 12.420671067522175
v 18.949268775590532 13.94744200133194 10.412479714851415
v 19.31821193831488 13.949232240245735 10.162052090154152
v 18.28295806848834 13.974619015735385 10.916101534107963
v 18.60104725544595 13.958425790061128 10.670402208535199
v 18.628618167828375 14.375424628836589 10.482183018071538
v 18.615633122648042 14.165610086725657 10.57461572442806
v 18.32837763041063 14.35243097409795 10.690217628774658
v 17.252626631923036 14.076525843479068 11.794448679902096
v 17.48147718547276 14.04063342329451 11.577028657663405
v 17.515219786314034 14.352227699703242 11.371388895055938
v 17.500538424106598 14.192462650112311 11.46771976772461
v 17.276557765933212 14.376800976950479 11.61836154958488
v 17.7317584371777 14.008086602746651 11.350398359070685
v 17.980488573022775 14.003381459733506 11.173020120710827
v 17.54163360072913 15.047218036550513 11.08754863231379
v 17.53824423291782 14.868795477230734 11.148182941982128
v 17.307301072046066 15.020386314570828 11.318904498034293
v 18.057341314017368 14.528594070185152 10.808840344676586
v 17.78678087821669 14.705933408840718 10.981582122586849
v 18.05724169760559 14.728554707806213 10.754014023622055
v 17.303587838427582 14.682888249102795 11.428867165510322
v 17.531971534519084 14.693893205348797 11.218090870143577
v 17.536184437723353 14.51100866124751 11.255950629507208
v 18.015032356811705 14.166128111166321 11.031485226513071
v 17.777911477258435 14.333978455041342 11.113504461578177
v 18.04072936351998 14.342135272804938 10.909731996902824
v 16.237249997500015 14.990768059559352 12.577754159453962
v 16.52646639531559 14.988091745846848 12.202288460705716
v 16.375277373742488 14.987531200139177 12.392149974399764
v 16.372173742429965 14.8631092831414 12.450851526170593
v 16.51903398282754 14.726782580720146 12.322465987360108
v 17.089245657271785 15.00084817267671 11.531656230633594
v 17.07358531882937 14.695479363139466 11.687186874203032
v 17.08717030530194 14.840639787917862 11.586778172880308
v 16.88933545585655 14.985579153686608 11.735777953066549
v 16.69579262436199 14.990195289187943 11.993998821426512
v 17.047427791768058 14.252581435296502 11.920144575216325
v 16.669420235645287 14.602844007980643 12.253780275772968
v 16.851453881902184 14.430031600522772 12.07682531697236
v 17.051623723782445 14.405334477003587 11.86139784745722
v 17.06639609362338 14.542998365869321 11.759668918041104
v 16.6909095889283 14.851178438702995 12.058128515785763
v 16.867169394961262 14.70811295032445 11.926584434902729
v 16.68542357241198 14.714846583383798 12.126115881891991
v 16.538017604626273 23.952382508328622 1.724226434526761
v 17.448598213965735 22.836538319614917 3.075108844893059
v 17.027456414575898 23.43147420237848 2.3126991970998283
v 16.515857655321383 23.140383067035 2.0652998547267387
v 16.490069343485956 22.3195277544769 2.5379487554115254
v 17.456304398669708 18.652917419987965 10.385892323936822
v 17.18733088666803 18.59481157876139 10.668059222539362
v 16.697142813393075 18.065968296446833 11.180140787694107
v 16.923148635784074 18.305936029299076 10.955549030751396
v 16.901606379931565 18.076508533028765 10.996275912256106
v 17.86949781332892 21.034340932458928 5.946084047694228
v 17.771476294877694 22.10910765502302 4.131302194896424
v 17.55582948853047 31.451718752877348 -28.452603311581015
v 17.56136697883638 29.94975491028955 -29.11193513288852
v 17.49104855430977 33.73930640384248 -25.5073181078769
v 17.54067304219846 32.83001315780787 -27.48875477773872
v 20.255033763437122 30.52810942435427 -24.258676889743704
v 19.01069649547078 31.92786942931496 -26.59864747596327
v 16.491301203668442 17.839362557816585 11.410672720589131
v 17.363742204170677 21.989698045067506 3.645993040844127
v 17.254115651853464 21.099782149747348 4.465061744113182
v 16.92137987923305 21.781717743071383 3.313390382905247
v 20.296018927914993 18.65508571376435 8.441732117443916
v 19.88727320197253 18.705366757263118 8.635388795452535
v 19.01283526753257 18.131893899898255 9.129336331869357
v 19.454361140583273 18.422604752258852 8.834913867701072
v 19.36527434935295 18.079853929368312 8.935844322704092
v 19.4780473898725 18.729935735401124 8.873411411936726
v 19.102266147714563 18.75224978962026 9.091591857577125
v 17.58931929416571 17.19094137102222 10.309072670259194
v 17.899799047447445 17.39708716524738 10.007793282782261
v 17.8574027085823 17.147938004699977 10.081343017041334
v 17.949563324315093 17.889670818796212 9.97935271681326
v 17.918907243707956 17.63599501220442 10.010306418052837
v 17.632850781353092 17.64979059192206 10.274280872803736
v 18.55046455054472 17.57627377933836 9.496291038151117
v 18.24251335546759 17.624128424989323 9.701595281986496
v 18.57191739877774 17.839429600607144 9.510442945760712
v 18.07715509341942 18.747196044993984 9.798623737259355
v 17.780547021296186 18.734123714642504 10.022016070013864
v 18.741049866846076 18.76337417871936 9.319329010214826
v 18.37918418910741 18.736599261811538 9.612123681767413
v 17.69513519582244 18.155438529477248 10.181642420828634
v 18.0281616761923 18.443108368591815 9.874067517905907
v 17.979816422456523 18.153012183488183 9.952164325265974
v 18.642501422957956 18.14673732783865 9.408709316447318
v 18.294627579764672 18.150218970091384 9.693337618726744
v 18.691977688539012 18.449956791855364 9.362324495589672
v 16.122432971260707 16.202503906018446 12.341162851476772
v 17.333890739099427 16.824389814042163 -23.91036748559128
v 16.128460636137394 16.47821697971753 12.183144165700893
v 16.126029137863465 16.33916638650176 12.241847545987799
v 16.41163250609302 16.254402879639784 11.9115239184908
v 16.264190945652054 16.3001870620559 12.06325815550058
v 16.422294029280277 16.407174028346493 11.816099076225516
v 17.551730361364342 28.135450183037555 -28.956883197980197
v 17.520106097094676 26.35438941733092 -28.419553775794924
v 16.44355218071725 16.889149102892954 11.667010606184554
v 18.916142189192733 25.34859540257041 -26.65945551255566
v 20.231115038140594 25.920799404244164 -25.025901411982737
v 17.464910006396178 24.483128587320348 -27.108918132988926
v 16.129765343365175 16.618679085993385 12.158104322383785
v 17.267874573985623 16.78358958019491 10.715170910641852
v 17.043978982050646 16.827227287602994 10.914328110216527
v 17.297238001622407 16.996380004938253 10.621377445882242
v 16.598204036988502 16.525123928585813 11.581620678914213
v 16.802500623911637 16.66330355758527 11.279856624371721
v 16.776197941303327 16.479716709723153 11.412676358257134
v 16.851139970883832 17.058744817489803 11.045324256440754
v 16.831137678692404 16.860551702637842 11.135862205475313
v 16.63411617684656 16.885849972387174 11.362223390317475
v 16.2737891558315 16.595539569729233 11.94774209917324
v 16.43764336983922 16.725121434516247 11.706116112291056
v 16.43169935208692 16.56548024812292 11.744715118124688
v 17.429047667747664 18.384073101834844 10.433689916043576
v 17.39271296728188 17.902843681947445 10.462128923084524
v 17.41999117973504 18.15325208634312 10.411709796821818
v 17.142336777384834 18.10631800520803 10.736547897913733
v 16.89903428828432 17.8763865745655 10.968810615232508
v 17.328241218578125 17.218379556355035 10.55123981112343
v 16.8621735022206 17.25127348810002 11.036066860873083
v 17.090742567438404 17.244155949348976 10.770062890251074
v 17.34876215546108 17.438322193843806 10.524881193824822
v 17.36718450601637 17.661274955249077 10.507738528538148
v 19.055955981771053 28.999656134385383 -28.08106536442446
v 16.673021732748868 17.650957397859813 11.231409897389721
v 20.33374232465046 29.23841758954682 -25.327727359480406
v 20.359559934753367 27.76174937231859 -25.912034997874827
v 16.652142080198406 17.2534664314857 11.295715879939063
v 17.12328500221294 17.67344160885486 10.72351464587964
v 16.87704336301598 17.458318630644673 10.996172757632959
v 16.891955554023003 17.672396126804735 10.95883626728979
v 19.411644217656974 14.185993296308688 10.003323983044702
v 18.735657791095086 14.577879253185122 10.27270312009609
v 19.05422316060075 14.392828556437347 10.150771657335863
v 19.529390022619918 14.421964689741548 9.801214693032616
v 19.625537195511775 14.67918611579673 9.636496078981773
v 17.610078492123 15.228351206727835 10.897730325405398
v 17.865492713580213 15.08128193181852 10.728503206954702
v 18.55599013726671 15.216435545745789 10.14630165617471
v 18.199598577350258 15.140702755933356 10.429021567147847
v 18.269034847414183 15.36411811300518 10.270867483249841
v 18.1235736702502 14.931243778693808 10.603861543138013
v 18.435240698125586 14.752664811492377 10.395509823873045
v 19.87973005016673 15.52988103686917 9.19782501636244
v 55.22011015251245 14.363788637284472 -52.75436246458497
v 19.6896098532053 14.960318860215855 9.527081683772813
v 19.759095242429883 15.243539592705156 9.40770343473659
v 50.87290371257463 11.009281551122552 -56.57584765047787
v 19.37609563260999 15.412237702284006 9.561974109182653
v 18.93085078895075 15.311712489821463 9.895279190125294
v 18.80558152875583 14.812044407173481 10.13560196591964
v 18.853222142688118 15.063088519216672 10.046122073346123
v 19.221431015183278 14.880657022704433 9.847224928132784
v 18.697513698541638 16 -24.2928687021493
v 16.566374935740598 16.174722525002434 11.796217938905093
v 16.401379014547743 16.082671758309825 12.015640727507451
v 16.397215878116942 15.918185720024475 12.056966832359763
v 16.55100123715237 15.830020148563179 11.91032552781768
v 17.52166535215887 16.702570212768574 10.494563036386129
v 17.238190845851708 16.54487605913022 10.842794719249095
v 17.168899140106348 16.103301189719726 11.13502643973268
v 17.207542095744856 16.31816387818982 10.97294436563449
v 17.437066935761248 16.220186837969667 10.80064298230714
v 16.980609725811956 16.40306171949219 11.20392171958503
v 16.757956776179757 16.28071902897748 11.529757953666714
v 17.121922690423833 15.50628869834164 11.327064771127368
v 17.34349881223699 15.379691306614493 11.139175633481454
v 16.728247556314056 15.730284162252518 11.70497560192998
v 16.909101667176337 15.626330362100063 11.553661517049264
v 17.396591900221186 15.786014731261732 10.947083036586946
v 17.138138270900775 15.700122681054292 11.261875815691923
v 17.153154240228027 15.898090262146088 11.200556919642274
v 16.742038951701026 16.09167591187538 11.622104831657886
v 16.93288785096434 16 11.442585277648016
v 16.734254169567695 15.909285866477614 11.66803363365674
v 20.33275511965668 18.30377094769509 8.3842795274739
v 20.306092487648336 17.568745936847705 8.441992744319561
v 20.31829592491823 17.930765204749942 8.415632968030597
v 19.834293145502553 18.017654285775116 8.656837774635644
v 19.368423191936433 17.75106130631479 8.947963118716357
v 54.10837887922328 17.589831397576003 -50.805454758061316
v 20.123610945667217 16.499670770147706 8.77023843046345
v 19.282782864150608 16.770936020537533 9.162233662446251
v 19.704098749319602 16.644866090533085 8.93649047736599
v 50.20047041989961 20.89448541743698 -55.17641109634043
v 20.215175737856107 16.84823962944255 8.607878559446
v 20.295135683518552 17.2103099624717 8.464769029068064
v 18.175551574295724 17.07141589190678 9.852340958762245
v 17.832701727806032 16.878343561266142 10.192246841312691
v 18.941925308591696 17.506860066108473 9.229420195058221
v 18.54981476984446 17.283275657740003 9.520755257899168
v 18.470908386456564 16.69245560030155 9.761152853649879
v 18.532637114378694 16.989402391425518 9.585526519370042
v 18.904804044604425 16.890496861760145 9.347452176313457
v 19.802968381436084 17.321408383595447 8.736517111148526
v 19.330654325485902 17.093685706899933 9.049854417875096
v 19.346023817218377 17.416792799159197 9.005936453971692
v 17.64112097152468 15.439194896110733 10.796087797740896
v 17.671826001129094 15.885021511178406 10.69543311619287
v 17.675929896468666 15.656789179947124 10.683514312359854
v 17.964789210020495 15.51622656949245 10.467344516033295
v 18.305889528887914 15.611491635262341 10.171692266417743
v 17.80583085536278 16.617089890398088 10.273801025948888
v 18.42883400367613 16.40922269482811 9.860940938467113
v 18.096214689256055 16.516133214764114 10.097263137981564
v 17.762387104665475 16.360916244001235 10.409249552873092
v 17.705309589745294 16.117281295702703 10.58919243372678
v 54.42660419963338 16 -57.23856452856393
v 48.69334558895354 12.638125320507235 -58.694508094842305
v 52.27215471217527 14.268559426971036 -59.499517484833305
v 52.124613890500356 17.724397755560492 -59.19241522046099
v 48.33430888733844 19.324954738311334 -57.87421670734368
v 17.9974465028358 16 10.371127864299103
v 18.401306121658628 16.13491716368893 9.931599512618947
v 44.8266122805334 14.380379439101386 -56.84844961453943
v 108.24232957385517 19.476378843840784 67.38399575100665
v 109.22282566258242 19.393661793460506 59.76184753881912
v 108.90070684001296 19.439151205879675 63.60394031593299
v 109.1727349579612 22.9941419111541 66.5878248879007
v 109.55185198792361 26.485120847562875 65.48365238137211
v 86.78013910616316 18.4497679301999 37.887014825204105
v 104.22601358173239 19.087887398266012 46.66735009864556
v 109.05311559480567 25.961614178602574 53.29488142655099
v 108.2350811195362 22.518794655223292 50.48720595420796
v 108.42586786156123 25.76870624543828 49.35363269913509
v 107.90196657204395 19.255804475115724 51.565775900938384
v 109.19400070816837 19.34776580036107 55.829047236091675
v 107.68065023989391 36.41569332498803 60.61677702732253
v 105.27023109943656 39.156775345558565 58.18418399415491
v 109.52143379947415 29.958650372537313 64.1377583720618
v 108.95054514133074 33.28389631600174 62.54352953806561
v 109.094864562807 32.774490830595894 54.63368108551879
v 109.55303340841844 33.12046676455407 58.76527053227084
v 109.45517310305797 29.517324766843828 56.05831213428709
v 109.47798712716799 22.788948276151213 58.60108516553472
v 109.10161747646572 26.122307818208007 57.16172591359768
v 109.46931557580999 26.31795197032894 61.317521564394575
v 60.5570392822506 17.489192553331932 16.920371613752376
v 48.63632334442655 17.092085237982268 17.806306945908993
v 49.13776461340357 19.34469682597338 19.224941831525232
v 49.182069831652704 18.226816680846273 18.53022129698833
v 48.439140924939316 19.26601027087539 18.018505355007242
v 49.64334135805205 17.128224934482073 19.03625003452792
v 75.16071479979328 17.991121327986946 23.41229419650916
v 77.52470633492285 30.838778198930946 27.397339483300133
v 77.36977907462781 28.59789480633027 25.982310496019984
v 74.1750110185998 29.95667032266777 24.625696629185644
v 78.70123168002388 24.57304451307519 27.97640357157976
v 78.73131219620018 26.718930960131893 27.098274719912858
v 79.64580849477052 26.933408035740037 29.600217932804654
v 47.681554300540455 21.360676321504556 19.313080169376576
v 75.25657993523852 26.074575830563408 24.327098808973762
v 48.77729829028885 20.43771589850929 19.895578535886276
v 84.7755723163484 18.35360686730325 32.0318823047549
v 86.10800483721148 18.419845681950367 34.92462598858187
v 79.84744364916423 18.156535768629492 26.281663375198228
v 82.87543729021338 18.272534350463907 29.159990053937925
v 83.20877551917445 22.931427488662976 32.25228836375692
v 83.50711447489144 20.6146942623999 30.793829232888786
v 80.98850444097152 22.652634070023176 29.335936271739193
v 73.66440721401202 21.850063608853976 23.6629612833043
v 78.16673353181056 22.336188743397713 26.498288304164603
v 77.63213690357438 20.164150246083395 25.057759202729734
v 51.24748062302712 34.604727806721826 28.948051119919626
v 49.74325204937664 35.17921562797332 27.85340713565067
v 57.35139883317629 34.56911782224488 32.474038069672936
v 55.04208030453864 35.05402617541805 30.955594656646973
v 51.94873238603372 33.125521083757036 26.584154104814786
v 53.3414719319088 34.00270466984321 28.625616173794327
v 54.63431308282597 32.94142321836321 27.987816660285688
v 100.3957091430903 41.1373256075744 54.59968719968265
v 75.82090905866984 36.0370531765285 42.500531141984595
v 75.63319193194985 35.521491498786176 37.22924558055618
v 75.7721884563048 35.789258579582125 39.83799270616945
v 78.85719584000049 34.3129763905407 39.2857503040797
v 72.22927230746839 36.94276547858372 40.08891115340083
v 67.43687951079605 37.10432499214858 37.27620786764765
v 49.691108839702444 26.572999414256028 22.534473001042954
v 67.94166913251433 32.467845352738244 28.11023629709753
v 75.70124087495574 32.672912604653334 28.493689260056996
v 54.59226882232606 31.294746130263125 26.938768398684807
v 54.347364082106225 29.653374140146354 25.88838393490955
v 51.489083859878455 29.917235664585675 24.601324670156178
v 76.10842192365064 33.14161689101134 33.31945049730016
v 72.32733742761987 34.04548668973891 31.384967832091405
v 74.48226364910683 34.937312048095315 34.35553916992946
v 67.51751580598517 36.89345931817863 35.01504339350829
v 71.73121158218134 36.2773459904723 35.001224597976595
v 64.2532799158022 35.34512783028539 31.715756163566226
v 86.48979372357327 20.88676271779063 36.78767996677644
v 82.83604066471337 25.265298072759023 33.80860408268582
v 84.65880036404877 23.141675541417026 35.26767817709031
v 101.12254347203623 24.926190550423243 43.2671121488287
v 106.54595902071583 28.77933244884533 47.348368736858774
v 78.1588307500823 31.152423347503458 29.899134116314933
v 78.82708084544572 31.6394978528341 35.00365750288424
v 77.777799278403 31.218584411429283 32.229123592484804
v 79.3350561099548 29.209000464165058 31.066851705475745
v 80.95835750033875 27.282459496304856 32.374247656565544
v 104.47762695190283 38.71500231506943 53.89532515232772
v 107.09596281151596 32.278137797750745 49.97432069127847
v 105.97367801592762 35.527154308754234 52.00549113472908
v 100.5637562361522 37.487750924658116 48.5836844408955
v 80.15622420796836 32.134576653245006 38.04443985715412
v 82.80264697453627 27.70880114821894 35.46900641063325
v 81.31641635179216 29.904890464439745 36.7151544122117
v 100.4243412680051 30.93757475086942 44.007608725048584
v 29.847076440021155 16.521861100077633 8.286425112581055
v 30.669715256158696 17.644154915073365 8.24054815758031
v 30.1927038480274 17.065395202371963 8.29411890427183
v 30.619329113466765 16.54120237681632 8.508801124894042
v 31.409793132139658 16.56097448050926 8.766138412342599
v 31.872106691936814 20.11723823719593 8.499718429968913
v 31.694276572819405 19.494843640722806 8.362313785707446
v 32.61796406016428 18.403616725606696 8.876931589176593
v 32.080974422124044 18.9428632948084 8.649012046649698
v 32.8504289970888 19.036229420717152 9.007196443274164
v 31.474505566547627 18.877441432397518 8.251383724232573
v 31.18989197091584 18.267184992835496 8.18139286699238
v 33.509301201719225 16.612820962188724 9.913769327928247
v 34.270164821533186 16.6323477803869 10.350401491751237
v 32.25737531935209 16.58400631676059 9.051958660332614
v 32.85981987468608 16.597291647231692 9.475302022800491
v 33.66576635441748 17.867136182863174 9.624972142901267
v 33.2297868453277 17.217730185030096 9.557687592730257
v 33.03883558772122 17.824058282117278 9.170982520804149
v 31.581615647445588 17.720033584070418 8.445433041194018
v 32.30037029734706 17.77222877725223 8.793343524465062
v 31.930350878539997 17.156960386708153 8.73999948704187
v 32.274369285749486 25.250135028002486 10.283102152168503
v 31.97541939934301 24.432328332959717 10.131479941584423
v 33.015770863707374 23.461537493128226 10.720187181528258
v 32.41912803781301 23.915829176206234 10.448488562748118
v 33.01071005477098 24.10368695519948 10.991646027497577
v 31.956914749911352 23.78758378017014 9.887488906614358
v 32.01866281551507 23.193285972649267 9.618303890693813
v 35.2520988902683 21.376581081889025 11.971109852763531
v 34.81178643338514 21.96418241784618 11.614018904598115
v 35.23533286297179 22.03646392467671 12.269260122687207
v 33.85428203287999 21.781447043158593 10.396164704365
v 34.32778380113403 21.871638776833123 10.994040601043764
v 34.37206421387035 21.23931382945377 10.70633155051857
v 34.210188777232815 23.14122375516882 11.586480998037512
v 34.33148423475457 22.52682703993436 11.272980071801623
v 33.767882488338095 23.041701880306803 10.963790484312259
v 32.06150983396891 21.379813374667005 8.884786469477813
v 32.061677886902494 20.783982870059234 8.653942378926558
v 32.004230398971416 22.566465205538456 9.380054622894225
v 32.1173626428273 22.00296130663576 9.09523846214455
v 33.1807633252098 21.005487580879525 9.635303651746192
v 32.76708531884741 21.551213625767573 9.313049632997913
v 33.31394447181981 21.667884090504273 9.836285342904038
v 33.11672081588567 22.862230977798813 10.425203610372536
v 33.26314461650301 22.2810541227191 10.114233679599375
v 32.513578818551565 22.69725202865584 9.904861037954067
v 38.11496362563377 16.740016731026593 14.776013707673698
v 37.96164250135256 16.734005557792536 15.546359617352888
v 37.73101460281109 16.73138208016723 13.277303461092812
v 37.981509351697895 16.737146964214983 14.016208978241249
v 38.017782625145415 18.216775849952974 14.629957179289125
v 38.07680994921668 17.48155340833782 14.316584378657799
v 80.057923350685 22.4655638486496 9.765932039643307
v 35.08997602399635 16.6589090098551 10.846941412410967
v 35.92340279036405 16.68180977704933 11.355768946914075
v 36.08567552265251 18.056096696651895 11.878328158971225
v 36.074931820813994 17.372294956052905 11.60068423114918
v 35.64713941256828 18.02626399820388 11.248969010529066
v 36.596488481144874 16.699901630089013 11.946948617596863
v 37.289475481131724 16.71908149718101 12.57165255457494
v 35.971440260972614 20.79131508032085 13.038804429551783
v 36.08565833572682 20.123153360576307 12.732898813593897
v 35.6120611368194 20.730116445398576 12.366901492763573
v 37.459679691221055 18.90542438547669 13.449519272401915
v 36.727930518975505 19.524083030986485 13.087183807676885
v 37.22956412026166 19.592147677344478 13.77993064279212
v 35.65912984594139 19.377147581540004 11.799119272778572
v 36.2566135227871 19.461257771202515 12.416248060173519
v 36.14590173167135 18.75451865416356 12.151982297841336
v 37.46566628126001 17.450319005931934 12.845301070673534
v 36.81208229105033 18.121219405419506 12.485399381814977
v 37.45666475551212 18.176782173234585 13.148646812927334
v 32.52421844635326 20.242288962696406 8.922610466790086
v 33.76602457220365 20.467957533698684 9.895493928802274
v 33.03784672889649 20.329337095441296 9.435061945257228
v 33.08194766753411 19.70732680216712 9.164179470373242
v 33.45739944529386 19.119501073267614 9.489247285114782
v 35.216771103023376 20.684461525600618 11.70300027171773
v 35.21821430870224 19.337965011324503 11.155607181015913
v 35.22597161084607 20.009720422301385 11.426310783535026
v 34.71132135243707 20.609419998406974 11.084506888325478
v 34.37296800568123 20.57356906939391 10.442625909194604
v 34.693281031845444 17.29592702707904 10.487287831442995
v 33.84357192219689 18.518377850705253 9.822287838690716
v 34.11906838637722 17.900016733711492 10.195959735555281
v 34.97875904058592 17.974111672909032 10.674002175167207
v 35.084920065575005 18.645690429051545 10.914782772628065
v 34.227877588875856 19.88044316313108 10.219013841378697
v 34.6473768936473 19.26840982913199 10.565396481634945
v 34.20654631506348 19.221365336723025 9.960014164540226
v 28.13740089022999 33.381263450118865 16
v 28.107654417401065 31.41561549297257 16.79603542795244
v 28.28525672291267 32.579959438687496 16.419655852527637
v 31.632540246062835 37.09739251276484 15.466003262927442
v 32.3724165038693 36.845563377801106 14.923571558208486
v 41.39330502120062 41.695850615365984 20.392376100630038
v 39.78974109989534 41.48674582849769 19.536579208702424
v 29.71722228410349 30.691637118764206 16.408784706681725
v 29.79104704632839 30.772074687476042 17.22781960948574
v 30.252479697385432 30.42228921744497 16.818198309624396
v 29.103103425300738 30.86337929261599 17.60944169729857
v 28.51943283585498 31.03704230677268 17.19384238867434
v 29.727766370109542 30.707015549215853 13.959232388339554
v 30.242041335255458 30.411726488657322 13.536500194325495
v 32.79469662731435 36.172045093853626 14.398472119184895
v 29.4016872663233 31.20207499971048 14.353883534268068
v 30.3387367406112 30.509573960230597 15.176849894726073
v 29.813542773103883 30.79617065023799 14.770177591570004
v 29.752955821966044 30.72990901961797 15.590150403977612
v 28.67298899856672 31.222931912280593 16.402841544638424
v 29.117040033252312 30.87363063162485 16
v 29.172591453806305 31.823059803197296 15.581277385410626
v 49.0596901219314 36.43201215289277 26.960780637448813
v 48.26882104653446 37.32655618454157 26.146680955406463
v 47.321254874068174 36.67701735230165 22.748329021308017
v 48.188660460111315 37.260492045027604 24.512747492067696
v 48.67413609496435 36.19372665972773 23.640373345821565
v 47.397615868810256 38.14053839589769 25.316728298619395
v 46.162129105042766 38.64520240177932 24.397395069082272
v 33.36476718269748 27.45235788916749 16.42340614765723
v 33.547006213802334 27.573693635191674 17.255109709011144
v 33.84258856871186 27.02732618274427 16.824118671581147
v 33.15663586607502 28.836225805048983 18.157221329678624
v 33.46420249116828 28.27652213699357 17.711958390260545
v 32.910516874510705 28.644804001569852 17.289324470309445
v 45.100027110062236 33.98480582756184 20.048917774975273
v 33.83523395437554 27.76609822533409 18.12211084179326
v 45.597715043603614 35.53179601360509 20.935128117895047
v 43.769046695041396 40.967292465637385 22.067881257859305
v 42.730521770482184 41.465921513439184 21.258062670622937
v 45.44572652870042 39.515922733422315 23.632245769249483
v 44.62019983795841 40.2629061806082 22.849619481448826
v 41.31648232449484 37.383260523196505 19.372014647341977
v 43.369983098856046 39.159043912211885 21.087380184244353
v 42.38230063951033 37.00486111912679 20.092449099956582
v 45.609857456455074 36.83849921974483 21.80486678477393
v 43.11118799937863 36.309233831873144 20.76994957965459
v 45.11634310833265 37.8365265686363 22.604565784820643
v 32.3933042181267 26.834381676169365 10.845252404282846
v 32.350287080331455 26.105033141463124 10.579141262793037
v 32.48263969081322 28.374879459410018 11.41109194304344
v 32.48291652874909 27.623196098900948 11.108964466957246
v 33.00708980267113 26.510959547772508 12.023138446854045
v 32.793513429953876 27.09205395881714 11.558717346718982
v 33.043113021265796 27.25116937666869 12.32797170237062
v 30.796148639059993 30.09615432047306 13.08950399486997
v 31.40026152789094 29.846454213454 12.634851771562342
v 32.274492735817034 28.957302866457646 13.475484262763654
v 31.962583527098793 29.506700808736785 13.032963782557035
v 31.866211417976245 29.401203528913676 13.886708879476684
v 31.911912849536407 29.489397376963097 12.191831333869708
v 32.27489552819758 28.997444140581237 11.78159491432506
v 33.5448144615866 26.843291663571204 15.189635005507258
v 33.13067547071733 27.29908927176543 14.77466977310899
v 33.213434471585856 27.35255140459134 15.580283806809314
v 33.14563986535854 27.31456059630153 13.14113304779858
v 33.26534145920368 27.390133935029514 13.945697354373639
v 33.403851713913866 26.756171894361877 13.578463954999766
v 32.63643803452904 28.439862116099185 14.731572380910698
v 32.901570976637416 27.88101834879589 14.343194528540828
v 32.52258559504985 28.36184303478077 13.922502153376037
v 32.813530771241645 28.609726092069906 12.186125790570454
v 32.76322930960413 28.557485265266223 13.05067300625733
v 33.03204542823869 27.98662526116403 12.6609513426891
v 41.07855698980873 39.899168457285384 19.515082381242973
v 31.80080251879437 29.353911770482256 17.263264768372334
v 31.440828031760862 29.857169249862196 17.68607096687958
v 30.803463428511584 30.110034356908244 17.24291879842028
v 30.564143786266378 29.883277103625268 16.40958622081987
v 32.87644292165879 27.858753166954784 16
v 32.173588866514436 28.857528597023794 15.160356106479252
v 32.41129509841113 28.272761949892093 15.582872694209774
v 32.56712552846702 28.389295700650763 16.421088061297915
v 32.13711407469313 28.82853220773855 16.837750322682947
v 30.82024297641253 30.123280044187457 13.92275229418912
v 30.676441554665487 29.990325005629217 15.587255638252651
v 30.82739783627915 30.13284762067881 14.755071636352838
v 31.34355459123552 29.76987247237699 14.324550867880895
v 31.7706561049158 29.32843378918023 14.739145419496305
v 31.54067149444348 29.132745707693452 16.414175898305636
v 31.680211270468376 29.250664704649196 15.58210521399346
v 31.004941964264724 29.471274024504766 16
v 45.17187548556517 17.952989108721997 16
v 37.840655639748164 18.94258830612952 15.092233030726739
v 37.99732497317293 18.215981044022456 15.54357591540504
v 47.04077845788551 19.127006430930276 16.644067354100276
v 47.501378616679915 20.24417608488376 17.30929727872962
v 35.77302478685927 21.465129639009074 13.476687441270231
v 36.384498251073765 20.894104026839262 13.84630929549216
v 37.184380170712714 21.08993593870043 15.550178094906368
v 36.660418257512106 20.96281055476927 14.692395852375823
v 36.628015356744996 21.70144322051336 15.126427083284451
v 36.96365548914406 20.28624456468363 14.238217448868415
v 37.42603437301965 19.63291467696062 14.65450337997565
v 91.158576979514 34.04478529303865 23.94075608882302
v 44.43591589728062 23.85949385376167 19.628817769463225
v 47.13698174144922 21.279464972165243 17.955317673887194
v 46.41490821908569 22.218654714437417 18.556064452709705
v 37.228091015476835 21.867300053422543 16.898985436261544
v 44.4497003759108 22.83386326190452 17.80059017908216
v 37.46148231854929 21.156514812833098 16.455705797614485
v 37.66690535769783 19.6724697874207 15.546281208250873
v 37.56492276338311 20.414268983306883 16
v 45.446836207313225 20.99114269071484 16.616635496590188
v 32.607472616157835 25.44836568802642 10.976205722653638
v 33.30110810556475 25.857118301305057 12.408968379440367
v 32.98961235976088 25.673341692173498 11.674925508200511
v 32.8841383031025 24.81619304823281 11.360806017439684
v 33.627236840659464 24.41969410872193 11.623055737152226
v 33.94400303701303 26.235943589051175 15.572969908972889
v 33.876170186608356 26.195961559605554 14.764523610007977
v 34.070535352822844 24.675588031792447 13.962605633746758
v 33.97808973419688 25.42769589057786 14.358682690949175
v 34.39684113461636 24.839735122250197 14.734931007712552
v 33.583132174807055 26.026349368688024 13.982350582259924
v 33.50177058332949 25.976134725956072 13.188862905515155
v 35.036796540286375 22.736797275996768 12.68226129532514
v 35.453074980145715 22.13863625969109 13.057987368130426
v 34.22411129502505 23.918668089000832 11.94404226197201
v 34.54741238170348 23.299070789218156 12.32650968270289
v 34.829835776542495 23.457595617337414 13.91005855242769
v 34.72060755569231 23.391488271397176 13.112434256611577
v 34.36189485074524 24.017635925763038 13.542113161165176
v 33.50595194829343 25.165655480304476 12.815231477615315
v 33.94768702929835 24.600904935047957 13.175724084637721
v 33.90991585597604 24.568267163157735 12.371974653747124
v 50.04166954009835 35.367073478288894 26.2976743409153
v 51.21080800972569 32.818531199342246 24.74304608836455
v 50.84590247122266 34.19507739223751 25.574483349954257
v 49.908477640878274 35.30640226133195 24.63213877955601
v 48.961525210433905 34.77947073726411 22.841520125203445
v 47.39567462538372 25.907257688028523 20.748168165095617
v 49.64250186924854 27.905507025346417 21.86322548215999
v 47.984697728195016 29.965969398296593 20.28140822225926
v 48.89924442664364 28.98966278706186 21.07455385233225
v 46.08780459327237 27.916337578983033 19.339474153262245
v 50.54909258256671 29.596304825365905 22.84277431598271
v 51.0094095337816 31.212148872554224 23.79169327950141
v 34.31489935549002 26.446197806760228 17.265798294745434
v 34.143376433393286 26.34967377703076 16.431774764745068
v 47.10146789330412 33.728059706949594 20.995522577074265
v 44.68000176968316 32.35406677141637 19.291005737549746
v 35.12860618185469 25.191350333903905 17.315389221946827
v 34.82217434878101 25.870333187969806 17.718378371082636
v 46.55512581398108 30.669387411384974 19.44499152781544
v 50.238230051135666 32.37988166057738 22.93566443501237
v 48.746674028211174 31.692887322799443 21.153067501963896
v 49.04660760473529 33.302333571602276 22.012000717357118
v 35.4713205938899 22.140532608532666 13.901652536763157
v 35.08065736239949 23.548998787888745 14.728105081467765
v 35.395814920840536 22.88795606132691 14.304036832053534
v 36.15684990247682 22.354097303173063 14.69875526970852
v 36.72943855458809 22.533241096489938 15.550681597322793
v 34.35115645289977 25.62843319172513 16
v 35.326556242266676 24.45911966473478 16.869855920199246
v 34.87140771512742 25.066370793921255 16.432780527302143
v 34.55955239192052 24.916546465130693 15.574371292702853
v 34.844408892243734 24.248086613695968 15.151844724321613
v 36.8464676672289 22.57420301135147 18.2465416424146
v 36.816794039398985 22.56077268842705 16.451211865773036
v 36.76970895332002 22.54729048866726 17.340808432664595
v 36.533312102958604 23.29191076198214 17.795425517550672
v 36.0592100433385 23.93614965287157 17.337124127293933
v 35.48332377382404 23.70967979875896 15.566832349271683
v 35.704444498554565 23.797178728835366 16.438083770070723
v 36.25584538286411 23.187935086563588 16
t 3 2565 2567 2
t 645 2566 2565 2
t 647 2567 2566 2
t 2565 2566 2567 2
t 165 2568 2570 2
t 646 2569 2568 2
t 645 2570 2569 2
t 2568 2569 2570 2
t 167 2571 2573 2
t 647 2572 2571 2
t 646 2573 2572 2
t 2571 2572 2573 2
t 645 2569 2566 2
t 646 2572 2569 2
t 647 2566 2572 2
t 2569 2572 2566 2
t 45 2574 2576 2
t 648 2575 2574 2
t 650 2576 2575 2
t 2574 2575 2576 2
t 166 2577 2579 2
t 649 2578 2577 2
t 648 2579 2578 2
t 2577 2578 2579 2
t 165 2580 2582 2
t 650 2581 2580 2
t 649 2582 2581 2
t 2580 2581 2582 2
t 648 2578 2575 2
t 649 2581 2578 2
t 650 2575 2581 2
t 2578 2581 2575 2
t 47 2583 2585 2
t 651 2584 2583 2
t 653 2585 2584 2
t 2583 2584 2585 2
t 167 2586 2588 2
t 652 2587 2586 2
t 651 2588 2587 2
t 2586 2587 2588 2
t 166 2589 2591 2
t 653 2590 2589 2
t 652 2591 2590 2
t 2589 2590 2591 2
t 651 2587 2584 2
t 652 2590 2587 2
t 653 2584 2590 2
t 2587 2590 2584 2
t 165 2582 2568 2
t 649 2592 2582 2
t 646 2568 2592 2
t 2582 2592 2568 2
t 166 2591 2577 2
t 652 2593 2591 2
t 649 2577 2593 2
t 2591 2593 2577 2
t 167 2573 2586 2
t 646 2594 2573 2
t 652 2586 2594 2
t 2573 2594 2586 2
t 649 2593 2592 2
t 652 2594 2593 2
t 646 2592 2594 2
t 2593 2594 2592 2
t 15 2595 2597 2
t 654 2596 2595 2
t 656 2597 2596 2
t 2595 2596 2597 2
t 168 2598 2600 2
t 655 2599 2598 2
t 654 2600 2599 2
t 2598 2599 2600 2
t 170 2601 2603 2
t 656 2602 2601 2
t 655 2603 2602 2
t 2601 2602 2603 2
t 654 2599 2596 2
t 655 2602 2599 2
t 656 2596 2602 2
t 2599 2602 2596 2
t 46 2604 2606 2
t 657 2605 2604 2
t 659 2606 2605 2
t 2604 2605 2606 2
t 169 2607 2609 2
t 658 2608 2607 2
t 657 2609 2608 2
t 2607 2608 2609 2
t 168 2610 2612 2
t 659 2611 2610 2
t 658 2612 2611 2
t 2610 2611 2612 2
t 657 2608 2605 2
t 658 2611 2608 2
t 659 2605 2611 2
t 2608 2611 2605 2
t 45 2613 2615 2
t 660 2614 2613 2
t 662 2615 2614 2
t 2613 2614 2615 2
t 170 2616 2618 2
t 661 2617 2616 2
t 660 2618 2617 2
t 2616 2617 2618 2
t 169 2619 2621 2
t 662 2620 2619 2
t 661 2621 2620 2
t 2619 2620 2621 2
t 660 2617 2614 2
t 661 2620 2617 2
t 662 2614 2620 2
t 2617 2620 2614 2
t 168 2612 2598 2
t 658 2622 2612 2
t 655 2598 2622 2
t 2612 2622 2598 2
t 169 2621 2607 2
t 661 2623 2621 2
t 658 2607 2623 2
t 2621 2623 2607 2
t 170 2603 2616 2
t 655 2624 2603 2
t 661 2616 2624 2
t 2603 2624 2616 2
t 658 2623 2622 2
t 661 2624 2623 2
t 655 2622 2624 2
t 2623 2624 2622 2
t 17 2625 2627 2
t 663 2626 2625 2
t 665 2627 2626 2
t 2625 2626 2627 2
t 171 2628 2630 2
t 664 2629 2628 2
t 663 2630 2629 2
t 2628 2629 2630 2
t 173 2631 2633 2
t 665 2632 2631 2
t 664 2633 2632 2
t 2631 2632 2633 2
t 663 2629 2626 2
t 664 2632 2629 2
t 665 2626 2632 2
t 2629 2632 2626 2
t 47 2634 2636 2
t 666 2635 2634 2
t 668 2636 2635 2
t 2634 2635 2636 2
t 172 2637 2639 2
t 667 2638 2637 2
t 666 2639 2638 2
t 2637 2638 2639 2
t 171 2640 2642 2
t 668 2641 2640 2
t 667 2642 2641 2
t 2640 2641 2642 2
t 666 2638 2635 2
t 667 2641 2638 2
t 668 2635 2641 2
t 2638 2641 2635 2
t 46 2643 2645 2
t 669 2644 2643 2
t 671 2645 2644 2
t 2643 2644 2645 2
t 173 2646 2648 2
t 670 2647 2646 2
t 669 2648 2647 2
t 2646 2647 2648 2
t 172 2649 2651 2
t 671 2650 2649 2
t 670 2651 2650 2
t 2649 2650 2651 2
t 669 2647 2644 2
t 670 2650 2647 2
t 671 2644 2650 2
t 2647 2650 2644 2
t 171 2642 2628 2
t 667 2652 2642 2
t 664 2628 2652 2
t 2642 2652 2628 2
t 172 2651 2637 2
t 670 2653 2651 2
t 667 2637 2653 2
t 2651 2653 2637 2
t 173 2633 2646 2
t 664 2654 2633 2
t 670 2646 2654 2
t 2633 2654 2646 2
t 667 2653 2652 2
t 670 2654 2653 2
t 664 2652 2654 2
t 2653 2654 2652 2
t 45 2615 2574 2
t 662 2655 2615 2
t 648 2574 2655 2
t 2615 2655 2574 2
t 169 2656 2619 2
t 672 2657 2656 2
t 662 2619 2657 2
t 2656 2657 2619 2
t 166 2579 2659 2
t 648 2658 2579 2
t 672 2659 2658 2
t 2579 2658 2659 2
t 662 2657 2655 2
t 672 2658 2657 2
t 648 2655 2658 2
t 2657 2658 2655 2
t 46 2645 2604 2
t 671 2660 2645 2
t 657 2604 2660 2
t 2645 2660 2604 2
t 172 2661 2649 2
t 673 2662 2661 2
t 671 2649 2662 2
t 2661 2662 2649 2
t 169 2609 2664 2
t 657 2663 2609 2
t 673 2664 2663 2
t 2609 2663 2664 2
t 671 2662 2660 2
t 673 2663 2662 2
t 657 2660 2663 2
t 2662 2663 2660 2
t 47 2585 2634 2
t 653 2665 2585 2
t 666 2634 2665 2
t 2585 2665 2634 2
t 166 2666 2589 2
t 674 2667 2666 2
t 653 2589 2667 2
t 2666 2667 2589 2
t 172 2639 2669 2
t 666 2668 2639 2
t 674 2669 2668 2
t 2639 2668 2669 2
t 653 2667 2665 2
t 674 2668 2667 2
t 666 2665 2668 2
t 2667 2668 2665 2
t 169 2664 2656 2
t 673 2670 2664 2
t 672 2656 2670 2
t 2664 2670 2656 2
t 172 2669 2661 2
t 674 2671 2669 2
t 673 2661 2671 2
t 2669 2671 2661 2
t 166 2659 2666 2
t 672 2672 2659 2
t 674 2666 2672 2
t 2659 2672 2666 2
t 673 2671 2670 2
t 674 2672 2671 2
t 672 2670 2672 2
t 2671 2672 2670 2
t 14 2673 2675 2
t 675 2674 2673 2
t 677 2675 2674 2
t 2673 2674 2675 2
t 174 2676 2678 2
t 676 2677 2676 2
t 675 2678 2677 2
t 2676 2677 2678 2
t 176 2679 2681 2
t 677 2680 2679 2
t 676 2681 2680 2
t 2679 2680 2681 2
t 675 2677 2674 2
t 676 2680 2677 2
t 677 2674 2680 2
t 2677 2680 2674 2
t 48 2682 2684 2
t 678 2683 2682 2
t 680 2684 2683 2
t 2682 2683 2684 2
t 175 2685 2687 2
t 679 2686 2685 2
t 678 2687 2686 2
t 2685 2686 2687 2
t 174 2688 2690 2
t 680 2689 2688 2
t 679 2690 2689 2
t 2688 2689 2690 2
t 678 2686 2683 2
t 679 2689 2686 2
t 680 2683 2689 2
t 2686 2689 2683 2
t 50 2691 2693 2
t 681 2692 2691 2
t 683 2693 2692 2
t 2691 2692 2693 2
t 176 2694 2696 2
t 682 2695 2694 2
t 681 2696 2695 2
t 2694 2695 2696 2
t 175 2697 2699 2
t 683 2698 2697 2
t 682 2699 2698 2
t 2697 2698 2699 2
t 681 2695 2692 2
t 682 2698 2695 2
t 683 2692 2698 2
t 2695 2698 2692 2
t 174 2690 2676 2
t 679 2700 2690 2
t 676 2676 2700 2
t 2690 2700 2676 2
t 175 2699 2685 2
t 682 2701 2699 2
t 679 2685 2701 2
t 2699 2701 2685 2
t 176 2681 2694 2
t 676 2702 2681 2
t 682 2694 2702 2
t 2681 2702 2694 2
t 679 2701 2700 2
t 682 2702 2701 2
t 676 2700 2702 2
t 2701 2702 2700 2
t 16 2703 2705 1
t 684 2704 2703 1
t 686 2705 2704 1
t 2703 2704 2705 1
t 177 2706 2708 2
t 685 2707 2706 2
t 684 2708 2707 1
t 2706 2707 2708 2
t 179 2709 2711 2
t 686 2710 2709 1
t 685 2711 2710 2
t 2709 2710 2711 2
t 684 2707 2704 1
t 685 2710 2707 2
t 686 2704 2710 1
t 2707 2710 2704 1
t 49 2712 2714 2
t 687 2713 2712 2
t 689 2714 2713 2
t 2712 2713 2714 2
t 178 2715 2717 2
t 688 2716 2715 2
t 687 2717 2716 2
t 2715 2716 2717 2
t 177 2718 2720 2
t 689 2719 2718 2
t 688 2720 2719 2
t 2718 2719 2720 2
t 687 2716 2713 2
t 688 2719 2716 2
t 689 2713 2719 2
t 2716 2719 2713 2
t 48 2721 2723 2
t 690 2722 2721 2
t 692 2723 2722 2
t 2721 2722 2723 2
t 179 2724 2726 2
t 691 2725 2724 2
t 690 2726 2725 2
t 2724 2725 2726 2
t 178 2727 2729 2
t 692 2728 2727 2
t 691 2729 2728 2
t 2727 2728 2729 2
t 690 2725 2722 2
t 691 2728 2725 2
t 692 2722 2728 2
t 2725 2728 2722 2
t 177 2720 2706 2
t 688 2730 2720 2
t 685 2706 2730 2
t 2720 2730 2706 2
t 178 2729 2715 2
t 691 2731 2729 2
t 688 2715 2731 2
t 2729 2731 2715 2
t 179 2711 2724 2
t 685 2732 2711 2
t 691 2724 2732 2
t 2711 2732 2724 2
t 688 2731 2730 2
t 691 2732 2731 2
t 685 2730 2732 2
t 2731 2732 2730 2
t 15 2733 2735 2
t 693 2734 2733 2
t 695 2735 2734 2
t 2733 2734 2735 2
t 180 2736 2738 2
t 694 2737 2736 2
t 693 2738 2737 2
t 2736 2737 2738 2
t 182 2739 2741 2
t 695 2740 2739 2
t 694 2741 2740 2
t 2739 2740 2741 2
t 693 2737 2734 2
t 694 2740 2737 2
t 695 2734 2740 2
t 2737 2740 2734 2
t 50 2742 2744 2
t 696 2743 2742 2
t 698 2744 2743 2
t 2742 2743 2744 2
t 181 2745 2747 2
t 697 2746 2745 2
t 696 2747 2746 2
t 2745 2746 2747 2
t 180 2748 2750 2
t 698 2749 2748 2
t 697 2750 2749 2
t 2748 2749 2750 2
t 696 2746 2743 2
t 697 2749 2746 2
t 698 2743 2749 2
t 2746 2749 2743 2
t 49 2751 2753 2
t 699 2752 2751 2
t 701 2753 2752 2
t 2751 2752 2753 2
t 182 2754 2756 2
t 700 2755 2754 2
t 699 2756 2755 2
t 2754 2755 2756 2
t 181 2757 2759 2
t 701 2758 2757 2
t 700 2759 2758 2
t 2757 2758 2759 2
t 699 2755 2752 2
t 700 2758 2755 2
t 701 2752 2758 2
t 2755 2758 2752 2
t 180 2750 2736 2
t 697 2760 2750 2
t 694 2736 2760 2
t 2750 2760 2736 2
t 181 2759 2745 2
t 700 2761 2759 2
t 697 2745 2761 2
t 2759 2761 2745 2
t 182 2741 2754 2
t 694 2762 2741 2
t 700 2754 2762 2
t 2741 2762 2754 2
t 697 2761 2760 2
t 700 2762 2761 2
t 694 2760 2762 2
t 2761 2762 2760 2
t 48 2723 2682 2
t 692 2763 2723 1
t 678 2682 2763 1
t 2723 2763 2682 1
t 178 2764 2727 2
t 702 2765 2764 1
t 692 2727 2765 1
t 2764 2765 2727 1
t 175 2687 2767 2
t 678 2766 2687 2
t 702 2767 2766 2
t 2687 2766 2767 2
t 692 2765 2763 1
t 702 2766 2765 1
t 678 2763 2766 1
t 2765 2766 2763 1
t 49 2753 2712 2
t 701 2768 2753 2
t 687 2712 2768 2
t 2753 2768 2712 2
t 181 2769 2757 2
t 703 2770 2769 2
t 701 2757 2770 2
t 2769 2770 2757 2
t 178 2717 2772 2
t 687 2771 2717 2
t 703 2772 2771 2
t 2717 2771 2772 2
t 701 2770 2768 2
t 703 2771 2770 2
t 687 2768 2771 2
t 2770 2771 2768 2
t 50 2693 2742 2
t 683 2773 2693 2
t 696 2742 2773 2
t 2693 2773 2742 2
t 175 2774 2697 2
t 704 2775 2774 2
t 683 2697 2775 2
t 2774 2775 2697 2
t 181 2747 2777 2
t 696 2776 2747 2
t 704 2777 2776 2
t 2747 2776 2777 2
t 683 2775 2773 2
t 704 2776 2775 2
t 696 2773 2776 2
t 2775 2776 2773 2
t 178 2772 2764 2
t 703 2778 2772 2
t 702 2764 2778 2
t 2772 2778 2764 2
t 181 2777 2769 2
t 704 2779 2777 2
t 703 2769 2779 2
t 2777 2779 2769 2
t 175 2767 2774 2
t 702 2780 2767 2
t 704 2774 2780 2
t 2767 2780 2774 2
t 703 2779 2778 2
t 704 2780 2779 2
t 702 2778 2780 2
t 2779 2780 2778 2
t 8 2781 2783 1
t 705 2782 2781 1
t 707 2783 2782 1
t 2781 2782 2783 1
t 183 2784 2786 1
t 706 2785 2784 1
t 705 2786 2785 1
t 2784 2785 2786 1
t 185 2787 2789 1
t 707 2788 2787 1
t 706 2789 2788 1
t 2787 2788 2789 1
t 705 2785 2782 1
t 706 2788 2785 1
t 707 2782 2788 1
t 2785 2788 2782 1
t 51 2790 2792 1
t 708 2791 2790 1
t 710 2792 2791 1
t 2790 2791 2792 1
t 184 2793 2795 1
t 709 2794 2793 1
t 708 2795 2794 1
t 2793 2794 2795 1
t 183 2796 2798 1
t 710 2797 2796 1
t 709 2798 2797 1
t 2796 2797 2798 1
t 708 2794 2791 1
t 709 2797 2794 1
t 710 2791 2797 1
t 2794 2797 2791 1
t 53 2799 2801 1
t 711 2800 2799 1
t 713 2801 2800 1
t 2799 2800 2801 1
t 185 2802 2804 1
t 712 2803 2802 1
t 711 2804 2803 1
t 2802 2803 2804 1
t 184 2805 2807 1
t 713 2806 2805 1
t 712 2807 2806 1
t 2805 2806 2807 1
t 711 2803 2800 1
t 712 2806 2803 1
t 713 2800 2806 1
t 2803 2806 2800 1
t 183 2798 2784 1
t 709 2808 2798 1
t 706 2784 2808 1
t 2798 2808 2784 1
t 184 2807 2793 1
t 712 2809 2807 1
t 709 2793 2809 1
t 2807 2809 2793 1
t 185 2789 2802 1
t 706 2810 2789 1
t 712 2802 2810 1
t 2789 2810 2802 1
t 709 2809 2808 1
t 712 2810 2809 1
t 706 2808 2810 1
t 2809 2810 2808 1
t 17 2811 2813 2
t 714 2812 2811 2
t 716 2813 2812 2
t 2811 2812 2813 2
t 186 2814 2816 2
t 715 2815 2814 2
t 714 2816 2815 2
t 2814 2815 2816 2
t 188 2817 2819 2
t 716 2818 2817 2
t 715 2819 2818 2
t 2817 2818 2819 2
t 714 2815 2812 2
t 715 2818 2815 2
t 716 2812 2818 2
t 2815 2818 2812 2
t 52 2820 2822 1
t 717 2821 2820 1
t 719 2822 2821 2
t 2820 2821 2822 1
t 187 2823 2825 1
t 718 2824 2823 1
t 717 2825 2824 1
t 2823 2824 2825 1
t 186 2826 2828 2
t 719 2827 2826 2
t 718 2828 2827 2
t 2826 2827 2828 2
t 717 2824 2821 1
t 718 2827 2824 1
t 719 2821 2827 2
t 2824 2827 2821 1
t 51 2829 2831 1
t 720 2830 2829 1
t 722 2831 2830 1
t 2829 2830 2831 1
t 188 2832 2834 2
t 721 2833 2832 2
t 720 2834 2833 1
t 2832 2833 2834 2
t 187 2835 2837 1
t 722 2836 2835 1
t 721 2837 2836 1
t 2835 2836 2837 1
t 720 2833 2830 1
t 721 2836 2833 1
t 722 2830 2836 1
t 2833 2836 2830 1
t 186 2828 2814 2
t 718 2838 2828 2
t 715 2814 2838 2
t 2828 2838 2814 2
t 187 2837 2823 1
t 721 2839 2837 1
t 718 2823 2839 1
t 2837 2839 2823 1
t 188 2819 2832 2
t 715 2840 2819 2
t 721 2832 2840 2
t 2819 2840 2832 2
t 718 2839 2838 2
t 721 2840 2839 2
t 715 2838 2840 2
t 2839 2840 2838 2
t 16 2841 2843 1
t 723 2842 2841 1
t 725 2843 2842 1
t 2841 2842 2843 1
t 189 2844 2846 1
t 724 2845 2844 1
t 723 2846 2845 1
t 2844 2845 2846 1
t 191 2847 2849 1
t 725 2848 2847 1
t 724 2849 2848 1
t 2847 2848 2849 1
t 723 2845 2842 1
t 724 2848 2845 1
t 725 2842 2848 1
t 2845 2848 2842 1
t 53 2850 2852 1
t 726 2851 2850 1
t 728 2852 2851 1
t 2850 2851 2852 1
t 190 2853 2855 1
t 727 2854 2853 1
t 726 2855 2854 1
t 2853 2854 2855 1
t 189 2856 2858 1
t 728 2857 2856 1
t 727 2858 2857 1
t 2856 2857 2858 1
t 726 2854 2851 1
t 727 2857 2854 1
t 728 2851 2857 1
t 2854 2857 2851 1
t 52 2859 2861 1
t 729 2860 2859 1
t 731 2861 2860 1
t 2859 2860 2861 1
t 191 2862 2864 1
t 730 2863 2862 1
t 729 2864 2863 1
t 2862 2863 2864 1
t 190 2865 2867 1
t 731 2866 2865 1
t 730 2867 2866 1
t 2865 2866 2867 1
t 729 2863 2860 1
t 730 2866 2863 1
t 731 2860 2866 1
t 2863 2866 2860 1
t 189 2858 2844 1
t 727 2868 2858 1
t 724 2844 2868 1
t 2858 2868 2844 1
t 190 2867 2853 1
t 730 2869 2867 1
t 727 2853 2869 1
t 2867 2869 2853 1
t 191 2849 2862 1
t 724 2870 2849 1
t 730 2862 2870 1
t 2849 2870 2862 1
t 727 2869 2868 1
t 730 2870 2869 1
t 724 2868 2870 1
t 2869 2870 2868 1
t 51 2831 2790 1
t 722 2871 2831 1
t 708 2790 2871 1
t 2831 2871 2790 1
t 187 2872 2835 1
t 732 2873 2872 1
t 722 2835 2873 1
t 2872 2873 2835 1
t 184 2795 2875 1
t 708 2874 2795 1
t 732 2875 2874 1
t 2795 2874 2875 1
t 722 2873 2871 1
t 732 2874 2873 1
t 708 2871 2874 1
t 2873 2874 2871 1
t 52 2861 2820 1
t 731 2876 2861 1
t 717 2820 2876 1
t 2861 2876 2820 1
t 190 2877 2865 1
t 733 2878 2877 1
t 731 2865 2878 1
t 2877 2878 2865 1
t 187 2825 2880 1
t 717 2879 2825 1
t 733 2880 2879 1
t 2825 2879 2880 1
t 731 2878 2876 1
t 733 2879 2878 1
t 717 2876 2879 1
t 2878 2879 2876 1
t 53 2801 2850 1
t 713 2881 2801 1
t 726 2850 2881 1
t 2801 2881 2850 1
t 184 2882 2805 1
t 734 2883 2882 1
t 713 2805 2883 1
t 2882 2883 2805 1
t 190 2855 2885 1
t 726 2884 2855 1
t 734 2885 2884 1
t 2855 2884 2885 1
t 713 2883 2881 1
t 734 2884 2883 1
t 726 2881 2884 1
t 2883 2884 2881 1
t 187 2880 2872 1
t 733 2886 2880 1
t 732 2872 2886 1
t 2880 2886 2872 1
t 190 2885 2877 1
t 734 2887 2885 1
t 733 2877 2887 1
t 2885 2887 2877 1
t 184 2875 2882 1
t 732 2888 2875 1
t 734 2882 2888 1
t 2875 2888 2882 1
t 733 2887 2886 1
t 734 2888 2887 1
t 732 2886 2888 1
t 2887 2888 2886 1
t 15 2735 2595 2
t 695 2889 2735 2
t 654 2595 2889 2
t 2735 2889 2595 2
t 182 2890 2739 2
t 735 2891 2890 2
t 695 2739 2891 2
t 2890 2891 2739 2
t 168 2600 2893 2
t 654 2892 2600 2
t 735 2893 2892 2
t 2600 2892 2893 2
t 695 2891 2889 2
t 735 2892 2891 2
t 654 2889 2892 2
t 2891 2892 2889 2
t 49 2894 2751 2
t 736 2895 2894 2
t 699 2751 2895 2
t 2894 2895 2751 2
t 192 2896 2898 2
t 737 2897 2896 2
t 736 2898 2897 2
t 2896 2897 2898 2
t 182 2756 2900 2
t 699 2899 2756 2
t 737 2900 2899 2
t 2756 2899 2900 2
t 736 2897 2895 2
t 737 2899 2897 2
t 699 2895 2899 2
t 2897 2899 2895 2
t 46 2606 2902 2
t 659 2901 2606 2
t 739 2902 2901 2
t 2606 2901 2902 2
t 168 2903 2610 2
t 738 2904 2903 2
t 659 2610 2904 2
t 2903 2904 2610 2
t 192 2905 2907 2
t 739 2906 2905 2
t 738 2907 2906 2
t 2905 2906 2907 2
t 659 2904 2901 2
t 738 2906 2904 2
t 739 2901 2906 2
t 2904 2906 2901 2
t 182 2900 2890 2
t 737 2908 2900 2
t 735 2890 2908 2
t 2900 2908 2890 2
t 192 2907 2896 2
t 738 2909 2907 2
t 737 2896 2909 2
t 2907 2909 2896 2
t 168 2893 2903 2
t 735 2910 2893 2
t 738 2903 2910 2
t 2893 2910 2903 2
t 737 2909 2908 2
t 738 2910 2909 2
t 735 2908 2910 2
t 2909 2910 2908 2
t 16 2843 2703 1
t 725 2911 2843 1
t 684 2703 2911 1
t 2843 2911 2703 1
t 191 2912 2847 1
t 740 2913 2912 1
t 725 2847 2913 1
t 2912 2913 2847 1
t 177 2708 2915 2
t 684 2914 2708 1
t 740 2915 2914 1
t 2708 2914 2915 1
t 725 2913 2911 1
t 740 2914 2913 1
t 684 2911 2914 1
t 2913 2914 2911 1
t 52 2916 2859 1
t 741 2917 2916 2
t 729 2859 2917 1
t 2916 2917 2859 1
t 193 2918 2920 2
t 742 2919 2918 2
t 741 2920 2919 2
t 2918 2919 2920 2
t 191 2864 2922 1
t 729 2921 2864 1
t 742 2922 2921 1
t 2864 2921 2922 1
t 741 2919 2917 2
t 742 2921 2919 1
t 729 2917 2921 1
t 2919 2921 2917 1
t 49 2714 2924 2
t 689 2923 2714 2
t 744 2924 2923 2
t 2714 2923 2924 2
t 177 2925 2718 2
t 743 2926 2925 2
t 689 2718 2926 2
t 2925 2926 2718 2
t 193 2927 2929 2
t 744 2928 2927 2
t 743 2929 2928 2
t 2927 2928 2929 2
t 689 2926 2923 2
t 743 2928 2926 2
t 744 2923 2928 2
t 2926 2928 2923 2
t 191 2922 2912 1
t 742 2930 2922 1
t 740 2912 2930 1
t 2922 2930 2912 1
t 193 2929 2918 2
t 743 2931 2929 2
t 742 2918 2931 2
t 2929 2931 2918 2
t 177 2915 2925 2
t 740 2932 2915 2
t 743 2925 2932 2
t 2915 2932 2925 2
t 742 2931 2930 1
t 743 2932 2931 2
t 740 2930 2932 1
t 2931 2932 2930 1
t 17 2627 2811 2
t 665 2933 2627 2
t 714 2811 2933 2
t 2627 2933 2811 2
t 173 2934 2631 2
t 745 2935 2934 2
t 665 2631 2935 2
t 2934 2935 2631 2
t 186 2816 2937 2
t 714 2936 2816 2
t 745 2937 2936 2
t 2816 2936 2937 2
t 665 2935 2933 2
t 745 2936 2935 2
t 714 2933 2936 2
t 2935 2936 2933 2
t 46 2938 2643 2
t 746 2939 2938 2
t 669 2643 2939 2
t 2938 2939 2643 2
t 194 2940 2942 2
t 747 2941 2940 2
t 746 2942 2941 2
t 2940 2941 2942 2
t 173 2648 2944 2
t 669 2943 2648 2
t 747 2944 2943 2
t 2648 2943 2944 2
t 746 2941 2939 2
t 747 2943 2941 2
t 669 2939 2943 2
t 2941 2943 2939 2
t 52 2822 2946 1
t 719 2945 2822 2
t 749 2946 2945 2
t 2822 2945 2946 2
t 186 2947 2826 2
t 748 2948 2947 2
t 719 2826 2948 2
t 2947 2948 2826 2
t 194 2949 2951 2
t 749 2950 2949 2
t 748 2951 2950 2
t 2949 2950 2951 2
t 719 2948 2945 2
t 748 2950 2948 2
t 749 2945 2950 2
t 2948 2950 2945 2
t 173 2944 2934 2
t 747 2952 2944 2
t 745 2934 2952 2
t 2944 2952 2934 2
t 194 2951 2940 2
t 748 2953 2951 2
t 747 2940 2953 2
t 2951 2953 2940 2
t 186 2937 2947 2
t 745 2954 2937 2
t 748 2947 2954 2
t 2937 2954 2947 2
t 747 2953 2952 2
t 748 2954 2953 2
t 745 2952 2954 2
t 2953 2954 2952 2
t 49 2924 2894 2
t 744 2955 2924 2
t 736 2894 2955 2
t 2924 2955 2894 2
t 193 2956 2927 2
t 750 2957 2956 2
t 744 2927 2957 2
t 2956 2957 2927 2
t 192 2898 2959 2
t 736 2958 2898 2
t 750 2959 2958 2
t 2898 2958 2959 2
t 744 2957 2955 2
t 750 2958 2957 2
t 736 2955 2958 2
t 2957 2958 2955 2
t 52 2946 2916 1
t 749 2960 2946 2
t 741 2916 2960 2
t 2946 2960 2916 2
t 194 2961 2949 2
t 751 2962 2961 2
t 749 2949 2962 2
t 2961 2962 2949 2
t 193 2920 2964 2
t 741 2963 2920 2
t 751 2964 2963 2
t 2920 2963 2964 2
t 749 2962 2960 2
t 751 2963 2962 2
t 741 2960 2963 2
t 2962 2963 2960 2
t 46 2902 2938 2
t 739 2965 2902 2
t 746 2938 2965 2
t 2902 2965 2938 2
t 192 2966 2905 2
t 752 2967 2966 2
t 739 2905 2967 2
t 2966 2967 2905 2
t 194 2942 2969 2
t 746 2968 2942 2
t 752 2969 2968 2
t 2942 2968 2969 2
t 739 2967 2965 2
t 752 2968 2967 2
t 746 2965 2968 2
t 2967 2968 2965 2
t 193 2964 2956 2
t 751 2970 2964 2
t 750 2956 2970 2
t 2964 2970 2956 2
t 194 2969 2961 2
t 752 2971 2969 2
t 751 2961 2971 2
t 2969 2971 2961 2
t 192 2959 2966 2
t 750 2972 2959 2
t 752 2966 2972 2
t 2959 2972 2966 2
t 751 2971 2970 2
t 752 2972 2971 2
t 750 2970 2972 2
t 2971 2972 2970 2
t 3 2567 2974 2
t 647 2973 2567 2
t 754 2974 2973 2
t 2567 2973 2974 2
t 167 2975 2571 2
t 753 2976 2975 2
t 647 2571 2976 2
t 2975 2976 2571 2
t 196 2977 2979 2
t 754 2978 2977 2
t 753 2979 2978 2
t 2977 2978 2979 2
t 647 2976 2973 2
t 753 2978 2976 2
t 754 2973 2978 2
t 2976 2978 2973 2
t 47 2980 2583 2
t 755 2981 2980 2
t 651 2583 2981 2
t 2980 2981 2583 2
t 195 2982 2984 2
t 756 2983 2982 2
t 755 2984 2983 2
t 2982 2983 2984 2
t 167 2588 2986 2
t 651 2985 2588 2
t 756 2986 2985 2
t 2588 2985 2986 2
t 755 2983 2981 2
t 756 2985 2983 2
t 651 2981 2985 2
t 2983 2985 2981 2
t 55 2987 2989 2
t 757 2988 2987 2
t 759 2989 2988 2
t 2987 2988 2989 2
t 196 2990 2992 2
t 758 2991 2990 2
t 757 2992 2991 2
t 2990 2991 2992 2
t 195 2993 2995 2
t 759 2994 2993 2
t 758 2995 2994 2
t 2993 2994 2995 2
t 757 2991 2988 2
t 758 2994 2991 2
t 759 2988 2994 2
t 2991 2994 2988 2
t 167 2986 2975 2
t 756 2996 2986 2
t 753 2975 2996 2
t 2986 2996 2975 2
t 195 2995 2982 2
t 758 2997 2995 2
t 756 2982 2997 2
t 2995 2997 2982 2
t 196 2979 2990 2
t 753 2998 2979 2
t 758 2990 2998 2
t 2979 2998 2990 2
t 756 2997 2996 2
t 758 2998 2997 2
t 753 2996 2998 2
t 2997 2998 2996 2
t 17 2999 2625 2
t 760 3000 2999 2
t 663 2625 3000 2
t 2999 3000 2625 2
t 197 3001 3003 2
t 761 3002 3001 2
t 760 3003 3002 2
t 3001 3002 3003 2
t 171 2630 3005 2
t 663 3004 2630 2
t 761 3005 3004 2
t 2630 3004 3005 2
t 760 3002 3000 2
t 761 3004 3002 2
t 663 3000 3004 2
t 3002 3004 3000 2
t 54 3006 3008 1
t 762 3007 3006 2
t 764 3008 3007 1
t 3006 3007 3008 1
t 198 3009 3011 2
t 763 3010 3009 2
t 762 3011 3010 2
t 3009 3010 3011 2
t 197 3012 3014 1
t 764 3013 3012 1
t 763 3014 3013 2
t 3012 3013 3014 1
t 762 3010 3007 2
t 763 3013 3010 2
t 764 3007 3013 1
t 3010 3013 3007 2
t 47 2636 3016 2
t 668 3015 2636 2
t 766 3016 3015 2
t 2636 3015 3016 2
t 171 3017 2640 2
t 765 3018 3017 2
t 668 2640 3018 2
t 3017 3018 2640 2
t 198 3019 3021 2
t 766 3020 3019 2
t 765 3021 3020 2
t 3019 3020 3021 2
t 668 3018 3015 2
t 765 3020 3018 2
t 766 3015 3020 2
t 3018 3020 3015 2
t 197 3014 3001 2
t 763 3022 3014 2
t 761 3001 3022 2
t 3014 3022 3001 2
t 198 3021 3009 2
t 765 3023 3021 2
t 763 3009 3023 2
t 3021 3023 3009 2
t 171 3005 3017 2
t 761 3024 3005 2
t 765 3017 3024 2
t 3005 3024 3017 2
t 763 3023 3022 2
t 765 3024 3023 2
t 761 3022 3024 2
t 3023 3024 3022 2
t 19 3025 3027 2
t 767 3026 3025 2
t 769 3027 3026 2
t 3025 3026 3027 2
t 199 3028 3030 2
t 768 3029 3028 2
t 767 3030 3029 2
t 3028 3029 3030 2
t 201 3031 3033 2
t 769 3032 3031 2
t 768 3033 3032 2
t 3031 3032 3033 2
t 767 3029 3026 2
t 768 3032 3029 2
t 769 3026 3032 2
t 3029 3032 3026 2
t 55 3034 3036 2
t 770 3035 3034 2
t 772 3036 3035 2
t 3034 3035 3036 2
t 200 3037 3039 2
t 771 3038 3037 2
t 770 3039 3038 2
t 3037 3038 3039 2
t 199 3040 3042 2
t 772 3041 3040 2
t 771 3042 3041 2
t 3040 3041 3042 2
t 770 3038 3035 2
t 771 3041 3038 2
t 772 3035 3041 2
t 3038 3041 3035 2
t 54 3043 3045 1
t 773 3044 3043 1
t 775 3045 3044 1
t 3043 3044 3045 1
t 201 3046 3048 1
t 774 3047 3046 2
t 773 3048 3047 1
t 3046 3047 3048 1
t 200 3049 3051 2
t 775 3050 3049 2
t 774 3051 3050 2
t 3049 3050 3051 2
t 773 3047 3044 1
t 774 3050 3047 2
t 775 3044 3050 2
t 3047 3050 3044 1
t 199 3042 3028 2
t 771 3052 3042 2
t 768 3028 3052 2
t 3042 3052 3028 2
t 200 3051 3037 2
t 774 3053 3051 2
t 771 3037 3053 2
t 3051 3053 3037 2
t 201 3033 3046 2
t 768 3054 3033 2
t 774 3046 3054 2
t 3033 3054 3046 2
t 771 3053 3052 2
t 774 3054 3053 2
t 768 3052 3054 2
t 3053 3054 3052 2
t 47 3016 2980 2
t 766 3055 3016 2
t 755 2980 3055 2
t 3016 3055 2980 2
t 198 3056 3019 2
t 776 3057 3056 2
t 766 3019 3057 2
t 3056 3057 3019 2
t 195 2984 3059 2
t 755 3058 2984 2
t 776 3059 3058 2
t 2984 3058 3059 2
t 766 3057 3055 2
t 776 3058 3057 2
t 755 3055 3058 2
t 3057 3058 3055 2
t 54 3045 3006 1
t 775 3060 3045 2
t 762 3006 3060 2
t 3045 3060 3006 2
t 200 3061 3049 2
t 777 3062 3061 2
t 775 3049 3062 2
t 3061 3062 3049 2
t 198 3011 3064 2
t 762 3063 3011 2
t 777 3064 3063 2
t 3011 3063 3064 2
t 775 3062 3060 2
t 777 3063 3062 2
t 762 3060 3063 2
t 3062 3063 3060 2
t 55 2989 3034 2
t 759 3065 2989 2
t 770 3034 3065 2
t 2989 3065 3034 2
t 195 3066 2993 2
t 778 3067 3066 2
t 759 2993 3067 2
t 3066 3067 2993 2
t 200 3039 3069 2
t 770 3068 3039 2
t 778 3069 3068 2
t 3039 3068 3069 2
t 759 3067 3065 2
t 778 3068 3067 2
t 770 3065 3068 2
t 3067 3068 3065 2
t 198 3064 3056 2
t 777 3070 3064 2
t 776 3056 3070 2
t 3064 3070 3056 2
t 200 3069 3061 2
t 778 3071 3069 2
t 777 3061 3071 2
t 3069 3071 3061 2
t 195 3059 3066 2
t 776 3072 3059 2
t 778 3066 3072 2
t 3059 3072 3066 2
t 777 3071 3070 2
t 778 3072 3071 2
t 776 3070 3072 2
t 3071 3072 3070 2
t 8 3073 2781 1
t 779 3074 3073 1
t 705 2781 3074 1
t 3073 3074 2781 1
t 202 3075 3077 1
t 780 3076 3075 1
t 779 3077 3076 1
t 3075 3076 3077 1
t 183 2786 3079 1
t 705 3078 2786 1
t 780 3079 3078 1
t 2786 3078 3079 1
t 779 3076 3074 1
t 780 3078 3076 1
t 705 3074 3078 1
t 3076 3078 3074 1
t 56 3080 3082 1
t 781 3081 3080 1
t 783 3082 3081 1
t 3080 3081 3082 1
t 203 3083 3085 1
t 782 3084 3083 1
t 781 3085 3084 1
t 3083 3084 3085 1
t 202 3086 3088 1
t 783 3087 3086 1
t 782 3088 3087 1
t 3086 3087 3088 1
t 781 3084 3081 1
t 782 3087 3084 1
t 783 3081 3087 1
t 3084 3087 3081 1
t 51 2792 3090 1
t 710 3089 2792 1
t 785 3090 3089 1
t 2792 3089 3090 1
t 183 3091 2796 1
t 784 3092 3091 1
t 710 2796 3092 1
t 3091 3092 2796 1
t 203 3093 3095 1
t 785 3094 3093 1
t 784 3095 3094 1
t 3093 3094 3095 1
t 710 3092 3089 1
t 784 3094 3092 1
t 785 3089 3094 1
t 3092 3094 3089 1
t 202 3088 3075 1
t 782 3096 3088 1
t 780 3075 3096 1
t 3088 3096 3075 1
t 203 3095 3083 1
t 784 3097 3095 1
t 782 3083 3097 1
t 3095 3097 3083 1
t 183 3079 3091 1
t 780 3098 3079 1
t 784 3091 3098 1
t 3079 3098 3091 1
t 782 3097 3096 1
t 784 3098 3097 1
t 780 3096 3098 1
t 3097 3098 3096 1
t 18 3099 3101 2
t 786 3100 3099 2
t 788 3101 3100 2
t 3099 3100 3101 2
t 204 3102 3104 1
t 787 3103 3102 1
t 786 3104 3103 1
t 3102 3103 3104 1
t 206 3105 3107 2
t 788 3106 3105 2
t 787 3107 3106 2
t 3105 3106 3107 2
t 786 3103 3100 2
t 787 3106 3103 2
t 788 3100 3106 2
t 3103 3106 3100 2
t 57 3108 3110 1
t 789 3109 3108 1
t 791 3110 3109 1
t 3108 3109 3110 1
t 205 3111 3113 1
t 790 3112 3111 1
t 789 3113 3112 1
t 3111 3112 3113 1
t 204 3114 3116 1
t 791 3115 3114 1
t 790 3116 3115 1
t 3114 3115 3116 1
t 789 3112 3109 1
t 790 3115 3112 1
t 791 3109 3115 1
t 3112 3115 3109 1
t 56 3117 3119 1
t 792 3118 3117 2
t 794 3119 3118 1
t 3117 3118 3119 1
t 206 3120 3122 2
t 793 3121 3120 2
t 792 3122 3121 2
t 3120 3121 3122 2
t 205 3123 3125 1
t 794 3124 3123 1
t 793 3125 3124 1
t 3123 3124 3125 1
t 792 3121 3118 2
t 793 3124 3121 1
t 794 3118 3124 1
t 3121 3124 3118 1
t 204 3116 3102 1
t 790 3126 3116 1
t 787 3102 3126 1
t 3116 3126 3102 1
t 205 3125 3111 1
t 793 3127 3125 1
t 790 3111 3127 1
t 3125 3127 3111 1
t 206 3107 3120 2
t 787 3128 3107 2
t 793 3120 3128 1
t 3107 3128 3120 2
t 790 3127 3126 1
t 793 3128 3127 1
t 787 3126 3128 1
t 3127 3128 3126 1
t 17 2813 3130 2
t 716 3129 2813 2
t 796 3130 3129 1
t 2813 3129 3130 2
t 188 3131 2817 1
t 795 3132 3131 1
t 716 2817 3132 1
t 3131 3132 2817 1
t 208 3133 3135 1
t 796 3134 3133 1
t 795 3135 3134 1
t 3133 3134 3135 1
t 716 3132 3129 1
t 795 3134 3132 1
t 796 3129 3134 1
t 3132 3134 3129 1
t 51 3136 2829 1
t 797 3137 3136 1
t 720 2829 3137 1
t 3136 3137 2829 1
t 207 3138 3140 1
t 798 3139 3138 1
t 797 3140 3139 1
t 3138 3139 3140 1
t 188 2834 3142 1
t 720 3141 2834 1
t 798 3142 3141 1
t 2834 3141 3142 1
t 797 3139 3137 1
t 798 3141 3139 1
t 720 3137 3141 1
t 3139 3141 3137 1
t 57 3143 3145 1
t 799 3144 3143 1
t 801 3145 3144 1
t 3143 3144 3145 1
t 208 3146 3148 1
t 800 3147 3146 1
t 799 3148 3147 1
t 3146 3147 3148 1
t 207 3149 3151 1
t 801 3150 3149 1
t 800 3151 3150 1
t 3149 3150 3151 1
t 799 3147 3144 1
t 800 3150 3147 1
t 801 3144 3150 1
t 3147 3150 3144 1
t 188 3142 3131 1
t 798 3152 3142 1
t 795 3131 3152 1
t 3142 3152 3131 1
t 207 3151 3138 1
t 800 3153 3151 1
t 798 3138 3153 1
t 3151 3153 3138 1
t 208 3135 3146 1
t 795 3154 3135 1
t 800 3146 3154 1
t 3135 3154 3146 1
t 798 3153 3152 1
t 800 3154 3153 1
t 795 3152 3154 1
t 3153 3154 3152 1
t 56 3119 3080 1
t 794 3155 3119 1
t 781 3080 3155 1
t 3119 3155 3080 1
t 205 3156 3123 1
t 802 3157 3156 1
t 794 3123 3157 1
t 3156 3157 3123 1
t 203 3085 3159 1
t 781 3158 3085 1
t 802 3159 3158 1
t 3085 3158 3159 1
t 794 3157 3155 1
t 802 3158 3157 1
t 781 3155 3158 1
t 3157 3158 3155 1
t 57 3145 3108 1
t 801 3160 3145 1
t 789 3108 3160 1
t 3145 3160 3108 1
t 207 3161 3149 1
t 803 3162 3161 1
t 801 3149 3162 1
t 3161 3162 3149 1
t 205 3113 3164 1
t 789 3163 3113 1
t 803 3164 3163 1
t 3113 3163 3164 1
t 801 3162 3160 1
t 803 3163 3162 1
t 789 3160 3163 1
t 3162 3163 3160 1
t 51 3090 3136 1
t 785 3165 3090 1
t 797 3136 3165 1
t 3090 3165 3136 1
t 203 3166 3093 1
t 804 3167 3166 1
t 785 3093 3167 1
t 3166 3167 3093 1
t 207 3140 3169 1
t 797 3168 3140 1
t 804 3169 3168 1
t 3140 3168 3169 1
t 785 3167 3165 1
t 804 3168 3167 1
t 797 3165 3168 1
t 3167 3168 3165 1
t 205 3164 3156 1
t 803 3170 3164 1
t 802 3156 3170 1
t 3164 3170 3156 1
t 207 3169 3161 1
t 804 3171 3169 1
t 803 3161 3171 1
t 3169 3171 3161 1
t 203 3159 3166 1
t 802 3172 3159 1
t 804 3166 3172 1
t 3159 3172 3166 1
t 803 3171 3170 1
t 804 3172 3171 1
t 802 3170 3172 1
t 3171 3172 3170 1
t 4 3173 3175 2
t 805 3174 3173 2
t 807 3175 3174 2
t 3173 3174 3175 2
t 209 3176 3178 2
t 806 3177 3176 2
t 805 3178 3177 2
t 3176 3177 3178 2
t 211 3179 3181 2
t 807 3180 3179 2
t 806 3181 3180 2
t 3179 3180 3181 2
t 805 3177 3174 2
t 806 3180 3177 2
t 807 3174 3180 2
t 3177 3180 3174 2
t 58 3182 3184 1
t 808 3183 3182 2
t 810 3184 3183 1
t 3182 3183 3184 1
t 210 3185 3187 2
t 809 3186 3185 2
t 808 3187 3186 2
t 3185 3186 3187 2
t 209 3188 3190 2
t 810 3189 3188 1
t 809 3190 3189 2
t 3188 3189 3190 2
t 808 3186 3183 2
t 809 3189 3186 2
t 810 3183 3189 1
t 3186 3189 3183 2
t 60 3191 3193 2
t 811 3192 3191 2
t 813 3193 3192 2
t 3191 3192 3193 2
t 211 3194 3196 2
t 812 3195 3194 2
t 811 3196 3195 2
t 3194 3195 3196 2
t 210 3197 3199 2
t 813 3198 3197 2
t 812 3199 3198 2
t 3197 3198 3199 2
t 811 3195 3192 2
t 812 3198 3195 2
t 813 3192 3198 2
t 3195 3198 3192 2
t 209 3190 3176 2
t 809 3200 3190 2
t 806 3176 3200 2
t 3190 3200 3176 2
t 210 3199 3185 2
t 812 3201 3199 2
t 809 3185 3201 2
t 3199 3201 3185 2
t 211 3181 3194 2
t 806 3202 3181 2
t 812 3194 3202 2
t 3181 3202 3194 2
t 809 3201 3200 2
t 812 3202 3201 2
t 806 3200 3202 2
t 3201 3202 3200 2
t 19 3203 3205 2
t 814 3204 3203 2
t 816 3205 3204 2
t 3203 3204 3205 2
t 212 3206 3208 1
t 815 3207 3206 2
t 814 3208 3207 2
t 3206 3207 3208 2
t 214 3209 3211 2
t 816 3210 3209 2
t 815 3211 3210 2
t 3209 3210 3211 2
t 814 3207 3204 2
t 815 3210 3207 2
t 816 3204 3210 2
t 3207 3210 3204 2
t 59 3212 3214 1
t 817 3213 3212 1
t 819 3214 3213 1
t 3212 3213 3214 1
t 213 3215 3217 2
t 818 3216 3215 2
t 817 3217 3216 2
t 3215 3216 3217 2
t 212 3218 3220 1
t 819 3219 3218 1
t 818 3220 3219 1
t 3218 3219 3220 1
t 817 3216 3213 1
t 818 3219 3216 1
t 819 3213 3219 1
t 3216 3219 3213 1
t 58 3221 3223 1
t 820 3222 3221 2
t 822 3223 3222 2
t 3221 3222 3223 2
t 214 3224 3226 2
t 821 3225 3224 2
t 820 3226 3225 2
t 3224 3225 3226 2
t 213 3227 3229 2
t 822 3228 3227 2
t 821 3229 3228 2
t 3227 3228 3229 2
t 820 3225 3222 2
t 821 3228 3225 2
t 822 3222 3228 2
t 3225 3228 3222 2
t 212 3220 3206 1
t 818 3230 3220 2
t 815 3206 3230 2
t 3220 3230 3206 1
t 213 3229 3215 2
t 821 3231 3229 2
t 818 3215 3231 2
t 3229 3231 3215 2
t 214 3211 3224 2
t 815 3232 3211 2
t 821 3224 3232 2
t 3211 3232 3224 2
t 818 3231 3230 2
t 821 3232 3231 2
t 815 3230 3232 2
t 3231 3232 3230 2
t 18 3233 3235 2
t 823 3234 3233 2
t 825 3235 3234 2
t 3233 3234 3235 2
t 215 3236 3238 2
t 824 3237 3236 2
t 823 3238 3237 2
t 3236 3237 3238 2
t 217 3239 3241 2
t 825 3240 3239 2
t 824 3241 3240 2
t 3239 3240 3241 2
t 823 3237 3234 2
t 824 3240 3237 2
t 825 3234 3240 2
t 3237 3240 3234 2
t 60 3242 3244 2
t 826 3243 3242 2
t 828 3244 3243 2
t 3242 3243 3244 2
t 216 3245 3247 2
t 827 3246 3245 2
t 826 3247 3246 2
t 3245 3246 3247 2
t 215 3248 3250 2
t 828 3249 3248 2
t 827 3250 3249 2
t 3248 3249 3250 2
t 826 3246 3243 2
t 827 3249 3246 2
t 828 3243 3249 2
t 3246 3249 3243 2
t 59 3251 3253 1
t 829 3252 3251 1
t 831 3253 3252 1
t 3251 3252 3253 1
t 217 3254 3256 2
t 830 3255 3254 2
t 829 3256 3255 1
t 3254 3255 3256 2
t 216 3257 3259 2
t 831 3258 3257 2
t 830 3259 3258 2
t 3257 3258 3259 2
t 829 3255 3252 1
t 830 3258 3255 2
t 831 3252 3258 2
t 3255 3258 3252 2
t 215 3250 3236 2
t 827 3260 3250 2
t 824 3236 3260 2
t 3250 3260 3236 2
t 216 3259 3245 2
t 830 3261 3259 2
t 827 3245 3261 2
t 3259 3261 3245 2
t 217 3241 3254 2
t 824 3262 3241 2
t 830 3254 3262 2
t 3241 3262 3254 2
t 827 3261 3260 2
t 830 3262 3261 2
t 824 3260 3262 2
t 3261 3262 3260 2
t 58 3223 3182 1
t 822 3263 3223 2
t 808 3182 3263 2
t 3223 3263 3182 2
t 213 3264 3227 2
t 832 3265 3264 2
t 822 3227 3265 2
t 3264 3265 3227 2
t 210 3187 3267 2
t 808 3266 3187 2
t 832 3267 3266 2
t 3187 3266 3267 2
t 822 3265 3263 2
t 832 3266 3265 2
t 808 3263 3266 2
t 3265 3266 3263 2
t 59 3253 3212 1
t 831 3268 3253 2
t 817 3212 3268 1
t 3253 3268 3212 1
t 216 3269 3257 2
t 833 3270 3269 2
t 831 3257 3270 2
t 3269 3270 3257 2
t 213 3217 3272 2
t 817 3271 3217 2
t 833 3272 3271 2
t 3217 3271 3272 2
t 831 3270 3268 2
t 833 3271 3270 2
t 817 3268 3271 2
t 3270 3271 3268 2
t 60 3193 3242 2
t 813 3273 3193 2
t 826 3242 3273 2
t 3193 3273 3242 2
t 210 3274 3197 2
t 834 3275 3274 2
t 813 3197 3275 2
t 3274 3275 3197 2
t 216 3247 3277 2
t 826 3276 3247 2
t 834 3277 3276 2
t 3247 3276 3277 2
t 813 3275 3273 2
t 834 3276 3275 2
t 826 3273 3276 2
t 3275 3276 3273 2
t 213 3272 3264 2
t 833 3278 3272 2
t 832 3264 3278 2
t 3272 3278 3264 2
t 216 3277 3269 2
t 834 3279 3277 2
t 833 3269 3279 2
t 3277 3279 3269 2
t 210 3267 3274 2
t 832 3280 3267 2
t 834 3274 3280 2
t 3267 3280 3274 2
t 833 3279 3278 2
t 834 3280 3279 2
t 832 3278 3280 2
t 3279 3280 3278 2
t 17 3130 2999 2
t 796 3281 3130 1
t 760 2999 3281 2
t 3130 3281 2999 2
t 208 3282 3133 1
t 835 3283 3282 1
t 796 3133 3283 1
t 3282 3283 3133 1
t 197 3003 3285 1
t 760 3284 3003 1
t 835 3285 3284 1
t 3003 3284 3285 1
t 796 3283 3281 1
t 835 3284 3283 1
t 760 3281 3284 1
t 3283 3284 3281 1
t 57 3286 3143 1
t 836 3287 3286 1
t 799 3143 3287 1
t 3286 3287 3143 1
t 218 3288 3290 1
t 837 3289 3288 1
t 836 3290 3289 1
t 3288 3289 3290 1
t 208 3148 3292 1
t 799 3291 3148 1
t 837 3292 3291 1
t 3148 3291 3292 1
t 836 3289 3287 1
t 837 3291 3289 1
t 799 3287 3291 1
t 3289 3291 3287 1
t 54 3008 3294 1
t 764 3293 3008 1
t 839 3294 3293 1
t 3008 3293 3294 1
t 197 3295 3012 1
t 838 3296 3295 1
t 764 3012 3296 1
t 3295 3296 3012 1
t 218 3297 3299 1
t 839 3298 3297 1
t 838 3299 3298 1
t 3297 3298 3299 1
t 764 3296 3293 1
t 838 3298 3296 1
t 839 3293 3298 1
t 3296 3298 3293 1
t 208 3292 3282 1
t 837 3300 3292 1
t 835 3282 3300 1
t 3292 3300 3282 1
t 218 3299 3288 1
t 838 3301 3299 1
t 837 3288 3301 1
t 3299 3301 3288 1
t 197 3285 3295 1
t 835 3302 3285 1
t 838 3295 3302 1
t 3285 3302 3295 1
t 837 3301 3300 1
t 838 3302 3301 1
t 835 3300 3302 1
t 3301 3302 3300 1
t 18 3235 3099 2
t 825 3303 3235 2
t 786 3099 3303 2
t 3235 3303 3099 2
t 217 3304 3239 2
t 840 3305 3304 2
t 825 3239 3305 2
t 3304 3305 3239 2
t 204 3104 3307 1
t 786 3306 3104 1
t 840 3307 3306 1
t 3104 3306 3307 1
t 825 3305 3303 2
t 840 3306 3305 2
t 786 3303 3306 2
t 3305 3306 3303 2
t 59 3308 3251 1
t 841 3309 3308 1
t 829 3251 3309 1
t 3308 3309 3251 1
t 219 3310 3312 1
t 842 3311 3310 1
t 841 3312 3311 1
t 3310 3311 3312 1
t 217 3256 3314 2
t 829 3313 3256 1
t 842 3314 3313 1
t 3256 3313 3314 1
t 841 3311 3309 1
t 842 3313 3311 1
t 829 3309 3313 1
t 3311 3313 3309 1
t 57 3110 3316 1
t 791 3315 3110 1
t 844 3316 3315 1
t 3110 3315 3316 1
t 204 3317 3114 1
t 843 3318 3317 1
t 791 3114 3318 1
t 3317 3318 3114 1
t 219 3319 3321 1
t 844 3320 3319 1
t 843 3321 3320 1
t 3319 3320 3321 1
t 791 3318 3315 1
t 843 3320 3318 1
t 844 3315 3320 1
t 3318 3320 3315 1
t 217 3314 3304 2
t 842 3322 3314 1
t 840 3304 3322 1
t 3314 3322 3304 1
t 219 3321 3310 1
t 843 3323 3321 1
t 842 3310 3323 1
t 3321 3323 3310 1
t 204 3307 3317 1
t 840 3324 3307 1
t 843 3317 3324 1
t 3307 3324 3317 1
t 842 3323 3322 1
t 843 3324 3323 1
t 840 3322 3324 1
t 3323 3324 3322 1
t 19 3027 3203 2
t 769 3325 3027 2
t 814 3203 3325 2
t 3027 3325 3203 2
t 201 3326 3031 1
t 845 3327 3326 1
t 769 3031 3327 2
t 3326 3327 3031 2
t 212 3208 3329 1
t 814 3328 3208 2
t 845 3329 3328 1
t 3208 3328 3329 1
t 769 3327 3325 2
t 845 3328 3327 1
t 814 3325 3328 2
t 3327 3328 3325 2
t 54 3330 3043 1
t 846 3331 3330 1
t 773 3043 3331 1
t 3330 3331 3043 1
t 220 3332 3334 1
t 847 3333 3332 1
t 846 3334 3333 1
t 3332 3333 3334 1
t 201 3048 3336 1
t 773 3335 3048 1
t 847 3336 3335 1
t 3048 3335 3336 1
t 846 3333 3331 1
t 847 3335 3333 1
t 773 3331 3335 1
t 3333 3335 3331 1
t 59 3214 3338 1
t 819 3337 3214 1
t 849 3338 3337 1
t 3214 3337 3338 1
t 212 3339 3218 1
t 848 3340 3339 1
t 819 3218 3340 1
t 3339 3340 3218 1
t 220 3341 3343 1
t 849 3342 3341 1
t 848 3343 3342 1
t 3341 3342 3343 1
t 819 3340 3337 1
t 848 3342 3340 1
t 849 3337 3342 1
t 3340 3342 3337 1
t 201 3336 3326 1
t 847 3344 3336 1
t 845 3326 3344 1
t 3336 3344 3326 1
t 220 3343 3332 1
t 848 3345 3343 1
t 847 3332 3345 1
t 3343 3345 3332 1
t 212 3329 3339 1
t 845 3346 3329 1
t 848 3339 3346 1
t 3329 3346 3339 1
t 847 3345 3344 1
t 848 3346 3345 1
t 845 3344 3346 1
t 3345 3346 3344 1
t 57 3316 3286 1
t 844 3347 3316 1
t 836 3286 3347 1
t 3316 3347 3286 1
t 219 3348 3319 1
t 850 3349 3348 1
t 844 3319 3349 1
t 3348 3349 3319 1
t 218 3290 3351 1
t 836 3350 3290 1
t 850 3351 3350 1
t 3290 3350 3351 1
t 844 3349 3347 1
t 850 3350 3349 1
t 836 3347 3350 1
t 3349 3350 3347 1
t 59 3338 3308 1
t 849 3352 3338 1
t 841 3308 3352 1
t 3338 3352 3308 1
t 220 3353 3341 1
t 851 3354 3353 1
t 849 3341 3354 1
t 3353 3354 3341 1
t 219 3312 3356 1
t 841 3355 3312 1
t 851 3356 3355 1
t 3312 3355 3356 1
t 849 3354 3352 1
t 851 3355 3354 1
t 841 3352 3355 1
t 3354 3355 3352 1
t 54 3294 3330 1
t 839 3357 3294 1
t 846 3330 3357 1
t 3294 3357 3330 1
t 218 3358 3297 1
t 852 3359 3358 1
t 839 3297 3359 1
t 3358 3359 3297 1
t 220 3334 3361 1
t 846 3360 3334 1
t 852 3361 3360 1
t 3334 3360 3361 1
t 839 3359 3357 1
t 852 3360 3359 1
t 846 3357 3360 1
t 3359 3360 3357 1
t 219 3356 3348 1
t 851 3362 3356 1
t 850 3348 3362 1
t 3356 3362 3348 1
t 220 3361 3353 1
t 852 3363 3361 1
t 851 3353 3363 1
t 3361 3363 3353 1
t 218 3351 3358 1
t 850 3364 3351 1
t 852 3358 3364 1
t 3351 3364 3358 1
t 851 3363 3362 1
t 852 3364 3363 1
t 850 3362 3364 1
t 3363 3364 3362 1
t 3 2974 3366 2
t 754 3365 2974 2
t 854 3366 3365 2
t 2974 3365 3366 2
t 196 3367 2977 2
t 853 3368 3367 2
t 754 2977 3368 2
t 3367 3368 2977 2
t 222 3369 3371 2
t 854 3370 3369 2
t 853 3371 3370 2
t 3369 3370 3371 2
t 754 3368 3365 2
t 853 3370 3368 2
t 854 3365 3370 2
t 3368 3370 3365 2
t 55 3372 2987 2
t 855 3373 3372 2
t 757 2987 3373 2
t 3372 3373 2987 2
t 221 3374 3376 1
t 856 3375 3374 2
t 855 3376 3375 2
t 3374 3375 3376 2
t 196 2992 3378 2
t 757 3377 2992 2
t 856 3378 3377 2
t 2992 3377 3378 2
t 855 3375 3373 2
t 856 3377 3375 2
t 757 3373 3377 2
t 3375 3377 3373 2
t 62 3379 3381 1
t 857 3380 3379 1
t 859 3381 3380 1
t 3379 3380 3381 1
t 222 3382 3384 1
t 858 3383 3382 1
t 857 3384 3383 1
t 3382 3383 3384 1
t 221 3385 3387 1
t 859 3386 3385 1
t 858 3387 3386 1
t 3385 3386 3387 1
t 857 3383 3380 1
t 858 3386 3383 1
t 859 3380 3386 1
t 3383 3386 3380 1
t 196 3378 3367 2
t 856 3388 3378 2
t 853 3367 3388 2
t 3378 3388 3367 2
t 221 3387 3374 1
t 858 3389 3387 1
t 856 3374 3389 2
t 3387 3389 3374 1
t 222 3371 3382 1
t 853 3390 3371 2
t 858 3382 3390 1
t 3371 3390 3382 1
t 856 3389 3388 2
t 858 3390 3389 1
t 853 3388 3390 2
t 3389 3390 3388 2
t 19 3391 3025 2
t 860 3392 3391 2
t 767 3025 3392 2
t 3391 3392 3025 2
t 223 3393 3395 2
t 861 3394 3393 2
t 860 3395 3394 2
t 3393 3394 3395 2
t 199 3030 3397 2
t 767 3396 3030 2
t 861 3397 3396 2
t 3030 3396 3397 2
t 860 3394 3392 2
t 861 3396 3394 2
t 767 3392 3396 2
t 3394 3396 3392 2
t 61 3398 3400 1
t 862 3399 3398 1
t 864 3400 3399 1
t 3398 3399 3400 1
t 224 3401 3403 1
t 863 3402 3401 2
t 862 3403 3402 1
t 3401 3402 3403 1
t 223 3404 3406 2
t 864 3405 3404 1
t 863 3406 3405 2
t 3404 3405 3406 2
t 862 3402 3399 1
t 863 3405 3402 1
t 864 3399 3405 1
t 3402 3405 3399 1
t 55 3036 3408 2
t 772 3407 3036 2
t 866 3408 3407 2
t 3036 3407 3408 2
t 199 3409 3040 2
t 865 3410 3409 2
t 772 3040 3410 2
t 3409 3410 3040 2
t 224 3411 3413 2
t 866 3412 3411 2
t 865 3413 3412 2
t 3411 3412 3413 2
t 772 3410 3407 2
t 865 3412 3410 2
t 866 3407 3412 2
t 3410 3412 3407 2
t 223 3406 3393 2
t 863 3414 3406 2
t 861 3393 3414 2
t 3406 3414 3393 2
t 224 3413 3401 2
t 865 3415 3413 2
t 863 3401 3415 2
t 3413 3415 3401 2
t 199 3397 3409 2
t 861 3416 3397 2
t 865 3409 3416 2
t 3397 3416 3409 2
t 863 3415 3414 2
t 865 3416 3415 2
t 861 3414 3416 2
t 3415 3416 3414 2
t 21 3417 3419 1
t 867 3418 3417 1
t 869 3419 3418 1
t 3417 3418 3419 1
t 225 3420 3422 1
t 868 3421 3420 1
t 867 3422 3421 1
t 3420 3421 3422 1
t 227 3423 3425 1
t 869 3424 3423 1
t 868 3425 3424 1
t 3423 3424 3425 1
t 867 3421 3418 1
t 868 3424 3421 1
t 869 3418 3424 1
t 3421 3424 3418 1
t 62 3426 3428 1
t 870 3427 3426 1
t 872 3428 3427 1
t 3426 3427 3428 1
t 226 3429 3431 1
t 871 3430 3429 1
t 870 3431 3430 1
t 3429 3430 3431 1
t 225 3432 3434 1
t 872 3433 3432 1
t 871 3434 3433 1
t 3432 3433 3434 1
t 870 3430 3427 1
t 871 3433 3430 1
t 872 3427 3433 1
t 3430 3433 3427 1
t 61 3435 3437 1
t 873 3436 3435 1
t 875 3437 3436 1
t 3435 3436 3437 1
t 227 3438 3440 1
t 874 3439 3438 1
t 873 3440 3439 1
t 3438 3439 3440 1
t 226 3441 3443 1
t 875 3442 3441 1
t 874 3443 3442 1
t 3441 3442 3443 1
t 873 3439 3436 1
t 874 3442 3439 1
t 875 3436 3442 1
t 3439 3442 3436 1
t 225 3434 3420 1
t 871 3444 3434 1
t 868 3420 3444 1
t 3434 3444 3420 1
t 226 3443 3429 1
t 874 3445 3443 1
t 871 3429 3445 1
t 3443 3445 3429 1
t 227 3425 3438 1
t 868 3446 3425 1
t 874 3438 3446 1
t 3425 3446 3438 1
t 871 3445 3444 1
t 874 3446 3445 1
t 868 3444 3446 1
t 3445 3446 3444 1
t 55 3408 3372 2
t 866 3447 3408 2
t 855 3372 3447 2
t 3408 3447 3372 2
t 224 3448 3411 1
t 876 3449 3448 1
t 866 3411 3449 2
t 3448 3449 3411 1
t 221 3376 3451 1
t 855 3450 3376 2
t 876 3451 3450 1
t 3376 3450 3451 1
t 866 3449 3447 2
t 876 3450 3449 1
t 855 3447 3450 2
t 3449 3450 3447 2
t 61 3437 3398 1
t 875 3452 3437 1
t 862 3398 3452 1
t 3437 3452 3398 1
t 226 3453 3441 1
t 877 3454 3453 1
t 875 3441 3454 1
t 3453 3454 3441 1
t 224 3403 3456 1
t 862 3455 3403 1
t 877 3456 3455 1
t 3403 3455 3456 1
t 875 3454 3452 1
t 877 3455 3454 1
t 862 3452 3455 1
t 3454 3455 3452 1
t 62 3381 3426 1
t 859 3457 3381 1
t 870 3426 3457 1
t 3381 3457 3426 1
t 221 3458 3385 1
t 878 3459 3458 1
t 859 3385 3459 1
t 3458 3459 3385 1
t 226 3431 3461 1
t 870 3460 3431 1
t 878 3461 3460 1
t 3431 3460 3461 1
t 859 3459 3457 1
t 878 3460 3459 1
t 870 3457 3460 1
t 3459 3460 3457 1
t 224 3456 3448 1
t 877 3462 3456 1
t 876 3448 3462 1
t 3456 3462 3448 1
t 226 3461 3453 1
t 878 3463 3461 1
t 877 3453 3463 1
t 3461 3463 3453 1
t 221 3451 3458 1
t 876 3464 3451 1
t 878 3458 3464 1
t 3451 3464 3458 1
t 877 3463 3462 1
t 878 3464 3463 1
t 876 3462 3464 1
t 3463 3464 3462 1
t 4 3465 3173 2
t 879 3466 3465 2
t 805 3173 3466 2
t 3465 3466 3173 2
t 228 3467 3469 2
t 880 3468 3467 2
t 879 3469 3468 2
t 3467 3468 3469 2
t 209 3178 3471 2
t 805 3470 3178 2
t 880 3471 3470 2
t 3178 3470 3471 2
t 879 3468 3466 2
t 880 3470 3468 2
t 805 3466 3470 2
t 3468 3470 3466 2
t 63 3472 3474 2
t 881 3473 3472 2
t 883 3474 3473 2
t 3472 3473 3474 2
t 229 3475 3477 1
t 882 3476 3475 1
t 881 3477 3476 1
t 3475 3476 3477 1
t 228 3478 3480 2
t 883 3479 3478 2
t 882 3480 3479 2
t 3478 3479 3480 2
t 881 3476 3473 2
t 882 3479 3476 2
t 883 3473 3479 2
t 3476 3479 3473 2
t 58 3184 3482 1
t 810 3481 3184 1
t 885 3482 3481 1
t 3184 3481 3482 1
t 209 3483 3188 1
t 884 3484 3483 1
t 810 3188 3484 1
t 3483 3484 3188 1
t 229 3485 3487 1
t 885 3486 3485 1
t 884 3487 3486 1
t 3485 3486 3487 1
t 810 3484 3481 1
t 884 3486 3484 1
t 885 3481 3486 1
t 3484 3486 3481 1
t 228 3480 3467 2
t 882 3488 3480 2
t 880 3467 3488 2
t 3480 3488 3467 2
t 229 3487 3475 1
t 884 3489 3487 1
t 882 3475 3489 1
t 3487 3489 3475 1
t 209 3471 3483 1
t 880 3490 3471 2
t 884 3483 3490 1
t 3471 3490 3483 1
t 882 3489 3488 1
t 884 3490 3489 1
t 880 3488 3490 2
t 3489 3490 3488 1
t 20 3491 3493 2
t 886 3492 3491 2
t 888 3493 3492 2
t 3491 3492 3493 2
t 230 3494 3496 2
t 887 3495 3494 2
t 886 3496 3495 2
t 3494 3495 3496 2
t 232 3497 3499 2
t 888 3498 3497 2
t 887 3499 3498 2
t 3497 3498 3499 2
t 886 3495 3492 2
t 887 3498 3495 2
t 888 3492 3498 2
t 3495 3498 3492 2
t 64 3500 3502 2
t 889 3501 3500 2
t 891 3502 3501 2
t 3500 3501 3502 2
t 231 3503 3505 2
t 890 3504 3503 2
t 889 3505 3504 2
t 3503 3504 3505 2
t 230 3506 3508 2
t 891 3507 3506 2
t 890 3508 3507 2
t 3506 3507 3508 2
t 889 3504 3501 2
t 890 3507 3504 2
t 891 3501 3507 2
t 3504 3507 3501 2
t 63 3509 3511 2
t 892 3510 3509 2
t 894 3511 3510 2
t 3509 3510 3511 2
t 232 3512 3514 2
t 893 3513 3512 2
t 892 3514 3513 2
t 3512 3513 3514 2
t 231 3515 3517 2
t 894 3516 3515 2
t 893 3517 3516 2
t 3515 3516 3517 2
t 892 3513 3510 2
t 893 3516 3513 2
t 894 3510 3516 2
t 3513 3516 3510 2
t 230 3508 3494 2
t 890 3518 3508 2
t 887 3494 3518 2
t 3508 3518 3494 2
t 231 3517 3503 2
t 893 3519 3517 2
t 890 3503 3519 2
t 3517 3519 3503 2
t 232 3499 3512 2
t 887 3520 3499 2
t 893 3512 3520 2
t 3499 3520 3512 2
t 890 3519 3518 2
t 893 3520 3519 2
t 887 3518 3520 2
t 3519 3520 3518 2
t 19 3205 3522 2
t 816 3521 3205 2
t 896 3522 3521 2
t 3205 3521 3522 2
t 214 3523 3209 2
t 895 3524 3523 2
t 816 3209 3524 2
t 3523 3524 3209 2
t 234 3525 3527 2
t 896 3526 3525 2
t 895 3527 3526 2
t 3525 3526 3527 2
t 816 3524 3521 2
t 895 3526 3524 2
t 896 3521 3526 2
t 3524 3526 3521 2
t 58 3528 3221 1
t 897 3529 3528 1
t 820 3221 3529 2
t 3528 3529 3221 1
t 233 3530 3532 1
t 898 3531 3530 2
t 897 3532 3531 1
t 3530 3531 3532 1
t 214 3226 3534 2
t 820 3533 3226 2
t 898 3534 3533 2
t 3226 3533 3534 2
t 897 3531 3529 1
t 898 3533 3531 2
t 820 3529 3533 2
t 3531 3533 3529 2
t 64 3535 3537 2
t 899 3536 3535 2
t 901 3537 3536 2
t 3535 3536 3537 2
t 234 3538 3540 2
t 900 3539 3538 2
t 899 3540 3539 2
t 3538 3539 3540 2
t 233 3541 3543 1
t 901 3542 3541 2
t 900 3543 3542 2
t 3541 3542 3543 2
t 899 3539 3536 2
t 900 3542 3539 2
t 901 3536 3542 2
t 3539 3542 3536 2
t 214 3534 3523 2
t 898 3544 3534 2
t 895 3523 3544 2
t 3534 3544 3523 2
t 233 3543 3530 1
t 900 3545 3543 2
t 898 3530 3545 2
t 3543 3545 3530 2
t 234 3527 3538 2
t 895 3546 3527 2
t 900 3538 3546 2
t 3527 3546 3538 2
t 898 3545 3544 2
t 900 3546 3545 2
t 895 3544 3546 2
t 3545 3546 3544 2
t 63 3511 3472 2
t 894 3547 3511 2
t 881 3472 3547 2
t 3511 3547 3472 2
t 231 3548 3515 2
t 902 3549 3548 2
t 894 3515 3549 2
t 3548 3549 3515 2
t 229 3477 3551 1
t 881 3550 3477 1
t 902 3551 3550 1
t 3477 3550 3551 1
t 894 3549 3547 2
t 902 3550 3549 1
t 881 3547 3550 1
t 3549 3550 3547 2
t 64 3537 3500 2
t 901 3552 3537 2
t 889 3500 3552 2
t 3537 3552 3500 2
t 233 3553 3541 1
t 903 3554 3553 1
t 901 3541 3554 2
t 3553 3554 3541 1
t 231 3505 3556 2
t 889 3555 3505 2
t 903 3556 3555 2
t 3505 3555 3556 2
t 901 3554 3552 2
t 903 3555 3554 1
t 889 3552 3555 2
t 3554 3555 3552 2
t 58 3482 3528 1
t 885 3557 3482 1
t 897 3528 3557 1
t 3482 3557 3528 1
t 229 3558 3485 1
t 904 3559 3558 1
t 885 3485 3559 1
t 3558 3559 3485 1
t 233 3532 3561 1
t 897 3560 3532 1
t 904 3561 3560 1
t 3532 3560 3561 1
t 885 3559 3557 1
t 904 3560 3559 1
t 897 3557 3560 1
t 3559 3560 3557 1
t 231 3556 3548 2
t 903 3562 3556 1
t 902 3548 3562 1
t 3556 3562 3548 2
t 233 3561 3553 1
t 904 3563 3561 1
t 903 3553 3563 1
t 3561 3563 3553 1
t 229 3551 3558 1
t 902 3564 3551 1
t 904 3558 3564 1
t 3551 3564 3558 1
t 903 3563 3562 1
t 904 3564 3563 1
t 902 3562 3564 1
t 3563 3564 3562 1
t 10 3565 3567 2
t 905 3566 3565 2
t 907 3567 3566 2
t 3565 3566 3567 2
t 235 3568 3570 2
t 906 3569 3568 2
t 905 3570 3569 2
t 3568 3569 3570 2
t 237 3571 3573 2
t 907 3572 3571 2
t 906 3573 3572 2
t 3571 3572 3573 2
t 905 3569 3566 2
t 906 3572 3569 2
t 907 3566 3572 2
t 3569 3572 3566 2
t 65 3574 3576 1
t 908 3575 3574 1
t 910 3576 3575 1
t 3574 3575 3576 1
t 236 3577 3579 2
t 909 3578 3577 2
t 908 3579 3578 1
t 3577 3578 3579 2
t 235 3580 3582 2
t 910 3581 3580 1
t 909 3582 3581 2
t 3580 3581 3582 1
t 908 3578 3575 1
t 909 3581 3578 2
t 910 3575 3581 1
t 3578 3581 3575 1
t 67 3583 3585 2
t 911 3584 3583 2
t 913 3585 3584 2
t 3583 3584 3585 2
t 237 3586 3588 2
t 912 3587 3586 2
t 911 3588 3587 2
t 3586 3587 3588 2
t 236 3589 3591 2
t 913 3590 3589 2
t 912 3591 3590 2
t 3589 3590 3591 2
t 911 3587 3584 2
t 912 3590 3587 2
t 913 3584 3590 2
t 3587 3590 3584 2
t 235 3582 3568 2
t 909 3592 3582 2
t 906 3568 3592 2
t 3582 3592 3568 2
t 236 3591 3577 2
t 912 3593 3591 2
t 909 3577 3593 2
t 3591 3593 3577 2
t 237 3573 3586 2
t 906 3594 3573 2
t 912 3586 3594 2
t 3573 3594 3586 2
t 909 3593 3592 2
t 912 3594 3593 2
t 906 3592 3594 2
t 3593 3594 3592 2
t 21 3595 3597 1
t 914 3596 3595 1
t 916 3597 3596 1
t 3595 3596 3597 1
t 238 3598 3600 1
t 915 3599 3598 1
t 914 3600 3599 1
t 3598 3599 3600 1
t 240 3601 3603 1
t 916 3602 3601 1
t 915 3603 3602 1
t 3601 3602 3603 1
t 914 3599 3596 1
t 915 3602 3599 1
t 916 3596 3602 1
t 3599 3602 3596 1
t 66 3604 3606 1
t 917 3605 3604 1
t 919 3606 3605 1
t 3604 3605 3606 1
t 239 3607 3609 1
t 918 3608 3607 1
t 917 3609 3608 1
t 3607 3608 3609 1
t 238 3610 3612 1
t 919 3611 3610 1
t 918 3612 3611 1
t 3610 3611 3612 1
t 917 3608 3605 1
t 918 3611 3608 1
t 919 3605 3611 1
t 3608 3611 3605 1
t 65 3613 3615 1
t 920 3614 3613 1
t 922 3615 3614 1
t 3613 3614 3615 1
t 240 3616 3618 1
t 921 3617 3616 1
t 920 3618 3617 1
t 3616 3617 3618 1
t 239 3619 3621 1
t 922 3620 3619 1
t 921 3621 3620 1
t 3619 3620 3621 1
t 920 3617 3614 1
t 921 3620 3617 1
t 922 3614 3620 1
t 3617 3620 3614 1
t 238 3612 3598 1
t 918 3622 3612 1
t 915 3598 3622 1
t 3612 3622 3598 1
t 239 3621 3607 1
t 921 3623 3621 1
t 918 3607 3623 1
t 3621 3623 3607 1
t 240 3603 3616 1
t 915 3624 3603 1
t 921 3616 3624 1
t 3603 3624 3616 1
t 918 3623 3622 1
t 921 3624 3623 1
t 915 3622 3624 1
t 3623 3624 3622 1
t 20 3625 3627 2
t 923 3626 3625 2
t 925 3627 3626 2
t 3625 3626 3627 2
t 241 3628 3630 2
t 924 3629 3628 2
t 923 3630 3629 2
t 3628 3629 3630 2
t 243 3631 3633 2
t 925 3632 3631 2
t 924 3633 3632 2
t 3631 3632 3633 2
t 923 3629 3626 2
t 924 3632 3629 2
t 925 3626 3632 2
t 3629 3632 3626 2
t 67 3634 3636 2
t 926 3635 3634 2
t 928 3636 3635 2
t 3634 3635 3636 2
t 242 3637 3639 2
t 927 3638 3637 2
t 926 3639 3638 2
t 3637 3638 3639 2
t 241 3640 3642 2
t 928 3641 3640 2
t 927 3642 3641 2
t 3640 3641 3642 2
t 926 3638 3635 2
t 927 3641 3638 2
t 928 3635 3641 2
t 3638 3641 3635 2
t 66 3643 3645 1
t 929 3644 3643 1
t 931 3645 3644 1
t 3643 3644 3645 1
t 243 3646 3648 2
t 930 3647 3646 2
t 929 3648 3647 2
t 3646 3647 3648 2
t 242 3649 3651 2
t 931 3650 3649 2
t 930 3651 3650 2
t 3649 3650 3651 2
t 929 3647 3644 2
t 930 3650 3647 2
t 931 3644 3650 2
t 3647 3650 3644 2
t 241 3642 3628 2
t 927 3652 3642 2
t 924 3628 3652 2
t 3642 3652 3628 2
t 242 3651 3637 2
t 930 3653 3651 2
t 927 3637 3653 2
t 3651 3653 3637 2
t 243 3633 3646 2
t 924 3654 3633 2
t 930 3646 3654 2
t 3633 3654 3646 2
t 927 3653 3652 2
t 930 3654 3653 2
t 924 3652 3654 2
t 3653 3654 3652 2
t 65 3615 3574 1
t 922 3655 3615 1
t 908 3574 3655 1
t 3615 3655 3574 1
t 239 3656 3619 1
t 932 3657 3656 1
t 922 3619 3657 1
t 3656 3657 3619 1
t 236 3579 3659 2
t 908 3658 3579 1
t 932 3659 3658 1
t 3579 3658 3659 1
t 922 3657 3655 1
t 932 3658 3657 1
t 908 3655 3658 1
t 3657 3658 3655 1
t 66 3645 3604 1
t 931 3660 3645 1
t 917 3604 3660 1
t 3645 3660 3604 1
t 242 3661 3649 2
t 933 3662 3661 1
t 931 3649 3662 1
t 3661 3662 3649 2
t 239 3609 3664 1
t 917 3663 3609 1
t 933 3664 3663 1
t 3609 3663 3664 1
t 931 3662 3660 1
t 933 3663 3662 1
t 917 3660 3663 1
t 3662 3663 3660 1
t 67 3585 3634 2
t 913 3665 3585 2
t 926 3634 3665 2
t 3585 3665 3634 2
t 236 3666 3589 2
t 934 3667 3666 2
t 913 3589 3667 2
t 3666 3667 3589 2
t 242 3639 3669 2
t 926 3668 3639 2
t 934 3669 3668 2
t 3639 3668 3669 2
t 913 3667 3665 2
t 934 3668 3667 2
t 926 3665 3668 2
t 3667 3668 3665 2
t 239 3664 3656 1
t 933 3670 3664 1
t 932 3656 3670 1
t 3664 3670 3656 1
t 242 3669 3661 2
t 934 3671 3669 2
t 933 3661 3671 1
t 3669 3671 3661 2
t 236 3659 3666 2
t 932 3672 3659 1
t 934 3666 3672 2
t 3659 3672 3666 2
t 933 3671 3670 1
t 934 3672 3671 2
t 932 3670 3672 1
t 3671 3672 3670 1
t 19 3522 3391 2
t 896 3673 3522 2
t 860 3391 3673 2
t 3522 3673 3391 2
t 234 3674 3525 2
t 935 3675 3674 2
t 896 3525 3675 2
t 3674 3675 3525 2
t 223 3395 3677 2
t 860 3676 3395 2
t 935 3677 3676 2
t 3395 3676 3677 2
t 896 3675 3673 2
t 935 3676 3675 2
t 860 3673 3676 2
t 3675 3676 3673 2
t 64 3678 3535 2
t 936 3679 3678 2
t 899 3535 3679 2
t 3678 3679 3535 2
t 244 3680 3682 1
t 937 3681 3680 2
t 936 3682 3681 2
t 3680 3681 3682 2
t 234 3540 3684 2
t 899 3683 3540 2
t 937 3684 3683 2
t 3540 3683 3684 2
t 936 3681 3679 2
t 937 3683 3681 2
t 899 3679 3683 2
t 3681 3683 3679 2
t 61 3400 3686 1
t 864 3685 3400 1
t 939 3686 3685 1
t 3400 3685 3686 1
t 223 3687 3404 2
t 938 3688 3687 1
t 864 3404 3688 1
t 3687 3688 3404 2
t 244 3689 3691 1
t 939 3690 3689 1
t 938 3691 3690 1
t 3689 3690 3691 1
t 864 3688 3685 1
t 938 3690 3688 1
t 939 3685 3690 1
t 3688 3690 3685 1
t 234 3684 3674 2
t 937 3692 3684 2
t 935 3674 3692 2
t 3684 3692 3674 2
t 244 3691 3680 1
t 938 3693 3691 2
t 937 3680 3693 2
t 3691 3693 3680 2
t 223 3677 3687 2
t 935 3694 3677 2
t 938 3687 3694 2
t 3677 3694 3687 2
t 937 3693 3692 2
t 938 3694 3693 2
t 935 3692 3694 2
t 3693 3694 3692 2
t 20 3627 3491 2
t 925 3695 3627 2
t 886 3491 3695 2
t 3627 3695 3491 2
t 243 3696 3631 2
t 940 3697 3696 2
t 925 3631 3697 2
t 3696 3697 3631 2
t 230 3496 3699 2
t 886 3698 3496 2
t 940 3699 3698 2
t 3496 3698 3699 2
t 925 3697 3695 2
t 940 3698 3697 2
t 886 3695 3698 2
t 3697 3698 3695 2
t 66 3700 3643 1
t 941 3701 3700 1
t 929 3643 3701 1
t 3700 3701 3643 1
t 245 3702 3704 1
t 942 3703 3702 2
t 941 3704 3703 1
t 3702 3703 3704 1
t 243 3648 3706 2
t 929 3705 3648 2
t 942 3706 3705 2
t 3648 3705 3706 2
t 941 3703 3701 1
t 942 3705 3703 2
t 929 3701 3705 2
t 3703 3705 3701 1
t 64 3502 3708 2
t 891 3707 3502 2
t 944 3708 3707 2
t 3502 3707 3708 2
t 230 3709 3506 2
t 943 3710 3709 2
t 891 3506 3710 2
t 3709 3710 3506 2
t 245 3711 3713 2
t 944 3712 3711 2
t 943 3713 3712 2
t 3711 3712 3713 2
t 891 3710 3707 2
t 943 3712 3710 2
t 944 3707 3712 2
t 3710 3712 3707 2
t 243 3706 3696 2
t 942 3714 3706 2
t 940 3696 3714 2
t 3706 3714 3696 2
t 245 3713 3702 2
t 943 3715 3713 2
t 942 3702 3715 2
t 3713 3715 3702 2
t 230 3699 3709 2
t 940 3716 3699 2
t 943 3709 3716 2
t 3699 3716 3709 2
t 942 3715 3714 2
t 943 3716 3715 2
t 940 3714 3716 2
t 3715 3716 3714 2
t 21 3419 3595 1
t 869 3717 3419 1
t 914 3595 3717 1
t 3419 3717 3595 1
t 227 3718 3423 1
t 945 3719 3718 1
t 869 3423 3719 1
t 3718 3719 3423 1
t 238 3600 3721 1
t 914 3720 3600 1
t 945 3721 3720 1
t 3600 3720 3721 1
t 869 3719 3717 1
t 945 3720 3719 1
t 914 3717 3720 1
t 3719 3720 3717 1
t 61 3722 3435 1
t 946 3723 3722 1
t 873 3435 3723 1
t 3722 3723 3435 1
t 246 3724 3726 1
t 947 3725 3724 1
t 946 3726 3725 1
t 3724 3725 3726 1
t 227 3440 3728 1
t 873 3727 3440 1
t 947 3728 3727 1
t 3440 3727 3728 1
t 946 3725 3723 1
t 947 3727 3725 1
t 873 3723 3727 1
t 3725 3727 3723 1
t 66 3606 3730 1
t 919 3729 3606 1
t 949 3730 3729 1
t 3606 3729 3730 1
t 238 3731 3610 1
t 948 3732 3731 1
t 919 3610 3732 1
t 3731 3732 3610 1
t 246 3733 3735 1
t 949 3734 3733 1
t 948 3735 3734 1
t 3733 3734 3735 1
t 919 3732 3729 1
t 948 3734 3732 1
t 949 3729 3734 1
t 3732 3734 3729 1
t 227 3728 3718 1
t 947 3736 3728 1
t 945 3718 3736 1
t 3728 3736 3718 1
t 246 3735 3724 1
t 948 3737 3735 1
t 947 3724 3737 1
t 3735 3737 3724 1
t 238 3721 3731 1
t 945 3738 3721 1
t 948 3731 3738 1
t 3721 3738 3731 1
t 947 3737 3736 1
t 948 3738 3737 1
t 945 3736 3738 1
t 3737 3738 3736 1
t 64 3708 3678 2
t 944 3739 3708 2
t 936 3678 3739 2
t 3708 3739 3678 2
t 245 3740 3711 1
t 950 3741 3740 1
t 944 3711 3741 2
t 3740 3741 3711 1
t 244 3682 3743 1
t 936 3742 3682 2
t 950 3743 3742 1
t 3682 3742 3743 1
t 944 3741 3739 2
t 950 3742 3741 1
t 936 3739 3742 2
t 3741 3742 3739 2
t 66 3730 3700 1
t 949 3744 3730 1
t 941 3700 3744 1
t 3730 3744 3700 1
t 246 3745 3733 1
t 951 3746 3745 1
t 949 3733 3746 1
t 3745 3746 3733 1
t 245 3704 3748 1
t 941 3747 3704 1
t 951 3748 3747 1
t 3704 3747 3748 1
t 949 3746 3744 1
t 951 3747 3746 1
t 941 3744 3747 1
t 3746 3747 3744 1
t 61 3686 3722 1
t 939 3749 3686 1
t 946 3722 3749 1
t 3686 3749 3722 1
t 244 3750 3689 1
t 952 3751 3750 1
t 939 3689 3751 1
t 3750 3751 3689 1
t 246 3726 3753 1
t 946 3752 3726 1
t 952 3753 3752 1
t 3726 3752 3753 1
t 939 3751 3749 1
t 952 3752 3751 1
t 946 3749 3752 1
t 3751 3752 3749 1
t 245 3748 3740 1
t 951 3754 3748 1
t 950 3740 3754 1
t 3748 3754 3740 1
t 246 3753 3745 1
t 952 3755 3753 1
t 951 3745 3755 1
t 3753 3755 3745 1
t 244 3743 3750 1
t 950 3756 3743 1
t 952 3750 3756 1
t 3743 3756 3750 1
t 951 3755 3754 1
t 952 3756 3755 1
t 950 3754 3756 1
t 3755 3756 3754 1
t 3 3366 3758 2
t 854 3757 3366 2
t 954 3758 3757 2
t 3366 3757 3758 2
t 222 3759 3369 2
t 953 3760 3759 2
t 854 3369 3760 2
t 3759 3760 3369 2
t 248 3761 3763 2
t 954 3762 3761 2
t 953 3763 3762 2
t 3761 3762 3763 2
t 854 3760 3757 2
t 953 3762 3760 2
t 954 3757 3762 2
t 3760 3762 3757 2
t 62 3764 3379 1
t 955 3765 3764 1
t 857 3379 3765 1
t 3764 3765 3379 1
t 247 3766 3768 1
t 956 3767 3766 1
t 955 3768 3767 1
t 3766 3767 3768 1
t 222 3384 3770 1
t 857 3769 3384 1
t 956 3770 3769 1
t 3384 3769 3770 1
t 955 3767 3765 1
t 956 3769 3767 1
t 857 3765 3769 1
t 3767 3769 3765 1
t 69 3771 3773 2
t 957 3772 3771 2
t 959 3773 3772 2
t 3771 3772 3773 2
t 248 3774 3776 2
t 958 3775 3774 2
t 957 3776 3775 2
t 3774 3775 3776 2
t 247 3777 3779 1
t 959 3778 3777 1
t 958 3779 3778 1
t 3777 3778 3779 1
t 957 3775 3772 2
t 958 3778 3775 2
t 959 3772 3778 2
t 3775 3778 3772 2
t 222 3770 3759 1
t 956 3780 3770 1
t 953 3759 3780 2
t 3770 3780 3759 1
t 247 3779 3766 1
t 958 3781 3779 1
t 956 3766 3781 1
t 3779 3781 3766 1
t 248 3763 3774 2
t 953 3782 3763 2
t 958 3774 3782 2
t 3763 3782 3774 2
t 956 3781 3780 1
t 958 3782 3781 2
t 953 3780 3782 2
t 3781 3782 3780 1
t 21 3783 3417 1
t 960 3784 3783 1
t 867 3417 3784 1
t 3783 3784 3417 1
t 249 3785 3787 1
t 961 3786 3785 1
t 960 3787 3786 1
t 3785 3786 3787 1
t 225 3422 3789 1
t 867 3788 3422 1
t 961 3789 3788 1
t 3422 3788 3789 1
t 960 3786 3784 1
t 961 3788 3786 1
t 867 3784 3788 1
t 3786 3788 3784 1
t 68 3790 3792 1
t 962 3791 3790 1
t 964 3792 3791 1
t 3790 3791 3792 1
t 250 3793 3795 1
t 963 3794 3793 1
t 962 3795 3794 1
t 3793 3794 3795 1
t 249 3796 3798 1
t 964 3797 3796 1
t 963 3798 3797 1
t 3796 3797 3798 1
t 962 3794 3791 1
t 963 3797 3794 1
t 964 3791 3797 1
t 3794 3797 3791 1
t 62 3428 3800 1
t 872 3799 3428 1
t 966 3800 3799 1
t 3428 3799 3800 1
t 225 3801 3432 1
t 965 3802 3801 1
t 872 3432 3802 1
t 3801 3802 3432 1
t 250 3803 3805 1
t 966 3804 3803 1
t 965 3805 3804 1
t 3803 3804 3805 1
t 872 3802 3799 1
t 965 3804 3802 1
t 966 3799 3804 1
t 3802 3804 3799 1
t 249 3798 3785 1
t 963 3806 3798 1
t 961 3785 3806 1
t 3798 3806 3785 1
t 250 3805 3793 1
t 965 3807 3805 1
t 963 3793 3807 1
t 3805 3807 3793 1
t 225 3789 3801 1
t 961 3808 3789 1
t 965 3801 3808 1
t 3789 3808 3801 1
t 963 3807 3806 1
t 965 3808 3807 1
t 961 3806 3808 1
t 3807 3808 3806 1
t 23 3809 3811 2
t 967 3810 3809 2
t 969 3811 3810 2
t 3809 3810 3811 2
t 251 3812 3814 2
t 968 3813 3812 2
t 967 3814 3813 2
t 3812 3813 3814 2
t 253 3815 3817 1
t 969 3816 3815 2
t 968 3817 3816 1
t 3815 3816 3817 1
t 967 3813 3810 2
t 968 3816 3813 2
t 969 3810 3816 2
t 3813 3816 3810 2
t 69 3818 3820 2
t 970 3819 3818 2
t 972 3820 3819 2
t 3818 3819 3820 2
t 252 3821 3823 1
t 971 3822 3821 1
t 970 3823 3822 1
t 3821 3822 3823 1
t 251 3824 3826 2
t 972 3825 3824 2
t 971 3826 3825 2
t 3824 3825 3826 2
t 970 3822 3819 1
t 971 3825 3822 1
t 972 3819 3825 2
t 3822 3825 3819 2
t 68 3827 3829 1
t 973 3828 3827 1
t 975 3829 3828 1
t 3827 3828 3829 1
t 253 3830 3832 1
t 974 3831 3830 1
t 973 3832 3831 1
t 3830 3831 3832 1
t 252 3833 3835 1
t 975 3834 3833 1
t 974 3835 3834 1
t 3833 3834 3835 1
t 973 3831 3828 1
t 974 3834 3831 1
t 975 3828 3834 1
t 3831 3834 3828 1
t 251 3826 3812 2
t 971 3836 3826 1
t 968 3812 3836 1
t 3826 3836 3812 2
t 252 3835 3821 1
t 974 3837 3835 1
t 971 3821 3837 1
t 3835 3837 3821 1
t 253 3817 3830 1
t 968 3838 3817 1
t 974 3830 3838 1
t 3817 3838 3830 1
t 971 3837 3836 1
t 974 3838 3837 1
t 968 3836 3838 1
t 3837 3838 3836 1
t 62 3800 3764 1
t 966 3839 3800 1
t 955 3764 3839 1
t 3800 3839 3764 1
t 250 3840 3803 1
t 976 3841 3840 1
t 966 3803 3841 1
t 3840 3841 3803 1
t 247 3768 3843 1
t 955 3842 3768 1
t 976 3843 3842 1
t 3768 3842 3843 1
t 966 3841 3839 1
t 976 3842 3841 1
t 955 3839 3842 1
t 3841 3842 3839 1
t 68 3829 3790 1
t 975 3844 3829 1
t 962 3790 3844 1
t 3829 3844 3790 1
t 252 3845 3833 1
t 977 3846 3845 1
t 975 3833 3846 1
t 3845 3846 3833 1
t 250 3795 3848 1
t 962 3847 3795 1
t 977 3848 3847 1
t 3795 3847 3848 1
t 975 3846 3844 1
t 977 3847 3846 1
t 962 3844 3847 1
t 3846 3847 3844 1
t 69 3773 3818 2
t 959 3849 3773 2
t 970 3818 3849 1
t 3773 3849 3818 2
t 247 3850 3777 1
t 978 3851 3850 1
t 959 3777 3851 1
t 3850 3851 3777 1
t 252 3823 3853 1
t 970 3852 3823 1
t 978 3853 3852 1
t 3823 3852 3853 1
t 959 3851 3849 1
t 978 3852 3851 1
t 970 3849 3852 1
t 3851 3852 3849 1
t 250 3848 3840 1
t 977 3854 3848 1
t 976 3840 3854 1
t 3848 3854 3840 1
t 252 3853 3845 1
t 978 3855 3853 1
t 977 3845 3855 1
t 3853 3855 3845 1
t 247 3843 3850 1
t 976 3856 3843 1
t 978 3850 3856 1
t 3843 3856 3850 1
t 977 3855 3854 1
t 978 3856 3855 1
t 976 3854 3856 1
t 3855 3856 3854 1
t 10 3857 3565 2
t 979 3858 3857 2
t 905 3565 3858 2
t 3857 3858 3565 2
t 254 3859 3861 2
t 980 3860 3859 2
t 979 3861 3860 2
t 3859 3860 3861 2
t 235 3570 3863 2
t 905 3862 3570 2
t 980 3863 3862 2
t 3570 3862 3863 2
t 979 3860 3858 2
t 980 3862 3860 2
t 905 3858 3862 2
t 3860 3862 3858 2
t 70 3864 3866 0
t 981 3865 3864 0
t 983 3866 3865 0
t 3864 3865 3866 0
t 255 3867 3869 0
t 982 3868 3867 0
t 981 3869 3868 0
t 3867 3868 3869 0
t 254 3870 3872 0
t 983 3871 3870 0
t 982 3872 3871 0
t 3870 3871 3872 0
t 981 3868 3865 0
t 982 3871 3868 0
t 983 3865 3871 0
t 3868 3871 3865 0
t 65 3576 3874 1
t 910 3873 3576 1
t 985 3874 3873 1
t 3576 3873 3874 1
t 235 3875 3580 1
t 984 3876 3875 0
t 910 3580 3876 1
t 3875 3876 3580 1
t 255 3877 3879 0
t 985 3878 3877 0
t 984 3879 3878 0
t 3877 3878 3879 0
t 910 3876 3873 1
t 984 3878 3876 0
t 985 3873 3878 0
t 3876 3878 3873 1
t 254 3872 3859 0
t 982 3880 3872 0
t 980 3859 3880 0
t 3872 3880 3859 0
t 255 3879 3867 0
t 984 3881 3879 0
t 982 3867 3881 0
t 3879 3881 3867 0
t 235 3863 3875 2
t 980 3882 3863 0
t 984 3875 3882 0
t 3863 3882 3875 0
t 982 3881 3880 0
t 984 3882 3881 0
t 980 3880 3882 0
t 3881 3882 3880 0
t 22 3883 3885 0
t 986 3884 3883 0
t 988 3885 3884 0
t 3883 3884 3885 0
t 256 3886 3888 0
t 987 3887 3886 0
t 986 3888 3887 0
t 3886 3887 3888 0
t 258 3889 3891 0
t 988 3890 3889 0
t 987 3891 3890 0
t 3889 3890 3891 0
t 986 3887 3884 0
t 987 3890 3887 0
t 988 3884 3890 0
t 3887 3890 3884 0
t 71 3892 3894 0
t 989 3893 3892 0
t 991 3894 3893 0
t 3892 3893 3894 0
t 257 3895 3897 0
t 990 3896 3895 0
t 989 3897 3896 0
t 3895 3896 3897 0
t 256 3898 3900 0
t 991 3899 3898 0
t 990 3900 3899 0
t 3898 3899 3900 0
t 989 3896 3893 0
t 990 3899 3896 0
t 991 3893 3899 0
t 3896 3899 3893 0
t 70 3901 3903 0
t 992 3902 3901 0
t 994 3903 3902 0
t 3901 3902 3903 0
t 258 3904 3906 0
t 993 3905 3904 0
t 992 3906 3905 0
t 3904 3905 3906 0
t 257 3907 3909 0
t 994 3908 3907 0
t 993 3909 3908 0
t 3907 3908 3909 0
t 992 3905 3902 0
t 993 3908 3905 0
t 994 3902 3908 0
t 3905 3908 3902 0
t 256 3900 3886 0
t 990 3910 3900 0
t 987 3886 3910 0
t 3900 3910 3886 0
t 257 3909 3895 0
t 993 3911 3909 0
t 990 3895 3911 0
t 3909 3911 3895 0
t 258 3891 3904 0
t 987 3912 3891 0
t 993 3904 3912 0
t 3891 3912 3904 0
t 990 3911 3910 0
t 993 3912 3911 0
t 987 3910 3912 0
t 3911 3912 3910 0
t 21 3597 3914 1
t 916 3913 3597 1
t 996 3914 3913 1
t 3597 3913 3914 1
t 240 3915 3601 1
t 995 3916 3915 1
t 916 3601 3916 1
t 3915 3916 3601 1
t 260 3917 3919 1
t 996 3918 3917 1
t 995 3919 3918 1
t 3917 3918 3919 1
t 916 3916 3913 1
t 995 3918 3916 1
t 996 3913 3918 1
t 3916 3918 3913 1
t 65 3920 3613 1
t 997 3921 3920 1
t 920 3613 3921 1
t 3920 3921 3613 1
t 259 3922 3924 0
t 998 3923 3922 1
t 997 3924 3923 1
t 3922 3923 3924 1
t 240 3618 3926 1
t 920 3925 3618 1
t 998 3926 3925 1
t 3618 3925 3926 1
t 997 3923 3921 1
t 998 3925 3923 1
t 920 3921 3925 1
t 3923 3925 3921 1
t 71 3927 3929 0
t 999 3928 3927 0
t 1001 3929 3928 0
t 3927 3928 3929 0
t 260 3930 3932 1
t 1000 3931 3930 0
t 999 3932 3931 0
t 3930 3931 3932 1
t 259 3933 3935 0
t 1001 3934 3933 0
t 1000 3935 3934 0
t 3933 3934 3935 0
t 999 3931 3928 0
t 1000 3934 3931 0
t 1001 3928 3934 0
t 3931 3934 3928 0
t 240 3926 3915 1
t 998 3936 3926 1
t 995 3915 3936 1
t 3926 3936 3915 1
t 259 3935 3922 0
t 1000 3937 3935 1
t 998 3922 3937 1
t 3935 3937 3922 1
t 260 3919 3930 1
t 995 3938 3919 1
t 1000 3930 3938 1
t 3919 3938 3930 1
t 998 3937 3936 1
t 1000 3938 3937 1
t 995 3936 3938 1
t 3937 3938 3936 1
t 70 3903 3864 0
t 994 3939 3903 0
t 981 3864 3939 0
t 3903 3939 3864 0
t 257 3940 3907 0
t 1002 3941 3940 0
t 994 3907 3941 0
t 3940 3941 3907 0
t 255 3869 3943 0
t 981 3942 3869 0
t 1002 3943 3942 0
t 3869 3942 3943 0
t 994 3941 3939 0
t 1002 3942 3941 0
t 981 3939 3942 0
t 3941 3942 3939 0
t 71 3929 3892 0
t 1001 3944 3929 0
t 989 3892 3944 0
t 3929 3944 3892 0
t 259 3945 3933 0
t 1003 3946 3945 0
t 1001 3933 3946 0
t 3945 3946 3933 0
t 257 3897 3948 0
t 989 3947 3897 0
t 1003 3948 3947 0
t 3897 3947 3948 0
t 1001 3946 3944 0
t 1003 3947 3946 0
t 989 3944 3947 0
t 3946 3947 3944 0
t 65 3874 3920 1
t 985 3949 3874 1
t 997 3920 3949 1
t 3874 3949 3920 1
t 255 3950 3877 0
t 1004 3951 3950 0
t 985 3877 3951 0
t 3950 3951 3877 0
t 259 3924 3953 0
t 997 3952 3924 1
t 1004 3953 3952 0
t 3924 3952 3953 0
t 985 3951 3949 0
t 1004 3952 3951 0
t 997 3949 3952 1
t 3951 3952 3949 0
t 257 3948 3940 0
t 1003 3954 3948 0
t 1002 3940 3954 0
t 3948 3954 3940 0
t 259 3953 3945 0
t 1004 3955 3953 0
t 1003 3945 3955 0
t 3953 3955 3945 0
t 255 3943 3950 0
t 1002 3956 3943 0
t 1004 3950 3956 0
t 3943 3956 3950 0
t 1003 3955 3954 0
t 1004 3956 3955 0
t 1002 3954 3956 0
t 3955 3956 3954 0
t 13 3957 3959 0
t 1005 3958 3957 0
t 1007 3959 3958 0
t 3957 3958 3959 0
t 261 3960 3962 0
t 1006 3961 3960 0
t 1005 3962 3961 0
t 3960 3961 3962 0
t 263 3963 3965 0
t 1007 3964 3963 0
t 1006 3965 3964 0
t 3963 3964 3965 0
t 1005 3961 3958 0
t 1006 3964 3961 0
t 1007 3958 3964 0
t 3961 3964 3958 0
t 72 3966 3968 0
t 1008 3967 3966 0
t 1010 3968 3967 0
t 3966 3967 3968 0
t 262 3969 3971 0
t 1009 3970 3969 0
t 1008 3971 3970 0
t 3969 3970 3971 0
t 261 3972 3974 0
t 1010 3973 3972 0
t 1009 3974 3973 0
t 3972 3973 3974 0
t 1008 3970 3967 0
t 1009 3973 3970 0
t 1010 3967 3973 0
t 3970 3973 3967 0
t 74 3975 3977 0
t 1011 3976 3975 0
t 1013 3977 3976 0
t 3975 3976 3977 0
t 263 3978 3980 0
t 1012 3979 3978 0
t 1011 3980 3979 0
t 3978 3979 3980 0
t 262 3981 3983 0
t 1013 3982 3981 0
t 1012 3983 3982 0
t 3981 3982 3983 0
t 1011 3979 3976 0
t 1012 3982 3979 0
t 1013 3976 3982 0
t 3979 3982 3976 0
t 261 3974 3960 0
t 1009 3984 3974 0
t 1006 3960 3984 0
t 3974 3984 3960 0
t 262 3983 3969 0
t 1012 3985 3983 0
t 1009 3969 3985 0
t 3983 3985 3969 0
t 263 3965 3978 0
t 1006 3986 3965 0
t 1012 3978 3986 0
t 3965 3986 3978 0
t 1009 3985 3984 0
t 1012 3986 3985 0
t 1006 3984 3986 0
t 3985 3986 3984 0
t 23 3987 3989 2
t 1014 3988 3987 2
t 1016 3989 3988 2
t 3987 3988 3989 2
t 264 3990 3992 2
t 1015 3991 3990 2
t 1014 3992 3991 2
t 3990 3991 3992 2
t 266 3993 3995 2
t 1016 3994 3993 2
t 1015 3995 3994 2
t 3993 3994 3995 2
t 1014 3991 3988 2
t 1015 3994 3991 2
t 1016 3988 3994 2
t 3991 3994 3988 2
t 73 3996 3998 0
t 1017 3997 3996 0
t 1019 3998 3997 0
t 3996 3997 3998 0
t 265 3999 4001 0
t 1018 4000 3999 0
t 1017 4001 4000 0
t 3999 4000 4001 0
t 264 4002 4004 1
t 1019 4003 4002 1
t 1018 4004 4003 2
t 4002 4003 4004 1
t 1017 4000 3997 0
t 1018 4003 4000 0
t 1019 3997 4003 0
t 4000 4003 3997 0
t 72 4005 4007 0
t 1020 4006 4005 0
t 1022 4007 4006 0
t 4005 4006 4007 0
t 266 4008 4010 2
t 1021 4009 4008 0
t 1020 4010 4009 0
t 4008 4009 4010 0
t 265 4011 4013 0
t 1022 4012 4011 0
t 1021 4013 4012 0
t 4011 4012 4013 0
t 1020 4009 4006 0
t 1021 4012 4009 0
t 1022 4006 4012 0
t 4009 4012 4006 0
t 264 4004 3990 2
t 1018 4014 4004 2
t 1015 3990 4014 2
t 4004 4014 3990 2
t 265 4013 3999 0
t 1021 4015 4013 0
t 1018 3999 4015 0
t 4013 4015 3999 0
t 266 3995 4008 2
t 1015 4016 3995 2
t 1021 4008 4016 0
t 3995 4016 4008 2
t 1018 4015 4014 0
t 1021 4016 4015 0
t 1015 4014 4016 2
t 4015 4016 4014 0
t 22 4017 4019 0
t 1023 4018 4017 0
t 1025 4019 4018 0
t 4017 4018 4019 0
t 267 4020 4022 0
t 1024 4021 4020 0
t 1023 4022 4021 0
t 4020 4021 4022 0
t 269 4023 4025 0
t 1025 4024 4023 0
t 1024 4025 4024 0
t 4023 4024 4025 0
t 1023 4021 4018 0
t 1024 4024 4021 0
t 1025 4018 4024 0
t 4021 4024 4018 0
t 74 4026 4028 0
t 1026 4027 4026 0
t 1028 4028 4027 0
t 4026 4027 4028 0
t 268 4029 4031 0
t 1027 4030 4029 0
t 1026 4031 4030 0
t 4029 4030 4031 0
t 267 4032 4034 0
t 1028 4033 4032 0
t 1027 4034 4033 0
t 4032 4033 4034 0
t 1026 4030 4027 0
t 1027 4033 4030 0
t 1028 4027 4033 0
t 4030 4033 4027 0
t 73 4035 4037 0
t 1029 4036 4035 0
t 1031 4037 4036 0
t 4035 4036 4037 0
t 269 4038 4040 0
t 1030 4039 4038 0
t 1029 4040 4039 0
t 4038 4039 4040 0
t 268 4041 4043 0
t 1031 4042 4041 0
t 1030 4043 4042 0
t 4041 4042 4043 0
t 1029 4039 4036 0
t 1030 4042 4039 0
t 1031 4036 4042 0
t 4039 4042 4036 0
t 267 4034 4020 0
t 1027 4044 4034 0
t 1024 4020 4044 0
t 4034 4044 4020 0
t 268 4043 4029 0
t 1030 4045 4043 0
t 1027 4029 4045 0
t 4043 4045 4029 0
t 269 4025 4038 0
t 1024 4046 4025 0
t 1030 4038 4046 0
t 4025 4046 4038 0
t 1027 4045 4044 0
t 1030 4046 4045 0
t 1024 4044 4046 0
t 4045 4046 4044 0
t 72 4007 3966 0
t 1022 4047 4007 0
t 1008 3966 4047 0
t 4007 4047 3966 0
t 265 4048 4011 0
t 1032 4049 4048 0
t 1022 4011 4049 0
t 4048 4049 4011 0
t 262 3971 4051 0
t 1008 4050 3971 0
t 1032 4051 4050 0
t 3971 4050 4051 0
t 1022 4049 4047 0
t 1032 4050 4049 0
t 1008 4047 4050 0
t 4049 4050 4047 0
t 73 4037 3996 0
t 1031 4052 4037 0
t 1017 3996 4052 0
t 4037 4052 3996 0
t 268 4053 4041 0
t 1033 4054 4053 0
t 1031 4041 4054 0
t 4053 4054 4041 0
t 265 4001 4056 0
t 1017 4055 4001 0
t 1033 4056 4055 0
t 4001 4055 4056 0
t 1031 4054 4052 0
t 1033 4055 4054 0
t 1017 4052 4055 0
t 4054 4055 4052 0
t 74 3977 4026 0
t 1013 4057 3977 0
t 1026 4026 4057 0
t 3977 4057 4026 0
t 262 4058 3981 0
t 1034 4059 4058 0
t 1013 3981 4059 0
t 4058 4059 3981 0
t 268 4031 4061 0
t 1026 4060 4031 0
t 1034 4061 4060 0
t 4031 4060 4061 0
t 1013 4059 4057 0
t 1034 4060 4059 0
t 1026 4057 4060 0
t 4059 4060 4057 0
t 265 4056 4048 0
t 1033 4062 4056 0
t 1032 4048 4062 0
t 4056 4062 4048 0
t 268 4061 4053 0
t 1034 4063 4061 0
t 1033 4053 4063 0
t 4061 4063 4053 0
t 262 4051 4058 0
t 1032 4064 4051 0
t 1034 4058 4064 0
t 4051 4064 4058 0
t 1033 4063 4062 0
t 1034 4064 4063 0
t 1032 4062 4064 0
t 4063 4064 4062 0
t 21 3914 3783 1
t 996 4065 3914 1
t 960 3783 4065 1
t 3914 4065 3783 1
t 260 4066 3917 1
t 1035 4067 4066 1
t 996 3917 4067 1
t 4066 4067 3917 1
t 249 3787 4069 1
t 960 4068 3787 1
t 1035 4069 4068 1
t 3787 4068 4069 1
t 996 4067 4065 1
t 1035 4068 4067 1
t 960 4065 4068 1
t 4067 4068 4065 1
t 71 4070 3927 0
t 1036 4071 4070 0
t 999 3927 4071 0
t 4070 4071 3927 0
t 270 4072 4074 1
t 1037 4073 4072 0
t 1036 4074 4073 0
t 4072 4073 4074 0
t 260 3932 4076 1
t 999 4075 3932 0
t 1037 4076 4075 1
t 3932 4075 4076 1
t 1036 4073 4071 0
t 1037 4075 4073 0
t 999 4071 4075 0
t 4073 4075 4071 0
t 68 3792 4078 1
t 964 4077 3792 1
t 1039 4078 4077 1
t 3792 4077 4078 1
t 249 4079 3796 1
t 1038 4080 4079 1
t 964 3796 4080 1
t 4079 4080 3796 1
t 270 4081 4083 1
t 1039 4082 4081 1
t 1038 4083 4082 1
t 4081 4082 4083 1
t 964 4080 4077 1
t 1038 4082 4080 1
t 1039 4077 4082 1
t 4080 4082 4077 1
t 260 4076 4066 1
t 1037 4084 4076 1
t 1035 4066 4084 1
t 4076 4084 4066 1
t 270 4083 4072 1
t 1038 4085 4083 1
t 1037 4072 4085 1
t 4083 4085 4072 1
t 249 4069 4079 1
t 1035 4086 4069 1
t 1038 4079 4086 1
t 4069 4086 4079 1
t 1037 4085 4084 1
t 1038 4086 4085 1
t 1035 4084 4086 1
t 4085 4086 4084 1
t 22 4019 3883 0
t 1025 4087 4019 0
t 986 3883 4087 0
t 4019 4087 3883 0
t 269 4088 4023 0
t 1040 4089 4088 0
t 1025 4023 4089 0
t 4088 4089 4023 0
t 256 3888 4091 0
t 986 4090 3888 0
t 1040 4091 4090 0
t 3888 4090 4091 0
t 1025 4089 4087 0
t 1040 4090 4089 0
t 986 4087 4090 0
t 4089 4090 4087 0
t 73 4092 4035 0
t 1041 4093 4092 1
t 1029 4035 4093 0
t 4092 4093 4035 0
t 271 4094 4096 0
t 1042 4095 4094 0
t 1041 4096 4095 0
t 4094 4095 4096 0
t 269 4040 4098 0
t 1029 4097 4040 0
t 1042 4098 4097 0
t 4040 4097 4098 0
t 1041 4095 4093 0
t 1042 4097 4095 0
t 1029 4093 4097 0
t 4095 4097 4093 0
t 71 3894 4100 0
t 991 4099 3894 0
t 1044 4100 4099 0
t 3894 4099 4100 0
t 256 4101 3898 0
t 1043 4102 4101 0
t 991 3898 4102 0
t 4101 4102 3898 0
t 271 4103 4105 0
t 1044 4104 4103 0
t 1043 4105 4104 0
t 4103 4104 4105 0
t 991 4102 4099 0
t 1043 4104 4102 0
t 1044 4099 4104 0
t 4102 4104 4099 0
t 269 4098 4088 0
t 1042 4106 4098 0
t 1040 4088 4106 0
t 4098 4106 4088 0
t 271 4105 4094 0
t 1043 4107 4105 0
t 1042 4094 4107 0
t 4105 4107 4094 0
t 256 4091 4101 0
t 1040 4108 4091 0
t 1043 4101 4108 0
t 4091 4108 4101 0
t 1042 4107 4106 0
t 1043 4108 4107 0
t 1040 4106 4108 0
t 4107 4108 4106 0
t 23 3811 3987 2
t 969 4109 3811 2
t 1014 3987 4109 2
t 3811 4109 3987 2
t 253 4110 3815 1
t 1045 4111 4110 1
t 969 3815 4111 1
t 4110 4111 3815 1
t 264 3992 4113 1
t 1014 4112 3992 2
t 1045 4113 4112 1
t 3992 4112 4113 1
t 969 4111 4109 2
t 1045 4112 4111 1
t 1014 4109 4112 2
t 4111 4112 4109 1
t 68 4114 3827 1
t 1046 4115 4114 1
t 973 3827 4115 1
t 4114 4115 3827 1
t 272 4116 4118 1
t 1047 4117 4116 1
t 1046 4118 4117 1
t 4116 4117 4118 1
t 253 3832 4120 1
t 973 4119 3832 1
t 1047 4120 4119 1
t 3832 4119 4120 1
t 1046 4117 4115 1
t 1047 4119 4117 1
t 973 4115 4119 1
t 4117 4119 4115 1
t 73 3998 4122 0
t 1019 4121 3998 1
t 1049 4122 4121 1
t 3998 4121 4122 1
t 264 4123 4002 1
t 1048 4124 4123 1
t 1019 4002 4124 1
t 4123 4124 4002 1
t 272 4125 4127 1
t 1049 4126 4125 1
t 1048 4127 4126 1
t 4125 4126 4127 1
t 1019 4124 4121 1
t 1048 4126 4124 1
t 1049 4121 4126 1
t 4124 4126 4121 1
t 253 4120 4110 1
t 1047 4128 4120 1
t 1045 4110 4128 1
t 4120 4128 4110 1
t 272 4127 4116 1
t 1048 4129 4127 1
t 1047 4116 4129 1
t 4127 4129 4116 1
t 264 4113 4123 1
t 1045 4130 4113 1
t 1048 4123 4130 1
t 4113 4130 4123 1
t 1047 4129 4128 1
t 1048 4130 4129 1
t 1045 4128 4130 1
t 4129 4130 4128 1
t 71 4100 4070 0
t 1044 4131 4100 0
t 1036 4070 4131 0
t 4100 4131 4070 0
t 271 4132 4103 0
t 1050 4133 4132 0
t 1044 4103 4133 0
t 4132 4133 4103 0
t 270 4074 4135 0
t 1036 4134 4074 0
t 1050 4135 4134 0
t 4074 4134 4135 0
t 1044 4133 4131 0
t 1050 4134 4133 0
t 1036 4131 4134 0
t 4133 4134 4131 0
t 73 4122 4092 0
t 1049 4136 4122 1
t 1041 4092 4136 1
t 4122 4136 4092 1
t 272 4137 4125 1
t 1051 4138 4137 1
t 1049 4125 4138 1
t 4137 4138 4125 1
t 271 4096 4140 0
t 1041 4139 4096 0
t 1051 4140 4139 0
t 4096 4139 4140 0
t 1049 4138 4136 1
t 1051 4139 4138 1
t 1041 4136 4139 1
t 4138 4139 4136 1
t 68 4078 4114 1
t 1039 4141 4078 1
t 1046 4114 4141 1
t 4078 4141 4114 1
t 270 4142 4081 1
t 1052 4143 4142 1
t 1039 4081 4143 1
t 4142 4143 4081 1
t 272 4118 4145 1
t 1046 4144 4118 1
t 1052 4145 4144 1
t 4118 4144 4145 1
t 1039 4143 4141 1
t 1052 4144 4143 1
t 1046 4141 4144 1
t 4143 4144 4141 1
t 271 4140 4132 0
t 1051 4146 4140 0
t 1050 4132 4146 0
t 4140 4146 4132 0
t 272 4145 4137 1
t 1052 4147 4145 1
t 1051 4137 4147 1
t 4145 4147 4137 1
t 270 4135 4142 1
t 1050 4148 4135 0
t 1052 4142 4148 1
t 4135 4148 4142 0
t 1051 4147 4146 0
t 1052 4148 4147 1
t 1050 4146 4148 0
t 4147 4148 4146 0
t 3 3758 2565 2
t 954 4149 3758 2
t 645 2565 4149 2
t 3758 4149 2565 2
t 248 4150 3761 2
t 1053 4151 4150 2
t 954 3761 4151 2
t 4150 4151 3761 2
t 165 2570 4153 2
t 645 4152 2570 2
t 1053 4153 4152 2
t 2570 4152 4153 2
t 954 4151 4149 2
t 1053 4152 4151 2
t 645 4149 4152 2
t 4151 4152 4149 2
t 69 4154 3771 2
t 1054 4155 4154 2
t 957 3771 4155 2
t 4154 4155 3771 2
t 273 4156 4158 2
t 1055 4157 4156 2
t 1054 4158 4157 2
t 4156 4157 4158 2
t 248 3776 4160 2
t 957 4159 3776 2
t 1055 4160 4159 2
t 3776 4159 4160 2
t 1054 4157 4155 2
t 1055 4159 4157 2
t 957 4155 4159 2
t 4157 4159 4155 2
t 45 2576 4162 2
t 650 4161 2576 2
t 1057 4162 4161 2
t 2576 4161 4162 2
t 165 4163 2580 2
t 1056 4164 4163 2
t 650 2580 4164 2
t 4163 4164 2580 2
t 273 4165 4167 2
t 1057 4166 4165 2
t 1056 4167 4166 2
t 4165 4166 4167 2
t 650 4164 4161 2
t 1056 4166 4164 2
t 1057 4161 4166 2
t 4164 4166 4161 2
t 248 4160 4150 2
t 1055 4168 4160 2
t 1053 4150 4168 2
t 4160 4168 4150 2
t 273 4167 4156 2
t 1056 4169 4167 2
t 1055 4156 4169 2
t 4167 4169 4156 2
t 165 4153 4163 2
t 1053 4170 4153 2
t 1056 4163 4170 2
t 4153 4170 4163 2
t 1055 4169 4168 2
t 1056 4170 4169 2
t 1053 4168 4170 2
t 4169 4170 4168 2
t 23 4171 3809 2
t 1058 4172 4171 2
t 967 3809 4172 2
t 4171 4172 3809 2
t 274 4173 4175 2
t 1059 4174 4173 2
t 1058 4175 4174 2
t 4173 4174 4175 2
t 251 3814 4177 2
t 967 4176 3814 2
t 1059 4177 4176 2
t 3814 4176 4177 2
t 1058 4174 4172 2
t 1059 4176 4174 2
t 967 4172 4176 2
t 4174 4176 4172 2
t 75 4178 4180 2
t 1060 4179 4178 2
t 1062 4180 4179 2
t 4178 4179 4180 2
t 275 4181 4183 2
t 1061 4182 4181 2
t 1060 4183 4182 2
t 4181 4182 4183 2
t 274 4184 4186 2
t 1062 4185 4184 2
t 1061 4186 4185 2
t 4184 4185 4186 2
t 1060 4182 4179 2
t 1061 4185 4182 2
t 1062 4179 4185 2
t 4182 4185 4179 2
t 69 3820 4188 2
t 972 4187 3820 2
t 1064 4188 4187 2
t 3820 4187 4188 2
t 251 4189 3824 2
t 1063 4190 4189 2
t 972 3824 4190 2
t 4189 4190 3824 2
t 275 4191 4193 2
t 1064 4192 4191 2
t 1063 4193 4192 2
t 4191 4192 4193 2
t 972 4190 4187 2
t 1063 4192 4190 2
t 1064 4187 4192 2
t 4190 4192 4187 2
t 274 4186 4173 2
t 1061 4194 4186 2
t 1059 4173 4194 2
t 4186 4194 4173 2
t 275 4193 4181 2
t 1063 4195 4193 2
t 1061 4181 4195 2
t 4193 4195 4181 2
t 251 4177 4189 2
t 1059 4196 4177 2
t 1063 4189 4196 2
t 4177 4196 4189 2
t 1061 4195 4194 2
t 1063 4196 4195 2
t 1059 4194 4196 2
t 4195 4196 4194 2
t 15 2597 4198 2
t 656 4197 2597 2
t 1066 4198 4197 2
t 2597 4197 4198 2
t 170 4199 2601 2
t 1065 4200 4199 2
t 656 2601 4200 2
t 4199 4200 2601 2
t 277 4201 4203 2
t 1066 4202 4201 2
t 1065 4203 4202 2
t 4201 4202 4203 2
t 656 4200 4197 2
t 1065 4202 4200 2
t 1066 4197 4202 2
t 4200 4202 4197 2
t 45 4204 2613 2
t 1067 4205 4204 2
t 660 2613 4205 2
t 4204 4205 2613 2
t 276 4206 4208 2
t 1068 4207 4206 2
t 1067 4208 4207 2
t 4206 4207 4208 2
t 170 2618 4210 2
t 660 4209 2618 2
t 1068 4210 4209 2
t 2618 4209 4210 2
t 1067 4207 4205 2
t 1068 4209 4207 2
t 660 4205 4209 2
t 4207 4209 4205 2
t 75 4211 4213 2
t 1069 4212 4211 2
t 1071 4213 4212 2
t 4211 4212 4213 2
t 277 4214 4216 2
t 1070 4215 4214 2
t 1069 4216 4215 2
t 4214 4215 4216 2
t 276 4217 4219 2
t 1071 4218 4217 2
t 1070 4219 4218 2
t 4217 4218 4219 2
t 1069 4215 4212 2
t 1070 4218 4215 2
t 1071 4212 4218 2
t 4215 4218 4212 2
t 170 4210 4199 2
t 1068 4220 4210 2
t 1065 4199 4220 2
t 4210 4220 4199 2
t 276 4219 4206 2
t 1070 4221 4219 2
t 1068 4206 4221 2
t 4219 4221 4206 2
t 277 4203 4214 2
t 1065 4222 4203 2
t 1070 4214 4222 2
t 4203 4222 4214 2
t 1068 4221 4220 2
t 1070 4222 4221 2
t 1065 4220 4222 2
t 4221 4222 4220 2
t 69 4188 4154 2
t 1064 4223 4188 2
t 1054 4154 4223 2
t 4188 4223 4154 2
t 275 4224 4191 2
t 1072 4225 4224 2
t 1064 4191 4225 2
t 4224 4225 4191 2
t 273 4158 4227 2
t 1054 4226 4158 2
t 1072 4227 4226 2
t 4158 4226 4227 2
t 1064 4225 4223 2
t 1072 4226 4225 2
t 1054 4223 4226 2
t 4225 4226 4223 2
t 75 4213 4178 2
t 1071 4228 4213 2
t 1060 4178 4228 2
t 4213 4228 4178 2
t 276 4229 4217 2
t 1073 4230 4229 2
t 1071 4217 4230 2
t 4229 4230 4217 2
t 275 4183 4232 2
t 1060 4231 4183 2
t 1073 4232 4231 2
t 4183 4231 4232 2
t 1071 4230 4228 2
t 1073 4231 4230 2
t 1060 4228 4231 2
t 4230 4231 4228 2
t 45 4162 4204 2
t 1057 4233 4162 2
t 1067 4204 4233 2
t 4162 4233 4204 2
t 273 4234 4165 2
t 1074 4235 4234 2
t 1057 4165 4235 2
t 4234 4235 4165 2
t 276 4208 4237 2
t 1067 4236 4208 2
t 1074 4237 4236 2
t 4208 4236 4237 2
t 1057 4235 4233 2
t 1074 4236 4235 2
t 1067 4233 4236 2
t 4235 4236 4233 2
t 275 4232 4224 2
t 1073 4238 4232 2
t 1072 4224 4238 2
t 4232 4238 4224 2
t 276 4237 4229 2
t 1074 4239 4237 2
t 1073 4229 4239 2
t 4237 4239 4229 2
t 273 4227 4234 2
t 1072 4240 4227 2
t 1074 4234 4240 2
t 4227 4240 4234 2
t 1073 4239 4238 2
t 1074 4240 4239 2
t 1072 4238 4240 2
t 4239 4240 4238 2
t 13 4241 3957 0
t 1075 4242 4241 0
t 1005 3957 4242 0
t 4241 4242 3957 0
t 278 4243 4245 0
t 1076 4244 4243 0
t 1075 4245 4244 0
t 4243 4244 4245 0
t 261 3962 4247 0
t 1005 4246 3962 0
t 1076 4247 4246 0
t 3962 4246 4247 0
t 1075 4244 4242 0
t 1076 4246 4244 0
t 1005 4242 4246 0
t 4244 4246 4242 0
t 76 4248 4250 2
t 1077 4249 4248 0
t 1079 4250 4249 0
t 4248 4249 4250 0
t 279 4251 4253 0
t 1078 4252 4251 0
t 1077 4253 4252 0
t 4251 4252 4253 0
t 278 4254 4256 0
t 1079 4255 4254 0
t 1078 4256 4255 0
t 4254 4255 4256 0
t 1077 4252 4249 0
t 1078 4255 4252 0
t 1079 4249 4255 0
t 4252 4255 4249 0
t 72 3968 4258 0
t 1010 4257 3968 0
t 1081 4258 4257 0
t 3968 4257 4258 0
t 261 4259 3972 0
t 1080 4260 4259 0
t 1010 3972 4260 0
t 4259 4260 3972 0
t 279 4261 4263 0
t 1081 4262 4261 0
t 1080 4263 4262 0
t 4261 4262 4263 0
t 1010 4260 4257 0
t 1080 4262 4260 0
t 1081 4257 4262 0
t 4260 4262 4257 0
t 278 4256 4243 0
t 1078 4264 4256 0
t 1076 4243 4264 0
t 4256 4264 4243 0
t 279 4263 4251 0
t 1080 4265 4263 0
t 1078 4251 4265 0
t 4263 4265 4251 0
t 261 4247 4259 0
t 1076 4266 4247 0
t 1080 4259 4266 0
t 4247 4266 4259 0
t 1078 4265 4264 0
t 1080 4266 4265 0
t 1076 4264 4266 0
t 4265 4266 4264 0
t 24 4267 4269 2
t 1082 4268 4267 2
t 1084 4269 4268 2
t 4267 4268 4269 2
t 280 4270 4272 2
t 1083 4271 4270 2
t 1082 4272 4271 2
t 4270 4271 4272 2
t 282 4273 4275 2
t 1084 4274 4273 2
t 1083 4275 4274 2
t 4273 4274 4275 2
t 1082 4271 4268 2
t 1083 4274 4271 2
t 1084 4268 4274 2
t 4271 4274 4268 2
t 77 4276 4278 2
t 1085 4277 4276 2
t 1087 4278 4277 2
t 4276 4277 4278 2
t 281 4279 4281 2
t 1086 4280 4279 2
t 1085 4281 4280 2
t 4279 4280 4281 2
t 280 4282 4284 2
t 1087 4283 4282 2
t 1086 4284 4283 2
t 4282 4283 4284 2
t 1085 4280 4277 2
t 1086 4283 4280 2
t 1087 4277 4283 2
t 4280 4283 4277 2
t 76 4285 4287 2
t 1088 4286 4285 2
t 1090 4287 4286 2
t 4285 4286 4287 2
t 282 4288 4290 2
t 1089 4289 4288 2
t 1088 4290 4289 2
t 4288 4289 4290 2
t 281 4291 4293 2
t 1090 4292 4291 2
t 1089 4293 4292 2
t 4291 4292 4293 2
t 1088 4289 4286 2
t 1089 4292 4289 2
t 1090 4286 4292 2
t 4289 4292 4286 2
t 280 4284 4270 2
t 1086 4294 4284 2
t 1083 4270 4294 2
t 4284 4294 4270 2
t 281 4293 4279 2
t 1089 4295 4293 2
t 1086 4279 4295 2
t 4293 4295 4279 2
t 282 4275 4288 2
t 1083 4296 4275 2
t 1089 4288 4296 2
t 4275 4296 4288 2
t 1086 4295 4294 2
t 1089 4296 4295 2
t 1083 4294 4296 2
t 4295 4296 4294 2
t 23 3989 4298 2
t 1016 4297 3989 2
t 1092 4298 4297 2
t 3989 4297 4298 2
t 266 4299 3993 2
t 1091 4300 4299 2
t 1016 3993 4300 2
t 4299 4300 3993 2
t 284 4301 4303 2
t 1092 4302 4301 2
t 1091 4303 4302 2
t 4301 4302 4303 2
t 1016 4300 4297 2
t 1091 4302 4300 2
t 1092 4297 4302 2
t 4300 4302 4297 2
t 72 4304 4005 0
t 1093 4305 4304 0
t 1020 4005 4305 0
t 4304 4305 4005 0
t 283 4306 4308 2
t 1094 4307 4306 2
t 1093 4308 4307 0
t 4306 4307 4308 2
t 266 4010 4310 2
t 1020 4309 4010 0
t 1094 4310 4309 2
t 4010 4309 4310 2
t 1093 4307 4305 0
t 1094 4309 4307 2
t 1020 4305 4309 0
t 4307 4309 4305 0
t 77 4311 4313 2
t 1095 4312 4311 2
t 1097 4313 4312 2
t 4311 4312 4313 2
t 284 4314 4316 2
t 1096 4315 4314 2
t 1095 4316 4315 2
t 4314 4315 4316 2
t 283 4317 4319 2
t 1097 4318 4317 2
t 1096 4319 4318 2
t 4317 4318 4319 2
t 1095 4315 4312 2
t 1096 4318 4315 2
t 1097 4312 4318 2
t 4315 4318 4312 2
t 266 4310 4299 2
t 1094 4320 4310 2
t 1091 4299 4320 2
t 4310 4320 4299 2
t 283 4319 4306 2
t 1096 4321 4319 2
t 1094 4306 4321 2
t 4319 4321 4306 2
t 284 4303 4314 2
t 1091 4322 4303 2
t 1096 4314 4322 2
t 4303 4322 4314 2
t 1094 4321 4320 2
t 1096 4322 4321 2
t 1091 4320 4322 2
t 4321 4322 4320 2
t 76 4287 4248 2
t 1090 4323 4287 2
t 1077 4248 4323 2
t 4287 4323 4248 2
t 281 4324 4291 2
t 1098 4325 4324 2
t 1090 4291 4325 2
t 4324 4325 4291 2
t 279 4253 4327 0
t 1077 4326 4253 0
t 1098 4327 4326 2
t 4253 4326 4327 0
t 1090 4325 4323 2
t 1098 4326 4325 2
t 1077 4323 4326 2
t 4325 4326 4323 2
t 77 4313 4276 2
t 1097 4328 4313 2
t 1085 4276 4328 2
t 4313 4328 4276 2
t 283 4329 4317 2
t 1099 4330 4329 2
t 1097 4317 4330 2
t 4329 4330 4317 2
t 281 4281 4332 2
t 1085 4331 4281 2
t 1099 4332 4331 2
t 4281 4331 4332 2
t 1097 4330 4328 2
t 1099 4331 4330 2
t 1085 4328 4331 2
t 4330 4331 4328 2
t 72 4258 4304 0
t 1081 4333 4258 0
t 1093 4304 4333 0
t 4258 4333 4304 0
t 279 4334 4261 0
t 1100 4335 4334 0
t 1081 4261 4335 0
t 4334 4335 4261 0
t 283 4308 4337 2
t 1093 4336 4308 0
t 1100 4337 4336 2
t 4308 4336 4337 2
t 1081 4335 4333 0
t 1100 4336 4335 0
t 1093 4333 4336 0
t 4335 4336 4333 0
t 281 4332 4324 2
t 1099 4338 4332 2
t 1098 4324 4338 2
t 4332 4338 4324 2
t 283 4337 4329 2
t 1100 4339 4337 2
t 1099 4329 4339 2
t 4337 4339 4329 2
t 279 4327 4334 0
t 1098 4340 4327 2
t 1100 4334 4340 0
t 4327 4340 4334 0
t 1099 4339 4338 2
t 1100 4340 4339 2
t 1098 4338 4340 2
t 4339 4340 4338 2
t 14 2675 4342 2
t 677 4341 2675 2
t 1102 4342 4341 2
t 2675 4341 4342 2
t 176 4343 2679 2
t 1101 4344 4343 2
t 677 2679 4344 2
t 4343 4344 2679 2
t 286 4345 4347 2
t 1102 4346 4345 2
t 1101 4347 4346 2
t 4345 4346 4347 2
t 677 4344 4341 2
t 1101 4346 4344 2
t 1102 4341 4346 2
t 4344 4346 4341 2
t 50 4348 2691 2
t 1103 4349 4348 2
t 681 2691 4349 2
t 4348 4349 2691 2
t 285 4350 4352 2
t 1104 4351 4350 2
t 1103 4352 4351 2
t 4350 4351 4352 2
t 176 2696 4354 2
t 681 4353 2696 2
t 1104 4354 4353 2
t 2696 4353 4354 2
t 1103 4351 4349 2
t 1104 4353 4351 2
t 681 4349 4353 2
t 4351 4353 4349 2
t 79 4355 4357 2
t 1105 4356 4355 2
t 1107 4357 4356 2
t 4355 4356 4357 2
t 286 4358 4360 2
t 1106 4359 4358 2
t 1105 4360 4359 2
t 4358 4359 4360 2
t 285 4361 4363 2
t 1107 4362 4361 2
t 1106 4363 4362 2
t 4361 4362 4363 2
t 1105 4359 4356 2
t 1106 4362 4359 2
t 1107 4356 4362 2
t 4359 4362 4356 2
t 176 4354 4343 2
t 1104 4364 4354 2
t 1101 4343 4364 2
t 4354 4364 4343 2
t 285 4363 4350 2
t 1106 4365 4363 2
t 1104 4350 4365 2
t 4363 4365 4350 2
t 286 4347 4358 2
t 1101 4366 4347 2
t 1106 4358 4366 2
t 4347 4366 4358 2
t 1104 4365 4364 2
t 1106 4366 4365 2
t 1101 4364 4366 2
t 4365 4366 4364 2
t 15 4367 2733 2
t 1108 4368 4367 2
t 693 2733 4368 2
t 4367 4368 2733 2
t 287 4369 4371 2
t 1109 4370 4369 2
t 1108 4371 4370 2
t 4369 4370 4371 2
t 180 2738 4373 2
t 693 4372 2738 2
t 1109 4373 4372 2
t 2738 4372 4373 2
t 1108 4370 4368 2
t 1109 4372 4370 2
t 693 4368 4372 2
t 4370 4372 4368 2
t 78 4374 4376 2
t 1110 4375 4374 2
t 1112 4376 4375 2
t 4374 4375 4376 2
t 288 4377 4379 2
t 1111 4378 4377 2
t 1110 4379 4378 2
t 4377 4378 4379 2
t 287 4380 4382 2
t 1112 4381 4380 2
t 1111 4382 4381 2
t 4380 4381 4382 2
t 1110 4378 4375 2
t 1111 4381 4378 2
t 1112 4375 4381 2
t 4378 4381 4375 2
t 50 2744 4384 2
t 698 4383 2744 2
t 1114 4384 4383 2
t 2744 4383 4384 2
t 180 4385 2748 2
t 1113 4386 4385 2
t 698 2748 4386 2
t 4385 4386 2748 2
t 288 4387 4389 2
t 1114 4388 4387 2
t 1113 4389 4388 2
t 4387 4388 4389 2
t 698 4386 4383 2
t 1113 4388 4386 2
t 1114 4383 4388 2
t 4386 4388 4383 2
t 287 4382 4369 2
t 1111 4390 4382 2
t 1109 4369 4390 2
t 4382 4390 4369 2
t 288 4389 4377 2
t 1113 4391 4389 2
t 1111 4377 4391 2
t 4389 4391 4377 2
t 180 4373 4385 2
t 1109 4392 4373 2
t 1113 4385 4392 2
t 4373 4392 4385 2
t 1111 4391 4390 2
t 1113 4392 4391 2
t 1109 4390 4392 2
t 4391 4392 4390 2
t 24 4393 4395 2
t 1115 4394 4393 2
t 1117 4395 4394 2
t 4393 4394 4395 2
t 289 4396 4398 2
t 1116 4397 4396 2
t 1115 4398 4397 2
t 4396 4397 4398 2
t 291 4399 4401 2
t 1117 4400 4399 2
t 1116 4401 4400 2
t 4399 4400 4401 2
t 1115 4397 4394 2
t 1116 4400 4397 2
t 1117 4394 4400 2
t 4397 4400 4394 2
t 79 4402 4404 2
t 1118 4403 4402 2
t 1120 4404 4403 2
t 4402 4403 4404 2
t 290 4405 4407 2
t 1119 4406 4405 2
t 1118 4407 4406 2
t 4405 4406 4407 2
t 289 4408 4410 2
t 1120 4409 4408 2
t 1119 4410 4409 2
t 4408 4409 4410 2
t 1118 4406 4403 2
t 1119 4409 4406 2
t 1120 4403 4409 2
t 4406 4409 4403 2
t 78 4411 4413 2
t 1121 4412 4411 2
t 1123 4413 4412 2
t 4411 4412 4413 2
t 291 4414 4416 2
t 1122 4415 4414 2
t 1121 4416 4415 2
t 4414 4415 4416 2
t 290 4417 4419 2
t 1123 4418 4417 2
t 1122 4419 4418 2
t 4417 4418 4419 2
t 1121 4415 4412 2
t 1122 4418 4415 2
t 1123 4412 4418 2
t 4415 4418 4412 2
t 289 4410 4396 2
t 1119 4420 4410 2
t 1116 4396 4420 2
t 4410 4420 4396 2
t 290 4419 4405 2
t 1122 4421 4419 2
t 1119 4405 4421 2
t 4419 4421 4405 2
t 291 4401 4414 2
t 1116 4422 4401 2
t 1122 4414 4422 2
t 4401 4422 4414 2
t 1119 4421 4420 2
t 1122 4422 4421 2
t 1116 4420 4422 2
t 4421 4422 4420 2
t 50 4384 4348 2
t 1114 4423 4384 2
t 1103 4348 4423 2
t 4384 4423 4348 2
t 288 4424 4387 2
t 1124 4425 4424 2
t 1114 4387 4425 2
t 4424 4425 4387 2
t 285 4352 4427 2
t 1103 4426 4352 2
t 1124 4427 4426 2
t 4352 4426 4427 2
t 1114 4425 4423 2
t 1124 4426 4425 2
t 1103 4423 4426 2
t 4425 4426 4423 2
t 78 4413 4374 2
t 1123 4428 4413 2
t 1110 4374 4428 2
t 4413 4428 4374 2
t 290 4429 4417 2
t 1125 4430 4429 2
t 1123 4417 4430 2
t 4429 4430 4417 2
t 288 4379 4432 2
t 1110 4431 4379 2
t 1125 4432 4431 2
t 4379 4431 4432 2
t 1123 4430 4428 2
t 1125 4431 4430 2
t 1110 4428 4431 2
t 4430 4431 4428 2
t 79 4357 4402 2
t 1107 4433 4357 2
t 1118 4402 4433 2
t 4357 4433 4402 2
t 285 4434 4361 2
t 1126 4435 4434 2
t 1107 4361 4435 2
t 4434 4435 4361 2
t 290 4407 4437 2
t 1118 4436 4407 2
t 1126 4437 4436 2
t 4407 4436 4437 2
t 1107 4435 4433 2
t 1126 4436 4435 2
t 1118 4433 4436 2
t 4435 4436 4433 2
t 288 4432 4424 2
t 1125 4438 4432 2
t 1124 4424 4438 2
t 4432 4438 4424 2
t 290 4437 4429 2
t 1126 4439 4437 2
t 1125 4429 4439 2
t 4437 4439 4429 2
t 285 4427 4434 2
t 1124 4440 4427 2
t 1126 4434 4440 2
t 4427 4440 4434 2
t 1125 4439 4438 2
t 1126 4440 4439 2
t 1124 4438 4440 2
t 4439 4440 4438 2
t 23 4298 4171 2
t 1092 4441 4298 2
t 1058 4171 4441 2
t 4298 4441 4171 2
t 284 4442 4301 2
t 1127 4443 4442 2
t 1092 4301 4443 2
t 4442 4443 4301 2
t 274 4175 4445 2
t 1058 4444 4175 2
t 1127 4445 4444 2
t 4175 4444 4445 2
t 1092 4443 4441 2
t 1127 4444 4443 2
t 1058 4441 4444 2
t 4443 4444 4441 2
t 77 4446 4311 2
t 1128 4447 4446 2
t 1095 4311 4447 2
t 4446 4447 4311 2
t 292 4448 4450 2
t 1129 4449 4448 2
t 1128 4450 4449 2
t 4448 4449 4450 2
t 284 4316 4452 2
t 1095 4451 4316 2
t 1129 4452 4451 2
t 4316 4451 4452 2
t 1128 4449 4447 2
t 1129 4451 4449 2
t 1095 4447 4451 2
t 4449 4451 4447 2
t 75 4180 4454 2
t 1062 4453 4180 2
t 1131 4454 4453 2
t 4180 4453 4454 2
t 274 4455 4184 2
t 1130 4456 4455 2
t 1062 4184 4456 2
t 4455 4456 4184 2
t 292 4457 4459 2
t 1131 4458 4457 2
t 1130 4459 4458 2
t 4457 4458 4459 2
t 1062 4456 4453 2
t 1130 4458 4456 2
t 1131 4453 4458 2
t 4456 4458 4453 2
t 284 4452 4442 2
t 1129 4460 4452 2
t 1127 4442 4460 2
t 4452 4460 4442 2
t 292 4459 4448 2
t 1130 4461 4459 2
t 1129 4448 4461 2
t 4459 4461 4448 2
t 274 4445 4455 2
t 1127 4462 4445 2
t 1130 4455 4462 2
t 4445 4462 4455 2
t 1129 4461 4460 2
t 1130 4462 4461 2
t 1127 4460 4462 2
t 4461 4462 4460 2
t 24 4395 4267 2
t 1117 4463 4395 2
t 1082 4267 4463 2
t 4395 4463 4267 2
t 291 4464 4399 2
t 1132 4465 4464 2
t 1117 4399 4465 2
t 4464 4465 4399 2
t 280 4272 4467 2
t 1082 4466 4272 2
t 1132 4467 4466 2
t 4272 4466 4467 2
t 1117 4465 4463 2
t 1132 4466 4465 2
t 1082 4463 4466 2
t 4465 4466 4463 2
t 78 4468 4411 2
t 1133 4469 4468 2
t 1121 4411 4469 2
t 4468 4469 4411 2
t 293 4470 4472 2
t 1134 4471 4470 2
t 1133 4472 4471 2
t 4470 4471 4472 2
t 291 4416 4474 2
t 1121 4473 4416 2
t 1134 4474 4473 2
t 4416 4473 4474 2
t 1133 4471 4469 2
t 1134 4473 4471 2
t 1121 4469 4473 2
t 4471 4473 4469 2
t 77 4278 4476 2
t 1087 4475 4278 2
t 1136 4476 4475 1
t 4278 4475 4476 2
t 280 4477 4282 2
t 1135 4478 4477 1
t 1087 4282 4478 2
t 4477 4478 4282 2
t 293 4479 4481 0
t 1136 4480 4479 0
t 1135 4481 4480 0
t 4479 4480 4481 0
t 1087 4478 4475 2
t 1135 4480 4478 0
t 1136 4475 4480 0
t 4478 4480 4475 1
t 291 4474 4464 2
t 1134 4482 4474 2
t 1132 4464 4482 2
t 4474 4482 4464 2
t 293 4481 4470 1
t 1135 4483 4481 0
t 1134 4470 4483 2
t 4481 4483 4470 1
t 280 4467 4477 2
t 1132 4484 4467 2
t 1135 4477 4484 1
t 4467 4484 4477 2
t 1134 4483 4482 2
t 1135 4484 4483 1
t 1132 4482 4484 2
t 4483 4484 4482 2
t 15 4198 4367 2
t 1066 4485 4198 2
t 1108 4367 4485 2
t 4198 4485 4367 2
t 277 4486 4201 2
t 1137 4487 4486 2
t 1066 4201 4487 2
t 4486 4487 4201 2
t 287 4371 4489 2
t 1108 4488 4371 2
t 1137 4489 4488 2
t 4371 4488 4489 2
t 1066 4487 4485 2
t 1137 4488 4487 2
t 1108 4485 4488 2
t 4487 4488 4485 2
t 75 4490 4211 2
t 1138 4491 4490 2
t 1069 4211 4491 2
t 4490 4491 4211 2
t 294 4492 4494 2
t 1139 4493 4492 2
t 1138 4494 4493 2
t 4492 4493 4494 2
t 277 4216 4496 2
t 1069 4495 4216 2
t 1139 4496 4495 2
t 4216 4495 4496 2
t 1138 4493 4491 2
t 1139 4495 4493 2
t 1069 4491 4495 2
t 4493 4495 4491 2
t 78 4376 4498 2
t 1112 4497 4376 2
t 1141 4498 4497 2
t 4376 4497 4498 2
t 287 4499 4380 2
t 1140 4500 4499 2
t 1112 4380 4500 2
t 4499 4500 4380 2
t 294 4501 4503 2
t 1141 4502 4501 2
t 1140 4503 4502 2
t 4501 4502 4503 2
t 1112 4500 4497 2
t 1140 4502 4500 2
t 1141 4497 4502 2
t 4500 4502 4497 2
t 277 4496 4486 2
t 1139 4504 4496 2
t 1137 4486 4504 2
t 4496 4504 4486 2
t 294 4503 4492 2
t 1140 4505 4503 2
t 1139 4492 4505 2
t 4503 4505 4492 2
t 287 4489 4499 2
t 1137 4506 4489 2
t 1140 4499 4506 2
t 4489 4506 4499 2
t 1139 4505 4504 2
t 1140 4506 4505 2
t 1137 4504 4506 2
t 4505 4506 4504 2
t 77 4476 4446 2
t 1136 4507 4476 1
t 1128 4446 4507 2
t 4476 4507 4446 2
t 293 4508 4479 1
t 1142 4509 4508 2
t 1136 4479 4509 0
t 4508 4509 4479 1
t 292 4450 4511 2
t 1128 4510 4450 2
t 1142 4511 4510 2
t 4450 4510 4511 2
t 1136 4509 4507 1
t 1142 4510 4509 2
t 1128 4507 4510 2
t 4509 4510 4507 2
t 78 4498 4468 2
t 1141 4512 4498 2
t 1133 4468 4512 2
t 4498 4512 4468 2
t 294 4513 4501 2
t 1143 4514 4513 2
t 1141 4501 4514 2
t 4513 4514 4501 2
t 293 4472 4516 2
t 1133 4515 4472 2
t 1143 4516 4515 2
t 4472 4515 4516 2
t 1141 4514 4512 2
t 1143 4515 4514 2
t 1133 4512 4515 2
t 4514 4515 4512 2
t 75 4454 4490 2
t 1131 4517 4454 2
t 1138 4490 4517 2
t 4454 4517 4490 2
t 292 4518 4457 2
t 1144 4519 4518 2
t 1131 4457 4519 2
t 4518 4519 4457 2
t 294 4494 4521 2
t 1138 4520 4494 2
t 1144 4521 4520 2
t 4494 4520 4521 2
t 1131 4519 4517 2
t 1144 4520 4519 2
t 1138 4517 4520 2
t 4519 4520 4517 2
t 293 4516 4508 2
t 1143 4522 4516 2
t 1142 4508 4522 2
t 4516 4522 4508 2
t 294 4521 4513 2
t 1144 4523 4521 2
t 1143 4513 4523 2
t 4521 4523 4513 2
t 292 4511 4518 2
t 1142 4524 4511 2
t 1144 4518 4524 2
t 4511 4524 4518 2
t 1143 4523 4522 2
t 1144 4524 4523 2
t 1142 4522 4524 2
t 4523 4524 4522 2
t 4 3175 4526 2
t 807 4525 3175 2
t 1146 4526 4525 2
t 3175 4525 4526 2
t 211 4527 3179 2
t 1145 4528 4527 2
t 807 3179 4528 2
t 4527 4528 3179 2
t 296 4529 4531 2
t 1146 4530 4529 2
t 1145 4531 4530 2
t 4529 4530 4531 2
t 807 4528 4525 2
t 1145 4530 4528 2
t 1146 4525 4530 2
t 4528 4530 4525 2
t 60 4532 3191 2
t 1147 4533 4532 2
t 811 3191 4533 2
t 4532 4533 3191 2
t 295 4534 4536 2
t 1148 4535 4534 2
t 1147 4536 4535 2
t 4534 4535 4536 2
t 211 3196 4538 2
t 811 4537 3196 2
t 1148 4538 4537 2
t 3196 4537 4538 2
t 1147 4535 4533 2
t 1148 4537 4535 2
t 811 4533 4537 2
t 4535 4537 4533 2
t 81 4539 4541 2
t 1149 4540 4539 2
t 1151 4541 4540 2
t 4539 4540 4541 2
t 296 4542 4544 2
t 1150 4543 4542 2
t 1149 4544 4543 2
t 4542 4543 4544 2
t 295 4545 4547 2
t 1151 4546 4545 2
t 1150 4547 4546 2
t 4545 4546 4547 2
t 1149 4543 4540 2
t 1150 4546 4543 2
t 1151 4540 4546 2
t 4543 4546 4540 2
t 211 4538 4527 2
t 1148 4548 4538 2
t 1145 4527 4548 2
t 4538 4548 4527 2
t 295 4547 4534 2
t 1150 4549 4547 2
t 1148 4534 4549 2
t 4547 4549 4534 2
t 296 4531 4542 2
t 1145 4550 4531 2
t 1150 4542 4550 2
t 4531 4550 4542 2
t 1148 4549 4548 2
t 1150 4550 4549 2
t 1145 4548 4550 2
t 4549 4550 4548 2
t 18 4551 3233 2
t 1152 4552 4551 2
t 823 3233 4552 2
t 4551 4552 3233 2
t 297 4553 4555 2
t 1153 4554 4553 2
t 1152 4555 4554 2
t 4553 4554 4555 2
t 215 3238 4557 2
t 823 4556 3238 2
t 1153 4557 4556 2
t 3238 4556 4557 2
t 1152 4554 4552 2
t 1153 4556 4554 2
t 823 4552 4556 2
t 4554 4556 4552 2
t 80 4558 4560 2
t 1154 4559 4558 2
t 1156 4560 4559 2
t 4558 4559 4560 2
t 298 4561 4563 2
t 1155 4562 4561 2
t 1154 4563 4562 2
t 4561 4562 4563 2
t 297 4564 4566 2
t 1156 4565 4564 2
t 1155 4566 4565 2
t 4564 4565 4566 2
t 1154 4562 4559 2
t 1155 4565 4562 2
t 1156 4559 4565 2
t 4562 4565 4559 2
t 60 3244 4568 2
t 828 4567 3244 2
t 1158 4568 4567 2
t 3244 4567 4568 2
t 215 4569 3248 2
t 1157 4570 4569 2
t 828 3248 4570 2
t 4569 4570 3248 2
t 298 4571 4573 2
t 1158 4572 4571 2
t 1157 4573 4572 2
t 4571 4572 4573 2
t 828 4570 4567 2
t 1157 4572 4570 2
t 1158 4567 4572 2
t 4570 4572 4567 2
t 297 4566 4553 2
t 1155 4574 4566 2
t 1153 4553 4574 2
t 4566 4574 4553 2
t 298 4573 4561 2
t 1157 4575 4573 2
t 1155 4561 4575 2
t 4573 4575 4561 2
t 215 4557 4569 2
t 1153 4576 4557 2
t 1157 4569 4576 2
t 4557 4576 4569 2
t 1155 4575 4574 2
t 1157 4576 4575 2
t 1153 4574 4576 2
t 4575 4576 4574 2
t 26 4577 4579 2
t 1159 4578 4577 2
t 1161 4579 4578 2
t 4577 4578 4579 2
t 299 4580 4582 2
t 1160 4581 4580 2
t 1159 4582 4581 2
t 4580 4581 4582 2
t 301 4583 4585 2
t 1161 4584 4583 2
t 1160 4585 4584 2
t 4583 4584 4585 2
t 1159 4581 4578 2
t 1160 4584 4581 2
t 1161 4578 4584 2
t 4581 4584 4578 2
t 81 4586 4588 2
t 1162 4587 4586 2
t 1164 4588 4587 2
t 4586 4587 4588 2
t 300 4589 4591 2
t 1163 4590 4589 2
t 1162 4591 4590 2
t 4589 4590 4591 2
t 299 4592 4594 2
t 1164 4593 4592 2
t 1163 4594 4593 2
t 4592 4593 4594 2
t 1162 4590 4587 2
t 1163 4593 4590 2
t 1164 4587 4593 2
t 4590 4593 4587 2
t 80 4595 4597 2
t 1165 4596 4595 2
t 1167 4597 4596 2
t 4595 4596 4597 2
t 301 4598 4600 2
t 1166 4599 4598 2
t 1165 4600 4599 2
t 4598 4599 4600 2
t 300 4601 4603 2
t 1167 4602 4601 2
t 1166 4603 4602 2
t 4601 4602 4603 2
t 1165 4599 4596 2
t 1166 4602 4599 2
t 1167 4596 4602 2
t 4599 4602 4596 2
t 299 4594 4580 2
t 1163 4604 4594 2
t 1160 4580 4604 2
t 4594 4604 4580 2
t 300 4603 4589 2
t 1166 4605 4603 2
t 1163 4589 4605 2
t 4603 4605 4589 2
t 301 4585 4598 2
t 1160 4606 4585 2
t 1166 4598 4606 2
t 4585 4606 4598 2
t 1163 4605 4604 2
t 1166 4606 4605 2
t 1160 4604 4606 2
t 4605 4606 4604 2
t 60 4568 4532 2
t 1158 4607 4568 2
t 1147 4532 4607 2
t 4568 4607 4532 2
t 298 4608 4571 2
t 1168 4609 4608 2
t 1158 4571 4609 2
t 4608 4609 4571 2
t 295 4536 4611 2
t 1147 4610 4536 2
t 1168 4611 4610 2
t 4536 4610 4611 2
t 1158 4609 4607 2
t 1168 4610 4609 2
t 1147 4607 4610 2
t 4609 4610 4607 2
t 80 4597 4558 2
t 1167 4612 4597 2
t 1154 4558 4612 2
t 4597 4612 4558 2
t 300 4613 4601 2
t 1169 4614 4613 2
t 1167 4601 4614 2
t 4613 4614 4601 2
t 298 4563 4616 2
t 1154 4615 4563 2
t 1169 4616 4615 2
t 4563 4615 4616 2
t 1167 4614 4612 2
t 1169 4615 4614 2
t 1154 4612 4615 2
t 4614 4615 4612 2
t 81 4541 4586 2
t 1151 4617 4541 2
t 1162 4586 4617 2
t 4541 4617 4586 2
t 295 4618 4545 2
t 1170 4619 4618 2
t 1151 4545 4619 2
t 4618 4619 4545 2
t 300 4591 4621 2
t 1162 4620 4591 2
t 1170 4621 4620 2
t 4591 4620 4621 2
t 1151 4619 4617 2
t 1170 4620 4619 2
t 1162 4617 4620 2
t 4619 4620 4617 2
t 298 4616 4608 2
t 1169 4622 4616 2
t 1168 4608 4622 2
t 4616 4622 4608 2
t 300 4621 4613 2
t 1170 4623 4621 2
t 1169 4613 4623 2
t 4621 4623 4613 2
t 295 4611 4618 2
t 1168 4624 4611 2
t 1170 4618 4624 2
t 4611 4624 4618 2
t 1169 4623 4622 2
t 1170 4624 4623 2
t 1168 4622 4624 2
t 4623 4624 4622 2
t 8 4625 3073 1
t 1171 4626 4625 1
t 779 3073 4626 1
t 4625 4626 3073 1
t 302 4627 4629 1
t 1172 4628 4627 1
t 1171 4629 4628 1
t 4627 4628 4629 1
t 202 3077 4631 1
t 779 4630 3077 1
t 1172 4631 4630 1
t 3077 4630 4631 1
t 1171 4628 4626 1
t 1172 4630 4628 1
t 779 4626 4630 1
t 4628 4630 4626 1
t 82 4632 4634 1
t 1173 4633 4632 1
t 1175 4634 4633 1
t 4632 4633 4634 1
t 303 4635 4637 1
t 1174 4636 4635 1
t 1173 4637 4636 1
t 4635 4636 4637 1
t 302 4638 4640 1
t 1175 4639 4638 1
t 1174 4640 4639 1
t 4638 4639 4640 1
t 1173 4636 4633 1
t 1174 4639 4636 1
t 1175 4633 4639 1
t 4636 4639 4633 1
t 56 3082 4642 1
t 783 4641 3082 1
t 1177 4642 4641 1
t 3082 4641 4642 1
t 202 4643 3086 1
t 1176 4644 4643 1
t 783 3086 4644 1
t 4643 4644 3086 1
t 303 4645 4647 1
t 1177 4646 4645 1
t 1176 4647 4646 1
t 4645 4646 4647 1
t 783 4644 4641 1
t 1176 4646 4644 1
t 1177 4641 4646 1
t 4644 4646 4641 1
t 302 4640 4627 1
t 1174 4648 4640 1
t 1172 4627 4648 1
t 4640 4648 4627 1
t 303 4647 4635 1
t 1176 4649 4647 1
t 1174 4635 4649 1
t 4647 4649 4635 1
t 202 4631 4643 1
t 1172 4650 4631 1
t 1176 4643 4650 1
t 4631 4650 4643 1
t 1174 4649 4648 1
t 1176 4650 4649 1
t 1172 4648 4650 1
t 4649 4650 4648 1
t 25 4651 4653 2
t 1178 4652 4651 2
t 1180 4653 4652 2
t 4651 4652 4653 2
t 304 4654 4656 2
t 1179 4655 4654 2
t 1178 4656 4655 2
t 4654 4655 4656 2
t 306 4657 4659 2
t 1180 4658 4657 2
t 1179 4659 4658 2
t 4657 4658 4659 2
t 1178 4655 4652 2
t 1179 4658 4655 2
t 1180 4652 4658 2
t 4655 4658 4652 2
t 83 4660 4662 2
t 1181 4661 4660 2
t 1183 4662 4661 2
t 4660 4661 4662 2
t 305 4663 4665 2
t 1182 4664 4663 2
t 1181 4665 4664 2
t 4663 4664 4665 2
t 304 4666 4668 2
t 1183 4667 4666 2
t 1182 4668 4667 2
t 4666 4667 4668 2
t 1181 4664 4661 2
t 1182 4667 4664 2
t 1183 4661 4667 2
t 4664 4667 4661 2
t 82 4669 4671 1
t 1184 4670 4669 1
t 1186 4671 4670 1
t 4669 4670 4671 1
t 306 4672 4674 2
t 1185 4673 4672 2
t 1184 4674 4673 1
t 4672 4673 4674 2
t 305 4675 4677 1
t 1186 4676 4675 1
t 1185 4677 4676 1
t 4675 4676 4677 1
t 1184 4673 4670 1
t 1185 4676 4673 1
t 1186 4670 4676 1
t 4673 4676 4670 1
t 304 4668 4654 2
t 1182 4678 4668 2
t 1179 4654 4678 2
t 4668 4678 4654 2
t 305 4677 4663 1
t 1185 4679 4677 1
t 1182 4663 4679 2
t 4677 4679 4663 1
t 306 4659 4672 2
t 1179 4680 4659 2
t 1185 4672 4680 2
t 4659 4680 4672 2
t 1182 4679 4678 2
t 1185 4680 4679 2
t 1179 4678 4680 2
t 4679 4680 4678 2
t 18 3101 4682 2
t 788 4681 3101 2
t 1188 4682 4681 2
t 3101 4681 4682 2
t 206 4683 3105 2
t 1187 4684 4683 2
t 788 3105 4684 2
t 4683 4684 3105 2
t 308 4685 4687 2
t 1188 4686 4685 2
t 1187 4687 4686 2
t 4685 4686 4687 2
t 788 4684 4681 2
t 1187 4686 4684 2
t 1188 4681 4686 2
t 4684 4686 4681 2
t 56 4688 3117 1
t 1189 4689 4688 1
t 792 3117 4689 2
t 4688 4689 3117 1
t 307 4690 4692 2
t 1190 4691 4690 2
t 1189 4692 4691 2
t 4690 4691 4692 2
t 206 3122 4694 2
t 792 4693 3122 2
t 1190 4694 4693 2
t 3122 4693 4694 2
t 1189 4691 4689 2
t 1190 4693 4691 2
t 792 4689 4693 2
t 4691 4693 4689 2
t 83 4695 4697 2
t 1191 4696 4695 2
t 1193 4697 4696 2
t 4695 4696 4697 2
t 308 4698 4700 2
t 1192 4699 4698 2
t 1191 4700 4699 2
t 4698 4699 4700 2
t 307 4701 4703 2
t 1193 4702 4701 2
t 1192 4703 4702 2
t 4701 4702 4703 2
t 1191 4699 4696 2
t 1192 4702 4699 2
t 1193 4696 4702 2
t 4699 4702 4696 2
t 206 4694 4683 2
t 1190 4704 4694 2
t 1187 4683 4704 2
t 4694 4704 4683 2
t 307 4703 4690 2
t 1192 4705 4703 2
t 1190 4690 4705 2
t 4703 4705 4690 2
t 308 4687 4698 2
t 1187 4706 4687 2
t 1192 4698 4706 2
t 4687 4706 4698 2
t 1190 4705 4704 2
t 1192 4706 4705 2
t 1187 4704 4706 2
t 4705 4706 4704 2
t 82 4671 4632 1
t 1186 4707 4671 1
t 1173 4632 4707 1
t 4671 4707 4632 1
t 305 4708 4675 1
t 1194 4709 4708 1
t 1186 4675 4709 1
t 4708 4709 4675 1
t 303 4637 4711 1
t 1173 4710 4637 1
t 1194 4711 4710 1
t 4637 4710 4711 1
t 1186 4709 4707 1
t 1194 4710 4709 1
t 1173 4707 4710 1
t 4709 4710 4707 1
t 83 4697 4660 2
t 1193 4712 4697 2
t 1181 4660 4712 2
t 4697 4712 4660 2
t 307 4713 4701 2
t 1195 4714 4713 2
t 1193 4701 4714 2
t 4713 4714 4701 2
t 305 4665 4716 1
t 1181 4715 4665 2
t 1195 4716 4715 1
t 4665 4715 4716 2
t 1193 4714 4712 2
t 1195 4715 4714 2
t 1181 4712 4715 2
t 4714 4715 4712 2
t 56 4642 4688 1
t 1177 4717 4642 1
t 1189 4688 4717 1
t 4642 4717 4688 1
t 303 4718 4645 1
t 1196 4719 4718 1
t 1177 4645 4719 1
t 4718 4719 4645 1
t 307 4692 4721 1
t 1189 4720 4692 1
t 1196 4721 4720 1
t 4692 4720 4721 1
t 1177 4719 4717 1
t 1196 4720 4719 1
t 1189 4717 4720 1
t 4719 4720 4717 1
t 305 4716 4708 1
t 1195 4722 4716 1
t 1194 4708 4722 1
t 4716 4722 4708 1
t 307 4721 4713 1
t 1196 4723 4721 1
t 1195 4713 4723 1
t 4721 4723 4713 1
t 303 4711 4718 1
t 1194 4724 4711 1
t 1196 4718 4724 1
t 4711 4724 4718 1
t 1195 4723 4722 1
t 1196 4724 4723 1
t 1194 4722 4724 1
t 4723 4724 4722 1
t 12 4725 4727 2
t 1197 4726 4725 2
t 1199 4727 4726 2
t 4725 4726 4727 2
t 309 4728 4730 2
t 1198 4729 4728 2
t 1197 4730 4729 2
t 4728 4729 4730 2
t 311 4731 4733 2
t 1199 4732 4731 2
t 1198 4733 4732 2
t 4731 4732 4733 2
t 1197 4729 4726 2
t 1198 4732 4729 2
t 1199 4726 4732 2
t 4729 4732 4726 2
t 84 4734 4736 2
t 1200 4735 4734 2
t 1202 4736 4735 2
t 4734 4735 4736 2
t 310 4737 4739 2
t 1201 4738 4737 2
t 1200 4739 4738 2
t 4737 4738 4739 2
t 309 4740 4742 2
t 1202 4741 4740 2
t 1201 4742 4741 2
t 4740 4741 4742 2
t 1200 4738 4735 2
t 1201 4741 4738 2
t 1202 4735 4741 2
t 4738 4741 4735 2
t 86 4743 4745 2
t 1203 4744 4743 2
t 1205 4745 4744 2
t 4743 4744 4745 2
t 311 4746 4748 2
t 1204 4747 4746 2
t 1203 4748 4747 2
t 4746 4747 4748 2
t 310 4749 4751 2
t 1205 4750 4749 2
t 1204 4751 4750 2
t 4749 4750 4751 2
t 1203 4747 4744 2
t 1204 4750 4747 2
t 1205 4744 4750 2
t 4747 4750 4744 2
t 309 4742 4728 2
t 1201 4752 4742 2
t 1198 4728 4752 2
t 4742 4752 4728 2
t 310 4751 4737 2
t 1204 4753 4751 2
t 1201 4737 4753 2
t 4751 4753 4737 2
t 311 4733 4746 2
t 1198 4754 4733 2
t 1204 4746 4754 2
t 4733 4754 4746 2
t 1201 4753 4752 2
t 1204 4754 4753 2
t 1198 4752 4754 2
t 4753 4754 4752 2
t 26 4755 4757 2
t 1206 4756 4755 2
t 1208 4757 4756 2
t 4755 4756 4757 2
t 312 4758 4760 2
t 1207 4759 4758 2
t 1206 4760 4759 2
t 4758 4759 4760 2
t 314 4761 4763 2
t 1208 4762 4761 2
t 1207 4763 4762 2
t 4761 4762 4763 2
t 1206 4759 4756 2
t 1207 4762 4759 2
t 1208 4756 4762 2
t 4759 4762 4756 2
t 85 4764 4766 2
t 1209 4765 4764 2
t 1211 4766 4765 2
t 4764 4765 4766 2
t 313 4767 4769 2
t 1210 4768 4767 2
t 1209 4769 4768 2
t 4767 4768 4769 2
t 312 4770 4772 2
t 1211 4771 4770 2
t 1210 4772 4771 2
t 4770 4771 4772 2
t 1209 4768 4765 2
t 1210 4771 4768 2
t 1211 4765 4771 2
t 4768 4771 4765 2
t 84 4773 4775 2
t 1212 4774 4773 2
t 1214 4775 4774 2
t 4773 4774 4775 2
t 314 4776 4778 2
t 1213 4777 4776 2
t 1212 4778 4777 2
t 4776 4777 4778 2
t 313 4779 4781 2
t 1214 4780 4779 2
t 1213 4781 4780 2
t 4779 4780 4781 2
t 1212 4777 4774 2
t 1213 4780 4777 2
t 1214 4774 4780 2
t 4777 4780 4774 2
t 312 4772 4758 2
t 1210 4782 4772 2
t 1207 4758 4782 2
t 4772 4782 4758 2
t 313 4781 4767 2
t 1213 4783 4781 2
t 1210 4767 4783 2
t 4781 4783 4767 2
t 314 4763 4776 2
t 1207 4784 4763 2
t 1213 4776 4784 2
t 4763 4784 4776 2
t 1210 4783 4782 2
t 1213 4784 4783 2
t 1207 4782 4784 2
t 4783 4784 4782 2
t 25 4785 4787 2
t 1215 4786 4785 2
t 1217 4787 4786 2
t 4785 4786 4787 2
t 315 4788 4790 2
t 1216 4789 4788 2
t 1215 4790 4789 2
t 4788 4789 4790 2
t 317 4791 4793 2
t 1217 4792 4791 2
t 1216 4793 4792 2
t 4791 4792 4793 2
t 1215 4789 4786 2
t 1216 4792 4789 2
t 1217 4786 4792 2
t 4789 4792 4786 2
t 86 4794 4796 2
t 1218 4795 4794 2
t 1220 4796 4795 2
t 4794 4795 4796 2
t 316 4797 4799 2
t 1219 4798 4797 2
t 1218 4799 4798 2
t 4797 4798 4799 2
t 315 4800 4802 2
t 1220 4801 4800 2
t 1219 4802 4801 2
t 4800 4801 4802 2
t 1218 4798 4795 2
t 1219 4801 4798 2
t 1220 4795 4801 2
t 4798 4801 4795 2
t 85 4803 4805 2
t 1221 4804 4803 2
t 1223 4805 4804 2
t 4803 4804 4805 2
t 317 4806 4808 2
t 1222 4807 4806 2
t 1221 4808 4807 2
t 4806 4807 4808 2
t 316 4809 4811 2
t 1223 4810 4809 2
t 1222 4811 4810 2
t 4809 4810 4811 2
t 1221 4807 4804 2
t 1222 4810 4807 2
t 1223 4804 4810 2
t 4807 4810 4804 2
t 315 4802 4788 2
t 1219 4812 4802 2
t 1216 4788 4812 2
t 4802 4812 4788 2
t 316 4811 4797 2
t 1222 4813 4811 2
t 1219 4797 4813 2
t 4811 4813 4797 2
t 317 4793 4806 2
t 1216 4814 4793 2
t 1222 4806 4814 2
t 4793 4814 4806 2
t 1219 4813 4812 2
t 1222 4814 4813 2
t 1216 4812 4814 2
t 4813 4814 4812 2
t 84 4775 4734 2
t 1214 4815 4775 2
t 1200 4734 4815 2
t 4775 4815 4734 2
t 313 4816 4779 2
t 1224 4817 4816 2
t 1214 4779 4817 2
t 4816 4817 4779 2
t 310 4739 4819 2
t 1200 4818 4739 2
t 1224 4819 4818 2
t 4739 4818 4819 2
t 1214 4817 4815 2
t 1224 4818 4817 2
t 1200 4815 4818 2
t 4817 4818 4815 2
t 85 4805 4764 2
t 1223 4820 4805 2
t 1209 4764 4820 2
t 4805 4820 4764 2
t 316 4821 4809 2
t 1225 4822 4821 2
t 1223 4809 4822 2
t 4821 4822 4809 2
t 313 4769 4824 2
t 1209 4823 4769 2
t 1225 4824 4823 2
t 4769 4823 4824 2
t 1223 4822 4820 2
t 1225 4823 4822 2
t 1209 4820 4823 2
t 4822 4823 4820 2
t 86 4745 4794 2
t 1205 4825 4745 2
t 1218 4794 4825 2
t 4745 4825 4794 2
t 310 4826 4749 2
t 1226 4827 4826 2
t 1205 4749 4827 2
t 4826 4827 4749 2
t 316 4799 4829 2
t 1218 4828 4799 2
t 1226 4829 4828 2
t 4799 4828 4829 2
t 1205 4827 4825 2
t 1226 4828 4827 2
t 1218 4825 4828 2
t 4827 4828 4825 2
t 313 4824 4816 2
t 1225 4830 4824 2
t 1224 4816 4830 2
t 4824 4830 4816 2
t 316 4829 4821 2
t 1226 4831 4829 2
t 1225 4821 4831 2
t 4829 4831 4821 2
t 310 4819 4826 2
t 1224 4832 4819 2
t 1226 4826 4832 2
t 4819 4832 4826 2
t 1225 4831 4830 2
t 1226 4832 4831 2
t 1224 4830 4832 2
t 4831 4832 4830 2
t 18 4682 4551 2
t 1188 4833 4682 2
t 1152 4551 4833 2
t 4682 4833 4551 2
t 308 4834 4685 2
t 1227 4835 4834 2
t 1188 4685 4835 2
t 4834 4835 4685 2
t 297 4555 4837 2
t 1152 4836 4555 2
t 1227 4837 4836 2
t 4555 4836 4837 2
t 1188 4835 4833 2
t 1227 4836 4835 2
t 1152 4833 4836 2
t 4835 4836 4833 2
t 83 4838 4695 2
t 1228 4839 4838 2
t 1191 4695 4839 2
t 4838 4839 4695 2
t 318 4840 4842 2
t 1229 4841 4840 2
t 1228 4842 4841 2
t 4840 4841 4842 2
t 308 4700 4844 2
t 1191 4843 4700 2
t 1229 4844 4843 2
t 4700 4843 4844 2
t 1228 4841 4839 2
t 1229 4843 4841 2
t 1191 4839 4843 2
t 4841 4843 4839 2
t 80 4560 4846 2
t 1156 4845 4560 2
t 1231 4846 4845 2
t 4560 4845 4846 2
t 297 4847 4564 2
t 1230 4848 4847 2
t 1156 4564 4848 2
t 4847 4848 4564 2
t 318 4849 4851 2
t 1231 4850 4849 2
t 1230 4851 4850 2
t 4849 4850 4851 2
t 1156 4848 4845 2
t 1230 4850 4848 2
t 1231 4845 4850 2
t 4848 4850 4845 2
t 308 4844 4834 2
t 1229 4852 4844 2
t 1227 4834 4852 2
t 4844 4852 4834 2
t 318 4851 4840 2
t 1230 4853 4851 2
t 1229 4840 4853 2
t 4851 4853 4840 2
t 297 4837 4847 2
t 1227 4854 4837 2
t 1230 4847 4854 2
t 4837 4854 4847 2
t 1229 4853 4852 2
t 1230 4854 4853 2
t 1227 4852 4854 2
t 4853 4854 4852 2
t 25 4787 4651 2
t 1217 4855 4787 2
t 1178 4651 4855 2
t 4787 4855 4651 2
t 317 4856 4791 2
t 1232 4857 4856 2
t 1217 4791 4857 2
t 4856 4857 4791 2
t 304 4656 4859 2
t 1178 4858 4656 2
t 1232 4859 4858 2
t 4656 4858 4859 2
t 1217 4857 4855 2
t 1232 4858 4857 2
t 1178 4855 4858 2
t 4857 4858 4855 2
t 85 4860 4803 2
t 1233 4861 4860 2
t 1221 4803 4861 2
t 4860 4861 4803 2
t 319 4862 4864 2
t 1234 4863 4862 2
t 1233 4864 4863 2
t 4862 4863 4864 2
t 317 4808 4866 2
t 1221 4865 4808 2
t 1234 4866 4865 2
t 4808 4865 4866 2
t 1233 4863 4861 2
t 1234 4865 4863 2
t 1221 4861 4865 2
t 4863 4865 4861 2
t 83 4662 4868 2
t 1183 4867 4662 2
t 1236 4868 4867 2
t 4662 4867 4868 2
t 304 4869 4666 2
t 1235 4870 4869 2
t 1183 4666 4870 2
t 4869 4870 4666 2
t 319 4871 4873 2
t 1236 4872 4871 2
t 1235 4873 4872 2
t 4871 4872 4873 2
t 1183 4870 4867 2
t 1235 4872 4870 2
t 1236 4867 4872 2
t 4870 4872 4867 2
t 317 4866 4856 2
t 1234 4874 4866 2
t 1232 4856 4874 2
t 4866 4874 4856 2
t 319 4873 4862 2
t 1235 4875 4873 2
t 1234 4862 4875 2
t 4873 4875 4862 2
t 304 4859 4869 2
t 1232 4876 4859 2
t 1235 4869 4876 2
t 4859 4876 4869 2
t 1234 4875 4874 2
t 1235 4876 4875 2
t 1232 4874 4876 2
t 4875 4876 4874 2
t 26 4579 4755 2
t 1161 4877 4579 2
t 1206 4755 4877 2
t 4579 4877 4755 2
t 301 4878 4583 2
t 1237 4879 4878 2
t 1161 4583 4879 2
t 4878 4879 4583 2
t 312 4760 4881 2
t 1206 4880 4760 2
t 1237 4881 4880 2
t 4760 4880 4881 2
t 1161 4879 4877 2
t 1237 4880 4879 2
t 1206 4877 4880 2
t 4879 4880 4877 2
t 80 4882 4595 2
t 1238 4883 4882 2
t 1165 4595 4883 2
t 4882 4883 4595 2
t 320 4884 4886 2
t 1239 4885 4884 2
t 1238 4886 4885 2
t 4884 4885 4886 2
t 301 4600 4888 2
t 1165 4887 4600 2
t 1239 4888 4887 2
t 4600 4887 4888 2
t 1238 4885 4883 2
t 1239 4887 4885 2
t 1165 4883 4887 2
t 4885 4887 4883 2
t 85 4766 4890 2
t 1211 4889 4766 2
t 1241 4890 4889 2
t 4766 4889 4890 2
t 312 4891 4770 2
t 1240 4892 4891 2
t 1211 4770 4892 2
t 4891 4892 4770 2
t 320 4893 4895 2
t 1241 4894 4893 2
t 1240 4895 4894 2
t 4893 4894 4895 2
t 1211 4892 4889 2
t 1240 4894 4892 2
t 1241 4889 4894 2
t 4892 4894 4889 2
t 301 4888 4878 2
t 1239 4896 4888 2
t 1237 4878 4896 2
t 4888 4896 4878 2
t 320 4895 4884 2
t 1240 4897 4895 2
t 1239 4884 4897 2
t 4895 4897 4884 2
t 312 4881 4891 2
t 1237 4898 4881 2
t 1240 4891 4898 2
t 4881 4898 4891 2
t 1239 4897 4896 2
t 1240 4898 4897 2
t 1237 4896 4898 2
t 4897 4898 4896 2
t 83 4868 4838 2
t 1236 4899 4868 2
t 1228 4838 4899 2
t 4868 4899 4838 2
t 319 4900 4871 2
t 1242 4901 4900 2
t 1236 4871 4901 2
t 4900 4901 4871 2
t 318 4842 4903 2
t 1228 4902 4842 2
t 1242 4903 4902 2
t 4842 4902 4903 2
t 1236 4901 4899 2
t 1242 4902 4901 2
t 1228 4899 4902 2
t 4901 4902 4899 2
t 85 4890 4860 2
t 1241 4904 4890 2
t 1233 4860 4904 2
t 4890 4904 4860 2
t 320 4905 4893 2
t 1243 4906 4905 2
t 1241 4893 4906 2
t 4905 4906 4893 2
t 319 4864 4908 2
t 1233 4907 4864 2
t 1243 4908 4907 2
t 4864 4907 4908 2
t 1241 4906 4904 2
t 1243 4907 4906 2
t 1233 4904 4907 2
t 4906 4907 4904 2
t 80 4846 4882 2
t 1231 4909 4846 2
t 1238 4882 4909 2
t 4846 4909 4882 2
t 318 4910 4849 2
t 1244 4911 4910 2
t 1231 4849 4911 2
t 4910 4911 4849 2
t 320 4886 4913 2
t 1238 4912 4886 2
t 1244 4913 4912 2
t 4886 4912 4913 2
t 1231 4911 4909 2
t 1244 4912 4911 2
t 1238 4909 4912 2
t 4911 4912 4909 2
t 319 4908 4900 2
t 1243 4914 4908 2
t 1242 4900 4914 2
t 4908 4914 4900 2
t 320 4913 4905 2
t 1244 4915 4913 2
t 1243 4905 4915 2
t 4913 4915 4905 2
t 318 4903 4910 2
t 1242 4916 4903 2
t 1244 4910 4916 2
t 4903 4916 4910 2
t 1243 4915 4914 2
t 1244 4916 4915 2
t 1242 4914 4916 2
t 4915 4916 4914 2
t 8 2783 4918 1
t 707 4917 2783 1
t 1246 4918 4917 1
t 2783 4917 4918 1
t 185 4919 2787 1
t 1245 4920 4919 1
t 707 2787 4920 1
t 4919 4920 2787 1
t 322 4921 4923 1
t 1246 4922 4921 1
t 1245 4923 4922 1
t 4921 4922 4923 1
t 707 4920 4917 1
t 1245 4922 4920 1
t 1246 4917 4922 1
t 4920 4922 4917 1
t 53 4924 2799 1
t 1247 4925 4924 1
t 711 2799 4925 1
t 4924 4925 2799 1
t 321 4926 4928 1
t 1248 4927 4926 1
t 1247 4928 4927 1
t 4926 4927 4928 1
t 185 2804 4930 1
t 711 4929 2804 1
t 1248 4930 4929 1
t 2804 4929 4930 1
t 1247 4927 4925 1
t 1248 4929 4927 1
t 711 4925 4929 1
t 4927 4929 4925 1
t 88 4931 4933 1
t 1249 4932 4931 1
t 1251 4933 4932 1
t 4931 4932 4933 1
t 322 4934 4936 1
t 1250 4935 4934 1
t 1249 4936 4935 1
t 4934 4935 4936 1
t 321 4937 4939 1
t 1251 4938 4937 1
t 1250 4939 4938 1
t 4937 4938 4939 1
t 1249 4935 4932 1
t 1250 4938 4935 1
t 1251 4932 4938 1
t 4935 4938 4932 1
t 185 4930 4919 1
t 1248 4940 4930 1
t 1245 4919 4940 1
t 4930 4940 4919 1
t 321 4939 4926 1
t 1250 4941 4939 1
t 1248 4926 4941 1
t 4939 4941 4926 1
t 322 4923 4934 1
t 1245 4942 4923 1
t 1250 4934 4942 1
t 4923 4942 4934 1
t 1248 4941 4940 1
t 1250 4942 4941 1
t 1245 4940 4942 1
t 4941 4942 4940 1
t 16 4943 2841 1
t 1252 4944 4943 1
t 723 2841 4944 1
t 4943 4944 2841 1
t 323 4945 4947 1
t 1253 4946 4945 1
t 1252 4947 4946 1
t 4945 4946 4947 1
t 189 2846 4949 1
t 723 4948 2846 1
t 1253 4949 4948 1
t 2846 4948 4949 1
t 1252 4946 4944 1
t 1253 4948 4946 1
t 723 4944 4948 1
t 4946 4948 4944 1
t 87 4950 4952 1
t 1254 4951 4950 1
t 1256 4952 4951 1
t 4950 4951 4952 1
t 324 4953 4955 1
t 1255 4954 4953 1
t 1254 4955 4954 1
t 4953 4954 4955 1
t 323 4956 4958 1
t 1256 4957 4956 1
t 1255 4958 4957 1
t 4956 4957 4958 1
t 1254 4954 4951 1
t 1255 4957 4954 1
t 1256 4951 4957 1
t 4954 4957 4951 1
t 53 2852 4960 1
t 728 4959 2852 1
t 1258 4960 4959 1
t 2852 4959 4960 1
t 189 4961 2856 1
t 1257 4962 4961 1
t 728 2856 4962 1
t 4961 4962 2856 1
t 324 4963 4965 1
t 1258 4964 4963 1
t 1257 4965 4964 1
t 4963 4964 4965 1
t 728 4962 4959 1
t 1257 4964 4962 1
t 1258 4959 4964 1
t 4962 4964 4959 1
t 323 4958 4945 1
t 1255 4966 4958 1
t 1253 4945 4966 1
t 4958 4966 4945 1
t 324 4965 4953 1
t 1257 4967 4965 1
t 1255 4953 4967 1
t 4965 4967 4953 1
t 189 4949 4961 1
t 1253 4968 4949 1
t 1257 4961 4968 1
t 4949 4968 4961 1
t 1255 4967 4966 1
t 1257 4968 4967 1
t 1253 4966 4968 1
t 4967 4968 4966 1
t 28 4969 4971 1
t 1259 4970 4969 1
t 1261 4971 4970 1
t 4969 4970 4971 1
t 325 4972 4974 1
t 1260 4973 4972 1
t 1259 4974 4973 1
t 4972 4973 4974 1
t 327 4975 4977 1
t 1261 4976 4975 1
t 1260 4977 4976 1
t 4975 4976 4977 1
t 1259 4973 4970 1
t 1260 4976 4973 1
t 1261 4970 4976 1
t 4973 4976 4970 1
t 88 4978 4980 1
t 1262 4979 4978 1
t 1264 4980 4979 1
t 4978 4979 4980 1
t 326 4981 4983 1
t 1263 4982 4981 1
t 1262 4983 4982 1
t 4981 4982 4983 1
t 325 4984 4986 1
t 1264 4985 4984 1
t 1263 4986 4985 1
t 4984 4985 4986 1
t 1262 4982 4979 1
t 1263 4985 4982 1
t 1264 4979 4985 1
t 4982 4985 4979 1
t 87 4987 4989 1
t 1265 4988 4987 1
t 1267 4989 4988 1
t 4987 4988 4989 1
t 327 4990 4992 1
t 1266 4991 4990 1
t 1265 4992 4991 1
t 4990 4991 4992 1
t 326 4993 4995 1
t 1267 4994 4993 1
t 1266 4995 4994 1
t 4993 4994 4995 1
t 1265 4991 4988 1
t 1266 4994 4991 1
t 1267 4988 4994 1
t 4991 4994 4988 1
t 325 4986 4972 1
t 1263 4996 4986 1
t 1260 4972 4996 1
t 4986 4996 4972 1
t 326 4995 4981 1
t 1266 4997 4995 1
t 1263 4981 4997 1
t 4995 4997 4981 1
t 327 4977 4990 1
t 1260 4998 4977 1
t 1266 4990 4998 1
t 4977 4998 4990 1
t 1263 4997 4996 1
t 1266 4998 4997 1
t 1260 4996 4998 1
t 4997 4998 4996 1
t 53 4960 4924 1
t 1258 4999 4960 1
t 1247 4924 4999 1
t 4960 4999 4924 1
t 324 5000 4963 1
t 1268 5001 5000 1
t 1258 4963 5001 1
t 5000 5001 4963 1
t 321 4928 5003 1
t 1247 5002 4928 1
t 1268 5003 5002 1
t 4928 5002 5003 1
t 1258 5001 4999 1
t 1268 5002 5001 1
t 1247 4999 5002 1
t 5001 5002 4999 1
t 87 4989 4950 1
t 1267 5004 4989 1
t 1254 4950 5004 1
t 4989 5004 4950 1
t 326 5005 4993 1
t 1269 5006 5005 1
t 1267 4993 5006 1
t 5005 5006 4993 1
t 324 4955 5008 1
t 1254 5007 4955 1
t 1269 5008 5007 1
t 4955 5007 5008 1
t 1267 5006 5004 1
t 1269 5007 5006 1
t 1254 5004 5007 1
t 5006 5007 5004 1
t 88 4933 4978 1
t 1251 5009 4933 1
t 1262 4978 5009 1
t 4933 5009 4978 1
t 321 5010 4937 1
t 1270 5011 5010 1
t 1251 4937 5011 1
t 5010 5011 4937 1
t 326 4983 5013 1
t 1262 5012 4983 1
t 1270 5013 5012 1
t 4983 5012 5013 1
t 1251 5011 5009 1
t 1270 5012 5011 1
t 1262 5009 5012 1
t 5011 5012 5009 1
t 324 5008 5000 1
t 1269 5014 5008 1
t 1268 5000 5014 1
t 5008 5014 5000 1
t 326 5013 5005 1
t 1270 5015 5013 1
t 1269 5005 5015 1
t 5013 5015 5005 1
t 321 5003 5010 1
t 1268 5016 5003 1
t 1270 5010 5016 1
t 5003 5016 5010 1
t 1269 5015 5014 1
t 1270 5016 5015 1
t 1268 5014 5016 1
t 5015 5016 5014 1
t 14 5017 2673 2
t 1271 5018 5017 2
t 675 2673 5018 2
t 5017 5018 2673 2
t 328 5019 5021 2
t 1272 5020 5019 2
t 1271 5021 5020 2
t 5019 5020 5021 2
t 174 2678 5023 2
t 675 5022 2678 2
t 1272 5023 5022 2
t 2678 5022 5023 2
t 1271 5020 5018 2
t 1272 5022 5020 2
t 675 5018 5022 2
t 5020 5022 5018 2
t 89 5024 5026 2
t 1273 5025 5024 2
t 1275 5026 5025 2
t 5024 5025 5026 2
t 329 5027 5029 2
t 1274 5028 5027 2
t 1273 5029 5028 2
t 5027 5028 5029 2
t 328 5030 5032 2
t 1275 5031 5030 2
t 1274 5032 5031 2
t 5030 5031 5032 2
t 1273 5028 5025 2
t 1274 5031 5028 2
t 1275 5025 5031 2
t 5028 5031 5025 2
t 48 2684 5034 2
t 680 5033 2684 2
t 1277 5034 5033 2
t 2684 5033 5034 2
t 174 5035 2688 2
t 1276 5036 5035 2
t 680 2688 5036 2
t 5035 5036 2688 2
t 329 5037 5039 2
t 1277 5038 5037 2
t 1276 5039 5038 2
t 5037 5038 5039 2
t 680 5036 5033 2
t 1276 5038 5036 2
t 1277 5033 5038 2
t 5036 5038 5033 2
t 328 5032 5019 2
t 1274 5040 5032 2
t 1272 5019 5040 2
t 5032 5040 5019 2
t 329 5039 5027 2
t 1276 5041 5039 2
t 1274 5027 5041 2
t 5039 5041 5027 2
t 174 5023 5035 2
t 1272 5042 5023 2
t 1276 5035 5042 2
t 5023 5042 5035 2
t 1274 5041 5040 2
t 1276 5042 5041 2
t 1272 5040 5042 2
t 5041 5042 5040 2
t 27 5043 5045 1
t 1278 5044 5043 1
t 1280 5045 5044 1
t 5043 5044 5045 1
t 330 5046 5048 1
t 1279 5047 5046 1
t 1278 5048 5047 1
t 5046 5047 5048 1
t 332 5049 5051 1
t 1280 5050 5049 1
t 1279 5051 5050 1
t 5049 5050 5051 1
t 1278 5047 5044 1
t 1279 5050 5047 1
t 1280 5044 5050 1
t 5047 5050 5044 1
t 90 5052 5054 2
t 1281 5053 5052 2
t 1283 5054 5053 1
t 5052 5053 5054 1
t 331 5055 5057 1
t 1282 5056 5055 1
t 1281 5057 5056 1
t 5055 5056 5057 1
t 330 5058 5060 1
t 1283 5059 5058 1
t 1282 5060 5059 1
t 5058 5059 5060 1
t 1281 5056 5053 1
t 1282 5059 5056 1
t 1283 5053 5059 1
t 5056 5059 5053 1
t 89 5061 5063 2
t 1284 5062 5061 1
t 1286 5063 5062 1
t 5061 5062 5063 1
t 332 5064 5066 2
t 1285 5065 5064 1
t 1284 5066 5065 2
t 5064 5065 5066 2
t 331 5067 5069 1
t 1286 5068 5067 1
t 1285 5069 5068 1
t 5067 5068 5069 1
t 1284 5065 5062 1
t 1285 5068 5065 1
t 1286 5062 5068 1
t 5065 5068 5062 1
t 330 5060 5046 1
t 1282 5070 5060 1
t 1279 5046 5070 1
t 5060 5070 5046 1
t 331 5069 5055 1
t 1285 5071 5069 1
t 1282 5055 5071 1
t 5069 5071 5055 1
t 332 5051 5064 1
t 1279 5072 5051 1
t 1285 5064 5072 1
t 5051 5072 5064 1
t 1282 5071 5070 1
t 1285 5072 5071 1
t 1279 5070 5072 1
t 5071 5072 5070 1
t 16 2705 5074 1
t 686 5073 2705 1
t 1288 5074 5073 1
t 2705 5073 5074 1
t 179 5075 2709 2
t 1287 5076 5075 1
t 686 2709 5076 1
t 5075 5076 2709 1
t 334 5077 5079 1
t 1288 5078 5077 1
t 1287 5079 5078 1
t 5077 5078 5079 1
t 686 5076 5073 1
t 1287 5078 5076 1
t 1288 5073 5078 1
t 5076 5078 5073 1
t 48 5080 2721 2
t 1289 5081 5080 2
t 690 2721 5081 2
t 5080 5081 2721 2
t 333 5082 5084 2
t 1290 5083 5082 2
t 1289 5084 5083 2
t 5082 5083 5084 2
t 179 2726 5086 2
t 690 5085 2726 2
t 1290 5086 5085 2
t 2726 5085 5086 2
t 1289 5083 5081 2
t 1290 5085 5083 2
t 690 5081 5085 2
t 5083 5085 5081 2
t 90 5087 5089 2
t 1291 5088 5087 2
t 1293 5089 5088 2
t 5087 5088 5089 2
t 334 5090 5092 1
t 1292 5091 5090 2
t 1291 5092 5091 1
t 5090 5091 5092 1
t 333 5093 5095 2
t 1293 5094 5093 2
t 1292 5095 5094 2
t 5093 5094 5095 2
t 1291 5091 5088 2
t 1292 5094 5091 2
t 1293 5088 5094 2
t 5091 5094 5088 2
t 179 5086 5075 2
t 1290 5096 5086 2
t 1287 5075 5096 2
t 5086 5096 5075 2
t 333 5095 5082 2
t 1292 5097 5095 2
t 1290 5082 5097 2
t 5095 5097 5082 2
t 334 5079 5090 1
t 1287 5098 5079 1
t 1292 5090 5098 2
t 5079 5098 5090 1
t 1290 5097 5096 2
t 1292 5098 5097 2
t 1287 5096 5098 2
t 5097 5098 5096 2
t 89 5063 5024 2
t 1286 5099 5063 1
t 1273 5024 5099 2
t 5063 5099 5024 2
t 331 5100 5067 1
t 1294 5101 5100 1
t 1286 5067 5101 1
t 5100 5101 5067 1
t 329 5029 5103 2
t 1273 5102 5029 2
t 1294 5103 5102 2
t 5029 5102 5103 2
t 1286 5101 5099 1
t 1294 5102 5101 1
t 1273 5099 5102 2
t 5101 5102 5099 1
t 90 5089 5052 2
t 1293 5104 5089 2
t 1281 5052 5104 2
t 5089 5104 5052 2
t 333 5105 5093 2
t 1295 5106 5105 2
t 1293 5093 5106 2
t 5105 5106 5093 2
t 331 5057 5108 1
t 1281 5107 5057 1
t 1295 5108 5107 1
t 5057 5107 5108 1
t 1293 5106 5104 2
t 1295 5107 5106 2
t 1281 5104 5107 2
t 5106 5107 5104 2
t 48 5034 5080 2
t 1277 5109 5034 2
t 1289 5080 5109 2
t 5034 5109 5080 2
t 329 5110 5037 2
t 1296 5111 5110 2
t 1277 5037 5111 2
t 5110 5111 5037 2
t 333 5084 5113 2
t 1289 5112 5084 2
t 1296 5113 5112 2
t 5084 5112 5113 2
t 1277 5111 5109 2
t 1296 5112 5111 2
t 1289 5109 5112 2
t 5111 5112 5109 2
t 331 5108 5100 1
t 1295 5114 5108 1
t 1294 5100 5114 1
t 5108 5114 5100 1
t 333 5113 5105 2
t 1296 5115 5113 2
t 1295 5105 5115 2
t 5113 5115 5105 2
t 329 5103 5110 2
t 1294 5116 5103 2
t 1296 5110 5116 2
t 5103 5116 5110 2
t 1295 5115 5114 2
t 1296 5116 5115 2
t 1294 5114 5116 2
t 5115 5116 5114 2
t 7 5117 5119 2
t 1297 5118 5117 2
t 1299 5119 5118 2
t 5117 5118 5119 2
t 335 5120 5122 2
t 1298 5121 5120 2
t 1297 5122 5121 2
t 5120 5121 5122 2
t 337 5123 5125 2
t 1299 5124 5123 2
t 1298 5125 5124 2
t 5123 5124 5125 2
t 1297 5121 5118 2
t 1298 5124 5121 2
t 1299 5118 5124 2
t 5121 5124 5118 2
t 91 5126 5128 2
t 1300 5127 5126 2
t 1302 5128 5127 2
t 5126 5127 5128 2
t 336 5129 5131 2
t 1301 5130 5129 2
t 1300 5131 5130 2
t 5129 5130 5131 2
t 335 5132 5134 2
t 1302 5133 5132 2
t 1301 5134 5133 2
t 5132 5133 5134 2
t 1300 5130 5127 2
t 1301 5133 5130 2
t 1302 5127 5133 2
t 5130 5133 5127 2
t 93 5135 5137 2
t 1303 5136 5135 2
t 1305 5137 5136 2
t 5135 5136 5137 2
t 337 5138 5140 2
t 1304 5139 5138 2
t 1303 5140 5139 2
t 5138 5139 5140 2
t 336 5141 5143 2
t 1305 5142 5141 2
t 1304 5143 5142 2
t 5141 5142 5143 2
t 1303 5139 5136 2
t 1304 5142 5139 2
t 1305 5136 5142 2
t 5139 5142 5136 2
t 335 5134 5120 2
t 1301 5144 5134 2
t 1298 5120 5144 2
t 5134 5144 5120 2
t 336 5143 5129 2
t 1304 5145 5143 2
t 1301 5129 5145 2
t 5143 5145 5129 2
t 337 5125 5138 2
t 1298 5146 5125 2
t 1304 5138 5146 2
t 5125 5146 5138 2
t 1301 5145 5144 2
t 1304 5146 5145 2
t 1298 5144 5146 2
t 5145 5146 5144 2
t 28 5147 5149 1
t 1306 5148 5147 1
t 1308 5149 5148 1
t 5147 5148 5149 1
t 338 5150 5152 1
t 1307 5151 5150 1
t 1306 5152 5151 1
t 5150 5151 5152 1
t 340 5153 5155 1
t 1308 5154 5153 1
t 1307 5155 5154 1
t 5153 5154 5155 1
t 1306 5151 5148 1
t 1307 5154 5151 1
t 1308 5148 5154 1
t 5151 5154 5148 1
t 92 5156 5158 1
t 1309 5157 5156 1
t 1311 5158 5157 1
t 5156 5157 5158 1
t 339 5159 5161 1
t 1310 5160 5159 1
t 1309 5161 5160 1
t 5159 5160 5161 1
t 338 5162 5164 1
t 1311 5163 5162 1
t 1310 5164 5163 1
t 5162 5163 5164 1
t 1309 5160 5157 1
t 1310 5163 5160 1
t 1311 5157 5163 1
t 5160 5163 5157 1
t 91 5165 5167 2
t 1312 5166 5165 2
t 1314 5167 5166 2
t 5165 5166 5167 2
t 340 5168 5170 2
t 1313 5169 5168 2
t 1312 5170 5169 2
t 5168 5169 5170 2
t 339 5171 5173 1
t 1314 5172 5171 2
t 1313 5173 5172 2
t 5171 5172 5173 2
t 1312 5169 5166 2
t 1313 5172 5169 2
t 1314 5166 5172 2
t 5169 5172 5166 2
t 338 5164 5150 1
t 1310 5174 5164 1
t 1307 5150 5174 1
t 5164 5174 5150 1
t 339 5173 5159 1
t 1313 5175 5173 1
t 1310 5159 5175 1
t 5173 5175 5159 1
t 340 5155 5168 1
t 1307 5176 5155 1
t 1313 5168 5176 1
t 5155 5176 5168 1
t 1310 5175 5174 1
t 1313 5176 5175 1
t 1307 5174 5176 1
t 5175 5176 5174 1
t 27 5177 5179 1
t 1315 5178 5177 2
t 1317 5179 5178 2
t 5177 5178 5179 2
t 341 5180 5182 2
t 1316 5181 5180 2
t 1315 5182 5181 2
t 5180 5181 5182 2
t 343 5183 5185 2
t 1317 5184 5183 2
t 1316 5185 5184 2
t 5183 5184 5185 2
t 1315 5181 5178 2
t 1316 5184 5181 2
t 1317 5178 5184 2
t 5181 5184 5178 2
t 93 5186 5188 2
t 1318 5187 5186 2
t 1320 5188 5187 2
t 5186 5187 5188 2
t 342 5189 5191 2
t 1319 5190 5189 2
t 1318 5191 5190 2
t 5189 5190 5191 2
t 341 5192 5194 2
t 1320 5193 5192 2
t 1319 5194 5193 2
t 5192 5193 5194 2
t 1318 5190 5187 2
t 1319 5193 5190 2
t 1320 5187 5193 2
t 5190 5193 5187 2
t 92 5195 5197 1
t 1321 5196 5195 1
t 1323 5197 5196 1
t 5195 5196 5197 1
t 343 5198 5200 2
t 1322 5199 5198 2
t 1321 5200 5199 2
t 5198 5199 5200 2
t 342 5201 5203 2
t 1323 5202 5201 2
t 1322 5203 5202 2
t 5201 5202 5203 2
t 1321 5199 5196 1
t 1322 5202 5199 2
t 1323 5196 5202 1
t 5199 5202 5196 1
t 341 5194 5180 2
t 1319 5204 5194 2
t 1316 5180 5204 2
t 5194 5204 5180 2
t 342 5203 5189 2
t 1322 5205 5203 2
t 1319 5189 5205 2
t 5203 5205 5189 2
t 343 5185 5198 2
t 1316 5206 5185 2
t 1322 5198 5206 2
t 5185 5206 5198 2
t 1319 5205 5204 2
t 1322 5206 5205 2
t 1316 5204 5206 2
t 5205 5206 5204 2
t 91 5167 5126 2
t 1314 5207 5167 2
t 1300 5126 5207 2
t 5167 5207 5126 2
t 339 5208 5171 2
t 1324 5209 5208 2
t 1314 5171 5209 2
t 5208 5209 5171 2
t 336 5131 5211 2
t 1300 5210 5131 2
t 1324 5211 5210 2
t 5131 5210 5211 2
t 1314 5209 5207 2
t 1324 5210 5209 2
t 1300 5207 5210 2
t 5209 5210 5207 2
t 92 5197 5156 1
t 1323 5212 5197 1
t 1309 5156 5212 1
t 5197 5212 5156 1
t 342 5213 5201 2
t 1325 5214 5213 1
t 1323 5201 5214 1
t 5213 5214 5201 2
t 339 5161 5216 1
t 1309 5215 5161 1
t 1325 5216 5215 1
t 5161 5215 5216 1
t 1323 5214 5212 1
t 1325 5215 5214 1
t 1309 5212 5215 1
t 5214 5215 5212 1
t 93 5137 5186 2
t 1305 5217 5137 2
t 1318 5186 5217 2
t 5137 5217 5186 2
t 336 5218 5141 2
t 1326 5219 5218 2
t 1305 5141 5219 2
t 5218 5219 5141 2
t 342 5191 5221 2
t 1318 5220 5191 2
t 1326 5221 5220 2
t 5191 5220 5221 2
t 1305 5219 5217 2
t 1326 5220 5219 2
t 1318 5217 5220 2
t 5219 5220 5217 2
t 339 5216 5208 1
t 1325 5222 5216 1
t 1324 5208 5222 2
t 5216 5222 5208 1
t 342 5221 5213 2
t 1326 5223 5221 2
t 1325 5213 5223 2
t 5221 5223 5213 2
t 336 5211 5218 2
t 1324 5224 5211 2
t 1326 5218 5224 2
t 5211 5224 5218 2
t 1325 5223 5222 1
t 1326 5224 5223 2
t 1324 5222 5224 2
t 5223 5224 5222 2
t 16 5074 4943 1
t 1288 5225 5074 1
t 1252 4943 5225 1
t 5074 5225 4943 1
t 334 5226 5077 1
t 1327 5227 5226 1
t 1288 5077 5227 1
t 5226 5227 5077 1
t 323 4947 5229 1
t 1252 5228 4947 1
t 1327 5229 5228 1
t 4947 5228 5229 1
t 1288 5227 5225 1
t 1327 5228 5227 1
t 1252 5225 5228 1
t 5227 5228 5225 1
t 90 5230 5087 2
t 1328 5231 5230 1
t 1291 5087 5231 1
t 5230 5231 5087 1
t 344 5232 5234 1
t 1329 5233 5232 1
t 1328 5234 5233 1
t 5232 5233 5234 1
t 334 5092 5236 1
t 1291 5235 5092 1
t 1329 5236 5235 1
t 5092 5235 5236 1
t 1328 5233 5231 1
t 1329 5235 5233 1
t 1291 5231 5235 1
t 5233 5235 5231 1
t 87 4952 5238 1
t 1256 5237 4952 1
t 1331 5238 5237 1
t 4952 5237 5238 1
t 323 5239 4956 1
t 1330 5240 5239 1
t 1256 4956 5240 1
t 5239 5240 4956 1
t 344 5241 5243 1
t 1331 5242 5241 1
t 1330 5243 5242 1
t 5241 5242 5243 1
t 1256 5240 5237 1
t 1330 5242 5240 1
t 1331 5237 5242 1
t 5240 5242 5237 1
t 334 5236 5226 1
t 1329 5244 5236 1
t 1327 5226 5244 1
t 5236 5244 5226 1
t 344 5243 5232 1
t 1330 5245 5243 1
t 1329 5232 5245 1
t 5243 5245 5232 1
t 323 5229 5239 1
t 1327 5246 5229 1
t 1330 5239 5246 1
t 5229 5246 5239 1
t 1329 5245 5244 1
t 1330 5246 5245 1
t 1327 5244 5246 1
t 5245 5246 5244 1
t 27 5179 5043 1
t 1317 5247 5179 1
t 1278 5043 5247 1
t 5179 5247 5043 1
t 343 5248 5183 1
t 1332 5249 5248 1
t 1317 5183 5249 1
t 5248 5249 5183 1
t 330 5048 5251 1
t 1278 5250 5048 1
t 1332 5251 5250 1
t 5048 5250 5251 1
t 1317 5249 5247 1
t 1332 5250 5249 1
t 1278 5247 5250 1
t 5249 5250 5247 1
t 92 5252 5195 1
t 1333 5253 5252 1
t 1321 5195 5253 1
t 5252 5253 5195 1
t 345 5254 5256 1
t 1334 5255 5254 1
t 1333 5256 5255 1
t 5254 5255 5256 1
t 343 5200 5258 1
t 1321 5257 5200 2
t 1334 5258 5257 1
t 5200 5257 5258 1
t 1333 5255 5253 1
t 1334 5257 5255 1
t 1321 5253 5257 1
t 5255 5257 5253 1
t 90 5054 5260 1
t 1283 5259 5054 1
t 1336 5260 5259 1
t 5054 5259 5260 1
t 330 5261 5058 1
t 1335 5262 5261 1
t 1283 5058 5262 1
t 5261 5262 5058 1
t 345 5263 5265 1
t 1336 5264 5263 1
t 1335 5265 5264 1
t 5263 5264 5265 1
t 1283 5262 5259 1
t 1335 5264 5262 1
t 1336 5259 5264 1
t 5262 5264 5259 1
t 343 5258 5248 1
t 1334 5266 5258 1
t 1332 5248 5266 1
t 5258 5266 5248 1
t 345 5265 5254 1
t 1335 5267 5265 1
t 1334 5254 5267 1
t 5265 5267 5254 1
t 330 5251 5261 1
t 1332 5268 5251 1
t 1335 5261 5268 1
t 5251 5268 5261 1
t 1334 5267 5266 1
t 1335 5268 5267 1
t 1332 5266 5268 1
t 5267 5268 5266 1
t 28 4971 5147 1
t 1261 5269 4971 1
t 1306 5147 5269 1
t 4971 5269 5147 1
t 327 5270 4975 1
t 1337 5271 5270 1
t 1261 4975 5271 1
t 5270 5271 4975 1
t 338 5152 5273 1
t 1306 5272 5152 1
t 1337 5273 5272 1
t 5152 5272 5273 1
t 1261 5271 5269 1
t 1337 5272 5271 1
t 1306 5269 5272 1
t 5271 5272 5269 1
t 87 5274 4987 1
t 1338 5275 5274 1
t 1265 4987 5275 1
t 5274 5275 4987 1
t 346 5276 5278 1
t 1339 5277 5276 1
t 1338 5278 5277 1
t 5276 5277 5278 1
t 327 4992 5280 1
t 1265 5279 4992 1
t 1339 5280 5279 1
t 4992 5279 5280 1
t 1338 5277 5275 1
t 1339 5279 5277 1
t 1265 5275 5279 1
t 5277 5279 5275 1
t 92 5158 5282 1
t 1311 5281 5158 1
t 1341 5282 5281 1
t 5158 5281 5282 1
t 338 5283 5162 1
t 1340 5284 5283 1
t 1311 5162 5284 1
t 5283 5284 5162 1
t 346 5285 5287 1
t 1341 5286 5285 1
t 1340 5287 5286 1
t 5285 5286 5287 1
t 1311 5284 5281 1
t 1340 5286 5284 1
t 1341 5281 5286 1
t 5284 5286 5281 1
t 327 5280 5270 1
t 1339 5288 5280 1
t 1337 5270 5288 1
t 5280 5288 5270 1
t 346 5287 5276 1
t 1340 5289 5287 1
t 1339 5276 5289 1
t 5287 5289 5276 1
t 338 5273 5283 1
t 1337 5290 5273 1
t 1340 5283 5290 1
t 5273 5290 5283 1
t 1339 5289 5288 1
t 1340 5290 5289 1
t 1337 5288 5290 1
t 5289 5290 5288 1
t 90 5260 5230 2
t 1336 5291 5260 1
t 1328 5230 5291 1
t 5260 5291 5230 1
t 345 5292 5263 1
t 1342 5293 5292 1
t 1336 5263 5293 1
t 5292 5293 5263 1
t 344 5234 5295 1
t 1328 5294 5234 1
t 1342 5295 5294 1
t 5234 5294 5295 1
t 1336 5293 5291 1
t 1342 5294 5293 1
t 1328 5291 5294 1
t 5293 5294 5291 1
t 92 5282 5252 1
t 1341 5296 5282 1
t 1333 5252 5296 1
t 5282 5296 5252 1
t 346 5297 5285 1
t 1343 5298 5297 1
t 1341 5285 5298 1
t 5297 5298 5285 1
t 345 5256 5300 1
t 1333 5299 5256 1
t 1343 5300 5299 1
t 5256 5299 5300 1
t 1341 5298 5296 1
t 1343 5299 5298 1
t 1333 5296 5299 1
t 5298 5299 5296 1
t 87 5238 5274 1
t 1331 5301 5238 1
t 1338 5274 5301 1
t 5238 5301 5274 1
t 344 5302 5241 1
t 1344 5303 5302 1
t 1331 5241 5303 1
t 5302 5303 5241 1
t 346 5278 5305 1
t 1338 5304 5278 1
t 1344 5305 5304 1
t 5278 5304 5305 1
t 1331 5303 5301 1
t 1344 5304 5303 1
t 1338 5301 5304 1
t 5303 5304 5301 1
t 345 5300 5292 1
t 1343 5306 5300 1
t 1342 5292 5306 1
t 5300 5306 5292 1
t 346 5305 5297 1
t 1344 5307 5305 1
t 1343 5297 5307 1
t 5305 5307 5297 1
t 344 5295 5302 1
t 1342 5308 5295 1
t 1344 5302 5308 1
t 5295 5308 5302 1
t 1343 5307 5306 1
t 1344 5308 5307 1
t 1342 5306 5308 1
t 5307 5308 5306 1
t 14 4342 5310 2
t 1102 5309 4342 2
t 1346 5310 5309 2
t 4342 5309 5310 2
t 286 5311 4345 2
t 1345 5312 5311 2
t 1102 4345 5312 2
t 5311 5312 4345 2
t 348 5313 5315 2
t 1346 5314 5313 2
t 1345 5315 5314 2
t 5313 5314 5315 2
t 1102 5312 5309 2
t 1345 5314 5312 2
t 1346 5309 5314 2
t 5312 5314 5309 2
t 79 5316 4355 2
t 1347 5317 5316 2
t 1105 4355 5317 2
t 5316 5317 4355 2
t 347 5318 5320 2
t 1348 5319 5318 2
t 1347 5320 5319 2
t 5318 5319 5320 2
t 286 4360 5322 2
t 1105 5321 4360 2
t 1348 5322 5321 2
t 4360 5321 5322 2
t 1347 5319 5317 2
t 1348 5321 5319 2
t 1105 5317 5321 2
t 5319 5321 5317 2
t 95 5323 5325 2
t 1349 5324 5323 2
t 1351 5325 5324 2
t 5323 5324 5325 2
t 348 5326 5328 2
t 1350 5327 5326 2
t 1349 5328 5327 2
t 5326 5327 5328 2
t 347 5329 5331 2
t 1351 5330 5329 2
t 1350 5331 5330 2
t 5329 5330 5331 2
t 1349 5327 5324 2
t 1350 5330 5327 2
t 1351 5324 5330 2
t 5327 5330 5324 2
t 286 5322 5311 2
t 1348 5332 5322 2
t 1345 5311 5332 2
t 5322 5332 5311 2
t 347 5331 5318 2
t 1350 5333 5331 2
t 1348 5318 5333 2
t 5331 5333 5318 2
t 348 5315 5326 2
t 1345 5334 5315 2
t 1350 5326 5334 2
t 5315 5334 5326 2
t 1348 5333 5332 2
t 1350 5334 5333 2
t 1345 5332 5334 2
t 5333 5334 5332 2
t 24 5335 4393 2
t 1352 5336 5335 2
t 1115 4393 5336 2
t 5335 5336 4393 2
t 349 5337 5339 2
t 1353 5338 5337 2
t 1352 5339 5338 2
t 5337 5338 5339 2
t 289 4398 5341 2
t 1115 5340 4398 2
t 1353 5341 5340 2
t 4398 5340 5341 2
t 1352 5338 5336 2
t 1353 5340 5338 2
t 1115 5336 5340 2
t 5338 5340 5336 2
t 94 5342 5344 2
t 1354 5343 5342 2
t 1356 5344 5343 2
t 5342 5343 5344 2
t 350 5345 5347 2
t 1355 5346 5345 2
t 1354 5347 5346 2
t 5345 5346 5347 2
t 349 5348 5350 2
t 1356 5349 5348 2
t 1355 5350 5349 2
t 5348 5349 5350 2
t 1354 5346 5343 2
t 1355 5349 5346 2
t 1356 5343 5349 2
t 5346 5349 5343 2
t 79 4404 5352 2
t 1120 5351 4404 2
t 1358 5352 5351 2
t 4404 5351 5352 2
t 289 5353 4408 2
t 1357 5354 5353 2
t 1120 4408 5354 2
t 5353 5354 4408 2
t 350 5355 5357 2
t 1358 5356 5355 2
t 1357 5357 5356 2
t 5355 5356 5357 2
t 1120 5354 5351 2
t 1357 5356 5354 2
t 1358 5351 5356 2
t 5354 5356 5351 2
t 349 5350 5337 2
t 1355 5358 5350 2
t 1353 5337 5358 2
t 5350 5358 5337 2
t 350 5357 5345 2
t 1357 5359 5357 2
t 1355 5345 5359 2
t 5357 5359 5345 2
t 289 5341 5353 2
t 1353 5360 5341 2
t 1357 5353 5360 2
t 5341 5360 5353 2
t 1355 5359 5358 2
t 1357 5360 5359 2
t 1353 5358 5360 2
t 5359 5360 5358 2
t 30 5361 5363 2
t 1359 5362 5361 2
t 1361 5363 5362 2
t 5361 5362 5363 2
t 351 5364 5366 2
t 1360 5365 5364 2
t 1359 5366 5365 2
t 5364 5365 5366 2
t 353 5367 5369 2
t 1361 5368 5367 2
t 1360 5369 5368 2
t 5367 5368 5369 2
t 1359 5365 5362 2
t 1360 5368 5365 2
t 1361 5362 5368 2
t 5365 5368 5362 2
t 95 5370 5372 2
t 1362 5371 5370 2
t 1364 5372 5371 2
t 5370 5371 5372 2
t 352 5373 5375 2
t 1363 5374 5373 2
t 1362 5375 5374 2
t 5373 5374 5375 2
t 351 5376 5378 2
t 1364 5377 5376 2
t 1363 5378 5377 2
t 5376 5377 5378 2
t 1362 5374 5371 2
t 1363 5377 5374 2
t 1364 5371 5377 2
t 5374 5377 5371 2
t 94 5379 5381 2
t 1365 5380 5379 2
t 1367 5381 5380 2
t 5379 5380 5381 2
t 353 5382 5384 2
t 1366 5383 5382 2
t 1365 5384 5383 2
t 5382 5383 5384 2
t 352 5385 5387 2
t 1367 5386 5385 2
t 1366 5387 5386 2
t 5385 5386 5387 2
t 1365 5383 5380 2
t 1366 5386 5383 2
t 1367 5380 5386 2
t 5383 5386 5380 2
t 351 5378 5364 2
t 1363 5388 5378 2
t 1360 5364 5388 2
t 5378 5388 5364 2
t 352 5387 5373 2
t 1366 5389 5387 2
t 1363 5373 5389 2
t 5387 5389 5373 2
t 353 5369 5382 2
t 1360 5390 5369 2
t 1366 5382 5390 2
t 5369 5390 5382 2
t 1363 5389 5388 2
t 1366 5390 5389 2
t 1360 5388 5390 2
t 5389 5390 5388 2
t 79 5352 5316 2
t 1358 5391 5352 2
t 1347 5316 5391 2
t 5352 5391 5316 2
t 350 5392 5355 2
t 1368 5393 5392 2
t 1358 5355 5393 2
t 5392 5393 5355 2
t 347 5320 5395 2
t 1347 5394 5320 2
t 1368 5395 5394 2
t 5320 5394 5395 2
t 1358 5393 5391 2
t 1368 5394 5393 2
t 1347 5391 5394 2
t 5393 5394 5391 2
t 94 5381 5342 2
t 1367 5396 5381 2
t 1354 5342 5396 2
t 5381 5396 5342 2
t 352 5397 5385 2
t 1369 5398 5397 2
t 1367 5385 5398 2
t 5397 5398 5385 2
t 350 5347 5400 2
t 1354 5399 5347 2
t 1369 5400 5399 2
t 5347 5399 5400 2
t 1367 5398 5396 2
t 1369 5399 5398 2
t 1354 5396 5399 2
t 5398 5399 5396 2
t 95 5325 5370 2
t 1351 5401 5325 2
t 1362 5370 5401 2
t 5325 5401 5370 2
t 347 5402 5329 2
t 1370 5403 5402 2
t 1351 5329 5403 2
t 5402 5403 5329 2
t 352 5375 5405 2
t 1362 5404 5375 2
t 1370 5405 5404 2
t 5375 5404 5405 2
t 1351 5403 5401 2
t 1370 5404 5403 2
t 1362 5401 5404 2
t 5403 5404 5401 2
t 350 5400 5392 2
t 1369 5406 5400 2
t 1368 5392 5406 2
t 5400 5406 5392 2
t 352 5405 5397 2
t 1370 5407 5405 2
t 1369 5397 5407 2
t 5405 5407 5397 2
t 347 5395 5402 2
t 1368 5408 5395 2
t 1370 5402 5408 2
t 5395 5408 5402 2
t 1369 5407 5406 2
t 1370 5408 5407 2
t 1368 5406 5408 2
t 5407 5408 5406 2
t 13 5409 4241 0
t 1371 5410 5409 0
t 1075 4241 5410 0
t 5409 5410 4241 0
t 354 5411 5413 0
t 1372 5412 5411 0
t 1371 5413 5412 0
t 5411 5412 5413 0
t 278 4245 5415 0
t 1075 5414 4245 0
t 1372 5415 5414 0
t 4245 5414 5415 0
t 1371 5412 5410 0
t 1372 5414 5412 0
t 1075 5410 5414 0
t 5412 5414 5410 0
t 96 5416 5418 0
t 1373 5417 5416 0
t 1375 5418 5417 0
t 5416 5417 5418 0
t 355 5419 5421 0
t 1374 5420 5419 0
t 1373 5421 5420 0
t 5419 5420 5421 0
t 354 5422 5424 0
t 1375 5423 5422 0
t 1374 5424 5423 0
t 5422 5423 5424 0
t 1373 5420 5417 0
t 1374 5423 5420 0
t 1375 5417 5423 0
t 5420 5423 5417 0
t 76 4250 5426 2
t 1079 5425 4250 0
t 1377 5426 5425 2
t 4250 5425 5426 2
t 278 5427 4254 0
t 1376 5428 5427 0
t 1079 4254 5428 0
t 5427 5428 4254 0
t 355 5429 5431 0
t 1377 5430 5429 0
t 1376 5431 5430 0
t 5429 5430 5431 0
t 1079 5428 5425 0
t 1376 5430 5428 0
t 1377 5425 5430 0
t 5428 5430 5425 0
t 354 5424 5411 0
t 1374 5432 5424 0
t 1372 5411 5432 0
t 5424 5432 5411 0
t 355 5431 5419 0
t 1376 5433 5431 0
t 1374 5419 5433 0
t 5431 5433 5419 0
t 278 5415 5427 0
t 1372 5434 5415 0
t 1376 5427 5434 0
t 5415 5434 5427 0
t 1374 5433 5432 0
t 1376 5434 5433 0
t 1372 5432 5434 0
t 5433 5434 5432 0
t 29 5435 5437 2
t 1378 5436 5435 2
t 1380 5437 5436 2
t 5435 5436 5437 2
t 356 5438 5440 2
t 1379 5439 5438 2
t 1378 5440 5439 2
t 5438 5439 5440 2
t 358 5441 5443 2
t 1380 5442 5441 2
t 1379 5443 5442 2
t 5441 5442 5443 2
t 1378 5439 5436 2
t 1379 5442 5439 2
t 1380 5436 5442 2
t 5439 5442 5436 2
t 97 5444 5446 2
t 1381 5445 5444 2
t 1383 5446 5445 2
t 5444 5445 5446 2
t 357 5447 5449 2
t 1382 5448 5447 2
t 1381 5449 5448 2
t 5447 5448 5449 2
t 356 5450 5452 2
t 1383 5451 5450 2
t 1382 5452 5451 2
t 5450 5451 5452 2
t 1381 5448 5445 2
t 1382 5451 5448 2
t 1383 5445 5451 2
t 5448 5451 5445 2
t 96 5453 5455 2
t 1384 5454 5453 2
t 1386 5455 5454 2
t 5453 5454 5455 2
t 358 5456 5458 2
t 1385 5457 5456 2
t 1384 5458 5457 2
t 5456 5457 5458 2
t 357 5459 5461 2
t 1386 5460 5459 2
t 1385 5461 5460 2
t 5459 5460 5461 2
t 1384 5457 5454 2
t 1385 5460 5457 2
t 1386 5454 5460 2
t 5457 5460 5454 2
t 356 5452 5438 2
t 1382 5462 5452 2
t 1379 5438 5462 2
t 5452 5462 5438 2
t 357 5461 5447 2
t 1385 5463 5461 2
t 1382 5447 5463 2
t 5461 5463 5447 2
t 358 5443 5456 2
t 1379 5464 5443 2
t 1385 5456 5464 2
t 5443 5464 5456 2
t 1382 5463 5462 2
t 1385 5464 5463 2
t 1379 5462 5464 2
t 5463 5464 5462 2
t 24 4269 5466 2
t 1084 5465 4269 2
t 1388 5466 5465 2
t 4269 5465 5466 2
t 282 5467 4273 2
t 1387 5468 5467 2
t 1084 4273 5468 2
t 5467 5468 4273 2
t 360 5469 5471 2
t 1388 5470 5469 2
t 1387 5471 5470 2
t 5469 5470 5471 2
t 1084 5468 5465 2
t 1387 5470 5468 2
t 1388 5465 5470 2
t 5468 5470 5465 2
t 76 5472 4285 2
t 1389 5473 5472 2
t 1088 4285 5473 2
t 5472 5473 4285 2
t 359 5474 5476 2
t 1390 5475 5474 2
t 1389 5476 5475 2
t 5474 5475 5476 2
t 282 4290 5478 2
t 1088 5477 4290 2
t 1390 5478 5477 2
t 4290 5477 5478 2
t 1389 5475 5473 2
t 1390 5477 5475 2
t 1088 5473 5477 2
t 5475 5477 5473 2
t 97 5479 5481 2
t 1391 5480 5479 2
t 1393 5481 5480 2
t 5479 5480 5481 2
t 360 5482 5484 2
t 1392 5483 5482 2
t 1391 5484 5483 2
t 5482 5483 5484 2
t 359 5485 5487 2
t 1393 5486 5485 2
t 1392 5487 5486 2
t 5485 5486 5487 2
t 1391 5483 5480 2
t 1392 5486 5483 2
t 1393 5480 5486 2
t 5483 5486 5480 2
t 282 5478 5467 2
t 1390 5488 5478 2
t 1387 5467 5488 2
t 5478 5488 5467 2
t 359 5487 5474 2
t 1392 5489 5487 2
t 1390 5474 5489 2
t 5487 5489 5474 2
t 360 5471 5482 2
t 1387 5490 5471 2
t 1392 5482 5490 2
t 5471 5490 5482 2
t 1390 5489 5488 2
t 1392 5490 5489 2
t 1387 5488 5490 2
t 5489 5490 5488 2
t 96 5455 5416 2
t 1386 5491 5455 2
t 1373 5416 5491 2
t 5455 5491 5416 2
t 357 5492 5459 2
t 1394 5493 5492 2
t 1386 5459 5493 2
t 5492 5493 5459 2
t 355 5421 5495 2
t 1373 5494 5421 2
t 1394 5495 5494 2
t 5421 5494 5495 2
t 1386 5493 5491 2
t 1394 5494 5493 2
t 1373 5491 5494 2
t 5493 5494 5491 2
t 97 5481 5444 2
t 1393 5496 5481 2
t 1381 5444 5496 2
t 5481 5496 5444 2
t 359 5497 5485 2
t 1395 5498 5497 2
t 1393 5485 5498 2
t 5497 5498 5485 2
t 357 5449 5500 2
t 1381 5499 5449 2
t 1395 5500 5499 2
t 5449 5499 5500 2
t 1393 5498 5496 2
t 1395 5499 5498 2
t 1381 5496 5499 2
t 5498 5499 5496 2
t 76 5426 5472 2
t 1377 5501 5426 2
t 1389 5472 5501 2
t 5426 5501 5472 2
t 355 5502 5429 2
t 1396 5503 5502 2
t 1377 5429 5503 2
t 5502 5503 5429 2
t 359 5476 5505 2
t 1389 5504 5476 2
t 1396 5505 5504 2
t 5476 5504 5505 2
t 1377 5503 5501 2
t 1396 5504 5503 2
t 1389 5501 5504 2
t 5503 5504 5501 2
t 357 5500 5492 2
t 1395 5506 5500 2
t 1394 5492 5506 2
t 5500 5506 5492 2
t 359 5505 5497 2
t 1396 5507 5505 2
t 1395 5497 5507 2
t 5505 5507 5497 2
t 355 5495 5502 2
t 1394 5508 5495 2
t 1396 5502 5508 2
t 5495 5508 5502 2
t 1395 5507 5506 2
t 1396 5508 5507 2
t 1394 5506 5508 2
t 5507 5508 5506 2
t 5 5509 5511 2
t 1397 5510 5509 2
t 1399 5511 5510 2
t 5509 5510 5511 2
t 361 5512 5514 2
t 1398 5513 5512 2
t 1397 5514 5513 2
t 5512 5513 5514 2
t 363 5515 5517 2
t 1399 5516 5515 2
t 1398 5517 5516 2
t 5515 5516 5517 2
t 1397 5513 5510 2
t 1398 5516 5513 2
t 1399 5510 5516 2
t 5513 5516 5510 2
t 98 5518 5520 2
t 1400 5519 5518 2
t 1402 5520 5519 2
t 5518 5519 5520 2
t 362 5521 5523 2
t 1401 5522 5521 2
t 1400 5523 5522 2
t 5521 5522 5523 2
t 361 5524 5526 2
t 1402 5525 5524 2
t 1401 5526 5525 2
t 5524 5525 5526 2
t 1400 5522 5519 2
t 1401 5525 5522 2
t 1402 5519 5525 2
t 5522 5525 5519 2
t 100 5527 5529 2
t 1403 5528 5527 2
t 1405 5529 5528 2
t 5527 5528 5529 2
t 363 5530 5532 2
t 1404 5531 5530 2
t 1403 5532 5531 2
t 5530 5531 5532 2
t 362 5533 5535 2
t 1405 5534 5533 2
t 1404 5535 5534 2
t 5533 5534 5535 2
t 1403 5531 5528 2
t 1404 5534 5531 2
t 1405 5528 5534 2
t 5531 5534 5528 2
t 361 5526 5512 2
t 1401 5536 5526 2
t 1398 5512 5536 2
t 5526 5536 5512 2
t 362 5535 5521 2
t 1404 5537 5535 2
t 1401 5521 5537 2
t 5535 5537 5521 2
t 363 5517 5530 2
t 1398 5538 5517 2
t 1404 5530 5538 2
t 5517 5538 5530 2
t 1401 5537 5536 2
t 1404 5538 5537 2
t 1398 5536 5538 2
t 5537 5538 5536 2
t 30 5539 5541 2
t 1406 5540 5539 2
t 1408 5541 5540 2
t 5539 5540 5541 2
t 364 5542 5544 2
t 1407 5543 5542 2
t 1406 5544 5543 2
t 5542 5543 5544 2
t 366 5545 5547 2
t 1408 5546 5545 2
t 1407 5547 5546 2
t 5545 5546 5547 2
t 1406 5543 5540 2
t 1407 5546 5543 2
t 1408 5540 5546 2
t 5543 5546 5540 2
t 99 5548 5550 2
t 1409 5549 5548 2
t 1411 5550 5549 2
t 5548 5549 5550 2
t 365 5551 5553 2
t 1410 5552 5551 2
t 1409 5553 5552 2
t 5551 5552 5553 2
t 364 5554 5556 2
t 1411 5555 5554 2
t 1410 5556 5555 2
t 5554 5555 5556 2
t 1409 5552 5549 2
t 1410 5555 5552 2
t 1411 5549 5555 2
t 5552 5555 5549 2
t 98 5557 5559 2
t 1412 5558 5557 2
t 1414 5559 5558 2
t 5557 5558 5559 2
t 366 5560 5562 2
t 1413 5561 5560 2
t 1412 5562 5561 2
t 5560 5561 5562 2
t 365 5563 5565 2
t 1414 5564 5563 2
t 1413 5565 5564 2
t 5563 5564 5565 2
t 1412 5561 5558 2
t 1413 5564 5561 2
t 1414 5558 5564 2
t 5561 5564 5558 2
t 364 5556 5542 2
t 1410 5566 5556 2
t 1407 5542 5566 2
t 5556 5566 5542 2
t 365 5565 5551 2
t 1413 5567 5565 2
t 1410 5551 5567 2
t 5565 5567 5551 2
t 366 5547 5560 2
t 1407 5568 5547 2
t 1413 5560 5568 2
t 5547 5568 5560 2
t 1410 5567 5566 2
t 1413 5568 5567 2
t 1407 5566 5568 2
t 5567 5568 5566 2
t 29 5569 5571 2
t 1415 5570 5569 2
t 1417 5571 5570 2
t 5569 5570 5571 2
t 367 5572 5574 2
t 1416 5573 5572 2
t 1415 5574 5573 2
t 5572 5573 5574 2
t 369 5575 5577 2
t 1417 5576 5575 2
t 1416 5577 5576 2
t 5575 5576 5577 2
t 1415 5573 5570 2
t 1416 5576 5573 2
t 1417 5570 5576 2
t 5573 5576 5570 2
t 100 5578 5580 2
t 1418 5579 5578 2
t 1420 5580 5579 2
t 5578 5579 5580 2
t 368 5581 5583 2
t 1419 5582 5581 2
t 1418 5583 5582 2
t 5581 5582 5583 2
t 367 5584 5586 2
t 1420 5585 5584 2
t 1419 5586 5585 2
t 5584 5585 5586 2
t 1418 5582 5579 2
t 1419 5585 5582 2
t 1420 5579 5585 2
t 5582 5585 5579 2
t 99 5587 5589 2
t 1421 5588 5587 2
t 1423 5589 5588 2
t 5587 5588 5589 2
t 369 5590 5592 2
t 1422 5591 5590 2
t 1421 5592 5591 2
t 5590 5591 5592 2
t 368 5593 5595 2
t 1423 5594 5593 2
t 1422 5595 5594 2
t 5593 5594 5595 2
t 1421 5591 5588 2
t 1422 5594 5591 2
t 1423 5588 5594 2
t 5591 5594 5588 2
t 367 5586 5572 2
t 1419 5596 5586 2
t 1416 5572 5596 2
t 5586 5596 5572 2
t 368 5595 5581 2
t 1422 5597 5595 2
t 1419 5581 5597 2
t 5595 5597 5581 2
t 369 5577 5590 2
t 1416 5598 5577 2
t 1422 5590 5598 2
t 5577 5598 5590 2
t 1419 5597 5596 2
t 1422 5598 5597 2
t 1416 5596 5598 2
t 5597 5598 5596 2
t 98 5559 5518 2
t 1414 5599 5559 2
t 1400 5518 5599 2
t 5559 5599 5518 2
t 365 5600 5563 2
t 1424 5601 5600 2
t 1414 5563 5601 2
t 5600 5601 5563 2
t 362 5523 5603 2
t 1400 5602 5523 2
t 1424 5603 5602 2
t 5523 5602 5603 2
t 1414 5601 5599 2
t 1424 5602 5601 2
t 1400 5599 5602 2
t 5601 5602 5599 2
t 99 5589 5548 2
t 1423 5604 5589 2
t 1409 5548 5604 2
t 5589 5604 5548 2
t 368 5605 5593 2
t 1425 5606 5605 2
t 1423 5593 5606 2
t 5605 5606 5593 2
t 365 5553 5608 2
t 1409 5607 5553 2
t 1425 5608 5607 2
t 5553 5607 5608 2
t 1423 5606 5604 2
t 1425 5607 5606 2
t 1409 5604 5607 2
t 5606 5607 5604 2
t 100 5529 5578 2
t 1405 5609 5529 2
t 1418 5578 5609 2
t 5529 5609 5578 2
t 362 5610 5533 2
t 1426 5611 5610 2
t 1405 5533 5611 2
t 5610 5611 5533 2
t 368 5583 5613 2
t 1418 5612 5583 2
t 1426 5613 5612 2
t 5583 5612 5613 2
t 1405 5611 5609 2
t 1426 5612 5611 2
t 1418 5609 5612 2
t 5611 5612 5609 2
t 365 5608 5600 2
t 1425 5614 5608 2
t 1424 5600 5614 2
t 5608 5614 5600 2
t 368 5613 5605 2
t 1426 5615 5613 2
t 1425 5605 5615 2
t 5613 5615 5605 2
t 362 5603 5610 2
t 1424 5616 5603 2
t 1426 5610 5616 2
t 5603 5616 5610 2
t 1425 5615 5614 2
t 1426 5616 5615 2
t 1424 5614 5616 2
t 5615 5616 5614 2
t 24 5466 5335 2
t 1388 5617 5466 2
t 1352 5335 5617 2
t 5466 5617 5335 2
t 360 5618 5469 2
t 1427 5619 5618 2
t 1388 5469 5619 2
t 5618 5619 5469 2
t 349 5339 5621 2
t 1352 5620 5339 2
t 1427 5621 5620 2
t 5339 5620 5621 2
t 1388 5619 5617 2
t 1427 5620 5619 2
t 1352 5617 5620 2
t 5619 5620 5617 2
t 97 5622 5479 2
t 1428 5623 5622 2
t 1391 5479 5623 2
t 5622 5623 5479 2
t 370 5624 5626 2
t 1429 5625 5624 2
t 1428 5626 5625 2
t 5624 5625 5626 2
t 360 5484 5628 2
t 1391 5627 5484 2
t 1429 5628 5627 2
t 5484 5627 5628 2
t 1428 5625 5623 2
t 1429 5627 5625 2
t 1391 5623 5627 2
t 5625 5627 5623 2
t 94 5344 5630 2
t 1356 5629 5344 2
t 1431 5630 5629 2
t 5344 5629 5630 2
t 349 5631 5348 2
t 1430 5632 5631 2
t 1356 5348 5632 2
t 5631 5632 5348 2
t 370 5633 5635 2
t 1431 5634 5633 2
t 1430 5635 5634 2
t 5633 5634 5635 2
t 1356 5632 5629 2
t 1430 5634 5632 2
t 1431 5629 5634 2
t 5632 5634 5629 2
t 360 5628 5618 2
t 1429 5636 5628 2
t 1427 5618 5636 2
t 5628 5636 5618 2
t 370 5635 5624 2
t 1430 5637 5635 2
t 1429 5624 5637 2
t 5635 5637 5624 2
t 349 5621 5631 2
t 1427 5638 5621 2
t 1430 5631 5638 2
t 5621 5638 5631 2
t 1429 5637 5636 2
t 1430 5638 5637 2
t 1427 5636 5638 2
t 5637 5638 5636 2
t 29 5571 5435 2
t 1417 5639 5571 2
t 1378 5435 5639 2
t 5571 5639 5435 2
t 369 5640 5575 2
t 1432 5641 5640 2
t 1417 5575 5641 2
t 5640 5641 5575 2
t 356 5440 5643 2
t 1378 5642 5440 2
t 1432 5643 5642 2
t 5440 5642 5643 2
t 1417 5641 5639 2
t 1432 5642 5641 2
t 1378 5639 5642 2
t 5641 5642 5639 2
t 99 5644 5587 2
t 1433 5645 5644 2
t 1421 5587 5645 2
t 5644 5645 5587 2
t 371 5646 5648 2
t 1434 5647 5646 2
t 1433 5648 5647 2
t 5646 5647 5648 2
t 369 5592 5650 2
t 1421 5649 5592 2
t 1434 5650 5649 2
t 5592 5649 5650 2
t 1433 5647 5645 2
t 1434 5649 5647 2
t 1421 5645 5649 2
t 5647 5649 5645 2
t 97 5446 5652 2
t 1383 5651 5446 2
t 1436 5652 5651 2
t 5446 5651 5652 2
t 356 5653 5450 2
t 1435 5654 5653 2
t 1383 5450 5654 2
t 5653 5654 5450 2
t 371 5655 5657 2
t 1436 5656 5655 2
t 1435 5657 5656 2
t 5655 5656 5657 2
t 1383 5654 5651 2
t 1435 5656 5654 2
t 1436 5651 5656 2
t 5654 5656 5651 2
t 369 5650 5640 2
t 1434 5658 5650 2
t 1432 5640 5658 2
t 5650 5658 5640 2
t 371 5657 5646 2
t 1435 5659 5657 2
t 1434 5646 5659 2
t 5657 5659 5646 2
t 356 5643 5653 2
t 1432 5660 5643 2
t 1435 5653 5660 2
t 5643 5660 5653 2
t 1434 5659 5658 2
t 1435 5660 5659 2
t 1432 5658 5660 2
t 5659 5660 5658 2
t 30 5363 5539 2
t 1361 5661 5363 2
t 1406 5539 5661 2
t 5363 5661 5539 2
t 353 5662 5367 2
t 1437 5663 5662 2
t 1361 5367 5663 2
t 5662 5663 5367 2
t 364 5544 5665 2
t 1406 5664 5544 2
t 1437 5665 5664 2
t 5544 5664 5665 2
t 1361 5663 5661 2
t 1437 5664 5663 2
t 1406 5661 5664 2
t 5663 5664 5661 2
t 94 5666 5379 2
t 1438 5667 5666 2
t 1365 5379 5667 2
t 5666 5667 5379 2
t 372 5668 5670 2
t 1439 5669 5668 2
t 1438 5670 5669 2
t 5668 5669 5670 2
t 353 5384 5672 2
t 1365 5671 5384 2
t 1439 5672 5671 2
t 5384 5671 5672 2
t 1438 5669 5667 2
t 1439 5671 5669 2
t 1365 5667 5671 2
t 5669 5671 5667 2
t 99 5550 5674 2
t 1411 5673 5550 2
t 1441 5674 5673 2
t 5550 5673 5674 2
t 364 5675 5554 2
t 1440 5676 5675 2
t 1411 5554 5676 2
t 5675 5676 5554 2
t 372 5677 5679 2
t 1441 5678 5677 2
t 1440 5679 5678 2
t 5677 5678 5679 2
t 1411 5676 5673 2
t 1440 5678 5676 2
t 1441 5673 5678 2
t 5676 5678 5673 2
t 353 5672 5662 2
t 1439 5680 5672 2
t 1437 5662 5680 2
t 5672 5680 5662 2
t 372 5679 5668 2
t 1440 5681 5679 2
t 1439 5668 5681 2
t 5679 5681 5668 2
t 364 5665 5675 2
t 1437 5682 5665 2
t 1440 5675 5682 2
t 5665 5682 5675 2
t 1439 5681 5680 2
t 1440 5682 5681 2
t 1437 5680 5682 2
t 5681 5682 5680 2
t 97 5652 5622 2
t 1436 5683 5652 2
t 1428 5622 5683 2
t 5652 5683 5622 2
t 371 5684 5655 2
t 1442 5685 5684 2
t 1436 5655 5685 2
t 5684 5685 5655 2
t 370 5626 5687 2
t 1428 5686 5626 2
t 1442 5687 5686 2
t 5626 5686 5687 2
t 1436 5685 5683 2
t 1442 5686 5685 2
t 1428 5683 5686 2
t 5685 5686 5683 2
t 99 5674 5644 2
t 1441 5688 5674 2
t 1433 5644 5688 2
t 5674 5688 5644 2
t 372 5689 5677 2
t 1443 5690 5689 2
t 1441 5677 5690 2
t 5689 5690 5677 2
t 371 5648 5692 2
t 1433 5691 5648 2
t 1443 5692 5691 2
t 5648 5691 5692 2
t 1441 5690 5688 2
t 1443 5691 5690 2
t 1433 5688 5691 2
t 5690 5691 5688 2
t 94 5630 5666 2
t 1431 5693 5630 2
t 1438 5666 5693 2
t 5630 5693 5666 2
t 370 5694 5633 2
t 1444 5695 5694 2
t 1431 5633 5695 2
t 5694 5695 5633 2
t 372 5670 5697 2
t 1438 5696 5670 2
t 1444 5697 5696 2
t 5670 5696 5697 2
t 1431 5695 5693 2
t 1444 5696 5695 2
t 1438 5693 5696 2
t 5695 5696 5693 2
t 371 5692 5684 2
t 1443 5698 5692 2
t 1442 5684 5698 2
t 5692 5698 5684 2
t 372 5697 5689 2
t 1444 5699 5697 2
t 1443 5689 5699 2
t 5697 5699 5689 2
t 370 5687 5694 2
t 1442 5700 5687 2
t 1444 5694 5700 2
t 5687 5700 5694 2
t 1443 5699 5698 2
t 1444 5700 5699 2
t 1442 5698 5700 2
t 5699 5700 5698 2
t 13 3959 5702 0
t 1007 5701 3959 0
t 1446 5702 5701 0
t 3959 5701 5702 0
t 263 5703 3963 0
t 1445 5704 5703 0
t 1007 3963 5704 0
t 5703 5704 3963 0
t 374 5705 5707 0
t 1446 5706 5705 0
t 1445 5707 5706 0
t 5705 5706 5707 0
t 1007 5704 5701 0
t 1445 5706 5704 0
t 1446 5701 5706 0
t 5704 5706 5701 0
t 74 5708 3975 0
t 1447 5709 5708 0
t 1011 3975 5709 0
t 5708 5709 3975 0
t 373 5710 5712 0
t 1448 5711 5710 0
t 1447 5712 5711 0
t 5710 5711 5712 0
t 263 3980 5714 0
t 1011 5713 3980 0
t 1448 5714 5713 0
t 3980 5713 5714 0
t 1447 5711 5709 0
t 1448 5713 5711 0
t 1011 5709 5713 0
t 5711 5713 5709 0
t 102 5715 5717 0
t 1449 5716 5715 0
t 1451 5717 5716 0
t 5715 5716 5717 0
t 374 5718 5720 0
t 1450 5719 5718 0
t 1449 5720 5719 0
t 5718 5719 5720 0
t 373 5721 5723 0
t 1451 5722 5721 0
t 1450 5723 5722 0
t 5721 5722 5723 0
t 1449 5719 5716 0
t 1450 5722 5719 0
t 1451 5716 5722 0
t 5719 5722 5716 0
t 263 5714 5703 0
t 1448 5724 5714 0
t 1445 5703 5724 0
t 5714 5724 5703 0
t 373 5723 5710 0
t 1450 5725 5723 0
t 1448 5710 5725 0
t 5723 5725 5710 0
t 374 5707 5718 0
t 1445 5726 5707 0
t 1450 5718 5726 0
t 5707 5726 5718 0
t 1448 5725 5724 0
t 1450 5726 5725 0
t 1445 5724 5726 0
t 5725 5726 5724 0
t 22 5727 4017 0
t 1452 5728 5727 0
t 1023 4017 5728 0
t 5727 5728 4017 0
t 375 5729 5731 0
t 1453 5730 5729 0
t 1452 5731 5730 0
t 5729 5730 5731 0
t 267 4022 5733 0
t 1023 5732 4022 0
t 1453 5733 5732 0
t 4022 5732 5733 0
t 1452 5730 5728 0
t 1453 5732 5730 0
t 1023 5728 5732 0
t 5730 5732 5728 0
t 101 5734 5736 0
t 1454 5735 5734 0
t 1456 5736 5735 0
t 5734 5735 5736 0
t 376 5737 5739 0
t 1455 5738 5737 0
t 1454 5739 5738 0
t 5737 5738 5739 0
t 375 5740 5742 0
t 1456 5741 5740 0
t 1455 5742 5741 0
t 5740 5741 5742 0
t 1454 5738 5735 0
t 1455 5741 5738 0
t 1456 5735 5741 0
t 5738 5741 5735 0
t 74 4028 5744 0
t 1028 5743 4028 0
t 1458 5744 5743 0
t 4028 5743 5744 0
t 267 5745 4032 0
t 1457 5746 5745 0
t 1028 4032 5746 0
t 5745 5746 4032 0
t 376 5747 5749 0
t 1458 5748 5747 0
t 1457 5749 5748 0
t 5747 5748 5749 0
t 1028 5746 5743 0
t 1457 5748 5746 0
t 1458 5743 5748 0
t 5746 5748 5743 0
t 375 5742 5729 0
t 1455 5750 5742 0
t 1453 5729 5750 0
t 5742 5750 5729 0
t 376 5749 5737 0
t 1457 5751 5749 0
t 1455 5737 5751 0
t 5749 5751 5737 0
t 267 5733 5745 0
t 1453 5752 5733 0
t 1457 5745 5752 0
t 5733 5752 5745 0
t 1455 5751 5750 0
t 1457 5752 5751 0
t 1453 5750 5752 0
t 5751 5752 5750 0
t 32 5753 5755 2
t 1459 5754 5753 2
t 1461 5755 5754 2
t 5753 5754 5755 2
t 377 5756 5758 0
t 1460 5757 5756 0
t 1459 5758 5757 0
t 5756 5757 5758 0
t 379 5759 5761 0
t 1461 5760 5759 0
t 1460 5761 5760 0
t 5759 5760 5761 0
t 1459 5757 5754 0
t 1460 5760 5757 0
t 1461 5754 5760 0
t 5757 5760 5754 0
t 102 5762 5764 0
t 1462 5763 5762 0
t 1464 5764 5763 0
t 5762 5763 5764 0
t 378 5765 5767 0
t 1463 5766 5765 0
t 1462 5767 5766 0
t 5765 5766 5767 0
t 377 5768 5770 0
t 1464 5769 5768 0
t 1463 5770 5769 0
t 5768 5769 5770 0
t 1462 5766 5763 0
t 1463 5769 5766 0
t 1464 5763 5769 0
t 5766 5769 5763 0
t 101 5771 5773 0
t 1465 5772 5771 0
t 1467 5773 5772 0
t 5771 5772 5773 0
t 379 5774 5776 0
t 1466 5775 5774 0
t 1465 5776 5775 0
t 5774 5775 5776 0
t 378 5777 5779 0
t 1467 5778 5777 0
t 1466 5779 5778 0
t 5777 5778 5779 0
t 1465 5775 5772 0
t 1466 5778 5775 0
t 1467 5772 5778 0
t 5775 5778 5772 0
t 377 5770 5756 0
t 1463 5780 5770 0
t 1460 5756 5780 0
t 5770 5780 5756 0
t 378 5779 5765 0
t 1466 5781 5779 0
t 1463 5765 5781 0
t 5779 5781 5765 0
t 379 5761 5774 0
t 1460 5782 5761 0
t 1466 5774 5782 0
t 5761 5782 5774 0
t 1463 5781 5780 0
t 1466 5782 5781 0
t 1460 5780 5782 0
t 5781 5782 5780 0
t 74 5744 5708 0
t 1458 5783 5744 0
t 1447 5708 5783 0
t 5744 5783 5708 0
t 376 5784 5747 0
t 1468 5785 5784 0
t 1458 5747 5785 0
t 5784 5785 5747 0
t 373 5712 5787 0
t 1447 5786 5712 0
t 1468 5787 5786 0
t 5712 5786 5787 0
t 1458 5785 5783 0
t 1468 5786 5785 0
t 1447 5783 5786 0
t 5785 5786 5783 0
t 101 5773 5734 0
t 1467 5788 5773 0
t 1454 5734 5788 0
t 5773 5788 5734 0
t 378 5789 5777 0
t 1469 5790 5789 0
t 1467 5777 5790 0
t 5789 5790 5777 0
t 376 5739 5792 0
t 1454 5791 5739 0
t 1469 5792 5791 0
t 5739 5791 5792 0
t 1467 5790 5788 0
t 1469 5791 5790 0
t 1454 5788 5791 0
t 5790 5791 5788 0
t 102 5717 5762 0
t 1451 5793 5717 0
t 1462 5762 5793 0
t 5717 5793 5762 0
t 373 5794 5721 0
t 1470 5795 5794 0
t 1451 5721 5795 0
t 5794 5795 5721 0
t 378 5767 5797 0
t 1462 5796 5767 0
t 1470 5797 5796 0
t 5767 5796 5797 0
t 1451 5795 5793 0
t 1470 5796 5795 0
t 1462 5793 5796 0
t 5795 5796 5793 0
t 376 5792 5784 0
t 1469 5798 5792 0
t 1468 5784 5798 0
t 5792 5798 5784 0
t 378 5797 5789 0
t 1470 5799 5797 0
t 1469 5789 5799 0
t 5797 5799 5789 0
t 373 5787 5794 0
t 1468 5800 5787 0
t 1470 5794 5800 0
t 5787 5800 5794 0
t 1469 5799 5798 0
t 1470 5800 5799 0
t 1468 5798 5800 0
t 5799 5800 5798 0
t 10 5801 3857 2
t 1471 5802 5801 2
t 979 3857 5802 2
t 5801 5802 3857 2
t 380 5803 5805 0
t 1472 5804 5803 0
t 1471 5805 5804 2
t 5803 5804 5805 0
t 254 3861 5807 2
t 979 5806 3861 2
t 1472 5807 5806 2
t 3861 5806 5807 2
t 1471 5804 5802 2
t 1472 5806 5804 2
t 979 5802 5806 2
t 5804 5806 5802 2
t 103 5808 5810 0
t 1473 5809 5808 0
t 1475 5810 5809 0
t 5808 5809 5810 0
t 381 5811 5813 0
t 1474 5812 5811 0
t 1473 5813 5812 0
t 5811 5812 5813 0
t 380 5814 5816 0
t 1475 5815 5814 0
t 1474 5816 5815 0
t 5814 5815 5816 0
t 1473 5812 5809 0
t 1474 5815 5812 0
t 1475 5809 5815 0
t 5812 5815 5809 0
t 70 3866 5818 0
t 983 5817 3866 0
t 1477 5818 5817 0
t 3866 5817 5818 0
t 254 5819 3870 0
t 1476 5820 5819 2
t 983 3870 5820 0
t 5819 5820 3870 0
t 381 5821 5823 0
t 1477 5822 5821 0
t 1476 5823 5822 0
t 5821 5822 5823 0
t 983 5820 5817 0
t 1476 5822 5820 0
t 1477 5817 5822 0
t 5820 5822 5817 0
t 380 5816 5803 0
t 1474 5824 5816 0
t 1472 5803 5824 0
t 5816 5824 5803 0
t 381 5823 5811 0
t 1476 5825 5823 0
t 1474 5811 5825 0
t 5823 5825 5811 0
t 254 5807 5819 2
t 1472 5826 5807 2
t 1476 5819 5826 2
t 5807 5826 5819 2
t 1474 5825 5824 0
t 1476 5826 5825 0
t 1472 5824 5826 0
t 5825 5826 5824 0
t 31 5827 5829 2
t 1478 5828 5827 2
t 1480 5829 5828 2
t 5827 5828 5829 2
t 382 5830 5832 2
t 1479 5831 5830 2
t 1478 5832 5831 2
t 5830 5831 5832 2
t 384 5833 5835 2
t 1480 5834 5833 2
t 1479 5835 5834 2
t 5833 5834 5835 2
t 1478 5831 5828 2
t 1479 5834 5831 2
t 1480 5828 5834 2
t 5831 5834 5828 2
t 104 5836 5838 2
t 1481 5837 5836 2
t 1483 5838 5837 2
t 5836 5837 5838 2
t 383 5839 5841 0
t 1482 5840 5839 2
t 1481 5841 5840 2
t 5839 5840 5841 2
t 382 5842 5844 2
t 1483 5843 5842 2
t 1482 5844 5843 2
t 5842 5843 5844 2
t 1481 5840 5837 2
t 1482 5843 5840 2
t 1483 5837 5843 2
t 5840 5843 5837 2
t 103 5845 5847 0
t 1484 5846 5845 0
t 1486 5847 5846 0
t 5845 5846 5847 0
t 384 5848 5850 0
t 1485 5849 5848 0
t 1484 5850 5849 0
t 5848 5849 5850 0
t 383 5851 5853 0
t 1486 5852 5851 0
t 1485 5853 5852 0
t 5851 5852 5853 0
t 1484 5849 5846 0
t 1485 5852 5849 0
t 1486 5846 5852 0
t 5849 5852 5846 0
t 382 5844 5830 2
t 1482 5854 5844 2
t 1479 5830 5854 2
t 5844 5854 5830 2
t 383 5853 5839 0
t 1485 5855 5853 0
t 1482 5839 5855 0
t 5853 5855 5839 0
t 384 5835 5848 2
t 1479 5856 5835 2
t 1485 5848 5856 0
t 5835 5856 5848 2
t 1482 5855 5854 2
t 1485 5856 5855 0
t 1479 5854 5856 2
t 5855 5856 5854 2
t 22 3885 5858 0
t 988 5857 3885 0
t 1488 5858 5857 0
t 3885 5857 5858 0
t 258 5859 3889 0
t 1487 5860 5859 0
t 988 3889 5860 0
t 5859 5860 3889 0
t 386 5861 5863 2
t 1488 5862 5861 0
t 1487 5863 5862 0
t 5861 5862 5863 0
t 988 5860 5857 0
t 1487 5862 5860 0
t 1488 5857 5862 0
t 5860 5862 5857 0
t 70 5864 3901 0
t 1489 5865 5864 0
t 992 3901 5865 0
t 5864 5865 3901 0
t 385 5866 5868 0
t 1490 5867 5866 0
t 1489 5868 5867 0
t 5866 5867 5868 0
t 258 3906 5870 0
t 992 5869 3906 0
t 1490 5870 5869 0
t 3906 5869 5870 0
t 1489 5867 5865 0
t 1490 5869 5867 0
t 992 5865 5869 0
t 5867 5869 5865 0
t 104 5871 5873 2
t 1491 5872 5871 2
t 1493 5873 5872 2
t 5871 5872 5873 2
t 386 5874 5876 2
t 1492 5875 5874 2
t 1491 5876 5875 2
t 5874 5875 5876 2
t 385 5877 5879 2
t 1493 5878 5877 2
t 1492 5879 5878 2
t 5877 5878 5879 2
t 1491 5875 5872 2
t 1492 5878 5875 2
t 1493 5872 5878 2
t 5875 5878 5872 2
t 258 5870 5859 0
t 1490 5880 5870 0
t 1487 5859 5880 0
t 5870 5880 5859 0
t 385 5879 5866 0
t 1492 5881 5879 2
t 1490 5866 5881 0
t 5879 5881 5866 0
t 386 5863 5874 2
t 1487 5882 5863 0
t 1492 5874 5882 2
t 5863 5882 5874 2
t 1490 5881 5880 0
t 1492 5882 5881 0
t 1487 5880 5882 0
t 5881 5882 5880 0
t 103 5847 5808 0
t 1486 5883 5847 0
t 1473 5808 5883 0
t 5847 5883 5808 0
t 383 5884 5851 0
t 1494 5885 5884 0
t 1486 5851 5885 0
t 5884 5885 5851 0
t 381 5813 5887 0
t 1473 5886 5813 0
t 1494 5887 5886 0
t 5813 5886 5887 0
t 1486 5885 5883 0
t 1494 5886 5885 0
t 1473 5883 5886 0
t 5885 5886 5883 0
t 104 5873 5836 2
t 1493 5888 5873 2
t 1481 5836 5888 2
t 5873 5888 5836 2
t 385 5889 5877 2
t 1495 5890 5889 2
t 1493 5877 5890 2
t 5889 5890 5877 2
t 383 5841 5892 0
t 1481 5891 5841 2
t 1495 5892 5891 0
t 5841 5891 5892 0
t 1493 5890 5888 2
t 1495 5891 5890 2
t 1481 5888 5891 2
t 5890 5891 5888 2
t 70 5818 5864 0
t 1477 5893 5818 0
t 1489 5864 5893 0
t 5818 5893 5864 0
t 381 5894 5821 0
t 1496 5895 5894 0
t 1477 5821 5895 0
t 5894 5895 5821 0
t 385 5868 5897 0
t 1489 5896 5868 0
t 1496 5897 5896 2
t 5868 5896 5897 0
t 1477 5895 5893 0
t 1496 5896 5895 0
t 1489 5893 5896 0
t 5895 5896 5893 0
t 383 5892 5884 0
t 1495 5898 5892 0
t 1494 5884 5898 0
t 5892 5898 5884 0
t 385 5897 5889 2
t 1496 5899 5897 2
t 1495 5889 5899 2
t 5897 5899 5889 2
t 381 5887 5894 0
t 1494 5900 5887 0
t 1496 5894 5900 0
t 5887 5900 5894 0
t 1495 5899 5898 0
t 1496 5900 5899 0
t 1494 5898 5900 0
t 5899 5900 5898 0
t 9 5901 5903 2
t 1497 5902 5901 2
t 1499 5903 5902 2
t 5901 5902 5903 2
t 387 5904 5906 2
t 1498 5905 5904 2
t 1497 5906 5905 2
t 5904 5905 5906 2
t 389 5907 5909 2
t 1499 5908 5907 2
t 1498 5909 5908 2
t 5907 5908 5909 2
t 1497 5905 5902 2
t 1498 5908 5905 2
t 1499 5902 5908 2
t 5905 5908 5902 2
t 105 5910 5912 2
t 1500 5911 5910 2
t 1502 5912 5911 2
t 5910 5911 5912 2
t 388 5913 5915 2
t 1501 5914 5913 2
t 1500 5915 5914 2
t 5913 5914 5915 2
t 387 5916 5918 2
t 1502 5917 5916 2
t 1501 5918 5917 2
t 5916 5917 5918 2
t 1500 5914 5911 2
t 1501 5917 5914 2
t 1502 5911 5917 2
t 5914 5917 5911 2
t 107 5919 5921 2
t 1503 5920 5919 2
t 1505 5921 5920 2
t 5919 5920 5921 2
t 389 5922 5924 2
t 1504 5923 5922 2
t 1503 5924 5923 2
t 5922 5923 5924 2
t 388 5925 5927 2
t 1505 5926 5925 2
t 1504 5927 5926 2
t 5925 5926 5927 2
t 1503 5923 5920 2
t 1504 5926 5923 2
t 1505 5920 5926 2
t 5923 5926 5920 2
t 387 5918 5904 2
t 1501 5928 5918 2
t 1498 5904 5928 2
t 5918 5928 5904 2
t 388 5927 5913 2
t 1504 5929 5927 2
t 1501 5913 5929 2
t 5927 5929 5913 2
t 389 5909 5922 2
t 1498 5930 5909 2
t 1504 5922 5930 2
t 5909 5930 5922 2
t 1501 5929 5928 2
t 1504 5930 5929 2
t 1498 5928 5930 2
t 5929 5930 5928 2
t 32 5931 5933 2
t 1506 5932 5931 2
t 1508 5933 5932 2
t 5931 5932 5933 2
t 390 5934 5936 2
t 1507 5935 5934 2
t 1506 5936 5935 2
t 5934 5935 5936 2
t 392 5937 5939 2
t 1508 5938 5937 2
t 1507 5939 5938 2
t 5937 5938 5939 2
t 1506 5935 5932 2
t 1507 5938 5935 2
t 1508 5932 5938 2
t 5935 5938 5932 2
t 106 5940 5942 2
t 1509 5941 5940 2
t 1511 5942 5941 2
t 5940 5941 5942 2
t 391 5943 5945 2
t 1510 5944 5943 2
t 1509 5945 5944 2
t 5943 5944 5945 2
t 390 5946 5948 2
t 1511 5947 5946 2
t 1510 5948 5947 2
t 5946 5947 5948 2
t 1509 5944 5941 2
t 1510 5947 5944 2
t 1511 5941 5947 2
t 5944 5947 5941 2
t 105 5949 5951 2
t 1512 5950 5949 2
t 1514 5951 5950 2
t 5949 5950 5951 2
t 392 5952 5954 2
t 1513 5953 5952 2
t 1512 5954 5953 2
t 5952 5953 5954 2
t 391 5955 5957 2
t 1514 5956 5955 2
t 1513 5957 5956 2
t 5955 5956 5957 2
t 1512 5953 5950 2
t 1513 5956 5953 2
t 1514 5950 5956 2
t 5953 5956 5950 2
t 390 5948 5934 2
t 1510 5958 5948 2
t 1507 5934 5958 2
t 5948 5958 5934 2
t 391 5957 5943 2
t 1513 5959 5957 2
t 1510 5943 5959 2
t 5957 5959 5943 2
t 392 5939 5952 2
t 1507 5960 5939 2
t 1513 5952 5960 2
t 5939 5960 5952 2
t 1510 5959 5958 2
t 1513 5960 5959 2
t 1507 5958 5960 2
t 5959 5960 5958 2
t 31 5961 5963 0
t 1515 5962 5961 0
t 1517 5963 5962 0
t 5961 5962 5963 0
t 393 5964 5966 2
t 1516 5965 5964 2
t 1515 5966 5965 0
t 5964 5965 5966 0
t 395 5967 5969 2
t 1517 5968 5967 2
t 1516 5969 5968 2
t 5967 5968 5969 2
t 1515 5965 5962 0
t 1516 5968 5965 2
t 1517 5962 5968 2
t 5965 5968 5962 0
t 107 5970 5972 2
t 1518 5971 5970 2
t 1520 5972 5971 2
t 5970 5971 5972 2
t 394 5973 5975 2
t 1519 5974 5973 2
t 1518 5975 5974 2
t 5973 5974 5975 2
t 393 5976 5978 2
t 1520 5977 5976 2
t 1519 5978 5977 2
t 5976 5977 5978 2
t 1518 5974 5971 2
t 1519 5977 5974 2
t 1520 5971 5977 2
t 5974 5977 5971 2
t 106 5979 5981 2
t 1521 5980 5979 2
t 1523 5981 5980 2
t 5979 5980 5981 2
t 395 5982 5984 2
t 1522 5983 5982 2
t 1521 5984 5983 2
t 5982 5983 5984 2
t 394 5985 5987 2
t 1523 5986 5985 2
t 1522 5987 5986 2
t 5985 5986 5987 2
t 1521 5983 5980 2
t 1522 5986 5983 2
t 1523 5980 5986 2
t 5983 5986 5980 2
t 393 5978 5964 2
t 1519 5988 5978 2
t 1516 5964 5988 2
t 5978 5988 5964 2
t 394 5987 5973 2
t 1522 5989 5987 2
t 1519 5973 5989 2
t 5987 5989 5973 2
t 395 5969 5982 2
t 1516 5990 5969 2
t 1522 5982 5990 2
t 5969 5990 5982 2
t 1519 5989 5988 2
t 1522 5990 5989 2
t 1516 5988 5990 2
t 5989 5990 5988 2
t 105 5951 5910 2
t 1514 5991 5951 2
t 1500 5910 5991 2
t 5951 5991 5910 2
t 391 5992 5955 2
t 1524 5993 5992 2
t 1514 5955 5993 2
t 5992 5993 5955 2
t 388 5915 5995 2
t 1500 5994 5915 2
t 1524 5995 5994 2
t 5915 5994 5995 2
t 1514 5993 5991 2
t 1524 5994 5993 2
t 1500 5991 5994 2
t 5993 5994 5991 2
t 106 5981 5940 2
t 1523 5996 5981 2
t 1509 5940 5996 2
t 5981 5996 5940 2
t 394 5997 5985 2
t 1525 5998 5997 2
t 1523 5985 5998 2
t 5997 5998 5985 2
t 391 5945 6000 2
t 1509 5999 5945 2
t 1525 6000 5999 2
t 5945 5999 6000 2
t 1523 5998 5996 2
t 1525 5999 5998 2
t 1509 5996 5999 2
t 5998 5999 5996 2
t 107 5921 5970 2
t 1505 6001 5921 2
t 1518 5970 6001 2
t 5921 6001 5970 2
t 388 6002 5925 2
t 1526 6003 6002 2
t 1505 5925 6003 2
t 6002 6003 5925 2
t 394 5975 6005 2
t 1518 6004 5975 2
t 1526 6005 6004 2
t 5975 6004 6005 2
t 1505 6003 6001 2
t 1526 6004 6003 2
t 1518 6001 6004 2
t 6003 6004 6001 2
t 391 6000 5992 2
t 1525 6006 6000 2
t 1524 5992 6006 2
t 6000 6006 5992 2
t 394 6005 5997 2
t 1526 6007 6005 2
t 1525 5997 6007 2
t 6005 6007 5997 2
t 388 5995 6002 2
t 1524 6008 5995 2
t 1526 6002 6008 2
t 5995 6008 6002 2
t 1525 6007 6006 2
t 1526 6008 6007 2
t 1524 6006 6008 2
t 6007 6008 6006 2
t 22 5858 5727 0
t 1488 6009 5858 0
t 1452 5727 6009 0
t 5858 6009 5727 0
t 386 6010 5861 0
t 1527 6011 6010 0
t 1488 5861 6011 0
t 6010 6011 5861 0
t 375 5731 6013 0
t 1452 6012 5731 0
t 1527 6013 6012 0
t 5731 6012 6013 0
t 1488 6011 6009 0
t 1527 6012 6011 0
t 1452 6009 6012 0
t 6011 6012 6009 0
t 104 6014 5871 2
t 1528 6015 6014 2
t 1491 5871 6015 2
t 6014 6015 5871 2
t 396 6016 6018 2
t 1529 6017 6016 2
t 1528 6018 6017 2
t 6016 6017 6018 2
t 386 5876 6020 2
t 1491 6019 5876 2
t 1529 6020 6019 2
t 5876 6019 6020 2
t 1528 6017 6015 2
t 1529 6019 6017 2
t 1491 6015 6019 2
t 6017 6019 6015 2
t 101 5736 6022 0
t 1456 6021 5736 0
t 1531 6022 6021 0
t 5736 6021 6022 0
t 375 6023 5740 0
t 1530 6024 6023 0
t 1456 5740 6024 0
t 6023 6024 5740 0
t 396 6025 6027 0
t 1531 6026 6025 0
t 1530 6027 6026 0
t 6025 6026 6027 0
t 1456 6024 6021 0
t 1530 6026 6024 0
t 1531 6021 6026 0
t 6024 6026 6021 0
t 386 6020 6010 0
t 1529 6028 6020 0
t 1527 6010 6028 0
t 6020 6028 6010 0
t 396 6027 6016 0
t 1530 6029 6027 0
t 1529 6016 6029 0
t 6027 6029 6016 0
t 375 6013 6023 0
t 1527 6030 6013 0
t 1530 6023 6030 0
t 6013 6030 6023 0
t 1529 6029 6028 0
t 1530 6030 6029 0
t 1527 6028 6030 0
t 6029 6030 6028 0
t 31 5963 5827 0
t 1517 6031 5963 2
t 1478 5827 6031 2
t 5963 6031 5827 2
t 395 6032 5967 2
t 1532 6033 6032 2
t 1517 5967 6033 2
t 6032 6033 5967 2
t 382 5832 6035 2
t 1478 6034 5832 2
t 1532 6035 6034 2
t 5832 6034 6035 2
t 1517 6033 6031 2
t 1532 6034 6033 2
t 1478 6031 6034 2
t 6033 6034 6031 2
t 106 6036 5979 2
t 1533 6037 6036 2
t 1521 5979 6037 2
t 6036 6037 5979 2
t 397 6038 6040 2
t 1534 6039 6038 2
t 1533 6040 6039 2
t 6038 6039 6040 2
t 395 5984 6042 2
t 1521 6041 5984 2
t 1534 6042 6041 2
t 5984 6041 6042 2
t 1533 6039 6037 2
t 1534 6041 6039 2
t 1521 6037 6041 2
t 6039 6041 6037 2
t 104 5838 6044 2
t 1483 6043 5838 2
t 1536 6044 6043 2
t 5838 6043 6044 2
t 382 6045 5842 2
t 1535 6046 6045 2
t 1483 5842 6046 2
t 6045 6046 5842 2
t 397 6047 6049 2
t 1536 6048 6047 2
t 1535 6049 6048 2
t 6047 6048 6049 2
t 1483 6046 6043 2
t 1535 6048 6046 2
t 1536 6043 6048 2
t 6046 6048 6043 2
t 395 6042 6032 2
t 1534 6050 6042 2
t 1532 6032 6050 2
t 6042 6050 6032 2
t 397 6049 6038 2
t 1535 6051 6049 2
t 1534 6038 6051 2
t 6049 6051 6038 2
t 382 6035 6045 2
t 1532 6052 6035 2
t 1535 6045 6052 2
t 6035 6052 6045 2
t 1534 6051 6050 2
t 1535 6052 6051 2
t 1532 6050 6052 2
t 6051 6052 6050 2
t 32 5755 5931 2
t 1461 6053 5755 2
t 1506 5931 6053 2
t 5755 6053 5931 2
t 379 6054 5759 0
t 1537 6055 6054 0
t 1461 5759 6055 0
t 6054 6055 5759 0
t 390 5936 6057 2
t 1506 6056 5936 2
t 1537 6057 6056 2
t 5936 6056 6057 2
t 1461 6055 6053 2
t 1537 6056 6055 2
t 1506 6053 6056 2
t 6055 6056 6053 2
t 101 6058 5771 0
t 1538 6059 6058 0
t 1465 5771 6059 0
t 6058 6059 5771 0
t 398 6060 6062 2
t 1539 6061 6060 0
t 1538 6062 6061 0
t 6060 6061 6062 0
t 379 5776 6064 0
t 1465 6063 5776 0
t 1539 6064 6063 0
t 5776 6063 6064 0
t 1538 6061 6059 0
t 1539 6063 6061 0
t 1465 6059 6063 0
t 6061 6063 6059 0
t 106 5942 6066 2
t 1511 6065 5942 2
t 1541 6066 6065 2
t 5942 6065 6066 2
t 390 6067 5946 2
t 1540 6068 6067 2
t 1511 5946 6068 2
t 6067 6068 5946 2
t 398 6069 6071 2
t 1541 6070 6069 2
t 1540 6071 6070 2
t 6069 6070 6071 2
t 1511 6068 6065 2
t 1540 6070 6068 2
t 1541 6065 6070 2
t 6068 6070 6065 2
t 379 6064 6054 0
t 1539 6072 6064 0
t 1537 6054 6072 0
t 6064 6072 6054 0
t 398 6071 6060 2
t 1540 6073 6071 2
t 1539 6060 6073 0
t 6071 6073 6060 2
t 390 6057 6067 2
t 1537 6074 6057 2
t 1540 6067 6074 2
t 6057 6074 6067 2
t 1539 6073 6072 0
t 1540 6074 6073 2
t 1537 6072 6074 2
t 6073 6074 6072 2
t 104 6044 6014 2
t 1536 6075 6044 2
t 1528 6014 6075 2
t 6044 6075 6014 2
t 397 6076 6047 2
t 1542 6077 6076 2
t 1536 6047 6077 2
t 6076 6077 6047 2
t 396 6018 6079 2
t 1528 6078 6018 2
t 1542 6079 6078 2
t 6018 6078 6079 2
t 1536 6077 6075 2
t 1542 6078 6077 2
t 1528 6075 6078 2
t 6077 6078 6075 2
t 106 6066 6036 2
t 1541 6080 6066 2
t 1533 6036 6080 2
t 6066 6080 6036 2
t 398 6081 6069 2
t 1543 6082 6081 2
t 1541 6069 6082 2
t 6081 6082 6069 2
t 397 6040 6084 2
t 1533 6083 6040 2
t 1543 6084 6083 2
t 6040 6083 6084 2
t 1541 6082 6080 2
t 1543 6083 6082 2
t 1533 6080 6083 2
t 6082 6083 6080 2
t 101 6022 6058 0
t 1531 6085 6022 0
t 1538 6058 6085 0
t 6022 6085 6058 0
t 396 6086 6025 0
t 1544 6087 6086 0
t 1531 6025 6087 0
t 6086 6087 6025 0
t 398 6062 6089 2
t 1538 6088 6062 0
t 1544 6089 6088 2
t 6062 6088 6089 2
t 1531 6087 6085 0
t 1544 6088 6087 0
t 1538 6085 6088 0
t 6087 6088 6085 0
t 397 6084 6076 2
t 1543 6090 6084 2
t 1542 6076 6090 2
t 6084 6090 6076 2
t 398 6089 6081 2
t 1544 6091 6089 2
t 1543 6081 6091 2
t 6089 6091 6081 2
t 396 6079 6086 2
t 1542 6092 6079 2
t 1544 6086 6092 2
t 6079 6092 6086 2
t 1543 6091 6090 2
t 1544 6092 6091 2
t 1542 6090 6092 2
t 6091 6092 6090 2
t 10 3567 6094 2
t 907 6093 3567 2
t 1546 6094 6093 2
t 3567 6093 6094 2
t 237 6095 3571 2
t 1545 6096 6095 2
t 907 3571 6096 2
t 6095 6096 3571 2
t 400 6097 6099 2
t 1546 6098 6097 2
t 1545 6099 6098 2
t 6097 6098 6099 2
t 907 6096 6093 2
t 1545 6098 6096 2
t 1546 6093 6098 2
t 6096 6098 6093 2
t 67 6100 3583 2
t 1547 6101 6100 2
t 911 3583 6101 2
t 6100 6101 3583 2
t 399 6102 6104 2
t 1548 6103 6102 2
t 1547 6104 6103 2
t 6102 6103 6104 2
t 237 3588 6106 2
t 911 6105 3588 2
t 1548 6106 6105 2
t 3588 6105 6106 2
t 1547 6103 6101 2
t 1548 6105 6103 2
t 911 6101 6105 2
t 6103 6105 6101 2
t 109 6107 6109 2
t 1549 6108 6107 2
t 1551 6109 6108 2
t 6107 6108 6109 2
t 400 6110 6112 2
t 1550 6111 6110 2
t 1549 6112 6111 2
t 6110 6111 6112 2
t 399 6113 6115 2
t 1551 6114 6113 2
t 1550 6115 6114 2
t 6113 6114 6115 2
t 1549 6111 6108 2
t 1550 6114 6111 2
t 1551 6108 6114 2
t 6111 6114 6108 2
t 237 6106 6095 2
t 1548 6116 6106 2
t 1545 6095 6116 2
t 6106 6116 6095 2
t 399 6115 6102 2
t 1550 6117 6115 2
t 1548 6102 6117 2
t 6115 6117 6102 2
t 400 6099 6110 2
t 1545 6118 6099 2
t 1550 6110 6118 2
t 6099 6118 6110 2
t 1548 6117 6116 2
t 1550 6118 6117 2
t 1545 6116 6118 2
t 6117 6118 6116 2
t 20 6119 3625 2
t 1552 6120 6119 2
t 923 3625 6120 2
t 6119 6120 3625 2
t 401 6121 6123 2
t 1553 6122 6121 2
t 1552 6123 6122 2
t 6121 6122 6123 2
t 241 3630 6125 2
t 923 6124 3630 2
t 1553 6125 6124 2
t 3630 6124 6125 2
t 1552 6122 6120 2
t 1553 6124 6122 2
t 923 6120 6124 2
t 6122 6124 6120 2
t 108 6126 6128 2
t 1554 6127 6126 2
t 1556 6128 6127 2
t 6126 6127 6128 2
t 402 6129 6131 2
t 1555 6130 6129 2
t 1554 6131 6130 2
t 6129 6130 6131 2
t 401 6132 6134 2
t 1556 6133 6132 2
t 1555 6134 6133 2
t 6132 6133 6134 2
t 1554 6130 6127 2
t 1555 6133 6130 2
t 1556 6127 6133 2
t 6130 6133 6127 2
t 67 3636 6136 2
t 928 6135 3636 2
t 1558 6136 6135 2
t 3636 6135 6136 2
t 241 6137 3640 2
t 1557 6138 6137 2
t 928 3640 6138 2
t 6137 6138 3640 2
t 402 6139 6141 2
t 1558 6140 6139 2
t 1557 6141 6140 2
t 6139 6140 6141 2
t 928 6138 6135 2
t 1557 6140 6138 2
t 1558 6135 6140 2
t 6138 6140 6135 2
t 401 6134 6121 2
t 1555 6142 6134 2
t 1553 6121 6142 2
t 6134 6142 6121 2
t 402 6141 6129 2
t 1557 6143 6141 2
t 1555 6129 6143 2
t 6141 6143 6129 2
t 241 6125 6137 2
t 1553 6144 6125 2
t 1557 6137 6144 2
t 6125 6144 6137 2
t 1555 6143 6142 2
t 1557 6144 6143 2
t 1553 6142 6144 2
t 6143 6144 6142 2
t 34 6145 6147 2
t 1559 6146 6145 2
t 1561 6147 6146 2
t 6145 6146 6147 2
t 403 6148 6150 0
t 1560 6149 6148 0
t 1559 6150 6149 0
t 6148 6149 6150 0
t 405 6151 6153 2
t 1561 6152 6151 2
t 1560 6153 6152 0
t 6151 6152 6153 2
t 1559 6149 6146 0
t 1560 6152 6149 0
t 1561 6146 6152 2
t 6149 6152 6146 0
t 109 6154 6156 2
t 1562 6155 6154 2
t 1564 6156 6155 2
t 6154 6155 6156 2
t 404 6157 6159 2
t 1563 6158 6157 2
t 1562 6159 6158 2
t 6157 6158 6159 2
t 403 6160 6162 2
t 1564 6161 6160 2
t 1563 6162 6161 2
t 6160 6161 6162 2
t 1562 6158 6155 2
t 1563 6161 6158 2
t 1564 6155 6161 2
t 6158 6161 6155 2
t 108 6163 6165 2
t 1565 6164 6163 2
t 1567 6165 6164 2
t 6163 6164 6165 2
t 405 6166 6168 2
t 1566 6167 6166 2
t 1565 6168 6167 2
t 6166 6167 6168 2
t 404 6169 6171 2
t 1567 6170 6169 2
t 1566 6171 6170 2
t 6169 6170 6171 2
t 1565 6167 6164 2
t 1566 6170 6167 2
t 1567 6164 6170 2
t 6167 6170 6164 2
t 403 6162 6148 0
t 1563 6172 6162 2
t 1560 6148 6172 0
t 6162 6172 6148 0
t 404 6171 6157 2
t 1566 6173 6171 2
t 1563 6157 6173 2
t 6171 6173 6157 2
t 405 6153 6166 2
t 1560 6174 6153 0
t 1566 6166 6174 2
t 6153 6174 6166 2
t 1563 6173 6172 2
t 1566 6174 6173 2
t 1560 6172 6174 0
t 6173 6174 6172 2
t 67 6136 6100 2
t 1558 6175 6136 2
t 1547 6100 6175 2
t 6136 6175 6100 2
t 402 6176 6139 2
t 1568 6177 6176 2
t 1558 6139 6177 2
t 6176 6177 6139 2
t 399 6104 6179 2
t 1547 6178 6104 2
t 1568 6179 6178 2
t 6104 6178 6179 2
t 1558 6177 6175 2
t 1568 6178 6177 2
t 1547 6175 6178 2
t 6177 6178 6175 2
t 108 6165 6126 2
t 1567 6180 6165 2
t 1554 6126 6180 2
t 6165 6180 6126 2
t 404 6181 6169 2
t 1569 6182 6181 2
t 1567 6169 6182 2
t 6181 6182 6169 2
t 402 6131 6184 2
t 1554 6183 6131 2
t 1569 6184 6183 2
t 6131 6183 6184 2
t 1567 6182 6180 2
t 1569 6183 6182 2
t 1554 6180 6183 2
t 6182 6183 6180 2
t 109 6109 6154 2
t 1551 6185 6109 2
t 1562 6154 6185 2
t 6109 6185 6154 2
t 399 6186 6113 2
t 1570 6187 6186 2
t 1551 6113 6187 2
t 6186 6187 6113 2
t 404 6159 6189 2
t 1562 6188 6159 2
t 1570 6189 6188 2
t 6159 6188 6189 2
t 1551 6187 6185 2
t 1570 6188 6187 2
t 1562 6185 6188 2
t 6187 6188 6185 2
t 402 6184 6176 2
t 1569 6190 6184 2
t 1568 6176 6190 2
t 6184 6190 6176 2
t 404 6189 6181 2
t 1570 6191 6189 2
t 1569 6181 6191 2
t 6189 6191 6181 2
t 399 6179 6186 2
t 1568 6192 6179 2
t 1570 6186 6192 2
t 6179 6192 6186 2
t 1569 6191 6190 2
t 1570 6192 6191 2
t 1568 6190 6192 2
t 6191 6192 6190 2
t 4 6193 3465 2
t 1571 6194 6193 2
t 879 3465 6194 2
t 6193 6194 3465 2
t 406 6195 6197 2
t 1572 6196 6195 2
t 1571 6197 6196 2
t 6195 6196 6197 2
t 228 3469 6199 2
t 879 6198 3469 2
t 1572 6199 6198 2
t 3469 6198 6199 2
t 1571 6196 6194 2
t 1572 6198 6196 2
t 879 6194 6198 2
t 6196 6198 6194 2
t 110 6200 6202 2
t 1573 6201 6200 2
t 1575 6202 6201 2
t 6200 6201 6202 2
t 407 6203 6205 2
t 1574 6204 6203 2
t 1573 6205 6204 2
t 6203 6204 6205 2
t 406 6206 6208 2
t 1575 6207 6206 2
t 1574 6208 6207 2
t 6206 6207 6208 2
t 1573 6204 6201 2
t 1574 6207 6204 2
t 1575 6201 6207 2
t 6204 6207 6201 2
t 63 3474 6210 2
t 883 6209 3474 2
t 1577 6210 6209 2
t 3474 6209 6210 2
t 228 6211 3478 2
t 1576 6212 6211 2
t 883 3478 6212 2
t 6211 6212 3478 2
t 407 6213 6215 2
t 1577 6214 6213 2
t 1576 6215 6214 2
t 6213 6214 6215 2
t 883 6212 6209 2
t 1576 6214 6212 2
t 1577 6209 6214 2
t 6212 6214 6209 2
t 406 6208 6195 2
t 1574 6216 6208 2
t 1572 6195 6216 2
t 6208 6216 6195 2
t 407 6215 6203 2
t 1576 6217 6215 2
t 1574 6203 6217 2
t 6215 6217 6203 2
t 228 6199 6211 2
t 1572 6218 6199 2
t 1576 6211 6218 2
t 6199 6218 6211 2
t 1574 6217 6216 2
t 1576 6218 6217 2
t 1572 6216 6218 2
t 6217 6218 6216 2
t 33 6219 6221 2
t 1578 6220 6219 2
t 1580 6221 6220 2
t 6219 6220 6221 2
t 408 6222 6224 2
t 1579 6223 6222 2
t 1578 6224 6223 2
t 6222 6223 6224 2
t 410 6225 6227 2
t 1580 6226 6225 2
t 1579 6227 6226 2
t 6225 6226 6227 2
t 1578 6223 6220 2
t 1579 6226 6223 2
t 1580 6220 6226 2
t 6223 6226 6220 2
t 111 6228 6230 2
t 1581 6229 6228 2
t 1583 6230 6229 2
t 6228 6229 6230 2
t 409 6231 6233 2
t 1582 6232 6231 2
t 1581 6233 6232 2
t 6231 6232 6233 2
t 408 6234 6236 2
t 1583 6235 6234 2
t 1582 6236 6235 2
t 6234 6235 6236 2
t 1581 6232 6229 2
t 1582 6235 6232 2
t 1583 6229 6235 2
t 6232 6235 6229 2
t 110 6237 6239 2
t 1584 6238 6237 2
t 1586 6239 6238 2
t 6237 6238 6239 2
t 410 6240 6242 2
t 1585 6241 6240 2
t 1584 6242 6241 2
t 6240 6241 6242 2
t 409 6243 6245 2
t 1586 6244 6243 2
t 1585 6245 6244 2
t 6243 6244 6245 2
t 1584 6241 6238 2
t 1585 6244 6241 2
t 1586 6238 6244 2
t 6241 6244 6238 2
t 408 6236 6222 2
t 1582 6246 6236 2
t 1579 6222 6246 2
t 6236 6246 6222 2
t 409 6245 6231 2
t 1585 6247 6245 2
t 1582 6231 6247 2
t 6245 6247 6231 2
t 410 6227 6240 2
t 1579 6248 6227 2
t 1585 6240 6248 2
t 6227 6248 6240 2
t 1582 6247 6246 2
t 1585 6248 6247 2
t 1579 6246 6248 2
t 6247 6248 6246 2
t 20 3493 6250 2
t 888 6249 3493 2
t 1588 6250 6249 2
t 3493 6249 6250 2
t 232 6251 3497 2
t 1587 6252 6251 2
t 888 3497 6252 2
t 6251 6252 3497 2
t 412 6253 6255 2
t 1588 6254 6253 2
t 1587 6255 6254 2
t 6253 6254 6255 2
t 888 6252 6249 2
t 1587 6254 6252 2
t 1588 6249 6254 2
t 6252 6254 6249 2
t 63 6256 3509 2
t 1589 6257 6256 2
t 892 3509 6257 2
t 6256 6257 3509 2
t 411 6258 6260 2
t 1590 6259 6258 2
t 1589 6260 6259 2
t 6258 6259 6260 2
t 232 3514 6262 2
t 892 6261 3514 2
t 1590 6262 6261 2
t 3514 6261 6262 2
t 1589 6259 6257 2
t 1590 6261 6259 2
t 892 6257 6261 2
t 6259 6261 6257 2
t 111 6263 6265 2
t 1591 6264 6263 2
t 1593 6265 6264 2
t 6263 6264 6265 2
t 412 6266 6268 2
t 1592 6267 6266 2
t 1591 6268 6267 2
t 6266 6267 6268 2
t 411 6269 6271 2
t 1593 6270 6269 2
t 1592 6271 6270 2
t 6269 6270 6271 2
t 1591 6267 6264 2
t 1592 6270 6267 2
t 1593 6264 6270 2
t 6267 6270 6264 2
t 232 6262 6251 2
t 1590 6272 6262 2
t 1587 6251 6272 2
t 6262 6272 6251 2
t 411 6271 6258 2
t 1592 6273 6271 2
t 1590 6258 6273 2
t 6271 6273 6258 2
t 412 6255 6266 2
t 1587 6274 6255 2
t 1592 6266 6274 2
t 6255 6274 6266 2
t 1590 6273 6272 2
t 1592 6274 6273 2
t 1587 6272 6274 2
t 6273 6274 6272 2
t 110 6239 6200 2
t 1586 6275 6239 2
t 1573 6200 6275 2
t 6239 6275 6200 2
t 409 6276 6243 2
t 1594 6277 6276 2
t 1586 6243 6277 2
t 6276 6277 6243 2
t 407 6205 6279 2
t 1573 6278 6205 2
t 1594 6279 6278 2
t 6205 6278 6279 2
t 1586 6277 6275 2
t 1594 6278 6277 2
t 1573 6275 6278 2
t 6277 6278 6275 2
t 111 6265 6228 2
t 1593 6280 6265 2
t 1581 6228 6280 2
t 6265 6280 6228 2
t 411 6281 6269 2
t 1595 6282 6281 2
t 1593 6269 6282 2
t 6281 6282 6269 2
t 409 6233 6284 2
t 1581 6283 6233 2
t 1595 6284 6283 2
t 6233 6283 6284 2
t 1593 6282 6280 2
t 1595 6283 6282 2
t 1581 6280 6283 2
t 6282 6283 6280 2
t 63 6210 6256 2
t 1577 6285 6210 2
t 1589 6256 6285 2
t 6210 6285 6256 2
t 407 6286 6213 2
t 1596 6287 6286 2
t 1577 6213 6287 2
t 6286 6287 6213 2
t 411 6260 6289 2
t 1589 6288 6260 2
t 1596 6289 6288 2
t 6260 6288 6289 2
t 1577 6287 6285 2
t 1596 6288 6287 2
t 1589 6285 6288 2
t 6287 6288 6285 2
t 409 6284 6276 2
t 1595 6290 6284 2
t 1594 6276 6290 2
t 6284 6290 6276 2
t 411 6289 6281 2
t 1596 6291 6289 2
t 1595 6281 6291 2
t 6289 6291 6281 2
t 407 6279 6286 2
t 1594 6292 6279 2
t 1596 6286 6292 2
t 6279 6292 6286 2
t 1595 6291 6290 2
t 1596 6292 6291 2
t 1594 6290 6292 2
t 6291 6292 6290 2
t 11 6293 6295 2
t 1597 6294 6293 2
t 1599 6295 6294 2
t 6293 6294 6295 2
t 413 6296 6298 2
t 1598 6297 6296 2
t 1597 6298 6297 2
t 6296 6297 6298 2
t 415 6299 6301 2
t 1599 6300 6299 2
t 1598 6301 6300 2
t 6299 6300 6301 2
t 1597 6297 6294 2
t 1598 6300 6297 2
t 1599 6294 6300 2
t 6297 6300 6294 2
t 112 6302 6304 2
t 1600 6303 6302 2
t 1602 6304 6303 2
t 6302 6303 6304 2
t 414 6305 6307 2
t 1601 6306 6305 2
t 1600 6307 6306 2
t 6305 6306 6307 2
t 413 6308 6310 2
t 1602 6309 6308 2
t 1601 6310 6309 2
t 6308 6309 6310 2
t 1600 6306 6303 2
t 1601 6309 6306 2
t 1602 6303 6309 2
t 6306 6309 6303 2
t 114 6311 6313 2
t 1603 6312 6311 2
t 1605 6313 6312 2
t 6311 6312 6313 2
t 415 6314 6316 2
t 1604 6315 6314 2
t 1603 6316 6315 2
t 6314 6315 6316 2
t 414 6317 6319 2
t 1605 6318 6317 2
t 1604 6319 6318 2
t 6317 6318 6319 2
t 1603 6315 6312 2
t 1604 6318 6315 2
t 1605 6312 6318 2
t 6315 6318 6312 2
t 413 6310 6296 2
t 1601 6320 6310 2
t 1598 6296 6320 2
t 6310 6320 6296 2
t 414 6319 6305 2
t 1604 6321 6319 2
t 1601 6305 6321 2
t 6319 6321 6305 2
t 415 6301 6314 2
t 1598 6322 6301 2
t 1604 6314 6322 2
t 6301 6322 6314 2
t 1601 6321 6320 2
t 1604 6322 6321 2
t 1598 6320 6322 2
t 6321 6322 6320 2
t 34 6323 6325 2
t 1606 6324 6323 2
t 1608 6325 6324 2
t 6323 6324 6325 2
t 416 6326 6328 2
t 1607 6327 6326 2
t 1606 6328 6327 2
t 6326 6327 6328 2
t 418 6329 6331 2
t 1608 6330 6329 2
t 1607 6331 6330 2
t 6329 6330 6331 2
t 1606 6327 6324 2
t 1607 6330 6327 2
t 1608 6324 6330 2
t 6327 6330 6324 2
t 113 6332 6334 2
t 1609 6333 6332 2
t 1611 6334 6333 2
t 6332 6333 6334 2
t 417 6335 6337 2
t 1610 6336 6335 2
t 1609 6337 6336 2
t 6335 6336 6337 2
t 416 6338 6340 2
t 1611 6339 6338 2
t 1610 6340 6339 2
t 6338 6339 6340 2
t 1609 6336 6333 2
t 1610 6339 6336 2
t 1611 6333 6339 2
t 6336 6339 6333 2
t 112 6341 6343 2
t 1612 6342 6341 2
t 1614 6343 6342 2
t 6341 6342 6343 2
t 418 6344 6346 2
t 1613 6345 6344 2
t 1612 6346 6345 2
t 6344 6345 6346 2
t 417 6347 6349 2
t 1614 6348 6347 2
t 1613 6349 6348 2
t 6347 6348 6349 2
t 1612 6345 6342 2
t 1613 6348 6345 2
t 1614 6342 6348 2
t 6345 6348 6342 2
t 416 6340 6326 2
t 1610 6350 6340 2
t 1607 6326 6350 2
t 6340 6350 6326 2
t 417 6349 6335 2
t 1613 6351 6349 2
t 1610 6335 6351 2
t 6349 6351 6335 2
t 418 6331 6344 2
t 1607 6352 6331 2
t 1613 6344 6352 2
t 6331 6352 6344 2
t 1610 6351 6350 2
t 1613 6352 6351 2
t 1607 6350 6352 2
t 6351 6352 6350 2
t 33 6353 6355 2
t 1615 6354 6353 2
t 1617 6355 6354 2
t 6353 6354 6355 2
t 419 6356 6358 2
t 1616 6357 6356 2
t 1615 6358 6357 2
t 6356 6357 6358 2
t 421 6359 6361 2
t 1617 6360 6359 2
t 1616 6361 6360 2
t 6359 6360 6361 2
t 1615 6357 6354 2
t 1616 6360 6357 2
t 1617 6354 6360 2
t 6357 6360 6354 2
t 114 6362 6364 2
t 1618 6363 6362 2
t 1620 6364 6363 2
t 6362 6363 6364 2
t 420 6365 6367 2
t 1619 6366 6365 2
t 1618 6367 6366 2
t 6365 6366 6367 2
t 419 6368 6370 2
t 1620 6369 6368 2
t 1619 6370 6369 2
t 6368 6369 6370 2
t 1618 6366 6363 2
t 1619 6369 6366 2
t 1620 6363 6369 2
t 6366 6369 6363 2
t 113 6371 6373 2
t 1621 6372 6371 2
t 1623 6373 6372 2
t 6371 6372 6373 2
t 421 6374 6376 2
t 1622 6375 6374 2
t 1621 6376 6375 2
t 6374 6375 6376 2
t 420 6377 6379 2
t 1623 6378 6377 2
t 1622 6379 6378 2
t 6377 6378 6379 2
t 1621 6375 6372 2
t 1622 6378 6375 2
t 1623 6372 6378 2
t 6375 6378 6372 2
t 419 6370 6356 2
t 1619 6380 6370 2
t 1616 6356 6380 2
t 6370 6380 6356 2
t 420 6379 6365 2
t 1622 6381 6379 2
t 1619 6365 6381 2
t 6379 6381 6365 2
t 421 6361 6374 2
t 1616 6382 6361 2
t 1622 6374 6382 2
t 6361 6382 6374 2
t 1619 6381 6380 2
t 1622 6382 6381 2
t 1616 6380 6382 2
t 6381 6382 6380 2
t 112 6343 6302 2
t 1614 6383 6343 2
t 1600 6302 6383 2
t 6343 6383 6302 2
t 417 6384 6347 2
t 1624 6385 6384 2
t 1614 6347 6385 2
t 6384 6385 6347 2
t 414 6307 6387 2
t 1600 6386 6307 2
t 1624 6387 6386 2
t 6307 6386 6387 2
t 1614 6385 6383 2
t 1624 6386 6385 2
t 1600 6383 6386 2
t 6385 6386 6383 2
t 113 6373 6332 2
t 1623 6388 6373 2
t 1609 6332 6388 2
t 6373 6388 6332 2
t 420 6389 6377 2
t 1625 6390 6389 2
t 1623 6377 6390 2
t 6389 6390 6377 2
t 417 6337 6392 2
t 1609 6391 6337 2
t 1625 6392 6391 2
t 6337 6391 6392 2
t 1623 6390 6388 2
t 1625 6391 6390 2
t 1609 6388 6391 2
t 6390 6391 6388 2
t 114 6313 6362 2
t 1605 6393 6313 2
t 1618 6362 6393 2
t 6313 6393 6362 2
t 414 6394 6317 2
t 1626 6395 6394 2
t 1605 6317 6395 2
t 6394 6395 6317 2
t 420 6367 6397 2
t 1618 6396 6367 2
t 1626 6397 6396 2
t 6367 6396 6397 2
t 1605 6395 6393 2
t 1626 6396 6395 2
t 1618 6393 6396 2
t 6395 6396 6393 2
t 417 6392 6384 2
t 1625 6398 6392 2
t 1624 6384 6398 2
t 6392 6398 6384 2
t 420 6397 6389 2
t 1626 6399 6397 2
t 1625 6389 6399 2
t 6397 6399 6389 2
t 414 6387 6394 2
t 1624 6400 6387 2
t 1626 6394 6400 2
t 6387 6400 6394 2
t 1625 6399 6398 2
t 1626 6400 6399 2
t 1624 6398 6400 2
t 6399 6400 6398 2
t 20 6250 6119 2
t 1588 6401 6250 2
t 1552 6119 6401 2
t 6250 6401 6119 2
t 412 6402 6253 2
t 1627 6403 6402 2
t 1588 6253 6403 2
t 6402 6403 6253 2
t 401 6123 6405 2
t 1552 6404 6123 2
t 1627 6405 6404 2
t 6123 6404 6405 2
t 1588 6403 6401 2
t 1627 6404 6403 2
t 1552 6401 6404 2
t 6403 6404 6401 2
t 111 6406 6263 2
t 1628 6407 6406 2
t 1591 6263 6407 2
t 6406 6407 6263 2
t 422 6408 6410 2
t 1629 6409 6408 2
t 1628 6410 6409 2
t 6408 6409 6410 2
t 412 6268 6412 2
t 1591 6411 6268 2
t 1629 6412 6411 2
t 6268 6411 6412 2
t 1628 6409 6407 2
t 1629 6411 6409 2
t 1591 6407 6411 2
t 6409 6411 6407 2
t 108 6128 6414 2
t 1556 6413 6128 2
t 1631 6414 6413 2
t 6128 6413 6414 2
t 401 6415 6132 2
t 1630 6416 6415 2
t 1556 6132 6416 2
t 6415 6416 6132 2
t 422 6417 6419 2
t 1631 6418 6417 2
t 1630 6419 6418 2
t 6417 6418 6419 2
t 1556 6416 6413 2
t 1630 6418 6416 2
t 1631 6413 6418 2
t 6416 6418 6413 2
t 412 6412 6402 2
t 1629 6420 6412 2
t 1627 6402 6420 2
t 6412 6420 6402 2
t 422 6419 6408 2
t 1630 6421 6419 2
t 1629 6408 6421 2
t 6419 6421 6408 2
t 401 6405 6415 2
t 1627 6422 6405 2
t 1630 6415 6422 2
t 6405 6422 6415 2
t 1629 6421 6420 2
t 1630 6422 6421 2
t 1627 6420 6422 2
t 6421 6422 6420 2
t 33 6355 6219 2
t 1617 6423 6355 2
t 1578 6219 6423 2
t 6355 6423 6219 2
t 421 6424 6359 2
t 1632 6425 6424 2
t 1617 6359 6425 2
t 6424 6425 6359 2
t 408 6224 6427 2
t 1578 6426 6224 2
t 1632 6427 6426 2
t 6224 6426 6427 2
t 1617 6425 6423 2
t 1632 6426 6425 2
t 1578 6423 6426 2
t 6425 6426 6423 2
t 113 6428 6371 2
t 1633 6429 6428 2
t 1621 6371 6429 2
t 6428 6429 6371 2
t 423 6430 6432 2
t 1634 6431 6430 2
t 1633 6432 6431 2
t 6430 6431 6432 2
t 421 6376 6434 2
t 1621 6433 6376 2
t 1634 6434 6433 2
t 6376 6433 6434 2
t 1633 6431 6429 2
t 1634 6433 6431 2
t 1621 6429 6433 2
t 6431 6433 6429 2
t 111 6230 6436 2
t 1583 6435 6230 2
t 1636 6436 6435 2
t 6230 6435 6436 2
t 408 6437 6234 2
t 1635 6438 6437 2
t 1583 6234 6438 2
t 6437 6438 6234 2
t 423 6439 6441 2
t 1636 6440 6439 2
t 1635 6441 6440 2
t 6439 6440 6441 2
t 1583 6438 6435 2
t 1635 6440 6438 2
t 1636 6435 6440 2
t 6438 6440 6435 2
t 421 6434 6424 2
t 1634 6442 6434 2
t 1632 6424 6442 2
t 6434 6442 6424 2
t 423 6441 6430 2
t 1635 6443 6441 2
t 1634 6430 6443 2
t 6441 6443 6430 2
t 408 6427 6437 2
t 1632 6444 6427 2
t 1635 6437 6444 2
t 6427 6444 6437 2
t 1634 6443 6442 2
t 1635 6444 6443 2
t 1632 6442 6444 2
t 6443 6444 6442 2
t 34 6147 6323 2
t 1561 6445 6147 2
t 1606 6323 6445 2
t 6147 6445 6323 2
t 405 6446 6151 2
t 1637 6447 6446 2
t 1561 6151 6447 2
t 6446 6447 6151 2
t 416 6328 6449 2
t 1606 6448 6328 2
t 1637 6449 6448 2
t 6328 6448 6449 2
t 1561 6447 6445 2
t 1637 6448 6447 2
t 1606 6445 6448 2
t 6447 6448 6445 2
t 108 6450 6163 2
t 1638 6451 6450 2
t 1565 6163 6451 2
t 6450 6451 6163 2
t 424 6452 6454 2
t 1639 6453 6452 2
t 1638 6454 6453 2
t 6452 6453 6454 2
t 405 6168 6456 2
t 1565 6455 6168 2
t 1639 6456 6455 2
t 6168 6455 6456 2
t 1638 6453 6451 2
t 1639 6455 6453 2
t 1565 6451 6455 2
t 6453 6455 6451 2
t 113 6334 6458 2
t 1611 6457 6334 2
t 1641 6458 6457 2
t 6334 6457 6458 2
t 416 6459 6338 2
t 1640 6460 6459 2
t 1611 6338 6460 2
t 6459 6460 6338 2
t 424 6461 6463 2
t 1641 6462 6461 2
t 1640 6463 6462 2
t 6461 6462 6463 2
t 1611 6460 6457 2
t 1640 6462 6460 2
t 1641 6457 6462 2
t 6460 6462 6457 2
t 405 6456 6446 2
t 1639 6464 6456 2
t 1637 6446 6464 2
t 6456 6464 6446 2
t 424 6463 6452 2
t 1640 6465 6463 2
t 1639 6452 6465 2
t 6463 6465 6452 2
t 416 6449 6459 2
t 1637 6466 6449 2
t 1640 6459 6466 2
t 6449 6466 6459 2
t 1639 6465 6464 2
t 1640 6466 6465 2
t 1637 6464 6466 2
t 6465 6466 6464 2
t 111 6436 6406 2
t 1636 6467 6436 2
t 1628 6406 6467 2
t 6436 6467 6406 2
t 423 6468 6439 2
t 1642 6469 6468 2
t 1636 6439 6469 2
t 6468 6469 6439 2
t 422 6410 6471 2
t 1628 6470 6410 2
t 1642 6471 6470 2
t 6410 6470 6471 2
t 1636 6469 6467 2
t 1642 6470 6469 2
t 1628 6467 6470 2
t 6469 6470 6467 2
t 113 6458 6428 2
t 1641 6472 6458 2
t 1633 6428 6472 2
t 6458 6472 6428 2
t 424 6473 6461 2
t 1643 6474 6473 2
t 1641 6461 6474 2
t 6473 6474 6461 2
t 423 6432 6476 2
t 1633 6475 6432 2
t 1643 6476 6475 2
t 6432 6475 6476 2
t 1641 6474 6472 2
t 1643 6475 6474 2
t 1633 6472 6475 2
t 6474 6475 6472 2
t 108 6414 6450 2
t 1631 6477 6414 2
t 1638 6450 6477 2
t 6414 6477 6450 2
t 422 6478 6417 2
t 1644 6479 6478 2
t 1631 6417 6479 2
t 6478 6479 6417 2
t 424 6454 6481 2
t 1638 6480 6454 2
t 1644 6481 6480 2
t 6454 6480 6481 2
t 1631 6479 6477 2
t 1644 6480 6479 2
t 1638 6477 6480 2
t 6479 6480 6477 2
t 423 6476 6468 2
t 1643 6482 6476 2
t 1642 6468 6482 2
t 6476 6482 6468 2
t 424 6481 6473 2
t 1644 6483 6481 2
t 1643 6473 6483 2
t 6481 6483 6473 2
t 422 6471 6478 2
t 1642 6484 6471 2
t 1644 6478 6484 2
t 6471 6484 6478 2
t 1643 6483 6482 2
t 1644 6484 6483 2
t 1642 6482 6484 2
t 6483 6484 6482 2
t 6 6485 6487 2
t 1645 6486 6485 2
t 1647 6487 6486 2
t 6485 6486 6487 2
t 425 6488 6490 2
t 1646 6489 6488 2
t 1645 6490 6489 2
t 6488 6489 6490 2
t 427 6491 6493 2
t 1647 6492 6491 2
t 1646 6493 6492 2
t 6491 6492 6493 2
t 1645 6489 6486 2
t 1646 6492 6489 2
t 1647 6486 6492 2
t 6489 6492 6486 2
t 115 6494 6496 2
t 1648 6495 6494 2
t 1650 6496 6495 2
t 6494 6495 6496 2
t 426 6497 6499 2
t 1649 6498 6497 2
t 1648 6499 6498 2
t 6497 6498 6499 2
t 425 6500 6502 2
t 1650 6501 6500 2
t 1649 6502 6501 2
t 6500 6501 6502 2
t 1648 6498 6495 2
t 1649 6501 6498 2
t 1650 6495 6501 2
t 6498 6501 6495 2
t 117 6503 6505 2
t 1651 6504 6503 2
t 1653 6505 6504 2
t 6503 6504 6505 2
t 427 6506 6508 2
t 1652 6507 6506 2
t 1651 6508 6507 2
t 6506 6507 6508 2
t 426 6509 6511 2
t 1653 6510 6509 2
t 1652 6511 6510 2
t 6509 6510 6511 2
t 1651 6507 6504 2
t 1652 6510 6507 2
t 1653 6504 6510 2
t 6507 6510 6504 2
t 425 6502 6488 2
t 1649 6512 6502 2
t 1646 6488 6512 2
t 6502 6512 6488 2
t 426 6511 6497 2
t 1652 6513 6511 2
t 1649 6497 6513 2
t 6511 6513 6497 2
t 427 6493 6506 2
t 1646 6514 6493 2
t 1652 6506 6514 2
t 6493 6514 6506 2
t 1649 6513 6512 2
t 1652 6514 6513 2
t 1646 6512 6514 2
t 6513 6514 6512 2
t 35 6515 6517 2
t 1654 6516 6515 2
t 1656 6517 6516 2
t 6515 6516 6517 2
t 428 6518 6520 2
t 1655 6519 6518 2
t 1654 6520 6519 2
t 6518 6519 6520 2
t 430 6521 6523 2
t 1656 6522 6521 2
t 1655 6523 6522 2
t 6521 6522 6523 2
t 1654 6519 6516 2
t 1655 6522 6519 2
t 1656 6516 6522 2
t 6519 6522 6516 2
t 116 6524 6526 2
t 1657 6525 6524 2
t 1659 6526 6525 2
t 6524 6525 6526 2
t 429 6527 6529 2
t 1658 6528 6527 2
t 1657 6529 6528 2
t 6527 6528 6529 2
t 428 6530 6532 2
t 1659 6531 6530 2
t 1658 6532 6531 2
t 6530 6531 6532 2
t 1657 6528 6525 2
t 1658 6531 6528 2
t 1659 6525 6531 2
t 6528 6531 6525 2
t 115 6533 6535 2
t 1660 6534 6533 2
t 1662 6535 6534 2
t 6533 6534 6535 2
t 430 6536 6538 2
t 1661 6537 6536 2
t 1660 6538 6537 2
t 6536 6537 6538 2
t 429 6539 6541 2
t 1662 6540 6539 2
t 1661 6541 6540 2
t 6539 6540 6541 2
t 1660 6537 6534 2
t 1661 6540 6537 2
t 1662 6534 6540 2
t 6537 6540 6534 2
t 428 6532 6518 2
t 1658 6542 6532 2
t 1655 6518 6542 2
t 6532 6542 6518 2
t 429 6541 6527 2
t 1661 6543 6541 2
t 1658 6527 6543 2
t 6541 6543 6527 2
t 430 6523 6536 2
t 1655 6544 6523 2
t 1661 6536 6544 2
t 6523 6544 6536 2
t 1658 6543 6542 2
t 1661 6544 6543 2
t 1655 6542 6544 2
t 6543 6544 6542 2
t 37 6545 6547 2
t 1663 6546 6545 2
t 1665 6547 6546 2
t 6545 6546 6547 2
t 431 6548 6550 2
t 1664 6549 6548 2
t 1663 6550 6549 2
t 6548 6549 6550 2
t 433 6551 6553 2
t 1665 6552 6551 2
t 1664 6553 6552 2
t 6551 6552 6553 2
t 1663 6549 6546 2
t 1664 6552 6549 2
t 1665 6546 6552 2
t 6549 6552 6546 2
t 117 6554 6556 2
t 1666 6555 6554 2
t 1668 6556 6555 2
t 6554 6555 6556 2
t 432 6557 6559 2
t 1667 6558 6557 2
t 1666 6559 6558 2
t 6557 6558 6559 2
t 431 6560 6562 2
t 1668 6561 6560 2
t 1667 6562 6561 2
t 6560 6561 6562 2
t 1666 6558 6555 2
t 1667 6561 6558 2
t 1668 6555 6561 2
t 6558 6561 6555 2
t 116 6563 6565 2
t 1669 6564 6563 2
t 1671 6565 6564 2
t 6563 6564 6565 2
t 433 6566 6568 2
t 1670 6567 6566 2
t 1669 6568 6567 2
t 6566 6567 6568 2
t 432 6569 6571 2
t 1671 6570 6569 2
t 1670 6571 6570 2
t 6569 6570 6571 2
t 1669 6567 6564 2
t 1670 6570 6567 2
t 1671 6564 6570 2
t 6567 6570 6564 2
t 431 6562 6548 2
t 1667 6572 6562 2
t 1664 6548 6572 2
t 6562 6572 6548 2
t 432 6571 6557 2
t 1670 6573 6571 2
t 1667 6557 6573 2
t 6571 6573 6557 2
t 433 6553 6566 2
t 1664 6574 6553 2
t 1670 6566 6574 2
t 6553 6574 6566 2
t 1667 6573 6572 2
t 1670 6574 6573 2
t 1664 6572 6574 2
t 6573 6574 6572 2
t 115 6535 6494 2
t 1662 6575 6535 2
t 1648 6494 6575 2
t 6535 6575 6494 2
t 429 6576 6539 2
t 1672 6577 6576 2
t 1662 6539 6577 2
t 6576 6577 6539 2
t 426 6499 6579 2
t 1648 6578 6499 2
t 1672 6579 6578 2
t 6499 6578 6579 2
t 1662 6577 6575 2
t 1672 6578 6577 2
t 1648 6575 6578 2
t 6577 6578 6575 2
t 116 6565 6524 2
t 1671 6580 6565 2
t 1657 6524 6580 2
t 6565 6580 6524 2
t 432 6581 6569 2
t 1673 6582 6581 2
t 1671 6569 6582 2
t 6581 6582 6569 2
t 429 6529 6584 2
t 1657 6583 6529 2
t 1673 6584 6583 2
t 6529 6583 6584 2
t 1671 6582 6580 2
t 1673 6583 6582 2
t 1657 6580 6583 2
t 6582 6583 6580 2
t 117 6505 6554 2
t 1653 6585 6505 2
t 1666 6554 6585 2
t 6505 6585 6554 2
t 426 6586 6509 2
t 1674 6587 6586 2
t 1653 6509 6587 2
t 6586 6587 6509 2
t 432 6559 6589 2
t 1666 6588 6559 2
t 1674 6589 6588 2
t 6559 6588 6589 2
t 1653 6587 6585 2
t 1674 6588 6587 2
t 1666 6585 6588 2
t 6587 6588 6585 2
t 429 6584 6576 2
t 1673 6590 6584 2
t 1672 6576 6590 2
t 6584 6590 6576 2
t 432 6589 6581 2
t 1674 6591 6589 2
t 1673 6581 6591 2
t 6589 6591 6581 2
t 426 6579 6586 2
t 1672 6592 6579 2
t 1674 6586 6592 2
t 6579 6592 6586 2
t 1673 6591 6590 2
t 1674 6592 6591 2
t 1672 6590 6592 2
t 6591 6592 6590 2
t 12 6593 6595 2
t 1675 6594 6593 2
t 1677 6595 6594 2
t 6593 6594 6595 2
t 434 6596 6598 2
t 1676 6597 6596 2
t 1675 6598 6597 2
t 6596 6597 6598 2
t 436 6599 6601 2
t 1677 6600 6599 2
t 1676 6601 6600 2
t 6599 6600 6601 2
t 1675 6597 6594 2
t 1676 6600 6597 2
t 1677 6594 6600 2
t 6597 6600 6594 2
t 118 6602 6604 2
t 1678 6603 6602 2
t 1680 6604 6603 2
t 6602 6603 6604 2
t 435 6605 6607 2
t 1679 6606 6605 2
t 1678 6607 6606 2
t 6605 6606 6607 2
t 434 6608 6610 2
t 1680 6609 6608 2
t 1679 6610 6609 2
t 6608 6609 6610 2
t 1678 6606 6603 2
t 1679 6609 6606 2
t 1680 6603 6609 2
t 6606 6609 6603 2
t 120 6611 6613 2
t 1681 6612 6611 2
t 1683 6613 6612 2
t 6611 6612 6613 2
t 436 6614 6616 2
t 1682 6615 6614 2
t 1681 6616 6615 2
t 6614 6615 6616 2
t 435 6617 6619 2
t 1683 6618 6617 2
t 1682 6619 6618 2
t 6617 6618 6619 2
t 1681 6615 6612 2
t 1682 6618 6615 2
t 1683 6612 6618 2
t 6615 6618 6612 2
t 434 6610 6596 2
t 1679 6620 6610 2
t 1676 6596 6620 2
t 6610 6620 6596 2
t 435 6619 6605 2
t 1682 6621 6619 2
t 1679 6605 6621 2
t 6619 6621 6605 2
t 436 6601 6614 2
t 1676 6622 6601 2
t 1682 6614 6622 2
t 6601 6622 6614 2
t 1679 6621 6620 2
t 1682 6622 6621 2
t 1676 6620 6622 2
t 6621 6622 6620 2
t 36 6623 6625 2
t 1684 6624 6623 2
t 1686 6625 6624 2
t 6623 6624 6625 2
t 437 6626 6628 2
t 1685 6627 6626 2
t 1684 6628 6627 2
t 6626 6627 6628 2
t 439 6629 6631 2
t 1686 6630 6629 2
t 1685 6631 6630 2
t 6629 6630 6631 2
t 1684 6627 6624 2
t 1685 6630 6627 2
t 1686 6624 6630 2
t 6627 6630 6624 2
t 119 6632 6634 2
t 1687 6633 6632 2
t 1689 6634 6633 2
t 6632 6633 6634 2
t 438 6635 6637 2
t 1688 6636 6635 2
t 1687 6637 6636 2
t 6635 6636 6637 2
t 437 6638 6640 2
t 1689 6639 6638 2
t 1688 6640 6639 2
t 6638 6639 6640 2
t 1687 6636 6633 2
t 1688 6639 6636 2
t 1689 6633 6639 2
t 6636 6639 6633 2
t 118 6641 6643 2
t 1690 6642 6641 2
t 1692 6643 6642 2
t 6641 6642 6643 2
t 439 6644 6646 2
t 1691 6645 6644 2
t 1690 6646 6645 2
t 6644 6645 6646 2
t 438 6647 6649 2
t 1692 6648 6647 2
t 1691 6649 6648 2
t 6647 6648 6649 2
t 1690 6645 6642 2
t 1691 6648 6645 2
t 1692 6642 6648 2
t 6645 6648 6642 2
t 437 6640 6626 2
t 1688 6650 6640 2
t 1685 6626 6650 2
t 6640 6650 6626 2
t 438 6649 6635 2
t 1691 6651 6649 2
t 1688 6635 6651 2
t 6649 6651 6635 2
t 439 6631 6644 2
t 1685 6652 6631 2
t 1691 6644 6652 2
t 6631 6652 6644 2
t 1688 6651 6650 2
t 1691 6652 6651 2
t 1685 6650 6652 2
t 6651 6652 6650 2
t 35 6653 6655 2
t 1693 6654 6653 2
t 1695 6655 6654 2
t 6653 6654 6655 2
t 440 6656 6658 2
t 1694 6657 6656 2
t 1693 6658 6657 2
t 6656 6657 6658 2
t 442 6659 6661 2
t 1695 6660 6659 2
t 1694 6661 6660 2
t 6659 6660 6661 2
t 1693 6657 6654 2
t 1694 6660 6657 2
t 1695 6654 6660 2
t 6657 6660 6654 2
t 120 6662 6664 2
t 1696 6663 6662 2
t 1698 6664 6663 2
t 6662 6663 6664 2
t 441 6665 6667 2
t 1697 6666 6665 2
t 1696 6667 6666 2
t 6665 6666 6667 2
t 440 6668 6670 2
t 1698 6669 6668 2
t 1697 6670 6669 2
t 6668 6669 6670 2
t 1696 6666 6663 2
t 1697 6669 6666 2
t 1698 6663 6669 2
t 6666 6669 6663 2
t 119 6671 6673 2
t 1699 6672 6671 2
t 1701 6673 6672 2
t 6671 6672 6673 2
t 442 6674 6676 2
t 1700 6675 6674 2
t 1699 6676 6675 2
t 6674 6675 6676 2
t 441 6677 6679 2
t 1701 6678 6677 2
t 1700 6679 6678 2
t 6677 6678 6679 2
t 1699 6675 6672 2
t 1700 6678 6675 2
t 1701 6672 6678 2
t 6675 6678 6672 2
t 440 6670 6656 2
t 1697 6680 6670 2
t 1694 6656 6680 2
t 6670 6680 6656 2
t 441 6679 6665 2
t 1700 6681 6679 2
t 1697 6665 6681 2
t 6679 6681 6665 2
t 442 6661 6674 2
t 1694 6682 6661 2
t 1700 6674 6682 2
t 6661 6682 6674 2
t 1697 6681 6680 2
t 1700 6682 6681 2
t 1694 6680 6682 2
t 6681 6682 6680 2
t 118 6643 6602 2
t 1692 6683 6643 2
t 1678 6602 6683 2
t 6643 6683 6602 2
t 438 6684 6647 2
t 1702 6685 6684 2
t 1692 6647 6685 2
t 6684 6685 6647 2
t 435 6607 6687 2
t 1678 6686 6607 2
t 1702 6687 6686 2
t 6607 6686 6687 2
t 1692 6685 6683 2
t 1702 6686 6685 2
t 1678 6683 6686 2
t 6685 6686 6683 2
t 119 6673 6632 2
t 1701 6688 6673 2
t 1687 6632 6688 2
t 6673 6688 6632 2
t 441 6689 6677 2
t 1703 6690 6689 2
t 1701 6677 6690 2
t 6689 6690 6677 2
t 438 6637 6692 2
t 1687 6691 6637 2
t 1703 6692 6691 2
t 6637 6691 6692 2
t 1701 6690 6688 2
t 1703 6691 6690 2
t 1687 6688 6691 2
t 6690 6691 6688 2
t 120 6613 6662 2
t 1683 6693 6613 2
t 1696 6662 6693 2
t 6613 6693 6662 2
t 435 6694 6617 2
t 1704 6695 6694 2
t 1683 6617 6695 2
t 6694 6695 6617 2
t 441 6667 6697 2
t 1696 6696 6667 2
t 1704 6697 6696 2
t 6667 6696 6697 2
t 1683 6695 6693 2
t 1704 6696 6695 2
t 1696 6693 6696 2
t 6695 6696 6693 2
t 438 6692 6684 2
t 1703 6698 6692 2
t 1702 6684 6698 2
t 6692 6698 6684 2
t 441 6697 6689 2
t 1704 6699 6697 2
t 1703 6689 6699 2
t 6697 6699 6689 2
t 435 6687 6694 2
t 1702 6700 6687 2
t 1704 6694 6700 2
t 6687 6700 6694 2
t 1703 6699 6698 2
t 1704 6700 6699 2
t 1702 6698 6700 2
t 6699 6700 6698 2
t 7 6701 6703 2
t 1705 6702 6701 2
t 1707 6703 6702 2
t 6701 6702 6703 2
t 443 6704 6706 2
t 1706 6705 6704 2
t 1705 6706 6705 2
t 6704 6705 6706 2
t 445 6707 6709 2
t 1707 6708 6707 2
t 1706 6709 6708 2
t 6707 6708 6709 2
t 1705 6705 6702 2
t 1706 6708 6705 2
t 1707 6702 6708 2
t 6705 6708 6702 2
t 121 6710 6712 2
t 1708 6711 6710 2
t 1710 6712 6711 2
t 6710 6711 6712 2
t 444 6713 6715 2
t 1709 6714 6713 2
t 1708 6715 6714 2
t 6713 6714 6715 2
t 443 6716 6718 2
t 1710 6717 6716 2
t 1709 6718 6717 2
t 6716 6717 6718 2
t 1708 6714 6711 2
t 1709 6717 6714 2
t 1710 6711 6717 2
t 6714 6717 6711 2
t 123 6719 6721 2
t 1711 6720 6719 2
t 1713 6721 6720 2
t 6719 6720 6721 2
t 445 6722 6724 2
t 1712 6723 6722 2
t 1711 6724 6723 2
t 6722 6723 6724 2
t 444 6725 6727 2
t 1713 6726 6725 2
t 1712 6727 6726 2
t 6725 6726 6727 2
t 1711 6723 6720 2
t 1712 6726 6723 2
t 1713 6720 6726 2
t 6723 6726 6720 2
t 443 6718 6704 2
t 1709 6728 6718 2
t 1706 6704 6728 2
t 6718 6728 6704 2
t 444 6727 6713 2
t 1712 6729 6727 2
t 1709 6713 6729 2
t 6727 6729 6713 2
t 445 6709 6722 2
t 1706 6730 6709 2
t 1712 6722 6730 2
t 6709 6730 6722 2
t 1709 6729 6728 2
t 1712 6730 6729 2
t 1706 6728 6730 2
t 6729 6730 6728 2
t 37 6731 6733 2
t 1714 6732 6731 2
t 1716 6733 6732 2
t 6731 6732 6733 2
t 446 6734 6736 2
t 1715 6735 6734 2
t 1714 6736 6735 2
t 6734 6735 6736 2
t 448 6737 6739 2
t 1716 6738 6737 2
t 1715 6739 6738 2
t 6737 6738 6739 2
t 1714 6735 6732 2
t 1715 6738 6735 2
t 1716 6732 6738 2
t 6735 6738 6732 2
t 122 6740 6742 2
t 1717 6741 6740 2
t 1719 6742 6741 2
t 6740 6741 6742 2
t 447 6743 6745 2
t 1718 6744 6743 2
t 1717 6745 6744 2
t 6743 6744 6745 2
t 446 6746 6748 2
t 1719 6747 6746 2
t 1718 6748 6747 2
t 6746 6747 6748 2
t 1717 6744 6741 2
t 1718 6747 6744 2
t 1719 6741 6747 2
t 6744 6747 6741 2
t 121 6749 6751 2
t 1720 6750 6749 2
t 1722 6751 6750 2
t 6749 6750 6751 2
t 448 6752 6754 2
t 1721 6753 6752 2
t 1720 6754 6753 2
t 6752 6753 6754 2
t 447 6755 6757 2
t 1722 6756 6755 2
t 1721 6757 6756 2
t 6755 6756 6757 2
t 1720 6753 6750 2
t 1721 6756 6753 2
t 1722 6750 6756 2
t 6753 6756 6750 2
t 446 6748 6734 2
t 1718 6758 6748 2
t 1715 6734 6758 2
t 6748 6758 6734 2
t 447 6757 6743 2
t 1721 6759 6757 2
t 1718 6743 6759 2
t 6757 6759 6743 2
t 448 6739 6752 2
t 1715 6760 6739 2
t 1721 6752 6760 2
t 6739 6760 6752 2
t 1718 6759 6758 2
t 1721 6760 6759 2
t 1715 6758 6760 2
t 6759 6760 6758 2
t 36 6761 6763 2
t 1723 6762 6761 2
t 1725 6763 6762 2
t 6761 6762 6763 2
t 449 6764 6766 2
t 1724 6765 6764 2
t 1723 6766 6765 2
t 6764 6765 6766 2
t 451 6767 6769 2
t 1725 6768 6767 2
t 1724 6769 6768 2
t 6767 6768 6769 2
t 1723 6765 6762 2
t 1724 6768 6765 2
t 1725 6762 6768 2
t 6765 6768 6762 2
t 123 6770 6772 2
t 1726 6771 6770 2
t 1728 6772 6771 2
t 6770 6771 6772 2
t 450 6773 6775 2
t 1727 6774 6773 2
t 1726 6775 6774 2
t 6773 6774 6775 2
t 449 6776 6778 2
t 1728 6777 6776 2
t 1727 6778 6777 2
t 6776 6777 6778 2
t 1726 6774 6771 2
t 1727 6777 6774 2
t 1728 6771 6777 2
t 6774 6777 6771 2
t 122 6779 6781 2
t 1729 6780 6779 2
t 1731 6781 6780 2
t 6779 6780 6781 2
t 451 6782 6784 2
t 1730 6783 6782 2
t 1729 6784 6783 2
t 6782 6783 6784 2
t 450 6785 6787 2
t 1731 6786 6785 2
t 1730 6787 6786 2
t 6785 6786 6787 2
t 1729 6783 6780 2
t 1730 6786 6783 2
t 1731 6780 6786 2
t 6783 6786 6780 2
t 449 6778 6764 2
t 1727 6788 6778 2
t 1724 6764 6788 2
t 6778 6788 6764 2
t 450 6787 6773 2
t 1730 6789 6787 2
t 1727 6773 6789 2
t 6787 6789 6773 2
t 451 6769 6782 2
t 1724 6790 6769 2
t 1730 6782 6790 2
t 6769 6790 6782 2
t 1727 6789 6788 2
t 1730 6790 6789 2
t 1724 6788 6790 2
t 6789 6790 6788 2
t 121 6751 6710 2
t 1722 6791 6751 2
t 1708 6710 6791 2
t 6751 6791 6710 2
t 447 6792 6755 2
t 1732 6793 6792 2
t 1722 6755 6793 2
t 6792 6793 6755 2
t 444 6715 6795 2
t 1708 6794 6715 2
t 1732 6795 6794 2
t 6715 6794 6795 2
t 1722 6793 6791 2
t 1732 6794 6793 2
t 1708 6791 6794 2
t 6793 6794 6791 2
t 122 6781 6740 2
t 1731 6796 6781 2
t 1717 6740 6796 2
t 6781 6796 6740 2
t 450 6797 6785 2
t 1733 6798 6797 2
t 1731 6785 6798 2
t 6797 6798 6785 2
t 447 6745 6800 2
t 1717 6799 6745 2
t 1733 6800 6799 2
t 6745 6799 6800 2
t 1731 6798 6796 2
t 1733 6799 6798 2
t 1717 6796 6799 2
t 6798 6799 6796 2
t 123 6721 6770 2
t 1713 6801 6721 2
t 1726 6770 6801 2
t 6721 6801 6770 2
t 444 6802 6725 2
t 1734 6803 6802 2
t 1713 6725 6803 2
t 6802 6803 6725 2
t 450 6775 6805 2
t 1726 6804 6775 2
t 1734 6805 6804 2
t 6775 6804 6805 2
t 1713 6803 6801 2
t 1734 6804 6803 2
t 1726 6801 6804 2
t 6803 6804 6801 2
t 447 6800 6792 2
t 1733 6806 6800 2
t 1732 6792 6806 2
t 6800 6806 6792 2
t 450 6805 6797 2
t 1734 6807 6805 2
t 1733 6797 6807 2
t 6805 6807 6797 2
t 444 6795 6802 2
t 1732 6808 6795 2
t 1734 6802 6808 2
t 6795 6808 6802 2
t 1733 6807 6806 2
t 1734 6808 6807 2
t 1732 6806 6808 2
t 6807 6808 6806 2
t 35 6655 6515 2
t 1695 6809 6655 2
t 1654 6515 6809 2
t 6655 6809 6515 2
t 442 6810 6659 2
t 1735 6811 6810 2
t 1695 6659 6811 2
t 6810 6811 6659 2
t 428 6520 6813 2
t 1654 6812 6520 2
t 1735 6813 6812 2
t 6520 6812 6813 2
t 1695 6811 6809 2
t 1735 6812 6811 2
t 1654 6809 6812 2
t 6811 6812 6809 2
t 119 6814 6671 2
t 1736 6815 6814 2
t 1699 6671 6815 2
t 6814 6815 6671 2
t 452 6816 6818 2
t 1737 6817 6816 2
t 1736 6818 6817 2
t 6816 6817 6818 2
t 442 6676 6820 2
t 1699 6819 6676 2
t 1737 6820 6819 2
t 6676 6819 6820 2
t 1736 6817 6815 2
t 1737 6819 6817 2
t 1699 6815 6819 2
t 6817 6819 6815 2
t 116 6526 6822 2
t 1659 6821 6526 2
t 1739 6822 6821 2
t 6526 6821 6822 2
t 428 6823 6530 2
t 1738 6824 6823 2
t 1659 6530 6824 2
t 6823 6824 6530 2
t 452 6825 6827 2
t 1739 6826 6825 2
t 1738 6827 6826 2
t 6825 6826 6827 2
t 1659 6824 6821 2
t 1738 6826 6824 2
t 1739 6821 6826 2
t 6824 6826 6821 2
t 442 6820 6810 2
t 1737 6828 6820 2
t 1735 6810 6828 2
t 6820 6828 6810 2
t 452 6827 6816 2
t 1738 6829 6827 2
t 1737 6816 6829 2
t 6827 6829 6816 2
t 428 6813 6823 2
t 1735 6830 6813 2
t 1738 6823 6830 2
t 6813 6830 6823 2
t 1737 6829 6828 2
t 1738 6830 6829 2
t 1735 6828 6830 2
t 6829 6830 6828 2
t 36 6763 6623 2
t 1725 6831 6763 2
t 1684 6623 6831 2
t 6763 6831 6623 2
t 451 6832 6767 2
t 1740 6833 6832 2
t 1725 6767 6833 2
t 6832 6833 6767 2
t 437 6628 6835 2
t 1684 6834 6628 2
t 1740 6835 6834 2
t 6628 6834 6835 2
t 1725 6833 6831 2
t 1740 6834 6833 2
t 1684 6831 6834 2
t 6833 6834 6831 2
t 122 6836 6779 2
t 1741 6837 6836 2
t 1729 6779 6837 2
t 6836 6837 6779 2
t 453 6838 6840 2
t 1742 6839 6838 2
t 1741 6840 6839 2
t 6838 6839 6840 2
t 451 6784 6842 2
t 1729 6841 6784 2
t 1742 6842 6841 2
t 6784 6841 6842 2
t 1741 6839 6837 2
t 1742 6841 6839 2
t 1729 6837 6841 2
t 6839 6841 6837 2
t 119 6634 6844 2
t 1689 6843 6634 2
t 1744 6844 6843 2
t 6634 6843 6844 2
t 437 6845 6638 2
t 1743 6846 6845 2
t 1689 6638 6846 2
t 6845 6846 6638 2
t 453 6847 6849 2
t 1744 6848 6847 2
t 1743 6849 6848 2
t 6847 6848 6849 2
t 1689 6846 6843 2
t 1743 6848 6846 2
t 1744 6843 6848 2
t 6846 6848 6843 2
t 451 6842 6832 2
t 1742 6850 6842 2
t 1740 6832 6850 2
t 6842 6850 6832 2
t 453 6849 6838 2
t 1743 6851 6849 2
t 1742 6838 6851 2
t 6849 6851 6838 2
t 437 6835 6845 2
t 1740 6852 6835 2
t 1743 6845 6852 2
t 6835 6852 6845 2
t 1742 6851 6850 2
t 1743 6852 6851 2
t 1740 6850 6852 2
t 6851 6852 6850 2
t 37 6547 6731 2
t 1665 6853 6547 2
t 1714 6731 6853 2
t 6547 6853 6731 2
t 433 6854 6551 2
t 1745 6855 6854 2
t 1665 6551 6855 2
t 6854 6855 6551 2
t 446 6736 6857 2
t 1714 6856 6736 2
t 1745 6857 6856 2
t 6736 6856 6857 2
t 1665 6855 6853 2
t 1745 6856 6855 2
t 1714 6853 6856 2
t 6855 6856 6853 2
t 116 6858 6563 2
t 1746 6859 6858 2
t 1669 6563 6859 2
t 6858 6859 6563 2
t 454 6860 6862 2
t 1747 6861 6860 2
t 1746 6862 6861 2
t 6860 6861 6862 2
t 433 6568 6864 2
t 1669 6863 6568 2
t 1747 6864 6863 2
t 6568 6863 6864 2
t 1746 6861 6859 2
t 1747 6863 6861 2
t 1669 6859 6863 2
t 6861 6863 6859 2
t 122 6742 6866 2
t 1719 6865 6742 2
t 1749 6866 6865 2
t 6742 6865 6866 2
t 446 6867 6746 2
t 1748 6868 6867 2
t 1719 6746 6868 2
t 6867 6868 6746 2
t 454 6869 6871 2
t 1749 6870 6869 2
t 1748 6871 6870 2
t 6869 6870 6871 2
t 1719 6868 6865 2
t 1748 6870 6868 2
t 1749 6865 6870 2
t 6868 6870 6865 2
t 433 6864 6854 2
t 1747 6872 6864 2
t 1745 6854 6872 2
t 6864 6872 6854 2
t 454 6871 6860 2
t 1748 6873 6871 2
t 1747 6860 6873 2
t 6871 6873 6860 2
t 446 6857 6867 2
t 1745 6874 6857 2
t 1748 6867 6874 2
t 6857 6874 6867 2
t 1747 6873 6872 2
t 1748 6874 6873 2
t 1745 6872 6874 2
t 6873 6874 6872 2
t 119 6844 6814 2
t 1744 6875 6844 2
t 1736 6814 6875 2
t 6844 6875 6814 2
t 453 6876 6847 2
t 1750 6877 6876 2
t 1744 6847 6877 2
t 6876 6877 6847 2
t 452 6818 6879 2
t 1736 6878 6818 2
t 1750 6879 6878 2
t 6818 6878 6879 2
t 1744 6877 6875 2
t 1750 6878 6877 2
t 1736 6875 6878 2
t 6877 6878 6875 2
t 122 6866 6836 2
t 1749 6880 6866 2
t 1741 6836 6880 2
t 6866 6880 6836 2
t 454 6881 6869 2
t 1751 6882 6881 2
t 1749 6869 6882 2
t 6881 6882 6869 2
t 453 6840 6884 2
t 1741 6883 6840 2
t 1751 6884 6883 2
t 6840 6883 6884 2
t 1749 6882 6880 2
t 1751 6883 6882 2
t 1741 6880 6883 2
t 6882 6883 6880 2
t 116 6822 6858 2
t 1739 6885 6822 2
t 1746 6858 6885 2
t 6822 6885 6858 2
t 452 6886 6825 2
t 1752 6887 6886 2
t 1739 6825 6887 2
t 6886 6887 6825 2
t 454 6862 6889 2
t 1746 6888 6862 2
t 1752 6889 6888 2
t 6862 6888 6889 2
t 1739 6887 6885 2
t 1752 6888 6887 2
t 1746 6885 6888 2
t 6887 6888 6885 2
t 453 6884 6876 2
t 1751 6890 6884 2
t 1750 6876 6890 2
t 6884 6890 6876 2
t 454 6889 6881 2
t 1752 6891 6889 2
t 1751 6881 6891 2
t 6889 6891 6881 2
t 452 6879 6886 2
t 1750 6892 6879 2
t 1752 6886 6892 2
t 6879 6892 6886 2
t 1751 6891 6890 2
t 1752 6892 6891 2
t 1750 6890 6892 2
t 6891 6892 6890 2
t 6 6487 6894 2
t 1647 6893 6487 2
t 1754 6894 6893 2
t 6487 6893 6894 2
t 427 6895 6491 2
t 1753 6896 6895 2
t 1647 6491 6896 2
t 6895 6896 6491 2
t 456 6897 6899 2
t 1754 6898 6897 2
t 1753 6899 6898 2
t 6897 6898 6899 2
t 1647 6896 6893 2
t 1753 6898 6896 2
t 1754 6893 6898 2
t 6896 6898 6893 2
t 117 6900 6503 2
t 1755 6901 6900 2
t 1651 6503 6901 2
t 6900 6901 6503 2
t 455 6902 6904 2
t 1756 6903 6902 2
t 1755 6904 6903 2
t 6902 6903 6904 2
t 427 6508 6906 2
t 1651 6905 6508 2
t 1756 6906 6905 2
t 6508 6905 6906 2
t 1755 6903 6901 2
t 1756 6905 6903 2
t 1651 6901 6905 2
t 6903 6905 6901 2
t 125 6907 6909 2
t 1757 6908 6907 2
t 1759 6909 6908 2
t 6907 6908 6909 2
t 456 6910 6912 2
t 1758 6911 6910 2
t 1757 6912 6911 2
t 6910 6911 6912 2
t 455 6913 6915 2
t 1759 6914 6913 2
t 1758 6915 6914 2
t 6913 6914 6915 2
t 1757 6911 6908 2
t 1758 6914 6911 2
t 1759 6908 6914 2
t 6911 6914 6908 2
t 427 6906 6895 2
t 1756 6916 6906 2
t 1753 6895 6916 2
t 6906 6916 6895 2
t 455 6915 6902 2
t 1758 6917 6915 2
t 1756 6902 6917 2
t 6915 6917 6902 2
t 456 6899 6910 2
t 1753 6918 6899 2
t 1758 6910 6918 2
t 6899 6918 6910 2
t 1756 6917 6916 2
t 1758 6918 6917 2
t 1753 6916 6918 2
t 6917 6918 6916 2
t 37 6919 6545 2
t 1760 6920 6919 2
t 1663 6545 6920 2
t 6919 6920 6545 2
t 457 6921 6923 2
t 1761 6922 6921 2
t 1760 6923 6922 2
t 6921 6922 6923 2
t 431 6550 6925 2
t 1663 6924 6550 2
t 1761 6925 6924 2
t 6550 6924 6925 2
t 1760 6922 6920 2
t 1761 6924 6922 2
t 1663 6920 6924 2
t 6922 6924 6920 2
t 124 6926 6928 2
t 1762 6927 6926 2
t 1764 6928 6927 2
t 6926 6927 6928 2
t 458 6929 6931 2
t 1763 6930 6929 2
t 1762 6931 6930 2
t 6929 6930 6931 2
t 457 6932 6934 2
t 1764 6933 6932 2
t 1763 6934 6933 2
t 6932 6933 6934 2
t 1762 6930 6927 2
t 1763 6933 6930 2
t 1764 6927 6933 2
t 6930 6933 6927 2
t 117 6556 6936 2
t 1668 6935 6556 2
t 1766 6936 6935 2
t 6556 6935 6936 2
t 431 6937 6560 2
t 1765 6938 6937 2
t 1668 6560 6938 2
t 6937 6938 6560 2
t 458 6939 6941 2
t 1766 6940 6939 2
t 1765 6941 6940 2
t 6939 6940 6941 2
t 1668 6938 6935 2
t 1765 6940 6938 2
t 1766 6935 6940 2
t 6938 6940 6935 2
t 457 6934 6921 2
t 1763 6942 6934 2
t 1761 6921 6942 2
t 6934 6942 6921 2
t 458 6941 6929 2
t 1765 6943 6941 2
t 1763 6929 6943 2
t 6941 6943 6929 2
t 431 6925 6937 2
t 1761 6944 6925 2
t 1765 6937 6944 2
t 6925 6944 6937 2
t 1763 6943 6942 2
t 1765 6944 6943 2
t 1761 6942 6944 2
t 6943 6944 6942 2
t 39 6945 6947 2
t 1767 6946 6945 2
t 1769 6947 6946 2
t 6945 6946 6947 2
t 459 6948 6950 2
t 1768 6949 6948 2
t 1767 6950 6949 2
t 6948 6949 6950 2
t 461 6951 6953 2
t 1769 6952 6951 2
t 1768 6953 6952 2
t 6951 6952 6953 2
t 1767 6949 6946 2
t 1768 6952 6949 2
t 1769 6946 6952 2
t 6949 6952 6946 2
t 125 6954 6956 2
t 1770 6955 6954 2
t 1772 6956 6955 2
t 6954 6955 6956 2
t 460 6957 6959 2
t 1771 6958 6957 2
t 1770 6959 6958 2
t 6957 6958 6959 2
t 459 6960 6962 2
t 1772 6961 6960 2
t 1771 6962 6961 2
t 6960 6961 6962 2
t 1770 6958 6955 2
t 1771 6961 6958 2
t 1772 6955 6961 2
t 6958 6961 6955 2
t 124 6963 6965 2
t 1773 6964 6963 2
t 1775 6965 6964 2
t 6963 6964 6965 2
t 461 6966 6968 2
t 1774 6967 6966 2
t 1773 6968 6967 2
t 6966 6967 6968 2
t 460 6969 6971 2
t 1775 6970 6969 2
t 1774 6971 6970 2
t 6969 6970 6971 2
t 1773 6967 6964 2
t 1774 6970 6967 2
t 1775 6964 6970 2
t 6967 6970 6964 2
t 459 6962 6948 2
t 1771 6972 6962 2
t 1768 6948 6972 2
t 6962 6972 6948 2
t 460 6971 6957 2
t 1774 6973 6971 2
t 1771 6957 6973 2
t 6971 6973 6957 2
t 461 6953 6966 2
t 1768 6974 6953 2
t 1774 6966 6974 2
t 6953 6974 6966 2
t 1771 6973 6972 2
t 1774 6974 6973 2
t 1768 6972 6974 2
t 6973 6974 6972 2
t 117 6936 6900 2
t 1766 6975 6936 2
t 1755 6900 6975 2
t 6936 6975 6900 2
t 458 6976 6939 2
t 1776 6977 6976 2
t 1766 6939 6977 2
t 6976 6977 6939 2
t 455 6904 6979 2
t 1755 6978 6904 2
t 1776 6979 6978 2
t 6904 6978 6979 2
t 1766 6977 6975 2
t 1776 6978 6977 2
t 1755 6975 6978 2
t 6977 6978 6975 2
t 124 6965 6926 2
t 1775 6980 6965 2
t 1762 6926 6980 2
t 6965 6980 6926 2
t 460 6981 6969 2
t 1777 6982 6981 2
t 1775 6969 6982 2
t 6981 6982 6969 2
t 458 6931 6984 2
t 1762 6983 6931 2
t 1777 6984 6983 2
t 6931 6983 6984 2
t 1775 6982 6980 2
t 1777 6983 6982 2
t 1762 6980 6983 2
t 6982 6983 6980 2
t 125 6909 6954 2
t 1759 6985 6909 2
t 1770 6954 6985 2
t 6909 6985 6954 2
t 455 6986 6913 2
t 1778 6987 6986 2
t 1759 6913 6987 2
t 6986 6987 6913 2
t 460 6959 6989 2
t 1770 6988 6959 2
t 1778 6989 6988 2
t 6959 6988 6989 2
t 1759 6987 6985 2
t 1778 6988 6987 2
t 1770 6985 6988 2
t 6987 6988 6985 2
t 458 6984 6976 2
t 1777 6990 6984 2
t 1776 6976 6990 2
t 6984 6990 6976 2
t 460 6989 6981 2
t 1778 6991 6989 2
t 1777 6981 6991 2
t 6989 6991 6981 2
t 455 6979 6986 2
t 1776 6992 6979 2
t 1778 6986 6992 2
t 6979 6992 6986 2
t 1777 6991 6990 2
t 1778 6992 6991 2
t 1776 6990 6992 2
t 6991 6992 6990 2
t 7 6993 6701 2
t 1779 6994 6993 2
t 1705 6701 6994 2
t 6993 6994 6701 2
t 462 6995 6997 2
t 1780 6996 6995 2
t 1779 6997 6996 2
t 6995 6996 6997 2
t 443 6706 6999 2
t 1705 6998 6706 2
t 1780 6999 6998 2
t 6706 6998 6999 2
t 1779 6996 6994 2
t 1780 6998 6996 2
t 1705 6994 6998 2
t 6996 6998 6994 2
t 126 7000 7002 2
t 1781 7001 7000 2
t 1783 7002 7001 2
t 7000 7001 7002 2
t 463 7003 7005 2
t 1782 7004 7003 2
t 1781 7005 7004 2
t 7003 7004 7005 2
t 462 7006 7008 2
t 1783 7007 7006 2
t 1782 7008 7007 2
t 7006 7007 7008 2
t 1781 7004 7001 2
t 1782 7007 7004 2
t 1783 7001 7007 2
t 7004 7007 7001 2
t 121 6712 7010 2
t 1710 7009 6712 2
t 1785 7010 7009 2
t 6712 7009 7010 2
t 443 7011 6716 2
t 1784 7012 7011 2
t 1710 6716 7012 2
t 7011 7012 6716 2
t 463 7013 7015 2
t 1785 7014 7013 2
t 1784 7015 7014 2
t 7013 7014 7015 2
t 1710 7012 7009 2
t 1784 7014 7012 2
t 1785 7009 7014 2
t 7012 7014 7009 2
t 462 7008 6995 2
t 1782 7016 7008 2
t 1780 6995 7016 2
t 7008 7016 6995 2
t 463 7015 7003 2
t 1784 7017 7015 2
t 1782 7003 7017 2
t 7015 7017 7003 2
t 443 6999 7011 2
t 1780 7018 6999 2
t 1784 7011 7018 2
t 6999 7018 7011 2
t 1782 7017 7016 2
t 1784 7018 7017 2
t 1780 7016 7018 2
t 7017 7018 7016 2
t 38 7019 7021 2
t 1786 7020 7019 2
t 1788 7021 7020 2
t 7019 7020 7021 2
t 464 7022 7024 2
t 1787 7023 7022 2
t 1786 7024 7023 2
t 7022 7023 7024 2
t 466 7025 7027 2
t 1788 7026 7025 2
t 1787 7027 7026 2
t 7025 7026 7027 2
t 1786 7023 7020 2
t 1787 7026 7023 2
t 1788 7020 7026 2
t 7023 7026 7020 2
t 127 7028 7030 2
t 1789 7029 7028 2
t 1791 7030 7029 2
t 7028 7029 7030 2
t 465 7031 7033 2
t 1790 7032 7031 2
t 1789 7033 7032 2
t 7031 7032 7033 2
t 464 7034 7036 2
t 1791 7035 7034 2
t 1790 7036 7035 2
t 7034 7035 7036 2
t 1789 7032 7029 2
t 1790 7035 7032 2
t 1791 7029 7035 2
t 7032 7035 7029 2
t 126 7037 7039 2
t 1792 7038 7037 2
t 1794 7039 7038 2
t 7037 7038 7039 2
t 466 7040 7042 2
t 1793 7041 7040 2
t 1792 7042 7041 2
t 7040 7041 7042 2
t 465 7043 7045 2
t 1794 7044 7043 2
t 1793 7045 7044 2
t 7043 7044 7045 2
t 1792 7041 7038 2
t 1793 7044 7041 2
t 1794 7038 7044 2
t 7041 7044 7038 2
t 464 7036 7022 2
t 1790 7046 7036 2
t 1787 7022 7046 2
t 7036 7046 7022 2
t 465 7045 7031 2
t 1793 7047 7045 2
t 1790 7031 7047 2
t 7045 7047 7031 2
t 466 7027 7040 2
t 1787 7048 7027 2
t 1793 7040 7048 2
t 7027 7048 7040 2
t 1790 7047 7046 2
t 1793 7048 7047 2
t 1787 7046 7048 2
t 7047 7048 7046 2
t 37 6733 7050 2
t 1716 7049 6733 2
t 1796 7050 7049 2
t 6733 7049 7050 2
t 448 7051 6737 2
t 1795 7052 7051 2
t 1716 6737 7052 2
t 7051 7052 6737 2
t 468 7053 7055 2
t 1796 7054 7053 2
t 1795 7055 7054 2
t 7053 7054 7055 2
t 1716 7052 7049 2
t 1795 7054 7052 2
t 1796 7049 7054 2
t 7052 7054 7049 2
t 121 7056 6749 2
t 1797 7057 7056 2
t 1720 6749 7057 2
t 7056 7057 6749 2
t 467 7058 7060 2
t 1798 7059 7058 2
t 1797 7060 7059 2
t 7058 7059 7060 2
t 448 6754 7062 2
t 1720 7061 6754 2
t 1798 7062 7061 2
t 6754 7061 7062 2
t 1797 7059 7057 2
t 1798 7061 7059 2
t 1720 7057 7061 2
t 7059 7061 7057 2
t 127 7063 7065 2
t 1799 7064 7063 2
t 1801 7065 7064 2
t 7063 7064 7065 2
t 468 7066 7068 2
t 1800 7067 7066 2
t 1799 7068 7067 2
t 7066 7067 7068 2
t 467 7069 7071 2
t 1801 7070 7069 2
t 1800 7071 7070 2
t 7069 7070 7071 2
t 1799 7067 7064 2
t 1800 7070 7067 2
t 1801 7064 7070 2
t 7067 7070 7064 2
t 448 7062 7051 2
t 1798 7072 7062 2
t 1795 7051 7072 2
t 7062 7072 7051 2
t 467 7071 7058 2
t 1800 7073 7071 2
t 1798 7058 7073 2
t 7071 7073 7058 2
t 468 7055 7066 2
t 1795 7074 7055 2
t 1800 7066 7074 2
t 7055 7074 7066 2
t 1798 7073 7072 2
t 1800 7074 7073 2
t 1795 7072 7074 2
t 7073 7074 7072 2
t 126 7039 7000 2
t 1794 7075 7039 2
t 1781 7000 7075 2
t 7039 7075 7000 2
t 465 7076 7043 2
t 1802 7077 7076 2
t 1794 7043 7077 2
t 7076 7077 7043 2
t 463 7005 7079 2
t 1781 7078 7005 2
t 1802 7079 7078 2
t 7005 7078 7079 2
t 1794 7077 7075 2
t 1802 7078 7077 2
t 1781 7075 7078 2
t 7077 7078 7075 2
t 127 7065 7028 2
t 1801 7080 7065 2
t 1789 7028 7080 2
t 7065 7080 7028 2
t 467 7081 7069 2
t 1803 7082 7081 2
t 1801 7069 7082 2
t 7081 7082 7069 2
t 465 7033 7084 2
t 1789 7083 7033 2
t 1803 7084 7083 2
t 7033 7083 7084 2
t 1801 7082 7080 2
t 1803 7083 7082 2
t 1789 7080 7083 2
t 7082 7083 7080 2
t 121 7010 7056 2
t 1785 7085 7010 2
t 1797 7056 7085 2
t 7010 7085 7056 2
t 463 7086 7013 2
t 1804 7087 7086 2
t 1785 7013 7087 2
t 7086 7087 7013 2
t 467 7060 7089 2
t 1797 7088 7060 2
t 1804 7089 7088 2
t 7060 7088 7089 2
t 1785 7087 7085 2
t 1804 7088 7087 2
t 1797 7085 7088 2
t 7087 7088 7085 2
t 465 7084 7076 2
t 1803 7090 7084 2
t 1802 7076 7090 2
t 7084 7090 7076 2
t 467 7089 7081 2
t 1804 7091 7089 2
t 1803 7081 7091 2
t 7089 7091 7081 2
t 463 7079 7086 2
t 1802 7092 7079 2
t 1804 7086 7092 2
t 7079 7092 7086 2
t 1803 7091 7090 2
t 1804 7092 7091 2
t 1802 7090 7092 2
t 7091 7092 7090 2
t 5 7093 7095 2
t 1805 7094 7093 2
t 1807 7095 7094 2
t 7093 7094 7095 2
t 469 7096 7098 2
t 1806 7097 7096 2
t 1805 7098 7097 2
t 7096 7097 7098 2
t 471 7099 7101 2
t 1807 7100 7099 2
t 1806 7101 7100 2
t 7099 7100 7101 2
t 1805 7097 7094 2
t 1806 7100 7097 2
t 1807 7094 7100 2
t 7097 7100 7094 2
t 128 7102 7104 2
t 1808 7103 7102 2
t 1810 7104 7103 2
t 7102 7103 7104 2
t 470 7105 7107 2
t 1809 7106 7105 2
t 1808 7107 7106 2
t 7105 7106 7107 2
t 469 7108 7110 2
t 1810 7109 7108 2
t 1809 7110 7109 2
t 7108 7109 7110 2
t 1808 7106 7103 2
t 1809 7109 7106 2
t 1810 7103 7109 2
t 7106 7109 7103 2
t 130 7111 7113 2
t 1811 7112 7111 2
t 1813 7113 7112 2
t 7111 7112 7113 2
t 471 7114 7116 2
t 1812 7115 7114 2
t 1811 7116 7115 2
t 7114 7115 7116 2
t 470 7117 7119 2
t 1813 7118 7117 2
t 1812 7119 7118 2
t 7117 7118 7119 2
t 1811 7115 7112 2
t 1812 7118 7115 2
t 1813 7112 7118 2
t 7115 7118 7112 2
t 469 7110 7096 2
t 1809 7120 7110 2
t 1806 7096 7120 2
t 7110 7120 7096 2
t 470 7119 7105 2
t 1812 7121 7119 2
t 1809 7105 7121 2
t 7119 7121 7105 2
t 471 7101 7114 2
t 1806 7122 7101 2
t 1812 7114 7122 2
t 7101 7122 7114 2
t 1809 7121 7120 2
t 1812 7122 7121 2
t 1806 7120 7122 2
t 7121 7122 7120 2
t 39 7123 7125 2
t 1814 7124 7123 2
t 1816 7125 7124 2
t 7123 7124 7125 2
t 472 7126 7128 2
t 1815 7127 7126 2
t 1814 7128 7127 2
t 7126 7127 7128 2
t 474 7129 7131 2
t 1816 7130 7129 2
t 1815 7131 7130 2
t 7129 7130 7131 2
t 1814 7127 7124 2
t 1815 7130 7127 2
t 1816 7124 7130 2
t 7127 7130 7124 2
t 129 7132 7134 2
t 1817 7133 7132 2
t 1819 7134 7133 2
t 7132 7133 7134 2
t 473 7135 7137 2
t 1818 7136 7135 2
t 1817 7137 7136 2
t 7135 7136 7137 2
t 472 7138 7140 2
t 1819 7139 7138 2
t 1818 7140 7139 2
t 7138 7139 7140 2
t 1817 7136 7133 2
t 1818 7139 7136 2
t 1819 7133 7139 2
t 7136 7139 7133 2
t 128 7141 7143 2
t 1820 7142 7141 2
t 1822 7143 7142 2
t 7141 7142 7143 2
t 474 7144 7146 2
t 1821 7145 7144 2
t 1820 7146 7145 2
t 7144 7145 7146 2
t 473 7147 7149 2
t 1822 7148 7147 2
t 1821 7149 7148 2
t 7147 7148 7149 2
t 1820 7145 7142 2
t 1821 7148 7145 2
t 1822 7142 7148 2
t 7145 7148 7142 2
t 472 7140 7126 2
t 1818 7150 7140 2
t 1815 7126 7150 2
t 7140 7150 7126 2
t 473 7149 7135 2
t 1821 7151 7149 2
t 1818 7135 7151 2
t 7149 7151 7135 2
t 474 7131 7144 2
t 1815 7152 7131 2
t 1821 7144 7152 2
t 7131 7152 7144 2
t 1818 7151 7150 2
t 1821 7152 7151 2
t 1815 7150 7152 2
t 7151 7152 7150 2
t 38 7153 7155 2
t 1823 7154 7153 2
t 1825 7155 7154 2
t 7153 7154 7155 2
t 475 7156 7158 2
t 1824 7157 7156 2
t 1823 7158 7157 2
t 7156 7157 7158 2
t 477 7159 7161 2
t 1825 7160 7159 2
t 1824 7161 7160 2
t 7159 7160 7161 2
t 1823 7157 7154 2
t 1824 7160 7157 2
t 1825 7154 7160 2
t 7157 7160 7154 2
t 130 7162 7164 2
t 1826 7163 7162 2
t 1828 7164 7163 2
t 7162 7163 7164 2
t 476 7165 7167 2
t 1827 7166 7165 2
t 1826 7167 7166 2
t 7165 7166 7167 2
t 475 7168 7170 2
t 1828 7169 7168 2
t 1827 7170 7169 2
t 7168 7169 7170 2
t 1826 7166 7163 2
t 1827 7169 7166 2
t 1828 7163 7169 2
t 7166 7169 7163 2
t 129 7171 7173 2
t 1829 7172 7171 2
t 1831 7173 7172 2
t 7171 7172 7173 2
t 477 7174 7176 2
t 1830 7175 7174 2
t 1829 7176 7175 2
t 7174 7175 7176 2
t 476 7177 7179 2
t 1831 7178 7177 2
t 1830 7179 7178 2
t 7177 7178 7179 2
t 1829 7175 7172 2
t 1830 7178 7175 2
t 1831 7172 7178 2
t 7175 7178 7172 2
t 475 7170 7156 2
t 1827 7180 7170 2
t 1824 7156 7180 2
t 7170 7180 7156 2
t 476 7179 7165 2
t 1830 7181 7179 2
t 1827 7165 7181 2
t 7179 7181 7165 2
t 477 7161 7174 2
t 1824 7182 7161 2
t 1830 7174 7182 2
t 7161 7182 7174 2
t 1827 7181 7180 2
t 1830 7182 7181 2
t 1824 7180 7182 2
t 7181 7182 7180 2
t 128 7143 7102 2
t 1822 7183 7143 2
t 1808 7102 7183 2
t 7143 7183 7102 2
t 473 7184 7147 2
t 1832 7185 7184 2
t 1822 7147 7185 2
t 7184 7185 7147 2
t 470 7107 7187 2
t 1808 7186 7107 2
t 1832 7187 7186 2
t 7107 7186 7187 2
t 1822 7185 7183 2
t 1832 7186 7185 2
t 1808 7183 7186 2
t 7185 7186 7183 2
t 129 7173 7132 2
t 1831 7188 7173 2
t 1817 7132 7188 2
t 7173 7188 7132 2
t 476 7189 7177 2
t 1833 7190 7189 2
t 1831 7177 7190 2
t 7189 7190 7177 2
t 473 7137 7192 2
t 1817 7191 7137 2
t 1833 7192 7191 2
t 7137 7191 7192 2
t 1831 7190 7188 2
t 1833 7191 7190 2
t 1817 7188 7191 2
t 7190 7191 7188 2
t 130 7113 7162 2
t 1813 7193 7113 2
t 1826 7162 7193 2
t 7113 7193 7162 2
t 470 7194 7117 2
t 1834 7195 7194 2
t 1813 7117 7195 2
t 7194 7195 7117 2
t 476 7167 7197 2
t 1826 7196 7167 2
t 1834 7197 7196 2
t 7167 7196 7197 2
t 1813 7195 7193 2
t 1834 7196 7195 2
t 1826 7193 7196 2
t 7195 7196 7193 2
t 473 7192 7184 2
t 1833 7198 7192 2
t 1832 7184 7198 2
t 7192 7198 7184 2
t 476 7197 7189 2
t 1834 7199 7197 2
t 1833 7189 7199 2
t 7197 7199 7189 2
t 470 7187 7194 2
t 1832 7200 7187 2
t 1834 7194 7200 2
t 7187 7200 7194 2
t 1833 7199 7198 2
t 1834 7200 7199 2
t 1832 7198 7200 2
t 7199 7200 7198 2
t 37 7050 6919 2
t 1796 7201 7050 2
t 1760 6919 7201 2
t 7050 7201 6919 2
t 468 7202 7053 2
t 1835 7203 7202 2
t 1796 7053 7203 2
t 7202 7203 7053 2
t 457 6923 7205 2
t 1760 7204 6923 2
t 1835 7205 7204 2
t 6923 7204 7205 2
t 1796 7203 7201 2
t 1835 7204 7203 2
t 1760 7201 7204 2
t 7203 7204 7201 2
t 127 7206 7063 2
t 1836 7207 7206 2
t 1799 7063 7207 2
t 7206 7207 7063 2
t 478 7208 7210 2
t 1837 7209 7208 2
t 1836 7210 7209 2
t 7208 7209 7210 2
t 468 7068 7212 2
t 1799 7211 7068 2
t 1837 7212 7211 2
t 7068 7211 7212 2
t 1836 7209 7207 2
t 1837 7211 7209 2
t 1799 7207 7211 2
t 7209 7211 7207 2
t 124 6928 7214 2
t 1764 7213 6928 2
t 1839 7214 7213 2
t 6928 7213 7214 2
t 457 7215 6932 2
t 1838 7216 7215 2
t 1764 6932 7216 2
t 7215 7216 6932 2
t 478 7217 7219 2
t 1839 7218 7217 2
t 1838 7219 7218 2
t 7217 7218 7219 2
t 1764 7216 7213 2
t 1838 7218 7216 2
t 1839 7213 7218 2
t 7216 7218 7213 2
t 468 7212 7202 2
t 1837 7220 7212 2
t 1835 7202 7220 2
t 7212 7220 7202 2
t 478 7219 7208 2
t 1838 7221 7219 2
t 1837 7208 7221 2
t 7219 7221 7208 2
t 457 7205 7215 2
t 1835 7222 7205 2
t 1838 7215 7222 2
t 7205 7222 7215 2
t 1837 7221 7220 2
t 1838 7222 7221 2
t 1835 7220 7222 2
t 7221 7222 7220 2
t 38 7155 7019 2
t 1825 7223 7155 2
t 1786 7019 7223 2
t 7155 7223 7019 2
t 477 7224 7159 2
t 1840 7225 7224 2
t 1825 7159 7225 2
t 7224 7225 7159 2
t 464 7024 7227 2
t 1786 7226 7024 2
t 1840 7227 7226 2
t 7024 7226 7227 2
t 1825 7225 7223 2
t 1840 7226 7225 2
t 1786 7223 7226 2
t 7225 7226 7223 2
t 129 7228 7171 2
t 1841 7229 7228 2
t 1829 7171 7229 2
t 7228 7229 7171 2
t 479 7230 7232 2
t 1842 7231 7230 2
t 1841 7232 7231 2
t 7230 7231 7232 2
t 477 7176 7234 2
t 1829 7233 7176 2
t 1842 7234 7233 2
t 7176 7233 7234 2
t 1841 7231 7229 2
t 1842 7233 7231 2
t 1829 7229 7233 2
t 7231 7233 7229 2
t 127 7030 7236 2
t 1791 7235 7030 2
t 1844 7236 7235 2
t 7030 7235 7236 2
t 464 7237 7034 2
t 1843 7238 7237 2
t 1791 7034 7238 2
t 7237 7238 7034 2
t 479 7239 7241 2
t 1844 7240 7239 2
t 1843 7241 7240 2
t 7239 7240 7241 2
t 1791 7238 7235 2
t 1843 7240 7238 2
t 1844 7235 7240 2
t 7238 7240 7235 2
t 477 7234 7224 2
t 1842 7242 7234 2
t 1840 7224 7242 2
t 7234 7242 7224 2
t 479 7241 7230 2
t 1843 7243 7241 2
t 1842 7230 7243 2
t 7241 7243 7230 2
t 464 7227 7237 2
t 1840 7244 7227 2
t 1843 7237 7244 2
t 7227 7244 7237 2
t 1842 7243 7242 2
t 1843 7244 7243 2
t 1840 7242 7244 2
t 7243 7244 7242 2
t 39 6947 7123 2
t 1769 7245 6947 2
t 1814 7123 7245 2
t 6947 7245 7123 2
t 461 7246 6951 2
t 1845 7247 7246 2
t 1769 6951 7247 2
t 7246 7247 6951 2
t 472 7128 7249 2
t 1814 7248 7128 2
t 1845 7249 7248 2
t 7128 7248 7249 2
t 1769 7247 7245 2
t 1845 7248 7247 2
t 1814 7245 7248 2
t 7247 7248 7245 2
t 124 7250 6963 2
t 1846 7251 7250 2
t 1773 6963 7251 2
t 7250 7251 6963 2
t 480 7252 7254 2
t 1847 7253 7252 2
t 1846 7254 7253 2
t 7252 7253 7254 2
t 461 6968 7256 2
t 1773 7255 6968 2
t 1847 7256 7255 2
t 6968 7255 7256 2
t 1846 7253 7251 2
t 1847 7255 7253 2
t 1773 7251 7255 2
t 7253 7255 7251 2
t 129 7134 7258 2
t 1819 7257 7134 2
t 1849 7258 7257 2
t 7134 7257 7258 2
t 472 7259 7138 2
t 1848 7260 7259 2
t 1819 7138 7260 2
t 7259 7260 7138 2
t 480 7261 7263 2
t 1849 7262 7261 2
t 1848 7263 7262 2
t 7261 7262 7263 2
t 1819 7260 7257 2
t 1848 7262 7260 2
t 1849 7257 7262 2
t 7260 7262 7257 2
t 461 7256 7246 2
t 1847 7264 7256 2
t 1845 7246 7264 2
t 7256 7264 7246 2
t 480 7263 7252 2
t 1848 7265 7263 2
t 1847 7252 7265 2
t 7263 7265 7252 2
t 472 7249 7259 2
t 1845 7266 7249 2
t 1848 7259 7266 2
t 7249 7266 7259 2
t 1847 7265 7264 2
t 1848 7266 7265 2
t 1845 7264 7266 2
t 7265 7266 7264 2
t 127 7236 7206 2
t 1844 7267 7236 2
t 1836 7206 7267 2
t 7236 7267 7206 2
t 479 7268 7239 2
t 1850 7269 7268 2
t 1844 7239 7269 2
t 7268 7269 7239 2
t 478 7210 7271 2
t 1836 7270 7210 2
t 1850 7271 7270 2
t 7210 7270 7271 2
t 1844 7269 7267 2
t 1850 7270 7269 2
t 1836 7267 7270 2
t 7269 7270 7267 2
t 129 7258 7228 2
t 1849 7272 7258 2
t 1841 7228 7272 2
t 7258 7272 7228 2
t 480 7273 7261 2
t 1851 7274 7273 2
t 1849 7261 7274 2
t 7273 7274 7261 2
t 479 7232 7276 2
t 1841 7275 7232 2
t 1851 7276 7275 2
t 7232 7275 7276 2
t 1849 7274 7272 2
t 1851 7275 7274 2
t 1841 7272 7275 2
t 7274 7275 7272 2
t 124 7214 7250 2
t 1839 7277 7214 2
t 1846 7250 7277 2
t 7214 7277 7250 2
t 478 7278 7217 2
t 1852 7279 7278 2
t 1839 7217 7279 2
t 7278 7279 7217 2
t 480 7254 7281 2
t 1846 7280 7254 2
t 1852 7281 7280 2
t 7254 7280 7281 2
t 1839 7279 7277 2
t 1852 7280 7279 2
t 1846 7277 7280 2
t 7279 7280 7277 2
t 479 7276 7268 2
t 1851 7282 7276 2
t 1850 7268 7282 2
t 7276 7282 7268 2
t 480 7281 7273 2
t 1852 7283 7281 2
t 1851 7273 7283 2
t 7281 7283 7273 2
t 478 7271 7278 2
t 1850 7284 7271 2
t 1852 7278 7284 2
t 7271 7284 7278 2
t 1851 7283 7282 2
t 1852 7284 7283 2
t 1850 7282 7284 2
t 7283 7284 7282 2
t 6 6894 7286 2
t 1754 7285 6894 2
t 1854 7286 7285 2
t 6894 7285 7286 2
t 456 7287 6897 2
t 1853 7288 7287 2
t 1754 6897 7288 2
t 7287 7288 6897 2
t 482 7289 7291 2
t 1854 7290 7289 2
t 1853 7291 7290 2
t 7289 7290 7291 2
t 1754 7288 7285 2
t 1853 7290 7288 2
t 1854 7285 7290 2
t 7288 7290 7285 2
t 125 7292 6907 2
t 1855 7293 7292 2
t 1757 6907 7293 2
t 7292 7293 6907 2
t 481 7294 7296 2
t 1856 7295 7294 2
t 1855 7296 7295 2
t 7294 7295 7296 2
t 456 6912 7298 2
t 1757 7297 6912 2
t 1856 7298 7297 2
t 6912 7297 7298 2
t 1855 7295 7293 2
t 1856 7297 7295 2
t 1757 7293 7297 2
t 7295 7297 7293 2
t 132 7299 7301 2
t 1857 7300 7299 2
t 1859 7301 7300 2
t 7299 7300 7301 2
t 482 7302 7304 2
t 1858 7303 7302 2
t 1857 7304 7303 2
t 7302 7303 7304 2
t 481 7305 7307 2
t 1859 7306 7305 2
t 1858 7307 7306 2
t 7305 7306 7307 2
t 1857 7303 7300 2
t 1858 7306 7303 2
t 1859 7300 7306 2
t 7303 7306 7300 2
t 456 7298 7287 2
t 1856 7308 7298 2
t 1853 7287 7308 2
t 7298 7308 7287 2
t 481 7307 7294 2
t 1858 7309 7307 2
t 1856 7294 7309 2
t 7307 7309 7294 2
t 482 7291 7302 2
t 1853 7310 7291 2
t 1858 7302 7310 2
t 7291 7310 7302 2
t 1856 7309 7308 2
t 1858 7310 7309 2
t 1853 7308 7310 2
t 7309 7310 7308 2
t 39 7311 6945 2
t 1860 7312 7311 2
t 1767 6945 7312 2
t 7311 7312 6945 2
t 483 7313 7315 2
t 1861 7314 7313 2
t 1860 7315 7314 2
t 7313 7314 7315 2
t 459 6950 7317 2
t 1767 7316 6950 2
t 1861 7317 7316 2
t 6950 7316 7317 2
t 1860 7314 7312 2
t 1861 7316 7314 2
t 1767 7312 7316 2
t 7314 7316 7312 2
t 131 7318 7320 2
t 1862 7319 7318 2
t 1864 7320 7319 2
t 7318 7319 7320 2
t 484 7321 7323 2
t 1863 7322 7321 2
t 1862 7323 7322 2
t 7321 7322 7323 2
t 483 7324 7326 2
t 1864 7325 7324 2
t 1863 7326 7325 2
t 7324 7325 7326 2
t 1862 7322 7319 2
t 1863 7325 7322 2
t 1864 7319 7325 2
t 7322 7325 7319 2
t 125 6956 7328 2
t 1772 7327 6956 2
t 1866 7328 7327 2
t 6956 7327 7328 2
t 459 7329 6960 2
t 1865 7330 7329 2
t 1772 6960 7330 2
t 7329 7330 6960 2
t 484 7331 7333 2
t 1866 7332 7331 2
t 1865 7333 7332 2
t 7331 7332 7333 2
t 1772 7330 7327 2
t 1865 7332 7330 2
t 1866 7327 7332 2
t 7330 7332 7327 2
t 483 7326 7313 2
t 1863 7334 7326 2
t 1861 7313 7334 2
t 7326 7334 7313 2
t 484 7333 7321 2
t 1865 7335 7333 2
t 1863 7321 7335 2
t 7333 7335 7321 2
t 459 7317 7329 2
t 1861 7336 7317 2
t 1865 7329 7336 2
t 7317 7336 7329 2
t 1863 7335 7334 2
t 1865 7336 7335 2
t 1861 7334 7336 2
t 7335 7336 7334 2
t 41 7337 7339 2
t 1867 7338 7337 2
t 1869 7339 7338 2
t 7337 7338 7339 2
t 485 7340 7342 2
t 1868 7341 7340 2
t 1867 7342 7341 2
t 7340 7341 7342 2
t 487 7343 7345 2
t 1869 7344 7343 2
t 1868 7345 7344 2
t 7343 7344 7345 2
t 1867 7341 7338 2
t 1868 7344 7341 2
t 1869 7338 7344 2
t 7341 7344 7338 2
t 132 7346 7348 2
t 1870 7347 7346 2
t 1872 7348 7347 2
t 7346 7347 7348 2
t 486 7349 7351 2
t 1871 7350 7349 2
t 1870 7351 7350 2
t 7349 7350 7351 2
t 485 7352 7354 2
t 1872 7353 7352 2
t 1871 7354 7353 2
t 7352 7353 7354 2
t 1870 7350 7347 2
t 1871 7353 7350 2
t 1872 7347 7353 2
t 7350 7353 7347 2
t 131 7355 7357 2
t 1873 7356 7355 2
t 1875 7357 7356 2
t 7355 7356 7357 2
t 487 7358 7360 2
t 1874 7359 7358 2
t 1873 7360 7359 2
t 7358 7359 7360 2
t 486 7361 7363 2
t 1875 7362 7361 2
t 1874 7363 7362 2
t 7361 7362 7363 2
t 1873 7359 7356 2
t 1874 7362 7359 2
t 1875 7356 7362 2
t 7359 7362 7356 2
t 485 7354 7340 2
t 1871 7364 7354 2
t 1868 7340 7364 2
t 7354 7364 7340 2
t 486 7363 7349 2
t 1874 7365 7363 2
t 1871 7349 7365 2
t 7363 7365 7349 2
t 487 7345 7358 2
t 1868 7366 7345 2
t 1874 7358 7366 2
t 7345 7366 7358 2
t 1871 7365 7364 2
t 1874 7366 7365 2
t 1868 7364 7366 2
t 7365 7366 7364 2
t 125 7328 7292 2
t 1866 7367 7328 2
t 1855 7292 7367 2
t 7328 7367 7292 2
t 484 7368 7331 2
t 1876 7369 7368 2
t 1866 7331 7369 2
t 7368 7369 7331 2
t 481 7296 7371 2
t 1855 7370 7296 2
t 1876 7371 7370 2
t 7296 7370 7371 2
t 1866 7369 7367 2
t 1876 7370 7369 2
t 1855 7367 7370 2
t 7369 7370 7367 2
t 131 7357 7318 2
t 1875 7372 7357 2
t 1862 7318 7372 2
t 7357 7372 7318 2
t 486 7373 7361 2
t 1877 7374 7373 2
t 1875 7361 7374 2
t 7373 7374 7361 2
t 484 7323 7376 2
t 1862 7375 7323 2
t 1877 7376 7375 2
t 7323 7375 7376 2
t 1875 7374 7372 2
t 1877 7375 7374 2
t 1862 7372 7375 2
t 7374 7375 7372 2
t 132 7301 7346 2
t 1859 7377 7301 2
t 1870 7346 7377 2
t 7301 7377 7346 2
t 481 7378 7305 2
t 1878 7379 7378 2
t 1859 7305 7379 2
t 7378 7379 7305 2
t 486 7351 7381 2
t 1870 7380 7351 2
t 1878 7381 7380 2
t 7351 7380 7381 2
t 1859 7379 7377 2
t 1878 7380 7379 2
t 1870 7377 7380 2
t 7379 7380 7377 2
t 484 7376 7368 2
t 1877 7382 7376 2
t 1876 7368 7382 2
t 7376 7382 7368 2
t 486 7381 7373 2
t 1878 7383 7381 2
t 1877 7373 7383 2
t 7381 7383 7373 2
t 481 7371 7378 2
t 1876 7384 7371 2
t 1878 7378 7384 2
t 7371 7384 7378 2
t 1877 7383 7382 2
t 1878 7384 7383 2
t 1876 7382 7384 2
t 7383 7384 7382 2
t 5 7385 7093 2
t 1879 7386 7385 2
t 1805 7093 7386 2
t 7385 7386 7093 2
t 488 7387 7389 2
t 1880 7388 7387 2
t 1879 7389 7388 2
t 7387 7388 7389 2
t 469 7098 7391 2
t 1805 7390 7098 2
t 1880 7391 7390 2
t 7098 7390 7391 2
t 1879 7388 7386 2
t 1880 7390 7388 2
t 1805 7386 7390 2
t 7388 7390 7386 2
t 133 7392 7394 2
t 1881 7393 7392 2
t 1883 7394 7393 2
t 7392 7393 7394 2
t 489 7395 7397 2
t 1882 7396 7395 2
t 1881 7397 7396 2
t 7395 7396 7397 2
t 488 7398 7400 2
t 1883 7399 7398 2
t 1882 7400 7399 2
t 7398 7399 7400 2
t 1881 7396 7393 2
t 1882 7399 7396 2
t 1883 7393 7399 2
t 7396 7399 7393 2
t 128 7104 7402 2
t 1810 7401 7104 2
t 1885 7402 7401 2
t 7104 7401 7402 2
t 469 7403 7108 2
t 1884 7404 7403 2
t 1810 7108 7404 2
t 7403 7404 7108 2
t 489 7405 7407 2
t 1885 7406 7405 2
t 1884 7407 7406 2
t 7405 7406 7407 2
t 1810 7404 7401 2
t 1884 7406 7404 2
t 1885 7401 7406 2
t 7404 7406 7401 2
t 488 7400 7387 2
t 1882 7408 7400 2
t 1880 7387 7408 2
t 7400 7408 7387 2
t 489 7407 7395 2
t 1884 7409 7407 2
t 1882 7395 7409 2
t 7407 7409 7395 2
t 469 7391 7403 2
t 1880 7410 7391 2
t 1884 7403 7410 2
t 7391 7410 7403 2
t 1882 7409 7408 2
t 1884 7410 7409 2
t 1880 7408 7410 2
t 7409 7410 7408 2
t 40 7411 7413 2
t 1886 7412 7411 2
t 1888 7413 7412 2
t 7411 7412 7413 2
t 490 7414 7416 2
t 1887 7415 7414 2
t 1886 7416 7415 2
t 7414 7415 7416 2
t 492 7417 7419 2
t 1888 7418 7417 2
t 1887 7419 7418 2
t 7417 7418 7419 2
t 1886 7415 7412 2
t 1887 7418 7415 2
t 1888 7412 7418 2
t 7415 7418 7412 2
t 134 7420 7422 2
t 1889 7421 7420 2
t 1891 7422 7421 2
t 7420 7421 7422 2
t 491 7423 7425 2
t 1890 7424 7423 2
t 1889 7425 7424 2
t 7423 7424 7425 2
t 490 7426 7428 2
t 1891 7427 7426 2
t 1890 7428 7427 2
t 7426 7427 7428 2
t 1889 7424 7421 2
t 1890 7427 7424 2
t 1891 7421 7427 2
t 7424 7427 7421 2
t 133 7429 7431 2
t 1892 7430 7429 2
t 1894 7431 7430 2
t 7429 7430 7431 2
t 492 7432 7434 2
t 1893 7433 7432 2
t 1892 7434 7433 2
t 7432 7433 7434 2
t 491 7435 7437 2
t 1894 7436 7435 2
t 1893 7437 7436 2
t 7435 7436 7437 2
t 1892 7433 7430 2
t 1893 7436 7433 2
t 1894 7430 7436 2
t 7433 7436 7430 2
t 490 7428 7414 2
t 1890 7438 7428 2
t 1887 7414 7438 2
t 7428 7438 7414 2
t 491 7437 7423 2
t 1893 7439 7437 2
t 1890 7423 7439 2
t 7437 7439 7423 2
t 492 7419 7432 2
t 1887 7440 7419 2
t 1893 7432 7440 2
t 7419 7440 7432 2
t 1890 7439 7438 2
t 1893 7440 7439 2
t 1887 7438 7440 2
t 7439 7440 7438 2
t 39 7125 7442 2
t 1816 7441 7125 2
t 1896 7442 7441 2
t 7125 7441 7442 2
t 474 7443 7129 2
t 1895 7444 7443 2
t 1816 7129 7444 2
t 7443 7444 7129 2
t 494 7445 7447 2
t 1896 7446 7445 2
t 1895 7447 7446 2
t 7445 7446 7447 2
t 1816 7444 7441 2
t 1895 7446 7444 2
t 1896 7441 7446 2
t 7444 7446 7441 2
t 128 7448 7141 2
t 1897 7449 7448 2
t 1820 7141 7449 2
t 7448 7449 7141 2
t 493 7450 7452 2
t 1898 7451 7450 2
t 1897 7452 7451 2
t 7450 7451 7452 2
t 474 7146 7454 2
t 1820 7453 7146 2
t 1898 7454 7453 2
t 7146 7453 7454 2
t 1897 7451 7449 2
t 1898 7453 7451 2
t 1820 7449 7453 2
t 7451 7453 7449 2
t 134 7455 7457 2
t 1899 7456 7455 2
t 1901 7457 7456 2
t 7455 7456 7457 2
t 494 7458 7460 2
t 1900 7459 7458 2
t 1899 7460 7459 2
t 7458 7459 7460 2
t 493 7461 7463 2
t 1901 7462 7461 2
t 1900 7463 7462 2
t 7461 7462 7463 2
t 1899 7459 7456 2
t 1900 7462 7459 2
t 1901 7456 7462 2
t 7459 7462 7456 2
t 474 7454 7443 2
t 1898 7464 7454 2
t 1895 7443 7464 2
t 7454 7464 7443 2
t 493 7463 7450 2
t 1900 7465 7463 2
t 1898 7450 7465 2
t 7463 7465 7450 2
t 494 7447 7458 2
t 1895 7466 7447 2
t 1900 7458 7466 2
t 7447 7466 7458 2
t 1898 7465 7464 2
t 1900 7466 7465 2
t 1895 7464 7466 2
t 7465 7466 7464 2
t 133 7431 7392 2
t 1894 7467 7431 2
t 1881 7392 7467 2
t 7431 7467 7392 2
t 491 7468 7435 2
t 1902 7469 7468 2
t 1894 7435 7469 2
t 7468 7469 7435 2
t 489 7397 7471 2
t 1881 7470 7397 2
t 1902 7471 7470 2
t 7397 7470 7471 2
t 1894 7469 7467 2
t 1902 7470 7469 2
t 1881 7467 7470 2
t 7469 7470 7467 2
t 134 7457 7420 2
t 1901 7472 7457 2
t 1889 7420 7472 2
t 7457 7472 7420 2
t 493 7473 7461 2
t 1903 7474 7473 2
t 1901 7461 7474 2
t 7473 7474 7461 2
t 491 7425 7476 2
t 1889 7475 7425 2
t 1903 7476 7475 2
t 7425 7475 7476 2
t 1901 7474 7472 2
t 1903 7475 7474 2
t 1889 7472 7475 2
t 7474 7475 7472 2
t 128 7402 7448 2
t 1885 7477 7402 2
t 1897 7448 7477 2
t 7402 7477 7448 2
t 489 7478 7405 2
t 1904 7479 7478 2
t 1885 7405 7479 2
t 7478 7479 7405 2
t 493 7452 7481 2
t 1897 7480 7452 2
t 1904 7481 7480 2
t 7452 7480 7481 2
t 1885 7479 7477 2
t 1904 7480 7479 2
t 1897 7477 7480 2
t 7479 7480 7477 2
t 491 7476 7468 2
t 1903 7482 7476 2
t 1902 7468 7482 2
t 7476 7482 7468 2
t 493 7481 7473 2
t 1904 7483 7481 2
t 1903 7473 7483 2
t 7481 7483 7473 2
t 489 7471 7478 2
t 1902 7484 7471 2
t 1904 7478 7484 2
t 7471 7484 7478 2
t 1903 7483 7482 2
t 1904 7484 7483 2
t 1902 7482 7484 2
t 7483 7484 7482 2
t 9 7485 7487 2
t 1905 7486 7485 2
t 1907 7487 7486 2
t 7485 7486 7487 2
t 495 7488 7490 2
t 1906 7489 7488 2
t 1905 7490 7489 2
t 7488 7489 7490 2
t 497 7491 7493 2
t 1907 7492 7491 2
t 1906 7493 7492 2
t 7491 7492 7493 2
t 1905 7489 7486 2
t 1906 7492 7489 2
t 1907 7486 7492 2
t 7489 7492 7486 2
t 135 7494 7496 2
t 1908 7495 7494 2
t 1910 7496 7495 2
t 7494 7495 7496 2
t 496 7497 7499 2
t 1909 7498 7497 2
t 1908 7499 7498 2
t 7497 7498 7499 2
t 495 7500 7502 2
t 1910 7501 7500 2
t 1909 7502 7501 2
t 7500 7501 7502 2
t 1908 7498 7495 2
t 1909 7501 7498 2
t 1910 7495 7501 2
t 7498 7501 7495 2
t 137 7503 7505 2
t 1911 7504 7503 2
t 1913 7505 7504 2
t 7503 7504 7505 2
t 497 7506 7508 2
t 1912 7507 7506 2
t 1911 7508 7507 2
t 7506 7507 7508 2
t 496 7509 7511 2
t 1913 7510 7509 2
t 1912 7511 7510 2
t 7509 7510 7511 2
t 1911 7507 7504 2
t 1912 7510 7507 2
t 1913 7504 7510 2
t 7507 7510 7504 2
t 495 7502 7488 2
t 1909 7512 7502 2
t 1906 7488 7512 2
t 7502 7512 7488 2
t 496 7511 7497 2
t 1912 7513 7511 2
t 1909 7497 7513 2
t 7511 7513 7497 2
t 497 7493 7506 2
t 1906 7514 7493 2
t 1912 7506 7514 2
t 7493 7514 7506 2
t 1909 7513 7512 2
t 1912 7514 7513 2
t 1906 7512 7514 2
t 7513 7514 7512 2
t 41 7515 7517 2
t 1914 7516 7515 2
t 1916 7517 7516 2
t 7515 7516 7517 2
t 498 7518 7520 2
t 1915 7519 7518 2
t 1914 7520 7519 2
t 7518 7519 7520 2
t 500 7521 7523 2
t 1916 7522 7521 2
t 1915 7523 7522 2
t 7521 7522 7523 2
t 1914 7519 7516 2
t 1915 7522 7519 2
t 1916 7516 7522 2
t 7519 7522 7516 2
t 136 7524 7526 2
t 1917 7525 7524 2
t 1919 7526 7525 2
t 7524 7525 7526 2
t 499 7527 7529 2
t 1918 7528 7527 2
t 1917 7529 7528 2
t 7527 7528 7529 2
t 498 7530 7532 2
t 1919 7531 7530 2
t 1918 7532 7531 2
t 7530 7531 7532 2
t 1917 7528 7525 2
t 1918 7531 7528 2
t 1919 7525 7531 2
t 7528 7531 7525 2
t 135 7533 7535 2
t 1920 7534 7533 2
t 1922 7535 7534 2
t 7533 7534 7535 2
t 500 7536 7538 2
t 1921 7537 7536 2
t 1920 7538 7537 2
t 7536 7537 7538 2
t 499 7539 7541 2
t 1922 7540 7539 2
t 1921 7541 7540 2
t 7539 7540 7541 2
t 1920 7537 7534 2
t 1921 7540 7537 2
t 1922 7534 7540 2
t 7537 7540 7534 2
t 498 7532 7518 2
t 1918 7542 7532 2
t 1915 7518 7542 2
t 7532 7542 7518 2
t 499 7541 7527 2
t 1921 7543 7541 2
t 1918 7527 7543 2
t 7541 7543 7527 2
t 500 7523 7536 2
t 1915 7544 7523 2
t 1921 7536 7544 2
t 7523 7544 7536 2
t 1918 7543 7542 2
t 1921 7544 7543 2
t 1915 7542 7544 2
t 7543 7544 7542 2
t 40 7545 7547 2
t 1923 7546 7545 2
t 1925 7547 7546 2
t 7545 7546 7547 2
t 501 7548 7550 2
t 1924 7549 7548 2
t 1923 7550 7549 2
t 7548 7549 7550 2
t 503 7551 7553 2
t 1925 7552 7551 2
t 1924 7553 7552 2
t 7551 7552 7553 2
t 1923 7549 7546 2
t 1924 7552 7549 2
t 1925 7546 7552 2
t 7549 7552 7546 2
t 137 7554 7556 2
t 1926 7555 7554 2
t 1928 7556 7555 2
t 7554 7555 7556 2
t 502 7557 7559 2
t 1927 7558 7557 2
t 1926 7559 7558 2
t 7557 7558 7559 2
t 501 7560 7562 2
t 1928 7561 7560 2
t 1927 7562 7561 2
t 7560 7561 7562 2
t 1926 7558 7555 2
t 1927 7561 7558 2
t 1928 7555 7561 2
t 7558 7561 7555 2
t 136 7563 7565 2
t 1929 7564 7563 2
t 1931 7565 7564 2
t 7563 7564 7565 2
t 503 7566 7568 2
t 1930 7567 7566 2
t 1929 7568 7567 2
t 7566 7567 7568 2
t 502 7569 7571 2
t 1931 7570 7569 2
t 1930 7571 7570 2
t 7569 7570 7571 2
t 1929 7567 7564 2
t 1930 7570 7567 2
t 1931 7564 7570 2
t 7567 7570 7564 2
t 501 7562 7548 2
t 1927 7572 7562 2
t 1924 7548 7572 2
t 7562 7572 7548 2
t 502 7571 7557 2
t 1930 7573 7571 2
t 1927 7557 7573 2
t 7571 7573 7557 2
t 503 7553 7566 2
t 1924 7574 7553 2
t 1930 7566 7574 2
t 7553 7574 7566 2
t 1927 7573 7572 2
t 1930 7574 7573 2
t 1924 7572 7574 2
t 7573 7574 7572 2
t 135 7535 7494 2
t 1922 7575 7535 2
t 1908 7494 7575 2
t 7535 7575 7494 2
t 499 7576 7539 2
t 1932 7577 7576 2
t 1922 7539 7577 2
t 7576 7577 7539 2
t 496 7499 7579 2
t 1908 7578 7499 2
t 1932 7579 7578 2
t 7499 7578 7579 2
t 1922 7577 7575 2
t 1932 7578 7577 2
t 1908 7575 7578 2
t 7577 7578 7575 2
t 136 7565 7524 2
t 1931 7580 7565 2
t 1917 7524 7580 2
t 7565 7580 7524 2
t 502 7581 7569 2
t 1933 7582 7581 2
t 1931 7569 7582 2
t 7581 7582 7569 2
t 499 7529 7584 2
t 1917 7583 7529 2
t 1933 7584 7583 2
t 7529 7583 7584 2
t 1931 7582 7580 2
t 1933 7583 7582 2
t 1917 7580 7583 2
t 7582 7583 7580 2
t 137 7505 7554 2
t 1913 7585 7505 2
t 1926 7554 7585 2
t 7505 7585 7554 2
t 496 7586 7509 2
t 1934 7587 7586 2
t 1913 7509 7587 2
t 7586 7587 7509 2
t 502 7559 7589 2
t 1926 7588 7559 2
t 1934 7589 7588 2
t 7559 7588 7589 2
t 1913 7587 7585 2
t 1934 7588 7587 2
t 1926 7585 7588 2
t 7587 7588 7585 2
t 499 7584 7576 2
t 1933 7590 7584 2
t 1932 7576 7590 2
t 7584 7590 7576 2
t 502 7589 7581 2
t 1934 7591 7589 2
t 1933 7581 7591 2
t 7589 7591 7581 2
t 496 7579 7586 2
t 1932 7592 7579 2
t 1934 7586 7592 2
t 7579 7592 7586 2
t 1933 7591 7590 2
t 1934 7592 7591 2
t 1932 7590 7592 2
t 7591 7592 7590 2
t 39 7442 7311 2
t 1896 7593 7442 2
t 1860 7311 7593 2
t 7442 7593 7311 2
t 494 7594 7445 2
t 1935 7595 7594 2
t 1896 7445 7595 2
t 7594 7595 7445 2
t 483 7315 7597 2
t 1860 7596 7315 2
t 1935 7597 7596 2
t 7315 7596 7597 2
t 1896 7595 7593 2
t 1935 7596 7595 2
t 1860 7593 7596 2
t 7595 7596 7593 2
t 134 7598 7455 2
t 1936 7599 7598 2
t 1899 7455 7599 2
t 7598 7599 7455 2
t 504 7600 7602 2
t 1937 7601 7600 2
t 1936 7602 7601 2
t 7600 7601 7602 2
t 494 7460 7604 2
t 1899 7603 7460 2
t 1937 7604 7603 2
t 7460 7603 7604 2
t 1936 7601 7599 2
t 1937 7603 7601 2
t 1899 7599 7603 2
t 7601 7603 7599 2
t 131 7320 7606 2
t 1864 7605 7320 2
t 1939 7606 7605 2
t 7320 7605 7606 2
t 483 7607 7324 2
t 1938 7608 7607 2
t 1864 7324 7608 2
t 7607 7608 7324 2
t 504 7609 7611 2
t 1939 7610 7609 2
t 1938 7611 7610 2
t 7609 7610 7611 2
t 1864 7608 7605 2
t 1938 7610 7608 2
t 1939 7605 7610 2
t 7608 7610 7605 2
t 494 7604 7594 2
t 1937 7612 7604 2
t 1935 7594 7612 2
t 7604 7612 7594 2
t 504 7611 7600 2
t 1938 7613 7611 2
t 1937 7600 7613 2
t 7611 7613 7600 2
t 483 7597 7607 2
t 1935 7614 7597 2
t 1938 7607 7614 2
t 7597 7614 7607 2
t 1937 7613 7612 2
t 1938 7614 7613 2
t 1935 7612 7614 2
t 7613 7614 7612 2
t 40 7547 7411 2
t 1925 7615 7547 2
t 1886 7411 7615 2
t 7547 7615 7411 2
t 503 7616 7551 2
t 1940 7617 7616 2
t 1925 7551 7617 2
t 7616 7617 7551 2
t 490 7416 7619 2
t 1886 7618 7416 2
t 1940 7619 7618 2
t 7416 7618 7619 2
t 1925 7617 7615 2
t 1940 7618 7617 2
t 1886 7615 7618 2
t 7617 7618 7615 2
t 136 7620 7563 2
t 1941 7621 7620 2
t 1929 7563 7621 2
t 7620 7621 7563 2
t 505 7622 7624 2
t 1942 7623 7622 2
t 1941 7624 7623 2
t 7622 7623 7624 2
t 503 7568 7626 2
t 1929 7625 7568 2
t 1942 7626 7625 2
t 7568 7625 7626 2
t 1941 7623 7621 2
t 1942 7625 7623 2
t 1929 7621 7625 2
t 7623 7625 7621 2
t 134 7422 7628 2
t 1891 7627 7422 2
t 1944 7628 7627 2
t 7422 7627 7628 2
t 490 7629 7426 2
t 1943 7630 7629 2
t 1891 7426 7630 2
t 7629 7630 7426 2
t 505 7631 7633 2
t 1944 7632 7631 2
t 1943 7633 7632 2
t 7631 7632 7633 2
t 1891 7630 7627 2
t 1943 7632 7630 2
t 1944 7627 7632 2
t 7630 7632 7627 2
t 503 7626 7616 2
t 1942 7634 7626 2
t 1940 7616 7634 2
t 7626 7634 7616 2
t 505 7633 7622 2
t 1943 7635 7633 2
t 1942 7622 7635 2
t 7633 7635 7622 2
t 490 7619 7629 2
t 1940 7636 7619 2
t 1943 7629 7636 2
t 7619 7636 7629 2
t 1942 7635 7634 2
t 1943 7636 7635 2
t 1940 7634 7636 2
t 7635 7636 7634 2
t 41 7339 7515 2
t 1869 7637 7339 2
t 1914 7515 7637 2
t 7339 7637 7515 2
t 487 7638 7343 2
t 1945 7639 7638 2
t 1869 7343 7639 2
t 7638 7639 7343 2
t 498 7520 7641 2
t 1914 7640 7520 2
t 1945 7641 7640 2
t 7520 7640 7641 2
t 1869 7639 7637 2
t 1945 7640 7639 2
t 1914 7637 7640 2
t 7639 7640 7637 2
t 131 7642 7355 2
t 1946 7643 7642 2
t 1873 7355 7643 2
t 7642 7643 7355 2
t 506 7644 7646 2
t 1947 7645 7644 2
t 1946 7646 7645 2
t 7644 7645 7646 2
t 487 7360 7648 2
t 1873 7647 7360 2
t 1947 7648 7647 2
t 7360 7647 7648 2
t 1946 7645 7643 2
t 1947 7647 7645 2
t 1873 7643 7647 2
t 7645 7647 7643 2
t 136 7526 7650 2
t 1919 7649 7526 2
t 1949 7650 7649 2
t 7526 7649 7650 2
t 498 7651 7530 2
t 1948 7652 7651 2
t 1919 7530 7652 2
t 7651 7652 7530 2
t 506 7653 7655 2
t 1949 7654 7653 2
t 1948 7655 7654 2
t 7653 7654 7655 2
t 1919 7652 7649 2
t 1948 7654 7652 2
t 1949 7649 7654 2
t 7652 7654 7649 2
t 487 7648 7638 2
t 1947 7656 7648 2
t 1945 7638 7656 2
t 7648 7656 7638 2
t 506 7655 7644 2
t 1948 7657 7655 2
t 1947 7644 7657 2
t 7655 7657 7644 2
t 498 7641 7651 2
t 1945 7658 7641 2
t 1948 7651 7658 2
t 7641 7658 7651 2
t 1947 7657 7656 2
t 1948 7658 7657 2
t 1945 7656 7658 2
t 7657 7658 7656 2
t 134 7628 7598 2
t 1944 7659 7628 2
t 1936 7598 7659 2
t 7628 7659 7598 2
t 505 7660 7631 2
t 1950 7661 7660 2
t 1944 7631 7661 2
t 7660 7661 7631 2
t 504 7602 7663 2
t 1936 7662 7602 2
t 1950 7663 7662 2
t 7602 7662 7663 2
t 1944 7661 7659 2
t 1950 7662 7661 2
t 1936 7659 7662 2
t 7661 7662 7659 2
t 136 7650 7620 2
t 1949 7664 7650 2
t 1941 7620 7664 2
t 7650 7664 7620 2
t 506 7665 7653 2
t 1951 7666 7665 2
t 1949 7653 7666 2
t 7665 7666 7653 2
t 505 7624 7668 2
t 1941 7667 7624 2
t 1951 7668 7667 2
t 7624 7667 7668 2
t 1949 7666 7664 2
t 1951 7667 7666 2
t 1941 7664 7667 2
t 7666 7667 7664 2
t 131 7606 7642 2
t 1939 7669 7606 2
t 1946 7642 7669 2
t 7606 7669 7642 2
t 504 7670 7609 2
t 1952 7671 7670 2
t 1939 7609 7671 2
t 7670 7671 7609 2
t 506 7646 7673 2
t 1946 7672 7646 2
t 1952 7673 7672 2
t 7646 7672 7673 2
t 1939 7671 7669 2
t 1952 7672 7671 2
t 1946 7669 7672 2
t 7671 7672 7669 2
t 505 7668 7660 2
t 1951 7674 7668 2
t 1950 7660 7674 2
t 7668 7674 7660 2
t 506 7673 7665 2
t 1952 7675 7673 2
t 1951 7665 7675 2
t 7673 7675 7665 2
t 504 7663 7670 2
t 1950 7676 7663 2
t 1952 7670 7676 2
t 7663 7676 7670 2
t 1951 7675 7674 2
t 1952 7676 7675 2
t 1950 7674 7676 2
t 7675 7676 7674 2
t 6 7286 7678 2
t 1854 7677 7286 2
t 1954 7678 7677 2
t 7286 7677 7678 2
t 482 7679 7289 2
t 1953 7680 7679 2
t 1854 7289 7680 2
t 7679 7680 7289 2
t 508 7681 7683 2
t 1954 7682 7681 2
t 1953 7683 7682 2
t 7681 7682 7683 2
t 1854 7680 7677 2
t 1953 7682 7680 2
t 1954 7677 7682 2
t 7680 7682 7677 2
t 132 7684 7299 2
t 1955 7685 7684 2
t 1857 7299 7685 2
t 7684 7685 7299 2
t 507 7686 7688 2
t 1956 7687 7686 2
t 1955 7688 7687 2
t 7686 7687 7688 2
t 482 7304 7690 2
t 1857 7689 7304 2
t 1956 7690 7689 2
t 7304 7689 7690 2
t 1955 7687 7685 2
t 1956 7689 7687 2
t 1857 7685 7689 2
t 7687 7689 7685 2
t 139 7691 7693 2
t 1957 7692 7691 2
t 1959 7693 7692 2
t 7691 7692 7693 2
t 508 7694 7696 2
t 1958 7695 7694 2
t 1957 7696 7695 2
t 7694 7695 7696 2
t 507 7697 7699 2
t 1959 7698 7697 2
t 1958 7699 7698 2
t 7697 7698 7699 2
t 1957 7695 7692 2
t 1958 7698 7695 2
t 1959 7692 7698 2
t 7695 7698 7692 2
t 482 7690 7679 2
t 1956 7700 7690 2
t 1953 7679 7700 2
t 7690 7700 7679 2
t 507 7699 7686 2
t 1958 7701 7699 2
t 1956 7686 7701 2
t 7699 7701 7686 2
t 508 7683 7694 2
t 1953 7702 7683 2
t 1958 7694 7702 2
t 7683 7702 7694 2
t 1956 7701 7700 2
t 1958 7702 7701 2
t 1953 7700 7702 2
t 7701 7702 7700 2
t 41 7703 7337 2
t 1960 7704 7703 2
t 1867 7337 7704 2
t 7703 7704 7337 2
t 509 7705 7707 2
t 1961 7706 7705 2
t 1960 7707 7706 2
t 7705 7706 7707 2
t 485 7342 7709 2
t 1867 7708 7342 2
t 1961 7709 7708 2
t 7342 7708 7709 2
t 1960 7706 7704 2
t 1961 7708 7706 2
t 1867 7704 7708 2
t 7706 7708 7704 2
t 138 7710 7712 2
t 1962 7711 7710 2
t 1964 7712 7711 2
t 7710 7711 7712 2
t 510 7713 7715 2
t 1963 7714 7713 2
t 1962 7715 7714 2
t 7713 7714 7715 2
t 509 7716 7718 2
t 1964 7717 7716 2
t 1963 7718 7717 2
t 7716 7717 7718 2
t 1962 7714 7711 2
t 1963 7717 7714 2
t 1964 7711 7717 2
t 7714 7717 7711 2
t 132 7348 7720 2
t 1872 7719 7348 2
t 1966 7720 7719 2
t 7348 7719 7720 2
t 485 7721 7352 2
t 1965 7722 7721 2
t 1872 7352 7722 2
t 7721 7722 7352 2
t 510 7723 7725 2
t 1966 7724 7723 2
t 1965 7725 7724 2
t 7723 7724 7725 2
t 1872 7722 7719 2
t 1965 7724 7722 2
t 1966 7719 7724 2
t 7722 7724 7719 2
t 509 7718 7705 2
t 1963 7726 7718 2
t 1961 7705 7726 2
t 7718 7726 7705 2
t 510 7725 7713 2
t 1965 7727 7725 2
t 1963 7713 7727 2
t 7725 7727 7713 2
t 485 7709 7721 2
t 1961 7728 7709 2
t 1965 7721 7728 2
t 7709 7728 7721 2
t 1963 7727 7726 2
t 1965 7728 7727 2
t 1961 7726 7728 2
t 7727 7728 7726 2
t 43 7729 7731 2
t 1967 7730 7729 2
t 1969 7731 7730 2
t 7729 7730 7731 2
t 511 7732 7734 2
t 1968 7733 7732 2
t 1967 7734 7733 2
t 7732 7733 7734 2
t 513 7735 7737 2
t 1969 7736 7735 2
t 1968 7737 7736 2
t 7735 7736 7737 2
t 1967 7733 7730 2
t 1968 7736 7733 2
t 1969 7730 7736 2
t 7733 7736 7730 2
t 139 7738 7740 2
t 1970 7739 7738 2
t 1972 7740 7739 2
t 7738 7739 7740 2
t 512 7741 7743 2
t 1971 7742 7741 2
t 1970 7743 7742 2
t 7741 7742 7743 2
t 511 7744 7746 2
t 1972 7745 7744 2
t 1971 7746 7745 2
t 7744 7745 7746 2
t 1970 7742 7739 2
t 1971 7745 7742 2
t 1972 7739 7745 2
t 7742 7745 7739 2
t 138 7747 7749 2
t 1973 7748 7747 2
t 1975 7749 7748 2
t 7747 7748 7749 2
t 513 7750 7752 2
t 1974 7751 7750 2
t 1973 7752 7751 2
t 7750 7751 7752 2
t 512 7753 7755 2
t 1975 7754 7753 2
t 1974 7755 7754 2
t 7753 7754 7755 2
t 1973 7751 7748 2
t 1974 7754 7751 2
t 1975 7748 7754 2
t 7751 7754 7748 2
t 511 7746 7732 2
t 1971 7756 7746 2
t 1968 7732 7756 2
t 7746 7756 7732 2
t 512 7755 7741 2
t 1974 7757 7755 2
t 1971 7741 7757 2
t 7755 7757 7741 2
t 513 7737 7750 2
t 1968 7758 7737 2
t 1974 7750 7758 2
t 7737 7758 7750 2
t 1971 7757 7756 2
t 1974 7758 7757 2
t 1968 7756 7758 2
t 7757 7758 7756 2
t 132 7720 7684 2
t 1966 7759 7720 2
t 1955 7684 7759 2
t 7720 7759 7684 2
t 510 7760 7723 2
t 1976 7761 7760 2
t 1966 7723 7761 2
t 7760 7761 7723 2
t 507 7688 7763 2
t 1955 7762 7688 2
t 1976 7763 7762 2
t 7688 7762 7763 2
t 1966 7761 7759 2
t 1976 7762 7761 2
t 1955 7759 7762 2
t 7761 7762 7759 2
t 138 7749 7710 2
t 1975 7764 7749 2
t 1962 7710 7764 2
t 7749 7764 7710 2
t 512 7765 7753 2
t 1977 7766 7765 2
t 1975 7753 7766 2
t 7765 7766 7753 2
t 510 7715 7768 2
t 1962 7767 7715 2
t 1977 7768 7767 2
t 7715 7767 7768 2
t 1975 7766 7764 2
t 1977 7767 7766 2
t 1962 7764 7767 2
t 7766 7767 7764 2
t 139 7693 7738 2
t 1959 7769 7693 2
t 1970 7738 7769 2
t 7693 7769 7738 2
t 507 7770 7697 2
t 1978 7771 7770 2
t 1959 7697 7771 2
t 7770 7771 7697 2
t 512 7743 7773 2
t 1970 7772 7743 2
t 1978 7773 7772 2
t 7743 7772 7773 2
t 1959 7771 7769 2
t 1978 7772 7771 2
t 1970 7769 7772 2
t 7771 7772 7769 2
t 510 7768 7760 2
t 1977 7774 7768 2
t 1976 7760 7774 2
t 7768 7774 7760 2
t 512 7773 7765 2
t 1978 7775 7773 2
t 1977 7765 7775 2
t 7773 7775 7765 2
t 507 7763 7770 2
t 1976 7776 7763 2
t 1978 7770 7776 2
t 7763 7776 7770 2
t 1977 7775 7774 2
t 1978 7776 7775 2
t 1976 7774 7776 2
t 7775 7776 7774 2
t 9 7777 7485 2
t 1979 7778 7777 2
t 1905 7485 7778 2
t 7777 7778 7485 2
t 514 7779 7781 2
t 1980 7780 7779 2
t 1979 7781 7780 2
t 7779 7780 7781 2
t 495 7490 7783 2
t 1905 7782 7490 2
t 1980 7783 7782 2
t 7490 7782 7783 2
t 1979 7780 7778 2
t 1980 7782 7780 2
t 1905 7778 7782 2
t 7780 7782 7778 2
t 140 7784 7786 2
t 1981 7785 7784 2
t 1983 7786 7785 2
t 7784 7785 7786 2
t 515 7787 7789 2
t 1982 7788 7787 2
t 1981 7789 7788 2
t 7787 7788 7789 2
t 514 7790 7792 2
t 1983 7791 7790 2
t 1982 7792 7791 2
t 7790 7791 7792 2
t 1981 7788 7785 2
t 1982 7791 7788 2
t 1983 7785 7791 2
t 7788 7791 7785 2
t 135 7496 7794 2
t 1910 7793 7496 2
t 1985 7794 7793 2
t 7496 7793 7794 2
t 495 7795 7500 2
t 1984 7796 7795 2
t 1910 7500 7796 2
t 7795 7796 7500 2
t 515 7797 7799 2
t 1985 7798 7797 2
t 1984 7799 7798 2
t 7797 7798 7799 2
t 1910 7796 7793 2
t 1984 7798 7796 2
t 1985 7793 7798 2
t 7796 7798 7793 2
t 514 7792 7779 2
t 1982 7800 7792 2
t 1980 7779 7800 2
t 7792 7800 7779 2
t 515 7799 7787 2
t 1984 7801 7799 2
t 1982 7787 7801 2
t 7799 7801 7787 2
t 495 7783 7795 2
t 1980 7802 7783 2
t 1984 7795 7802 2
t 7783 7802 7795 2
t 1982 7801 7800 2
t 1984 7802 7801 2
t 1980 7800 7802 2
t 7801 7802 7800 2
t 42 7803 7805 2
t 1986 7804 7803 2
t 1988 7805 7804 2
t 7803 7804 7805 2
t 516 7806 7808 2
t 1987 7807 7806 2
t 1986 7808 7807 2
t 7806 7807 7808 2
t 518 7809 7811 2
t 1988 7810 7809 2
t 1987 7811 7810 2
t 7809 7810 7811 2
t 1986 7807 7804 2
t 1987 7810 7807 2
t 1988 7804 7810 2
t 7807 7810 7804 2
t 141 7812 7814 2
t 1989 7813 7812 2
t 1991 7814 7813 2
t 7812 7813 7814 2
t 517 7815 7817 2
t 1990 7816 7815 2
t 1989 7817 7816 2
t 7815 7816 7817 2
t 516 7818 7820 2
t 1991 7819 7818 2
t 1990 7820 7819 2
t 7818 7819 7820 2
t 1989 7816 7813 2
t 1990 7819 7816 2
t 1991 7813 7819 2
t 7816 7819 7813 2
t 140 7821 7823 2
t 1992 7822 7821 2
t 1994 7823 7822 2
t 7821 7822 7823 2
t 518 7824 7826 2
t 1993 7825 7824 2
t 1992 7826 7825 2
t 7824 7825 7826 2
t 517 7827 7829 2
t 1994 7828 7827 2
t 1993 7829 7828 2
t 7827 7828 7829 2
t 1992 7825 7822 2
t 1993 7828 7825 2
t 1994 7822 7828 2
t 7825 7828 7822 2
t 516 7820 7806 2
t 1990 7830 7820 2
t 1987 7806 7830 2
t 7820 7830 7806 2
t 517 7829 7815 2
t 1993 7831 7829 2
t 1990 7815 7831 2
t 7829 7831 7815 2
t 518 7811 7824 2
t 1987 7832 7811 2
t 1993 7824 7832 2
t 7811 7832 7824 2
t 1990 7831 7830 2
t 1993 7832 7831 2
t 1987 7830 7832 2
t 7831 7832 7830 2
t 41 7517 7834 2
t 1916 7833 7517 2
t 1996 7834 7833 2
t 7517 7833 7834 2
t 500 7835 7521 2
t 1995 7836 7835 2
t 1916 7521 7836 2
t 7835 7836 7521 2
t 520 7837 7839 2
t 1996 7838 7837 2
t 1995 7839 7838 2
t 7837 7838 7839 2
t 1916 7836 7833 2
t 1995 7838 7836 2
t 1996 7833 7838 2
t 7836 7838 7833 2
t 135 7840 7533 2
t 1997 7841 7840 2
t 1920 7533 7841 2
t 7840 7841 7533 2
t 519 7842 7844 2
t 1998 7843 7842 2
t 1997 7844 7843 2
t 7842 7843 7844 2
t 500 7538 7846 2
t 1920 7845 7538 2
t 1998 7846 7845 2
t 7538 7845 7846 2
t 1997 7843 7841 2
t 1998 7845 7843 2
t 1920 7841 7845 2
t 7843 7845 7841 2
t 141 7847 7849 2
t 1999 7848 7847 2
t 2001 7849 7848 2
t 7847 7848 7849 2
t 520 7850 7852 2
t 2000 7851 7850 2
t 1999 7852 7851 2
t 7850 7851 7852 2
t 519 7853 7855 2
t 2001 7854 7853 2
t 2000 7855 7854 2
t 7853 7854 7855 2
t 1999 7851 7848 2
t 2000 7854 7851 2
t 2001 7848 7854 2
t 7851 7854 7848 2
t 500 7846 7835 2
t 1998 7856 7846 2
t 1995 7835 7856 2
t 7846 7856 7835 2
t 519 7855 7842 2
t 2000 7857 7855 2
t 1998 7842 7857 2
t 7855 7857 7842 2
t 520 7839 7850 2
t 1995 7858 7839 2
t 2000 7850 7858 2
t 7839 7858 7850 2
t 1998 7857 7856 2
t 2000 7858 7857 2
t 1995 7856 7858 2
t 7857 7858 7856 2
t 140 7823 7784 2
t 1994 7859 7823 2
t 1981 7784 7859 2
t 7823 7859 7784 2
t 517 7860 7827 2
t 2002 7861 7860 2
t 1994 7827 7861 2
t 7860 7861 7827 2
t 515 7789 7863 2
t 1981 7862 7789 2
t 2002 7863 7862 2
t 7789 7862 7863 2
t 1994 7861 7859 2
t 2002 7862 7861 2
t 1981 7859 7862 2
t 7861 7862 7859 2
t 141 7849 7812 2
t 2001 7864 7849 2
t 1989 7812 7864 2
t 7849 7864 7812 2
t 519 7865 7853 2
t 2003 7866 7865 2
t 2001 7853 7866 2
t 7865 7866 7853 2
t 517 7817 7868 2
t 1989 7867 7817 2
t 2003 7868 7867 2
t 7817 7867 7868 2
t 2001 7866 7864 2
t 2003 7867 7866 2
t 1989 7864 7867 2
t 7866 7867 7864 2
t 135 7794 7840 2
t 1985 7869 7794 2
t 1997 7840 7869 2
t 7794 7869 7840 2
t 515 7870 7797 2
t 2004 7871 7870 2
t 1985 7797 7871 2
t 7870 7871 7797 2
t 519 7844 7873 2
t 1997 7872 7844 2
t 2004 7873 7872 2
t 7844 7872 7873 2
t 1985 7871 7869 2
t 2004 7872 7871 2
t 1997 7869 7872 2
t 7871 7872 7869 2
t 517 7868 7860 2
t 2003 7874 7868 2
t 2002 7860 7874 2
t 7868 7874 7860 2
t 519 7873 7865 2
t 2004 7875 7873 2
t 2003 7865 7875 2
t 7873 7875 7865 2
t 515 7863 7870 2
t 2002 7876 7863 2
t 2004 7870 7876 2
t 7863 7876 7870 2
t 2003 7875 7874 2
t 2004 7876 7875 2
t 2002 7874 7876 2
t 7875 7876 7874 2
t 11 7877 7879 2
t 2005 7878 7877 2
t 2007 7879 7878 2
t 7877 7878 7879 2
t 521 7880 7882 2
t 2006 7881 7880 2
t 2005 7882 7881 2
t 7880 7881 7882 2
t 523 7883 7885 2
t 2007 7884 7883 2
t 2006 7885 7884 2
t 7883 7884 7885 2
t 2005 7881 7878 2
t 2006 7884 7881 2
t 2007 7878 7884 2
t 7881 7884 7878 2
t 142 7886 7888 2
t 2008 7887 7886 2
t 2010 7888 7887 2
t 7886 7887 7888 2
t 522 7889 7891 2
t 2009 7890 7889 2
t 2008 7891 7890 2
t 7889 7890 7891 2
t 521 7892 7894 2
t 2010 7893 7892 2
t 2009 7894 7893 2
t 7892 7893 7894 2
t 2008 7890 7887 2
t 2009 7893 7890 2
t 2010 7887 7893 2
t 7890 7893 7887 2
t 144 7895 7897 2
t 2011 7896 7895 2
t 2013 7897 7896 2
t 7895 7896 7897 2
t 523 7898 7900 2
t 2012 7899 7898 2
t 2011 7900 7899 2
t 7898 7899 7900 2
t 522 7901 7903 2
t 2013 7902 7901 2
t 2012 7903 7902 2
t 7901 7902 7903 2
t 2011 7899 7896 2
t 2012 7902 7899 2
t 2013 7896 7902 2
t 7899 7902 7896 2
t 521 7894 7880 2
t 2009 7904 7894 2
t 2006 7880 7904 2
t 7894 7904 7880 2
t 522 7903 7889 2
t 2012 7905 7903 2
t 2009 7889 7905 2
t 7903 7905 7889 2
t 523 7885 7898 2
t 2006 7906 7885 2
t 2012 7898 7906 2
t 7885 7906 7898 2
t 2009 7905 7904 2
t 2012 7906 7905 2
t 2006 7904 7906 2
t 7905 7906 7904 2
t 43 7907 7909 2
t 2014 7908 7907 2
t 2016 7909 7908 2
t 7907 7908 7909 2
t 524 7910 7912 2
t 2015 7911 7910 2
t 2014 7912 7911 2
t 7910 7911 7912 2
t 526 7913 7915 2
t 2016 7914 7913 2
t 2015 7915 7914 2
t 7913 7914 7915 2
t 2014 7911 7908 2
t 2015 7914 7911 2
t 2016 7908 7914 2
t 7911 7914 7908 2
t 143 7916 7918 2
t 2017 7917 7916 2
t 2019 7918 7917 2
t 7916 7917 7918 2
t 525 7919 7921 2
t 2018 7920 7919 2
t 2017 7921 7920 2
t 7919 7920 7921 2
t 524 7922 7924 2
t 2019 7923 7922 2
t 2018 7924 7923 2
t 7922 7923 7924 2
t 2017 7920 7917 2
t 2018 7923 7920 2
t 2019 7917 7923 2
t 7920 7923 7917 2
t 142 7925 7927 2
t 2020 7926 7925 2
t 2022 7927 7926 2
t 7925 7926 7927 2
t 526 7928 7930 2
t 2021 7929 7928 2
t 2020 7930 7929 2
t 7928 7929 7930 2
t 525 7931 7933 2
t 2022 7932 7931 2
t 2021 7933 7932 2
t 7931 7932 7933 2
t 2020 7929 7926 2
t 2021 7932 7929 2
t 2022 7926 7932 2
t 7929 7932 7926 2
t 524 7924 7910 2
t 2018 7934 7924 2
t 2015 7910 7934 2
t 7924 7934 7910 2
t 525 7933 7919 2
t 2021 7935 7933 2
t 2018 7919 7935 2
t 7933 7935 7919 2
t 526 7915 7928 2
t 2015 7936 7915 2
t 2021 7928 7936 2
t 7915 7936 7928 2
t 2018 7935 7934 2
t 2021 7936 7935 2
t 2015 7934 7936 2
t 7935 7936 7934 2
t 42 7937 7939 2
t 2023 7938 7937 2
t 2025 7939 7938 2
t 7937 7938 7939 2
t 527 7940 7942 2
t 2024 7941 7940 2
t 2023 7942 7941 2
t 7940 7941 7942 2
t 529 7943 7945 2
t 2025 7944 7943 2
t 2024 7945 7944 2
t 7943 7944 7945 2
t 2023 7941 7938 2
t 2024 7944 7941 2
t 2025 7938 7944 2
t 7941 7944 7938 2
t 144 7946 7948 2
t 2026 7947 7946 2
t 2028 7948 7947 2
t 7946 7947 7948 2
t 528 7949 7951 2
t 2027 7950 7949 2
t 2026 7951 7950 2
t 7949 7950 7951 2
t 527 7952 7954 2
t 2028 7953 7952 2
t 2027 7954 7953 2
t 7952 7953 7954 2
t 2026 7950 7947 2
t 2027 7953 7950 2
t 2028 7947 7953 2
t 7950 7953 7947 2
t 143 7955 7957 2
t 2029 7956 7955 2
t 2031 7957 7956 2
t 7955 7956 7957 2
t 529 7958 7960 2
t 2030 7959 7958 2
t 2029 7960 7959 2
t 7958 7959 7960 2
t 528 7961 7963 2
t 2031 7962 7961 2
t 2030 7963 7962 2
t 7961 7962 7963 2
t 2029 7959 7956 2
t 2030 7962 7959 2
t 2031 7956 7962 2
t 7959 7962 7956 2
t 527 7954 7940 2
t 2027 7964 7954 2
t 2024 7940 7964 2
t 7954 7964 7940 2
t 528 7963 7949 2
t 2030 7965 7963 2
t 2027 7949 7965 2
t 7963 7965 7949 2
t 529 7945 7958 2
t 2024 7966 7945 2
t 2030 7958 7966 2
t 7945 7966 7958 2
t 2027 7965 7964 2
t 2030 7966 7965 2
t 2024 7964 7966 2
t 7965 7966 7964 2
t 142 7927 7886 2
t 2022 7967 7927 2
t 2008 7886 7967 2
t 7927 7967 7886 2
t 525 7968 7931 2
t 2032 7969 7968 2
t 2022 7931 7969 2
t 7968 7969 7931 2
t 522 7891 7971 2
t 2008 7970 7891 2
t 2032 7971 7970 2
t 7891 7970 7971 2
t 2022 7969 7967 2
t 2032 7970 7969 2
t 2008 7967 7970 2
t 7969 7970 7967 2
t 143 7957 7916 2
t 2031 7972 7957 2
t 2017 7916 7972 2
t 7957 7972 7916 2
t 528 7973 7961 2
t 2033 7974 7973 2
t 2031 7961 7974 2
t 7973 7974 7961 2
t 525 7921 7976 2
t 2017 7975 7921 2
t 2033 7976 7975 2
t 7921 7975 7976 2
t 2031 7974 7972 2
t 2033 7975 7974 2
t 2017 7972 7975 2
t 7974 7975 7972 2
t 144 7897 7946 2
t 2013 7977 7897 2
t 2026 7946 7977 2
t 7897 7977 7946 2
t 522 7978 7901 2
t 2034 7979 7978 2
t 2013 7901 7979 2
t 7978 7979 7901 2
t 528 7951 7981 2
t 2026 7980 7951 2
t 2034 7981 7980 2
t 7951 7980 7981 2
t 2013 7979 7977 2
t 2034 7980 7979 2
t 2026 7977 7980 2
t 7979 7980 7977 2
t 525 7976 7968 2
t 2033 7982 7976 2
t 2032 7968 7982 2
t 7976 7982 7968 2
t 528 7981 7973 2
t 2034 7983 7981 2
t 2033 7973 7983 2
t 7981 7983 7973 2
t 522 7971 7978 2
t 2032 7984 7971 2
t 2034 7978 7984 2
t 7971 7984 7978 2
t 2033 7983 7982 2
t 2034 7984 7983 2
t 2032 7982 7984 2
t 7983 7984 7982 2
t 41 7834 7703 2
t 1996 7985 7834 2
t 1960 7703 7985 2
t 7834 7985 7703 2
t 520 7986 7837 2
t 2035 7987 7986 2
t 1996 7837 7987 2
t 7986 7987 7837 2
t 509 7707 7989 2
t 1960 7988 7707 2
t 2035 7989 7988 2
t 7707 7988 7989 2
t 1996 7987 7985 2
t 2035 7988 7987 2
t 1960 7985 7988 2
t 7987 7988 7985 2
t 141 7990 7847 2
t 2036 7991 7990 2
t 1999 7847 7991 2
t 7990 7991 7847 2
t 530 7992 7994 2
t 2037 7993 7992 2
t 2036 7994 7993 2
t 7992 7993 7994 2
t 520 7852 7996 2
t 1999 7995 7852 2
t 2037 7996 7995 2
t 7852 7995 7996 2
t 2036 7993 7991 2
t 2037 7995 7993 2
t 1999 7991 7995 2
t 7993 7995 7991 2
t 138 7712 7998 2
t 1964 7997 7712 2
t 2039 7998 7997 2
t 7712 7997 7998 2
t 509 7999 7716 2
t 2038 8000 7999 2
t 1964 7716 8000 2
t 7999 8000 7716 2
t 530 8001 8003 2
t 2039 8002 8001 2
t 2038 8003 8002 2
t 8001 8002 8003 2
t 1964 8000 7997 2
t 2038 8002 8000 2
t 2039 7997 8002 2
t 8000 8002 7997 2
t 520 7996 7986 2
t 2037 8004 7996 2
t 2035 7986 8004 2
t 7996 8004 7986 2
t 530 8003 7992 2
t 2038 8005 8003 2
t 2037 7992 8005 2
t 8003 8005 7992 2
t 509 7989 7999 2
t 2035 8006 7989 2
t 2038 7999 8006 2
t 7989 8006 7999 2
t 2037 8005 8004 2
t 2038 8006 8005 2
t 2035 8004 8006 2
t 8005 8006 8004 2
t 42 7939 7803 2
t 2025 8007 7939 2
t 1986 7803 8007 2
t 7939 8007 7803 2
t 529 8008 7943 2
t 2040 8009 8008 2
t 2025 7943 8009 2
t 8008 8009 7943 2
t 516 7808 8011 2
t 1986 8010 7808 2
t 2040 8011 8010 2
t 7808 8010 8011 2
t 2025 8009 8007 2
t 2040 8010 8009 2
t 1986 8007 8010 2
t 8009 8010 8007 2
t 143 8012 7955 2
t 2041 8013 8012 2
t 2029 7955 8013 2
t 8012 8013 7955 2
t 531 8014 8016 2
t 2042 8015 8014 2
t 2041 8016 8015 2
t 8014 8015 8016 2
t 529 7960 8018 2
t 2029 8017 7960 2
t 2042 8018 8017 2
t 7960 8017 8018 2
t 2041 8015 8013 2
t 2042 8017 8015 2
t 2029 8013 8017 2
t 8015 8017 8013 2
t 141 7814 8020 2
t 1991 8019 7814 2
t 2044 8020 8019 2
t 7814 8019 8020 2
t 516 8021 7818 2
t 2043 8022 8021 2
t 1991 7818 8022 2
t 8021 8022 7818 2
t 531 8023 8025 2
t 2044 8024 8023 2
t 2043 8025 8024 2
t 8023 8024 8025 2
t 1991 8022 8019 2
t 2043 8024 8022 2
t 2044 8019 8024 2
t 8022 8024 8019 2
t 529 8018 8008 2
t 2042 8026 8018 2
t 2040 8008 8026 2
t 8018 8026 8008 2
t 531 8025 8014 2
t 2043 8027 8025 2
t 2042 8014 8027 2
t 8025 8027 8014 2
t 516 8011 8021 2
t 2040 8028 8011 2
t 2043 8021 8028 2
t 8011 8028 8021 2
t 2042 8027 8026 2
t 2043 8028 8027 2
t 2040 8026 8028 2
t 8027 8028 8026 2
t 43 7731 7907 2
t 1969 8029 7731 2
t 2014 7907 8029 2
t 7731 8029 7907 2
t 513 8030 7735 2
t 2045 8031 8030 2
t 1969 7735 8031 2
t 8030 8031 7735 2
t 524 7912 8033 2
t 2014 8032 7912 2
t 2045 8033 8032 2
t 7912 8032 8033 2
t 1969 8031 8029 2
t 2045 8032 8031 2
t 2014 8029 8032 2
t 8031 8032 8029 2
t 138 8034 7747 2
t 2046 8035 8034 2
t 1973 7747 8035 2
t 8034 8035 7747 2
t 532 8036 8038 2
t 2047 8037 8036 2
t 2046 8038 8037 2
t 8036 8037 8038 2
t 513 7752 8040 2
t 1973 8039 7752 2
t 2047 8040 8039 2
t 7752 8039 8040 2
t 2046 8037 8035 2
t 2047 8039 8037 2
t 1973 8035 8039 2
t 8037 8039 8035 2
t 143 7918 8042 2
t 2019 8041 7918 2
t 2049 8042 8041 2
t 7918 8041 8042 2
t 524 8043 7922 2
t 2048 8044 8043 2
t 2019 7922 8044 2
t 8043 8044 7922 2
t 532 8045 8047 2
t 2049 8046 8045 2
t 2048 8047 8046 2
t 8045 8046 8047 2
t 2019 8044 8041 2
t 2048 8046 8044 2
t 2049 8041 8046 2
t 8044 8046 8041 2
t 513 8040 8030 2
t 2047 8048 8040 2
t 2045 8030 8048 2
t 8040 8048 8030 2
t 532 8047 8036 2
t 2048 8049 8047 2
t 2047 8036 8049 2
t 8047 8049 8036 2
t 524 8033 8043 2
t 2045 8050 8033 2
t 2048 8043 8050 2
t 8033 8050 8043 2
t 2047 8049 8048 2
t 2048 8050 8049 2
t 2045 8048 8050 2
t 8049 8050 8048 2
t 141 8020 7990 2
t 2044 8051 8020 2
t 2036 7990 8051 2
t 8020 8051 7990 2
t 531 8052 8023 2
t 2050 8053 8052 2
t 2044 8023 8053 2
t 8052 8053 8023 2
t 530 7994 8055 2
t 2036 8054 7994 2
t 2050 8055 8054 2
t 7994 8054 8055 2
t 2044 8053 8051 2
t 2050 8054 8053 2
t 2036 8051 8054 2
t 8053 8054 8051 2
t 143 8042 8012 2
t 2049 8056 8042 2
t 2041 8012 8056 2
t 8042 8056 8012 2
t 532 8057 8045 2
t 2051 8058 8057 2
t 2049 8045 8058 2
t 8057 8058 8045 2
t 531 8016 8060 2
t 2041 8059 8016 2
t 2051 8060 8059 2
t 8016 8059 8060 2
t 2049 8058 8056 2
t 2051 8059 8058 2
t 2041 8056 8059 2
t 8058 8059 8056 2
t 138 7998 8034 2
t 2039 8061 7998 2
t 2046 8034 8061 2
t 7998 8061 8034 2
t 530 8062 8001 2
t 2052 8063 8062 2
t 2039 8001 8063 2
t 8062 8063 8001 2
t 532 8038 8065 2
t 2046 8064 8038 2
t 2052 8065 8064 2
t 8038 8064 8065 2
t 2039 8063 8061 2
t 2052 8064 8063 2
t 2046 8061 8064 2
t 8063 8064 8061 2
t 531 8060 8052 2
t 2051 8066 8060 2
t 2050 8052 8066 2
t 8060 8066 8052 2
t 532 8065 8057 2
t 2052 8067 8065 2
t 2051 8057 8067 2
t 8065 8067 8057 2
t 530 8055 8062 2
t 2050 8068 8055 2
t 2052 8062 8068 2
t 8055 8068 8062 2
t 2051 8067 8066 2
t 2052 8068 8067 2
t 2050 8066 8068 2
t 8067 8068 8066 2
t 6 7678 6485 2
t 1954 8069 7678 2
t 1645 6485 8069 2
t 7678 8069 6485 2
t 508 8070 7681 2
t 2053 8071 8070 2
t 1954 7681 8071 2
t 8070 8071 7681 2
t 425 6490 8073 2
t 1645 8072 6490 2
t 2053 8073 8072 2
t 6490 8072 8073 2
t 1954 8071 8069 2
t 2053 8072 8071 2
t 1645 8069 8072 2
t 8071 8072 8069 2
t 139 8074 7691 2
t 2054 8075 8074 2
t 1957 7691 8075 2
t 8074 8075 7691 2
t 533 8076 8078 2
t 2055 8077 8076 2
t 2054 8078 8077 2
t 8076 8077 8078 2
t 508 7696 8080 2
t 1957 8079 7696 2
t 2055 8080 8079 2
t 7696 8079 8080 2
t 2054 8077 8075 2
t 2055 8079 8077 2
t 1957 8075 8079 2
t 8077 8079 8075 2
t 115 6496 8082 2
t 1650 8081 6496 2
t 2057 8082 8081 2
t 6496 8081 8082 2
t 425 8083 6500 2
t 2056 8084 8083 2
t 1650 6500 8084 2
t 8083 8084 6500 2
t 533 8085 8087 2
t 2057 8086 8085 2
t 2056 8087 8086 2
t 8085 8086 8087 2
t 1650 8084 8081 2
t 2056 8086 8084 2
t 2057 8081 8086 2
t 8084 8086 8081 2
t 508 8080 8070 2
t 2055 8088 8080 2
t 2053 8070 8088 2
t 8080 8088 8070 2
t 533 8087 8076 2
t 2056 8089 8087 2
t 2055 8076 8089 2
t 8087 8089 8076 2
t 425 8073 8083 2
t 2053 8090 8073 2
t 2056 8083 8090 2
t 8073 8090 8083 2
t 2055 8089 8088 2
t 2056 8090 8089 2
t 2053 8088 8090 2
t 8089 8090 8088 2
t 43 8091 7729 2
t 2058 8092 8091 2
t 1967 7729 8092 2
t 8091 8092 7729 2
t 534 8093 8095 2
t 2059 8094 8093 2
t 2058 8095 8094 2
t 8093 8094 8095 2
t 511 7734 8097 2
t 1967 8096 7734 2
t 2059 8097 8096 2
t 7734 8096 8097 2
t 2058 8094 8092 2
t 2059 8096 8094 2
t 1967 8092 8096 2
t 8094 8096 8092 2
t 145 8098 8100 2
t 2060 8099 8098 2
t 2062 8100 8099 2
t 8098 8099 8100 2
t 535 8101 8103 2
t 2061 8102 8101 2
t 2060 8103 8102 2
t 8101 8102 8103 2
t 534 8104 8106 2
t 2062 8105 8104 2
t 2061 8106 8105 2
t 8104 8105 8106 2
t 2060 8102 8099 2
t 2061 8105 8102 2
t 2062 8099 8105 2
t 8102 8105 8099 2
t 139 7740 8108 2
t 1972 8107 7740 2
t 2064 8108 8107 2
t 7740 8107 8108 2
t 511 8109 7744 2
t 2063 8110 8109 2
t 1972 7744 8110 2
t 8109 8110 7744 2
t 535 8111 8113 2
t 2064 8112 8111 2
t 2063 8113 8112 2
t 8111 8112 8113 2
t 1972 8110 8107 2
t 2063 8112 8110 2
t 2064 8107 8112 2
t 8110 8112 8107 2
t 534 8106 8093 2
t 2061 8114 8106 2
t 2059 8093 8114 2
t 8106 8114 8093 2
t 535 8113 8101 2
t 2063 8115 8113 2
t 2061 8101 8115 2
t 8113 8115 8101 2
t 511 8097 8109 2
t 2059 8116 8097 2
t 2063 8109 8116 2
t 8097 8116 8109 2
t 2061 8115 8114 2
t 2063 8116 8115 2
t 2059 8114 8116 2
t 8115 8116 8114 2
t 35 6517 8118 2
t 1656 8117 6517 2
t 2066 8118 8117 2
t 6517 8117 8118 2
t 430 8119 6521 2
t 2065 8120 8119 2
t 1656 6521 8120 2
t 8119 8120 6521 2
t 537 8121 8123 2
t 2066 8122 8121 2
t 2065 8123 8122 2
t 8121 8122 8123 2
t 1656 8120 8117 2
t 2065 8122 8120 2
t 2066 8117 8122 2
t 8120 8122 8117 2
t 115 8124 6533 2
t 2067 8125 8124 2
t 1660 6533 8125 2
t 8124 8125 6533 2
t 536 8126 8128 2
t 2068 8127 8126 2
t 2067 8128 8127 2
t 8126 8127 8128 2
t 430 6538 8130 2
t 1660 8129 6538 2
t 2068 8130 8129 2
t 6538 8129 8130 2
t 2067 8127 8125 2
t 2068 8129 8127 2
t 1660 8125 8129 2
t 8127 8129 8125 2
t 145 8131 8133 2
t 2069 8132 8131 2
t 2071 8133 8132 2
t 8131 8132 8133 2
t 537 8134 8136 2
t 2070 8135 8134 2
t 2069 8136 8135 2
t 8134 8135 8136 2
t 536 8137 8139 2
t 2071 8138 8137 2
t 2070 8139 8138 2
t 8137 8138 8139 2
t 2069 8135 8132 2
t 2070 8138 8135 2
t 2071 8132 8138 2
t 8135 8138 8132 2
t 430 8130 8119 2
t 2068 8140 8130 2
t 2065 8119 8140 2
t 8130 8140 8119 2
t 536 8139 8126 2
t 2070 8141 8139 2
t 2068 8126 8141 2
t 8139 8141 8126 2
t 537 8123 8134 2
t 2065 8142 8123 2
t 2070 8134 8142 2
t 8123 8142 8134 2
t 2068 8141 8140 2
t 2070 8142 8141 2
t 2065 8140 8142 2
t 8141 8142 8140 2
t 139 8108 8074 2
t 2064 8143 8108 2
t 2054 8074 8143 2
t 8108 8143 8074 2
t 535 8144 8111 2
t 2072 8145 8144 2
t 2064 8111 8145 2
t 8144 8145 8111 2
t 533 8078 8147 2
t 2054 8146 8078 2
t 2072 8147 8146 2
t 8078 8146 8147 2
t 2064 8145 8143 2
t 2072 8146 8145 2
t 2054 8143 8146 2
t 8145 8146 8143 2
t 145 8133 8098 2
t 2071 8148 8133 2
t 2060 8098 8148 2
t 8133 8148 8098 2
t 536 8149 8137 2
t 2073 8150 8149 2
t 2071 8137 8150 2
t 8149 8150 8137 2
t 535 8103 8152 2
t 2060 8151 8103 2
t 2073 8152 8151 2
t 8103 8151 8152 2
t 2071 8150 8148 2
t 2073 8151 8150 2
t 2060 8148 8151 2
t 8150 8151 8148 2
t 115 8082 8124 2
t 2057 8153 8082 2
t 2067 8124 8153 2
t 8082 8153 8124 2
t 533 8154 8085 2
t 2074 8155 8154 2
t 2057 8085 8155 2
t 8154 8155 8085 2
t 536 8128 8157 2
t 2067 8156 8128 2
t 2074 8157 8156 2
t 8128 8156 8157 2
t 2057 8155 8153 2
t 2074 8156 8155 2
t 2067 8153 8156 2
t 8155 8156 8153 2
t 535 8152 8144 2
t 2073 8158 8152 2
t 2072 8144 8158 2
t 8152 8158 8144 2
t 536 8157 8149 2
t 2074 8159 8157 2
t 2073 8149 8159 2
t 8157 8159 8149 2
t 533 8147 8154 2
t 2072 8160 8147 2
t 2074 8154 8160 2
t 8147 8160 8154 2
t 2073 8159 8158 2
t 2074 8160 8159 2
t 2072 8158 8160 2
t 8159 8160 8158 2
t 11 8161 7877 2
t 2075 8162 8161 2
t 2005 7877 8162 2
t 8161 8162 7877 2
t 538 8163 8165 2
t 2076 8164 8163 2
t 2075 8165 8164 2
t 8163 8164 8165 2
t 521 7882 8167 2
t 2005 8166 7882 2
t 2076 8167 8166 2
t 7882 8166 8167 2
t 2075 8164 8162 2
t 2076 8166 8164 2
t 2005 8162 8166 2
t 8164 8166 8162 2
t 146 8168 8170 2
t 2077 8169 8168 2
t 2079 8170 8169 2
t 8168 8169 8170 2
t 539 8171 8173 2
t 2078 8172 8171 2
t 2077 8173 8172 2
t 8171 8172 8173 2
t 538 8174 8176 2
t 2079 8175 8174 2
t 2078 8176 8175 2
t 8174 8175 8176 2
t 2077 8172 8169 2
t 2078 8175 8172 2
t 2079 8169 8175 2
t 8172 8175 8169 2
t 142 7888 8178 2
t 2010 8177 7888 2
t 2081 8178 8177 2
t 7888 8177 8178 2
t 521 8179 7892 2
t 2080 8180 8179 2
t 2010 7892 8180 2
t 8179 8180 7892 2
t 539 8181 8183 2
t 2081 8182 8181 2
t 2080 8183 8182 2
t 8181 8182 8183 2
t 2010 8180 8177 2
t 2080 8182 8180 2
t 2081 8177 8182 2
t 8180 8182 8177 2
t 538 8176 8163 2
t 2078 8184 8176 2
t 2076 8163 8184 2
t 8176 8184 8163 2
t 539 8183 8171 2
t 2080 8185 8183 2
t 2078 8171 8185 2
t 8183 8185 8171 2
t 521 8167 8179 2
t 2076 8186 8167 2
t 2080 8179 8186 2
t 8167 8186 8179 2
t 2078 8185 8184 2
t 2080 8186 8185 2
t 2076 8184 8186 2
t 8185 8186 8184 2
t 44 8187 8189 2
t 2082 8188 8187 2
t 2084 8189 8188 2
t 8187 8188 8189 2
t 540 8190 8192 2
t 2083 8191 8190 2
t 2082 8192 8191 2
t 8190 8191 8192 2
t 542 8193 8195 2
t 2084 8194 8193 2
t 2083 8195 8194 2
t 8193 8194 8195 2
t 2082 8191 8188 2
t 2083 8194 8191 2
t 2084 8188 8194 2
t 8191 8194 8188 2
t 147 8196 8198 2
t 2085 8197 8196 2
t 2087 8198 8197 2
t 8196 8197 8198 2
t 541 8199 8201 2
t 2086 8200 8199 2
t 2085 8201 8200 2
t 8199 8200 8201 2
t 540 8202 8204 2
t 2087 8203 8202 2
t 2086 8204 8203 2
t 8202 8203 8204 2
t 2085 8200 8197 2
t 2086 8203 8200 2
t 2087 8197 8203 2
t 8200 8203 8197 2
t 146 8205 8207 2
t 2088 8206 8205 2
t 2090 8207 8206 2
t 8205 8206 8207 2
t 542 8208 8210 2
t 2089 8209 8208 2
t 2088 8210 8209 2
t 8208 8209 8210 2
t 541 8211 8213 2
t 2090 8212 8211 2
t 2089 8213 8212 2
t 8211 8212 8213 2
t 2088 8209 8206 2
t 2089 8212 8209 2
t 2090 8206 8212 2
t 8209 8212 8206 2
t 540 8204 8190 2
t 2086 8214 8204 2
t 2083 8190 8214 2
t 8204 8214 8190 2
t 541 8213 8199 2
t 2089 8215 8213 2
t 2086 8199 8215 2
t 8213 8215 8199 2
t 542 8195 8208 2
t 2083 8216 8195 2
t 2089 8208 8216 2
t 8195 8216 8208 2
t 2086 8215 8214 2
t 2089 8216 8215 2
t 2083 8214 8216 2
t 8215 8216 8214 2
t 43 7909 8218 2
t 2016 8217 7909 2
t 2092 8218 8217 2
t 7909 8217 8218 2
t 526 8219 7913 2
t 2091 8220 8219 2
t 2016 7913 8220 2
t 8219 8220 7913 2
t 544 8221 8223 2
t 2092 8222 8221 2
t 2091 8223 8222 2
t 8221 8222 8223 2
t 2016 8220 8217 2
t 2091 8222 8220 2
t 2092 8217 8222 2
t 8220 8222 8217 2
t 142 8224 7925 2
t 2093 8225 8224 2
t 2020 7925 8225 2
t 8224 8225 7925 2
t 543 8226 8228 2
t 2094 8227 8226 2
t 2093 8228 8227 2
t 8226 8227 8228 2
t 526 7930 8230 2
t 2020 8229 7930 2
t 2094 8230 8229 2
t 7930 8229 8230 2
t 2093 8227 8225 2
t 2094 8229 8227 2
t 2020 8225 8229 2
t 8227 8229 8225 2
t 147 8231 8233 2
t 2095 8232 8231 2
t 2097 8233 8232 2
t 8231 8232 8233 2
t 544 8234 8236 2
t 2096 8235 8234 2
t 2095 8236 8235 2
t 8234 8235 8236 2
t 543 8237 8239 2
t 2097 8238 8237 2
t 2096 8239 8238 2
t 8237 8238 8239 2
t 2095 8235 8232 2
t 2096 8238 8235 2
t 2097 8232 8238 2
t 8235 8238 8232 2
t 526 8230 8219 2
t 2094 8240 8230 2
t 2091 8219 8240 2
t 8230 8240 8219 2
t 543 8239 8226 2
t 2096 8241 8239 2
t 2094 8226 8241 2
t 8239 8241 8226 2
t 544 8223 8234 2
t 2091 8242 8223 2
t 2096 8234 8242 2
t 8223 8242 8234 2
t 2094 8241 8240 2
t 2096 8242 8241 2
t 2091 8240 8242 2
t 8241 8242 8240 2
t 146 8207 8168 2
t 2090 8243 8207 2
t 2077 8168 8243 2
t 8207 8243 8168 2
t 541 8244 8211 2
t 2098 8245 8244 2
t 2090 8211 8245 2
t 8244 8245 8211 2
t 539 8173 8247 2
t 2077 8246 8173 2
t 2098 8247 8246 2
t 8173 8246 8247 2
t 2090 8245 8243 2
t 2098 8246 8245 2
t 2077 8243 8246 2
t 8245 8246 8243 2
t 147 8233 8196 2
t 2097 8248 8233 2
t 2085 8196 8248 2
t 8233 8248 8196 2
t 543 8249 8237 2
t 2099 8250 8249 2
t 2097 8237 8250 2
t 8249 8250 8237 2
t 541 8201 8252 2
t 2085 8251 8201 2
t 2099 8252 8251 2
t 8201 8251 8252 2
t 2097 8250 8248 2
t 2099 8251 8250 2
t 2085 8248 8251 2
t 8250 8251 8248 2
t 142 8178 8224 2
t 2081 8253 8178 2
t 2093 8224 8253 2
t 8178 8253 8224 2
t 539 8254 8181 2
t 2100 8255 8254 2
t 2081 8181 8255 2
t 8254 8255 8181 2
t 543 8228 8257 2
t 2093 8256 8228 2
t 2100 8257 8256 2
t 8228 8256 8257 2
t 2081 8255 8253 2
t 2100 8256 8255 2
t 2093 8253 8256 2
t 8255 8256 8253 2
t 541 8252 8244 2
t 2099 8258 8252 2
t 2098 8244 8258 2
t 8252 8258 8244 2
t 543 8257 8249 2
t 2100 8259 8257 2
t 2099 8249 8259 2
t 8257 8259 8249 2
t 539 8247 8254 2
t 2098 8260 8247 2
t 2100 8254 8260 2
t 8247 8260 8254 2
t 2099 8259 8258 2
t 2100 8260 8259 2
t 2098 8258 8260 2
t 8259 8260 8258 2
t 12 6595 8262 2
t 1677 8261 6595 2
t 2102 8262 8261 2
t 6595 8261 8262 2
t 436 8263 6599 2
t 2101 8264 8263 2
t 1677 6599 8264 2
t 8263 8264 6599 2
t 546 8265 8267 2
t 2102 8266 8265 2
t 2101 8267 8266 2
t 8265 8266 8267 2
t 1677 8264 8261 2
t 2101 8266 8264 2
t 2102 8261 8266 2
t 8264 8266 8261 2
t 120 8268 6611 2
t 2103 8269 8268 2
t 1681 6611 8269 2
t 8268 8269 6611 2
t 545 8270 8272 2
t 2104 8271 8270 2
t 2103 8272 8271 2
t 8270 8271 8272 2
t 436 6616 8274 2
t 1681 8273 6616 2
t 2104 8274 8273 2
t 6616 8273 8274 2
t 2103 8271 8269 2
t 2104 8273 8271 2
t 1681 8269 8273 2
t 8271 8273 8269 2
t 149 8275 8277 2
t 2105 8276 8275 2
t 2107 8277 8276 2
t 8275 8276 8277 2
t 546 8278 8280 2
t 2106 8279 8278 2
t 2105 8280 8279 2
t 8278 8279 8280 2
t 545 8281 8283 2
t 2107 8282 8281 2
t 2106 8283 8282 2
t 8281 8282 8283 2
t 2105 8279 8276 2
t 2106 8282 8279 2
t 2107 8276 8282 2
t 8279 8282 8276 2
t 436 8274 8263 2
t 2104 8284 8274 2
t 2101 8263 8284 2
t 8274 8284 8263 2
t 545 8283 8270 2
t 2106 8285 8283 2
t 2104 8270 8285 2
t 8283 8285 8270 2
t 546 8267 8278 2
t 2101 8286 8267 2
t 2106 8278 8286 2
t 8267 8286 8278 2
t 2104 8285 8284 2
t 2106 8286 8285 2
t 2101 8284 8286 2
t 8285 8286 8284 2
t 35 8287 6653 2
t 2108 8288 8287 2
t 1693 6653 8288 2
t 8287 8288 6653 2
t 547 8289 8291 2
t 2109 8290 8289 2
t 2108 8291 8290 2
t 8289 8290 8291 2
t 440 6658 8293 2
t 1693 8292 6658 2
t 2109 8293 8292 2
t 6658 8292 8293 2
t 2108 8290 8288 2
t 2109 8292 8290 2
t 1693 8288 8292 2
t 8290 8292 8288 2
t 148 8294 8296 2
t 2110 8295 8294 2
t 2112 8296 8295 2
t 8294 8295 8296 2
t 548 8297 8299 2
t 2111 8298 8297 2
t 2110 8299 8298 2
t 8297 8298 8299 2
t 547 8300 8302 2
t 2112 8301 8300 2
t 2111 8302 8301 2
t 8300 8301 8302 2
t 2110 8298 8295 2
t 2111 8301 8298 2
t 2112 8295 8301 2
t 8298 8301 8295 2
t 120 6664 8304 2
t 1698 8303 6664 2
t 2114 8304 8303 2
t 6664 8303 8304 2
t 440 8305 6668 2
t 2113 8306 8305 2
t 1698 6668 8306 2
t 8305 8306 6668 2
t 548 8307 8309 2
t 2114 8308 8307 2
t 2113 8309 8308 2
t 8307 8308 8309 2
t 1698 8306 8303 2
t 2113 8308 8306 2
t 2114 8303 8308 2
t 8306 8308 8303 2
t 547 8302 8289 2
t 2111 8310 8302 2
t 2109 8289 8310 2
t 8302 8310 8289 2
t 548 8309 8297 2
t 2113 8311 8309 2
t 2111 8297 8311 2
t 8309 8311 8297 2
t 440 8293 8305 2
t 2109 8312 8293 2
t 2113 8305 8312 2
t 8293 8312 8305 2
t 2111 8311 8310 2
t 2113 8312 8311 2
t 2109 8310 8312 2
t 8311 8312 8310 2
t 44 8313 8315 2
t 2115 8314 8313 2
t 2117 8315 8314 2
t 8313 8314 8315 2
t 549 8316 8318 2
t 2116 8317 8316 2
t 2115 8318 8317 2
t 8316 8317 8318 2
t 551 8319 8321 2
t 2117 8320 8319 2
t 2116 8321 8320 2
t 8319 8320 8321 2
t 2115 8317 8314 2
t 2116 8320 8317 2
t 2117 8314 8320 2
t 8317 8320 8314 2
t 149 8322 8324 2
t 2118 8323 8322 2
t 2120 8324 8323 2
t 8322 8323 8324 2
t 550 8325 8327 2
t 2119 8326 8325 2
t 2118 8327 8326 2
t 8325 8326 8327 2
t 549 8328 8330 2
t 2120 8329 8328 2
t 2119 8330 8329 2
t 8328 8329 8330 2
t 2118 8326 8323 2
t 2119 8329 8326 2
t 2120 8323 8329 2
t 8326 8329 8323 2
t 148 8331 8333 2
t 2121 8332 8331 2
t 2123 8333 8332 2
t 8331 8332 8333 2
t 551 8334 8336 2
t 2122 8335 8334 2
t 2121 8336 8335 2
t 8334 8335 8336 2
t 550 8337 8339 2
t 2123 8338 8337 2
t 2122 8339 8338 2
t 8337 8338 8339 2
t 2121 8335 8332 2
t 2122 8338 8335 2
t 2123 8332 8338 2
t 8335 8338 8332 2
t 549 8330 8316 2
t 2119 8340 8330 2
t 2116 8316 8340 2
t 8330 8340 8316 2
t 550 8339 8325 2
t 2122 8341 8339 2
t 2119 8325 8341 2
t 8339 8341 8325 2
t 551 8321 8334 2
t 2116 8342 8321 2
t 2122 8334 8342 2
t 8321 8342 8334 2
t 2119 8341 8340 2
t 2122 8342 8341 2
t 2116 8340 8342 2
t 8341 8342 8340 2
t 120 8304 8268 2
t 2114 8343 8304 2
t 2103 8268 8343 2
t 8304 8343 8268 2
t 548 8344 8307 2
t 2124 8345 8344 2
t 2114 8307 8345 2
t 8344 8345 8307 2
t 545 8272 8347 2
t 2103 8346 8272 2
t 2124 8347 8346 2
t 8272 8346 8347 2
t 2114 8345 8343 2
t 2124 8346 8345 2
t 2103 8343 8346 2
t 8345 8346 8343 2
t 148 8333 8294 2
t 2123 8348 8333 2
t 2110 8294 8348 2
t 8333 8348 8294 2
t 550 8349 8337 2
t 2125 8350 8349 2
t 2123 8337 8350 2
t 8349 8350 8337 2
t 548 8299 8352 2
t 2110 8351 8299 2
t 2125 8352 8351 2
t 8299 8351 8352 2
t 2123 8350 8348 2
t 2125 8351 8350 2
t 2110 8348 8351 2
t 8350 8351 8348 2
t 149 8277 8322 2
t 2107 8353 8277 2
t 2118 8322 8353 2
t 8277 8353 8322 2
t 545 8354 8281 2
t 2126 8355 8354 2
t 2107 8281 8355 2
t 8354 8355 8281 2
t 550 8327 8357 2
t 2118 8356 8327 2
t 2126 8357 8356 2
t 8327 8356 8357 2
t 2107 8355 8353 2
t 2126 8356 8355 2
t 2118 8353 8356 2
t 8355 8356 8353 2
t 548 8352 8344 2
t 2125 8358 8352 2
t 2124 8344 8358 2
t 8352 8358 8344 2
t 550 8357 8349 2
t 2126 8359 8357 2
t 2125 8349 8359 2
t 8357 8359 8349 2
t 545 8347 8354 2
t 2124 8360 8347 2
t 2126 8354 8360 2
t 8347 8360 8354 2
t 2125 8359 8358 2
t 2126 8360 8359 2
t 2124 8358 8360 2
t 8359 8360 8358 2
t 43 8218 8091 2
t 2092 8361 8218 2
t 2058 8091 8361 2
t 8218 8361 8091 2
t 544 8362 8221 2
t 2127 8363 8362 2
t 2092 8221 8363 2
t 8362 8363 8221 2
t 534 8095 8365 2
t 2058 8364 8095 2
t 2127 8365 8364 2
t 8095 8364 8365 2
t 2092 8363 8361 2
t 2127 8364 8363 2
t 2058 8361 8364 2
t 8363 8364 8361 2
t 147 8366 8231 2
t 2128 8367 8366 2
t 2095 8231 8367 2
t 8366 8367 8231 2
t 552 8368 8370 2
t 2129 8369 8368 2
t 2128 8370 8369 2
t 8368 8369 8370 2
t 544 8236 8372 2
t 2095 8371 8236 2
t 2129 8372 8371 2
t 8236 8371 8372 2
t 2128 8369 8367 2
t 2129 8371 8369 2
t 2095 8367 8371 2
t 8369 8371 8367 2
t 145 8100 8374 2
t 2062 8373 8100 2
t 2131 8374 8373 2
t 8100 8373 8374 2
t 534 8375 8104 2
t 2130 8376 8375 2
t 2062 8104 8376 2
t 8375 8376 8104 2
t 552 8377 8379 2
t 2131 8378 8377 2
t 2130 8379 8378 2
t 8377 8378 8379 2
t 2062 8376 8373 2
t 2130 8378 8376 2
t 2131 8373 8378 2
t 8376 8378 8373 2
t 544 8372 8362 2
t 2129 8380 8372 2
t 2127 8362 8380 2
t 8372 8380 8362 2
t 552 8379 8368 2
t 2130 8381 8379 2
t 2129 8368 8381 2
t 8379 8381 8368 2
t 534 8365 8375 2
t 2127 8382 8365 2
t 2130 8375 8382 2
t 8365 8382 8375 2
t 2129 8381 8380 2
t 2130 8382 8381 2
t 2127 8380 8382 2
t 8381 8382 8380 2
t 44 8315 8187 2
t 2117 8383 8315 2
t 2082 8187 8383 2
t 8315 8383 8187 2
t 551 8384 8319 2
t 2132 8385 8384 2
t 2117 8319 8385 2
t 8384 8385 8319 2
t 540 8192 8387 2
t 2082 8386 8192 2
t 2132 8387 8386 2
t 8192 8386 8387 2
t 2117 8385 8383 2
t 2132 8386 8385 2
t 2082 8383 8386 2
t 8385 8386 8383 2
t 148 8388 8331 2
t 2133 8389 8388 2
t 2121 8331 8389 2
t 8388 8389 8331 2
t 553 8390 8392 2
t 2134 8391 8390 2
t 2133 8392 8391 2
t 8390 8391 8392 2
t 551 8336 8394 2
t 2121 8393 8336 2
t 2134 8394 8393 2
t 8336 8393 8394 2
t 2133 8391 8389 2
t 2134 8393 8391 2
t 2121 8389 8393 2
t 8391 8393 8389 2
t 147 8198 8396 2
t 2087 8395 8198 2
t 2136 8396 8395 2
t 8198 8395 8396 2
t 540 8397 8202 2
t 2135 8398 8397 2
t 2087 8202 8398 2
t 8397 8398 8202 2
t 553 8399 8401 2
t 2136 8400 8399 2
t 2135 8401 8400 2
t 8399 8400 8401 2
t 2087 8398 8395 2
t 2135 8400 8398 2
t 2136 8395 8400 2
t 8398 8400 8395 2
t 551 8394 8384 2
t 2134 8402 8394 2
t 2132 8384 8402 2
t 8394 8402 8384 2
t 553 8401 8390 2
t 2135 8403 8401 2
t 2134 8390 8403 2
t 8401 8403 8390 2
t 540 8387 8397 2
t 2132 8404 8387 2
t 2135 8397 8404 2
t 8387 8404 8397 2
t 2134 8403 8402 2
t 2135 8404 8403 2
t 2132 8402 8404 2
t 8403 8404 8402 2
t 35 8118 8287 2
t 2066 8405 8118 2
t 2108 8287 8405 2
t 8118 8405 8287 2
t 537 8406 8121 2
t 2137 8407 8406 2
t 2066 8121 8407 2
t 8406 8407 8121 2
t 547 8291 8409 2
t 2108 8408 8291 2
t 2137 8409 8408 2
t 8291 8408 8409 2
t 2066 8407 8405 2
t 2137 8408 8407 2
t 2108 8405 8408 2
t 8407 8408 8405 2
t 145 8410 8131 2
t 2138 8411 8410 2
t 2069 8131 8411 2
t 8410 8411 8131 2
t 554 8412 8414 2
t 2139 8413 8412 2
t 2138 8414 8413 2
t 8412 8413 8414 2
t 537 8136 8416 2
t 2069 8415 8136 2
t 2139 8416 8415 2
t 8136 8415 8416 2
t 2138 8413 8411 2
t 2139 8415 8413 2
t 2069 8411 8415 2
t 8413 8415 8411 2
t 148 8296 8418 2
t 2112 8417 8296 2
t 2141 8418 8417 2
t 8296 8417 8418 2
t 547 8419 8300 2
t 2140 8420 8419 2
t 2112 8300 8420 2
t 8419 8420 8300 2
t 554 8421 8423 2
t 2141 8422 8421 2
t 2140 8423 8422 2
t 8421 8422 8423 2
t 2112 8420 8417 2
t 2140 8422 8420 2
t 2141 8417 8422 2
t 8420 8422 8417 2
t 537 8416 8406 2
t 2139 8424 8416 2
t 2137 8406 8424 2
t 8416 8424 8406 2
t 554 8423 8412 2
t 2140 8425 8423 2
t 2139 8412 8425 2
t 8423 8425 8412 2
t 547 8409 8419 2
t 2137 8426 8409 2
t 2140 8419 8426 2
t 8409 8426 8419 2
t 2139 8425 8424 2
t 2140 8426 8425 2
t 2137 8424 8426 2
t 8425 8426 8424 2
t 147 8396 8366 2
t 2136 8427 8396 2
t 2128 8366 8427 2
t 8396 8427 8366 2
t 553 8428 8399 2
t 2142 8429 8428 2
t 2136 8399 8429 2
t 8428 8429 8399 2
t 552 8370 8431 2
t 2128 8430 8370 2
t 2142 8431 8430 2
t 8370 8430 8431 2
t 2136 8429 8427 2
t 2142 8430 8429 2
t 2128 8427 8430 2
t 8429 8430 8427 2
t 148 8418 8388 2
t 2141 8432 8418 2
t 2133 8388 8432 2
t 8418 8432 8388 2
t 554 8433 8421 2
t 2143 8434 8433 2
t 2141 8421 8434 2
t 8433 8434 8421 2
t 553 8392 8436 2
t 2133 8435 8392 2
t 2143 8436 8435 2
t 8392 8435 8436 2
t 2141 8434 8432 2
t 2143 8435 8434 2
t 2133 8432 8435 2
t 8434 8435 8432 2
t 145 8374 8410 2
t 2131 8437 8374 2
t 2138 8410 8437 2
t 8374 8437 8410 2
t 552 8438 8377 2
t 2144 8439 8438 2
t 2131 8377 8439 2
t 8438 8439 8377 2
t 554 8414 8441 2
t 2138 8440 8414 2
t 2144 8441 8440 2
t 8414 8440 8441 2
t 2131 8439 8437 2
t 2144 8440 8439 2
t 2138 8437 8440 2
t 8439 8440 8437 2
t 553 8436 8428 2
t 2143 8442 8436 2
t 2142 8428 8442 2
t 8436 8442 8428 2
t 554 8441 8433 2
t 2144 8443 8441 2
t 2143 8433 8443 2
t 8441 8443 8433 2
t 552 8431 8438 2
t 2142 8444 8431 2
t 2144 8438 8444 2
t 8431 8444 8438 2
t 2143 8443 8442 2
t 2144 8444 8443 2
t 2142 8442 8444 2
t 8443 8444 8442 2
t 7 6703 5117 2
t 1707 8445 6703 2
t 1297 5117 8445 2
t 6703 8445 5117 2
t 445 8446 6707 2
t 2145 8447 8446 2
t 1707 6707 8447 2
t 8446 8447 6707 2
t 335 5122 8449 2
t 1297 8448 5122 2
t 2145 8449 8448 2
t 5122 8448 8449 2
t 1707 8447 8445 2
t 2145 8448 8447 2
t 1297 8445 8448 2
t 8447 8448 8445 2
t 123 8450 6719 2
t 2146 8451 8450 2
t 1711 6719 8451 2
t 8450 8451 6719 2
t 555 8452 8454 2
t 2147 8453 8452 2
t 2146 8454 8453 2
t 8452 8453 8454 2
t 445 6724 8456 2
t 1711 8455 6724 2
t 2147 8456 8455 2
t 6724 8455 8456 2
t 2146 8453 8451 2
t 2147 8455 8453 2
t 1711 8451 8455 2
t 8453 8455 8451 2
t 91 5128 8458 2
t 1302 8457 5128 2
t 2149 8458 8457 2
t 5128 8457 8458 2
t 335 8459 5132 2
t 2148 8460 8459 2
t 1302 5132 8460 2
t 8459 8460 5132 2
t 555 8461 8463 2
t 2149 8462 8461 2
t 2148 8463 8462 2
t 8461 8462 8463 2
t 1302 8460 8457 2
t 2148 8462 8460 2
t 2149 8457 8462 2
t 8460 8462 8457 2
t 445 8456 8446 2
t 2147 8464 8456 2
t 2145 8446 8464 2
t 8456 8464 8446 2
t 555 8463 8452 2
t 2148 8465 8463 2
t 2147 8452 8465 2
t 8463 8465 8452 2
t 335 8449 8459 2
t 2145 8466 8449 2
t 2148 8459 8466 2
t 8449 8466 8459 2
t 2147 8465 8464 2
t 2148 8466 8465 2
t 2145 8464 8466 2
t 8465 8466 8464 2
t 36 8467 6761 2
t 2150 8468 8467 2
t 1723 6761 8468 2
t 8467 8468 6761 2
t 556 8469 8471 2
t 2151 8470 8469 2
t 2150 8471 8470 2
t 8469 8470 8471 2
t 449 6766 8473 2
t 1723 8472 6766 2
t 2151 8473 8472 2
t 6766 8472 8473 2
t 2150 8470 8468 2
t 2151 8472 8470 2
t 1723 8468 8472 2
t 8470 8472 8468 2
t 150 8474 8476 2
t 2152 8475 8474 2
t 2154 8476 8475 2
t 8474 8475 8476 2
t 557 8477 8479 2
t 2153 8478 8477 2
t 2152 8479 8478 2
t 8477 8478 8479 2
t 556 8480 8482 2
t 2154 8481 8480 2
t 2153 8482 8481 2
t 8480 8481 8482 2
t 2152 8478 8475 2
t 2153 8481 8478 2
t 2154 8475 8481 2
t 8478 8481 8475 2
t 123 6772 8484 2
t 1728 8483 6772 2
t 2156 8484 8483 2
t 6772 8483 8484 2
t 449 8485 6776 2
t 2155 8486 8485 2
t 1728 6776 8486 2
t 8485 8486 6776 2
t 557 8487 8489 2
t 2156 8488 8487 2
t 2155 8489 8488 2
t 8487 8488 8489 2
t 1728 8486 8483 2
t 2155 8488 8486 2
t 2156 8483 8488 2
t 8486 8488 8483 2
t 556 8482 8469 2
t 2153 8490 8482 2
t 2151 8469 8490 2
t 8482 8490 8469 2
t 557 8489 8477 2
t 2155 8491 8489 2
t 2153 8477 8491 2
t 8489 8491 8477 2
t 449 8473 8485 2
t 2151 8492 8473 2
t 2155 8485 8492 2
t 8473 8492 8485 2
t 2153 8491 8490 2
t 2155 8492 8491 2
t 2151 8490 8492 2
t 8491 8492 8490 2
t 28 5149 8494 1
t 1308 8493 5149 1
t 2158 8494 8493 1
t 5149 8493 8494 1
t 340 8495 5153 2
t 2157 8496 8495 2
t 1308 5153 8496 1
t 8495 8496 5153 2
t 559 8497 8499 2
t 2158 8498 8497 2
t 2157 8499 8498 2
t 8497 8498 8499 2
t 1308 8496 8493 1
t 2157 8498 8496 2
t 2158 8493 8498 2
t 8496 8498 8493 2
t 91 8500 5165 2
t 2159 8501 8500 2
t 1312 5165 8501 2
t 8500 8501 5165 2
t 558 8502 8504 2
t 2160 8503 8502 2
t 2159 8504 8503 2
t 8502 8503 8504 2
t 340 5170 8506 2
t 1312 8505 5170 2
t 2160 8506 8505 2
t 5170 8505 8506 2
t 2159 8503 8501 2
t 2160 8505 8503 2
t 1312 8501 8505 2
t 8503 8505 8501 2
t 150 8507 8509 2
t 2161 8508 8507 2
t 2163 8509 8508 2
t 8507 8508 8509 2
t 559 8510 8512 2
t 2162 8511 8510 2
t 2161 8512 8511 2
t 8510 8511 8512 2
t 558 8513 8515 2
t 2163 8514 8513 2
t 2162 8515 8514 2
t 8513 8514 8515 2
t 2161 8511 8508 2
t 2162 8514 8511 2
t 2163 8508 8514 2
t 8511 8514 8508 2
t 340 8506 8495 2
t 2160 8516 8506 2
t 2157 8495 8516 2
t 8506 8516 8495 2
t 558 8515 8502 2
t 2162 8517 8515 2
t 2160 8502 8517 2
t 8515 8517 8502 2
t 559 8499 8510 2
t 2157 8518 8499 2
t 2162 8510 8518 2
t 8499 8518 8510 2
t 2160 8517 8516 2
t 2162 8518 8517 2
t 2157 8516 8518 2
t 8517 8518 8516 2
t 123 8484 8450 2
t 2156 8519 8484 2
t 2146 8450 8519 2
t 8484 8519 8450 2
t 557 8520 8487 2
t 2164 8521 8520 2
t 2156 8487 8521 2
t 8520 8521 8487 2
t 555 8454 8523 2
t 2146 8522 8454 2
t 2164 8523 8522 2
t 8454 8522 8523 2
t 2156 8521 8519 2
t 2164 8522 8521 2
t 2146 8519 8522 2
t 8521 8522 8519 2
t 150 8509 8474 2
t 2163 8524 8509 2
t 2152 8474 8524 2
t 8509 8524 8474 2
t 558 8525 8513 2
t 2165 8526 8525 2
t 2163 8513 8526 2
t 8525 8526 8513 2
t 557 8479 8528 2
t 2152 8527 8479 2
t 2165 8528 8527 2
t 8479 8527 8528 2
t 2163 8526 8524 2
t 2165 8527 8526 2
t 2152 8524 8527 2
t 8526 8527 8524 2
t 91 8458 8500 2
t 2149 8529 8458 2
t 2159 8500 8529 2
t 8458 8529 8500 2
t 555 8530 8461 2
t 2166 8531 8530 2
t 2149 8461 8531 2
t 8530 8531 8461 2
t 558 8504 8533 2
t 2159 8532 8504 2
t 2166 8533 8532 2
t 8504 8532 8533 2
t 2149 8531 8529 2
t 2166 8532 8531 2
t 2159 8529 8532 2
t 8531 8532 8529 2
t 557 8528 8520 2
t 2165 8534 8528 2
t 2164 8520 8534 2
t 8528 8534 8520 2
t 558 8533 8525 2
t 2166 8535 8533 2
t 2165 8525 8535 2
t 8533 8535 8525 2
t 555 8523 8530 2
t 2164 8536 8523 2
t 2166 8530 8536 2
t 8523 8536 8530 2
t 2165 8535 8534 2
t 2166 8536 8535 2
t 2164 8534 8536 2
t 8535 8536 8534 2
t 12 4727 6593 2
t 1199 8537 4727 2
t 1675 6593 8537 2
t 4727 8537 6593 2
t 311 8538 4731 2
t 2167 8539 8538 2
t 1199 4731 8539 2
t 8538 8539 4731 2
t 434 6598 8541 2
t 1675 8540 6598 2
t 2167 8541 8540 2
t 6598 8540 8541 2
t 1199 8539 8537 2
t 2167 8540 8539 2
t 1675 8537 8540 2
t 8539 8540 8537 2
t 86 8542 4743 2
t 2168 8543 8542 2
t 1203 4743 8543 2
t 8542 8543 4743 2
t 560 8544 8546 2
t 2169 8545 8544 2
t 2168 8546 8545 2
t 8544 8545 8546 2
t 311 4748 8548 2
t 1203 8547 4748 2
t 2169 8548 8547 2
t 4748 8547 8548 2
t 2168 8545 8543 2
t 2169 8547 8545 2
t 1203 8543 8547 2
t 8545 8547 8543 2
t 118 6604 8550 2
t 1680 8549 6604 2
t 2171 8550 8549 2
t 6604 8549 8550 2
t 434 8551 6608 2
t 2170 8552 8551 2
t 1680 6608 8552 2
t 8551 8552 6608 2
t 560 8553 8555 2
t 2171 8554 8553 2
t 2170 8555 8554 2
t 8553 8554 8555 2
t 1680 8552 8549 2
t 2170 8554 8552 2
t 2171 8549 8554 2
t 8552 8554 8549 2
t 311 8548 8538 2
t 2169 8556 8548 2
t 2167 8538 8556 2
t 8548 8556 8538 2
t 560 8555 8544 2
t 2170 8557 8555 2
t 2169 8544 8557 2
t 8555 8557 8544 2
t 434 8541 8551 2
t 2167 8558 8541 2
t 2170 8551 8558 2
t 8541 8558 8551 2
t 2169 8557 8556 2
t 2170 8558 8557 2
t 2167 8556 8558 2
t 8557 8558 8556 2
t 25 8559 4785 2
t 2172 8560 8559 2
t 1215 4785 8560 2
t 8559 8560 4785 2
t 561 8561 8563 2
t 2173 8562 8561 2
t 2172 8563 8562 2
t 8561 8562 8563 2
t 315 4790 8565 2
t 1215 8564 4790 2
t 2173 8565 8564 2
t 4790 8564 8565 2
t 2172 8562 8560 2
t 2173 8564 8562 2
t 1215 8560 8564 2
t 8562 8564 8560 2
t 151 8566 8568 2
t 2174 8567 8566 2
t 2176 8568 8567 2
t 8566 8567 8568 2
t 562 8569 8571 2
t 2175 8570 8569 2
t 2174 8571 8570 2
t 8569 8570 8571 2
t 561 8572 8574 2
t 2176 8573 8572 2
t 2175 8574 8573 2
t 8572 8573 8574 2
t 2174 8570 8567 2
t 2175 8573 8570 2
t 2176 8567 8573 2
t 8570 8573 8567 2
t 86 4796 8576 2
t 1220 8575 4796 2
t 2178 8576 8575 2
t 4796 8575 8576 2
t 315 8577 4800 2
t 2177 8578 8577 2
t 1220 4800 8578 2
t 8577 8578 4800 2
t 562 8579 8581 2
t 2178 8580 8579 2
t 2177 8581 8580 2
t 8579 8580 8581 2
t 1220 8578 8575 2
t 2177 8580 8578 2
t 2178 8575 8580 2
t 8578 8580 8575 2
t 561 8574 8561 2
t 2175 8582 8574 2
t 2173 8561 8582 2
t 8574 8582 8561 2
t 562 8581 8569 2
t 2177 8583 8581 2
t 2175 8569 8583 2
t 8581 8583 8569 2
t 315 8565 8577 2
t 2173 8584 8565 2
t 2177 8577 8584 2
t 8565 8584 8577 2
t 2175 8583 8582 2
t 2177 8584 8583 2
t 2173 8582 8584 2
t 8583 8584 8582 2
t 36 6625 8586 2
t 1686 8585 6625 2
t 2180 8586 8585 2
t 6625 8585 8586 2
t 439 8587 6629 2
t 2179 8588 8587 2
t 1686 6629 8588 2
t 8587 8588 6629 2
t 564 8589 8591 2
t 2180 8590 8589 2
t 2179 8591 8590 2
t 8589 8590 8591 2
t 1686 8588 8585 2
t 2179 8590 8588 2
t 2180 8585 8590 2
t 8588 8590 8585 2
t 118 8592 6641 2
t 2181 8593 8592 2
t 1690 6641 8593 2
t 8592 8593 6641 2
t 563 8594 8596 2
t 2182 8595 8594 2
t 2181 8596 8595 2
t 8594 8595 8596 2
t 439 6646 8598 2
t 1690 8597 6646 2
t 2182 8598 8597 2
t 6646 8597 8598 2
t 2181 8595 8593 2
t 2182 8597 8595 2
t 1690 8593 8597 2
t 8595 8597 8593 2
t 151 8599 8601 2
t 2183 8600 8599 2
t 2185 8601 8600 2
t 8599 8600 8601 2
t 564 8602 8604 2
t 2184 8603 8602 2
t 2183 8604 8603 2
t 8602 8603 8604 2
t 563 8605 8607 2
t 2185 8606 8605 2
t 2184 8607 8606 2
t 8605 8606 8607 2
t 2183 8603 8600 2
t 2184 8606 8603 2
t 2185 8600 8606 2
t 8603 8606 8600 2
t 439 8598 8587 2
t 2182 8608 8598 2
t 2179 8587 8608 2
t 8598 8608 8587 2
t 563 8607 8594 2
t 2184 8609 8607 2
t 2182 8594 8609 2
t 8607 8609 8594 2
t 564 8591 8602 2
t 2179 8610 8591 2
t 2184 8602 8610 2
t 8591 8610 8602 2
t 2182 8609 8608 2
t 2184 8610 8609 2
t 2179 8608 8610 2
t 8609 8610 8608 2
t 86 8576 8542 2
t 2178 8611 8576 2
t 2168 8542 8611 2
t 8576 8611 8542 2
t 562 8612 8579 2
t 2186 8613 8612 2
t 2178 8579 8613 2
t 8612 8613 8579 2
t 560 8546 8615 2
t 2168 8614 8546 2
t 2186 8615 8614 2
t 8546 8614 8615 2
t 2178 8613 8611 2
t 2186 8614 8613 2
t 2168 8611 8614 2
t 8613 8614 8611 2
t 151 8601 8566 2
t 2185 8616 8601 2
t 2174 8566 8616 2
t 8601 8616 8566 2
t 563 8617 8605 2
t 2187 8618 8617 2
t 2185 8605 8618 2
t 8617 8618 8605 2
t 562 8571 8620 2
t 2174 8619 8571 2
t 2187 8620 8619 2
t 8571 8619 8620 2
t 2185 8618 8616 2
t 2187 8619 8618 2
t 2174 8616 8619 2
t 8618 8619 8616 2
t 118 8550 8592 2
t 2171 8621 8550 2
t 2181 8592 8621 2
t 8550 8621 8592 2
t 560 8622 8553 2
t 2188 8623 8622 2
t 2171 8553 8623 2
t 8622 8623 8553 2
t 563 8596 8625 2
t 2181 8624 8596 2
t 2188 8625 8624 2
t 8596 8624 8625 2
t 2171 8623 8621 2
t 2188 8624 8623 2
t 2181 8621 8624 2
t 8623 8624 8621 2
t 562 8620 8612 2
t 2187 8626 8620 2
t 2186 8612 8626 2
t 8620 8626 8612 2
t 563 8625 8617 2
t 2188 8627 8625 2
t 2187 8617 8627 2
t 8625 8627 8617 2
t 560 8615 8622 2
t 2186 8628 8615 2
t 2188 8622 8628 2
t 8615 8628 8622 2
t 2187 8627 8626 2
t 2188 8628 8627 2
t 2186 8626 8628 2
t 8627 8628 8626 2
t 8 4918 4625 1
t 1246 8629 4918 1
t 1171 4625 8629 1
t 4918 8629 4625 1
t 322 8630 4921 1
t 2189 8631 8630 1
t 1246 4921 8631 1
t 8630 8631 4921 1
t 302 4629 8633 1
t 1171 8632 4629 1
t 2189 8633 8632 1
t 4629 8632 8633 1
t 1246 8631 8629 1
t 2189 8632 8631 1
t 1171 8629 8632 1
t 8631 8632 8629 1
t 88 8634 4931 1
t 2190 8635 8634 1
t 1249 4931 8635 1
t 8634 8635 4931 1
t 565 8636 8638 1
t 2191 8637 8636 1
t 2190 8638 8637 1
t 8636 8637 8638 1
t 322 4936 8640 1
t 1249 8639 4936 1
t 2191 8640 8639 1
t 4936 8639 8640 1
t 2190 8637 8635 1
t 2191 8639 8637 1
t 1249 8635 8639 1
t 8637 8639 8635 1
t 82 4634 8642 1
t 1175 8641 4634 1
t 2193 8642 8641 1
t 4634 8641 8642 1
t 302 8643 4638 1
t 2192 8644 8643 1
t 1175 4638 8644 1
t 8643 8644 4638 1
t 565 8645 8647 1
t 2193 8646 8645 1
t 2192 8647 8646 1
t 8645 8646 8647 1
t 1175 8644 8641 1
t 2192 8646 8644 1
t 2193 8641 8646 1
t 8644 8646 8641 1
t 322 8640 8630 1
t 2191 8648 8640 1
t 2189 8630 8648 1
t 8640 8648 8630 1
t 565 8647 8636 1
t 2192 8649 8647 1
t 2191 8636 8649 1
t 8647 8649 8636 1
t 302 8633 8643 1
t 2189 8650 8633 1
t 2192 8643 8650 1
t 8633 8650 8643 1
t 2191 8649 8648 1
t 2192 8650 8649 1
t 2189 8648 8650 1
t 8649 8650 8648 1
t 28 8651 4969 1
t 2194 8652 8651 1
t 1259 4969 8652 1
t 8651 8652 4969 1
t 566 8653 8655 1
t 2195 8654 8653 1
t 2194 8655 8654 1
t 8653 8654 8655 1
t 325 4974 8657 1
t 1259 8656 4974 1
t 2195 8657 8656 1
t 4974 8656 8657 1
t 2194 8654 8652 1
t 2195 8656 8654 1
t 1259 8652 8656 1
t 8654 8656 8652 1
t 152 8658 8660 2
t 2196 8659 8658 1
t 2198 8660 8659 2
t 8658 8659 8660 2
t 567 8661 8663 1
t 2197 8662 8661 1
t 2196 8663 8662 1
t 8661 8662 8663 1
t 566 8664 8666 1
t 2198 8665 8664 1
t 2197 8666 8665 1
t 8664 8665 8666 1
t 2196 8662 8659 1
t 2197 8665 8662 1
t 2198 8659 8665 1
t 8662 8665 8659 1
t 88 4980 8668 1
t 1264 8667 4980 1
t 2200 8668 8667 1
t 4980 8667 8668 1
t 325 8669 4984 1
t 2199 8670 8669 1
t 1264 4984 8670 1
t 8669 8670 4984 1
t 567 8671 8673 1
t 2200 8672 8671 1
t 2199 8673 8672 1
t 8671 8672 8673 1
t 1264 8670 8667 1
t 2199 8672 8670 1
t 2200 8667 8672 1
t 8670 8672 8667 1
t 566 8666 8653 1
t 2197 8674 8666 1
t 2195 8653 8674 1
t 8666 8674 8653 1
t 567 8673 8661 1
t 2199 8675 8673 1
t 2197 8661 8675 1
t 8673 8675 8661 1
t 325 8657 8669 1
t 2195 8676 8657 1
t 2199 8669 8676 1
t 8657 8676 8669 1
t 2197 8675 8674 1
t 2199 8676 8675 1
t 2195 8674 8676 1
t 8675 8676 8674 1
t 25 4653 8678 2
t 1180 8677 4653 2
t 2202 8678 8677 2
t 4653 8677 8678 2
t 306 8679 4657 2
t 2201 8680 8679 2
t 1180 4657 8680 2
t 8679 8680 4657 2
t 569 8681 8683 2
t 2202 8682 8681 2
t 2201 8683 8682 2
t 8681 8682 8683 2
t 1180 8680 8677 2
t 2201 8682 8680 2
t 2202 8677 8682 2
t 8680 8682 8677 2
t 82 8684 4669 1
t 2203 8685 8684 1
t 1184 4669 8685 1
t 8684 8685 4669 1
t 568 8686 8688 1
t 2204 8687 8686 1
t 2203 8688 8687 1
t 8686 8687 8688 1
t 306 4674 8690 2
t 1184 8689 4674 1
t 2204 8690 8689 2
t 4674 8689 8690 2
t 2203 8687 8685 1
t 2204 8689 8687 1
t 1184 8685 8689 1
t 8687 8689 8685 1
t 152 8691 8693 2
t 2205 8692 8691 2
t 2207 8693 8692 2
t 8691 8692 8693 2
t 569 8694 8696 2
t 2206 8695 8694 2
t 2205 8696 8695 2
t 8694 8695 8696 2
t 568 8697 8699 1
t 2207 8698 8697 2
t 2206 8699 8698 2
t 8697 8698 8699 2
t 2205 8695 8692 2
t 2206 8698 8695 2
t 2207 8692 8698 2
t 8695 8698 8692 2
t 306 8690 8679 2
t 2204 8700 8690 2
t 2201 8679 8700 2
t 8690 8700 8679 2
t 568 8699 8686 1
t 2206 8701 8699 2
t 2204 8686 8701 2
t 8699 8701 8686 2
t 569 8683 8694 2
t 2201 8702 8683 2
t 2206 8694 8702 2
t 8683 8702 8694 2
t 2204 8701 8700 2
t 2206 8702 8701 2
t 2201 8700 8702 2
t 8701 8702 8700 2
t 88 8668 8634 1
t 2200 8703 8668 1
t 2190 8634 8703 1
t 8668 8703 8634 1
t 567 8704 8671 1
t 2208 8705 8704 1
t 2200 8671 8705 1
t 8704 8705 8671 1
t 565 8638 8707 1
t 2190 8706 8638 1
t 2208 8707 8706 1
t 8638 8706 8707 1
t 2200 8705 8703 1
t 2208 8706 8705 1
t 2190 8703 8706 1
t 8705 8706 8703 1
t 152 8693 8658 2
t 2207 8708 8693 2
t 2196 8658 8708 1
t 8693 8708 8658 2
t 568 8709 8697 1
t 2209 8710 8709 1
t 2207 8697 8710 1
t 8709 8710 8697 1
t 567 8663 8712 1
t 2196 8711 8663 1
t 2209 8712 8711 1
t 8663 8711 8712 1
t 2207 8710 8708 1
t 2209 8711 8710 1
t 2196 8708 8711 1
t 8710 8711 8708 1
t 82 8642 8684 1
t 2193 8713 8642 1
t 2203 8684 8713 1
t 8642 8713 8684 1
t 565 8714 8645 1
t 2210 8715 8714 1
t 2193 8645 8715 1
t 8714 8715 8645 1
t 568 8688 8717 1
t 2203 8716 8688 1
t 2210 8717 8716 1
t 8688 8716 8717 1
t 2193 8715 8713 1
t 2210 8716 8715 1
t 2203 8713 8716 1
t 8715 8716 8713 1
t 567 8712 8704 1
t 2209 8718 8712 1
t 2208 8704 8718 1
t 8712 8718 8704 1
t 568 8717 8709 1
t 2210 8719 8717 1
t 2209 8709 8719 1
t 8717 8719 8709 1
t 565 8707 8714 1
t 2208 8720 8707 1
t 2210 8714 8720 1
t 8707 8720 8714 1
t 2209 8719 8718 1
t 2210 8720 8719 1
t 2208 8718 8720 1
t 8719 8720 8718 1
t 36 8586 8467 2
t 2180 8721 8586 2
t 2150 8467 8721 2
t 8586 8721 8467 2
t 564 8722 8589 2
t 2211 8723 8722 2
t 2180 8589 8723 2
t 8722 8723 8589 2
t 556 8471 8725 2
t 2150 8724 8471 2
t 2211 8725 8724 2
t 8471 8724 8725 2
t 2180 8723 8721 2
t 2211 8724 8723 2
t 2150 8721 8724 2
t 8723 8724 8721 2
t 151 8726 8599 2
t 2212 8727 8726 2
t 2183 8599 8727 2
t 8726 8727 8599 2
t 570 8728 8730 2
t 2213 8729 8728 2
t 2212 8730 8729 2
t 8728 8729 8730 2
t 564 8604 8732 2
t 2183 8731 8604 2
t 2213 8732 8731 2
t 8604 8731 8732 2
t 2212 8729 8727 2
t 2213 8731 8729 2
t 2183 8727 8731 2
t 8729 8731 8727 2
t 150 8476 8734 2
t 2154 8733 8476 2
t 2215 8734 8733 2
t 8476 8733 8734 2
t 556 8735 8480 2
t 2214 8736 8735 2
t 2154 8480 8736 2
t 8735 8736 8480 2
t 570 8737 8739 2
t 2215 8738 8737 2
t 2214 8739 8738 2
t 8737 8738 8739 2
t 2154 8736 8733 2
t 2214 8738 8736 2
t 2215 8733 8738 2
t 8736 8738 8733 2
t 564 8732 8722 2
t 2213 8740 8732 2
t 2211 8722 8740 2
t 8732 8740 8722 2
t 570 8739 8728 2
t 2214 8741 8739 2
t 2213 8728 8741 2
t 8739 8741 8728 2
t 556 8725 8735 2
t 2211 8742 8725 2
t 2214 8735 8742 2
t 8725 8742 8735 2
t 2213 8741 8740 2
t 2214 8742 8741 2
t 2211 8740 8742 2
t 8741 8742 8740 2
t 25 8678 8559 2
t 2202 8743 8678 2
t 2172 8559 8743 2
t 8678 8743 8559 2
t 569 8744 8681 2
t 2216 8745 8744 2
t 2202 8681 8745 2
t 8744 8745 8681 2
t 561 8563 8747 2
t 2172 8746 8563 2
t 2216 8747 8746 2
t 8563 8746 8747 2
t 2202 8745 8743 2
t 2216 8746 8745 2
t 2172 8743 8746 2
t 8745 8746 8743 2
t 152 8748 8691 2
t 2217 8749 8748 2
t 2205 8691 8749 2
t 8748 8749 8691 2
t 571 8750 8752 2
t 2218 8751 8750 2
t 2217 8752 8751 2
t 8750 8751 8752 2
t 569 8696 8754 2
t 2205 8753 8696 2
t 2218 8754 8753 2
t 8696 8753 8754 2
t 2217 8751 8749 2
t 2218 8753 8751 2
t 2205 8749 8753 2
t 8751 8753 8749 2
t 151 8568 8756 2
t 2176 8755 8568 2
t 2220 8756 8755 2
t 8568 8755 8756 2
t 561 8757 8572 2
t 2219 8758 8757 2
t 2176 8572 8758 2
t 8757 8758 8572 2
t 571 8759 8761 2
t 2220 8760 8759 2
t 2219 8761 8760 2
t 8759 8760 8761 2
t 2176 8758 8755 2
t 2219 8760 8758 2
t 2220 8755 8760 2
t 8758 8760 8755 2
t 569 8754 8744 2
t 2218 8762 8754 2
t 2216 8744 8762 2
t 8754 8762 8744 2
t 571 8761 8750 2
t 2219 8763 8761 2
t 2218 8750 8763 2
t 8761 8763 8750 2
t 561 8747 8757 2
t 2216 8764 8747 2
t 2219 8757 8764 2
t 8747 8764 8757 2
t 2218 8763 8762 2
t 2219 8764 8763 2
t 2216 8762 8764 2
t 8763 8764 8762 2
t 28 8494 8651 1
t 2158 8765 8494 1
t 2194 8651 8765 1
t 8494 8765 8651 1
t 559 8766 8497 2
t 2221 8767 8766 2
t 2158 8497 8767 2
t 8766 8767 8497 2
t 566 8655 8769 1
t 2194 8768 8655 1
t 2221 8769 8768 2
t 8655 8768 8769 1
t 2158 8767 8765 1
t 2221 8768 8767 2
t 2194 8765 8768 1
t 8767 8768 8765 1
t 150 8770 8507 2
t 2222 8771 8770 2
t 2161 8507 8771 2
t 8770 8771 8507 2
t 572 8772 8774 2
t 2223 8773 8772 2
t 2222 8774 8773 2
t 8772 8773 8774 2
t 559 8512 8776 2
t 2161 8775 8512 2
t 2223 8776 8775 2
t 8512 8775 8776 2
t 2222 8773 8771 2
t 2223 8775 8773 2
t 2161 8771 8775 2
t 8773 8775 8771 2
t 152 8660 8778 2
t 2198 8777 8660 2
t 2225 8778 8777 2
t 8660 8777 8778 2
t 566 8779 8664 1
t 2224 8780 8779 2
t 2198 8664 8780 2
t 8779 8780 8664 2
t 572 8781 8783 2
t 2225 8782 8781 2
t 2224 8783 8782 2
t 8781 8782 8783 2
t 2198 8780 8777 2
t 2224 8782 8780 2
t 2225 8777 8782 2
t 8780 8782 8777 2
t 559 8776 8766 2
t 2223 8784 8776 2
t 2221 8766 8784 2
t 8776 8784 8766 2
t 572 8783 8772 2
t 2224 8785 8783 2
t 2223 8772 8785 2
t 8783 8785 8772 2
t 566 8769 8779 2
t 2221 8786 8769 2
t 2224 8779 8786 2
t 8769 8786 8779 2
t 2223 8785 8784 2
t 2224 8786 8785 2
t 2221 8784 8786 2
t 8785 8786 8784 2
t 151 8756 8726 2
t 2220 8787 8756 2
t 2212 8726 8787 2
t 8756 8787 8726 2
t 571 8788 8759 2
t 2226 8789 8788 2
t 2220 8759 8789 2
t 8788 8789 8759 2
t 570 8730 8791 2
t 2212 8790 8730 2
t 2226 8791 8790 2
t 8730 8790 8791 2
t 2220 8789 8787 2
t 2226 8790 8789 2
t 2212 8787 8790 2
t 8789 8790 8787 2
t 152 8778 8748 2
t 2225 8792 8778 2
t 2217 8748 8792 2
t 8778 8792 8748 2
t 572 8793 8781 2
t 2227 8794 8793 2
t 2225 8781 8794 2
t 8793 8794 8781 2
t 571 8752 8796 2
t 2217 8795 8752 2
t 2227 8796 8795 2
t 8752 8795 8796 2
t 2225 8794 8792 2
t 2227 8795 8794 2
t 2217 8792 8795 2
t 8794 8795 8792 2
t 150 8734 8770 2
t 2215 8797 8734 2
t 2222 8770 8797 2
t 8734 8797 8770 2
t 570 8798 8737 2
t 2228 8799 8798 2
t 2215 8737 8799 2
t 8798 8799 8737 2
t 572 8774 8801 2
t 2222 8800 8774 2
t 2228 8801 8800 2
t 8774 8800 8801 2
t 2215 8799 8797 2
t 2228 8800 8799 2
t 2222 8797 8800 2
t 8799 8800 8797 2
t 571 8796 8788 2
t 2227 8802 8796 2
t 2226 8788 8802 2
t 8796 8802 8788 2
t 572 8801 8793 2
t 2228 8803 8801 2
t 2227 8793 8803 2
t 8801 8803 8793 2
t 570 8791 8798 2
t 2226 8804 8791 2
t 2228 8798 8804 2
t 8791 8804 8798 2
t 2227 8803 8802 2
t 2228 8804 8803 2
t 2226 8802 8804 2
t 8803 8804 8802 2
t 5 7095 5509 2
t 1807 8805 7095 2
t 1397 5509 8805 2
t 7095 8805 5509 2
t 471 8806 7099 2
t 2229 8807 8806 2
t 1807 7099 8807 2
t 8806 8807 7099 2
t 361 5514 8809 2
t 1397 8808 5514 2
t 2229 8809 8808 2
t 5514 8808 8809 2
t 1807 8807 8805 2
t 2229 8808 8807 2
t 1397 8805 8808 2
t 8807 8808 8805 2
t 130 8810 7111 2
t 2230 8811 8810 2
t 1811 7111 8811 2
t 8810 8811 7111 2
t 573 8812 8814 2
t 2231 8813 8812 2
t 2230 8814 8813 2
t 8812 8813 8814 2
t 471 7116 8816 2
t 1811 8815 7116 2
t 2231 8816 8815 2
t 7116 8815 8816 2
t 2230 8813 8811 2
t 2231 8815 8813 2
t 1811 8811 8815 2
t 8813 8815 8811 2
t 98 5520 8818 2
t 1402 8817 5520 2
t 2233 8818 8817 2
t 5520 8817 8818 2
t 361 8819 5524 2
t 2232 8820 8819 2
t 1402 5524 8820 2
t 8819 8820 5524 2
t 573 8821 8823 2
t 2233 8822 8821 2
t 2232 8823 8822 2
t 8821 8822 8823 2
t 1402 8820 8817 2
t 2232 8822 8820 2
t 2233 8817 8822 2
t 8820 8822 8817 2
t 471 8816 8806 2
t 2231 8824 8816 2
t 2229 8806 8824 2
t 8816 8824 8806 2
t 573 8823 8812 2
t 2232 8825 8823 2
t 2231 8812 8825 2
t 8823 8825 8812 2
t 361 8809 8819 2
t 2229 8826 8809 2
t 2232 8819 8826 2
t 8809 8826 8819 2
t 2231 8825 8824 2
t 2232 8826 8825 2
t 2229 8824 8826 2
t 8825 8826 8824 2
t 38 8827 7153 2
t 2234 8828 8827 2
t 1823 7153 8828 2
t 8827 8828 7153 2
t 574 8829 8831 2
t 2235 8830 8829 2
t 2234 8831 8830 2
t 8829 8830 8831 2
t 475 7158 8833 2
t 1823 8832 7158 2
t 2235 8833 8832 2
t 7158 8832 8833 2
t 2234 8830 8828 2
t 2235 8832 8830 2
t 1823 8828 8832 2
t 8830 8832 8828 2
t 153 8834 8836 2
t 2236 8835 8834 2
t 2238 8836 8835 2
t 8834 8835 8836 2
t 575 8837 8839 2
t 2237 8838 8837 2
t 2236 8839 8838 2
t 8837 8838 8839 2
t 574 8840 8842 2
t 2238 8841 8840 2
t 2237 8842 8841 2
t 8840 8841 8842 2
t 2236 8838 8835 2
t 2237 8841 8838 2
t 2238 8835 8841 2
t 8838 8841 8835 2
t 130 7164 8844 2
t 1828 8843 7164 2
t 2240 8844 8843 2
t 7164 8843 8844 2
t 475 8845 7168 2
t 2239 8846 8845 2
t 1828 7168 8846 2
t 8845 8846 7168 2
t 575 8847 8849 2
t 2240 8848 8847 2
t 2239 8849 8848 2
t 8847 8848 8849 2
t 1828 8846 8843 2
t 2239 8848 8846 2
t 2240 8843 8848 2
t 8846 8848 8843 2
t 574 8842 8829 2
t 2237 8850 8842 2
t 2235 8829 8850 2
t 8842 8850 8829 2
t 575 8849 8837 2
t 2239 8851 8849 2
t 2237 8837 8851 2
t 8849 8851 8837 2
t 475 8833 8845 2
t 2235 8852 8833 2
t 2239 8845 8852 2
t 8833 8852 8845 2
t 2237 8851 8850 2
t 2239 8852 8851 2
t 2235 8850 8852 2
t 8851 8852 8850 2
t 30 5541 8854 2
t 1408 8853 5541 2
t 2242 8854 8853 2
t 5541 8853 8854 2
t 366 8855 5545 2
t 2241 8856 8855 2
t 1408 5545 8856 2
t 8855 8856 5545 2
t 577 8857 8859 2
t 2242 8858 8857 2
t 2241 8859 8858 2
t 8857 8858 8859 2
t 1408 8856 8853 2
t 2241 8858 8856 2
t 2242 8853 8858 2
t 8856 8858 8853 2
t 98 8860 5557 2
t 2243 8861 8860 2
t 1412 5557 8861 2
t 8860 8861 5557 2
t 576 8862 8864 2
t 2244 8863 8862 2
t 2243 8864 8863 2
t 8862 8863 8864 2
t 366 5562 8866 2
t 1412 8865 5562 2
t 2244 8866 8865 2
t 5562 8865 8866 2
t 2243 8863 8861 2
t 2244 8865 8863 2
t 1412 8861 8865 2
t 8863 8865 8861 2
t 153 8867 8869 2
t 2245 8868 8867 2
t 2247 8869 8868 2
t 8867 8868 8869 2
t 577 8870 8872 2
t 2246 8871 8870 2
t 2245 8872 8871 2
t 8870 8871 8872 2
t 576 8873 8875 2
t 2247 8874 8873 2
t 2246 8875 8874 2
t 8873 8874 8875 2
t 2245 8871 8868 2
t 2246 8874 8871 2
t 2247 8868 8874 2
t 8871 8874 8868 2
t 366 8866 8855 2
t 2244 8876 8866 2
t 2241 8855 8876 2
t 8866 8876 8855 2
t 576 8875 8862 2
t 2246 8877 8875 2
t 2244 8862 8877 2
t 8875 8877 8862 2
t 577 8859 8870 2
t 2241 8878 8859 2
t 2246 8870 8878 2
t 8859 8878 8870 2
t 2244 8877 8876 2
t 2246 8878 8877 2
t 2241 8876 8878 2
t 8877 8878 8876 2
t 130 8844 8810 2
t 2240 8879 8844 2
t 2230 8810 8879 2
t 8844 8879 8810 2
t 575 8880 8847 2
t 2248 8881 8880 2
t 2240 8847 8881 2
t 8880 8881 8847 2
t 573 8814 8883 2
t 2230 8882 8814 2
t 2248 8883 8882 2
t 8814 8882 8883 2
t 2240 8881 8879 2
t 2248 8882 8881 2
t 2230 8879 8882 2
t 8881 8882 8879 2
t 153 8869 8834 2
t 2247 8884 8869 2
t 2236 8834 8884 2
t 8869 8884 8834 2
t 576 8885 8873 2
t 2249 8886 8885 2
t 2247 8873 8886 2
t 8885 8886 8873 2
t 575 8839 8888 2
t 2236 8887 8839 2
t 2249 8888 8887 2
t 8839 8887 8888 2
t 2247 8886 8884 2
t 2249 8887 8886 2
t 2236 8884 8887 2
t 8886 8887 8884 2
t 98 8818 8860 2
t 2233 8889 8818 2
t 2243 8860 8889 2
t 8818 8889 8860 2
t 573 8890 8821 2
t 2250 8891 8890 2
t 2233 8821 8891 2
t 8890 8891 8821 2
t 576 8864 8893 2
t 2243 8892 8864 2
t 2250 8893 8892 2
t 8864 8892 8893 2
t 2233 8891 8889 2
t 2250 8892 8891 2
t 2243 8889 8892 2
t 8891 8892 8889 2
t 575 8888 8880 2
t 2249 8894 8888 2
t 2248 8880 8894 2
t 8888 8894 8880 2
t 576 8893 8885 2
t 2250 8895 8893 2
t 2249 8885 8895 2
t 8893 8895 8885 2
t 573 8883 8890 2
t 2248 8896 8883 2
t 2250 8890 8896 2
t 8883 8896 8890 2
t 2249 8895 8894 2
t 2250 8896 8895 2
t 2248 8894 8896 2
t 8895 8896 8894 2
t 7 5119 6993 2
t 1299 8897 5119 2
t 1779 6993 8897 2
t 5119 8897 6993 2
t 337 8898 5123 2
t 2251 8899 8898 2
t 1299 5123 8899 2
t 8898 8899 5123 2
t 462 6997 8901 2
t 1779 8900 6997 2
t 2251 8901 8900 2
t 6997 8900 8901 2
t 1299 8899 8897 2
t 2251 8900 8899 2
t 1779 8897 8900 2
t 8899 8900 8897 2
t 93 8902 5135 2
t 2252 8903 8902 2
t 1303 5135 8903 2
t 8902 8903 5135 2
t 578 8904 8906 2
t 2253 8905 8904 2
t 2252 8906 8905 2
t 8904 8905 8906 2
t 337 5140 8908 2
t 1303 8907 5140 2
t 2253 8908 8907 2
t 5140 8907 8908 2
t 2252 8905 8903 2
t 2253 8907 8905 2
t 1303 8903 8907 2
t 8905 8907 8903 2
t 126 7002 8910 2
t 1783 8909 7002 2
t 2255 8910 8909 2
t 7002 8909 8910 2
t 462 8911 7006 2
t 2254 8912 8911 2
t 1783 7006 8912 2
t 8911 8912 7006 2
t 578 8913 8915 2
t 2255 8914 8913 2
t 2254 8915 8914 2
t 8913 8914 8915 2
t 1783 8912 8909 2
t 2254 8914 8912 2
t 2255 8909 8914 2
t 8912 8914 8909 2
t 337 8908 8898 2
t 2253 8916 8908 2
t 2251 8898 8916 2
t 8908 8916 8898 2
t 578 8915 8904 2
t 2254 8917 8915 2
t 2253 8904 8917 2
t 8915 8917 8904 2
t 462 8901 8911 2
t 2251 8918 8901 2
t 2254 8911 8918 2
t 8901 8918 8911 2
t 2253 8917 8916 2
t 2254 8918 8917 2
t 2251 8916 8918 2
t 8917 8918 8916 2
t 27 8919 5177 2
t 2256 8920 8919 2
t 1315 5177 8920 2
t 8919 8920 5177 2
t 579 8921 8923 2
t 2257 8922 8921 2
t 2256 8923 8922 2
t 8921 8922 8923 2
t 341 5182 8925 2
t 1315 8924 5182 2
t 2257 8925 8924 2
t 5182 8924 8925 2
t 2256 8922 8920 2
t 2257 8924 8922 2
t 1315 8920 8924 2
t 8922 8924 8920 2
t 154 8926 8928 2
t 2258 8927 8926 2
t 2260 8928 8927 2
t 8926 8927 8928 2
t 580 8929 8931 2
t 2259 8930 8929 2
t 2258 8931 8930 2
t 8929 8930 8931 2
t 579 8932 8934 2
t 2260 8933 8932 2
t 2259 8934 8933 2
t 8932 8933 8934 2
t 2258 8930 8927 2
t 2259 8933 8930 2
t 2260 8927 8933 2
t 8930 8933 8927 2
t 93 5188 8936 2
t 1320 8935 5188 2
t 2262 8936 8935 2
t 5188 8935 8936 2
t 341 8937 5192 2
t 2261 8938 8937 2
t 1320 5192 8938 2
t 8937 8938 5192 2
t 580 8939 8941 2
t 2262 8940 8939 2
t 2261 8941 8940 2
t 8939 8940 8941 2
t 1320 8938 8935 2
t 2261 8940 8938 2
t 2262 8935 8940 2
t 8938 8940 8935 2
t 579 8934 8921 2
t 2259 8942 8934 2
t 2257 8921 8942 2
t 8934 8942 8921 2
t 580 8941 8929 2
t 2261 8943 8941 2
t 2259 8929 8943 2
t 8941 8943 8929 2
t 341 8925 8937 2
t 2257 8944 8925 2
t 2261 8937 8944 2
t 8925 8944 8937 2
t 2259 8943 8942 2
t 2261 8944 8943 2
t 2257 8942 8944 2
t 8943 8944 8942 2
t 38 7021 8946 2
t 1788 8945 7021 2
t 2264 8946 8945 2
t 7021 8945 8946 2
t 466 8947 7025 2
t 2263 8948 8947 2
t 1788 7025 8948 2
t 8947 8948 7025 2
t 582 8949 8951 2
t 2264 8950 8949 2
t 2263 8951 8950 2
t 8949 8950 8951 2
t 1788 8948 8945 2
t 2263 8950 8948 2
t 2264 8945 8950 2
t 8948 8950 8945 2
t 126 8952 7037 2
t 2265 8953 8952 2
t 1792 7037 8953 2
t 8952 8953 7037 2
t 581 8954 8956 2
t 2266 8955 8954 2
t 2265 8956 8955 2
t 8954 8955 8956 2
t 466 7042 8958 2
t 1792 8957 7042 2
t 2266 8958 8957 2
t 7042 8957 8958 2
t 2265 8955 8953 2
t 2266 8957 8955 2
t 1792 8953 8957 2
t 8955 8957 8953 2
t 154 8959 8961 2
t 2267 8960 8959 2
t 2269 8961 8960 2
t 8959 8960 8961 2
t 582 8962 8964 2
t 2268 8963 8962 2
t 2267 8964 8963 2
t 8962 8963 8964 2
t 581 8965 8967 2
t 2269 8966 8965 2
t 2268 8967 8966 2
t 8965 8966 8967 2
t 2267 8963 8960 2
t 2268 8966 8963 2
t 2269 8960 8966 2
t 8963 8966 8960 2
t 466 8958 8947 2
t 2266 8968 8958 2
t 2263 8947 8968 2
t 8958 8968 8947 2
t 581 8967 8954 2
t 2268 8969 8967 2
t 2266 8954 8969 2
t 8967 8969 8954 2
t 582 8951 8962 2
t 2263 8970 8951 2
t 2268 8962 8970 2
t 8951 8970 8962 2
t 2266 8969 8968 2
t 2268 8970 8969 2
t 2263 8968 8970 2
t 8969 8970 8968 2
t 93 8936 8902 2
t 2262 8971 8936 2
t 2252 8902 8971 2
t 8936 8971 8902 2
t 580 8972 8939 2
t 2270 8973 8972 2
t 2262 8939 8973 2
t 8972 8973 8939 2
t 578 8906 8975 2
t 2252 8974 8906 2
t 2270 8975 8974 2
t 8906 8974 8975 2
t 2262 8973 8971 2
t 2270 8974 8973 2
t 2252 8971 8974 2
t 8973 8974 8971 2
t 154 8961 8926 2
t 2269 8976 8961 2
t 2258 8926 8976 2
t 8961 8976 8926 2
t 581 8977 8965 2
t 2271 8978 8977 2
t 2269 8965 8978 2
t 8977 8978 8965 2
t 580 8931 8980 2
t 2258 8979 8931 2
t 2271 8980 8979 2
t 8931 8979 8980 2
t 2269 8978 8976 2
t 2271 8979 8978 2
t 2258 8976 8979 2
t 8978 8979 8976 2
t 126 8910 8952 2
t 2255 8981 8910 2
t 2265 8952 8981 2
t 8910 8981 8952 2
t 578 8982 8913 2
t 2272 8983 8982 2
t 2255 8913 8983 2
t 8982 8983 8913 2
t 581 8956 8985 2
t 2265 8984 8956 2
t 2272 8985 8984 2
t 8956 8984 8985 2
t 2255 8983 8981 2
t 2272 8984 8983 2
t 2265 8981 8984 2
t 8983 8984 8981 2
t 580 8980 8972 2
t 2271 8986 8980 2
t 2270 8972 8986 2
t 8980 8986 8972 2
t 581 8985 8977 2
t 2272 8987 8985 2
t 2271 8977 8987 2
t 8985 8987 8977 2
t 578 8975 8982 2
t 2270 8988 8975 2
t 2272 8982 8988 2
t 8975 8988 8982 2
t 2271 8987 8986 2
t 2272 8988 8987 2
t 2270 8986 8988 2
t 8987 8988 8986 2
t 14 5310 5017 2
t 1346 8989 5310 2
t 1271 5017 8989 2
t 5310 8989 5017 2
t 348 8990 5313 2
t 2273 8991 8990 2
t 1346 5313 8991 2
t 8990 8991 5313 2
t 328 5021 8993 2
t 1271 8992 5021 2
t 2273 8993 8992 2
t 5021 8992 8993 2
t 1346 8991 8989 2
t 2273 8992 8991 2
t 1271 8989 8992 2
t 8991 8992 8989 2
t 95 8994 5323 2
t 2274 8995 8994 2
t 1349 5323 8995 2
t 8994 8995 5323 2
t 583 8996 8998 2
t 2275 8997 8996 2
t 2274 8998 8997 2
t 8996 8997 8998 2
t 348 5328 9000 2
t 1349 8999 5328 2
t 2275 9000 8999 2
t 5328 8999 9000 2
t 2274 8997 8995 2
t 2275 8999 8997 2
t 1349 8995 8999 2
t 8997 8999 8995 2
t 89 5026 9002 2
t 1275 9001 5026 2
t 2277 9002 9001 2
t 5026 9001 9002 2
t 328 9003 5030 2
t 2276 9004 9003 2
t 1275 5030 9004 2
t 9003 9004 5030 2
t 583 9005 9007 2
t 2277 9006 9005 2
t 2276 9007 9006 2
t 9005 9006 9007 2
t 1275 9004 9001 2
t 2276 9006 9004 2
t 2277 9001 9006 2
t 9004 9006 9001 2
t 348 9000 8990 2
t 2275 9008 9000 2
t 2273 8990 9008 2
t 9000 9008 8990 2
t 583 9007 8996 2
t 2276 9009 9007 2
t 2275 8996 9009 2
t 9007 9009 8996 2
t 328 8993 9003 2
t 2273 9010 8993 2
t 2276 9003 9010 2
t 8993 9010 9003 2
t 2275 9009 9008 2
t 2276 9010 9009 2
t 2273 9008 9010 2
t 9009 9010 9008 2
t 30 9011 5361 2
t 2278 9012 9011 2
t 1359 5361 9012 2
t 9011 9012 5361 2
t 584 9013 9015 2
t 2279 9014 9013 2
t 2278 9015 9014 2
t 9013 9014 9015 2
t 351 5366 9017 2
t 1359 9016 5366 2
t 2279 9017 9016 2
t 5366 9016 9017 2
t 2278 9014 9012 2
t 2279 9016 9014 2
t 1359 9012 9016 2
t 9014 9016 9012 2
t 155 9018 9020 2
t 2280 9019 9018 2
t 2282 9020 9019 2
t 9018 9019 9020 2
t 585 9021 9023 2
t 2281 9022 9021 2
t 2280 9023 9022 2
t 9021 9022 9023 2
t 584 9024 9026 2
t 2282 9025 9024 2
t 2281 9026 9025 2
t 9024 9025 9026 2
t 2280 9022 9019 2
t 2281 9025 9022 2
t 2282 9019 9025 2
t 9022 9025 9019 2
t 95 5372 9028 2
t 1364 9027 5372 2
t 2284 9028 9027 2
t 5372 9027 9028 2
t 351 9029 5376 2
t 2283 9030 9029 2
t 1364 5376 9030 2
t 9029 9030 5376 2
t 585 9031 9033 2
t 2284 9032 9031 2
t 2283 9033 9032 2
t 9031 9032 9033 2
t 1364 9030 9027 2
t 2283 9032 9030 2
t 2284 9027 9032 2
t 9030 9032 9027 2
t 584 9026 9013 2
t 2281 9034 9026 2
t 2279 9013 9034 2
t 9026 9034 9013 2
t 585 9033 9021 2
t 2283 9035 9033 2
t 2281 9021 9035 2
t 9033 9035 9021 2
t 351 9017 9029 2
t 2279 9036 9017 2
t 2283 9029 9036 2
t 9017 9036 9029 2
t 2281 9035 9034 2
t 2283 9036 9035 2
t 2279 9034 9036 2
t 9035 9036 9034 2
t 27 5045 9038 1
t 1280 9037 5045 1
t 2286 9038 9037 1
t 5045 9037 9038 1
t 332 9039 5049 2
t 2285 9040 9039 2
t 1280 5049 9040 1
t 9039 9040 5049 2
t 587 9041 9043 2
t 2286 9042 9041 2
t 2285 9043 9042 2
t 9041 9042 9043 2
t 1280 9040 9037 1
t 2285 9042 9040 2
t 2286 9037 9042 2
t 9040 9042 9037 2
t 89 9044 5061 2
t 2287 9045 9044 2
t 1284 5061 9045 2
t 9044 9045 5061 2
t 586 9046 9048 2
t 2288 9047 9046 2
t 2287 9048 9047 2
t 9046 9047 9048 2
t 332 5066 9050 2
t 1284 9049 5066 2
t 2288 9050 9049 2
t 5066 9049 9050 2
t 2287 9047 9045 2
t 2288 9049 9047 2
t 1284 9045 9049 2
t 9047 9049 9045 2
t 155 9051 9053 2
t 2289 9052 9051 2
t 2291 9053 9052 2
t 9051 9052 9053 2
t 587 9054 9056 2
t 2290 9055 9054 2
t 2289 9056 9055 2
t 9054 9055 9056 2
t 586 9057 9059 2
t 2291 9058 9057 2
t 2290 9059 9058 2
t 9057 9058 9059 2
t 2289 9055 9052 2
t 2290 9058 9055 2
t 2291 9052 9058 2
t 9055 9058 9052 2
t 332 9050 9039 2
t 2288 9060 9050 2
t 2285 9039 9060 2
t 9050 9060 9039 2
t 586 9059 9046 2
t 2290 9061 9059 2
t 2288 9046 9061 2
t 9059 9061 9046 2
t 587 9043 9054 2
t 2285 9062 9043 2
t 2290 9054 9062 2
t 9043 9062 9054 2
t 2288 9061 9060 2
t 2290 9062 9061 2
t 2285 9060 9062 2
t 9061 9062 9060 2
t 95 9028 8994 2
t 2284 9063 9028 2
t 2274 8994 9063 2
t 9028 9063 8994 2
t 585 9064 9031 2
t 2292 9065 9064 2
t 2284 9031 9065 2
t 9064 9065 9031 2
t 583 8998 9067 2
t 2274 9066 8998 2
t 2292 9067 9066 2
t 8998 9066 9067 2
t 2284 9065 9063 2
t 2292 9066 9065 2
t 2274 9063 9066 2
t 9065 9066 9063 2
t 155 9053 9018 2
t 2291 9068 9053 2
t 2280 9018 9068 2
t 9053 9068 9018 2
t 586 9069 9057 2
t 2293 9070 9069 2
t 2291 9057 9070 2
t 9069 9070 9057 2
t 585 9023 9072 2
t 2280 9071 9023 2
t 2293 9072 9071 2
t 9023 9071 9072 2
t 2291 9070 9068 2
t 2293 9071 9070 2
t 2280 9068 9071 2
t 9070 9071 9068 2
t 89 9002 9044 2
t 2277 9073 9002 2
t 2287 9044 9073 2
t 9002 9073 9044 2
t 583 9074 9005 2
t 2294 9075 9074 2
t 2277 9005 9075 2
t 9074 9075 9005 2
t 586 9048 9077 2
t 2287 9076 9048 2
t 2294 9077 9076 2
t 9048 9076 9077 2
t 2277 9075 9073 2
t 2294 9076 9075 2
t 2287 9073 9076 2
t 9075 9076 9073 2
t 585 9072 9064 2
t 2293 9078 9072 2
t 2292 9064 9078 2
t 9072 9078 9064 2
t 586 9077 9069 2
t 2294 9079 9077 2
t 2293 9069 9079 2
t 9077 9079 9069 2
t 583 9067 9074 2
t 2292 9080 9067 2
t 2294 9074 9080 2
t 9067 9080 9074 2
t 2293 9079 9078 2
t 2294 9080 9079 2
t 2292 9078 9080 2
t 9079 9080 9078 2
t 38 8946 8827 2
t 2264 9081 8946 2
t 2234 8827 9081 2
t 8946 9081 8827 2
t 582 9082 8949 2
t 2295 9083 9082 2
t 2264 8949 9083 2
t 9082 9083 8949 2
t 574 8831 9085 2
t 2234 9084 8831 2
t 2295 9085 9084 2
t 8831 9084 9085 2
t 2264 9083 9081 2
t 2295 9084 9083 2
t 2234 9081 9084 2
t 9083 9084 9081 2
t 154 9086 8959 2
t 2296 9087 9086 2
t 2267 8959 9087 2
t 9086 9087 8959 2
t 588 9088 9090 2
t 2297 9089 9088 2
t 2296 9090 9089 2
t 9088 9089 9090 2
t 582 8964 9092 2
t 2267 9091 8964 2
t 2297 9092 9091 2
t 8964 9091 9092 2
t 2296 9089 9087 2
t 2297 9091 9089 2
t 2267 9087 9091 2
t 9089 9091 9087 2
t 153 8836 9094 2
t 2238 9093 8836 2
t 2299 9094 9093 2
t 8836 9093 9094 2
t 574 9095 8840 2
t 2298 9096 9095 2
t 2238 8840 9096 2
t 9095 9096 8840 2
t 588 9097 9099 2
t 2299 9098 9097 2
t 2298 9099 9098 2
t 9097 9098 9099 2
t 2238 9096 9093 2
t 2298 9098 9096 2
t 2299 9093 9098 2
t 9096 9098 9093 2
t 582 9092 9082 2
t 2297 9100 9092 2
t 2295 9082 9100 2
t 9092 9100 9082 2
t 588 9099 9088 2
t 2298 9101 9099 2
t 2297 9088 9101 2
t 9099 9101 9088 2
t 574 9085 9095 2
t 2295 9102 9085 2
t 2298 9095 9102 2
t 9085 9102 9095 2
t 2297 9101 9100 2
t 2298 9102 9101 2
t 2295 9100 9102 2
t 9101 9102 9100 2
t 27 9038 8919 2
t 2286 9103 9038 2
t 2256 8919 9103 2
t 9038 9103 8919 2
t 587 9104 9041 2
t 2300 9105 9104 2
t 2286 9041 9105 2
t 9104 9105 9041 2
t 579 8923 9107 2
t 2256 9106 8923 2
t 2300 9107 9106 2
t 8923 9106 9107 2
t 2286 9105 9103 2
t 2300 9106 9105 2
t 2256 9103 9106 2
t 9105 9106 9103 2
t 155 9108 9051 2
t 2301 9109 9108 2
t 2289 9051 9109 2
t 9108 9109 9051 2
t 589 9110 9112 2
t 2302 9111 9110 2
t 2301 9112 9111 2
t 9110 9111 9112 2
t 587 9056 9114 2
t 2289 9113 9056 2
t 2302 9114 9113 2
t 9056 9113 9114 2
t 2301 9111 9109 2
t 2302 9113 9111 2
t 2289 9109 9113 2
t 9111 9113 9109 2
t 154 8928 9116 2
t 2260 9115 8928 2
t 2304 9116 9115 2
t 8928 9115 9116 2
t 579 9117 8932 2
t 2303 9118 9117 2
t 2260 8932 9118 2
t 9117 9118 8932 2
t 589 9119 9121 2
t 2304 9120 9119 2
t 2303 9121 9120 2
t 9119 9120 9121 2
t 2260 9118 9115 2
t 2303 9120 9118 2
t 2304 9115 9120 2
t 9118 9120 9115 2
t 587 9114 9104 2
t 2302 9122 9114 2
t 2300 9104 9122 2
t 9114 9122 9104 2
t 589 9121 9110 2
t 2303 9123 9121 2
t 2302 9110 9123 2
t 9121 9123 9110 2
t 579 9107 9117 2
t 2300 9124 9107 2
t 2303 9117 9124 2
t 9107 9124 9117 2
t 2302 9123 9122 2
t 2303 9124 9123 2
t 2300 9122 9124 2
t 9123 9124 9122 2
t 30 8854 9011 2
t 2242 9125 8854 2
t 2278 9011 9125 2
t 8854 9125 9011 2
t 577 9126 8857 2
t 2305 9127 9126 2
t 2242 8857 9127 2
t 9126 9127 8857 2
t 584 9015 9129 2
t 2278 9128 9015 2
t 2305 9129 9128 2
t 9015 9128 9129 2
t 2242 9127 9125 2
t 2305 9128 9127 2
t 2278 9125 9128 2
t 9127 9128 9125 2
t 153 9130 8867 2
t 2306 9131 9130 2
t 2245 8867 9131 2
t 9130 9131 8867 2
t 590 9132 9134 2
t 2307 9133 9132 2
t 2306 9134 9133 2
t 9132 9133 9134 2
t 577 8872 9136 2
t 2245 9135 8872 2
t 2307 9136 9135 2
t 8872 9135 9136 2
t 2306 9133 9131 2
t 2307 9135 9133 2
t 2245 9131 9135 2
t 9133 9135 9131 2
t 155 9020 9138 2
t 2282 9137 9020 2
t 2309 9138 9137 2
t 9020 9137 9138 2
t 584 9139 9024 2
t 2308 9140 9139 2
t 2282 9024 9140 2
t 9139 9140 9024 2
t 590 9141 9143 2
t 2309 9142 9141 2
t 2308 9143 9142 2
t 9141 9142 9143 2
t 2282 9140 9137 2
t 2308 9142 9140 2
t 2309 9137 9142 2
t 9140 9142 9137 2
t 577 9136 9126 2
t 2307 9144 9136 2
t 2305 9126 9144 2
t 9136 9144 9126 2
t 590 9143 9132 2
t 2308 9145 9143 2
t 2307 9132 9145 2
t 9143 9145 9132 2
t 584 9129 9139 2
t 2305 9146 9129 2
t 2308 9139 9146 2
t 9129 9146 9139 2
t 2307 9145 9144 2
t 2308 9146 9145 2
t 2305 9144 9146 2
t 9145 9146 9144 2
t 154 9116 9086 2
t 2304 9147 9116 2
t 2296 9086 9147 2
t 9116 9147 9086 2
t 589 9148 9119 2
t 2310 9149 9148 2
t 2304 9119 9149 2
t 9148 9149 9119 2
t 588 9090 9151 2
t 2296 9150 9090 2
t 2310 9151 9150 2
t 9090 9150 9151 2
t 2304 9149 9147 2
t 2310 9150 9149 2
t 2296 9147 9150 2
t 9149 9150 9147 2
t 155 9138 9108 2
t 2309 9152 9138 2
t 2301 9108 9152 2
t 9138 9152 9108 2
t 590 9153 9141 2
t 2311 9154 9153 2
t 2309 9141 9154 2
t 9153 9154 9141 2
t 589 9112 9156 2
t 2301 9155 9112 2
t 2311 9156 9155 2
t 9112 9155 9156 2
t 2309 9154 9152 2
t 2311 9155 9154 2
t 2301 9152 9155 2
t 9154 9155 9152 2
t 153 9094 9130 2
t 2299 9157 9094 2
t 2306 9130 9157 2
t 9094 9157 9130 2
t 588 9158 9097 2
t 2312 9159 9158 2
t 2299 9097 9159 2
t 9158 9159 9097 2
t 590 9134 9161 2
t 2306 9160 9134 2
t 2312 9161 9160 2
t 9134 9160 9161 2
t 2299 9159 9157 2
t 2312 9160 9159 2
t 2306 9157 9160 2
t 9159 9160 9157 2
t 589 9156 9148 2
t 2311 9162 9156 2
t 2310 9148 9162 2
t 9156 9162 9148 2
t 590 9161 9153 2
t 2312 9163 9161 2
t 2311 9153 9163 2
t 9161 9163 9153 2
t 588 9151 9158 2
t 2310 9164 9151 2
t 2312 9158 9164 2
t 9151 9164 9158 2
t 2311 9163 9162 2
t 2312 9164 9163 2
t 2310 9162 9164 2
t 9163 9164 9162 2
t 9 7487 5901 2
t 1907 9165 7487 2
t 1497 5901 9165 2
t 7487 9165 5901 2
t 497 9166 7491 2
t 2313 9167 9166 2
t 1907 7491 9167 2
t 9166 9167 7491 2
t 387 5906 9169 2
t 1497 9168 5906 2
t 2313 9169 9168 2
t 5906 9168 9169 2
t 1907 9167 9165 2
t 2313 9168 9167 2
t 1497 9165 9168 2
t 9167 9168 9165 2
t 137 9170 7503 2
t 2314 9171 9170 2
t 1911 7503 9171 2
t 9170 9171 7503 2
t 591 9172 9174 2
t 2315 9173 9172 2
t 2314 9174 9173 2
t 9172 9173 9174 2
t 497 7508 9176 2
t 1911 9175 7508 2
t 2315 9176 9175 2
t 7508 9175 9176 2
t 2314 9173 9171 2
t 2315 9175 9173 2
t 1911 9171 9175 2
t 9173 9175 9171 2
t 105 5912 9178 2
t 1502 9177 5912 2
t 2317 9178 9177 2
t 5912 9177 9178 2
t 387 9179 5916 2
t 2316 9180 9179 2
t 1502 5916 9180 2
t 9179 9180 5916 2
t 591 9181 9183 2
t 2317 9182 9181 2
t 2316 9183 9182 2
t 9181 9182 9183 2
t 1502 9180 9177 2
t 2316 9182 9180 2
t 2317 9177 9182 2
t 9180 9182 9177 2
t 497 9176 9166 2
t 2315 9184 9176 2
t 2313 9166 9184 2
t 9176 9184 9166 2
t 591 9183 9172 2
t 2316 9185 9183 2
t 2315 9172 9185 2
t 9183 9185 9172 2
t 387 9169 9179 2
t 2313 9186 9169 2
t 2316 9179 9186 2
t 9169 9186 9179 2
t 2315 9185 9184 2
t 2316 9186 9185 2
t 2313 9184 9186 2
t 9185 9186 9184 2
t 40 9187 7545 2
t 2318 9188 9187 2
t 1923 7545 9188 2
t 9187 9188 7545 2
t 592 9189 9191 2
t 2319 9190 9189 2
t 2318 9191 9190 2
t 9189 9190 9191 2
t 501 7550 9193 2
t 1923 9192 7550 2
t 2319 9193 9192 2
t 7550 9192 9193 2
t 2318 9190 9188 2
t 2319 9192 9190 2
t 1923 9188 9192 2
t 9190 9192 9188 2
t 156 9194 9196 2
t 2320 9195 9194 2
t 2322 9196 9195 2
t 9194 9195 9196 2
t 593 9197 9199 2
t 2321 9198 9197 2
t 2320 9199 9198 2
t 9197 9198 9199 2
t 592 9200 9202 2
t 2322 9201 9200 2
t 2321 9202 9201 2
t 9200 9201 9202 2
t 2320 9198 9195 2
t 2321 9201 9198 2
t 2322 9195 9201 2
t 9198 9201 9195 2
t 137 7556 9204 2
t 1928 9203 7556 2
t 2324 9204 9203 2
t 7556 9203 9204 2
t 501 9205 7560 2
t 2323 9206 9205 2
t 1928 7560 9206 2
t 9205 9206 7560 2
t 593 9207 9209 2
t 2324 9208 9207 2
t 2323 9209 9208 2
t 9207 9208 9209 2
t 1928 9206 9203 2
t 2323 9208 9206 2
t 2324 9203 9208 2
t 9206 9208 9203 2
t 592 9202 9189 2
t 2321 9210 9202 2
t 2319 9189 9210 2
t 9202 9210 9189 2
t 593 9209 9197 2
t 2323 9211 9209 2
t 2321 9197 9211 2
t 9209 9211 9197 2
t 501 9193 9205 2
t 2319 9212 9193 2
t 2323 9205 9212 2
t 9193 9212 9205 2
t 2321 9211 9210 2
t 2323 9212 9211 2
t 2319 9210 9212 2
t 9211 9212 9210 2
t 32 5933 9214 2
t 1508 9213 5933 2
t 2326 9214 9213 2
t 5933 9213 9214 2
t 392 9215 5937 2
t 2325 9216 9215 2
t 1508 5937 9216 2
t 9215 9216 5937 2
t 595 9217 9219 2
t 2326 9218 9217 2
t 2325 9219 9218 2
t 9217 9218 9219 2
t 1508 9216 9213 2
t 2325 9218 9216 2
t 2326 9213 9218 2
t 9216 9218 9213 2
t 105 9220 5949 2
t 2327 9221 9220 2
t 1512 5949 9221 2
t 9220 9221 5949 2
t 594 9222 9224 2
t 2328 9223 9222 2
t 2327 9224 9223 2
t 9222 9223 9224 2
t 392 5954 9226 2
t 1512 9225 5954 2
t 2328 9226 9225 2
t 5954 9225 9226 2
t 2327 9223 9221 2
t 2328 9225 9223 2
t 1512 9221 9225 2
t 9223 9225 9221 2
t 156 9227 9229 2
t 2329 9228 9227 2
t 2331 9229 9228 2
t 9227 9228 9229 2
t 595 9230 9232 2
t 2330 9231 9230 2
t 2329 9232 9231 2
t 9230 9231 9232 2
t 594 9233 9235 2
t 2331 9234 9233 2
t 2330 9235 9234 2
t 9233 9234 9235 2
t 2329 9231 9228 2
t 2330 9234 9231 2
t 2331 9228 9234 2
t 9231 9234 9228 2
t 392 9226 9215 2
t 2328 9236 9226 2
t 2325 9215 9236 2
t 9226 9236 9215 2
t 594 9235 9222 2
t 2330 9237 9235 2
t 2328 9222 9237 2
t 9235 9237 9222 2
t 595 9219 9230 2
t 2325 9238 9219 2
t 2330 9230 9238 2
t 9219 9238 9230 2
t 2328 9237 9236 2
t 2330 9238 9237 2
t 2325 9236 9238 2
t 9237 9238 9236 2
t 137 9204 9170 2
t 2324 9239 9204 2
t 2314 9170 9239 2
t 9204 9239 9170 2
t 593 9240 9207 2
t 2332 9241 9240 2
t 2324 9207 9241 2
t 9240 9241 9207 2
t 591 9174 9243 2
t 2314 9242 9174 2
t 2332 9243 9242 2
t 9174 9242 9243 2
t 2324 9241 9239 2
t 2332 9242 9241 2
t 2314 9239 9242 2
t 9241 9242 9239 2
t 156 9229 9194 2
t 2331 9244 9229 2
t 2320 9194 9244 2
t 9229 9244 9194 2
t 594 9245 9233 2
t 2333 9246 9245 2
t 2331 9233 9246 2
t 9245 9246 9233 2
t 593 9199 9248 2
t 2320 9247 9199 2
t 2333 9248 9247 2
t 9199 9247 9248 2
t 2331 9246 9244 2
t 2333 9247 9246 2
t 2320 9244 9247 2
t 9246 9247 9244 2
t 105 9178 9220 2
t 2317 9249 9178 2
t 2327 9220 9249 2
t 9178 9249 9220 2
t 591 9250 9181 2
t 2334 9251 9250 2
t 2317 9181 9251 2
t 9250 9251 9181 2
t 594 9224 9253 2
t 2327 9252 9224 2
t 2334 9253 9252 2
t 9224 9252 9253 2
t 2317 9251 9249 2
t 2334 9252 9251 2
t 2327 9249 9252 2
t 9251 9252 9249 2
t 593 9248 9240 2
t 2333 9254 9248 2
t 2332 9240 9254 2
t 9248 9254 9240 2
t 594 9253 9245 2
t 2334 9255 9253 2
t 2333 9245 9255 2
t 9253 9255 9245 2
t 591 9243 9250 2
t 2332 9256 9243 2
t 2334 9250 9256 2
t 9243 9256 9250 2
t 2333 9255 9254 2
t 2334 9256 9255 2
t 2332 9254 9256 2
t 9255 9256 9254 2
t 5 5511 7385 2
t 1399 9257 5511 2
t 1879 7385 9257 2
t 5511 9257 7385 2
t 363 9258 5515 2
t 2335 9259 9258 2
t 1399 5515 9259 2
t 9258 9259 5515 2
t 488 7389 9261 2
t 1879 9260 7389 2
t 2335 9261 9260 2
t 7389 9260 9261 2
t 1399 9259 9257 2
t 2335 9260 9259 2
t 1879 9257 9260 2
t 9259 9260 9257 2
t 100 9262 5527 2
t 2336 9263 9262 2
t 1403 5527 9263 2
t 9262 9263 5527 2
t 596 9264 9266 2
t 2337 9265 9264 2
t 2336 9266 9265 2
t 9264 9265 9266 2
t 363 5532 9268 2
t 1403 9267 5532 2
t 2337 9268 9267 2
t 5532 9267 9268 2
t 2336 9265 9263 2
t 2337 9267 9265 2
t 1403 9263 9267 2
t 9265 9267 9263 2
t 133 7394 9270 2
t 1883 9269 7394 2
t 2339 9270 9269 2
t 7394 9269 9270 2
t 488 9271 7398 2
t 2338 9272 9271 2
t 1883 7398 9272 2
t 9271 9272 7398 2
t 596 9273 9275 2
t 2339 9274 9273 2
t 2338 9275 9274 2
t 9273 9274 9275 2
t 1883 9272 9269 2
t 2338 9274 9272 2
t 2339 9269 9274 2
t 9272 9274 9269 2
t 363 9268 9258 2
t 2337 9276 9268 2
t 2335 9258 9276 2
t 9268 9276 9258 2
t 596 9275 9264 2
t 2338 9277 9275 2
t 2337 9264 9277 2
t 9275 9277 9264 2
t 488 9261 9271 2
t 2335 9278 9261 2
t 2338 9271 9278 2
t 9261 9278 9271 2
t 2337 9277 9276 2
t 2338 9278 9277 2
t 2335 9276 9278 2
t 9277 9278 9276 2
t 29 9279 5569 2
t 2340 9280 9279 2
t 1415 5569 9280 2
t 9279 9280 5569 2
t 597 9281 9283 2
t 2341 9282 9281 2
t 2340 9283 9282 2
t 9281 9282 9283 2
t 367 5574 9285 2
t 1415 9284 5574 2
t 2341 9285 9284 2
t 5574 9284 9285 2
t 2340 9282 9280 2
t 2341 9284 9282 2
t 1415 9280 9284 2
t 9282 9284 9280 2
t 157 9286 9288 2
t 2342 9287 9286 2
t 2344 9288 9287 2
t 9286 9287 9288 2
t 598 9289 9291 2
t 2343 9290 9289 2
t 2342 9291 9290 2
t 9289 9290 9291 2
t 597 9292 9294 2
t 2344 9293 9292 2
t 2343 9294 9293 2
t 9292 9293 9294 2
t 2342 9290 9287 2
t 2343 9293 9290 2
t 2344 9287 9293 2
t 9290 9293 9287 2
t 100 5580 9296 2
t 1420 9295 5580 2
t 2346 9296 9295 2
t 5580 9295 9296 2
t 367 9297 5584 2
t 2345 9298 9297 2
t 1420 5584 9298 2
t 9297 9298 5584 2
t 598 9299 9301 2
t 2346 9300 9299 2
t 2345 9301 9300 2
t 9299 9300 9301 2
t 1420 9298 9295 2
t 2345 9300 9298 2
t 2346 9295 9300 2
t 9298 9300 9295 2
t 597 9294 9281 2
t 2343 9302 9294 2
t 2341 9281 9302 2
t 9294 9302 9281 2
t 598 9301 9289 2
t 2345 9303 9301 2
t 2343 9289 9303 2
t 9301 9303 9289 2
t 367 9285 9297 2
t 2341 9304 9285 2
t 2345 9297 9304 2
t 9285 9304 9297 2
t 2343 9303 9302 2
t 2345 9304 9303 2
t 2341 9302 9304 2
t 9303 9304 9302 2
t 40 7413 9306 2
t 1888 9305 7413 2
t 2348 9306 9305 2
t 7413 9305 9306 2
t 492 9307 7417 2
t 2347 9308 9307 2
t 1888 7417 9308 2
t 9307 9308 7417 2
t 600 9309 9311 2
t 2348 9310 9309 2
t 2347 9311 9310 2
t 9309 9310 9311 2
t 1888 9308 9305 2
t 2347 9310 9308 2
t 2348 9305 9310 2
t 9308 9310 9305 2
t 133 9312 7429 2
t 2349 9313 9312 2
t 1892 7429 9313 2
t 9312 9313 7429 2
t 599 9314 9316 2
t 2350 9315 9314 2
t 2349 9316 9315 2
t 9314 9315 9316 2
t 492 7434 9318 2
t 1892 9317 7434 2
t 2350 9318 9317 2
t 7434 9317 9318 2
t 2349 9315 9313 2
t 2350 9317 9315 2
t 1892 9313 9317 2
t 9315 9317 9313 2
t 157 9319 9321 2
t 2351 9320 9319 2
t 2353 9321 9320 2
t 9319 9320 9321 2
t 600 9322 9324 2
t 2352 9323 9322 2
t 2351 9324 9323 2
t 9322 9323 9324 2
t 599 9325 9327 2
t 2353 9326 9325 2
t 2352 9327 9326 2
t 9325 9326 9327 2
t 2351 9323 9320 2
t 2352 9326 9323 2
t 2353 9320 9326 2
t 9323 9326 9320 2
t 492 9318 9307 2
t 2350 9328 9318 2
t 2347 9307 9328 2
t 9318 9328 9307 2
t 599 9327 9314 2
t 2352 9329 9327 2
t 2350 9314 9329 2
t 9327 9329 9314 2
t 600 9311 9322 2
t 2347 9330 9311 2
t 2352 9322 9330 2
t 9311 9330 9322 2
t 2350 9329 9328 2
t 2352 9330 9329 2
t 2347 9328 9330 2
t 9329 9330 9328 2
t 100 9296 9262 2
t 2346 9331 9296 2
t 2336 9262 9331 2
t 9296 9331 9262 2
t 598 9332 9299 2
t 2354 9333 9332 2
t 2346 9299 9333 2
t 9332 9333 9299 2
t 596 9266 9335 2
t 2336 9334 9266 2
t 2354 9335 9334 2
t 9266 9334 9335 2
t 2346 9333 9331 2
t 2354 9334 9333 2
t 2336 9331 9334 2
t 9333 9334 9331 2
t 157 9321 9286 2
t 2353 9336 9321 2
t 2342 9286 9336 2
t 9321 9336 9286 2
t 599 9337 9325 2
t 2355 9338 9337 2
t 2353 9325 9338 2
t 9337 9338 9325 2
t 598 9291 9340 2
t 2342 9339 9291 2
t 2355 9340 9339 2
t 9291 9339 9340 2
t 2353 9338 9336 2
t 2355 9339 9338 2
t 2342 9336 9339 2
t 9338 9339 9336 2
t 133 9270 9312 2
t 2339 9341 9270 2
t 2349 9312 9341 2
t 9270 9341 9312 2
t 596 9342 9273 2
t 2356 9343 9342 2
t 2339 9273 9343 2
t 9342 9343 9273 2
t 599 9316 9345 2
t 2349 9344 9316 2
t 2356 9345 9344 2
t 9316 9344 9345 2
t 2339 9343 9341 2
t 2356 9344 9343 2
t 2349 9341 9344 2
t 9343 9344 9341 2
t 598 9340 9332 2
t 2355 9346 9340 2
t 2354 9332 9346 2
t 9340 9346 9332 2
t 599 9345 9337 2
t 2356 9347 9345 2
t 2355 9337 9347 2
t 9345 9347 9337 2
t 596 9335 9342 2
t 2354 9348 9335 2
t 2356 9342 9348 2
t 9335 9348 9342 2
t 2355 9347 9346 2
t 2356 9348 9347 2
t 2354 9346 9348 2
t 9347 9348 9346 2
t 13 5702 5409 0
t 1446 9349 5702 0
t 1371 5409 9349 0
t 5702 9349 5409 0
t 374 9350 5705 0
t 2357 9351 9350 0
t 1446 5705 9351 0
t 9350 9351 5705 0
t 354 5413 9353 0
t 1371 9352 5413 0
t 2357 9353 9352 0
t 5413 9352 9353 0
t 1446 9351 9349 0
t 2357 9352 9351 0
t 1371 9349 9352 0
t 9351 9352 9349 0
t 102 9354 5715 0
t 2358 9355 9354 0
t 1449 5715 9355 0
t 9354 9355 5715 0
t 601 9356 9358 0
t 2359 9357 9356 0
t 2358 9358 9357 0
t 9356 9357 9358 0
t 374 5720 9360 0
t 1449 9359 5720 0
t 2359 9360 9359 0
t 5720 9359 9360 0
t 2358 9357 9355 0
t 2359 9359 9357 0
t 1449 9355 9359 0
t 9357 9359 9355 0
t 96 5418 9362 0
t 1375 9361 5418 0
t 2361 9362 9361 0
t 5418 9361 9362 0
t 354 9363 5422 0
t 2360 9364 9363 0
t 1375 5422 9364 0
t 9363 9364 5422 0
t 601 9365 9367 0
t 2361 9366 9365 0
t 2360 9367 9366 0
t 9365 9366 9367 0
t 1375 9364 9361 0
t 2360 9366 9364 0
t 2361 9361 9366 0
t 9364 9366 9361 0
t 374 9360 9350 0
t 2359 9368 9360 0
t 2357 9350 9368 0
t 9360 9368 9350 0
t 601 9367 9356 0
t 2360 9369 9367 0
t 2359 9356 9369 0
t 9367 9369 9356 0
t 354 9353 9363 0
t 2357 9370 9353 0
t 2360 9363 9370 0
t 9353 9370 9363 0
t 2359 9369 9368 0
t 2360 9370 9369 0
t 2357 9368 9370 0
t 9369 9370 9368 0
t 32 9371 5753 2
t 2362 9372 9371 2
t 1459 5753 9372 2
t 9371 9372 5753 2
t 602 9373 9375 2
t 2363 9374 9373 0
t 2362 9375 9374 2
t 9373 9374 9375 2
t 377 5758 9377 0
t 1459 9376 5758 0
t 2363 9377 9376 0
t 5758 9376 9377 0
t 2362 9374 9372 2
t 2363 9376 9374 0
t 1459 9372 9376 0
t 9374 9376 9372 0
t 158 9378 9380 2
t 2364 9379 9378 2
t 2366 9380 9379 2
t 9378 9379 9380 2
t 603 9381 9383 0
t 2365 9382 9381 0
t 2364 9383 9382 0
t 9381 9382 9383 0
t 602 9384 9386 2
t 2366 9385 9384 2
t 2365 9386 9385 2
t 9384 9385 9386 2
t 2364 9382 9379 2
t 2365 9385 9382 2
t 2366 9379 9385 2
t 9382 9385 9379 2
t 102 5764 9388 0
t 1464 9387 5764 0
t 2368 9388 9387 0
t 5764 9387 9388 0
t 377 9389 5768 0
t 2367 9390 9389 0
t 1464 5768 9390 0
t 9389 9390 5768 0
t 603 9391 9393 0
t 2368 9392 9391 0
t 2367 9393 9392 0
t 9391 9392 9393 0
t 1464 9390 9387 0
t 2367 9392 9390 0
t 2368 9387 9392 0
t 9390 9392 9387 0
t 602 9386 9373 2
t 2365 9394 9386 0
t 2363 9373 9394 0
t 9386 9394 9373 0
t 603 9393 9381 0
t 2367 9395 9393 0
t 2365 9381 9395 0
t 9393 9395 9381 0
t 377 9377 9389 0
t 2363 9396 9377 0
t 2367 9389 9396 0
t 9377 9396 9389 0
t 2365 9395 9394 0
t 2367 9396 9395 0
t 2363 9394 9396 0
t 9395 9396 9394 0
t 29 5437 9398 2
t 1380 9397 5437 2
t 2370 9398 9397 2
t 5437 9397 9398 2
t 358 9399 5441 2
t 2369 9400 9399 2
t 1380 5441 9400 2
t 9399 9400 5441 2
t 605 9401 9403 2
t 2370 9402 9401 2
t 2369 9403 9402 2
t 9401 9402 9403 2
t 1380 9400 9397 2
t 2369 9402 9400 2
t 2370 9397 9402 2
t 9400 9402 9397 2
t 96 9404 5453 2
t 2371 9405 9404 2
t 1384 5453 9405 2
t 9404 9405 5453 2
t 604 9406 9408 2
t 2372 9407 9406 2
t 2371 9408 9407 2
t 9406 9407 9408 2
t 358 5458 9410 2
t 1384 9409 5458 2
t 2372 9410 9409 2
t 5458 9409 9410 2
t 2371 9407 9405 2
t 2372 9409 9407 2
t 1384 9405 9409 2
t 9407 9409 9405 2
t 158 9411 9413 2
t 2373 9412 9411 2
t 2375 9413 9412 2
t 9411 9412 9413 2
t 605 9414 9416 2
t 2374 9415 9414 2
t 2373 9416 9415 2
t 9414 9415 9416 2
t 604 9417 9419 2
t 2375 9418 9417 2
t 2374 9419 9418 2
t 9417 9418 9419 2
t 2373 9415 9412 2
t 2374 9418 9415 2
t 2375 9412 9418 2
t 9415 9418 9412 2
t 358 9410 9399 2
t 2372 9420 9410 2
t 2369 9399 9420 2
t 9410 9420 9399 2
t 604 9419 9406 2
t 2374 9421 9419 2
t 2372 9406 9421 2
t 9419 9421 9406 2
t 605 9403 9414 2
t 2369 9422 9403 2
t 2374 9414 9422 2
t 9403 9422 9414 2
t 2372 9421 9420 2
t 2374 9422 9421 2
t 2369 9420 9422 2
t 9421 9422 9420 2
t 102 9388 9354 0
t 2368 9423 9388 0
t 2358 9354 9423 0
t 9388 9423 9354 0
t 603 9424 9391 0
t 2376 9425 9424 0
t 2368 9391 9425 0
t 9424 9425 9391 0
t 601 9358 9427 0
t 2358 9426 9358 0
t 2376 9427 9426 0
t 9358 9426 9427 0
t 2368 9425 9423 0
t 2376 9426 9425 0
t 2358 9423 9426 0
t 9425 9426 9423 0
t 158 9413 9378 2
t 2375 9428 9413 2
t 2364 9378 9428 2
t 9413 9428 9378 2
t 604 9429 9417 2
t 2377 9430 9429 0
t 2375 9417 9430 2
t 9429 9430 9417 2
t 603 9383 9432 0
t 2364 9431 9383 0
t 2377 9432 9431 0
t 9383 9431 9432 0
t 2375 9430 9428 2
t 2377 9431 9430 0
t 2364 9428 9431 2
t 9430 9431 9428 2
t 96 9362 9404 0
t 2361 9433 9362 0
t 2371 9404 9433 0
t 9362 9433 9404 0
t 601 9434 9365 0
t 2378 9435 9434 0
t 2361 9365 9435 0
t 9434 9435 9365 0
t 604 9408 9437 0
t 2371 9436 9408 0
t 2378 9437 9436 0
t 9408 9436 9437 0
t 2361 9435 9433 0
t 2378 9436 9435 0
t 2371 9433 9436 0
t 9435 9436 9433 0
t 603 9432 9424 0
t 2377 9438 9432 0
t 2376 9424 9438 0
t 9432 9438 9424 0
t 604 9437 9429 0
t 2378 9439 9437 0
t 2377 9429 9439 0
t 9437 9439 9429 0
t 601 9427 9434 0
t 2376 9440 9427 0
t 2378 9434 9440 0
t 9427 9440 9434 0
t 2377 9439 9438 0
t 2378 9440 9439 0
t 2376 9438 9440 0
t 9439 9440 9438 0
t 40 9306 9187 2
t 2348 9441 9306 2
t 2318 9187 9441 2
t 9306 9441 9187 2
t 600 9442 9309 2
t 2379 9443 9442 2
t 2348 9309 9443 2
t 9442 9443 9309 2
t 592 9191 9445 2
t 2318 9444 9191 2
t 2379 9445 9444 2
t 9191 9444 9445 2
t 2348 9443 9441 2
t 2379 9444 9443 2
t 2318 9441 9444 2
t 9443 9444 9441 2
t 157 9446 9319 2
t 2380 9447 9446 2
t 2351 9319 9447 2
t 9446 9447 9319 2
t 606 9448 9450 2
t 2381 9449 9448 2
t 2380 9450 9449 2
t 9448 9449 9450 2
t 600 9324 9452 2
t 2351 9451 9324 2
t 2381 9452 9451 2
t 9324 9451 9452 2
t 2380 9449 9447 2
t 2381 9451 9449 2
t 2351 9447 9451 2
t 9449 9451 9447 2
t 156 9196 9454 2
t 2322 9453 9196 2
t 2383 9454 9453 2
t 9196 9453 9454 2
t 592 9455 9200 2
t 2382 9456 9455 2
t 2322 9200 9456 2
t 9455 9456 9200 2
t 606 9457 9459 2
t 2383 9458 9457 2
t 2382 9459 9458 2
t 9457 9458 9459 2
t 2322 9456 9453 2
t 2382 9458 9456 2
t 2383 9453 9458 2
t 9456 9458 9453 2
t 600 9452 9442 2
t 2381 9460 9452 2
t 2379 9442 9460 2
t 9452 9460 9442 2
t 606 9459 9448 2
t 2382 9461 9459 2
t 2381 9448 9461 2
t 9459 9461 9448 2
t 592 9445 9455 2
t 2379 9462 9445 2
t 2382 9455 9462 2
t 9445 9462 9455 2
t 2381 9461 9460 2
t 2382 9462 9461 2
t 2379 9460 9462 2
t 9461 9462 9460 2
t 29 9398 9279 2
t 2370 9463 9398 2
t 2340 9279 9463 2
t 9398 9463 9279 2
t 605 9464 9401 2
t 2384 9465 9464 2
t 2370 9401 9465 2
t 9464 9465 9401 2
t 597 9283 9467 2
t 2340 9466 9283 2
t 2384 9467 9466 2
t 9283 9466 9467 2
t 2370 9465 9463 2
t 2384 9466 9465 2
t 2340 9463 9466 2
t 9465 9466 9463 2
t 158 9468 9411 2
t 2385 9469 9468 2
t 2373 9411 9469 2
t 9468 9469 9411 2
t 607 9470 9472 2
t 2386 9471 9470 2
t 2385 9472 9471 2
t 9470 9471 9472 2
t 605 9416 9474 2
t 2373 9473 9416 2
t 2386 9474 9473 2
t 9416 9473 9474 2
t 2385 9471 9469 2
t 2386 9473 9471 2
t 2373 9469 9473 2
t 9471 9473 9469 2
t 157 9288 9476 2
t 2344 9475 9288 2
t 2388 9476 9475 2
t 9288 9475 9476 2
t 597 9477 9292 2
t 2387 9478 9477 2
t 2344 9292 9478 2
t 9477 9478 9292 2
t 607 9479 9481 2
t 2388 9480 9479 2
t 2387 9481 9480 2
t 9479 9480 9481 2
t 2344 9478 9475 2
t 2387 9480 9478 2
t 2388 9475 9480 2
t 9478 9480 9475 2
t 605 9474 9464 2
t 2386 9482 9474 2
t 2384 9464 9482 2
t 9474 9482 9464 2
t 607 9481 9470 2
t 2387 9483 9481 2
t 2386 9470 9483 2
t 9481 9483 9470 2
t 597 9467 9477 2
t 2384 9484 9467 2
t 2387 9477 9484 2
t 9467 9484 9477 2
t 2386 9483 9482 2
t 2387 9484 9483 2
t 2384 9482 9484 2
t 9483 9484 9482 2
t 32 9214 9371 2
t 2326 9485 9214 2
t 2362 9371 9485 2
t 9214 9485 9371 2
t 595 9486 9217 2
t 2389 9487 9486 2
t 2326 9217 9487 2
t 9486 9487 9217 2
t 602 9375 9489 2
t 2362 9488 9375 2
t 2389 9489 9488 2
t 9375 9488 9489 2
t 2326 9487 9485 2
t 2389 9488 9487 2
t 2362 9485 9488 2
t 9487 9488 9485 2
t 156 9490 9227 2
t 2390 9491 9490 2
t 2329 9227 9491 2
t 9490 9491 9227 2
t 608 9492 9494 2
t 2391 9493 9492 2
t 2390 9494 9493 2
t 9492 9493 9494 2
t 595 9232 9496 2
t 2329 9495 9232 2
t 2391 9496 9495 2
t 9232 9495 9496 2
t 2390 9493 9491 2
t 2391 9495 9493 2
t 2329 9491 9495 2
t 9493 9495 9491 2
t 158 9380 9498 2
t 2366 9497 9380 2
t 2393 9498 9497 2
t 9380 9497 9498 2
t 602 9499 9384 2
t 2392 9500 9499 2
t 2366 9384 9500 2
t 9499 9500 9384 2
t 608 9501 9503 2
t 2393 9502 9501 2
t 2392 9503 9502 2
t 9501 9502 9503 2
t 2366 9500 9497 2
t 2392 9502 9500 2
t 2393 9497 9502 2
t 9500 9502 9497 2
t 595 9496 9486 2
t 2391 9504 9496 2
t 2389 9486 9504 2
t 9496 9504 9486 2
t 608 9503 9492 2
t 2392 9505 9503 2
t 2391 9492 9505 2
t 9503 9505 9492 2
t 602 9489 9499 2
t 2389 9506 9489 2
t 2392 9499 9506 2
t 9489 9506 9499 2
t 2391 9505 9504 2
t 2392 9506 9505 2
t 2389 9504 9506 2
t 9505 9506 9504 2
t 157 9476 9446 2
t 2388 9507 9476 2
t 2380 9446 9507 2
t 9476 9507 9446 2
t 607 9508 9479 2
t 2394 9509 9508 2
t 2388 9479 9509 2
t 9508 9509 9479 2
t 606 9450 9511 2
t 2380 9510 9450 2
t 2394 9511 9510 2
t 9450 9510 9511 2
t 2388 9509 9507 2
t 2394 9510 9509 2
t 2380 9507 9510 2
t 9509 9510 9507 2
t 158 9498 9468 2
t 2393 9512 9498 2
t 2385 9468 9512 2
t 9498 9512 9468 2
t 608 9513 9501 2
t 2395 9514 9513 2
t 2393 9501 9514 2
t 9513 9514 9501 2
t 607 9472 9516 2
t 2385 9515 9472 2
t 2395 9516 9515 2
t 9472 9515 9516 2
t 2393 9514 9512 2
t 2395 9515 9514 2
t 2385 9512 9515 2
t 9514 9515 9512 2
t 156 9454 9490 2
t 2383 9517 9454 2
t 2390 9490 9517 2
t 9454 9517 9490 2
t 606 9518 9457 2
t 2396 9519 9518 2
t 2383 9457 9519 2
t 9518 9519 9457 2
t 608 9494 9521 2
t 2390 9520 9494 2
t 2396 9521 9520 2
t 9494 9520 9521 2
t 2383 9519 9517 2
t 2396 9520 9519 2
t 2390 9517 9520 2
t 9519 9520 9517 2
t 607 9516 9508 2
t 2395 9522 9516 2
t 2394 9508 9522 2
t 9516 9522 9508 2
t 608 9521 9513 2
t 2396 9523 9521 2
t 2395 9513 9523 2
t 9521 9523 9513 2
t 606 9511 9518 2
t 2394 9524 9511 2
t 2396 9518 9524 2
t 9511 9524 9518 2
t 2395 9523 9522 2
t 2396 9524 9523 2
t 2394 9522 9524 2
t 9523 9524 9522 2
t 11 7879 6293 2
t 2007 9525 7879 2
t 1597 6293 9525 2
t 7879 9525 6293 2
t 523 9526 7883 2
t 2397 9527 9526 2
t 2007 7883 9527 2
t 9526 9527 7883 2
t 413 6298 9529 2
t 1597 9528 6298 2
t 2397 9529 9528 2
t 6298 9528 9529 2
t 2007 9527 9525 2
t 2397 9528 9527 2
t 1597 9525 9528 2
t 9527 9528 9525 2
t 144 9530 7895 2
t 2398 9531 9530 2
t 2011 7895 9531 2
t 9530 9531 7895 2
t 609 9532 9534 2
t 2399 9533 9532 2
t 2398 9534 9533 2
t 9532 9533 9534 2
t 523 7900 9536 2
t 2011 9535 7900 2
t 2399 9536 9535 2
t 7900 9535 9536 2
t 2398 9533 9531 2
t 2399 9535 9533 2
t 2011 9531 9535 2
t 9533 9535 9531 2
t 112 6304 9538 2
t 1602 9537 6304 2
t 2401 9538 9537 2
t 6304 9537 9538 2
t 413 9539 6308 2
t 2400 9540 9539 2
t 1602 6308 9540 2
t 9539 9540 6308 2
t 609 9541 9543 2
t 2401 9542 9541 2
t 2400 9543 9542 2
t 9541 9542 9543 2
t 1602 9540 9537 2
t 2400 9542 9540 2
t 2401 9537 9542 2
t 9540 9542 9537 2
t 523 9536 9526 2
t 2399 9544 9536 2
t 2397 9526 9544 2
t 9536 9544 9526 2
t 609 9543 9532 2
t 2400 9545 9543 2
t 2399 9532 9545 2
t 9543 9545 9532 2
t 413 9529 9539 2
t 2397 9546 9529 2
t 2400 9539 9546 2
t 9529 9546 9539 2
t 2399 9545 9544 2
t 2400 9546 9545 2
t 2397 9544 9546 2
t 9545 9546 9544 2
t 42 9547 7937 2
t 2402 9548 9547 2
t 2023 7937 9548 2
t 9547 9548 7937 2
t 610 9549 9551 2
t 2403 9550 9549 2
t 2402 9551 9550 2
t 9549 9550 9551 2
t 527 7942 9553 2
t 2023 9552 7942 2
t 2403 9553 9552 2
t 7942 9552 9553 2
t 2402 9550 9548 2
t 2403 9552 9550 2
t 2023 9548 9552 2
t 9550 9552 9548 2
t 159 9554 9556 2
t 2404 9555 9554 2
t 2406 9556 9555 2
t 9554 9555 9556 2
t 611 9557 9559 2
t 2405 9558 9557 2
t 2404 9559 9558 2
t 9557 9558 9559 2
t 610 9560 9562 2
t 2406 9561 9560 2
t 2405 9562 9561 2
t 9560 9561 9562 2
t 2404 9558 9555 2
t 2405 9561 9558 2
t 2406 9555 9561 2
t 9558 9561 9555 2
t 144 7948 9564 2
t 2028 9563 7948 2
t 2408 9564 9563 2
t 7948 9563 9564 2
t 527 9565 7952 2
t 2407 9566 9565 2
t 2028 7952 9566 2
t 9565 9566 7952 2
t 611 9567 9569 2
t 2408 9568 9567 2
t 2407 9569 9568 2
t 9567 9568 9569 2
t 2028 9566 9563 2
t 2407 9568 9566 2
t 2408 9563 9568 2
t 9566 9568 9563 2
t 610 9562 9549 2
t 2405 9570 9562 2
t 2403 9549 9570 2
t 9562 9570 9549 2
t 611 9569 9557 2
t 2407 9571 9569 2
t 2405 9557 9571 2
t 9569 9571 9557 2
t 527 9553 9565 2
t 2403 9572 9553 2
t 2407 9565 9572 2
t 9553 9572 9565 2
t 2405 9571 9570 2
t 2407 9572 9571 2
t 2403 9570 9572 2
t 9571 9572 9570 2
t 34 6325 9574 2
t 1608 9573 6325 2
t 2410 9574 9573 2
t 6325 9573 9574 2
t 418 9575 6329 2
t 2409 9576 9575 2
t 1608 6329 9576 2
t 9575 9576 6329 2
t 613 9577 9579 2
t 2410 9578 9577 2
t 2409 9579 9578 2
t 9577 9578 9579 2
t 1608 9576 9573 2
t 2409 9578 9576 2
t 2410 9573 9578 2
t 9576 9578 9573 2
t 112 9580 6341 2
t 2411 9581 9580 2
t 1612 6341 9581 2
t 9580 9581 6341 2
t 612 9582 9584 2
t 2412 9583 9582 2
t 2411 9584 9583 2
t 9582 9583 9584 2
t 418 6346 9586 2
t 1612 9585 6346 2
t 2412 9586 9585 2
t 6346 9585 9586 2
t 2411 9583 9581 2
t 2412 9585 9583 2
t 1612 9581 9585 2
t 9583 9585 9581 2
t 159 9587 9589 2
t 2413 9588 9587 2
t 2415 9589 9588 2
t 9587 9588 9589 2
t 613 9590 9592 2
t 2414 9591 9590 2
t 2413 9592 9591 2
t 9590 9591 9592 2
t 612 9593 9595 2
t 2415 9594 9593 2
t 2414 9595 9594 2
t 9593 9594 9595 2
t 2413 9591 9588 2
t 2414 9594 9591 2
t 2415 9588 9594 2
t 9591 9594 9588 2
t 418 9586 9575 2
t 2412 9596 9586 2
t 2409 9575 9596 2
t 9586 9596 9575 2
t 612 9595 9582 2
t 2414 9597 9595 2
t 2412 9582 9597 2
t 9595 9597 9582 2
t 613 9579 9590 2
t 2409 9598 9579 2
t 2414 9590 9598 2
t 9579 9598 9590 2
t 2412 9597 9596 2
t 2414 9598 9597 2
t 2409 9596 9598 2
t 9597 9598 9596 2
t 144 9564 9530 2
t 2408 9599 9564 2
t 2398 9530 9599 2
t 9564 9599 9530 2
t 611 9600 9567 2
t 2416 9601 9600 2
t 2408 9567 9601 2
t 9600 9601 9567 2
t 609 9534 9603 2
t 2398 9602 9534 2
t 2416 9603 9602 2
t 9534 9602 9603 2
t 2408 9601 9599 2
t 2416 9602 9601 2
t 2398 9599 9602 2
t 9601 9602 9599 2
t 159 9589 9554 2
t 2415 9604 9589 2
t 2404 9554 9604 2
t 9589 9604 9554 2
t 612 9605 9593 2
t 2417 9606 9605 2
t 2415 9593 9606 2
t 9605 9606 9593 2
t 611 9559 9608 2
t 2404 9607 9559 2
t 2417 9608 9607 2
t 9559 9607 9608 2
t 2415 9606 9604 2
t 2417 9607 9606 2
t 2404 9604 9607 2
t 9606 9607 9604 2
t 112 9538 9580 2
t 2401 9609 9538 2
t 2411 9580 9609 2
t 9538 9609 9580 2
t 609 9610 9541 2
t 2418 9611 9610 2
t 2401 9541 9611 2
t 9610 9611 9541 2
t 612 9584 9613 2
t 2411 9612 9584 2
t 2418 9613 9612 2
t 9584 9612 9613 2
t 2401 9611 9609 2
t 2418 9612 9611 2
t 2411 9609 9612 2
t 9611 9612 9609 2
t 611 9608 9600 2
t 2417 9614 9608 2
t 2416 9600 9614 2
t 9608 9614 9600 2
t 612 9613 9605 2
t 2418 9615 9613 2
t 2417 9605 9615 2
t 9613 9615 9605 2
t 609 9603 9610 2
t 2416 9616 9603 2
t 2418 9610 9616 2
t 9603 9616 9610 2
t 2417 9615 9614 2
t 2418 9616 9615 2
t 2416 9614 9616 2
t 9615 9616 9614 2
t 9 5903 7777 2
t 1499 9617 5903 2
t 1979 7777 9617 2
t 5903 9617 7777 2
t 389 9618 5907 2
t 2419 9619 9618 2
t 1499 5907 9619 2
t 9618 9619 5907 2
t 514 7781 9621 2
t 1979 9620 7781 2
t 2419 9621 9620 2
t 7781 9620 9621 2
t 1499 9619 9617 2
t 2419 9620 9619 2
t 1979 9617 9620 2
t 9619 9620 9617 2
t 107 9622 5919 2
t 2420 9623 9622 2
t 1503 5919 9623 2
t 9622 9623 5919 2
t 614 9624 9626 2
t 2421 9625 9624 2
t 2420 9626 9625 2
t 9624 9625 9626 2
t 389 5924 9628 2
t 1503 9627 5924 2
t 2421 9628 9627 2
t 5924 9627 9628 2
t 2420 9625 9623 2
t 2421 9627 9625 2
t 1503 9623 9627 2
t 9625 9627 9623 2
t 140 7786 9630 2
t 1983 9629 7786 2
t 2423 9630 9629 2
t 7786 9629 9630 2
t 514 9631 7790 2
t 2422 9632 9631 2
t 1983 7790 9632 2
t 9631 9632 7790 2
t 614 9633 9635 2
t 2423 9634 9633 2
t 2422 9635 9634 2
t 9633 9634 9635 2
t 1983 9632 9629 2
t 2422 9634 9632 2
t 2423 9629 9634 2
t 9632 9634 9629 2
t 389 9628 9618 2
t 2421 9636 9628 2
t 2419 9618 9636 2
t 9628 9636 9618 2
t 614 9635 9624 2
t 2422 9637 9635 2
t 2421 9624 9637 2
t 9635 9637 9624 2
t 514 9621 9631 2
t 2419 9638 9621 2
t 2422 9631 9638 2
t 9621 9638 9631 2
t 2421 9637 9636 2
t 2422 9638 9637 2
t 2419 9636 9638 2
t 9637 9638 9636 2
t 31 9639 5961 0
t 2424 9640 9639 0
t 1515 5961 9640 0
t 9639 9640 5961 0
t 615 9641 9643 2
t 2425 9642 9641 0
t 2424 9643 9642 0
t 9641 9642 9643 2
t 393 5966 9645 0
t 1515 9644 5966 0
t 2425 9645 9644 0
t 5966 9644 9645 0
t 2424 9642 9640 0
t 2425 9644 9642 0
t 1515 9640 9644 0
t 9642 9644 9640 0
t 160 9646 9648 2
t 2426 9647 9646 2
t 2428 9648 9647 2
t 9646 9647 9648 2
t 616 9649 9651 2
t 2427 9650 9649 2
t 2426 9651 9650 2
t 9649 9650 9651 2
t 615 9652 9654 2
t 2428 9653 9652 2
t 2427 9654 9653 2
t 9652 9653 9654 2
t 2426 9650 9647 2
t 2427 9653 9650 2
t 2428 9647 9653 2
t 9650 9653 9647 2
t 107 5972 9656 2
t 1520 9655 5972 2
t 2430 9656 9655 2
t 5972 9655 9656 2
t 393 9657 5976 2
t 2429 9658 9657 2
t 1520 5976 9658 2
t 9657 9658 5976 2
t 616 9659 9661 2
t 2430 9660 9659 2
t 2429 9661 9660 2
t 9659 9660 9661 2
t 1520 9658 9655 2
t 2429 9660 9658 2
t 2430 9655 9660 2
t 9658 9660 9655 2
t 615 9654 9641 2
t 2427 9662 9654 2
t 2425 9641 9662 2
t 9654 9662 9641 2
t 616 9661 9649 2
t 2429 9663 9661 2
t 2427 9649 9663 2
t 9661 9663 9649 2
t 393 9645 9657 2
t 2425 9664 9645 0
t 2429 9657 9664 2
t 9645 9664 9657 2
t 2427 9663 9662 2
t 2429 9664 9663 2
t 2425 9662 9664 2
t 9663 9664 9662 2
t 42 7805 9666 2
t 1988 9665 7805 2
t 2432 9666 9665 2
t 7805 9665 9666 2
t 518 9667 7809 2
t 2431 9668 9667 2
t 1988 7809 9668 2
t 9667 9668 7809 2
t 618 9669 9671 2
t 2432 9670 9669 2
t 2431 9671 9670 2
t 9669 9670 9671 2
t 1988 9668 9665 2
t 2431 9670 9668 2
t 2432 9665 9670 2
t 9668 9670 9665 2
t 140 9672 7821 2
t 2433 9673 9672 2
t 1992 7821 9673 2
t 9672 9673 7821 2
t 617 9674 9676 2
t 2434 9675 9674 2
t 2433 9676 9675 2
t 9674 9675 9676 2
t 518 7826 9678 2
t 1992 9677 7826 2
t 2434 9678 9677 2
t 7826 9677 9678 2
t 2433 9675 9673 2
t 2434 9677 9675 2
t 1992 9673 9677 2
t 9675 9677 9673 2
t 160 9679 9681 2
t 2435 9680 9679 2
t 2437 9681 9680 2
t 9679 9680 9681 2
t 618 9682 9684 2
t 2436 9683 9682 2
t 2435 9684 9683 2
t 9682 9683 9684 2
t 617 9685 9687 2
t 2437 9686 9685 2
t 2436 9687 9686 2
t 9685 9686 9687 2
t 2435 9683 9680 2
t 2436 9686 9683 2
t 2437 9680 9686 2
t 9683 9686 9680 2
t 518 9678 9667 2
t 2434 9688 9678 2
t 2431 9667 9688 2
t 9678 9688 9667 2
t 617 9687 9674 2
t 2436 9689 9687 2
t 2434 9674 9689 2
t 9687 9689 9674 2
t 618 9671 9682 2
t 2431 9690 9671 2
t 2436 9682 9690 2
t 9671 9690 9682 2
t 2434 9689 9688 2
t 2436 9690 9689 2
t 2431 9688 9690 2
t 9689 9690 9688 2
t 107 9656 9622 2
t 2430 9691 9656 2
t 2420 9622 9691 2
t 9656 9691 9622 2
t 616 9692 9659 2
t 2438 9693 9692 2
t 2430 9659 9693 2
t 9692 9693 9659 2
t 614 9626 9695 2
t 2420 9694 9626 2
t 2438 9695 9694 2
t 9626 9694 9695 2
t 2430 9693 9691 2
t 2438 9694 9693 2
t 2420 9691 9694 2
t 9693 9694 9691 2
t 160 9681 9646 2
t 2437 9696 9681 2
t 2426 9646 9696 2
t 9681 9696 9646 2
t 617 9697 9685 2
t 2439 9698 9697 2
t 2437 9685 9698 2
t 9697 9698 9685 2
t 616 9651 9700 2
t 2426 9699 9651 2
t 2439 9700 9699 2
t 9651 9699 9700 2
t 2437 9698 9696 2
t 2439 9699 9698 2
t 2426 9696 9699 2
t 9698 9699 9696 2
t 140 9630 9672 2
t 2423 9701 9630 2
t 2433 9672 9701 2
t 9630 9701 9672 2
t 614 9702 9633 2
t 2440 9703 9702 2
t 2423 9633 9703 2
t 9702 9703 9633 2
t 617 9676 9705 2
t 2433 9704 9676 2
t 2440 9705 9704 2
t 9676 9704 9705 2
t 2423 9703 9701 2
t 2440 9704 9703 2
t 2433 9701 9704 2
t 9703 9704 9701 2
t 616 9700 9692 2
t 2439 9706 9700 2
t 2438 9692 9706 2
t 9700 9706 9692 2
t 617 9705 9697 2
t 2440 9707 9705 2
t 2439 9697 9707 2
t 9705 9707 9697 2
t 614 9695 9702 2
t 2438 9708 9695 2
t 2440 9702 9708 2
t 9695 9708 9702 2
t 2439 9707 9706 2
t 2440 9708 9707 2
t 2438 9706 9708 2
t 9707 9708 9706 2
t 10 6094 5801 2
t 1546 9709 6094 2
t 1471 5801 9709 2
t 6094 9709 5801 2
t 400 9710 6097 2
t 2441 9711 9710 2
t 1546 6097 9711 2
t 9710 9711 6097 2
t 380 5805 9713 0
t 1471 9712 5805 2
t 2441 9713 9712 2
t 5805 9712 9713 2
t 1546 9711 9709 2
t 2441 9712 9711 2
t 1471 9709 9712 2
t 9711 9712 9709 2
t 109 9714 6107 2
t 2442 9715 9714 2
t 1549 6107 9715 2
t 9714 9715 6107 2
t 619 9716 9718 2
t 2443 9717 9716 2
t 2442 9718 9717 2
t 9716 9717 9718 2
t 400 6112 9720 2
t 1549 9719 6112 2
t 2443 9720 9719 2
t 6112 9719 9720 2
t 2442 9717 9715 2
t 2443 9719 9717 2
t 1549 9715 9719 2
t 9717 9719 9715 2
t 103 5810 9722 0
t 1475 9721 5810 0
t 2445 9722 9721 0
t 5810 9721 9722 0
t 380 9723 5814 0
t 2444 9724 9723 0
t 1475 5814 9724 0
t 9723 9724 5814 0
t 619 9725 9727 2
t 2445 9726 9725 0
t 2444 9727 9726 0
t 9725 9726 9727 0
t 1475 9724 9721 0
t 2444 9726 9724 0
t 2445 9721 9726 0
t 9724 9726 9721 0
t 400 9720 9710 2
t 2443 9728 9720 2
t 2441 9710 9728 2
t 9720 9728 9710 2
t 619 9727 9716 2
t 2444 9729 9727 0
t 2443 9716 9729 2
t 9727 9729 9716 2
t 380 9713 9723 0
t 2441 9730 9713 2
t 2444 9723 9730 0
t 9713 9730 9723 0
t 2443 9729 9728 2
t 2444 9730 9729 0
t 2441 9728 9730 2
t 9729 9730 9728 2
t 34 9731 6145 2
t 2446 9732 9731 2
t 1559 6145 9732 2
t 9731 9732 6145 2
t 620 9733 9735 2
t 2447 9734 9733 2
t 2446 9735 9734 2
t 9733 9734 9735 2
t 403 6150 9737 2
t 1559 9736 6150 2
t 2447 9737 9736 2
t 6150 9736 9737 2
t 2446 9734 9732 2
t 2447 9736 9734 2
t 1559 9732 9736 2
t 9734 9736 9732 2
t 161 9738 9740 2
t 2448 9739 9738 2
t 2450 9740 9739 2
t 9738 9739 9740 2
t 621 9741 9743 2
t 2449 9742 9741 2
t 2448 9743 9742 2
t 9741 9742 9743 2
t 620 9744 9746 2
t 2450 9745 9744 2
t 2449 9746 9745 2
t 9744 9745 9746 2
t 2448 9742 9739 2
t 2449 9745 9742 2
t 2450 9739 9745 2
t 9742 9745 9739 2
t 109 6156 9748 2
t 1564 9747 6156 2
t 2452 9748 9747 2
t 6156 9747 9748 2
t 403 9749 6160 2
t 2451 9750 9749 2
t 1564 6160 9750 2
t 9749 9750 6160 2
t 621 9751 9753 2
t 2452 9752 9751 2
t 2451 9753 9752 2
t 9751 9752 9753 2
t 1564 9750 9747 2
t 2451 9752 9750 2
t 2452 9747 9752 2
t 9750 9752 9747 2
t 620 9746 9733 2
t 2449 9754 9746 2
t 2447 9733 9754 2
t 9746 9754 9733 2
t 621 9753 9741 2
t 2451 9755 9753 2
t 2449 9741 9755 2
t 9753 9755 9741 2
t 403 9737 9749 2
t 2447 9756 9737 2
t 2451 9749 9756 2
t 9737 9756 9749 2
t 2449 9755 9754 2
t 2451 9756 9755 2
t 2447 9754 9756 2
t 9755 9756 9754 2
t 31 5829 9758 0
t 1480 9757 5829 2
t 2454 9758 9757 2
t 5829 9757 9758 2
t 384 9759 5833 2
t 2453 9760 9759 2
t 1480 5833 9760 2
t 9759 9760 5833 2
t 623 9761 9763 2
t 2454 9762 9761 2
t 2453 9763 9762 2
t 9761 9762 9763 2
t 1480 9760 9757 2
t 2453 9762 9760 2
t 2454 9757 9762 2
t 9760 9762 9757 2
t 103 9764 5845 0
t 2455 9765 9764 0
t 1484 5845 9765 0
t 9764 9765 5845 0
t 622 9766 9768 2
t 2456 9767 9766 2
t 2455 9768 9767 0
t 9766 9767 9768 0
t 384 5850 9770 2
t 1484 9769 5850 0
t 2456 9770 9769 2
t 5850 9769 9770 0
t 2455 9767 9765 0
t 2456 9769 9767 0
t 1484 9765 9769 0
t 9767 9769 9765 0
t 161 9771 9773 2
t 2457 9772 9771 2
t 2459 9773 9772 2
t 9771 9772 9773 2
t 623 9774 9776 2
t 2458 9775 9774 2
t 2457 9776 9775 2
t 9774 9775 9776 2
t 622 9777 9779 2
t 2459 9778 9777 2
t 2458 9779 9778 2
t 9777 9778 9779 2
t 2457 9775 9772 2
t 2458 9778 9775 2
t 2459 9772 9778 2
t 9775 9778 9772 2
t 384 9770 9759 2
t 2456 9780 9770 2
t 2453 9759 9780 2
t 9770 9780 9759 2
t 622 9779 9766 2
t 2458 9781 9779 2
t 2456 9766 9781 2
t 9779 9781 9766 2
t 623 9763 9774 2
t 2453 9782 9763 2
t 2458 9774 9782 2
t 9763 9782 9774 2
t 2456 9781 9780 2
t 2458 9782 9781 2
t 2453 9780 9782 2
t 9781 9782 9780 2
t 109 9748 9714 2
t 2452 9783 9748 2
t 2442 9714 9783 2
t 9748 9783 9714 2
t 621 9784 9751 2
t 2460 9785 9784 2
t 2452 9751 9785 2
t 9784 9785 9751 2
t 619 9718 9787 2
t 2442 9786 9718 2
t 2460 9787 9786 2
t 9718 9786 9787 2
t 2452 9785 9783 2
t 2460 9786 9785 2
t 2442 9783 9786 2
t 9785 9786 9783 2
t 161 9773 9738 2
t 2459 9788 9773 2
t 2448 9738 9788 2
t 9773 9788 9738 2
t 622 9789 9777 2
t 2461 9790 9789 2
t 2459 9777 9790 2
t 9789 9790 9777 2
t 621 9743 9792 2
t 2448 9791 9743 2
t 2461 9792 9791 2
t 9743 9791 9792 2
t 2459 9790 9788 2
t 2461 9791 9790 2
t 2448 9788 9791 2
t 9790 9791 9788 2
t 103 9722 9764 0
t 2445 9793 9722 0
t 2455 9764 9793 0
t 9722 9793 9764 0
t 619 9794 9725 2
t 2462 9795 9794 2
t 2445 9725 9795 0
t 9794 9795 9725 0
t 622 9768 9797 2
t 2455 9796 9768 0
t 2462 9797 9796 2
t 9768 9796 9797 0
t 2445 9795 9793 0
t 2462 9796 9795 0
t 2455 9793 9796 0
t 9795 9796 9793 0
t 621 9792 9784 2
t 2461 9798 9792 2
t 2460 9784 9798 2
t 9792 9798 9784 2
t 622 9797 9789 2
t 2462 9799 9797 2
t 2461 9789 9799 2
t 9797 9799 9789 2
t 619 9787 9794 2
t 2460 9800 9787 2
t 2462 9794 9800 2
t 9787 9800 9794 2
t 2461 9799 9798 2
t 2462 9800 9799 2
t 2460 9798 9800 2
t 9799 9800 9798 2
t 42 9666 9547 2
t 2432 9801 9666 2
t 2402 9547 9801 2
t 9666 9801 9547 2
t 618 9802 9669 2
t 2463 9803 9802 2
t 2432 9669 9803 2
t 9802 9803 9669 2
t 610 9551 9805 2
t 2402 9804 9551 2
t 2463 9805 9804 2
t 9551 9804 9805 2
t 2432 9803 9801 2
t 2463 9804 9803 2
t 2402 9801 9804 2
t 9803 9804 9801 2
t 160 9806 9679 2
t 2464 9807 9806 2
t 2435 9679 9807 2
t 9806 9807 9679 2
t 624 9808 9810 2
t 2465 9809 9808 2
t 2464 9810 9809 2
t 9808 9809 9810 2
t 618 9684 9812 2
t 2435 9811 9684 2
t 2465 9812 9811 2
t 9684 9811 9812 2
t 2464 9809 9807 2
t 2465 9811 9809 2
t 2435 9807 9811 2
t 9809 9811 9807 2
t 159 9556 9814 2
t 2406 9813 9556 2
t 2467 9814 9813 0
t 9556 9813 9814 2
t 610 9815 9560 2
t 2466 9816 9815 2
t 2406 9560 9816 2
t 9815 9816 9560 2
t 624 9817 9819 2
t 2467 9818 9817 0
t 2466 9819 9818 2
t 9817 9818 9819 2
t 2406 9816 9813 2
t 2466 9818 9816 2
t 2467 9813 9818 2
t 9816 9818 9813 2
t 618 9812 9802 2
t 2465 9820 9812 2
t 2463 9802 9820 2
t 9812 9820 9802 2
t 624 9819 9808 2
t 2466 9821 9819 2
t 2465 9808 9821 2
t 9819 9821 9808 2
t 610 9805 9815 2
t 2463 9822 9805 2
t 2466 9815 9822 2
t 9805 9822 9815 2
t 2465 9821 9820 2
t 2466 9822 9821 2
t 2463 9820 9822 2
t 9821 9822 9820 2
t 31 9758 9639 0
t 2454 9823 9758 0
t 2424 9639 9823 0
t 9758 9823 9639 0
t 623 9824 9761 2
t 2468 9825 9824 2
t 2454 9761 9825 2
t 9824 9825 9761 2
t 615 9643 9827 2
t 2424 9826 9643 2
t 2468 9827 9826 2
t 9643 9826 9827 2
t 2454 9825 9823 2
t 2468 9826 9825 2
t 2424 9823 9826 0
t 9825 9826 9823 2
t 161 9828 9771 2
t 2469 9829 9828 2
t 2457 9771 9829 2
t 9828 9829 9771 2
t 625 9830 9832 2
t 2470 9831 9830 2
t 2469 9832 9831 2
t 9830 9831 9832 2
t 623 9776 9834 2
t 2457 9833 9776 2
t 2470 9834 9833 2
t 9776 9833 9834 2
t 2469 9831 9829 2
t 2470 9833 9831 2
t 2457 9829 9833 2
t 9831 9833 9829 2
t 160 9648 9836 2
t 2428 9835 9648 2
t 2472 9836 9835 2
t 9648 9835 9836 2
t 615 9837 9652 2
t 2471 9838 9837 2
t 2428 9652 9838 2
t 9837 9838 9652 2
t 625 9839 9841 2
t 2472 9840 9839 2
t 2471 9841 9840 2
t 9839 9840 9841 2
t 2428 9838 9835 2
t 2471 9840 9838 2
t 2472 9835 9840 2
t 9838 9840 9835 2
t 623 9834 9824 2
t 2470 9842 9834 2
t 2468 9824 9842 2
t 9834 9842 9824 2
t 625 9841 9830 2
t 2471 9843 9841 2
t 2470 9830 9843 2
t 9841 9843 9830 2
t 615 9827 9837 2
t 2468 9844 9827 2
t 2471 9837 9844 2
t 9827 9844 9837 2
t 2470 9843 9842 2
t 2471 9844 9843 2
t 2468 9842 9844 2
t 9843 9844 9842 2
t 34 9574 9731 2
t 2410 9845 9574 2
t 2446 9731 9845 2
t 9574 9845 9731 2
t 613 9846 9577 2
t 2473 9847 9846 2
t 2410 9577 9847 2
t 9846 9847 9577 2
t 620 9735 9849 2
t 2446 9848 9735 2
t 2473 9849 9848 2
t 9735 9848 9849 2
t 2410 9847 9845 2
t 2473 9848 9847 2
t 2446 9845 9848 2
t 9847 9848 9845 2
t 159 9850 9587 2
t 2474 9851 9850 0
t 2413 9587 9851 2
t 9850 9851 9587 2
t 626 9852 9854 0
t 2475 9853 9852 2
t 2474 9854 9853 0
t 9852 9853 9854 0
t 613 9592 9856 2
t 2413 9855 9592 2
t 2475 9856 9855 2
t 9592 9855 9856 2
t 2474 9853 9851 2
t 2475 9855 9853 2
t 2413 9851 9855 2
t 9853 9855 9851 2
t 161 9740 9858 2
t 2450 9857 9740 2
t 2477 9858 9857 2
t 9740 9857 9858 2
t 620 9859 9744 2
t 2476 9860 9859 2
t 2450 9744 9860 2
t 9859 9860 9744 2
t 626 9861 9863 2
t 2477 9862 9861 2
t 2476 9863 9862 2
t 9861 9862 9863 2
t 2450 9860 9857 2
t 2476 9862 9860 2
t 2477 9857 9862 2
t 9860 9862 9857 2
t 613 9856 9846 2
t 2475 9864 9856 2
t 2473 9846 9864 2
t 9856 9864 9846 2
t 626 9863 9852 2
t 2476 9865 9863 2
t 2475 9852 9865 2
t 9863 9865 9852 2
t 620 9849 9859 2
t 2473 9866 9849 2
t 2476 9859 9866 2
t 9849 9866 9859 2
t 2475 9865 9864 2
t 2476 9866 9865 2
t 2473 9864 9866 2
t 9865 9866 9864 2
t 160 9836 9806 2
t 2472 9867 9836 2
t 2464 9806 9867 2
t 9836 9867 9806 2
t 625 9868 9839 2
t 2478 9869 9868 2
t 2472 9839 9869 2
t 9868 9869 9839 2
t 624 9810 9871 2
t 2464 9870 9810 2
t 2478 9871 9870 2
t 9810 9870 9871 2
t 2472 9869 9867 2
t 2478 9870 9869 2
t 2464 9867 9870 2
t 9869 9870 9867 2
t 161 9858 9828 2
t 2477 9872 9858 2
t 2469 9828 9872 2
t 9858 9872 9828 2
t 626 9873 9861 2
t 2479 9874 9873 2
t 2477 9861 9874 2
t 9873 9874 9861 2
t 625 9832 9876 2
t 2469 9875 9832 2
t 2479 9876 9875 2
t 9832 9875 9876 2
t 2477 9874 9872 2
t 2479 9875 9874 2
t 2469 9872 9875 2
t 9874 9875 9872 2
t 159 9814 9850 0
t 2467 9877 9814 0
t 2474 9850 9877 0
t 9814 9877 9850 0
t 624 9878 9817 0
t 2480 9879 9878 0
t 2467 9817 9879 0
t 9878 9879 9817 0
t 626 9854 9881 0
t 2474 9880 9854 0
t 2480 9881 9880 0
t 9854 9880 9881 0
t 2467 9879 9877 0
t 2480 9880 9879 0
t 2474 9877 9880 0
t 9879 9880 9877 0
t 625 9876 9868 2
t 2479 9882 9876 2
t 2478 9868 9882 2
t 9876 9882 9868 2
t 626 9881 9873 0
t 2480 9883 9881 0
t 2479 9873 9883 2
t 9881 9883 9873 0
t 624 9871 9878 0
t 2478 9884 9871 0
t 2480 9878 9884 0
t 9871 9884 9878 0
t 2479 9883 9882 2
t 2480 9884 9883 0
t 2478 9882 9884 0
t 9883 9884 9882 0
t 12 8262 4725 2
t 2102 9885 8262 2
t 1197 4725 9885 2
t 8262 9885 4725 2
t 546 9886 8265 2
t 2481 9887 9886 2
t 2102 8265 9887 2
t 9886 9887 8265 2
t 309 4730 9889 2
t 1197 9888 4730 2
t 2481 9889 9888 2
t 4730 9888 9889 2
t 2102 9887 9885 2
t 2481 9888 9887 2
t 1197 9885 9888 2
t 9887 9888 9885 2
t 149 9890 8275 2
t 2482 9891 9890 2
t 2105 8275 9891 2
t 9890 9891 8275 2
t 627 9892 9894 2
t 2483 9893 9892 2
t 2482 9894 9893 2
t 9892 9893 9894 2
t 546 8280 9896 2
t 2105 9895 8280 2
t 2483 9896 9895 2
t 8280 9895 9896 2
t 2482 9893 9891 2
t 2483 9895 9893 2
t 2105 9891 9895 2
t 9893 9895 9891 2
t 84 4736 9898 2
t 1202 9897 4736 2
t 2485 9898 9897 2
t 4736 9897 9898 2
t 309 9899 4740 2
t 2484 9900 9899 2
t 1202 4740 9900 2
t 9899 9900 4740 2
t 627 9901 9903 2
t 2485 9902 9901 2
t 2484 9903 9902 2
t 9901 9902 9903 2
t 1202 9900 9897 2
t 2484 9902 9900 2
t 2485 9897 9902 2
t 9900 9902 9897 2
t 546 9896 9886 2
t 2483 9904 9896 2
t 2481 9886 9904 2
t 9896 9904 9886 2
t 627 9903 9892 2
t 2484 9905 9903 2
t 2483 9892 9905 2
t 9903 9905 9892 2
t 309 9889 9899 2
t 2481 9906 9889 2
t 2484 9899 9906 2
t 9889 9906 9899 2
t 2483 9905 9904 2
t 2484 9906 9905 2
t 2481 9904 9906 2
t 9905 9906 9904 2
t 44 9907 8313 2
t 2486 9908 9907 2
t 2115 8313 9908 2
t 9907 9908 8313 2
t 628 9909 9911 2
t 2487 9910 9909 2
t 2486 9911 9910 2
t 9909 9910 9911 2
t 549 8318 9913 2
t 2115 9912 8318 2
t 2487 9913 9912 2
t 8318 9912 9913 2
t 2486 9910 9908 2
t 2487 9912 9910 2
t 2115 9908 9912 2
t 9910 9912 9908 2
t 162 9914 9916 2
t 2488 9915 9914 2
t 2490 9916 9915 2
t 9914 9915 9916 2
t 629 9917 9919 2
t 2489 9918 9917 2
t 2488 9919 9918 2
t 9917 9918 9919 2
t 628 9920 9922 2
t 2490 9921 9920 2
t 2489 9922 9921 2
t 9920 9921 9922 2
t 2488 9918 9915 2
t 2489 9921 9918 2
t 2490 9915 9921 2
t 9918 9921 9915 2
t 149 8324 9924 2
t 2120 9923 8324 2
t 2492 9924 9923 2
t 8324 9923 9924 2
t 549 9925 8328 2
t 2491 9926 9925 2
t 2120 8328 9926 2
t 9925 9926 8328 2
t 629 9927 9929 2
t 2492 9928 9927 2
t 2491 9929 9928 2
t 9927 9928 9929 2
t 2120 9926 9923 2
t 2491 9928 9926 2
t 2492 9923 9928 2
t 9926 9928 9923 2
t 628 9922 9909 2
t 2489 9930 9922 2
t 2487 9909 9930 2
t 9922 9930 9909 2
t 629 9929 9917 2
t 2491 9931 9929 2
t 2489 9917 9931 2
t 9929 9931 9917 2
t 549 9913 9925 2
t 2487 9932 9913 2
t 2491 9925 9932 2
t 9913 9932 9925 2
t 2489 9931 9930 2
t 2491 9932 9931 2
t 2487 9930 9932 2
t 9931 9932 9930 2
t 26 4757 9934 2
t 1208 9933 4757 2
t 2494 9934 9933 2
t 4757 9933 9934 2
t 314 9935 4761 2
t 2493 9936 9935 2
t 1208 4761 9936 2
t 9935 9936 4761 2
t 631 9937 9939 2
t 2494 9938 9937 2
t 2493 9939 9938 2
t 9937 9938 9939 2
t 1208 9936 9933 2
t 2493 9938 9936 2
t 2494 9933 9938 2
t 9936 9938 9933 2
t 84 9940 4773 2
t 2495 9941 9940 2
t 1212 4773 9941 2
t 9940 9941 4773 2
t 630 9942 9944 2
t 2496 9943 9942 2
t 2495 9944 9943 2
t 9942 9943 9944 2
t 314 4778 9946 2
t 1212 9945 4778 2
t 2496 9946 9945 2
t 4778 9945 9946 2
t 2495 9943 9941 2
t 2496 9945 9943 2
t 1212 9941 9945 2
t 9943 9945 9941 2
t 162 9947 9949 2
t 2497 9948 9947 2
t 2499 9949 9948 2
t 9947 9948 9949 2
t 631 9950 9952 2
t 2498 9951 9950 2
t 2497 9952 9951 2
t 9950 9951 9952 2
t 630 9953 9955 2
t 2499 9954 9953 2
t 2498 9955 9954 2
t 9953 9954 9955 2
t 2497 9951 9948 2
t 2498 9954 9951 2
t 2499 9948 9954 2
t 9951 9954 9948 2
t 314 9946 9935 2
t 2496 9956 9946 2
t 2493 9935 9956 2
t 9946 9956 9935 2
t 630 9955 9942 2
t 2498 9957 9955 2
t 2496 9942 9957 2
t 9955 9957 9942 2
t 631 9939 9950 2
t 2493 9958 9939 2
t 2498 9950 9958 2
t 9939 9958 9950 2
t 2496 9957 9956 2
t 2498 9958 9957 2
t 2493 9956 9958 2
t 9957 9958 9956 2
t 149 9924 9890 2
t 2492 9959 9924 2
t 2482 9890 9959 2
t 9924 9959 9890 2
t 629 9960 9927 2
t 2500 9961 9960 2
t 2492 9927 9961 2
t 9960 9961 9927 2
t 627 9894 9963 2
t 2482 9962 9894 2
t 2500 9963 9962 2
t 9894 9962 9963 2
t 2492 9961 9959 2
t 2500 9962 9961 2
t 2482 9959 9962 2
t 9961 9962 9959 2
t 162 9949 9914 2
t 2499 9964 9949 2
t 2488 9914 9964 2
t 9949 9964 9914 2
t 630 9965 9953 2
t 2501 9966 9965 2
t 2499 9953 9966 2
t 9965 9966 9953 2
t 629 9919 9968 2
t 2488 9967 9919 2
t 2501 9968 9967 2
t 9919 9967 9968 2
t 2499 9966 9964 2
t 2501 9967 9966 2
t 2488 9964 9967 2
t 9966 9967 9964 2
t 84 9898 9940 2
t 2485 9969 9898 2
t 2495 9940 9969 2
t 9898 9969 9940 2
t 627 9970 9901 2
t 2502 9971 9970 2
t 2485 9901 9971 2
t 9970 9971 9901 2
t 630 9944 9973 2
t 2495 9972 9944 2
t 2502 9973 9972 2
t 9944 9972 9973 2
t 2485 9971 9969 2
t 2502 9972 9971 2
t 2495 9969 9972 2
t 9971 9972 9969 2
t 629 9968 9960 2
t 2501 9974 9968 2
t 2500 9960 9974 2
t 9968 9974 9960 2
t 630 9973 9965 2
t 2502 9975 9973 2
t 2501 9965 9975 2
t 9973 9975 9965 2
t 627 9963 9970 2
t 2500 9976 9963 2
t 2502 9970 9976 2
t 9963 9976 9970 2
t 2501 9975 9974 2
t 2502 9976 9975 2
t 2500 9974 9976 2
t 9975 9976 9974 2
t 11 6295 8161 2
t 1599 9977 6295 2
t 2075 8161 9977 2
t 6295 9977 8161 2
t 415 9978 6299 2
t 2503 9979 9978 2
t 1599 6299 9979 2
t 9978 9979 6299 2
t 538 8165 9981 2
t 2075 9980 8165 2
t 2503 9981 9980 2
t 8165 9980 9981 2
t 1599 9979 9977 2
t 2503 9980 9979 2
t 2075 9977 9980 2
t 9979 9980 9977 2
t 114 9982 6311 2
t 2504 9983 9982 2
t 1603 6311 9983 2
t 9982 9983 6311 2
t 632 9984 9986 2
t 2505 9985 9984 2
t 2504 9986 9985 2
t 9984 9985 9986 2
t 415 6316 9988 2
t 1603 9987 6316 2
t 2505 9988 9987 2
t 6316 9987 9988 2
t 2504 9985 9983 2
t 2505 9987 9985 2
t 1603 9983 9987 2
t 9985 9987 9983 2
t 146 8170 9990 2
t 2079 9989 8170 2
t 2507 9990 9989 2
t 8170 9989 9990 2
t 538 9991 8174 2
t 2506 9992 9991 2
t 2079 8174 9992 2
t 9991 9992 8174 2
t 632 9993 9995 2
t 2507 9994 9993 2
t 2506 9995 9994 2
t 9993 9994 9995 2
t 2079 9992 9989 2
t 2506 9994 9992 2
t 2507 9989 9994 2
t 9992 9994 9989 2
t 415 9988 9978 2
t 2505 9996 9988 2
t 2503 9978 9996 2
t 9988 9996 9978 2
t 632 9995 9984 2
t 2506 9997 9995 2
t 2505 9984 9997 2
t 9995 9997 9984 2
t 538 9981 9991 2
t 2503 9998 9981 2
t 2506 9991 9998 2
t 9981 9998 9991 2
t 2505 9997 9996 2
t 2506 9998 9997 2
t 2503 9996 9998 2
t 9997 9998 9996 2
t 33 9999 6353 2
t 2508 10000 9999 2
t 1615 6353 10000 2
t 9999 10000 6353 2
t 633 10001 10003 2
t 2509 10002 10001 2
t 2508 10003 10002 2
t 10001 10002 10003 2
t 419 6358 10005 2
t 1615 10004 6358 2
t 2509 10005 10004 2
t 6358 10004 10005 2
t 2508 10002 10000 2
t 2509 10004 10002 2
t 1615 10000 10004 2
t 10002 10004 10000 2
t 163 10006 10008 2
t 2510 10007 10006 2
t 2512 10008 10007 2
t 10006 10007 10008 2
t 634 10009 10011 2
t 2511 10010 10009 2
t 2510 10011 10010 2
t 10009 10010 10011 2
t 633 10012 10014 2
t 2512 10013 10012 2
t 2511 10014 10013 2
t 10012 10013 10014 2
t 2510 10010 10007 2
t 2511 10013 10010 2
t 2512 10007 10013 2
t 10010 10013 10007 2
t 114 6364 10016 2
t 1620 10015 6364 2
t 2514 10016 10015 2
t 6364 10015 10016 2
t 419 10017 6368 2
t 2513 10018 10017 2
t 1620 6368 10018 2
t 10017 10018 6368 2
t 634 10019 10021 2
t 2514 10020 10019 2
t 2513 10021 10020 2
t 10019 10020 10021 2
t 1620 10018 10015 2
t 2513 10020 10018 2
t 2514 10015 10020 2
t 10018 10020 10015 2
t 633 10014 10001 2
t 2511 10022 10014 2
t 2509 10001 10022 2
t 10014 10022 10001 2
t 634 10021 10009 2
t 2513 10023 10021 2
t 2511 10009 10023 2
t 10021 10023 10009 2
t 419 10005 10017 2
t 2509 10024 10005 2
t 2513 10017 10024 2
t 10005 10024 10017 2
t 2511 10023 10022 2
t 2513 10024 10023 2
t 2509 10022 10024 2
t 10023 10024 10022 2
t 44 8189 10026 2
t 2084 10025 8189 2
t 2516 10026 10025 2
t 8189 10025 10026 2
t 542 10027 8193 2
t 2515 10028 10027 2
t 2084 8193 10028 2
t 10027 10028 8193 2
t 636 10029 10031 2
t 2516 10030 10029 2
t 2515 10031 10030 2
t 10029 10030 10031 2
t 2084 10028 10025 2
t 2515 10030 10028 2
t 2516 10025 10030 2
t 10028 10030 10025 2
t 146 10032 8205 2
t 2517 10033 10032 2
t 2088 8205 10033 2
t 10032 10033 8205 2
t 635 10034 10036 2
t 2518 10035 10034 2
t 2517 10036 10035 2
t 10034 10035 10036 2
t 542 8210 10038 2
t 2088 10037 8210 2
t 2518 10038 10037 2
t 8210 10037 10038 2
t 2517 10035 10033 2
t 2518 10037 10035 2
t 2088 10033 10037 2
t 10035 10037 10033 2
t 163 10039 10041 2
t 2519 10040 10039 2
t 2521 10041 10040 2
t 10039 10040 10041 2
t 636 10042 10044 2
t 2520 10043 10042 2
t 2519 10044 10043 2
t 10042 10043 10044 2
t 635 10045 10047 2
t 2521 10046 10045 2
t 2520 10047 10046 2
t 10045 10046 10047 2
t 2519 10043 10040 2
t 2520 10046 10043 2
t 2521 10040 10046 2
t 10043 10046 10040 2
t 542 10038 10027 2
t 2518 10048 10038 2
t 2515 10027 10048 2
t 10038 10048 10027 2
t 635 10047 10034 2
t 2520 10049 10047 2
t 2518 10034 10049 2
t 10047 10049 10034 2
t 636 10031 10042 2
t 2515 10050 10031 2
t 2520 10042 10050 2
t 10031 10050 10042 2
t 2518 10049 10048 2
t 2520 10050 10049 2
t 2515 10048 10050 2
t 10049 10050 10048 2
t 114 10016 9982 2
t 2514 10051 10016 2
t 2504 9982 10051 2
t 10016 10051 9982 2
t 634 10052 10019 2
t 2522 10053 10052 2
t 2514 10019 10053 2
t 10052 10053 10019 2
t 632 9986 10055 2
t 2504 10054 9986 2
t 2522 10055 10054 2
t 9986 10054 10055 2
t 2514 10053 10051 2
t 2522 10054 10053 2
t 2504 10051 10054 2
t 10053 10054 10051 2
t 163 10041 10006 2
t 2521 10056 10041 2
t 2510 10006 10056 2
t 10041 10056 10006 2
t 635 10057 10045 2
t 2523 10058 10057 2
t 2521 10045 10058 2
t 10057 10058 10045 2
t 634 10011 10060 2
t 2510 10059 10011 2
t 2523 10060 10059 2
t 10011 10059 10060 2
t 2521 10058 10056 2
t 2523 10059 10058 2
t 2510 10056 10059 2
t 10058 10059 10056 2
t 146 9990 10032 2
t 2507 10061 9990 2
t 2517 10032 10061 2
t 9990 10061 10032 2
t 632 10062 9993 2
t 2524 10063 10062 2
t 2507 9993 10063 2
t 10062 10063 9993 2
t 635 10036 10065 2
t 2517 10064 10036 2
t 2524 10065 10064 2
t 10036 10064 10065 2
t 2507 10063 10061 2
t 2524 10064 10063 2
t 2517 10061 10064 2
t 10063 10064 10061 2
t 634 10060 10052 2
t 2523 10066 10060 2
t 2522 10052 10066 2
t 10060 10066 10052 2
t 635 10065 10057 2
t 2524 10067 10065 2
t 2523 10057 10067 2
t 10065 10067 10057 2
t 632 10055 10062 2
t 2522 10068 10055 2
t 2524 10062 10068 2
t 10055 10068 10062 2
t 2523 10067 10066 2
t 2524 10068 10067 2
t 2522 10066 10068 2
t 10067 10068 10066 2
t 4 4526 6193 2
t 1146 10069 4526 2
t 1571 6193 10069 2
t 4526 10069 6193 2
t 296 10070 4529 2
t 2525 10071 10070 2
t 1146 4529 10071 2
t 10070 10071 4529 2
t 406 6197 10073 2
t 1571 10072 6197 2
t 2525 10073 10072 2
t 6197 10072 10073 2
t 1146 10071 10069 2
t 2525 10072 10071 2
t 1571 10069 10072 2
t 10071 10072 10069 2
t 81 10074 4539 2
t 2526 10075 10074 2
t 1149 4539 10075 2
t 10074 10075 4539 2
t 637 10076 10078 2
t 2527 10077 10076 2
t 2526 10078 10077 2
t 10076 10077 10078 2
t 296 4544 10080 2
t 1149 10079 4544 2
t 2527 10080 10079 2
t 4544 10079 10080 2
t 2526 10077 10075 2
t 2527 10079 10077 2
t 1149 10075 10079 2
t 10077 10079 10075 2
t 110 6202 10082 2
t 1575 10081 6202 2
t 2529 10082 10081 2
t 6202 10081 10082 2
t 406 10083 6206 2
t 2528 10084 10083 2
t 1575 6206 10084 2
t 10083 10084 6206 2
t 637 10085 10087 2
t 2529 10086 10085 2
t 2528 10087 10086 2
t 10085 10086 10087 2
t 1575 10084 10081 2
t 2528 10086 10084 2
t 2529 10081 10086 2
t 10084 10086 10081 2
t 296 10080 10070 2
t 2527 10088 10080 2
t 2525 10070 10088 2
t 10080 10088 10070 2
t 637 10087 10076 2
t 2528 10089 10087 2
t 2527 10076 10089 2
t 10087 10089 10076 2
t 406 10073 10083 2
t 2525 10090 10073 2
t 2528 10083 10090 2
t 10073 10090 10083 2
t 2527 10089 10088 2
t 2528 10090 10089 2
t 2525 10088 10090 2
t 10089 10090 10088 2
t 26 10091 4577 2
t 2530 10092 10091 2
t 1159 4577 10092 2
t 10091 10092 4577 2
t 638 10093 10095 2
t 2531 10094 10093 2
t 2530 10095 10094 2
t 10093 10094 10095 2
t 299 4582 10097 2
t 1159 10096 4582 2
t 2531 10097 10096 2
t 4582 10096 10097 2
t 2530 10094 10092 2
t 2531 10096 10094 2
t 1159 10092 10096 2
t 10094 10096 10092 2
t 164 10098 10100 2
t 2532 10099 10098 2
t 2534 10100 10099 2
t 10098 10099 10100 2
t 639 10101 10103 2
t 2533 10102 10101 2
t 2532 10103 10102 2
t 10101 10102 10103 2
t 638 10104 10106 2
t 2534 10105 10104 2
t 2533 10106 10105 2
t 10104 10105 10106 2
t 2532 10102 10099 2
t 2533 10105 10102 2
t 2534 10099 10105 2
t 10102 10105 10099 2
t 81 4588 10108 2
t 1164 10107 4588 2
t 2536 10108 10107 2
t 4588 10107 10108 2
t 299 10109 4592 2
t 2535 10110 10109 2
t 1164 4592 10110 2
t 10109 10110 4592 2
t 639 10111 10113 2
t 2536 10112 10111 2
t 2535 10113 10112 2
t 10111 10112 10113 2
t 1164 10110 10107 2
t 2535 10112 10110 2
t 2536 10107 10112 2
t 10110 10112 10107 2
t 638 10106 10093 2
t 2533 10114 10106 2
t 2531 10093 10114 2
t 10106 10114 10093 2
t 639 10113 10101 2
t 2535 10115 10113 2
t 2533 10101 10115 2
t 10113 10115 10101 2
t 299 10097 10109 2
t 2531 10116 10097 2
t 2535 10109 10116 2
t 10097 10116 10109 2
t 2533 10115 10114 2
t 2535 10116 10115 2
t 2531 10114 10116 2
t 10115 10116 10114 2
t 33 6221 10118 2
t 1580 10117 6221 2
t 2538 10118 10117 2
t 6221 10117 10118 2
t 410 10119 6225 2
t 2537 10120 10119 2
t 1580 6225 10120 2
t 10119 10120 6225 2
t 641 10121 10123 2
t 2538 10122 10121 2
t 2537 10123 10122 2
t 10121 10122 10123 2
t 1580 10120 10117 2
t 2537 10122 10120 2
t 2538 10117 10122 2
t 10120 10122 10117 2
t 110 10124 6237 2
t 2539 10125 10124 2
t 1584 6237 10125 2
t 10124 10125 6237 2
t 640 10126 10128 2
t 2540 10127 10126 2
t 2539 10128 10127 2
t 10126 10127 10128 2
t 410 6242 10130 2
t 1584 10129 6242 2
t 2540 10130 10129 2
t 6242 10129 10130 2
t 2539 10127 10125 2
t 2540 10129 10127 2
t 1584 10125 10129 2
t 10127 10129 10125 2
t 164 10131 10133 2
t 2541 10132 10131 2
t 2543 10133 10132 2
t 10131 10132 10133 2
t 641 10134 10136 2
t 2542 10135 10134 2
t 2541 10136 10135 2
t 10134 10135 10136 2
t 640 10137 10139 2
t 2543 10138 10137 2
t 2542 10139 10138 2
t 10137 10138 10139 2
t 2541 10135 10132 2
t 2542 10138 10135 2
t 2543 10132 10138 2
t 10135 10138 10132 2
t 410 10130 10119 2
t 2540 10140 10130 2
t 2537 10119 10140 2
t 10130 10140 10119 2
t 640 10139 10126 2
t 2542 10141 10139 2
t 2540 10126 10141 2
t 10139 10141 10126 2
t 641 10123 10134 2
t 2537 10142 10123 2
t 2542 10134 10142 2
t 10123 10142 10134 2
t 2540 10141 10140 2
t 2542 10142 10141 2
t 2537 10140 10142 2
t 10141 10142 10140 2
t 81 10108 10074 2
t 2536 10143 10108 2
t 2526 10074 10143 2
t 10108 10143 10074 2
t 639 10144 10111 2
t 2544 10145 10144 2
t 2536 10111 10145 2
t 10144 10145 10111 2
t 637 10078 10147 2
t 2526 10146 10078 2
t 2544 10147 10146 2
t 10078 10146 10147 2
t 2536 10145 10143 2
t 2544 10146 10145 2
t 2526 10143 10146 2
t 10145 10146 10143 2
t 164 10133 10098 2
t 2543 10148 10133 2
t 2532 10098 10148 2
t 10133 10148 10098 2
t 640 10149 10137 2
t 2545 10150 10149 2
t 2543 10137 10150 2
t 10149 10150 10137 2
t 639 10103 10152 2
t 2532 10151 10103 2
t 2545 10152 10151 2
t 10103 10151 10152 2
t 2543 10150 10148 2
t 2545 10151 10150 2
t 2532 10148 10151 2
t 10150 10151 10148 2
t 110 10082 10124 2
t 2529 10153 10082 2
t 2539 10124 10153 2
t 10082 10153 10124 2
t 637 10154 10085 2
t 2546 10155 10154 2
t 2529 10085 10155 2
t 10154 10155 10085 2
t 640 10128 10157 2
t 2539 10156 10128 2
t 2546 10157 10156 2
t 10128 10156 10157 2
t 2529 10155 10153 2
t 2546 10156 10155 2
t 2539 10153 10156 2
t 10155 10156 10153 2
t 639 10152 10144 2
t 2545 10158 10152 2
t 2544 10144 10158 2
t 10152 10158 10144 2
t 640 10157 10149 2
t 2546 10159 10157 2
t 2545 10149 10159 2
t 10157 10159 10149 2
t 637 10147 10154 2
t 2544 10160 10147 2
t 2546 10154 10160 2
t 10147 10160 10154 2
t 2545 10159 10158 2
t 2546 10160 10159 2
t 2544 10158 10160 2
t 10159 10160 10158 2
t 44 10026 9907 2
t 2516 10161 10026 2
t 2486 9907 10161 2
t 10026 10161 9907 2
t 636 10162 10029 2
t 2547 10163 10162 2
t 2516 10029 10163 2
t 10162 10163 10029 2
t 628 9911 10165 2
t 2486 10164 9911 2
t 2547 10165 10164 2
t 9911 10164 10165 2
t 2516 10163 10161 2
t 2547 10164 10163 2
t 2486 10161 10164 2
t 10163 10164 10161 2
t 163 10166 10039 2
t 2548 10167 10166 2
t 2519 10039 10167 2
t 10166 10167 10039 2
t 642 10168 10170 2
t 2549 10169 10168 2
t 2548 10170 10169 2
t 10168 10169 10170 2
t 636 10044 10172 2
t 2519 10171 10044 2
t 2549 10172 10171 2
t 10044 10171 10172 2
t 2548 10169 10167 2
t 2549 10171 10169 2
t 2519 10167 10171 2
t 10169 10171 10167 2
t 162 9916 10174 2
t 2490 10173 9916 2
t 2551 10174 10173 2
t 9916 10173 10174 2
t 628 10175 9920 2
t 2550 10176 10175 2
t 2490 9920 10176 2
t 10175 10176 9920 2
t 642 10177 10179 2
t 2551 10178 10177 2
t 2550 10179 10178 2
t 10177 10178 10179 2
t 2490 10176 10173 2
t 2550 10178 10176 2
t 2551 10173 10178 2
t 10176 10178 10173 2
t 636 10172 10162 2
t 2549 10180 10172 2
t 2547 10162 10180 2
t 10172 10180 10162 2
t 642 10179 10168 2
t 2550 10181 10179 2
t 2549 10168 10181 2
t 10179 10181 10168 2
t 628 10165 10175 2
t 2547 10182 10165 2
t 2550 10175 10182 2
t 10165 10182 10175 2
t 2549 10181 10180 2
t 2550 10182 10181 2
t 2547 10180 10182 2
t 10181 10182 10180 2
t 33 10118 9999 2
t 2538 10183 10118 2
t 2508 9999 10183 2
t 10118 10183 9999 2
t 641 10184 10121 2
t 2552 10185 10184 2
t 2538 10121 10185 2
t 10184 10185 10121 2
t 633 10003 10187 2
t 2508 10186 10003 2
t 2552 10187 10186 2
t 10003 10186 10187 2
t 2538 10185 10183 2
t 2552 10186 10185 2
t 2508 10183 10186 2
t 10185 10186 10183 2
t 164 10188 10131 2
t 2553 10189 10188 2
t 2541 10131 10189 2
t 10188 10189 10131 2
t 643 10190 10192 2
t 2554 10191 10190 2
t 2553 10192 10191 2
t 10190 10191 10192 2
t 641 10136 10194 2
t 2541 10193 10136 2
t 2554 10194 10193 2
t 10136 10193 10194 2
t 2553 10191 10189 2
t 2554 10193 10191 2
t 2541 10189 10193 2
t 10191 10193 10189 2
t 163 10008 10196 2
t 2512 10195 10008 2
t 2556 10196 10195 2
t 10008 10195 10196 2
t 633 10197 10012 2
t 2555 10198 10197 2
t 2512 10012 10198 2
t 10197 10198 10012 2
t 643 10199 10201 2
t 2556 10200 10199 2
t 2555 10201 10200 2
t 10199 10200 10201 2
t 2512 10198 10195 2
t 2555 10200 10198 2
t 2556 10195 10200 2
t 10198 10200 10195 2
t 641 10194 10184 2
t 2554 10202 10194 2
t 2552 10184 10202 2
t 10194 10202 10184 2
t 643 10201 10190 2
t 2555 10203 10201 2
t 2554 10190 10203 2
t 10201 10203 10190 2
t 633 10187 10197 2
t 2552 10204 10187 2
t 2555 10197 10204 2
t 10187 10204 10197 2
t 2554 10203 10202 2
t 2555 10204 10203 2
t 2552 10202 10204 2
t 10203 10204 10202 2
t 26 9934 10091 2
t 2494 10205 9934 2
t 2530 10091 10205 2
t 9934 10205 10091 2
t 631 10206 9937 2
t 2557 10207 10206 2
t 2494 9937 10207 2
t 10206 10207 9937 2
t 638 10095 10209 2
t 2530 10208 10095 2
t 2557 10209 10208 2
t 10095 10208 10209 2
t 2494 10207 10205 2
t 2557 10208 10207 2
t 2530 10205 10208 2
t 10207 10208 10205 2
t 162 10210 9947 2
t 2558 10211 10210 2
t 2497 9947 10211 2
t 10210 10211 9947 2
t 644 10212 10214 2
t 2559 10213 10212 2
t 2558 10214 10213 2
t 10212 10213 10214 2
t 631 9952 10216 2
t 2497 10215 9952 2
t 2559 10216 10215 2
t 9952 10215 10216 2
t 2558 10213 10211 2
t 2559 10215 10213 2
t 2497 10211 10215 2
t 10213 10215 10211 2
t 164 10100 10218 2
t 2534 10217 10100 2
t 2561 10218 10217 2
t 10100 10217 10218 2
t 638 10219 10104 2
t 2560 10220 10219 2
t 2534 10104 10220 2
t 10219 10220 10104 2
t 644 10221 10223 2
t 2561 10222 10221 2
t 2560 10223 10222 2
t 10221 10222 10223 2
t 2534 10220 10217 2
t 2560 10222 10220 2
t 2561 10217 10222 2
t 10220 10222 10217 2
t 631 10216 10206 2
t 2559 10224 10216 2
t 2557 10206 10224 2
t 10216 10224 10206 2
t 644 10223 10212 2
t 2560 10225 10223 2
t 2559 10212 10225 2
t 10223 10225 10212 2
t 638 10209 10219 2
t 2557 10226 10209 2
t 2560 10219 10226 2
t 10209 10226 10219 2
t 2559 10225 10224 2
t 2560 10226 10225 2
t 2557 10224 10226 2
t 10225 10226 10224 2
t 163 10196 10166 2
t 2556 10227 10196 2
t 2548 10166 10227 2
t 10196 10227 10166 2
t 643 10228 10199 2
t 2562 10229 10228 2
t 2556 10199 10229 2
t 10228 10229 10199 2
t 642 10170 10231 2
t 2548 10230 10170 2
t 2562 10231 10230 2
t 10170 10230 10231 2
t 2556 10229 10227 2
t 2562 10230 10229 2
t 2548 10227 10230 2
t 10229 10230 10227 2
t 164 10218 10188 2
t 2561 10232 10218 2
t 2553 10188 10232 2
t 10218 10232 10188 2
t 644 10233 10221 2
t 2563 10234 10233 2
t 2561 10221 10234 2
t 10233 10234 10221 2
t 643 10192 10236 2
t 2553 10235 10192 2
t 2563 10236 10235 2
t 10192 10235 10236 2
t 2561 10234 10232 2
t 2563 10235 10234 2
t 2553 10232 10235 2
t 10234 10235 10232 2
t 162 10174 10210 2
t 2551 10237 10174 2
t 2558 10210 10237 2
t 10174 10237 10210 2
t 642 10238 10177 2
t 2564 10239 10238 2
t 2551 10177 10239 2
t 10238 10239 10177 2
t 644 10214 10241 2
t 2558 10240 10214 2
t 2564 10241 10240 2
t 10214 10240 10241 2
t 2551 10239 10237 2
t 2564 10240 10239 2
t 2558 10237 10240 2
t 10239 10240 10237 2
t 643 10236 10228 2
t 2563 10242 10236 2
t 2562 10228 10242 2
t 10236 10242 10228 2
t 644 10241 10233 2
t 2564 10243 10241 2
t 2563 10233 10243 2
t 10241 10243 10233 2
t 642 10231 10238 2
t 2562 10244 10231 2
t 2564 10238 10244 2
t 10231 10244 10238 2
t 2563 10243 10242 2
t 2564 10244 10243 2
t 2562 10242 10244 2
t 10243 10244 10242 2
