v 19.629473150398468 23.885081301058126 28.099366037515175
v 20.417513254345266 23.591993065069925 27.214276327532094
v 19.629167612377294 23.887061911168338 27.73557398492518
v 20.259550733838562 24.752341586613202 27.08988975972322
v 19.64760521036794 24.232850725593472 29.110630129143853
v 20.29914127234545 23.91397861328635 28.804782484241084
v 19.607403034407383 24.127225139079176 28.494885897357857
v 20.18510270174791 25.000546014910995 28.999392657795745
v 19.670808617426438 24.687071005654037 30.972495871765922
v 20.262913314286052 24.501216499805558 31.157793449460815
v 19.564245932126813 25.198794715322187 30.572756249148988
v 20.14345217431848 25.42803610457441 31.02089929028518
v 19.78878401124741 24.956487153179804 32.675507124249236
v 20.47502899005015 24.619749163280247 32.8643501101841
v 19.71059228220063 25.5468345597333 32.298952835751614
v 20.25375103953825 25.648843348116277 32.678487898037574
v 19.910243124368314 24.975944108849813 33.43790410193256
v 20.845485143410862 24.770609209535753 34.433247045178845
v 19.876675468748996 25.447527139380355 33.382522022340225
v 20.703646333198044 25.972132822282465 34.187529365065245
v 19.45846929715833 27.171894687032346 29.698950532297296
v 20.099802212910102 27.208856960043853 30.352659993640493
v 19.588867746494454 26.143517431988016 31.73165885737974
v 20.428320895969595 27.07578184999581 32.59392247950492
v 19.86258944565797 26.168510812564392 33.22412700510242
v 20.912255879526825 27.555372783919193 34.169187161356625
v 19.500528929477007 28.728217675629704 25.69363057671451
v 20.298206089788188 27.558030439843172 24.861336642901975
v 19.556399200323888 29.918785888158716 25.366648469372716
v 20.157077108540296 29.377503783827212 24.87850462651373
v 19.482562593980578 28.564771689897505 26.42958824645612
v 20.070037440562658 27.68276247237554 26.352348973196126
v 19.518194381926385 29.600637741526185 26.03933228965737
v 19.980509736664384 29.49502390502768 26.266622875466787
v 19.44751819769617 28.271151454726635 27.996226552820758
v 20.04320679456619 27.606362371631587 28.137522289215767
v 19.439005310797636 29.12306700407735 27.13830150387024
v 20.049702933636667 29.346404914338187 27.922388724226387
v 19.528453724211715 28.331092058585973 28.8374333320374
v 20.556289916987765 29.525118949464908 29.86930186560439
v 19.804829310878876 31.86566547463299 24.57658886231106
v 20.23422521410547 31.475244853527425 24.557657286264856
v 19.66848428629174 31.356055039985186 25.714495997993506
v 20.12349930998826 31.412710668199402 25.98858461802527
v 19.60858372376259 30.891373486299635 26.607231431162795
v 20.395664877728 31.788663690425153 27.369026314033576
v 19.95068161199973 32.569632804040495 23.81206590333162
v 20.67101154769443 31.71773561278158 23.094462812715427
v 20.13182379376823 33.53183951507504 23.52269022427324
v 20.700248579670912 33.35842930034307 23.13772596577289
v 20.005884913069927 33.032606637643866 23.899558137397236
v 20.506103157726216 33.381927868520336 24.30012298591553
v 19.760186495660353 32.32641201134043 25.226081854216204
v 20.47639105254968 33.231883527168094 25.936794581997308
v 19.798066664625967 32.20052275033036 26.40004710554417
v 20.760369472505815 33.78395269691157 27.45262889418158
v 20.25216936732229 34.14915719141332 23.31071743217963
v 21.06001247264735 35.00776347067129 23.008838265150438
v 20.26301462338415 34.143679493921496 23.606141182510815
v 21.160166867743612 35.59400807223839 24.071895936730094
v 20.894718107901788 22.830907804082624 26.23105451341999
v 21.71758173556642 22.694339487847515 25.644808501949875
v 20.887569963492872 23.66804509681469 25.3301127281453
v 21.52103064197941 23.435886736655878 25.27164246970717
v 20.904920771020514 22.84312264164988 27.074674832967915
v 21.5621878260882 22.769739548664155 27.116653858767595
v 21.40679560446174 23.478408265994254 27.027318439252003
v 20.933408219098794 22.8706632395353 27.760404838309086
v 21.791262125593523 22.89254129368685 28.76410010872032
v 21.473410797373507 23.82882057060924 28.882273377915904
v 20.91190542914586 23.771943875552406 32.47391144909745
v 21.820746899520657 23.360307751348106 31.700862017927758
v 21.49616840175901 24.03366374361375 31.26783586158695
v 21.129335701797395 23.830259830547625 33.48225969462883
v 21.836054490700008 23.659716864796035 33.42108866123692
v 21.6570267744425 24.315816919911317 33.23205056314075
v 21.399785675589523 24.035088252352836 35.07541294169977
v 22.050077944881064 23.942184656811044 35.11948176713305
v 21.907094094215932 24.586516437730367 35.01650570039763
v 21.598106318240266 24.107257624621635 35.88634508035193
v 22.462053957549106 24.1474698684409 36.47841453474247
v 21.556801790975015 24.84756228179324 36.27568273347651
v 22.277030091157147 24.94433469356498 36.44530446620674
v 21.00009962120275 24.091820913343497 24.182939561408578
v 21.93757047708449 23.615511787690274 23.519289655039636
v 21.00138809586994 25.47207689914734 23.379950943569956
v 21.570060712206192 25.056595328416194 23.350203441032008
v 20.773541199369085 25.101482816465644 24.7983235884707
v 21.324182012064576 24.997307093319876 25.00462176257015
v 21.190551230202324 25.07549774048936 26.865624102671973
v 21.171126841408235 25.252691199448527 28.91830581956972
v 21.26350741666553 25.472415029962626 31.012501804849276
v 21.45355569524741 25.717044294751297 32.99960566871191
v 21.749867636705478 25.95281859824737 34.83921443786113
v 21.418174047620898 26.08181648113937 36.095357389399105
v 22.10864954107326 26.111913855560847 36.40245030094239
v 21.77909124631324 25.259299000931634 37.1017882906922
v 22.77957406619152 25.019472091522264 37.58571857395547
v 21.725982719784014 25.89071562285932 37.041319808227456
v 22.68096315323986 26.278192267848024 37.43992654017936
v 21.104022899841258 25.997355973433447 22.532908499456607
v 21.99060352866087 25.378865948727945 21.899131828030708
v 21.095819093550087 27.348099395270363 22.3240085547379
v 21.77243202480615 26.930547028667146 21.871321926683425
v 20.92824129456461 27.100000748314393 23.05615563547548
v 21.441038836386845 26.95471194434342 23.163340794674117
v 21.19376908187705 26.989348198393895 24.812285341091535
v 21.070750404246752 27.106621866506295 26.655883378104566
v 21.09943223776953 27.255286302405317 28.628590792308167
v 21.229091200131958 27.41522167770896 30.691232978127516
v 21.43491938450548 27.58446872737164 32.69972914192114
v 21.721643027023717 27.71545233256118 34.562667875983706
v 21.394011256387238 27.66750576146319 35.81599149738747
v 22.077815843132026 27.726277600763268 36.131854190976156
v 21.682070526064543 27.31221209807416 36.805364824188366
v 22.66255844693719 27.849946207007278 37.17084590677775
v 21.08223006827037 29.484681911407364 22.206774306921734
v 21.766755627498394 29.02530795006849 21.73387928341152
v 20.891567381202556 29.189063821575246 22.94873913846462
v 21.393125983108753 29.135921625723963 23.06338554043258
v 21.161840192940403 29.223164612328972 24.6549470706847
v 21.074404316088525 29.3527994633752 26.40448837723785
v 21.149222705995008 29.477163394358804 28.314736439486648
v 21.314171766121593 29.58098725430939 30.363729015058915
v 20.88753511916531 29.673898174877674 31.99614772215338
v 21.537514226987792 29.71085212297152 32.37317396054543
v 21.160066345797546 29.71304478252708 33.88302750925406
v 21.80325987435439 29.797458819355814 34.21467034478904
v 21.352609880076564 29.257082570196363 35.235919263411155
v 22.16361556798651 29.64468138606923 35.74892472121572
v 21.712275363368875 28.44141820577437 36.54440222904258
v 22.76245982349676 29.24260594926954 36.84567784786508
v 21.317464560071183 31.781205784888822 21.70864957565685
v 21.798196981884264 31.335687540967573 21.57444894294792
v 21.459159186518047 31.359621124126292 22.973573192693507
v 21.244357053587738 31.448540395827038 24.542628673522838
v 21.19557976420238 31.569931979729358 26.227598362245786
v 21.288497707182966 31.721022514610265 28.075989254806455
v 20.82731519854798 31.848898028641955 29.62433481315648
v 21.451569829314614 31.849184056617222 30.057322275121695
v 21.062655413892607 31.913164181585042 31.64405487482369
v 21.642849665899252 31.91042171634525 32.055945323586705
v 21.310235968705562 31.921128887727516 33.503126566973414
v 21.882352709389 31.892603990716413 33.86819941500466
v 21.62494785331972 31.854155895873248 35.0496546394273
v 22.319992630520847 32.21309666604691 35.22303307239694
v 21.586554149067066 32.23633292061805 20.952342632411884
v 22.327658401041443 31.565557016782837 20.338603105602207
v 21.69125846701824 32.50386338417926 20.714237747379336
v 22.31790800446028 32.79163049564394 20.449756444276403
v 21.44782920567386 33.24123805690394 21.604088922217834
v 21.905200198773663 33.27677193935383 21.688066357366075
v 21.625161863583628 33.50734699700866 22.912379126159905
v 21.459243637442746 33.65304023792403 24.425004364269498
v 21.41107137378259 33.79421488350514 26.08075426286571
v 21.452101788784873 33.919802951998676 27.910673211015162
v 20.987541968039338 34.01976175696676 29.406013951772714
v 21.552689538210796 34.00131953485024 29.854351550583374
v 21.163348267679638 34.02653268817725 31.375962083472132
v 21.70723326119085 34.003868806376005 31.79369499869319
v 21.378914213837202 33.90411467439332 33.17038082774156
v 21.955388824358124 33.94418890970684 33.55262399681489
v 21.570980004202685 33.42406828574436 34.45823922478241
v 22.35435529328591 33.766527572921994 35.018432065422715
v 21.96349333645704 32.625470248051144 35.751729401596634
v 22.854849464157535 32.06796184591125 36.39055594688978
v 21.977120148398697 32.841001274074074 35.702704056196794
v 22.990033656252706 33.388192667294696 36.10047217142024
v 21.586785863034503 35.429946820765004 22.123528681837417
v 22.116561501009652 35.11379251876989 21.758966260457527
v 21.885242468937477 35.52414661191315 22.91557014217713
v 21.73399660504861 35.738965535835675 24.35102678687425
v 21.136196358592013 35.85114553502823 25.6705672979122
v 21.64755665360535 35.90217710620628 25.997123728535975
v 21.082493899672638 35.95345529375573 27.418670545415036
v 21.602586848505403 35.99454960948992 27.79987171438536
v 21.107363765944207 36.00591342952601 29.264418864939255
v 21.622001965984914 35.99531920768249 29.693724331845615
v 21.214778507978863 35.92934507640042 31.129386339994277
v 21.746832179939872 35.91039872863229 31.56187042117481
v 21.443467108720057 35.74251013791098 32.84820623847861
v 22.01781654997035 35.75023371694337 33.2708043483622
v 21.630669151599125 35.24752438355054 33.95317438356184
v 22.594021044143226 35.87766603698536 34.5108895313609
v 21.76223396049255 36.247070985835094 22.042772886720716
v 22.387365934133033 36.52778862341938 21.865187323877855
v 21.700123836583447 36.97091231543081 22.84546728856408
v 22.180736931885924 37.18121763793625 23.03218383591545
v 21.573436037624933 37.41898930049513 24.04575226276886
v 22.006135368110375 37.54669027142905 24.32401227679286
v 21.40650550900872 37.68932752785821 25.617662649835587
v 21.83180362054054 37.726873688045444 25.96276058539912
v 21.252680993868445 37.77257488525083 27.335902045145378
v 21.698081751543683 37.769324825336554 27.730622352904454
v 21.183937241827756 37.72168381046692 29.10021374052565
v 21.669571551249515 37.706582757619685 29.53718271555127
v 21.255449324526026 37.53952561961834 30.85441992316005
v 21.805085247035755 37.552553596668346 31.32017378959833
v 21.373656039054747 37.069539840859036 32.237709904035235
v 22.14814816466867 37.31541939641222 32.95574936210929
v 21.736699645008834 36.46389526826147 33.70652723348785
v 22.94374733984555 37.27454784379199 34.46555586042868
v 21.848784106990486 37.9867330292819 23.108655787288477
v 22.46988475218827 38.363708733302246 23.08476778671536
v 21.75702257010174 38.187660983834064 23.767692181258262
v 22.2756961791125 38.72864365793807 24.41228508470282
v 21.494088219559973 38.88267325504701 25.697793271459112
v 21.93299362757265 38.98470746675438 26.132749969328792
v 21.32834828489344 39.04535739167059 27.236001393622118
v 21.75943823401009 39.05394492756275 27.660097697331494
v 21.227959083422718 38.97251427564874 28.902359530977527
v 21.732470443018403 38.9846647436138 29.36279280833376
v 21.217678517781838 38.645239427910354 30.241418937632627
v 21.91935166902855 38.772671020021846 31.02176660478569
v 21.4553743131752 38.13231838901528 31.80896512560692
v 22.602748523487247 38.691035032155405 32.69567868519147
v 21.445499654315135 39.57209951123197 26.20623525287827
v 21.9820092729385 39.5537225149353 25.93629335482063
v 21.35336173524966 39.58425980623327 26.92219888530478
v 21.771249335791953 39.58962579305158 27.61712383557815
v 21.22776616920732 39.54414568346349 28.448371317890583
v 21.747389920993054 39.51649480813703 29.253939293510726
v 21.29118329180968 39.38784561221445 29.823120880801987
v 22.149075276221907 39.50172026714466 30.54880862458894
v 22.54042910041034 22.825164332941974 22.76854963746761
v 23.396905247565464 22.86355843653965 22.407934827591674
v 22.468971802445317 23.821063248769025 22.069598906180875
v 23.190901909296805 23.60788816226477 22.072738713296317
v 22.405479263188568 22.685275034042167 23.70541938915455
v 23.11251595860343 22.70883714325249 23.6727057450324
v 23.003386173457358 23.422442709851403 23.47785193460652
v 23.08665993605338 22.44995945111663 25.539394621257493
v 22.8675981792672 23.359747481299678 25.222845204923647
v 23.233613590427026 22.32679378308494 27.296961677602095
v 22.8794150422569 23.39969832582146 27.132280503848342
v 23.439073715494736 22.44393580142204 29.187436121823005
v 22.98030556661542 23.55364512895375 29.18407285916908
v 23.61339870679937 22.653228925970968 31.16535407336351
v 23.10015270894658 23.7897771947147 31.2656169654289
v 23.76198904686344 22.94704714762082 33.08095302120674
v 23.22868221234102 24.084987516576685 33.26393862981885
v 23.55237652280681 23.67830212277431 35.15042637534689
v 23.41164267549877 24.394967333959514 35.102719719202845
v 23.75719366490564 23.994404048776822 36.702071994157734
v 23.677266618683586 24.65420108091654 36.66712440675488
v 23.12719565607329 24.18887596004577 37.39186005357206
v 24.103311346540938 24.153356828194514 37.76034332907068
v 24.047565549192537 24.956856465239756 37.755586613464665
v 22.535275166603018 24.3545697304837 21.26190524401039
v 23.291095709663626 24.048047837072378 21.236186450763586
v 22.546714729083682 25.611364975415427 20.65930081690363
v 23.170202363214422 25.428519898696923 20.664755760440777
v 23.021188834420986 25.038690135975358 21.77288484534232
v 22.822663642149895 24.90887081193107 23.249426978269508
v 22.709585936204974 24.9066003262285 24.99239176508083
v 22.695207604796803 25.01799274990124 26.91507485705212
v 22.75527150403815 25.192843274747855 28.97278709793902
v 22.866684888599554 25.406450342907586 31.065848379223933
v 23.022644360660905 25.646493154341048 33.082583173898236
v 23.22743520173328 25.87852983639972 34.94385680918414
v 23.51506030290013 26.06620172558614 36.529322689078455
v 23.887132650779257 26.131805368577876 37.71752290744719
v 23.411370093421525 25.24922485225854 38.35319104064268
v 24.213037982244998 24.89732816280146 38.373180600818216
v 23.359737900932224 25.880366689931076 38.28257052783429
v 24.251561905449982 26.127919066829808 38.20697524922552
v 22.650887617065855 26.03422411642595 20.004844253746306
v 23.263790872215914 26.09157612453583 19.889657432492424
v 22.671154435428278 26.325921619678763 19.816804857533242
v 23.329708149533346 26.894912776064864 19.7531734142312
v 22.50825749324975 26.923423224435673 20.402326901211783
v 23.207932155133108 26.967393715680277 20.42851789811346
v 22.90841667075239 26.883565025112762 21.56220036669626
v 22.71321044995828 26.84564333601346 23.070248084753572
v 22.610185110428635 26.91030555071213 24.795118073935967
v 22.589796807436944 27.041037155812475 26.70106263066429
v 22.647112811482266 27.209291470327656 28.72685883894782
v 22.764503398116393 27.397022969560943 30.78985391182674
v 22.92789422070525 27.587739395887503 32.80156132506388
v 23.142136211586383 27.74136500990382 34.66738461771012
v 23.44858763199615 27.817981326840876 36.26113722097233
v 23.865967533413098 27.744645040367008 37.463618483323195
v 23.343793397734455 27.29938579841168 38.05371617841739
v 24.284641907990455 27.699279951384526 37.953816393594124
v 22.575857247618753 29.603313426401744 20.259543668352784
v 23.1453619167858 29.10145733864922 20.20330639643701
v 22.8826050888693 29.012077555913258 21.43914683725034
v 22.689418501874307 29.03570192426987 22.94159078813747
v 22.588654322134495 29.13849307721502 24.63987839560469
v 22.571631564035954 29.275320713300676 26.498386251809066
v 22.62981071059237 29.425895740884762 28.474949528691027
v 22.745681903753486 29.57458939266498 30.504501207905925
v 22.907908807172163 29.707163673341192 32.49681907056208
v 23.132799847336923 29.81262104484877 34.34035198380947
v 23.4601414053006 29.856253332659886 35.91654397443475
v 23.920591666266002 29.642875245766405 37.10226210612245
v 23.40042982607491 28.42816631461732 37.81774532213487
v 24.624080573380617 29.277386669912826 37.72163029237525
v 22.774326877248498 30.406234675897192 19.660187046347794
v 23.534518314234905 29.81791916436288 19.302700275216523
v 22.78172626060827 31.522869983882646 19.602192668040324
v 23.434603129851766 31.03738900646224 19.280952483515403
v 23.142785957870394 31.122639568804697 20.15867267092507
v 22.902187985742827 31.202903096319908 21.389534018852036
v 22.737036620735566 31.312277699508265 22.86019589392039
v 22.64302000860725 31.434912732189474 24.52300628424883
v 22.619484750263613 31.562156724884694 26.335561674912547
v 22.66257208913857 31.682286491390098 28.265109013474945
v 22.762150147225434 31.78589907080614 30.254892552275997
v 22.91791483130555 31.864553333184823 32.21452899219625
v 23.152735099699274 31.912858180138027 34.03156361800776
v 23.504855783637638 31.891093374913993 35.590374137573235
v 24.067212887464578 32.18624422091072 36.63325064221524
v 22.811447410820566 32.867008918395584 19.644966417750705
v 23.37530351061335 32.45429636988499 19.38512910320571
v 23.184281088226395 32.98927638820897 20.231397090681376
v 22.992656108223184 33.307073272250655 21.41392423348007
v 22.847710677624665 33.53793878031792 22.83283245787722
v 22.752064470491593 33.69124561247787 24.44839453226952
v 22.705941408711418 33.80269244485549 26.221416280599943
v 22.712122762417863 33.883485506852004 28.109683144155063
v 22.7797968764147 33.93199453558146 30.058528498499374
v 22.926632465283 33.94804421017663 31.981418901591258
v 23.186354467901715 33.95913174022703 33.75701963781781
v 23.582611848778523 33.929712887823634 35.27764657394312
v 24.10117303613694 33.73546252069466 36.448009735148645
v 23.602965431057825 32.58302758116636 37.078568478403604
v 24.411941241847565 31.819708685617577 37.27669782497404
v 23.62344297626146 32.79804096966895 37.04069242185752
v 24.794147469609225 33.36771908152817 37.10405929053079
v 22.85736723980637 33.45141260184123 19.586690214297878
v 23.14847619806119 33.50873197949355 19.7008030365881
v 22.75264942256012 34.48041535693491 20.37360173771945
v 23.261621817327537 34.659209095403895 20.52165549865888
v 23.153116469000352 35.27971066951813 21.51139845223422
v 23.003661911563494 35.618515888740056 22.85685037682707
v 22.888842731961898 35.81100732538249 24.41776842358301
v 22.79940894372891 35.90564812000011 26.155936417916692
v 22.755737200031472 35.94052540732689 28.007416453449647
v 22.791848586706365 35.93180688700703 29.91113935392776
v 22.941624651127377 35.888704689913574 31.78788589151485
v 23.243009769226802 35.837647154155135 33.534326399407036
v 23.685981122382543 35.745495090111305 35.02519403434286
v 23.222305412603866 35.28118865807316 35.676368978496505
v 24.388533188257068 35.889781028665084 35.97800937470528
v 22.81890184667951 35.748256429411676 20.780920721535047
v 23.412061341942803 36.437569604786034 20.98349493182538
v 23.345096725753372 36.96175549683724 21.77612272738289
v 23.18242546552108 37.39317830912721 22.935494715036533
v 23.028266926256588 37.63310630258106 24.447167323155536
v 22.883380233758366 37.72936747768133 26.14057313823113
v 22.796292512711222 37.73778632956347 27.94485664909481
v 22.817793631159073 37.68652168099743 29.792412741240597
v 23.001243686058693 37.60115595946582 31.612360956721474
v 23.344170857234943 37.50150345865006 33.30023637906369
v 23.819803153902402 37.34929946948746 34.75282443958727
v 23.40054049422234 36.93846588537181 35.38218995431535
v 24.536665289423567 37.39289869018432 35.72685660804212
v 22.82635036230684 37.81388380551473 22.045562003464717
v 23.564058357290847 38.14591407719924 21.942903414696165
v 23.382208064769614 38.72419389990659 23.12652567513732
v 23.15541628603826 38.95346495725091 24.45610806751799
v 22.95848728611171 39.05796971329205 26.155145677848306
v 22.851984508925298 39.08755690541273 27.932372048257104
v 22.896735861111786 39.04832623387303 29.691347086436927
v 23.125487860226247 38.93391075200917 31.41815602468169
v 23.51687935731445 38.79170187562415 33.03927309871195
v 23.022108477048615 38.37248644019826 33.982263606293685
v 23.828493071540855 38.46531182383928 34.301151855255306
v 23.526274251198252 37.86988944425734 35.20516712198715
v 24.653931489729374 38.045298992838184 35.55280542305946
v 22.907868213897203 39.346597555239505 23.208598484414225
v 23.45405929294984 39.312097652900526 23.06104794326057
v 22.733351760551507 39.4322444653275 23.906126744572028
v 23.200994187405517 39.50882117482212 24.457049869538455
v 22.972393924413762 39.61816519780707 26.16522545951214
v 23.135049866988087 39.931331471771955 28.145330775840705
v 23.073649252393132 39.804889152840666 29.536582234540735
v 23.210621198714602 39.51081695398882 31.322921316624544
v 22.672492012672087 39.32438788460995 32.259425863790845
v 23.619273755034296 39.35428081679414 32.90092706102347
v 23.14683172063212 39.146585688247555 33.52213258314304
v 24.329318425442054 39.40529677751787 33.69181492250638
v 23.874531186797245 21.57340900444245 26.895610019954105
v 23.874534255895302 21.573409367000195 26.89561046572065
v 24.635660760271772 22.33646357919985 25.83084405131835
v 24.207862986110705 21.53344223059627 27.897928826254127
v 24.841717367108487 21.536679343940943 28.165251157403585
v 24.92693286045083 22.220573989176945 27.721980124945343
v 24.563659487067927 21.592319274451796 29.575596009448887
v 25.350574681163078 21.59415455562822 29.637761377116625
v 25.160558302847477 22.1759492592505 29.485189123901872
v 24.83033355020867 21.72313222332681 31.265956421708015
v 25.559246330173107 21.732079843451427 31.32104174377973
v 25.339094360482537 22.33100897647048 31.301410386099537
v 25.00114274689184 21.77474786770564 32.09464539948066
v 26.002840974261844 21.905739824638133 32.90949056096668
v 25.50875585859143 22.73931902630039 33.07436323042435
v 23.885606910982993 23.048379167450346 21.570227340175723
v 24.666857545388694 23.104048204832857 21.52335692178767
v 24.82804878552682 23.916682528358987 20.971407364254933
v 24.788094871222338 22.968368966710088 22.18255602670174
v 24.69033018025208 23.63026417096179 21.984532517754573
v 24.74543001475991 22.784818969648235 23.627016238018104
v 24.659258553180653 23.464007788041556 23.46980525941764
v 24.67978133911266 23.3824025916579 25.26637388775899
v 24.755165677109822 23.363757374827482 27.227787899634578
v 24.881280131139977 23.439255627398474 29.231379469784965
v 25.013514086863342 23.626588830583486 31.22556836027837
v 25.135970971163587 23.89727603434425 33.18637383628365
v 25.719402088122827 23.049828279994898 34.86757051742703
v 25.27942331335379 24.191720461992038 35.01959599830569
v 25.914127965923853 23.378939802253736 36.38801087410986
v 25.45042638443621 24.469226282881216 36.5759380141548
v 25.350443184831114 23.97199904248184 37.65928365719778
v 25.62890274980495 24.698725437070337 37.70515693679272
v 24.638631412506932 24.168498400984983 38.39343818586965
v 24.75944157141191 24.277155273301197 38.42234682711776
v 25.639216782668296 25.1141523389897 38.19196146415206
v 24.740462132008435 25.321248494280646 20.40683469286954
v 24.59031003100261 25.036356830420054 21.66807613752774
v 24.53618705330261 24.938273603730025 23.216261591914222
v 24.530889957425988 24.946291276494485 25.006311056626217
v 24.580348808581796 25.02073253229185 26.95557588124751
v 24.673070337597608 25.152297468183434 28.984565060170112
v 24.789932485715937 25.33697836559446 31.02018883178721
v 24.92127915674105 25.557464655482228 32.99891313068553
v 25.077652017531463 25.77662978577484 34.844924347325495
v 25.28028281232741 25.959629858067046 36.43547876893573
v 25.543868168577124 26.09464109701452 37.565029889279124
v 25.97076761825873 26.132966052214726 37.977369315574954
v 25.097360896399206 26.002823356696876 19.42356178794431
v 24.847290594572556 27.176279128170275 19.270629200685107
v 24.599519055664377 26.994890117574013 20.152582812232215
v 24.48986837781151 26.881133671257018 21.435342496564402
v 24.424291781794164 26.869941167051884 23.006175593591564
v 24.41096252977727 26.93237526208544 24.788309755522725
v 24.449646955093005 27.04165112849697 26.71793069493656
v 24.5339371253787 27.183100968533903 28.731070197162197
v 24.648214760341954 27.351081427809625 30.757539201781384
v 24.782222517448044 27.531848608197542 32.73033122263811
v 24.945963744914312 27.69680451701946 34.57568664285974
v 25.167425095756705 27.80159166736542 36.177987398227806
v 25.484723185774385 27.833209966060018 37.32776681276764
v 25.932888201487735 27.832532318904416 37.75144360031222
v 24.63957070936321 29.081793002767515 19.071857290991435
v 24.513532857510157 28.991296612703007 20.0034192864689
v 24.41420504814884 28.97884925505458 21.29734276841083
v 24.35637102746813 29.03830741508824 22.86288383821388
v 24.339899029739097 29.132798324218058 24.622380042995008
v 24.371424957329815 29.24736133075738 26.519710375170956
v 24.447538341123952 29.374931031160294 28.49893981689989
v 24.55624107955337 29.512621644033157 30.49744519722325
v 24.691073920776848 29.650935253130243 32.450003793769135
v 24.86454667819627 29.766525168459975 34.28225844337833
v 25.109901519944263 29.8391355149719 35.87576571554568
v 25.446126292090494 29.840553035887567 37.03475541967437
v 25.887238494840275 29.82208323364752 37.47822595971475
v 24.014539547585546 30.191041421997078 18.668963879969716
v 24.76847043242744 29.654150506438025 18.56072189903367
v 23.984354779774456 30.986285351419564 18.59310505173534
v 24.477413359605418 30.80909464966334 18.59787178669687
v 24.535044806411058 30.88136807831581 19.026342574119543
v 24.461672642126604 31.01896539608211 19.964327366425962
v 24.38896842960754 31.163180946104458 21.24232093780018
v 24.336917235037088 31.289529192895753 22.78478811394899
v 24.316047681491327 31.4022850579163 24.512835868454307
v 24.33347407190728 31.50454571308087 26.371626438264776
v 24.39146641668615 31.602010585361096 28.310256436290217
v 24.487493679298595 31.69830852046571 30.2723938574466
v 24.623507569193322 31.791236290904997 32.194970250998026
v 24.81427843951788 31.86635366851533 34.00314399168675
v 25.08539306633831 31.90449227702538 35.58322829980317
v 25.45902196871619 31.879388566730448 36.7630441669998
v 25.889021404140546 31.921392967707295 37.2191686062439
v 23.917603423883826 31.44436524571734 18.547408835537606
v 24.330187055248768 31.465491390899487 18.599615636394734
v 24.48185973755639 32.49112245541355 19.21923603062755
v 24.47668084239792 33.022985142323606 20.031782982452206
v 24.416288370164608 33.3234559725917 21.261136759863085
v 24.362138206164172 33.517042353391034 22.764674062634892
v 24.32794321566368 33.64145443939047 24.455944444712664
v 24.319283879328637 33.721062446036164 26.275569609268086
v 24.348199730049114 33.778657440155634 28.172090263518754
v 24.426780159284004 33.82795939298914 30.09328073559492
v 24.567894736965947 33.873656098027205 31.980285062962714
v 24.78549893869878 33.90728941227914 33.75848419072963
v 25.099882533418302 33.93280636057911 35.30727787379522
v 25.49848449574375 33.886014925964005 36.47074764990573
v 25.944843665838345 33.84962498943054 36.97735644775484
v 24.614293393301867 34.34608114724677 19.523486359489766
v 24.614767625880354 34.922761763501214 20.254218358797576
v 24.48766312514699 35.35043354552405 21.359623244189258
v 24.421785402265915 35.619086087341245 22.799101381382975
v 24.362757667276163 35.756264997051574 24.447294801153465
v 24.318381439005893 35.81387380170415 26.225925206064538
v 24.313644237439426 35.83289065468438 28.08001175361023
v 24.377758932762347 35.83790184197447 29.957392693482984
v 24.532077230716418 35.83949886083787 31.802270504790425
v 24.785580156679295 35.83284090976335 33.541619092099744
v 25.147589547644237 35.81724270300054 35.055850359898876
v 25.59745155967204 35.73310631624023 36.19732026823746
v 25.093484803923097 35.24998783722676 36.8109866077232
v 26.03603731400155 35.721173984706425 36.66532576566548
v 24.689429147346953 36.53574534749204 20.498090899661886
v 24.58144963706864 37.11091470357953 21.535227744718817
v 24.503212344604975 37.45045799843205 22.897893672954126
v 24.41219112754976 37.60930370362102 24.479487680345144
v 24.332828136780005 37.663736722601975 26.220960050178427
v 24.302142553584556 37.666636361306345 28.03112997085762
v 24.36378687844297 37.64421994766745 29.85575076785631
v 24.54241186072914 37.609747323289355 31.645679721733337
v 24.831077343429467 37.553924170772234 33.322549117601184
v 25.2420879646823 37.46765893368271 34.791191167023506
v 25.751949858132413 37.32743201278075 35.915534341138816
v 25.26433888576276 36.88713237330054 36.53762763437661
v 26.19137641458331 37.28617136924836 36.371811320962294
v 23.952276415743054 37.46865999360246 20.9375688911227
v 24.4460088825462 37.57897787061082 20.964554777616353
v 24.656782182020685 38.41093474259045 21.858262086562164
v 24.573726189244685 38.80614523264382 23.01722256757941
v 24.478040339641115 38.995415742041445 24.550414060918776
v 24.3922184652593 39.09264052881758 26.271296703936446
v 24.357829064098116 39.13200506065764 28.03381613355555
v 24.427152288655414 39.110447400002066 29.78770423089854
v 24.63954941381908 39.04670282961367 31.49584446079879
v 24.988976930613916 38.96974715424604 33.057051474548004
v 25.473250804881225 38.80128869622812 34.38705440928928
v 25.952345971882202 38.28430824129837 35.630852224978305
v 25.3936614104776 37.79724840812354 36.35432715047484
v 26.629771780791472 38.0833749626675 36.18675505655264
v 23.97658800219285 39.15247757788094 22.163461174830392
v 24.44281765761051 39.20331241954024 22.292046216911597
v 24.593481088171345 39.39112530917887 23.075548277719847
v 24.49859509237956 39.582725931367456 24.57900780776209
v 24.419079946259117 39.70889813106154 26.31327549771759
v 24.51982521351312 40.13078928621003 28.278325306821003
v 24.672436420385697 40.16747224690692 29.587084367107263
v 25.091088962798345 40.00879421418564 31.372192245896283
v 25.455606075558936 39.920578947084664 32.8294337952611
v 26.025065250471144 39.897603128922555 33.60083197190758
v 23.839741255372914 40.67050776330515 28.509240265467003
v 24.370222390724923 40.654774122759704 28.708125518981632
v 23.959745037779427 40.63089749279434 28.85383236225365
v 25.204932453231574 40.782878768007244 29.04853904784016
v 26.94353421960531 21.58159413664358 28.64373896897233
v 26.91613536237689 22.26477919542537 27.746492933481935
v 26.86577578739408 21.556868743645847 29.37614756427863
v 27.14889259373231 22.190711455545426 29.46611113516357
v 27.008691298198826 21.738182017226237 31.633766969592966
v 27.169372398411422 22.42677928473158 31.445846160715817
v 27.199786884549173 21.880444832838062 32.93703737878717
v 27.413311220189577 22.54008098904432 33.16247620970468
v 26.882950466775043 22.15217375516845 34.8058045118438
v 27.526141314610694 22.203888320644886 34.9896914135948
v 27.558125918385386 22.914755141970527 34.98189784736846
v 27.117181112393414 22.24896160681857 35.58307215961643
v 27.923194659829566 22.282511587857012 35.531389805481126
v 27.79972429697732 23.25858007877286 36.153492289662395
v 26.40866739991365 23.243931425389928 21.45687454102822
v 26.494378976341054 24.117332131808965 20.72774434180428
v 26.644335421111585 23.122374594384365 22.17943978842942
v 26.592585721700626 23.770678045533927 21.955053247150282
v 26.77381832654485 22.917023552979 23.665372690912978
v 26.679285946077606 23.60597872803252 23.50692729828072
v 26.870465896151607 22.71740733603092 25.503867939921903
v 26.77637579903723 23.478491056549057 25.33658809976187
v 26.883155938483544 23.415860642069497 27.256876987000076
v 26.993384278979317 23.453020315120163 29.200004934086984
v 27.10929889607047 23.598889043728047 31.11960000834412
v 27.217088035003595 23.82410060458731 33.02813629002083
v 27.34396522996222 24.067391635116216 34.79749855908939
v 27.464428894346547 24.35127590084148 36.30495714520097
v 28.07570046034518 23.870992651657655 37.22081766827776
v 27.824851644549828 24.753198376657625 37.2475093918598
v 25.715836205712126 24.738905009721943 19.851337632431417
v 26.75733436550827 24.869054926217938 19.518356557073716
v 26.55429892805074 25.693149417711844 19.25011895175379
v 26.4698748562824 25.368735292118554 20.267625307499255
v 26.486151034710375 25.14709807239351 21.624670021615746
v 26.542344509957367 25.062065827525515 23.231155489962568
v 26.60917778782125 25.048504904592143 25.03995837992198
v 26.69560396475766 25.081521466463517 26.967003541817387
v 26.798510107485118 25.170265886145202 28.934703990427227
v 26.90539227417234 25.31939356698078 30.895696978417728
v 27.010740453956736 25.509388643289064 32.80978788616137
v 27.121904301560594 25.710739879082812 34.61086643890685
v 27.27352916587205 25.90372339512751 36.16025372831379
v 27.50037942891488 26.06232337521163 37.254730812162606
v 28.108999877762493 24.75288102900982 37.75108241899084
v 27.950559933766357 26.11083819665175 37.63013241941459
v 25.79475361371533 26.51579686624321 18.725905954147777
v 26.615176480995892 26.220873521931903 18.66743256002199
v 25.60481211806134 27.64811870895104 18.563428413665633
v 26.19393265242591 27.354503324078102 18.60088992965066
v 26.319009272273785 27.173223902977142 19.0390805019302
v 26.32212423234883 27.016158473865616 20.02152152801438
v 26.34704965552383 26.95442917384752 21.37487312624043
v 26.38494460055795 26.958025184204082 22.996117170526258
v 26.440426804442197 27.00460040551069 24.799961905568995
v 26.521412475041412 27.079037764796364 26.716768930208183
v 26.622580912725628 27.18441144905114 28.681487650977434
v 26.729210772310672 27.32460566700573 30.63995181965478
v 26.833463462119738 27.48768394558547 32.54966426550646
v 26.947065290515187 27.646996860504068 34.353304125371
v 27.104039562544955 27.77715881123803 35.926279328448665
v 27.365639284339114 27.862953642024763 37.041872664339124
v 27.805656303568163 27.8973113547299 37.43981105480992
v 25.929216479351524 29.00819527738793 18.499148549002847
v 26.10209329226419 28.9678848410319 18.917825732379765
v 26.17182637597356 28.95807268321274 19.875059230929452
v 26.20785831114068 29.003995871064955 21.223507548964605
v 26.24082995222728 29.073637706869686 22.836149534046747
v 26.291156378714106 29.152335095377843 24.623568927686037
v 26.368619182583863 29.236973564935923 26.518076316409566
v 26.46737864065866 29.336731772969216 28.45993371893166
v 26.57318379092115 29.45839062078145 30.397242467023638
v 26.67961209995301 29.593405275363434 32.288761339467044
v 26.80006328024173 29.718243711157317 34.082131941710436
v 26.96996601628602 29.810242924527053 35.66204790271692
v 27.24817749275072 29.8777450858036 36.8107318682848
v 27.687534316097437 29.91525242839637 37.23537615925742
v 25.747310954310183 30.73904429209149 18.466589845472622
v 25.97874338074 30.84929548798447 18.875440144635306
v 26.061058396289546 31.006360363227728 19.82403799445648
v 26.0966945750329 31.14921061225011 21.159288943851575
v 26.127283571964156 31.26850542507244 22.754014007010927
v 26.170427491503315 31.361260852214066 24.51561628864954
v 26.236546575850817 31.438793456642482 26.37737669894106
v 26.324358524796754 31.5188445802958 28.283114302428693
v 26.42603916108381 31.613260614205785 30.185742820229024
v 26.539951501262127 31.717241919260847 32.047404915829574
v 26.679079385343538 31.812691776548988 33.81818621192497
v 26.8704114410649 31.87865132520897 35.391114952207424
v 27.151347140456707 31.930421565029697 36.57155345528329
v 27.753768512642562 32.20607922299767 37.24275185056838
v 25.937403758582278 32.20835206477901 18.437876567233733
v 26.02051924574515 32.70048782199887 18.977048934454235
v 26.004100308010624 33.045180643451026 19.86554339605532
v 26.027718971779727 33.2919919260811 21.170770761493692
v 26.051291186840892 33.450699321051566 22.739958221453612
v 26.079764889797243 33.546814786410145 24.469007373084956
v 26.123883966994153 33.60697199757908 26.290388263339608
v 26.191246267009767 33.65978267804354 28.150937934581233
v 26.286416006720884 33.722533068334556 30.009000782408627
v 26.414742266878868 33.7945432371079 31.83113270450663
v 26.586306545184975 33.86232324387181 33.568862064699715
v 26.815184801814343 33.90613344321603 35.11775250682956
v 27.113197947008146 33.921543049570495 36.295322926048286
v 27.551836087068846 33.87372477594114 36.87887781548431
v 26.056376134303726 34.44057488570206 19.087414059353932
v 26.009941076953208 35.0153723452126 19.965613682022422
v 26.006088745651997 35.329195021621686 21.255135098758714
v 26.011973964067902 35.528520361318286 22.784571770018253
v 26.01903318690861 35.628270554401716 24.472722669659053
v 26.0343169528779 35.67217234293344 26.24901793525637
v 26.07721097342927 35.70000103174613 28.059207129726246
v 26.167091548773307 35.73374987442119 29.866693965392898
v 26.31635213736283 35.77553059762822 31.641859510250132
v 26.530813170985297 35.814377239606706 33.336792688596375
v 26.81121718179348 35.83119462629648 34.84552181187543
v 27.154610339501993 35.828353641407794 35.954584573341634
v 27.554304932348728 35.807924160579866 36.408092682656225
v 25.3712906320684 35.61166544094643 19.336086778432612
v 26.34132053178214 36.34424131623898 19.066173875839187
v 26.083757245347112 36.67536733602551 20.21213949741
v 26.017902973214973 37.11270722420925 21.40739480511813
v 26.003308262710064 37.36683643411384 22.883271050688734
v 25.988934906411146 37.48501728783153 24.520780630904163
v 25.97849384015537 37.533996853172205 26.251467559129395
v 26.001772826883176 37.557231881706294 28.010451676120503
v 26.092575704638886 37.575002110982894 29.76159259404068
v 26.268777875828388 37.592010264425824 31.477553359951173
v 26.531354353080047 37.59729358848365 33.110085721846346
v 26.869254671973408 37.55747571517667 34.5651498255729
v 27.283693817179895 37.49511912980187 35.633207053674994
v 27.74290438482141 37.48356807662552 36.01377887067877
v 26.257869426740054 37.84363836352032 20.34220415066213
v 26.078706412440017 38.456970970092776 21.720617618295893
v 26.01866275392675 38.76661529059574 23.017336543042838
v 25.9927057113632 38.94302656188063 24.612936119720978
v 25.96959236701756 39.04418707538441 26.316608682783833
v 25.994320969756213 39.110252522094314 28.019468063162975
v 26.101473831787708 39.13020740558097 29.69006021967588
v 26.31237279491666 39.12694176453515 31.33054038600001
v 26.615372229208266 39.10026042291003 32.85406770073848
v 27.016283441272872 38.99427788125725 34.20217351055371
v 27.526186346692246 38.80390814299973 35.224253004783165
v 28.320527807566894 38.621455650502995 35.65907693277866
v 26.059703501282762 39.06320386019591 21.725339036240374
v 26.225232239934563 39.65952936153186 23.320110733292772
v 26.24006186723569 39.89623679910721 24.813296979945754
v 26.20686611553654 40.01434056809399 26.49593816346293
v 26.092532433164216 40.18359463240849 28.217792529035172
v 26.198263422112223 40.25101154488674 29.58973780121655
v 26.450511698288963 40.242921941106154 31.132902913533034
v 26.793338133240503 40.196841554623504 32.540266916083056
v 27.042886473455997 39.94277215332354 33.696528481468164
v 26.593588686525607 39.44262204663368 34.740838120306755
v 27.95970673058863 39.62866718226091 34.66616332791911
v 26.093335526641187 40.68184270201431 28.064319166279585
v 26.27555649384901 40.70903156729972 29.530128216089043
v 25.695656384347473 40.74783152818791 30.47536193560415
v 26.551213730718032 40.69424746982117 31.046766922821245
v 26.051152729026953 40.6832784644469 31.979922936241444
v 26.909868849446895 40.66162658707927 32.36569874265394
v 26.437314669874645 40.58617967893973 33.02473532517041
v 27.624334411413777 40.691746860382885 32.90043970375111
v 29.539132363987484 21.724562951233338 28.006453292079307
v 29.29305692941672 22.299845384602 27.55453241204022
v 29.68850247591686 21.712938686967384 29.088550539535962
v 29.57274787407261 22.44054992987338 29.084528693956223
v 29.21649217699975 21.761327888008523 31.146563604485795
v 29.40079285666439 22.414108855600933 31.08021653007146
v 29.381014177489185 21.996502775394877 33.160935849062625
v 29.557864625418762 22.862382594367975 33.00003748425985
v 29.644853586463242 22.267353879066178 34.881928315796856
v 29.526326491344584 22.833399209656612 34.655012821986574
v 29.515844842205464 22.30515769465187 35.29523562419017
v 29.74271451552958 23.274792522204468 35.8415980623603
v 28.372834241215095 23.432133158409982 21.485924234325502
v 28.315585380252532 24.262028498976022 20.7426262361124
v 28.689294385037652 23.279542078286326 22.274323182338676
v 28.64382898808111 23.935850234799513 22.01971274072522
v 29.091191985151625 22.90410685298782 23.928059955992218
v 28.86180912380194 23.751021571738658 23.584904463140624
v 29.38881293166844 22.584447743549088 25.6029214306716
v 29.00758045343749 23.589812449664294 25.39471936892252
v 29.12714464038976 23.511203766811445 27.23931272645498
v 29.211215384094622 23.54019445507651 29.092438111337728
v 29.303608123668766 23.679109345381466 30.938123555065452
v 29.361493818003623 23.85325532533107 32.79613862875077
v 29.42877136718841 24.076428015687767 34.520981491777846
v 29.52873924650597 24.365593602641024 35.967455103933304
v 29.718941639806545 23.944988242277475 37.03843842625487
v 29.684608411107693 24.654635881760132 37.00295298927363
v 29.044869961515705 24.016307305796474 37.606312315333646
v 29.75214992424861 24.088391030186937 37.483300594750155
v 29.879873198584942 24.800596698186137 37.41304736746747
v 27.366342694608235 25.24202189185806 18.805147356541543
v 27.87091043205203 25.21607826069421 18.817396890807874
v 27.74280718738923 25.86564199950967 18.70965461542208
v 28.102358549242926 24.960727811770052 19.364001481653073
v 28.001653133342106 25.70755207284212 19.213089639029306
v 28.280453512109922 25.469147525418 20.277023728143877
v 28.51110838180061 25.286458820463064 21.66970878561399
v 28.691944731751846 25.20001680789842 23.291706280053216
v 28.82573820500726 25.164105680418423 25.080167490525124
v 28.93160017503443 25.172293208380182 26.95122306955251
v 29.0241815770989 25.239421221882463 28.837949642242823
v 29.1017092471129 25.364535382857472 30.715554660337396
v 29.166964173579665 25.52948028534074 32.56029642444008
v 29.232610478704522 25.714603696771842 34.30904412164562
v 29.33818039387751 25.91260680880285 35.82009524873623
v 29.526781425084284 26.080190542211703 36.88892350342067
v 29.874059351214004 26.186852867268357 37.27872114819212
v 27.56897036322261 27.239084509842247 18.545853563834374
v 27.882595238476483 27.1602067803876 19.003372390393974
v 28.139465334431403 27.092161213431147 20.01375556692063
v 28.333974711242895 27.049875206606004 21.399098708197982
v 28.48271949978262 27.052932842474842 23.037394553164265
v 28.604336901977153 27.08074489286141 24.830379005323806
v 28.71408125985039 27.131758185959356 26.702172652630118
v 28.812530349590887 27.216574429110246 28.593416201063594
v 28.893789566390023 27.339585761211435 30.4688776256719
v 28.957987463267486 27.488249704889103 32.30715670453258
v 29.022903017585403 27.640957439610872 34.06072294488398
v 29.129349984056685 27.778933943920645 35.60288358097066
v 29.345646727890728 27.889171241631857 36.70063097053005
v 29.753252917490205 27.95660838820452 37.09321539537166
v 27.41023538139251 28.94483446171481 18.417003554384344
v 27.735866141819603 28.95705740214645 18.84860706621617
v 27.958676347350483 28.987713758426928 19.842859887305632
v 28.125049436458998 29.038324475889585 21.228970996905524
v 28.25485587857532 29.103179754135024 22.86488085073835
v 28.370344157754467 29.165865438965238 24.64951003553459
v 28.483167191157722 29.232969926181642 26.507927487174268
v 28.58887256296788 29.320424014855348 28.38267144573115
v 28.6774151464566 29.436054979075184 30.238469456223815
v 28.74802610818859 29.568704973064623 32.05684605409864
v 28.81880467346275 29.695627921216705 33.79987410648533
v 28.932689023915632 29.80013426874569 35.351656443908084
v 29.156785113323178 29.89187773527922 36.49807251042324
v 29.573707729122233 29.94689432816306 36.92451930182393
v 27.271794795725658 30.773411033569783 18.354951844769204
v 27.571831410124556 30.863738736167626 18.7827442067938
v 27.77090264930405 30.991452335225013 19.771631872120572
v 27.918466735738228 31.12006018393322 21.155081746964576
v 28.036112136705995 31.224800699960934 22.779354883623537
v 28.1439716434895 31.303537125884812 24.54222752079253
v 28.25203217130089 31.37188821085729 26.37054510232652
v 28.35761522577061 31.45247388732293 28.210284172248336
v 28.453923274993034 31.55529639270288 30.029574357611455
v 28.541131900366448 31.670506901506094 31.813954142912593
v 28.634449743878655 31.776870379276072 33.53149659251222
v 28.767655684976525 31.858607084809982 35.0768477314454
v 28.986739613871656 31.9112585476336 36.260441688171966
v 29.1809566425773 32.09755943495288 36.98434132526056
v 27.2218529638179 32.5926900537539 18.344191332290805
v 27.449060299421156 32.78312208967217 18.791672297689647
v 27.609621946329828 33.014432197399245 19.793933013590724
v 27.738029463326033 33.20501463337116 21.167533109124527
v 27.846371997225617 33.33745967596099 22.77131764318202
v 27.9414938098676 33.42093412731416 24.500818870900876
v 28.034043549493397 33.482701127728106 26.284126559507406
v 28.13025252371908 33.55112241998229 28.072330491188847
v 28.233182146440377 33.63841173862632 29.840329892995932
v 28.347315244963013 33.73621472729411 31.578642151172215
v 28.48146270352266 33.82573862041927 33.25784125175554
v 28.65375439280257 33.891030243998195 34.77377382809543
v 28.894644240610674 33.92611355336821 35.93723132672064
v 28.97346288461468 33.6197069047733 36.830437934356766
v 28.387037384595793 32.760841907147075 37.74056455927234
v 28.37303558149703 32.81993704600883 37.83600971145916
v 28.25498530976356 32.95719037201521 37.760916072450975
v 28.413140877200078 33.1555944761175 37.916958678873755
v 26.636852046868896 33.44958737131442 18.28173100444804
v 27.326278240159596 34.19648205830107 18.322670231804864
v 27.42133975647949 34.61335920021196 18.911291283203173
v 27.480597117694142 34.95700850975324 19.882139724931342
v 27.59575307410885 35.20521901549897 21.251547320963645
v 27.69496933902974 35.36107792765025 22.827647291987756
v 27.774656418238088 35.448464330566836 24.513708603579406
v 27.84644175516069 35.50547873751108 26.242544783347185
v 27.927723958576834 35.56463362236269 27.969145161192174
v 28.036279531677415 35.6384529430993 29.676983060319962
v 28.1828545947929 35.720535217403324 31.36136139500147
v 28.36932635565248 35.79380389067636 32.99229210887977
v 28.59879578878663 35.842221952629465 34.46043840034358
v 28.883927506617532 35.848147044205504 35.55280582258794
v 29.296184601577902 35.843218445846254 35.92756226377083
v 27.35442347893351 36.33925656285335 18.86408506415335
v 27.401523476761614 36.644831300751676 20.03791473809553
v 27.4933070018407 36.976390223656054 21.421163242283978
v 27.579473372435157 37.171582024367424 22.937339109399307
v 27.648461903118758 37.27700455275337 24.574934566619778
v 27.703821669704617 37.34901774984719 26.249023250914654
v 27.772478218519343 37.417367470150616 27.91218157154018
v 27.886914745649495 37.48823337066958 29.555940720797878
v 28.06511581150957 37.55655645572957 31.178761731603565
v 28.305002659796838 37.60743954289442 32.748665960987665
v 28.599794167407563 37.623198298905805 34.1544368771796
v 28.966075594604696 37.60732589544174 35.17052958396999
v 29.4190798320082 37.598978902623905 35.504983966701104
v 27.063100429418885 37.058667208674464 18.130961541845796
v 27.429109599878142 36.540450338538506 18.187424013359916
v 27.15635856081626 37.245060093343554 17.903256379770152
v 27.24332156673385 36.98067230583666 18.157490087521836
v 26.996170462014742 37.21210113952844 18.406462553289096
v 27.286493963808383 37.04675783128545 18.88063653077385
v 27.35461571088982 37.91060783955349 20.446389360970674
v 27.40935265220604 38.3365817388811 21.64185804582327
v 27.50157372134393 38.581214529295096 23.08659871946412
v 27.56498579057056 38.73605815139512 24.67904047823396
v 27.6076023204321 38.867748669600594 26.32365744930359
v 27.67003503266634 38.989574132743265 27.932374877034263
v 27.797951635058975 39.07058891039529 29.487686438068668
v 28.007812035291437 39.126788513852624 31.036065433568123
v 28.281141090355593 39.139436144588885 32.51647401964336
v 28.64829782885831 39.08047840754948 33.845834188279795
v 29.11156983156045 38.98217113721954 34.8285671667819
v 29.595146640417372 38.93006280522485 35.17358375702248
v 26.70711100105236 38.74361682841187 20.697836060672945
v 27.128053909103755 38.73537085250232 20.96588624128834
v 27.348749828430748 38.94098691624086 21.777147790858972
v 27.339076161907855 39.49216854453035 23.310126491406923
v 27.301020000635752 39.734294374401884 24.701349552449102
v 27.469466963192488 39.97751573894711 26.52805059876448
v 27.59745979355143 40.11781902938816 28.026594057694034
v 27.761582208263164 40.191966007262664 29.47526471665572
v 27.999468972569957 40.24163542525882 30.937550093971844
v 28.345342424675213 40.24555275515632 32.264354084866945
v 28.594815942713513 40.04146581643377 33.38505986226683
v 29.215619733944017 39.57361119652158 34.674205214122765
v 28.726561894236802 39.422785563607924 35.30027002784427
v 30.026732411560136 39.53637093818928 34.9333570900439
v 26.802171309047665 40.40616877411233 23.717291620475212
v 26.799986974158752 40.41335089241702 24.171868255398586
v 26.79399383397907 40.47493781015764 24.355886270959125
v 26.84204982730581 40.565627424433224 25.444049160924045
v 26.75542933210218 40.58795282086634 25.88079130249176
v 27.216663976931407 40.591265549318 27.034615414405984
v 27.546646374167977 40.58256222482092 28.113063793622786
v 27.74797417982157 40.64582856053102 29.47766837381199
v 28.002578996851213 40.69054618945527 30.90945250872657
v 28.376925087359687 40.69233163059766 32.1403478671557
v 29.223038171386783 40.72845833055444 32.579483487136024
v 30.276940928230548 22.055791409599887 25.232560402244594
v 30.276944245306733 22.05579120993393 25.23256006243755
v 30.99896304924659 22.87508178925258 24.281797307867606
v 30.4542240031065 21.900486429934418 26.196958217901567
v 31.03959886932485 21.92918183704714 26.443654384050312
v 31.23878773375294 22.610504506072587 25.96526080584431
v 31.437538790711557 21.885414355714204 27.706516482636985
v 31.386873189199328 22.433082117528627 27.51881640367441
v 31.55753365419768 21.896321516206033 29.1811723663048
v 31.520029057016608 22.455811347774215 29.099615580338888
v 31.607394867398323 21.900264137539764 29.903908539589953
v 31.780753287044025 22.71899892764464 30.620281371891117
v 31.33796228814235 22.257957064911057 33.77477964071256
v 31.44390705090611 22.836793897243663 32.94485372023622
v 31.16045706888559 22.251181047297226 34.26123512424231
v 31.52476860023639 22.95499073345094 34.3528918545318
v 30.57027889667377 22.446647553230168 35.22635890663437
v 31.536128195242906 23.60502270132606 35.640692319352844
v 30.250412496957896 23.58448393874199 21.627548471893427
v 30.08012621149723 24.383918388514708 20.908292404019573
v 30.689669490140435 23.43621032954107 22.4263011766233
v 30.65069310719115 24.070434122282713 22.19275385866218
v 31.05690787568838 23.87922755014425 23.71871059208499
v 31.256052048952483 23.714279323884583 25.436580248604542
v 31.362311065775057 23.648453961069492 27.197876805087766
v 31.440803347658637 23.690204677854474 28.942808799748754
v 31.470782451057115 23.8160950964833 30.7375803658934
v 31.48222469818159 23.975338256877322 32.52791868973088
v 31.490611937142862 24.180663882259147 34.210944195696435
v 31.52525693034949 24.465066370033608 35.61404355081186
v 31.248768728493907 23.92929583892171 36.60387398336257
v 31.482648436071507 24.787341791686504 36.649116530883624
v 30.591916903387908 24.23088627038731 37.346463827155354
v 31.406932765283646 25.25567476675627 37.10837279907152
v 28.429936835299486 25.180589843341913 18.81903636602279
v 28.489610996883965 25.746617856228877 18.754885592838235
v 29.387168228162732 24.959002129361515 19.618366630803965
v 29.415312287155576 25.76966002811017 19.49849685307868
v 30.05996196052012 25.58521028576593 20.44992883643657
v 30.561567796921782 25.425143427545393 21.81925503197955
v 30.891487153120977 25.320826346998864 23.39714142670062
v 31.08963932988079 25.27151358646 25.122987990747603
v 31.200853449860837 25.281087950421874 26.911714619229254
v 31.26142812395493 25.3512132518751 28.71237711659583
v 31.29186358864573 25.4708794819224 30.511886720019312
v 31.304696924063666 25.621937354623764 32.29749782178159
v 31.323081761706643 25.796834749851556 34.00080680513771
v 31.367605181873344 25.9927749001738 35.48528690534219
v 31.467551513766324 26.216168631986758 36.531490528431
v 31.71216981987955 26.39593387738775 36.91609412256245
v 28.92782009582603 27.42999441739513 18.577545441131782
v 29.454689372880395 27.43298734406435 19.132338102670467
v 29.958448917646127 27.191047952028192 20.147607599834963
v 30.366181418652275 27.14247701062451 21.523142021612394
v 30.64401790340306 27.123521296254086 23.13098993734853
v 30.829783665452165 27.14088217770622 24.877431004857346
v 30.950889491144128 27.192105115127 26.677307900859795
v 31.02504305848752 27.281962432261288 28.481042008908286
v 31.064063505618837 27.405529954191003 30.272230102844016
v 31.08073462591568 27.547487503380403 32.04405703929879
v 31.097674901657577 27.691604261773662 33.7525777157682
v 31.155845463904825 27.830831473975667 35.2645654324518
v 31.319530895987604 27.960900820031092 36.34435265068885
v 31.672990249316655 28.08905917627865 36.73362935247029
v 28.935395955354533 29.03822591551865 18.407315683330168
v 29.35416999253457 29.037709333986225 18.881434835581306
v 29.768346718989292 29.036485924391783 19.928564815752885
v 30.096953319448495 29.06061461483463 21.330536562680294
v 30.338816401810647 29.104902546836723 22.955690838002997
v 30.51734694731848 29.16230963415814 24.703061654626595
v 30.648958396854006 29.235211287259617 26.494658276889496
v 30.74106314038596 29.334786480299847 28.281488469874212
v 30.798002537441008 29.459491141193407 30.047623565543432
v 30.82808982237687 29.592723438366747 31.792610746490894
v 30.854073041688526 29.71431405688612 33.48485661659906
v 30.921267415680948 29.812973299942122 35.00255092584358
v 31.09661541670573 29.895510715747168 36.112662237113
v 31.48476673603652 29.954834115429392 36.51835856438414
v 28.77324532989573 30.77078755625659 18.32301623782879
v 29.15274160752639 30.83284693799463 18.797051517196234
v 29.49980839363189 30.945874827129046 19.84267112264951
v 29.789023068796133 31.055163369569954 21.253075764140146
v 30.01345756228372 31.149388876412665 22.873925624440552
v 30.185903300397772 31.229447158721342 24.600844350245257
v 30.32110424868488 31.312954617905753 26.361392331117173
v 30.42665055835 31.416328343295678 28.10976258207525
v 30.505972327430907 31.539406495082595 29.833142200224643
v 30.564559805225706 31.66435871926248 31.536470669826482
v 30.619310910299752 31.770104739411792 33.19584800143254
v 30.708599634897872 31.844579023504917 34.69847815971741
v 30.883859577423816 31.87944612444761 35.82737370441878
v 31.266091176763144 31.888304073558977 36.24044083313853
v 28.54079955272122 32.607788110776305 18.31628696995845
v 28.879409666351552 32.72084138606711 18.811889274585155
v 29.209613144173982 32.901294700978205 19.875159125019657
v 29.486889469191986 33.06197552158018 21.279194524403394
v 29.702547988817702 33.18444053114331 22.876832022991554
v 29.866059852969258 33.27649914970472 24.56369912291337
v 29.995211651479696 33.365268940548596 26.271297240041893
v 30.105686323315307 33.47003245643199 27.95973301531746
v 30.208067894714993 33.590333071684405 29.623598460638977
v 30.307831584027355 33.708835113029934 31.27306073985539
v 30.41249595336352 33.80521073930525 32.88714578971484
v 30.54495853701172 33.86533544368497 34.354567614050886
v 30.746050949697675 33.882211382475575 35.45428409055949
v 31.149881635094108 33.86311973844073 35.81870520956797
v 28.311770382790026 34.43456332148689 18.345932599753045
v 28.61421424849869 34.52319785924752 18.886174747158208
v 28.93947174073277 34.7865017950776 19.996759074015657
v 29.214225954524967 34.99073067750145 21.38614099502809
v 29.427226923305092 35.134263469788216 22.94925810787963
v 29.583197747958238 35.23840732782099 24.584345197063456
v 29.701768745736146 35.33677499602262 26.224361496841446
v 29.810284076947177 35.44616923951212 27.83835733935946
v 29.93230941720415 35.56603715771061 29.432636258373762
v 30.07733865535504 35.680456231263186 31.021722577847605
v 30.24293727062031 35.770330688242026 32.58272094036601
v 30.434576441008947 35.821450954517715 33.998862548203114
v 30.684850792985813 35.82134701052913 35.0397611495016
v 31.112863565045956 35.82461213696562 35.34960409129973
v 27.94785726693306 35.76702012521828 18.290327888512437
v 28.365937087396105 36.10084891681913 19.05960894769072
v 28.69060859006484 36.45328917236041 20.205919222068694
v 28.96254428179574 36.70902614269827 21.566666176011374
v 29.182847755258813 36.87721295628344 23.07597144918387
v 29.348411825077797 37.009831977165724 24.663334641623376
v 29.46198537470218 37.136850952601314 26.23255976296572
v 29.565459851606942 37.26809711711244 27.76848608813051
v 29.701452119980083 37.39637199880278 29.291123083360894
v 29.886136257173913 37.50791796536776 30.817151813123942
v 30.109716014684068 37.585218368005584 32.31825911536488
v 30.364634713267936 37.613335308099074 33.67548136118279
v 30.673893754467795 37.60244410506264 34.650032974097044
v 31.09692683324932 37.58223165332316 34.962204921352
v 27.70412693169203 36.79576419781664 18.393241187244595
v 28.150262889941025 37.008473693919775 19.347282447243124
v 28.510745687114344 37.68842377904284 20.65091799604878
v 28.720488736694264 38.04906006540006 21.822830867038295
v 28.957035415669544 38.23783788151671 23.25756185437089
v 29.15424404798837 38.40990605218628 24.80229811859464
v 29.27617417837861 38.61286724688166 26.322885220543842
v 29.365525741465486 38.81314207101988 27.790409797581514
v 29.511900606655686 38.95816783370316 29.231296811453166
v 29.738588036759616 39.070474023779866 30.6907959495977
v 30.013300636487543 39.12297740644603 32.10279876702389
v 30.32225681404104 39.08271934392951 33.39432777049749
v 30.697416165611124 38.994628772731694 34.34301690270279
v 31.1380029600156 38.936894056249315 34.6521427025667
v 28.226910065730326 38.54846426363849 21.14698080106155
v 28.56963875561298 38.64306763921515 21.956887952886593
v 28.822973021463184 38.82526480315131 23.35821749042405
v 29.053953768572207 39.01592051462594 24.90226756346676
v 29.10132235181594 39.66015217880485 26.73232721911191
v 29.187190343785996 39.93622261700811 27.919409650659027
v 29.370552895680195 40.076530161883916 29.266025753689988
v 29.63216071825884 40.183280660002474 30.656419200897044
v 29.994157894401855 40.22219017121188 31.9024974243952
v 30.425487982343917 40.12081039070542 33.020747609716885
v 30.83337670444871 39.76163429819527 34.05834154532158
v 31.488399304035806 39.51769365485022 34.4275421984498
v 28.67731865725835 40.37307118792271 27.305150525458185
v 29.100437336153462 40.3892643624343 28.022923903010387
v 29.298781925871264 40.52378416249222 29.310077176570697
v 29.583054763491536 40.63417972424957 30.67064549754775
v 30.010761689138356 40.67190375297062 31.810921962527274
v 30.836697923447748 40.69838849655433 32.379087951630936
v 31.985888214999846 21.97009609101802 26.902923911974167
v 33.154324533201894 22.840343193365182 25.96908989481729
v 32.99365764599349 22.031225397059252 27.94028601508283
v 33.397858183035524 22.722461022427606 27.58447345986765
v 33.423829109754344 22.111081107126054 29.117315266591497
v 33.51488159016502 22.677607833516177 29.024487706859812
v 33.65376828049368 22.21643572178239 30.47686640212102
v 33.66871730138489 22.934227094098254 30.537008791737442
v 33.39670133546397 22.397313507767524 32.90152617227028
v 33.42819134244901 22.951184541973113 32.528352094002486
v 33.633414330435436 22.53927950195137 33.864773481054364
v 33.61334753991085 23.311035203785394 33.914198312640124
v 31.182735779611694 23.657510200938297 21.707469597568014
v 31.67110906873088 24.479177682958525 21.288442595641982
v 32.52913856900474 23.521502770310327 22.802924895872778
v 32.652477695329196 24.29308695960389 22.517474533315347
v 33.22334755158568 23.35281180555226 24.074140358677656
v 33.185969235349965 24.01530942651926 23.890412892751232
v 33.43689354424345 23.891489344016428 25.457024004962207
v 33.51773896628169 23.839131527571684 27.1382826442557
v 33.549734713680444 23.89436551142858 28.823779410649596
v 33.52219405200259 24.018086117570792 30.56762409171976
v 33.485832013052516 24.17796087822113 32.31545763957377
v 33.4775128805638 24.38000681482081 33.93114433309123
v 33.6789756279225 23.58793236356483 35.10586997675389
v 33.478876815934036 24.655350072710444 35.26121042052517
v 33.50467522872852 24.065443487856484 35.85420541197883
v 33.44503595242426 24.95551659128434 36.03957821931932
v 30.405039679261094 24.92535946721046 20.04969659936746
v 30.519151196750066 25.625251375122282 19.910237766536103
v 31.78728204983098 25.72512939317911 20.930321745739434
v 32.57196984619811 25.558232861261704 22.065603661546923
v 33.052707726111976 25.424648379123347 23.545833479789458
v 33.304822188997946 25.378375840438423 25.17024243168314
v 33.40617019765587 25.414236795755674 26.865776322476076
v 33.423932010945684 25.507651005428517 28.58827038853905
v 33.4027465048528 25.63651985154118 30.324437549089687
v 33.370109581606286 25.782302391878925 32.059354130964195
v 33.34706650014438 25.94665656307281 33.72169658742441
v 33.3484368214375 26.155065234689822 35.15430142099144
v 33.34067585669682 26.4452050136494 36.17327218965363
v 32.475731562713854 25.658677562306902 36.86692082899118
v 33.29343037578713 27.080042059916426 36.60227048589389
v 30.914570168677805 27.597108017097415 19.41518779664419
v 31.804846743771876 27.4795087730552 20.46244072569931
v 32.38518095267873 27.216330304216417 21.746978749800558
v 32.782872067220936 27.17386318196203 23.279423503476995
v 33.025654668297705 27.192630004488787 24.944019070713193
v 33.14570350030065 27.269466409767045 26.65226324117695
v 33.18639268533552 27.385857517173246 28.36671692810422
v 33.18080101819329 27.52156907877116 30.08206774232248
v 33.15290182505785 27.65866079955437 31.797785873740246
v 33.12630861858632 27.79043359855206 33.465689480483015
v 33.132010714284114 27.927393379144913 34.94393419502376
v 33.230350566558336 28.102307643912248 35.99512813173257
v 33.53904998396106 28.280534881941044 36.37186743731519
v 29.807226417277445 28.18562525391181 18.53769612851684
v 30.259433705526618 29.239937085692716 18.507316095003013
v 30.90514325905663 29.251816598587098 19.10610562974404
v 31.55062489871715 29.066984329375863 20.148387621938504
v 32.04806470167223 29.049584423206166 21.53543437664864
v 32.40957448253596 29.0835772359841 23.1146883098975
v 32.64887770432494 29.153991476570933 24.78949949584986
v 32.789699441248835 29.25637217898247 26.488355692744246
v 32.861446044910515 29.38720110125941 28.1773100406674
v 32.885403547978 29.52893966346066 29.856274407735285
v 32.878157290565255 29.6597264584743 31.53503842897284
v 32.86299480467571 29.765350449334733 33.17970322031204
v 32.88347437674505 29.847292713679124 34.65719542369515
v 33.01495750238784 29.919507867526526 35.72263279545065
v 33.362642557078125 29.980232674552312 36.10811984714269
v 30.12999714111711 30.689184830906914 18.407994988047776
v 30.59847542105635 30.732814444255872 18.95274750717585
v 31.15691084816149 30.85142234697458 20.076075971735786
v 31.634620902390772 30.958879824141214 21.483829376279495
v 31.982077599992653 31.054863638864834 23.052403574459476
v 32.22156862706197 31.157393188632224 24.7033126057505
v 32.37849526490206 31.278427922027873 26.36558171559858
v 32.47971750588954 31.420529403478774 28.00763794680948
v 32.54179101076768 31.56696756582312 29.63352301000968
v 32.57386318498156 31.693604781000534 31.260290403165342
v 32.59288504767842 31.78255377926953 32.86298404606318
v 32.63961284291613 31.8319498679251 34.31535000356066
v 32.793444164565734 31.853743101516397 35.36665257753468
v 33.15283435928593 31.86280878822927 35.74192402925584
v 29.614880680308556 32.15371599152693 18.3321367833618
v 30.20044337256131 32.44799626372812 19.03442602061523
v 30.732248720299317 32.73011263932971 20.152701137599163
v 31.20749498397341 32.88968495126825 21.54665093005917
v 31.550724850652333 33.01399574523931 23.076000028573098
v 31.78849714549937 33.13931649260563 24.676751196872356
v 31.953468488353664 33.276175433794506 26.27572168087029
v 32.077070304412196 33.4287773928441 27.847498126223226
v 32.17902332268789 33.58064751832713 29.404494917731522
v 32.264644464618016 33.70705352917312 30.969263475261513
v 32.33991087934319 33.7897356249082 32.52003415338641
v 32.43218666830705 33.82482323129941 33.931342273763235
v 32.61533920952542 33.8249801031593 34.95106675011657
v 32.98681570554601 33.81296606753777 35.301811541709235
v 28.997191187214465 34.13768985391438 18.412060234258703
v 29.741940570055686 34.473542273610946 19.317861436961543
v 30.33968157417649 34.52999820643281 20.323077107723275
v 30.80505110667544 34.732849215685924 21.68947458398981
v 31.15164130499989 34.88135804483014 23.171761209485837
v 31.389611065473808 35.033564691939894 24.70738883887864
v 31.557299879823397 35.192899151843 26.223394878963383
v 31.69479275509156 35.36015844556167 27.707850641050673
v 31.83154282503325 35.5204979554612 29.187053870679744
v 31.97309842884843 35.65055019375561 30.68595197780553
v 32.11335365573069 35.731082976812715 32.18069541931564
v 32.263182765727564 35.7559571264674 33.543877021692296
v 32.47511960933692 35.73894950188098 34.52474989741667
v 32.84917128548093 35.71472653836171 34.854919501901115
v 28.84546291628189 35.17348152288374 18.549545224408735
v 29.356721160060715 35.7726224795876 19.50085899638492
v 29.958949419686835 36.08408147976624 20.58432629400687
v 30.43169588775291 36.3380159047186 21.899489028693523
v 30.799357732762093 36.52543094901286 23.339121563497496
v 31.051100335497413 36.735110449165376 24.809925151008823
v 31.218406408260112 36.9368378242789 26.227647408773965
v 31.361710531497227 37.130842454142694 27.619965309413384
v 31.52394371796171 37.30743101261422 29.02342201513011
v 31.713126256825447 37.44504998263058 30.45796093460692
v 31.91014043554069 37.520533895650026 31.892546586853758
v 32.10711538022382 37.52020516079231 33.202199301767614
v 32.349423015911995 37.47143858934061 34.15483594136347
v 32.71728002485142 37.421911288057245 34.47746623466124
v 29.00913184752132 36.870978926432194 19.83292244846207
v 29.46424774067137 37.43709496974905 21.04831483379772
v 29.891670205107207 37.50448696895048 21.983904666821463
v 30.456363271534407 37.794764591189846 23.60613665190611
v 30.77774887654301 38.068269658538256 24.99852681474507
v 30.93272873163154 38.35016260078156 26.3176291322493
v 31.05711278691628 38.613202344701946 27.62534136025627
v 31.23648804183866 38.81018966348568 28.95947780574691
v 31.47479067420603 38.96565259120751 30.343856941881157
v 31.720359106185878 39.03437388965234 31.687013897042785
v 31.958309919126584 38.98416867085779 32.92372049213631
v 32.2196761331445 38.87372782081835 33.867146552776795
v 32.57399648053736 38.78059892184151 34.2083832967579
v 29.045307202051386 38.344521730862354 21.44628696803317
v 29.398415696460024 38.510672417029454 22.577948245988008
v 30.162827761485783 38.536948805150885 24.06584289576792
v 30.650174532821175 38.638400998938366 25.142920332528853
v 30.661083971708514 39.381319906740046 26.706697496833645
v 30.60936353621167 39.623750863380266 27.65694982405696
v 30.9199669664076 39.89776928587516 29.121846207808613
v 31.23647182928117 40.07257718149347 30.395043344993898
v 31.58272748807825 40.118957686991294 31.572647396678224
v 31.74911361750197 39.99946166906563 32.62176168029971
v 32.01967478486633 39.7519418536765 33.59879644050108
v 32.71417585903432 39.39923567410851 34.050525821150835
v 30.15669656282537 40.10468307451612 27.23940569025632
v 30.546110472910726 40.17319002899396 27.863103725963803
v 30.597775870520636 40.48360610918087 29.582437285006254
v 31.123562814339678 40.52809377003736 30.475443537911623
v 31.534619311230607 40.57509744182266 31.538807053196095
v 31.82625235595891 40.51297735912687 32.536137690337696
v 31.323178281558945 40.52284036805425 33.196372325287115
v 31.709839760928737 40.59127103626012 33.249223336121574
v 34.83043005868292 22.307511492318767 28.346564101766113
v 35.19413939868614 23.006599185299994 27.55592263049854
v 34.73419147192446 22.266135050428737 28.931886278375735
v 35.22028854976321 22.993144871666225 29.016227168959443
v 34.231436147144976 22.30715956912561 30.785024440946774
v 35.10835436104897 23.267948861580546 30.80771291540069
v 34.178331387321364 22.458703488403163 32.48249793117039
v 35.08379318187494 23.440328126213938 32.479402598438895
v 34.30768973968419 22.647376495967425 33.871737657586515
v 35.12693535745595 23.624133491549177 33.892818608861866
v 34.38444843629329 22.697814081610023 34.42344101937872
v 34.53144479623435 22.855296916457725 34.52765946727557
v 35.25838560317594 24.09589313923748 34.93665029514209
v 34.80240227070865 23.623622503607567 23.44863469777813
v 34.46434796320262 24.344394686502145 22.924179180757477
v 35.14871516311537 23.525672834162492 24.20167840655293
v 35.15996847222366 24.17611794382605 24.05147689751101
v 35.37022469982433 23.396675342330173 25.64253943465313
v 35.407732483070546 24.09297328474054 25.4891533420068
v 35.4619229170779 24.090452429855443 27.09872676840149
v 35.440615175871294 24.186478813868867 28.77132267721112
v 35.40427138666568 24.337240586228376 30.440281198921106
v 35.351271542224175 24.49724160436492 32.13372879692609
v 35.325768193951156 24.689155159764525 33.69294101642452
v 35.29657622022266 24.936343723889255 34.935999389304065
v 35.27112994432709 24.300160488350365 35.44803933898581
v 35.480836375591046 25.112160907212164 35.444121739927425
v 33.07042181870215 24.85125682272462 21.68233682839175
v 33.7271710248385 25.878045108541244 21.554346697047425
v 34.4719736091199 25.77993320861341 22.440468505652
v 35.05404568142563 25.5200676135596 23.750507388436247
v 35.33862271726927 25.51040507630676 25.24111262189529
v 35.43018853973863 25.59520713516813 26.853063929053096
v 35.41918876568013 25.72305688960262 28.508524469884094
v 35.36738679394057 25.858757923669252 30.184926759773322
v 35.3044799442895 25.997457882078145 31.873603453289135
v 35.242183798450526 26.146827027993634 33.48844888619147
v 35.19582354919679 26.349246473932364 34.8456287554293
v 35.27008630361509 26.909567128980314 35.71164571108656
v 33.502066528125845 27.577917601583046 20.796208097361635
v 34.24409322554558 27.27437390148795 22.040246438956572
v 34.769481043316866 27.20805446072308 23.49377700424678
v 35.06321438023311 27.2565392209073 25.047113813676674
v 35.1915909423974 27.378462931907205 26.655362656700106
v 35.21564811674625 27.527190202148642 28.28440928563393
v 35.1836348033687 27.673047437986817 29.934234940814076
v 35.124840517345966 27.799522687327595 31.600217830327303
v 35.053044397478814 27.91330348382379 33.22315952354096
v 34.98913100866742 28.057306553673904 34.655825021085064
v 34.957496406738166 28.28440827178799 35.68401921984526
v 34.995478353176104 27.519543682248965 36.226641217948085
v 35.143811618270654 28.47688969646502 36.063790161077904
v 32.87944272948974 28.30501797285449 19.868035168469355
v 32.3430149236686 29.154103838736024 19.500317140603205
v 33.192548290754885 29.00936022954574 20.50610383063031
v 33.84462549624055 29.002449034456188 21.862711137853548
v 34.33765822342915 29.05921851592926 23.362824805868527
v 34.64164794085703 29.158188314352145 24.925260887103807
v 34.80618495845377 29.306566764715935 26.516048654549785
v 34.87728974295542 29.471719208027093 28.105694077193697
v 34.88621618598568 29.62457511723556 29.70431585593234
v 34.852976287951705 29.742892298679713 31.323057528007574
v 34.7926041651993 29.82281610438119 32.91906612284286
v 34.73677225778256 29.88770528140837 34.35681459756624
v 34.758691867381046 29.95549564745698 35.402121954809886
v 34.97534727997713 30.049472755635605 35.79889153736273
v 31.04901802142681 29.859373999576594 18.541227792447835
v 30.94033241457621 30.47982734716372 18.53353857425206
v 31.741101926265596 30.432773722843596 19.276387820797897
v 32.69524514627747 30.612423160436705 20.520139248540186
v 33.3281453232639 30.8403161010625 21.86565461762973
v 33.818798711373056 30.968708436395442 23.34223861368707
v 34.13580822807737 31.107473392058537 24.868907174182326
v 34.33310751474375 31.280019747975633 26.413521906000653
v 34.45282278449001 31.459018464510837 27.94337439713763
v 34.51340354553608 31.617366413677427 29.47529178735423
v 34.52633519691989 31.731205010778275 31.03195711265365
v 34.502833780463256 31.79019837073642 32.57969167291854
v 34.4756781328239 31.80273888949413 33.98519851374259
v 34.528009931413024 31.811536450297165 35.01938148231924
v 34.77534876407019 31.82200076029624 35.412562457822276
v 30.786848346540985 31.29573476024198 18.577507690540273
v 31.135597048605767 32.282938876073196 19.47494043108255
v 32.078683001491925 32.70253067044635 20.813495352571405
v 32.7831104414048 32.70889846827787 21.975599373555784
v 33.272517744905464 32.861514024819 23.395238143027054
v 33.60787334315706 33.03258658162052 24.864588575024893
v 33.83000211421186 33.231331754015464 26.332732785806247
v 33.98954040157369 33.424369597605036 27.77992439583183
v 34.10232257323746 33.59050952422817 29.233076727125763
v 34.17476141366593 33.705789335207456 30.721259939950897
v 34.21005317363515 33.758786437995646 32.21293668369741
v 34.23613444361722 33.76396630025725 33.5758503723614
v 34.3191325253664 33.7726105012705 34.56639497188283
v 34.57931294751043 33.768612197191565 34.94181453819092
v 30.707578737320873 34.13232673228622 19.7978654845531
v 31.612204076257772 34.41349260072851 21.00980157097773
v 32.279440022214814 34.44983672463592 22.1478919943497
v 32.75404642245874 34.66080710578697 23.520350930789036
v 33.10665267804595 34.87462202603754 24.915397802256816
v 33.34864617824008 35.09458803221422 26.27745998544428
v 33.5354168786274 35.307083283788344 27.62583608981153
v 33.69311754397543 35.48724498847683 28.995432277231544
v 33.82527667589552 35.609897829781175 30.414596713334507
v 33.92534767362361 35.657888789177484 31.849843082455095
v 34.00529363910653 35.64168595701276 33.16755174847429
v 34.138302104507616 35.59816010097631 34.13367053561143
v 34.40819525649781 35.61800305320165 34.47868775485226
v 30.54102491411696 35.12444232422286 20.02843257257339
v 31.136862359163363 35.68712490515023 21.21865524800519
v 31.816536746970357 35.92258913501049 22.406822096113324
v 32.30938836724081 36.22072592200225 23.728517388367287
v 32.66924079970426 36.51083941481861 25.031651678379685
v 32.921401930016614 36.77174771405418 26.26996995738616
v 33.125248838897626 37.01325816582537 27.5175316907232
v 33.31644463216414 37.214908840402025 28.810392482014777
v 33.49578917755617 37.351489965735006 30.165505492408307
v 33.647931437297686 37.39593241432749 31.54206548494782
v 33.76620924509509 37.33670864973711 32.80715248805093
v 33.79046033385632 37.13841362715452 33.74538461557221
v 34.1351723117349 37.08626314921483 34.19572061829848
v 30.722492454210414 36.71416410037585 21.54173498867277
v 31.50447857718482 36.825516637611024 22.798176406229366
v 32.039393216807916 37.390847022725154 24.174116238567347
v 32.29905863221648 37.797991920796626 25.223797216633184
v 32.54790714832482 38.102326157051394 26.332813701887073
v 32.75198702869677 38.380964530986674 27.495562202633966
v 32.97501872147343 38.61844267177968 28.736403262230358
v 33.17831114752376 38.78996861072695 30.04199545327069
v 33.345104094659966 38.840319865881185 31.33330123643097
v 33.520379337343655 38.730567554627484 32.52119442219097
v 33.562452607934816 38.53046404701392 33.441751185409025
v 33.14442503562554 38.996310638871606 34.05067539309154
v 31.6825408064103 38.17660820242801 24.60107326808843
v 32.12497475458193 38.34501961410037 25.365207366576517
v 32.0625845546516 38.98319580939832 26.56208872422391
v 32.21474896633356 39.25047952361024 27.43998636191533
v 32.5206426572324 39.51425665404526 28.934360073978358
v 32.78040047768845 39.84856085943004 30.182843643287992
v 32.92255288338352 39.866172795516135 31.220939490256583
v 33.14453218539418 39.659046058927295 32.302372408576964
v 33.53662414807887 39.23026849384483 33.342630765919
v 33.14958330278025 39.47109787922484 34.00003800882064
v 31.14143371959924 39.92929015645765 27.16080167141761
v 31.35922032222052 40.06988670110999 27.378068210233824
v 31.681161632503883 40.4027349135258 29.812931359223803
v 32.39324001727239 40.45625192792471 30.63418881238364
v 32.856541730540435 40.39430302531548 31.27299388374973
v 32.66238652364933 40.510066763196974 32.05228146883007
v 35.60173790015784 22.439001649531832 28.312293824704852
v 36.46286088537014 23.34003975754654 27.732075199599194
v 35.83947829315284 22.553952704431424 28.50626693930552
v 36.841047439208005 23.781394813013296 28.91930914000138
v 35.752977629727646 23.671011643696684 23.59958696214916
v 36.26901820446475 24.394227020836716 23.505107141836323
v 36.587168548084215 23.655641177313843 24.411251487341687
v 36.73235381057596 24.426709594442077 24.292304001700117
v 36.66714022531483 23.54746919181796 25.383796371108424
v 37.003986999529225 24.35728419649553 25.55203500973127
v 37.024042819986 24.553984214579824 27.311441744656513
v 37.03694682953058 24.587718847144345 28.7785210472731
v 36.87361436019696 24.04459389566246 30.511789316908228
v 37.002784657772516 24.749014037318005 30.372911351713075
v 36.81562793565655 24.202750100325154 32.14570050457824
v 36.929566703582495 24.883330728387755 32.003584194081064
v 36.7419632828115 24.353917555071163 33.59092921749813
v 36.8238819509767 25.03890490400323 33.50945598005362
v 36.489495941144014 24.4027768974127 34.59133427626936
v 36.704613162418326 25.265012971918942 34.678134832752264
v 36.17092416997183 24.566358954635582 35.303669289454334
v 36.64612541307281 25.71860317813882 35.24107247326188
v 36.032041567809415 25.771523732857702 22.898404733582083
v 36.69086288896235 25.636462262630218 24.005737181993684
v 37.02812223799817 25.715286042855844 25.394930423258476
v 37.15442712617915 25.855011281260428 26.909280293380405
v 37.14792782576375 25.998999498241677 28.496665572900348
v 37.09817931734367 26.139682142976895 30.11898050289515
v 37.0107850234122 26.262827734058767 31.755280880620766
v 36.87168458485332 26.3879665890588 33.30192081393021
v 36.704585386992946 26.594385952596923 34.58181996142357
v 36.51533762730243 26.973730238682283 35.36808940755479
v 34.79294855114423 26.51346911088558 21.612014192377735
v 34.91283553297103 27.57352389307442 21.286553705072166
v 35.82098938237117 27.35563552981279 22.505596260709293
v 36.424624059898974 27.224776207287423 23.800678286515932
v 36.79522544213929 27.352519772536844 25.241723048605298
v 36.96536918603387 27.519239425837846 26.73657762087992
v 37.00832447948735 27.694832151002988 28.278446383231838
v 36.98652606780157 27.843912528447557 29.866841544594017
v 36.907729474470116 27.954604759996094 31.47224883955331
v 36.76562973370279 28.043821959711114 33.022041125280495
v 36.551707513058375 28.2015639808497 34.39595061561237
v 36.285313631008634 28.485220625072657 35.43328866203767
v 35.834549149654265 27.786513926917195 36.0721613312373
v 36.053122503719905 29.09452577410516 35.894880196586485
v 33.672208213753855 28.33099913260501 20.06071861173673
v 33.53776370166841 28.862812451044007 20.018372961872316
v 34.4117354003705 28.74253393315831 20.969399267081528
v 35.382647512188065 28.842256969803802 22.33876655446588
v 35.94540890444415 29.01773326402714 23.709555381303062
v 36.337261653684116 29.182229552281726 25.156893073771908
v 36.57611598128908 29.377071580661124 26.63214837339801
v 36.6864927052736 29.567998769248355 28.11648280888983
v 36.718024459701006 29.722006006357397 29.6385223425009
v 36.67274849914242 29.81806590375586 31.186867505717526
v 36.54074807326975 29.86820609061021 32.70985496456664
v 36.323729899462336 29.909135857125886 34.10444005413965
v 36.09956565930594 30.031156266202448 35.178755930268366
v 36.07376716022965 30.19225674054344 35.64439521497616
v 33.35251468493449 29.563375843212746 20.02686131485801
v 33.78557764656818 30.460776068527295 21.154024001990155
v 34.69885748789504 30.854102378892048 22.562851591665694
v 35.34752320708998 30.886501933207512 23.741879180768116
v 35.75984526714095 31.091408009383365 25.135059878964203
v 36.06733883157902 31.313834673963363 26.56418272422661
v 36.24673530744136 31.50534170118352 27.96513086927261
v 36.33873529345057 31.655826326412086 29.40667196413202
v 36.34423864771956 31.742941008896253 30.887032467963728
v 36.25111545857313 31.77003840763808 32.36131414073763
v 36.07036239674535 31.75741465164831 33.72744612176426
v 35.83661861807913 31.582255797268765 34.761308925544036
v 35.849570873009355 31.69834899536555 35.33311063051336
v 33.213570923300566 32.39557771702838 21.460336148350418
v 34.097951051713 32.664192816060876 22.702198061213096
v 34.73656849862611 32.71562980494703 23.834349835079422
v 35.16029867045338 32.99574545360475 25.165915429514406
v 35.51157620585162 33.23831799843937 26.50010079985554
v 35.74522759809092 33.42669290744297 27.800851047790637
v 35.88881227922528 33.58081969057097 29.15747016811438
v 35.9494289650432 33.66841390103385 30.57095793063603
v 35.91767067445195 33.68746849895553 31.993578862170192
v 35.8036591915356 33.70167148243882 33.30602710054937
v 35.68355403627717 33.78148754454355 34.303127604183096
v 35.56174209582299 34.47835478417786 34.59349427828124
v 32.67225556829757 34.064513680476665 21.65082399473084
v 33.37234564223294 34.14871748378483 22.662697509575732
v 34.15187004474243 34.41817163732407 24.003832362942426
v 34.60320706906368 34.79192909112279 25.23418274087343
v 34.97415481480065 35.0524956534832 26.436363762329815
v 35.23308352285203 35.26225575873665 27.634911734180864
v 35.41479693511572 35.43250990126413 28.90760945679898
v 35.52906173251086 35.52591409039518 30.25899277101582
v 35.5639593433837 35.5397903710773 31.63282015828018
v 35.53046852660785 35.495124154656196 32.90478272836299
v 35.521683203592886 35.49885056916461 33.87242212796715
v 35.639237964493695 35.612865209528366 34.24278943105216
v 32.41914969719194 34.99375108454433 21.853476330975525
v 32.779125330391985 35.71541002581765 23.066081162442405
v 33.55321609955838 36.1889423789697 24.383759021969272
v 34.113943612755435 36.351560680556716 25.34227408039881
v 34.47933800409371 36.64688037011259 26.40338480032224
v 34.75532343187366 36.89603146372907 27.506353995539996
v 34.96546575998748 37.09877660306737 28.70520012050783
v 35.10839534174395 37.19769182052325 29.9902666848309
v 35.19027260150591 37.186722510903586 31.318162323385664
v 35.226528394123456 37.094130586097194 32.5383573595867
v 35.27280157885486 36.78526916526931 33.436318021773175
v 35.86374806735096 36.220971870820875 34.05958915624277
v 32.58796180766761 36.622960563173066 23.48349111519767
v 33.10394778101966 37.21920063372102 24.656802531519403
v 33.67090139325639 37.54547483238762 25.506140278555115
v 34.04302687997571 37.888601365226236 26.44126056422605
v 34.34033504809909 38.160367350273624 27.46566038170959
v 34.57723843927511 38.4043078084718 28.62369365201344
v 34.7154692871834 38.5443822818881 29.860643861256033
v 34.789600329263685 38.5359648551064 31.14509714678958
v 34.794002621206744 38.32886084385455 32.22223736004283
v 35.08451689320501 38.186262656157794 32.83321154307414
v 32.72279047481082 38.0063405383445 24.945542393633062
v 33.36058398287355 38.25535845028808 25.77879118515739
v 33.823937082779 38.41763480897569 26.48545349055582
v 34.14749935377119 38.70719086757708 27.480953403266685
v 34.410400696484224 38.98339696625004 28.618093520837274
v 34.258311686634215 39.4248487273598 29.98865609500057
v 34.31506663642689 39.44742107490093 30.987226630495392
v 34.71637891688897 38.99883870517659 32.16368635657269
v 34.57332891557666 39.05418257555829 32.82423572171589
v 33.409608629057495 40.283354000165964 30.636514563691414
v 33.64342613470528 40.364622532658 30.869985308323447
v 37.423641272637866 23.75162826685472 24.68368434215796
v 37.50236448276519 24.423255116492072 24.411741240346153
v 37.63449727858827 23.85003243560311 24.896731534169593
v 38.19716446998252 25.074379365725928 25.782833934461234
v 37.465689710028386 24.00647758222362 28.09951442131626
v 38.218981994165404 25.017230866837203 27.37745613586884
v 37.56479517197574 24.109583914718375 28.950607785909238
v 38.251537935197106 25.183463853554002 28.86408401953887
v 37.57606676524919 24.299181853807102 30.45763894922198
v 38.215829728759736 25.32851545463182 30.455968389139073
v 37.51118786004431 24.443402338085875 32.065652505192226
v 38.090919094351875 25.41953857329535 32.00074991033696
v 37.38870374916716 24.550428538853534 33.475270953237256
v 37.77786687315016 25.36991550250985 33.31523649090795
v 37.33471052267394 24.69680851603008 34.210909421216805
v 37.39088301341884 25.740209959118907 34.54015114806134
v 37.12892401918147 24.807489800627202 23.574934727319043
v 37.109164557855266 25.538054776948712 23.442650473426905
v 37.815350089211584 25.95149340222941 24.495860938930925
v 38.261319927621585 26.12129367046218 25.767195345680243
v 38.4331685457001 26.159421482438457 27.0634612430689
v 38.484406915420756 26.325669292496283 28.5663206156292
v 38.46697515180511 26.47253530572361 30.13879403559303
v 38.32768335916245 26.574123998168716 31.66764180217544
v 38.08175741804737 26.69755863002514 33.088105849773925
v 37.59799391316034 26.920128408282654 34.358655656834884
v 37.250445925774166 26.13632367969083 35.11757970931484
v 37.19712810188645 27.33106482391988 35.1052724894944
v 36.69126366005666 27.200185632227797 22.832438241300274
v 37.66162600508972 27.371901015766394 24.399581636349303
v 38.11301618879117 27.434494298060308 25.55938995905214
v 38.29581079594758 27.66283404424297 26.935668206768632
v 38.422176329818825 27.88912022834163 28.415174979880817
v 38.46854034685683 28.053936897509054 29.923939056510523
v 38.338296145048226 28.130285390994512 31.41636865260641
v 38.072798979238705 28.232214799791517 32.834708317219025
v 37.674344614366824 28.233100395437898 34.02785663670459
v 36.827251826033184 29.00182806544525 35.27800015983259
v 35.89815822016926 27.88009065365502 21.73097404777474
v 36.00939526637309 27.977120662238246 21.86579416303676
v 36.41565398006878 28.694096011777457 23.01270544146908
v 37.04312548254514 28.821527152360076 24.186260623437718
v 37.670654588842694 29.08443170946159 25.564359579955713
v 37.93661015284856 29.443137860774872 26.882035580040284
v 38.139978619447966 29.67555806423017 28.279022569331577
v 38.26922764959788 29.82838499102645 29.709973668833847
v 38.201403570309665 29.90431495638093 31.119159690815593
v 37.949776519697146 29.944440194198634 32.50232841391002
v 37.509088938153866 29.853574917511473 33.747439475706365
v 36.57537579343949 30.160754515587268 35.233175375033284
v 36.530199980561726 29.47780284575651 35.79583607370668
v 36.42553190920836 30.550283472691582 35.63429118881333
v 35.78990155971048 30.561614757963685 23.20157314708586
v 36.12909789138848 30.87959158992645 24.147017196819462
v 36.94530327856411 31.248388663062414 25.737550254492827
v 37.433066727551925 31.340074913086795 26.848129838051424
v 37.71067345338177 31.545409193029325 28.134496087830435
v 37.903447132284846 31.65942818755195 29.481694527117153
v 37.90346970805766 31.699340421415037 30.821261960260955
v 37.70180786314272 31.739020358368457 32.15357779850749
v 37.29075927670617 31.603477521095115 33.38071554943232
v 36.43213729140295 31.65684367298308 34.85616189490664
v 36.382923660045996 31.226579035510756 35.536874578075015
v 35.127320915280485 32.33038650507274 23.322917014186388
v 35.498186657432456 32.69794111423457 24.26276491633967
v 36.34624911721636 33.13901946829392 25.77252765966786
v 36.86135491681948 33.23687000604711 26.787016404334345
v 37.183155073792996 33.39939395186934 27.95392054575518
v 37.41771581682994 33.4802210778376 29.222630055060005
v 37.44944080050548 33.532804218794084 30.528160329955025
v 37.29434747295242 33.60353810317785 31.836774007132746
v 36.977358727483924 33.49827162350411 33.00066993817256
v 36.21579020988976 34.43295582326584 34.066476304515945
v 34.82252067912717 33.35620089002157 23.50063356924994
v 35.05995320288332 34.36357891745102 24.640504598155733
v 35.775285719504886 34.897594515847516 25.80017117631347
v 36.28693903268433 35.00524246998536 26.6962207732093
v 36.612480478758364 35.18250395520073 27.765231197442063
v 36.821851278598174 35.31016903869741 28.96669710714212
v 36.88213041378994 35.36869446763771 30.242674150742484
v 36.82000775021789 35.39874526740074 31.55144095956964
v 36.677145306619394 35.451606358121836 32.7448260130571
v 36.29720871231336 35.67601832618131 33.72734919882179
v 36.074216878187265 34.97115022046489 34.3832444040502
v 36.17477130968401 35.8594735682443 34.15075682848508
v 34.54500243906892 35.9881465566185 24.945269381910666
v 35.263405843124374 36.38848484416878 25.84219378866575
v 35.765470605924556 36.52544052212071 26.638270276605795
v 36.054736936958534 36.775387263234855 27.62632468164837
v 36.26685103332163 36.94598215847807 28.757424870310672
v 36.36343978407388 36.989007350520524 30.002552327261046
v 36.31208076554128 36.85757094471448 31.193050853025746
v 36.24528559603632 36.73178702968312 32.455422187063895
v 36.31701101940426 36.55545887085851 33.36562269109887
v 36.31006694264613 36.26202962052072 34.05055215564471
v 34.32307067126887 36.84089948086053 25.12027688026766
v 34.820813966850054 37.362381054318604 25.94024934753537
v 35.20271984185483 37.54779871226828 26.557722138560877
v 35.61765475227336 37.970074180694226 27.613765966544847
v 35.754599771924106 38.131162291628975 28.549754314252617
v 35.81540448357513 38.164071083096765 29.800818422448238
v 35.86074541618231 38.089487892501815 31.06101323232782
v 35.59072214891583 38.10915092795312 32.28149041736624
v 35.86584665767847 37.78643512748473 32.87625688530345
v 34.378309135848625 38.11811087862281 26.09551064792064
v 34.74852141049819 38.409088527892436 26.85289835379347
v 35.332945624595844 38.65920556322563 27.83498663257354
v 35.649292549066644 38.771665924141075 28.639959208343164
v 35.26247496627781 39.00040596866065 30.237281610467175
v 35.274526682148455 38.93409973496873 31.427275256622035
v 35.389675182742316 38.93688302031408 31.910080557743502
v 38.8720503186495 25.525455492149824 26.371458026523936
v 38.8524497502718 26.188666739845562 25.974478179464352
v 38.95423830053156 25.561821815389052 27.197270005202377
v 38.98339138340677 26.32550416699257 27.328554150092266
v 38.99282839433044 25.713868752369393 28.696681814711553
v 39.357343235057854 26.81904874424376 28.992929963918886
v 38.96870346168356 25.857683676848207 30.25551377425673
v 39.31493467547403 26.848290373281735 30.210037148329658
v 38.79837266138032 25.911869993898083 31.717559943399312
v 38.87910925626647 26.747733765194997 31.795364006852324
v 38.694061905816156 26.040148914611848 32.52371342710066
v 38.65870267923222 27.240422310817998 32.87834059907418
v 38.61072829591282 26.610083169783216 25.01758371641981
v 38.511524445592286 27.224259150147866 25.017540254592475
v 38.71488305892322 27.454672751540183 25.91783880360121
v 38.90163606688253 27.77553625211491 27.274779993787632
v 39.39566646987557 28.238272275789917 28.931018512849132
v 39.560601356682106 28.35049953207661 30.007196403562777
v 39.18621978107966 28.450960269908727 31.33443070851412
v 38.60146759253595 28.393689935784476 32.866523071088714
v 38.473626911797105 27.591220278305542 33.53023906874727
v 38.49066782387363 28.9169278750809 33.26430841497072
v 38.39958992902733 28.015067372338272 25.088104739314808
v 38.41574143636857 29.06276389949675 26.16854262546115
v 38.580404083920115 29.519135238243095 27.249036526428995
v 39.166207525635926 29.884624978651427 28.819130950934166
v 39.40517081565875 29.95301830980114 29.87592624730986
v 39.29952439828588 30.10131108294843 31.02183763584992
v 38.78695396694579 30.213721784743424 32.27661477938766
v 38.393839108084556 30.59420408829664 32.87234791379288
v 37.852802889308954 31.04807950261205 26.33824118541284
v 38.086871802848506 31.413467596538144 27.20942806082807
v 38.76734336842128 31.645131266672152 28.658874180377154
v 39.07914251211646 31.598753890690606 29.684805202748702
v 39.052159577672796 31.656734837207757 30.81600851642392
v 38.773460476214844 31.619320851822575 31.857021429523023
v 38.13227902377438 32.35173782326604 32.52775651844604
v 37.25115941576429 32.96381055208842 26.350150992888377
v 37.532175971060724 33.271299376427265 27.114951811801213
v 38.273561080656556 33.34344660242199 28.452084560581426
v 38.567990791505714 33.111202888061854 29.344605280736427
v 38.54173676560873 33.077741554216956 30.558196752289163
v 38.3449638417911 33.20256654444501 31.683407996825995
v 37.65500868710938 34.24441615113841 32.335728443967454
v 36.66810661966832 34.72958692313426 26.310524897487515
v 36.949917934530596 35.004407804320444 26.989875094113263
v 37.55922638476866 34.913699962928256 28.112833930306603
v 37.94575542549292 34.746348397998815 29.10660309131031
v 37.459050441558645 35.28094380774422 30.437721513202714
v 37.2890678747523 35.41001541851988 31.666104743086652
v 37.074995412813415 35.933801041228115 32.60078965862149
v 36.1368272978982 36.2021354618927 26.273635736273597
v 36.406057451525456 36.47809075916144 26.894316416443846
v 36.70281639752972 36.70467520300374 27.867650892218382
v 36.82305106866677 36.88823215267938 28.980359164095255
v 36.852882831004706 36.91730910629114 30.234597907455043
v 36.91574435997352 36.7475598037981 31.437484379879205
v 36.95891926289221 36.275251225057545 32.9375785100498
v 36.992083316473014 36.108482974201415 33.2184772026379
v 37.03708620702416 36.38475699801603 33.28881446016173
v 35.910934607104366 36.96941735019769 26.323308522878285
v 36.21914310589594 37.285014841204216 27.048092627527364
v 36.31178083748776 37.92933397849526 28.01042898852081
v 36.44925837737907 38.038272803250024 28.800554778056302
v 36.66948029298512 37.629312211256526 30.322773169295196
v 36.75505010684568 37.67934566874708 30.859657271096033
v 36.140726036122786 38.589594477438666 28.092800807131628
v 36.32136554255085 38.7510905676649 28.346328070610404
v 40.03412901598645 27.5880893121748 29.427503626319385
v 40.03027280685333 28.314277046850005 29.42053257758702
v 40.13897173794595 27.688461395207263 29.57553624633548
v 40.07643375074865 28.952566844357108 29.937035947010088
v 39.8724674208565 29.79724569206923 29.367954008480027
v 39.887224149627045 30.097572783766935 30.042404230307387
v 40.0183047066206 29.36762870908853 30.491635554492774
v 39.766251110739724 30.70372907423046 30.846988544435494
v 39.53046739379508 31.406263081409094 29.220514172164133
v 39.57648754144619 31.61405745056013 29.909499666162848
v 39.51934363888406 31.699827666064902 30.918314265244096
v 39.64319190322109 31.035255891699613 31.393305420093995
v 39.53976798576992 32.02569619191202 31.312876241534422
v 39.088206658419246 32.955554958667825 28.9960799907767
v 39.269820768779326 32.86788358902317 29.654721325634252
v 39.42200628896073 32.3602615300817 31.02034278495634
v 39.47040997616021 32.552666862755196 31.362705190247148
v 38.875276528014844 33.76764407219344 28.85398508801455
v 39.050897846355824 33.879690298620915 29.096294989322534
t 0 1 3 4
t 1 2 3 6
t 1 4 5 6
t 1 3 4 6
t 0 1 3 5
t 3 6 5 7
t 0 5 4 6
t 0 6 3 2
t 0 3 5 6
t 4 5 7 8
t 5 6 7 10
t 5 8 9 10
t 5 7 8 10
t 4 5 7 9
t 7 10 9 11
t 4 9 8 10
t 4 10 7 6
t 4 7 9 10
t 8 9 11 12
t 9 10 11 14
t 9 12 13 14
t 9 11 12 14
t 8 9 11 13
t 11 14 13 15
t 8 13 12 14
t 8 14 11 10
t 8 11 13 14
t 12 13 15 16
t 13 14 15 18
t 13 16 17 18
t 13 15 16 18
t 12 13 15 17
t 15 18 17 19
t 12 17 16 18
t 12 18 15 14
t 12 15 17 18
t 10 11 21 14
t 11 20 21 22
t 11 14 15 22
t 11 21 14 22
t 10 11 21 15
t 21 22 15 23
t 10 15 14 22
t 10 22 21 20
t 10 21 15 22
t 14 15 23 18
t 15 22 23 24
t 15 18 19 24
t 15 23 18 24
t 14 15 23 19
t 23 24 19 25
t 14 19 18 24
t 14 24 23 22
t 14 23 19 24
t 26 27 29 30
t 27 28 29 32
t 27 30 31 32
t 27 29 30 32
t 26 27 29 31
t 29 32 31 33
t 26 31 30 32
t 26 32 29 28
t 26 29 31 32
t 30 31 33 34
t 31 32 33 36
t 31 34 35 36
t 31 33 34 36
t 30 31 33 35
t 33 36 35 37
t 30 35 34 36
t 30 36 33 32
t 30 33 35 36
t 34 35 37 20
t 35 36 37 38
t 35 20 21 38
t 35 37 20 38
t 34 35 37 21
t 37 38 21 39
t 34 21 20 38
t 34 38 37 36
t 34 37 21 38
t 28 29 41 32
t 29 40 41 42
t 29 32 33 42
t 29 41 32 42
t 28 29 41 33
t 41 42 33 43
t 28 33 32 42
t 28 42 41 40
t 28 41 33 42
t 32 33 43 36
t 33 42 43 44
t 33 36 37 44
t 33 43 36 44
t 32 33 43 37
t 43 44 37 45
t 32 37 36 44
t 32 44 43 42
t 32 43 37 44
t 46 47 49 40
t 47 48 49 50
t 47 40 41 50
t 47 49 40 50
t 46 47 49 41
t 49 50 41 51
t 46 41 40 50
t 46 50 49 48
t 46 49 41 50
t 40 41 51 42
t 41 50 51 52
t 41 42 43 52
t 41 51 42 52
t 40 41 51 43
t 51 52 43 53
t 40 43 42 52
t 40 52 51 50
t 40 51 43 52
t 42 43 53 44
t 43 52 53 54
t 43 44 45 54
t 43 53 44 54
t 42 43 53 45
t 53 54 45 55
t 42 45 44 54
t 42 54 53 52
t 42 53 45 54
t 48 49 57 50
t 49 56 57 58
t 49 50 51 58
t 49 57 50 58
t 48 49 57 51
t 57 58 51 59
t 48 51 50 58
t 48 58 57 56
t 48 57 51 58
t 60 61 63 64
t 61 62 63 1
t 61 64 65 1
t 61 63 64 1
t 60 61 63 65
t 63 1 65 66
t 60 65 64 1
t 60 1 63 62
t 60 63 65 1
t 64 65 66 67
t 65 1 66 5
t 65 67 68 5
t 65 66 67 5
t 64 65 66 68
t 66 5 68 69
t 64 68 67 5
t 64 5 66 1
t 64 66 68 5
t 70 71 72 73
t 71 9 72 13
t 71 73 74 13
t 71 72 73 13
t 70 71 72 74
t 72 13 74 75
t 70 74 73 13
t 70 13 72 9
t 70 72 74 13
t 73 74 75 76
t 74 13 75 17
t 74 76 77 17
t 74 75 76 17
t 73 74 75 77
t 75 17 77 78
t 73 77 76 17
t 73 17 75 13
t 73 75 77 17
t 76 77 78 79
t 77 17 78 81
t 77 79 80 81
t 77 78 79 81
t 76 77 78 80
t 78 81 80 82
t 76 80 79 81
t 76 81 78 17
t 76 78 80 81
t 83 84 86 62
t 84 85 86 87
t 84 62 63 87
t 84 86 62 87
t 83 84 86 63
t 86 87 63 88
t 83 63 62 87
t 83 87 86 85
t 83 86 63 87
t 62 63 88 1
t 63 87 88 3
t 63 1 66 3
t 63 88 1 3
t 62 63 88 66
t 88 3 66 89
t 62 66 1 3
t 62 3 88 87
t 62 88 66 3
t 1 66 89 5
t 66 3 89 7
t 66 5 69 7
t 66 89 5 7
t 1 66 89 69
t 89 7 69 90
t 1 69 5 7
t 1 7 89 3
t 1 89 69 7
t 5 69 90 9
t 69 7 90 11
t 69 9 72 11
t 69 90 9 11
t 5 69 90 72
t 90 11 72 91
t 5 72 9 11
t 5 11 90 7
t 5 90 72 11
t 9 72 91 13
t 72 11 91 15
t 72 13 75 15
t 72 91 13 15
t 9 72 91 75
t 91 15 75 92
t 9 75 13 15
t 9 15 91 11
t 9 91 75 15
t 13 75 92 17
t 75 15 92 19
t 75 17 78 19
t 75 92 17 19
t 13 75 92 78
t 92 19 78 93
t 13 78 17 19
t 13 19 92 15
t 13 92 78 19
t 17 78 93 81
t 78 19 93 94
t 78 81 82 94
t 78 93 81 94
t 17 78 93 82
t 93 94 82 95
t 17 82 81 94
t 17 94 93 19
t 17 93 82 94
t 81 82 95 96
t 82 94 95 98
t 82 96 97 98
t 82 95 96 98
t 81 82 95 97
t 95 98 97 99
t 81 97 96 98
t 81 98 95 94
t 81 95 97 98
t 100 101 103 85
t 101 102 103 104
t 101 85 86 104
t 101 103 85 104
t 100 101 103 86
t 103 104 86 105
t 100 86 85 104
t 100 104 103 102
t 100 103 86 104
t 85 86 105 87
t 86 104 105 27
t 86 87 88 27
t 86 105 87 27
t 85 86 105 88
t 105 27 88 106
t 85 88 87 27
t 85 27 105 104
t 85 105 88 27
t 87 88 106 3
t 88 27 106 31
t 88 3 89 31
t 88 106 3 31
t 87 88 106 89
t 106 31 89 107
t 87 89 3 31
t 87 31 106 27
t 87 106 89 31
t 3 89 107 7
t 89 31 107 35
t 89 7 90 35
t 89 107 7 35
t 3 89 107 90
t 107 35 90 108
t 3 90 7 35
t 3 35 107 31
t 3 107 90 35
t 7 90 108 11
t 90 35 108 21
t 90 11 91 21
t 90 108 11 21
t 7 90 108 91
t 108 21 91 109
t 7 91 11 21
t 7 21 108 35
t 7 108 91 21
t 11 91 109 15
t 91 21 109 23
t 91 15 92 23
t 91 109 15 23
t 11 91 109 92
t 109 23 92 110
t 11 92 15 23
t 11 23 109 21
t 11 109 92 23
t 15 92 110 19
t 92 23 110 25
t 92 19 93 25
t 92 110 19 25
t 15 92 110 93
t 110 25 93 111
t 15 93 19 25
t 15 25 110 23
t 15 110 93 25
t 19 93 111 94
t 93 25 111 112
t 93 94 95 112
t 93 111 94 112
t 19 93 111 95
t 111 112 95 113
t 19 95 94 112
t 19 112 111 25
t 19 111 95 112
t 94 95 113 98
t 95 112 113 114
t 95 98 99 114
t 95 113 98 114
t 94 95 113 99
t 113 114 99 115
t 94 99 98 114
t 94 114 113 112
t 94 113 99 114
t 102 103 117 104
t 103 116 117 118
t 103 104 105 118
t 103 117 104 118
t 102 103 117 105
t 117 118 105 119
t 102 105 104 118
t 102 118 117 116
t 102 117 105 118
t 104 105 119 27
t 105 118 119 29
t 105 27 106 29
t 105 119 27 29
t 104 105 119 106
t 119 29 106 120
t 104 106 27 29
t 104 29 119 118
t 104 119 106 29
t 27 106 120 31
t 106 29 120 33
t 106 31 107 33
t 106 120 31 33
t 27 106 120 107
t 120 33 107 121
t 27 107 31 33
t 27 33 120 29
t 27 120 107 33
t 31 107 121 35
t 107 33 121 37
t 107 35 108 37
t 107 121 35 37
t 31 107 121 108
t 121 37 108 122
t 31 108 35 37
t 31 37 121 33
t 31 121 108 37
t 35 108 122 21
t 108 37 122 39
t 108 21 109 39
t 108 122 21 39
t 35 108 122 109
t 122 39 109 123
t 35 109 21 39
t 35 39 122 37
t 35 122 109 39
t 21 109 123 23
t 109 39 123 124
t 109 23 110 124
t 109 123 23 124
t 21 109 123 110
t 123 124 110 125
t 21 110 23 124
t 21 124 123 39
t 21 123 110 124
t 23 110 125 25
t 110 124 125 126
t 110 25 111 126
t 110 125 25 126
t 23 110 125 111
t 125 126 111 127
t 23 111 25 126
t 23 126 125 124
t 23 125 111 126
t 25 111 127 112
t 111 126 127 128
t 111 112 113 128
t 111 127 112 128
t 25 111 127 113
t 127 128 113 129
t 25 113 112 128
t 25 128 127 126
t 25 127 113 128
t 112 113 129 114
t 113 128 129 130
t 113 114 115 130
t 113 129 114 130
t 112 113 129 115
t 129 130 115 131
t 112 115 114 130
t 112 130 129 128
t 112 129 115 130
t 116 117 133 118
t 117 132 133 47
t 117 118 119 47
t 117 133 118 47
t 116 117 133 119
t 133 47 119 134
t 116 119 118 47
t 116 47 133 132
t 116 133 119 47
t 118 119 134 29
t 119 47 134 41
t 119 29 120 41
t 119 134 29 41
t 118 119 134 120
t 134 41 120 135
t 118 120 29 41
t 118 41 134 47
t 118 134 120 41
t 29 120 135 33
t 120 41 135 43
t 120 33 121 43
t 120 135 33 43
t 29 120 135 121
t 135 43 121 136
t 29 121 33 43
t 29 43 135 41
t 29 135 121 43
t 33 121 136 37
t 121 43 136 45
t 121 37 122 45
t 121 136 37 45
t 33 121 136 122
t 136 45 122 137
t 33 122 37 45
t 33 45 136 43
t 33 136 122 45
t 37 122 137 39
t 122 45 137 138
t 122 39 123 138
t 122 137 39 138
t 37 122 137 123
t 137 138 123 139
t 37 123 39 138
t 37 138 137 45
t 37 137 123 138
t 39 123 139 124
t 123 138 139 140
t 123 124 125 140
t 123 139 124 140
t 39 123 139 125
t 139 140 125 141
t 39 125 124 140
t 39 140 139 138
t 39 139 125 140
t 124 125 141 126
t 125 140 141 142
t 125 126 127 142
t 125 141 126 142
t 124 125 141 127
t 141 142 127 143
t 124 127 126 142
t 124 142 141 140
t 124 141 127 142
t 126 127 143 128
t 127 142 143 144
t 127 128 129 144
t 127 143 128 144
t 126 127 143 129
t 143 144 129 145
t 126 129 128 144
t 126 144 143 142
t 126 143 129 144
t 146 147 149 132
t 147 148 149 150
t 147 132 133 150
t 147 149 132 150
t 146 147 149 133
t 149 150 133 151
t 146 133 132 150
t 146 150 149 148
t 146 149 133 150
t 132 133 151 47
t 133 150 151 49
t 133 47 134 49
t 133 151 47 49
t 132 133 151 134
t 151 49 134 152
t 132 134 47 49
t 132 49 151 150
t 132 151 134 49
t 47 134 152 41
t 134 49 152 51
t 134 41 135 51
t 134 152 41 51
t 47 134 152 135
t 152 51 135 153
t 47 135 41 51
t 47 51 152 49
t 47 152 135 51
t 41 135 153 43
t 135 51 153 53
t 135 43 136 53
t 135 153 43 53
t 41 135 153 136
t 153 53 136 154
t 41 136 43 53
t 41 53 153 51
t 41 153 136 53
t 43 136 154 45
t 136 53 154 55
t 136 45 137 55
t 136 154 45 55
t 43 136 154 137
t 154 55 137 155
t 43 137 45 55
t 43 55 154 53
t 43 154 137 55
t 45 137 155 138
t 137 55 155 156
t 137 138 139 156
t 137 155 138 156
t 45 137 155 139
t 155 156 139 157
t 45 139 138 156
t 45 156 155 55
t 45 155 139 156
t 138 139 157 140
t 139 156 157 158
t 139 140 141 158
t 139 157 140 158
t 138 139 157 141
t 157 158 141 159
t 138 141 140 158
t 138 158 157 156
t 138 157 141 158
t 140 141 159 142
t 141 158 159 160
t 141 142 143 160
t 141 159 142 160
t 140 141 159 143
t 159 160 143 161
t 140 143 142 160
t 140 160 159 158
t 140 159 143 160
t 142 143 161 144
t 143 160 161 162
t 143 144 145 162
t 143 161 144 162
t 142 143 161 145
t 161 162 145 163
t 142 145 144 162
t 142 162 161 160
t 142 161 145 162
t 144 145 163 164
t 145 162 163 166
t 145 164 165 166
t 145 163 164 166
t 144 145 163 165
t 163 166 165 167
t 144 165 164 166
t 144 166 163 162
t 144 163 165 166
t 150 151 169 49
t 151 168 169 57
t 151 49 152 57
t 151 169 49 57
t 150 151 169 152
t 169 57 152 170
t 150 152 49 57
t 150 57 169 168
t 150 169 152 57
t 49 152 170 51
t 152 57 170 59
t 152 51 153 59
t 152 170 51 59
t 49 152 170 153
t 170 59 153 171
t 49 153 51 59
t 49 59 170 57
t 49 170 153 59
t 51 153 171 53
t 153 59 171 172
t 153 53 154 172
t 153 171 53 172
t 51 153 171 154
t 171 172 154 173
t 51 154 53 172
t 51 172 171 59
t 51 171 154 172
t 53 154 173 55
t 154 172 173 174
t 154 55 155 174
t 154 173 55 174
t 53 154 173 155
t 173 174 155 175
t 53 155 55 174
t 53 174 173 172
t 53 173 155 174
t 55 155 175 156
t 155 174 175 176
t 155 156 157 176
t 155 175 156 176
t 55 155 175 157
t 175 176 157 177
t 55 157 156 176
t 55 176 175 174
t 55 175 157 176
t 156 157 177 158
t 157 176 177 178
t 157 158 159 178
t 157 177 158 178
t 156 157 177 159
t 177 178 159 179
t 156 159 158 178
t 156 178 177 176
t 156 177 159 178
t 158 159 179 160
t 159 178 179 180
t 159 160 161 180
t 159 179 160 180
t 158 159 179 161
t 179 180 161 181
t 158 161 160 180
t 158 180 179 178
t 158 179 161 180
t 160 161 181 162
t 161 180 181 182
t 161 162 163 182
t 161 181 162 182
t 160 161 181 163
t 181 182 163 183
t 160 163 162 182
t 160 182 181 180
t 160 181 163 182
t 168 169 185 57
t 169 184 185 186
t 169 57 170 186
t 169 185 57 186
t 168 169 185 170
t 185 186 170 187
t 168 170 57 186
t 168 186 185 184
t 168 185 170 186
t 57 170 187 59
t 170 186 187 188
t 170 59 171 188
t 170 187 59 188
t 57 170 187 171
t 187 188 171 189
t 57 171 59 188
t 57 188 187 186
t 57 187 171 188
t 59 171 189 172
t 171 188 189 190
t 171 172 173 190
t 171 189 172 190
t 59 171 189 173
t 189 190 173 191
t 59 173 172 190
t 59 190 189 188
t 59 189 173 190
t 172 173 191 174
t 173 190 191 192
t 173 174 175 192
t 173 191 174 192
t 172 173 191 175
t 191 192 175 193
t 172 175 174 192
t 172 192 191 190
t 172 191 175 192
t 174 175 193 176
t 175 192 193 194
t 175 176 177 194
t 175 193 176 194
t 174 175 193 177
t 193 194 177 195
t 174 177 176 194
t 174 194 193 192
t 174 193 177 194
t 176 177 195 178
t 177 194 195 196
t 177 178 179 196
t 177 195 178 196
t 176 177 195 179
t 195 196 179 197
t 176 179 178 196
t 176 196 195 194
t 176 195 179 196
t 178 179 197 180
t 179 196 197 198
t 179 180 181 198
t 179 197 180 198
t 178 179 197 181
t 197 198 181 199
t 178 181 180 198
t 178 198 197 196
t 178 197 181 198
t 180 181 199 182
t 181 198 199 200
t 181 182 183 200
t 181 199 182 200
t 180 181 199 183
t 199 200 183 201
t 180 183 182 200
t 180 200 199 198
t 180 199 183 200
t 186 187 203 188
t 187 202 203 204
t 187 188 189 204
t 187 203 188 204
t 186 187 203 189
t 203 204 189 205
t 186 189 188 204
t 186 204 203 202
t 186 203 189 204
t 188 189 205 190
t 189 204 205 206
t 189 190 191 206
t 189 205 190 206
t 188 189 205 191
t 205 206 191 207
t 188 191 190 206
t 188 206 205 204
t 188 205 191 206
t 190 191 207 192
t 191 206 207 208
t 191 192 193 208
t 191 207 192 208
t 190 191 207 193
t 207 208 193 209
t 190 193 192 208
t 190 208 207 206
t 190 207 193 208
t 192 193 209 194
t 193 208 209 210
t 193 194 195 210
t 193 209 194 210
t 192 193 209 195
t 209 210 195 211
t 192 195 194 210
t 192 210 209 208
t 192 209 195 210
t 194 195 211 196
t 195 210 211 212
t 195 196 197 212
t 195 211 196 212
t 194 195 211 197
t 211 212 197 213
t 194 197 196 212
t 194 212 211 210
t 194 211 197 212
t 196 197 213 198
t 197 212 213 214
t 197 198 199 214
t 197 213 198 214
t 196 197 213 199
t 213 214 199 215
t 196 199 198 214
t 196 214 213 212
t 196 213 199 214
t 206 207 217 208
t 207 216 217 218
t 207 208 209 218
t 207 217 208 218
t 206 207 217 209
t 217 218 209 219
t 206 209 208 218
t 206 218 217 216
t 206 217 209 218
t 208 209 219 210
t 209 218 219 220
t 209 210 211 220
t 209 219 210 220
t 208 209 219 211
t 219 220 211 221
t 208 211 210 220
t 208 220 219 218
t 208 219 211 220
t 210 211 221 212
t 211 220 221 222
t 211 212 213 222
t 211 221 212 222
t 210 211 221 213
t 221 222 213 223
t 210 213 212 222
t 210 222 221 220
t 210 221 213 222
t 224 225 227 228
t 225 226 227 84
t 225 228 229 84
t 225 227 228 84
t 224 225 227 229
t 227 84 229 230
t 224 229 228 84
t 224 84 227 226
t 224 227 229 84
t 228 229 230 61
t 229 84 230 63
t 229 61 231 63
t 229 230 61 63
t 228 229 230 231
t 230 63 231 232
t 228 231 61 63
t 228 63 230 84
t 228 230 231 63
t 61 231 232 65
t 231 63 232 66
t 231 65 233 66
t 231 232 65 66
t 61 231 232 233
t 232 66 233 234
t 61 233 65 66
t 61 66 232 63
t 61 232 233 66
t 65 233 234 68
t 233 66 234 69
t 233 68 235 69
t 233 234 68 69
t 65 233 234 235
t 234 69 235 236
t 65 235 68 69
t 65 69 234 66
t 65 234 235 69
t 68 235 236 71
t 235 69 236 72
t 235 71 237 72
t 235 236 71 72
t 68 235 236 237
t 236 72 237 238
t 68 237 71 72
t 68 72 236 69
t 68 236 237 72
t 71 237 238 74
t 237 72 238 75
t 237 74 239 75
t 237 238 74 75
t 71 237 238 239
t 238 75 239 240
t 71 239 74 75
t 71 75 238 72
t 71 238 239 75
t 74 239 240 77
t 239 75 240 78
t 239 77 241 78
t 239 240 77 78
t 74 239 240 241
t 240 78 241 242
t 74 241 77 78
t 74 78 240 75
t 74 240 241 78
t 77 241 242 80
t 241 78 242 82
t 241 80 243 82
t 241 242 80 82
t 77 241 242 243
t 242 82 243 244
t 77 243 80 82
t 77 82 242 78
t 77 242 243 82
t 80 243 244 245
t 243 82 244 97
t 243 245 246 97
t 243 244 245 97
t 80 243 244 246
t 244 97 246 247
t 80 246 245 97
t 80 97 244 82
t 80 244 246 97
t 248 249 251 226
t 249 250 251 101
t 249 226 227 101
t 249 251 226 101
t 248 249 251 227
t 251 101 227 252
t 248 227 226 101
t 248 101 251 250
t 248 251 227 101
t 226 227 252 84
t 227 101 252 86
t 227 84 230 86
t 227 252 84 86
t 226 227 252 230
t 252 86 230 253
t 226 230 84 86
t 226 86 252 101
t 226 252 230 86
t 84 230 253 63
t 230 86 253 88
t 230 63 232 88
t 230 253 63 88
t 84 230 253 232
t 253 88 232 254
t 84 232 63 88
t 84 88 253 86
t 84 253 232 88
t 63 232 254 66
t 232 88 254 89
t 232 66 234 89
t 232 254 66 89
t 63 232 254 234
t 254 89 234 255
t 63 234 66 89
t 63 89 254 88
t 63 254 234 89
t 66 234 255 69
t 234 89 255 90
t 234 69 236 90
t 234 255 69 90
t 66 234 255 236
t 255 90 236 256
t 66 236 69 90
t 66 90 255 89
t 66 255 236 90
t 69 236 256 72
t 236 90 256 91
t 236 72 238 91
t 236 256 72 91
t 69 236 256 238
t 256 91 238 257
t 69 238 72 91
t 69 91 256 90
t 69 256 238 91
t 72 238 257 75
t 238 91 257 92
t 238 75 240 92
t 238 257 75 92
t 72 238 257 240
t 257 92 240 258
t 72 240 75 92
t 72 92 257 91
t 72 257 240 92
t 75 240 258 78
t 240 92 258 93
t 240 78 242 93
t 240 258 78 93
t 75 240 258 242
t 258 93 242 259
t 75 242 78 93
t 75 93 258 92
t 75 258 242 93
t 78 242 259 82
t 242 93 259 95
t 242 82 244 95
t 242 259 82 95
t 78 242 259 244
t 259 95 244 260
t 78 244 82 95
t 78 95 259 93
t 78 259 244 95
t 82 244 260 97
t 244 95 260 99
t 244 97 247 99
t 244 260 97 99
t 82 244 260 247
t 260 99 247 261
t 82 247 97 99
t 82 99 260 95
t 82 260 247 99
t 97 247 261 262
t 247 99 261 264
t 247 262 263 264
t 247 261 262 264
t 97 247 261 263
t 261 264 263 265
t 97 263 262 264
t 97 264 261 99
t 97 261 263 264
t 266 267 269 250
t 267 268 269 270
t 267 250 251 270
t 267 269 250 270
t 266 267 269 251
t 269 270 251 271
t 266 251 250 270
t 266 270 269 268
t 266 269 251 270
t 250 251 271 101
t 251 270 271 103
t 251 101 252 103
t 251 271 101 103
t 250 251 271 252
t 271 103 252 272
t 250 252 101 103
t 250 103 271 270
t 250 271 252 103
t 101 252 272 86
t 252 103 272 105
t 252 86 253 105
t 252 272 86 105
t 101 252 272 253
t 272 105 253 273
t 101 253 86 105
t 101 105 272 103
t 101 272 253 105
t 86 253 273 88
t 253 105 273 106
t 253 88 254 106
t 253 273 88 106
t 86 253 273 254
t 273 106 254 274
t 86 254 88 106
t 86 106 273 105
t 86 273 254 106
t 88 254 274 89
t 254 106 274 107
t 254 89 255 107
t 254 274 89 107
t 88 254 274 255
t 274 107 255 275
t 88 255 89 107
t 88 107 274 106
t 88 274 255 107
t 89 255 275 90
t 255 107 275 108
t 255 90 256 108
t 255 275 90 108
t 89 255 275 256
t 275 108 256 276
t 89 256 90 108
t 89 108 275 107
t 89 275 256 108
t 90 256 276 91
t 256 108 276 109
t 256 91 257 109
t 256 276 91 109
t 90 256 276 257
t 276 109 257 277
t 90 257 91 109
t 90 109 276 108
t 90 276 257 109
t 91 257 277 92
t 257 109 277 110
t 257 92 258 110
t 257 277 92 110
t 91 257 277 258
t 277 110 258 278
t 91 258 92 110
t 91 110 277 109
t 91 277 258 110
t 92 258 278 93
t 258 110 278 111
t 258 93 259 111
t 258 278 93 111
t 92 258 278 259
t 278 111 259 279
t 92 259 93 111
t 92 111 278 110
t 92 278 259 111
t 93 259 279 95
t 259 111 279 113
t 259 95 260 113
t 259 279 95 113
t 93 259 279 260
t 279 113 260 280
t 93 260 95 113
t 93 113 279 111
t 93 279 260 113
t 95 260 280 99
t 260 113 280 115
t 260 99 261 115
t 260 280 99 115
t 95 260 280 261
t 280 115 261 281
t 95 261 99 115
t 95 115 280 113
t 95 280 261 115
t 99 261 281 264
t 261 115 281 282
t 261 264 265 282
t 261 281 264 282
t 99 261 281 265
t 281 282 265 283
t 99 265 264 282
t 99 282 281 115
t 99 281 265 282
t 270 271 285 103
t 271 284 285 117
t 271 103 272 117
t 271 285 103 117
t 270 271 285 272
t 285 117 272 286
t 270 272 103 117
t 270 117 285 284
t 270 285 272 117
t 103 272 286 105
t 272 117 286 119
t 272 105 273 119
t 272 286 105 119
t 103 272 286 273
t 286 119 273 287
t 103 273 105 119
t 103 119 286 117
t 103 286 273 119
t 105 273 287 106
t 273 119 287 120
t 273 106 274 120
t 273 287 106 120
t 105 273 287 274
t 287 120 274 288
t 105 274 106 120
t 105 120 287 119
t 105 287 274 120
t 106 274 288 107
t 274 120 288 121
t 274 107 275 121
t 274 288 107 121
t 106 274 288 275
t 288 121 275 289
t 106 275 107 121
t 106 121 288 120
t 106 288 275 121
t 107 275 289 108
t 275 121 289 122
t 275 108 276 122
t 275 289 108 122
t 107 275 289 276
t 289 122 276 290
t 107 276 108 122
t 107 122 289 121
t 107 289 276 122
t 108 276 290 109
t 276 122 290 123
t 276 109 277 123
t 276 290 109 123
t 108 276 290 277
t 290 123 277 291
t 108 277 109 123
t 108 123 290 122
t 108 290 277 123
t 109 277 291 110
t 277 123 291 125
t 277 110 278 125
t 277 291 110 125
t 109 277 291 278
t 291 125 278 292
t 109 278 110 125
t 109 125 291 123
t 109 291 278 125
t 110 278 292 111
t 278 125 292 127
t 278 111 279 127
t 278 292 111 127
t 110 278 292 279
t 292 127 279 293
t 110 279 111 127
t 110 127 292 125
t 110 292 279 127
t 111 279 293 113
t 279 127 293 129
t 279 113 280 129
t 279 293 113 129
t 111 279 293 280
t 293 129 280 294
t 111 280 113 129
t 111 129 293 127
t 111 293 280 129
t 113 280 294 115
t 280 129 294 131
t 280 115 281 131
t 280 294 115 131
t 113 280 294 281
t 294 131 281 295
t 113 281 115 131
t 113 131 294 129
t 113 294 281 131
t 115 281 295 282
t 281 131 295 296
t 281 282 283 296
t 281 295 282 296
t 115 281 295 283
t 295 296 283 297
t 115 283 282 296
t 115 296 295 131
t 115 295 283 296
t 298 299 301 284
t 299 300 301 147
t 299 284 285 147
t 299 301 284 147
t 298 299 301 285
t 301 147 285 302
t 298 285 284 147
t 298 147 301 300
t 298 301 285 147
t 284 285 302 117
t 285 147 302 133
t 285 117 286 133
t 285 302 117 133
t 284 285 302 286
t 302 133 286 303
t 284 286 117 133
t 284 133 302 147
t 284 302 286 133
t 117 286 303 119
t 286 133 303 134
t 286 119 287 134
t 286 303 119 134
t 117 286 303 287
t 303 134 287 304
t 117 287 119 134
t 117 134 303 133
t 117 303 287 134
t 119 287 304 120
t 287 134 304 135
t 287 120 288 135
t 287 304 120 135
t 119 287 304 288
t 304 135 288 305
t 119 288 120 135
t 119 135 304 134
t 119 304 288 135
t 120 288 305 121
t 288 135 305 136
t 288 121 289 136
t 288 305 121 136
t 120 288 305 289
t 305 136 289 306
t 120 289 121 136
t 120 136 305 135
t 120 305 289 136
t 121 289 306 122
t 289 136 306 137
t 289 122 290 137
t 289 306 122 137
t 121 289 306 290
t 306 137 290 307
t 121 290 122 137
t 121 137 306 136
t 121 306 290 137
t 122 290 307 123
t 290 137 307 139
t 290 123 291 139
t 290 307 123 139
t 122 290 307 291
t 307 139 291 308
t 122 291 123 139
t 122 139 307 137
t 122 307 291 139
t 123 291 308 125
t 291 139 308 141
t 291 125 292 141
t 291 308 125 141
t 123 291 308 292
t 308 141 292 309
t 123 292 125 141
t 123 141 308 139
t 123 308 292 141
t 125 292 309 127
t 292 141 309 143
t 292 127 293 143
t 292 309 127 143
t 125 292 309 293
t 309 143 293 310
t 125 293 127 143
t 125 143 309 141
t 125 309 293 143
t 127 293 310 129
t 293 143 310 145
t 293 129 294 145
t 293 310 129 145
t 127 293 310 294
t 310 145 294 311
t 127 294 129 145
t 127 145 310 143
t 127 310 294 145
t 129 294 311 131
t 294 145 311 165
t 294 131 295 165
t 294 311 131 165
t 129 294 311 295
t 311 165 295 312
t 129 295 131 165
t 129 165 311 145
t 129 311 295 165
t 300 301 314 147
t 301 313 314 149
t 301 147 302 149
t 301 314 147 149
t 300 301 314 302
t 314 149 302 315
t 300 302 147 149
t 300 149 314 313
t 300 314 302 149
t 147 302 315 133
t 302 149 315 151
t 302 133 303 151
t 302 315 133 151
t 147 302 315 303
t 315 151 303 316
t 147 303 133 151
t 147 151 315 149
t 147 315 303 151
t 133 303 316 134
t 303 151 316 152
t 303 134 304 152
t 303 316 134 152
t 133 303 316 304
t 316 152 304 317
t 133 304 134 152
t 133 152 316 151
t 133 316 304 152
t 134 304 317 135
t 304 152 317 153
t 304 135 305 153
t 304 317 135 153
t 134 304 317 305
t 317 153 305 318
t 134 305 135 153
t 134 153 317 152
t 134 317 305 153
t 135 305 318 136
t 305 153 318 154
t 305 136 306 154
t 305 318 136 154
t 135 305 318 306
t 318 154 306 319
t 135 306 136 154
t 135 154 318 153
t 135 318 306 154
t 136 306 319 137
t 306 154 319 155
t 306 137 307 155
t 306 319 137 155
t 136 306 319 307
t 319 155 307 320
t 136 307 137 155
t 136 155 319 154
t 136 319 307 155
t 137 307 320 139
t 307 155 320 157
t 307 139 308 157
t 307 320 139 157
t 137 307 320 308
t 320 157 308 321
t 137 308 139 157
t 137 157 320 155
t 137 320 308 157
t 139 308 321 141
t 308 157 321 159
t 308 141 309 159
t 308 321 141 159
t 139 308 321 309
t 321 159 309 322
t 139 309 141 159
t 139 159 321 157
t 139 321 309 159
t 141 309 322 143
t 309 159 322 161
t 309 143 310 161
t 309 322 143 161
t 141 309 322 310
t 322 161 310 323
t 141 310 143 161
t 141 161 322 159
t 141 322 310 161
t 143 310 323 145
t 310 161 323 163
t 310 145 311 163
t 310 323 145 163
t 143 310 323 311
t 323 163 311 324
t 143 311 145 163
t 143 163 323 161
t 143 323 311 163
t 145 311 324 165
t 311 163 324 167
t 311 165 312 167
t 311 324 165 167
t 145 311 324 312
t 324 167 312 325
t 145 312 165 167
t 145 167 324 163
t 145 324 312 167
t 165 312 325 326
t 312 167 325 328
t 312 326 327 328
t 312 325 326 328
t 165 312 325 327
t 325 328 327 329
t 165 327 326 328
t 165 328 325 167
t 165 325 327 328
t 313 314 331 149
t 314 330 331 332
t 314 149 315 332
t 314 331 149 332
t 313 314 331 315
t 331 332 315 333
t 313 315 149 332
t 313 332 331 330
t 313 331 315 332
t 149 315 333 151
t 315 332 333 169
t 315 151 316 169
t 315 333 151 169
t 149 315 333 316
t 333 169 316 334
t 149 316 151 169
t 149 169 333 332
t 149 333 316 169
t 151 316 334 152
t 316 169 334 170
t 316 152 317 170
t 316 334 152 170
t 151 316 334 317
t 334 170 317 335
t 151 317 152 170
t 151 170 334 169
t 151 334 317 170
t 152 317 335 153
t 317 170 335 171
t 317 153 318 171
t 317 335 153 171
t 152 317 335 318
t 335 171 318 336
t 152 318 153 171
t 152 171 335 170
t 152 335 318 171
t 153 318 336 154
t 318 171 336 173
t 318 154 319 173
t 318 336 154 173
t 153 318 336 319
t 336 173 319 337
t 153 319 154 173
t 153 173 336 171
t 153 336 319 173
t 154 319 337 155
t 319 173 337 175
t 319 155 320 175
t 319 337 155 175
t 154 319 337 320
t 337 175 320 338
t 154 320 155 175
t 154 175 337 173
t 154 337 320 175
t 155 320 338 157
t 320 175 338 177
t 320 157 321 177
t 320 338 157 177
t 155 320 338 321
t 338 177 321 339
t 155 321 157 177
t 155 177 338 175
t 155 338 321 177
t 157 321 339 159
t 321 177 339 179
t 321 159 322 179
t 321 339 159 179
t 157 321 339 322
t 339 179 322 340
t 157 322 159 179
t 157 179 339 177
t 157 339 322 179
t 159 322 340 161
t 322 179 340 181
t 322 161 323 181
t 322 340 161 181
t 159 322 340 323
t 340 181 323 341
t 159 323 161 181
t 159 181 340 179
t 159 340 323 181
t 161 323 341 163
t 323 181 341 183
t 323 163 324 183
t 323 341 163 183
t 161 323 341 324
t 341 183 324 342
t 161 324 163 183
t 161 183 341 181
t 161 341 324 183
t 163 324 342 167
t 324 183 342 343
t 324 167 325 343
t 324 342 167 343
t 163 324 342 325
t 342 343 325 344
t 163 325 167 343
t 163 343 342 183
t 163 342 325 343
t 332 333 346 169
t 333 345 346 185
t 333 169 334 185
t 333 346 169 185
t 332 333 346 334
t 346 185 334 347
t 332 334 169 185
t 332 185 346 345
t 332 346 334 185
t 169 334 347 170
t 334 185 347 187
t 334 170 335 187
t 334 347 170 187
t 169 334 347 335
t 347 187 335 348
t 169 335 170 187
t 169 187 347 185
t 169 347 335 187
t 170 335 348 171
t 335 187 348 189
t 335 171 336 189
t 335 348 171 189
t 170 335 348 336
t 348 189 336 349
t 170 336 171 189
t 170 189 348 187
t 170 348 336 189
t 171 336 349 173
t 336 189 349 191
t 336 173 337 191
t 336 349 173 191
t 171 336 349 337
t 349 191 337 350
t 171 337 173 191
t 171 191 349 189
t 171 349 337 191
t 173 337 350 175
t 337 191 350 193
t 337 175 338 193
t 337 350 175 193
t 173 337 350 338
t 350 193 338 351
t 173 338 175 193
t 173 193 350 191
t 173 350 338 193
t 175 338 351 177
t 338 193 351 195
t 338 177 339 195
t 338 351 177 195
t 175 338 351 339
t 351 195 339 352
t 175 339 177 195
t 175 195 351 193
t 175 351 339 195
t 177 339 352 179
t 339 195 352 197
t 339 179 340 197
t 339 352 179 197
t 177 339 352 340
t 352 197 340 353
t 177 340 179 197
t 177 197 352 195
t 177 352 340 197
t 179 340 353 181
t 340 197 353 199
t 340 181 341 199
t 340 353 181 199
t 179 340 353 341
t 353 199 341 354
t 179 341 181 199
t 179 199 353 197
t 179 353 341 199
t 181 341 354 183
t 341 199 354 201
t 341 183 342 201
t 341 354 183 201
t 181 341 354 342
t 354 201 342 355
t 181 342 183 201
t 181 201 354 199
t 181 354 342 201
t 183 342 355 343
t 342 201 355 356
t 342 343 344 356
t 342 355 343 356
t 183 342 355 344
t 355 356 344 357
t 183 344 343 356
t 183 356 355 201
t 183 355 344 356
t 185 347 359 187
t 347 358 359 203
t 347 187 348 203
t 347 359 187 203
t 185 347 359 348
t 359 203 348 360
t 185 348 187 203
t 185 203 359 358
t 185 359 348 203
t 187 348 360 189
t 348 203 360 205
t 348 189 349 205
t 348 360 189 205
t 187 348 360 349
t 360 205 349 361
t 187 349 189 205
t 187 205 360 203
t 187 360 349 205
t 189 349 361 191
t 349 205 361 207
t 349 191 350 207
t 349 361 191 207
t 189 349 361 350
t 361 207 350 362
t 189 350 191 207
t 189 207 361 205
t 189 361 350 207
t 191 350 362 193
t 350 207 362 209
t 350 193 351 209
t 350 362 193 209
t 191 350 362 351
t 362 209 351 363
t 191 351 193 209
t 191 209 362 207
t 191 362 351 209
t 193 351 363 195
t 351 209 363 211
t 351 195 352 211
t 351 363 195 211
t 193 351 363 352
t 363 211 352 364
t 193 352 195 211
t 193 211 363 209
t 193 363 352 211
t 195 352 364 197
t 352 211 364 213
t 352 197 353 213
t 352 364 197 213
t 195 352 364 353
t 364 213 353 365
t 195 353 197 213
t 195 213 364 211
t 195 364 353 213
t 197 353 365 199
t 353 213 365 215
t 353 199 354 215
t 353 365 199 215
t 197 353 365 354
t 365 215 354 366
t 197 354 199 215
t 197 215 365 213
t 197 365 354 215
t 199 354 366 201
t 354 215 366 367
t 354 201 355 367
t 354 366 201 367
t 199 354 366 355
t 366 367 355 368
t 199 355 201 367
t 199 367 366 215
t 199 366 355 367
t 201 355 368 356
t 355 367 368 369
t 355 356 357 369
t 355 368 356 369
t 201 355 368 357
t 368 369 357 370
t 201 357 356 369
t 201 369 368 367
t 201 368 357 369
t 203 360 372 205
t 360 371 372 373
t 360 205 361 373
t 360 372 205 373
t 203 360 372 361
t 372 373 361 374
t 203 361 205 373
t 203 373 372 371
t 203 372 361 373
t 205 361 374 207
t 361 373 374 217
t 361 207 362 217
t 361 374 207 217
t 205 361 374 362
t 374 217 362 375
t 205 362 207 217
t 205 217 374 373
t 205 374 362 217
t 207 362 375 209
t 362 217 375 219
t 362 209 363 219
t 362 375 209 219
t 207 362 375 363
t 375 219 363 376
t 207 363 209 219
t 207 219 375 217
t 207 375 363 219
t 209 363 376 211
t 363 219 376 221
t 363 211 364 221
t 363 376 211 221
t 209 363 376 364
t 376 221 364 377
t 209 364 211 221
t 209 221 376 219
t 209 376 364 221
t 211 364 377 213
t 364 221 377 223
t 364 213 365 223
t 364 377 213 223
t 211 364 377 365
t 377 223 365 378
t 211 365 213 223
t 211 223 377 221
t 211 377 365 223
t 213 365 378 215
t 365 223 378 379
t 365 215 366 379
t 365 378 215 379
t 213 365 378 366
t 378 379 366 380
t 213 366 215 379
t 213 379 378 223
t 213 378 366 379
t 215 366 380 367
t 366 379 380 381
t 366 367 368 381
t 366 380 367 381
t 215 366 380 368
t 380 381 368 382
t 215 368 367 381
t 215 381 380 379
t 215 380 368 381
t 383 384 385 386
t 384 231 385 233
t 384 386 387 233
t 384 385 386 233
t 383 384 385 387
t 385 233 387 388
t 383 387 386 233
t 383 233 385 231
t 383 385 387 233
t 386 387 388 389
t 387 233 388 235
t 387 389 390 235
t 387 388 389 235
t 386 387 388 390
t 388 235 390 391
t 386 390 389 235
t 386 235 388 233
t 386 388 390 235
t 389 390 391 392
t 390 235 391 237
t 390 392 393 237
t 390 391 392 237
t 389 390 391 393
t 391 237 393 394
t 389 393 392 237
t 389 237 391 235
t 389 391 393 237
t 392 393 394 395
t 393 237 394 239
t 393 395 396 239
t 393 394 395 239
t 392 393 394 396
t 394 239 396 397
t 392 396 395 239
t 392 239 394 237
t 392 394 396 239
t 398 399 400 225
t 399 249 400 227
t 399 225 401 227
t 399 400 225 227
t 398 399 400 401
t 400 227 401 402
t 398 401 225 227
t 398 227 400 249
t 398 400 401 227
t 225 401 402 229
t 401 227 402 230
t 401 229 403 230
t 401 402 229 230
t 225 401 402 403
t 402 230 403 404
t 225 403 229 230
t 225 230 402 227
t 225 402 403 230
t 229 403 404 231
t 403 230 404 232
t 403 231 385 232
t 403 404 231 232
t 229 403 404 385
t 404 232 385 405
t 229 385 231 232
t 229 232 404 230
t 229 404 385 232
t 231 385 405 233
t 385 232 405 234
t 385 233 388 234
t 385 405 233 234
t 231 385 405 388
t 405 234 388 406
t 231 388 233 234
t 231 234 405 232
t 231 405 388 234
t 233 388 406 235
t 388 234 406 236
t 388 235 391 236
t 388 406 235 236
t 233 388 406 391
t 406 236 391 407
t 233 391 235 236
t 233 236 406 234
t 233 406 391 236
t 235 391 407 237
t 391 236 407 238
t 391 237 394 238
t 391 407 237 238
t 235 391 407 394
t 407 238 394 408
t 235 394 237 238
t 235 238 407 236
t 235 407 394 238
t 237 394 408 239
t 394 238 408 240
t 394 239 397 240
t 394 408 239 240
t 237 394 408 397
t 408 240 397 409
t 237 397 239 240
t 237 240 408 238
t 237 408 397 240
t 239 397 409 241
t 397 240 409 242
t 397 241 410 242
t 397 409 241 242
t 239 397 409 410
t 409 242 410 411
t 239 410 241 242
t 239 242 409 240
t 239 409 410 242
t 241 410 411 243
t 410 242 411 244
t 410 243 412 244
t 410 411 243 244
t 241 410 411 412
t 411 244 412 413
t 241 412 243 244
t 241 244 411 242
t 241 411 412 244
t 243 412 413 246
t 412 244 413 247
t 412 246 414 247
t 412 413 246 247
t 243 412 413 414
t 413 247 414 415
t 243 414 246 247
t 243 247 413 244
t 243 413 414 247
t 246 414 415 416
t 414 247 415 263
t 414 416 417 263
t 414 415 416 263
t 246 414 415 417
t 415 263 417 418
t 246 417 416 263
t 246 263 415 247
t 246 415 417 263
t 249 400 419 227
t 400 251 419 252
t 400 227 402 252
t 400 419 227 252
t 249 400 419 402
t 419 252 402 420
t 249 402 227 252
t 249 252 419 251
t 249 419 402 252
t 227 402 420 230
t 402 252 420 253
t 402 230 404 253
t 402 420 230 253
t 227 402 420 404
t 420 253 404 421
t 227 404 230 253
t 227 253 420 252
t 227 420 404 253
t 230 404 421 232
t 404 253 421 254
t 404 232 405 254
t 404 421 232 254
t 230 404 421 405
t 421 254 405 422
t 230 405 232 254
t 230 254 421 253
t 230 421 405 254
t 232 405 422 234
t 405 254 422 255
t 405 234 406 255
t 405 422 234 255
t 232 405 422 406
t 422 255 406 423
t 232 406 234 255
t 232 255 422 254
t 232 422 406 255
t 234 406 423 236
t 406 255 423 256
t 406 236 407 256
t 406 423 236 256
t 234 406 423 407
t 423 256 407 424
t 234 407 236 256
t 234 256 423 255
t 234 423 407 256
t 236 407 424 238
t 407 256 424 257
t 407 238 408 257
t 407 424 238 257
t 236 407 424 408
t 424 257 408 425
t 236 408 238 257
t 236 257 424 256
t 236 424 408 257
t 238 408 425 240
t 408 257 425 258
t 408 240 409 258
t 408 425 240 258
t 238 408 425 409
t 425 258 409 426
t 238 409 240 258
t 238 258 425 257
t 238 425 409 258
t 240 409 426 242
t 409 258 426 259
t 409 242 411 259
t 409 426 242 259
t 240 409 426 411
t 426 259 411 427
t 240 411 242 259
t 240 259 426 258
t 240 426 411 259
t 242 411 427 244
t 411 259 427 260
t 411 244 413 260
t 411 427 244 260
t 242 411 427 413
t 427 260 413 428
t 242 413 244 260
t 242 260 427 259
t 242 427 413 260
t 244 413 428 247
t 413 260 428 261
t 413 247 415 261
t 413 428 247 261
t 244 413 428 415
t 428 261 415 429
t 244 415 247 261
t 244 261 428 260
t 244 428 415 261
t 247 415 429 263
t 415 261 429 265
t 415 263 418 265
t 415 429 263 265
t 247 415 429 418
t 429 265 418 430
t 247 418 263 265
t 247 265 429 261
t 247 429 418 265
t 267 431 432 251
t 431 269 432 271
t 431 251 419 271
t 431 432 251 271
t 267 431 432 419
t 432 271 419 433
t 267 419 251 271
t 267 271 432 269
t 267 432 419 271
t 251 419 433 252
t 419 271 433 272
t 419 252 420 272
t 419 433 252 272
t 251 419 433 420
t 433 272 420 434
t 251 420 252 272
t 251 272 433 271
t 251 433 420 272
t 252 420 434 253
t 420 272 434 273
t 420 253 421 273
t 420 434 253 273
t 252 420 434 421
t 434 273 421 435
t 252 421 253 273
t 252 273 434 272
t 252 434 421 273
t 253 421 435 254
t 421 273 435 274
t 421 254 422 274
t 421 435 254 274
t 253 421 435 422
t 435 274 422 436
t 253 422 254 274
t 253 274 435 273
t 253 435 422 274
t 254 422 436 255
t 422 274 436 275
t 422 255 423 275
t 422 436 255 275
t 254 422 436 423
t 436 275 423 437
t 254 423 255 275
t 254 275 436 274
t 254 436 423 275
t 255 423 437 256
t 423 275 437 276
t 423 256 424 276
t 423 437 256 276
t 255 423 437 424
t 437 276 424 438
t 255 424 256 276
t 255 276 437 275
t 255 437 424 276
t 256 424 438 257
t 424 276 438 277
t 424 257 425 277
t 424 438 257 277
t 256 424 438 425
t 438 277 425 439
t 256 425 257 277
t 256 277 438 276
t 256 438 425 277
t 257 425 439 258
t 425 277 439 278
t 425 258 426 278
t 425 439 258 278
t 257 425 439 426
t 439 278 426 440
t 257 426 258 278
t 257 278 439 277
t 257 439 426 278
t 258 426 440 259
t 426 278 440 279
t 426 259 427 279
t 426 440 259 279
t 258 426 440 427
t 440 279 427 441
t 258 427 259 279
t 258 279 440 278
t 258 440 427 279
t 259 427 441 260
t 427 279 441 280
t 427 260 428 280
t 427 441 260 280
t 259 427 441 428
t 441 280 428 442
t 259 428 260 280
t 259 280 441 279
t 259 441 428 280
t 260 428 442 261
t 428 280 442 281
t 428 261 429 281
t 428 442 261 281
t 260 428 442 429
t 442 281 429 443
t 260 429 261 281
t 260 281 442 280
t 260 442 429 281
t 261 429 443 265
t 429 281 443 283
t 429 265 430 283
t 429 443 265 283
t 261 429 443 430
t 443 283 430 444
t 261 430 265 283
t 261 283 443 281
t 261 443 430 283
t 269 432 445 271
t 432 299 445 285
t 432 271 433 285
t 432 445 271 285
t 269 432 445 433
t 445 285 433 446
t 269 433 271 285
t 269 285 445 299
t 269 445 433 285
t 271 433 446 272
t 433 285 446 286
t 433 272 434 286
t 433 446 272 286
t 271 433 446 434
t 446 286 434 447
t 271 434 272 286
t 271 286 446 285
t 271 446 434 286
t 272 434 447 273
t 434 286 447 287
t 434 273 435 287
t 434 447 273 287
t 272 434 447 435
t 447 287 435 448
t 272 435 273 287
t 272 287 447 286
t 272 447 435 287
t 273 435 448 274
t 435 287 448 288
t 435 274 436 288
t 435 448 274 288
t 273 435 448 436
t 448 288 436 449
t 273 436 274 288
t 273 288 448 287
t 273 448 436 288
t 274 436 449 275
t 436 288 449 289
t 436 275 437 289
t 436 449 275 289
t 274 436 449 437
t 449 289 437 450
t 274 437 275 289
t 274 289 449 288
t 274 449 437 289
t 275 437 450 276
t 437 289 450 290
t 437 276 438 290
t 437 450 276 290
t 275 437 450 438
t 450 290 438 451
t 275 438 276 290
t 275 290 450 289
t 275 450 438 290
t 276 438 451 277
t 438 290 451 291
t 438 277 439 291
t 438 451 277 291
t 276 438 451 439
t 451 291 439 452
t 276 439 277 291
t 276 291 451 290
t 276 451 439 291
t 277 439 452 278
t 439 291 452 292
t 439 278 440 292
t 439 452 278 292
t 277 439 452 440
t 452 292 440 453
t 277 440 278 292
t 277 292 452 291
t 277 452 440 292
t 278 440 453 279
t 440 292 453 293
t 440 279 441 293
t 440 453 279 293
t 278 440 453 441
t 453 293 441 454
t 278 441 279 293
t 278 293 453 292
t 278 453 441 293
t 279 441 454 280
t 441 293 454 294
t 441 280 442 294
t 441 454 280 294
t 279 441 454 442
t 454 294 442 455
t 279 442 280 294
t 279 294 454 293
t 279 454 442 294
t 280 442 455 281
t 442 294 455 295
t 442 281 443 295
t 442 455 281 295
t 280 442 455 443
t 455 295 443 456
t 280 443 281 295
t 280 295 455 294
t 280 455 443 295
t 281 443 456 283
t 443 295 456 297
t 443 283 444 297
t 443 456 283 297
t 281 443 456 444
t 456 297 444 457
t 281 444 283 297
t 281 297 456 295
t 281 456 444 297
t 458 459 461 299
t 459 460 461 301
t 459 299 445 301
t 459 461 299 301
t 458 459 461 445
t 461 301 445 462
t 458 445 299 301
t 458 301 461 460
t 458 461 445 301
t 299 445 462 285
t 445 301 462 302
t 445 285 446 302
t 445 462 285 302
t 299 445 462 446
t 462 302 446 463
t 299 446 285 302
t 299 302 462 301
t 299 462 446 302
t 285 446 463 286
t 446 302 463 303
t 446 286 447 303
t 446 463 286 303
t 285 446 463 447
t 463 303 447 464
t 285 447 286 303
t 285 303 463 302
t 285 463 447 303
t 286 447 464 287
t 447 303 464 304
t 447 287 448 304
t 447 464 287 304
t 286 447 464 448
t 464 304 448 465
t 286 448 287 304
t 286 304 464 303
t 286 464 448 304
t 287 448 465 288
t 448 304 465 305
t 448 288 449 305
t 448 465 288 305
t 287 448 465 449
t 465 305 449 466
t 287 449 288 305
t 287 305 465 304
t 287 465 449 305
t 288 449 466 289
t 449 305 466 306
t 449 289 450 306
t 449 466 289 306
t 288 449 466 450
t 466 306 450 467
t 288 450 289 306
t 288 306 466 305
t 288 466 450 306
t 289 450 467 290
t 450 306 467 307
t 450 290 451 307
t 450 467 290 307
t 289 450 467 451
t 467 307 451 468
t 289 451 290 307
t 289 307 467 306
t 289 467 451 307
t 290 451 468 291
t 451 307 468 308
t 451 291 452 308
t 451 468 291 308
t 290 451 468 452
t 468 308 452 469
t 290 452 291 308
t 290 308 468 307
t 290 468 452 308
t 291 452 469 292
t 452 308 469 309
t 452 292 453 309
t 452 469 292 309
t 291 452 469 453
t 469 309 453 470
t 291 453 292 309
t 291 309 469 308
t 291 469 453 309
t 292 453 470 293
t 453 309 470 310
t 453 293 454 310
t 453 470 293 310
t 292 453 470 454
t 470 310 454 471
t 292 454 293 310
t 292 310 470 309
t 292 470 454 310
t 293 454 471 294
t 454 310 471 311
t 454 294 455 311
t 454 471 294 311
t 293 454 471 455
t 471 311 455 472
t 293 455 294 311
t 293 311 471 310
t 293 471 455 311
t 294 455 472 295
t 455 311 472 312
t 455 295 456 312
t 455 472 295 312
t 294 455 472 456
t 472 312 456 473
t 294 456 295 312
t 294 312 472 311
t 294 472 456 312
t 295 456 473 297
t 456 312 473 327
t 456 297 457 327
t 456 473 297 327
t 295 456 473 457
t 473 327 457 474
t 295 457 297 327
t 295 327 473 312
t 295 473 457 327
t 460 461 476 301
t 461 475 476 314
t 461 301 462 314
t 461 476 301 314
t 460 461 476 462
t 476 314 462 477
t 460 462 301 314
t 460 314 476 475
t 460 476 462 314
t 301 462 477 302
t 462 314 477 315
t 462 302 463 315
t 462 477 302 315
t 301 462 477 463
t 477 315 463 478
t 301 463 302 315
t 301 315 477 314
t 301 477 463 315
t 302 463 478 303
t 463 315 478 316
t 463 303 464 316
t 463 478 303 316
t 302 463 478 464
t 478 316 464 479
t 302 464 303 316
t 302 316 478 315
t 302 478 464 316
t 303 464 479 304
t 464 316 479 317
t 464 304 465 317
t 464 479 304 317
t 303 464 479 465
t 479 317 465 480
t 303 465 304 317
t 303 317 479 316
t 303 479 465 317
t 304 465 480 305
t 465 317 480 318
t 465 305 466 318
t 465 480 305 318
t 304 465 480 466
t 480 318 466 481
t 304 466 305 318
t 304 318 480 317
t 304 480 466 318
t 305 466 481 306
t 466 318 481 319
t 466 306 467 319
t 466 481 306 319
t 305 466 481 467
t 481 319 467 482
t 305 467 306 319
t 305 319 481 318
t 305 481 467 319
t 306 467 482 307
t 467 319 482 320
t 467 307 468 320
t 467 482 307 320
t 306 467 482 468
t 482 320 468 483
t 306 468 307 320
t 306 320 482 319
t 306 482 468 320
t 307 468 483 308
t 468 320 483 321
t 468 308 469 321
t 468 483 308 321
t 307 468 483 469
t 483 321 469 484
t 307 469 308 321
t 307 321 483 320
t 307 483 469 321
t 308 469 484 309
t 469 321 484 322
t 469 309 470 322
t 469 484 309 322
t 308 469 484 470
t 484 322 470 485
t 308 470 309 322
t 308 322 484 321
t 308 484 470 322
t 309 470 485 310
t 470 322 485 323
t 470 310 471 323
t 470 485 310 323
t 309 470 485 471
t 485 323 471 486
t 309 471 310 323
t 309 323 485 322
t 309 485 471 323
t 310 471 486 311
t 471 323 486 324
t 471 311 472 324
t 471 486 311 324
t 310 471 486 472
t 486 324 472 487
t 310 472 311 324
t 310 324 486 323
t 310 486 472 324
t 311 472 487 312
t 472 324 487 325
t 472 312 473 325
t 472 487 312 325
t 311 472 487 473
t 487 325 473 488
t 311 473 312 325
t 311 325 487 324
t 311 487 473 325
t 312 473 488 327
t 473 325 488 329
t 473 327 474 329
t 473 488 327 329
t 312 473 488 474
t 488 329 474 489
t 312 474 327 329
t 312 329 488 325
t 312 488 474 329
t 314 477 490 315
t 477 331 490 333
t 477 315 478 333
t 477 490 315 333
t 314 477 490 478
t 490 333 478 491
t 314 478 315 333
t 314 333 490 331
t 314 490 478 333
t 315 478 491 316
t 478 333 491 334
t 478 316 479 334
t 478 491 316 334
t 315 478 491 479
t 491 334 479 492
t 315 479 316 334
t 315 334 491 333
t 315 491 479 334
t 316 479 492 317
t 479 334 492 335
t 479 317 480 335
t 479 492 317 335
t 316 479 492 480
t 492 335 480 493
t 316 480 317 335
t 316 335 492 334
t 316 492 480 335
t 317 480 493 318
t 480 335 493 336
t 480 318 481 336
t 480 493 318 336
t 317 480 493 481
t 493 336 481 494
t 317 481 318 336
t 317 336 493 335
t 317 493 481 336
t 318 481 494 319
t 481 336 494 337
t 481 319 482 337
t 481 494 319 337
t 318 481 494 482
t 494 337 482 495
t 318 482 319 337
t 318 337 494 336
t 318 494 482 337
t 319 482 495 320
t 482 337 495 338
t 482 320 483 338
t 482 495 320 338
t 319 482 495 483
t 495 338 483 496
t 319 483 320 338
t 319 338 495 337
t 319 495 483 338
t 320 483 496 321
t 483 338 496 339
t 483 321 484 339
t 483 496 321 339
t 320 483 496 484
t 496 339 484 497
t 320 484 321 339
t 320 339 496 338
t 320 496 484 339
t 321 484 497 322
t 484 339 497 340
t 484 322 485 340
t 484 497 322 340
t 321 484 497 485
t 497 340 485 498
t 321 485 322 340
t 321 340 497 339
t 321 497 485 340
t 322 485 498 323
t 485 340 498 341
t 485 323 486 341
t 485 498 323 341
t 322 485 498 486
t 498 341 486 499
t 322 486 323 341
t 322 341 498 340
t 322 498 486 341
t 323 486 499 324
t 486 341 499 342
t 486 324 487 342
t 486 499 324 342
t 323 486 499 487
t 499 342 487 500
t 323 487 324 342
t 323 342 499 341
t 323 499 487 342
t 324 487 500 325
t 487 342 500 344
t 487 325 488 344
t 487 500 325 344
t 324 487 500 488
t 500 344 488 501
t 324 488 325 344
t 324 344 500 342
t 324 500 488 344
t 325 488 501 329
t 488 344 501 502
t 488 329 489 502
t 488 501 329 502
t 325 488 501 489
t 501 502 489 503
t 325 489 329 502
t 325 502 501 344
t 325 501 489 502
t 333 491 504 334
t 491 346 504 347
t 491 334 492 347
t 491 504 334 347
t 333 491 504 492
t 504 347 492 505
t 333 492 334 347
t 333 347 504 346
t 333 504 492 347
t 334 492 505 335
t 492 347 505 348
t 492 335 493 348
t 492 505 335 348
t 334 492 505 493
t 505 348 493 506
t 334 493 335 348
t 334 348 505 347
t 334 505 493 348
t 335 493 506 336
t 493 348 506 349
t 493 336 494 349
t 493 506 336 349
t 335 493 506 494
t 506 349 494 507
t 335 494 336 349
t 335 349 506 348
t 335 506 494 349
t 336 494 507 337
t 494 349 507 350
t 494 337 495 350
t 494 507 337 350
t 336 494 507 495
t 507 350 495 508
t 336 495 337 350
t 336 350 507 349
t 336 507 495 350
t 337 495 508 338
t 495 350 508 351
t 495 338 496 351
t 495 508 338 351
t 337 495 508 496
t 508 351 496 509
t 337 496 338 351
t 337 351 508 350
t 337 508 496 351
t 338 496 509 339
t 496 351 509 352
t 496 339 497 352
t 496 509 339 352
t 338 496 509 497
t 509 352 497 510
t 338 497 339 352
t 338 352 509 351
t 338 509 497 352
t 339 497 510 340
t 497 352 510 353
t 497 340 498 353
t 497 510 340 353
t 339 497 510 498
t 510 353 498 511
t 339 498 340 353
t 339 353 510 352
t 339 510 498 353
t 340 498 511 341
t 498 353 511 354
t 498 341 499 354
t 498 511 341 354
t 340 498 511 499
t 511 354 499 512
t 340 499 341 354
t 340 354 511 353
t 340 511 499 354
t 341 499 512 342
t 499 354 512 355
t 499 342 500 355
t 499 512 342 355
t 341 499 512 500
t 512 355 500 513
t 341 500 342 355
t 341 355 512 354
t 341 512 500 355
t 342 500 513 344
t 500 355 513 357
t 500 344 501 357
t 500 513 344 357
t 342 500 513 501
t 513 357 501 514
t 342 501 344 357
t 342 357 513 355
t 342 513 501 357
t 344 501 514 502
t 501 357 514 515
t 501 502 503 515
t 501 514 502 515
t 344 501 514 503
t 514 515 503 516
t 344 503 502 515
t 344 515 514 357
t 344 514 503 515
t 346 504 518 347
t 504 517 518 359
t 504 347 505 359
t 504 518 347 359
t 346 504 518 505
t 518 359 505 519
t 346 505 347 359
t 346 359 518 517
t 346 518 505 359
t 347 505 519 348
t 505 359 519 360
t 505 348 506 360
t 505 519 348 360
t 347 505 519 506
t 519 360 506 520
t 347 506 348 360
t 347 360 519 359
t 347 519 506 360
t 348 506 520 349
t 506 360 520 361
t 506 349 507 361
t 506 520 349 361
t 348 506 520 507
t 520 361 507 521
t 348 507 349 361
t 348 361 520 360
t 348 520 507 361
t 349 507 521 350
t 507 361 521 362
t 507 350 508 362
t 507 521 350 362
t 349 507 521 508
t 521 362 508 522
t 349 508 350 362
t 349 362 521 361
t 349 521 508 362
t 350 508 522 351
t 508 362 522 363
t 508 351 509 363
t 508 522 351 363
t 350 508 522 509
t 522 363 509 523
t 350 509 351 363
t 350 363 522 362
t 350 522 509 363
t 351 509 523 352
t 509 363 523 364
t 509 352 510 364
t 509 523 352 364
t 351 509 523 510
t 523 364 510 524
t 351 510 352 364
t 351 364 523 363
t 351 523 510 364
t 352 510 524 353
t 510 364 524 365
t 510 353 511 365
t 510 524 353 365
t 352 510 524 511
t 524 365 511 525
t 352 511 353 365
t 352 365 524 364
t 352 524 511 365
t 353 511 525 354
t 511 365 525 366
t 511 354 512 366
t 511 525 354 366
t 353 511 525 512
t 525 366 512 526
t 353 512 354 366
t 353 366 525 365
t 353 525 512 366
t 354 512 526 355
t 512 366 526 368
t 512 355 513 368
t 512 526 355 368
t 354 512 526 513
t 526 368 513 527
t 354 513 355 368
t 354 368 526 366
t 354 526 513 368
t 355 513 527 357
t 513 368 527 370
t 513 357 514 370
t 513 527 357 370
t 355 513 527 514
t 527 370 514 528
t 355 514 357 370
t 355 370 527 368
t 355 527 514 370
t 357 514 528 515
t 514 370 528 529
t 514 515 516 529
t 514 528 515 529
t 357 514 528 516
t 528 529 516 530
t 357 516 515 529
t 357 529 528 370
t 357 528 516 529
t 359 519 532 360
t 519 531 532 372
t 519 360 520 372
t 519 532 360 372
t 359 519 532 520
t 532 372 520 533
t 359 520 360 372
t 359 372 532 531
t 359 532 520 372
t 360 520 533 361
t 520 372 533 374
t 520 361 521 374
t 520 533 361 374
t 360 520 533 521
t 533 374 521 534
t 360 521 361 374
t 360 374 533 372
t 360 533 521 374
t 361 521 534 362
t 521 374 534 375
t 521 362 522 375
t 521 534 362 375
t 361 521 534 522
t 534 375 522 535
t 361 522 362 375
t 361 375 534 374
t 361 534 522 375
t 362 522 535 363
t 522 375 535 376
t 522 363 523 376
t 522 535 363 376
t 362 522 535 523
t 535 376 523 536
t 362 523 363 376
t 362 376 535 375
t 362 535 523 376
t 363 523 536 364
t 523 376 536 377
t 523 364 524 377
t 523 536 364 377
t 363 523 536 524
t 536 377 524 537
t 363 524 364 377
t 363 377 536 376
t 363 536 524 377
t 364 524 537 365
t 524 377 537 378
t 524 365 525 378
t 524 537 365 378
t 364 524 537 525
t 537 378 525 538
t 364 525 365 378
t 364 378 537 377
t 364 537 525 378
t 365 525 538 366
t 525 378 538 380
t 525 366 526 380
t 525 538 366 380
t 365 525 538 526
t 538 380 526 539
t 365 526 366 380
t 365 380 538 378
t 365 538 526 380
t 366 526 539 368
t 526 380 539 382
t 526 368 527 382
t 526 539 368 382
t 366 526 539 527
t 539 382 527 540
t 366 527 368 382
t 366 382 539 380
t 366 539 527 382
t 376 536 542 377
t 536 541 542 543
t 536 377 537 543
t 536 542 377 543
t 376 536 542 537
t 542 543 537 544
t 376 537 377 543
t 376 543 542 541
t 376 542 537 543
t 387 545 546 390
t 545 388 546 391
t 545 390 547 391
t 545 546 390 391
t 387 545 546 547
t 546 391 547 548
t 387 547 390 391
t 387 391 546 388
t 387 546 547 391
t 390 547 548 393
t 547 391 548 394
t 547 393 549 394
t 547 548 393 394
t 390 547 548 549
t 548 394 549 550
t 390 549 393 394
t 390 394 548 391
t 390 548 549 394
t 393 549 550 396
t 549 394 550 397
t 549 396 551 397
t 549 550 396 397
t 393 549 550 551
t 550 397 551 552
t 393 551 396 397
t 393 397 550 394
t 393 550 551 397
t 396 551 552 553
t 551 397 552 410
t 551 553 554 410
t 551 552 553 410
t 396 551 552 554
t 552 410 554 555
t 396 554 553 410
t 396 410 552 397
t 396 552 554 410
t 553 554 555 556
t 554 410 555 412
t 554 556 557 412
t 554 555 556 412
t 553 554 555 557
t 555 412 557 558
t 553 557 556 412
t 553 412 555 410
t 553 555 557 412
t 399 559 560 401
t 559 400 560 402
t 559 401 561 402
t 559 560 401 402
t 399 559 560 561
t 560 402 561 562
t 399 561 401 402
t 399 402 560 400
t 399 560 561 402
t 401 561 562 403
t 561 402 562 404
t 561 403 563 404
t 561 562 403 404
t 401 561 562 563
t 562 404 563 564
t 401 563 403 404
t 401 404 562 402
t 401 562 563 404
t 403 563 564 385
t 563 404 564 405
t 563 385 565 405
t 563 564 385 405
t 403 563 564 565
t 564 405 565 566
t 403 565 385 405
t 403 405 564 404
t 403 564 565 405
t 385 565 566 388
t 565 405 566 406
t 565 388 546 406
t 565 566 388 406
t 385 565 566 546
t 566 406 546 567
t 385 546 388 406
t 385 406 566 405
t 385 566 546 406
t 388 546 567 391
t 546 406 567 407
t 546 391 548 407
t 546 567 391 407
t 388 546 567 548
t 567 407 548 568
t 388 548 391 407
t 388 407 567 406
t 388 567 548 407
t 391 548 568 394
t 548 407 568 408
t 548 394 550 408
t 548 568 394 408
t 391 548 568 550
t 568 408 550 569
t 391 550 394 408
t 391 408 568 407
t 391 568 550 408
t 394 550 569 397
t 550 408 569 409
t 550 397 552 409
t 550 569 397 409
t 394 550 569 552
t 569 409 552 570
t 394 552 397 409
t 394 409 569 408
t 394 569 552 409
t 397 552 570 410
t 552 409 570 411
t 552 410 555 411
t 552 570 410 411
t 397 552 570 555
t 570 411 555 571
t 397 555 410 411
t 397 411 570 409
t 397 570 555 411
t 410 555 571 412
t 555 411 571 413
t 555 412 558 413
t 555 571 412 413
t 410 555 571 558
t 571 413 558 572
t 410 558 412 413
t 410 413 571 411
t 410 571 558 413
t 412 558 572 414
t 558 413 572 415
t 558 414 573 415
t 558 572 414 415
t 412 558 572 573
t 572 415 573 574
t 412 573 414 415
t 412 415 572 413
t 412 572 573 415
t 575 576 577 400
t 576 431 577 419
t 576 400 560 419
t 576 577 400 419
t 575 576 577 560
t 577 419 560 578
t 575 560 400 419
t 575 419 577 431
t 575 577 560 419
t 400 560 578 402
t 560 419 578 420
t 560 402 562 420
t 560 578 402 420
t 400 560 578 562
t 578 420 562 579
t 400 562 402 420
t 400 420 578 419
t 400 578 562 420
t 402 562 579 404
t 562 420 579 421
t 562 404 564 421
t 562 579 404 421
t 402 562 579 564
t 579 421 564 580
t 402 564 404 421
t 402 421 579 420
t 402 579 564 421
t 404 564 580 405
t 564 421 580 422
t 564 405 566 422
t 564 580 405 422
t 404 564 580 566
t 580 422 566 581
t 404 566 405 422
t 404 422 580 421
t 404 580 566 422
t 405 566 581 406
t 566 422 581 423
t 566 406 567 423
t 566 581 406 423
t 405 566 581 567
t 581 423 567 582
t 405 567 406 423
t 405 423 581 422
t 405 581 567 423
t 406 567 582 407
t 567 423 582 424
t 567 407 568 424
t 567 582 407 424
t 406 567 582 568
t 582 424 568 583
t 406 568 407 424
t 406 424 582 423
t 406 582 568 424
t 407 568 583 408
t 568 424 583 425
t 568 408 569 425
t 568 583 408 425
t 407 568 583 569
t 583 425 569 584
t 407 569 408 425
t 407 425 583 424
t 407 583 569 425
t 408 569 584 409
t 569 425 584 426
t 569 409 570 426
t 569 584 409 426
t 408 569 584 570
t 584 426 570 585
t 408 570 409 426
t 408 426 584 425
t 408 584 570 426
t 409 570 585 411
t 570 426 585 427
t 570 411 571 427
t 570 585 411 427
t 409 570 585 571
t 585 427 571 586
t 409 571 411 427
t 409 427 585 426
t 409 585 571 427
t 411 571 586 413
t 571 427 586 428
t 571 413 572 428
t 571 586 413 428
t 411 571 586 572
t 586 428 572 587
t 411 572 413 428
t 411 428 586 427
t 411 586 572 428
t 413 572 587 415
t 572 428 587 429
t 572 415 574 429
t 572 587 415 429
t 413 572 587 574
t 587 429 574 588
t 413 574 415 429
t 413 429 587 428
t 413 587 574 429
t 415 574 588 418
t 574 429 588 430
t 574 418 589 430
t 574 588 418 430
t 415 574 588 589
t 588 430 589 590
t 415 589 418 430
t 415 430 588 429
t 415 588 589 430
t 591 592 594 431
t 592 593 594 432
t 592 431 577 432
t 592 594 431 432
t 591 592 594 577
t 594 432 577 595
t 591 577 431 432
t 591 432 594 593
t 591 594 577 432
t 431 577 595 419
t 577 432 595 433
t 577 419 578 433
t 577 595 419 433
t 431 577 595 578
t 595 433 578 596
t 431 578 419 433
t 431 433 595 432
t 431 595 578 433
t 419 578 596 420
t 578 433 596 434
t 578 420 579 434
t 578 596 420 434
t 419 578 596 579
t 596 434 579 597
t 419 579 420 434
t 419 434 596 433
t 419 596 579 434
t 420 579 597 421
t 579 434 597 435
t 579 421 580 435
t 579 597 421 435
t 420 579 597 580
t 597 435 580 598
t 420 580 421 435
t 420 435 597 434
t 420 597 580 435
t 421 580 598 422
t 580 435 598 436
t 580 422 581 436
t 580 598 422 436
t 421 580 598 581
t 598 436 581 599
t 421 581 422 436
t 421 436 598 435
t 421 598 581 436
t 422 581 599 423
t 581 436 599 437
t 581 423 582 437
t 581 599 423 437
t 422 581 599 582
t 599 437 582 600
t 422 582 423 437
t 422 437 599 436
t 422 599 582 437
t 423 582 600 424
t 582 437 600 438
t 582 424 583 438
t 582 600 424 438
t 423 582 600 583
t 600 438 583 601
t 423 583 424 438
t 423 438 600 437
t 423 600 583 438
t 424 583 601 425
t 583 438 601 439
t 583 425 584 439
t 583 601 425 439
t 424 583 601 584
t 601 439 584 602
t 424 584 425 439
t 424 439 601 438
t 424 601 584 439
t 425 584 602 426
t 584 439 602 440
t 584 426 585 440
t 584 602 426 440
t 425 584 602 585
t 602 440 585 603
t 425 585 426 440
t 425 440 602 439
t 425 602 585 440
t 426 585 603 427
t 585 440 603 441
t 585 427 586 441
t 585 603 427 441
t 426 585 603 586
t 603 441 586 604
t 426 586 427 441
t 426 441 603 440
t 426 603 586 441
t 427 586 604 428
t 586 441 604 442
t 586 428 587 442
t 586 604 428 442
t 427 586 604 587
t 604 442 587 605
t 427 587 428 442
t 427 442 604 441
t 427 604 587 442
t 428 587 605 429
t 587 442 605 443
t 587 429 588 443
t 587 605 429 443
t 428 587 605 588
t 605 443 588 606
t 428 588 429 443
t 428 443 605 442
t 428 605 588 443
t 429 588 606 430
t 588 443 606 444
t 588 430 590 444
t 588 606 430 444
t 429 588 606 590
t 606 444 590 607
t 429 590 430 444
t 429 444 606 443
t 429 606 590 444
t 593 594 608 432
t 594 459 608 445
t 594 432 595 445
t 594 608 432 445
t 593 594 608 595
t 608 445 595 609
t 593 595 432 445
t 593 445 608 459
t 593 608 595 445
t 432 595 609 433
t 595 445 609 446
t 595 433 596 446
t 595 609 433 446
t 432 595 609 596
t 609 446 596 610
t 432 596 433 446
t 432 446 609 445
t 432 609 596 446
t 433 596 610 434
t 596 446 610 447
t 596 434 597 447
t 596 610 434 447
t 433 596 610 597
t 610 447 597 611
t 433 597 434 447
t 433 447 610 446
t 433 610 597 447
t 434 597 611 435
t 597 447 611 448
t 597 435 598 448
t 597 611 435 448
t 434 597 611 598
t 611 448 598 612
t 434 598 435 448
t 434 448 611 447
t 434 611 598 448
t 435 598 612 436
t 598 448 612 449
t 598 436 599 449
t 598 612 436 449
t 435 598 612 599
t 612 449 599 613
t 435 599 436 449
t 435 449 612 448
t 435 612 599 449
t 436 599 613 437
t 599 449 613 450
t 599 437 600 450
t 599 613 437 450
t 436 599 613 600
t 613 450 600 614
t 436 600 437 450
t 436 450 613 449
t 436 613 600 450
t 437 600 614 438
t 600 450 614 451
t 600 438 601 451
t 600 614 438 451
t 437 600 614 601
t 614 451 601 615
t 437 601 438 451
t 437 451 614 450
t 437 614 601 451
t 438 601 615 439
t 601 451 615 452
t 601 439 602 452
t 601 615 439 452
t 438 601 615 602
t 615 452 602 616
t 438 602 439 452
t 438 452 615 451
t 438 615 602 452
t 439 602 616 440
t 602 452 616 453
t 602 440 603 453
t 602 616 440 453
t 439 602 616 603
t 616 453 603 617
t 439 603 440 453
t 439 453 616 452
t 439 616 603 453
t 440 603 617 441
t 603 453 617 454
t 603 441 604 454
t 603 617 441 454
t 440 603 617 604
t 617 454 604 618
t 440 604 441 454
t 440 454 617 453
t 440 617 604 454
t 441 604 618 442
t 604 454 618 455
t 604 442 605 455
t 604 618 442 455
t 441 604 618 605
t 618 455 605 619
t 441 605 442 455
t 441 455 618 454
t 441 618 605 455
t 442 605 619 443
t 605 455 619 456
t 605 443 606 456
t 605 619 443 456
t 442 605 619 606
t 619 456 606 620
t 442 606 443 456
t 442 456 619 455
t 442 619 606 456
t 443 606 620 444
t 606 456 620 457
t 606 444 607 457
t 606 620 444 457
t 443 606 620 607
t 620 457 607 621
t 443 607 444 457
t 443 457 620 456
t 443 620 607 457
t 459 608 622 445
t 608 461 622 462
t 608 445 609 462
t 608 622 445 462
t 459 608 622 609
t 622 462 609 623
t 459 609 445 462
t 459 462 622 461
t 459 622 609 462
t 445 609 623 446
t 609 462 623 463
t 609 446 610 463
t 609 623 446 463
t 445 609 623 610
t 623 463 610 624
t 445 610 446 463
t 445 463 623 462
t 445 623 610 463
t 446 610 624 447
t 610 463 624 464
t 610 447 611 464
t 610 624 447 464
t 446 610 624 611
t 624 464 611 625
t 446 611 447 464
t 446 464 624 463
t 446 624 611 464
t 447 611 625 448
t 611 464 625 465
t 611 448 612 465
t 611 625 448 465
t 447 611 625 612
t 625 465 612 626
t 447 612 448 465
t 447 465 625 464
t 447 625 612 465
t 448 612 626 449
t 612 465 626 466
t 612 449 613 466
t 612 626 449 466
t 448 612 626 613
t 626 466 613 627
t 448 613 449 466
t 448 466 626 465
t 448 626 613 466
t 449 613 627 450
t 613 466 627 467
t 613 450 614 467
t 613 627 450 467
t 449 613 627 614
t 627 467 614 628
t 449 614 450 467
t 449 467 627 466
t 449 627 614 467
t 450 614 628 451
t 614 467 628 468
t 614 451 615 468
t 614 628 451 468
t 450 614 628 615
t 628 468 615 629
t 450 615 451 468
t 450 468 628 467
t 450 628 615 468
t 451 615 629 452
t 615 468 629 469
t 615 452 616 469
t 615 629 452 469
t 451 615 629 616
t 629 469 616 630
t 451 616 452 469
t 451 469 629 468
t 451 629 616 469
t 452 616 630 453
t 616 469 630 470
t 616 453 617 470
t 616 630 453 470
t 452 616 630 617
t 630 470 617 631
t 452 617 453 470
t 452 470 630 469
t 452 630 617 470
t 453 617 631 454
t 617 470 631 471
t 617 454 618 471
t 617 631 454 471
t 453 617 631 618
t 631 471 618 632
t 453 618 454 471
t 453 471 631 470
t 453 631 618 471
t 454 618 632 455
t 618 471 632 472
t 618 455 619 472
t 618 632 455 472
t 454 618 632 619
t 632 472 619 633
t 454 619 455 472
t 454 472 632 471
t 454 632 619 472
t 455 619 633 456
t 619 472 633 473
t 619 456 620 473
t 619 633 456 473
t 455 619 633 620
t 633 473 620 634
t 455 620 456 473
t 455 473 633 472
t 455 633 620 473
t 456 620 634 457
t 620 473 634 474
t 620 457 621 474
t 620 634 457 474
t 456 620 634 621
t 634 474 621 635
t 456 621 457 474
t 456 474 634 473
t 456 634 621 474
t 461 622 636 462
t 622 476 636 477
t 622 462 623 477
t 622 636 462 477
t 461 622 636 623
t 636 477 623 637
t 461 623 462 477
t 461 477 636 476
t 461 636 623 477
t 462 623 637 463
t 623 477 637 478
t 623 463 624 478
t 623 637 463 478
t 462 623 637 624
t 637 478 624 638
t 462 624 463 478
t 462 478 637 477
t 462 637 624 478
t 463 624 638 464
t 624 478 638 479
t 624 464 625 479
t 624 638 464 479
t 463 624 638 625
t 638 479 625 639
t 463 625 464 479
t 463 479 638 478
t 463 638 625 479
t 464 625 639 465
t 625 479 639 480
t 625 465 626 480
t 625 639 465 480
t 464 625 639 626
t 639 480 626 640
t 464 626 465 480
t 464 480 639 479
t 464 639 626 480
t 465 626 640 466
t 626 480 640 481
t 626 466 627 481
t 626 640 466 481
t 465 626 640 627
t 640 481 627 641
t 465 627 466 481
t 465 481 640 480
t 465 640 627 481
t 466 627 641 467
t 627 481 641 482
t 627 467 628 482
t 627 641 467 482
t 466 627 641 628
t 641 482 628 642
t 466 628 467 482
t 466 482 641 481
t 466 641 628 482
t 467 628 642 468
t 628 482 642 483
t 628 468 629 483
t 628 642 468 483
t 467 628 642 629
t 642 483 629 643
t 467 629 468 483
t 467 483 642 482
t 467 642 629 483
t 468 629 643 469
t 629 483 643 484
t 629 469 630 484
t 629 643 469 484
t 468 629 643 630
t 643 484 630 644
t 468 630 469 484
t 468 484 643 483
t 468 643 630 484
t 469 630 644 470
t 630 484 644 485
t 630 470 631 485
t 630 644 470 485
t 469 630 644 631
t 644 485 631 645
t 469 631 470 485
t 469 485 644 484
t 469 644 631 485
t 470 631 645 471
t 631 485 645 486
t 631 471 632 486
t 631 645 471 486
t 470 631 645 632
t 645 486 632 646
t 470 632 471 486
t 470 486 645 485
t 470 645 632 486
t 471 632 646 472
t 632 486 646 487
t 632 472 633 487
t 632 646 472 487
t 471 632 646 633
t 646 487 633 647
t 471 633 472 487
t 471 487 646 486
t 471 646 633 487
t 472 633 647 473
t 633 487 647 488
t 633 473 634 488
t 633 647 473 488
t 472 633 647 634
t 647 488 634 648
t 472 634 473 488
t 472 488 647 487
t 472 647 634 488
t 473 634 648 474
t 634 488 648 489
t 634 474 635 489
t 634 648 474 489
t 473 634 648 635
t 648 489 635 649
t 473 635 474 489
t 473 489 648 488
t 473 648 635 489
t 477 637 650 478
t 637 490 650 491
t 637 478 638 491
t 637 650 478 491
t 477 637 650 638
t 650 491 638 651
t 477 638 478 491
t 477 491 650 490
t 477 650 638 491
t 478 638 651 479
t 638 491 651 492
t 638 479 639 492
t 638 651 479 492
t 478 638 651 639
t 651 492 639 652
t 478 639 479 492
t 478 492 651 491
t 478 651 639 492
t 479 639 652 480
t 639 492 652 493
t 639 480 640 493
t 639 652 480 493
t 479 639 652 640
t 652 493 640 653
t 479 640 480 493
t 479 493 652 492
t 479 652 640 493
t 480 640 653 481
t 640 493 653 494
t 640 481 641 494
t 640 653 481 494
t 480 640 653 641
t 653 494 641 654
t 480 641 481 494
t 480 494 653 493
t 480 653 641 494
t 481 641 654 482
t 641 494 654 495
t 641 482 642 495
t 641 654 482 495
t 481 641 654 642
t 654 495 642 655
t 481 642 482 495
t 481 495 654 494
t 481 654 642 495
t 482 642 655 483
t 642 495 655 496
t 642 483 643 496
t 642 655 483 496
t 482 642 655 643
t 655 496 643 656
t 482 643 483 496
t 482 496 655 495
t 482 655 643 496
t 483 643 656 484
t 643 496 656 497
t 643 484 644 497
t 643 656 484 497
t 483 643 656 644
t 656 497 644 657
t 483 644 484 497
t 483 497 656 496
t 483 656 644 497
t 484 644 657 485
t 644 497 657 498
t 644 485 645 498
t 644 657 485 498
t 484 644 657 645
t 657 498 645 658
t 484 645 485 498
t 484 498 657 497
t 484 657 645 498
t 485 645 658 486
t 645 498 658 499
t 645 486 646 499
t 645 658 486 499
t 485 645 658 646
t 658 499 646 659
t 485 646 486 499
t 485 499 658 498
t 485 658 646 499
t 486 646 659 487
t 646 499 659 500
t 646 487 647 500
t 646 659 487 500
t 486 646 659 647
t 659 500 647 660
t 486 647 487 500
t 486 500 659 499
t 486 659 647 500
t 487 647 660 488
t 647 500 660 501
t 647 488 648 501
t 647 660 488 501
t 487 647 660 648
t 660 501 648 661
t 487 648 488 501
t 487 501 660 500
t 487 660 648 501
t 488 648 661 489
t 648 501 661 503
t 648 489 649 503
t 648 661 489 503
t 488 648 661 649
t 661 503 649 662
t 488 649 489 503
t 488 503 661 501
t 488 661 649 503
t 490 650 664 491
t 650 663 664 504
t 650 491 651 504
t 650 664 491 504
t 490 650 664 651
t 664 504 651 665
t 490 651 491 504
t 490 504 664 663
t 490 664 651 504
t 491 651 665 492
t 651 504 665 505
t 651 492 652 505
t 651 665 492 505
t 491 651 665 652
t 665 505 652 666
t 491 652 492 505
t 491 505 665 504
t 491 665 652 505
t 492 652 666 493
t 652 505 666 506
t 652 493 653 506
t 652 666 493 506
t 492 652 666 653
t 666 506 653 667
t 492 653 493 506
t 492 506 666 505
t 492 666 653 506
t 493 653 667 494
t 653 506 667 507
t 653 494 654 507
t 653 667 494 507
t 493 653 667 654
t 667 507 654 668
t 493 654 494 507
t 493 507 667 506
t 493 667 654 507
t 494 654 668 495
t 654 507 668 508
t 654 495 655 508
t 654 668 495 508
t 494 654 668 655
t 668 508 655 669
t 494 655 495 508
t 494 508 668 507
t 494 668 655 508
t 495 655 669 496
t 655 508 669 509
t 655 496 656 509
t 655 669 496 509
t 495 655 669 656
t 669 509 656 670
t 495 656 496 509
t 495 509 669 508
t 495 669 656 509
t 496 656 670 497
t 656 509 670 510
t 656 497 657 510
t 656 670 497 510
t 496 656 670 657
t 670 510 657 671
t 496 657 497 510
t 496 510 670 509
t 496 670 657 510
t 497 657 671 498
t 657 510 671 511
t 657 498 658 511
t 657 671 498 511
t 497 657 671 658
t 671 511 658 672
t 497 658 498 511
t 497 511 671 510
t 497 671 658 511
t 498 658 672 499
t 658 511 672 512
t 658 499 659 512
t 658 672 499 512
t 498 658 672 659
t 672 512 659 673
t 498 659 499 512
t 498 512 672 511
t 498 672 659 512
t 499 659 673 500
t 659 512 673 513
t 659 500 660 513
t 659 673 500 513
t 499 659 673 660
t 673 513 660 674
t 499 660 500 513
t 499 513 673 512
t 499 673 660 513
t 500 660 674 501
t 660 513 674 514
t 660 501 661 514
t 660 674 501 514
t 500 660 674 661
t 674 514 661 675
t 500 661 501 514
t 500 514 674 513
t 500 674 661 514
t 501 661 675 503
t 661 514 675 516
t 661 503 662 516
t 661 675 503 516
t 501 661 675 662
t 675 516 662 676
t 501 662 503 516
t 501 516 675 514
t 501 675 662 516
t 504 665 677 505
t 665 518 677 519
t 665 505 666 519
t 665 677 505 519
t 504 665 677 666
t 677 519 666 678
t 504 666 505 519
t 504 519 677 518
t 504 677 666 519
t 505 666 678 506
t 666 519 678 520
t 666 506 667 520
t 666 678 506 520
t 505 666 678 667
t 678 520 667 679
t 505 667 506 520
t 505 520 678 519
t 505 678 667 520
t 506 667 679 507
t 667 520 679 521
t 667 507 668 521
t 667 679 507 521
t 506 667 679 668
t 679 521 668 680
t 506 668 507 521
t 506 521 679 520
t 506 679 668 521
t 507 668 680 508
t 668 521 680 522
t 668 508 669 522
t 668 680 508 522
t 507 668 680 669
t 680 522 669 681
t 507 669 508 522
t 507 522 680 521
t 507 680 669 522
t 508 669 681 509
t 669 522 681 523
t 669 509 670 523
t 669 681 509 523
t 508 669 681 670
t 681 523 670 682
t 508 670 509 523
t 508 523 681 522
t 508 681 670 523
t 509 670 682 510
t 670 523 682 524
t 670 510 671 524
t 670 682 510 524
t 509 670 682 671
t 682 524 671 683
t 509 671 510 524
t 509 524 682 523
t 509 682 671 524
t 510 671 683 511
t 671 524 683 525
t 671 511 672 525
t 671 683 511 525
t 510 671 683 672
t 683 525 672 684
t 510 672 511 525
t 510 525 683 524
t 510 683 672 525
t 511 672 684 512
t 672 525 684 526
t 672 512 673 526
t 672 684 512 526
t 511 672 684 673
t 684 526 673 685
t 511 673 512 526
t 511 526 684 525
t 511 684 673 526
t 512 673 685 513
t 673 526 685 527
t 673 513 674 527
t 673 685 513 527
t 512 673 685 674
t 685 527 674 686
t 512 674 513 527
t 512 527 685 526
t 512 685 674 527
t 513 674 686 514
t 674 527 686 528
t 674 514 675 528
t 674 686 514 528
t 513 674 686 675
t 686 528 675 687
t 513 675 514 528
t 513 528 686 527
t 513 686 675 528
t 514 675 687 516
t 675 528 687 530
t 675 516 676 530
t 675 687 516 530
t 514 675 687 676
t 687 530 676 688
t 514 676 516 530
t 514 530 687 528
t 514 687 676 530
t 519 678 689 520
t 678 532 689 533
t 678 520 679 533
t 678 689 520 533
t 519 678 689 679
t 689 533 679 690
t 519 679 520 533
t 519 533 689 532
t 519 689 679 533
t 520 679 690 521
t 679 533 690 534
t 679 521 680 534
t 679 690 521 534
t 520 679 690 680
t 690 534 680 691
t 520 680 521 534
t 520 534 690 533
t 520 690 680 534
t 521 680 691 522
t 680 534 691 535
t 680 522 681 535
t 680 691 522 535
t 521 680 691 681
t 691 535 681 692
t 521 681 522 535
t 521 535 691 534
t 521 691 681 535
t 522 681 692 523
t 681 535 692 536
t 681 523 682 536
t 681 692 523 536
t 522 681 692 682
t 692 536 682 693
t 522 682 523 536
t 522 536 692 535
t 522 692 682 536
t 523 682 693 524
t 682 536 693 537
t 682 524 683 537
t 682 693 524 537
t 523 682 693 683
t 693 537 683 694
t 523 683 524 537
t 523 537 693 536
t 523 693 683 537
t 524 683 694 525
t 683 537 694 538
t 683 525 684 538
t 683 694 525 538
t 524 683 694 684
t 694 538 684 695
t 524 684 525 538
t 524 538 694 537
t 524 694 684 538
t 525 684 695 526
t 684 538 695 539
t 684 526 685 539
t 684 695 526 539
t 525 684 695 685
t 695 539 685 696
t 525 685 526 539
t 525 539 695 538
t 525 695 685 539
t 526 685 696 527
t 685 539 696 540
t 685 527 686 540
t 685 696 527 540
t 526 685 696 686
t 696 540 686 697
t 526 686 527 540
t 526 540 696 539
t 526 696 686 540
t 527 686 697 528
t 686 540 697 698
t 686 528 687 698
t 686 697 528 698
t 527 686 697 687
t 697 698 687 699
t 527 687 528 698
t 527 698 697 540
t 527 697 687 698
t 536 693 700 537
t 693 542 700 544
t 693 537 694 544
t 693 700 537 544
t 536 693 700 694
t 700 544 694 701
t 536 694 537 544
t 536 544 700 542
t 536 700 694 544
t 537 694 701 538
t 694 544 701 702
t 694 538 695 702
t 694 701 538 702
t 537 694 701 695
t 701 702 695 703
t 537 695 538 702
t 537 702 701 544
t 537 701 695 702
t 538 695 703 539
t 695 702 703 704
t 695 539 696 704
t 695 703 539 704
t 538 695 703 696
t 703 704 696 705
t 538 696 539 704
t 538 704 703 702
t 538 703 696 704
t 539 696 705 540
t 696 704 705 706
t 696 540 697 706
t 696 705 540 706
t 539 696 705 697
t 705 706 697 707
t 539 697 540 706
t 539 706 705 704
t 539 705 697 706
t 545 708 709 547
t 708 546 709 548
t 708 547 710 548
t 708 709 547 548
t 545 708 709 710
t 709 548 710 711
t 545 710 547 548
t 545 548 709 546
t 545 709 710 548
t 549 712 713 551
t 712 550 713 552
t 712 551 714 552
t 712 713 551 552
t 549 712 713 714
t 713 552 714 715
t 549 714 551 552
t 549 552 713 550
t 549 713 714 552
t 554 716 717 557
t 716 555 717 558
t 716 557 718 558
t 716 717 557 558
t 554 716 717 718
t 717 558 718 719
t 554 718 557 558
t 554 558 717 555
t 554 717 718 558
t 559 720 721 561
t 720 560 721 562
t 720 561 722 562
t 720 721 561 562
t 559 720 721 722
t 721 562 722 723
t 559 722 561 562
t 559 562 721 560
t 559 721 722 562
t 561 722 723 563
t 722 562 723 564
t 722 563 724 564
t 722 723 563 564
t 561 722 723 724
t 723 564 724 725
t 561 724 563 564
t 561 564 723 562
t 561 723 724 564
t 563 724 725 565
t 724 564 725 566
t 724 565 726 566
t 724 725 565 566
t 563 724 725 726
t 725 566 726 727
t 563 726 565 566
t 563 566 725 564
t 563 725 726 566
t 565 726 727 546
t 726 566 727 567
t 726 546 709 567
t 726 727 546 567
t 565 726 727 709
t 727 567 709 728
t 565 709 546 567
t 565 567 727 566
t 565 727 709 567
t 546 709 728 548
t 709 567 728 568
t 709 548 711 568
t 709 728 548 568
t 546 709 728 711
t 728 568 711 729
t 546 711 548 568
t 546 568 728 567
t 546 728 711 568
t 548 711 729 550
t 711 568 729 569
t 711 550 713 569
t 711 729 550 569
t 548 711 729 713
t 729 569 713 730
t 548 713 550 569
t 548 569 729 568
t 548 729 713 569
t 550 713 730 552
t 713 569 730 570
t 713 552 715 570
t 713 730 552 570
t 550 713 730 715
t 730 570 715 731
t 550 715 552 570
t 550 570 730 569
t 550 730 715 570
t 552 715 731 555
t 715 570 731 571
t 715 555 717 571
t 715 731 555 571
t 552 715 731 717
t 731 571 717 732
t 552 717 555 571
t 552 571 731 570
t 552 731 717 571
t 555 717 732 558
t 717 571 732 572
t 717 558 719 572
t 717 732 558 572
t 555 717 732 719
t 732 572 719 733
t 555 719 558 572
t 555 572 732 571
t 555 732 719 572
t 558 719 733 573
t 719 572 733 574
t 719 573 734 574
t 719 733 573 574
t 558 719 733 734
t 733 574 734 735
t 558 734 573 574
t 558 574 733 572
t 558 733 734 574
t 573 734 735 736
t 734 574 735 589
t 734 736 737 589
t 734 735 736 589
t 573 734 735 737
t 735 589 737 738
t 573 737 736 589
t 573 589 735 574
t 573 735 737 589
t 739 740 741 576
t 740 592 741 577
t 740 576 742 577
t 740 741 576 577
t 739 740 741 742
t 741 577 742 743
t 739 742 576 577
t 739 577 741 592
t 739 741 742 577
t 576 742 743 560
t 742 577 743 578
t 742 560 721 578
t 742 743 560 578
t 576 742 743 721
t 743 578 721 744
t 576 721 560 578
t 576 578 743 577
t 576 743 721 578
t 560 721 744 562
t 721 578 744 579
t 721 562 723 579
t 721 744 562 579
t 560 721 744 723
t 744 579 723 745
t 560 723 562 579
t 560 579 744 578
t 560 744 723 579
t 562 723 745 564
t 723 579 745 580
t 723 564 725 580
t 723 745 564 580
t 562 723 745 725
t 745 580 725 746
t 562 725 564 580
t 562 580 745 579
t 562 745 725 580
t 564 725 746 566
t 725 580 746 581
t 725 566 727 581
t 725 746 566 581
t 564 725 746 727
t 746 581 727 747
t 564 727 566 581
t 564 581 746 580
t 564 746 727 581
t 566 727 747 567
t 727 581 747 582
t 727 567 728 582
t 727 747 567 582
t 566 727 747 728
t 747 582 728 748
t 566 728 567 582
t 566 582 747 581
t 566 747 728 582
t 567 728 748 568
t 728 582 748 583
t 728 568 729 583
t 728 748 568 583
t 567 728 748 729
t 748 583 729 749
t 567 729 568 583
t 567 583 748 582
t 567 748 729 583
t 568 729 749 569
t 729 583 749 584
t 729 569 730 584
t 729 749 569 584
t 568 729 749 730
t 749 584 730 750
t 568 730 569 584
t 568 584 749 583
t 568 749 730 584
t 569 730 750 570
t 730 584 750 585
t 730 570 731 585
t 730 750 570 585
t 569 730 750 731
t 750 585 731 751
t 569 731 570 585
t 569 585 750 584
t 569 750 731 585
t 570 731 751 571
t 731 585 751 586
t 731 571 732 586
t 731 751 571 586
t 570 731 751 732
t 751 586 732 752
t 570 732 571 586
t 570 586 751 585
t 570 751 732 586
t 571 732 752 572
t 732 586 752 587
t 732 572 733 587
t 732 752 572 587
t 571 732 752 733
t 752 587 733 753
t 571 733 572 587
t 571 587 752 586
t 571 752 733 587
t 572 733 753 574
t 733 587 753 588
t 733 574 735 588
t 733 753 574 588
t 572 733 753 735
t 753 588 735 754
t 572 735 574 588
t 572 588 753 587
t 572 753 735 588
t 574 735 754 589
t 735 588 754 590
t 735 589 738 590
t 735 754 589 590
t 574 735 754 738
t 754 590 738 755
t 574 738 589 590
t 574 590 754 588
t 574 754 738 590
t 592 741 756 577
t 741 594 756 595
t 741 577 743 595
t 741 756 577 595
t 592 741 756 743
t 756 595 743 757
t 592 743 577 595
t 592 595 756 594
t 592 756 743 595
t 577 743 757 578
t 743 595 757 596
t 743 578 744 596
t 743 757 578 596
t 577 743 757 744
t 757 596 744 758
t 577 744 578 596
t 577 596 757 595
t 577 757 744 596
t 578 744 758 579
t 744 596 758 597
t 744 579 745 597
t 744 758 579 597
t 578 744 758 745
t 758 597 745 759
t 578 745 579 597
t 578 597 758 596
t 578 758 745 597
t 579 745 759 580
t 745 597 759 598
t 745 580 746 598
t 745 759 580 598
t 579 745 759 746
t 759 598 746 760
t 579 746 580 598
t 579 598 759 597
t 579 759 746 598
t 580 746 760 581
t 746 598 760 599
t 746 581 747 599
t 746 760 581 599
t 580 746 760 747
t 760 599 747 761
t 580 747 581 599
t 580 599 760 598
t 580 760 747 599
t 581 747 761 582
t 747 599 761 600
t 747 582 748 600
t 747 761 582 600
t 581 747 761 748
t 761 600 748 762
t 581 748 582 600
t 581 600 761 599
t 581 761 748 600
t 582 748 762 583
t 748 600 762 601
t 748 583 749 601
t 748 762 583 601
t 582 748 762 749
t 762 601 749 763
t 582 749 583 601
t 582 601 762 600
t 582 762 749 601
t 583 749 763 584
t 749 601 763 602
t 749 584 750 602
t 749 763 584 602
t 583 749 763 750
t 763 602 750 764
t 583 750 584 602
t 583 602 763 601
t 583 763 750 602
t 584 750 764 585
t 750 602 764 603
t 750 585 751 603
t 750 764 585 603
t 584 750 764 751
t 764 603 751 765
t 584 751 585 603
t 584 603 764 602
t 584 764 751 603
t 585 751 765 586
t 751 603 765 604
t 751 586 752 604
t 751 765 586 604
t 585 751 765 752
t 765 604 752 766
t 585 752 586 604
t 585 604 765 603
t 585 765 752 604
t 586 752 766 587
t 752 604 766 605
t 752 587 753 605
t 752 766 587 605
t 586 752 766 753
t 766 605 753 767
t 586 753 587 605
t 586 605 766 604
t 586 766 753 605
t 587 753 767 588
t 753 605 767 606
t 753 588 754 606
t 753 767 588 606
t 587 753 767 754
t 767 606 754 768
t 587 754 588 606
t 587 606 767 605
t 587 767 754 606
t 588 754 768 590
t 754 606 768 607
t 754 590 755 607
t 754 768 590 607
t 588 754 768 755
t 768 607 755 769
t 588 755 590 607
t 588 607 768 606
t 588 768 755 607
t 594 756 770 595
t 756 608 770 609
t 756 595 757 609
t 756 770 595 609
t 594 756 770 757
t 770 609 757 771
t 594 757 595 609
t 594 609 770 608
t 594 770 757 609
t 595 757 771 596
t 757 609 771 610
t 757 596 758 610
t 757 771 596 610
t 595 757 771 758
t 771 610 758 772
t 595 758 596 610
t 595 610 771 609
t 595 771 758 610
t 596 758 772 597
t 758 610 772 611
t 758 597 759 611
t 758 772 597 611
t 596 758 772 759
t 772 611 759 773
t 596 759 597 611
t 596 611 772 610
t 596 772 759 611
t 597 759 773 598
t 759 611 773 612
t 759 598 760 612
t 759 773 598 612
t 597 759 773 760
t 773 612 760 774
t 597 760 598 612
t 597 612 773 611
t 597 773 760 612
t 598 760 774 599
t 760 612 774 613
t 760 599 761 613
t 760 774 599 613
t 598 760 774 761
t 774 613 761 775
t 598 761 599 613
t 598 613 774 612
t 598 774 761 613
t 599 761 775 600
t 761 613 775 614
t 761 600 762 614
t 761 775 600 614
t 599 761 775 762
t 775 614 762 776
t 599 762 600 614
t 599 614 775 613
t 599 775 762 614
t 600 762 776 601
t 762 614 776 615
t 762 601 763 615
t 762 776 601 615
t 600 762 776 763
t 776 615 763 777
t 600 763 601 615
t 600 615 776 614
t 600 776 763 615
t 601 763 777 602
t 763 615 777 616
t 763 602 764 616
t 763 777 602 616
t 601 763 777 764
t 777 616 764 778
t 601 764 602 616
t 601 616 777 615
t 601 777 764 616
t 602 764 778 603
t 764 616 778 617
t 764 603 765 617
t 764 778 603 617
t 602 764 778 765
t 778 617 765 779
t 602 765 603 617
t 602 617 778 616
t 602 778 765 617
t 603 765 779 604
t 765 617 779 618
t 765 604 766 618
t 765 779 604 618
t 603 765 779 766
t 779 618 766 780
t 603 766 604 618
t 603 618 779 617
t 603 779 766 618
t 604 766 780 605
t 766 618 780 619
t 766 605 767 619
t 766 780 605 619
t 604 766 780 767
t 780 619 767 781
t 604 767 605 619
t 604 619 780 618
t 604 780 767 619
t 605 767 781 606
t 767 619 781 620
t 767 606 768 620
t 767 781 606 620
t 605 767 781 768
t 781 620 768 782
t 605 768 606 620
t 605 620 781 619
t 605 781 768 620
t 606 768 782 607
t 768 620 782 621
t 768 607 769 621
t 768 782 607 621
t 606 768 782 769
t 782 621 769 783
t 606 769 607 621
t 606 621 782 620
t 606 782 769 621
t 608 770 784 609
t 770 622 784 623
t 770 609 771 623
t 770 784 609 623
t 608 770 784 771
t 784 623 771 785
t 608 771 609 623
t 608 623 784 622
t 608 784 771 623
t 609 771 785 610
t 771 623 785 624
t 771 610 772 624
t 771 785 610 624
t 609 771 785 772
t 785 624 772 786
t 609 772 610 624
t 609 624 785 623
t 609 785 772 624
t 610 772 786 611
t 772 624 786 625
t 772 611 773 625
t 772 786 611 625
t 610 772 786 773
t 786 625 773 787
t 610 773 611 625
t 610 625 786 624
t 610 786 773 625
t 611 773 787 612
t 773 625 787 626
t 773 612 774 626
t 773 787 612 626
t 611 773 787 774
t 787 626 774 788
t 611 774 612 626
t 611 626 787 625
t 611 787 774 626
t 612 774 788 613
t 774 626 788 627
t 774 613 775 627
t 774 788 613 627
t 612 774 788 775
t 788 627 775 789
t 612 775 613 627
t 612 627 788 626
t 612 788 775 627
t 613 775 789 614
t 775 627 789 628
t 775 614 776 628
t 775 789 614 628
t 613 775 789 776
t 789 628 776 790
t 613 776 614 628
t 613 628 789 627
t 613 789 776 628
t 614 776 790 615
t 776 628 790 629
t 776 615 777 629
t 776 790 615 629
t 614 776 790 777
t 790 629 777 791
t 614 777 615 629
t 614 629 790 628
t 614 790 777 629
t 615 777 791 616
t 777 629 791 630
t 777 616 778 630
t 777 791 616 630
t 615 777 791 778
t 791 630 778 792
t 615 778 616 630
t 615 630 791 629
t 615 791 778 630
t 616 778 792 617
t 778 630 792 631
t 778 617 779 631
t 778 792 617 631
t 616 778 792 779
t 792 631 779 793
t 616 779 617 631
t 616 631 792 630
t 616 792 779 631
t 617 779 793 618
t 779 631 793 632
t 779 618 780 632
t 779 793 618 632
t 617 779 793 780
t 793 632 780 794
t 617 780 618 632
t 617 632 793 631
t 617 793 780 632
t 618 780 794 619
t 780 632 794 633
t 780 619 781 633
t 780 794 619 633
t 618 780 794 781
t 794 633 781 795
t 618 781 619 633
t 618 633 794 632
t 618 794 781 633
t 619 781 795 620
t 781 633 795 634
t 781 620 782 634
t 781 795 620 634
t 619 781 795 782
t 795 634 782 796
t 619 782 620 634
t 619 634 795 633
t 619 795 782 634
t 620 782 796 621
t 782 634 796 635
t 782 621 783 635
t 782 796 621 635
t 620 782 796 783
t 796 635 783 797
t 620 783 621 635
t 620 635 796 634
t 620 796 783 635
t 622 784 798 623
t 784 636 798 637
t 784 623 785 637
t 784 798 623 637
t 622 784 798 785
t 798 637 785 799
t 622 785 623 637
t 622 637 798 636
t 622 798 785 637
t 623 785 799 624
t 785 637 799 638
t 785 624 786 638
t 785 799 624 638
t 623 785 799 786
t 799 638 786 800
t 623 786 624 638
t 623 638 799 637
t 623 799 786 638
t 624 786 800 625
t 786 638 800 639
t 786 625 787 639
t 786 800 625 639
t 624 786 800 787
t 800 639 787 801
t 624 787 625 639
t 624 639 800 638
t 624 800 787 639
t 625 787 801 626
t 787 639 801 640
t 787 626 788 640
t 787 801 626 640
t 625 787 801 788
t 801 640 788 802
t 625 788 626 640
t 625 640 801 639
t 625 801 788 640
t 626 788 802 627
t 788 640 802 641
t 788 627 789 641
t 788 802 627 641
t 626 788 802 789
t 802 641 789 803
t 626 789 627 641
t 626 641 802 640
t 626 802 789 641
t 627 789 803 628
t 789 641 803 642
t 789 628 790 642
t 789 803 628 642
t 627 789 803 790
t 803 642 790 804
t 627 790 628 642
t 627 642 803 641
t 627 803 790 642
t 628 790 804 629
t 790 642 804 643
t 790 629 791 643
t 790 804 629 643
t 628 790 804 791
t 804 643 791 805
t 628 791 629 643
t 628 643 804 642
t 628 804 791 643
t 629 791 805 630
t 791 643 805 644
t 791 630 792 644
t 791 805 630 644
t 629 791 805 792
t 805 644 792 806
t 629 792 630 644
t 629 644 805 643
t 629 805 792 644
t 630 792 806 631
t 792 644 806 645
t 792 631 793 645
t 792 806 631 645
t 630 792 806 793
t 806 645 793 807
t 630 793 631 645
t 630 645 806 644
t 630 806 793 645
t 631 793 807 632
t 793 645 807 646
t 793 632 794 646
t 793 807 632 646
t 631 793 807 794
t 807 646 794 808
t 631 794 632 646
t 631 646 807 645
t 631 807 794 646
t 632 794 808 633
t 794 646 808 647
t 794 633 795 647
t 794 808 633 647
t 632 794 808 795
t 808 647 795 809
t 632 795 633 647
t 632 647 808 646
t 632 808 795 647
t 633 795 809 634
t 795 647 809 648
t 795 634 796 648
t 795 809 634 648
t 633 795 809 796
t 809 648 796 810
t 633 796 634 648
t 633 648 809 647
t 633 809 796 648
t 634 796 810 635
t 796 648 810 649
t 796 635 797 649
t 796 810 635 649
t 634 796 810 797
t 810 649 797 811
t 634 797 635 649
t 634 649 810 648
t 634 810 797 649
t 635 797 811 812
t 797 649 811 814
t 797 812 813 814
t 797 811 812 814
t 635 797 811 813
t 811 814 813 815
t 635 813 812 814
t 635 814 811 649
t 635 811 813 814
t 636 798 817 637
t 798 816 817 650
t 798 637 799 650
t 798 817 637 650
t 636 798 817 799
t 817 650 799 818
t 636 799 637 650
t 636 650 817 816
t 636 817 799 650
t 637 799 818 638
t 799 650 818 651
t 799 638 800 651
t 799 818 638 651
t 637 799 818 800
t 818 651 800 819
t 637 800 638 651
t 637 651 818 650
t 637 818 800 651
t 638 800 819 639
t 800 651 819 652
t 800 639 801 652
t 800 819 639 652
t 638 800 819 801
t 819 652 801 820
t 638 801 639 652
t 638 652 819 651
t 638 819 801 652
t 639 801 820 640
t 801 652 820 653
t 801 640 802 653
t 801 820 640 653
t 639 801 820 802
t 820 653 802 821
t 639 802 640 653
t 639 653 820 652
t 639 820 802 653
t 640 802 821 641
t 802 653 821 654
t 802 641 803 654
t 802 821 641 654
t 640 802 821 803
t 821 654 803 822
t 640 803 641 654
t 640 654 821 653
t 640 821 803 654
t 641 803 822 642
t 803 654 822 655
t 803 642 804 655
t 803 822 642 655
t 641 803 822 804
t 822 655 804 823
t 641 804 642 655
t 641 655 822 654
t 641 822 804 655
t 642 804 823 643
t 804 655 823 656
t 804 643 805 656
t 804 823 643 656
t 642 804 823 805
t 823 656 805 824
t 642 805 643 656
t 642 656 823 655
t 642 823 805 656
t 643 805 824 644
t 805 656 824 657
t 805 644 806 657
t 805 824 644 657
t 643 805 824 806
t 824 657 806 825
t 643 806 644 657
t 643 657 824 656
t 643 824 806 657
t 644 806 825 645
t 806 657 825 658
t 806 645 807 658
t 806 825 645 658
t 644 806 825 807
t 825 658 807 826
t 644 807 645 658
t 644 658 825 657
t 644 825 807 658
t 645 807 826 646
t 807 658 826 659
t 807 646 808 659
t 807 826 646 659
t 645 807 826 808
t 826 659 808 827
t 645 808 646 659
t 645 659 826 658
t 645 826 808 659
t 646 808 827 647
t 808 659 827 660
t 808 647 809 660
t 808 827 647 660
t 646 808 827 809
t 827 660 809 828
t 646 809 647 660
t 646 660 827 659
t 646 827 809 660
t 647 809 828 648
t 809 660 828 661
t 809 648 810 661
t 809 828 648 661
t 647 809 828 810
t 828 661 810 829
t 647 810 648 661
t 647 661 828 660
t 647 828 810 661
t 648 810 829 649
t 810 661 829 662
t 810 649 811 662
t 810 829 649 662
t 648 810 829 811
t 829 662 811 830
t 648 811 649 662
t 648 662 829 661
t 648 829 811 662
t 650 818 831 651
t 818 664 831 665
t 818 651 819 665
t 818 831 651 665
t 650 818 831 819
t 831 665 819 832
t 650 819 651 665
t 650 665 831 664
t 650 831 819 665
t 651 819 832 652
t 819 665 832 666
t 819 652 820 666
t 819 832 652 666
t 651 819 832 820
t 832 666 820 833
t 651 820 652 666
t 651 666 832 665
t 651 832 820 666
t 652 820 833 653
t 820 666 833 667
t 820 653 821 667
t 820 833 653 667
t 652 820 833 821
t 833 667 821 834
t 652 821 653 667
t 652 667 833 666
t 652 833 821 667
t 653 821 834 654
t 821 667 834 668
t 821 654 822 668
t 821 834 654 668
t 653 821 834 822
t 834 668 822 835
t 653 822 654 668
t 653 668 834 667
t 653 834 822 668
t 654 822 835 655
t 822 668 835 669
t 822 655 823 669
t 822 835 655 669
t 654 822 835 823
t 835 669 823 836
t 654 823 655 669
t 654 669 835 668
t 654 835 823 669
t 655 823 836 656
t 823 669 836 670
t 823 656 824 670
t 823 836 656 670
t 655 823 836 824
t 836 670 824 837
t 655 824 656 670
t 655 670 836 669
t 655 836 824 670
t 656 824 837 657
t 824 670 837 671
t 824 657 825 671
t 824 837 657 671
t 656 824 837 825
t 837 671 825 838
t 656 825 657 671
t 656 671 837 670
t 656 837 825 671
t 657 825 838 658
t 825 671 838 672
t 825 658 826 672
t 825 838 658 672
t 657 825 838 826
t 838 672 826 839
t 657 826 658 672
t 657 672 838 671
t 657 838 826 672
t 658 826 839 659
t 826 672 839 673
t 826 659 827 673
t 826 839 659 673
t 658 826 839 827
t 839 673 827 840
t 658 827 659 673
t 658 673 839 672
t 658 839 827 673
t 659 827 840 660
t 827 673 840 674
t 827 660 828 674
t 827 840 660 674
t 659 827 840 828
t 840 674 828 841
t 659 828 660 674
t 659 674 840 673
t 659 840 828 674
t 660 828 841 661
t 828 674 841 675
t 828 661 829 675
t 828 841 661 675
t 660 828 841 829
t 841 675 829 842
t 660 829 661 675
t 660 675 841 674
t 660 841 829 675
t 661 829 842 662
t 829 675 842 676
t 829 662 830 676
t 829 842 662 676
t 661 829 842 830
t 842 676 830 843
t 661 830 662 676
t 661 676 842 675
t 661 842 830 676
t 844 845 847 664
t 845 846 847 848
t 845 664 831 848
t 845 847 664 848
t 844 845 847 831
t 847 848 831 849
t 844 831 664 848
t 844 848 847 846
t 844 847 831 848
t 664 831 849 665
t 831 848 849 677
t 831 665 832 677
t 831 849 665 677
t 664 831 849 832
t 849 677 832 850
t 664 832 665 677
t 664 677 849 848
t 664 849 832 677
t 665 832 850 666
t 832 677 850 678
t 832 666 833 678
t 832 850 666 678
t 665 832 850 833
t 850 678 833 851
t 665 833 666 678
t 665 678 850 677
t 665 850 833 678
t 666 833 851 667
t 833 678 851 679
t 833 667 834 679
t 833 851 667 679
t 666 833 851 834
t 851 679 834 852
t 666 834 667 679
t 666 679 851 678
t 666 851 834 679
t 667 834 852 668
t 834 679 852 680
t 834 668 835 680
t 834 852 668 680
t 667 834 852 835
t 852 680 835 853
t 667 835 668 680
t 667 680 852 679
t 667 852 835 680
t 668 835 853 669
t 835 680 853 681
t 835 669 836 681
t 835 853 669 681
t 668 835 853 836
t 853 681 836 854
t 668 836 669 681
t 668 681 853 680
t 668 853 836 681
t 669 836 854 670
t 836 681 854 682
t 836 670 837 682
t 836 854 670 682
t 669 836 854 837
t 854 682 837 855
t 669 837 670 682
t 669 682 854 681
t 669 854 837 682
t 670 837 855 671
t 837 682 855 683
t 837 671 838 683
t 837 855 671 683
t 670 837 855 838
t 855 683 838 856
t 670 838 671 683
t 670 683 855 682
t 670 855 838 683
t 671 838 856 672
t 838 683 856 684
t 838 672 839 684
t 838 856 672 684
t 671 838 856 839
t 856 684 839 857
t 671 839 672 684
t 671 684 856 683
t 671 856 839 684
t 672 839 857 673
t 839 684 857 685
t 839 673 840 685
t 839 857 673 685
t 672 839 857 840
t 857 685 840 858
t 672 840 673 685
t 672 685 857 684
t 672 857 840 685
t 673 840 858 674
t 840 685 858 686
t 840 674 841 686
t 840 858 674 686
t 673 840 858 841
t 858 686 841 859
t 673 841 674 686
t 673 686 858 685
t 673 858 841 686
t 674 841 859 675
t 841 686 859 687
t 841 675 842 687
t 841 859 675 687
t 674 841 859 842
t 859 687 842 860
t 674 842 675 687
t 674 687 859 686
t 674 859 842 687
t 675 842 860 676
t 842 687 860 688
t 842 676 843 688
t 842 860 676 688
t 675 842 860 843
t 860 688 843 861
t 675 843 676 688
t 675 688 860 687
t 675 860 843 688
t 677 850 863 678
t 850 862 863 689
t 850 678 851 689
t 850 863 678 689
t 677 850 863 851
t 863 689 851 864
t 677 851 678 689
t 677 689 863 862
t 677 863 851 689
t 678 851 864 679
t 851 689 864 690
t 851 679 852 690
t 851 864 679 690
t 678 851 864 852
t 864 690 852 865
t 678 852 679 690
t 678 690 864 689
t 678 864 852 690
t 679 852 865 680
t 852 690 865 691
t 852 680 853 691
t 852 865 680 691
t 679 852 865 853
t 865 691 853 866
t 679 853 680 691
t 679 691 865 690
t 679 865 853 691
t 680 853 866 681
t 853 691 866 692
t 853 681 854 692
t 853 866 681 692
t 680 853 866 854
t 866 692 854 867
t 680 854 681 692
t 680 692 866 691
t 680 866 854 692
t 681 854 867 682
t 854 692 867 693
t 854 682 855 693
t 854 867 682 693
t 681 854 867 855
t 867 693 855 868
t 681 855 682 693
t 681 693 867 692
t 681 867 855 693
t 682 855 868 683
t 855 693 868 694
t 855 683 856 694
t 855 868 683 694
t 682 855 868 856
t 868 694 856 869
t 682 856 683 694
t 682 694 868 693
t 682 868 856 694
t 683 856 869 684
t 856 694 869 695
t 856 684 857 695
t 856 869 684 695
t 683 856 869 857
t 869 695 857 870
t 683 857 684 695
t 683 695 869 694
t 683 869 857 695
t 684 857 870 685
t 857 695 870 696
t 857 685 858 696
t 857 870 685 696
t 684 857 870 858
t 870 696 858 871
t 684 858 685 696
t 684 696 870 695
t 684 870 858 696
t 685 858 871 686
t 858 696 871 697
t 858 686 859 697
t 858 871 686 697
t 685 858 871 859
t 871 697 859 872
t 685 859 686 697
t 685 697 871 696
t 685 871 859 697
t 686 859 872 687
t 859 697 872 699
t 859 687 860 699
t 859 872 687 699
t 686 859 872 860
t 872 699 860 873
t 686 860 687 699
t 686 699 872 697
t 686 872 860 699
t 687 860 873 688
t 860 699 873 874
t 860 688 861 874
t 860 873 688 874
t 687 860 873 861
t 873 874 861 875
t 687 861 688 874
t 687 874 873 699
t 687 873 861 874
t 690 865 877 691
t 865 876 877 878
t 865 691 866 878
t 865 877 691 878
t 690 865 877 866
t 877 878 866 879
t 690 866 691 878
t 690 878 877 876
t 690 877 866 878
t 691 866 879 692
t 866 878 879 880
t 866 692 867 880
t 866 879 692 880
t 691 866 879 867
t 879 880 867 881
t 691 867 692 880
t 691 880 879 878
t 691 879 867 880
t 692 867 881 693
t 867 880 881 700
t 867 693 868 700
t 867 881 693 700
t 692 867 881 868
t 881 700 868 882
t 692 868 693 700
t 692 700 881 880
t 692 881 868 700
t 693 868 882 694
t 868 700 882 701
t 868 694 869 701
t 868 882 694 701
t 693 868 882 869
t 882 701 869 883
t 693 869 694 701
t 693 701 882 700
t 693 882 869 701
t 694 869 883 695
t 869 701 883 703
t 869 695 870 703
t 869 883 695 703
t 694 869 883 870
t 883 703 870 884
t 694 870 695 703
t 694 703 883 701
t 694 883 870 703
t 695 870 884 696
t 870 703 884 705
t 870 696 871 705
t 870 884 696 705
t 695 870 884 871
t 884 705 871 885
t 695 871 696 705
t 695 705 884 703
t 695 884 871 705
t 696 871 885 697
t 871 705 885 707
t 871 697 872 707
t 871 885 697 707
t 696 871 885 872
t 885 707 872 886
t 696 872 697 707
t 696 707 885 705
t 696 885 872 707
t 887 888 889 890
t 888 724 889 726
t 888 890 891 726
t 888 889 890 726
t 887 888 889 891
t 889 726 891 892
t 887 891 890 726
t 887 726 889 724
t 887 889 891 726
t 890 891 892 708
t 891 726 892 709
t 891 708 893 709
t 891 892 708 709
t 890 891 892 893
t 892 709 893 894
t 890 893 708 709
t 890 709 892 726
t 890 892 893 709
t 708 893 894 710
t 893 709 894 711
t 893 710 895 711
t 893 894 710 711
t 708 893 894 895
t 894 711 895 896
t 708 895 710 711
t 708 711 894 709
t 708 894 895 711
t 710 895 896 712
t 895 711 896 713
t 895 712 897 713
t 895 896 712 713
t 710 895 896 897
t 896 713 897 898
t 710 897 712 713
t 710 713 896 711
t 710 896 897 713
t 714 899 900 716
t 899 715 900 717
t 899 716 901 717
t 899 900 716 717
t 714 899 900 901
t 900 717 901 902
t 714 901 716 717
t 714 717 900 715
t 714 900 901 717
t 716 901 902 718
t 901 717 902 719
t 901 718 903 719
t 901 902 718 719
t 716 901 902 903
t 902 719 903 904
t 716 903 718 719
t 716 719 902 717
t 716 902 903 719
t 720 905 906 722
t 905 721 906 723
t 905 722 907 723
t 905 906 722 723
t 720 905 906 907
t 906 723 907 908
t 720 907 722 723
t 720 723 906 721
t 720 906 907 723
t 722 907 908 724
t 907 723 908 725
t 907 724 889 725
t 907 908 724 725
t 722 907 908 889
t 908 725 889 909
t 722 889 724 725
t 722 725 908 723
t 722 908 889 725
t 724 889 909 726
t 889 725 909 727
t 889 726 892 727
t 889 909 726 727
t 724 889 909 892
t 909 727 892 910
t 724 892 726 727
t 724 727 909 725
t 724 909 892 727
t 726 892 910 709
t 892 727 910 728
t 892 709 894 728
t 892 910 709 728
t 726 892 910 894
t 910 728 894 911
t 726 894 709 728
t 726 728 910 727
t 726 910 894 728
t 709 894 911 711
t 894 728 911 729
t 894 711 896 729
t 894 911 711 729
t 709 894 911 896
t 911 729 896 912
t 709 896 711 729
t 709 729 911 728
t 709 911 896 729
t 711 896 912 713
t 896 729 912 730
t 896 713 898 730
t 896 912 713 730
t 711 896 912 898
t 912 730 898 913
t 711 898 713 730
t 711 730 912 729
t 711 912 898 730
t 713 898 913 715
t 898 730 913 731
t 898 715 900 731
t 898 913 715 731
t 713 898 913 900
t 913 731 900 914
t 713 900 715 731
t 713 731 913 730
t 713 913 900 731
t 715 900 914 717
t 900 731 914 732
t 900 717 902 732
t 900 914 717 732
t 715 900 914 902
t 914 732 902 915
t 715 902 717 732
t 715 732 914 731
t 715 914 902 732
t 717 902 915 719
t 902 732 915 733
t 902 719 904 733
t 902 915 719 733
t 717 902 915 904
t 915 733 904 916
t 717 904 719 733
t 717 733 915 732
t 717 915 904 733
t 719 904 916 734
t 904 733 916 735
t 904 734 917 735
t 904 916 734 735
t 719 904 916 917
t 916 735 917 918
t 719 917 734 735
t 719 735 916 733
t 719 916 917 735
t 734 917 918 737
t 917 735 918 738
t 917 737 919 738
t 917 918 737 738
t 734 917 918 919
t 918 738 919 920
t 734 919 737 738
t 734 738 918 735
t 734 918 919 738
t 740 921 922 742
t 921 741 922 743
t 921 742 923 743
t 921 922 742 743
t 740 921 922 923
t 922 743 923 924
t 740 923 742 743
t 740 743 922 741
t 740 922 923 743
t 742 923 924 721
t 923 743 924 744
t 923 721 906 744
t 923 924 721 744
t 742 923 924 906
t 924 744 906 925
t 742 906 721 744
t 742 744 924 743
t 742 924 906 744
t 721 906 925 723
t 906 744 925 745
t 906 723 908 745
t 906 925 723 745
t 721 906 925 908
t 925 745 908 926
t 721 908 723 745
t 721 745 925 744
t 721 925 908 745
t 723 908 926 725
t 908 745 926 746
t 908 725 909 746
t 908 926 725 746
t 723 908 926 909
t 926 746 909 927
t 723 909 725 746
t 723 746 926 745
t 723 926 909 746
t 725 909 927 727
t 909 746 927 747
t 909 727 910 747
t 909 927 727 747
t 725 909 927 910
t 927 747 910 928
t 725 910 727 747
t 725 747 927 746
t 725 927 910 747
t 727 910 928 728
t 910 747 928 748
t 910 728 911 748
t 910 928 728 748
t 727 910 928 911
t 928 748 911 929
t 727 911 728 748
t 727 748 928 747
t 727 928 911 748
t 728 911 929 729
t 911 748 929 749
t 911 729 912 749
t 911 929 729 749
t 728 911 929 912
t 929 749 912 930
t 728 912 729 749
t 728 749 929 748
t 728 929 912 749
t 729 912 930 730
t 912 749 930 750
t 912 730 913 750
t 912 930 730 750
t 729 912 930 913
t 930 750 913 931
t 729 913 730 750
t 729 750 930 749
t 729 930 913 750
t 730 913 931 731
t 913 750 931 751
t 913 731 914 751
t 913 931 731 751
t 730 913 931 914
t 931 751 914 932
t 730 914 731 751
t 730 751 931 750
t 730 931 914 751
t 731 914 932 732
t 914 751 932 752
t 914 732 915 752
t 914 932 732 752
t 731 914 932 915
t 932 752 915 933
t 731 915 732 752
t 731 752 932 751
t 731 932 915 752
t 732 915 933 733
t 915 752 933 753
t 915 733 916 753
t 915 933 733 753
t 732 915 933 916
t 933 753 916 934
t 732 916 733 753
t 732 753 933 752
t 732 933 916 753
t 733 916 934 735
t 916 753 934 754
t 916 735 918 754
t 916 934 735 754
t 733 916 934 918
t 934 754 918 935
t 733 918 735 754
t 733 754 934 753
t 733 934 918 754
t 735 918 935 738
t 918 754 935 755
t 918 738 920 755
t 918 935 738 755
t 735 918 935 920
t 935 755 920 936
t 735 920 738 755
t 735 755 935 754
t 735 935 920 755
t 741 922 937 743
t 922 756 937 757
t 922 743 924 757
t 922 937 743 757
t 741 922 937 924
t 937 757 924 938
t 741 924 743 757
t 741 757 937 756
t 741 937 924 757
t 743 924 938 744
t 924 757 938 758
t 924 744 925 758
t 924 938 744 758
t 743 924 938 925
t 938 758 925 939
t 743 925 744 758
t 743 758 938 757
t 743 938 925 758
t 744 925 939 745
t 925 758 939 759
t 925 745 926 759
t 925 939 745 759
t 744 925 939 926
t 939 759 926 940
t 744 926 745 759
t 744 759 939 758
t 744 939 926 759
t 745 926 940 746
t 926 759 940 760
t 926 746 927 760
t 926 940 746 760
t 745 926 940 927
t 940 760 927 941
t 745 927 746 760
t 745 760 940 759
t 745 940 927 760
t 746 927 941 747
t 927 760 941 761
t 927 747 928 761
t 927 941 747 761
t 746 927 941 928
t 941 761 928 942
t 746 928 747 761
t 746 761 941 760
t 746 941 928 761
t 747 928 942 748
t 928 761 942 762
t 928 748 929 762
t 928 942 748 762
t 747 928 942 929
t 942 762 929 943
t 747 929 748 762
t 747 762 942 761
t 747 942 929 762
t 748 929 943 749
t 929 762 943 763
t 929 749 930 763
t 929 943 749 763
t 748 929 943 930
t 943 763 930 944
t 748 930 749 763
t 748 763 943 762
t 748 943 930 763
t 749 930 944 750
t 930 763 944 764
t 930 750 931 764
t 930 944 750 764
t 749 930 944 931
t 944 764 931 945
t 749 931 750 764
t 749 764 944 763
t 749 944 931 764
t 750 931 945 751
t 931 764 945 765
t 931 751 932 765
t 931 945 751 765
t 750 931 945 932
t 945 765 932 946
t 750 932 751 765
t 750 765 945 764
t 750 945 932 765
t 751 932 946 752
t 932 765 946 766
t 932 752 933 766
t 932 946 752 766
t 751 932 946 933
t 946 766 933 947
t 751 933 752 766
t 751 766 946 765
t 751 946 933 766
t 752 933 947 753
t 933 766 947 767
t 933 753 934 767
t 933 947 753 767
t 752 933 947 934
t 947 767 934 948
t 752 934 753 767
t 752 767 947 766
t 752 947 934 767
t 753 934 948 754
t 934 767 948 768
t 934 754 935 768
t 934 948 754 768
t 753 934 948 935
t 948 768 935 949
t 753 935 754 768
t 753 768 948 767
t 753 948 935 768
t 754 935 949 755
t 935 768 949 769
t 935 755 936 769
t 935 949 755 769
t 754 935 949 936
t 949 769 936 950
t 754 936 755 769
t 754 769 949 768
t 754 949 936 769
t 756 937 951 757
t 937 770 951 771
t 937 757 938 771
t 937 951 757 771
t 756 937 951 938
t 951 771 938 952
t 756 938 757 771
t 756 771 951 770
t 756 951 938 771
t 757 938 952 758
t 938 771 952 772
t 938 758 939 772
t 938 952 758 772
t 757 938 952 939
t 952 772 939 953
t 757 939 758 772
t 757 772 952 771
t 757 952 939 772
t 758 939 953 759
t 939 772 953 773
t 939 759 940 773
t 939 953 759 773
t 758 939 953 940
t 953 773 940 954
t 758 940 759 773
t 758 773 953 772
t 758 953 940 773
t 759 940 954 760
t 940 773 954 774
t 940 760 941 774
t 940 954 760 774
t 759 940 954 941
t 954 774 941 955
t 759 941 760 774
t 759 774 954 773
t 759 954 941 774
t 760 941 955 761
t 941 774 955 775
t 941 761 942 775
t 941 955 761 775
t 760 941 955 942
t 955 775 942 956
t 760 942 761 775
t 760 775 955 774
t 760 955 942 775
t 761 942 956 762
t 942 775 956 776
t 942 762 943 776
t 942 956 762 776
t 761 942 956 943
t 956 776 943 957
t 761 943 762 776
t 761 776 956 775
t 761 956 943 776
t 762 943 957 763
t 943 776 957 777
t 943 763 944 777
t 943 957 763 777
t 762 943 957 944
t 957 777 944 958
t 762 944 763 777
t 762 777 957 776
t 762 957 944 777
t 763 944 958 764
t 944 777 958 778
t 944 764 945 778
t 944 958 764 778
t 763 944 958 945
t 958 778 945 959
t 763 945 764 778
t 763 778 958 777
t 763 958 945 778
t 764 945 959 765
t 945 778 959 779
t 945 765 946 779
t 945 959 765 779
t 764 945 959 946
t 959 779 946 960
t 764 946 765 779
t 764 779 959 778
t 764 959 946 779
t 765 946 960 766
t 946 779 960 780
t 946 766 947 780
t 946 960 766 780
t 765 946 960 947
t 960 780 947 961
t 765 947 766 780
t 765 780 960 779
t 765 960 947 780
t 766 947 961 767
t 947 780 961 781
t 947 767 948 781
t 947 961 767 781
t 766 947 961 948
t 961 781 948 962
t 766 948 767 781
t 766 781 961 780
t 766 961 948 781
t 767 948 962 768
t 948 781 962 782
t 948 768 949 782
t 948 962 768 782
t 767 948 962 949
t 962 782 949 963
t 767 949 768 782
t 767 782 962 781
t 767 962 949 782
t 768 949 963 769
t 949 782 963 783
t 949 769 950 783
t 949 963 769 783
t 768 949 963 950
t 963 783 950 964
t 768 950 769 783
t 768 783 963 782
t 768 963 950 783
t 770 951 965 771
t 951 784 965 785
t 951 771 952 785
t 951 965 771 785
t 770 951 965 952
t 965 785 952 966
t 770 952 771 785
t 770 785 965 784
t 770 965 952 785
t 771 952 966 772
t 952 785 966 786
t 952 772 953 786
t 952 966 772 786
t 771 952 966 953
t 966 786 953 967
t 771 953 772 786
t 771 786 966 785
t 771 966 953 786
t 772 953 967 773
t 953 786 967 787
t 953 773 954 787
t 953 967 773 787
t 772 953 967 954
t 967 787 954 968
t 772 954 773 787
t 772 787 967 786
t 772 967 954 787
t 773 954 968 774
t 954 787 968 788
t 954 774 955 788
t 954 968 774 788
t 773 954 968 955
t 968 788 955 969
t 773 955 774 788
t 773 788 968 787
t 773 968 955 788
t 774 955 969 775
t 955 788 969 789
t 955 775 956 789
t 955 969 775 789
t 774 955 969 956
t 969 789 956 970
t 774 956 775 789
t 774 789 969 788
t 774 969 956 789
t 775 956 970 776
t 956 789 970 790
t 956 776 957 790
t 956 970 776 790
t 775 956 970 957
t 970 790 957 971
t 775 957 776 790
t 775 790 970 789
t 775 970 957 790
t 776 957 971 777
t 957 790 971 791
t 957 777 958 791
t 957 971 777 791
t 776 957 971 958
t 971 791 958 972
t 776 958 777 791
t 776 791 971 790
t 776 971 958 791
t 777 958 972 778
t 958 791 972 792
t 958 778 959 792
t 958 972 778 792
t 777 958 972 959
t 972 792 959 973
t 777 959 778 792
t 777 792 972 791
t 777 972 959 792
t 778 959 973 779
t 959 792 973 793
t 959 779 960 793
t 959 973 779 793
t 778 959 973 960
t 973 793 960 974
t 778 960 779 793
t 778 793 973 792
t 778 973 960 793
t 779 960 974 780
t 960 793 974 794
t 960 780 961 794
t 960 974 780 794
t 779 960 974 961
t 974 794 961 975
t 779 961 780 794
t 779 794 974 793
t 779 974 961 794
t 780 961 975 781
t 961 794 975 795
t 961 781 962 795
t 961 975 781 795
t 780 961 975 962
t 975 795 962 976
t 780 962 781 795
t 780 795 975 794
t 780 975 962 795
t 781 962 976 782
t 962 795 976 796
t 962 782 963 796
t 962 976 782 796
t 781 962 976 963
t 976 796 963 977
t 781 963 782 796
t 781 796 976 795
t 781 976 963 796
t 782 963 977 783
t 963 796 977 797
t 963 783 964 797
t 963 977 783 797
t 782 963 977 964
t 977 797 964 978
t 782 964 783 797
t 782 797 977 796
t 782 977 964 797
t 784 965 979 785
t 965 798 979 799
t 965 785 966 799
t 965 979 785 799
t 784 965 979 966
t 979 799 966 980
t 784 966 785 799
t 784 799 979 798
t 784 979 966 799
t 785 966 980 786
t 966 799 980 800
t 966 786 967 800
t 966 980 786 800
t 785 966 980 967
t 980 800 967 981
t 785 967 786 800
t 785 800 980 799
t 785 980 967 800
t 786 967 981 787
t 967 800 981 801
t 967 787 968 801
t 967 981 787 801
t 786 967 981 968
t 981 801 968 982
t 786 968 787 801
t 786 801 981 800
t 786 981 968 801
t 787 968 982 788
t 968 801 982 802
t 968 788 969 802
t 968 982 788 802
t 787 968 982 969
t 982 802 969 983
t 787 969 788 802
t 787 802 982 801
t 787 982 969 802
t 788 969 983 789
t 969 802 983 803
t 969 789 970 803
t 969 983 789 803
t 788 969 983 970
t 983 803 970 984
t 788 970 789 803
t 788 803 983 802
t 788 983 970 803
t 789 970 984 790
t 970 803 984 804
t 970 790 971 804
t 970 984 790 804
t 789 970 984 971
t 984 804 971 985
t 789 971 790 804
t 789 804 984 803
t 789 984 971 804
t 790 971 985 791
t 971 804 985 805
t 971 791 972 805
t 971 985 791 805
t 790 971 985 972
t 985 805 972 986
t 790 972 791 805
t 790 805 985 804
t 790 985 972 805
t 791 972 986 792
t 972 805 986 806
t 972 792 973 806
t 972 986 792 806
t 791 972 986 973
t 986 806 973 987
t 791 973 792 806
t 791 806 986 805
t 791 986 973 806
t 792 973 987 793
t 973 806 987 807
t 973 793 974 807
t 973 987 793 807
t 792 973 987 974
t 987 807 974 988
t 792 974 793 807
t 792 807 987 806
t 792 987 974 807
t 793 974 988 794
t 974 807 988 808
t 974 794 975 808
t 974 988 794 808
t 793 974 988 975
t 988 808 975 989
t 793 975 794 808
t 793 808 988 807
t 793 988 975 808
t 794 975 989 795
t 975 808 989 809
t 975 795 976 809
t 975 989 795 809
t 794 975 989 976
t 989 809 976 990
t 794 976 795 809
t 794 809 989 808
t 794 989 976 809
t 795 976 990 796
t 976 809 990 810
t 976 796 977 810
t 976 990 796 810
t 795 976 990 977
t 990 810 977 991
t 795 977 796 810
t 795 810 990 809
t 795 990 977 810
t 796 977 991 797
t 977 810 991 811
t 977 797 978 811
t 977 991 797 811
t 796 977 991 978
t 991 811 978 992
t 796 978 797 811
t 796 811 991 810
t 796 991 978 811
t 798 979 993 799
t 979 817 993 818
t 979 799 980 818
t 979 993 799 818
t 798 979 993 980
t 993 818 980 994
t 798 980 799 818
t 798 818 993 817
t 798 993 980 818
t 799 980 994 800
t 980 818 994 819
t 980 800 981 819
t 980 994 800 819
t 799 980 994 981
t 994 819 981 995
t 799 981 800 819
t 799 819 994 818
t 799 994 981 819
t 800 981 995 801
t 981 819 995 820
t 981 801 982 820
t 981 995 801 820
t 800 981 995 982
t 995 820 982 996
t 800 982 801 820
t 800 820 995 819
t 800 995 982 820
t 801 982 996 802
t 982 820 996 821
t 982 802 983 821
t 982 996 802 821
t 801 982 996 983
t 996 821 983 997
t 801 983 802 821
t 801 821 996 820
t 801 996 983 821
t 802 983 997 803
t 983 821 997 822
t 983 803 984 822
t 983 997 803 822
t 802 983 997 984
t 997 822 984 998
t 802 984 803 822
t 802 822 997 821
t 802 997 984 822
t 803 984 998 804
t 984 822 998 823
t 984 804 985 823
t 984 998 804 823
t 803 984 998 985
t 998 823 985 999
t 803 985 804 823
t 803 823 998 822
t 803 998 985 823
t 804 985 999 805
t 985 823 999 824
t 985 805 986 824
t 985 999 805 824
t 804 985 999 986
t 999 824 986 1000
t 804 986 805 824
t 804 824 999 823
t 804 999 986 824
t 805 986 1000 806
t 986 824 1000 825
t 986 806 987 825
t 986 1000 806 825
t 805 986 1000 987
t 1000 825 987 1001
t 805 987 806 825
t 805 825 1000 824
t 805 1000 987 825
t 806 987 1001 807
t 987 825 1001 826
t 987 807 988 826
t 987 1001 807 826
t 806 987 1001 988
t 1001 826 988 1002
t 806 988 807 826
t 806 826 1001 825
t 806 1001 988 826
t 807 988 1002 808
t 988 826 1002 827
t 988 808 989 827
t 988 1002 808 827
t 807 988 1002 989
t 1002 827 989 1003
t 807 989 808 827
t 807 827 1002 826
t 807 1002 989 827
t 808 989 1003 809
t 989 827 1003 828
t 989 809 990 828
t 989 1003 809 828
t 808 989 1003 990
t 1003 828 990 1004
t 808 990 809 828
t 808 828 1003 827
t 808 1003 990 828
t 809 990 1004 810
t 990 828 1004 829
t 990 810 991 829
t 990 1004 810 829
t 809 990 1004 991
t 1004 829 991 1005
t 809 991 810 829
t 809 829 1004 828
t 809 1004 991 829
t 810 991 1005 811
t 991 829 1005 830
t 991 811 992 830
t 991 1005 811 830
t 810 991 1005 992
t 1005 830 992 1006
t 810 992 811 830
t 810 830 1005 829
t 810 1005 992 830
t 817 993 1007 818
t 993 845 1007 831
t 993 818 994 831
t 993 1007 818 831
t 817 993 1007 994
t 1007 831 994 1008
t 817 994 818 831
t 817 831 1007 845
t 817 1007 994 831
t 818 994 1008 819
t 994 831 1008 832
t 994 819 995 832
t 994 1008 819 832
t 818 994 1008 995
t 1008 832 995 1009
t 818 995 819 832
t 818 832 1008 831
t 818 1008 995 832
t 819 995 1009 820
t 995 832 1009 833
t 995 820 996 833
t 995 1009 820 833
t 819 995 1009 996
t 1009 833 996 1010
t 819 996 820 833
t 819 833 1009 832
t 819 1009 996 833
t 820 996 1010 821
t 996 833 1010 834
t 996 821 997 834
t 996 1010 821 834
t 820 996 1010 997
t 1010 834 997 1011
t 820 997 821 834
t 820 834 1010 833
t 820 1010 997 834
t 821 997 1011 822
t 997 834 1011 835
t 997 822 998 835
t 997 1011 822 835
t 821 997 1011 998
t 1011 835 998 1012
t 821 998 822 835
t 821 835 1011 834
t 821 1011 998 835
t 822 998 1012 823
t 998 835 1012 836
t 998 823 999 836
t 998 1012 823 836
t 822 998 1012 999
t 1012 836 999 1013
t 822 999 823 836
t 822 836 1012 835
t 822 1012 999 836
t 823 999 1013 824
t 999 836 1013 837
t 999 824 1000 837
t 999 1013 824 837
t 823 999 1013 1000
t 1013 837 1000 1014
t 823 1000 824 837
t 823 837 1013 836
t 823 1013 1000 837
t 824 1000 1014 825
t 1000 837 1014 838
t 1000 825 1001 838
t 1000 1014 825 838
t 824 1000 1014 1001
t 1014 838 1001 1015
t 824 1001 825 838
t 824 838 1014 837
t 824 1014 1001 838
t 825 1001 1015 826
t 1001 838 1015 839
t 1001 826 1002 839
t 1001 1015 826 839
t 825 1001 1015 1002
t 1015 839 1002 1016
t 825 1002 826 839
t 825 839 1015 838
t 825 1015 1002 839
t 826 1002 1016 827
t 1002 839 1016 840
t 1002 827 1003 840
t 1002 1016 827 840
t 826 1002 1016 1003
t 1016 840 1003 1017
t 826 1003 827 840
t 826 840 1016 839
t 826 1016 1003 840
t 827 1003 1017 828
t 1003 840 1017 841
t 1003 828 1004 841
t 1003 1017 828 841
t 827 1003 1017 1004
t 1017 841 1004 1018
t 827 1004 828 841
t 827 841 1017 840
t 827 1017 1004 841
t 828 1004 1018 829
t 1004 841 1018 842
t 1004 829 1005 842
t 1004 1018 829 842
t 828 1004 1018 1005
t 1018 842 1005 1019
t 828 1005 829 842
t 828 842 1018 841
t 828 1018 1005 842
t 829 1005 1019 830
t 1005 842 1019 843
t 1005 830 1006 843
t 1005 1019 830 843
t 829 1005 1019 1006
t 1019 843 1006 1020
t 829 1006 830 843
t 829 843 1019 842
t 829 1019 1006 843
t 845 1007 1021 831
t 1007 847 1021 849
t 1007 831 1008 849
t 1007 1021 831 849
t 845 1007 1021 1008
t 1021 849 1008 1022
t 845 1008 831 849
t 845 849 1021 847
t 845 1021 1008 849
t 831 1008 1022 832
t 1008 849 1022 850
t 1008 832 1009 850
t 1008 1022 832 850
t 831 1008 1022 1009
t 1022 850 1009 1023
t 831 1009 832 850
t 831 850 1022 849
t 831 1022 1009 850
t 832 1009 1023 833
t 1009 850 1023 851
t 1009 833 1010 851
t 1009 1023 833 851
t 832 1009 1023 1010
t 1023 851 1010 1024
t 832 1010 833 851
t 832 851 1023 850
t 832 1023 1010 851
t 833 1010 1024 834
t 1010 851 1024 852
t 1010 834 1011 852
t 1010 1024 834 852
t 833 1010 1024 1011
t 1024 852 1011 1025
t 833 1011 834 852
t 833 852 1024 851
t 833 1024 1011 852
t 834 1011 1025 835
t 1011 852 1025 853
t 1011 835 1012 853
t 1011 1025 835 853
t 834 1011 1025 1012
t 1025 853 1012 1026
t 834 1012 835 853
t 834 853 1025 852
t 834 1025 1012 853
t 835 1012 1026 836
t 1012 853 1026 854
t 1012 836 1013 854
t 1012 1026 836 854
t 835 1012 1026 1013
t 1026 854 1013 1027
t 835 1013 836 854
t 835 854 1026 853
t 835 1026 1013 854
t 836 1013 1027 837
t 1013 854 1027 855
t 1013 837 1014 855
t 1013 1027 837 855
t 836 1013 1027 1014
t 1027 855 1014 1028
t 836 1014 837 855
t 836 855 1027 854
t 836 1027 1014 855
t 837 1014 1028 838
t 1014 855 1028 856
t 1014 838 1015 856
t 1014 1028 838 856
t 837 1014 1028 1015
t 1028 856 1015 1029
t 837 1015 838 856
t 837 856 1028 855
t 837 1028 1015 856
t 838 1015 1029 839
t 1015 856 1029 857
t 1015 839 1016 857
t 1015 1029 839 857
t 838 1015 1029 1016
t 1029 857 1016 1030
t 838 1016 839 857
t 838 857 1029 856
t 838 1029 1016 857
t 839 1016 1030 840
t 1016 857 1030 858
t 1016 840 1017 858
t 1016 1030 840 858
t 839 1016 1030 1017
t 1030 858 1017 1031
t 839 1017 840 858
t 839 858 1030 857
t 839 1030 1017 858
t 840 1017 1031 841
t 1017 858 1031 859
t 1017 841 1018 859
t 1017 1031 841 859
t 840 1017 1031 1018
t 1031 859 1018 1032
t 840 1018 841 859
t 840 859 1031 858
t 840 1031 1018 859
t 841 1018 1032 842
t 1018 859 1032 860
t 1018 842 1019 860
t 1018 1032 842 860
t 841 1018 1032 1019
t 1032 860 1019 1033
t 841 1019 842 860
t 841 860 1032 859
t 841 1032 1019 860
t 842 1019 1033 843
t 1019 860 1033 861
t 1019 843 1020 861
t 1019 1033 843 861
t 842 1019 1033 1020
t 1033 861 1020 1034
t 842 1020 843 861
t 842 861 1033 860
t 842 1033 1020 861
t 850 1023 1035 851
t 1023 863 1035 864
t 1023 851 1024 864
t 1023 1035 851 864
t 850 1023 1035 1024
t 1035 864 1024 1036
t 850 1024 851 864
t 850 864 1035 863
t 850 1035 1024 864
t 851 1024 1036 852
t 1024 864 1036 865
t 1024 852 1025 865
t 1024 1036 852 865
t 851 1024 1036 1025
t 1036 865 1025 1037
t 851 1025 852 865
t 851 865 1036 864
t 851 1036 1025 865
t 852 1025 1037 853
t 1025 865 1037 866
t 1025 853 1026 866
t 1025 1037 853 866
t 852 1025 1037 1026
t 1037 866 1026 1038
t 852 1026 853 866
t 852 866 1037 865
t 852 1037 1026 866
t 853 1026 1038 854
t 1026 866 1038 867
t 1026 854 1027 867
t 1026 1038 854 867
t 853 1026 1038 1027
t 1038 867 1027 1039
t 853 1027 854 867
t 853 867 1038 866
t 853 1038 1027 867
t 854 1027 1039 855
t 1027 867 1039 868
t 1027 855 1028 868
t 1027 1039 855 868
t 854 1027 1039 1028
t 1039 868 1028 1040
t 854 1028 855 868
t 854 868 1039 867
t 854 1039 1028 868
t 855 1028 1040 856
t 1028 868 1040 869
t 1028 856 1029 869
t 1028 1040 856 869
t 855 1028 1040 1029
t 1040 869 1029 1041
t 855 1029 856 869
t 855 869 1040 868
t 855 1040 1029 869
t 856 1029 1041 857
t 1029 869 1041 870
t 1029 857 1030 870
t 1029 1041 857 870
t 856 1029 1041 1030
t 1041 870 1030 1042
t 856 1030 857 870
t 856 870 1041 869
t 856 1041 1030 870
t 857 1030 1042 858
t 1030 870 1042 871
t 1030 858 1031 871
t 1030 1042 858 871
t 857 1030 1042 1031
t 1042 871 1031 1043
t 857 1031 858 871
t 857 871 1042 870
t 857 1042 1031 871
t 858 1031 1043 859
t 1031 871 1043 872
t 1031 859 1032 872
t 1031 1043 859 872
t 858 1031 1043 1032
t 1043 872 1032 1044
t 858 1032 859 872
t 858 872 1043 871
t 858 1043 1032 872
t 859 1032 1044 860
t 1032 872 1044 873
t 1032 860 1033 873
t 1032 1044 860 873
t 859 1032 1044 1033
t 1044 873 1033 1045
t 859 1033 860 873
t 859 873 1044 872
t 859 1044 1033 873
t 860 1033 1045 861
t 1033 873 1045 875
t 1033 861 1034 875
t 1033 1045 861 875
t 860 1033 1045 1034
t 1045 875 1034 1046
t 860 1034 861 875
t 860 875 1045 873
t 860 1045 1034 875
t 867 1039 1047 868
t 1039 881 1047 882
t 1039 868 1040 882
t 1039 1047 868 882
t 867 1039 1047 1040
t 1047 882 1040 1048
t 867 1040 868 882
t 867 882 1047 881
t 867 1047 1040 882
t 868 1040 1048 869
t 1040 882 1048 883
t 1040 869 1041 883
t 1040 1048 869 883
t 868 1040 1048 1041
t 1048 883 1041 1049
t 868 1041 869 883
t 868 883 1048 882
t 868 1048 1041 883
t 869 1041 1049 870
t 1041 883 1049 884
t 1041 870 1042 884
t 1041 1049 870 884
t 869 1041 1049 1042
t 1049 884 1042 1050
t 869 1042 870 884
t 869 884 1049 883
t 869 1049 1042 884
t 870 1042 1050 871
t 1042 884 1050 885
t 1042 871 1043 885
t 1042 1050 871 885
t 870 1042 1050 1043
t 1050 885 1043 1051
t 870 1043 871 885
t 870 885 1050 884
t 870 1050 1043 885
t 871 1043 1051 872
t 1043 885 1051 886
t 1043 872 1044 886
t 1043 1051 872 886
t 871 1043 1051 1044
t 1051 886 1044 1052
t 871 1044 872 886
t 871 886 1051 885
t 871 1051 1044 886
t 891 1053 1054 893
t 1053 892 1054 894
t 1053 893 1055 894
t 1053 1054 893 894
t 891 1053 1054 1055
t 1054 894 1055 1056
t 891 1055 893 894
t 891 894 1054 892
t 891 1054 1055 894
t 893 1055 1056 895
t 1055 894 1056 896
t 1055 895 1057 896
t 1055 1056 895 896
t 893 1055 1056 1057
t 1056 896 1057 1058
t 893 1057 895 896
t 893 896 1056 894
t 893 1056 1057 896
t 895 1057 1058 897
t 1057 896 1058 898
t 1057 897 1059 898
t 1057 1058 897 898
t 895 1057 1058 1059
t 1058 898 1059 1060
t 895 1059 897 898
t 895 898 1058 896
t 895 1058 1059 898
t 899 1061 1062 901
t 1061 900 1062 902
t 1061 901 1063 902
t 1061 1062 901 902
t 899 1061 1062 1063
t 1062 902 1063 1064
t 899 1063 901 902
t 899 902 1062 900
t 899 1062 1063 902
t 905 1065 1066 907
t 1065 906 1066 908
t 1065 907 1067 908
t 1065 1066 907 908
t 905 1065 1066 1067
t 1066 908 1067 1068
t 905 1067 907 908
t 905 908 1066 906
t 905 1066 1067 908
t 907 1067 1068 889
t 1067 908 1068 909
t 1067 889 1069 909
t 1067 1068 889 909
t 907 1067 1068 1069
t 1068 909 1069 1070
t 907 1069 889 909
t 907 909 1068 908
t 907 1068 1069 909
t 889 1069 1070 892
t 1069 909 1070 910
t 1069 892 1054 910
t 1069 1070 892 910
t 889 1069 1070 1054
t 1070 910 1054 1071
t 889 1054 892 910
t 889 910 1070 909
t 889 1070 1054 910
t 892 1054 1071 894
t 1054 910 1071 911
t 1054 894 1056 911
t 1054 1071 894 911
t 892 1054 1071 1056
t 1071 911 1056 1072
t 892 1056 894 911
t 892 911 1071 910
t 892 1071 1056 911
t 894 1056 1072 896
t 1056 911 1072 912
t 1056 896 1058 912
t 1056 1072 896 912
t 894 1056 1072 1058
t 1072 912 1058 1073
t 894 1058 896 912
t 894 912 1072 911
t 894 1072 1058 912
t 896 1058 1073 898
t 1058 912 1073 913
t 1058 898 1060 913
t 1058 1073 898 913
t 896 1058 1073 1060
t 1073 913 1060 1074
t 896 1060 898 913
t 896 913 1073 912
t 896 1073 1060 913
t 898 1060 1074 900
t 1060 913 1074 914
t 1060 900 1062 914
t 1060 1074 900 914
t 898 1060 1074 1062
t 1074 914 1062 1075
t 898 1062 900 914
t 898 914 1074 913
t 898 1074 1062 914
t 900 1062 1075 902
t 1062 914 1075 915
t 1062 902 1064 915
t 1062 1075 902 915
t 900 1062 1075 1064
t 1075 915 1064 1076
t 900 1064 902 915
t 900 915 1075 914
t 900 1075 1064 915
t 902 1064 1076 904
t 1064 915 1076 916
t 1064 904 1077 916
t 1064 1076 904 916
t 902 1064 1076 1077
t 1076 916 1077 1078
t 902 1077 904 916
t 902 916 1076 915
t 902 1076 1077 916
t 904 1077 1078 917
t 1077 916 1078 918
t 1077 917 1079 918
t 1077 1078 917 918
t 904 1077 1078 1079
t 1078 918 1079 1080
t 904 1079 917 918
t 904 918 1078 916
t 904 1078 1079 918
t 923 1081 1082 906
t 1081 924 1082 925
t 1081 906 1066 925
t 1081 1082 906 925
t 923 1081 1082 1066
t 1082 925 1066 1083
t 923 1066 906 925
t 923 925 1082 924
t 923 1082 1066 925
t 906 1066 1083 908
t 1066 925 1083 926
t 1066 908 1068 926
t 1066 1083 908 926
t 906 1066 1083 1068
t 1083 926 1068 1084
t 906 1068 908 926
t 906 926 1083 925
t 906 1083 1068 926
t 908 1068 1084 909
t 1068 926 1084 927
t 1068 909 1070 927
t 1068 1084 909 927
t 908 1068 1084 1070
t 1084 927 1070 1085
t 908 1070 909 927
t 908 927 1084 926
t 908 1084 1070 927
t 909 1070 1085 910
t 1070 927 1085 928
t 1070 910 1071 928
t 1070 1085 910 928
t 909 1070 1085 1071
t 1085 928 1071 1086
t 909 1071 910 928
t 909 928 1085 927
t 909 1085 1071 928
t 910 1071 1086 911
t 1071 928 1086 929
t 1071 911 1072 929
t 1071 1086 911 929
t 910 1071 1086 1072
t 1086 929 1072 1087
t 910 1072 911 929
t 910 929 1086 928
t 910 1086 1072 929
t 911 1072 1087 912
t 1072 929 1087 930
t 1072 912 1073 930
t 1072 1087 912 930
t 911 1072 1087 1073
t 1087 930 1073 1088
t 911 1073 912 930
t 911 930 1087 929
t 911 1087 1073 930
t 912 1073 1088 913
t 1073 930 1088 931
t 1073 913 1074 931
t 1073 1088 913 931
t 912 1073 1088 1074
t 1088 931 1074 1089
t 912 1074 913 931
t 912 931 1088 930
t 912 1088 1074 931
t 913 1074 1089 914
t 1074 931 1089 932
t 1074 914 1075 932
t 1074 1089 914 932
t 913 1074 1089 1075
t 1089 932 1075 1090
t 913 1075 914 932
t 913 932 1089 931
t 913 1089 1075 932
t 914 1075 1090 915
t 1075 932 1090 933
t 1075 915 1076 933
t 1075 1090 915 933
t 914 1075 1090 1076
t 1090 933 1076 1091
t 914 1076 915 933
t 914 933 1090 932
t 914 1090 1076 933
t 915 1076 1091 916
t 1076 933 1091 934
t 1076 916 1078 934
t 1076 1091 916 934
t 915 1076 1091 1078
t 1091 934 1078 1092
t 915 1078 916 934
t 915 934 1091 933
t 915 1091 1078 934
t 916 1078 1092 918
t 1078 934 1092 935
t 1078 918 1080 935
t 1078 1092 918 935
t 916 1078 1092 1080
t 1092 935 1080 1093
t 916 1080 918 935
t 916 935 1092 934
t 916 1092 1080 935
t 918 1080 1093 920
t 1080 935 1093 936
t 1080 920 1094 936
t 1080 1093 920 936
t 918 1080 1093 1094
t 1093 936 1094 1095
t 918 1094 920 936
t 918 936 1093 935
t 918 1093 1094 936
t 924 1082 1096 925
t 1082 938 1096 939
t 1082 925 1083 939
t 1082 1096 925 939
t 924 1082 1096 1083
t 1096 939 1083 1097
t 924 1083 925 939
t 924 939 1096 938
t 924 1096 1083 939
t 925 1083 1097 926
t 1083 939 1097 940
t 1083 926 1084 940
t 1083 1097 926 940
t 925 1083 1097 1084
t 1097 940 1084 1098
t 925 1084 926 940
t 925 940 1097 939
t 925 1097 1084 940
t 926 1084 1098 927
t 1084 940 1098 941
t 1084 927 1085 941
t 1084 1098 927 941
t 926 1084 1098 1085
t 1098 941 1085 1099
t 926 1085 927 941
t 926 941 1098 940
t 926 1098 1085 941
t 927 1085 1099 928
t 1085 941 1099 942
t 1085 928 1086 942
t 1085 1099 928 942
t 927 1085 1099 1086
t 1099 942 1086 1100
t 927 1086 928 942
t 927 942 1099 941
t 927 1099 1086 942
t 928 1086 1100 929
t 1086 942 1100 943
t 1086 929 1087 943
t 1086 1100 929 943
t 928 1086 1100 1087
t 1100 943 1087 1101
t 928 1087 929 943
t 928 943 1100 942
t 928 1100 1087 943
t 929 1087 1101 930
t 1087 943 1101 944
t 1087 930 1088 944
t 1087 1101 930 944
t 929 1087 1101 1088
t 1101 944 1088 1102
t 929 1088 930 944
t 929 944 1101 943
t 929 1101 1088 944
t 930 1088 1102 931
t 1088 944 1102 945
t 1088 931 1089 945
t 1088 1102 931 945
t 930 1088 1102 1089
t 1102 945 1089 1103
t 930 1089 931 945
t 930 945 1102 944
t 930 1102 1089 945
t 931 1089 1103 932
t 1089 945 1103 946
t 1089 932 1090 946
t 1089 1103 932 946
t 931 1089 1103 1090
t 1103 946 1090 1104
t 931 1090 932 946
t 931 946 1103 945
t 931 1103 1090 946
t 932 1090 1104 933
t 1090 946 1104 947
t 1090 933 1091 947
t 1090 1104 933 947
t 932 1090 1104 1091
t 1104 947 1091 1105
t 932 1091 933 947
t 932 947 1104 946
t 932 1104 1091 947
t 933 1091 1105 934
t 1091 947 1105 948
t 1091 934 1092 948
t 1091 1105 934 948
t 933 1091 1105 1092
t 1105 948 1092 1106
t 933 1092 934 948
t 933 948 1105 947
t 933 1105 1092 948
t 934 1092 1106 935
t 1092 948 1106 949
t 1092 935 1093 949
t 1092 1106 935 949
t 934 1092 1106 1093
t 1106 949 1093 1107
t 934 1093 935 949
t 934 949 1106 948
t 934 1106 1093 949
t 935 1093 1107 936
t 1093 949 1107 950
t 1093 936 1095 950
t 1093 1107 936 950
t 935 1093 1107 1095
t 1107 950 1095 1108
t 935 1095 936 950
t 935 950 1107 949
t 935 1107 1095 950
t 937 1109 1110 938
t 1109 951 1110 952
t 1109 938 1096 952
t 1109 1110 938 952
t 937 1109 1110 1096
t 1110 952 1096 1111
t 937 1096 938 952
t 937 952 1110 951
t 937 1110 1096 952
t 938 1096 1111 939
t 1096 952 1111 953
t 1096 939 1097 953
t 1096 1111 939 953
t 938 1096 1111 1097
t 1111 953 1097 1112
t 938 1097 939 953
t 938 953 1111 952
t 938 1111 1097 953
t 939 1097 1112 940
t 1097 953 1112 954
t 1097 940 1098 954
t 1097 1112 940 954
t 939 1097 1112 1098
t 1112 954 1098 1113
t 939 1098 940 954
t 939 954 1112 953
t 939 1112 1098 954
t 940 1098 1113 941
t 1098 954 1113 955
t 1098 941 1099 955
t 1098 1113 941 955
t 940 1098 1113 1099
t 1113 955 1099 1114
t 940 1099 941 955
t 940 955 1113 954
t 940 1113 1099 955
t 941 1099 1114 942
t 1099 955 1114 956
t 1099 942 1100 956
t 1099 1114 942 956
t 941 1099 1114 1100
t 1114 956 1100 1115
t 941 1100 942 956
t 941 956 1114 955
t 941 1114 1100 956
t 942 1100 1115 943
t 1100 956 1115 957
t 1100 943 1101 957
t 1100 1115 943 957
t 942 1100 1115 1101
t 1115 957 1101 1116
t 942 1101 943 957
t 942 957 1115 956
t 942 1115 1101 957
t 943 1101 1116 944
t 1101 957 1116 958
t 1101 944 1102 958
t 1101 1116 944 958
t 943 1101 1116 1102
t 1116 958 1102 1117
t 943 1102 944 958
t 943 958 1116 957
t 943 1116 1102 958
t 944 1102 1117 945
t 1102 958 1117 959
t 1102 945 1103 959
t 1102 1117 945 959
t 944 1102 1117 1103
t 1117 959 1103 1118
t 944 1103 945 959
t 944 959 1117 958
t 944 1117 1103 959
t 945 1103 1118 946
t 1103 959 1118 960
t 1103 946 1104 960
t 1103 1118 946 960
t 945 1103 1118 1104
t 1118 960 1104 1119
t 945 1104 946 960
t 945 960 1118 959
t 945 1118 1104 960
t 946 1104 1119 947
t 1104 960 1119 961
t 1104 947 1105 961
t 1104 1119 947 961
t 946 1104 1119 1105
t 1119 961 1105 1120
t 946 1105 947 961
t 946 961 1119 960
t 946 1119 1105 961
t 947 1105 1120 948
t 1105 961 1120 962
t 1105 948 1106 962
t 1105 1120 948 962
t 947 1105 1120 1106
t 1120 962 1106 1121
t 947 1106 948 962
t 947 962 1120 961
t 947 1120 1106 962
t 948 1106 1121 949
t 1106 962 1121 963
t 1106 949 1107 963
t 1106 1121 949 963
t 948 1106 1121 1107
t 1121 963 1107 1122
t 948 1107 949 963
t 948 963 1121 962
t 948 1121 1107 963
t 949 1107 1122 950
t 1107 963 1122 964
t 1107 950 1108 964
t 1107 1122 950 964
t 949 1107 1122 1108
t 1122 964 1108 1123
t 949 1108 950 964
t 949 964 1122 963
t 949 1122 1108 964
t 951 1110 1124 952
t 1110 965 1124 966
t 1110 952 1111 966
t 1110 1124 952 966
t 951 1110 1124 1111
t 1124 966 1111 1125
t 951 1111 952 966
t 951 966 1124 965
t 951 1124 1111 966
t 952 1111 1125 953
t 1111 966 1125 967
t 1111 953 1112 967
t 1111 1125 953 967
t 952 1111 1125 1112
t 1125 967 1112 1126
t 952 1112 953 967
t 952 967 1125 966
t 952 1125 1112 967
t 953 1112 1126 954
t 1112 967 1126 968
t 1112 954 1113 968
t 1112 1126 954 968
t 953 1112 1126 1113
t 1126 968 1113 1127
t 953 1113 954 968
t 953 968 1126 967
t 953 1126 1113 968
t 954 1113 1127 955
t 1113 968 1127 969
t 1113 955 1114 969
t 1113 1127 955 969
t 954 1113 1127 1114
t 1127 969 1114 1128
t 954 1114 955 969
t 954 969 1127 968
t 954 1127 1114 969
t 955 1114 1128 956
t 1114 969 1128 970
t 1114 956 1115 970
t 1114 1128 956 970
t 955 1114 1128 1115
t 1128 970 1115 1129
t 955 1115 956 970
t 955 970 1128 969
t 955 1128 1115 970
t 956 1115 1129 957
t 1115 970 1129 971
t 1115 957 1116 971
t 1115 1129 957 971
t 956 1115 1129 1116
t 1129 971 1116 1130
t 956 1116 957 971
t 956 971 1129 970
t 956 1129 1116 971
t 957 1116 1130 958
t 1116 971 1130 972
t 1116 958 1117 972
t 1116 1130 958 972
t 957 1116 1130 1117
t 1130 972 1117 1131
t 957 1117 958 972
t 957 972 1130 971
t 957 1130 1117 972
t 958 1117 1131 959
t 1117 972 1131 973
t 1117 959 1118 973
t 1117 1131 959 973
t 958 1117 1131 1118
t 1131 973 1118 1132
t 958 1118 959 973
t 958 973 1131 972
t 958 1131 1118 973
t 959 1118 1132 960
t 1118 973 1132 974
t 1118 960 1119 974
t 1118 1132 960 974
t 959 1118 1132 1119
t 1132 974 1119 1133
t 959 1119 960 974
t 959 974 1132 973
t 959 1132 1119 974
t 960 1119 1133 961
t 1119 974 1133 975
t 1119 961 1120 975
t 1119 1133 961 975
t 960 1119 1133 1120
t 1133 975 1120 1134
t 960 1120 961 975
t 960 975 1133 974
t 960 1133 1120 975
t 961 1120 1134 962
t 1120 975 1134 976
t 1120 962 1121 976
t 1120 1134 962 976
t 961 1120 1134 1121
t 1134 976 1121 1135
t 961 1121 962 976
t 961 976 1134 975
t 961 1134 1121 976
t 962 1121 1135 963
t 1121 976 1135 977
t 1121 963 1122 977
t 1121 1135 963 977
t 962 1121 1135 1122
t 1135 977 1122 1136
t 962 1122 963 977
t 962 977 1135 976
t 962 1135 1122 977
t 963 1122 1136 964
t 1122 977 1136 978
t 1122 964 1123 978
t 1122 1136 964 978
t 963 1122 1136 1123
t 1136 978 1123 1137
t 963 1123 964 978
t 963 978 1136 977
t 963 1136 1123 978
t 965 1124 1138 966
t 1124 979 1138 980
t 1124 966 1125 980
t 1124 1138 966 980
t 965 1124 1138 1125
t 1138 980 1125 1139
t 965 1125 966 980
t 965 980 1138 979
t 965 1138 1125 980
t 966 1125 1139 967
t 1125 980 1139 981
t 1125 967 1126 981
t 1125 1139 967 981
t 966 1125 1139 1126
t 1139 981 1126 1140
t 966 1126 967 981
t 966 981 1139 980
t 966 1139 1126 981
t 967 1126 1140 968
t 1126 981 1140 982
t 1126 968 1127 982
t 1126 1140 968 982
t 967 1126 1140 1127
t 1140 982 1127 1141
t 967 1127 968 982
t 967 982 1140 981
t 967 1140 1127 982
t 968 1127 1141 969
t 1127 982 1141 983
t 1127 969 1128 983
t 1127 1141 969 983
t 968 1127 1141 1128
t 1141 983 1128 1142
t 968 1128 969 983
t 968 983 1141 982
t 968 1141 1128 983
t 969 1128 1142 970
t 1128 983 1142 984
t 1128 970 1129 984
t 1128 1142 970 984
t 969 1128 1142 1129
t 1142 984 1129 1143
t 969 1129 970 984
t 969 984 1142 983
t 969 1142 1129 984
t 970 1129 1143 971
t 1129 984 1143 985
t 1129 971 1130 985
t 1129 1143 971 985
t 970 1129 1143 1130
t 1143 985 1130 1144
t 970 1130 971 985
t 970 985 1143 984
t 970 1143 1130 985
t 971 1130 1144 972
t 1130 985 1144 986
t 1130 972 1131 986
t 1130 1144 972 986
t 971 1130 1144 1131
t 1144 986 1131 1145
t 971 1131 972 986
t 971 986 1144 985
t 971 1144 1131 986
t 972 1131 1145 973
t 1131 986 1145 987
t 1131 973 1132 987
t 1131 1145 973 987
t 972 1131 1145 1132
t 1145 987 1132 1146
t 972 1132 973 987
t 972 987 1145 986
t 972 1145 1132 987
t 973 1132 1146 974
t 1132 987 1146 988
t 1132 974 1133 988
t 1132 1146 974 988
t 973 1132 1146 1133
t 1146 988 1133 1147
t 973 1133 974 988
t 973 988 1146 987
t 973 1146 1133 988
t 974 1133 1147 975
t 1133 988 1147 989
t 1133 975 1134 989
t 1133 1147 975 989
t 974 1133 1147 1134
t 1147 989 1134 1148
t 974 1134 975 989
t 974 989 1147 988
t 974 1147 1134 989
t 975 1134 1148 976
t 1134 989 1148 990
t 1134 976 1135 990
t 1134 1148 976 990
t 975 1134 1148 1135
t 1148 990 1135 1149
t 975 1135 976 990
t 975 990 1148 989
t 975 1148 1135 990
t 976 1135 1149 977
t 1135 990 1149 991
t 1135 977 1136 991
t 1135 1149 977 991
t 976 1135 1149 1136
t 1149 991 1136 1150
t 976 1136 977 991
t 976 991 1149 990
t 976 1149 1136 991
t 977 1136 1150 978
t 1136 991 1150 992
t 1136 978 1137 992
t 1136 1150 978 992
t 977 1136 1150 1137
t 1150 992 1137 1151
t 977 1137 978 992
t 977 992 1150 991
t 977 1150 1137 992
t 979 1138 1152 980
t 1138 993 1152 994
t 1138 980 1139 994
t 1138 1152 980 994
t 979 1138 1152 1139
t 1152 994 1139 1153
t 979 1139 980 994
t 979 994 1152 993
t 979 1152 1139 994
t 980 1139 1153 981
t 1139 994 1153 995
t 1139 981 1140 995
t 1139 1153 981 995
t 980 1139 1153 1140
t 1153 995 1140 1154
t 980 1140 981 995
t 980 995 1153 994
t 980 1153 1140 995
t 981 1140 1154 982
t 1140 995 1154 996
t 1140 982 1141 996
t 1140 1154 982 996
t 981 1140 1154 1141
t 1154 996 1141 1155
t 981 1141 982 996
t 981 996 1154 995
t 981 1154 1141 996
t 982 1141 1155 983
t 1141 996 1155 997
t 1141 983 1142 997
t 1141 1155 983 997
t 982 1141 1155 1142
t 1155 997 1142 1156
t 982 1142 983 997
t 982 997 1155 996
t 982 1155 1142 997
t 983 1142 1156 984
t 1142 997 1156 998
t 1142 984 1143 998
t 1142 1156 984 998
t 983 1142 1156 1143
t 1156 998 1143 1157
t 983 1143 984 998
t 983 998 1156 997
t 983 1156 1143 998
t 984 1143 1157 985
t 1143 998 1157 999
t 1143 985 1144 999
t 1143 1157 985 999
t 984 1143 1157 1144
t 1157 999 1144 1158
t 984 1144 985 999
t 984 999 1157 998
t 984 1157 1144 999
t 985 1144 1158 986
t 1144 999 1158 1000
t 1144 986 1145 1000
t 1144 1158 986 1000
t 985 1144 1158 1145
t 1158 1000 1145 1159
t 985 1145 986 1000
t 985 1000 1158 999
t 985 1158 1145 1000
t 986 1145 1159 987
t 1145 1000 1159 1001
t 1145 987 1146 1001
t 1145 1159 987 1001
t 986 1145 1159 1146
t 1159 1001 1146 1160
t 986 1146 987 1001
t 986 1001 1159 1000
t 986 1159 1146 1001
t 987 1146 1160 988
t 1146 1001 1160 1002
t 1146 988 1147 1002
t 1146 1160 988 1002
t 987 1146 1160 1147
t 1160 1002 1147 1161
t 987 1147 988 1002
t 987 1002 1160 1001
t 987 1160 1147 1002
t 988 1147 1161 989
t 1147 1002 1161 1003
t 1147 989 1148 1003
t 1147 1161 989 1003
t 988 1147 1161 1148
t 1161 1003 1148 1162
t 988 1148 989 1003
t 988 1003 1161 1002
t 988 1161 1148 1003
t 989 1148 1162 990
t 1148 1003 1162 1004
t 1148 990 1149 1004
t 1148 1162 990 1004
t 989 1148 1162 1149
t 1162 1004 1149 1163
t 989 1149 990 1004
t 989 1004 1162 1003
t 989 1162 1149 1004
t 990 1149 1163 991
t 1149 1004 1163 1005
t 1149 991 1150 1005
t 1149 1163 991 1005
t 990 1149 1163 1150
t 1163 1005 1150 1164
t 990 1150 991 1005
t 990 1005 1163 1004
t 990 1163 1150 1005
t 991 1150 1164 992
t 1150 1005 1164 1006
t 1150 992 1151 1006
t 1150 1164 992 1006
t 991 1150 1164 1151
t 1164 1006 1151 1165
t 991 1151 992 1006
t 991 1006 1164 1005
t 991 1164 1151 1006
t 993 1152 1166 994
t 1152 1007 1166 1008
t 1152 994 1153 1008
t 1152 1166 994 1008
t 993 1152 1166 1153
t 1166 1008 1153 1167
t 993 1153 994 1008
t 993 1008 1166 1007
t 993 1166 1153 1008
t 994 1153 1167 995
t 1153 1008 1167 1009
t 1153 995 1154 1009
t 1153 1167 995 1009
t 994 1153 1167 1154
t 1167 1009 1154 1168
t 994 1154 995 1009
t 994 1009 1167 1008
t 994 1167 1154 1009
t 995 1154 1168 996
t 1154 1009 1168 1010
t 1154 996 1155 1010
t 1154 1168 996 1010
t 995 1154 1168 1155
t 1168 1010 1155 1169
t 995 1155 996 1010
t 995 1010 1168 1009
t 995 1168 1155 1010
t 996 1155 1169 997
t 1155 1010 1169 1011
t 1155 997 1156 1011
t 1155 1169 997 1011
t 996 1155 1169 1156
t 1169 1011 1156 1170
t 996 1156 997 1011
t 996 1011 1169 1010
t 996 1169 1156 1011
t 997 1156 1170 998
t 1156 1011 1170 1012
t 1156 998 1157 1012
t 1156 1170 998 1012
t 997 1156 1170 1157
t 1170 1012 1157 1171
t 997 1157 998 1012
t 997 1012 1170 1011
t 997 1170 1157 1012
t 998 1157 1171 999
t 1157 1012 1171 1013
t 1157 999 1158 1013
t 1157 1171 999 1013
t 998 1157 1171 1158
t 1171 1013 1158 1172
t 998 1158 999 1013
t 998 1013 1171 1012
t 998 1171 1158 1013
t 999 1158 1172 1000
t 1158 1013 1172 1014
t 1158 1000 1159 1014
t 1158 1172 1000 1014
t 999 1158 1172 1159
t 1172 1014 1159 1173
t 999 1159 1000 1014
t 999 1014 1172 1013
t 999 1172 1159 1014
t 1000 1159 1173 1001
t 1159 1014 1173 1015
t 1159 1001 1160 1015
t 1159 1173 1001 1015
t 1000 1159 1173 1160
t 1173 1015 1160 1174
t 1000 1160 1001 1015
t 1000 1015 1173 1014
t 1000 1173 1160 1015
t 1001 1160 1174 1002
t 1160 1015 1174 1016
t 1160 1002 1161 1016
t 1160 1174 1002 1016
t 1001 1160 1174 1161
t 1174 1016 1161 1175
t 1001 1161 1002 1016
t 1001 1016 1174 1015
t 1001 1174 1161 1016
t 1002 1161 1175 1003
t 1161 1016 1175 1017
t 1161 1003 1162 1017
t 1161 1175 1003 1017
t 1002 1161 1175 1162
t 1175 1017 1162 1176
t 1002 1162 1003 1017
t 1002 1017 1175 1016
t 1002 1175 1162 1017
t 1003 1162 1176 1004
t 1162 1017 1176 1018
t 1162 1004 1163 1018
t 1162 1176 1004 1018
t 1003 1162 1176 1163
t 1176 1018 1163 1177
t 1003 1163 1004 1018
t 1003 1018 1176 1017
t 1003 1176 1163 1018
t 1004 1163 1177 1005
t 1163 1018 1177 1019
t 1163 1005 1164 1019
t 1163 1177 1005 1019
t 1004 1163 1177 1164
t 1177 1019 1164 1178
t 1004 1164 1005 1019
t 1004 1019 1177 1018
t 1004 1177 1164 1019
t 1005 1164 1178 1006
t 1164 1019 1178 1020
t 1164 1006 1165 1020
t 1164 1178 1006 1020
t 1005 1164 1178 1165
t 1178 1020 1165 1179
t 1005 1165 1006 1020
t 1005 1020 1178 1019
t 1005 1178 1165 1020
t 1008 1167 1180 1009
t 1167 1022 1180 1023
t 1167 1009 1168 1023
t 1167 1180 1009 1023
t 1008 1167 1180 1168
t 1180 1023 1168 1181
t 1008 1168 1009 1023
t 1008 1023 1180 1022
t 1008 1180 1168 1023
t 1009 1168 1181 1010
t 1168 1023 1181 1024
t 1168 1010 1169 1024
t 1168 1181 1010 1024
t 1009 1168 1181 1169
t 1181 1024 1169 1182
t 1009 1169 1010 1024
t 1009 1024 1181 1023
t 1009 1181 1169 1024
t 1010 1169 1182 1011
t 1169 1024 1182 1025
t 1169 1011 1170 1025
t 1169 1182 1011 1025
t 1010 1169 1182 1170
t 1182 1025 1170 1183
t 1010 1170 1011 1025
t 1010 1025 1182 1024
t 1010 1182 1170 1025
t 1011 1170 1183 1012
t 1170 1025 1183 1026
t 1170 1012 1171 1026
t 1170 1183 1012 1026
t 1011 1170 1183 1171
t 1183 1026 1171 1184
t 1011 1171 1012 1026
t 1011 1026 1183 1025
t 1011 1183 1171 1026
t 1012 1171 1184 1013
t 1171 1026 1184 1027
t 1171 1013 1172 1027
t 1171 1184 1013 1027
t 1012 1171 1184 1172
t 1184 1027 1172 1185
t 1012 1172 1013 1027
t 1012 1027 1184 1026
t 1012 1184 1172 1027
t 1013 1172 1185 1014
t 1172 1027 1185 1028
t 1172 1014 1173 1028
t 1172 1185 1014 1028
t 1013 1172 1185 1173
t 1185 1028 1173 1186
t 1013 1173 1014 1028
t 1013 1028 1185 1027
t 1013 1185 1173 1028
t 1014 1173 1186 1015
t 1173 1028 1186 1029
t 1173 1015 1174 1029
t 1173 1186 1015 1029
t 1014 1173 1186 1174
t 1186 1029 1174 1187
t 1014 1174 1015 1029
t 1014 1029 1186 1028
t 1014 1186 1174 1029
t 1015 1174 1187 1016
t 1174 1029 1187 1030
t 1174 1016 1175 1030
t 1174 1187 1016 1030
t 1015 1174 1187 1175
t 1187 1030 1175 1188
t 1015 1175 1016 1030
t 1015 1030 1187 1029
t 1015 1187 1175 1030
t 1016 1175 1188 1017
t 1175 1030 1188 1031
t 1175 1017 1176 1031
t 1175 1188 1017 1031
t 1016 1175 1188 1176
t 1188 1031 1176 1189
t 1016 1176 1017 1031
t 1016 1031 1188 1030
t 1016 1188 1176 1031
t 1017 1176 1189 1018
t 1176 1031 1189 1032
t 1176 1018 1177 1032
t 1176 1189 1018 1032
t 1017 1176 1189 1177
t 1189 1032 1177 1190
t 1017 1177 1018 1032
t 1017 1032 1189 1031
t 1017 1189 1177 1032
t 1018 1177 1190 1019
t 1177 1032 1190 1033
t 1177 1019 1178 1033
t 1177 1190 1019 1033
t 1018 1177 1190 1178
t 1190 1033 1178 1191
t 1018 1178 1019 1033
t 1018 1033 1190 1032
t 1018 1190 1178 1033
t 1019 1178 1191 1020
t 1178 1033 1191 1034
t 1178 1020 1179 1034
t 1178 1191 1020 1034
t 1019 1178 1191 1179
t 1191 1034 1179 1192
t 1019 1179 1020 1034
t 1019 1034 1191 1033
t 1019 1191 1179 1034
t 1023 1181 1193 1024
t 1181 1035 1193 1036
t 1181 1024 1182 1036
t 1181 1193 1024 1036
t 1023 1181 1193 1182
t 1193 1036 1182 1194
t 1023 1182 1024 1036
t 1023 1036 1193 1035
t 1023 1193 1182 1036
t 1024 1182 1194 1025
t 1182 1036 1194 1037
t 1182 1025 1183 1037
t 1182 1194 1025 1037
t 1024 1182 1194 1183
t 1194 1037 1183 1195
t 1024 1183 1025 1037
t 1024 1037 1194 1036
t 1024 1194 1183 1037
t 1025 1183 1195 1026
t 1183 1037 1195 1038
t 1183 1026 1184 1038
t 1183 1195 1026 1038
t 1025 1183 1195 1184
t 1195 1038 1184 1196
t 1025 1184 1026 1038
t 1025 1038 1195 1037
t 1025 1195 1184 1038
t 1026 1184 1196 1027
t 1184 1038 1196 1039
t 1184 1027 1185 1039
t 1184 1196 1027 1039
t 1026 1184 1196 1185
t 1196 1039 1185 1197
t 1026 1185 1027 1039
t 1026 1039 1196 1038
t 1026 1196 1185 1039
t 1027 1185 1197 1028
t 1185 1039 1197 1040
t 1185 1028 1186 1040
t 1185 1197 1028 1040
t 1027 1185 1197 1186
t 1197 1040 1186 1198
t 1027 1186 1028 1040
t 1027 1040 1197 1039
t 1027 1197 1186 1040
t 1028 1186 1198 1029
t 1186 1040 1198 1041
t 1186 1029 1187 1041
t 1186 1198 1029 1041
t 1028 1186 1198 1187
t 1198 1041 1187 1199
t 1028 1187 1029 1041
t 1028 1041 1198 1040
t 1028 1198 1187 1041
t 1029 1187 1199 1030
t 1187 1041 1199 1042
t 1187 1030 1188 1042
t 1187 1199 1030 1042
t 1029 1187 1199 1188
t 1199 1042 1188 1200
t 1029 1188 1030 1042
t 1029 1042 1199 1041
t 1029 1199 1188 1042
t 1030 1188 1200 1031
t 1188 1042 1200 1043
t 1188 1031 1189 1043
t 1188 1200 1031 1043
t 1030 1188 1200 1189
t 1200 1043 1189 1201
t 1030 1189 1031 1043
t 1030 1043 1200 1042
t 1030 1200 1189 1043
t 1031 1189 1201 1032
t 1189 1043 1201 1044
t 1189 1032 1190 1044
t 1189 1201 1032 1044
t 1031 1189 1201 1190
t 1201 1044 1190 1202
t 1031 1190 1032 1044
t 1031 1044 1201 1043
t 1031 1201 1190 1044
t 1032 1190 1202 1033
t 1190 1044 1202 1045
t 1190 1033 1191 1045
t 1190 1202 1033 1045
t 1032 1190 1202 1191
t 1202 1045 1191 1203
t 1032 1191 1033 1045
t 1032 1045 1202 1044
t 1032 1202 1191 1045
t 1033 1191 1203 1034
t 1191 1045 1203 1046
t 1191 1034 1192 1046
t 1191 1203 1034 1046
t 1033 1191 1203 1192
t 1203 1046 1192 1204
t 1033 1192 1034 1046
t 1033 1046 1203 1045
t 1033 1203 1192 1046
t 1039 1197 1205 1040
t 1197 1047 1205 1048
t 1197 1040 1198 1048
t 1197 1205 1040 1048
t 1039 1197 1205 1198
t 1205 1048 1198 1206
t 1039 1198 1040 1048
t 1039 1048 1205 1047
t 1039 1205 1198 1048
t 1040 1198 1206 1041
t 1198 1048 1206 1049
t 1198 1041 1199 1049
t 1198 1206 1041 1049
t 1040 1198 1206 1199
t 1206 1049 1199 1207
t 1040 1199 1041 1049
t 1040 1049 1206 1048
t 1040 1206 1199 1049
t 1041 1199 1207 1042
t 1199 1049 1207 1050
t 1199 1042 1200 1050
t 1199 1207 1042 1050
t 1041 1199 1207 1200
t 1207 1050 1200 1208
t 1041 1200 1042 1050
t 1041 1050 1207 1049
t 1041 1207 1200 1050
t 1042 1200 1208 1043
t 1200 1050 1208 1051
t 1200 1043 1201 1051
t 1200 1208 1043 1051
t 1042 1200 1208 1201
t 1208 1051 1201 1209
t 1042 1201 1043 1051
t 1042 1051 1208 1050
t 1042 1208 1201 1051
t 1043 1201 1209 1044
t 1201 1051 1209 1052
t 1201 1044 1202 1052
t 1201 1209 1044 1052
t 1043 1201 1209 1202
t 1209 1052 1202 1210
t 1043 1202 1044 1052
t 1043 1052 1209 1051
t 1043 1209 1202 1052
t 1044 1202 1210 1045
t 1202 1052 1210 1211
t 1202 1045 1203 1211
t 1202 1210 1045 1211
t 1044 1202 1210 1203
t 1210 1211 1203 1212
t 1044 1203 1045 1211
t 1044 1211 1210 1052
t 1044 1210 1203 1211
t 1055 1213 1214 1057
t 1213 1056 1214 1058
t 1213 1057 1215 1058
t 1213 1214 1057 1058
t 1055 1213 1214 1215
t 1214 1058 1215 1216
t 1055 1215 1057 1058
t 1055 1058 1214 1056
t 1055 1214 1215 1058
t 1057 1215 1216 1059
t 1215 1058 1216 1060
t 1215 1059 1217 1060
t 1215 1216 1059 1060
t 1057 1215 1216 1217
t 1216 1060 1217 1218
t 1057 1217 1059 1060
t 1057 1060 1216 1058
t 1057 1216 1217 1060
t 1059 1217 1218 1061
t 1217 1060 1218 1062
t 1217 1061 1219 1062
t 1217 1218 1061 1062
t 1059 1217 1218 1219
t 1218 1062 1219 1220
t 1059 1219 1061 1062
t 1059 1062 1218 1060
t 1059 1218 1219 1062
t 1061 1219 1220 1063
t 1219 1062 1220 1064
t 1219 1063 1221 1064
t 1219 1220 1063 1064
t 1061 1219 1220 1221
t 1220 1064 1221 1222
t 1061 1221 1063 1064
t 1061 1064 1220 1062
t 1061 1220 1221 1064
t 1063 1221 1222 1223
t 1221 1064 1222 1077
t 1221 1223 1224 1077
t 1221 1222 1223 1077
t 1063 1221 1222 1224
t 1222 1077 1224 1225
t 1063 1224 1223 1077
t 1063 1077 1222 1064
t 1063 1222 1224 1077
t 1067 1226 1227 1069
t 1226 1068 1227 1070
t 1226 1069 1228 1070
t 1226 1227 1069 1070
t 1067 1226 1227 1228
t 1227 1070 1228 1229
t 1067 1228 1069 1070
t 1067 1070 1227 1068
t 1067 1227 1228 1070
t 1069 1228 1229 1054
t 1228 1070 1229 1071
t 1228 1054 1230 1071
t 1228 1229 1054 1071
t 1069 1228 1229 1230
t 1229 1071 1230 1231
t 1069 1230 1054 1071
t 1069 1071 1229 1070
t 1069 1229 1230 1071
t 1054 1230 1231 1056
t 1230 1071 1231 1072
t 1230 1056 1214 1072
t 1230 1231 1056 1072
t 1054 1230 1231 1214
t 1231 1072 1214 1232
t 1054 1214 1056 1072
t 1054 1072 1231 1071
t 1054 1231 1214 1072
t 1056 1214 1232 1058
t 1214 1072 1232 1073
t 1214 1058 1216 1073
t 1214 1232 1058 1073
t 1056 1214 1232 1216
t 1232 1073 1216 1233
t 1056 1216 1058 1073
t 1056 1073 1232 1072
t 1056 1232 1216 1073
t 1058 1216 1233 1060
t 1216 1073 1233 1074
t 1216 1060 1218 1074
t 1216 1233 1060 1074
t 1058 1216 1233 1218
t 1233 1074 1218 1234
t 1058 1218 1060 1074
t 1058 1074 1233 1073
t 1058 1233 1218 1074
t 1060 1218 1234 1062
t 1218 1074 1234 1075
t 1218 1062 1220 1075
t 1218 1234 1062 1075
t 1060 1218 1234 1220
t 1234 1075 1220 1235
t 1060 1220 1062 1075
t 1060 1075 1234 1074
t 1060 1234 1220 1075
t 1062 1220 1235 1064
t 1220 1075 1235 1076
t 1220 1064 1222 1076
t 1220 1235 1064 1076
t 1062 1220 1235 1222
t 1235 1076 1222 1236
t 1062 1222 1064 1076
t 1062 1076 1235 1075
t 1062 1235 1222 1076
t 1064 1222 1236 1077
t 1222 1076 1236 1078
t 1222 1077 1225 1078
t 1222 1236 1077 1078
t 1064 1222 1236 1225
t 1236 1078 1225 1237
t 1064 1225 1077 1078
t 1064 1078 1236 1076
t 1064 1236 1225 1078
t 1077 1225 1237 1079
t 1225 1078 1237 1080
t 1225 1079 1238 1080
t 1225 1237 1079 1080
t 1077 1225 1237 1238
t 1237 1080 1238 1239
t 1077 1238 1079 1080
t 1077 1080 1237 1078
t 1077 1237 1238 1080
t 1066 1240 1241 1068
t 1240 1083 1241 1084
t 1240 1068 1227 1084
t 1240 1241 1068 1084
t 1066 1240 1241 1227
t 1241 1084 1227 1242
t 1066 1227 1068 1084
t 1066 1084 1241 1083
t 1066 1241 1227 1084
t 1068 1227 1242 1070
t 1227 1084 1242 1085
t 1227 1070 1229 1085
t 1227 1242 1070 1085
t 1068 1227 1242 1229
t 1242 1085 1229 1243
t 1068 1229 1070 1085
t 1068 1085 1242 1084
t 1068 1242 1229 1085
t 1070 1229 1243 1071
t 1229 1085 1243 1086
t 1229 1071 1231 1086
t 1229 1243 1071 1086
t 1070 1229 1243 1231
t 1243 1086 1231 1244
t 1070 1231 1071 1086
t 1070 1086 1243 1085
t 1070 1243 1231 1086
t 1071 1231 1244 1072
t 1231 1086 1244 1087
t 1231 1072 1232 1087
t 1231 1244 1072 1087
t 1071 1231 1244 1232
t 1244 1087 1232 1245
t 1071 1232 1072 1087
t 1071 1087 1244 1086
t 1071 1244 1232 1087
t 1072 1232 1245 1073
t 1232 1087 1245 1088
t 1232 1073 1233 1088
t 1232 1245 1073 1088
t 1072 1232 1245 1233
t 1245 1088 1233 1246
t 1072 1233 1073 1088
t 1072 1088 1245 1087
t 1072 1245 1233 1088
t 1073 1233 1246 1074
t 1233 1088 1246 1089
t 1233 1074 1234 1089
t 1233 1246 1074 1089
t 1073 1233 1246 1234
t 1246 1089 1234 1247
t 1073 1234 1074 1089
t 1073 1089 1246 1088
t 1073 1246 1234 1089
t 1074 1234 1247 1075
t 1234 1089 1247 1090
t 1234 1075 1235 1090
t 1234 1247 1075 1090
t 1074 1234 1247 1235
t 1247 1090 1235 1248
t 1074 1235 1075 1090
t 1074 1090 1247 1089
t 1074 1247 1235 1090
t 1075 1235 1248 1076
t 1235 1090 1248 1091
t 1235 1076 1236 1091
t 1235 1248 1076 1091
t 1075 1235 1248 1236
t 1248 1091 1236 1249
t 1075 1236 1076 1091
t 1075 1091 1248 1090
t 1075 1248 1236 1091
t 1076 1236 1249 1078
t 1236 1091 1249 1092
t 1236 1078 1237 1092
t 1236 1249 1078 1092
t 1076 1236 1249 1237
t 1249 1092 1237 1250
t 1076 1237 1078 1092
t 1076 1092 1249 1091
t 1076 1249 1237 1092
t 1078 1237 1250 1080
t 1237 1092 1250 1093
t 1237 1080 1239 1093
t 1237 1250 1080 1093
t 1078 1237 1250 1239
t 1250 1093 1239 1251
t 1078 1239 1080 1093
t 1078 1093 1250 1092
t 1078 1250 1239 1093
t 1083 1241 1252 1084
t 1241 1097 1252 1098
t 1241 1084 1242 1098
t 1241 1252 1084 1098
t 1083 1241 1252 1242
t 1252 1098 1242 1253
t 1083 1242 1084 1098
t 1083 1098 1252 1097
t 1083 1252 1242 1098
t 1084 1242 1253 1085
t 1242 1098 1253 1099
t 1242 1085 1243 1099
t 1242 1253 1085 1099
t 1084 1242 1253 1243
t 1253 1099 1243 1254
t 1084 1243 1085 1099
t 1084 1099 1253 1098
t 1084 1253 1243 1099
t 1085 1243 1254 1086
t 1243 1099 1254 1100
t 1243 1086 1244 1100
t 1243 1254 1086 1100
t 1085 1243 1254 1244
t 1254 1100 1244 1255
t 1085 1244 1086 1100
t 1085 1100 1254 1099
t 1085 1254 1244 1100
t 1086 1244 1255 1087
t 1244 1100 1255 1101
t 1244 1087 1245 1101
t 1244 1255 1087 1101
t 1086 1244 1255 1245
t 1255 1101 1245 1256
t 1086 1245 1087 1101
t 1086 1101 1255 1100
t 1086 1255 1245 1101
t 1087 1245 1256 1088
t 1245 1101 1256 1102
t 1245 1088 1246 1102
t 1245 1256 1088 1102
t 1087 1245 1256 1246
t 1256 1102 1246 1257
t 1087 1246 1088 1102
t 1087 1102 1256 1101
t 1087 1256 1246 1102
t 1088 1246 1257 1089
t 1246 1102 1257 1103
t 1246 1089 1247 1103
t 1246 1257 1089 1103
t 1088 1246 1257 1247
t 1257 1103 1247 1258
t 1088 1247 1089 1103
t 1088 1103 1257 1102
t 1088 1257 1247 1103
t 1089 1247 1258 1090
t 1247 1103 1258 1104
t 1247 1090 1248 1104
t 1247 1258 1090 1104
t 1089 1247 1258 1248
t 1258 1104 1248 1259
t 1089 1248 1090 1104
t 1089 1104 1258 1103
t 1089 1258 1248 1104
t 1090 1248 1259 1091
t 1248 1104 1259 1105
t 1248 1091 1249 1105
t 1248 1259 1091 1105
t 1090 1248 1259 1249
t 1259 1105 1249 1260
t 1090 1249 1091 1105
t 1090 1105 1259 1104
t 1090 1259 1249 1105
t 1091 1249 1260 1092
t 1249 1105 1260 1106
t 1249 1092 1250 1106
t 1249 1260 1092 1106
t 1091 1249 1260 1250
t 1260 1106 1250 1261
t 1091 1250 1092 1106
t 1091 1106 1260 1105
t 1091 1260 1250 1106
t 1092 1250 1261 1093
t 1250 1106 1261 1107
t 1250 1093 1251 1107
t 1250 1261 1093 1107
t 1092 1250 1261 1251
t 1261 1107 1251 1262
t 1092 1251 1093 1107
t 1092 1107 1261 1106
t 1092 1261 1251 1107
t 1093 1251 1262 1095
t 1251 1107 1262 1108
t 1251 1095 1263 1108
t 1251 1262 1095 1108
t 1093 1251 1262 1263
t 1262 1108 1263 1264
t 1093 1263 1095 1108
t 1093 1108 1262 1107
t 1093 1262 1263 1108
t 1096 1265 1266 1097
t 1265 1111 1266 1112
t 1265 1097 1252 1112
t 1265 1266 1097 1112
t 1096 1265 1266 1252
t 1266 1112 1252 1267
t 1096 1252 1097 1112
t 1096 1112 1266 1111
t 1096 1266 1252 1112
t 1097 1252 1267 1098
t 1252 1112 1267 1113
t 1252 1098 1253 1113
t 1252 1267 1098 1113
t 1097 1252 1267 1253
t 1267 1113 1253 1268
t 1097 1253 1098 1113
t 1097 1113 1267 1112
t 1097 1267 1253 1113
t 1098 1253 1268 1099
t 1253 1113 1268 1114
t 1253 1099 1254 1114
t 1253 1268 1099 1114
t 1098 1253 1268 1254
t 1268 1114 1254 1269
t 1098 1254 1099 1114
t 1098 1114 1268 1113
t 1098 1268 1254 1114
t 1099 1254 1269 1100
t 1254 1114 1269 1115
t 1254 1100 1255 1115
t 1254 1269 1100 1115
t 1099 1254 1269 1255
t 1269 1115 1255 1270
t 1099 1255 1100 1115
t 1099 1115 1269 1114
t 1099 1269 1255 1115
t 1100 1255 1270 1101
t 1255 1115 1270 1116
t 1255 1101 1256 1116
t 1255 1270 1101 1116
t 1100 1255 1270 1256
t 1270 1116 1256 1271
t 1100 1256 1101 1116
t 1100 1116 1270 1115
t 1100 1270 1256 1116
t 1101 1256 1271 1102
t 1256 1116 1271 1117
t 1256 1102 1257 1117
t 1256 1271 1102 1117
t 1101 1256 1271 1257
t 1271 1117 1257 1272
t 1101 1257 1102 1117
t 1101 1117 1271 1116
t 1101 1271 1257 1117
t 1102 1257 1272 1103
t 1257 1117 1272 1118
t 1257 1103 1258 1118
t 1257 1272 1103 1118
t 1102 1257 1272 1258
t 1272 1118 1258 1273
t 1102 1258 1103 1118
t 1102 1118 1272 1117
t 1102 1272 1258 1118
t 1103 1258 1273 1104
t 1258 1118 1273 1119
t 1258 1104 1259 1119
t 1258 1273 1104 1119
t 1103 1258 1273 1259
t 1273 1119 1259 1274
t 1103 1259 1104 1119
t 1103 1119 1273 1118
t 1103 1273 1259 1119
t 1104 1259 1274 1105
t 1259 1119 1274 1120
t 1259 1105 1260 1120
t 1259 1274 1105 1120
t 1104 1259 1274 1260
t 1274 1120 1260 1275
t 1104 1260 1105 1120
t 1104 1120 1274 1119
t 1104 1274 1260 1120
t 1105 1260 1275 1106
t 1260 1120 1275 1121
t 1260 1106 1261 1121
t 1260 1275 1106 1121
t 1105 1260 1275 1261
t 1275 1121 1261 1276
t 1105 1261 1106 1121
t 1105 1121 1275 1120
t 1105 1275 1261 1121
t 1106 1261 1276 1107
t 1261 1121 1276 1122
t 1261 1107 1262 1122
t 1261 1276 1107 1122
t 1106 1261 1276 1262
t 1276 1122 1262 1277
t 1106 1262 1107 1122
t 1106 1122 1276 1121
t 1106 1276 1262 1122
t 1107 1262 1277 1108
t 1262 1122 1277 1123
t 1262 1108 1264 1123
t 1262 1277 1108 1123
t 1107 1262 1277 1264
t 1277 1123 1264 1278
t 1107 1264 1108 1123
t 1107 1123 1277 1122
t 1107 1277 1264 1123
t 1110 1279 1280 1111
t 1279 1124 1280 1125
t 1279 1111 1266 1125
t 1279 1280 1111 1125
t 1110 1279 1280 1266
t 1280 1125 1266 1281
t 1110 1266 1111 1125
t 1110 1125 1280 1124
t 1110 1280 1266 1125
t 1111 1266 1281 1112
t 1266 1125 1281 1126
t 1266 1112 1267 1126
t 1266 1281 1112 1126
t 1111 1266 1281 1267
t 1281 1126 1267 1282
t 1111 1267 1112 1126
t 1111 1126 1281 1125
t 1111 1281 1267 1126
t 1112 1267 1282 1113
t 1267 1126 1282 1127
t 1267 1113 1268 1127
t 1267 1282 1113 1127
t 1112 1267 1282 1268
t 1282 1127 1268 1283
t 1112 1268 1113 1127
t 1112 1127 1282 1126
t 1112 1282 1268 1127
t 1113 1268 1283 1114
t 1268 1127 1283 1128
t 1268 1114 1269 1128
t 1268 1283 1114 1128
t 1113 1268 1283 1269
t 1283 1128 1269 1284
t 1113 1269 1114 1128
t 1113 1128 1283 1127
t 1113 1283 1269 1128
t 1114 1269 1284 1115
t 1269 1128 1284 1129
t 1269 1115 1270 1129
t 1269 1284 1115 1129
t 1114 1269 1284 1270
t 1284 1129 1270 1285
t 1114 1270 1115 1129
t 1114 1129 1284 1128
t 1114 1284 1270 1129
t 1115 1270 1285 1116
t 1270 1129 1285 1130
t 1270 1116 1271 1130
t 1270 1285 1116 1130
t 1115 1270 1285 1271
t 1285 1130 1271 1286
t 1115 1271 1116 1130
t 1115 1130 1285 1129
t 1115 1285 1271 1130
t 1116 1271 1286 1117
t 1271 1130 1286 1131
t 1271 1117 1272 1131
t 1271 1286 1117 1131
t 1116 1271 1286 1272
t 1286 1131 1272 1287
t 1116 1272 1117 1131
t 1116 1131 1286 1130
t 1116 1286 1272 1131
t 1117 1272 1287 1118
t 1272 1131 1287 1132
t 1272 1118 1273 1132
t 1272 1287 1118 1132
t 1117 1272 1287 1273
t 1287 1132 1273 1288
t 1117 1273 1118 1132
t 1117 1132 1287 1131
t 1117 1287 1273 1132
t 1118 1273 1288 1119
t 1273 1132 1288 1133
t 1273 1119 1274 1133
t 1273 1288 1119 1133
t 1118 1273 1288 1274
t 1288 1133 1274 1289
t 1118 1274 1119 1133
t 1118 1133 1288 1132
t 1118 1288 1274 1133
t 1119 1274 1289 1120
t 1274 1133 1289 1134
t 1274 1120 1275 1134
t 1274 1289 1120 1134
t 1119 1274 1289 1275
t 1289 1134 1275 1290
t 1119 1275 1120 1134
t 1119 1134 1289 1133
t 1119 1289 1275 1134
t 1120 1275 1290 1121
t 1275 1134 1290 1135
t 1275 1121 1276 1135
t 1275 1290 1121 1135
t 1120 1275 1290 1276
t 1290 1135 1276 1291
t 1120 1276 1121 1135
t 1120 1135 1290 1134
t 1120 1290 1276 1135
t 1121 1276 1291 1122
t 1276 1135 1291 1136
t 1276 1122 1277 1136
t 1276 1291 1122 1136
t 1121 1276 1291 1277
t 1291 1136 1277 1292
t 1121 1277 1122 1136
t 1121 1136 1291 1135
t 1121 1291 1277 1136
t 1122 1277 1292 1123
t 1277 1136 1292 1137
t 1277 1123 1278 1137
t 1277 1292 1123 1137
t 1122 1277 1292 1278
t 1292 1137 1278 1293
t 1122 1278 1123 1137
t 1122 1137 1292 1136
t 1122 1292 1278 1137
t 1124 1280 1294 1125
t 1280 1138 1294 1139
t 1280 1125 1281 1139
t 1280 1294 1125 1139
t 1124 1280 1294 1281
t 1294 1139 1281 1295
t 1124 1281 1125 1139
t 1124 1139 1294 1138
t 1124 1294 1281 1139
t 1125 1281 1295 1126
t 1281 1139 1295 1140
t 1281 1126 1282 1140
t 1281 1295 1126 1140
t 1125 1281 1295 1282
t 1295 1140 1282 1296
t 1125 1282 1126 1140
t 1125 1140 1295 1139
t 1125 1295 1282 1140
t 1126 1282 1296 1127
t 1282 1140 1296 1141
t 1282 1127 1283 1141
t 1282 1296 1127 1141
t 1126 1282 1296 1283
t 1296 1141 1283 1297
t 1126 1283 1127 1141
t 1126 1141 1296 1140
t 1126 1296 1283 1141
t 1127 1283 1297 1128
t 1283 1141 1297 1142
t 1283 1128 1284 1142
t 1283 1297 1128 1142
t 1127 1283 1297 1284
t 1297 1142 1284 1298
t 1127 1284 1128 1142
t 1127 1142 1297 1141
t 1127 1297 1284 1142
t 1128 1284 1298 1129
t 1284 1142 1298 1143
t 1284 1129 1285 1143
t 1284 1298 1129 1143
t 1128 1284 1298 1285
t 1298 1143 1285 1299
t 1128 1285 1129 1143
t 1128 1143 1298 1142
t 1128 1298 1285 1143
t 1129 1285 1299 1130
t 1285 1143 1299 1144
t 1285 1130 1286 1144
t 1285 1299 1130 1144
t 1129 1285 1299 1286
t 1299 1144 1286 1300
t 1129 1286 1130 1144
t 1129 1144 1299 1143
t 1129 1299 1286 1144
t 1130 1286 1300 1131
t 1286 1144 1300 1145
t 1286 1131 1287 1145
t 1286 1300 1131 1145
t 1130 1286 1300 1287
t 1300 1145 1287 1301
t 1130 1287 1131 1145
t 1130 1145 1300 1144
t 1130 1300 1287 1145
t 1131 1287 1301 1132
t 1287 1145 1301 1146
t 1287 1132 1288 1146
t 1287 1301 1132 1146
t 1131 1287 1301 1288
t 1301 1146 1288 1302
t 1131 1288 1132 1146
t 1131 1146 1301 1145
t 1131 1301 1288 1146
t 1132 1288 1302 1133
t 1288 1146 1302 1147
t 1288 1133 1289 1147
t 1288 1302 1133 1147
t 1132 1288 1302 1289
t 1302 1147 1289 1303
t 1132 1289 1133 1147
t 1132 1147 1302 1146
t 1132 1302 1289 1147
t 1133 1289 1303 1134
t 1289 1147 1303 1148
t 1289 1134 1290 1148
t 1289 1303 1134 1148
t 1133 1289 1303 1290
t 1303 1148 1290 1304
t 1133 1290 1134 1148
t 1133 1148 1303 1147
t 1133 1303 1290 1148
t 1134 1290 1304 1135
t 1290 1148 1304 1149
t 1290 1135 1291 1149
t 1290 1304 1135 1149
t 1134 1290 1304 1291
t 1304 1149 1291 1305
t 1134 1291 1135 1149
t 1134 1149 1304 1148
t 1134 1304 1291 1149
t 1135 1291 1305 1136
t 1291 1149 1305 1150
t 1291 1136 1292 1150
t 1291 1305 1136 1150
t 1135 1291 1305 1292
t 1305 1150 1292 1306
t 1135 1292 1136 1150
t 1135 1150 1305 1149
t 1135 1305 1292 1150
t 1136 1292 1306 1137
t 1292 1150 1306 1151
t 1292 1137 1293 1151
t 1292 1306 1137 1151
t 1136 1292 1306 1293
t 1306 1151 1293 1307
t 1136 1293 1137 1151
t 1136 1151 1306 1150
t 1136 1306 1293 1151
t 1139 1295 1308 1140
t 1295 1153 1308 1154
t 1295 1140 1296 1154
t 1295 1308 1140 1154
t 1139 1295 1308 1296
t 1308 1154 1296 1309
t 1139 1296 1140 1154
t 1139 1154 1308 1153
t 1139 1308 1296 1154
t 1140 1296 1309 1141
t 1296 1154 1309 1155
t 1296 1141 1297 1155
t 1296 1309 1141 1155
t 1140 1296 1309 1297
t 1309 1155 1297 1310
t 1140 1297 1141 1155
t 1140 1155 1309 1154
t 1140 1309 1297 1155
t 1141 1297 1310 1142
t 1297 1155 1310 1156
t 1297 1142 1298 1156
t 1297 1310 1142 1156
t 1141 1297 1310 1298
t 1310 1156 1298 1311
t 1141 1298 1142 1156
t 1141 1156 1310 1155
t 1141 1310 1298 1156
t 1142 1298 1311 1143
t 1298 1156 1311 1157
t 1298 1143 1299 1157
t 1298 1311 1143 1157
t 1142 1298 1311 1299
t 1311 1157 1299 1312
t 1142 1299 1143 1157
t 1142 1157 1311 1156
t 1142 1311 1299 1157
t 1143 1299 1312 1144
t 1299 1157 1312 1158
t 1299 1144 1300 1158
t 1299 1312 1144 1158
t 1143 1299 1312 1300
t 1312 1158 1300 1313
t 1143 1300 1144 1158
t 1143 1158 1312 1157
t 1143 1312 1300 1158
t 1144 1300 1313 1145
t 1300 1158 1313 1159
t 1300 1145 1301 1159
t 1300 1313 1145 1159
t 1144 1300 1313 1301
t 1313 1159 1301 1314
t 1144 1301 1145 1159
t 1144 1159 1313 1158
t 1144 1313 1301 1159
t 1145 1301 1314 1146
t 1301 1159 1314 1160
t 1301 1146 1302 1160
t 1301 1314 1146 1160
t 1145 1301 1314 1302
t 1314 1160 1302 1315
t 1145 1302 1146 1160
t 1145 1160 1314 1159
t 1145 1314 1302 1160
t 1146 1302 1315 1147
t 1302 1160 1315 1161
t 1302 1147 1303 1161
t 1302 1315 1147 1161
t 1146 1302 1315 1303
t 1315 1161 1303 1316
t 1146 1303 1147 1161
t 1146 1161 1315 1160
t 1146 1315 1303 1161
t 1147 1303 1316 1148
t 1303 1161 1316 1162
t 1303 1148 1304 1162
t 1303 1316 1148 1162
t 1147 1303 1316 1304
t 1316 1162 1304 1317
t 1147 1304 1148 1162
t 1147 1162 1316 1161
t 1147 1316 1304 1162
t 1148 1304 1317 1149
t 1304 1162 1317 1163
t 1304 1149 1305 1163
t 1304 1317 1149 1163
t 1148 1304 1317 1305
t 1317 1163 1305 1318
t 1148 1305 1149 1163
t 1148 1163 1317 1162
t 1148 1317 1305 1163
t 1149 1305 1318 1150
t 1305 1163 1318 1164
t 1305 1150 1306 1164
t 1305 1318 1150 1164
t 1149 1305 1318 1306
t 1318 1164 1306 1319
t 1149 1306 1150 1164
t 1149 1164 1318 1163
t 1149 1318 1306 1164
t 1150 1306 1319 1151
t 1306 1164 1319 1165
t 1306 1151 1307 1165
t 1306 1319 1151 1165
t 1150 1306 1319 1307
t 1319 1165 1307 1320
t 1150 1307 1151 1165
t 1150 1165 1319 1164
t 1150 1319 1307 1165
t 1153 1308 1321 1154
t 1308 1167 1321 1168
t 1308 1154 1309 1168
t 1308 1321 1154 1168
t 1153 1308 1321 1309
t 1321 1168 1309 1322
t 1153 1309 1154 1168
t 1153 1168 1321 1167
t 1153 1321 1309 1168
t 1154 1309 1322 1155
t 1309 1168 1322 1169
t 1309 1155 1310 1169
t 1309 1322 1155 1169
t 1154 1309 1322 1310
t 1322 1169 1310 1323
t 1154 1310 1155 1169
t 1154 1169 1322 1168
t 1154 1322 1310 1169
t 1155 1310 1323 1156
t 1310 1169 1323 1170
t 1310 1156 1311 1170
t 1310 1323 1156 1170
t 1155 1310 1323 1311
t 1323 1170 1311 1324
t 1155 1311 1156 1170
t 1155 1170 1323 1169
t 1155 1323 1311 1170
t 1156 1311 1324 1157
t 1311 1170 1324 1171
t 1311 1157 1312 1171
t 1311 1324 1157 1171
t 1156 1311 1324 1312
t 1324 1171 1312 1325
t 1156 1312 1157 1171
t 1156 1171 1324 1170
t 1156 1324 1312 1171
t 1157 1312 1325 1158
t 1312 1171 1325 1172
t 1312 1158 1313 1172
t 1312 1325 1158 1172
t 1157 1312 1325 1313
t 1325 1172 1313 1326
t 1157 1313 1158 1172
t 1157 1172 1325 1171
t 1157 1325 1313 1172
t 1158 1313 1326 1159
t 1313 1172 1326 1173
t 1313 1159 1314 1173
t 1313 1326 1159 1173
t 1158 1313 1326 1314
t 1326 1173 1314 1327
t 1158 1314 1159 1173
t 1158 1173 1326 1172
t 1158 1326 1314 1173
t 1159 1314 1327 1160
t 1314 1173 1327 1174
t 1314 1160 1315 1174
t 1314 1327 1160 1174
t 1159 1314 1327 1315
t 1327 1174 1315 1328
t 1159 1315 1160 1174
t 1159 1174 1327 1173
t 1159 1327 1315 1174
t 1160 1315 1328 1161
t 1315 1174 1328 1175
t 1315 1161 1316 1175
t 1315 1328 1161 1175
t 1160 1315 1328 1316
t 1328 1175 1316 1329
t 1160 1316 1161 1175
t 1160 1175 1328 1174
t 1160 1328 1316 1175
t 1161 1316 1329 1162
t 1316 1175 1329 1176
t 1316 1162 1317 1176
t 1316 1329 1162 1176
t 1161 1316 1329 1317
t 1329 1176 1317 1330
t 1161 1317 1162 1176
t 1161 1176 1329 1175
t 1161 1329 1317 1176
t 1162 1317 1330 1163
t 1317 1176 1330 1177
t 1317 1163 1318 1177
t 1317 1330 1163 1177
t 1162 1317 1330 1318
t 1330 1177 1318 1331
t 1162 1318 1163 1177
t 1162 1177 1330 1176
t 1162 1330 1318 1177
t 1163 1318 1331 1164
t 1318 1177 1331 1178
t 1318 1164 1319 1178
t 1318 1331 1164 1178
t 1163 1318 1331 1319
t 1331 1178 1319 1332
t 1163 1319 1164 1178
t 1163 1178 1331 1177
t 1163 1331 1319 1178
t 1164 1319 1332 1165
t 1319 1178 1332 1179
t 1319 1165 1320 1179
t 1319 1332 1165 1179
t 1164 1319 1332 1320
t 1332 1179 1320 1333
t 1164 1320 1165 1179
t 1164 1179 1332 1178
t 1164 1332 1320 1179
t 1168 1322 1334 1169
t 1322 1181 1334 1182
t 1322 1169 1323 1182
t 1322 1334 1169 1182
t 1168 1322 1334 1323
t 1334 1182 1323 1335
t 1168 1323 1169 1182
t 1168 1182 1334 1181
t 1168 1334 1323 1182
t 1169 1323 1335 1170
t 1323 1182 1335 1183
t 1323 1170 1324 1183
t 1323 1335 1170 1183
t 1169 1323 1335 1324
t 1335 1183 1324 1336
t 1169 1324 1170 1183
t 1169 1183 1335 1182
t 1169 1335 1324 1183
t 1170 1324 1336 1171
t 1324 1183 1336 1184
t 1324 1171 1325 1184
t 1324 1336 1171 1184
t 1170 1324 1336 1325
t 1336 1184 1325 1337
t 1170 1325 1171 1184
t 1170 1184 1336 1183
t 1170 1336 1325 1184
t 1171 1325 1337 1172
t 1325 1184 1337 1185
t 1325 1172 1326 1185
t 1325 1337 1172 1185
t 1171 1325 1337 1326
t 1337 1185 1326 1338
t 1171 1326 1172 1185
t 1171 1185 1337 1184
t 1171 1337 1326 1185
t 1172 1326 1338 1173
t 1326 1185 1338 1186
t 1326 1173 1327 1186
t 1326 1338 1173 1186
t 1172 1326 1338 1327
t 1338 1186 1327 1339
t 1172 1327 1173 1186
t 1172 1186 1338 1185
t 1172 1338 1327 1186
t 1173 1327 1339 1174
t 1327 1186 1339 1187
t 1327 1174 1328 1187
t 1327 1339 1174 1187
t 1173 1327 1339 1328
t 1339 1187 1328 1340
t 1173 1328 1174 1187
t 1173 1187 1339 1186
t 1173 1339 1328 1187
t 1174 1328 1340 1175
t 1328 1187 1340 1188
t 1328 1175 1329 1188
t 1328 1340 1175 1188
t 1174 1328 1340 1329
t 1340 1188 1329 1341
t 1174 1329 1175 1188
t 1174 1188 1340 1187
t 1174 1340 1329 1188
t 1175 1329 1341 1176
t 1329 1188 1341 1189
t 1329 1176 1330 1189
t 1329 1341 1176 1189
t 1175 1329 1341 1330
t 1341 1189 1330 1342
t 1175 1330 1176 1189
t 1175 1189 1341 1188
t 1175 1341 1330 1189
t 1176 1330 1342 1177
t 1330 1189 1342 1190
t 1330 1177 1331 1190
t 1330 1342 1177 1190
t 1176 1330 1342 1331
t 1342 1190 1331 1343
t 1176 1331 1177 1190
t 1176 1190 1342 1189
t 1176 1342 1331 1190
t 1177 1331 1343 1178
t 1331 1190 1343 1191
t 1331 1178 1332 1191
t 1331 1343 1178 1191
t 1177 1331 1343 1332
t 1343 1191 1332 1344
t 1177 1332 1178 1191
t 1177 1191 1343 1190
t 1177 1343 1332 1191
t 1178 1332 1344 1179
t 1332 1191 1344 1192
t 1332 1179 1333 1192
t 1332 1344 1179 1192
t 1178 1332 1344 1333
t 1344 1192 1333 1345
t 1178 1333 1179 1192
t 1178 1192 1344 1191
t 1178 1344 1333 1192
t 1183 1336 1346 1184
t 1336 1195 1346 1196
t 1336 1184 1337 1196
t 1336 1346 1184 1196
t 1183 1336 1346 1337
t 1346 1196 1337 1347
t 1183 1337 1184 1196
t 1183 1196 1346 1195
t 1183 1346 1337 1196
t 1184 1337 1347 1185
t 1337 1196 1347 1197
t 1337 1185 1338 1197
t 1337 1347 1185 1197
t 1184 1337 1347 1338
t 1347 1197 1338 1348
t 1184 1338 1185 1197
t 1184 1197 1347 1196
t 1184 1347 1338 1197
t 1185 1338 1348 1186
t 1338 1197 1348 1198
t 1338 1186 1339 1198
t 1338 1348 1186 1198
t 1185 1338 1348 1339
t 1348 1198 1339 1349
t 1185 1339 1186 1198
t 1185 1198 1348 1197
t 1185 1348 1339 1198
t 1186 1339 1349 1187
t 1339 1198 1349 1199
t 1339 1187 1340 1199
t 1339 1349 1187 1199
t 1186 1339 1349 1340
t 1349 1199 1340 1350
t 1186 1340 1187 1199
t 1186 1199 1349 1198
t 1186 1349 1340 1199
t 1187 1340 1350 1188
t 1340 1199 1350 1200
t 1340 1188 1341 1200
t 1340 1350 1188 1200
t 1187 1340 1350 1341
t 1350 1200 1341 1351
t 1187 1341 1188 1200
t 1187 1200 1350 1199
t 1187 1350 1341 1200
t 1188 1341 1351 1189
t 1341 1200 1351 1201
t 1341 1189 1342 1201
t 1341 1351 1189 1201
t 1188 1341 1351 1342
t 1351 1201 1342 1352
t 1188 1342 1189 1201
t 1188 1201 1351 1200
t 1188 1351 1342 1201
t 1189 1342 1352 1190
t 1342 1201 1352 1202
t 1342 1190 1343 1202
t 1342 1352 1190 1202
t 1189 1342 1352 1343
t 1352 1202 1343 1353
t 1189 1343 1190 1202
t 1189 1202 1352 1201
t 1189 1352 1343 1202
t 1190 1343 1353 1191
t 1343 1202 1353 1203
t 1343 1191 1344 1203
t 1343 1353 1191 1203
t 1190 1343 1353 1344
t 1353 1203 1344 1354
t 1190 1344 1191 1203
t 1190 1203 1353 1202
t 1190 1353 1344 1203
t 1191 1344 1354 1192
t 1344 1203 1354 1204
t 1344 1192 1345 1204
t 1344 1354 1192 1204
t 1191 1344 1354 1345
t 1354 1204 1345 1355
t 1191 1345 1192 1204
t 1191 1204 1354 1203
t 1191 1354 1345 1204
t 1197 1348 1356 1198
t 1348 1205 1356 1206
t 1348 1198 1349 1206
t 1348 1356 1198 1206
t 1197 1348 1356 1349
t 1356 1206 1349 1357
t 1197 1349 1198 1206
t 1197 1206 1356 1205
t 1197 1356 1349 1206
t 1199 1350 1358 1200
t 1350 1207 1358 1208
t 1350 1200 1351 1208
t 1350 1358 1200 1208
t 1199 1350 1358 1351
t 1358 1208 1351 1359
t 1199 1351 1200 1208
t 1199 1208 1358 1207
t 1199 1358 1351 1208
t 1200 1351 1359 1201
t 1351 1208 1359 1209
t 1351 1201 1352 1209
t 1351 1359 1201 1209
t 1200 1351 1359 1352
t 1359 1209 1352 1360
t 1200 1352 1201 1209
t 1200 1209 1359 1208
t 1200 1359 1352 1209
t 1201 1352 1360 1202
t 1352 1209 1360 1210
t 1352 1202 1353 1210
t 1352 1360 1202 1210
t 1201 1352 1360 1353
t 1360 1210 1353 1361
t 1201 1353 1202 1210
t 1201 1210 1360 1209
t 1201 1360 1353 1210
t 1213 1362 1363 1215
t 1362 1214 1363 1216
t 1362 1215 1364 1216
t 1362 1363 1215 1216
t 1213 1362 1363 1364
t 1363 1216 1364 1365
t 1213 1364 1215 1216
t 1213 1216 1363 1214
t 1213 1363 1364 1216
t 1226 1366 1367 1228
t 1366 1227 1367 1229
t 1366 1228 1368 1229
t 1366 1367 1228 1229
t 1226 1366 1367 1368
t 1367 1229 1368 1369
t 1226 1368 1228 1229
t 1226 1229 1367 1227
t 1226 1367 1368 1229
t 1228 1368 1369 1230
t 1368 1229 1369 1231
t 1368 1230 1370 1231
t 1368 1369 1230 1231
t 1228 1368 1369 1370
t 1369 1231 1370 1371
t 1228 1370 1230 1231
t 1228 1231 1369 1229
t 1228 1369 1370 1231
t 1230 1370 1371 1214
t 1370 1231 1371 1232
t 1370 1214 1363 1232
t 1370 1371 1214 1232
t 1230 1370 1371 1363
t 1371 1232 1363 1372
t 1230 1363 1214 1232
t 1230 1232 1371 1231
t 1230 1371 1363 1232
t 1214 1363 1372 1216
t 1363 1232 1372 1233
t 1363 1216 1365 1233
t 1363 1372 1216 1233
t 1214 1363 1372 1365
t 1372 1233 1365 1373
t 1214 1365 1216 1233
t 1214 1233 1372 1232
t 1214 1372 1365 1233
t 1216 1365 1373 1218
t 1365 1233 1373 1234
t 1365 1218 1374 1234
t 1365 1373 1218 1234
t 1216 1365 1373 1374
t 1373 1234 1374 1375
t 1216 1374 1218 1234
t 1216 1234 1373 1233
t 1216 1373 1374 1234
t 1218 1374 1375 1220
t 1374 1234 1375 1235
t 1374 1220 1376 1235
t 1374 1375 1220 1235
t 1218 1374 1375 1376
t 1375 1235 1376 1377
t 1218 1376 1220 1235
t 1218 1235 1375 1234
t 1218 1375 1376 1235
t 1220 1376 1377 1222
t 1376 1235 1377 1236
t 1376 1222 1378 1236
t 1376 1377 1222 1236
t 1220 1376 1377 1378
t 1377 1236 1378 1379
t 1220 1378 1222 1236
t 1220 1236 1377 1235
t 1220 1377 1378 1236
t 1222 1378 1379 1225
t 1378 1236 1379 1237
t 1378 1225 1380 1237
t 1378 1379 1225 1237
t 1222 1378 1379 1380
t 1379 1237 1380 1381
t 1222 1380 1225 1237
t 1222 1237 1379 1236
t 1222 1379 1380 1237
t 1225 1380 1381 1238
t 1380 1237 1381 1239
t 1380 1238 1382 1239
t 1380 1381 1238 1239
t 1225 1380 1381 1382
t 1381 1239 1382 1383
t 1225 1382 1238 1239
t 1225 1239 1381 1237
t 1225 1381 1382 1239
t 1227 1367 1384 1229
t 1367 1242 1384 1243
t 1367 1229 1369 1243
t 1367 1384 1229 1243
t 1227 1367 1384 1369
t 1384 1243 1369 1385
t 1227 1369 1229 1243
t 1227 1243 1384 1242
t 1227 1384 1369 1243
t 1229 1369 1385 1231
t 1369 1243 1385 1244
t 1369 1231 1371 1244
t 1369 1385 1231 1244
t 1229 1369 1385 1371
t 1385 1244 1371 1386
t 1229 1371 1231 1244
t 1229 1244 1385 1243
t 1229 1385 1371 1244
t 1231 1371 1386 1232
t 1371 1244 1386 1245
t 1371 1232 1372 1245
t 1371 1386 1232 1245
t 1231 1371 1386 1372
t 1386 1245 1372 1387
t 1231 1372 1232 1245
t 1231 1245 1386 1244
t 1231 1386 1372 1245
t 1232 1372 1387 1233
t 1372 1245 1387 1246
t 1372 1233 1373 1246
t 1372 1387 1233 1246
t 1232 1372 1387 1373
t 1387 1246 1373 1388
t 1232 1373 1233 1246
t 1232 1246 1387 1245
t 1232 1387 1373 1246
t 1233 1373 1388 1234
t 1373 1246 1388 1247
t 1373 1234 1375 1247
t 1373 1388 1234 1247
t 1233 1373 1388 1375
t 1388 1247 1375 1389
t 1233 1375 1234 1247
t 1233 1247 1388 1246
t 1233 1388 1375 1247
t 1234 1375 1389 1235
t 1375 1247 1389 1248
t 1375 1235 1377 1248
t 1375 1389 1235 1248
t 1234 1375 1389 1377
t 1389 1248 1377 1390
t 1234 1377 1235 1248
t 1234 1248 1389 1247
t 1234 1389 1377 1248
t 1235 1377 1390 1236
t 1377 1248 1390 1249
t 1377 1236 1379 1249
t 1377 1390 1236 1249
t 1235 1377 1390 1379
t 1390 1249 1379 1391
t 1235 1379 1236 1249
t 1235 1249 1390 1248
t 1235 1390 1379 1249
t 1236 1379 1391 1237
t 1379 1249 1391 1250
t 1379 1237 1381 1250
t 1379 1391 1237 1250
t 1236 1379 1391 1381
t 1391 1250 1381 1392
t 1236 1381 1237 1250
t 1236 1250 1391 1249
t 1236 1391 1381 1250
t 1237 1381 1392 1239
t 1381 1250 1392 1251
t 1381 1239 1383 1251
t 1381 1392 1239 1251
t 1237 1381 1392 1383
t 1392 1251 1383 1393
t 1237 1383 1239 1251
t 1237 1251 1392 1250
t 1237 1392 1383 1251
t 1241 1394 1395 1242
t 1394 1252 1395 1253
t 1394 1242 1384 1253
t 1394 1395 1242 1253
t 1241 1394 1395 1384
t 1395 1253 1384 1396
t 1241 1384 1242 1253
t 1241 1253 1395 1252
t 1241 1395 1384 1253
t 1242 1384 1396 1243
t 1384 1253 1396 1254
t 1384 1243 1385 1254
t 1384 1396 1243 1254
t 1242 1384 1396 1385
t 1396 1254 1385 1397
t 1242 1385 1243 1254
t 1242 1254 1396 1253
t 1242 1396 1385 1254
t 1243 1385 1397 1244
t 1385 1254 1397 1255
t 1385 1244 1386 1255
t 1385 1397 1244 1255
t 1243 1385 1397 1386
t 1397 1255 1386 1398
t 1243 1386 1244 1255
t 1243 1255 1397 1254
t 1243 1397 1386 1255
t 1244 1386 1398 1245
t 1386 1255 1398 1256
t 1386 1245 1387 1256
t 1386 1398 1245 1256
t 1244 1386 1398 1387
t 1398 1256 1387 1399
t 1244 1387 1245 1256
t 1244 1256 1398 1255
t 1244 1398 1387 1256
t 1245 1387 1399 1246
t 1387 1256 1399 1257
t 1387 1246 1388 1257
t 1387 1399 1246 1257
t 1245 1387 1399 1388
t 1399 1257 1388 1400
t 1245 1388 1246 1257
t 1245 1257 1399 1256
t 1245 1399 1388 1257
t 1246 1388 1400 1247
t 1388 1257 1400 1258
t 1388 1247 1389 1258
t 1388 1400 1247 1258
t 1246 1388 1400 1389
t 1400 1258 1389 1401
t 1246 1389 1247 1258
t 1246 1258 1400 1257
t 1246 1400 1389 1258
t 1247 1389 1401 1248
t 1389 1258 1401 1259
t 1389 1248 1390 1259
t 1389 1401 1248 1259
t 1247 1389 1401 1390
t 1401 1259 1390 1402
t 1247 1390 1248 1259
t 1247 1259 1401 1258
t 1247 1401 1390 1259
t 1248 1390 1402 1249
t 1390 1259 1402 1260
t 1390 1249 1391 1260
t 1390 1402 1249 1260
t 1248 1390 1402 1391
t 1402 1260 1391 1403
t 1248 1391 1249 1260
t 1248 1260 1402 1259
t 1248 1402 1391 1260
t 1249 1391 1403 1250
t 1391 1260 1403 1261
t 1391 1250 1392 1261
t 1391 1403 1250 1261
t 1249 1391 1403 1392
t 1403 1261 1392 1404
t 1249 1392 1250 1261
t 1249 1261 1403 1260
t 1249 1403 1392 1261
t 1250 1392 1404 1251
t 1392 1261 1404 1262
t 1392 1251 1393 1262
t 1392 1404 1251 1262
t 1250 1392 1404 1393
t 1404 1262 1393 1405
t 1250 1393 1251 1262
t 1250 1262 1404 1261
t 1250 1404 1393 1262
t 1251 1393 1405 1263
t 1393 1262 1405 1264
t 1393 1263 1406 1264
t 1393 1405 1263 1264
t 1251 1393 1405 1406
t 1405 1264 1406 1407
t 1251 1406 1263 1264
t 1251 1264 1405 1262
t 1251 1405 1406 1264
t 1265 1408 1409 1252
t 1408 1266 1409 1267
t 1408 1252 1395 1267
t 1408 1409 1252 1267
t 1265 1408 1409 1395
t 1409 1267 1395 1410
t 1265 1395 1252 1267
t 1265 1267 1409 1266
t 1265 1409 1395 1267
t 1252 1395 1410 1253
t 1395 1267 1410 1268
t 1395 1253 1396 1268
t 1395 1410 1253 1268
t 1252 1395 1410 1396
t 1410 1268 1396 1411
t 1252 1396 1253 1268
t 1252 1268 1410 1267
t 1252 1410 1396 1268
t 1253 1396 1411 1254
t 1396 1268 1411 1269
t 1396 1254 1397 1269
t 1396 1411 1254 1269
t 1253 1396 1411 1397
t 1411 1269 1397 1412
t 1253 1397 1254 1269
t 1253 1269 1411 1268
t 1253 1411 1397 1269
t 1254 1397 1412 1255
t 1397 1269 1412 1270
t 1397 1255 1398 1270
t 1397 1412 1255 1270
t 1254 1397 1412 1398
t 1412 1270 1398 1413
t 1254 1398 1255 1270
t 1254 1270 1412 1269
t 1254 1412 1398 1270
t 1255 1398 1413 1256
t 1398 1270 1413 1271
t 1398 1256 1399 1271
t 1398 1413 1256 1271
t 1255 1398 1413 1399
t 1413 1271 1399 1414
t 1255 1399 1256 1271
t 1255 1271 1413 1270
t 1255 1413 1399 1271
t 1256 1399 1414 1257
t 1399 1271 1414 1272
t 1399 1257 1400 1272
t 1399 1414 1257 1272
t 1256 1399 1414 1400
t 1414 1272 1400 1415
t 1256 1400 1257 1272
t 1256 1272 1414 1271
t 1256 1414 1400 1272
t 1257 1400 1415 1258
t 1400 1272 1415 1273
t 1400 1258 1401 1273
t 1400 1415 1258 1273
t 1257 1400 1415 1401
t 1415 1273 1401 1416
t 1257 1401 1258 1273
t 1257 1273 1415 1272
t 1257 1415 1401 1273
t 1258 1401 1416 1259
t 1401 1273 1416 1274
t 1401 1259 1402 1274
t 1401 1416 1259 1274
t 1258 1401 1416 1402
t 1416 1274 1402 1417
t 1258 1402 1259 1274
t 1258 1274 1416 1273
t 1258 1416 1402 1274
t 1259 1402 1417 1260
t 1402 1274 1417 1275
t 1402 1260 1403 1275
t 1402 1417 1260 1275
t 1259 1402 1417 1403
t 1417 1275 1403 1418
t 1259 1403 1260 1275
t 1259 1275 1417 1274
t 1259 1417 1403 1275
t 1260 1403 1418 1261
t 1403 1275 1418 1276
t 1403 1261 1404 1276
t 1403 1418 1261 1276
t 1260 1403 1418 1404
t 1418 1276 1404 1419
t 1260 1404 1261 1276
t 1260 1276 1418 1275
t 1260 1418 1404 1276
t 1261 1404 1419 1262
t 1404 1276 1419 1277
t 1404 1262 1405 1277
t 1404 1419 1262 1277
t 1261 1404 1419 1405
t 1419 1277 1405 1420
t 1261 1405 1262 1277
t 1261 1277 1419 1276
t 1261 1419 1405 1277
t 1262 1405 1420 1264
t 1405 1277 1420 1278
t 1405 1264 1407 1278
t 1405 1420 1264 1278
t 1262 1405 1420 1407
t 1420 1278 1407 1421
t 1262 1407 1264 1278
t 1262 1278 1420 1277
t 1262 1420 1407 1278
t 1266 1409 1422 1267
t 1409 1281 1422 1282
t 1409 1267 1410 1282
t 1409 1422 1267 1282
t 1266 1409 1422 1410
t 1422 1282 1410 1423
t 1266 1410 1267 1282
t 1266 1282 1422 1281
t 1266 1422 1410 1282
t 1267 1410 1423 1268
t 1410 1282 1423 1283
t 1410 1268 1411 1283
t 1410 1423 1268 1283
t 1267 1410 1423 1411
t 1423 1283 1411 1424
t 1267 1411 1268 1283
t 1267 1283 1423 1282
t 1267 1423 1411 1283
t 1268 1411 1424 1269
t 1411 1283 1424 1284
t 1411 1269 1412 1284
t 1411 1424 1269 1284
t 1268 1411 1424 1412
t 1424 1284 1412 1425
t 1268 1412 1269 1284
t 1268 1284 1424 1283
t 1268 1424 1412 1284
t 1269 1412 1425 1270
t 1412 1284 1425 1285
t 1412 1270 1413 1285
t 1412 1425 1270 1285
t 1269 1412 1425 1413
t 1425 1285 1413 1426
t 1269 1413 1270 1285
t 1269 1285 1425 1284
t 1269 1425 1413 1285
t 1270 1413 1426 1271
t 1413 1285 1426 1286
t 1413 1271 1414 1286
t 1413 1426 1271 1286
t 1270 1413 1426 1414
t 1426 1286 1414 1427
t 1270 1414 1271 1286
t 1270 1286 1426 1285
t 1270 1426 1414 1286
t 1271 1414 1427 1272
t 1414 1286 1427 1287
t 1414 1272 1415 1287
t 1414 1427 1272 1287
t 1271 1414 1427 1415
t 1427 1287 1415 1428
t 1271 1415 1272 1287
t 1271 1287 1427 1286
t 1271 1427 1415 1287
t 1272 1415 1428 1273
t 1415 1287 1428 1288
t 1415 1273 1416 1288
t 1415 1428 1273 1288
t 1272 1415 1428 1416
t 1428 1288 1416 1429
t 1272 1416 1273 1288
t 1272 1288 1428 1287
t 1272 1428 1416 1288
t 1273 1416 1429 1274
t 1416 1288 1429 1289
t 1416 1274 1417 1289
t 1416 1429 1274 1289
t 1273 1416 1429 1417
t 1429 1289 1417 1430
t 1273 1417 1274 1289
t 1273 1289 1429 1288
t 1273 1429 1417 1289
t 1274 1417 1430 1275
t 1417 1289 1430 1290
t 1417 1275 1418 1290
t 1417 1430 1275 1290
t 1274 1417 1430 1418
t 1430 1290 1418 1431
t 1274 1418 1275 1290
t 1274 1290 1430 1289
t 1274 1430 1418 1290
t 1275 1418 1431 1276
t 1418 1290 1431 1291
t 1418 1276 1419 1291
t 1418 1431 1276 1291
t 1275 1418 1431 1419
t 1431 1291 1419 1432
t 1275 1419 1276 1291
t 1275 1291 1431 1290
t 1275 1431 1419 1291
t 1276 1419 1432 1277
t 1419 1291 1432 1292
t 1419 1277 1420 1292
t 1419 1432 1277 1292
t 1276 1419 1432 1420
t 1432 1292 1420 1433
t 1276 1420 1277 1292
t 1276 1292 1432 1291
t 1276 1432 1420 1292
t 1277 1420 1433 1278
t 1420 1292 1433 1293
t 1420 1278 1421 1293
t 1420 1433 1278 1293
t 1277 1420 1433 1421
t 1433 1293 1421 1434
t 1277 1421 1278 1293
t 1277 1293 1433 1292
t 1277 1433 1421 1293
t 1282 1423 1435 1283
t 1423 1296 1435 1297
t 1423 1283 1424 1297
t 1423 1435 1283 1297
t 1282 1423 1435 1424
t 1435 1297 1424 1436
t 1282 1424 1283 1297
t 1282 1297 1435 1296
t 1282 1435 1424 1297
t 1283 1424 1436 1284
t 1424 1297 1436 1298
t 1424 1284 1425 1298
t 1424 1436 1284 1298
t 1283 1424 1436 1425
t 1436 1298 1425 1437
t 1283 1425 1284 1298
t 1283 1298 1436 1297
t 1283 1436 1425 1298
t 1284 1425 1437 1285
t 1425 1298 1437 1299
t 1425 1285 1426 1299
t 1425 1437 1285 1299
t 1284 1425 1437 1426
t 1437 1299 1426 1438
t 1284 1426 1285 1299
t 1284 1299 1437 1298
t 1284 1437 1426 1299
t 1285 1426 1438 1286
t 1426 1299 1438 1300
t 1426 1286 1427 1300
t 1426 1438 1286 1300
t 1285 1426 1438 1427
t 1438 1300 1427 1439
t 1285 1427 1286 1300
t 1285 1300 1438 1299
t 1285 1438 1427 1300
t 1286 1427 1439 1287
t 1427 1300 1439 1301
t 1427 1287 1428 1301
t 1427 1439 1287 1301
t 1286 1427 1439 1428
t 1439 1301 1428 1440
t 1286 1428 1287 1301
t 1286 1301 1439 1300
t 1286 1439 1428 1301
t 1287 1428 1440 1288
t 1428 1301 1440 1302
t 1428 1288 1429 1302
t 1428 1440 1288 1302
t 1287 1428 1440 1429
t 1440 1302 1429 1441
t 1287 1429 1288 1302
t 1287 1302 1440 1301
t 1287 1440 1429 1302
t 1288 1429 1441 1289
t 1429 1302 1441 1303
t 1429 1289 1430 1303
t 1429 1441 1289 1303
t 1288 1429 1441 1430
t 1441 1303 1430 1442
t 1288 1430 1289 1303
t 1288 1303 1441 1302
t 1288 1441 1430 1303
t 1289 1430 1442 1290
t 1430 1303 1442 1304
t 1430 1290 1431 1304
t 1430 1442 1290 1304
t 1289 1430 1442 1431
t 1442 1304 1431 1443
t 1289 1431 1290 1304
t 1289 1304 1442 1303
t 1289 1442 1431 1304
t 1290 1431 1443 1291
t 1431 1304 1443 1305
t 1431 1291 1432 1305
t 1431 1443 1291 1305
t 1290 1431 1443 1432
t 1443 1305 1432 1444
t 1290 1432 1291 1305
t 1290 1305 1443 1304
t 1290 1443 1432 1305
t 1291 1432 1444 1292
t 1432 1305 1444 1306
t 1432 1292 1433 1306
t 1432 1444 1292 1306
t 1291 1432 1444 1433
t 1444 1306 1433 1445
t 1291 1433 1292 1306
t 1291 1306 1444 1305
t 1291 1444 1433 1306
t 1292 1433 1445 1293
t 1433 1306 1445 1307
t 1433 1293 1434 1307
t 1433 1445 1293 1307
t 1292 1433 1445 1434
t 1445 1307 1434 1446
t 1292 1434 1293 1307
t 1292 1307 1445 1306
t 1292 1445 1434 1307
t 1296 1435 1447 1297
t 1435 1309 1447 1310
t 1435 1297 1436 1310
t 1435 1447 1297 1310
t 1296 1435 1447 1436
t 1447 1310 1436 1448
t 1296 1436 1297 1310
t 1296 1310 1447 1309
t 1296 1447 1436 1310
t 1297 1436 1448 1298
t 1436 1310 1448 1311
t 1436 1298 1437 1311
t 1436 1448 1298 1311
t 1297 1436 1448 1437
t 1448 1311 1437 1449
t 1297 1437 1298 1311
t 1297 1311 1448 1310
t 1297 1448 1437 1311
t 1298 1437 1449 1299
t 1437 1311 1449 1312
t 1437 1299 1438 1312
t 1437 1449 1299 1312
t 1298 1437 1449 1438
t 1449 1312 1438 1450
t 1298 1438 1299 1312
t 1298 1312 1449 1311
t 1298 1449 1438 1312
t 1299 1438 1450 1300
t 1438 1312 1450 1313
t 1438 1300 1439 1313
t 1438 1450 1300 1313
t 1299 1438 1450 1439
t 1450 1313 1439 1451
t 1299 1439 1300 1313
t 1299 1313 1450 1312
t 1299 1450 1439 1313
t 1300 1439 1451 1301
t 1439 1313 1451 1314
t 1439 1301 1440 1314
t 1439 1451 1301 1314
t 1300 1439 1451 1440
t 1451 1314 1440 1452
t 1300 1440 1301 1314
t 1300 1314 1451 1313
t 1300 1451 1440 1314
t 1301 1440 1452 1302
t 1440 1314 1452 1315
t 1440 1302 1441 1315
t 1440 1452 1302 1315
t 1301 1440 1452 1441
t 1452 1315 1441 1453
t 1301 1441 1302 1315
t 1301 1315 1452 1314
t 1301 1452 1441 1315
t 1302 1441 1453 1303
t 1441 1315 1453 1316
t 1441 1303 1442 1316
t 1441 1453 1303 1316
t 1302 1441 1453 1442
t 1453 1316 1442 1454
t 1302 1442 1303 1316
t 1302 1316 1453 1315
t 1302 1453 1442 1316
t 1303 1442 1454 1304
t 1442 1316 1454 1317
t 1442 1304 1443 1317
t 1442 1454 1304 1317
t 1303 1442 1454 1443
t 1454 1317 1443 1455
t 1303 1443 1304 1317
t 1303 1317 1454 1316
t 1303 1454 1443 1317
t 1304 1443 1455 1305
t 1443 1317 1455 1318
t 1443 1305 1444 1318
t 1443 1455 1305 1318
t 1304 1443 1455 1444
t 1455 1318 1444 1456
t 1304 1444 1305 1318
t 1304 1318 1455 1317
t 1304 1455 1444 1318
t 1305 1444 1456 1306
t 1444 1318 1456 1319
t 1444 1306 1445 1319
t 1444 1456 1306 1319
t 1305 1444 1456 1445
t 1456 1319 1445 1457
t 1305 1445 1306 1319
t 1305 1319 1456 1318
t 1305 1456 1445 1319
t 1306 1445 1457 1307
t 1445 1319 1457 1320
t 1445 1307 1446 1320
t 1445 1457 1307 1320
t 1306 1445 1457 1446
t 1457 1320 1446 1458
t 1306 1446 1307 1320
t 1306 1320 1457 1319
t 1306 1457 1446 1320
t 1309 1447 1459 1310
t 1447 1322 1459 1323
t 1447 1310 1448 1323
t 1447 1459 1310 1323
t 1309 1447 1459 1448
t 1459 1323 1448 1460
t 1309 1448 1310 1323
t 1309 1323 1459 1322
t 1309 1459 1448 1323
t 1310 1448 1460 1311
t 1448 1323 1460 1324
t 1448 1311 1449 1324
t 1448 1460 1311 1324
t 1310 1448 1460 1449
t 1460 1324 1449 1461
t 1310 1449 1311 1324
t 1310 1324 1460 1323
t 1310 1460 1449 1324
t 1311 1449 1461 1312
t 1449 1324 1461 1325
t 1449 1312 1450 1325
t 1449 1461 1312 1325
t 1311 1449 1461 1450
t 1461 1325 1450 1462
t 1311 1450 1312 1325
t 1311 1325 1461 1324
t 1311 1461 1450 1325
t 1312 1450 1462 1313
t 1450 1325 1462 1326
t 1450 1313 1451 1326
t 1450 1462 1313 1326
t 1312 1450 1462 1451
t 1462 1326 1451 1463
t 1312 1451 1313 1326
t 1312 1326 1462 1325
t 1312 1462 1451 1326
t 1313 1451 1463 1314
t 1451 1326 1463 1327
t 1451 1314 1452 1327
t 1451 1463 1314 1327
t 1313 1451 1463 1452
t 1463 1327 1452 1464
t 1313 1452 1314 1327
t 1313 1327 1463 1326
t 1313 1463 1452 1327
t 1314 1452 1464 1315
t 1452 1327 1464 1328
t 1452 1315 1453 1328
t 1452 1464 1315 1328
t 1314 1452 1464 1453
t 1464 1328 1453 1465
t 1314 1453 1315 1328
t 1314 1328 1464 1327
t 1314 1464 1453 1328
t 1315 1453 1465 1316
t 1453 1328 1465 1329
t 1453 1316 1454 1329
t 1453 1465 1316 1329
t 1315 1453 1465 1454
t 1465 1329 1454 1466
t 1315 1454 1316 1329
t 1315 1329 1465 1328
t 1315 1465 1454 1329
t 1316 1454 1466 1317
t 1454 1329 1466 1330
t 1454 1317 1455 1330
t 1454 1466 1317 1330
t 1316 1454 1466 1455
t 1466 1330 1455 1467
t 1316 1455 1317 1330
t 1316 1330 1466 1329
t 1316 1466 1455 1330
t 1317 1455 1467 1318
t 1455 1330 1467 1331
t 1455 1318 1456 1331
t 1455 1467 1318 1331
t 1317 1455 1467 1456
t 1467 1331 1456 1468
t 1317 1456 1318 1331
t 1317 1331 1467 1330
t 1317 1467 1456 1331
t 1318 1456 1468 1319
t 1456 1331 1468 1332
t 1456 1319 1457 1332
t 1456 1468 1319 1332
t 1318 1456 1468 1457
t 1468 1332 1457 1469
t 1318 1457 1319 1332
t 1318 1332 1468 1331
t 1318 1468 1457 1332
t 1319 1457 1469 1320
t 1457 1332 1469 1333
t 1457 1320 1458 1333
t 1457 1469 1320 1333
t 1319 1457 1469 1458
t 1469 1333 1458 1470
t 1319 1458 1320 1333
t 1319 1333 1469 1332
t 1319 1469 1458 1333
t 1323 1460 1471 1324
t 1460 1335 1471 1336
t 1460 1324 1461 1336
t 1460 1471 1324 1336
t 1323 1460 1471 1461
t 1471 1336 1461 1472
t 1323 1461 1324 1336
t 1323 1336 1471 1335
t 1323 1471 1461 1336
t 1324 1461 1472 1325
t 1461 1336 1472 1337
t 1461 1325 1462 1337
t 1461 1472 1325 1337
t 1324 1461 1472 1462
t 1472 1337 1462 1473
t 1324 1462 1325 1337
t 1324 1337 1472 1336
t 1324 1472 1462 1337
t 1325 1462 1473 1326
t 1462 1337 1473 1338
t 1462 1326 1463 1338
t 1462 1473 1326 1338
t 1325 1462 1473 1463
t 1473 1338 1463 1474
t 1325 1463 1326 1338
t 1325 1338 1473 1337
t 1325 1473 1463 1338
t 1326 1463 1474 1327
t 1463 1338 1474 1339
t 1463 1327 1464 1339
t 1463 1474 1327 1339
t 1326 1463 1474 1464
t 1474 1339 1464 1475
t 1326 1464 1327 1339
t 1326 1339 1474 1338
t 1326 1474 1464 1339
t 1327 1464 1475 1328
t 1464 1339 1475 1340
t 1464 1328 1465 1340
t 1464 1475 1328 1340
t 1327 1464 1475 1465
t 1475 1340 1465 1476
t 1327 1465 1328 1340
t 1327 1340 1475 1339
t 1327 1475 1465 1340
t 1328 1465 1476 1329
t 1465 1340 1476 1341
t 1465 1329 1466 1341
t 1465 1476 1329 1341
t 1328 1465 1476 1466
t 1476 1341 1466 1477
t 1328 1466 1329 1341
t 1328 1341 1476 1340
t 1328 1476 1466 1341
t 1329 1466 1477 1330
t 1466 1341 1477 1342
t 1466 1330 1467 1342
t 1466 1477 1330 1342
t 1329 1466 1477 1467
t 1477 1342 1467 1478
t 1329 1467 1330 1342
t 1329 1342 1477 1341
t 1329 1477 1467 1342
t 1330 1467 1478 1331
t 1467 1342 1478 1343
t 1467 1331 1468 1343
t 1467 1478 1331 1343
t 1330 1467 1478 1468
t 1478 1343 1468 1479
t 1330 1468 1331 1343
t 1330 1343 1478 1342
t 1330 1478 1468 1343
t 1331 1468 1479 1332
t 1468 1343 1479 1344
t 1468 1332 1469 1344
t 1468 1479 1332 1344
t 1331 1468 1479 1469
t 1479 1344 1469 1480
t 1331 1469 1332 1344
t 1331 1344 1479 1343
t 1331 1479 1469 1344
t 1336 1472 1481 1337
t 1472 1346 1481 1347
t 1472 1337 1473 1347
t 1472 1481 1337 1347
t 1336 1472 1481 1473
t 1481 1347 1473 1482
t 1336 1473 1337 1347
t 1336 1347 1481 1346
t 1336 1481 1473 1347
t 1337 1473 1482 1338
t 1473 1347 1482 1348
t 1473 1338 1474 1348
t 1473 1482 1338 1348
t 1337 1473 1482 1474
t 1482 1348 1474 1483
t 1337 1474 1338 1348
t 1337 1348 1482 1347
t 1337 1482 1474 1348
t 1338 1474 1483 1339
t 1474 1348 1483 1349
t 1474 1339 1475 1349
t 1474 1483 1339 1349
t 1338 1474 1483 1475
t 1483 1349 1475 1484
t 1338 1475 1339 1349
t 1338 1349 1483 1348
t 1338 1483 1475 1349
t 1339 1475 1484 1340
t 1475 1349 1484 1350
t 1475 1340 1476 1350
t 1475 1484 1340 1350
t 1339 1475 1484 1476
t 1484 1350 1476 1485
t 1339 1476 1340 1350
t 1339 1350 1484 1349
t 1339 1484 1476 1350
t 1340 1476 1485 1341
t 1476 1350 1485 1351
t 1476 1341 1477 1351
t 1476 1485 1341 1351
t 1340 1476 1485 1477
t 1485 1351 1477 1486
t 1340 1477 1341 1351
t 1340 1351 1485 1350
t 1340 1485 1477 1351
t 1341 1477 1486 1342
t 1477 1351 1486 1352
t 1477 1342 1478 1352
t 1477 1486 1342 1352
t 1341 1477 1486 1478
t 1486 1352 1478 1487
t 1341 1478 1342 1352
t 1341 1352 1486 1351
t 1341 1486 1478 1352
t 1342 1478 1487 1343
t 1478 1352 1487 1353
t 1478 1343 1479 1353
t 1478 1487 1343 1353
t 1342 1478 1487 1479
t 1487 1353 1479 1488
t 1342 1479 1343 1353
t 1342 1353 1487 1352
t 1342 1487 1479 1353
t 1343 1479 1488 1344
t 1479 1353 1488 1354
t 1479 1344 1480 1354
t 1479 1488 1344 1354
t 1343 1479 1488 1480
t 1488 1354 1480 1489
t 1343 1480 1344 1354
t 1343 1354 1488 1353
t 1343 1488 1480 1354
t 1351 1486 1490 1352
t 1486 1359 1490 1360
t 1486 1352 1487 1360
t 1486 1490 1352 1360
t 1351 1486 1490 1487
t 1490 1360 1487 1491
t 1351 1487 1352 1360
t 1351 1360 1490 1359
t 1351 1490 1487 1360
t 1368 1492 1493 1370
t 1492 1369 1493 1371
t 1492 1370 1494 1371
t 1492 1493 1370 1371
t 1368 1492 1493 1494
t 1493 1371 1494 1495
t 1368 1494 1370 1371
t 1368 1371 1493 1369
t 1368 1493 1494 1371
t 1363 1496 1497 1365
t 1496 1372 1497 1373
t 1496 1365 1498 1373
t 1496 1497 1365 1373
t 1363 1496 1497 1498
t 1497 1373 1498 1499
t 1363 1498 1365 1373
t 1363 1373 1497 1372
t 1363 1497 1498 1373
t 1365 1498 1499 1374
t 1498 1373 1499 1375
t 1498 1374 1500 1375
t 1498 1499 1374 1375
t 1365 1498 1499 1500
t 1499 1375 1500 1501
t 1365 1500 1374 1375
t 1365 1375 1499 1373
t 1365 1499 1500 1375
t 1374 1500 1501 1376
t 1500 1375 1501 1377
t 1500 1376 1502 1377
t 1500 1501 1376 1377
t 1374 1500 1501 1502
t 1501 1377 1502 1503
t 1374 1502 1376 1377
t 1374 1377 1501 1375
t 1374 1501 1502 1377
t 1376 1502 1503 1378
t 1502 1377 1503 1379
t 1502 1378 1504 1379
t 1502 1503 1378 1379
t 1376 1502 1503 1504
t 1503 1379 1504 1505
t 1376 1504 1378 1379
t 1376 1379 1503 1377
t 1376 1503 1504 1379
t 1378 1504 1505 1380
t 1504 1379 1505 1381
t 1504 1380 1506 1381
t 1504 1505 1380 1381
t 1378 1504 1505 1506
t 1505 1381 1506 1507
t 1378 1506 1380 1381
t 1378 1381 1505 1379
t 1378 1505 1506 1381
t 1367 1508 1509 1369
t 1508 1384 1509 1385
t 1508 1369 1493 1385
t 1508 1509 1369 1385
t 1367 1508 1509 1493
t 1509 1385 1493 1510
t 1367 1493 1369 1385
t 1367 1385 1509 1384
t 1367 1509 1493 1385
t 1369 1493 1510 1371
t 1493 1385 1510 1386
t 1493 1371 1495 1386
t 1493 1510 1371 1386
t 1369 1493 1510 1495
t 1510 1386 1495 1511
t 1369 1495 1371 1386
t 1369 1386 1510 1385
t 1369 1510 1495 1386
t 1371 1495 1511 1372
t 1495 1386 1511 1387
t 1495 1372 1497 1387
t 1495 1511 1372 1387
t 1371 1495 1511 1497
t 1511 1387 1497 1512
t 1371 1497 1372 1387
t 1371 1387 1511 1386
t 1371 1511 1497 1387
t 1372 1497 1512 1373
t 1497 1387 1512 1388
t 1497 1373 1499 1388
t 1497 1512 1373 1388
t 1372 1497 1512 1499
t 1512 1388 1499 1513
t 1372 1499 1373 1388
t 1372 1388 1512 1387
t 1372 1512 1499 1388
t 1373 1499 1513 1375
t 1499 1388 1513 1389
t 1499 1375 1501 1389
t 1499 1513 1375 1389
t 1373 1499 1513 1501
t 1513 1389 1501 1514
t 1373 1501 1375 1389
t 1373 1389 1513 1388
t 1373 1513 1501 1389
t 1375 1501 1514 1377
t 1501 1389 1514 1390
t 1501 1377 1503 1390
t 1501 1514 1377 1390
t 1375 1501 1514 1503
t 1514 1390 1503 1515
t 1375 1503 1377 1390
t 1375 1390 1514 1389
t 1375 1514 1503 1390
t 1377 1503 1515 1379
t 1503 1390 1515 1391
t 1503 1379 1505 1391
t 1503 1515 1379 1391
t 1377 1503 1515 1505
t 1515 1391 1505 1516
t 1377 1505 1379 1391
t 1377 1391 1515 1390
t 1377 1515 1505 1391
t 1379 1505 1516 1381
t 1505 1391 1516 1392
t 1505 1381 1507 1392
t 1505 1516 1381 1392
t 1379 1505 1516 1507
t 1516 1392 1507 1517
t 1379 1507 1381 1392
t 1379 1392 1516 1391
t 1379 1516 1507 1392
t 1381 1507 1517 1383
t 1507 1392 1517 1393
t 1507 1383 1518 1393
t 1507 1517 1383 1393
t 1381 1507 1517 1518
t 1517 1393 1518 1519
t 1381 1518 1383 1393
t 1381 1393 1517 1392
t 1381 1517 1518 1393
t 1384 1509 1520 1385
t 1509 1396 1520 1397
t 1509 1385 1510 1397
t 1509 1520 1385 1397
t 1384 1509 1520 1510
t 1520 1397 1510 1521
t 1384 1510 1385 1397
t 1384 1397 1520 1396
t 1384 1520 1510 1397
t 1385 1510 1521 1386
t 1510 1397 1521 1398
t 1510 1386 1511 1398
t 1510 1521 1386 1398
t 1385 1510 1521 1511
t 1521 1398 1511 1522
t 1385 1511 1386 1398
t 1385 1398 1521 1397
t 1385 1521 1511 1398
t 1386 1511 1522 1387
t 1511 1398 1522 1399
t 1511 1387 1512 1399
t 1511 1522 1387 1399
t 1386 1511 1522 1512
t 1522 1399 1512 1523
t 1386 1512 1387 1399
t 1386 1399 1522 1398
t 1386 1522 1512 1399
t 1387 1512 1523 1388
t 1512 1399 1523 1400
t 1512 1388 1513 1400
t 1512 1523 1388 1400
t 1387 1512 1523 1513
t 1523 1400 1513 1524
t 1387 1513 1388 1400
t 1387 1400 1523 1399
t 1387 1523 1513 1400
t 1388 1513 1524 1389
t 1513 1400 1524 1401
t 1513 1389 1514 1401
t 1513 1524 1389 1401
t 1388 1513 1524 1514
t 1524 1401 1514 1525
t 1388 1514 1389 1401
t 1388 1401 1524 1400
t 1388 1524 1514 1401
t 1389 1514 1525 1390
t 1514 1401 1525 1402
t 1514 1390 1515 1402
t 1514 1525 1390 1402
t 1389 1514 1525 1515
t 1525 1402 1515 1526
t 1389 1515 1390 1402
t 1389 1402 1525 1401
t 1389 1525 1515 1402
t 1390 1515 1526 1391
t 1515 1402 1526 1403
t 1515 1391 1516 1403
t 1515 1526 1391 1403
t 1390 1515 1526 1516
t 1526 1403 1516 1527
t 1390 1516 1391 1403
t 1390 1403 1526 1402
t 1390 1526 1516 1403
t 1391 1516 1527 1392
t 1516 1403 1527 1404
t 1516 1392 1517 1404
t 1516 1527 1392 1404
t 1391 1516 1527 1517
t 1527 1404 1517 1528
t 1391 1517 1392 1404
t 1391 1404 1527 1403
t 1391 1527 1517 1404
t 1392 1517 1528 1393
t 1517 1404 1528 1405
t 1517 1393 1519 1405
t 1517 1528 1393 1405
t 1392 1517 1528 1519
t 1528 1405 1519 1529
t 1392 1519 1393 1405
t 1392 1405 1528 1404
t 1392 1528 1519 1405
t 1395 1530 1531 1396
t 1530 1410 1531 1411
t 1530 1396 1520 1411
t 1530 1531 1396 1411
t 1395 1530 1531 1520
t 1531 1411 1520 1532
t 1395 1520 1396 1411
t 1395 1411 1531 1410
t 1395 1531 1520 1411
t 1396 1520 1532 1397
t 1520 1411 1532 1412
t 1520 1397 1521 1412
t 1520 1532 1397 1412
t 1396 1520 1532 1521
t 1532 1412 1521 1533
t 1396 1521 1397 1412
t 1396 1412 1532 1411
t 1396 1532 1521 1412
t 1397 1521 1533 1398
t 1521 1412 1533 1413
t 1521 1398 1522 1413
t 1521 1533 1398 1413
t 1397 1521 1533 1522
t 1533 1413 1522 1534
t 1397 1522 1398 1413
t 1397 1413 1533 1412
t 1397 1533 1522 1413
t 1398 1522 1534 1399
t 1522 1413 1534 1414
t 1522 1399 1523 1414
t 1522 1534 1399 1414
t 1398 1522 1534 1523
t 1534 1414 1523 1535
t 1398 1523 1399 1414
t 1398 1414 1534 1413
t 1398 1534 1523 1414
t 1399 1523 1535 1400
t 1523 1414 1535 1415
t 1523 1400 1524 1415
t 1523 1535 1400 1415
t 1399 1523 1535 1524
t 1535 1415 1524 1536
t 1399 1524 1400 1415
t 1399 1415 1535 1414
t 1399 1535 1524 1415
t 1400 1524 1536 1401
t 1524 1415 1536 1416
t 1524 1401 1525 1416
t 1524 1536 1401 1416
t 1400 1524 1536 1525
t 1536 1416 1525 1537
t 1400 1525 1401 1416
t 1400 1416 1536 1415
t 1400 1536 1525 1416
t 1401 1525 1537 1402
t 1525 1416 1537 1417
t 1525 1402 1526 1417
t 1525 1537 1402 1417
t 1401 1525 1537 1526
t 1537 1417 1526 1538
t 1401 1526 1402 1417
t 1401 1417 1537 1416
t 1401 1537 1526 1417
t 1402 1526 1538 1403
t 1526 1417 1538 1418
t 1526 1403 1527 1418
t 1526 1538 1403 1418
t 1402 1526 1538 1527
t 1538 1418 1527 1539
t 1402 1527 1403 1418
t 1402 1418 1538 1417
t 1402 1538 1527 1418
t 1403 1527 1539 1404
t 1527 1418 1539 1419
t 1527 1404 1528 1419
t 1527 1539 1404 1419
t 1403 1527 1539 1528
t 1539 1419 1528 1540
t 1403 1528 1404 1419
t 1403 1419 1539 1418
t 1403 1539 1528 1419
t 1404 1528 1540 1405
t 1528 1419 1540 1420
t 1528 1405 1529 1420
t 1528 1540 1405 1420
t 1404 1528 1540 1529
t 1540 1420 1529 1541
t 1404 1529 1405 1420
t 1404 1420 1540 1419
t 1404 1540 1529 1420
t 1405 1529 1541 1407
t 1529 1420 1541 1421
t 1529 1407 1542 1421
t 1529 1541 1407 1421
t 1405 1529 1541 1542
t 1541 1421 1542 1543
t 1405 1542 1407 1421
t 1405 1421 1541 1420
t 1405 1541 1542 1421
t 1411 1532 1544 1412
t 1532 1424 1544 1425
t 1532 1412 1533 1425
t 1532 1544 1412 1425
t 1411 1532 1544 1533
t 1544 1425 1533 1545
t 1411 1533 1412 1425
t 1411 1425 1544 1424
t 1411 1544 1533 1425
t 1412 1533 1545 1413
t 1533 1425 1545 1426
t 1533 1413 1534 1426
t 1533 1545 1413 1426
t 1412 1533 1545 1534
t 1545 1426 1534 1546
t 1412 1534 1413 1426
t 1412 1426 1545 1425
t 1412 1545 1534 1426
t 1413 1534 1546 1414
t 1534 1426 1546 1427
t 1534 1414 1535 1427
t 1534 1546 1414 1427
t 1413 1534 1546 1535
t 1546 1427 1535 1547
t 1413 1535 1414 1427
t 1413 1427 1546 1426
t 1413 1546 1535 1427
t 1414 1535 1547 1415
t 1535 1427 1547 1428
t 1535 1415 1536 1428
t 1535 1547 1415 1428
t 1414 1535 1547 1536
t 1547 1428 1536 1548
t 1414 1536 1415 1428
t 1414 1428 1547 1427
t 1414 1547 1536 1428
t 1415 1536 1548 1416
t 1536 1428 1548 1429
t 1536 1416 1537 1429
t 1536 1548 1416 1429
t 1415 1536 1548 1537
t 1548 1429 1537 1549
t 1415 1537 1416 1429
t 1415 1429 1548 1428
t 1415 1548 1537 1429
t 1416 1537 1549 1417
t 1537 1429 1549 1430
t 1537 1417 1538 1430
t 1537 1549 1417 1430
t 1416 1537 1549 1538
t 1549 1430 1538 1550
t 1416 1538 1417 1430
t 1416 1430 1549 1429
t 1416 1549 1538 1430
t 1417 1538 1550 1418
t 1538 1430 1550 1431
t 1538 1418 1539 1431
t 1538 1550 1418 1431
t 1417 1538 1550 1539
t 1550 1431 1539 1551
t 1417 1539 1418 1431
t 1417 1431 1550 1430
t 1417 1550 1539 1431
t 1418 1539 1551 1419
t 1539 1431 1551 1432
t 1539 1419 1540 1432
t 1539 1551 1419 1432
t 1418 1539 1551 1540
t 1551 1432 1540 1552
t 1418 1540 1419 1432
t 1418 1432 1551 1431
t 1418 1551 1540 1432
t 1419 1540 1552 1420
t 1540 1432 1552 1433
t 1540 1420 1541 1433
t 1540 1552 1420 1433
t 1419 1540 1552 1541
t 1552 1433 1541 1553
t 1419 1541 1420 1433
t 1419 1433 1552 1432
t 1419 1552 1541 1433
t 1420 1541 1553 1421
t 1541 1433 1553 1434
t 1541 1421 1543 1434
t 1541 1553 1421 1434
t 1420 1541 1553 1543
t 1553 1434 1543 1554
t 1420 1543 1421 1434
t 1420 1434 1553 1433
t 1420 1553 1543 1434
t 1424 1544 1555 1425
t 1544 1436 1555 1437
t 1544 1425 1545 1437
t 1544 1555 1425 1437
t 1424 1544 1555 1545
t 1555 1437 1545 1556
t 1424 1545 1425 1437
t 1424 1437 1555 1436
t 1424 1555 1545 1437
t 1425 1545 1556 1426
t 1545 1437 1556 1438
t 1545 1426 1546 1438
t 1545 1556 1426 1438
t 1425 1545 1556 1546
t 1556 1438 1546 1557
t 1425 1546 1426 1438
t 1425 1438 1556 1437
t 1425 1556 1546 1438
t 1426 1546 1557 1427
t 1546 1438 1557 1439
t 1546 1427 1547 1439
t 1546 1557 1427 1439
t 1426 1546 1557 1547
t 1557 1439 1547 1558
t 1426 1547 1427 1439
t 1426 1439 1557 1438
t 1426 1557 1547 1439
t 1427 1547 1558 1428
t 1547 1439 1558 1440
t 1547 1428 1548 1440
t 1547 1558 1428 1440
t 1427 1547 1558 1548
t 1558 1440 1548 1559
t 1427 1548 1428 1440
t 1427 1440 1558 1439
t 1427 1558 1548 1440
t 1428 1548 1559 1429
t 1548 1440 1559 1441
t 1548 1429 1549 1441
t 1548 1559 1429 1441
t 1428 1548 1559 1549
t 1559 1441 1549 1560
t 1428 1549 1429 1441
t 1428 1441 1559 1440
t 1428 1559 1549 1441
t 1429 1549 1560 1430
t 1549 1441 1560 1442
t 1549 1430 1550 1442
t 1549 1560 1430 1442
t 1429 1549 1560 1550
t 1560 1442 1550 1561
t 1429 1550 1430 1442
t 1429 1442 1560 1441
t 1429 1560 1550 1442
t 1430 1550 1561 1431
t 1550 1442 1561 1443
t 1550 1431 1551 1443
t 1550 1561 1431 1443
t 1430 1550 1561 1551
t 1561 1443 1551 1562
t 1430 1551 1431 1443
t 1430 1443 1561 1442
t 1430 1561 1551 1443
t 1431 1551 1562 1432
t 1551 1443 1562 1444
t 1551 1432 1552 1444
t 1551 1562 1432 1444
t 1431 1551 1562 1552
t 1562 1444 1552 1563
t 1431 1552 1432 1444
t 1431 1444 1562 1443
t 1431 1562 1552 1444
t 1432 1552 1563 1433
t 1552 1444 1563 1445
t 1552 1433 1553 1445
t 1552 1563 1433 1445
t 1432 1552 1563 1553
t 1563 1445 1553 1564
t 1432 1553 1433 1445
t 1432 1445 1563 1444
t 1432 1563 1553 1445
t 1436 1555 1565 1437
t 1555 1448 1565 1449
t 1555 1437 1556 1449
t 1555 1565 1437 1449
t 1436 1555 1565 1556
t 1565 1449 1556 1566
t 1436 1556 1437 1449
t 1436 1449 1565 1448
t 1436 1565 1556 1449
t 1437 1556 1566 1438
t 1556 1449 1566 1450
t 1556 1438 1557 1450
t 1556 1566 1438 1450
t 1437 1556 1566 1557
t 1566 1450 1557 1567
t 1437 1557 1438 1450
t 1437 1450 1566 1449
t 1437 1566 1557 1450
t 1438 1557 1567 1439
t 1557 1450 1567 1451
t 1557 1439 1558 1451
t 1557 1567 1439 1451
t 1438 1557 1567 1558
t 1567 1451 1558 1568
t 1438 1558 1439 1451
t 1438 1451 1567 1450
t 1438 1567 1558 1451
t 1439 1558 1568 1440
t 1558 1451 1568 1452
t 1558 1440 1559 1452
t 1558 1568 1440 1452
t 1439 1558 1568 1559
t 1568 1452 1559 1569
t 1439 1559 1440 1452
t 1439 1452 1568 1451
t 1439 1568 1559 1452
t 1440 1559 1569 1441
t 1559 1452 1569 1453
t 1559 1441 1560 1453
t 1559 1569 1441 1453
t 1440 1559 1569 1560
t 1569 1453 1560 1570
t 1440 1560 1441 1453
t 1440 1453 1569 1452
t 1440 1569 1560 1453
t 1441 1560 1570 1442
t 1560 1453 1570 1454
t 1560 1442 1561 1454
t 1560 1570 1442 1454
t 1441 1560 1570 1561
t 1570 1454 1561 1571
t 1441 1561 1442 1454
t 1441 1454 1570 1453
t 1441 1570 1561 1454
t 1442 1561 1571 1443
t 1561 1454 1571 1455
t 1561 1443 1562 1455
t 1561 1571 1443 1455
t 1442 1561 1571 1562
t 1571 1455 1562 1572
t 1442 1562 1443 1455
t 1442 1455 1571 1454
t 1442 1571 1562 1455
t 1443 1562 1572 1444
t 1562 1455 1572 1456
t 1562 1444 1563 1456
t 1562 1572 1444 1456
t 1443 1562 1572 1563
t 1572 1456 1563 1573
t 1443 1563 1444 1456
t 1443 1456 1572 1455
t 1443 1572 1563 1456
t 1444 1563 1573 1445
t 1563 1456 1573 1457
t 1563 1445 1564 1457
t 1563 1573 1445 1457
t 1444 1563 1573 1564
t 1573 1457 1564 1574
t 1444 1564 1445 1457
t 1444 1457 1573 1456
t 1444 1573 1564 1457
t 1445 1564 1574 1446
t 1564 1457 1574 1458
t 1564 1446 1575 1458
t 1564 1574 1446 1458
t 1445 1564 1574 1575
t 1574 1458 1575 1576
t 1445 1575 1446 1458
t 1445 1458 1574 1457
t 1445 1574 1575 1458
t 1449 1566 1577 1450
t 1566 1461 1577 1462
t 1566 1450 1567 1462
t 1566 1577 1450 1462
t 1449 1566 1577 1567
t 1577 1462 1567 1578
t 1449 1567 1450 1462
t 1449 1462 1577 1461
t 1449 1577 1567 1462
t 1450 1567 1578 1451
t 1567 1462 1578 1463
t 1567 1451 1568 1463
t 1567 1578 1451 1463
t 1450 1567 1578 1568
t 1578 1463 1568 1579
t 1450 1568 1451 1463
t 1450 1463 1578 1462
t 1450 1578 1568 1463
t 1451 1568 1579 1452
t 1568 1463 1579 1464
t 1568 1452 1569 1464
t 1568 1579 1452 1464
t 1451 1568 1579 1569
t 1579 1464 1569 1580
t 1451 1569 1452 1464
t 1451 1464 1579 1463
t 1451 1579 1569 1464
t 1452 1569 1580 1453
t 1569 1464 1580 1465
t 1569 1453 1570 1465
t 1569 1580 1453 1465
t 1452 1569 1580 1570
t 1580 1465 1570 1581
t 1452 1570 1453 1465
t 1452 1465 1580 1464
t 1452 1580 1570 1465
t 1453 1570 1581 1454
t 1570 1465 1581 1466
t 1570 1454 1571 1466
t 1570 1581 1454 1466
t 1453 1570 1581 1571
t 1581 1466 1571 1582
t 1453 1571 1454 1466
t 1453 1466 1581 1465
t 1453 1581 1571 1466
t 1454 1571 1582 1455
t 1571 1466 1582 1467
t 1571 1455 1572 1467
t 1571 1582 1455 1467
t 1454 1571 1582 1572
t 1582 1467 1572 1583
t 1454 1572 1455 1467
t 1454 1467 1582 1466
t 1454 1582 1572 1467
t 1455 1572 1583 1456
t 1572 1467 1583 1468
t 1572 1456 1573 1468
t 1572 1583 1456 1468
t 1455 1572 1583 1573
t 1583 1468 1573 1584
t 1455 1573 1456 1468
t 1455 1468 1583 1467
t 1455 1583 1573 1468
t 1456 1573 1584 1457
t 1573 1468 1584 1469
t 1573 1457 1574 1469
t 1573 1584 1457 1469
t 1456 1573 1584 1574
t 1584 1469 1574 1585
t 1456 1574 1457 1469
t 1456 1469 1584 1468
t 1456 1584 1574 1469
t 1457 1574 1585 1458
t 1574 1469 1585 1470
t 1574 1458 1576 1470
t 1574 1585 1458 1470
t 1457 1574 1585 1576
t 1585 1470 1576 1586
t 1457 1576 1458 1470
t 1457 1470 1585 1469
t 1457 1585 1576 1470
t 1461 1577 1587 1462
t 1577 1472 1587 1473
t 1577 1462 1578 1473
t 1577 1587 1462 1473
t 1461 1577 1587 1578
t 1587 1473 1578 1588
t 1461 1578 1462 1473
t 1461 1473 1587 1472
t 1461 1587 1578 1473
t 1462 1578 1588 1463
t 1578 1473 1588 1474
t 1578 1463 1579 1474
t 1578 1588 1463 1474
t 1462 1578 1588 1579
t 1588 1474 1579 1589
t 1462 1579 1463 1474
t 1462 1474 1588 1473
t 1462 1588 1579 1474
t 1463 1579 1589 1464
t 1579 1474 1589 1475
t 1579 1464 1580 1475
t 1579 1589 1464 1475
t 1463 1579 1589 1580
t 1589 1475 1580 1590
t 1463 1580 1464 1475
t 1463 1475 1589 1474
t 1463 1589 1580 1475
t 1464 1580 1590 1465
t 1580 1475 1590 1476
t 1580 1465 1581 1476
t 1580 1590 1465 1476
t 1464 1580 1590 1581
t 1590 1476 1581 1591
t 1464 1581 1465 1476
t 1464 1476 1590 1475
t 1464 1590 1581 1476
t 1465 1581 1591 1466
t 1581 1476 1591 1477
t 1581 1466 1582 1477
t 1581 1591 1466 1477
t 1465 1581 1591 1582
t 1591 1477 1582 1592
t 1465 1582 1466 1477
t 1465 1477 1591 1476
t 1465 1591 1582 1477
t 1466 1582 1592 1467
t 1582 1477 1592 1478
t 1582 1467 1583 1478
t 1582 1592 1467 1478
t 1466 1582 1592 1583
t 1592 1478 1583 1593
t 1466 1583 1467 1478
t 1466 1478 1592 1477
t 1466 1592 1583 1478
t 1467 1583 1593 1468
t 1583 1478 1593 1479
t 1583 1468 1584 1479
t 1583 1593 1468 1479
t 1467 1583 1593 1584
t 1593 1479 1584 1594
t 1467 1584 1468 1479
t 1467 1479 1593 1478
t 1467 1593 1584 1479
t 1468 1584 1594 1469
t 1584 1479 1594 1480
t 1584 1469 1585 1480
t 1584 1594 1469 1480
t 1468 1584 1594 1585
t 1594 1480 1585 1595
t 1468 1585 1469 1480
t 1468 1480 1594 1479
t 1468 1594 1585 1480
t 1473 1588 1596 1474
t 1588 1482 1596 1483
t 1588 1474 1589 1483
t 1588 1596 1474 1483
t 1473 1588 1596 1589
t 1596 1483 1589 1597
t 1473 1589 1474 1483
t 1473 1483 1596 1482
t 1473 1596 1589 1483
t 1474 1589 1597 1475
t 1589 1483 1597 1484
t 1589 1475 1590 1484
t 1589 1597 1475 1484
t 1474 1589 1597 1590
t 1597 1484 1590 1598
t 1474 1590 1475 1484
t 1474 1484 1597 1483
t 1474 1597 1590 1484
t 1475 1590 1598 1476
t 1590 1484 1598 1485
t 1590 1476 1591 1485
t 1590 1598 1476 1485
t 1475 1590 1598 1591
t 1598 1485 1591 1599
t 1475 1591 1476 1485
t 1475 1485 1598 1484
t 1475 1598 1591 1485
t 1476 1591 1599 1477
t 1591 1485 1599 1486
t 1591 1477 1592 1486
t 1591 1599 1477 1486
t 1476 1591 1599 1592
t 1599 1486 1592 1600
t 1476 1592 1477 1486
t 1476 1486 1599 1485
t 1476 1599 1592 1486
t 1477 1592 1600 1478
t 1592 1486 1600 1487
t 1592 1478 1593 1487
t 1592 1600 1478 1487
t 1477 1592 1600 1593
t 1600 1487 1593 1601
t 1477 1593 1478 1487
t 1477 1487 1600 1486
t 1477 1600 1593 1487
t 1478 1593 1601 1479
t 1593 1487 1601 1488
t 1593 1479 1594 1488
t 1593 1601 1479 1488
t 1478 1593 1601 1594
t 1601 1488 1594 1602
t 1478 1594 1479 1488
t 1478 1488 1601 1487
t 1478 1601 1594 1488
t 1495 1603 1604 1497
t 1603 1511 1604 1512
t 1603 1497 1605 1512
t 1603 1604 1497 1512
t 1495 1603 1604 1605
t 1604 1512 1605 1606
t 1495 1605 1497 1512
t 1495 1512 1604 1511
t 1495 1604 1605 1512
t 1497 1605 1606 1499
t 1605 1512 1606 1513
t 1605 1499 1607 1513
t 1605 1606 1499 1513
t 1497 1605 1606 1607
t 1606 1513 1607 1608
t 1497 1607 1499 1513
t 1497 1513 1606 1512
t 1497 1606 1607 1513
t 1499 1607 1608 1501
t 1607 1513 1608 1514
t 1607 1501 1609 1514
t 1607 1608 1501 1514
t 1499 1607 1608 1609
t 1608 1514 1609 1610
t 1499 1609 1501 1514
t 1499 1514 1608 1513
t 1499 1608 1609 1514
t 1501 1609 1610 1503
t 1609 1514 1610 1515
t 1609 1503 1611 1515
t 1609 1610 1503 1515
t 1501 1609 1610 1611
t 1610 1515 1611 1612
t 1501 1611 1503 1515
t 1501 1515 1610 1514
t 1501 1610 1611 1515
t 1503 1611 1612 1505
t 1611 1515 1612 1516
t 1611 1505 1613 1516
t 1611 1612 1505 1516
t 1503 1611 1612 1613
t 1612 1516 1613 1614
t 1503 1613 1505 1516
t 1503 1516 1612 1515
t 1503 1612 1613 1516
t 1510 1615 1616 1511
t 1615 1521 1616 1522
t 1615 1511 1604 1522
t 1615 1616 1511 1522
t 1510 1615 1616 1604
t 1616 1522 1604 1617
t 1510 1604 1511 1522
t 1510 1522 1616 1521
t 1510 1616 1604 1522
t 1511 1604 1617 1512
t 1604 1522 1617 1523
t 1604 1512 1606 1523
t 1604 1617 1512 1523
t 1511 1604 1617 1606
t 1617 1523 1606 1618
t 1511 1606 1512 1523
t 1511 1523 1617 1522
t 1511 1617 1606 1523
t 1512 1606 1618 1513
t 1606 1523 1618 1524
t 1606 1513 1608 1524
t 1606 1618 1513 1524
t 1512 1606 1618 1608
t 1618 1524 1608 1619
t 1512 1608 1513 1524
t 1512 1524 1618 1523
t 1512 1618 1608 1524
t 1513 1608 1619 1514
t 1608 1524 1619 1525
t 1608 1514 1610 1525
t 1608 1619 1514 1525
t 1513 1608 1619 1610
t 1619 1525 1610 1620
t 1513 1610 1514 1525
t 1513 1525 1619 1524
t 1513 1619 1610 1525
t 1514 1610 1620 1515
t 1610 1525 1620 1526
t 1610 1515 1612 1526
t 1610 1620 1515 1526
t 1514 1610 1620 1612
t 1620 1526 1612 1621
t 1514 1612 1515 1526
t 1514 1526 1620 1525
t 1514 1620 1612 1526
t 1515 1612 1621 1516
t 1612 1526 1621 1527
t 1612 1516 1614 1527
t 1612 1621 1516 1527
t 1515 1612 1621 1614
t 1621 1527 1614 1622
t 1515 1614 1516 1527
t 1515 1527 1621 1526
t 1515 1621 1614 1527
t 1516 1614 1622 1517
t 1614 1527 1622 1528
t 1614 1517 1623 1528
t 1614 1622 1517 1528
t 1516 1614 1622 1623
t 1622 1528 1623 1624
t 1516 1623 1517 1528
t 1516 1528 1622 1527
t 1516 1622 1623 1528
t 1521 1616 1625 1522
t 1616 1533 1625 1534
t 1616 1522 1617 1534
t 1616 1625 1522 1534
t 1521 1616 1625 1617
t 1625 1534 1617 1626
t 1521 1617 1522 1534
t 1521 1534 1625 1533
t 1521 1625 1617 1534
t 1522 1617 1626 1523
t 1617 1534 1626 1535
t 1617 1523 1618 1535
t 1617 1626 1523 1535
t 1522 1617 1626 1618
t 1626 1535 1618 1627
t 1522 1618 1523 1535
t 1522 1535 1626 1534
t 1522 1626 1618 1535
t 1523 1618 1627 1524
t 1618 1535 1627 1536
t 1618 1524 1619 1536
t 1618 1627 1524 1536
t 1523 1618 1627 1619
t 1627 1536 1619 1628
t 1523 1619 1524 1536
t 1523 1536 1627 1535
t 1523 1627 1619 1536
t 1524 1619 1628 1525
t 1619 1536 1628 1537
t 1619 1525 1620 1537
t 1619 1628 1525 1537
t 1524 1619 1628 1620
t 1628 1537 1620 1629
t 1524 1620 1525 1537
t 1524 1537 1628 1536
t 1524 1628 1620 1537
t 1525 1620 1629 1526
t 1620 1537 1629 1538
t 1620 1526 1621 1538
t 1620 1629 1526 1538
t 1525 1620 1629 1621
t 1629 1538 1621 1630
t 1525 1621 1526 1538
t 1525 1538 1629 1537
t 1525 1629 1621 1538
t 1526 1621 1630 1527
t 1621 1538 1630 1539
t 1621 1527 1622 1539
t 1621 1630 1527 1539
t 1526 1621 1630 1622
t 1630 1539 1622 1631
t 1526 1622 1527 1539
t 1526 1539 1630 1538
t 1526 1630 1622 1539
t 1527 1622 1631 1528
t 1622 1539 1631 1540
t 1622 1528 1624 1540
t 1622 1631 1528 1540
t 1527 1622 1631 1624
t 1631 1540 1624 1632
t 1527 1624 1528 1540
t 1527 1540 1631 1539
t 1527 1631 1624 1540
t 1534 1626 1633 1535
t 1626 1546 1633 1547
t 1626 1535 1627 1547
t 1626 1633 1535 1547
t 1534 1626 1633 1627
t 1633 1547 1627 1634
t 1534 1627 1535 1547
t 1534 1547 1633 1546
t 1534 1633 1627 1547
t 1535 1627 1634 1536
t 1627 1547 1634 1548
t 1627 1536 1628 1548
t 1627 1634 1536 1548
t 1535 1627 1634 1628
t 1634 1548 1628 1635
t 1535 1628 1536 1548
t 1535 1548 1634 1547
t 1535 1634 1628 1548
t 1536 1628 1635 1537
t 1628 1548 1635 1549
t 1628 1537 1629 1549
t 1628 1635 1537 1549
t 1536 1628 1635 1629
t 1635 1549 1629 1636
t 1536 1629 1537 1549
t 1536 1549 1635 1548
t 1536 1635 1629 1549
t 1537 1629 1636 1538
t 1629 1549 1636 1550
t 1629 1538 1630 1550
t 1629 1636 1538 1550
t 1537 1629 1636 1630
t 1636 1550 1630 1637
t 1537 1630 1538 1550
t 1537 1550 1636 1549
t 1537 1636 1630 1550
t 1538 1630 1637 1539
t 1630 1550 1637 1551
t 1630 1539 1631 1551
t 1630 1637 1539 1551
t 1538 1630 1637 1631
t 1637 1551 1631 1638
t 1538 1631 1539 1551
t 1538 1551 1637 1550
t 1538 1637 1631 1551
t 1539 1631 1638 1540
t 1631 1551 1638 1552
t 1631 1540 1632 1552
t 1631 1638 1540 1552
t 1539 1631 1638 1632
t 1638 1552 1632 1639
t 1539 1632 1540 1552
t 1539 1552 1638 1551
t 1539 1638 1632 1552
t 1546 1633 1640 1547
t 1633 1557 1640 1558
t 1633 1547 1634 1558
t 1633 1640 1547 1558
t 1546 1633 1640 1634
t 1640 1558 1634 1641
t 1546 1634 1547 1558
t 1546 1558 1640 1557
t 1546 1640 1634 1558
t 1547 1634 1641 1548
t 1634 1558 1641 1559
t 1634 1548 1635 1559
t 1634 1641 1548 1559
t 1547 1634 1641 1635
t 1641 1559 1635 1642
t 1547 1635 1548 1559
t 1547 1559 1641 1558
t 1547 1641 1635 1559
t 1548 1635 1642 1549
t 1635 1559 1642 1560
t 1635 1549 1636 1560
t 1635 1642 1549 1560
t 1548 1635 1642 1636
t 1642 1560 1636 1643
t 1548 1636 1549 1560
t 1548 1560 1642 1559
t 1548 1642 1636 1560
t 1549 1636 1643 1550
t 1636 1560 1643 1561
t 1636 1550 1637 1561
t 1636 1643 1550 1561
t 1549 1636 1643 1637
t 1643 1561 1637 1644
t 1549 1637 1550 1561
t 1549 1561 1643 1560
t 1549 1643 1637 1561
t 1550 1637 1644 1551
t 1637 1561 1644 1562
t 1637 1551 1638 1562
t 1637 1644 1551 1562
t 1550 1637 1644 1638
t 1644 1562 1638 1645
t 1550 1638 1551 1562
t 1550 1562 1644 1561
t 1550 1644 1638 1562
t 1551 1638 1645 1552
t 1638 1562 1645 1563
t 1638 1552 1639 1563
t 1638 1645 1552 1563
t 1551 1638 1645 1639
t 1645 1563 1639 1646
t 1551 1639 1552 1563
t 1551 1563 1645 1562
t 1551 1645 1639 1563
t 1557 1640 1647 1558
t 1640 1567 1647 1568
t 1640 1558 1641 1568
t 1640 1647 1558 1568
t 1557 1640 1647 1641
t 1647 1568 1641 1648
t 1557 1641 1558 1568
t 1557 1568 1647 1567
t 1557 1647 1641 1568
t 1558 1641 1648 1559
t 1641 1568 1648 1569
t 1641 1559 1642 1569
t 1641 1648 1559 1569
t 1558 1641 1648 1642
t 1648 1569 1642 1649
t 1558 1642 1559 1569
t 1558 1569 1648 1568
t 1558 1648 1642 1569
t 1559 1642 1649 1560
t 1642 1569 1649 1570
t 1642 1560 1643 1570
t 1642 1649 1560 1570
t 1559 1642 1649 1643
t 1649 1570 1643 1650
t 1559 1643 1560 1570
t 1559 1570 1649 1569
t 1559 1649 1643 1570
t 1560 1643 1650 1561
t 1643 1570 1650 1571
t 1643 1561 1644 1571
t 1643 1650 1561 1571
t 1560 1643 1650 1644
t 1650 1571 1644 1651
t 1560 1644 1561 1571
t 1560 1571 1650 1570
t 1560 1650 1644 1571
t 1561 1644 1651 1562
t 1644 1571 1651 1572
t 1644 1562 1645 1572
t 1644 1651 1562 1572
t 1561 1644 1651 1645
t 1651 1572 1645 1652
t 1561 1645 1562 1572
t 1561 1572 1651 1571
t 1561 1651 1645 1572
t 1562 1645 1652 1563
t 1645 1572 1652 1573
t 1645 1563 1646 1573
t 1645 1652 1563 1573
t 1562 1645 1652 1646
t 1652 1573 1646 1653
t 1562 1646 1563 1573
t 1562 1573 1652 1572
t 1562 1652 1646 1573
t 1567 1647 1654 1568
t 1647 1578 1654 1579
t 1647 1568 1648 1579
t 1647 1654 1568 1579
t 1567 1647 1654 1648
t 1654 1579 1648 1655
t 1567 1648 1568 1579
t 1567 1579 1654 1578
t 1567 1654 1648 1579
t 1568 1648 1655 1569
t 1648 1579 1655 1580
t 1648 1569 1649 1580
t 1648 1655 1569 1580
t 1568 1648 1655 1649
t 1655 1580 1649 1656
t 1568 1649 1569 1580
t 1568 1580 1655 1579
t 1568 1655 1649 1580
t 1569 1649 1656 1570
t 1649 1580 1656 1581
t 1649 1570 1650 1581
t 1649 1656 1570 1581
t 1569 1649 1656 1650
t 1656 1581 1650 1657
t 1569 1650 1570 1581
t 1569 1581 1656 1580
t 1569 1656 1650 1581
t 1570 1650 1657 1571
t 1650 1581 1657 1582
t 1650 1571 1651 1582
t 1650 1657 1571 1582
t 1570 1650 1657 1651
t 1657 1582 1651 1658
t 1570 1651 1571 1582
t 1570 1582 1657 1581
t 1570 1657 1651 1582
t 1571 1651 1658 1572
t 1651 1582 1658 1583
t 1651 1572 1652 1583
t 1651 1658 1572 1583
t 1571 1651 1658 1652
t 1658 1583 1652 1659
t 1571 1652 1572 1583
t 1571 1583 1658 1582
t 1571 1658 1652 1583
t 1572 1652 1659 1573
t 1652 1583 1659 1584
t 1652 1573 1653 1584
t 1652 1659 1573 1584
t 1572 1652 1659 1653
t 1659 1584 1653 1660
t 1572 1653 1573 1584
t 1572 1584 1659 1583
t 1572 1659 1653 1584
t 1573 1653 1660 1574
t 1653 1584 1660 1585
t 1653 1574 1661 1585
t 1653 1660 1574 1585
t 1573 1653 1660 1661
t 1660 1585 1661 1662
t 1573 1661 1574 1585
t 1573 1585 1660 1584
t 1573 1660 1661 1585
t 1578 1654 1663 1579
t 1654 1588 1663 1589
t 1654 1579 1655 1589
t 1654 1663 1579 1589
t 1578 1654 1663 1655
t 1663 1589 1655 1664
t 1578 1655 1579 1589
t 1578 1589 1663 1588
t 1578 1663 1655 1589
t 1579 1655 1664 1580
t 1655 1589 1664 1590
t 1655 1580 1656 1590
t 1655 1664 1580 1590
t 1579 1655 1664 1656
t 1664 1590 1656 1665
t 1579 1656 1580 1590
t 1579 1590 1664 1589
t 1579 1664 1656 1590
t 1580 1656 1665 1581
t 1656 1590 1665 1591
t 1656 1581 1657 1591
t 1656 1665 1581 1591
t 1580 1656 1665 1657
t 1665 1591 1657 1666
t 1580 1657 1581 1591
t 1580 1591 1665 1590
t 1580 1665 1657 1591
t 1581 1657 1666 1582
t 1657 1591 1666 1592
t 1657 1582 1658 1592
t 1657 1666 1582 1592
t 1581 1657 1666 1658
t 1666 1592 1658 1667
t 1581 1658 1582 1592
t 1581 1592 1666 1591
t 1581 1666 1658 1592
t 1582 1658 1667 1583
t 1658 1592 1667 1593
t 1658 1583 1659 1593
t 1658 1667 1583 1593
t 1582 1658 1667 1659
t 1667 1593 1659 1668
t 1582 1659 1583 1593
t 1582 1593 1667 1592
t 1582 1667 1659 1593
t 1590 1665 1669 1591
t 1665 1598 1669 1599
t 1665 1591 1666 1599
t 1665 1669 1591 1599
t 1590 1665 1669 1666
t 1669 1599 1666 1670
t 1590 1666 1591 1599
t 1590 1599 1669 1598
t 1590 1669 1666 1599
t 1608 1671 1672 1610
t 1671 1619 1672 1620
t 1671 1610 1673 1620
t 1671 1672 1610 1620
t 1608 1671 1672 1673
t 1672 1620 1673 1674
t 1608 1673 1610 1620
t 1608 1620 1672 1619
t 1608 1672 1673 1620
t 1619 1672 1675 1620
t 1672 1628 1675 1629
t 1672 1620 1674 1629
t 1672 1675 1620 1629
t 1619 1672 1675 1674
t 1675 1629 1674 1676
t 1619 1674 1620 1629
t 1619 1629 1675 1628
t 1619 1675 1674 1629
t 1620 1674 1676 1621
t 1674 1629 1676 1630
t 1674 1621 1677 1630
t 1674 1676 1621 1630
t 1620 1674 1676 1677
t 1676 1630 1677 1678
t 1620 1677 1621 1630
t 1620 1630 1676 1629
t 1620 1676 1677 1630
t 1628 1675 1679 1629
t 1675 1635 1679 1636
t 1675 1629 1676 1636
t 1675 1679 1629 1636
t 1628 1675 1679 1676
t 1679 1636 1676 1680
t 1628 1676 1629 1636
t 1628 1636 1679 1635
t 1628 1679 1676 1636
t 1629 1676 1680 1630
t 1676 1636 1680 1637
t 1676 1630 1678 1637
t 1676 1680 1630 1637
t 1629 1676 1680 1678
t 1680 1637 1678 1681
t 1629 1678 1630 1637
t 1629 1637 1680 1636
t 1629 1680 1678 1637
t 1630 1678 1681 1631
t 1678 1637 1681 1638
t 1678 1631 1682 1638
t 1678 1681 1631 1638
t 1630 1678 1681 1682
t 1681 1638 1682 1683
t 1630 1682 1631 1638
t 1630 1638 1681 1637
t 1630 1681 1682 1638
t 1635 1679 1684 1636
t 1679 1642 1684 1643
t 1679 1636 1680 1643
t 1679 1684 1636 1643
t 1635 1679 1684 1680
t 1684 1643 1680 1685
t 1635 1680 1636 1643
t 1635 1643 1684 1642
t 1635 1684 1680 1643
t 1636 1680 1685 1637
t 1680 1643 1685 1644
t 1680 1637 1681 1644
t 1680 1685 1637 1644
t 1636 1680 1685 1681
t 1685 1644 1681 1686
t 1636 1681 1637 1644
t 1636 1644 1685 1643
t 1636 1685 1681 1644
t 1637 1681 1686 1638
t 1681 1644 1686 1645
t 1681 1638 1683 1645
t 1681 1686 1638 1645
t 1637 1681 1686 1683
t 1686 1645 1683 1687
t 1637 1683 1638 1645
t 1637 1645 1686 1644
t 1637 1686 1683 1645
t 1642 1684 1688 1643
t 1684 1649 1688 1650
t 1684 1643 1685 1650
t 1684 1688 1643 1650
t 1642 1684 1688 1685
t 1688 1650 1685 1689
t 1642 1685 1643 1650
t 1642 1650 1688 1649
t 1642 1688 1685 1650
