# CLOUD_GEN_METADATA
# generated=2025-12-07T05:37:36.671Z
# mode=structure
# shape=multilobe
# resolution=32
# threshold=0.35
# scale=0.5
# octaves=5
# persistance=0.5
# lacunarity=2
# jitter=0.6
# smoothIters=5
# smoothStr=0.6
# vertices=736
# tetrahedra=4230
# END_METADATA
v 15.212970199704241 19.86759656146274 20.36112529090942
v 16.126181735924632 19.788603839828045 19.8895604592126
v 15.633399600890959 20.801749939578972 20.543226986016357
v 16.453285492339777 20.56110961960516 20.011492579280656
v 15.256386314246694 19.7498136723813 20.363289723193546
v 16.174497135209062 19.361633137947585 21.014477472835374
v 15.589718886464194 20.574086565358428 21.158890184162008
v 16.523748785890483 20.687322054113412 21.347855323095544
v 16.308626392843426 22.255320093028036 20.804619757175743
v 17.133276085993344 22.025807454601555 20.340704829717037
v 16.231012767389807 21.94366647031597 21.466271742068365
v 16.980782861383865 21.956177782805316 21.766238404016846
v 15.778870484612737 20.97493690988253 22.9837601581077
v 16.48661635227045 20.576256215505623 22.984297047844677
v 16.17034211946413 21.813433869093977 22.990533810954936
v 16.900642180387745 21.839769758710297 23.437385982057293
v 15.768813684056932 20.905943131502312 23.776955878636837
v 16.633735219408052 20.53778867149627 24.639221748317777
v 16.123901126393537 21.782929874428806 24.624279049965693
v 17.034318129826023 22.011920483139214 25.141742395134187
v 16.998258836374365 23.884713388902505 21.031428001720247
v 17.829219725818 23.62351847091578 20.621247423446643
v 16.947868297993203 23.534495980208664 21.720432064090243
v 17.6841995872661 23.519244232132447 22.046027980366862
v 16.88178484880015 23.27622183000352 23.259897362260215
v 17.621636144589466 23.340357140002137 23.767245591754794
v 16.80739240771331 23.152814641650895 24.987216212618122
v 17.531361262715293 23.269252128689374 25.544359225680658
v 16.363378281666137 22.253908070550967 25.828164228490536
v 17.16910049829022 22.07187548148907 26.855350915625387
v 16.78378271850518 23.235855776559628 26.632375202586026
v 17.68210439527511 23.57669935465056 27.252723312616137
v 17.496012109758787 25.342134093574757 21.189095032439297
v 18.359843979619622 25.11494153358698 20.884698359777254
v 17.518215111097092 25.11298708681795 21.940455977562877
v 18.283991036208153 25.09483864103148 22.321546070166097
v 17.54825494639873 24.88358860542877 23.505189141749135
v 18.28611033008045 24.933152226111876 24.05258639853884
v 17.5193256300499 24.643344640314318 25.208428194627153
v 18.216239571522646 24.781905655184023 25.81029471315071
v 17.429733079088557 24.54065598968774 26.840049690504554
v 18.12634745502025 24.761432939718965 27.501476875441103
v 17.069230432717266 23.82701188721194 27.78669689524887
v 17.777150463429436 23.716679784205297 28.886541773421854
v 17.30591312593644 24.384611996656638 27.85225995898142
v 18.349448580697654 25.037277745099217 28.98188749976252
v 17.68177191100531 25.986088335752623 21.089932920901518
v 18.537661771525443 25.87289921164517 20.85583793606489
v 17.785859992075956 26.397118442989242 22.269756371602465
v 18.630258051901684 26.367799141375613 22.794428759502424
v 17.939414941727676 26.336755543874816 23.71147617432291
v 18.710663613823176 26.372260002431442 24.282741931937263
v 18.026706510004104 26.039800260483418 25.30756248332879
v 18.748197798320888 26.167476151093076 25.952705846095828
v 17.88987073138665 25.607872231773968 26.54948049631964
v 18.560319572872892 25.836697548558398 27.287931060424885
v 17.73316931689411 25.198225796030698 27.904269677171317
v 18.748061477823963 25.674123559186857 28.982091567530777
v 17.89155338333167 27.194810381021618 22.884568578786563
v 18.514302124706322 27.161654618770648 23.330497159627328
v 17.999614229766042 27.10335720803601 23.544166764381018
v 18.869473368339218 27.046681251483975 24.37900814364197
v 18.178227494144558 26.842542241070003 25.01943594222043
v 18.95807426367224 26.81190837956284 25.98020558588065
v 18.312859848780615 26.53673549285946 26.354304361758505
v 19.456581922618476 26.897850967810616 27.19681684447326
v 16.319603513568598 17.92313981242504 21.56684724347856
v 17.350956500671153 17.205385738619764 20.99077714643499
v 17.36158215637263 18.738972134318356 21.21916495657676
v 16.442596551647288 17.724572471903148 21.67573713313821
v 17.474658507791517 17.122407173106428 22.26988304213136
v 16.560019008509567 18.828272921030102 22.622281425359027
v 17.53830556901436 18.88515741655935 22.98581704710042
v 16.769537752556307 19.903346391927094 18.882214551305257
v 17.773132790449377 19.256268877482906 17.97266487065725
v 17.267026328893376 20.854416671891556 18.952875500428117
v 18.090632693082593 20.526569826747334 18.379505221063475
v 17.59722308871229 19.143331595581433 19.39593873070598
v 17.903898628828244 20.492914007658385 19.86027863185349
v 17.86339476705737 20.3664351318746 21.646639149521036
v 17.81340727608492 20.325833013413074 23.547411194781063
v 16.76270153537533 19.56000976014009 24.88561837212932
v 17.616525628477877 18.95829286919756 24.831825039658128
v 17.769817640331116 20.402947819479706 25.453884704656705
v 16.83360004167648 19.61625906664794 25.830434949527394
v 17.81603514075194 19.659879939471907 26.916669526472674
v 17.048513209330764 20.56990323702861 26.763789379565786
v 17.990586336845702 20.71567399380494 27.32653790818924
v 17.997699497537873 22.376803168866694 19.245049052098118
v 18.811630726571526 22.069942813371508 18.684177745753175
v 18.611652609302965 22.077623448849845 20.234991502482988
v 18.547885710038944 21.999672057529235 22.081051972498816
v 18.447148938341567 21.920807257611532 23.98612783497881
v 18.329928294338885 21.9252907702568 25.904139593368942
v 18.28170584160247 22.069004429524252 27.835941205006094
v 17.331260990488296 21.140584884061354 28.150541122523695
v 18.261317207728524 20.865249278313204 29.05144981767767
v 17.57735383047497 22.234550238731845 29.023111950449515
v 18.469611234715753 22.509575676742276 29.657652313318433
v 18.670344113719217 23.957452975932835 19.52839763429154
v 19.460201420537963 23.63167498567139 19.02024366288127
v 19.29434203405294 23.69272437232908 20.591086647386327
v 19.26492571951366 23.630600074146496 22.447122566924577
v 19.187185890469543 23.55480228646315 24.374737562633467
v 19.03436682272011 23.52414241201026 26.28512849930367
v 18.88451114505642 23.627448268616888 28.190573877479302
v 18.785766842790107 23.846982642252943 29.965161503873105
v 17.83148182335936 22.933355757957482 30.348681346977205
v 18.635642305544593 22.732467580406183 31.260609574787324
v 17.988656498426597 23.572646470635284 30.35897317185632
v 18.86640676478889 23.970639620006523 31.10441841233143
v 19.0754814270705 25.282161364167347 19.77952225479832
v 19.81378643234334 24.93959352692766 19.42269991422711
v 19.803580266135555 25.205423711630306 20.967998019765
v 19.878043789336523 25.26888027518974 22.803627531699355
v 19.843606652460263 25.202709332492244 24.70214117546562
v 19.700226791238396 25.125464382468156 26.58424100135005
v 19.510600282512065 25.14112224474738 28.401838705678664
v 19.334093874482086 25.239903375549925 30.037776923755526
v 18.456158029648826 24.88473827122096 30.347122225350102
v 19.40367726935304 25.372890891450766 30.96835118407701
v 19.17265346433641 25.80037193843193 19.73106873052588
v 19.683110350264066 25.786805951455563 20.078024599052267
v 20.313724104413982 26.36035867211825 21.538329900634135
v 20.31728363312088 26.663148415590232 23.324087418552484
v 20.276344951548413 26.65230690131868 24.96812203410996
v 20.215482818271308 26.553696247143616 26.7778691587741
v 20.127205031772274 26.493497184259702 28.48764643852948
v 19.848060659320968 26.221890306844536 30.05409431593376
v 18.8766310592289 25.75478500750284 30.33946784160611
v 19.977955461146625 26.15263722323849 31.176216690787573
v 20.450345763418067 27.410048108158218 23.373276804759538
v 20.452404087843473 27.335610909389928 25.073097102846525
v 20.454576044611727 27.237271361797276 26.85001105905242
v 20.923551315786423 27.47867368294101 28.354974399228595
v 17.670708558326726 16.117163539925265 19.99067979031267
v 18.640205484193096 15.804118666644547 19.57276149712602
v 17.87074037776199 17.362386981129735 19.312255621519654
v 18.665572111483044 16.831847768964103 19.376463496167737
v 17.71085516182052 15.924453302135541 20.80527841072833
v 18.496155660807016 15.729192055261457 20.972110531271944
v 18.648631079000587 16.655757025079314 21.11077217569842
v 17.767489530786932 15.789687274432444 21.48041710315675
v 18.805132129597272 15.536201143290999 22.48146188834354
v 18.861508715683 16.822622428700853 22.91426299686898
v 18.024987191899555 18.3065878748375 16.873602481301496
v 18.91017854685164 18.00840344051798 16.429043456748712
v 18.31520849584839 19.253615654981353 16.91086555129978
v 19.14241752490879 18.845324671612723 16.47958775952101
v 18.002353672014827 18.042800486536535 17.666899209064606
v 18.835841593806805 17.50424358738462 17.687191556489157
v 19.023153477922964 18.71899319756911 17.818600266012247
v 19.00607200880366 18.519141640402196 19.59507050238599
v 19.012570659522716 18.399019285242076 21.524719813254286
v 19.01398096664985 18.359054704221197 23.46873736072253
v 18.031211175970423 17.37636515439252 23.665172697300882
v 19.177621219498146 16.674344998264072 24.555125648844033
v 19.188169180381717 18.662509067068246 25.445490925298667
v 18.976265824904534 20.718245786728637 17.139278010206095
v 19.711614355222192 20.37283876556917 16.718449848713558
v 19.582768985103836 20.384716113379714 18.131421965029134
v 19.592561923715515 20.322476838014232 20.002205963085057
v 19.60366968971332 20.26839015968408 22.026680643072766
v 19.5192294129985 20.244306331428525 24.075350013308135
v 19.388467025566403 20.28407649372159 26.101628780624797
v 19.277671231947277 18.786379330329716 27.325915833881965
v 19.365648237526717 20.425793496517205 28.081065203693996
v 18.43259828335315 19.64110399831957 28.28646080143414
v 19.382143658263402 19.545003463833424 29.274762263616733
v 19.56314257404254 20.8056742206171 29.874577247946217
v 19.720960966838312 22.308791404931636 17.41044311170251
v 20.37978326900103 21.971362852674968 17.012329042560815
v 20.2728486578949 22.078103813982143 18.512243030420557
v 20.30306027358768 22.100775447213746 20.440801249452257
v 20.31209930140123 22.096141187375483 22.52477129717302
v 20.186572172172557 22.070466897250274 24.60923700971868
v 19.986251398556835 22.066718457501064 26.650297207028146
v 19.82592566775761 22.167102706890983 28.646548705929476
v 19.736994212589575 22.357657873377235 30.4741437297006
v 18.803398108106222 21.349535915391737 30.627880614479103
v 19.570772167790945 20.712011630665973 30.791379813064058
v 19.80622074160826 22.89428041369739 32.0494273163021
v 20.243419296451023 23.700388880455463 17.710563768426205
v 20.84640695438931 23.375177968216047 17.423250099884207
v 20.873303938087588 23.692730245384173 18.95589040156201
v 20.97076504702319 23.828655105493176 20.881370842619376
v 21.020278102914002 23.878608778959435 22.968451972635425
v 20.917993799040776 23.86259432180869 25.0615863011626
v 20.683955069791825 23.850007254283774 27.11247988544167
v 20.42121807860631 23.928877707184114 29.082056764581598
v 20.19615672278708 24.09761208070139 30.838522047434306
v 20.051514936827008 24.22293948685515 32.35151929596749
v 19.056901667936952 23.459582918815748 32.790935215611476
v 19.666567480892788 23.591283045106866 33.04688951733325
v 19.096279899353032 23.650262738289044 32.76831804643534
v 20.224960213852675 24.18492762145393 33.358046299488976
v 20.399840323480664 24.27040884122174 17.699987535446898
v 20.84789251860241 24.286441713787323 18.074720861547174
v 21.243673023514685 25.045681858950406 19.651746125775887
v 21.475238274113636 25.43124935065332 21.336037057266164
v 21.606721991605635 25.61963579259741 23.38598622944194
v 21.541281134623457 25.633919677119778 25.448710164526045
v 21.31373181401957 25.593120122340334 27.457713232999808
v 20.99104674030796 25.58811059248375 29.332661666333685
v 20.703213987732408 25.610014644158213 30.97180666927602
v 20.731180301608145 25.637114030981248 32.004968779404315
v 21.185287158417356 25.927017604866915 20.332140477329986
v 21.856328829156357 26.81003086232591 22.076133395062136
v 21.968473590907237 27.117385529403258 23.782004748432676
v 21.940951774755362 27.151901765297833 25.73883377529462
v 21.767351163676903 27.11564322384803 27.68320806251442
v 21.366674308695934 26.90429635834189 29.220122539841423
v 20.98488838553767 26.68642346590778 30.73476041300826
v 21.224070135111283 26.441861213287833 32.080382261498364
v 21.251406251208227 27.538881113693808 22.309180287637354
v 21.819186695676706 27.68793652073738 22.817516872102637
v 22.09200515861565 27.821087965093625 23.977360312746022
v 22.097694364622264 27.855219486752127 25.847344724541895
v 21.96477146179438 27.846413766970095 27.778167920188682
v 21.740991874763974 27.838892326033093 29.468883388350214
v 20.888583668786058 27.43465920755244 29.798399286898704
v 21.21066787906569 27.780677382643365 30.322608512805783
v 19.175114723027942 15.857849554532844 18.377300009157498
v 20.332847839201246 15.355511764680491 17.88393226664306
v 20.331756989729975 16.474485901242957 17.716304862418298
v 20.168943727779858 15.217833295245223 19.389346167521456
v 20.33632175341778 16.250264138071394 19.513075384428138
v 20.16470785687895 15.126719100257057 21.27711226008848
v 20.375389724247462 16.102525137780702 21.470250828963923
v 20.221728921406925 15.085567134784108 23.154393224995392
v 20.41694743130846 16.066753076446705 23.453388859179537
v 19.460382968632103 15.216002795554633 23.77882717843447
v 20.47568917822021 14.992316343194775 24.72586095104622
v 20.635799007350577 16.35388793219059 25.334609457969
v 19.510216881290134 18.060433049537767 15.469615982056842
v 20.223456083299975 17.708360429099656 15.451316939101993
v 19.879554134559633 19.048472705257467 15.471650267341124
v 20.437232892627602 18.653489640314717 15.546023571700987
v 20.418622474221394 17.16190058978297 16.182375081535806
v 20.577951459460376 18.45247445485625 16.319012467968225
v 20.666042435909176 18.242101929390916 17.8887214713674
v 20.768655492422976 18.090421520577152 19.838588462721184
v 20.813664145051522 18.017638600630026 21.926871022954384
v 20.780935516222883 17.99375560898072 24.013186273246866
v 20.74664144182774 18.01315040175944 26.006441711395862
v 19.832937431273884 16.917254670656757 26.140174291938408
v 20.87060708799108 16.299892380954798 26.82321821770239
v 20.911277506633553 18.40670817120654 27.922819343053884
v 20.48875403402997 20.605372387859212 15.67714210313622
v 20.964989119173286 20.270947175102027 15.77676211106569
v 21.11424757376654 20.197260414815172 16.603699368766325
v 21.233520587332034 20.159337380952657 18.250876833132597
v 21.35020323701828 20.143492384207235 20.285477662958332
v 21.370563850257962 20.128708893417514 22.453452866397008
v 21.264098096818046 20.122707829573667 24.620027022232723
v 21.121293624914486 20.13862704531402 26.7301197414542
v 21.01522280205476 20.228593403553017 28.706618343757498
v 20.753275984005374 18.458908858373846 29.22353515547452
v 20.958389247112823 20.421768502715313 30.39751103894394
v 19.871043243290465 19.42337322426426 30.388559093069603
v 20.000809082474564 19.622911892620987 30.599609950623996
v 20.93893990901242 21.11940469908954 31.452595080507116
v 21.048159778582384 22.058180244894693 15.878381676365258
v 21.50939859149515 21.825173182987733 16.048292268192654
v 21.69021598007368 21.90174300962989 16.957344416200993
v 21.85054772777698 22.048184092348876 18.696393225508544
v 21.97375317447608 22.149412778110364 20.77652885474348
v 21.993793306055395 22.204223789922473 22.99750779774584
v 21.86284044525157 22.215606863156086 25.225261418688223
v 21.647570322754653 22.226820581104363 27.378853555708883
v 21.455164002160036 22.281707316449232 29.395941515558533
v 21.313359043868772 22.425453719433246 31.120019322921358
v 21.19424977824878 22.73198062261586 32.28163261830373
v 21.24945895054705 22.67162396206957 15.854245871643737
v 21.65933755291668 22.56053748787293 16.142645347746384
v 22.130095966459734 23.40084457308886 17.653691378217832
v 22.382898538355526 23.83743159528996 19.245373907359895
v 22.56559017495008 24.052492624629522 21.282854647222646
v 22.627262847423356 24.183802457046745 23.530857165884843
v 22.505228597179727 24.231025008207403 25.78222832282321
v 22.25519950389655 24.249107608224133 27.936982270055715
v 21.98093352113262 24.292790113681757 29.931206173701312
v 21.738779478832836 24.366163586257173 31.615471997140897
v 21.311446158859443 24.31161725458663 32.77791194102759
v 20.287194974016227 23.7994715792306 33.352842748237755
v 20.587219542359815 24.841370513201287 33.65392768552697
v 22.573775411624826 24.969366740934305 18.657444630003457
v 22.826835024861566 25.37065114345014 19.970868195754413
v 23.03520143741477 25.7766871756199 21.804406724487666
v 23.162413414578623 26.063345946372728 24.028600710234507
v 23.06402967831343 26.16410234462482 26.240160316843333
v 22.7921621296341 26.166918206672143 28.35235951136701
v 22.447309962376323 26.10943563427554 30.244480950744762
v 21.99143994417338 25.85598957799005 31.63110061365607
v 21.655885689757145 25.602049140401633 32.94883857208953
v 20.64015522414253 25.107267353146415 33.460329738242166
v 20.860833119259528 25.44563791422568 33.85711616680911
v 22.929802623065108 26.13728496565652 20.113980169397326
v 23.341991138507108 27.227268799753528 22.600790381462847
v 23.49358025465197 27.647104631395504 24.47402683977264
v 23.428065080411233 27.78572351121503 26.559380884478664
v 23.187724472096086 27.81483044149977 28.58093736307978
v 22.77329110448013 27.49037205880233 30.09073419605732
v 22.363352964499484 26.835989580404814 31.892524869740182
v 21.73109814813547 26.658228791082323 32.680178688610596
v 23.26202769330495 28.139951850143646 23.421247496005062
v 23.60802485689258 28.369219347020117 24.67093415322455
v 23.567945884466468 28.525435433121814 26.675179722910155
v 23.35438234710653 28.59409615634408 28.657173212703988
v 23.71879289964893 28.957304162691777 29.975308987256927
v 20.978682867005805 15.351168060033308 16.684707233607032
v 22.050486153560893 14.91301188242037 16.29595227976713
v 22.009261147524573 16.04097373936305 16.17195951667465
v 22.060527598587115 14.363697690782653 17.698042847837577
v 22.104937523045745 15.778963854878477 17.74003096441481
v 22.158801327718255 13.929309721434958 19.328854612795126
v 22.20190742310685 15.568381294206983 19.694789175613156
v 22.149839092986618 13.897462038765536 21.15975177019418
v 22.23192584636722 15.540652256678042 21.81361107688859
v 21.992168140972993 14.603175302185988 23.55333633478028
v 22.20626827069841 15.628312311648816 23.892021013990394
v 21.6822287992883 14.659672683178346 24.965998222865835
v 22.15932460402727 15.777478538283683 25.747120970004428
v 21.015993882724036 14.736098900791902 25.856097165463066
v 21.17156942506434 14.924403809225751 26.139832464857214
v 22.227186814310635 16.62730203154489 27.693944464140344
v 21.942803602718808 16.59215137694065 15.33719576370644
v 21.955755691805408 18.06491885661029 15.549781308000526
v 22.284161374702514 17.86516363730742 16.357061693333645
v 22.478727908930406 17.72111352151579 18.01907172235323
v 22.605803143863906 17.64136058041615 20.086168827814138
v 22.632373822568706 17.61540964823377 22.288973973131164
v 22.567461024594856 17.652783310112763 24.467676276436013
v 22.505775565786454 17.765623958818928 26.50285359079621
v 22.473701302322205 17.964742277356766 28.297858817643583
v 21.525601899708505 16.752295810154916 28.30077046521243
v 22.275282045836715 16.8633955331207 28.547395040164815
v 22.760951854911347 18.38874866542798 29.704875742929666
v 22.416280526481 19.923525143529382 15.84881349675215
v 22.747944443035518 19.872617721633993 16.697045811144175
v 22.958902254569185 19.87646250564708 18.420205257244252
v 23.081701151804957 19.904502365880894 20.5602630628993
v 23.081777806254248 19.946614952080786 22.830108428148787
v 22.974769921583317 20.000203672600044 25.09520423819549
v 22.848166221360632 20.06885375846927 27.242996883475733
v 22.74780945186937 20.152062378650324 29.159654001886985
v 22.839255967338957 20.60911578226466 30.75206750109626
v 22.872518792222525 21.685642866500316 16.22364904638399
v 23.22107800217226 21.801721073016047 17.14514246431815
v 23.44359149947501 21.989054945474027 18.92378200819566
v 23.569449888256102 22.14462895470927 21.08893619708911
v 23.570255860602032 22.26823572505909 23.422919527925718
v 23.444803422367425 22.37160380116787 25.756555310986947
v 23.280912643846335 22.445664447915778 27.97786127831105
v 23.126569475466823 22.504891371843325 29.967639380641273
v 22.983600658919148 22.591625353506515 31.54559162433202
v 22.823883460097836 20.445815027697865 31.48280138890087
v 23.113517294165923 22.634039717057334 32.272094763472246
v 22.964820422177066 22.523950130477388 16.39315991836905
v 23.613631798172463 23.507695128533985 17.90693022547184
v 23.858652104197446 23.97516792326636 19.531399559692144
v 24.041876686286795 24.266212334571783 21.67342144373907
v 24.09407929741237 24.487434560002 24.03539875281283
v 23.97360524526096 24.639803328288597 26.413828347844678
v 23.75919145605882 24.730986523257357 28.651252593640727
v 23.556210287204095 24.760495730075206 30.62800871429888
v 23.433244940975943 24.757638592555143 32.18873676649406
v 23.59367171924639 24.801875895062985 32.912749748815806
v 23.82423189105288 25.355841242117627 19.003570777114984
v 24.146708633639804 25.668667129726767 20.156558217571796
v 24.448039497089233 26.156743134390176 22.276481645620308
v 24.570198093800403 26.546196179822093 24.640115805442008
v 24.45471021618825 26.766374316009138 26.96287526346617
v 24.198995928742274 26.83516482497144 29.13253873710933
v 23.954131114295954 26.74777705101837 31.030800481248594
v 23.68176547000085 26.339306777538834 32.30768075592141
v 24.348781041335968 26.046917626497336 33.388017120288
v 23.319973153198276 25.963167688587696 18.96824085345985
v 23.828500196898673 26.051601991402134 19.25697550069321
v 24.263876243102754 26.450807285850715 20.442959656187735
v 24.732686330635858 27.705794698748075 23.157460769677286
v 24.87526615572631 28.239731710133295 25.13803813782338
v 24.78805977785267 28.498716152125812 27.30882079376326
v 24.5665033703132 28.613372300030857 29.375584339908656
v 24.234295095972115 28.25164250712944 30.893478709868866
v 24.659251030561673 27.885207946648713 32.33630260358313
v 24.669336497120234 28.676747353915225 24.05116375545284
v 24.993543634117728 29.003924048680766 25.359591172052575
v 24.92058005058943 29.290615013998554 27.439029455253213
v 24.727766278532645 29.44181203306945 29.422632641285897
v 25.04348300433607 29.820565301455176 30.673945622986224
v 22.71565402538063 12.463435335611628 18.392380463800563
v 23.278528241135028 12.31525748095372 18.423627267368413
v 23.57525544423993 13.507693642383542 17.898691691594824
v 22.78911922022528 12.228879541480945 19.176212190790732
v 23.182160693231086 12.137377627938411 18.952750318050256
v 23.659898766253313 13.220619527604235 19.48316974458283
v 22.773198562507506 12.08898872439597 19.749720538327992
v 22.91928170249338 12.275336937166387 20.035864285066932
v 23.84398040374291 13.956379204448117 21.71676588347139
v 22.60683034217782 14.957108767457902 15.32504369295005
v 23.292875113350544 14.72779914234605 15.342210818474488
v 23.39543238791813 15.644825140153696 15.375841424339308
v 23.532016568050107 14.401546051003072 16.12584842780902
v 23.69479428501049 15.422929294666757 16.184948630588764
v 23.90733885334876 15.168523555709852 17.830453039044368
v 24.04580688295893 15.072339191257432 19.887427384624875
v 24.113683642461822 15.189228460337699 22.09741954383105
v 23.843713473982355 14.332652821162986 23.78183298338519
v 24.076412538856843 15.421733543374701 24.18717696245415
v 23.75634259469232 14.433886661461266 24.70070771921369
v 24.229011851461024 15.94670114277696 26.000109057266002
v 23.709796725859626 17.448470802453823 15.562262792904125
v 24.053298729001195 17.310194712582867 16.399997669624216
v 24.28545446175733 17.240634483435212 18.12359833680212
v 24.41548279573456 17.23428307802503 20.278618786846106
v 24.44303280947857 17.317192857358563 22.5677467423183
v 24.408282872716228 17.483056816174027 24.78755395498046
v 24.325440314107333 17.759396504814266 26.822140199783906
v 23.78178953501531 16.693345986606797 27.7538711992872
v 24.196024786297198 18.097133830962385 28.54966655444362
v 23.12118508993765 17.05559431151585 28.91159744151375
v 23.91448414557985 18.840313925290086 30.067171922956014
v 24.06754767733856 19.49593517744532 15.891240406037848
v 24.43408594260891 19.465758651138273 16.759035208197137
v 24.6655822492606 19.532152818345708 18.540160149661855
v 24.785938808744167 19.64280930002415 20.74982446399888
v 24.787965202730838 19.79253822502149 23.105402622940368
v 24.714388653258922 19.978430176276973 25.42140122319254
v 24.62875428998586 20.16556134027871 27.571489951494282
v 24.544399202927988 20.361381684969842 29.402645596508094
v 24.21092173658878 20.297205948932238 30.669565418
v 23.346387020997568 19.008082771827464 30.943620909047
v 23.376124867569 19.251075113136856 31.141428438464207
v 23.53647549387428 21.084765576062026 31.899382079754705
v 24.37010190332685 21.493543598867237 16.34560937935586
v 24.740885595967946 21.637853630256608 17.271043494050463
v 25.00827351718793 21.86114578744584 19.090608972636687
v 25.146047169894256 22.088647192499366 21.316958875822017
v 25.156849499620616 22.333392836328596 23.717788051151178
v 25.073115149141913 22.570287542511984 26.11817195336014
v 24.966531895744392 22.765869765642268 28.35452524939828
v 24.899432499927645 22.87897171093039 30.270233288112813
v 24.583216928593874 22.69509119887647 31.516201587865893
v 24.057748743707723 23.544080501955793 32.75920797525303
v 24.748973015507328 23.104112144871763 16.819921907976624
v 25.03531000230841 23.615393019875608 18.0442990014112
v 25.286346214649345 24.074594377828408 19.758188290577216
v 25.50803696851341 24.437378063485298 21.966759073578984
v 25.57475093813099 24.7867456628029 24.397843499341697
v 25.491828253673276 25.085828909828212 26.83004373082387
v 25.357200398173937 25.286289987390724 29.114424422239864
v 25.259352274967142 25.355619090533654 31.070846642843353
v 25.311293953024474 25.40651808471619 32.579625763691965
v 25.500196607250956 26.12042366949705 33.56327904149006
v 25.1633716597663 25.269169153839545 18.731849335269562
v 25.49263019214304 25.95006426097663 20.455242061521595
v 25.838243366560764 26.519111305930974 22.638568992390663
v 25.992249379145502 27.041301978921823 25.069340400371942
v 25.90817519913863 27.387836654904895 27.44844187046443
v 25.724856731851407 27.558705450352218 29.670143777088107
v 25.636898842761628 27.507314968287783 31.569475853461064
v 25.57365684278985 27.12339053885267 32.824512431183635
v 26.41868483432683 26.880662546639563 33.87835316781188
v 25.03276543846548 26.322175435198382 19.538118245062527
v 25.578861335567407 26.784807319376082 20.76037834425301
v 26.118772262446893 28.202041193793793 23.595503337656883
v 26.29157674891696 28.854644173192238 25.635493696970595
v 26.22613045731534 29.226497792426393 27.839275575048738
v 25.88151158044462 29.170813617451614 29.70319995414306
v 25.700740992169443 28.935253544951284 31.52166157670325
v 26.497325020791145 28.746777324408967 32.80511291091155
v 26.0641970320523 29.26081549265337 24.58368250820018
v 26.403801390482787 29.66618285894493 25.878908335762382
v 26.349484451781848 30.04545952287281 27.97496590944923
v 26.19646211052786 30.26424238344279 29.952492492073485
v 25.602825802506093 30.332047651754053 31.1825010164031
v 23.859022181815085 12.123810806681998 18.404547949033446
v 25.021875046434836 13.391524350264136 18.035271744778424
v 24.15195178108996 12.152834076529183 18.709769758414005
v 25.528887295385253 13.720817547620298 19.895967702700386
v 24.026376747855426 14.450037053985216 15.34365120378248
v 24.86763839487599 15.348672827868649 15.451803116716775
v 24.866250308072715 14.058256509954743 16.415204049967322
v 25.309956971963057 15.166678086147328 16.431888694230427
v 25.590357947072732 14.890659128402598 18.025396528549535
v 25.809874360267674 14.927120960153102 20.12339052604008
v 25.755709903906425 14.034109403189316 22.03840211082259
v 25.95039022742679 15.126695856801973 22.341075869539438
v 25.44247565657377 14.191834109612536 23.577486647842072
v 25.941121574527347 15.435438997241922 24.336490490143294
v 24.877175865771743 14.58747157032561 24.95640463560525
v 25.949037391913425 16.514493262035437 26.456677517803158
v 25.320463275065105 17.014874532958615 15.603430156809974
v 25.69573844406445 16.942854906944962 16.484493165574758
v 26.000622108788672 16.938474616851753 18.283145173613196
v 26.18339326215859 17.024475405096734 20.474092738184932
v 26.250302785743074 17.20790153877705 22.785753013596164
v 26.266758521380968 17.544345440906284 24.9959087853108
v 26.218968103348868 17.978115875656208 26.93841677474059
v 25.93967341343233 16.907290988234646 27.405303256456325
v 26.06633462472489 18.408747752530793 28.32159135048401
v 25.594017677005 19.02886383256103 15.9217900221451
v 25.978397735498362 19.05513792478086 16.840092202397134
v 26.31093412250974 19.254779709259854 18.69226791284041
v 26.486996126768776 19.47325915196154 20.913101393126812
v 26.546788004230923 19.756682960922646 23.29231893121586
v 26.532561693054447 20.082067010580396 25.60837005404817
v 26.48781860351621 20.415190904606686 27.677122393507485
v 26.38226719262142 20.790601527852374 29.403604764846534
v 25.22262418136111 19.358298238367087 29.836843089315703
v 26.390244159343283 21.67624675903794 30.468037178120163
v 25.499215129779664 20.879084435869018 16.233842141301306
v 26.102618034130703 21.288407935474986 17.432931985781572
v 26.518376927971616 21.726782479252556 19.28738553059096
v 26.767262555197842 22.071248763223167 21.497922394427935
v 26.85130101940233 22.443911885514353 23.89638858407604
v 26.83616434309958 22.8201737887059 26.287082466221197
v 26.795086004060526 23.140703897807917 28.496817906009777
v 26.790579787192538 23.414785217814156 30.319100905064623
v 27.06896711566601 23.698190436861378 31.152497727756668
v 25.42690476628655 23.150067697112704 16.93706078635667
v 26.152026536008 23.86393376033605 18.45713878130367
v 26.68199441776672 24.14020621251985 20.01118499065808
v 27.04914782199741 24.61914586074557 22.18483951140676
v 27.20849931306966 25.078279328942255 24.58564228856235
v 27.198149630595545 25.50829488155558 27.021117341701533
v 27.130246802421894 25.819294915755098 29.29356339699398
v 27.132295614225153 25.97258792777746 31.2223022048861
v 27.545726882491344 26.533708038590465 32.80759097251873
v 25.36201813452266 24.234278248600557 17.032427206146444
v 25.58428890848611 24.37720583182032 17.48432724260915
v 26.329724978616905 25.717487330395546 19.371975921052535
v 26.843403151997716 26.207104835850394 20.735899506557896
v 27.337352296357867 26.87782590462291 22.91353904161286
v 27.580122872595236 27.48683627516671 25.284217956374366
v 27.572087789870515 27.942618556247385 27.66645797484583
v 27.45750502131954 28.184559429907956 29.902492613188812
v 27.45241004242669 28.21411207772924 31.819114383064388
v 27.476716792581215 27.883381898417003 33.136402336685904
v 27.603290987583115 27.151795584417442 33.95402639072506
v 28.34246270042123 27.548480102118532 34.1493721512155
v 26.277308152791857 26.564803016231945 19.772734587068143
v 26.90893156329188 27.13100328888235 21.09938511948233
v 27.628144957229132 28.675597815602835 23.898028085321517
v 27.871171513166427 29.394544919219772 25.890198743246327
v 27.895299266664786 29.850421049097953 28.07007276506805
v 27.87275371381069 30.029781259979202 30.10493458771109
v 27.796460715671344 29.58682769593221 31.90895390718628
v 28.337903494041253 29.395875264667826 32.97986571061141
v 27.580102592910563 29.810512643274603 24.911421286219316
v 27.9872219277179 30.24482533720991 26.17028488354705
v 28.045455209087493 30.695972693768464 28.217375503782364
v 28.619924809761642 31.216419804967842 29.67495907992742
v 25.815644322094904 13.884163814398436 16.91719287968264
v 26.592767627181452 15.136565334876234 16.809595583424848
v 26.144022355847028 13.822877892139395 18.068422139560305
v 27.076651785160998 15.154062464928643 18.50569679114848
v 26.972484594096834 13.933395118084745 20.546526175805095
v 27.36205141869944 15.140574282814503 20.64080911399893
v 27.314513720265694 14.122097512600709 22.24114480157438
v 27.515217416452835 15.20039292439479 22.560135117768183
v 27.368131790626553 14.20360855931561 23.098794684229336
v 27.802731765596484 15.89116216084875 24.413288077955887
v 25.964911080802693 15.715484636312675 15.534331359059797
v 26.193646131654646 16.65090037637411 15.669707902980722
v 27.056333897948928 16.888072839427604 17.031302635466005
v 27.491611696202632 16.882297602893903 18.57842271457202
v 27.735525936657865 17.05026861030827 20.744282354822015
v 27.918888075921487 17.347651476984737 23.040716249564802
v 27.995464752086054 17.818696832948156 25.152158427598685
v 27.454107044905058 16.78270139247364 26.296423744701187
v 27.963538464709533 18.36660200017873 26.924917369631515
v 27.010641274219555 17.269374037355607 27.48764931253799
v 28.02450773347371 19.239163478474854 27.999518133749262
v 26.435723284039344 18.58578218807829 15.96112414593546
v 27.28489352578611 18.961699806739524 17.39074768349078
v 27.775524381546294 19.10745096476869 18.999350604178574
v 28.075910171883237 19.506952638437728 21.19462498477601
v 28.289841363979292 19.917687984476157 23.52456863320478
v 28.388057568265495 20.34492407118312 25.71810234751984
v 28.383754840597827 20.806451984381464 27.616783679053142
v 28.33553999780493 21.37273153200019 28.928781434786913
v 26.593102494424105 19.827500563345147 16.29540253047575
v 27.244751344062028 20.867591932542727 17.91807708746701
v 27.941659555907574 21.56533276119296 19.64534292214901
v 28.405854733634524 22.206181319321463 21.779201713799146
v 28.656949804164093 22.67383766394302 24.08014109591412
v 28.730745755517205 23.093475995800937 26.339019897584976
v 28.713975151197804 23.495199892037938 28.41410253271265
v 28.692681617151038 23.986011053182718 30.215748135934952
v 27.680113218959928 22.575681430124927 30.54266626707217
v 28.775820095908006 25.00246550306808 31.449636384744554
v 27.055180035980158 23.664235515222334 18.938495141825502
v 28.071963744510875 24.524137317634768 20.722978206854805
v 28.696990263661583 24.839121163612308 22.450722048918735
v 29.01041745575225 25.364686521992628 24.711846039069734
v 29.082832004000682 25.840606416834525 27.04271144910895
v 29.037868916531096 26.20535618918429 29.24525582374864
v 29.03381191844764 26.490893118375723 31.168337101847364
v 29.293506736304717 27.077834487981224 32.86384562589074
v 27.114374386521035 25.76265110641624 19.698034810258473
v 28.2766127866226 26.67888636882734 21.44697259906386
v 28.978215734475473 27.200124490803788 23.171501176638742
v 29.34699158631232 27.835581603962254 25.39756135644412
v 29.420838289033608 28.32132403923448 27.68423684483862
v 29.32599575093264 28.593744707189465 29.871497172543183
v 29.313210823738604 28.638526750369223 31.805315284848398
v 29.290286004728415 28.374901930668607 33.20935232338111
v 29.299044741267505 27.694915455807916 34.09830484851373
v 29.808319571338146 27.942074314049368 34.25383039481546
v 27.287745462375216 26.85403999991327 20.210070413920043
v 28.347110871730294 27.639335064799862 21.896986626726942
v 29.244826985521136 29.027456766398725 24.14258648452208
v 29.585389211994 29.77167015170995 26.02910343102233
v 29.70253173614818 30.243911483396108 28.133828173440914
v 29.458281871328587 30.30228579735589 29.976184005986116
v 29.316488168068997 30.09249559813929 31.840219994488017
v 30.10234340856265 29.6800770633283 32.91890593312681
v 29.188756573174995 30.22196723090243 25.11332419804827
v 29.675554986460618 30.647925426666767 26.365433566302496
v 29.827242508884023 31.10340932769658 28.32087057847141
v 29.716095762412632 31.31304301664276 30.20537784744185
v 28.80339351384372 31.259388288908134 31.201182149158022
v 29.233267307520464 31.59167671107671 31.558422158460186
v 27.867241836711486 14.067974737285674 21.395770236901402
v 28.09958317373283 15.046761494530855 20.880320325427903
v 28.028160221287294 14.13942218334952 22.305545765616944
v 28.28548077232297 15.297012493335671 22.83005930834006
v 28.18527386127105 14.434392623550748 23.289353655259973
v 28.51677824195815 16.300653245753118 24.716305980205636
v 27.778966071007805 15.763508293130498 17.434926807760345
v 27.96059376219366 16.68711284555147 17.615100600707404
v 27.996165277647023 15.647417918917556 18.585786939003572
v 28.21849470451247 16.854108647074938 19.02548550216702
v 28.487697420615504 17.08052952465435 21.223180792127643
v 29.250386488844313 18.049101300419714 23.781384121760663
v 29.563915173880225 18.71302501969605 25.50422810684081
v 28.68481695589331 17.098938570201707 25.893117751670463
v 29.54049192011004 19.37904945796306 26.795028351781703
v 28.16848195942666 18.62338571912956 17.976626041145376
v 28.515770071271486 19.10771233639697 19.4584071025548
v 29.436419033981544 20.13078502713007 22.094265766684718
v 29.985659952800837 20.630451744086123 24.108742872463264
v 30.14391553787829 20.81443830287641 25.805886706558848
v 30.121382080205606 21.306784594077456 27.447726608124153
v 29.162587820833192 19.967747270211206 27.966047351647518
v 30.18996204091593 22.244154811703527 28.49138894708294
v 28.3302602054524 19.98193810932618 18.39336408296936
v 28.905078504853023 21.650989379171165 20.435609310005987
v 29.945255327603732 22.731131758852055 22.612176779186044
v 30.442136650471472 23.01910656923354 24.32618509372694
v 30.603218766122378 23.395580037550843 26.330314552156523
v 30.54945976683211 23.829425432411806 28.19500229526252
v 30.468202325703675 24.442672254082584 29.63892934763212
v 29.81528407143068 24.987963633057667 21.61107297043717
v 30.43420927907898 25.447193832980016 23.035852328825204
v 30.861718752062476 25.64768925880191 24.88429079473659
v 30.992214577325473 26.068806544437553 26.970549252597934
v 30.877811772595052 26.43559290048942 29.036036781422983
v 30.658717852605836 26.846093135397258 31.004738201157814
v 29.83208256678248 25.746345986272026 31.668465537744
v 30.419382736708386 27.784272961012288 32.95442233774199
v 29.741707612744637 26.676806488598217 21.976438909014952
v 30.680850168040585 27.420898190573915 23.50064357220991
v 31.213648348198586 28.068167549016902 25.5002318909501
v 31.29694608800755 28.492537598772934 27.573210227104482
v 31.140565424116286 28.708784868987653 29.685573894633382
v 30.963809190094306 28.86765270147729 31.682356004048437
v 30.72639357359922 28.698781867123515 33.178465506204475
v 30.09776260883169 27.878358145209596 34.221326148069245
v 30.33761727571873 28.190067534038775 34.50176833769317
v 29.635653193482593 27.968066726046807 22.576346532926596
v 30.622862491356926 29.233139543390003 24.56032331856645
v 31.31957080579588 29.908275892911398 26.176150897990276
v 31.302281313262178 30.210851444048178 27.892359525617692
v 31.15965760945815 30.212905239248617 29.7963428890802
v 31.12049866985136 29.723475883321388 31.916093818244132
v 31.487313453437224 29.877599964196804 32.88456037751403
v 30.42312254743228 30.490127025935706 25.44062883332641
v 31.179724943230077 31.01519069958426 26.98166110135811
v 31.496229191148 31.238297678923875 28.262925661984397
v 30.97748167475779 31.581323416778286 29.66282616337218
v 30.486908826057224 19.439435992982236 24.69710926593877
v 31.331433303570694 21.180977701607706 24.573445272471563
v 30.640317170694473 19.651439051664333 25.568100085571125
v 31.654412770718896 21.662809059533064 25.999514688977555
v 30.815799435712727 20.085806886936 26.418471928879054
v 31.646792269715593 22.340222542785988 27.195385678928975
v 30.7081523231749 21.491477810102865 23.144808736431333
v 31.03815895716599 22.77777418150209 23.353699327993553
v 31.91952400223434 23.497682083256027 24.906373557677558
v 32.19145641784108 23.742114675434387 26.29103304398668
v 31.93843451583333 23.892274910379758 27.70858521780374
v 31.169280568346394 22.947558335315016 28.447445433178434
v 31.438631613540785 25.030908201972192 29.393004301090176
v 31.92830180604039 25.872598670886585 23.574213953382714
v 32.524751697219266 26.21208008704249 25.262589955696015
v 32.597722606453445 26.22798631631237 26.87292113499825
v 32.29200203186382 26.354852429111332 28.504617831898727
v 31.535953920467495 27.691552642116143 31.18242494467464
v 30.93158559568209 26.183412281670147 22.142518707390078
v 31.18170011805799 26.423446338381993 22.361889287721297
v 32.491166521560054 27.895840693036305 24.358971192719526
v 32.87165154522336 28.215722748754537 25.615848937892824
v 32.93681276493501 28.525016371723332 27.47080884487912
v 32.60211926523381 28.619336842030727 29.237669160796948
v 31.67943381656622 29.07051000789261 31.92697487489202
v 31.375170091159873 28.357386625312877 32.50613291970485
v 31.725573584804266 29.57871507549333 32.87384010168581
v 32.565900393070834 28.891566402774863 24.761561449293367
v 32.87442231464999 29.669132032998558 26.205853321762792
v 32.935032318630086 30.007299801030346 27.716671275613894
v 32.87911395593228 29.788328639979714 29.782557386015128
v 31.85155032396525 29.884320836504656 32.48353886043159
v 32.00733286020773 30.200095575255897 33.09219210489027
v 32.4109703393171 31.09571499813861 27.26256169236752
v 32.753432839350864 31.43634650573387 27.769606126727204
v 32.569172819167086 22.376396678480596 25.204125874406305
v 32.84462141527246 23.534758417762625 25.388353927370684
v 32.657823255983104 22.520278311410994 25.961646734471028
v 32.930801927415075 23.953167571634594 26.39711153954741
v 32.75899941414474 22.879095191690414 26.671884124594737
v 33.15845484017702 24.782712267915688 27.16892522291779
v 33.30401414008199 26.123947625761442 25.368474203607494
v 33.34978501909263 26.38492514893685 26.96194397526725
v 33.58255854297541 27.295215052452264 27.85518664610337
v 33.25765972192128 27.11836984203551 24.381125584213027
v 33.44024527531072 27.909353929545045 24.65520947828923
v 33.6654680574807 28.25521425544653 25.908660135812593
v 33.72353693719152 28.60644956894314 27.608186849573478
v 33.95851500465029 29.32820268228097 28.512748566425966
v 33.67314370839002 28.93334207419636 25.100482517203613
v 33.908906265107476 29.392291435511414 26.587792437570712
v 33.95703468132587 29.743527946477563 28.260126759645523
v 34.18383170767317 30.11715954758484 28.93906314984688
t 0 1 3 4
t 1 2 3 6
t 1 4 5 6
t 1 3 4 6
t 0 1 3 5
t 3 6 5 7
t 0 5 4 6
t 0 6 3 2
t 0 3 5 6
t 2 3 9 6
t 3 8 9 10
t 3 6 7 10
t 3 9 6 10
t 2 3 9 7
t 9 10 7 11
t 2 7 6 10
t 2 10 9 8
t 2 9 7 10
t 6 7 11 12
t 7 10 11 14
t 7 12 13 14
t 7 11 12 14
t 6 7 11 13
t 11 14 13 15
t 6 13 12 14
t 6 14 11 10
t 6 11 13 14
t 12 13 15 16
t 13 14 15 18
t 13 16 17 18
t 13 15 16 18
t 12 13 15 17
t 15 18 17 19
t 12 17 16 18
t 12 18 15 14
t 12 15 17 18
t 8 9 21 10
t 9 20 21 22
t 9 10 11 22
t 9 21 10 22
t 8 9 21 11
t 21 22 11 23
t 8 11 10 22
t 8 22 21 20
t 8 21 11 22
t 10 11 23 14
t 11 22 23 24
t 11 14 15 24
t 11 23 14 24
t 10 11 23 15
t 23 24 15 25
t 10 15 14 24
t 10 24 23 22
t 10 23 15 24
t 14 15 25 18
t 15 24 25 26
t 15 18 19 26
t 15 25 18 26
t 14 15 25 19
t 25 26 19 27
t 14 19 18 26
t 14 26 25 24
t 14 25 19 26
t 18 19 27 28
t 19 26 27 30
t 19 28 29 30
t 19 27 28 30
t 18 19 27 29
t 27 30 29 31
t 18 29 28 30
t 18 30 27 26
t 18 27 29 30
t 20 21 33 22
t 21 32 33 34
t 21 22 23 34
t 21 33 22 34
t 20 21 33 23
t 33 34 23 35
t 20 23 22 34
t 20 34 33 32
t 20 33 23 34
t 22 23 35 24
t 23 34 35 36
t 23 24 25 36
t 23 35 24 36
t 22 23 35 25
t 35 36 25 37
t 22 25 24 36
t 22 36 35 34
t 22 35 25 36
t 24 25 37 26
t 25 36 37 38
t 25 26 27 38
t 25 37 26 38
t 24 25 37 27
t 37 38 27 39
t 24 27 26 38
t 24 38 37 36
t 24 37 27 38
t 26 27 39 30
t 27 38 39 40
t 27 30 31 40
t 27 39 30 40
t 26 27 39 31
t 39 40 31 41
t 26 31 30 40
t 26 40 39 38
t 26 39 31 40
t 30 31 41 42
t 31 40 41 44
t 31 42 43 44
t 31 41 42 44
t 30 31 41 43
t 41 44 43 45
t 30 43 42 44
t 30 44 41 40
t 30 41 43 44
t 32 33 47 34
t 33 46 47 48
t 33 34 35 48
t 33 47 34 48
t 32 33 47 35
t 47 48 35 49
t 32 35 34 48
t 32 48 47 46
t 32 47 35 48
t 34 35 49 36
t 35 48 49 50
t 35 36 37 50
t 35 49 36 50
t 34 35 49 37
t 49 50 37 51
t 34 37 36 50
t 34 50 49 48
t 34 49 37 50
t 36 37 51 38
t 37 50 51 52
t 37 38 39 52
t 37 51 38 52
t 36 37 51 39
t 51 52 39 53
t 36 39 38 52
t 36 52 51 50
t 36 51 39 52
t 38 39 53 40
t 39 52 53 54
t 39 40 41 54
t 39 53 40 54
t 38 39 53 41
t 53 54 41 55
t 38 41 40 54
t 38 54 53 52
t 38 53 41 54
t 40 41 55 44
t 41 54 55 56
t 41 44 45 56
t 41 55 44 56
t 40 41 55 45
t 55 56 45 57
t 40 45 44 56
t 40 56 55 54
t 40 55 45 56
t 48 49 59 50
t 49 58 59 60
t 49 50 51 60
t 49 59 50 60
t 48 49 59 51
t 59 60 51 61
t 48 51 50 60
t 48 60 59 58
t 48 59 51 60
t 50 51 61 52
t 51 60 61 62
t 51 52 53 62
t 51 61 52 62
t 50 51 61 53
t 61 62 53 63
t 50 53 52 62
t 50 62 61 60
t 50 61 53 62
t 52 53 63 54
t 53 62 63 64
t 53 54 55 64
t 53 63 54 64
t 52 53 63 55
t 63 64 55 65
t 52 55 54 64
t 52 64 63 62
t 52 63 55 64
t 66 67 68 69
t 67 5 68 71
t 67 69 70 71
t 67 68 69 71
t 66 67 68 70
t 68 71 70 72
t 66 70 69 71
t 66 71 68 5
t 66 68 70 71
t 73 74 76 1
t 74 75 76 3
t 74 1 77 3
t 74 76 1 3
t 73 74 76 77
t 76 3 77 78
t 73 77 1 3
t 73 3 76 75
t 73 76 77 3
t 1 77 78 5
t 77 3 78 7
t 77 5 68 7
t 77 78 5 7
t 1 77 78 68
t 78 7 68 79
t 1 68 5 7
t 1 7 78 3
t 1 78 68 7
t 5 68 79 71
t 68 7 79 13
t 68 71 72 13
t 68 79 71 13
t 5 68 79 72
t 79 13 72 80
t 5 72 71 13
t 5 13 79 7
t 5 79 72 13
t 71 72 80 81
t 72 13 80 17
t 72 81 82 17
t 72 80 81 17
t 71 72 80 82
t 80 17 82 83
t 71 82 81 17
t 71 17 80 13
t 71 80 82 17
t 81 82 83 84
t 82 17 83 86
t 82 84 85 86
t 82 83 84 86
t 81 82 83 85
t 83 86 85 87
t 81 85 84 86
t 81 86 83 17
t 81 83 85 86
t 75 76 89 3
t 76 88 89 9
t 76 3 78 9
t 76 89 3 9
t 75 76 89 78
t 89 9 78 90
t 75 78 3 9
t 75 9 89 88
t 75 89 78 9
t 3 78 90 7
t 78 9 90 11
t 78 7 79 11
t 78 90 7 11
t 3 78 90 79
t 90 11 79 91
t 3 79 7 11
t 3 11 90 9
t 3 90 79 11
t 7 79 91 13
t 79 11 91 15
t 79 13 80 15
t 79 91 13 15
t 7 79 91 80
t 91 15 80 92
t 7 80 13 15
t 7 15 91 11
t 7 91 80 15
t 13 80 92 17
t 80 15 92 19
t 80 17 83 19
t 80 92 17 19
t 13 80 92 83
t 92 19 83 93
t 13 83 17 19
t 13 19 92 15
t 13 92 83 19
t 17 83 93 86
t 83 19 93 29
t 83 86 87 29
t 83 93 86 29
t 17 83 93 87
t 93 29 87 94
t 17 87 86 29
t 17 29 93 19
t 17 93 87 29
t 86 87 94 95
t 87 29 94 97
t 87 95 96 97
t 87 94 95 97
t 86 87 94 96
t 94 97 96 98
t 86 96 95 97
t 86 97 94 29
t 86 94 96 97
t 88 89 100 9
t 89 99 100 21
t 89 9 90 21
t 89 100 9 21
t 88 89 100 90
t 100 21 90 101
t 88 90 9 21
t 88 21 100 99
t 88 100 90 21
t 9 90 101 11
t 90 21 101 23
t 90 11 91 23
t 90 101 11 23
t 9 90 101 91
t 101 23 91 102
t 9 91 11 23
t 9 23 101 21
t 9 101 91 23
t 11 91 102 15
t 91 23 102 25
t 91 15 92 25
t 91 102 15 25
t 11 91 102 92
t 102 25 92 103
t 11 92 15 25
t 11 25 102 23
t 11 102 92 25
t 15 92 103 19
t 92 25 103 27
t 92 19 93 27
t 92 103 19 27
t 15 92 103 93
t 103 27 93 104
t 15 93 19 27
t 15 27 103 25
t 15 103 93 27
t 19 93 104 29
t 93 27 104 31
t 93 29 94 31
t 93 104 29 31
t 19 93 104 94
t 104 31 94 105
t 19 94 29 31
t 19 31 104 27
t 19 104 94 31
t 29 94 105 97
t 94 31 105 43
t 94 97 98 43
t 94 105 97 43
t 29 94 105 98
t 105 43 98 106
t 29 98 97 43
t 29 43 105 31
t 29 105 98 43
t 97 98 106 107
t 98 43 106 109
t 98 107 108 109
t 98 106 107 109
t 97 98 106 108
t 106 109 108 110
t 97 108 107 109
t 97 109 106 43
t 97 106 108 109
t 99 100 112 21
t 100 111 112 33
t 100 21 101 33
t 100 112 21 33
t 99 100 112 101
t 112 33 101 113
t 99 101 21 33
t 99 33 112 111
t 99 112 101 33
t 21 101 113 23
t 101 33 113 35
t 101 23 102 35
t 101 113 23 35
t 21 101 113 102
t 113 35 102 114
t 21 102 23 35
t 21 35 113 33
t 21 113 102 35
t 23 102 114 25
t 102 35 114 37
t 102 25 103 37
t 102 114 25 37
t 23 102 114 103
t 114 37 103 115
t 23 103 25 37
t 23 37 114 35
t 23 114 103 37
t 25 103 115 27
t 103 37 115 39
t 103 27 104 39
t 103 115 27 39
t 25 103 115 104
t 115 39 104 116
t 25 104 27 39
t 25 39 115 37
t 25 115 104 39
t 27 104 116 31
t 104 39 116 41
t 104 31 105 41
t 104 116 31 41
t 27 104 116 105
t 116 41 105 117
t 27 105 31 41
t 27 41 116 39
t 27 116 105 41
t 31 105 117 43
t 105 41 117 45
t 105 43 106 45
t 105 117 43 45
t 31 105 117 106
t 117 45 106 118
t 31 106 43 45
t 31 45 117 41
t 31 117 106 45
t 43 106 118 109
t 106 45 118 119
t 106 109 110 119
t 106 118 109 119
t 43 106 118 110
t 118 119 110 120
t 43 110 109 119
t 43 119 118 45
t 43 118 110 119
t 111 112 122 33
t 112 121 122 47
t 112 33 113 47
t 112 122 33 47
t 111 112 122 113
t 122 47 113 123
t 111 113 33 47
t 111 47 122 121
t 111 122 113 47
t 33 113 123 35
t 113 47 123 49
t 113 35 114 49
t 113 123 35 49
t 33 113 123 114
t 123 49 114 124
t 33 114 35 49
t 33 49 123 47
t 33 123 114 49
t 35 114 124 37
t 114 49 124 51
t 114 37 115 51
t 114 124 37 51
t 35 114 124 115
t 124 51 115 125
t 35 115 37 51
t 35 51 124 49
t 35 124 115 51
t 37 115 125 39
t 115 51 125 53
t 115 39 116 53
t 115 125 39 53
t 37 115 125 116
t 125 53 116 126
t 37 116 39 53
t 37 53 125 51
t 37 125 116 53
t 39 116 126 41
t 116 53 126 55
t 116 41 117 55
t 116 126 41 55
t 39 116 126 117
t 126 55 117 127
t 39 117 41 55
t 39 55 126 53
t 39 126 117 55
t 41 117 127 45
t 117 55 127 57
t 117 45 118 57
t 117 127 45 57
t 41 117 127 118
t 127 57 118 128
t 41 118 45 57
t 41 57 127 55
t 41 127 118 57
t 45 118 128 119
t 118 57 128 129
t 118 119 120 129
t 118 128 119 129
t 45 118 128 120
t 128 129 120 130
t 45 120 119 129
t 45 129 128 57
t 45 128 120 129
t 49 124 131 51
t 124 59 131 61
t 124 51 125 61
t 124 131 51 61
t 49 124 131 125
t 131 61 125 132
t 49 125 51 61
t 49 61 131 59
t 49 131 125 61
t 51 125 132 53
t 125 61 132 63
t 125 53 126 63
t 125 132 53 63
t 51 125 132 126
t 132 63 126 133
t 51 126 53 63
t 51 63 132 61
t 51 132 126 63
t 53 126 133 55
t 126 63 133 65
t 126 55 127 65
t 126 133 55 65
t 53 126 133 127
t 133 65 127 134
t 53 127 55 65
t 53 65 133 63
t 53 133 127 65
t 135 136 138 139
t 136 137 138 67
t 136 139 140 67
t 136 138 139 67
t 135 136 138 140
t 138 67 140 141
t 135 140 139 67
t 135 67 138 137
t 135 138 140 67
t 139 140 141 142
t 140 67 141 70
t 140 142 143 70
t 140 141 142 70
t 139 140 141 143
t 141 70 143 144
t 139 143 142 70
t 139 70 141 67
t 139 141 143 70
t 145 146 148 149
t 146 147 148 74
t 146 149 150 74
t 146 148 149 74
t 145 146 148 150
t 148 74 150 151
t 145 150 149 74
t 145 74 148 147
t 145 148 150 74
t 149 150 151 137
t 150 74 151 77
t 150 137 138 77
t 150 151 137 77
t 149 150 151 138
t 151 77 138 152
t 149 138 137 77
t 149 77 151 74
t 149 151 138 77
t 137 138 152 67
t 138 77 152 68
t 138 67 141 68
t 138 152 67 68
t 137 138 152 141
t 152 68 141 153
t 137 141 67 68
t 137 68 152 77
t 137 152 141 68
t 67 141 153 70
t 141 68 153 72
t 141 70 144 72
t 141 153 70 72
t 67 141 153 144
t 153 72 144 154
t 67 144 70 72
t 67 72 153 68
t 67 153 144 72
t 70 144 154 155
t 144 72 154 82
t 144 155 156 82
t 144 154 155 82
t 70 144 154 156
t 154 82 156 157
t 70 156 155 82
t 70 82 154 72
t 70 154 156 82
t 147 148 159 74
t 148 158 159 76
t 148 74 151 76
t 148 159 74 76
t 147 148 159 151
t 159 76 151 160
t 147 151 74 76
t 147 76 159 158
t 147 159 151 76
t 74 151 160 77
t 151 76 160 78
t 151 77 152 78
t 151 160 77 78
t 74 151 160 152
t 160 78 152 161
t 74 152 77 78
t 74 78 160 76
t 74 160 152 78
t 77 152 161 68
t 152 78 161 79
t 152 68 153 79
t 152 161 68 79
t 77 152 161 153
t 161 79 153 162
t 77 153 68 79
t 77 79 161 78
t 77 161 153 79
t 68 153 162 72
t 153 79 162 80
t 153 72 154 80
t 153 162 72 80
t 68 153 162 154
t 162 80 154 163
t 68 154 72 80
t 68 80 162 79
t 68 162 154 80
t 72 154 163 82
t 154 80 163 83
t 154 82 157 83
t 154 163 82 83
t 72 154 163 157
t 163 83 157 164
t 72 157 82 83
t 72 83 163 80
t 72 163 157 83
t 82 157 164 85
t 157 83 164 87
t 157 85 165 87
t 157 164 85 87
t 82 157 164 165
t 164 87 165 166
t 82 165 85 87
t 82 87 164 83
t 82 164 165 87
t 85 165 166 167
t 165 87 166 96
t 165 167 168 96
t 165 166 167 96
t 85 165 166 168
t 166 96 168 169
t 85 168 167 96
t 85 96 166 87
t 85 166 168 96
t 158 159 171 76
t 159 170 171 89
t 159 76 160 89
t 159 171 76 89
t 158 159 171 160
t 171 89 160 172
t 158 160 76 89
t 158 89 171 170
t 158 171 160 89
t 76 160 172 78
t 160 89 172 90
t 160 78 161 90
t 160 172 78 90
t 76 160 172 161
t 172 90 161 173
t 76 161 78 90
t 76 90 172 89
t 76 172 161 90
t 78 161 173 79
t 161 90 173 91
t 161 79 162 91
t 161 173 79 91
t 78 161 173 162
t 173 91 162 174
t 78 162 79 91
t 78 91 173 90
t 78 173 162 91
t 79 162 174 80
t 162 91 174 92
t 162 80 163 92
t 162 174 80 92
t 79 162 174 163
t 174 92 163 175
t 79 163 80 92
t 79 92 174 91
t 79 174 163 92
t 80 163 175 83
t 163 92 175 93
t 163 83 164 93
t 163 175 83 93
t 80 163 175 164
t 175 93 164 176
t 80 164 83 93
t 80 93 175 92
t 80 175 164 93
t 83 164 176 87
t 164 93 176 94
t 164 87 166 94
t 164 176 87 94
t 83 164 176 166
t 176 94 166 177
t 83 166 87 94
t 83 94 176 93
t 83 176 166 94
t 87 166 177 96
t 166 94 177 98
t 166 96 169 98
t 166 177 96 98
t 87 166 177 169
t 177 98 169 178
t 87 169 96 98
t 87 98 177 94
t 87 177 169 98
t 96 169 178 179
t 169 98 178 108
t 169 179 180 108
t 169 178 179 108
t 96 169 178 180
t 178 108 180 181
t 96 180 179 108
t 96 108 178 98
t 96 178 180 108
t 170 171 183 89
t 171 182 183 100
t 171 89 172 100
t 171 183 89 100
t 170 171 183 172
t 183 100 172 184
t 170 172 89 100
t 170 100 183 182
t 170 183 172 100
t 89 172 184 90
t 172 100 184 101
t 172 90 173 101
t 172 184 90 101
t 89 172 184 173
t 184 101 173 185
t 89 173 90 101
t 89 101 184 100
t 89 184 173 101
t 90 173 185 91
t 173 101 185 102
t 173 91 174 102
t 173 185 91 102
t 90 173 185 174
t 185 102 174 186
t 90 174 91 102
t 90 102 185 101
t 90 185 174 102
t 91 174 186 92
t 174 102 186 103
t 174 92 175 103
t 174 186 92 103
t 91 174 186 175
t 186 103 175 187
t 91 175 92 103
t 91 103 186 102
t 91 186 175 103
t 92 175 187 93
t 175 103 187 104
t 175 93 176 104
t 175 187 93 104
t 92 175 187 176
t 187 104 176 188
t 92 176 93 104
t 92 104 187 103
t 92 187 176 104
t 93 176 188 94
t 176 104 188 105
t 176 94 177 105
t 176 188 94 105
t 93 176 188 177
t 188 105 177 189
t 93 177 94 105
t 93 105 188 104
t 93 188 177 105
t 94 177 189 98
t 177 105 189 106
t 177 98 178 106
t 177 189 98 106
t 94 177 189 178
t 189 106 178 190
t 94 178 98 106
t 94 106 189 105
t 94 189 178 106
t 98 178 190 108
t 178 106 190 110
t 178 108 181 110
t 178 190 108 110
t 98 178 190 181
t 190 110 181 191
t 98 181 108 110
t 98 110 190 106
t 98 190 181 110
t 108 181 191 192
t 181 110 191 194
t 181 192 193 194
t 181 191 192 194
t 108 181 191 193
t 191 194 193 195
t 108 193 192 194
t 108 194 191 110
t 108 191 193 194
t 182 183 197 100
t 183 196 197 112
t 183 100 184 112
t 183 197 100 112
t 182 183 197 184
t 197 112 184 198
t 182 184 100 112
t 182 112 197 196
t 182 197 184 112
t 100 184 198 101
t 184 112 198 113
t 184 101 185 113
t 184 198 101 113
t 100 184 198 185
t 198 113 185 199
t 100 185 101 113
t 100 113 198 112
t 100 198 185 113
t 101 185 199 102
t 185 113 199 114
t 185 102 186 114
t 185 199 102 114
t 101 185 199 186
t 199 114 186 200
t 101 186 102 114
t 101 114 199 113
t 101 199 186 114
t 102 186 200 103
t 186 114 200 115
t 186 103 187 115
t 186 200 103 115
t 102 186 200 187
t 200 115 187 201
t 102 187 103 115
t 102 115 200 114
t 102 200 187 115
t 103 187 201 104
t 187 115 201 116
t 187 104 188 116
t 187 201 104 116
t 103 187 201 188
t 201 116 188 202
t 103 188 104 116
t 103 116 201 115
t 103 201 188 116
t 104 188 202 105
t 188 116 202 117
t 188 105 189 117
t 188 202 105 117
t 104 188 202 189
t 202 117 189 203
t 104 189 105 117
t 104 117 202 116
t 104 202 189 117
t 105 189 203 106
t 189 117 203 118
t 189 106 190 118
t 189 203 106 118
t 105 189 203 190
t 203 118 190 204
t 105 190 106 118
t 105 118 203 117
t 105 203 190 118
t 106 190 204 110
t 190 118 204 120
t 190 110 191 120
t 190 204 110 120
t 106 190 204 191
t 204 120 191 205
t 106 191 110 120
t 106 120 204 118
t 106 204 191 120
t 112 198 206 113
t 198 122 206 123
t 198 113 199 123
t 198 206 113 123
t 112 198 206 199
t 206 123 199 207
t 112 199 113 123
t 112 123 206 122
t 112 206 199 123
t 113 199 207 114
t 199 123 207 124
t 199 114 200 124
t 199 207 114 124
t 113 199 207 200
t 207 124 200 208
t 113 200 114 124
t 113 124 207 123
t 113 207 200 124
t 114 200 208 115
t 200 124 208 125
t 200 115 201 125
t 200 208 115 125
t 114 200 208 201
t 208 125 201 209
t 114 201 115 125
t 114 125 208 124
t 114 208 201 125
t 115 201 209 116
t 201 125 209 126
t 201 116 202 126
t 201 209 116 126
t 115 201 209 202
t 209 126 202 210
t 115 202 116 126
t 115 126 209 125
t 115 209 202 126
t 116 202 210 117
t 202 126 210 127
t 202 117 203 127
t 202 210 117 127
t 116 202 210 203
t 210 127 203 211
t 116 203 117 127
t 116 127 210 126
t 116 210 203 127
t 117 203 211 118
t 203 127 211 128
t 203 118 204 128
t 203 211 118 128
t 117 203 211 204
t 211 128 204 212
t 117 204 118 128
t 117 128 211 127
t 117 211 204 128
t 118 204 212 120
t 204 128 212 130
t 204 120 205 130
t 204 212 120 130
t 118 204 212 205
t 212 130 205 213
t 118 205 120 130
t 118 130 212 128
t 118 212 205 130
t 123 207 215 124
t 207 214 215 131
t 207 124 208 131
t 207 215 124 131
t 123 207 215 208
t 215 131 208 216
t 123 208 124 131
t 123 131 215 214
t 123 215 208 131
t 124 208 216 125
t 208 131 216 132
t 208 125 209 132
t 208 216 125 132
t 124 208 216 209
t 216 132 209 217
t 124 209 125 132
t 124 132 216 131
t 124 216 209 132
t 125 209 217 126
t 209 132 217 133
t 209 126 210 133
t 209 217 126 133
t 125 209 217 210
t 217 133 210 218
t 125 210 126 133
t 125 133 217 132
t 125 217 210 133
t 126 210 218 127
t 210 133 218 134
t 210 127 211 134
t 210 218 127 134
t 126 210 218 211
t 218 134 211 219
t 126 211 127 134
t 126 134 218 133
t 126 218 211 134
t 127 211 219 128
t 211 134 219 220
t 211 128 212 220
t 211 219 128 220
t 127 211 219 212
t 219 220 212 221
t 127 212 128 220
t 127 220 219 134
t 127 219 212 220
t 222 223 224 136
t 223 150 224 138
t 223 136 225 138
t 223 224 136 138
t 222 223 224 225
t 224 138 225 226
t 222 225 136 138
t 222 138 224 150
t 222 224 225 138
t 136 225 226 140
t 225 138 226 141
t 225 140 227 141
t 225 226 140 141
t 136 225 226 227
t 226 141 227 228
t 136 227 140 141
t 136 141 226 138
t 136 226 227 141
t 140 227 228 143
t 227 141 228 144
t 227 143 229 144
t 227 228 143 144
t 140 227 228 229
t 228 144 229 230
t 140 229 143 144
t 140 144 228 141
t 140 228 229 144
t 143 229 230 231
t 229 144 230 156
t 229 231 232 156
t 229 230 231 156
t 143 229 230 232
t 230 156 232 233
t 143 232 231 156
t 143 156 230 144
t 143 230 232 156
t 234 235 237 146
t 235 236 237 148
t 235 146 238 148
t 235 237 146 148
t 234 235 237 238
t 237 148 238 239
t 234 238 146 148
t 234 148 237 236
t 234 237 238 148
t 146 238 239 150
t 238 148 239 151
t 238 150 224 151
t 238 239 150 151
t 146 238 239 224
t 239 151 224 240
t 146 224 150 151
t 146 151 239 148
t 146 239 224 151
t 150 224 240 138
t 224 151 240 152
t 224 138 226 152
t 224 240 138 152
t 150 224 240 226
t 240 152 226 241
t 150 226 138 152
t 150 152 240 151
t 150 240 226 152
t 138 226 241 141
t 226 152 241 153
t 226 141 228 153
t 226 241 141 153
t 138 226 241 228
t 241 153 228 242
t 138 228 141 153
t 138 153 241 152
t 138 241 228 153
t 141 228 242 144
t 228 153 242 154
t 228 144 230 154
t 228 242 144 154
t 141 228 242 230
t 242 154 230 243
t 141 230 144 154
t 141 154 242 153
t 141 242 230 154
t 144 230 243 156
t 230 154 243 157
t 230 156 233 157
t 230 243 156 157
t 144 230 243 233
t 243 157 233 244
t 144 233 156 157
t 144 157 243 154
t 144 243 233 157
t 156 233 244 245
t 233 157 244 165
t 233 245 246 165
t 233 244 245 165
t 156 233 244 246
t 244 165 246 247
t 156 246 245 165
t 156 165 244 157
t 156 244 246 165
t 236 237 249 148
t 237 248 249 159
t 237 148 239 159
t 237 249 148 159
t 236 237 249 239
t 249 159 239 250
t 236 239 148 159
t 236 159 249 248
t 236 249 239 159
t 148 239 250 151
t 239 159 250 160
t 239 151 240 160
t 239 250 151 160
t 148 239 250 240
t 250 160 240 251
t 148 240 151 160
t 148 160 250 159
t 148 250 240 160
t 151 240 251 152
t 240 160 251 161
t 240 152 241 161
t 240 251 152 161
t 151 240 251 241
t 251 161 241 252
t 151 241 152 161
t 151 161 251 160
t 151 251 241 161
t 152 241 252 153
t 241 161 252 162
t 241 153 242 162
t 241 252 153 162
t 152 241 252 242
t 252 162 242 253
t 152 242 153 162
t 152 162 252 161
t 152 252 242 162
t 153 242 253 154
t 242 162 253 163
t 242 154 243 163
t 242 253 154 163
t 153 242 253 243
t 253 163 243 254
t 153 243 154 163
t 153 163 253 162
t 153 253 243 163
t 154 243 254 157
t 243 163 254 164
t 243 157 244 164
t 243 254 157 164
t 154 243 254 244
t 254 164 244 255
t 154 244 157 164
t 154 164 254 163
t 154 254 244 164
t 157 244 255 165
t 244 164 255 166
t 244 165 247 166
t 244 255 165 166
t 157 244 255 247
t 255 166 247 256
t 157 247 165 166
t 157 166 255 164
t 157 255 247 166
t 165 247 256 168
t 247 166 256 169
t 247 168 257 169
t 247 256 168 169
t 165 247 256 257
t 256 169 257 258
t 165 257 168 169
t 165 169 256 166
t 165 256 257 169
t 168 257 258 259
t 257 169 258 180
t 257 259 260 180
t 257 258 259 180
t 168 257 258 260
t 258 180 260 261
t 168 260 259 180
t 168 180 258 169
t 168 258 260 180
t 248 249 263 159
t 249 262 263 171
t 249 159 250 171
t 249 263 159 171
t 248 249 263 250
t 263 171 250 264
t 248 250 159 171
t 248 171 263 262
t 248 263 250 171
t 159 250 264 160
t 250 171 264 172
t 250 160 251 172
t 250 264 160 172
t 159 250 264 251
t 264 172 251 265
t 159 251 160 172
t 159 172 264 171
t 159 264 251 172
t 160 251 265 161
t 251 172 265 173
t 251 161 252 173
t 251 265 161 173
t 160 251 265 252
t 265 173 252 266
t 160 252 161 173
t 160 173 265 172
t 160 265 252 173
t 161 252 266 162
t 252 173 266 174
t 252 162 253 174
t 252 266 162 174
t 161 252 266 253
t 266 174 253 267
t 161 253 162 174
t 161 174 266 173
t 161 266 253 174
t 162 253 267 163
t 253 174 267 175
t 253 163 254 175
t 253 267 163 175
t 162 253 267 254
t 267 175 254 268
t 162 254 163 175
t 162 175 267 174
t 162 267 254 175
t 163 254 268 164
t 254 175 268 176
t 254 164 255 176
t 254 268 164 176
t 163 254 268 255
t 268 176 255 269
t 163 255 164 176
t 163 176 268 175
t 163 268 255 176
t 164 255 269 166
t 255 176 269 177
t 255 166 256 177
t 255 269 166 177
t 164 255 269 256
t 269 177 256 270
t 164 256 166 177
t 164 177 269 176
t 164 269 256 177
t 166 256 270 169
t 256 177 270 178
t 256 169 258 178
t 256 270 169 178
t 166 256 270 258
t 270 178 258 271
t 166 258 169 178
t 166 178 270 177
t 166 270 258 178
t 169 258 271 180
t 258 178 271 181
t 258 180 261 181
t 258 271 180 181
t 169 258 271 261
t 271 181 261 272
t 169 261 180 181
t 169 181 271 178
t 169 271 261 181
t 262 263 274 171
t 263 273 274 183
t 263 171 264 183
t 263 274 171 183
t 262 263 274 264
t 274 183 264 275
t 262 264 171 183
t 262 183 274 273
t 262 274 264 183
t 171 264 275 172
t 264 183 275 184
t 264 172 265 184
t 264 275 172 184
t 171 264 275 265
t 275 184 265 276
t 171 265 172 184
t 171 184 275 183
t 171 275 265 184
t 172 265 276 173
t 265 184 276 185
t 265 173 266 185
t 265 276 173 185
t 172 265 276 266
t 276 185 266 277
t 172 266 173 185
t 172 185 276 184
t 172 276 266 185
t 173 266 277 174
t 266 185 277 186
t 266 174 267 186
t 266 277 174 186
t 173 266 277 267
t 277 186 267 278
t 173 267 174 186
t 173 186 277 185
t 173 277 267 186
t 174 267 278 175
t 267 186 278 187
t 267 175 268 187
t 267 278 175 187
t 174 267 278 268
t 278 187 268 279
t 174 268 175 187
t 174 187 278 186
t 174 278 268 187
t 175 268 279 176
t 268 187 279 188
t 268 176 269 188
t 268 279 176 188
t 175 268 279 269
t 279 188 269 280
t 175 269 176 188
t 175 188 279 187
t 175 279 269 188
t 176 269 280 177
t 269 188 280 189
t 269 177 270 189
t 269 280 177 189
t 176 269 280 270
t 280 189 270 281
t 176 270 177 189
t 176 189 280 188
t 176 280 270 189
t 177 270 281 178
t 270 189 281 190
t 270 178 271 190
t 270 281 178 190
t 177 270 281 271
t 281 190 271 282
t 177 271 178 190
t 177 190 281 189
t 177 281 271 190
t 178 271 282 181
t 271 190 282 191
t 271 181 272 191
t 271 282 181 191
t 178 271 282 272
t 282 191 272 283
t 178 272 181 191
t 178 191 282 190
t 178 282 272 191
t 181 272 283 193
t 272 191 283 195
t 272 193 284 195
t 272 283 193 195
t 181 272 283 284
t 283 195 284 285
t 181 284 193 195
t 181 195 283 191
t 181 283 284 195
t 183 275 286 184
t 275 197 286 198
t 275 184 276 198
t 275 286 184 198
t 183 275 286 276
t 286 198 276 287
t 183 276 184 198
t 183 198 286 197
t 183 286 276 198
t 184 276 287 185
t 276 198 287 199
t 276 185 277 199
t 276 287 185 199
t 184 276 287 277
t 287 199 277 288
t 184 277 185 199
t 184 199 287 198
t 184 287 277 199
t 185 277 288 186
t 277 199 288 200
t 277 186 278 200
t 277 288 186 200
t 185 277 288 278
t 288 200 278 289
t 185 278 186 200
t 185 200 288 199
t 185 288 278 200
t 186 278 289 187
t 278 200 289 201
t 278 187 279 201
t 278 289 187 201
t 186 278 289 279
t 289 201 279 290
t 186 279 187 201
t 186 201 289 200
t 186 289 279 201
t 187 279 290 188
t 279 201 290 202
t 279 188 280 202
t 279 290 188 202
t 187 279 290 280
t 290 202 280 291
t 187 280 188 202
t 187 202 290 201
t 187 290 280 202
t 188 280 291 189
t 280 202 291 203
t 280 189 281 203
t 280 291 189 203
t 188 280 291 281
t 291 203 281 292
t 188 281 189 203
t 188 203 291 202
t 188 291 281 203
t 189 281 292 190
t 281 203 292 204
t 281 190 282 204
t 281 292 190 204
t 189 281 292 282
t 292 204 282 293
t 189 282 190 204
t 189 204 292 203
t 189 292 282 204
t 190 282 293 191
t 282 204 293 205
t 282 191 283 205
t 282 293 191 205
t 190 282 293 283
t 293 205 283 294
t 190 283 191 205
t 190 205 293 204
t 190 293 283 205
t 191 283 294 195
t 283 205 294 295
t 283 195 285 295
t 283 294 195 295
t 191 283 294 285
t 294 295 285 296
t 191 285 195 295
t 191 295 294 205
t 191 294 285 295
t 198 287 297 199
t 287 206 297 207
t 287 199 288 207
t 287 297 199 207
t 198 287 297 288
t 297 207 288 298
t 198 288 199 207
t 198 207 297 206
t 198 297 288 207
t 199 288 298 200
t 288 207 298 208
t 288 200 289 208
t 288 298 200 208
t 199 288 298 289
t 298 208 289 299
t 199 289 200 208
t 199 208 298 207
t 199 298 289 208
t 200 289 299 201
t 289 208 299 209
t 289 201 290 209
t 289 299 201 209
t 200 289 299 290
t 299 209 290 300
t 200 290 201 209
t 200 209 299 208
t 200 299 290 209
t 201 290 300 202
t 290 209 300 210
t 290 202 291 210
t 290 300 202 210
t 201 290 300 291
t 300 210 291 301
t 201 291 202 210
t 201 210 300 209
t 201 300 291 210
t 202 291 301 203
t 291 210 301 211
t 291 203 292 211
t 291 301 203 211
t 202 291 301 292
t 301 211 292 302
t 202 292 203 211
t 202 211 301 210
t 202 301 292 211
t 203 292 302 204
t 292 211 302 212
t 292 204 293 212
t 292 302 204 212
t 203 292 302 293
t 302 212 293 303
t 203 293 204 212
t 203 212 302 211
t 203 302 293 212
t 204 293 303 205
t 293 212 303 213
t 293 205 294 213
t 293 303 205 213
t 204 293 303 294
t 303 213 294 304
t 204 294 205 213
t 204 213 303 212
t 204 303 294 213
t 207 298 305 208
t 298 215 305 216
t 298 208 299 216
t 298 305 208 216
t 207 298 305 299
t 305 216 299 306
t 207 299 208 216
t 207 216 305 215
t 207 305 299 216
t 208 299 306 209
t 299 216 306 217
t 299 209 300 217
t 299 306 209 217
t 208 299 306 300
t 306 217 300 307
t 208 300 209 217
t 208 217 306 216
t 208 306 300 217
t 209 300 307 210
t 300 217 307 218
t 300 210 301 218
t 300 307 210 218
t 209 300 307 301
t 307 218 301 308
t 209 301 210 218
t 209 218 307 217
t 209 307 301 218
t 210 301 308 211
t 301 218 308 219
t 301 211 302 219
t 301 308 211 219
t 210 301 308 302
t 308 219 302 309
t 210 302 211 219
t 210 219 308 218
t 210 308 302 219
t 310 311 312 223
t 311 238 312 224
t 311 223 313 224
t 311 312 223 224
t 310 311 312 313
t 312 224 313 314
t 310 313 223 224
t 310 224 312 238
t 310 312 313 224
t 223 313 314 225
t 313 224 314 226
t 313 225 315 226
t 313 314 225 226
t 223 313 314 315
t 314 226 315 316
t 223 315 225 226
t 223 226 314 224
t 223 314 315 226
t 225 315 316 227
t 315 226 316 228
t 315 227 317 228
t 315 316 227 228
t 225 315 316 317
t 316 228 317 318
t 225 317 227 228
t 225 228 316 226
t 225 316 317 228
t 227 317 318 229
t 317 228 318 230
t 317 229 319 230
t 317 318 229 230
t 227 317 318 319
t 318 230 319 320
t 227 319 229 230
t 227 230 318 228
t 227 318 319 230
t 229 319 320 232
t 319 230 320 233
t 319 232 321 233
t 319 320 232 233
t 229 319 320 321
t 320 233 321 322
t 229 321 232 233
t 229 233 320 230
t 229 320 321 233
t 232 321 322 323
t 321 233 322 246
t 321 323 324 246
t 321 322 323 246
t 232 321 322 324
t 322 246 324 325
t 232 324 323 246
t 232 246 322 233
t 232 322 324 246
t 235 326 327 238
t 326 237 327 239
t 326 238 312 239
t 326 327 238 239
t 235 326 327 312
t 327 239 312 328
t 235 312 238 239
t 235 239 327 237
t 235 327 312 239
t 238 312 328 224
t 312 239 328 240
t 312 224 314 240
t 312 328 224 240
t 238 312 328 314
t 328 240 314 329
t 238 314 224 240
t 238 240 328 239
t 238 328 314 240
t 224 314 329 226
t 314 240 329 241
t 314 226 316 241
t 314 329 226 241
t 224 314 329 316
t 329 241 316 330
t 224 316 226 241
t 224 241 329 240
t 224 329 316 241
t 226 316 330 228
t 316 241 330 242
t 316 228 318 242
t 316 330 228 242
t 226 316 330 318
t 330 242 318 331
t 226 318 228 242
t 226 242 330 241
t 226 330 318 242
t 228 318 331 230
t 318 242 331 243
t 318 230 320 243
t 318 331 230 243
t 228 318 331 320
t 331 243 320 332
t 228 320 230 243
t 228 243 331 242
t 228 331 320 243
t 230 320 332 233
t 320 243 332 244
t 320 233 322 244
t 320 332 233 244
t 230 320 332 322
t 332 244 322 333
t 230 322 233 244
t 230 244 332 243
t 230 332 322 244
t 233 322 333 246
t 322 244 333 247
t 322 246 325 247
t 322 333 246 247
t 233 322 333 325
t 333 247 325 334
t 233 325 246 247
t 233 247 333 244
t 233 333 325 247
t 246 325 334 335
t 325 247 334 257
t 325 335 336 257
t 325 334 335 257
t 246 325 334 336
t 334 257 336 337
t 246 336 335 257
t 246 257 334 247
t 246 334 336 257
t 237 327 338 239
t 327 249 338 250
t 327 239 328 250
t 327 338 239 250
t 237 327 338 328
t 338 250 328 339
t 237 328 239 250
t 237 250 338 249
t 237 338 328 250
t 239 328 339 240
t 328 250 339 251
t 328 240 329 251
t 328 339 240 251
t 239 328 339 329
t 339 251 329 340
t 239 329 240 251
t 239 251 339 250
t 239 339 329 251
t 240 329 340 241
t 329 251 340 252
t 329 241 330 252
t 329 340 241 252
t 240 329 340 330
t 340 252 330 341
t 240 330 241 252
t 240 252 340 251
t 240 340 330 252
t 241 330 341 242
t 330 252 341 253
t 330 242 331 253
t 330 341 242 253
t 241 330 341 331
t 341 253 331 342
t 241 331 242 253
t 241 253 341 252
t 241 341 331 253
t 242 331 342 243
t 331 253 342 254
t 331 243 332 254
t 331 342 243 254
t 242 331 342 332
t 342 254 332 343
t 242 332 243 254
t 242 254 342 253
t 242 342 332 254
t 243 332 343 244
t 332 254 343 255
t 332 244 333 255
t 332 343 244 255
t 243 332 343 333
t 343 255 333 344
t 243 333 244 255
t 243 255 343 254
t 243 343 333 255
t 244 333 344 247
t 333 255 344 256
t 333 247 334 256
t 333 344 247 256
t 244 333 344 334
t 344 256 334 345
t 244 334 247 256
t 244 256 344 255
t 244 344 334 256
t 247 334 345 257
t 334 256 345 258
t 334 257 337 258
t 334 345 257 258
t 247 334 345 337
t 345 258 337 346
t 247 337 257 258
t 247 258 345 256
t 247 345 337 258
t 249 338 347 250
t 338 263 347 264
t 338 250 339 264
t 338 347 250 264
t 249 338 347 339
t 347 264 339 348
t 249 339 250 264
t 249 264 347 263
t 249 347 339 264
t 250 339 348 251
t 339 264 348 265
t 339 251 340 265
t 339 348 251 265
t 250 339 348 340
t 348 265 340 349
t 250 340 251 265
t 250 265 348 264
t 250 348 340 265
t 251 340 349 252
t 340 265 349 266
t 340 252 341 266
t 340 349 252 266
t 251 340 349 341
t 349 266 341 350
t 251 341 252 266
t 251 266 349 265
t 251 349 341 266
t 252 341 350 253
t 341 266 350 267
t 341 253 342 267
t 341 350 253 267
t 252 341 350 342
t 350 267 342 351
t 252 342 253 267
t 252 267 350 266
t 252 350 342 267
t 253 342 351 254
t 342 267 351 268
t 342 254 343 268
t 342 351 254 268
t 253 342 351 343
t 351 268 343 352
t 253 343 254 268
t 253 268 351 267
t 253 351 343 268
t 254 343 352 255
t 343 268 352 269
t 343 255 344 269
t 343 352 255 269
t 254 343 352 344
t 352 269 344 353
t 254 344 255 269
t 254 269 352 268
t 254 352 344 269
t 255 344 353 256
t 344 269 353 270
t 344 256 345 270
t 344 353 256 270
t 255 344 353 345
t 353 270 345 354
t 255 345 256 270
t 255 270 353 269
t 255 353 345 270
t 256 345 354 258
t 345 270 354 271
t 345 258 346 271
t 345 354 258 271
t 256 345 354 346
t 354 271 346 355
t 256 346 258 271
t 256 271 354 270
t 256 354 346 271
t 258 346 355 261
t 346 271 355 272
t 346 261 356 272
t 346 355 261 272
t 258 346 355 356
t 355 272 356 357
t 258 356 261 272
t 258 272 355 271
t 258 355 356 272
t 263 347 358 264
t 347 274 358 275
t 347 264 348 275
t 347 358 264 275
t 263 347 358 348
t 358 275 348 359
t 263 348 264 275
t 263 275 358 274
t 263 358 348 275
t 264 348 359 265
t 348 275 359 276
t 348 265 349 276
t 348 359 265 276
t 264 348 359 349
t 359 276 349 360
t 264 349 265 276
t 264 276 359 275
t 264 359 349 276
t 265 349 360 266
t 349 276 360 277
t 349 266 350 277
t 349 360 266 277
t 265 349 360 350
t 360 277 350 361
t 265 350 266 277
t 265 277 360 276
t 265 360 350 277
t 266 350 361 267
t 350 277 361 278
t 350 267 351 278
t 350 361 267 278
t 266 350 361 351
t 361 278 351 362
t 266 351 267 278
t 266 278 361 277
t 266 361 351 278
t 267 351 362 268
t 351 278 362 279
t 351 268 352 279
t 351 362 268 279
t 267 351 362 352
t 362 279 352 363
t 267 352 268 279
t 267 279 362 278
t 267 362 352 279
t 268 352 363 269
t 352 279 363 280
t 352 269 353 280
t 352 363 269 280
t 268 352 363 353
t 363 280 353 364
t 268 353 269 280
t 268 280 363 279
t 268 363 353 280
t 269 353 364 270
t 353 280 364 281
t 353 270 354 281
t 353 364 270 281
t 269 353 364 354
t 364 281 354 365
t 269 354 270 281
t 269 281 364 280
t 269 364 354 281
t 270 354 365 271
t 354 281 365 282
t 354 271 355 282
t 354 365 271 282
t 270 354 365 355
t 365 282 355 366
t 270 355 271 282
t 270 282 365 281
t 270 365 355 282
t 271 355 366 272
t 355 282 366 283
t 355 272 357 283
t 355 366 272 283
t 271 355 366 357
t 366 283 357 367
t 271 357 272 283
t 271 283 366 282
t 271 366 357 283
t 275 359 368 276
t 359 286 368 287
t 359 276 360 287
t 359 368 276 287
t 275 359 368 360
t 368 287 360 369
t 275 360 276 287
t 275 287 368 286
t 275 368 360 287
t 276 360 369 277
t 360 287 369 288
t 360 277 361 288
t 360 369 277 288
t 276 360 369 361
t 369 288 361 370
t 276 361 277 288
t 276 288 369 287
t 276 369 361 288
t 277 361 370 278
t 361 288 370 289
t 361 278 362 289
t 361 370 278 289
t 277 361 370 362
t 370 289 362 371
t 277 362 278 289
t 277 289 370 288
t 277 370 362 289
t 278 362 371 279
t 362 289 371 290
t 362 279 363 290
t 362 371 279 290
t 278 362 371 363
t 371 290 363 372
t 278 363 279 290
t 278 290 371 289
t 278 371 363 290
t 279 363 372 280
t 363 290 372 291
t 363 280 364 291
t 363 372 280 291
t 279 363 372 364
t 372 291 364 373
t 279 364 280 291
t 279 291 372 290
t 279 372 364 291
t 280 364 373 281
t 364 291 373 292
t 364 281 365 292
t 364 373 281 292
t 280 364 373 365
t 373 292 365 374
t 280 365 281 292
t 280 292 373 291
t 280 373 365 292
t 281 365 374 282
t 365 292 374 293
t 365 282 366 293
t 365 374 282 293
t 281 365 374 366
t 374 293 366 375
t 281 366 282 293
t 281 293 374 292
t 281 374 366 293
t 282 366 375 283
t 366 293 375 294
t 366 283 367 294
t 366 375 283 294
t 282 366 375 367
t 375 294 367 376
t 282 367 283 294
t 282 294 375 293
t 282 375 367 294
t 286 368 378 287
t 368 377 378 297
t 368 287 369 297
t 368 378 287 297
t 286 368 378 369
t 378 297 369 379
t 286 369 287 297
t 286 297 378 377
t 286 378 369 297
t 287 369 379 288
t 369 297 379 298
t 369 288 370 298
t 369 379 288 298
t 287 369 379 370
t 379 298 370 380
t 287 370 288 298
t 287 298 379 297
t 287 379 370 298
t 288 370 380 289
t 370 298 380 299
t 370 289 371 299
t 370 380 289 299
t 288 370 380 371
t 380 299 371 381
t 288 371 289 299
t 288 299 380 298
t 288 380 371 299
t 289 371 381 290
t 371 299 381 300
t 371 290 372 300
t 371 381 290 300
t 289 371 381 372
t 381 300 372 382
t 289 372 290 300
t 289 300 381 299
t 289 381 372 300
t 290 372 382 291
t 372 300 382 301
t 372 291 373 301
t 372 382 291 301
t 290 372 382 373
t 382 301 373 383
t 290 373 291 301
t 290 301 382 300
t 290 382 373 301
t 291 373 383 292
t 373 301 383 302
t 373 292 374 302
t 373 383 292 302
t 291 373 383 374
t 383 302 374 384
t 291 374 292 302
t 291 302 383 301
t 291 383 374 302
t 292 374 384 293
t 374 302 384 303
t 374 293 375 303
t 374 384 293 303
t 292 374 384 375
t 384 303 375 385
t 292 375 293 303
t 292 303 384 302
t 292 384 375 303
t 298 380 386 299
t 380 305 386 306
t 380 299 381 306
t 380 386 299 306
t 298 380 386 381
t 386 306 381 387
t 298 381 299 306
t 298 306 386 305
t 298 386 381 306
t 299 381 387 300
t 381 306 387 307
t 381 300 382 307
t 381 387 300 307
t 299 381 387 382
t 387 307 382 388
t 299 382 300 307
t 299 307 387 306
t 299 387 382 307
t 300 382 388 301
t 382 307 388 308
t 382 301 383 308
t 382 388 301 308
t 300 382 388 383
t 388 308 383 389
t 300 383 301 308
t 300 308 388 307
t 300 388 383 308
t 301 383 389 302
t 383 308 389 309
t 383 302 384 309
t 383 389 302 309
t 301 383 389 384
t 389 309 384 390
t 301 384 302 309
t 301 309 389 308
t 301 389 384 309
t 391 392 393 394
t 392 313 393 315
t 392 394 395 315
t 392 393 394 315
t 391 392 393 395
t 393 315 395 396
t 391 395 394 315
t 391 315 393 313
t 391 393 395 315
t 394 395 396 397
t 395 315 396 317
t 395 397 398 317
t 395 396 397 317
t 394 395 396 398
t 396 317 398 399
t 394 398 397 317
t 394 317 396 315
t 394 396 398 317
t 400 401 402 311
t 401 326 402 312
t 401 311 403 312
t 401 402 311 312
t 400 401 402 403
t 402 312 403 404
t 400 403 311 312
t 400 312 402 326
t 400 402 403 312
t 311 403 404 313
t 403 312 404 314
t 403 313 393 314
t 403 404 313 314
t 311 403 404 393
t 404 314 393 405
t 311 393 313 314
t 311 314 404 312
t 311 404 393 314
t 313 393 405 315
t 393 314 405 316
t 393 315 396 316
t 393 405 315 316
t 313 393 405 396
t 405 316 396 406
t 313 396 315 316
t 313 316 405 314
t 313 405 396 316
t 315 396 406 317
t 396 316 406 318
t 396 317 399 318
t 396 406 317 318
t 315 396 406 399
t 406 318 399 407
t 315 399 317 318
t 315 318 406 316
t 315 406 399 318
t 317 399 407 319
t 399 318 407 320
t 399 319 408 320
t 399 407 319 320
t 317 399 407 408
t 407 320 408 409
t 317 408 319 320
t 317 320 407 318
t 317 407 408 320
t 319 408 409 321
t 408 320 409 322
t 408 321 410 322
t 408 409 321 322
t 319 408 409 410
t 409 322 410 411
t 319 410 321 322
t 319 322 409 320
t 319 409 410 322
t 326 402 412 312
t 402 327 412 328
t 402 312 404 328
t 402 412 312 328
t 326 402 412 404
t 412 328 404 413
t 326 404 312 328
t 326 328 412 327
t 326 412 404 328
t 312 404 413 314
t 404 328 413 329
t 404 314 405 329
t 404 413 314 329
t 312 404 413 405
t 413 329 405 414
t 312 405 314 329
t 312 329 413 328
t 312 413 405 329
t 314 405 414 316
t 405 329 414 330
t 405 316 406 330
t 405 414 316 330
t 314 405 414 406
t 414 330 406 415
t 314 406 316 330
t 314 330 414 329
t 314 414 406 330
t 316 406 415 318
t 406 330 415 331
t 406 318 407 331
t 406 415 318 331
t 316 406 415 407
t 415 331 407 416
t 316 407 318 331
t 316 331 415 330
t 316 415 407 331
t 318 407 416 320
t 407 331 416 332
t 407 320 409 332
t 407 416 320 332
t 318 407 416 409
t 416 332 409 417
t 318 409 320 332
t 318 332 416 331
t 318 416 409 332
t 320 409 417 322
t 409 332 417 333
t 409 322 411 333
t 409 417 322 333
t 320 409 417 411
t 417 333 411 418
t 320 411 322 333
t 320 333 417 332
t 320 417 411 333
t 322 411 418 325
t 411 333 418 334
t 411 325 419 334
t 411 418 325 334
t 322 411 418 419
t 418 334 419 420
t 322 419 325 334
t 322 334 418 333
t 322 418 419 334
t 325 419 420 336
t 419 334 420 337
t 419 336 421 337
t 419 420 336 337
t 325 419 420 421
t 420 337 421 422
t 325 421 336 337
t 325 337 420 334
t 325 420 421 337
t 327 412 423 328
t 412 338 423 339
t 412 328 413 339
t 412 423 328 339
t 327 412 423 413
t 423 339 413 424
t 327 413 328 339
t 327 339 423 338
t 327 423 413 339
t 328 413 424 329
t 413 339 424 340
t 413 329 414 340
t 413 424 329 340
t 328 413 424 414
t 424 340 414 425
t 328 414 329 340
t 328 340 424 339
t 328 424 414 340
t 329 414 425 330
t 414 340 425 341
t 414 330 415 341
t 414 425 330 341
t 329 414 425 415
t 425 341 415 426
t 329 415 330 341
t 329 341 425 340
t 329 425 415 341
t 330 415 426 331
t 415 341 426 342
t 415 331 416 342
t 415 426 331 342
t 330 415 426 416
t 426 342 416 427
t 330 416 331 342
t 330 342 426 341
t 330 426 416 342
t 331 416 427 332
t 416 342 427 343
t 416 332 417 343
t 416 427 332 343
t 331 416 427 417
t 427 343 417 428
t 331 417 332 343
t 331 343 427 342
t 331 427 417 343
t 332 417 428 333
t 417 343 428 344
t 417 333 418 344
t 417 428 333 344
t 332 417 428 418
t 428 344 418 429
t 332 418 333 344
t 332 344 428 343
t 332 428 418 344
t 333 418 429 334
t 418 344 429 345
t 418 334 420 345
t 418 429 334 345
t 333 418 429 420
t 429 345 420 430
t 333 420 334 345
t 333 345 429 344
t 333 429 420 345
t 334 420 430 337
t 420 345 430 346
t 420 337 422 346
t 420 430 337 346
t 334 420 430 422
t 430 346 422 431
t 334 422 337 346
t 334 346 430 345
t 334 430 422 346
t 337 422 431 432
t 422 346 431 356
t 422 432 433 356
t 422 431 432 356
t 337 422 431 433
t 431 356 433 434
t 337 433 432 356
t 337 356 431 346
t 337 431 433 356
t 338 423 435 339
t 423 347 435 348
t 423 339 424 348
t 423 435 339 348
t 338 423 435 424
t 435 348 424 436
t 338 424 339 348
t 338 348 435 347
t 338 435 424 348
t 339 424 436 340
t 424 348 436 349
t 424 340 425 349
t 424 436 340 349
t 339 424 436 425
t 436 349 425 437
t 339 425 340 349
t 339 349 436 348
t 339 436 425 349
t 340 425 437 341
t 425 349 437 350
t 425 341 426 350
t 425 437 341 350
t 340 425 437 426
t 437 350 426 438
t 340 426 341 350
t 340 350 437 349
t 340 437 426 350
t 341 426 438 342
t 426 350 438 351
t 426 342 427 351
t 426 438 342 351
t 341 426 438 427
t 438 351 427 439
t 341 427 342 351
t 341 351 438 350
t 341 438 427 351
t 342 427 439 343
t 427 351 439 352
t 427 343 428 352
t 427 439 343 352
t 342 427 439 428
t 439 352 428 440
t 342 428 343 352
t 342 352 439 351
t 342 439 428 352
t 343 428 440 344
t 428 352 440 353
t 428 344 429 353
t 428 440 344 353
t 343 428 440 429
t 440 353 429 441
t 343 429 344 353
t 343 353 440 352
t 343 440 429 353
t 344 429 441 345
t 429 353 441 354
t 429 345 430 354
t 429 441 345 354
t 344 429 441 430
t 441 354 430 442
t 344 430 345 354
t 344 354 441 353
t 344 441 430 354
t 345 430 442 346
t 430 354 442 355
t 430 346 431 355
t 430 442 346 355
t 345 430 442 431
t 442 355 431 443
t 345 431 346 355
t 345 355 442 354
t 345 442 431 355
t 346 431 443 356
t 431 355 443 357
t 431 356 434 357
t 431 443 356 357
t 346 431 443 434
t 443 357 434 444
t 346 434 356 357
t 346 357 443 355
t 346 443 434 357
t 347 435 445 348
t 435 358 445 359
t 435 348 436 359
t 435 445 348 359
t 347 435 445 436
t 445 359 436 446
t 347 436 348 359
t 347 359 445 358
t 347 445 436 359
t 348 436 446 349
t 436 359 446 360
t 436 349 437 360
t 436 446 349 360
t 348 436 446 437
t 446 360 437 447
t 348 437 349 360
t 348 360 446 359
t 348 446 437 360
t 349 437 447 350
t 437 360 447 361
t 437 350 438 361
t 437 447 350 361
t 349 437 447 438
t 447 361 438 448
t 349 438 350 361
t 349 361 447 360
t 349 447 438 361
t 350 438 448 351
t 438 361 448 362
t 438 351 439 362
t 438 448 351 362
t 350 438 448 439
t 448 362 439 449
t 350 439 351 362
t 350 362 448 361
t 350 448 439 362
t 351 439 449 352
t 439 362 449 363
t 439 352 440 363
t 439 449 352 363
t 351 439 449 440
t 449 363 440 450
t 351 440 352 363
t 351 363 449 362
t 351 449 440 363
t 352 440 450 353
t 440 363 450 364
t 440 353 441 364
t 440 450 353 364
t 352 440 450 441
t 450 364 441 451
t 352 441 353 364
t 352 364 450 363
t 352 450 441 364
t 353 441 451 354
t 441 364 451 365
t 441 354 442 365
t 441 451 354 365
t 353 441 451 442
t 451 365 442 452
t 353 442 354 365
t 353 365 451 364
t 353 451 442 365
t 354 442 452 355
t 442 365 452 366
t 442 355 443 366
t 442 452 355 366
t 354 442 452 443
t 452 366 443 453
t 354 443 355 366
t 354 366 452 365
t 354 452 443 366
t 355 443 453 357
t 443 366 453 367
t 443 357 444 367
t 443 453 357 367
t 355 443 453 444
t 453 367 444 454
t 355 444 357 367
t 355 367 453 366
t 355 453 444 367
t 359 446 455 360
t 446 368 455 369
t 446 360 447 369
t 446 455 360 369
t 359 446 455 447
t 455 369 447 456
t 359 447 360 369
t 359 369 455 368
t 359 455 447 369
t 360 447 456 361
t 447 369 456 370
t 447 361 448 370
t 447 456 361 370
t 360 447 456 448
t 456 370 448 457
t 360 448 361 370
t 360 370 456 369
t 360 456 448 370
t 361 448 457 362
t 448 370 457 371
t 448 362 449 371
t 448 457 362 371
t 361 448 457 449
t 457 371 449 458
t 361 449 362 371
t 361 371 457 370
t 361 457 449 371
t 362 449 458 363
t 449 371 458 372
t 449 363 450 372
t 449 458 363 372
t 362 449 458 450
t 458 372 450 459
t 362 450 363 372
t 362 372 458 371
t 362 458 450 372
t 363 450 459 364
t 450 372 459 373
t 450 364 451 373
t 450 459 364 373
t 363 450 459 451
t 459 373 451 460
t 363 451 364 373
t 363 373 459 372
t 363 459 451 373
t 364 451 460 365
t 451 373 460 374
t 451 365 452 374
t 451 460 365 374
t 364 451 460 452
t 460 374 452 461
t 364 452 365 374
t 364 374 460 373
t 364 460 452 374
t 365 452 461 366
t 452 374 461 375
t 452 366 453 375
t 452 461 366 375
t 365 452 461 453
t 461 375 453 462
t 365 453 366 375
t 365 375 461 374
t 365 461 453 375
t 366 453 462 367
t 453 375 462 376
t 453 367 454 376
t 453 462 367 376
t 366 453 462 454
t 462 376 454 463
t 366 454 367 376
t 366 376 462 375
t 366 462 454 376
t 368 455 464 369
t 455 378 464 379
t 455 369 456 379
t 455 464 369 379
t 368 455 464 456
t 464 379 456 465
t 368 456 369 379
t 368 379 464 378
t 368 464 456 379
t 369 456 465 370
t 456 379 465 380
t 456 370 457 380
t 456 465 370 380
t 369 456 465 457
t 465 380 457 466
t 369 457 370 380
t 369 380 465 379
t 369 465 457 380
t 370 457 466 371
t 457 380 466 381
t 457 371 458 381
t 457 466 371 381
t 370 457 466 458
t 466 381 458 467
t 370 458 371 381
t 370 381 466 380
t 370 466 458 381
t 371 458 467 372
t 458 381 467 382
t 458 372 459 382
t 458 467 372 382
t 371 458 467 459
t 467 382 459 468
t 371 459 372 382
t 371 382 467 381
t 371 467 459 382
t 372 459 468 373
t 459 382 468 383
t 459 373 460 383
t 459 468 373 383
t 372 459 468 460
t 468 383 460 469
t 372 460 373 383
t 372 383 468 382
t 372 468 460 383
t 373 460 469 374
t 460 383 469 384
t 460 374 461 384
t 460 469 374 384
t 373 460 469 461
t 469 384 461 470
t 373 461 374 384
t 373 384 469 383
t 373 469 461 384
t 374 461 470 375
t 461 384 470 385
t 461 375 462 385
t 461 470 375 385
t 374 461 470 462
t 470 385 462 471
t 374 462 375 385
t 374 385 470 384
t 374 470 462 385
t 380 466 472 381
t 466 386 472 387
t 466 381 467 387
t 466 472 381 387
t 380 466 472 467
t 472 387 467 473
t 380 467 381 387
t 380 387 472 386
t 380 472 467 387
t 381 467 473 382
t 467 387 473 388
t 467 382 468 388
t 467 473 382 388
t 381 467 473 468
t 473 388 468 474
t 381 468 382 388
t 381 388 473 387
t 381 473 468 388
t 382 468 474 383
t 468 388 474 389
t 468 383 469 389
t 468 474 383 389
t 382 468 474 469
t 474 389 469 475
t 382 469 383 389
t 382 389 474 388
t 382 474 469 389
t 383 469 475 384
t 469 389 475 390
t 469 384 470 390
t 469 475 384 390
t 383 469 475 470
t 475 390 470 476
t 383 470 384 390
t 383 390 475 389
t 383 475 470 390
t 392 477 478 395
t 477 393 478 396
t 477 395 479 396
t 477 478 395 396
t 392 477 478 479
t 478 396 479 480
t 392 479 395 396
t 392 396 478 393
t 392 478 479 396
t 401 481 482 403
t 481 402 482 404
t 481 403 483 404
t 481 482 403 404
t 401 481 482 483
t 482 404 483 484
t 401 483 403 404
t 401 404 482 402
t 401 482 483 404
t 403 483 484 393
t 483 404 484 405
t 483 393 478 405
t 483 484 393 405
t 403 483 484 478
t 484 405 478 485
t 403 478 393 405
t 403 405 484 404
t 403 484 478 405
t 393 478 485 396
t 478 405 485 406
t 478 396 480 406
t 478 485 396 406
t 393 478 485 480
t 485 406 480 486
t 393 480 396 406
t 393 406 485 405
t 393 485 480 406
t 396 480 486 399
t 480 406 486 407
t 480 399 487 407
t 480 486 399 407
t 396 480 486 487
t 486 407 487 488
t 396 487 399 407
t 396 407 486 406
t 396 486 487 407
t 399 487 488 408
t 487 407 488 409
t 487 408 489 409
t 487 488 408 409
t 399 487 488 489
t 488 409 489 490
t 399 489 408 409
t 399 409 488 407
t 399 488 489 409
t 408 489 490 410
t 489 409 490 411
t 489 410 491 411
t 489 490 410 411
t 408 489 490 491
t 490 411 491 492
t 408 491 410 411
t 408 411 490 409
t 408 490 491 411
t 402 482 493 404
t 482 412 493 413
t 482 404 484 413
t 482 493 404 413
t 402 482 493 484
t 493 413 484 494
t 402 484 404 413
t 402 413 493 412
t 402 493 484 413
t 404 484 494 405
t 484 413 494 414
t 484 405 485 414
t 484 494 405 414
t 404 484 494 485
t 494 414 485 495
t 404 485 405 414
t 404 414 494 413
t 404 494 485 414
t 405 485 495 406
t 485 414 495 415
t 485 406 486 415
t 485 495 406 415
t 405 485 495 486
t 495 415 486 496
t 405 486 406 415
t 405 415 495 414
t 405 495 486 415
t 406 486 496 407
t 486 415 496 416
t 486 407 488 416
t 486 496 407 416
t 406 486 496 488
t 496 416 488 497
t 406 488 407 416
t 406 416 496 415
t 406 496 488 416
t 407 488 497 409
t 488 416 497 417
t 488 409 490 417
t 488 497 409 417
t 407 488 497 490
t 497 417 490 498
t 407 490 409 417
t 407 417 497 416
t 407 497 490 417
t 409 490 498 411
t 490 417 498 418
t 490 411 492 418
t 490 498 411 418
t 409 490 498 492
t 498 418 492 499
t 409 492 411 418
t 409 418 498 417
t 409 498 492 418
t 411 492 499 419
t 492 418 499 420
t 492 419 500 420
t 492 499 419 420
t 411 492 499 500
t 499 420 500 501
t 411 500 419 420
t 411 420 499 418
t 411 499 500 420
t 412 493 502 413
t 493 423 502 424
t 493 413 494 424
t 493 502 413 424
t 412 493 502 494
t 502 424 494 503
t 412 494 413 424
t 412 424 502 423
t 412 502 494 424
t 413 494 503 414
t 494 424 503 425
t 494 414 495 425
t 494 503 414 425
t 413 494 503 495
t 503 425 495 504
t 413 495 414 425
t 413 425 503 424
t 413 503 495 425
t 414 495 504 415
t 495 425 504 426
t 495 415 496 426
t 495 504 415 426
t 414 495 504 496
t 504 426 496 505
t 414 496 415 426
t 414 426 504 425
t 414 504 496 426
t 415 496 505 416
t 496 426 505 427
t 496 416 497 427
t 496 505 416 427
t 415 496 505 497
t 505 427 497 506
t 415 497 416 427
t 415 427 505 426
t 415 505 497 427
t 416 497 506 417
t 497 427 506 428
t 497 417 498 428
t 497 506 417 428
t 416 497 506 498
t 506 428 498 507
t 416 498 417 428
t 416 428 506 427
t 416 506 498 428
t 417 498 507 418
t 498 428 507 429
t 498 418 499 429
t 498 507 418 429
t 417 498 507 499
t 507 429 499 508
t 417 499 418 429
t 417 429 507 428
t 417 507 499 429
t 418 499 508 420
t 499 429 508 430
t 499 420 501 430
t 499 508 420 430
t 418 499 508 501
t 508 430 501 509
t 418 501 420 430
t 418 430 508 429
t 418 508 501 430
t 420 501 509 422
t 501 430 509 431
t 501 422 510 431
t 501 509 422 431
t 420 501 509 510
t 509 431 510 511
t 420 510 422 431
t 420 431 509 430
t 420 509 510 431
t 423 502 512 424
t 502 435 512 436
t 502 424 503 436
t 502 512 424 436
t 423 502 512 503
t 512 436 503 513
t 423 503 424 436
t 423 436 512 435
t 423 512 503 436
t 424 503 513 425
t 503 436 513 437
t 503 425 504 437
t 503 513 425 437
t 424 503 513 504
t 513 437 504 514
t 424 504 425 437
t 424 437 513 436
t 424 513 504 437
t 425 504 514 426
t 504 437 514 438
t 504 426 505 438
t 504 514 426 438
t 425 504 514 505
t 514 438 505 515
t 425 505 426 438
t 425 438 514 437
t 425 514 505 438
t 426 505 515 427
t 505 438 515 439
t 505 427 506 439
t 505 515 427 439
t 426 505 515 506
t 515 439 506 516
t 426 506 427 439
t 426 439 515 438
t 426 515 506 439
t 427 506 516 428
t 506 439 516 440
t 506 428 507 440
t 506 516 428 440
t 427 506 516 507
t 516 440 507 517
t 427 507 428 440
t 427 440 516 439
t 427 516 507 440
t 428 507 517 429
t 507 440 517 441
t 507 429 508 441
t 507 517 429 441
t 428 507 517 508
t 517 441 508 518
t 428 508 429 441
t 428 441 517 440
t 428 517 508 441
t 429 508 518 430
t 508 441 518 442
t 508 430 509 442
t 508 518 430 442
t 429 508 518 509
t 518 442 509 519
t 429 509 430 442
t 429 442 518 441
t 429 518 509 442
t 430 509 519 431
t 509 442 519 443
t 509 431 511 443
t 509 519 431 443
t 430 509 519 511
t 519 443 511 520
t 430 511 431 443
t 430 443 519 442
t 430 519 511 443
t 435 512 521 436
t 512 445 521 446
t 512 436 513 446
t 512 521 436 446
t 435 512 521 513
t 521 446 513 522
t 435 513 436 446
t 435 446 521 445
t 435 521 513 446
t 436 513 522 437
t 513 446 522 447
t 513 437 514 447
t 513 522 437 447
t 436 513 522 514
t 522 447 514 523
t 436 514 437 447
t 436 447 522 446
t 436 522 514 447
t 437 514 523 438
t 514 447 523 448
t 514 438 515 448
t 514 523 438 448
t 437 514 523 515
t 523 448 515 524
t 437 515 438 448
t 437 448 523 447
t 437 523 515 448
t 438 515 524 439
t 515 448 524 449
t 515 439 516 449
t 515 524 439 449
t 438 515 524 516
t 524 449 516 525
t 438 516 439 449
t 438 449 524 448
t 438 524 516 449
t 439 516 525 440
t 516 449 525 450
t 516 440 517 450
t 516 525 440 450
t 439 516 525 517
t 525 450 517 526
t 439 517 440 450
t 439 450 525 449
t 439 525 517 450
t 440 517 526 441
t 517 450 526 451
t 517 441 518 451
t 517 526 441 451
t 440 517 526 518
t 526 451 518 527
t 440 518 441 451
t 440 451 526 450
t 440 526 518 451
t 441 518 527 442
t 518 451 527 452
t 518 442 519 452
t 518 527 442 452
t 441 518 527 519
t 527 452 519 528
t 441 519 442 452
t 441 452 527 451
t 441 527 519 452
t 442 519 528 443
t 519 452 528 453
t 519 443 520 453
t 519 528 443 453
t 442 519 528 520
t 528 453 520 529
t 442 520 443 453
t 442 453 528 452
t 442 528 520 453
t 445 521 531 446
t 521 530 531 455
t 521 446 522 455
t 521 531 446 455
t 445 521 531 522
t 531 455 522 532
t 445 522 446 455
t 445 455 531 530
t 445 531 522 455
t 446 522 532 447
t 522 455 532 456
t 522 447 523 456
t 522 532 447 456
t 446 522 532 523
t 532 456 523 533
t 446 523 447 456
t 446 456 532 455
t 446 532 523 456
t 447 523 533 448
t 523 456 533 457
t 523 448 524 457
t 523 533 448 457
t 447 523 533 524
t 533 457 524 534
t 447 524 448 457
t 447 457 533 456
t 447 533 524 457
t 448 524 534 449
t 524 457 534 458
t 524 449 525 458
t 524 534 449 458
t 448 524 534 525
t 534 458 525 535
t 448 525 449 458
t 448 458 534 457
t 448 534 525 458
t 449 525 535 450
t 525 458 535 459
t 525 450 526 459
t 525 535 450 459
t 449 525 535 526
t 535 459 526 536
t 449 526 450 459
t 449 459 535 458
t 449 535 526 459
t 450 526 536 451
t 526 459 536 460
t 526 451 527 460
t 526 536 451 460
t 450 526 536 527
t 536 460 527 537
t 450 527 451 460
t 450 460 536 459
t 450 536 527 460
t 451 527 537 452
t 527 460 537 461
t 527 452 528 461
t 527 537 452 461
t 451 527 537 528
t 537 461 528 538
t 451 528 452 461
t 451 461 537 460
t 451 537 528 461
t 452 528 538 453
t 528 461 538 462
t 528 453 529 462
t 528 538 453 462
t 452 528 538 529
t 538 462 529 539
t 452 529 453 462
t 452 462 538 461
t 452 538 529 462
t 453 529 539 454
t 529 462 539 463
t 529 454 540 463
t 529 539 454 463
t 453 529 539 540
t 539 463 540 541
t 453 540 454 463
t 453 463 539 462
t 453 539 540 463
t 455 532 542 456
t 532 464 542 465
t 532 456 533 465
t 532 542 456 465
t 455 532 542 533
t 542 465 533 543
t 455 533 456 465
t 455 465 542 464
t 455 542 533 465
t 456 533 543 457
t 533 465 543 466
t 533 457 534 466
t 533 543 457 466
t 456 533 543 534
t 543 466 534 544
t 456 534 457 466
t 456 466 543 465
t 456 543 534 466
t 457 534 544 458
t 534 466 544 467
t 534 458 535 467
t 534 544 458 467
t 457 534 544 535
t 544 467 535 545
t 457 535 458 467
t 457 467 544 466
t 457 544 535 467
t 458 535 545 459
t 535 467 545 468
t 535 459 536 468
t 535 545 459 468
t 458 535 545 536
t 545 468 536 546
t 458 536 459 468
t 458 468 545 467
t 458 545 536 468
t 459 536 546 460
t 536 468 546 469
t 536 460 537 469
t 536 546 460 469
t 459 536 546 537
t 546 469 537 547
t 459 537 460 469
t 459 469 546 468
t 459 546 537 469
t 460 537 547 461
t 537 469 547 470
t 537 461 538 470
t 537 547 461 470
t 460 537 547 538
t 547 470 538 548
t 460 538 461 470
t 460 470 547 469
t 460 547 538 470
t 461 538 548 462
t 538 470 548 471
t 538 462 539 471
t 538 548 462 471
t 461 538 548 539
t 548 471 539 549
t 461 539 462 471
t 461 471 548 470
t 461 548 539 471
t 466 544 550 467
t 544 472 550 473
t 544 467 545 473
t 544 550 467 473
t 466 544 550 545
t 550 473 545 551
t 466 545 467 473
t 466 473 550 472
t 466 550 545 473
t 467 545 551 468
t 545 473 551 474
t 545 468 546 474
t 545 551 468 474
t 467 545 551 546
t 551 474 546 552
t 467 546 468 474
t 467 474 551 473
t 467 551 546 474
t 468 546 552 469
t 546 474 552 475
t 546 469 547 475
t 546 552 469 475
t 468 546 552 547
t 552 475 547 553
t 468 547 469 475
t 468 475 552 474
t 468 552 547 475
t 483 554 555 478
t 554 484 555 485
t 554 478 556 485
t 554 555 478 485
t 483 554 555 556
t 555 485 556 557
t 483 556 478 485
t 483 485 555 484
t 483 555 556 485
t 478 556 557 480
t 556 485 557 486
t 556 480 558 486
t 556 557 480 486
t 478 556 557 558
t 557 486 558 559
t 478 558 480 486
t 478 486 557 485
t 478 557 558 486
t 480 558 559 487
t 558 486 559 488
t 558 487 560 488
t 558 559 487 488
t 480 558 559 560
t 559 488 560 561
t 480 560 487 488
t 480 488 559 486
t 480 559 560 488
t 487 560 561 489
t 560 488 561 490
t 560 489 562 490
t 560 561 489 490
t 487 560 561 562
t 561 490 562 563
t 487 562 489 490
t 487 490 561 488
t 487 561 562 490
t 482 564 565 484
t 564 493 565 494
t 564 484 555 494
t 564 565 484 494
t 482 564 565 555
t 565 494 555 566
t 482 555 484 494
t 482 494 565 493
t 482 565 555 494
t 484 555 566 485
t 555 494 566 495
t 555 485 557 495
t 555 566 485 495
t 484 555 566 557
t 566 495 557 567
t 484 557 485 495
t 484 495 566 494
t 484 566 557 495
t 485 557 567 486
t 557 495 567 496
t 557 486 559 496
t 557 567 486 496
t 485 557 567 559
t 567 496 559 568
t 485 559 486 496
t 485 496 567 495
t 485 567 559 496
t 486 559 568 488
t 559 496 568 497
t 559 488 561 497
t 559 568 488 497
t 486 559 568 561
t 568 497 561 569
t 486 561 488 497
t 486 497 568 496
t 486 568 561 497
t 488 561 569 490
t 561 497 569 498
t 561 490 563 498
t 561 569 490 498
t 488 561 569 563
t 569 498 563 570
t 488 563 490 498
t 488 498 569 497
t 488 569 563 498
t 490 563 570 492
t 563 498 570 499
t 563 492 571 499
t 563 570 492 499
t 490 563 570 571
t 570 499 571 572
t 490 571 492 499
t 490 499 570 498
t 490 570 571 499
t 492 571 572 500
t 571 499 572 501
t 571 500 573 501
t 571 572 500 501
t 492 571 572 573
t 572 501 573 574
t 492 573 500 501
t 492 501 572 499
t 492 572 573 501
t 493 565 575 494
t 565 502 575 503
t 565 494 566 503
t 565 575 494 503
t 493 565 575 566
t 575 503 566 576
t 493 566 494 503
t 493 503 575 502
t 493 575 566 503
t 494 566 576 495
t 566 503 576 504
t 566 495 567 504
t 566 576 495 504
t 494 566 576 567
t 576 504 567 577
t 494 567 495 504
t 494 504 576 503
t 494 576 567 504
t 495 567 577 496
t 567 504 577 505
t 567 496 568 505
t 567 577 496 505
t 495 567 577 568
t 577 505 568 578
t 495 568 496 505
t 495 505 577 504
t 495 577 568 505
t 496 568 578 497
t 568 505 578 506
t 568 497 569 506
t 568 578 497 506
t 496 568 578 569
t 578 506 569 579
t 496 569 497 506
t 496 506 578 505
t 496 578 569 506
t 497 569 579 498
t 569 506 579 507
t 569 498 570 507
t 569 579 498 507
t 497 569 579 570
t 579 507 570 580
t 497 570 498 507
t 497 507 579 506
t 497 579 570 507
t 498 570 580 499
t 570 507 580 508
t 570 499 572 508
t 570 580 499 508
t 498 570 580 572
t 580 508 572 581
t 498 572 499 508
t 498 508 580 507
t 498 580 572 508
t 499 572 581 501
t 572 508 581 509
t 572 501 574 509
t 572 581 501 509
t 499 572 581 574
t 581 509 574 582
t 499 574 501 509
t 499 509 581 508
t 499 581 574 509
t 502 575 583 503
t 575 512 583 513
t 575 503 576 513
t 575 583 503 513
t 502 575 583 576
t 583 513 576 584
t 502 576 503 513
t 502 513 583 512
t 502 583 576 513
t 503 576 584 504
t 576 513 584 514
t 576 504 577 514
t 576 584 504 514
t 503 576 584 577
t 584 514 577 585
t 503 577 504 514
t 503 514 584 513
t 503 584 577 514
t 504 577 585 505
t 577 514 585 515
t 577 505 578 515
t 577 585 505 515
t 504 577 585 578
t 585 515 578 586
t 504 578 505 515
t 504 515 585 514
t 504 585 578 515
t 505 578 586 506
t 578 515 586 516
t 578 506 579 516
t 578 586 506 516
t 505 578 586 579
t 586 516 579 587
t 505 579 506 516
t 505 516 586 515
t 505 586 579 516
t 506 579 587 507
t 579 516 587 517
t 579 507 580 517
t 579 587 507 517
t 506 579 587 580
t 587 517 580 588
t 506 580 507 517
t 506 517 587 516
t 506 587 580 517
t 507 580 588 508
t 580 517 588 518
t 580 508 581 518
t 580 588 508 518
t 507 580 588 581
t 588 518 581 589
t 507 581 508 518
t 507 518 588 517
t 507 588 581 518
t 508 581 589 509
t 581 518 589 519
t 581 509 582 519
t 581 589 509 519
t 508 581 589 582
t 589 519 582 590
t 508 582 509 519
t 508 519 589 518
t 508 589 582 519
t 509 582 590 511
t 582 519 590 520
t 582 511 591 520
t 582 590 511 520
t 509 582 590 591
t 590 520 591 592
t 509 591 511 520
t 509 520 590 519
t 509 590 591 520
t 513 584 593 514
t 584 522 593 523
t 584 514 585 523
t 584 593 514 523
t 513 584 593 585
t 593 523 585 594
t 513 585 514 523
t 513 523 593 522
t 513 593 585 523
t 514 585 594 515
t 585 523 594 524
t 585 515 586 524
t 585 594 515 524
t 514 585 594 586
t 594 524 586 595
t 514 586 515 524
t 514 524 594 523
t 514 594 586 524
t 515 586 595 516
t 586 524 595 525
t 586 516 587 525
t 586 595 516 525
t 515 586 595 587
t 595 525 587 596
t 515 587 516 525
t 515 525 595 524
t 515 595 587 525
t 516 587 596 517
t 587 525 596 526
t 587 517 588 526
t 587 596 517 526
t 516 587 596 588
t 596 526 588 597
t 516 588 517 526
t 516 526 596 525
t 516 596 588 526
t 517 588 597 518
t 588 526 597 527
t 588 518 589 527
t 588 597 518 527
t 517 588 597 589
t 597 527 589 598
t 517 589 518 527
t 517 527 597 526
t 517 597 589 527
t 518 589 598 519
t 589 527 598 528
t 589 519 590 528
t 589 598 519 528
t 518 589 598 590
t 598 528 590 599
t 518 590 519 528
t 518 528 598 527
t 518 598 590 528
t 519 590 599 520
t 590 528 599 529
t 590 520 592 529
t 590 599 520 529
t 519 590 599 592
t 599 529 592 600
t 519 592 520 529
t 519 529 599 528
t 519 599 592 529
t 522 593 601 523
t 593 532 601 533
t 593 523 594 533
t 593 601 523 533
t 522 593 601 594
t 601 533 594 602
t 522 594 523 533
t 522 533 601 532
t 522 601 594 533
t 523 594 602 524
t 594 533 602 534
t 594 524 595 534
t 594 602 524 534
t 523 594 602 595
t 602 534 595 603
t 523 595 524 534
t 523 534 602 533
t 523 602 595 534
t 524 595 603 525
t 595 534 603 535
t 595 525 596 535
t 595 603 525 535
t 524 595 603 596
t 603 535 596 604
t 524 596 525 535
t 524 535 603 534
t 524 603 596 535
t 525 596 604 526
t 596 535 604 536
t 596 526 597 536
t 596 604 526 536
t 525 596 604 597
t 604 536 597 605
t 525 597 526 536
t 525 536 604 535
t 525 604 597 536
t 526 597 605 527
t 597 536 605 537
t 597 527 598 537
t 597 605 527 537
t 526 597 605 598
t 605 537 598 606
t 526 598 527 537
t 526 537 605 536
t 526 605 598 537
t 527 598 606 528
t 598 537 606 538
t 598 528 599 538
t 598 606 528 538
t 527 598 606 599
t 606 538 599 607
t 527 599 528 538
t 527 538 606 537
t 527 606 599 538
t 528 599 607 529
t 599 538 607 539
t 599 529 600 539
t 599 607 529 539
t 528 599 607 600
t 607 539 600 608
t 528 600 529 539
t 528 539 607 538
t 528 607 600 539
t 529 600 608 540
t 600 539 608 541
t 600 540 609 541
t 600 608 540 541
t 529 600 608 609
t 608 541 609 610
t 529 609 540 541
t 529 541 608 539
t 529 608 609 541
t 532 601 611 533
t 601 542 611 543
t 601 533 602 543
t 601 611 533 543
t 532 601 611 602
t 611 543 602 612
t 532 602 533 543
t 532 543 611 542
t 532 611 602 543
t 533 602 612 534
t 602 543 612 544
t 602 534 603 544
t 602 612 534 544
t 533 602 612 603
t 612 544 603 613
t 533 603 534 544
t 533 544 612 543
t 533 612 603 544
t 534 603 613 535
t 603 544 613 545
t 603 535 604 545
t 603 613 535 545
t 534 603 613 604
t 613 545 604 614
t 534 604 535 545
t 534 545 613 544
t 534 613 604 545
t 535 604 614 536
t 604 545 614 546
t 604 536 605 546
t 604 614 536 546
t 535 604 614 605
t 614 546 605 615
t 535 605 536 546
t 535 546 614 545
t 535 614 605 546
t 536 605 615 537
t 605 546 615 547
t 605 537 606 547
t 605 615 537 547
t 536 605 615 606
t 615 547 606 616
t 536 606 537 547
t 536 547 615 546
t 536 615 606 547
t 537 606 616 538
t 606 547 616 548
t 606 538 607 548
t 606 616 538 548
t 537 606 616 607
t 616 548 607 617
t 537 607 538 548
t 537 548 616 547
t 537 616 607 548
t 538 607 617 539
t 607 548 617 549
t 607 539 608 549
t 607 617 539 549
t 538 607 617 608
t 617 549 608 618
t 538 608 539 549
t 538 549 617 548
t 538 617 608 549
t 544 613 619 545
t 613 550 619 551
t 613 545 614 551
t 613 619 545 551
t 544 613 619 614
t 619 551 614 620
t 544 614 545 551
t 544 551 619 550
t 544 619 614 551
t 545 614 620 546
t 614 551 620 552
t 614 546 615 552
t 614 620 546 552
t 545 614 620 615
t 620 552 615 621
t 545 615 546 552
t 545 552 620 551
t 545 620 615 552
t 546 615 621 547
t 615 552 621 553
t 615 547 616 553
t 615 621 547 553
t 546 615 621 616
t 621 553 616 622
t 546 616 547 553
t 546 553 621 552
t 546 621 616 553
t 547 616 622 548
t 616 553 622 623
t 616 548 617 623
t 616 622 548 623
t 547 616 622 617
t 622 623 617 624
t 547 617 548 623
t 547 623 622 553
t 547 622 617 623
t 558 625 626 560
t 625 559 626 561
t 625 560 627 561
t 625 626 560 561
t 558 625 626 627
t 626 561 627 628
t 558 627 560 561
t 558 561 626 559
t 558 626 627 561
t 560 627 628 562
t 627 561 628 563
t 627 562 629 563
t 627 628 562 563
t 560 627 628 629
t 628 563 629 630
t 560 629 562 563
t 560 563 628 561
t 560 628 629 563
t 555 631 632 557
t 631 566 632 567
t 631 557 633 567
t 631 632 557 567
t 555 631 632 633
t 632 567 633 634
t 555 633 557 567
t 555 567 632 566
t 555 632 633 567
t 557 633 634 559
t 633 567 634 568
t 633 559 626 568
t 633 634 559 568
t 557 633 634 626
t 634 568 626 635
t 557 626 559 568
t 557 568 634 567
t 557 634 626 568
t 559 626 635 561
t 626 568 635 569
t 626 561 628 569
t 626 635 561 569
t 559 626 635 628
t 635 569 628 636
t 559 628 561 569
t 559 569 635 568
t 559 635 628 569
t 561 628 636 563
t 628 569 636 570
t 628 563 630 570
t 628 636 563 570
t 561 628 636 630
t 636 570 630 637
t 561 630 563 570
t 561 570 636 569
t 561 636 630 570
t 563 630 637 571
t 630 570 637 572
t 630 571 638 572
t 630 637 571 572
t 563 630 637 638
t 637 572 638 639
t 563 638 571 572
t 563 572 637 570
t 563 637 638 572
t 566 632 640 567
t 632 576 640 577
t 632 567 634 577
t 632 640 567 577
t 566 632 640 634
t 640 577 634 641
t 566 634 567 577
t 566 577 640 576
t 566 640 634 577
t 567 634 641 568
t 634 577 641 578
t 634 568 635 578
t 634 641 568 578
t 567 634 641 635
t 641 578 635 642
t 567 635 568 578
t 567 578 641 577
t 567 641 635 578
t 568 635 642 569
t 635 578 642 579
t 635 569 636 579
t 635 642 569 579
t 568 635 642 636
t 642 579 636 643
t 568 636 569 579
t 568 579 642 578
t 568 642 636 579
t 569 636 643 570
t 636 579 643 580
t 636 570 637 580
t 636 643 570 580
t 569 636 643 637
t 643 580 637 644
t 569 637 570 580
t 569 580 643 579
t 569 643 637 580
t 570 637 644 572
t 637 580 644 581
t 637 572 639 581
t 637 644 572 581
t 570 637 644 639
t 644 581 639 645
t 570 639 572 581
t 570 581 644 580
t 570 644 639 581
t 572 639 645 574
t 639 581 645 582
t 639 574 646 582
t 639 645 574 582
t 572 639 645 646
t 645 582 646 647
t 572 646 574 582
t 572 582 645 581
t 572 645 646 582
t 576 640 648 577
t 640 584 648 585
t 640 577 641 585
t 640 648 577 585
t 576 640 648 641
t 648 585 641 649
t 576 641 577 585
t 576 585 648 584
t 576 648 641 585
t 577 641 649 578
t 641 585 649 586
t 641 578 642 586
t 641 649 578 586
t 577 641 649 642
t 649 586 642 650
t 577 642 578 586
t 577 586 649 585
t 577 649 642 586
t 578 642 650 579
t 642 586 650 587
t 642 579 643 587
t 642 650 579 587
t 578 642 650 643
t 650 587 643 651
t 578 643 579 587
t 578 587 650 586
t 578 650 643 587
t 579 643 651 580
t 643 587 651 588
t 643 580 644 588
t 643 651 580 588
t 579 643 651 644
t 651 588 644 652
t 579 644 580 588
t 579 588 651 587
t 579 651 644 588
t 580 644 652 581
t 644 588 652 589
t 644 581 645 589
t 644 652 581 589
t 580 644 652 645
t 652 589 645 653
t 580 645 581 589
t 580 589 652 588
t 580 652 645 589
t 581 645 653 582
t 645 589 653 590
t 645 582 647 590
t 645 653 582 590
t 581 645 653 647
t 653 590 647 654
t 581 647 582 590
t 581 590 653 589
t 581 653 647 590
t 585 649 655 586
t 649 594 655 595
t 649 586 650 595
t 649 655 586 595
t 585 649 655 650
t 655 595 650 656
t 585 650 586 595
t 585 595 655 594
t 585 655 650 595
t 586 650 656 587
t 650 595 656 596
t 650 587 651 596
t 650 656 587 596
t 586 650 656 651
t 656 596 651 657
t 586 651 587 596
t 586 596 656 595
t 586 656 651 596
t 587 651 657 588
t 651 596 657 597
t 651 588 652 597
t 651 657 588 597
t 587 651 657 652
t 657 597 652 658
t 587 652 588 597
t 587 597 657 596
t 587 657 652 597
t 588 652 658 589
t 652 597 658 598
t 652 589 653 598
t 652 658 589 598
t 588 652 658 653
t 658 598 653 659
t 588 653 589 598
t 588 598 658 597
t 588 658 653 598
t 589 653 659 590
t 653 598 659 599
t 653 590 654 599
t 653 659 590 599
t 589 653 659 654
t 659 599 654 660
t 589 654 590 599
t 589 599 659 598
t 589 659 654 599
t 590 654 660 592
t 654 599 660 600
t 654 592 661 600
t 654 660 592 600
t 590 654 660 661
t 660 600 661 662
t 590 661 592 600
t 590 600 660 599
t 590 660 661 600
t 594 655 663 595
t 655 602 663 603
t 655 595 656 603
t 655 663 595 603
t 594 655 663 656
t 663 603 656 664
t 594 656 595 603
t 594 603 663 602
t 594 663 656 603
t 595 656 664 596
t 656 603 664 604
t 656 596 657 604
t 656 664 596 604
t 595 656 664 657
t 664 604 657 665
t 595 657 596 604
t 595 604 664 603
t 595 664 657 604
t 596 657 665 597
t 657 604 665 605
t 657 597 658 605
t 657 665 597 605
t 596 657 665 658
t 665 605 658 666
t 596 658 597 605
t 596 605 665 604
t 596 665 658 605
t 597 658 666 598
t 658 605 666 606
t 658 598 659 606
t 658 666 598 606
t 597 658 666 659
t 666 606 659 667
t 597 659 598 606
t 597 606 666 605
t 597 666 659 606
t 598 659 667 599
t 659 606 667 607
t 659 599 660 607
t 659 667 599 607
t 598 659 667 660
t 667 607 660 668
t 598 660 599 607
t 598 607 667 606
t 598 667 660 607
t 599 660 668 600
t 660 607 668 608
t 660 600 662 608
t 660 668 600 608
t 599 660 668 662
t 668 608 662 669
t 599 662 600 608
t 599 608 668 607
t 599 668 662 608
t 600 662 669 609
t 662 608 669 610
t 662 609 670 610
t 662 669 609 610
t 600 662 669 670
t 669 610 670 671
t 600 670 609 610
t 600 610 669 608
t 600 669 670 610
t 602 663 672 603
t 663 612 672 613
t 663 603 664 613
t 663 672 603 613
t 602 663 672 664
t 672 613 664 673
t 602 664 603 613
t 602 613 672 612
t 602 672 664 613
t 603 664 673 604
t 664 613 673 614
t 664 604 665 614
t 664 673 604 614
t 603 664 673 665
t 673 614 665 674
t 603 665 604 614
t 603 614 673 613
t 603 673 665 614
t 604 665 674 605
t 665 614 674 615
t 665 605 666 615
t 665 674 605 615
t 604 665 674 666
t 674 615 666 675
t 604 666 605 615
t 604 615 674 614
t 604 674 666 615
t 605 666 675 606
t 666 615 675 616
t 666 606 667 616
t 666 675 606 616
t 605 666 675 667
t 675 616 667 676
t 605 667 606 616
t 605 616 675 615
t 605 675 667 616
t 606 667 676 607
t 667 616 676 617
t 667 607 668 617
t 667 676 607 617
t 606 667 676 668
t 676 617 668 677
t 606 668 607 617
t 606 617 676 616
t 606 676 668 617
t 607 668 677 608
t 668 617 677 618
t 668 608 669 618
t 668 677 608 618
t 607 668 677 669
t 677 618 669 678
t 607 669 608 618
t 607 618 677 617
t 607 677 669 618
t 613 673 679 614
t 673 619 679 620
t 673 614 674 620
t 673 679 614 620
t 613 673 679 674
t 679 620 674 680
t 613 674 614 620
t 613 620 679 619
t 613 679 674 620
t 614 674 680 615
t 674 620 680 621
t 674 615 675 621
t 674 680 615 621
t 614 674 680 675
t 680 621 675 681
t 614 675 615 621
t 614 621 680 620
t 614 680 675 621
t 615 675 681 616
t 675 621 681 622
t 675 616 676 622
t 675 681 616 622
t 615 675 681 676
t 681 622 676 682
t 615 676 616 622
t 615 622 681 621
t 615 681 676 622
t 636 683 684 637
t 683 643 684 644
t 683 637 685 644
t 683 684 637 644
t 636 683 684 685
t 684 644 685 686
t 636 685 637 644
t 636 644 684 643
t 636 684 685 644
t 637 685 686 639
t 685 644 686 645
t 685 639 687 645
t 685 686 639 645
t 637 685 686 687
t 686 645 687 688
t 637 687 639 645
t 637 645 686 644
t 637 686 687 645
t 642 689 690 643
t 689 650 690 651
t 689 643 684 651
t 689 690 643 651
t 642 689 690 684
t 690 651 684 691
t 642 684 643 651
t 642 651 690 650
t 642 690 684 651
t 643 684 691 644
t 684 651 691 652
t 684 644 686 652
t 684 691 644 652
t 643 684 691 686
t 691 652 686 692
t 643 686 644 652
t 643 652 691 651
t 643 691 686 652
t 644 686 692 645
t 686 652 692 653
t 686 645 688 653
t 686 692 645 653
t 644 686 692 688
t 692 653 688 693
t 644 688 645 653
t 644 653 692 652
t 644 692 688 653
t 645 688 693 647
t 688 653 693 654
t 688 647 694 654
t 688 693 647 654
t 645 688 693 694
t 693 654 694 695
t 645 694 647 654
t 645 654 693 653
t 645 693 694 654
t 650 690 696 651
t 690 656 696 657
t 690 651 691 657
t 690 696 651 657
t 650 690 696 691
t 696 657 691 697
t 650 691 651 657
t 650 657 696 656
t 650 696 691 657
t 651 691 697 652
t 691 657 697 658
t 691 652 692 658
t 691 697 652 658
t 651 691 697 692
t 697 658 692 698
t 651 692 652 658
t 651 658 697 657
t 651 697 692 658
t 652 692 698 653
t 692 658 698 659
t 692 653 693 659
t 692 698 653 659
t 652 692 698 693
t 698 659 693 699
t 652 693 653 659
t 652 659 698 658
t 652 698 693 659
t 653 693 699 654
t 693 659 699 660
t 693 654 695 660
t 693 699 654 660
t 653 693 699 695
t 699 660 695 700
t 653 695 654 660
t 653 660 699 659
t 653 699 695 660
t 655 701 702 656
t 701 663 702 664
t 701 656 696 664
t 701 702 656 664
t 655 701 702 696
t 702 664 696 703
t 655 696 656 664
t 655 664 702 663
t 655 702 696 664
t 656 696 703 657
t 696 664 703 665
t 696 657 697 665
t 696 703 657 665
t 656 696 703 697
t 703 665 697 704
t 656 697 657 665
t 656 665 703 664
t 656 703 697 665
t 657 697 704 658
t 697 665 704 666
t 697 658 698 666
t 697 704 658 666
t 657 697 704 698
t 704 666 698 705
t 657 698 658 666
t 657 666 704 665
t 657 704 698 666
t 658 698 705 659
t 698 666 705 667
t 698 659 699 667
t 698 705 659 667
t 658 698 705 699
t 705 667 699 706
t 658 699 659 667
t 658 667 705 666
t 658 705 699 667
t 659 699 706 660
t 699 667 706 668
t 699 660 700 668
t 699 706 660 668
t 659 699 706 700
t 706 668 700 707
t 659 700 660 668
t 659 668 706 667
t 659 706 700 668
t 660 700 707 662
t 700 668 707 669
t 700 662 708 669
t 700 707 662 669
t 660 700 707 708
t 707 669 708 709
t 660 708 662 669
t 660 669 707 668
t 660 707 708 669
t 664 703 710 665
t 703 673 710 674
t 703 665 704 674
t 703 710 665 674
t 664 703 710 704
t 710 674 704 711
t 664 704 665 674
t 664 674 710 673
t 664 710 704 674
t 665 704 711 666
t 704 674 711 675
t 704 666 705 675
t 704 711 666 675
t 665 704 711 705
t 711 675 705 712
t 665 705 666 675
t 665 675 711 674
t 665 711 705 675
t 666 705 712 667
t 705 675 712 676
t 705 667 706 676
t 705 712 667 676
t 666 705 712 706
t 712 676 706 713
t 666 706 667 676
t 666 676 712 675
t 666 712 706 676
t 667 706 713 668
t 706 676 713 677
t 706 668 707 677
t 706 713 668 677
t 667 706 713 707
t 713 677 707 714
t 667 707 668 677
t 667 677 713 676
t 667 713 707 677
t 668 707 714 669
t 707 677 714 678
t 707 669 709 678
t 707 714 669 678
t 668 707 714 709
t 714 678 709 715
t 668 709 669 678
t 668 678 714 677
t 668 714 709 678
t 674 711 716 675
t 711 680 716 681
t 711 675 712 681
t 711 716 675 681
t 674 711 716 712
t 716 681 712 717
t 674 712 675 681
t 674 681 716 680
t 674 716 712 681
t 684 718 719 686
t 718 691 719 692
t 718 686 720 692
t 718 719 686 692
t 684 718 719 720
t 719 692 720 721
t 684 720 686 692
t 684 692 719 691
t 684 719 720 692
t 686 720 721 688
t 720 692 721 693
t 720 688 722 693
t 720 721 688 693
t 686 720 721 722
t 721 693 722 723
t 686 722 688 693
t 686 693 721 692
t 686 721 722 693
t 691 719 724 692
t 719 697 724 698
t 719 692 721 698
t 719 724 692 698
t 691 719 724 721
t 724 698 721 725
t 691 721 692 698
t 691 698 724 697
t 691 724 721 698
t 692 721 725 693
t 721 698 725 699
t 721 693 723 699
t 721 725 693 699
t 692 721 725 723
t 725 699 723 726
t 692 723 693 699
t 692 699 725 698
t 692 725 723 699
t 696 727 728 697
t 727 703 728 704
t 727 697 724 704
t 727 728 697 704
t 696 727 728 724
t 728 704 724 729
t 696 724 697 704
t 696 704 728 703
t 696 728 724 704
t 697 724 729 698
t 724 704 729 705
t 724 698 725 705
t 724 729 698 705
t 697 724 729 725
t 729 705 725 730
t 697 725 698 705
t 697 705 729 704
t 697 729 725 705
t 698 725 730 699
t 725 705 730 706
t 725 699 726 706
t 725 730 699 706
t 698 725 730 726
t 730 706 726 731
t 698 726 699 706
t 698 706 730 705
t 698 730 726 706
t 703 728 732 704
t 728 710 732 711
t 728 704 729 711
t 728 732 704 711
t 703 728 732 729
t 732 711 729 733
t 703 729 704 711
t 703 711 732 710
t 703 732 729 711
t 704 729 733 705
t 729 711 733 712
t 729 705 730 712
t 729 733 705 712
t 704 729 733 730
t 733 712 730 734
t 704 730 705 712
t 704 712 733 711
t 704 733 730 712
t 705 730 734 706
t 730 712 734 713
t 730 706 731 713
t 730 734 706 713
t 705 730 734 731
t 734 713 731 735
t 705 731 706 713
t 705 713 734 712
t 705 734 731 713
