# CLOUD_GEN_METADATA
# generated=2025-12-08T00:44:08.274Z
# mode=smooth
# shape=cumulus
# resolution=32
# threshold=0.48
# scale=0.5
# octaves=5
# persistance=0.5
# lacunarity=2
# jitter=0.6
# smoothIters=5
# smoothStr=0.6
# vertices=10247
# tetrahedra=20480
# END_METADATA
v -11.939294422762142 13.528280717175583 9.574053210007985
v 52.275886323946374 21.242229007539446 -13.467169176747987
v 35.38194334772332 18.505774419759295 -10.699305922269243
v 42.500660085795374 12.518759112405945 14.67669781993401
v 48.49541846736166 20.405861819649985 48.352543618457325
v -19.338734210913195 73.17927307265626 16
v 32.856259124174805 43.274000186090376 16
v 1.7284992284708203 -7.091773318804563 16
v 24.26698299984951 2.623740521825919 16
v 16 -7.666344944478972 54.292950509646225
v 16 38.588347837423505 52.54871455065642
v 16 -19.163466781167976 -40.89568441420766
v 16 44.35640970315481 -29.881634698621802
v 93.13599049354423 16 -31.67266388089911
v 90.86997544633873 16 62.27218956270741
v -62.97291370964503 16 -32.80794486317317
v -53.01918027636644 16 58.65619928645082
v -50.49397024580685 57.09553365883284 41.398436586974015
v -12.733324036945646 33.75817086459675 62.49149490154239
v -0.09946908257650833 58.14895725901339 42.04948817643688
v 27.175378741987657 45.25752138367672 34.082142641689074
v 16 66.29909119739054 16
v 30.694369949529182 54.47035997113247 -7.775990021603292
v -3.7334148765485793 67.66275086090698 -15.92933598435841
v -24.093910278928348 40.77939929426649 -48.87330957319482
v -52.31120002595051 58.218643428330125 -10.092556597620394
v -84.17157918072132 16 16
v 56.18371480410371 40.834901543168414 81.0186163472721
v 66.1515766768507 46.99537897569023 35.156197701160465
v -15.902568116604755 -3.7168714244704546 67.6194395410752
v 16 16 79.51404188237184
v -58.38425406616014 -29.97199724069455 -12.412256825465604
v -49.407986788920894 -24.42435897125722 40.98362781766369
v 16 16 -83.54069486988737
v -23.476434967308926 -8.397778564471754 -47.87421353178067
v 83.45340957640596 57.688499775286544 -9.764909801119433
v 61.15338100691204 43.906324169245586 -57.05970517615761
v 62.6206291326703 -12.813133380893785 33.80749575177653
v 50.14204604444671 -5.100944900931964 71.24299094537866
v 21.02978586617185 2.831849646228264 24.138364487599887
v 8.626018251303817 -3.3053348505079896 27.93135310181181
v 16 4.9985714208519525 16
v 8.004997617264358 -4.931187978138308 3.063814404597334
v 21.72529998173191 1.0109700520367078 6.736270033768616
v 58.51745940799304 -10.277235029433673 -52.7946944374267
v 69.0196581384431 -16.767950801457815 -4.251707336985284
v 78.11512147775915 16 16
v -34.72800768247905 67.33240065977398 27.74440060143171
v -22.179861444451674 60.70176039062101 43.62720727835756
v -10.160119696380988 68.0122274465746 31.669469324256852
v -32.76524407730949 27.15705781357157 64.19107706626815
v -32.00883377278394 45.671091031824325 57.004439322689024
v -53.77548186197342 37.02091808593438 51.09434313800181
v 8.214890802005225 49.62649935124607 50.027138386512675
v -8.332098390100526 49.62613295751233 55.370162212789246
v 2.5987327658703876 38.37336489662172 60.48330348845012
v 7.9565068688834035 63.0874289543855 29.014645274422968
v -0.03570381418407109 72.44803501659376 16
v 22.575203623644132 44.400511124716104 44.73888572800834
v 16 53.96246975534208 39.46209660569131
v 27.014667203648216 54.773247947975875 16
v 22.738944692237453 55.450469373275155 26.903841560345896
v 30.9628767173539 45.74957898169445 24.962510127874125
v 6.774019653579346 70.00982968656211 1.0720502199528497
v -13.442751067443375 74.53884014852557 -1.6357100054423128
v 32.03713853963024 47.88545415680454 6.39402520660647
v 23.09961020893769 57.56184208374848 4.512589375063072
v 6.167207602364305 58.471130304145014 -26.977147671400473
v 16 60.47894506757236 -11.48949983549921
v 24.374849271744072 52.17378464975445 -20.604773020938637
v -26.847906656251418 66.16720292120887 -15.005036525820096
v -37.3147407331186 69.94995304200899 3.6567264961308616
v -0.6184782079088542 43.744486433730124 -39.162306423972815
v -14.376941816894181 57.97990111666977 -33.15092433401277
v -63.0649416796511 39.8195082021053 -23.766578738655255
v -39.987030820610734 50.601887976325365 -31.818633108365326
v -46.414462373893 30.279878595594468 -45.679588059511275
v -59.08850069794789 62.407245595602014 16
v -85.4529952784796 16 -12.820669893456348
v -72.21988063229747 40.38337531007531 0.9302452979284528
v -73.44616131345815 40.72231095439865 31.279228450262213
v -74.6473262981063 16 41.7510057814559
v 36.57857684538942 40.09381743464288 30.890798093344095
v 43.993524896199816 44.3270505091688 22.4809793573004
v 30.91483160923115 40.90025488896754 65.50733160987136
v 43.161518300008744 53.53629510455982 59.94825979546641
v 84.49442429210555 36.634980138664766 50.45002119658675
v 72.99656075183334 51.225811786481266 64.68087460761046
v 78.1073004019135 30.209602645081993 77.37604264425562
v 1.9785418895872695 24.665737684067942 66.73011201530613
v 16 27.90455410842062 57.9057806851401
v -35.34220457252543 4.253356349785561 66.73769616295107
v -19.50868879488396 16 73.45426536606477
v 16 4.243970602739136 57.38295186555568
v 1.7391817369963167 7.186329606078488 67.59612518293255
v 1.889551607904604 -7.557340154168159 62.83731375680303
v -70.00975805143814 -7.772512452586518 30.692220693678593
v -56.56897057840234 -5.862498766067777 52.499358896408516
v -67.58812164474064 -9.182184503247473 -26.041561662940836
v -78.38076930905342 -10.086203060149781 -0.12216012860407943
v -11.013315790811333 -11.335162815823821 22.254044199923232
v -55.38497323605864 -28.11833974588582 16
v -13.38687280595525 -13.736999301356988 9.19643679253615
v -26.346535747334087 16 -52.51813414499897
v -45.13846421427914 2.0120585310659322 -44.41861363377309
v 16 37.36896252102323 -59.22188976751032
v -4.524550090400737 28.684869559667376 -58.258519830869574
v -1.5703840969359462 -13.333689710581979 -42.322001534461755
v -7.118682462219045 1.7118684632325252 -67.6441789234246
v 16 -10.285343929301717 -76.5282751376342
v 47.727723296687834 59.84663521037072 -35.33653467969279
v 33.86415166815554 45.824133558231836 -43.29711469333871
v 54.090971627655485 54.54480210123127 7.18128918263298
v 58.36293248163784 65.59938526737173 -14.654105916336523
v 84.45705200955216 31.662369818274662 -51.651031621861435
v 78.23508798916939 54.46339967014703 -37.15511102127169
v 96.36594540034784 40.21145522866057 -24.42093281518126
v 34.07638601269963 -2.291755022051074 20.184992245074636
v 29.604181640334723 0.07194670201972642 25.844078312771664
v 21.645801270015635 4.774871706155196 19.381739488890755
v 73.62163138798749 2.8166788688909055 72.94318835973327
v 60.35031927815149 -11.41000472580733 53.879694899270476
v 77.98036553710568 -2.6725215236646243 47.17370397069803
v 19.322875195220266 1.6473868568052836 30.52361569160692
v 30.744723345646136 -4.376706508968894 39.85746352796951
v 25.23949298327252 0.5747014544958304 46.66897803571864
v 17.864502222592208 5.085013872646055 19.016827968253914
v 18.95814489752239 5.586895050293835 16
v 11.609437589100192 -2.964312549367385 35.19026065668922
v 16 1.4125244272745388 25.015555714003174
v 11.586393137738751 0.46345495044438856 16
v 13.69016661866986 2.477999860646065 19.737388919341264
v 6.046957203976927 -3.7888974400931055 21.961704326485734
v 18.049925736894355 3.9995257129809136 12.683150483291758
v 22.12983826094679 3.812496825724139 12.328330538722668
v 5.066105472977366 -5.739052252694105 9.450782073082689
v 13.62079438776794 2.0718877473200195 12.150364453184027
v 20.51835688987578 -3.5162997925887396 -3.748824488044047
v 16 -0.6315073064594259 5.72116320046586
v 10.815649664055929 -6.392948997190501 -6.65974719670859
v 30.316045834948014 -0.7615184142579565 5.640811916931343
v 35.00756151802839 -3.234024910182569 11.599424713831507
v 33.78214934224796 -13.687230985672912 -43.02492145322364
v 41.51753425687437 -19.264365033910593 -25.288237736712524
v 89.84471581747894 -6.246836293427297 -21.141008942844465
v 71.35220853651629 -18.209546227939136 -31.276430147301127
v 82.13815172281278 0.8681741183463227 -49.3594343061567
v 66.22078287286178 -15.038150757057174 16
v 94.75900666573077 16 -6.373783307421455
v 79.75857734059807 -1.62243736207353 5.108734745622522
v 75.64904760508469 -0.4865912787333073 26.189273768884775
v 82.93274498303376 16 35.01419019639438
v 31.882198095561094 6.184261760884397 73.46233252579887
v 58.19481644827571 16 84.2726471623732
v 34.02594887332259 27.14064908318123 81.218495703149
v -5.806079616802148 -9.53100271218372 31.77902744299529
v -10.081665862163597 -20.043975738292254 58.20102184819853
v -34.32696939231838 -15.103777635228404 58.984363513366816
v -15.990275739776106 -28.209473762889388 -35.76135345643893
v -9.095223097978394 -13.381998976269955 -2.159074024749451
v -42.54885380381586 -20.185181653106774 -34.006691155504456
v 68.07063254431736 16 -68.2520532724119
v 40.360114573051945 0.9446212240122662 -72.13572249514357
v 46.09582925255791 34.60024539769413 -92.88773315536785
v 73.96247345480538 32.020433648505495 25.901172509288884
v 92.71534179922438 37.20359898159252 2.8954551455531714
v 64.14496457106708 45.755224492078966 16
v -27.464015140362463 71.33892214677104 21.724651285001794
v -21.601965188283813 68.17519852847705 30.02197831786802
v -15.570340397619066 72.36615679225727 24.550133307707405
v -36.10326240022753 60.321682278532 43.392306086706654
v -29.301742138427137 65.14314963795596 36.712507526449144
v -42.20189879311927 62.55410115468881 34.18866733853879
v -5.016607907560882 63.291553746297815 37.49714751207808
v -16.401687471562184 65.1844481866915 37.73119932744214
v -10.483332132945488 60.213822703260185 43.32564520317655
v -43.42426271493987 22.147267939356027 62.67270257806652
v -43.04755199409641 31.868909312007787 58.55477807762547
v -55.86894473422427 26.901737729372442 56.253357305155205
v -22.16386303711576 39.58656449893333 60.86431172745295
v -34.02039090392876 37.08224097776095 62.11041146298328
v -23.205118903859812 31.317423127572177 65.01420725604189
v -52.730249046599994 47.242456321543244 46.544073543248345
v -43.203626191453544 42.15797979048945 55.00211273606871
v -40.566501811309905 50.96002074407202 49.88237803191171
v 12.248009983928164 44.48672220302481 52.2696473650441
v 5.020673946351637 45.44265257734862 56.85361591438282
v 9.772306010538165 38.995012131832446 57.05563775804192
v -4.6130361022527495 55.208324611349454 49.3525930247736
v 0.4492607252169165 50.012085682457524 52.89617523062485
v 3.7186855933902976 55.29896593498309 47.43416406249898
v -7.371538638562761 38.84909956016767 67.41502494869479
v -2.7452037374461575 43.94950356580163 58.42621348602376
v -10.582990939552271 41.7635701885423 59.012182862826066
v -26.737691566337197 53.29624304046017 49.93324290343515
v -18.95511148933695 47.80321105258683 56.054993525154266
v -15.426094360232895 55.580028697059156 50.54062013486569
v -5.376481944081057 71.1557578984497 23.8562324406068
v -9.420546136906498 73.66851384631536 16
v 3.894311499167518 61.191830729475384 35.58741545156572
v -0.873344997183068 67.31833496889669 30.791130382903933
v 8.79815265028861 67.70622475619265 16
v 4.14007502145598 68.0693189281046 23.154870438567308
v 12.009974410568006 63.918088787486084 22.4559970196828
v 19.416206735419472 41.93731109175039 49.023705577307275
v 16 46.96162733430152 47.33051606030085
v 22.20084156396648 49.30346641401663 36.58267418705285
v 19.534780200989943 49.98802106746927 43.01947950068126
v 25.146076752221024 45.26652203699237 39.40948758732157
v 12.094986697652642 53.5479285393076 45.84950148897878
v 8.383860155021988 56.90474735004051 41.28052416355223
v 30.413950312597997 48.699183121614645 16
v 29.062450968811653 49.70383326315473 20.80068008026123
v 31.899227626556254 44.38671822942539 20.305956603080926
v 19.63517145454056 59.65647904057847 21.881830968380026
v 24.883030486027778 54.99968577051142 21.3589657897798
v 22.237316240288617 60.78129842737338 16
v 28.951089470657536 45.142530824604165 29.247212966878713
v 27.456934635823643 50.84494683514785 26.043119133471535
v 25.13957844840604 50.11902446942391 30.788148572367007
v 12.13998820300488 58.80818681355368 34.736890853541
v 19.439604451918 54.145797911047914 32.69619073317635
v 16 60.01917603015835 28.16660102338283
v -6.82035945766458 74.88126141126135 7.613117221692594
v -16.828477277010897 74.61245314879795 7.109127951352242
v 11.731169333716029 67.26638972630204 9.092886889734675
v 3.284696670894659 71.82473628699594 8.329095835646594
v -7.9345834600181036 69.85757992313718 -8.481841862551427
v -2.873416342359697 73.40132155339438 -0.5443877273460913
v 1.9592889203696604 68.41547710305687 -6.7183477530591205
v 32.39632228766471 45.27423845428639 11.559416225799072
v 29.39579253546772 50.563923655767844 11.076811041214386
v 26.29985926660676 54.45047693750767 -0.6655223727103028
v 27.913145482179445 52.232459568019706 5.556967623975183
v 32.852565784681595 53.92162960239498 -1.2378955835192755
v 25.11038785247024 55.99786604950675 10.503873772604226
v 19.772330205199346 61.3036828102625 9.896241511199594
v 11.34072920325583 51.37518817666705 -29.040127519604674
v 16 53.994563536308675 -22.447245366836434
v 20.420657947573165 49.56353678119687 -26.7335105352499
v 6.7944212119705885 65.44130257580932 -14.55640543991787
v 11.318740752730873 61.01177693422332 -19.78304196496844
v 0.9635125155078086 64.11524156704519 -22.486060926577913
v 28.256195839342396 55.21858905619865 -15.369872803570658
v 20.08128002208334 55.2427883730824 -15.196865327676562
v 23.394299912626938 55.7132899228303 -8.54416297738781
v 16 64.19314181790398 2.679743206460122
v 19.959967030181133 59.91670733635368 -3.2220837474861703
v 11.520171267198696 65.6820619656583 -5.745545460352645
v -24.523476807357667 72.22898795052367 0.8885740329751481
v -28.082499578366225 72.12638418986921 10.19388804641207
v -15.218184576652046 68.11864092708603 -16.21109154039049
v -18.83802402021424 68.88270831118933 -7.3652041987611945
v -44.26419249092481 64.20367327190756 -2.8331544566838964
v -32.21423688310162 68.30261234956521 -6.044135549395378
v -38.58646594966539 62.43402138516397 -12.697803450370806
v 8.360684061295764 44.20725664855363 -34.36165688766925
v 2.9381747163781355 51.02717580045952 -32.60250899467026
v -19.524881983087987 50.429827422059994 -41.48046649496512
v -7.447347910294624 50.96050206796282 -37.06862502305145
v -11.356365408008521 42.74485092652643 -44.18124145398002
v -3.603135191564686 58.8753580134599 -30.511017792605116
v -9.6679300269548 64.8233042238868 -25.531583204466862
v -64.11640709630562 28.152788123068635 -28.872710637103964
v -54.88294600163151 35.04964734152394 -35.0843876624948
v -54.23853760791019 23.265973368750036 -39.16639543376536
v -45.49711478538758 54.00730714742323 -20.83573182554062
v -50.387908086508006 45.33221611196569 -27.734967637430486
v -55.86035379476429 48.66529651538678 -15.935108072472584
v -36.306824528775046 36.43625389153043 -49.39394880157822
v -43.82486357597235 41.214560853647 -39.14849095248198
v -33.593254125454564 46.65031666224186 -42.300366776270074
v -21.499582134117524 63.22936677980173 -25.216029165552037
v -27.926837239986085 55.96595679696422 -34.33567642217019
v -34.94328441716496 60.45708336756358 -24.448390661044677
v -39.67732888075634 72.34068997273337 16
v -55.7303443577251 60.33179083780838 2.6443782409446204
v -49.6929400023444 68.22395979481463 9.167883966996802
v -48.199285020376095 67.03654790971932 22.676774771830893
v -55.05435013792889 59.91400343377586 29.22975699161636
v -68.25803961614423 16 -21.141331388832768
v -72.28492244849188 28.57505831092555 -18.216211009727196
v -82.63687405750504 29.28933146249318 7.786741468415867
v -76.51017575523596 28.71186824417137 -5.071213658929242
v -81.97831217085609 16 2.353193427598576
v -67.58239721687164 40.090378920120976 -11.481690993806428
v -62.95482108548248 50.22124878638081 -5.149894887449431
v -65.50484110746459 27.609322420224846 47.58848378979275
v -64.32185015764762 16 51.40624097190309
v -61.26297982931263 49.487957015992684 36.696695649678986
v -65.83167238413068 39.58577955458517 42.90605688338803
v -81.81991649706504 16 29.62474459690666
v -75.72930646030039 28.60456861456735 36.89335361684243
v -82.0286397519282 29.207384144404436 24.16261230371839
v -66.36943687265511 52.05261664252335 8.57275251051682
v -75.90262452352793 41.4012606872392 16
v -63.25878053560655 50.691100712778315 23.146759782547566
v 34.37798705114852 41.50066514199702 22.853251809231438
v 36.96532396049377 42.69331001024318 18.76134564106262
v 31.139633742733608 41.27556119952155 31.621155906032378
v 32.61699710778511 41.22392804336418 27.14470586415411
v 51.39421026483048 44.31085719069431 27.06103975242479
v 41.03686217602615 43.159888478938996 27.44715791889447
v 57.38413930080221 51.203451549180826 37.75692957870389
v 21.08708637705457 34.783455506001495 49.536261719608056
v 24.041324773488547 37.56397673323279 45.92143526239011
v 49.969742546305305 48.92262516165115 70.96419802900536
v 37.3845592329407 47.884839605141636 64.39989407577752
v 42.636021160631344 42.04060899875032 74.59655685005598
v 26.893705317362716 39.82636812993266 41.846749353709484
v 29.422533777414902 41.531176428404486 37.718115867000826
v 89.5341560762843 27.154332189778785 57.18603201449485
v 83.19109024106487 34.057468626590875 64.42371677471229
v 86.08634506158732 23.25022949044384 71.04686113708927
v 72.156618869373 50.706699154546214 49.636865080910006
v 80.16764110501683 44.35123399030434 58.2723021102167
v 75.39387826555958 42.998456621635015 42.39494270611456
v 66.20187750319488 35.61385199215087 78.76234576964308
v 76.1251141099537 41.34110832752127 71.42527158961155
v 65.93822222089032 46.86351867025547 74.7059010942872
v 46.67009749694067 54.627878003403204 49.70969917539801
v 58.967739974305516 55.093341277780354 65.23664875125152
v 61.67488550044491 55.859467557474844 52.26534160993333
v 9.773194402699014 32.942879226944875 59.71614315155342
v 16 33.41275181759714 55.50220085309913
v -7.869226199185434 30.751993076256063 71.0707689181587
v 2.292568957888431 31.637088377368222 63.558402878741134
v 16 22.05218839516639 59.45215862425008
v 8.449959112067507 28.514960163799877 70.94515802758636
v 9.468301444815374 20.03681171137268 64.47996527046246
v -45.74688962177484 9.612463031342536 64.49692840552923
v -37.138235672941974 16 68.51258060803602
v -18.29161327766773 5.669133418951844 71.48499581233355
v -28.891735136040822 10.1271105336074 72.46967549913519
v -25.47208476545739 -0.20312571663976087 67.84836610288001
v -27.811309486087858 21.73154450835967 71.11059936476667
v -16.382361571166314 25.755675659297328 68.39576165813551
v 16 -1.2266553983948825 55.080026448595135
v 9.72561077389079 -1.0723523032244628 60.0502105471298
v 9.502469734005402 -7.991350176537104 58.83451456895363
v 9.391228789131937 11.915554767811738 65.052018563992
v 9.546200548103334 5.302171439265132 62.96729938636369
v 16 7.175723340665977 79.35458252619512
v -6.439695251898957 -5.938086269787469 65.36506359550671
v 1.8540304582133693 -0.13736193375016725 65.07992726805313
v -6.764401686963112 1.9308260239013535 68.5217321416842
v -8.047802176435752 20.954119699923663 70.94202939383058
v -8.062863247811975 11.042777548737172 70.97643943347511
v 1.5785523546170168 16 68.17728774797277
v -66.40939576432618 4.261835335369376 47.93905818177984
v -56.26961258502436 5.03748531276117 56.4777689229769
v -81.03897239372336 2.9259535924862003 24.080205050336986
v -74.59006182573512 3.5519755447561536 36.63386576149313
v -51.44738494977189 -14.659309511112607 45.97396218961505
v -62.92619298817476 -6.7483532312940575 41.95074225246938
v -61.23102372569214 -17.474106338387372 36.688135460151685
v -67.44133159548608 3.342856971010935 -30.73498055595585
v -73.95785013264052 3.1866545320527724 -18.864580460108037
v -67.23504842717655 -20.076420170580363 -6.296453857840941
v -75.18628577642384 -10.28199537006181 -13.981831247055489
v -63.13351259566589 -19.971429539912116 -19.167336972965003
v -81.41275088524053 2.6144665227773114 -6.187882254572163
v -84.11824462579477 2.5110836997988955 7.663391255073238
v -4.32258378804012 -9.874965265765482 18.67669024642693
v -11.720230998595351 -12.050500483046854 16
v -5.245349085626906 -11.049841466180666 13.201772212010795
v -54.054152405631555 -27.295847239745534 29.04352809899862
v -20.150741169751598 -12.738778525279624 19.75970474668959
v -19.825194549787533 -12.655589689358841 27.195726591682153
v -23.191828311960926 -15.348467618859303 3.7521671571364994
v -22.410249890440333 -14.53502166162076 12.005304617227186
v -57.834835723344256 -29.632438030791704 2.2525386237494693
v -75.74015409962531 -9.356354966505837 16
v -67.24356808491281 -20.435218717847874 8.493932148277883
v -64.45457383954579 -19.214492388227903 23.254584397499766
v -47.27446312688914 16 -46.529463074983
v -56.294472470815094 8.521346121795998 -40.7811573507376
v -27.74035766173229 29.1774435793304 -54.77338537675969
v -37.29204806198727 22.971846972661613 -51.03649684346212
v -34.448777706911535 -3.710315795765034 -47.07102020030106
v -37.416584378628514 9.01186076284985 -51.19315208005024
v -25.40688099579358 3.5255515206843704 -50.997740819316064
v 16 39.04994909644095 -36.2906274895135
v 8.034946930964294 37.67257835114897 -39.91974805293633
v 0.09321635468937117 25.83093294449292 -102.0642848371042
v 5.2881156997340995 33.756036991976046 -61.955362677844306
v 16 28.63072022088717 -74.68324096038378
v -1.4010281778275235 35.850649960435454 -44.37346502368143
v -11.90109018722967 33.243822058884106 -48.37303318689345
v 6.567481976266928 -18.82843999022721 -46.183216417486705
v 4.824512041484807 -14.408038250844271 -62.45904673733088
v 16 -17.90974961852313 -60.926941493274384
v -12.814867722565978 -1.8085676338780488 -50.48128885765449
v -5.58784267131967 -8.626861349225162 -58.899761734445605
v -12.671186364480818 -12.030280842067409 -47.07371478770176
v 16 2.0719903531980286 -83.99723157598203
v 3.4521929360453782 -4.7992655774135 -75.31622626449747
v 3.6044788400932415 8.339146614909104 -76.0027815528263
v -12.870428544064538 21.94763537000234 -49.96028701678125
v -6.344842847723825 16 -64.84440089633979
v -13.556056453260773 9.911117512824726 -51.526741550293764
v 29.086388277583133 51.0930450253944 -32.693906874293994
v 23.978553012317313 45.45984880168449 -36.59805360721332
v 38.901218907969145 59.56070694705167 -21.054950576895827
v 33.53508575854714 54.35218562477412 -25.60429838088288
v 47.035227253041356 46.34147679978244 -52.274366021870975
v 41.285293268588475 53.70091828668679 -41.22846576091719
v 55.82057733467951 54.593107955502745 -48.431047579155134
v 36.648567139299004 42.290011304153836 13.280374442496843
v 39.97471601598832 49.266494491298694 7.05969737299854
v 70.53309665458482 62.3886227511625 -12.669745551515081
v 58.48053751659773 62.0827180884096 -3.42261845806102
v 71.30035331861293 60.23323457943772 -1.2819057637827918
v 44.75475345199699 59.64855017264467 -3.2852696152085414
v 43.952379675247485 62.66639201183295 -12.841416395639346
v 91.68609586196983 23.829507498968802 -43.44498896698382
v 94.06351715991606 36.97941121269389 -40.25932890547719
v 97.39231552771416 28.34632956349676 -29.587339162235068
v 71.51872493854367 50.31245902407641 -49.26617548991662
v 82.71497248526538 44.118555279994524 -45.500015822458856
v 75.756081865992 39.34667553570736 -58.707004168794455
v 91.91226361906206 50.5071582496375 -17.73579748333227
v 88.21410515723174 47.90640886054095 -31.57314461395702
v 82.91627625754023 57.35653312773749 -24.081717908044595
v 54.980070571977734 65.09398839598074 -26.843243421323507
v 69.68712573238648 62.85157330855897 -26.626969578751833
v 64.39416537149846 60.030466202147686 -39.45477894418769
v 29.029105516017353 -0.5888184389891755 17.716065241414572
v 26.638265543641367 1.238707233549297 19.967067360594775
v 22.789092853981842 3.878652321607717 17.838676688589846
v 37.26085703018677 -2.0855652189855256 27.17749401108599
v 31.92774667594253 -1.2783562252309366 23.282359514933415
v 41.03550926367255 -4.025216614718914 23.82384353586897
v 21.413558085570035 3.8184160694011453 21.53733776842432
v 25.16181267967689 2.0927397242741392 22.14465458681699
v 23.757727931093058 3.048502597647655 24.00446559985972
v 86.23454965239152 8.734439173702885 71.16326323399855
v 81.06335883110684 -1.4856451445892844 62.89028930986818
v 87.0336078503368 5.224973796134012 55.785490214833445
v 57.115608204241944 -9.41084333834555 64.33429628297765
v 69.03254848606196 -6.351783875406195 64.88711558291445
v 62.07942132031763 -2.0032101309986494 73.6084544564451
v 65.42150607254564 -6.4653521009287545 37.96316959472162
v 70.35137518583417 -8.014106316710638 51.80555109079252
v 57.17552499117135 -9.447873949164617 40.663443181744626
v 18.06781076405106 0.30029116505536635 35.989063645828864
v 24.373536482695506 -6.454850534458263 47.15758122470915
v 21.210963195103414 -3.2408557794745008 50.35291099252325
v 22.955607032516053 2.769649213874427 27.254408590998764
v 22.12248594121537 2.6090921632300663 30.52640354535623
v 20.225913469436467 2.477503630214837 26.816273642558798
v 37.610068572108794 -5.127004770299916 63.539968675605564
v 28.13108913273531 -2.087715861691457 43.45641949653893
v 41.64366214767038 -8.853196208624173 57.4923169509498
v 46.506802377892015 -10.622615171132477 40.22205545868756
v 44.74572519668528 -10.153724772662322 48.93966998160857
v 27.319612522062357 1.7433576273555786 28.441458099011683
v 20.11100767739334 5.392747376948108 17.5108675021085
v 20.76591356864907 5.1881491788662455 16
v 19.26644678454965 3.8060045767693733 21.28522191984414
v 19.634480975739635 4.946144811107278 19.185976579944494
v 17.4232355730878 5.781769197588515 16
v 18.333508211813236 5.755063078217644 17.407761765193413
v 16.86870571864654 5.567305566521995 17.40559537899151
v 13.6305720530839 -1.989716234519431 38.904729416497986
v 16 -0.5285041718343138 32.725431122113434
v 12.94810994204037 -0.39108449974891357 26.130247333316397
v 14.299488049937583 -0.35095612678212973 28.99853036477549
v 10.049048535098393 -3.0424437610717767 31.23152803375914
v 17.503984416403725 1.5387177919692352 27.49629504459254
v 18.527117486895012 2.427362886006966 24.388351053415974
v 7.52043677353385 -3.236557967817056 16
v 9.325771475835586 -1.2208941396771458 18.452896168075135
v 4.333980148754872 -4.828685905662908 19.159485252367734
v 15.014652575406213 4.166500610105778 17.59432562371992
v 12.82322976278052 2.0528407268729296 17.916485939120374
v 14.207872781543802 3.133282857918399 16
v 7.239564623262488 -3.7127244454565513 24.960740591063818
v 10.632088801160574 -0.32588351813599203 20.70549700958163
v 11.66528819655997 -0.18194306491940537 23.01371102940132
v 17.12547233789231 3.5183205057852387 21.463157488322697
v 14.782674467986068 2.499652973100247 21.909022258514774
v 16 4.450258440092533 19.192270054902977
v 20.313938728814463 4.869143166884891 14.414551773450897
v 22.890358586417133 3.697850971978914 14.133897711910135
v 16.91622760883616 4.9965928975389975 14.51751258747205
v 18.472916288772844 5.143011683837349 14.508135955024859
v 21.82189385183344 2.8995792655878034 10.0449899677912
v 20.01042309293634 3.8027601708692274 12.484473536922687
v 19.66380388104025 2.322628010246609 10.0718407923631
v 3.405325680462793 -6.486719449372476 12.589009081215877
v 9.052163931491677 -1.9268583630932703 13.446548255404261
v 11.273092005897553 -1.6460534176632535 8.351702203848653
v 10.336123249876248 -1.2260286465974133 11.035060357163058
v 6.415252072798598 -5.567591865331025 6.1960991534220415
v 12.774978431198202 1.8410000974076777 14.054404936953091
v 14.97994911859671 3.7497305199502655 14.349523003635191
v 18.770783897402982 -5.03698326270332 -10.78454752093472
v 16 -4.691965609653643 -4.938497639438484
v 12.930511390617843 -7.304877930449237 -13.672059087691043
v 18.993308552562706 -0.07645507770300242 6.064204343368713
v 17.89244504280924 -2.1964530541431664 1.5343537269927108
v 21.455276078202857 -1.4563325768975552 2.037158762407028
v 9.329185472076599 -5.345932871025742 -1.0740257401432238
v 14.004034329876848 -3.19183637700932 0.7430531910152371
v 12.640650311581895 -2.042388015733266 4.84919096806307
v 16 3.496391244646759 12.544087536426519
v 14.602802501066837 0.504842291849485 9.217860873189386
v 17.29700143007623 1.6160337231685151 9.70422280803832
v 27.228589047256847 0.41959456635389003 11.81279777871972
v 28.93194461963153 -0.4651119828911412 14.296731833327621
v 24.379380422987563 2.010656116635124 7.354109999770062
v 25.25233190374128 1.9553352113208593 9.794635880605883
v 41.46776242513589 -4.3709640528691125 8.041073088452265
v 32.728769391190085 -2.147302479847955 8.351403156539032
v 40.670980409117874 -4.986389427853457 3.029698032445104
v 25.605059757478593 -19.4655296204241 -47.32068574895794
v 28.034170543005217 -16.271370813013398 -28.77864841701701
v 49.570417265152265 -16.535609083120335 -38.31807615153264
v 37.178718655742145 -15.577926859514594 -31.93401296855503
v 42.738178995374426 -10.140483233519127 -42.82129377060061
v 25.058467861221487 -3.8123947423683227 -5.492406992546243
v 25.176341576746438 -1.4544389046296864 1.152367436445461
v 93.23947110197815 4.283611796122244 -27.261356345594827
v 87.287773579667 -3.158443928442349 -35.37614146364688
v 88.22795713673695 8.5282269405386 -40.728915214908284
v 72.80027664090977 -19.104501534478956 -18.022405201653804
v 82.08514276163804 -13.198445095582358 -27.535512163284956
v 79.45747035703882 -12.845628721077446 -12.200823776147498
v 71.20023570537603 -5.566708396278294 -53.01128906356392
v 79.84555889203239 -10.909175110343547 -42.854897720611724
v 68.02069295031113 -16.15055636161432 -45.1539922604558
v 31.586182876832858 -3.630233349114299 -1.1308727050243057
v 56.86330608202698 -21.178664071193054 -30.825182091932028
v 59.365623281347474 -21.844225231297138 -18.43181357094864
v 34.80251617836093 -3.026536581543464 16
v 66.07897981364937 -14.950511646755203 6.675690762964539
v 42.24686138219768 -4.865484685493566 13.270306330346521
v 42.15250376611782 -4.7904731492719606 18.71988040537223
v 66.2545704800898 -15.059032646722628 25.35700282782186
v 96.5017514178501 16 -19.485542274816012
v 94.66498443447239 4.795178849834976 -14.48785264615466
v 82.24597266978292 7.074689893854918 10.483854994269409
v 88.55086154758793 6.030750828598892 -0.5250437838682238
v 87.56286574213745 16 6.032441211615648
v 85.78299322210718 -4.1130717098103915 -6.944480180160795
v 75.19020479297413 -9.654706021614189 0.1445197072558404
v 82.9515692657041 6.46360506217354 41.94813426680231
v 89.80810226370393 16 48.534950941723956
v 70.00416724794744 -7.406930919296812 30.466278880446247
v 72.85819381705814 -0.38784575910823804 34.694837250144516
v 80.80212240915142 16 25.02589573554441
v 77.8579459056439 7.500069567610566 30.089498631252333
v 77.37709605925997 7.73067291993396 21.110725199570737
v 71.54158584196819 -8.310224497152557 10.991818328873133
v 75.9816461797972 -0.5785192638618888 16
v 72.4366690310141 -8.701997129126841 21.088891271934237
v 21.071030303438313 2.2019373104286295 51.601864103010456
v 40.82757730088501 0.655713369737688 73.28186414276894
v 28.825328965899544 1.3691912151543608 60.49791942332313
v 21.309682562557654 7.1986614722786335 54.64102881116192
v 24.436549688083417 10.785925544987126 78.61826574286142
v 77.93727628827897 16 77.20802041206301
v 58.090332070399455 28.680348441188393 84.10358788767603
v 67.29413981478154 22.710473820916064 80.52331195419781
v 66.58991285761711 9.381655544682022 79.63745918801919
v 55.592536801239625 4.072150120588766 80.06207024523673
v 21.11034936973538 29.905048234756254 51.87790900339618
v 22.404898403803177 19.958444908040313 63.538821572031594
v 22.526625099112138 26.818544473050167 63.497285482347756
v 33.00302464302287 35.39661766006309 74.99257808744576
v 44.92844013462861 33.87875924471706 82.7433216528522
v 44.62166245970573 10.103613261791647 81.39193098080128
v 46.630094854199925 22.310146566176268 85.980597788862
v 33.07673965128414 16 77.78422447537903
v -1.3014790818250113 -8.006939568461242 22.45181610422819
v 2.3828152227363315 -6.733838417201742 30.05028483657879
v 0.5319925077060788 -7.479808381085114 26.37410024735361
v -8.581569805444843 -10.665989126721424 27.2389927091861
v -16.82278998383609 -11.920732832119413 33.25596188105491
v 4.263775077497254 -15.472386490247814 59.67000514657368
v -12.931292446961471 -12.03948529710064 62.811814517646766
v -4.297896167955358 -14.264601509304825 61.94043832228533
v 6.59624452891666 -4.567596894767352 38.31164728288313
v 4.741172925527081 -5.415561710035536 34.21716487995472
v -46.300796954981735 -0.7432122680252817 60.89934804991609
v -40.843154255395476 -19.131001357587635 50.04808816766003
v -44.75616459759881 -10.843938926177813 56.02489262032341
v -34.8798799541091 -5.444492350575096 62.902716221813776
v -23.11958635583659 -8.177233993743648 61.98783187148519
v -3.128212862691978 -8.091291948351216 37.023940384560056
v -21.50986953573053 -18.127606709643587 58.98248574722447
v -30.18249128550704 -24.302443956867748 52.66837485231064
v 1.205855370181128 -23.67264096051366 -39.04839728187258
v 2.947966353992321 -8.826443299878388 -5.118634061547638
v 4.666822917389565 -8.787566891644573 -10.889453946267714
v -9.326457865631635 -21.76229558980696 -41.32163401913837
v -20.455521379694765 -19.33177985733044 -42.986272669944576
v -3.254645982907615 -10.717087038492611 8.819837284071546
v -21.38543350562984 -15.801949232155462 -3.654685533970696
v -11.744779263504938 -14.09742616193832 3.3147494513779776
v -1.3637758784817287 -10.357507946771548 4.3544437300220125
v 0.673989856079702 -9.586715895493093 0.18653991609806653
v -54.63848021173321 -2.983947658492667 -34.9082044493832
v -32.190334958675734 -13.783264933703862 -40.651136383487994
v -44.45649034315211 -9.480774441206986 -39.73074490130918
v -54.759854060814035 -15.26387607602237 -30.61511435706673
v -51.17147814823204 -25.51425657017826 -24.234579525044033
v -6.652138269951632 -12.529548485954237 -8.897109206638763
v -38.661322123820575 -31.701733063389618 -27.400470476311334
v -29.64047559690659 -25.525076479634265 -36.29933124592452
v 83.58833220682976 16 -50.79254021565379
v 62.12475379141678 2.104221062905017 -58.6314193572329
v 74.52504228037782 8.343554926379582 -57.61912245385251
v 76.72649748441854 23.94444693051826 -60.388350700908106
v 64.62449871856069 30.64886486279547 -62.676091612556846
v 27.51377445480763 -15.328501747130957 -64.83403350495502
v 29.370030412530582 7.736866774436324 -83.23584265076175
v 29.00682655184179 -5.560137033685688 -78.65672450471413
v 38.19291690745715 -9.31711463419758 -60.99908758225524
v 45.99369137535368 -2.5371207180431483 -53.20105549089986
v 24.47557711242422 39.06169305441389 -43.50395215475633
v 48.759912139497246 36.246739170669585 -59.583244138639174
v 34.992695731846545 37.66638378635233 -49.895810279368106
v 27.14328110662325 34.471121046021636 -65.09483782105661
v 29.89886664765711 24.5899719933544 -87.16100271381238
v 48.77893893351485 9.247167207976865 -58.89006326526081
v 45.3309290293206 16 -90.12029814969286
v 57.935165268699905 24.639119153300218 -79.80929957440048
v 87.13610259951666 26.132428203953022 43.56991601113701
v 79.22548749613578 24.518360585150113 21.264636370050212
v 78.6079967697139 24.602995286419237 30.26033910239898
v 78.14776141158947 33.91242141042888 36.434034341448076
v 68.5083460755288 38.758599787929256 30.06558820529643
v 98.10706877998803 27.69510205154132 -15.821886601365478
v 88.98086790870622 47.63196880208052 -3.5496318507620543
v 97.5561532281869 39.506368565101155 -10.815466848181519
v 95.05301165143443 26.862712779584164 -2.0060505267704976
v 88.13897592803485 25.719273564099005 9.993158591428486
v 42.635991250858844 42.95334268630401 16
v 60.019899975796136 43.20579436641269 24.196156580766058
v 51.800671549274675 44.46048344844914 19.72329723826262
v 60.05637093472271 51.02352222808553 11.41810370782137
v 76.9210013923072 53.65124948912554 4.656992252527569
v 82.2958644700429 34.32372627680856 16
v 81.58170658582587 44.70472612258633 10.086501206161557
v 68.68498028153098 39.05990509374854 20.75060170842781
v -23.341776906043513 72.33906263656311 18.794948272892725
v -21.1052932550678 71.6122999262343 23.160327431099365
v -18.051093288415323 73.82909833265109 20.42252705782456
v -28.069970751420236 68.07076779017646 29.016681073601283
v -24.156909040180928 69.33843951032846 25.950777351401445
v -31.145175227363865 69.4987907464029 24.702600987972872
v -12.833088666477195 70.24190629696886 28.279241873605894
v -18.941480922426493 70.86276150944252 27.393147911234458
v -16.343737714152432 69.26536593956084 31.21760964444944
v -42.985169361357286 58.85416628253487 42.48533132214628
v -38.73173252912441 61.11913450774924 38.73399480153093
v -46.55151915000454 60.163392599187794 37.79004996825856
v -25.712350435111595 62.95692272333717 40.35916379594393
v -32.552282025588354 62.734674773978355 39.93537606237001
v -28.796368740842638 60.61647234178537 43.574496365342966
v -38.51000501106748 65.12213373634786 30.926050336399776
v -36.261518422385336 64.65879026105407 35.81427373380458
v -31.477267084104973 65.71322545027326 32.164261628099375
v -2.5863275652211364 60.91136638584763 40.00848000171297
v -7.849473018249142 62.08186347676962 40.5115536473201
v -5.323282596679945 59.790617269182306 43.064089860692775
v -13.115525216588452 66.44962080567586 34.5738181164989
v -10.644774923420961 64.6564885523951 37.81927671943279
v -7.453826202735925 65.48014237828593 34.65763797125517
v -16.573612189347806 61.21660232180921 43.94539709066551
v -13.780306515345842 63.31719139329564 41.00590078868298
v -19.686763399464844 63.574813312363176 40.940118134195124
v -24.96949536576558 66.258103464754 33.11267891718714
v -22.727997910729698 65.45329835856673 37.37409724657494
v -18.762595718157783 66.38689142603714 33.87647851853879
v -48.48847165822602 19.19923573534353 61.03253952512707
v -49.16885148527659 24.390775342185414 59.481556214445284
v -55.03352859487366 21.432346539738653 57.826163272957196
v -37.78345612914826 29.444819909131915 61.51950046277251
v -43.44549626432686 27.090105059322916 60.75472863942226
v -38.74731440321653 24.90569722730281 64.24542190125611
v -55.239492291708714 32.127142582591304 53.86840725242801
v -49.22568339422487 29.545177786828184 57.54151029344891
v -49.22754212029835 34.635134792463006 55.60739735594041
v -16.683418645748382 36.19946359161456 60.98598739309268
v -22.416767206835218 35.356900248647605 62.60143086381715
v -17.44947015502342 32.503841376152295 63.376685753030934
v -32.873085308266155 41.353183752084426 59.41449871480462
v -27.705830795166015 38.38413985461354 61.405640098967254
v -27.025541659179055 42.5912471297472 59.19902332650321
v -27.465466904388094 29.207238724444096 64.23289703747986
v -28.260589686289308 34.02328900818725 63.537672245153324
v -32.28414685234442 31.699596538783346 62.112464344723016
v -52.374484054830305 52.55126898065437 44.29641269045263
v -46.51641538662094 49.253309522949195 48.355105663478504
v -44.740180933536 53.539496299743575 45.57665645719828
v -48.36280333444945 39.69617419339566 53.14511216472129
v -48.40318178412632 44.880646482464115 51.26782005944283
v -52.836585386717815 41.95643479567663 48.628873573297895
v -36.606878888623015 48.512839195218326 53.89749745490008
v -41.90877125964923 46.603274333786864 52.44639310277733
v -37.489775214258856 44.040915348552375 56.123687713258114
v -38.26591051478016 34.47732084517464 60.23658705930873
v -38.50398667826811 39.557043721139806 58.68330631654928
v -43.32990426060607 37.04931915830838 56.9325008437153
v 14.173122250225816 41.71518677583387 52.82521818815129
v 10.957704995221912 42.12950827056362 55.16212279683676
v 13.029291130705554 38.872869632781075 54.84507953798984
v 6.613336630725021 47.77998890795034 53.54956934585524
v 8.798105018326039 45.06364311882485 54.60380212262046
v 10.237814623312062 47.21586749202264 51.42273742475894
v 6.243251215801301 38.90998138867458 59.099130936832
v 7.444585258409374 42.23847801378582 57.19789212245891
v 3.9164990896619543 41.68245560532222 58.295216716571154
v -2.6806473631858836 57.6034496640769 46.22592236548586
v -0.299115083207397 55.239861493038205 48.34811885093754
v 1.5880859994642798 57.3715028605221 45.20961709764529
v -4.057431654596584 50.34611405438076 54.66451558531474
v -2.12287844330006 52.761783186599075 51.38556602616032
v -6.53019412709261 52.60160717163671 52.4546198707691
v 6.062738992585878 52.29092325847568 48.70386024283854
v 2.1985365567160997 52.40231510310136 49.89286551727718
v 4.432578205270813 49.97554349579216 51.575633504973915
v -10.776059500394123 36.728867997668694 66.088527824571
v -7.328891285735924 38.69875550404602 59.858451355702584
v -11.425685658024452 37.60817706059737 60.37569155945408
v -0.033371641632321314 41.13322965751503 59.549339962487906
v -3.6913630577022936 40.04625704850052 59.91128970580536
v -1.084373325257232 37.47613344039415 61.30783724498698
v -9.351695338342427 45.5503509796073 57.01990472987031
v -6.576115604787745 42.88659961974807 58.71945218115746
v -5.645395243840056 46.97235123741127 57.28992622477157
v 2.7460022598035287 47.7314198216782 54.92557050663707
v -1.3609577971745814 47.456539639585685 56.16808830940161
v 1.1289832237373858 44.918175555384224 57.91565508403994
v -39.60195570957218 56.60650623607924 47.33880878487888
v -30.30348649154348 50.32878265187598 54.19956020088525
v -34.12948378384929 52.8582641551407 50.52694844157691
v -31.433385394747262 56.84830041283095 47.014908334084666
v -24.15655816767837 56.744809756006525 46.538013334964205
v -15.695274623400884 40.46140391966141 59.399923292273456
v -13.17861083021208 48.46867540541751 55.35681105035914
v -14.234881055159128 44.322499804513775 57.12127942818
v -20.367223223264688 43.612558741377995 58.22992137866442
v -25.165507165285376 46.85332375539508 56.571181774657106
v -7.697363632520769 58.044347383261226 46.70528783426159
v -18.510243326591635 57.83149170538572 47.01330581273192
v -12.952595213506811 58.03611143659919 46.90752153095745
v -10.063431368038682 55.86072670190947 50.326939252656864
v -11.692309267675729 52.41454392291962 52.947978915317556
v -22.846896838039328 50.573390723365314 53.21456275336437
v -17.17772559243557 51.7122782938142 53.27871800954406
v -20.835214665371268 54.45090948927912 50.220965524841084
v -12.76901553176782 73.67992506475721 20.251541484684136
v -14.648879382865022 74.2470542372056 16
v -7.938841918778309 70.00470733998148 27.83308060211946
v -10.382063039401029 72.01677774971907 24.229405801593842
v -4.944200094144275 74.1002229728343 16
v -7.571826906706935 72.92974787044723 20.07487164356625
v -2.858459068041583 72.32921474086433 19.931648174839545
v 1.8162751469828002 60.02580482229804 38.94974889925844
v -0.39402205874869267 62.34441210085657 36.56349653723255
v 3.8200991475697776 65.04597539295446 29.840670547874485
v 1.4324291484392973 64.75996766796288 33.54441197876624
v 5.804135718103547 62.82050056016457 32.497254952789504
v -2.927001793700178 65.26008416874069 34.12656925466055
v -5.408539858306568 67.80446837051048 31.258887953443878
v 12.463516376219294 67.02602467065509 16
v 10.40731933555729 66.24205168077006 19.379845954914547
v 13.962600597938366 65.2411678426381 19.296581481194437
v 2.0754693466932697 70.42237210315051 19.7477392389465
v 6.397375539305257 68.47788465649582 19.561200009163137
v 4.556575884514682 70.33088750120424 16
v 9.983161094241996 63.67063834172653 25.735449854349177
v 8.218782495992823 66.28824681695068 22.841995702124056
v 6.064640095960531 65.79534377999323 26.275072035134414
v -3.090848876954656 69.28020521150569 27.45582699462821
v 1.6856400064555679 67.68773654589987 26.896197555771472
v -0.5868320387351709 70.224783378763 23.584306623822567
v 17.727770263819615 40.32014678888342 50.82746284036887
v 16 43.34174715713141 50.81185096220211
v 19.41728634535124 45.714983569704884 46.06901930283237
v 17.734468118323274 44.204289466393256 47.981314586759524
v 21.05706569862295 43.39597607972205 47.08805056963325
v 14.18940938385466 45.442121941258236 49.384913490803335
v 12.294445286406141 48.22161864804646 48.60551939474739
v 24.773222749235913 47.08541985173955 35.21184602293576
v 23.655484092712072 47.10336061231787 37.90663262509344
v 26.122331642651158 45.05763054744353 36.515625572441564
v 17.79302889143248 52.03775851082717 41.32304258984318
v 20.951146441965875 49.76914818104238 39.747408436217604
v 19.32718338955541 51.96200583257825 38.22574190815532
v 23.938789946544823 44.992497681228514 42.126824757379936
v 22.495614944767535 47.41085897653399 41.046619336192705
v 21.121705196206292 47.22598640383028 44.012286260396664
v 6.010877431980383 56.58466815044852 44.58448083681047
v 4.304574199706456 57.43941533670226 41.61096715200566
v 10.203150091500728 51.3422052799761 47.70487422152193
v 8.10296823259021 54.187693280546696 46.45038079473363
v 12.312997813679537 55.85112288833064 40.62934843483722
v 10.184283995927533 55.66591936278996 43.89418267396667
v 14.116836536462117 53.84935672797368 42.5960179552423
v 17.7865248720492 48.654115642693476 45.31651058019583
v 16 51.171077120331624 43.95997435047015
v 14.14707768933996 49.86772854710837 46.4060790726288
v 31.656378195058373 45.754363886974886 16
v 31.014951739522907 46.10395994365153 18.218938988045004
v 32.23050374066506 43.56432484729365 18.108004032270955
v 27.980238916907556 51.78433678820325 18.497663478328548
v 29.676226238645064 49.03028291641351 18.36421498899582
v 28.801220911717408 51.5112052956004 16
v 31.636539783232912 45.416055128254584 22.65918439351288
v 30.70939454079864 47.23231430363362 20.588328691019964
v 30.20989326529528 48.05673564863111 23.02401615442618
v 17.94097826362579 62.9108002885428 19.140568801971284
v 20.932306327293077 60.309554624989666 18.980759422702008
v 19.259122112245116 63.02412424189663 16
v 23.587142914067105 54.02624095784445 23.846564264994885
v 22.373255094301513 57.18890456982746 21.603979575342166
v 21.12267877592454 56.58632299997941 24.28866837289361
v 24.937004665333845 58.430953372857495 16
v 23.664781603802915 57.887665873845826 18.842537519760672
v 26.058696425410155 55.31321876233603 18.707263334380922
v 27.996715486685282 44.98845308513127 31.496493475519834
v 27.08460612035627 47.335175235007455 29.903742398034243
v 26.06896839001471 47.253739176023096 32.29193308669211
v 29.294153360779333 48.1692442291431 25.475377485369386
v 28.248703843309 47.878909763732906 27.730699923612235
v 29.891479731982457 45.30662097698092 27.050742743805422
v 24.047545521165553 52.955190767956935 29.021202179257855
v 26.37384555244146 50.72290465471076 28.493710998949823
v 25.14486982541247 52.82452475296298 26.391803019601596
v 27.033633718490634 52.07056470268525 21.0451141665001
v 26.109562349408186 52.50462860695253 23.695474237843637
v 28.4200669499863 50.66287539653239 23.452897414765943
v 6.366414532969468 58.209648124854446 38.07653418267303
v 14.104595918341694 56.605592668650814 37.304828239243136
v 10.308070559480528 57.794885562703996 37.90551453695768
v 8.218122974789633 59.733328245143774 35.04967587554253
v 9.945859085940612 62.10260962733312 32.384697891641224
v 23.711732205597524 49.78902942683028 33.672373409375254
v 21.180718554662302 55.4514512471975 30.020900666952876
v 22.447354851253415 52.23345435931807 31.782827173070643
v 20.915443044956024 52.09327587433637 34.91718971608418
v 17.802489916847225 54.615075308275735 36.26044918495678
v 16 62.02023201737528 22.200299057563328
v 12.08082783325174 62.19536796980168 28.768085682291535
v 14.093426771856244 61.2414967846822 25.260786055496652
v 17.814488362628946 59.05639469386858 24.813502821947786
v 19.520711721561465 57.49870599537067 27.469960239292647
v 16 57.310441621986314 34.08133661801499
v 17.847793410469095 58.126685017943394 30.948962711635417
v 14.045850666594824 60.55142711299368 31.80940020271263
v -13.245495004679675 74.63523409374024 11.67804344520517
v -18.23814927143397 74.14677620408014 11.553178270071347
v -3.449861592660156 74.09570264357866 11.945055078160987
v -8.34969858832384 74.80843291617066 11.79065735126732
v -15.498315169179836 75.25583206441104 2.585709389396305
v -12.026926108195308 75.50929949889999 7.257509013940222
v -10.54095171831943 75.87492356295104 2.880684453934414
v 13.89476361403578 66.88069532404674 12.5936559731569
v 10.168942922479507 68.38351492244504 12.476095121676806
v 5.160561650468608 70.32652306611539 4.789937059396227
v 7.769630332672415 69.19101554636765 8.763066465916438
v 9.441388714253923 67.96303100745541 5.3879440206642
v 6.019066300924628 70.54532659984024 12.298501380940987
v 1.7051775586180202 71.86961352041051 12.152598007702476
v -5.884845373994519 68.88179202911817 -12.269267861462897
v -3.4651382328171003 71.02617872716645 -8.415686474795365
v -1.0534865435639809 68.93344857482364 -11.593120854175496
v -8.084474238822892 74.27970483663651 -1.1661540796399592
v -5.648103885338397 72.34212069659955 -4.73259455389729
v -10.62109919621328 72.1620849028655 -5.177219738324826
v 4.283941541462966 69.80139500236876 -2.9569808000936284
v -0.5112532667596099 71.26578066091861 -3.8852802948094514
v 2.148199183826094 71.77837539150559 0.25946040823567884
v -1.6585613297463162 73.72842340538415 7.9256466004110635
v 0.15403239018623083 73.21821999029596 3.9379313069704676
v -5.059747535854726 74.77515859272947 3.362697914783114
v 32.5798506577827 44.15762201549582 13.846623087027854
v 31.39477248147159 46.86547477232021 13.724930358497106
v 30.381400516944396 48.443646551147644 8.891207015537608
v 30.96369744154109 47.77227317837074 11.332346134007686
v 32.025602696765986 46.14797512279969 9.175124109659144
v 29.95515145501669 49.703932112362274 13.587567091393336
v 28.3201750849135 52.79970805139637 13.43146596911568
v 27.90143223469628 52.94164530829041 -3.256921870542204
v 28.86786679297184 52.37629127101055 -0.14053789183707366
v 32.02589815405892 54.724432308295874 -4.701101602296799
v 25.79471066699903 55.44130122035368 4.869748194490718
v 27.299219009596882 53.82027622828752 2.391818144379478
v 24.91590220397368 56.94277763943287 1.5737671936004816
v 32.85029213184313 51.548777695898956 2.595506951051558
v 29.635456410597946 51.48812103398323 2.9411939809781753
v 30.061406096243132 50.0258453952941 5.977764877449303
v 21.03313389901782 61.21534281018833 12.958307067790761
v 17.99388420339529 64.1894647749593 12.773827589274912
v 26.147432462362385 55.66003300995494 13.268853668347962
v 23.81482925451693 58.70766912809979 13.101816266302206
v 21.345228788047944 58.34955803203736 7.351238143294019
v 22.61043125567177 58.7217203966492 10.187472305304286
v 24.075493807771046 56.47382221027273 7.64838703423383
v 28.631742183476142 51.25363487251078 8.420082835115222
v 26.410015549693327 53.58953536266599 8.075818545903097
v 27.472545317012603 53.50543100486404 10.75419409585109
v 13.72849742608942 47.97373932498664 -29.78772603122674
v 16 49.4192615712763 -26.549817551899878
v 18.2059575344014 47.05112535510481 -28.466504410691456
v 11.40917223206938 55.91950276013 -24.395119056286262
v 13.744734536271242 52.67300614557052 -25.584133781535726
v 8.887499031743744 54.53102134829045 -27.723732882870344
v 22.369485776903367 50.50583606847164 -23.156085314227113
v 18.11791998364453 50.43962310654351 -23.051663475947493
v 20.005115522302543 50.82644704383344 -19.241382717025594
v 1.4978928057154715 67.38409268230755 -15.757115758740817
v 3.881582077844591 65.23575284316797 -18.677588798170767
v -1.7675540290145477 67.00435738851428 -20.01072348405271
v 13.771917770909175 60.781815673974776 -15.467324062951036
v 8.98687454166778 63.83281520564926 -17.6373719956714
v 11.596537355450273 63.59501679527134 -13.415338074599784
v 3.5026673739531216 61.640316675704575 -25.129142054894906
v 6.334787652995729 62.738087862575924 -21.268356655575936
v 8.822303792174365 59.76094203204113 -23.257175718099802
v 29.552771429528697 54.905208700517264 -11.46833377258043
v 25.346140298776646 53.97230436712759 -10.744548027053355
v 26.57013276984457 53.45225949812638 -7.146769325323181
v 21.90814520089517 52.020749857227216 -16.31358469402975
v 23.742995316055914 53.442818885764446 -13.856427428691475
v 26.299076001391875 53.61227329350201 -17.89460555867391
v 19.89857242690657 58.13788900102582 -10.042647616804313
v 21.77371312811065 55.37943998695041 -11.69272237327618
v 18.090333134991464 58.01322192071295 -13.52188626590383
v 13.756105611732393 57.0139192523168 -20.821851519500044
v 16 57.68468579315626 -17.138102128532907
v 18.102376831336016 54.42726023524137 -18.49957713083753
v 16 64.55890461560016 9.457665958512806
v 19.815931190346074 60.97846432496444 3.568258212934751
v 17.935698710189822 61.93262177421241 6.59774292518434
v 13.920429455192366 65.34658828081504 5.8989151748835855
v 11.688606494683372 66.8184894581866 1.954114965142871
v 25.001064713915255 55.4382523125647 -4.62703585464255
v 18.090207450459797 60.778901315909636 -7.494468091189958
v 21.753810534441104 58.24926808201954 -6.143665275934421
v 23.369200995443574 57.414132476536004 -2.0394639969436668
v 21.747490950031548 59.767453610237396 0.4452079679020926
v 4.450802118976318 66.60292248931363 -10.466393294112265
v 9.18886137188873 67.86718805309638 -2.433407861473519
v 6.993367766192721 66.61632336110299 -6.0478201118327455
v 9.242442963471103 65.61961070961456 -10.006605571079383
v 13.7652769132494 63.87488655634509 -9.118860925865476
v 18.05676797217083 62.89096520624484 -0.639602429723034
v 16 63.13611871136874 -4.631201115830457
v 13.821739282835473 65.66080222986281 -1.622499383654624
v -21.725326741425263 72.5415875071352 8.720022718674503
v -23.464940416635358 72.51543791199472 13.196301851827513
v -18.733475405983675 73.20091147792499 -0.3419724397550361
v -20.699789280607916 73.62353894555434 4.033531592052903
v -32.77284388349568 71.34581548263367 6.99694513129314
v -26.064678665902875 71.87243570708239 5.576482309835669
v -30.85756048550821 71.36443772603175 2.159965383975525
v -9.774180965859216 68.93121680422314 -16.713291050899493
v -11.405625900103672 68.95304891045816 -12.166428204713931
v -23.04882398055244 68.05685060724701 -11.289734072408862
v -16.505436836790523 67.64708346223809 -11.294135747552943
v -20.767130424212525 67.03777576898196 -15.54308013542665
v -13.346183902618396 69.5895786403928 -8.031447406514033
v -15.986948441961232 71.42504926918622 -4.405600037890384
v -47.96761300979504 61.16320059645244 -6.283351432137984
v -42.45855174376123 64.19140811688055 -8.282008809797787
v -44.78359662184636 60.160767614742504 -11.292855355196487
v -34.22240468693201 68.58764626096587 -1.0988799231799184
v -38.132195482315915 66.40050932037511 -4.523516565852429
v -40.31669060085219 66.75024312916334 0.5792390127811746
v -32.86218729726391 64.66596309892111 -14.077219290381414
v -35.72549714270125 65.7890971471221 -9.49971236101949
v -29.345029023229642 67.046344824025 -10.480574165365347
v -22.247171404685012 71.4376344202131 -3.6684028878081705
v -25.994445831381206 69.62435372696069 -7.176859570302881
v -28.702432407156465 70.83737236662103 -2.671901271211439
v 12.299064629101382 44.49522318826794 -32.39354348501372
v 9.790132707036545 48.17994556780842 -32.230336632157844
v 1.2052054329778166 47.44508015324672 -35.78540947135551
v 5.760457530732758 47.40350503932945 -33.30766991125182
v 4.166752828574689 43.785841212186625 -36.271784436544934
v 7.256523932184564 51.28477833953482 -30.8670288645838
v 4.55796156562943 54.738776519768244 -29.771708086994494
v -21.490855194646883 45.538333053931055 -44.66147797223919
v -15.817225277577872 46.957811434205496 -43.81656864950576
v -16.994497877964278 41.54291422722654 -45.721024521693984
v -11.289006222186202 55.04778250117585 -36.05546218806328
v -13.247522989400956 50.83178657707772 -39.34336294318264
v -17.23041103402452 54.733910933636366 -37.76793451318121
v -5.900018340775752 43.52970256967255 -42.078950146751005
v -9.581580666025822 47.23914086595417 -41.046340391296646
v -4.006938265729573 47.36202324847464 -38.34221669760169
v -4.356899037950299 65.0089121157209 -24.401419718460495
v -7.032258884722268 67.29487241694343 -21.26697771316738
v 1.5529975815770758 58.433376059183814 -28.43179062749121
v -1.4176210868683476 61.94018118123142 -26.77322412612623
v -11.778515654833633 61.12780991029062 -28.946582486541857
v -6.644813709748082 61.93441017127404 -28.21480578724666
v -9.06718295096384 58.924754249805744 -32.3217643503904
v -2.025653343719167 51.0526810464116 -34.80735766674931
v -5.50352502151696 54.962509737812745 -33.75275570154849
v -0.14471904858372753 54.6521009038637 -31.415309097991198
v -63.853057542930244 22.1068271478519 -31.019303260073208
v -59.61093468144371 25.735239333901504 -34.44865809121589
v -59.8996760765376 19.765338978599967 -37.00102599694707
v -59.900486963542704 37.68433393934437 -30.08821134376143
v -59.89406632515879 31.760641634467348 -32.33608439796623
v -64.97619864002473 34.33133082864356 -27.044097721775238
v -50.484747030240655 26.815015014697348 -42.58889528074809
v -54.617003264858766 29.174252624614727 -37.165420714042
v -50.34143037875805 32.58406967776134 -40.14791216792506
v -48.13101004408722 55.63514394010681 -15.227777447726453
v -50.32465206490791 51.278961061294204 -18.326042406340427
v -53.15159421731923 52.96669240898993 -12.618015553972551
v -44.2864543118862 47.603934681956474 -29.22200470016017
v -46.91306610440088 49.24791355941318 -23.595976372231164
v -41.72705339335821 51.67728106747534 -25.58602268888447
v -58.93729086268108 44.25684762128175 -19.520637401570823
v -52.591687985958785 46.75891962912637 -21.56148752977419
v -56.57355039568813 42.719089332905824 -25.883705028071972
v -30.54537438041791 38.965310721152804 -49.925276695214436
v -34.67195476488508 41.531871760759415 -45.467577008669224
v -28.9701680462303 43.79309233236478 -45.89766850035869
v -46.02549072082326 36.16759625917868 -43.23576195877297
v -40.060354650618905 38.82825377906272 -44.21109940506992
v -41.672383972630406 33.52409434850534 -47.998073785261845
v -36.70819141113324 48.57545377761563 -36.92071412613067
v -38.156002103869824 43.73624257919023 -40.26223998009889
v -41.685240060136266 45.92453784742695 -35.242432612094674
v -53.01189788927401 40.4843385893756 -31.61223878216733
v -46.69202855421645 43.09597861778923 -33.09554734373978
v -49.24908728537879 38.217047667492416 -37.189873768983176
v -12.660905307491301 66.85076457252882 -21.136677341158865
v -18.00992226999314 60.72201275613203 -29.37714348041311
v -15.532857781772062 64.22552366265735 -25.530467659946197
v -18.804355388409576 66.53224938204008 -21.15440207019944
v -24.68504703134731 65.31626216943052 -20.56241405334574
v -26.452995169616138 48.76387015989794 -42.13032875658678
v -33.96575629190323 53.44906261855288 -33.24437765062987
v -31.185641535996382 51.82666431977707 -38.79235849362957
v -24.383234609481775 53.82896159723827 -38.92365825950194
v -21.312379539494785 57.51957565495905 -34.32783362855211
v -42.78231517242581 58.929145515817865 -17.131347838615646
v -31.345140071915296 64.0386968685568 -20.004742060429606
v -36.94304755608946 61.59306685247532 -18.61746938815454
v -39.468297960090446 56.783687046618894 -22.20408508629191
v -36.920293519565234 55.23439446484062 -27.658309369821374
v -24.925111211569543 60.05151150945958 -29.98373315599342
v -30.718954497349777 57.57945162925715 -28.75583908701597
v -28.339123316829507 62.2839604160676 -25.192310787680498
v -28.09505202248419 72.14236611711529 16
v -39.28193650822731 71.9405867435366 9.642459659081158
v -33.65947607944008 72.30970879811096 12.946110692309503
v -33.299785045123414 71.90184913065772 19.031769529342156
v -36.792833600995145 69.42182770775486 22.07128820966306
v -53.9338143111091 59.221474207189246 -3.7373860022266427
v -49.764322471058094 62.31894508663144 -0.18660217525779998
v -55.64705451156168 66.34501278119168 12.435260015223426
v -52.83972420178793 64.41001728832978 5.906895083041043
v -58.13371082484626 61.817153001911 9.141193168955976
v -46.917147974250696 66.16933335720744 2.989035639903747
v -43.03478162900879 68.95907008109606 6.31707937370043
v -48.20715482964586 61.22220509505023 31.80333580552037
v -52.74029605170264 58.48383935668244 35.4005399311427
v -41.01413247458592 67.14638106581555 25.35149252855826
v -44.50486518855727 64.2458097531681 28.512115852786675
v -57.167837094252974 61.220210207563696 22.769444767987835
v -51.37834067931017 63.382331567500145 25.878840589387757
v -54.70244412110141 65.68125315415364 19.517741675469026
v -45.03483462877168 70.79641202762932 12.660750169477993
v -51.04511457970145 69.29889890944317 16
v -44.17247856184495 70.02219811117894 19.29206984932194
v -65.20881444538308 16 -26.731073551393045
v -67.33430557771061 22.14250550539394 -25.564650592084355
v -74.6709352225393 22.328620390301246 -14.355724439290668
v -70.8661358074611 22.217634309456457 -19.967022407469607
v -81.53680610053658 16 -19.160456862076913
v -69.29113200220057 28.530091246223733 -24.169322684670384
v -69.84150041191958 34.8089046939267 -22.05124052418187
v -84.11335743237674 22.702356068939473 11.857716144691274
v -83.01143928021915 22.660623946406222 4.978567882946015
v -83.25350469897641 16 9.120992743676634
v -74.89014377490662 34.75482130813429 -2.1347536051434552
v -79.67375214671195 29.016946153971695 1.1961775961713457
v -79.04852975050028 35.411113996047604 4.0032717909437885
v -79.83279037561714 16 -4.184747845583772
v -79.84172016490523 22.503911828069906 -1.5375218043713375
v -77.70630066735706 22.45298553473458 -7.975732876499421
v -60.61458794270594 49.994687653664585 -11.101891853137744
v -58.039531675778875 54.59528900008246 -7.853200407675903
v -66.83958063211506 40.40020945558577 -18.234005667696046
v -62.483285232596074 44.88002992907391 -14.15531348432943
v -67.71663260131861 45.497647724595545 -2.230548881971039
v -64.70574120141202 45.038878416229636 -8.111718266207177
v -70.63988047767225 40.449591070237844 -5.515835817917978
v -74.56877278459348 28.667664129585013 -11.704103705479685
v -73.428875769919 34.852338343627466 -8.766360594099744
v -71.27232283063768 34.764504149305125 -15.27057637422001
v -59.507437469285534 21.565593270838136 53.660843679652
v -57.9397873204051 16 54.90620140117335
v -59.462553167778395 32.534752581002564 49.45053088980353
v -59.29823190085635 27.062037684910806 51.4629948484281
v -68.87076708031992 16 46.59455260102625
v -64.4572665173287 21.758905424917696 49.3134227829202
v -70.60364459185784 22.044732964243096 44.99403611770839
v -56.08348630709433 53.57564267611267 39.22302432295869
v -57.54171276734159 48.63122105297845 42.014883061245584
v -70.16003358400235 40.31417929148341 37.3966723688802
v -63.58631309340409 44.63609496811004 39.77727693950899
v -67.51997435824605 45.428354975997806 34.187723608163736
v -58.52373276492631 43.42300639300323 44.63395074363416
v -58.699674832638465 38.00261877561837 46.87013565353807
v -84.09899651493672 16 22.937606137590002
v -82.30731092355825 22.61325634698727 26.943052255685977
v -84.69196676728083 22.741092616057664 20.16622435803458
v -74.84610322881512 22.25602105565526 39.243921575955596
v -78.63619513534343 22.422103733585473 33.31692975473702
v -77.31482433800568 16 35.654402132454436
v -78.67046331097285 35.33390406155404 27.949009845270034
v -79.69680900192702 29.020083167374857 30.807390044713806
v -76.58360586008835 35.10426050451558 34.47263972105146
v -66.0417700707285 33.63987808478586 45.39641519398491
v -71.87514968597422 34.524800179073026 40.33607294787643
v -71.29701205791937 28.21004982474677 42.70330402933884
v -60.19907548148608 55.85371992628786 -1.391054859975533
v -69.6718244003826 46.44745128253611 4.74967596244354
v -65.72313895502485 51.59754930835884 1.4582433356692768
v -61.983818182062635 56.87283981844496 5.379600287966852
v -60.95860647904965 56.378425355024746 12.407695412072092
v -83.16968926594888 29.361117576772706 16
v -75.15646732609031 41.19502791005752 23.733630129259993
v -80.01341559527424 35.65363136673169 20.0462102433925
v -80.66071780350298 35.78613200640298 11.926511060091313
v -75.82063600567302 41.37859961824155 8.210022416061257
v -58.95705547958397 55.20411732959125 33.10758635522295
v -60.87858954902693 56.33644229706826 19.58856952569142
v -60.63380533159773 56.16527175783689 26.43654520961772
v -62.95158071657522 50.39029415007991 30.048587581499284
v -69.23027298536755 46.2905255337091 27.192340020840007
v -70.87481567386249 46.8281646071987 12.18942929239493
v -69.70882639927646 46.414404773484534 19.7594271795221
v -64.25492863858108 51.12710886142258 16
v 33.2858426052811 41.90750211390063 19.33570448090599
v 33.96798105055659 41.73089701254398 17.276494900689343
v 32.8644527273402 43.77326646138184 23.934662986079033
v 33.052575945449135 42.774806977810925 21.560225694079392
v 40.637312640992704 43.957610236416045 20.547839737501988
v 35.74480876964324 42.22605457877328 20.892712128717996
v 39.254170061818556 43.47590862431433 22.868443753533114
v 29.277605567728305 43.26759076757179 32.852297885682205
v 29.956988495992576 42.96764150415558 30.344445766695884
v 33.685837787834814 39.57738138397826 28.359957634528072
v 31.71995062514108 40.977040180552336 29.19971389591682
v 32.81265886661264 39.33825630159823 30.423835632544126
v 30.81610951206135 43.05595618415109 28.13284008884324
v 31.950617373813337 43.63826488236703 26.17546012799663
v 57.25613646545165 45.12816469700843 30.371725695800627
v 50.776356472111935 44.668544422921386 30.445102881266813
v 61.92172130855978 49.36325219109216 36.619623829329356
v 42.76964783159613 44.03037368429532 25.11407959677762
v 46.10944785863308 44.03380675602077 27.415604824622356
v 47.98752192588263 44.82581518050746 24.758894120546806
v 50.20742087267879 50.0700483130494 37.05644785581555
v 43.59788857254901 42.56473172994883 29.60524807388473
v 38.7042208113111 41.55886520441453 29.25880291647311
v 33.58236885725705 41.48488950036601 25.04163894233033
v 35.587760424218445 41.01237896851427 26.810543243544824
v 37.599490564199144 42.49652923156558 25.02195996069834
v 18.699572394332787 36.785263772580166 51.299690743955175
v 20.30273940348345 38.29708192853916 49.418197214231206
v 27.69400333244841 40.854611561881725 56.93187966800708
v 22.48918060138682 35.9015743455726 47.24811250580977
v 24.726535331830796 36.490920332358854 54.5483009976212
v 21.867559859568374 39.67886037921643 47.45146108597652
v 23.4125574902329 41.09635059356999 45.65253259435228
v 53.13494224427839 45.25791599724858 76.08559872150673
v 46.470368124542276 45.64733418772259 73.28446936514715
v 49.08452963997803 41.612612926183836 77.88944207457007
v 40.31050500853176 50.78585128157318 62.37378744908233
v 43.73910884899831 49.035369170127005 68.4890798207731
v 47.01151773659909 52.1475325928533 66.17768974053752
v 36.518692724468025 41.793289258181495 70.41566820983164
v 40.319523562822994 45.697970281440945 70.23198188693034
v 34.21971072111076 44.56044156415162 65.48780543148804
v 27.280838568112188 43.15844023913338 38.388571703226724
v 28.284878078955074 43.35950724032964 35.87735027939782
v 25.013845927710566 42.47524399264539 43.72210479440204
v 26.302370242018885 43.173214594230885 41.29998724822632
v 37.376148661707354 50.72679337536115 50.58733508321307
v 28.460847255589798 41.27650155379546 40.330248347915315
v 35.432284382379976 49.27561909360566 53.45942527933846
v 30.67877544084763 44.544343101949984 57.37380097753313
v 33.136506724586866 47.04985389422018 55.64877534233072
v 25.466087056113295 38.66277604191235 43.800882899444396
v 90.06336798906992 21.66405595745458 59.61020187696984
v 88.29593335509325 25.308418379496043 64.2368435013081
v 89.55275063082966 19.64890936628277 67.36215923241136
v 84.97566421484767 35.70595178448944 57.883327987568435
v 87.13689044322204 30.77273641476137 61.306292135418325
v 87.99248793061905 32.29760516790917 54.2686732368738
v 81.94814133072244 26.727725840014585 74.11601786840228
v 84.23625496158617 28.730102092407932 67.3730268243863
v 80.69599378720864 32.17274247349698 70.75530081341034
v 69.69140834388756 49.183115260372226 42.144346541014905
v 74.00770587032326 46.85506720263537 46.021642173872195
v 70.83408479558878 45.31291417225671 38.692791241174135
v 77.09474024589903 48.02766197118684 61.82831520098847
v 75.73137611641872 47.5664734350718 53.593496928949136
v 73.2642025046651 51.3912234865399 57.25258929107005
v 79.92603698907337 40.10479836457809 46.301249942024384
v 77.70438340670549 43.67041059494234 49.78993134471084
v 82.2380180945423 40.386563879722495 54.22733759599468
v 60.926421748668645 38.166525649040636 79.63224754623378
v 66.76470397954503 41.57860493033215 77.5800863744724
v 60.82664870996143 43.70439250450779 77.70012615871946
v 76.75792407355814 35.755446801325846 74.02520682552566
v 72.19057208196918 38.881279425936484 76.35095821888173
v 70.9701077508098 32.702991765172214 76.99940334510273
v 70.02220829176214 49.38756087163541 70.24002920477297
v 71.82727013796979 44.59219009761554 73.99850705212637
v 75.40748390068788 46.81796138064546 68.77232074030667
v 82.620597071155 39.63594257809916 61.962448107884626
v 79.76212606089918 43.55848301952429 65.93356493566259
v 79.85468230664534 37.742258468605776 68.05318009421521
v 30.441835235842248 41.622999542206216 34.712659967076135
v 46.1991789295499 55.71100123635529 56.29272588152642
v 31.48098216083146 39.676207107048896 36.389285152145945
v 32.161492857780914 39.464781299969474 33.25274314066495
v 45.58303524199444 51.858990666463214 42.5853738018083
v 57.6166770831432 48.11842648535636 72.9851693840263
v 66.34191934556688 53.73099478163552 65.61510986500105
v 62.478446126104785 51.28971172712567 69.97115731542223
v 55.00457044992653 52.53749908682662 69.04859104692515
v 51.12323473922181 55.08359155862487 63.3750625467633
v 65.46603795204163 52.125401578777776 43.88043486854758
v 54.33136324862121 54.89287763986039 45.15000028503256
v 60.92374798221391 54.68707109931469 45.37395073315133
v 68.05523797392848 54.27419648234884 51.85332187719241
v 67.89133123892682 54.471535657319386 58.80943362499241
v 54.063620933489965 56.9714228258302 58.76854322784773
v 61.11474566229296 56.15172011475471 59.219038590167415
v 54.75821941310721 56.45826256633776 52.007491808838616
v 13.050903203732497 35.95572943181803 56.00988413971993
v 16 36.106120440095 54.21093336380661
v 6.287225147875134 35.649370235512166 60.32789575135524
v 9.772249731479492 35.9650988344667 58.391700091506124
v 16 30.761934318297094 56.95031901663265
v 13.014411207541524 33.27067460923598 57.71145303873681
v 13.012362095556194 30.330439710156014 58.80426162349309
v -11.4997900679259 32.99580494546498 68.75440683465588
v -8.559508433275127 35.57979871167002 71.3503134919361
v 2.039739883773663 28.28514062968467 65.46975450151358
v -3.5550397819722797 32.23704618164136 70.34796610275154
v -2.028737996697462 27.14237285622572 67.16696928604496
v -3.771738763402997 36.64481865167528 69.73093506909302
v 2.463652887927875 34.9917789270655 61.95638082926764
v 16 18.95656286266986 58.658659171070866
v 12.90803569932439 21.11631866961014 61.96263624493136
v 12.951533906306015 17.884055659454503 61.53505849574454
v 12.936887559390485 27.38083531280636 60.480641370209305
v 12.908460388618447 24.33620516035983 61.55696358520282
v 16 25.190303170334104 59.63355955440849
v 5.906022126357168 22.23842140760066 65.42620791466085
v 9.482659230949045 23.411996189353843 63.90205306362043
v 5.7566863787424865 25.90465147973164 65.64143525930353
v 6.172767118424069 32.376837561249715 61.70573428152707
v 6.02188162143549 29.108277249738386 63.33269118288558
v 9.663057851326712 29.858853587099432 61.306622258156324
v -49.431963803908374 12.753958165661285 61.69138359833233
v -63.05642796274489 16 78.09209808608841
v -36.88368819881681 9.989870312910199 68.26103020211286
v -40.515196385883954 12.934966320218841 65.84069537833969
v -40.80561886216648 6.759480206278502 66.05927830874856
v -40.510837599554364 19.064797286248844 65.83685136901892
v -36.12776054570161 21.924219959837053 67.51400291911503
v -17.290711746556056 0.7975655600996703 69.86550311560308
v -21.55248431892101 2.8769221054989487 69.31757197233003
v -20.471381694324236 -1.994841038217043 67.65681792574972
v -24.654985666245828 13.121374194205645 73.8569715903313
v -23.529223151596973 7.758470273235542 72.21111026380198
v -19.07746354201595 10.748919764882773 72.75652825011707
v -30.92231490869029 1.7423776013768943 68.06890308413048
v -27.231319010494445 4.788347118734681 70.21621363670278
v -32.68137819288543 7.099203209218723 70.26633297403818
v -19.379676669955522 28.36376930162655 66.23258757497618
v -14.25528018380323 29.816283561515224 64.95407167654477
v -30.440619236691603 24.491101320632914 67.76850369834312
v -25.189844240914013 26.682214802430835 67.65600879505445
v -18.457913932729852 21.158333942213236 71.75407592457545
v -21.951007827721142 23.912484340340455 69.96686591702628
v -24.233374343199223 18.848773102253872 73.2569675824607
v -33.5139335225501 12.982660214316837 71.15096030092363
v -29.95822416579422 16 73.81122064661182
v -33.01536710061731 18.986957543884127 70.59563344669853
v 16 -4.107826685898999 54.214176020435126
v 13.020577191148455 -4.160937244135006 56.421311886494095
v 12.890916444007154 -7.938280721037973 56.65447115034275
v 13.03474523361695 1.7769227684183413 58.48357560726524
v 13.036315199782447 -1.1439670319595159 57.40543388900464
v 16 1.6861902612356232 55.7071997820271
v 5.840692322364561 -7.855236510074999 60.87738092991523
v 9.648480086363037 -4.361883080930067 59.234188221245375
v 5.757558278643026 -4.720909581731995 62.74522942991066
v 12.959012551652513 14.120566397559438 61.42334967469969
v 12.925544204048013 10.912652909904814 61.702368998757564
v 16 11.50945019271153 80.79173371840709
v 6.006106060853204 6.3365219446927945 64.43269056401272
v 9.481902765440555 8.587143502789777 63.907613038495555
v 5.8254442962177215 9.711778754633444 65.8207656039722
v 16 7.006962058381882 58.69698717527552
v 12.920267013181858 7.6956309009507216 61.38298102864127
v 12.957839476835542 4.697010449160592 60.176390467259644
v -10.768804907349551 -4.723251805278792 66.07495704932069
v -6.53125790018515 -1.962798221508205 66.77919989852998
v -11.131832860265678 -0.7683948847254669 68.04853365588963
v 1.9473185571599565 -3.716206823396064 63.70935428241095
v -2.1093578249934524 -2.9090303422023958 65.21331103356245
v -1.9802859522824896 -6.602352047457909 63.68380168443051
v -2.539841085740999 4.54174806299031 68.61751984947784
v -2.3705970778171164 0.7464266775959505 67.05612662536932
v 1.7721647352320407 3.4793910981287866 66.4179371857083
v 9.665562566991074 2.1466242106862 61.28871453487167
v 5.856043491568544 2.6738608145339295 64.11936906037019
v 6.006736348026173 -0.6535236833495723 62.47793113142471
v -10.881639837952754 27.73039992283313 67.39686099232037
v -13.369508408386665 18.612885937799593 71.9763393498182
v -12.203229808832972 23.32832793294103 69.81068590605794
v -6.983211710723978 25.388743847702607 68.76375033567848
v -2.4426167261996774 22.814541300841608 67.89309958948166
v -12.123511263269947 3.7276819293334142 69.77128061114311
v -3.103890059724744 8.941118402477493 69.75376412868104
v -7.445046775586476 6.422594481402287 69.82400903082404
v -13.099919633987 8.438676160653877 71.52153586415065
v -13.478302735220815 13.37743507259171 72.18369413674628
v 9.464245935646161 16 64.51006631416746
v 1.8192441589532962 20.352792186597267 67.30645661907057
v 5.604557004288324 18.14017181603657 66.78460921648129
v 5.639449378085965 13.867011684948153 66.61415033669334
v 1.5367920966824826 11.560508970017956 68.32837778055887
v -8.494628174222989 16 71.96289304383222
v -3.3992040235365586 13.60212651175214 70.66761629301973
v -3.0894852856061377 18.359590146849115 69.79481836257908
v -60.14789130744714 10.387199385204461 53.98028283281952
v -54.280684126405234 10.625227849766489 57.38287126311079
v -70.54465255350902 9.959384542826214 44.97428617186485
v -65.0945492057943 10.1954796680556 49.57729040547382
v -57.149849443361916 -0.5596077950359799 54.8838858905992
v -61.84781498389408 4.563403929939996 52.66376476635201
v -61.59647693172073 -1.0023209308973833 50.39644220324048
v -83.5321556662918 9.336554035407282 20.11823608831663
v -82.14388210111825 9.397737715276547 26.924860219638553
v -72.00676411013586 -2.159847330425457 33.55945052387432
v -77.51167446537022 3.277216540887096 30.46927909074961
v -74.22905257018552 -2.426864989839835 27.388428869826505
v -87.43569831912676 8.980753469523204 34.927099925803546
v -75.60813592833125 9.691502366441743 39.43889557788118
v -50.12378978899662 -19.34810477925822 43.36497496676911
v -57.53826217685116 -16.62968999017314 42.01366243821788
v -54.763105569266216 -20.887355284050606 38.79763932063631
v -60.92168183311655 -6.657105867534241 47.788394771553655
v -57.8469662552088 -11.17397200309826 44.373919500092995
v -53.77843143678771 -10.311579744381802 49.07531314493839
v -66.24127347117525 -12.977803309740892 33.90926736472906
v -61.27114525441074 -11.803070249064191 39.08559535847402
v -68.00982092609296 -7.7073938260593025 36.86269630305323
v -71.58169505062197 3.7501321626636326 42.79038577849511
v -69.23378978754165 -1.96797991197435 39.60457687191459
v -66.04854563519851 -1.6413349052701491 45.398842948848824
v -64.78527692682557 9.821880620936225 -31.56821531510289
v -67.91982971664766 9.814335975170051 -25.856692459829382
v -72.32086531536463 -3.352163350247775 -23.15027665280833
v -69.83830994047577 3.3895230286304 -24.427025527305204
v -67.56486815684036 -2.917351883172497 -28.420143344101064
v -70.2732513170796 9.824802699104758 -19.72153790936946
v -84.03655469084201 9.017681153965071 -17.4912403914012
v -62.180234228732346 -24.7537522976954 -9.187204089069876
v -64.79610278185378 -19.850069176858277 -12.58107442131423
v -61.13602452095628 -25.234966805788233 -15.922329116158899
v -77.20827645081641 -10.303178524945363 -7.147007612778239
v -71.09422806947651 -15.337531407501071 -10.02034822508103
v -73.67215609012827 -15.596082986857809 -3.527453197240419
v -66.38786618291091 -15.066260252709846 -23.052246048431748
v -68.89398641239119 -15.239019380014199 -16.618471125579553
v -71.59365584094269 -9.800511460712421 -20.198658752631673
v -84.20236860127561 9.25926074154528 4.845999901269828
v -85.16815897229773 9.227027425092366 11.81407274383619
v -79.56798926623308 9.418811243996734 -8.452065292014623
v -82.00494752562794 9.349289470967705 -1.9333582620352026
v -82.15064951715298 -4.0446387920434255 3.6117319343025276
v -83.63149161735703 2.4445813765694364 0.5837873540262759
v -81.48578987387452 -4.115806766625639 -3.4507424671231313
v -77.58887101497616 -4.122631110636508 -17.533860953033297
v -79.75241083394249 -4.185391247719345 -10.517595285095581
v -78.27212758415702 2.8143554085936326 -12.836923796454204
v -1.0073124389167525 -8.35517956049766 17.208246354536044
v -4.737480862597497 -10.403217357379816 16
v -1.4095105548486302 -8.931144009177988 14.763180382691177
v -12.094148794372202 -12.428873279131768 19.230886896977935
v -8.323607896331026 -11.580944981594246 17.495819367087833
v -7.903300907804368 -11.124677917682074 20.412347373678493
v -8.903342654800642 -12.259492326626471 11.403053369802624
v -8.652105881654112 -11.953434330147157 14.483979121253622
v -12.176567192062791 -12.512273641284196 12.759634811897554
v -52.51916641818825 -26.347173727250734 35.33813062348234
v -49.42464693820669 -30.07970575803742 32.102997684063446
v -46.96976918573066 -28.458690631648068 37.935748894544304
v -50.59015122252866 -30.791623706717807 19.313137940889966
v -49.671012042958964 -30.181690371432197 25.62851641603824
v -55.07615599289791 -27.927480193300447 22.575923676615037
v -15.294011894627825 -12.20085298327631 24.568995667350812
v -20.377008338324785 -13.006563657498102 23.52259080800308
v -16.214275861483245 -12.898863447675254 21.28380503142547
v -54.08781086437757 -33.48425793142231 -8.415344689522726
v -54.274602216257975 -33.4956127993597 -1.2967193511293011
v -57.82710223625503 -29.627658472918988 -4.836186737655808
v -17.008326666988154 -13.611192537345694 10.585954274685434
v -22.787733614862134 -14.928845323551144 7.978882770108763
v -18.356699791752817 -14.960819056380178 6.592372347422101
v -57.22284436365092 -29.25420656967995 9.225465992165596
v -54.877295463997626 -33.84289432514995 5.608151577547325
v -52.395621129312744 -32.06029282581514 12.597032396021993
v -16.20364608696042 -12.912083902676574 17.76187943151043
v -20.820844389748864 -13.2714909235718 16
v -16.461625735894508 -13.14369523125174 14.224006358068245
v -83.12178734340526 2.645336242171325 16
v -77.27448595017121 -9.780433859992424 8.086679135392284
v -80.74849401259411 -3.804099508606189 11.922811983309712
v -79.04712243685475 -3.4558343254533597 20.00548858745019
v -74.02924602001042 -8.883471603625644 23.637997719286727
v -62.9506639169379 -25.292858579427467 -2.0190549391187957
v -61.70014110883159 -24.76749166049335 12.37308176228624
v -63.01058895532398 -25.41099040306746 5.239767226712905
v -68.06410667095349 -20.61724476747363 1.0416932212295649
v -72.94692548574557 -15.611410162131587 4.319593508568287
v -58.30833523982503 -22.864822993242655 32.959527744181585
v -67.12249862894197 -13.541430280035947 26.91554955123336
v -64.01562427617677 -18.85377785326957 30.237922728457963
v -59.36924241836459 -23.502489675632916 26.26432789694146
v -59.720472462021036 -23.728804678749682 19.534510473489878
v -70.56146166874794 -14.71696864350007 12.203173869390442
v -65.3915436307225 -19.624598538876278 16
v -69.7599188656639 -14.432535309379922 19.761668237005615
v -54.85907231495335 16 -39.653772651386454
v -59.71635056607623 12.243755693814917 -36.87300911139317
v -46.63690212692256 23.118563734909436 -45.89940878395704
v -50.49826603273671 19.60645345095703 -42.64475455230402
v -50.26935745820411 5.220022216541944 -42.39908577339036
v -51.323075134722316 12.348814019765104 -43.372152877466945
v -46.16423764894261 8.935153676033238 -45.43230950626845
v -26.225556388120864 35.2825932219707 -52.322385429854805
v -32.88061511208512 33.08180247674888 -53.4014194149391
v -31.84991313991771 19.388071413931087 -52.09622534031715
v -33.21137480292754 26.26018160736077 -53.979265837631104
v -27.224255554320187 22.470651270069062 -53.93831462530147
v -38.200483208594484 30.05640673568384 -51.972595889020766
v -42.027669085245456 26.60965219028975 -48.68487395345426
v -28.413101585436728 -5.913255432505142 -46.90519841955334
v -30.145508128339955 -0.12599295712685432 -49.51807411561417
v -24.6528997362852 -2.5644286531858818 -49.77777351455107
v -40.320048653133796 5.7025653973428305 -46.78134734015503
v -35.68875151430322 2.5949882374935953 -48.82264383452258
v -39.78457211623085 -0.9504715709299845 -45.90320074280384
v -24.772442632047614 9.896384002048865 -49.97119798300825
v -31.6377389316175 6.067908999499048 -51.74153353669391
v -31.75000300981052 12.619002844590314 -51.95404111704248
v -41.05116629745375 19.476652765035013 -47.54628654496393
v -36.28785188433565 16 -49.773310376785915
v -41.47524921281609 12.497503958902735 -48.018650147803044
v 16 41.52290817567335 -32.50533679318799
v 12.246964453108813 41.39576253195398 -34.916781569670285
v 11.48146078292297 37.67352801756364 -48.737676047052815
v 12.126197623805899 38.40870561569942 -38.120623142784886
v 16 35.817489966558185 -38.97467464230605
v 8.083769361535293 41.378077199445585 -37.88502438469011
v 3.879560044592388 40.52018251498917 -39.316179668916135
v 9.736131278483334 19.87128377096465 -77.56365459794343
v 9.885671340538371 26.117469294745874 -74.89065614224171
v 16 22.67019384465828 -80.24064802305726
v 0.13868439594768311 31.336912338810237 -60.86755485567983
v 4.442873098463167 29.143609270954798 -68.9441705932201
v -6.5369739602112595 29.92861591098188 -94.35462675555637
v 16 33.6289620296231 -67.69847548500422
v 10.207331887639443 31.61968335541801 -69.36082451747885
v 10.708638498394501 35.659779063909596 -60.83790845960996
v -11.697026641382635 38.081150688475546 -46.421408456121824
v -17.060754440604363 36.43266993800752 -47.42232015998233
v -1.0812253414587438 39.96531743774959 -41.99136874397497
v -6.260859698497825 39.24385411952387 -44.49527668533242
v -6.734831698133451 30.050898717954958 -48.52323148935251
v -6.477551338428071 34.66368175168505 -46.47029982214322
v -1.6731603876726773 31.55252258381423 -46.62683491318601
v 6.712454068636982 36.31180595094577 -50.40226868816178
v 2.0751936337703185 34.29305041014359 -50.05439367507775
v 3.611322691462499 36.645420570121175 -41.618823120104565
v 11.343199806171587 -19.854871152232576 -44.892460985163474
v 10.804929947274399 -19.153614653389283 -54.48061330857253
v 16 -20.583382163021632 -53.5253558347473
v 0.6233430409276295 -15.107652568223386 -54.177148864620705
v 5.585230629707901 -17.387963686838 -54.89233842584882
v 2.2301766782330894 -16.333147342885667 -44.82635019598029
v 16 -14.91137355608899 -69.7496437167572
v 10.38557588991845 -16.477644667074962 -62.43872813254322
v 10.025275681985555 -12.658234151052024 -69.60062196832622
v -18.095284545902977 -5.072044705467061 -49.40691793046771
v -12.77210184841314 -6.938242605064744 -48.84432949699753
v -18.270431459786707 -10.530686860126476 -48.107844535836705
v -6.526018107973897 -3.8230762162967693 -63.823482973850545
v -9.141093474874395 -4.87528843509854 -53.872897789664975
v -10.184468192599041 -0.18289132036673195 -58.313569814346394
v -6.849433393011321 -12.723177095424457 -44.59680326583708
v -7.179931471117758 -8.203510237817962 -46.99291163435793
v -3.8071801415514024 -11.7898891999765 -51.24608243292168
v 16 9.123738721713849 -83.21388445526034
v 9.44295118604362 5.149955173460553 -81.47177527576332
v 9.564564049008624 12.022681849864329 -80.12636108375419
v 9.648592114359523 -7.598326392664319 -76.23125230782487
v 9.428006369445711 -1.7211014910450864 -80.84497439628477
v 16 -4.858980101186436 -83.03389840579679
v -1.863917757788311 4.959491653454011 -71.47252315386733
v 3.269116843027609 1.5215093409441085 -77.57120674554605
v -2.4459454248639396 -1.836089707170224 -73.39326076131762
v -0.8959773137939422 -12.156723183524537 -62.58194253020855
v -1.8150924836159135 -7.4037283027868455 -68.50854549220624
v 4.053931375577649 -10.125978764375077 -69.4096512069359
v -19.759848750391846 31.60460334826312 -52.371720862631136
v -8.443104261376142 25.031719629747393 -52.77703216104577
v -12.774593734455511 27.75454907237598 -50.05932621274904
v -20.0762258427635 25.37404741764051 -52.83206181204696
v -19.72644235630309 19.178436545221015 -52.09223475211705
v 0.8076976144902677 16 -96.76121912320203
v -6.731300655345532 9.022612546689324 -66.24261837953287
v -1.8399552687025924 12.327182066105252 -71.15310710032351
v -7.576823416508759 20.85390117655382 -99.17929195199363
v -5.849644553097047 22.706762541906112 -63.05275663520911
v -19.486425398206897 0.5147109974652508 -51.84894390002698
v -19.18520215653077 12.86971539819228 -51.06066675067352
v -19.325782817478732 6.82094771665977 -51.40024516559524
v -13.265788130410755 4.044795839854068 -51.18698664596751
v -11.01058959554722 6.019595316023906 -60.001320022073614
v -10.27465899345001 19.24772646015304 -58.04288208635522
v -10.780242638224507 12.68977996452162 -59.467633981485804
v -12.954253997735233 16 -50.15180308572327
v 22.213874200424485 48.200709628924066 -32.26145718378676
v 19.773465375912096 45.05366543963949 -33.34194803678942
v 26.538806619586147 51.68074663993737 -26.158500248344794
v 24.605099979440574 50.726354027747476 -30.125301423720202
v 28.35235569437826 45.00476842478588 -38.564876807377374
v 26.56649084764517 48.40621830301365 -34.88206278744366
v 31.24472012161262 48.401358732377936 -37.360259258592684
v 34.09538170520585 56.300011412259664 -13.278942638426095
v 32.60066704866526 55.96584307529669 -16.94659544114303
v 40.513136168412714 57.97601094544541 -31.253733765625476
v 36.46245046658785 57.507543620772 -23.95366377961701
v 43.39647683655616 60.50716569071447 -28.328430693547055
v 30.706397034205963 54.7891400843432 -20.115151047013043
v 28.597970853922778 53.00244655219611 -22.745089611041777
v 54.280220505752276 45.63489223549527 -55.608740259367266
v 51.65675853784814 50.69363520984355 -51.03491351903365
v 59.35299772589067 50.15700386307861 -54.14662383468797
v 37.468911411412584 49.65375000719087 -42.31318219135079
v 44.39651562696625 50.67662000070141 -47.323581037901135
v 40.26421740477509 46.50164971759875 -48.348817022586175
v 51.961862245718784 57.917735167559044 -42.1875154123146
v 48.59294362900789 54.815952271094545 -45.67370513053562
v 44.910819572919536 57.36843186676 -39.14917116624356
v 31.348689595395122 52.746325358652676 -29.077455930001037
v 37.56716664751476 55.07782280719036 -33.9000034791826
v 34.501381048897954 51.977781024570426 -36.148250404899194
v 33.90259672236779 41.63726393211459 14.728150182210241
v 33.604358032754305 42.38488347730903 12.602830575618508
v 47.30243487694384 52.985316530802 6.754388880386976
v 36.67973392589273 43.46786950141586 10.875615855371763
v 43.57098438772063 47.286644228546294 10.910629246474889
v 34.09066927450145 44.40475125128865 10.101289773172375
v 35.30354834662002 47.79009722691428 6.917751495273693
v 77.20063866041494 60.4637588422176 -11.480114232069155
v 71.10590277004732 61.42758879283906 -6.889414407652538
v 77.20399179099206 59.21199476580344 -5.320633895148283
v 59.42755695954224 64.8877853906794 -9.360809501272207
v 65.43523086590685 63.58456946837395 -8.370653492290167
v 64.2037810237216 64.01020089946465 -13.671935962579926
v 63.380242458992434 58.6970903058744 3.0262370412521467
v 64.91646721351185 61.544335302635886 -2.5460411545187966
v 56.75045141798969 58.66960806640791 2.1259714672147503
v 37.04133388535989 56.65598743973689 -5.62545830457249
v 36.048325201700194 57.17229754917986 -9.445879280317154
v 36.57861407254953 51.657377599871296 2.8721779178007285
v 37.26741249916856 54.83679317160471 -1.4157807584926552
v 51.47869321649657 65.24924975291529 -14.437710267734015
v 44.92495397127708 61.95814292226704 -8.287679139577069
v 52.267827993301914 64.34944336958594 -9.346202021704855
v 50.344621131529316 58.131237079588615 1.6544858873850803
v 51.947003346592645 61.90213740697726 -3.839258074328619
v 43.135031509873244 55.33106427423412 2.0459554913861737
v 92.82644727849461 19.811315561259605 -37.64819377298095
v 95.72028329155516 26.264335983670712 -37.190472140765046
v 95.7271726994361 22.097200002650354 -30.945179390377724
v 89.48506492664306 34.369839632045014 -46.1939103151527
v 92.968877530659 30.35925329511307 -41.94755606460872
v 89.48416266749761 27.95360376764259 -48.75704734743415
v 97.36795848192382 34.42001712644267 -27.252343468073292
v 96.46557541466734 32.709990114225505 -35.247627551153485
v 94.82042047946034 38.51854220299167 -31.861250205237837
v 68.27284996204239 48.30639796536584 -55.949198303934594
v 74.54041624544666 45.49652144534967 -55.01240835058803
v 69.32987817896066 42.312759095913876 -59.53461588546564
v 80.90743646350613 49.67109224139131 -41.65798903736368
v 77.96644847947258 47.73639818354927 -48.37645061723258
v 74.76012697913406 52.31575565636454 -42.99705147577998
v 79.94802944472805 35.43098627450931 -54.96205193750974
v 80.01436169341139 42.0671931768768 -52.754026250733716
v 84.44311426527572 38.254287377358985 -49.36473919381446
v 88.43843576548976 54.72375472813856 -13.978257260814203
v 89.03475352183693 54.84815291750875 -21.79882695914864
v 84.68391191658245 58.4489920447519 -17.44475494921719
v 92.47460391348763 44.155323289577794 -28.13508413171776
v 92.07649559076035 50.11536998507466 -25.660242288048465
v 95.44011421015921 45.954741843644186 -21.654997392008504
v 81.03671192095939 56.19489848368838 -30.851831482301854
v 87.24146962503275 53.649257469156446 -28.837673994694967
v 83.23133838324782 51.24464742697187 -34.43149302887187
v 88.31329349998401 40.62238102512927 -42.94848668550616
v 85.4591033557636 46.02076057741478 -38.3949968744033
v 91.07481418367664 42.63536616478544 -35.7951264747873
v 41.785714298571676 61.74954186071836 -17.41121788176975
v 56.9276358710661 65.61031553035528 -20.780421263603728
v 49.42493478173008 64.52947630029337 -19.681840740660896
v 46.80411739065572 63.11100726776115 -24.570677416537038
v 51.72924506686549 62.98286990961853 -31.671119827182267
v 76.54820240335772 60.21878560023498 -18.12665099944146
v 75.06120988623519 59.78718733656663 -32.7244571312875
v 76.43442132185154 60.43508484445097 -25.624528951330852
v 69.89732879418233 62.4148670754099 -19.241438031296433
v 64.09150321928216 64.79599345561425 -20.572331734122315
v 64.37896603866554 53.33734582042878 -50.24468284264063
v 56.598096983911816 61.175777583058824 -38.75968822839119
v 60.272093786825074 57.47184721299938 -44.21274355792381
v 67.53603006204833 55.12978586925463 -43.8440657491973
v 71.45072181534368 57.560014450201834 -38.65015420005349
v 63.62267459712851 65.711537375484 -28.242823623914774
v 68.94831431784203 63.12352615156027 -34.72344321559058
v 60.62370767058622 64.03265559581112 -34.13950127947856
v 26.509566199192534 0.9498636069877406 16.746628551309097
v 25.44450165473323 1.844864368371347 17.822535771556353
v 23.445290560977533 3.3556353589266514 16.966988010646084
v 30.223910843095695 -0.8062275955819693 20.20123063181178
v 27.779721547434157 0.3535774982670645 18.918984283943168
v 31.34150640375593 -1.4090357469444754 18.831912452174457
v 22.20384806731354 4.3290843571991555 18.6420530886174
v 24.70893978025649 2.3258089368031207 18.839668967860263
v 23.93449898189207 2.9330503619368358 19.733152590397175
v 56.85821087686705 -13.684488183757324 34.34602263620666
v 39.1168233194898 -3.056788677188621 25.602066605392686
v 60.1557768203737 -15.175404430447607 31.381825995238774
v 30.76435233011341 -0.6207021228340857 24.62208130202905
v 34.65983290521895 -1.9612818549411806 25.198952123651278
v 33.523887301480414 -1.4535136459446356 26.786864656303884
v 37.43358041962703 -3.3150450748980305 21.86899047555895
v 35.8233334704133 -2.4567814852966876 23.51575858406396
v 32.74959726643749 -1.5384253611864125 21.70262125451271
v 21.276244076245582 3.2506642305803837 22.815472284354495
v 22.439177347093196 3.5582453673334893 22.617934109785637
v 22.223507443056786 3.219077021788358 23.899044808129325
v 23.245418760247002 3.4455766703966955 20.622107594817596
v 22.702016767605762 3.7613302019553423 21.48824896629652
v 21.540024427690007 4.312303711481112 20.40711759481243
v 26.360053368547376 1.6188374050969543 24.888047281388722
v 24.50150139007721 2.4921750151442126 23.13853298338532
v 27.220097273318633 1.042240251670071 23.841298140192887
v 29.19264759994624 -0.183685987164381 21.51047896562884
v 28.248302372574834 0.3596626654158168 22.759874513015752
v 25.873158015251324 1.6892809449575754 21.07721858864493
v 89.31444712330764 12.362912732729946 67.1957510071035
v 89.41248045856763 6.547821285762781 64.98181912293259
v 90.12466783959296 10.331256086907253 59.64629662838233
v 77.84173690772585 0.5407663353623562 68.33960727682344
v 84.88187105925603 3.149452275860579 67.85909179267216
v 79.84400921383714 5.614551471000382 72.26177638054676
v 82.31717830726987 0.9871671480041115 51.25187834983859
v 84.84197657735108 1.7038399076483408 59.844687089359134
v 80.24904739093091 -2.3555844586201786 55.013236848017655
v 54.770015753039665 -7.961187479747359 69.36367834712814
v 60.01550110705804 -6.177911528484106 69.39297085393173
v 56.206708095775525 -3.837836880363369 72.94740651463894
v 65.20055551337597 -9.523060735113319 59.705394096366966
v 62.63312825948806 -7.883368553514913 64.44678615910179
v 58.668797799442565 -10.370767299152227 58.84084105327538
v 67.82629262537299 0.25227502072236696 73.51076461533546
v 65.68143545386349 -4.230703564348552 69.35988092373074
v 71.3656002383182 -2.0021320150333857 68.87541425803767
v 64.35780038874415 -9.850856408720684 36.01261575158852
v 61.91148473745971 -8.42092693880901 39.761294224262144
v 58.67538372043557 -10.374837622173132 36.780233843221055
v 74.34600727356835 -5.480996479586171 49.672694044703526
v 69.75490686130996 -8.105586381788392 45.436719273457655
v 73.27744087465801 -5.597790636680102 43.14978330784359
v 60.073350798972285 -11.238828791862211 47.75002461691736
v 65.33322027060896 -10.071319436932669 47.04914678549524
v 65.65618921321445 -10.031236674336782 53.24804265938209
v 75.40051902657987 -4.225634067728002 64.42222688904735
v 70.82136646068143 -7.694217712735124 58.93185361183967
v 75.6698653263179 -5.169932010507406 57.167044566354
v 17.825396106007233 -9.694331113101583 52.79535201073365
v 20.44117512198619 -7.0144650344722805 50.493389483294244
v 18.77216974651262 -5.344224561117102 52.24897592932676
v 20.264693143447765 1.5612270875491916 33.06009735609109
v 22.04143650450849 -8.380549138646742 48.38347961888953
v 18.748588918901234 1.1098876774110948 32.896808623467734
v 23.270988488731362 -1.0731269850752128 48.118617773939924
v 22.820906056425816 -4.9189383567339675 48.84550899958037
v 24.90762853777951 -2.932408427635348 47.178884516305146
v 21.953395798889645 2.741262353812166 25.63279675108428
v 21.52023552323256 2.7101203817030175 26.955762560058858
v 20.668234381953795 2.599151779603325 25.46143161927447
v 23.595351006793603 2.9938087560375735 30.641484135921587
v 22.48742037792384 2.840438061773284 28.6669194874697
v 23.92501962114767 3.125345952880533 28.822951108526738
v 19.807574862430787 2.094718954218745 28.53085695064025
v 21.065653064597647 2.6389894217914645 28.43994876203791
v 20.7481201402087 2.05393965832433 30.6028548922301
v 43.80920922053295 -5.528687858028313 68.0211851860233
v 39.792662236761856 -7.1499995558219815 60.730343442069994
v 46.29070477012844 -7.865471227396991 65.01138986125639
v 26.7529882610583 -0.8559258470620179 45.206928639857466
v 28.555853482910322 0.6673244798421702 43.99926638781168
v 29.59524695004501 -1.0900818013985898 52.0546579257551
v 30.946065072869033 -1.4213780488025982 40.18324128596977
v 29.719706115212816 -0.33922556376828794 41.96099079170523
v 29.471717361863213 -3.2766524797694316 41.698131622272186
v 21.774842625701822 2.1744388861235215 32.96009371646062
v 27.770463190053533 -5.327051550949623 43.23334797447505
v 26.368017137879278 -4.161643569188218 45.22343756282024
v 54.249856109919236 -11.934143697560234 37.55868280855319
v 52.650077381250625 -11.171874861413905 46.235667837839266
v 51.38704283343886 -10.01871940369729 40.3730138670141
v 49.236832635516386 -12.62262756427469 37.73231594007221
v 32.44397865829674 -0.6848657513535237 28.50521614551921
v 49.68751095477156 -9.998948496388394 62.12786633706195
v 34.39222110837986 -4.466055105486092 40.80786954427026
v 43.773008873239505 -10.01634307566967 53.77298334179914
v 51.67318255067082 -11.085594152323416 57.423995590563976
v 52.649228435956715 -11.468397408050386 52.12010664185447
v 23.31979410843812 3.0130715364988347 25.484446813259986
v 28.518584893516863 0.8256335030588886 27.250071405498517
v 25.31835237407686 2.470736183972331 25.947542681785897
v 24.35623552939534 3.220193074712604 27.005611093487893
v 25.948458558875014 2.918079757965028 29.273556694756493
v 42.70624171805758 -7.768316257552723 41.584054048558414
v 37.92657294271048 -7.601614064172804 40.63684640979026
v 31.210453610301826 0.12237364777959847 30.1309454375101
v 21.44585966986861 5.081420692885878 16.804799812515235
v 22.001887623802542 4.5936360157857035 16
v 20.87024447776275 5.0129970117969265 18.407384436261605
v 21.12638727766816 5.115191773924117 17.5990834811157
v 19.766736876692605 5.550889915484291 16
v 20.37810015541755 5.426184954354596 16.756844017504974
v 19.470841695039653 5.632780363123416 16.72360781791472
v 20.135173225622435 3.164561409345241 22.69085082842564
v 20.270390239702554 3.927994460966545 21.35647412160782
v 18.731865917867502 4.999333392944143 19.10436485553382
v 19.435673088841753 4.500257837313599 20.137742984688643
v 18.513912383487185 4.455845144167274 20.067595681221526
v 20.43165942720771 4.466006461514308 20.24424229447095
v 20.590611835136222 4.891619550488263 19.27194811480421
v 16.73351540703345 5.416499767194933 16
v 17.150195668259656 5.667175067744026 16.69510211828177
v 16.436712541219887 5.445252845645571 16.706615735007116
v 18.60651144670425 5.812759986278362 16.701533535944133
v 17.840394915944557 5.942329566603469 16.682523243343766
v 18.133041789939472 5.872781751770823 16
v 17.33470956686012 5.4252683095534096 18.159605444289323
v 17.58006818686801 5.788377085217006 17.38934809855225
v 18.128256970837658 5.3333217378526445 18.20102682699425
v 19.83005870182266 5.310778429996308 18.298299575369633
v 18.944896671443505 5.366269719560215 18.241677303620527
v 19.189891890799295 5.571776191118017 17.45857377347096
v 14.047717050466753 -11.480394182220898 55.353068693543364
v 16 -0.9404178059795036 37.56874966731516
v 13.987661410180918 -1.4982726321727178 33.70675377655107
v 14.93388609986866 -1.3361416827412071 35.65774041345781
v 12.57951187689956 -2.5300362672665777 37.02727432881326
v 16.991324235891113 -0.11998249420281937 34.278717210530864
v 17.738333242026336 0.8843384764190052 31.295755323621453
v 10.998033442995057 -1.7230460177704607 26.953444823160616
v 11.658825475510394 -1.6376980320225627 28.4225345278874
v 9.386496813780553 -2.985026275939422 29.404041665551592
v 15.232030162029835 0.5647152164641653 26.846078949177823
v 13.599164955159406 -0.3748245659384466 27.515234111147976
v 14.572817969033622 0.5742411786259041 25.53364325386771
v 10.78267644828231 -3.0536897932698004 33.17038730790526
v 12.324349601152564 -1.7743504359416207 30.17304091077883
v 13.092547397300681 -1.726142361516171 31.901812282299154
v 19.373206773889997 2.295044776058676 25.652636027868247
v 19.77129958610798 2.6374724121682434 24.25849622488817
v 18.377393851255086 1.5055171604119622 29.002747046900115
v 18.894758987733134 2.001807818367558 27.16198035940831
v 17.30426626995849 1.9027815074089478 24.71256017525483
v 18.041920734161607 2.0731398971774855 25.793757109972233
v 16.72992552337208 1.329360911102306 26.30877706660806
v 15.096248396733202 -0.518778902581662 30.83038039579582
v 16 0.488752276980696 28.33098682180249
v 16.84263565664559 0.598298849765813 29.827480115049006
v 5.026344061207411 -4.8550245724362675 16
v 5.99564904777875 -4.0580451774046225 17.478462586032542
v 3.125210150657665 -5.865303469217491 17.672166763934506
v 10.461236678234119 -0.5439916074210487 17.154732135129347
v 8.460402770567967 -2.209338250068317 17.303373348010698
v 9.697316461565112 -1.4839486475618777 16
v 5.27975648119277 -4.1673310533635295 20.565465206800308
v 7.035793403597268 -3.033612642927647 18.796221571487735
v 8.084788118890568 -1.8562815454305017 19.912525947988776
v 15.533110009692152 4.715905014238867 16.755443873325206
v 14.631663835478491 3.707501926286575 16.826931793196195
v 15.186177956741258 4.257798402456707 16
v 13.285495459956518 2.3950890486754375 18.807319509110695
v 14.021553597160556 3.2137488807039 17.73964058685408
v 14.41852068422557 3.4701434277961116 18.558887285427957
v 13.029228118366149 1.8954215745289247 16
v 13.588196793723323 2.819610514686609 16.894433978486624
v 12.272018307143048 1.4296268984683067 17.003373371803832
v 7.951331247113986 -3.448527957485524 26.39669090711933
v 9.8015084242118 -1.5225729819435365 23.774947453286188
v 10.252905403701106 -1.838788302363021 25.298994393372467
v 8.63823191493725 -1.8140351671715358 21.247083411231632
v 9.154003095137483 -1.8176336341191544 22.556476211382133
v 6.616578328256711 -3.7960467643949443 23.464559640277106
v 12.787470108750625 1.247718740248887 21.197982553916493
v 11.154129632826905 -0.2198958792903447 21.836110013377528
v 12.325754985263917 1.2045650647086052 20.17524045370087
v 11.163292780563367 0.18809567565561913 18.211577865875643
v 11.853816074182335 1.0285403940408369 19.1561061185165
v 10.035330880932696 -0.6466560356184452 19.57921315854743
v 18.97816034108216 2.951161591217762 22.82481707318547
v 16.63586677129087 2.3777083966299344 23.147305672963256
v 17.80225680113779 2.7663298455638508 22.93602458871164
v 18.208025898310318 3.5911272984973444 21.405145513267495
v 17.542215261803577 4.255947592641672 20.17379302980032
v 12.274443847098524 -0.32356040453856494 24.53756558661116
v 14.232669551217533 2.5416833008459 20.783036253872595
v 13.352039964192787 1.1187438389456013 22.482083981808206
v 13.947935140791174 0.9320310706360715 23.897416346060062
v 15.334809289981413 1.7494962264966567 23.476914268796527
v 16 5.01290475588975 17.480289718263368
v 16.94880659784838 4.81639589818074 19.091072150398293
v 16.462739720430587 5.019547077985791 18.247662710789353
v 15.51029876730934 4.379771404951823 18.378622693384028
v 14.947142086488151 3.589940766763565 19.430056011586657
v 16 3.051389330226856 21.667530509554773
v 15.452829169707769 3.525394836820203 20.426705005326653
v 16.52787763180747 3.9652483891444934 20.270619750826437
v 21.54957902819833 4.873470413543965 15.179872337485286
v 23.492015231894275 3.2762826765878366 15.026943428804422
v 19.5698304373381 5.337106252012887 15.25575481682743
v 20.48612331500407 5.1652916742635355 15.224481973408258
v 22.403203971651074 3.954048425117545 13.273046559685694
v 21.35828357110071 4.622808630468111 14.328580678442565
v 21.144346123398986 4.39463881367622 13.457125848864473
v 16.446762632133296 5.202355840276745 15.27712287630496
v 17.181825474607866 5.383027543408687 15.28578292067273
v 18.252038640480663 4.712936482253703 13.670959131793817
v 17.672248797615183 5.192634670536556 14.529597832180757
v 17.425568692366717 4.705403181051196 13.693381402452909
v 17.90873982073086 5.568827921827564 15.292130573792635
v 18.7009541826399 5.443641784343919 15.273047528501623
v 21.723883025957086 2.1690047791087466 8.606299943944844
v 20.742002905509857 2.5947882680120014 10.051968456699672
v 20.60698067592666 1.700086954570315 8.545748680836695
v 20.97041036663683 3.9725815804767013 12.457351348148107
v 20.870055873465418 3.3250203678204038 11.335901268112087
v 21.919074099796354 3.5126289981894843 11.2913464641368
v 18.782596066705082 3.2220209000620237 11.497664987109408
v 19.837718037359803 3.154549696226532 11.378055340052175
v 18.972331621092657 4.031027073695471 12.622381148663885
v 19.341175273024476 5.077208656412793 14.472252103634128
v 19.15099841667805 4.6220567254663365 13.601436511200555
v 20.09997007188887 4.557489077661323 13.53973497305246
v 2.52101177327647 -6.89141581991527 14.249360464291932
v 5.73729676504802 -4.576023983170931 14.48335760741552
v 7.246631041209403 -3.7471176952610747 11.673169120674586
v 6.597931040349863 -3.9633215383375777 13.067195210322458
v 4.285030853422141 -6.038646850184833 11.010907733242316
v 8.284957757049852 -2.6330661360842917 14.666297398621731
v 10.435156807035835 -0.6218907963124529 14.839830682668925
v 9.71297269670345 -3.514721262272154 5.827376135067585
v 9.195408521954167 -3.2359623835106 7.464803890427499
v 7.046170973645038 -5.635726291154526 4.434088210074947
v 12.221079364184796 0.7830576979499995 11.705811058679776
v 10.828171800490214 -1.310928387579363 9.771323610492038
v 12.617007880114361 0.46493793317967125 10.526203766351976
v 5.730102203190903 -5.666230524778172 7.830244095852329
v 8.54092136092099 -3.413261835510994 8.85636959297862
v 8.056928169245314 -3.2206762415590937 10.338593669917419
v 14.611051123159928 3.5223268698642816 15.160611248051868
v 15.523676159855668 4.487901716146949 15.2292918369946
v 12.2354788098925 1.2868166188730576 14.986792148957562
v 13.557363074161525 2.6511057079727802 15.094131122352685
v 14.374497071079439 3.121350020883243 13.369881012194028
v 13.989768927856144 3.0083317600345083 14.23241127126938
v 13.23165783484906 2.1252585567337796 13.137002037212472
v 9.808815047928697 -1.278833794915311 12.284861707313024
v 11.79679760101742 0.8226523333432763 12.800490994577373
v 11.129848736863323 0.0787621983098763 13.77312989015822
v 18.432647542001686 -18.24202079754864 -33.0359995463052
v 16 -6.110732215105806 -12.151657979788723
v 13.441239003344508 -20.01719762137781 -35.57812667257955
v 18.300836006040406 -4.006899395212617 -4.245269282861269
v 17.290565448376157 -4.9859616886555855 -7.796332237700746
v 19.755881988975766 -4.346987613045602 -7.089090821708766
v 11.758515008029711 -6.977676840180166 -10.074310238172007
v 14.661485848375966 -5.7656584104659885 -8.680443364563047
v 13.550273028365952 -5.301579486130745 -5.555374689902436
v 20.385820068651356 0.460093841788483 6.395809812241481
v 20.123541148020337 -0.7534783918767367 4.200236595079156
v 21.60023926405984 -0.07630428019814062 4.649609999594354
v 16.855543305144085 -1.1954078228518306 3.9171163068597536
v 18.508124199576073 -1.1065870793175883 3.970170045617719
v 17.51832120374487 -0.4108405194028677 5.857542775055048
v 21.120811977295624 -2.7012290761473707 -0.8527644700467505
v 19.7201795080762 -1.9896799439602724 1.6552580789679343
v 19.133821495085954 -3.1062670827029812 -1.1398980312954734
v 8.741448220307852 -4.836732421912792 1.2885939951932688
v 11.239222007431607 -3.3424991685383105 2.376744666988351
v 10.60430094369645 -3.118125157991532 4.1843488511867815
v 12.610234445399392 -4.6667055336441905 -2.539740073567458
v 11.881970402655828 -3.9135644651424215 0.12117703760445409
v 10.074981618301699 -5.638194592538383 -3.499434798657237
v 14.400047945891705 -1.2931511026136562 5.312244845997039
v 13.30375943877156 -2.3896291719677656 3.067899000707916
v 15.114961050247734 -1.7882353687937318 3.5005477461428427
v 17.06243832620363 -3.419256070747654 -1.43439731417104
v 16 -2.5649482062045585 1.2414108931790366
v 14.90510488971615 -4.01250142508173 -1.9670065539156347
v 16 4.643025844817606 14.469876550718777
v 14.889434615290364 2.9097415427523483 12.381941546720903
v 15.492356640919622 3.9540187292147966 13.534227129836436
v 16.487652941513346 4.4283757582201275 13.631326458367642
v 17.031159448851835 3.8457010438581882 12.640634390407879
v 11.924733977229353 -1.8558175899327267 6.661031662294068
v 15.251201711035959 -0.041644421307005075 7.583315090120212
v 13.686639149327439 -0.9866216771434893 7.096980334490633
v 13.106000909991055 -0.2639696996608798 8.915623766581543
v 14.078253873285538 1.3657995840486024 10.79905899819311
v 19.403695583400875 1.0866748012817737 8.200017101470273
v 17.705046710379456 3.015977328435616 11.38552609903291
v 18.494372759974873 1.9818881326028919 9.893890582392071
v 18.079381440671135 0.7314499833066908 7.997455194675693
v 16.72535296656604 0.4606290624798959 7.846846529952334
v 15.395307834974286 2.2140019417054013 11.107937621288169
v 16 1.3518633437395966 9.58859699123706
v 16.582515552209436 2.719592651999754 11.287350187748604
v 25.65048968332622 1.5361356932311043 14.137714057990244
v 26.552884200314402 0.8878304257126786 15.250294018489672
v 24.234917507617354 2.438305355988472 12.1255015980936
v 24.93093960405414 1.9772397558005022 13.087944952270659
v 31.91644133971855 -2.061452960021416 13.061959416630806
v 28.190308631453174 -0.19178505248994782 12.979273307238806
v 30.88896175628347 -1.5920169001534816 11.602337296937218
v 22.877592660432008 1.8758131370819822 7.270772455261913
v 22.92388809987867 2.6216890451669084 8.88389917553505
v 27.566942905305815 0.5798526710063037 7.916304673509753
v 24.48065897802712 2.525291007404526 8.878967954278057
v 26.995908129597165 0.736184548002413 6.566443252659651
v 22.941348348854515 3.32428262408218 10.315763564716612
v 23.429729992262786 3.126213317125444 11.260313784332432
v 61.47387109974751 -16.106021559076126 0.15901105235467305
v 40.52058937971198 -4.214009666947618 5.814849161001613
v 63.05730360301902 -18.18828046516777 -5.129519344387752
v 33.79094629814048 -2.6288170868467624 9.942837736107023
v 37.14062779781812 -3.6832661019742687 7.984806436258772
v 38.1180389723403 -3.9318504587269594 9.943589567152415
v 34.77871994704073 -2.7033070465683373 4.440720543195356
v 35.9609278328284 -3.2136688850678894 6.159632167633699
v 31.32844029550727 -1.2557139292622317 7.04850280553101
v 26.230038670536572 1.1719977427564796 10.739257447275588
v 28.48868732712011 0.05270569579811557 9.107456315525713
v 29.719712531102786 -0.8302471323827803 10.26936960573218
v 20.74375691133852 -20.524391374783242 -46.02950966837721
v 22.063192658064093 -15.419867848822697 -31.09115495840274
v 30.151156927475505 -14.077082978733365 -33.53251987805242
v 25.744840133110753 -13.886309583274073 -30.925471725274193
v 30.166943837059026 -17.26563251962176 -46.58057688202514
v 24.272758234486343 -17.38517064567707 -28.343873758925568
v 21.71667285046599 -3.3546729685505454 -6.868467226466727
v 53.7147415544114 -13.714728866366428 -45.023733711955664
v 46.45329853311654 -13.63072566237171 -41.2523784339478
v 49.79893442739582 -10.165674235861157 -47.225840511840346
v 39.61210027527153 -17.786505394804834 -29.041537352168383
v 42.50400516039046 -15.5644456974712 -34.15196594839973
v 44.998141951380035 -17.800708827695374 -30.919979287927084
v 37.1879079433273 -10.634534943167608 -40.1904300720721
v 39.97193928892773 -13.273515114390808 -37.45687689783073
v 34.95115653328607 -13.707024827505577 -35.47453554980254
v 23.041896861757934 -0.9532551977825499 2.0242647863209005
v 23.012351337684485 0.38287494901758734 4.65377719457071
v 22.44143810413085 -2.919631735230105 -3.8106583562079024
v 22.87965570200748 -2.1455680909832573 -0.8946754430433224
v 28.36939217907838 -4.094795053102615 -4.014096965925937
v 25.246001763528906 -2.755271864631503 -2.0531479535637374
v 28.037964323703857 -4.613670920810382 -7.205466543501579
v 32.53641226272565 -16.15670320761287 -30.609762006205976
v 34.75384803936696 -17.980335136873705 -27.39082169239461
v 24.226647821767095 -3.695432342341462 -8.160782738651683
v 93.85238096984219 10.046176210899105 -29.841259220059115
v 90.86517419609741 6.360780598151983 -33.95107641335828
v 91.28555751974459 12.265127087382218 -36.57218472546427
v 90.11978292686375 -5.175597005982766 -29.006934170631183
v 91.48288576270609 0.32474672071856503 -32.07420808362611
v 92.45944993242516 -1.308832659805951 -24.643153048897986
v 86.37219723457831 4.552616897782116 -46.01466469561048
v 87.20996187173968 2.715125483746945 -37.61184143912712
v 84.88287306361032 -1.219381010769954 -42.29885615321771
v 71.22000930558744 -18.127842609938526 -10.888679284340306
v 76.01744661589316 -15.924074929006384 -15.061774973825205
v 74.12411329200617 -15.071680153293375 -8.054351849416832
v 77.04266135026512 -16.000360680462272 -29.78924984061826
v 77.70068538989977 -16.60720199196323 -22.83293299987554
v 72.66878206727449 -19.023233418636174 -24.823654045579055
v 84.83295766548672 -9.955066879051152 -16.627154015932526
v 81.34113018558487 -13.301255456289592 -19.7814498915614
v 85.78570752791636 -9.692701313800129 -24.27478293866426
v 64.65167789149083 -8.004552863873549 -52.90857296514419
v 69.75129822650428 -11.083448026845709 -49.202972302603825
v 62.78225037966687 -12.913020804841796 -48.39184800742895
v 80.71894294388557 -5.043372594792121 -45.80807042225253
v 76.60619502843429 -8.67935868966525 -49.093516731432686
v 76.87850152953249 -2.4982920960133157 -51.55584847458661
v 71.48434538792151 -18.29121129327396 -39.708061728892474
v 74.66092585356756 -14.04345974937058 -44.942369444076235
v 75.76754474977014 -15.004744940781578 -37.09216674902772
v 85.0496006252267 -8.497714928543843 -31.638250408014812
v 80.76931118133056 -11.993796202344058 -34.72231441313858
v 82.79381393746118 -6.743020782065784 -38.449106948329984
v 24.92110317133011 0.17199623579318413 4.440695559107791
v 32.20205135930654 -5.305204458103557 -5.6173034260928745
v 28.23224135072391 -2.7076683245523583 -0.11051898120561177
v 27.594956625131832 -0.8346528248076801 3.6221330454482263
v 30.884963141043492 -2.0427650502755625 2.623336453014309
v 58.63714666447762 -16.905992421078494 -42.382484980065136
v 65.23519401777918 -20.901510167018046 -32.52436284060493
v 62.65880851052041 -19.426655559868593 -38.18059561283581
v 53.99083537492575 -19.587883594337725 -35.669849612182816
v 48.67328578923832 -20.357396069753506 -28.07051256429161
v 66.35953290140054 -20.77792733565149 -12.384033474223834
v 35.977771749002244 -4.270425215804263 0.8074265347534055
v 59.11271343931797 -21.127458972738133 -12.189783297697762
v 67.15514126188812 -21.61239029817571 -19.233375481912276
v 66.38808464401617 -21.357048832697977 -25.569281680720295
v 50.40212133544324 -21.030209548451516 -22.654457389523607
v 58.914863164195395 -22.193844368094197 -25.111594445611857
v 36.611908564983054 -5.516004123590253 -3.149051222078775
v 29.104832191614094 -0.6852345798300199 16
v 35.12833240643625 -3.3562347093647773 13.800201067299348
v 31.767657377918425 -1.8792098804797455 15.030342563487327
v 31.74101280852495 -1.8489971585171183 16.96801888588744
v 34.76646512641714 -2.9900560035131107 18.15818342542844
v 64.97951216083686 -14.271003267785996 2.176536383120961
v 62.34777616393052 -16.643537078472143 4.5924010727306275
v 64.08806172173365 -17.790559828425877 13.607418231237887
v 63.78267216744217 -17.602110010318604 8.994226386134727
v 66.8931160339755 -15.45367550238911 11.291399175583205
v 41.75725450083425 -4.538507052920412 10.6735233380026
v 38.55236787830431 -4.2313347827290215 12.300946965925192
v 62.674940556764255 -16.873964595651167 27.488124045961804
v 64.96594564445712 -14.26261869955438 29.819634745636563
v 38.15022430309165 -3.8705788148965787 19.63309320138446
v 41.730110079936544 -4.516862437030277 21.32086332597937
v 66.94215313429692 -15.483982097097481 20.713137707771438
v 63.52284662237604 -17.419393428077065 22.967678654641272
v 64.21388530316983 -17.8789736489069 18.39884201707003
v 38.63874324084958 -4.324817949593054 14.761421735799997
v 42.38248855367054 -4.973304307355981 16
v 38.40173672265404 -4.112036070142295 17.225611505454268
v 94.36513674819676 16 -25.234765525413323
v 94.85785203270024 10.18745033157197 -23.331929911205243
v 94.07145063904716 10.550794328943354 -10.13754271264511
v 95.4174063505244 10.315524848629757 -16.882867497221937
v 96.23647813693114 16 -12.923965640115668
v 95.22505009590395 4.3610747872040125 -21.31239728333579
v 92.39672425310671 -0.7394406960453743 -17.864623939062817
v 81.19445640965492 11.635383011966109 13.302518353519863
v 85.34655405993863 11.334970161728988 8.280706717532563
v 82.99055789169597 16 11.357055297545784
v 84.08889827788944 1.950125423587373 2.4146392311450597
v 85.45164745490395 6.550717046836549 5.253584901749344
v 81.08147349900149 2.7088538409167757 7.785619924243951
v 91.45491913756825 16 0.10733413342999754
v 88.83076217554127 11.057634037183107 2.6731202498779645
v 92.06414779259377 10.761922710406314 -3.4618043393648996
v 78.12817500162426 -11.566915914914922 -5.977421338949345
v 72.42690874389282 -13.414189974735734 -2.1789691559330926
v 88.9898691671687 -5.4989994182113975 -14.16354713153319
v 82.77772144103112 -8.57265375801786 -9.657732316577125
v 78.06239048260178 -5.8677516583872205 2.4849862175748196
v 80.31526310850523 -7.14139090866842 -3.214884606773605
v 83.12284728165118 -2.9419255712076833 -0.6690460995657865
v 91.55613799922484 5.432121583681548 -7.111885237691254
v 88.74271709055694 0.6652403620259317 -4.145309292429978
v 92.56615246104035 -0.4625603966065839 -11.434444742114824
v 88.97877175437473 10.620792671511335 52.3996211113972
v 89.94366983280065 16 54.90824433116649
v 81.7253761891345 1.5987799516345227 45.13430084416167
v 85.34462606329708 5.812604527444202 48.65904198237768
v 86.70552606198218 16 41.48821002453455
v 86.6960496446584 10.939775095004167 45.271779825972324
v 84.55899705321067 11.21474146456476 38.952868163028086
v 66.67937441776198 -10.418118236649867 32.327294989063056
v 68.09365922487027 -7.114497142635958 34.427779310154975
v 74.35745168620076 -0.46834946865458704 30.49227933267932
v 72.24390689102754 -4.237221659191118 32.80347912006435
v 72.86086087801982 -4.034986971879789 28.38230291278304
v 70.10767381025443 -3.9103698883353637 36.78957144595172
v 76.00628117612476 -1.6747132008125227 40.797993353003875
v 78.90210151989595 16 20.359584219274584
v 77.98027312184058 11.830509137517353 22.899317672531865
v 78.39539209684071 11.822773847370009 18.58166774102029
v 79.78417440224206 11.607570122485505 32.31984526467318
v 79.48398585857154 11.691915318212565 27.616567235098323
v 80.8190758857592 16 29.652495113725667
v 77.28223905332993 3.484745620792026 23.734852584201494
v 77.33568972597922 7.654938239952518 25.49061406442331
v 75.55303954815028 3.711466076587133 27.882253166170422
v 78.08106161297994 2.6518925995507683 38.244286797873954
v 75.11904334579003 3.5372221990818744 32.37238009395335
v 79.36006907469267 7.137960142460425 35.38122677897475
v 67.72039870496434 -11.050856869837055 4.195758471159074
v 72.91740379881173 -4.228235962312677 8.52567293162232
v 70.3371001223577 -7.668542662603244 6.331295421000018
v 69.20371077711678 -11.885102307547097 8.754334324882361
v 69.57244581603496 -12.108240305231533 13.499323965229909
v 78.62621934911841 7.562378723721183 16
v 76.22763193827856 -0.6465080553564597 21.109656425206158
v 76.89255668487107 3.5354932991137797 18.56614229456504
v 77.23296337761992 3.465813165222329 13.419512240912315
v 74.88499451787303 -0.27541219926986216 11.004251688081908
v 68.40106376924646 -11.406859021622996 27.959590965817696
v 68.93662645795251 -11.77464039140511 18.470997004683248
v 69.63720569191906 -12.112305445683514 23.304702144165432
v 71.22723233360031 -8.056272816949203 25.827094065508774
v 74.48023949211684 -4.783662019450581 23.679556828455755
v 74.33831145897847 -4.7017770871024425 13.44111962652938
v 75.194438781126 -5.0055801375856355 18.596432495687523
v 72.02235606467252 -8.520654787687338 16
v 18.701065712292888 -2.2773710921587593 52.64488949273737
v 23.196261293094985 1.4416472519617418 48.84284102704603
v 21.086573941074015 -0.3066833260305266 50.62382203943216
v 18.641851061606324 0.7177380333423535 52.90911714629967
v 18.6764136483017 3.162371862608161 54.34531281190214
v 45.3612227337564 -2.1462336007175615 72.32529868168395
v 39.237499742582244 -2.5258417837791356 68.37087293563516
v 30.870828201521427 2.9135521677546414 68.69645509745047
v 35.25995571382559 0.00796961456180334 69.52785941353463
v 36.70580396181312 3.203109387207265 74.76469199070021
v 33.19001423529635 -1.9490904039402288 62.714937404651536
v 25.25502423349674 3.0150068735717124 47.421137086485984
v 20.438140838458953 8.656143272674537 81.973806009756
v 20.37072162784514 13.298745478627435 81.28564165572855
v 18.76937990756702 5.7105126704576445 56.2152375646518
v 18.799037433019556 8.452514531181862 57.24664809088667
v 26.51868729389229 9.49909373534291 67.50584157062299
v 21.291409994089687 9.982221875101867 54.89153740769726
v 25.71702407440149 6.6042379999594925 63.09091601973991
v 23.32721050180409 3.789387143750531 50.07831484772622
v 23.42737661611994 6.24263811787624 51.23286759405707
v 21.16048477607389 4.714051466441614 52.89541878924927
v 86.37632086378973 16 71.27461245873295
v 78.69137331439632 23.12475428084293 77.95323862205399
v 82.75707794997906 19.620489803899346 74.87300052422779
v 82.43234782221792 12.397121543881022 74.58662134813144
v 76.43714377100684 9.131434581199095 75.72555060969995
v 56.895738625546 34.675322716417426 82.17069509116533
v 61.74085866716433 31.984584299476474 80.94354683303635
v 63.49251651786578 19.36276551055214 83.58760663415666
v 62.34169386367169 25.661875876016012 81.89853925517802
v 58.634920445889186 22.382428074112035 84.9847503890965
v 66.76781329300508 29.166174736511934 79.66769912094618
v 73.03810930080238 26.428723242083752 79.58178725472654
v 58.87329468860808 1.0175135947259193 76.87213713578501
v 52.87824656522432 -0.8407070997603618 75.67025638803202
v 70.95120728413895 5.952841361510554 77.25546610433233
v 64.58971701418233 3.398694899184548 76.9361578245704
v 57.39824597827399 9.802701527587637 82.98376906747595
v 61.2104792274215 6.573973409871876 80.28993616155216
v 62.78840476097847 12.687089980485995 82.58557027263679
v 73.17526146892305 19.484215026229933 79.68450961447874
v 68.25763235251256 16 81.73529698410653
v 72.22124246269556 12.5739221343428 78.62187813692069
v 18.650259891979502 33.933582036126865 51.955615750710756
v 18.726426863433723 29.077520449339836 55.061858395273845
v 18.68784177841178 31.548303528375342 53.551650247004694
v 21.05607749916826 32.20891696570848 50.416235677843225
v 26.131558750181814 36.49658845964218 62.23917334792728
v 18.721666264029842 17.68208225720439 56.65363652718847
v 18.76263432990679 20.57137153760784 57.067083716173585
v 28.207263248685443 27.80366944429479 75.15918331303621
v 22.698601590543117 23.61813924152613 65.23430893256393
v 28.062761725558957 23.455196744586768 75.06656191800434
v 18.80107798707683 23.55298773610258 57.27671771915173
v 18.783152349223613 26.34065812179631 56.415232520761606
v 43.86276579850153 38.21328441353957 78.79493850169843
v 50.45766651572395 37.29600907972656 82.10209581430826
v 32.075089681950644 38.55368800347084 70.5755023251075
v 37.817995321823076 38.78143375006903 75.29176507958684
v 40.01196472680734 30.84021033783052 84.14783496766147
v 38.91233836329515 35.024696460970034 79.67867325184986
v 33.8808915373219 31.735327658029185 79.36295364520876
v 21.23442814843778 27.44766223510166 53.42408456551589
v 27.92152551405819 31.661335709727908 72.5515324811156
v 27.248375580741808 34.745136289493885 68.31536400811919
v 48.180923315213306 1.9571401652174583 77.52892651665348
v 51.670603996639976 12.82653116696282 83.98581053398655
v 50.39955969731119 7.061617555173575 81.63304680795697
v 43.02608153246565 4.959725911716234 78.04517612589964
v 38.27806803018104 7.768260602685583 78.68513953928795
v 51.963457494092204 31.693452540715242 84.76101446078484
v 40.23447159566972 24.95462992288701 84.18998988500356
v 46.35823973881708 28.401475484033703 85.69498442474905
v 52.74437641493949 25.547659678884237 86.10686759922156
v 52.46381218491816 19.244037345525722 85.49761284625934
v 21.934715475465378 16 60.04900160498987
v 32.61824310570932 10.899019519387888 76.1253683897649
v 27.20772923441553 13.69259797401995 70.75285176482846
v 27.674120540536265 18.403420784297115 73.03130206589562
v 33.514326761775735 21.376033939002063 79.3674295141765
v 46.02856585203479 16 84.60628408336326
v 39.71803058059605 18.93170980900355 82.83821632232905
v 39.309656613255115 13.118767989383915 81.68740460224166
v 0.4498108731328916 -7.3061567709046535 19.00076986316992
v 2.866783817715218 -5.628470156888071 22.179129913940855
v 1.8558492576834613 -6.208193483615769 20.6118938645952
v -2.6139188980387296 -8.723949400581787 20.612480567318897
v -5.988802235889278 -9.980816317474066 22.494699701742768
v 5.833579646606376 -4.878296794809742 28.90349704640041
v 5.00361006707468 -5.247183920527114 27.30165859687986
v -2.534079357484547 -8.708190974866444 28.952761322455586
v 1.4133905079320694 -7.176302525958931 28.248071040301582
v -1.4654712888547898 -8.244448697936555 30.983893333827925
v 4.207050854360988 -5.535310272010765 25.657188754134133
v 3.4722826864650056 -5.70727071989932 23.9918717270448
v -18.156538100653002 -12.157585474977452 30.187648074274495
v -42.75973970931259 -26.690386134095284 42.38410962372811
v -9.650941603247198 -10.858981597972935 24.733201309744324
v -13.79691252490655 -11.742816526267827 27.297111125225918
v -10.579194980460922 -10.472456385319692 32.360877811826754
v -12.538902311309545 -11.470517600438747 30.069150423628457
v -7.190553258279991 -10.106345144814789 29.542811168499718
v -0.49799291975022086 -7.9131330909439015 24.48400442878519
v -3.718528260875022 -9.179361544189597 26.88271440157537
v -4.877695782920938 -9.611089065072527 24.720471201175158
v 10.625477310067993 -11.851134244195364 57.74244413665872
v 3.004670066902724 -11.62047080227751 61.486841926204384
v 6.908596146648318 -11.882295286162304 59.77890336178535
v 8.19381084897276 -15.502305459994968 57.842956900207206
v 10.176298406316013 -3.717035198715678 39.29661544669787
v -13.544556410475096 -7.277595100254604 63.804096454687276
v -9.694556041757764 -9.000521380691463 64.30591486157962
v -7.032052973401349 -16.956516911552335 59.93506135432708
v -8.622262595668232 -13.323419835856864 62.5912554648898
v -11.951481187233298 -16.580703911876512 61.226446596846735
v -5.415536622113372 -10.151744647533999 63.756157360121016
v -1.0990621046784739 -10.803760582028403 62.443934892818675
v 7.535307840195443 -4.378612350197287 32.79949289419179
v 6.885163922152154 -4.299544046228544 30.748114575841598
v 9.228845074178107 -3.8880677804828885 36.82470323302309
v 8.357141726496746 -4.158567698543422 34.76890582625199
v 2.4612781677182163 -5.99443889901298 37.90611208886217
v 5.575843949764998 -5.145126908009761 36.35353618558076
v 3.5053102778694925 -5.395762212259417 40.085891644271115
v 0.213147538560289 -14.699109402901065 60.497042306655004
v -2.4151727425803635 -17.36668507085892 58.60722787294816
v 7.535324928341797 -4.265293809300061 40.85984325456211
v -50.84226487169347 7.393765347729886 60.59808069773974
v -51.81323829656867 -3.373853364569971 57.17748098267581
v -51.28149869091091 2.0278986112803707 58.85083612745426
v -46.841390960865766 4.2763594952405874 63.311395757749544
v -40.76266080080518 1.8104367596345998 64.0409432667556
v -44.75781759965029 -21.55039635885045 45.58524440683385
v -45.96434345056821 -16.959655146655187 48.06938317420332
v -39.778572870150015 -13.240770480897382 57.84055793781897
v -42.41918911463646 -14.87301684949314 52.767637870795795
v -37.82578238224727 -17.266162983284104 54.77558399079195
v -47.203331488211795 -12.342591509584992 50.61077015659141
v -50.255010177946374 -8.392819781382954 54.237144080660634
v -24.03202880808027 -4.1707755422774255 64.56082274684908
v -19.28464476555753 -5.807109746080613 64.56635720387254
v -34.92230929103124 -0.557395393919272 64.6319697998272
v -29.25313469529324 -2.4274617875764264 64.6037059257034
v -28.2855274151212 -11.369961152260174 60.46408942359427
v -28.69156785037149 -6.888989566932352 62.42971448782033
v -34.80510445640252 -10.355429388231371 61.13073255383254
v -47.1954841274984 -6.4207662449704515 59.599416510189414
v -41.50027912827448 -8.852064444353516 61.02977079102007
v -41.534531794451595 -3.5902730380509524 62.901107905461544
v 3.740890638564684 -5.750362639253154 31.884445517727883
v -1.5834771018557383 -7.121737268425296 39.46044654266795
v 1.070059988278862 -6.83345773162112 35.66353303949974
v -0.15943435348524915 -7.461792569068944 33.25054564281129
v -4.67517404541756 -9.061352462903919 34.5801499379147
v -17.575975773773997 -9.912869194471895 61.97514267849771
v -27.758243698089835 -16.7965656869925 59.1264857757435
v -22.25413259564369 -13.045233311130161 60.421016199268024
v -17.383804466780326 -15.27225120414272 61.40400702585043
v -15.9179501709567 -19.516891799182034 59.05169774197884
v -39.19018626250232 -24.305788061567434 47.10672407130187
v -9.644264269124136 -10.019925926301745 35.50179298100774
v -34.15124553887329 -27.18884529958944 48.792014954947234
v -35.53930695567735 -21.894852425295966 51.49797164571233
v -32.53435752666164 -19.98272045854467 56.039989483072695
v -20.391052519917018 -23.171081555162182 56.88923398865527
v -26.688857658927624 -21.99270148989131 56.89508561883326
v -7.620434991030379 -8.656492874774354 37.94405812082033
v 9.085385253268573 -19.831993772929103 -37.70391687668262
v 8.899744404719304 -8.039004615871473 -12.403228001227667
v 6.09960288008636 -23.95359684638592 -37.0683899619532
v 4.416581611875927 -19.525018702339246 -39.77899325480496
v -0.36632771756097426 -18.785240481821198 -41.286160923482036
v 5.841264875880267 -6.624399313907212 -0.4371787135331111
v 6.494332243497171 -6.884744617105294 -2.865470227992848
v 0.5654875914316015 -10.429880589270667 -13.75295919485606
v 3.8110180243707727 -8.725029970010198 -7.799421700020332
v -0.051846462969152185 -10.077155629587981 -9.972433159278864
v 7.23830240407 -7.109583852162853 -5.516489142056393
v 7.956492773774652 -7.625189300857151 -8.73782578804127
v -16.791068686622715 -15.905350396532924 -45.647399924791436
v -21.876105859920266 -13.841864739218366 -45.28482664284003
v -5.797864286261394 -18.169402505920907 -43.20667364770988
v -11.272096813243987 -17.303527455218152 -44.81615277428466
v -17.849889607192146 -23.455985296598733 -38.7702718998687
v -14.917227583112336 -20.820289811214757 -42.502846478631284
v -12.425081074177058 -24.673389654635635 -38.22259502606817
v 5.412846775775421 -9.34672257076485 -15.093334054545792
v -7.326048144896049 -26.264762501998717 -37.96953167791378
v -3.9437005999312795 -22.782515267781143 -40.2135923873372
v -0.49232797089463176 -8.718206194851962 12.817422582785934
v -8.157568076712082 -12.543316372800547 8.864725031426552
v -4.225494680034853 -10.864525939435914 10.988175156070866
v 0.43239622761609553 -8.443203621905468 10.923969799791061
v 1.231596410468864 -8.321382658111688 9.051520424652935
v -51.589618034570776 -33.10550841147679 -14.348873233136516
v -22.51172826984456 -15.74786851500394 0.0033306122965370832
v -10.449533484405727 -13.775083085466889 0.5540107006147217
v -16.180972723977547 -14.976243163456822 0.13537629816607222
v -15.010576504642916 -14.886042056814137 -3.088623769069848
v -17.610623095999458 -15.293623092877045 3.2569702050101412
v -13.019419655389829 -14.38609929271757 6.119955919653719
v 3.6099990609580725 -7.939913947494546 3.266042630154182
v 4.751657856799676 -7.100188419506903 1.7232984102180176
v 2.110554809315069 -8.066790410225614 7.139434140659803
v 2.7610593604834595 -8.175860577686962 5.15869583751514
v -4.018851611870097 -11.78888773561479 -1.174477130165041
v -0.616343224812308 -10.401296179405847 2.047603978278403
v -5.29041467267696 -12.382722525366173 1.1209410301824363
v -7.182843538067544 -12.438860150496026 6.316684296144899
v -6.215088249293654 -12.367316838494151 3.7394267145915485
v -2.198851778159316 -10.378455051493233 6.641338019979797
v -61.473411479245755 6.024958612905639 -35.69132828926328
v -49.33745986367724 -0.33309653953595486 -39.29820410498294
v -55.97229229256634 2.572905719623975 -38.18577711569995
v -61.38834189663754 -0.07095234682679674 -33.287771843824856
v -62.12134479788746 -6.31882028901525 -31.436758228353796
v -27.93149351885325 -11.15115617119703 -44.46802003853266
v -34.45818696579813 -9.42416144924307 -45.20826613910994
v -43.24394754918148 -14.733125992338472 -36.62704960226583
v -39.494957733981295 -12.421994789782055 -41.653270337907614
v -37.06861721652821 -16.79820917577228 -37.28259319085151
v -40.40531259024334 -6.968723589464862 -44.581598252655546
v -45.171225116316975 -3.889831688361639 -42.41991877220527
v -57.25330884679752 -22.96440539014106 -21.911939340731685
v -55.11208731186615 -27.949686969683434 -18.62712399027607
v -60.9660185606258 -12.336245289187772 -28.418689743059502
v -59.909717290255884 -18.04058074323315 -25.56891283926865
v -47.39397265621018 -23.179629783419358 -29.66841766988575
v -53.69335309098743 -20.83111828295906 -27.863326541944915
v -48.64227878619977 -17.8873861428783 -32.48939066768495
v -49.63914518298289 -6.349860788176386 -37.50784190002254
v -49.38712303333462 -12.260819253245046 -35.2061368659941
v -55.444480844738294 -9.347380855274338 -33.29051055957626
v 2.128583562792789 -8.610950839419655 -1.9735535555035781
v -7.7055159028947955 -12.734572587024726 -5.303425976674095
v -2.4889142526299075 -10.843951436267162 -3.7373158134230664
v -1.428303745347474 -10.654389541473428 -6.954012290071489
v -5.106196303280811 -11.754005810873657 -12.160572975632718
v -48.57866660017726 -31.162262451972246 -20.398332726576875
v -39.83486596937749 -25.39521931268493 -30.06278026807172
v -45.14068090298449 -28.9543701081042 -26.110968992271445
v -43.01910707100332 -34.825598798612276 -22.590376388555256
v -13.909942722541594 -14.348092108748222 -6.745729997452067
v -25.953082232669267 -16.378053270136938 -41.44580453731119
v -22.59488855842418 -26.946695310601555 -36.05771259441852
v -24.133750365243195 -21.595257437933476 -38.58434449466369
v -30.182891275334242 -19.06530565608474 -37.627956570221016
v -36.052362349757 -23.012962511597834 -35.300858415591165
v -12.572144685824409 -13.825398310004616 -10.544337725376824
v -34.337425942426066 -28.79985885029059 -32.22226352821324
v -27.045599561911793 -30.333990755218338 -32.36632828098761
v 89.0026748069397 16 -41.33739003228714
v 83.97024659640441 8.275311900106765 -51.1699579058335
v 86.66873730130436 12.167366057490927 -46.3226890084022
v 88.34155278910013 19.923357077843242 -47.79794332021809
v 85.43668881266885 23.891346443865732 -52.619134080266136
v 60.57372070439752 -4.354898745027057 -56.121795104760096
v 66.7263134581897 -1.7267995682855926 -56.02196919193635
v 72.72709416854079 11.983368964833602 -64.72952977170206
v 69.99894736403101 4.741647458946542 -60.787261231218
v 66.86517310432194 8.385506870415782 -66.3015789264399
v 73.03798942831091 1.2077116046293686 -55.53110039281056
v 78.4858111632304 4.575230855885501 -53.654474885682134
v 71.27086340537046 35.31493638623387 -62.47438834036997
v 63.412091268457 37.65106035144633 -60.71437515007551
v 81.58028771561212 27.990556473664924 -57.10396422237561
v 76.70732751022388 31.743898150058648 -60.13280170351982
v 68.20824633577344 23.815550577524895 -68.47471706430856
v 72.62736785036107 27.806357380143005 -64.52491206260716
v 73.41648887958851 20.06544446783839 -65.71062199342997
v 78.96571955370922 12.16291905677321 -54.13419561675855
v 76.04425238793591 16 -59.53014909447653
v 79.6390936883152 19.878115828206617 -54.88423156670807
v 21.340481929406327 -20.137576953604764 -56.45339098948777
v 22.1405627188362 -13.453691057349133 -71.97660946180315
v 21.744905329690884 -17.232436717534597 -64.26167216218306
v 26.699133214134477 -18.29958538046295 -56.82797589769268
v 31.799440863482022 -15.962962980936524 -56.1066819924191
v 22.61522728453614 11.911564694850995 -82.81191133701887
v 22.750578494289332 4.829718773449462 -84.34863070963677
v 35.43470824624319 -2.792162273527449 -78.18503102230459
v 29.40782556578727 0.7516409648152109 -82.54669173814489
v 35.5656771526981 3.90774650672531 -79.80536425243648
v 22.70439101925235 -2.078105422296577 -82.79598385237836
v 22.51757234560925 -8.215701820570484 -78.64419074728833
v 44.29900577982811 -6.561071953651094 -47.778102305230725
v 51.42469396796144 -5.8936649132635495 -51.95719941726696
v 36.59459326209958 -12.894646324325432 -53.91937803758313
v 40.089580630874124 -9.153327659772746 -49.464940044372796
v 43.555742209762755 -1.030385270863512 -62.205352785057926
v 42.18023275602333 -5.738112171858592 -56.76090553895037
v 39.58780242896212 -4.75745491648825 -67.58603533716871
v 28.33450954876869 -10.975496681921562 -72.18684970679175
v 34.47166592734027 -8.266270358175092 -71.62309944633154
v 33.08278992874962 -12.468041729282945 -63.450794204173576
v 19.90791930721483 42.44381847176341 -37.01806265122585
v 28.766107974681972 41.826397284003015 -42.26292816088971
v 24.306294469565493 42.62855491674299 -40.540151554472494
v 20.056451764877743 39.46527381005329 -40.6724050284471
v 20.535220765363135 37.75354237326267 -48.97667467404884
v 54.65779591074535 39.891831802997324 -58.159442227348265
v 47.665342873239645 41.244847276911365 -55.364891509342414
v 44.747118703620885 41.29769452946883 -85.86865381118787
v 41.699233511201314 37.3387262826665 -55.42409769071803
v 52.020133513950704 38.26166679093072 -86.22795769316556
v 41.1921155529645 42.30454828816917 -52.461147561533494
v 34.57876550539036 42.06639769908731 -47.07557096714254
v 22.18016912479697 26.22641647823613 -75.8693871572615
v 22.4056762305079 19.958925631381188 -79.68183896299476
v 21.430323613449886 36.17608557902599 -62.85583107291346
v 21.927314463885956 31.98275151934429 -71.34497471589142
v 38.54054172078913 29.930820908282726 -94.37209666467635
v 29.83176761724399 31.73049691645467 -85.66263969366923
v 37.95376248350584 37.227932103599755 -90.39294268618629
v 29.253065536321408 38.085901910785566 -45.63902892282243
v 30.372630428972503 34.881357919718525 -52.17871383864757
v 25.469958293023964 36.71074066636925 -51.7064447041478
v 54.652008131879484 -0.8666612580460331 -57.901439830448254
v 44.249074240036734 5.561975614566766 -63.48611873316095
v 47.80254981939775 3.008517446723692 -57.01076193479581
v 55.18533403645541 5.818081832207588 -58.764121565228464
v 60.073320259324575 12.078975611834117 -68.00083163818579
v 28.981907693622126 16 -80.35509489818463
v 46.4965828346473 25.360945845801332 -94.33767323648051
v 38.55134387722332 20.642779590989235 -94.16954126762242
v 35.382013510978084 12.009709343666554 -78.68648737621173
v 40.50226225342561 8.47901473756734 -72.65001763415742
v 56.59710365673836 33.715446843012245 -61.62040210025782
v 60.47291812229662 19.956574987870038 -68.76243871958991
v 56.641862440489405 26.560382544417152 -61.54312216175511
v 58.36644555363415 33.306880780944624 -81.2628448946943
v 53.24420833749281 29.761723713123708 -88.79626839738472
v 49.714022869749925 11.832717593800655 -79.00726234444654
v 52.6951410495709 20.53576887812126 -87.40815469966226
v 55.23685829185057 16 -73.64447585587772
v 89.60236393754109 21.425171813242763 52.71065017710526
v 85.36056439936173 20.841206071860235 39.22122491284627
v 88.66660225354654 21.201271532611095 46.08768937668691
v 88.86816352580897 26.705037164937394 50.31851243376661
v 87.55170840480123 31.67783947875481 47.71695803734069
v 78.07135181624348 20.15553241068643 18.568260271156
v 79.91488867807796 20.299634882149867 23.114668890337327
v 76.09887729040767 28.401165380401487 27.991160827145627
v 79.05149569569375 24.57850670620354 25.756104716615276
v 78.09385594494145 28.68100537026006 23.837292330340663
v 80.56474469306691 20.38142602160136 27.814329040631627
v 81.13633557013976 20.485545029803433 32.66580978079011
v 72.69048850560617 41.15415799303037 36.05387655063099
v 67.26891869865995 42.725435576246795 32.51722755026615
v 82.6189730422468 35.62246650143793 43.53073208847482
v 77.30130781570557 38.5574604727895 39.55355218252539
v 70.68893974319991 35.26970816730073 27.90933460068329
v 72.88456680292646 36.46773865848806 32.99488323915433
v 73.16850175097058 32.1328303109746 30.19701978867834
v 83.13042290384782 25.389391332987152 36.5345412192366
v 77.83448570329321 29.035215256220305 33.12439250626903
v 83.83526044825838 30.585323099749992 40.306075785663495
v 96.7024505324277 21.948513559424295 -24.25196028275925
v 97.32990197108178 33.820359238828814 -20.05136963892175
v 97.15299122128849 27.922158388992923 -22.220394250483785
v 96.98292213168045 21.796530379134563 -17.53107108837616
v 97.12876072599602 21.66259880423929 -11.161099625310694
v 85.65462133302073 52.30952519137424 -6.440520683639814
v 90.87416474100435 49.22244381974511 -10.486228927084
v 95.10138325295848 38.32224309362246 -3.643752572805802
v 94.50419371623966 44.24673564177782 -7.453982002071058
v 91.57192617491935 42.627851442531636 -0.4569172388674616
v 95.93844331683881 45.41549437733085 -14.714422956741931
v 97.35902861611936 39.964116237530774 -17.62215773558247
v 87.59091810182262 20.81601102782344 8.030875929156952
v 83.64922388761411 20.528957952373723 13.200950051813912
v 94.70347294100755 21.419831631434953 -4.137103164331101
v 92.25262629453017 21.174576971543022 2.04697313466437
v 91.05766911618882 31.328516656874378 6.526455708932726
v 91.73688437019915 26.304424396407917 4.281055561441498
v 93.36174374216267 31.963289524144304 0.5644851800124702
v 98.45354623947875 33.72841446581119 -13.543958856355125
v 97.34882084063389 33.14899668747286 -6.528676710947096
v 97.17114518871018 27.353237685023316 -8.82946113832196
v 37.216567830484436 43.0131968158309 16
v 43.66914057590694 43.998801349429485 19.182010047417627
v 40.02916552582319 43.24707186310627 17.477712160205776
v 40.08128411408717 43.30617000025573 14.519082723429792
v 46.56406460781564 46.928216618716164 12.485067528382995
v 59.92928829492887 43.14979326785895 28.398141420156684
v 55.25454366564216 43.64765125117546 25.661738432212466
v 55.59106052861233 43.819879853013035 17.969820496713922
v 55.92200321900836 44.07426799607598 21.853262366413713
v 60.26829687676173 43.359312093909566 20.095676496410537
v 51.96945645812915 44.68158697314078 23.43831103438261
v 48.03911413538291 44.7417289267691 21.25507489905615
v 74.90490515536726 57.48773931983293 1.5017092840752628
v 79.55100323129156 55.276680016092584 -1.9359683718195484
v 57.66177645180773 53.3740509904769 9.166610201616084
v 67.15043219437501 56.786703891521995 5.422336013118381
v 71.62477333249163 50.37800053598859 10.853629056697631
v 69.50133734976859 53.62363513338703 8.155770271740797
v 62.10509205377313 48.39716502721911 13.706079248249232
v 47.178032574901586 43.9912992240631 17.70576754446832
v 51.244869567012806 44.01863718042572 16
v 49.097097210078175 45.71421462305425 14.189239359429257
v 82.53404043535916 24.96412143362258 16
v 89.37659148117184 36.280791089672704 9.77479804443041
v 86.87363947881997 30.50760162316243 13.013233575039868
v 79.96829814931567 29.094100894018343 18.69576060407215
v 75.67741795783235 32.49443265137819 21.062976781495337
v 82.54762082881506 50.805806048352736 0.8117143505767661
v 74.35702965742595 46.61860230804477 13.27598724863495
v 79.70207412719527 49.38749926074334 7.324591364109523
v 86.28666553717883 46.61596842917166 3.493241203677357
v 88.95478220833637 41.92786126200943 6.4196631077057145
v 64.13866931388736 41.177537028332964 26.986776855677785
v 71.8063767935044 35.83338105109257 23.328428298138256
v 67.92952187375579 38.61983251130198 25.2403018342061
v 64.98614496700924 41.674593822596734 22.671287095569582
v 66.41206542436072 42.45006080358681 18.353154535875753
v 83.31803650282014 39.88829828581416 13.0472439451942
v 75.8827148952258 42.21031107653252 16
v 74.19255851980435 36.65005558915175 18.552487244734102
v -21.311838145847148 72.75554278035679 17.381295864720812
v -20.449226835227705 72.75342909769603 19.596337460101463
v -18.731362927744662 73.56421640180565 18.212970053432084
v -24.079862212654454 71.30339017687967 22.43955961711065
v -22.460189260033097 72.33672619573112 21.03491755522475
v -25.353925739080267 71.81591584947536 20.238348933695097
v -16.91565701392158 73.30281639472648 22.543595753281583
v -19.45320055532516 72.52095279253305 21.77123145162566
v -18.313050261400264 72.02526728146086 23.870321409305987
v -31.21476108712151 67.60341814645233 28.371107222625575
v -29.498231798864808 68.67621781321805 26.876196548499166
v -32.84081891766826 68.3395096520842 26.19337239690486
v -22.73966116049059 68.58160832861839 27.973776235568106
v -26.030403471602085 68.64440558054375 27.44691030861312
v -24.456826432914525 67.75022218422865 29.435653686112303
v -29.581485020408323 70.77882332326439 23.247258354545018
v -27.813357529031435 69.74857914596676 25.40427158680366
v -25.844182264175245 70.4083109129884 23.898465504981395
v -11.596448058345967 69.34818190812692 30.070732579840787
v -14.756568880169187 70.09175814901891 29.815892015050682
v -13.292325599565771 68.86515891067344 31.52270488702905
v -16.873509874762675 70.99828277678303 25.850996271052225
v -15.891514869462029 70.68941915944177 27.879423353065825
v -14.289351430063093 71.4931352050416 26.491227362955243
v -19.038037337876546 68.87686231099542 30.668992431759364
v -17.875601067045075 70.45730907414006 29.432964861849985
v -20.288084220069948 69.53782082958112 28.714655009060756
v -22.938160909288612 70.91490167070378 24.621455587138833
v -21.63796551427771 70.2783168039399 26.713311542866172
v -20.15121483532088 71.44516401586012 25.331335996624134
v -46.86341696451948 58.15614614551969 42.05393115263903
v -44.799266403028064 59.539001486389246 40.1896765931546
v -48.85120967425999 58.89195659419237 39.69698221524236
v -37.56133533897764 60.84462902438022 41.14660102179391
v -40.967596516690755 60.1275917250411 40.63747380768952
v -39.620177265878105 59.7360097147678 43.030340536022095
v -43.88176948388494 61.03888836098991 35.80564430914103
v -42.52634497779329 60.66842216055169 38.28333952199377
v -40.73395086679568 62.063714496534004 36.6011756155758
v -24.069221208500004 61.987029643537 42.12420923910898
v -26.947247449436595 61.49446935446714 41.7744648741256
v -25.217864415129895 60.475947254332375 43.487647085024975
v -31.139277030986705 64.18710864878398 38.415744311299385
v -28.721639028520926 62.52812933432157 39.98810966524327
v -27.545716267182478 64.10964790077054 38.608212673576546
v -32.33383883940146 60.47819341557703 43.489035289018375
v -30.412889790826853 61.43373416587744 41.66202865977459
v -34.222693571590995 61.475098282492866 41.597973874623
v -36.5027793966338 66.15091663523394 29.29255658326054
v -34.81261337545618 65.35060117365923 31.539449099398013
v -32.72903957506329 66.1533174689039 29.89432447742574
v -39.3835645559518 63.80014109499024 35.085610007067345
v -37.37426760601662 64.88408940909684 33.38104976754761
v -40.3182053594176 63.84061027450099 32.53307801519462
v -30.898591578270896 65.97466638048354 34.65325648682624
v -33.94684806882548 65.33215776469109 33.99395806352929
v -32.68886249924659 64.9149633663765 36.27919124234385
v -35.82976689565591 62.16659153910777 39.46035718052636
v -34.83936059451749 64.12017464405403 38.113937639966736
v -37.70154767202348 63.07591191145564 37.35313399686767
v -1.3492556072268194 59.5807521957723 41.094197448816665
v -3.874074357569267 60.220847286551056 41.43603073963256
v -2.886861626844812 59.54913499274474 42.91484560617366
v -6.3179557473220385 62.489219193 38.88568800938582
v -5.148189443218161 61.491036392039256 40.258764528954075
v -3.878583197065698 62.308292721245294 38.8855851258437
v -7.868584608984175 60.04241364258477 43.219708577699464
v -6.638146853417798 61.05943413912713 41.88708367517934
v -9.054783590355736 60.97451525108741 41.803229899572955
v -11.703346673548936 67.37697232657786 33.158487092958936
v -10.375331761085285 66.27344487974449 34.73688234598975
v -8.772988251959546 66.70772333662698 33.19029460425675
v -13.418990655554776 64.86425298142179 37.754392999992135
v -11.899721273723362 65.6042896746304 36.2426037267674
v -14.486363169401564 65.41937096568702 35.96754339248676
v -6.267457497638571 64.48081968069852 36.146653473963525
v -9.111072375912805 65.24257100796348 36.28397300530642
v -7.712955931688342 63.89072422979662 37.625143462906294
v -19.25404361031633 60.88153166371601 43.738312035331106
v -18.275119394163077 62.60866784868744 42.60114070827282
v -21.003660122712823 62.23696192638816 42.33208003275162
v -12.014933478583941 61.60279473219985 42.12244847361097
v -15.211208400360842 62.34545809341895 42.50221381444916
v -13.54356957271873 60.87509610406731 43.73433464073159
v -18.136026280400202 64.55241673287784 39.392130081886194
v -16.89010099871936 63.780806209327984 41.151848141434
v -15.153586999293324 64.3615923562144 39.44809362428754
v -9.10262814910379 63.12334034854746 39.08259005028424
v -12.148483005654619 63.92294918985312 39.35548151563444
v -10.679857805832555 62.612091767623745 40.71498021591981
v -29.74180024080063 66.88227005454355 30.5717252758415
v -27.178433641832022 65.81497999243811 34.91325961663151
v -28.762593357586496 66.69860049526483 32.88582670731655
v -26.42367506458261 67.06558599759654 31.075973922591576
v -22.89241739276303 66.73297679681295 31.403375691486524
v -22.672642521271385 63.32010642220301 40.68075201307629
v -19.49325224613697 65.33723488313031 37.56723754970612
v -20.950008766152884 64.19321638368233 39.035489029497185
v -24.21437842648737 64.22124794901546 38.85843850184192
v -26.102641155924005 65.50828754586436 37.140031971806856
v -14.539828270170318 67.56864738609173 32.85267808632703
v -19.991748358668488 67.0286237171083 31.90547814070357
v -17.458255914107227 67.66984710018946 32.502383909150296
v -15.79467336216321 66.28471942757707 34.18397135355829
v -17.55197524947061 65.74995356736365 35.80661496857391
v -24.078199266902352 66.14813570933447 35.36852104769993
v -20.90604308502408 66.20143833642561 35.69739693882936
v -21.93875617589331 66.52486371940734 33.5740063844262
v -51.08212944982226 17.632620594684465 60.100671650642965
v -51.8871229826364 20.301854660106905 59.59971166721215
v -54.06005224836052 18.69335374054785 58.270723957917674
v -45.94861860229506 23.21333396399817 60.89583893325721
v -48.86983427002404 21.797537227064026 60.2856067749488
v -45.666950577406446 20.682643834579945 61.68894832095762
v -55.47522181526692 24.161989014876454 57.05651404739339
v -52.30411250602205 22.974384239718788 58.84427773746605
v -52.47555058406378 25.61931317646933 57.93830967488373
v -35.37678497704433 28.31677548764258 63.00740213044062
v -38.74889100859906 27.304146807451005 63.288469773449926
v -36.00174537186584 26.127591171335027 64.52563285351405
v -43.1548394229146 29.470618967648328 59.58250932388618
v -40.70758258925739 28.330400629642664 61.27437530810597
v -39.81314543397718 30.490490311596616 59.63310227845907
v -41.135002954105076 23.558981781199325 63.5420632152843
v -41.29830485068941 26.02535934607655 62.70692985972768
v -43.588300658207814 24.65044566448688 61.827993402369884
v -54.48765457740588 34.59131655970789 52.462515285899286
v -52.59075487491019 33.51916548861074 55.000697130996095
v -52.037406158507665 35.977705521740454 53.69919348038748
v -52.7482998659321 28.313825294675695 57.09215416212777
v -53.26016318123169 31.044423813198023 56.38827908404071
v -55.67012377083351 29.549559974089306 55.119101090789925
v -46.07920794918584 33.22188858749399 57.1358297554859
v -49.64159950153028 32.19178976286224 56.83287764162627
v -46.24600337301578 30.78275444008056 58.19051462615213
v -46.37391170400025 25.792495173291734 60.22707382844697
v -46.27935781603455 28.292535993385556 59.1860908693676
v -49.30387685449378 26.9905422344343 58.579267708015635
v -14.35919081422918 34.76301179413723 61.27174908902649
v -16.78960997705218 34.21746098629572 61.78846928470322
v -14.99938107273114 33.12656265402206 62.87003161782032
v -22.13600384734702 37.38474314936285 61.548716423672666
v -19.522371367063727 35.832976601041494 61.85847630127044
v -19.183582813303268 37.74465002461806 60.743842103726735
v -20.34973559683788 31.984629287295093 64.32904556532822
v -20.031756360558198 33.97484266782885 63.210241618433315
v -22.918372772735864 33.405548834406375 63.93345636227779
v -32.09790250253109 43.32334918515393 57.908457884268664
v -29.902697659329576 42.005742791059205 59.3326191720561
v -29.524492463655605 44.13568366312761 58.18959850825388
v -30.818042894882304 37.77888045402807 61.79998169543981
v -30.273121112491367 39.8566372575123 60.47653169647991
v -33.381727918647655 39.206002448327986 60.69712015277903
v -24.502306474295295 41.03180202387941 60.01329738062245
v -27.506539513726665 40.57350434398985 60.444161605968056
v -24.582246043121643 38.8437829321917 60.81902809334359
v -30.258508915267207 28.26086956068621 64.42783445934444
v -29.973459773709926 30.47605948229255 63.33542411759842
v -32.5809616527611 29.45872374339651 63.20133627132054
v -25.32307611057871 32.49945160980967 63.87892255114299
v -27.67909585743007 31.530381113291163 63.691176807509166
v -25.2164253818571 30.243847903188126 64.52018181870386
v -32.79533798183961 34.21306715300221 61.791854006806936
v -30.142953673065158 32.830692411244634 62.71790574311743
v -30.97915838580358 35.47664419523915 62.76200543879013
v -25.016433995042874 36.84321496812382 62.04784849783203
v -28.267303577498744 36.34332580967149 62.76877059924632
v -25.358724122034204 34.75987829568466 63.1797019943232
v -51.34495514244996 54.77784380440965 42.809652926021144
v -48.723489074467366 53.22924273717203 45.08852981065554
v -48.43467213545628 55.82281743366776 43.94472810530502
v -49.71609468207937 48.350684012257666 47.54815069947034
v -49.076498805804476 50.70300054924741 46.253215450755306
v -52.356894088412034 49.78201671168341 45.343301736669304
v -43.03070672926507 52.482983138612965 47.9914214858844
v -45.03337729280968 51.06426956182727 46.66355768802041
v -43.87691857325262 50.3531861766157 49.35674055706301
v -51.66617320355746 38.5986294436144 52.48676380567525
v -50.987074368006006 40.966041896227686 51.1439276617487
v -53.41523695992218 39.53228058463113 49.91244442782999
v -45.85957598796972 43.53991813538646 53.24289591899765
v -48.46755783716661 42.308031726490896 52.25950309242061
v -46.015729203461206 41.05701184959641 54.256942688013794
v -52.96743988089092 44.660058171828 47.677053861366474
v -50.83694440823142 43.53143770487709 50.083259953030066
v -50.631596361860204 46.08761829480088 48.99244548078422
v -34.393242092923415 47.14473641672857 55.58344309014293
v -36.93157479308528 46.20983722496547 54.92486375375266
v -34.49951689127689 44.75961708975265 56.415003096030134
v -41.444460200280474 48.90565765735112 51.28956373561251
v -39.707806031354224 47.855984325386494 53.51625326621535
v -38.910862691721505 49.93677949506244 52.15062769935424
v -40.45573687148385 43.19988065747953 55.692658928331426
v -39.83338834988504 45.39073273158506 54.43312676398367
v -42.87908563230915 44.54749492634156 53.92874939216679
v -48.03787098729562 47.36789354828278 50.11300750253191
v -45.4371773527726 45.94170609890699 52.08632965760947
v -45.0370796144598 48.36349534857617 50.93644123751125
v -35.15959935345415 30.651147171726553 61.9911118650283
v -36.022732660002966 35.751477345059854 61.09206086939486
v -35.350547687295546 33.10296617861185 61.338207807737206
v -37.33418970534076 31.74572850722037 60.30835933222574
v -40.34581192713242 33.10752580577896 59.1952740439592
v -35.27488730632099 42.74344742200235 57.904711063486054
v -40.98256983437585 40.90931286931354 56.99331325631633
v -38.25449580671767 41.93267137446563 57.59722562821504
v -35.9924079170047 40.646090872432424 59.35935829552531
v -35.99726926089618 38.202826821745276 60.21931109516521
v -48.92965187474209 37.21906578448342 54.45244190816944
v -43.13779449115393 34.43308380768872 57.71134674554536
v -45.78132581008803 35.7318013145549 56.005835621278315
v -46.06320232048051 38.443308940624014 55.242125004427194
v -43.35064249754564 39.62887278868793 56.02679691794043
v -38.52359286107867 37.058436988505136 59.57504797585159
v -40.821508079738706 38.294895054777896 57.77284744897995
v -40.796624916018686 35.75550601049065 58.64817647543328
v 15.106171938274661 40.14426106752515 52.72616279481114
v 13.590134251967033 40.42422166078406 54.02984185530146
v 14.551244014322606 38.737438246969134 53.685328341251385
v 11.614022306915615 43.2983545551012 53.66708441105632
v 12.598772410251367 41.98093322946961 54.05703377490197
v 13.229589453174945 43.03112787844145 52.48425468718393
v 11.476466204551299 38.75432231998777 55.612964539556685
v 12.008606009033272 40.519496894757665 55.08999201137279
v 10.3688670127365 40.550630040614806 56.085495153457586
v 7.498086180207043 48.447849861867645 51.46390844349698
v 8.484970449795284 47.43751171890281 52.39722137183883
v 9.288380626243832 48.15824691909358 50.461888893659065
v 6.916886347713959 45.3872825288431 55.88756053834595
v 7.658108340481505 46.62949413538596 54.36440716253447
v 5.706198549859421 46.99622454794941 55.64872306255851
v 11.232632304001005 45.984262819287764 52.03442570422372
v 9.497753785987175 46.293174275835895 53.16252684055195
v 10.561528971717067 44.81171954253456 53.46272265308761
v 4.443592180076152 38.66518863420828 59.81529839214481
v 5.071382327956606 40.32899604521148 58.787548091377914
v 3.2676260444916707 40.026794703275684 59.362221814222394
v 8.627084067313575 40.603970811682515 57.163117333311504
v 6.910988185490709 40.40037254471041 57.843173872621776
v 8.03782260116716 38.98770020305987 58.11577650867865
v 4.446421552000032 43.59662703013312 57.64682609498806
v 5.753417104272913 41.84009993667581 57.539700091909495
v 6.255418804065691 43.811386378582974 57.03167893705792
v 9.876113147233909 43.65807806503096 55.00648109396221
v 8.127928658359796 43.65613120621718 55.88335263798841
v 9.222259191816256 42.258143972461795 56.27214869368001
v -1.4360333899215405 58.069990542939536 44.212094653871105
v -0.43685539572887677 57.313026496425884 45.58469778420782
v 0.716626230624362 57.82580160820396 43.663176617790015
v -2.4954915528661026 55.39471678354163 48.9835215738699
v -1.6163738953823668 56.733172889100686 47.552267127666454
v -3.859660715890545 56.86511037424708 48.133606043351975
v 2.5183739287902647 56.76129067366489 46.6577984572601
v 0.5433739207536377 56.5962413853572 46.98382530159442
v 1.7328619502485356 55.29053002744219 47.90096458910361
v -6.317337069799525 50.23025392461425 55.285707444773244
v -5.265335604522011 51.433815396863956 53.53541203268943
v -7.456440796498111 51.173050404095804 53.9533184638336
v -0.7491396656452309 51.222668663808065 52.005612913565535
v -3.012014234621116 51.444578571264614 52.876330380301475
v -1.6983914319229783 50.08890135666487 53.661684826371996
v -5.7299414476709885 54.20765177383076 51.15978383587675
v -4.345449251399977 52.797211411826936 52.02091420864214
v -3.4591774752853723 54.178502419104284 50.56945508731621
v 7.162185237805959 50.90749397238752 49.34381227570554
v 5.268532405606983 51.090942435420935 50.08128395487679
v 6.378512825503654 49.74369369728879 50.729972052222166
v 3.0154914153615575 53.6790874988194 48.519858792304824
v 4.171016675235553 52.324809486588826 49.268938654451
v 4.977025720770998 53.548611853077816 47.89640888851967
v 2.5433312227293357 49.833170815776704 52.052285734221
v 3.3631195226773603 51.076904538530634 50.64521697560032
v 1.416284046595731 51.01444077812744 51.17704049838433
v -1.0796526889214526 53.73320289685804 49.610287484189506
v 0.1478682405740006 52.44363368614768 50.49441529424887
v 1.0350250329060628 53.63580169186971 48.992339363926426
v -11.483489259663983 35.001128891128104 63.730202862377894
v -10.656704084963152 36.82782980313111 62.343002670901996
v -11.70243699889253 35.43953541403397 60.82348463541073
v -7.48436294475945 38.901779170468416 63.705347381260076
v -9.297387502648348 38.05363520001046 63.43870505577277
v -9.21883872251685 37.90526398701601 67.02956115084831
v -11.141882403255224 39.80033991693638 59.91648824711961
v -9.360039948691309 38.17724930975788 60.142054167705396
v -9.011962388597738 40.286467518037526 59.59535175572071
v 1.2567730165085091 39.803772791721826 60.14505548371608
v -0.5589555442215861 39.30953133136282 60.429789516009734
v 0.7543524417116529 37.97055120634581 60.97142697496156
v -3.199427328187042 41.96384891824571 59.125343651891086
v -1.8851962870907997 40.65058339683019 59.8274872880769
v -1.4864320495092045 42.698212570254924 59.278657536116185
v -4.942261967116096 39.14681834677069 66.3953685134766
v -2.37212787814547 38.74425393521011 60.60126284778085
v -4.301440683155306 38.26145547173856 60.959271548522686
v -9.139085362374686 47.950553103583715 56.6758945624072
v -7.616180591301752 46.42904882455848 57.37862842446768
v -7.217302345011664 48.62655908202094 56.7676690646747
v -8.394969135924825 42.16230397565681 58.587078739106786
v -7.984436853751433 44.246065111722814 57.94252302401076
v -9.77125395124369 43.452428332879094 57.69876482581731
v -4.125299791468102 45.36875608068149 57.771824067706646
v -6.226637535519018 45.06491599720148 58.223802195279184
v -4.551421695283391 43.30501310690793 58.38721894808859
v -5.385007599156527 39.256484326843335 59.657708656439
v -5.039484729688837 41.35719839323076 59.17077158125034
v -6.86133603182207 40.67884615936235 59.11614590568728
v 5.485634969975944 49.005424941656116 52.71457914435856
v 1.6797600575103289 48.69270039248939 53.71758441864434
v 3.5798765073773655 48.92447251696478 53.29061596856783
v 4.652034504650757 47.933087924579965 54.43801474292416
v 3.8346474960331243 46.716641390229796 56.0681356262654
v -5.0808778341729095 49.03194538333465 56.418111330562525
v -1.986986820487875 45.60122541870072 57.14704961898431
v -3.417521111131318 47.14661791440691 56.6239605048184
v -2.7927501955920846 49.06169701745323 55.64443445043426
v -0.4612265169098748 48.784298242884866 54.55089419181827
v 1.9174318976257485 41.51993275172218 59.0922008384625
v 3.0887524575715233 45.216246656198095 57.422407219244924
v 2.4699082195468307 43.43199260324745 58.36344139102878
v 0.5076710445545274 43.08833671040642 58.841434341121605
v -0.797220307691159 44.45412610472617 58.19100193012844
v 0.7809493116137354 47.49193191571361 55.40450679785216
v -0.09509498049518683 46.15658722075857 57.020492235166536
v 2.001287001575008 46.22041460586934 56.24597755462874
v -44.433888948368235 56.57440061306633 44.30056182266769
v -39.99009155138503 53.69860958029627 48.56254355499097
v -42.07522983275811 55.04353046790779 46.431393929625216
v -41.52586197936369 57.9008986263796 45.070645432286184
v -38.467738319890444 58.992185847648834 45.68742860605532
v -31.436696535650235 48.20317714728112 55.834557637424126
v -33.64437048705734 49.62155365377043 54.255888224698055
v -30.477441824478774 53.22961106909884 50.35228277512119
v -31.99157040561051 51.429593576296234 52.240396189361476
v -28.300220092818478 51.70081352020882 51.87240125000563
v -35.22289637554162 50.61611330980202 52.10206861542317
v -37.51745259350275 52.0977750744078 50.37041768984849
v -26.53215055500752 58.748824002729755 45.189292783746765
v -22.983053128831955 58.51880364075871 44.94572514764735
v -34.705773532980494 59.39423483535728 45.84017426296573
v -30.107627510559716 58.745445850379696 45.28447680580361
v -25.63187795542312 55.22266185623597 48.37266349886334
v -27.341821064321778 56.49770751434255 46.54364802326833
v -28.9201579239367 54.93609000473688 48.44192552934023
v -36.33007890933781 54.34390371757626 48.69919398799932
v -32.612109436594906 54.746593517471446 48.64936936289998
v -35.62472432549166 56.9459722430374 47.3339973161637
v -13.997754731898695 36.92337285342249 60.6804130381693
v -13.317515339724078 41.32329125137932 59.54246446235606
v -13.68632868357956 39.13818324490141 60.15687670987577
v -15.979574489740173 38.18727763707984 59.90484807162061
v -18.450210276306215 39.78893135756589 59.64572308662147
v -10.56084393583102 48.85512680384138 55.125291512460564
v -11.282549986901014 47.043127677312924 56.284426868818585
v -16.740810681815468 46.2104038836433 56.87362397974106
v -13.76854614075377 46.449796264216225 56.32333238342491
v -16.085289345311367 48.23949989167664 55.813809254919846
v -11.81554742307069 45.00957691743234 57.15981741016154
v -12.519643959494687 43.154916701460394 58.282348162447626
v -26.25735950716038 44.853716276353836 58.04317705911293
v -28.787606857587022 46.49026894251219 57.06318871043847
v -21.489757391553148 41.779942839981715 59.80644468821464
v -23.744588372245246 43.22861940467722 58.870734876467054
v -21.959653254914485 47.33023163647178 56.29129020695276
v -22.715308379984208 45.199350404013245 57.43424581900197
v -19.5276962768137 45.60201901888934 56.987929893165294
v -15.08432193896462 42.508314869404145 58.42251993668684
v -17.265124349227513 44.03047269925791 57.73496863814404
v -18.16619666514054 42.1457588124819 59.07677623623503
v -4.128490785427999 58.98299745591919 44.85813553744444
v -9.152172375272858 59.24823187198146 45.119406009251705
v -6.413099384550758 58.77312767967134 44.75604485041511
v -5.086131669568086 57.72586752253852 46.39244063455875
v -6.2892656095854385 56.89427557622168 48.27845234462133
v -20.30563287803819 59.234301860357974 45.35031280270093
v -17.35053175319552 59.278727305228465 45.310434151622346
v -14.307479894900588 57.004964441022715 48.84601772633436
v -15.680661289863934 57.95331306105106 46.97187315125641
v -16.95039103725346 56.691716311980436 48.7927800996807
v -14.568880457435132 59.372212619378324 45.310670281544574
v -11.699254247537098 59.12992467664366 45.09133832993102
v -9.05475128820644 52.507648945219806 52.693631503401605
v -9.695691092590351 50.60602510163473 53.74478056454019
v -7.227265288319657 55.46881955584602 49.77759779893156
v -8.34542009833963 54.33121448356823 51.53609113180686
v -13.320609815308387 53.70687726860534 51.52479900965992
v -10.879361091371592 54.142151777613975 51.6392433157133
v -12.570075045425412 55.55906630075209 50.28917967291178
v -10.27186931314214 58.04412484164277 46.80705988635603
v -11.543666018877726 57.01015526248362 48.687407200800315
v -9.006525355879738 57.19981771906794 48.67749348368244
v -27.70979082635727 48.57741265115209 55.45760073904642
v -21.011630769641805 49.29361398677892 54.805701089036326
v -24.183874906246288 48.89285066251625 55.05888482061715
v -26.349385738946047 50.39082643274353 53.616671907976546
v -24.595400743757068 51.767171605545265 51.45715866848143
v -12.477811020304973 50.49218356269531 54.20927021489664
v -16.256913431871254 53.59736450327062 51.859158161166114
v -14.51687689965853 52.237515323262386 53.28124316274709
v -15.268146755670525 50.201086152400656 54.50407058078448
v -18.312495148465366 50.01509065933559 54.94435675350452
v -21.483557581362277 57.52301281937141 46.9475817102297
v -23.65510700467619 53.82176683833648 50.02236754308023
v -22.527762465191635 55.63745494601577 48.445573982683506
v -19.901490294083814 56.4184098153772 48.822731484622665
v -17.891590600923877 54.802959795841424 50.18791529073319
v -19.982971482265008 51.18297147178746 53.277398690217964
v -18.890744274842973 52.967775333436975 51.68409954353671
v -21.777185370605565 52.46540347858137 51.65467768348379
v -16.335296527387825 74.04692756088767 18.187641095523936
v -17.088468091272055 73.9276982329149 16
v -14.171830986464016 73.04168004609326 22.393127403918307
v -15.437129454158566 73.90095417152425 20.34641626061088
v -11.99292107136052 73.98244063820326 16
v -13.759790591220224 74.07724240864536 18.149998908058155
v -11.08382035966386 73.6947822284236 18.10030726636957
v -9.08744243230247 69.09008191164179 29.771613277619828
v -10.406122358459626 70.26054120079638 28.08288298462899
v -7.859949729890353 71.66474505371339 24.051329979613364
v -9.144962946544506 71.00696077244271 26.06642766581838
v -6.6586822939403625 70.60020634991287 25.83825117600709
v -11.793308296074446 71.50509776634698 26.321019132748532
v -13.12547969224104 72.584617004034 24.44560282209533
v -2.481849902325184 73.42274072083978 16
v -3.8356966419041356 73.06474265636172 17.997251066666774
v -1.426626345923541 72.3557454849987 17.950525948593906
v -8.594745611367248 73.54801831779636 18.067271349431238
v -6.2193986938153465 73.41492725190503 18.03403457029025
v -7.184243370005621 73.94783723597621 16
v -4.237892523660822 72.08099114903482 21.92733118079581
v -5.230950747817001 72.78159219595591 20.013088460803285
v -6.471013588606638 72.06661678523098 22.002098921072673
v -11.490900639903522 72.70115175480487 22.259163842853884
v -8.954325213284594 72.44292091316447 22.136656216378224
v -10.075602784718491 73.21673173281164 20.155432141858594
v 0.8071577331456083 59.249666538071665 40.582535173486406
v -0.37419712658142856 60.57421357017225 39.52767051753385
v 1.746735607331109 61.93539379217887 36.14299944370987
v 0.6992549797117835 61.25342231599612 37.817136687598314
v 2.8183393365484832 60.771078245956694 37.32837498163205
v -1.557284932218657 61.83387982828827 38.36868371657046
v -2.719674677745555 62.98815981564233 37.10034244275923
v 5.963383927327953 63.96008778925823 29.393931859752087
v 4.912168175091638 63.55650326859304 31.077550537434384
v 6.907014340298685 62.882551889028264 30.712759856612116
v 0.18775638276231632 66.3791139855008 32.31340756531338
v 2.6261053660835643 64.96441019491178 31.686639077847367
v 1.5350020097375037 66.20183535609249 30.316473488404316
v 4.774379737163024 62.31693304977159 34.16343513006976
v 3.7648265795175213 63.44826382666566 32.893700879642225
v 2.6660139893355073 63.04266091405407 34.643774463870514
v -6.258743399708354 66.24571988916384 32.829837211680086
v -7.684191083276488 67.78394559554903 31.42388724376051
v -3.905899736461542 64.12405352813299 35.74508709036487
v -5.149453032512014 65.36787495898254 34.387216924816826
v -3.127161840415763 67.63156617099673 31.042472698000886
v -3.9846733833625656 66.11024537308856 32.59040146905911
v -2.0663304110890692 66.74852730034092 32.613012186234144
v 0.5985058155367415 63.28837749006311 34.95829069087753
v -0.8123150585368784 65.31106849888974 33.9414293844557
v -1.626811258208562 63.75637419338722 35.36808958628649
v 14.229776608926413 67.14447829889724 16
v 13.21447800724958 66.32876424702314 17.684114350137115
v 14.968289640237145 65.94717170865133 17.66934242864168
v 9.59732121291987 67.10253905673699 17.719914233195006
v 11.452225052558955 66.39187920508178 17.689884902023113
v 10.702047812735596 66.85893349193236 16
v 12.961570218584441 64.83021569666246 20.916282658760288
v 12.210212507616689 65.70039315101336 19.335345416207936
v 11.234920109322342 64.96339345961428 20.942026373952118
v 1.0649876995411702 71.32811666852089 17.9097035284579
v 3.330621905420548 70.3506815221864 17.85996470788833
v 2.3221440978989847 71.36745941870686 16
v 5.248674844143858 68.39321247495462 21.363300376690987
v 4.283359516544952 69.46530488667116 19.65481531268456
v 3.0845128577620713 69.40996028591236 21.50831738912654
v 6.6791523543365425 69.34167493214846 16
v 5.483764066513636 69.44060852755058 17.815997375262405
v 7.536465817536236 68.55715948560824 17.775190796221683
v 8.956324843810506 63.50525058304163 27.396905808427825
v 8.077925791579442 64.70374891438395 25.99783142043276
v 7.017979722610185 64.48641743719642 27.69415080333252
v 10.182399898242942 64.9491386484199 22.62722012273923
v 9.12517399610607 64.92204187628738 24.31753741453374
v 11.011355789322515 63.7042493289245 24.071795890656563
v 5.096219589764594 67.02711760117799 24.765703678148917
v 7.153169640757145 66.0053649074604 24.544441927228448
v 6.18782057529944 67.37065828794212 23.023832361315662
v 8.40914051174083 67.65084219231537 19.489768131227507
v 7.308938492314555 67.46504736801003 21.24544616204991
v 9.31822930999827 66.28086815711629 21.10100235550597
v -6.7936145578970795 69.21830377843327 29.6628200278057
v -1.9255669790285665 68.16901411937161 29.119926673126717
v -4.3758034487739685 68.88089746521362 29.43709887048648
v -5.552835431126507 69.85811481238233 27.688926605110158
v -4.2524515850606655 70.30326608144136 25.70356995919341
v 4.937889059165904 65.47127468198325 28.059584912977897
v 2.907868306322097 67.93785930423769 25.020960758156267
v 3.9249502960646794 66.75870961491545 26.586109179406797
v 2.75426700347435 66.42122143512461 28.420960660637625
v 0.491283544921421 67.27262382961987 28.763255581858495
v -0.34381380969270126 71.42090632254326 19.8420997494365
v -3.04734027739244 71.015931026184 23.76475151591797
v -1.7295923860302764 71.34828882442449 21.803978036076604
v 0.6009200735385996 70.8733658899325 21.707757388323945
v 1.8717903684227721 69.0234480519306 23.350496022215225
v -0.5688593663706563 68.24284093244233 27.1217213265992
v 0.6194458904239966 68.77422508287827 25.249976389143804
v -1.8199149746253127 69.71520996146708 25.504071361491828
v 16.865314725742135 39.37405317479497 51.55458912870696
v 16 41.047765436575446 51.869443040341864
v 17.750658316732096 42.62741526022597 49.90235474787064
v 16.891547924569167 42.09970781568192 51.22369183694244
v 18.59313901400631 41.301474676564105 50.14971991595356
v 15.08580779659152 42.762609994146985 52.11833258224081
v 14.173475479411712 43.7813359853545 51.371540900259326
v 21.015878467761922 44.99791114492248 45.34340340162443
v 20.21500445327073 44.35334903046247 46.375891738025565
v 21.790013363901195 43.74243726473138 45.7297546430876
v 16.878957658929863 45.49439494379976 47.58955498256988
v 18.57343365190227 44.90517816281964 46.9613511752649
v 17.75745502533674 46.613717692937435 46.978461289774785
v 20.250339473021683 42.73242425526183 48.12643784259966
v 19.441221276159066 44.0163477599355 47.78007450858507
v 18.588850510420254 43.14842461178217 48.60786768873768
v 11.31174482972046 47.536795906267116 49.786424918755095
v 10.334145367542689 48.75556819169783 49.14583061844803
v 13.234281471790004 45.003181395873455 50.835608880916816
v 12.256842629662911 46.47452929983632 50.56848908578391
v 14.177691499372418 47.743422837784195 48.12162617584051
v 13.236407371698446 47.041071228497714 49.2491812279554
v 15.098142488946028 46.2628247718366 48.412570892856216
v 16.879546359756006 43.66964204479446 49.23707429500023
v 16 44.69067890935228 48.53283969450904
v 15.100504995972134 44.297206288746764 49.99091127515923
v 26.064938490731286 46.35766872872336 34.76207109356085
v 25.439548537174502 46.019974398018135 35.84028699823202
v 26.71363262152702 45.31985301760224 35.39186438149422
v 22.894794180406695 48.00104872582253 37.12578957823024
v 24.186619591391 46.95549569500665 36.44599124555488
v 23.469478200371334 47.943301227652114 35.74204587156524
v 25.682217829987554 45.27389420603104 38.01778044303917
v 24.92198405029219 46.067317519631544 37.20245692496508
v 24.37980251109891 46.09893938956351 38.5977606614514
v 16.896869516617468 52.78248517527124 40.25867158760066
v 18.578913736479848 52.05439033255875 39.78083547861402
v 17.714185439792033 53.112986985241484 38.937087380911734
v 20.287754952145143 50.10102124656511 41.5136503636609
v 19.44457876492642 51.139184100320364 40.701212191145245
v 18.684893478216825 51.2145154421465 42.331581055773086
v 20.807555472029026 50.552441502724044 37.35458324297595
v 20.158524458504832 50.9502274630253 39.057045978745776
v 21.580428720343104 49.46781180552307 38.08570736775404
v 23.31481077275498 44.89195121529224 43.597735843300256
v 22.590304761053247 46.15986517653187 43.116889638171315
v 21.831592433529554 45.646186868779424 44.24364875685962
v 23.82278901027848 46.18085539337059 40.10301076345759
v 23.227065791078836 46.19730771073412 41.59990664079035
v 24.563107521070464 45.16933237980264 40.778464680181195
v 20.371409082947814 48.81975683848827 43.72081056878656
v 21.83842997370494 47.4106129121337 42.578012895155865
v 21.077763020980516 48.73420568556798 42.062072965712645
v 22.32321696618448 48.253893151529454 38.699289527493285
v 21.72315138695825 48.528946188979546 40.36772503187782
v 23.06595246768726 47.15037432274424 39.361998929285285
v 2.9975872925923017 57.35071662078461 43.328806962376746
v 2.1152476288747764 57.8789159269219 41.88259345483704
v 4.807061104427554 56.20328509683975 46.18392783426431
v 3.8294148941533113 57.01518728507554 44.92252496796216
v 6.424734304772146 56.94872335557005 41.307702829658936
v 5.145572379221578 57.04309278522086 43.10881208445602
v 7.285742035967413 56.4457894492138 42.700663611065245
v 9.217425489821572 50.48071408832461 48.8494582425344
v 8.182785222984116 51.774695143705635 48.165212091397095
v 10.106690973110764 53.99168828039463 46.24793580040324
v 9.163351285625641 52.781005741373654 47.122157584941746
v 11.114342391243383 52.68064271106254 46.98186111306795
v 7.131942613543119 53.05396705061847 47.41267116437559
v 6.032799042398166 54.45414344970773 46.710217500046014
v 14.20705564122341 54.81815765545801 39.99094081172498
v 13.228846198043053 54.741994132648934 41.553531208929165
v 15.079987370742202 53.73163238323195 40.88465023739799
v 9.278464462652188 56.31143442223932 42.60187494173313
v 11.294921407929152 55.543729672666515 42.087429450876684
v 10.373562189941445 56.437840901025226 40.99196010849427
v 13.115082970055768 53.83798356415776 44.29327391551064
v 12.172541037663626 55.045060163352645 43.44686141139552
v 11.10563212272756 54.92548544264932 45.123210669814235
v 7.016883520908166 55.60222520434142 45.70067496574575
v 9.079324378678209 55.33537131140043 45.4664790729604
v 8.116876843158373 56.21076824674298 44.2990914078994
v 20.249976306030906 46.32169987391413 44.89573803996804
v 18.671956784601317 49.42059602171584 44.24512805979786
v 19.503403597638396 48.083734041812896 44.79312766585264
v 18.6287696894054 47.30928264062985 45.842682145488716
v 16.896993454899988 47.89546178177847 46.40436435968739
v 16 52.622222373465604 41.733734150512
v 14.1171576566393 52.26813485689703 44.8321030620933
v 15.068636674861597 52.64319779719846 43.40266633139551
v 16.909219344267804 51.771973593756606 42.75114387751791
v 17.79544468423684 50.584642822389505 43.4937762902686
v 11.293727757239271 49.577169422667815 47.998110125604555
v 15.08529708617871 48.5251780490654 47.00464169584285
v 13.229841811585603 48.99325385174361 47.447772181317475
v 12.21052231600235 50.70356491405152 47.14426063151683
v 13.156740598177636 51.56323380710257 46.0559598772402
v 16.90368964558827 49.90816310767989 44.65431417602328
v 15.073432243643818 50.76659356032604 45.379736423470746
v 16 49.31252476826622 45.90762314643891
v 32.31657241134087 44.56528383944662 16
v 31.993177417628672 44.71026125408203 17.082016740968363
v 32.5760895389098 43.473428189346095 17.056174784414033
v 30.609589780651632 47.12179484459408 17.13295049101271
v 31.25701069283199 45.77457471425595 17.10224419184918
v 31.017305248686604 47.10572161826302 16
v 31.909007106363674 43.69596586976176 19.162692796807857
v 31.687049272505252 44.89243187226238 18.16885088501621
v 31.410888245966134 45.135220760943334 19.265422373876127
v 27.520751942415558 53.25681330250427 17.28949374164161
v 28.349156463538854 51.526931488066076 17.243433309376837
v 27.88458713873776 52.92517629180116 16
v 29.41039741988569 49.459799670968145 19.581971572740375
v 28.839833649607456 50.33978095544716 18.42699391421138
v 28.562500528963852 50.81180069272979 19.67934067280153
v 29.628875429960438 50.06468102152912 16
v 29.1990890350272 50.10644667663489 17.20828667614021
v 29.92605483591901 48.58488099269885 17.17053189440585
v 31.34600022377989 45.66618058126407 23.824538319658146
v 30.90039567586158 46.618033291784634 22.81810585182071
v 30.582350721965497 46.85919166062973 24.004901072057912
v 31.31091981875126 45.74586317815431 20.43975340480208
v 31.14593875757322 46.24745390317364 21.62443024180859
v 31.847145443248596 45.03356272671175 21.488925911233842
v 29.59491312940603 48.75940994914867 21.90282207711885
v 30.464712242148664 47.642912363006104 21.790741461898914
v 29.86891381859754 48.35587503845518 20.679942869806776
v 30.382257636861475 47.558456527906046 18.291969859723824
v 30.144257413202926 47.99217753737736 19.47829261817017
v 30.826018841838945 46.579294410256054 19.375607161215015
v 17.004456391423947 64.62775233529298 17.62524458154101
v 18.62952657822772 63.51024173613911 17.589800208357943
v 17.692886842432475 64.91010638084897 16
v 20.266186107407187 59.83702975422974 20.424606668241204
v 19.481922265477436 61.66295758358383 19.064397011994227
v 18.8248057673623 61.3970915389116 20.57063174320893
v 20.696570512630323 61.08582918438397 16
v 20.119702426321027 61.64859726510082 17.530819579140605
v 21.580940092077153 60.543888349386364 17.499175363652675
v 23.168212334509455 54.6951849133976 25.332661633048748
v 22.430563879765682 55.53416243502425 24.115512669634448
v 21.926862998669016 55.97304044831147 25.589865778510593
v 23.68892840747275 56.254595510801884 21.503949921288203
v 23.034780558661687 55.763028632312576 22.79432876108916
v 24.26353005852019 54.671369399659035 22.643168983893787
v 20.396462477242054 58.04147125399698 23.113625718441206
v 21.718779019298047 56.69548036632016 22.918889064468015
v 21.047136260763267 58.466475571422066 21.749532866556933
v 26.074074224990824 56.7794832629829 16
v 25.5507861570264 56.972156078374525 17.40213079537486
v 26.533591990210866 55.02265326926308 17.346904668463083
v 22.990867270436645 59.4121394389052 17.466305088221894
v 24.301113927153835 58.183969866160815 17.433478784501553
v 23.609337859172527 59.54698649341349 16
v 25.499885087758976 55.28527663494856 20.05159957555728
v 24.905853502733528 56.63913828132294 18.778036059080108
v 24.27716407719563 56.336164137902394 20.12906470315206
v 21.708567121424593 58.95743211120651 20.358038562521102
v 23.03532506945387 57.660427512636154 20.246134819286098
v 22.35111727231822 59.21520593086712 18.91981780046196
v 27.66601755802766 45.3046475202171 32.873885235777124
v 27.053466022185276 46.08999777849832 31.882446304775
v 26.66975842792897 46.37374350002066 33.26403178813972
v 28.08310546917285 46.329741335180756 29.619769977873837
v 27.532711181456648 46.106528453909675 30.693135630507783
v 28.49855310338868 45.1160919249611 30.389189519286354
v 25.603734965910917 48.61877092651874 31.539169593789683
v 26.584232029925424 47.30388234727185 31.09192112043897
v 26.12719885058099 48.637917490144304 30.311960768686404
v 30.099057783231054 46.82667415695987 25.181748142767304
v 29.455113182490685 46.37286678336392 26.173411879532065
v 30.330751087186346 45.33355289819068 25.94429216949714
v 27.861979081873095 49.32043395503367 26.907760378336448
v 28.74815884164284 47.96516427141859 26.58296371009314
v 28.44092042157788 49.58282903308358 25.784107403961773
v 29.489316461900522 45.3690071744666 28.204562841867414
v 29.10980333217789 46.60141227505491 27.397590157054303
v 28.576809010857097 46.40540935424105 28.47520546802483
v 23.398962925420612 54.148335019745595 27.971773494830906
v 24.582126854042183 52.80935553774151 27.67022132043956
v 23.916861824517145 53.83081721668204 26.565105514933258
v 25.735598921721298 50.34745457985836 29.612456951889918
v 25.245941397410746 51.85595820128026 28.766322384697258
v 24.585823121893135 51.42512443881698 29.892153632617827
v 26.386028740847248 52.04547371542334 26.27938650376865
v 25.85872948296 52.09471194577231 27.563597246618816
v 26.918527408474368 50.78733000708967 27.26458660384614
v 27.6178307228667 47.47622466645963 28.76550721186212
v 27.342257242443388 49.2672104862891 28.1040027305638
v 26.703522435730328 48.86383797260219 29.17537683828154
v 27.047544779276052 53.461571175220804 18.597054122286472
v 26.00757493976284 53.55862517486436 21.206649795338258
v 26.56262620157457 53.63905733884835 19.915098046769817
v 27.537475625627515 52.017722197333036 19.776920171930957
v 28.104369877363055 50.962003544339 20.934411995885938
v 24.374493816949887 53.451882932360085 25.1296245200286
v 26.924077509206953 52.11556884398148 24.9902213152129
v 25.65793224670805 52.76389525173334 25.0565615757867
v 24.84645086318406 53.186963324932314 23.755619809780416
v 25.443626241329568 53.46385558287899 22.50700617217796
v 29.76422439308449 48.136573739328526 24.250473843337495
v 28.741734013670964 50.16464271385907 22.10495509068613
v 29.326046239406825 49.30029269933396 23.227224321667318
v 28.852155572863637 49.354931144885484 24.475527630878958
v 27.982752438134426 50.87356254144252 24.770313012385053
v 26.618905828393835 52.43591266797297 22.386286702767713
v 27.371005970566408 51.85362414071103 23.632701612786818
v 27.695898483528776 51.25536702197213 22.237889124752055
v 3.1312433659418772 58.54105793460324 40.202567206438644
v 7.420313039238497 57.335779604443076 39.55061116036925
v 5.369759506268384 57.757353687656696 39.77530115627248
v 4.145439401677654 59.144141292001216 38.5280717145406
v 5.150277826261675 59.69500978918263 36.87103156485212
v 15.067074590708042 55.20195960283913 38.362292641571
v 13.221514172737272 56.202051541874084 38.92988754634358
v 11.247935256966564 58.148125743474765 36.2351379260854
v 12.227436965757956 57.32258667078817 37.66953142987192
v 13.130904433607597 57.72285911420079 36.04795390761463
v 11.275161338390708 57.1753706869293 39.47924407256063
v 9.359646631518128 57.34196851353007 39.565218488239935
v 7.990790127165022 61.95590924106679 32.26301166459366
v 8.950863294315525 62.6100598602245 30.70832779991696
v 6.092356539870339 60.51673531899705 35.34323411936526
v 7.027744566847192 61.300819422087876 33.827494259931875
v 11.037185162990134 60.71368730393636 33.708948842147585
v 9.094867001274068 60.7672179533889 33.67551429413629
v 10.209636080633864 59.25750549417184 34.88818844286585
v 8.286717646602126 58.39816780815724 38.19856425251919
v 9.28261561823396 58.68758299557603 36.45677767015711
v 7.266534342569397 59.11315939873158 36.625728839082
v 25.561438143481183 47.60784725102769 33.982417092678716
v 24.413827148679076 49.88494688978287 32.18523029339331
v 25.003379657254744 48.7673962114716 33.10976808542151
v 24.23568157908616 48.351127781126785 34.41969707885733
v 22.94534848431475 49.46175630144506 35.064471964468844
v 21.988618868494953 55.59774020491436 28.495511587335393
v 22.70726058704126 54.48547655614711 29.61935308181789
v 20.950549707900922 52.98358758979997 32.148711390292576
v 21.843702677141515 53.88577445947318 30.958502641376416
v 20.30876421550024 54.82085915467035 31.37508199905831
v 23.26875300174932 52.69985430188512 30.442706561466395
v 23.850478407838335 51.27354116199363 31.326918293227664
v 18.585420032129502 53.40857281660547 37.3365819667317
v 16.90731059686469 54.12561327117453 37.74830364979054
v 21.591710367623566 50.81325482651597 35.843804873614914
v 20.1215451032642 51.917871399231956 36.4812842017016
v 18.650517877846255 54.54426645540494 34.52063098518018
v 19.397434256786674 53.213631756474676 35.51479875621317
v 20.164613051295802 52.937761594317664 33.73366400895287
v 23.10882139786739 51.09302745154879 32.788824536468596
v 21.665697312148215 52.004330033076634 33.254023839343176
v 22.364545744043664 50.9844678458819 34.3169461668951
v 16 63.8891429559701 19.206066564534716
v 14.053454091452354 62.83342786705002 22.30986081419352
v 15.015019474919564 63.47106349935168 20.78217133139785
v 16.96045627881369 62.28911926577676 20.663103852970913
v 17.854347181242776 60.61514859312928 22.0109923754966
v 10.037946527585117 62.71947225990283 28.912944545345567
v 11.075755242336765 62.60755531903723 27.189984730481076
v 15.054529302158322 60.52697940349983 26.698423597069663
v 13.118424642781992 61.52949164992623 26.936576350838216
v 14.093120391983904 61.027886150032884 28.445401643556956
v 12.1020708478793 62.38191234988942 25.483280232891442
v 13.083910831005362 62.4365542356685 23.87360070898936
v 20.33470985673394 57.02765792161297 25.850309944978545
v 21.167441904592692 56.492786559744204 27.191930945274308
v 18.701332963555142 59.01672116356266 23.293747174540947
v 19.50856560882554 57.7488302612801 24.535996829464096
v 17.80470927118853 58.615298446413476 27.778578802444564
v 18.6686179478707 58.164720166029014 26.128329236644383
v 16.916673311797883 59.17076538420358 26.37256830077316
v 15.045287283125557 61.59138932853986 23.727591786249782
v 16 60.11243320174668 25.029670442006196
v 16.92842245657879 60.3359231851624 23.51479436988754
v 16 55.36463485257201 36.65372598001872
v 17.788617606647602 55.739706275569446 33.39383502226196
v 16.911624344050566 55.751406531290726 35.09772692281379
v 15.062680388876567 56.87184941328453 35.63602013203859
v 14.107210463300696 58.054209882728394 34.406879598439474
v 20.412118989897802 56.941638530240446 28.911474865273863
v 16.93314498588605 59.05092231297576 29.568242774943684
v 18.695462968716615 57.75390010296911 29.16219276944821
v 19.548793407306395 56.58563382821447 30.41300938737405
v 18.681029531864922 56.22015115448583 31.912547798915746
v 10.990000583995556 62.489585978169806 30.66109179804247
v 13.068877791473183 59.971980494080775 33.39690730493467
v 12.03214615364471 61.37820177429804 32.11497435086096
v 13.059916942194922 61.543172254551344 30.35669508880114
v 15.041957086883471 60.19959561365872 29.930267033087503
v 16.92750907715651 57.71816529470053 32.508153328846106
v 16 59.70647240292112 31.50956183545171
v 15.03734438319522 59.29901144132629 33.13370458196242
v -16.523697003076208 74.38513595664051 13.799612690051124
v -18.901838505664237 73.84676486035593 13.776167794409867
v -11.417565722958404 74.40573680570702 13.873811310613439
v -13.754672738624102 74.06725474542824 13.850370831690501
v -17.29334928296226 73.96034028183564 9.381319446597413
v -15.766403369168913 74.5074113829148 11.608059178996832
v -14.983223309795598 74.57566654230891 9.43494618896549
v -1.7358617487878227 73.3557779246021 14.01486197758655
v -4.078832274482991 73.76421253403635 13.978267670573494
v -7.643953309836725 74.99317644410309 9.684604119379054
v -5.724549153766404 74.10170751853866 11.893611239520304
v -5.059908346393396 74.35886973867231 9.83191450096212
v -6.417687588742172 73.92730576556181 13.947813432315776
v -8.942415114304566 74.36151284381125 13.903505855836494
v -14.52445227392225 75.00846475286372 0.43635194701879954
v -13.058866189494292 75.71152389280459 2.7032775555868014
v -12.038897002837516 75.33595433690095 0.6082020000213806
v -14.481075664951245 75.21825187420757 7.161310942288358
v -13.807129192977136 75.52683294719567 4.931150354041309
v -16.32484868368713 75.22237069447294 4.803743857087277
v -8.655825042062254 75.41268417819545 5.294602547105534
v -11.18541061477066 75.47063109412684 5.116708181239648
v -9.434189130736627 75.33741142114673 7.417456793761767
v -10.969577116789875 75.17834657855258 11.70210328295379
v -10.334446577814823 75.56454733916289 9.523950500949795
v -12.740225990642813 75.27793842437546 9.456388144120393
v 14.9473319371221 66.96177623035717 14.296747295392045
v 13.175153264786902 67.0392830286483 14.292110083463047
v 10.969739213261814 67.68824946406173 10.782945502224965
v 12.069090111265341 67.55111396192201 12.540454496388554
v 12.834017980706482 66.88009136805977 10.877333485012063
v 11.35481659933708 67.47121911636575 14.273919578996404
v 9.436621010891361 68.38515663348602 14.23691780946441
v 5.963855303815803 70.17675380050503 2.933430794330164
v 7.283750494265673 69.58622202139713 4.999901934251611
v 8.16237578997225 68.85994794150974 3.318457637126052
v 5.564286055135113 70.635109270714 8.529824196359723
v 6.426841048911234 70.11082695467042 6.754055701741104
v 4.163222621752761 71.3933231021245 6.484246830160474
v 10.610805593591941 67.53453779988479 7.280100278450947
v 8.591204122390195 68.72183208302246 7.036436867819001
v 9.785535182299185 68.2883482306546 8.920684548344417
v 3.117318464821837 71.26573727954258 14.108720663356964
v 0.9087857261575465 71.90678114052517 14.07032330689237
v 7.415335183455191 69.30936086114957 14.199402561337301
v 5.251853203016237 70.61911552832896 14.143955071404841
v 2.402618290307478 72.22982773387133 10.200861857301
v 3.891541266940431 71.25324761691442 12.222963361119934
v 4.747775840162369 70.83418673288605 10.386826070254507
v 8.981577660765371 68.81419921190451 10.641990791760879
v 6.918019409781502 69.77991639543916 10.51861660527353
v 8.174324155533757 69.24861416759501 12.402279055543655
v -4.810605668832892 68.27554825577383 -14.10074089090158
v -3.4245641845617385 68.87799247662662 -11.910665942768691
v -2.300782684167782 68.09708193987916 -13.611288403709008
v -5.695036206986359 70.45659959635533 -8.454094483793817
v -4.5930666168329815 69.758889501179 -10.236391086921486
v -6.900919095667319 69.348996483022 -10.36510500915966
v 0.49612605433468104 68.65839951876595 -9.085795001380433
v -2.1858223946051822 69.78631562682338 -9.930931626753825
v -0.7266161989695377 69.90650736160472 -7.638389881007711
v -10.742666418875782 74.47110327921737 -1.4156622023494734
v -9.309452378565268 73.13223032968628 -3.136478452489989
v -11.954426827157814 73.21979630266756 -3.39793567754063
v -4.294067890219861 73.00626717917481 -2.661542742600698
v -6.837560215550479 73.2636702222334 -2.958743297011768
v -5.462659052634038 73.93597138599463 -0.8792142566370096
v -9.322068324139853 71.13133362868844 -6.910336118282711
v -7.976201037743067 71.9661799765296 -4.844775930436327
v -6.900367501693225 71.36341115226088 -6.715363621271379
v 5.473835812692219 70.27188133496938 -1.0316914262259083
v 3.175326867426138 71.00593978867701 -1.439356975822232
v 4.419538754617877 71.33737008042843 0.5457963419085328
v 0.7739630005803537 69.71786763955399 -5.289267857989973
v 1.9659008489551208 70.42453622877241 -3.3775654030446702
v 3.182171709684587 68.88638675329375 -4.739681835690298
v -0.3095878383128152 72.60361957436056 -0.14212335537072462
v 0.7880059386890697 71.6940470587862 -1.8426006055846038
v -1.7465896732018535 72.54210026371541 -2.3090620939913684
v -4.582760150542725 71.76493565870047 -6.616044200457065
v -3.116506881009414 72.06933827892402 -4.400370626467435
v -1.9156920927993148 71.00791030617512 -6.053113454808752
v -0.8931696075013988 73.283739352986 12.028757824096274
v 0.7837076569076817 73.10704382483559 8.083406230696067
v -0.014171259821250004 73.06519371031953 10.064255477428778
v -2.4606586965112314 73.63053358342916 9.956699326574425
v -4.2007997998186895 74.34755888619645 7.765034457090573
v 3.5760398998756546 71.56165057814073 2.455767566944891
v -1.4264271438351734 73.61267518354475 1.6585202160575818
v 1.115006443134103 72.66123244277983 2.041850650909895
v 2.6681827771536604 72.04166075051799 4.312091780876759
v 1.7231188209781596 72.63788474854904 6.162703226777948
v -9.35035194863605 75.18774872084958 0.804634849116157
v -5.941080650353573 74.83101784820022 5.487356126896623
v -7.597652475085226 74.96788292042419 3.202090939932056
v -6.621437684874607 74.70894513372195 1.081987292996839
v -4.001134475263658 74.20956559221912 1.3609418323109068
v -0.8255338072377825 73.73228337267119 5.881002378529992
v -2.436803067504595 74.13260579140223 3.624435615262838
v -3.323173557534897 74.2465363186549 5.694180882298793
v 32.69529171316613 43.67099543623854 14.936230038786196
v 32.0950291097643 44.89310101218794 14.911092493481494
v 31.91092367781502 46.08056813240482 12.628624817899626
v 31.994984765946967 45.45958794545136 13.788574749602692
v 32.51175290179005 44.74528509293274 12.717482014055186
v 31.57247535257293 46.39021471545073 14.874965033736766
v 30.941883492732742 47.82965707007784 14.84128065921703
v 31.14224820488588 48.04404752270405 7.687746290035722
v 31.200239523538457 47.23416652141288 9.044691946509573
v 31.901843365374567 46.74071093268768 7.892051286903483
v 30.1965968891799 49.12035253270298 11.209483362860997
v 30.63967687929274 48.02566388872554 10.139213938408048
v 29.80850475032472 49.27409771543116 10.004437842569839
v 32.18588540516116 45.65416837253311 10.393745793852048
v 31.397421056204095 46.74968089332954 10.282182040973037
v 31.72339615768358 46.54721704110645 11.440639592362448
v 28.546284738711552 52.09404412827747 14.736717896554238
v 27.593217156994548 53.491157639053654 14.702395377996293
v 30.205252354401864 49.2381613380954 14.806000612174532
v 29.37554321180953 50.562404277596976 14.775560146152632
v 28.87383138219557 51.67452603846906 12.229475866680204
v 29.151372315235534 51.17298252400078 13.514118839570752
v 29.652346026053813 50.06347692523436 12.35340297267964
v 31.204419361748386 47.359761575902084 12.538238118597448
v 30.427003114847345 48.631705680897646 12.452175821556393
v 30.72030260133087 48.30021610314427 13.654158982537387
v 29.278268954597742 53.7994251768194 -5.484690480301687
v 29.88632271935925 53.801665010630174 -3.9529065831785033
v 31.398527643383524 54.68058852775846 -6.272638195679548
v 27.61880572085917 53.44506531830004 -0.4199295490663566
v 28.39164997433008 52.649494435519884 -1.6690952575419757
v 27.093521927622934 53.67878349515893 -1.9496955338361595
v 32.50626309641274 54.45228081020383 -3.0031394822085176
v 30.30703095637084 53.348983062328 -2.227730063147117
v 30.561512431916412 52.55077799625269 -0.4133674375870662
v 24.48452024667705 56.543379654457226 4.677350491058014
v 25.43548233748094 56.469458205087165 3.169361509538028
v 24.079888023896274 57.659118766310485 2.9264665520425996
v 27.723980027484842 53.35356856787258 3.904432216851596
v 26.574202058821083 54.71419517385374 3.597203673767684
v 26.875867006238604 53.74549330525285 5.235804819119743
v 25.682598684931115 55.950422741667055 0.33322622835642335
v 26.201225841745924 55.5605716780656 1.9146697759404354
v 26.903781751021842 54.46883498932132 0.7541727127410169
v 32.53754797159222 49.850635970142335 4.524383139720262
v 30.99677345334137 49.8529298193766 4.6609386977574125
v 31.100157766476627 49.01551425227133 6.16630418433062
v 30.74509258412111 51.64740273938795 1.3740277463731552
v 30.8941257566347 50.766447002037154 3.0511298437954935
v 33.02759046267089 53.07255500117483 0.5941565360851655
v 28.981676610734375 51.04253796406645 5.790617258299735
v 29.77896566140604 50.5498441248101 4.561305568225281
v 28.725793036400226 51.74689716345746 4.297913855076775
v 28.08471883989855 53.10463020782006 1.1244554625460577
v 28.478413562717165 52.59959403605006 2.6835367416075613
v 29.30353421787183 52.04330635283534 1.382265755754391
v 18.653542734498835 63.944165241404676 14.395679729148714
v 17.023543198045576 65.55178299823942 14.343872316608493
v 21.649158671973435 61.08837023883858 14.482499477389057
v 20.17190235986021 62.22700160036811 14.449783709150054
v 18.90404534195262 62.6705405890175 11.301155931849848
v 19.560284732214253 62.69062613041672 12.866637143678439
v 20.397018718107176 61.181395167196875 11.439702382711474
v 26.64152706014586 55.422508590560994 14.639293937888725
v 25.574030385342382 57.07187207398218 14.59445676843395
v 24.504188737050228 57.442497642692494 11.75768400679156
v 25.069188502971564 57.38446759297356 13.171014245842171
v 25.61413583022992 55.757742562931476 11.899673702442804
v 24.400627732473588 58.68967155893527 14.549336662926024
v 23.079407926837504 59.96196239691514 14.515123880463566
v 22.224963478525442 57.9835445786816 5.9277975130190566
v 22.777345349894894 57.666123990166184 7.446841508467482
v 23.607370663770965 57.06583354432935 6.095575715529574
v 21.220701371430454 59.926847978939485 10.052747425333251
v 21.96582540221457 58.4534904575693 8.78222082080478
v 20.571933147059177 59.71942146037833 8.60245677376598
v 24.54900874069262 56.007342221907706 9.127330655662142
v 23.33145687414044 57.43994644496357 8.919135446332438
v 23.905735790809196 57.389668313857484 10.340853292214266
v 22.45633794893455 59.931163928994316 13.031808788783987
v 23.213591838342374 58.71605319160254 11.646273175081406
v 21.860800179600997 60.10299826162469 11.525743562850892
v 30.17624659337352 49.09855906038166 7.50255413054043
v 28.227727539489067 51.58651681153152 7.050386920271201
v 29.233695249364985 50.34513310490647 7.272860874681031
v 29.498282234272267 49.730691104032545 8.679365513847653
v 28.98052946523947 50.80492929304675 9.780630693311426
v 24.883153129351612 55.72667701985068 6.315850199715715
v 25.826930913417755 54.98446541139047 9.228882796385104
v 25.300055618624622 55.09373742738993 7.846708165414007
v 26.108632814671203 54.47953251727142 6.5208016380221725
v 27.201929654638423 53.03416249898995 6.781113859017575
v 27.285343497052878 54.267932567671004 13.347044213351392
v 28.50504288336684 52.11929890113594 10.902251481248038
v 27.97738994106533 53.39104788123517 12.079069014455046
v 26.784783860856535 54.43069804603646 12.002557941302532
v 26.36429082540473 54.89738689519987 10.60776131782846
v 27.615057931020175 52.62313805034774 8.203480357657927
v 26.935479037275933 53.52214829132747 9.42332388169285
v 28.000234065562225 52.172736701398215 9.599796571638429
v 14.880244658206975 46.24705361321976 -30.009203261831516
v 16 47.171333367738725 -28.638647289986736
v 17.087226582892406 45.36838031940627 -28.672641403848132
v 13.728155350760174 50.55463028042643 -27.995383047877084
v 14.882017305175644 48.728494872561036 -28.169782505587058
v 12.54399361442769 49.72054393316408 -29.513044020228556
v 19.319444723232042 48.388100349218455 -27.71462808687982
v 17.08761684412499 47.83954677567548 -26.970074292573287
v 18.14483472749062 48.62281646144091 -25.53577377833171
v 8.885870468867417 57.128368110023224 -25.618387292501076
v 10.15481448531083 55.31919571690676 -26.123970295001072
v 7.530142045802563 56.58272203661846 -27.489847607265503
v 14.8841276518505 53.44432898310161 -24.10421951191031
v 12.568832191235837 54.539371996455884 -25.28087444177315
v 13.73933642943371 55.379281603387696 -23.848461497086276
v 10.123206518450434 52.961973886206515 -28.4200849596076
v 11.370436974490154 53.69110943193749 -26.754547320801983
v 12.551688562809142 52.161308933718736 -27.4332081519946
v 23.368451712433306 51.30541235791729 -21.834500154327984
v 21.104996583822384 50.34011791568035 -20.78971760821033
v 22.033186935072457 50.87919808830629 -19.294762257713472
v 19.163370579255997 49.173227787540334 -23.844235456484633
v 20.128019080140334 49.60784117839295 -22.122731266542516
v 21.424940752568624 50.12005527507284 -25.004729855913922
v 18.111284392946093 52.77719397841896 -21.215371600223065
v 19.091607366179915 50.72538010174026 -21.195573816164234
v 17.076253714780815 52.11488198660772 -22.68033408987744
v 14.878702197734931 51.2748987817948 -26.37259121968652
v 16 51.993874375706035 -24.814054932225282
v 17.087471045196825 50.2107430960454 -25.09431586175308
v -1.1408457975902415 67.69988062346988 -15.952283439616494
v -0.21444817409296135 67.56574142792232 -18.079946093296563
v -2.7675293409364734 67.36084288294046 -17.969559776008218
v 5.279019094071177 65.75966263564436 -16.849303512859443
v 2.5718413757935785 66.77496295548042 -17.536676598869214
v 4.16941850517553 66.59360483422759 -15.268567400933637
v -0.35832422017245946 65.4589009478936 -21.19953397250412
v 1.060277212188014 66.34725305317119 -19.503182598620462
v 2.4408391625310912 64.70238405735418 -20.5649036441392
v 14.905920990111992 60.870456868192875 -13.592825823603818
v 12.675032961270784 62.48455578854217 -14.660387356640786
v 13.86607448377206 62.20057321269195 -12.553524545171548
v 10.113723038530921 62.81425547087306 -19.025418666582112
v 11.430436209150592 62.61549474199499 -16.76852483910507
v 12.554039413344437 61.196516463812884 -17.795601664906215
v 9.220102338543668 64.7278864913555 -14.11549005160456
v 10.31387928688947 63.788876628823544 -15.526842761440946
v 7.900942021427364 64.57292545297909 -16.053706522073632
v 4.787991956621717 60.28505391025242 -26.301304280708315
v 6.240218172716499 60.664657361944734 -24.15822276795287
v 7.502529505982283 59.19876621163599 -25.155066080219143
v 3.732978377112291 63.327008976117654 -21.79625831957648
v 4.990947440322774 61.99982307599723 -22.99656179679252
v 2.2884309375485934 62.70702948049235 -23.676207368390656
v 10.0330641564378 60.79868613086039 -21.83866827763213
v 7.564847230453774 61.380919132750236 -22.39895315886497
v 8.808531857580672 62.360374909679535 -20.910853595160255
v 6.52493500124171 64.3310529605557 -18.013895909128188
v 7.646000549131765 63.48202174405279 -19.569207901629184
v 5.120335270991365 63.96319114293492 -19.971189575985726
v 30.082172489806496 54.53849036600614 -9.488981073556186
v 28.08552800626215 54.434808604005376 -9.401675008621144
v 28.63357671401147 54.10514461623975 -7.550274519066235
v 26.778266506125725 54.71384675984418 -13.065683412964649
v 27.485860309577347 54.70764697263562 -11.295325466537292
v 29.02871411732695 55.39192501226162 -13.627857163258888
v 24.986769682339965 54.432014034426906 -7.752290929388792
v 25.98806504749262 53.767176198615815 -8.945081207366592
v 24.330578871201617 54.66500629260345 -9.525063068303975
v 23.068475455819637 51.93415462914616 -18.234137638425764
v 24.056836435142365 52.871299498815425 -17.151174697668587
v 25.313120402246184 52.78485044699221 -19.137072539914577
v 21.90992520040939 54.0988057727763 -14.333219797490923
v 22.83350585063659 52.764097210013816 -15.10785047269987
v 21.0568393292238 53.9658444239021 -16.067391191783393
v 27.298014940452227 54.48550917048742 -16.692274792686362
v 25.00340134508464 53.61948330349613 -15.892090171400895
v 25.922370485926635 54.28118442178711 -14.572089098538768
v 17.997070148185294 59.2375848596679 -10.72229703473262
v 19.00545428447259 58.01762174757511 -11.71407700324869
v 17.056668350202493 59.33616786652247 -12.580936256201433
v 22.586748897367823 55.50307109984719 -10.068428778926883
v 20.854263347100915 56.79754966924078 -10.914588167959934
v 21.67755463693949 56.80522328088219 -9.219014906113689
v 19.12309485583926 56.96187536694458 -14.629157547068349
v 19.992606354529975 56.72977838697636 -12.631139970772747
v 20.984116361157845 55.63926572859874 -13.65724572174166
v 24.61762087698764 53.99093148690874 -12.492245117956038
v 22.779880988149568 54.535130196585094 -12.867011284125915
v 23.56700075764901 54.59826971302331 -11.16426495741166
v 10.15684625313585 57.68831576263926 -23.727807366137455
v 12.568846962238405 58.91655472295503 -20.270555535500975
v 11.352655399437996 58.55980334826279 -22.19473910496454
v 12.577498942018273 56.76281516561545 -22.85338895513886
v 14.88787285465108 55.545225962557225 -21.69650576241687
v 16 59.34430074360371 -14.457209857474432
v 18.099278187901415 56.43721700301982 -16.14640104255553
v 17.072416417819902 58.19273602307471 -15.552744748095218
v 14.897452956516092 59.378183684754354 -16.439251076121643
v 13.757540263123753 59.1952427854492 -18.33895061591172
v 20.928070243524022 51.159599988747736 -17.506122515873663
v 17.0804725999988 54.41964769225992 -20.623547732224097
v 19.089242478760617 52.79362490474915 -19.070124908830472
v 20.0468072843101 53.0601573612009 -17.25915371405911
v 19.094736322620193 54.708684597027435 -16.71431044374392
v 14.898597433542971 57.326729871217 -18.92342235811912
v 17.065864389385354 55.99326952830073 -17.796573006656125
v 16 55.65424531526428 -19.601151017383216
v 16 65.73639722391161 12.67026406535176
v 17.960723164458745 63.17452924521406 9.644182647543795
v 16.997073788386142 64.05389742924345 11.159114759432356
v 14.972846961891001 65.503564643212 11.013077226677218
v 13.915151779636279 66.16094833078114 9.241822845560623
v 21.49869761232389 59.08855191473251 4.090617155970808
v 20.569794273622236 59.25271181393091 5.615477974831846
v 17.002647244537606 63.219711100954356 4.654598217602079
v 18.8673818758141 61.30523168343122 5.117292826196909
v 17.98793967888527 62.94198897386463 3.02555334752838
v 19.688221110473446 59.88657197115064 7.026918913480879
v 18.861041673593974 61.559963755209395 8.275030548045958
v 10.577659668209666 67.32198731171357 3.6781296417526494
v 9.28854992092258 68.59184729622645 1.4639709135518668
v 12.85021043372644 66.1580594929585 7.4953953994729865
v 11.77117296010646 66.31930480328828 5.711677582974845
v 13.903356201155402 65.5088614271605 2.3160872503945704
v 12.85807514902757 65.64306795195236 4.075307163082359
v 14.968205972034777 64.59238000367392 4.324789333717527
v 16.99338137415968 63.43797393765105 7.959418145490767
v 16 64.03240079044306 6.16792504524812
v 14.975296768976808 64.93371914510178 7.705894211483711
v 27.168133338176794 52.9192005778829 -5.004165777160587
v 24.233229734850376 55.6665952160003 -6.599611497042488
v 25.730053096064523 54.22126778520494 -5.761966981073272
v 26.38807966993762 53.80694976545828 -3.741212830261709
v 25.698781862756903 55.05983597092342 -2.6570291069921907
v 17.066064615122034 60.79653095497534 -9.55364947801748
v 19.007925122039616 59.5218202676476 -8.823371103583618
v 20.84726979081936 58.99254065414647 -4.640537973724065
v 19.972266810920342 59.510032326532055 -6.816626183787395
v 19.039490447626513 60.20076947270835 -5.2385969677795075
v 20.835904703769963 58.14327367457081 -8.031166984395153
v 22.591683327450394 57.03895522610082 -7.392498741700209
v 23.40268521947999 58.47574173832846 0.9685601969243507
v 22.516860055546104 59.09055845728778 2.4022903902741284
v 24.908680791559966 56.028225322726556 -1.3929046739820272
v 24.22472018094325 57.526522120334576 -0.34217314784894626
v 20.82827369477496 59.50150616057729 -1.2288619794997793
v 22.57468033515769 58.62483395934174 -0.8296332981419212
v 21.682015507577706 58.448077609588054 -2.534755524340561
v 23.45904357972354 57.000674796011 -5.466873709594211
v 22.520055751539193 57.43360052241624 -3.85584318627307
v 24.188053862987793 56.42070870915287 -3.3376358621269446
v 0.359257875355123 67.7045846607858 -13.415904208526499
v 3.299379874407663 67.14911809075707 -8.431505184164621
v 1.6829267524229063 68.1063455670228 -11.207761113422688
v 3.0324990514982133 66.93850170849049 -13.002753086976668
v 5.580096717204665 66.20169471999152 -12.601869935821949
v 7.933790159699164 69.33511594382497 -0.8304947665985871
v 6.748981919802109 69.08125945394387 -2.7845514521860473
v 9.218298291087134 66.66339577586457 -6.121935965515945
v 8.03942428539473 67.60984272365835 -4.377199086392913
v 10.374969000626631 66.68008487950553 -4.071953009517301
v 5.669937826025047 68.15637078644124 -4.52539915780855
v 4.71914457245682 66.68681137555177 -6.024230936427376
v 12.719408809483681 63.46703936182584 -11.073590351249834
v 14.899496286691367 62.24367787842974 -10.379157267053944
v 8.043117175956885 65.53850810693292 -12.237304828367492
v 10.410523440477736 64.71039749023774 -11.775908084484776
v 12.656610290388137 64.62012247065243 -7.362108804821993
v 11.537525461653289 64.87949895158371 -9.632370191300318
v 10.385326177496301 65.79898024882968 -7.908281000359274
v 5.822744115999608 66.24049700078348 -8.035512180751006
v 8.121631621729637 66.06539523479232 -7.992378753157119
v 6.9275661375886575 65.86911611727467 -10.11015606510891
v 20.81563013106329 60.68596349571579 1.9077038629188614
v 19.02636471743858 61.40078538385717 -1.9621942432299235
v 19.938364900335323 61.040952622887204 0.004791554625256822
v 18.981119377503063 62.17884279172773 1.4429208003124288
v 17.033836120125915 63.696337830747375 0.9676741776039677
v 16 62.47813812495238 -8.386018884448163
v 13.808298308279172 64.6954736154594 -5.313721559107673
v 14.909418564238688 63.55483581735294 -6.846720343949599
v 17.058177464931685 62.1418597092849 -6.167885700976591
v 18.043819952128644 61.40982056526471 -3.8756106002802824
v 10.371843524021141 68.22568760243149 -0.4700455821370575
v 14.927500434502958 65.4800874175749 0.40549464361320275
v 12.714966810656165 66.88660063770328 -0.04111820269812583
v 11.542322642535144 66.98004876302775 -2.1043352556810753
v 12.697643561057212 65.54114587759798 -3.6002707389729025
v 17.05183191657633 63.31004670326091 -2.7208977061968724
v 14.92404811675286 64.39493178013848 -3.150193890886637
v 16 64.42843930894873 -1.1851863754248093
v -20.737695696717452 73.20259080835345 12.375200170111155
v -21.587969234532856 73.17556952242265 14.608481676406177
v -19.39875564234753 73.79797281749177 7.880652338618708
v -20.029296095955637 73.43938803521732 10.134989125045845
v -25.754559722892502 72.35665659723395 11.720590233802419
v -22.69670514442622 72.68317614505165 10.93411957118227
v -24.89855927325405 72.43305281740413 9.428901793706782
v -16.09658829601303 73.92613614756296 -1.008750852027486
v -17.272417896197815 74.51639657486791 1.0539852307810431
v -22.38432875739833 72.63052651704214 2.550860746879385
v -19.867581659206557 73.65955196755267 1.777139034254068
v -21.662568116685428 72.83761363059138 0.23222393033267075
v -18.134295042862092 74.53546866469785 3.2851527018272595
v -19.062450135626136 74.66043981164461 5.493057879859224
v -35.285722883882116 70.95955324622994 5.296361453702794
v -32.151782538532366 71.7484035051605 4.48948123160393
v -33.91129156424012 70.55059370239007 2.922353828676634
v -27.219818338238042 72.19699529324956 7.841870821588538
v -29.706070105763807 72.0704877480103 6.189469132666289
v -30.14239104938696 71.45290781719032 8.663560020441889
v -27.65537843749714 71.84163991269125 1.5021118081275162
v -28.611957362736753 71.87788322642808 3.8500077933357275
v -25.660017974454057 72.54542870214937 3.1235907012889044
v -21.353730605123474 73.28946397623713 6.358271151008871
v -23.58428126180214 73.0851301186647 4.732687020576222
v -24.12498757308115 72.58869591317375 7.11576432431624
v -6.570911175756827 68.04377927485737 -16.16482449485921
v -7.724011795571041 68.78715797079238 -14.363411268496222
v -13.21025994389608 68.4337908007582 -14.082840270421038
v -10.54202291333901 68.82978951973008 -14.351228504483345
v -12.41604209491166 68.43340149956482 -16.405624272500766
v -8.640995410305024 69.00427357887719 -12.265308811545495
v -9.535036771323771 69.19053120292291 -10.184606308614601
v -24.915812870753307 67.12529073120103 -13.115997053936255
v -21.917349993293747 67.56151758995243 -13.427899312531732
v -24.06335168546307 67.00420839950186 -15.52233436017502
v -17.559869553015567 68.09700991694748 -9.25920894168097
v -19.809623089414337 68.02211636051238 -11.384476623589805
v -20.94317618911797 68.5450874403638 -9.31576393676707
v -17.76277549846006 67.28384339286248 -15.695158290515742
v -18.531764088771283 67.27614429210873 -13.321780289037232
v -15.806821610724963 67.77524187613758 -13.658184242010066
v -13.415957453782024 72.06911522605124 -4.896925160932074
v -14.839044391633195 73.19225005402834 -3.1006289380285494
v -10.658126925538063 69.83879634203669 -8.311006222836617
v -11.998237368343737 70.90427374304303 -6.6161385094969205
v -17.318529581458968 70.01040341440172 -5.822517218431962
v -14.712159622623563 70.60466244474398 -6.283164435034035
v -15.918956093748417 69.0166368972051 -7.6030366623671775
v -13.760121600393088 67.99358741521885 -11.568393427355108
v -14.606317744133975 68.10742652973465 -9.394806824622037
v -12.143741807157934 68.8322021097897 -9.878981704904277
v -50.25322579595945 59.81923636180725 -8.20928647707916
v -47.00905950494761 61.12145783563717 -9.068867801135287
v -48.889904564119334 59.51510675466112 -10.893814998460698
v -43.14231589181412 64.01912633055834 -5.475698719797919
v -45.49135277906769 62.93137263570791 -7.412237551526047
v -46.24713288171628 62.8179496500316 -4.587978340401023
v -42.23089890562666 61.7889076487815 -12.299101234677
v -44.28364178592232 62.69622899832911 -10.071604497087094
v -40.69223706859683 63.465999938454274 -10.616533317822451
v -35.34116106246327 68.84178741141346 1.3608698823054048
v -37.23834016327676 67.7065334375136 -0.2812817949505586
v -38.540997766791534 68.09783298406128 2.1914110594867733
v -35.45954869622511 67.69851604902598 -5.433197977701845
v -36.19775801046708 67.55536600802532 -2.804875682171982
v -33.425352270319095 68.66715710054461 -3.65824008406166
v -42.0503195593069 65.31198884310051 -1.0415668602357009
v -38.98607288820009 66.36029952041704 -1.905925687757307
v -41.065128471643135 65.25145599454112 -3.665090099296126
v -29.73024460629395 65.34501037105316 -14.496893584526916
v -31.23058574299789 66.0318545026228 -12.345077869088126
v -28.092131862740004 66.60408248185348 -12.747054318496556
v -37.26107187231751 64.22625601655534 -11.146603046659564
v -34.430592865535 65.36667724001879 -11.883446285660114
v -35.79338965898459 63.66177192246358 -13.456595012127906
v -30.69260364587167 67.58635368838927 -8.242024336718636
v -32.53866120191199 66.49933667853921 -10.035511068210106
v -34.23286265104164 67.34945978730298 -7.886811086860675
v -40.439475012122756 65.47603689611464 -6.441805215877707
v -37.20422560796133 66.35855286372036 -7.142598835203639
v -39.03206148632328 65.01898766608372 -8.909851928314254
v -17.435892749962186 72.45885589167278 -2.4508024098632575
v -20.6471683634133 70.33942147665172 -5.633789011396075
v -18.901542105501186 71.19837339965957 -3.960847988980966
v -20.351720474382248 72.13824712089081 -1.9295074006962665
v -23.719094789145657 72.31320607661786 -1.5526675626229824
v -26.284517698223198 67.73962126820982 -10.98583875483439
v -29.171765816345825 69.11725605782877 -6.681061029971989
v -27.761858667068914 68.47504798195698 -8.8748779468545
v -24.338339015052313 68.61255316647 -9.147852378875701
v -22.540708387397956 69.57333752018283 -7.419003909832789
v -32.52161184109238 69.97447726550143 0.5427247295188522
v -26.766378184851433 71.78634133808096 -0.9376612282279346
v -29.664866043795804 70.9670234952127 -0.22778622094550727
v -31.422772557877494 69.71154841461293 -1.8893281047374586
v -30.4962675594831 69.64276660454664 -4.3665558332086185
v -24.399579133945224 70.95352010612262 -5.561957875833002
v -27.36389357464418 70.25938439460407 -4.956392771476711
v -25.528701928178073 71.30576689539244 -3.236942546009793
v 14.18329230680938 44.51224042908885 -31.25656121168987
v 12.991139101355897 46.4950952537229 -31.482522307906656
v 9.074435881839431 46.19409466480084 -33.29996636936016
v 11.059362088216304 46.3507887746159 -32.38647774181112
v 10.330073782778564 44.52091628164971 -33.65201904994646
v 11.785247990702 48.19519648211399 -31.159725522085495
v 10.566626453667137 49.81735336501366 -30.662193546770233
v 0.35215075104816407 45.52848092320755 -37.2913588950171
v 2.754518509354403 45.48673624361365 -35.85849604055983
v 1.877734883527161 43.697517065408086 -37.54356385592774
v 4.390790946851316 49.133101570498525 -32.88310015629267
v 3.5587656508411225 47.374629199743296 -34.43682844284944
v 2.1032358780847815 49.193509536832515 -34.093234859945966
v 6.350174139534003 43.86013081354402 -35.042558954618166
v 5.020405149520151 45.475834140078774 -34.546869753890256
v 7.1045743058755 45.68469953189663 -33.66331569761763
v 6.81512566537892 54.422948652734725 -28.48470923452558
v 5.359044000616066 56.61157875429488 -28.38646372007352
v 9.316740628880932 51.4063106393882 -30.037404803079667
v 8.049283182708667 53.04142264637267 -29.441024132162184
v 3.66772299311935 53.13438899558003 -31.500336794420228
v 5.936752008533297 52.94991590856449 -30.280934718405376
v 5.120800162921517 51.1982955998249 -31.774888515351357
v 7.76136277166375 47.917910200597944 -32.95253933172395
v 6.46383801318178 49.502408154781115 -32.31436286932911
v 8.5368948775616 49.706557460430254 -31.53671579172874
v -22.79592669263794 43.22413161311226 -46.77312801373746
v -19.42754609871715 43.68080022702035 -45.591217663045235
v -20.432875662513503 41.18842348572763 -47.27248079026558
v -17.505288750845004 48.533437172479516 -42.39905026548263
v -18.476173240809324 46.1492699047301 -44.00972828788997
v -20.405193809857835 47.92320910330992 -42.90484095137723
v -14.347760101843662 42.36028184168396 -45.40777919823866
v -16.449841036741056 44.288966852711475 -44.85128110116174
v -13.64362685662173 44.90824833865092 -44.21706955228099
v -12.93843790416561 56.66629447260098 -34.81351150079401
v -14.248917946185351 54.97521860133275 -37.00004931358051
v -15.630450685032699 56.200762268582345 -35.17914428786029
v -10.297613700628023 50.939514035705166 -38.238715270807624
v -12.329797013673268 53.045782075869695 -37.817935503118306
v -9.48188120043006 53.18559033687525 -36.88987838431192
v -18.29417313099765 52.53133572371737 -39.48913774202759
v -15.312657302156566 52.87638623207607 -38.75766881027438
v -16.29614939613105 50.63589861651094 -40.38042211242367
v -3.241547714711846 43.72905563631469 -40.75848497933879
v -4.91640677072553 45.44338111541656 -40.12138686964885
v -2.2819292011046635 45.51720741902197 -38.74085014331152
v -10.568602011282636 45.13368365582349 -42.83843472650674
v -7.6533408298851455 45.282268979356026 -41.422247361819785
v -8.716482121754748 43.31834425248792 -43.47763555046933
v -5.743814853919449 49.19836713484965 -37.81561624047305
v -6.641699544163345 47.20631688354571 -39.48324899674264
v -8.299784389949007 48.86118486046309 -38.58165676352825
v -14.460683192319319 48.88235269215843 -41.448403675044574
v -11.481347777327375 49.12105769965629 -40.38878531876708
v -12.848938661591745 47.37361007324757 -42.895399185405395
v -4.303293067426594 67.03108011020495 -20.543899362897676
v -5.448572412865413 67.75152045134172 -18.70451917417958
v -1.6914791065203794 64.72088492034419 -23.55770572471642
v -3.0710099812859504 66.08928343698344 -22.2290959589506
v -8.338706471344 66.08161723135834 -23.380854312841613
v -5.663665716625687 66.09145731621314 -22.80127497944474
v -6.986272382435175 64.95991478934519 -24.992055218527724
v 3.8291173468940087 58.68472522217465 -27.932336729989288
v 2.3865339284281077 60.51482055573453 -27.23401237662359
v -2.457773822904919 60.3157718158459 -28.52156496690276
v 0.0343279285972411 60.316819815386225 -27.77141764279967
v -1.0060705031288357 58.75718588015944 -29.5616262199077
v 1.0876012440001261 61.793457385783114 -25.941024497466735
v -0.2490171123131084 63.15219937310455 -24.695859882700432
v -13.032160246926537 59.533869633682215 -30.975022046360685
v -10.354014575741349 59.9129344022441 -30.517431664967575
v -11.502478311838146 58.183205515337626 -32.41322750944139
v -8.125313028994952 63.333363550898206 -26.858899163776442
v -9.123884018741553 61.439589969252644 -28.48096769181405
v -10.666951854118988 62.888373480679235 -27.14803447632155
v -6.336174958321131 59.0217439685527 -31.530759207284206
v -7.67422345404421 60.136453033076954 -29.919305277956227
v -5.152678579246135 60.483108017603065 -29.471897196700922
v -2.859622918003666 63.43055231874292 -25.57862481926299
v -3.9583784302156886 61.8837867057086 -27.42965379165934
v -5.504926749757534 63.509734484062996 -26.31858712528833
v -1.3852994975117632 47.50502598813981 -37.19845159898723
v -4.81136652884155 51.25400255375531 -36.27367322109356
v -3.1503358013650846 49.48436156994912 -36.95703804147772
v -0.4507157630380192 49.35349977313091 -35.50807136983018
v 0.43419698515002025 51.22311370680378 -33.93886369669827
v -10.154875458534015 56.98246877811346 -34.14642542097445
v -4.6419766451093665 57.11071055129169 -32.34188125278149
v -7.2950377134812925 56.98247839605254 -33.14228019000211
v -8.371037444812902 55.09229129335889 -34.98735605607109
v -6.63703847334277 53.25382607708192 -35.78451258042492
v 3.082589891130091 56.54877385096077 -29.10565064347557
v 1.3383708984345208 53.01956052342026 -32.28994006971563
v 2.231566846242856 54.74426536305728 -30.636662472050936
v 0.7567524354199051 56.40828465251689 -29.766863057537392
v -1.9717526507627312 57.029000023666114 -31.335177376803763
v -3.7461243324826903 52.997341204017964 -34.325626586039476
v -2.8505492104355916 55.00638906222032 -32.80702546530631
v -1.1820026663464454 53.09249874574633 -33.39786205568699
v -63.59215590632732 19.05980118411332 -32.021917534476856
v -62.29748690777262 20.961536063547882 -34.28564628257032
v -61.44217376139946 17.88475960463608 -34.91150064814414
v -61.49666392793999 26.886581766718052 -31.463350975037287
v -61.464234270691904 23.90970433283596 -32.59003427533076
v -63.366040618060325 25.063067385129564 -29.58912695567713
v -56.99443017209971 21.54278937426963 -38.08146043583847
v -59.72854192765256 22.768000040655597 -35.698674232592616
v -56.84300226059938 24.481882471331012 -36.79129334428131
v -62.10936269766076 38.93511664494224 -27.280015262613908
v -62.53935517057286 36.06019562128114 -28.65747037567145
v -64.8190086089428 37.316240157212356 -25.80681502969729
v -57.35500770771051 33.42102315220119 -33.720228735766895
v -60.23797858667923 34.80559478433072 -31.424439302430834
v -57.03700005728963 36.26177716025339 -32.396841703704155
v -65.00525988359709 31.314409537215795 -28.21441995000047
v -62.65623302191396 33.08540163318585 -29.867490705670974
v -62.28832926271026 30.022583991648364 -30.79440948259574
v -48.375503931066305 28.53744043782116 -44.072254232623436
v -50.39207303081392 29.70814507043534 -41.345080071507006
v -48.53092481012179 31.470273456218507 -43.04283683290012
v -54.25363289746801 26.198734103833612 -38.03045546448567
v -52.360571368654774 27.960899975309303 -39.7243782413268
v -52.70830931294097 25.090134444041592 -41.17221695770386
v -52.738090495117774 33.84612973542958 -37.73745037443459
v -52.49484915649849 30.893403890691722 -38.68512967383799
v -55.09892145895394 32.19050088424929 -36.382348386576645
v -59.52320542789589 28.71043954686788 -33.242448334988154
v -57.271083894972875 30.4620540037334 -34.80803332192793
v -57.23225669322035 27.497218959118605 -35.92633161705517
v -50.24477088254862 56.941519982364426 -12.729751380117563
v -50.6647153521065 54.345844844559245 -13.960970701185488
v -52.867364534589626 55.654461117315776 -11.415715656751992
v -47.893107658052614 52.65739445316281 -19.594113162767307
v -49.01110919215843 53.34951527081534 -16.66199554240945
v -46.84956074277566 54.843164717036466 -18.06103194980099
v -54.756432715768184 50.96787009327257 -14.373342479600609
v -51.53911765048488 52.01622828410995 -15.398054829768746
v -52.74923802252823 49.843838196867225 -17.004263751539305
v -42.16240062558152 49.12365095717294 -30.547645325325135
v -42.78483198645487 49.55048876875164 -27.229236704268914
v -40.74070411786321 51.067683690440596 -28.56931800900096
v -48.69667229634591 47.36814888167419 -25.6763243464623
v -45.27348991791122 48.254405812225954 -26.177841518937775
v -47.05455732118561 46.37913468299352 -28.332129493307974
v -43.22373232864794 52.602279519730395 -22.99001023529612
v -44.25875500202249 50.458401641797145 -24.581076068411477
v -46.25346239255588 51.66037724668574 -22.243853649336415
v -61.4134979973237 42.243750445778836 -21.819952272350655
v -58.22129533587338 43.66223165334608 -22.939270879563054
v -59.91088430133816 41.35213480896002 -24.932453760178817
v -53.82662147313758 47.53033768378797 -18.574453080018216
v -55.441670035587094 45.42821377505872 -20.431423262396038
v -56.891681674347325 46.290813181366076 -17.47947568347599
v -53.662885100368825 44.14679049745968 -26.97440402616047
v -54.45333463500519 44.750717802842374 -23.6261777361224
v -52.033720603017386 46.2886508018942 -24.960073439447818
v -48.68133374194059 50.29577654958917 -21.02234166039335
v -49.86272593150049 48.098518644344125 -22.68576231075256
v -50.98660281356486 48.81228113648347 -19.683798494825098
v -27.13482035736793 39.83115977984143 -49.21841159458715
v -29.301884576118383 41.16911044226158 -47.26101322658212
v -26.74953927323125 42.420668274255384 -47.7482872152878
v -35.24867098003107 38.920055025174406 -47.119954896134885
v -32.19064410900239 40.04043914075889 -47.141300395346256
v -33.58970145582666 37.806843467328626 -49.93233490914734
v -31.177009385170052 45.15699528760787 -43.99618259621752
v -31.736571968612033 42.652452480839955 -45.62669805192791
v -33.992085521508514 44.03303441697162 -43.70933231394645
v -46.79834511959683 33.3974649688535 -45.01496768341684
v -44.21243704828009 34.959608969502604 -45.99623127916987
v -43.907481735854745 31.87854508276391 -46.716885528981294
v -41.67666011153498 39.911620087718916 -41.410059832869756
v -43.62302021633178 37.747561306988196 -44.365937090250036
v -44.65237685360893 38.63875727298179 -40.91906032252444
v -39.242762075320165 35.09116313369667 -49.03205543006169
v -41.16616316926854 36.325793915267305 -46.41707941966802
v -38.16407036204208 37.62659564688259 -46.75712202497391
v -38.729099084857594 49.824443408102766 -34.719922225425606
v -39.49079468168336 47.43778922261298 -36.383881473411
v -41.42201113324244 48.62016802135634 -34.032700180238834
v -36.06155166824638 45.30549443120526 -41.49677197074894
v -37.47854202687998 46.20592305193918 -38.631073646854986
v -35.19672173788332 47.641314146582474 -39.63477082947144
v -42.3832977200588 43.43611872118243 -36.84475418535339
v -39.65259593049862 44.692332862639006 -37.49184121116102
v -40.9392358132182 42.48707065145915 -39.701088656202366
v -37.266297742659006 40.16102730745547 -44.76319101199434
v -38.48100699470232 41.037099307209374 -41.55963232977061
v -36.51874114545499 42.688312584225756 -42.96112362803277
v -57.93311990328043 40.16140683930071 -27.784448492885268
v -51.86928177242933 43.020341444941664 -29.771871106262154
v -55.44947247202552 41.83757402742194 -29.176997406116072
v -56.49527299484525 39.15363589599641 -30.943537334673188
v -54.269142561279565 37.90269361702768 -33.5625614060417
v -43.35370867246891 46.95711898302578 -32.50717657568646
v -44.93242960165467 42.01813905814345 -35.81791464510809
v -44.17714013318584 44.52591990994368 -34.18506133433874
v -45.64006700179584 45.46284132382799 -31.259784404715056
v -48.36729824543566 44.13746686413437 -30.30589368130041
v -48.47810804516699 34.46531759949065 -41.9640950560032
v -51.98919407286057 36.64265031125572 -36.121209537331474
v -49.71472189257865 35.40080416642046 -38.59371422196904
v -47.29833025266718 37.08233018402274 -39.887093324775144
v -46.52184068434451 39.73767498756767 -38.19243668398464
v -49.716465507312265 41.78498444286971 -32.3120561437892
v -47.83763035069391 40.65576176648486 -35.01879130166211
v -51.20058883306872 39.37430505004839 -34.460438028553284
v -8.449699226019643 68.21063868289644 -19.05343453891853
v -11.179968114298443 65.86728256049133 -23.36097854782696
v -9.832506634051665 67.1181361512202 -21.23361575373024
v -11.333258131352558 68.16275178611097 -19.06861693902679
v -14.243525304020935 68.00262527861459 -19.01381428765393
v -16.388547975116808 59.61972208467277 -31.57601699521473
v -14.845038683494224 60.94476241274009 -29.173726537571497
v -18.789024762236387 64.17002877730185 -25.753027208400823
v -17.03515770545416 62.87730466939273 -27.801190788555488
v -19.82685389303513 62.07403431151053 -27.40775283036652
v -13.748469731040643 62.83817199343481 -27.422718816265416
v -12.496628037411973 64.42275902898781 -25.440420493991446
v -23.114614293541962 66.75873266989794 -18.376253281392387
v -25.931213010609603 65.93348351099243 -17.898161813963014
v -17.004485683473796 67.39058867067365 -18.663195291933647
v -19.983554660655372 67.05474456992644 -18.50247737024585
v -23.20335810378873 64.41374794711149 -23.015837475588803
v -21.75306906587854 65.99473688521252 -20.908423579943353
v -20.259640501048025 65.05803037882765 -23.296728028130282
v -14.26959564886516 65.8710558710192 -23.55505615005086
v -17.54459590791985 65.94502494541638 -23.8090023701628
v -15.767656679792669 66.8392953486379 -21.251559457705035
v -25.281505866834465 44.793766297583666 -45.487092932539205
v -30.103784512550604 47.83608333001651 -42.40989056209048
v -27.605974227089497 46.25361882542181 -43.866765083744035
v -24.13267189888787 47.28029492638507 -43.69527131380546
v -23.058743737880512 49.73737276593662 -42.01016700915763
v -36.97451689394322 52.06371004219815 -32.56929710437977
v -35.62570357814138 51.2505083370964 -35.36403745173174
v -29.379138682454794 53.8103357975261 -36.353435484151134
v -32.44531684635397 52.5377893454019 -35.847583061718254
v -30.41155037162241 54.306056538133774 -33.2623373669923
v -34.08413312390878 50.31213795124935 -38.023545861458345
v -32.00800440657795 49.01284658998684 -40.096921824897265
v -19.053839874323124 55.88559820548873 -35.75923253385187
v -17.693297691428825 57.6778010053405 -33.63170964665443
v -21.86160903242216 52.049848340284136 -40.13245864404928
v -20.98115531577475 54.568634056027044 -38.72254697211627
v -24.77068407392244 56.96663896773873 -34.59129189835249
v -23.079796013092988 55.974133134325776 -36.935994813500514
v -26.215473876071428 54.95280811247137 -36.70179233208428
v -28.77662725630107 50.26541467737101 -40.45441814426346
v -27.614382464351387 52.75115547825644 -38.719317000358494
v -25.239225875457024 51.16828794347205 -40.281487667971945
v -46.94408588396754 58.259708936839985 -13.47606094740037
v -40.64695305045414 60.712272041573186 -14.875201106373154
v -43.26737604170913 59.169389035248706 -13.950718082739414
v -46.037897787441466 57.707601664327086 -16.50783012950835
v -44.789977832316254 56.930414242886975 -19.35404651115929
v -29.322589266550644 65.43333368852953 -17.65296216162725
v -32.061261283262326 64.30610192847391 -16.983853598913058
v -36.03826704836994 61.10595561388661 -21.582717031355998
v -34.33148979293349 63.02871043121072 -19.469375097106102
v -33.093428826908536 62.2524164848583 -22.1747144128501
v -34.65781650074845 62.963833730878676 -16.174452090580253
v -36.81334373563875 61.19790313452381 -15.080472117367876
v -39.43883511986172 53.54584359108565 -26.721095238901654
v -38.46475639959993 52.974290511601865 -29.736310419036407
v -42.755977952139794 55.6311852229435 -21.73474644485872
v -40.649179696449124 54.28316167252039 -23.926531241313825
v -35.904620365961 57.82907373010553 -26.030115529805393
v -37.98632006983971 55.85519462248431 -24.767276661318476
v -37.73290073239778 59.0414178869041 -23.71491820177316
v -39.84698718661724 60.29484548494423 -17.896730093669653
v -38.668378229743304 59.57378139062344 -20.7169434525702
v -41.51251429986075 58.141238018964295 -19.93751244073041
v -19.33383117036982 58.796161187835196 -31.408134773897373
v -26.60856306968445 58.23925218519577 -32.36031520762793
v -23.03624550144832 58.697829388279224 -32.06982529989615
v -21.34917471150991 60.35058329755523 -29.62798706191674
v -23.334048556296175 61.846189347404746 -27.726622241097317
v -35.98290966738511 54.74346381041925 -30.925891342238124
v -33.269712848928314 59.409801163117265 -27.033545525563632
v -34.0312691389526 56.62908264535358 -28.440074005816967
v -32.5998591428422 55.781825738173026 -31.23925467584563
v -29.420815664613507 56.8580511654369 -31.622505662380696
v -27.809413776567204 64.5305815998118 -20.170403771965077
v -24.675173917486802 62.56957995255831 -25.030809580503174
v -26.412027309891215 63.74806524381634 -22.774952591325786
v -29.89577728729865 63.217686365286454 -22.650436521279225
v -31.666619691525717 61.462890208112434 -24.89589909541982
v -27.849545911374094 58.874650405431105 -29.426959975469394
v -29.85050986356569 60.25838837571388 -27.274403182002423
v -26.412227899901488 60.937009656299225 -27.376608716669757
v -23.485645275217436 72.54508813159012 16
v -28.089999974918108 72.13593378761148 13.10123853981037
v -25.805171833169823 72.4195009477169 14.571964312883013
v -25.566532066131643 72.09743705054399 17.419883918119222
v -27.750490062277187 71.7036655638172 18.87643988498719
v -38.7875238701125 71.44028348325833 6.52319458775194
v -36.098094843871564 71.81443261022133 8.255105330311741
v -36.72919318401878 72.47485735669473 14.42862590378283
v -36.34563661226818 72.06924920220399 11.339657758569643
v -39.866904459218894 72.53252422748787 12.792824283000668
v -33.013854395954894 71.59839412344488 9.979675009062962
v -30.712021200545067 72.10562780574152 11.545581680812884
v -34.087962982571774 69.66091107269865 23.446068780092745
v -35.46540917180057 68.07858783380802 24.90216665639354
v -30.219276825519984 71.51379444469211 20.40743063776428
v -32.36422012458811 70.86148773849165 21.94053103294133
v -38.43989539885479 71.08851323280734 19.125254786340314
v -35.26218926157053 70.9087307056251 20.563882712392196
v -36.45592813071003 72.18218068227031 17.563230568879813
v -30.790188943577952 72.2048827258817 14.512660905009353
v -33.74193017173075 72.40320486960945 16
v -30.519431147841793 71.87964552338141 17.478732404913856
v -52.917295272293515 58.593230890989844 -6.849196493368893
v -51.04676033248141 60.31139579472554 -5.0823347157999805
v -52.824185753628754 61.434925542016636 1.1714673643667588
v -51.759453284224875 60.75487009811717 -1.9199478252276663
v -54.72302527281434 59.70923340581707 -0.5375548311299632
v -49.194979531362705 61.973297895137165 -3.3455424534683083
v -47.19405344067053 63.44499719396762 -1.593765708976001
v -57.74345765558773 64.63505857412059 14.20190890022482
v -56.73251597861035 63.973075691452074 10.797557722766616
v -58.15349950905771 61.82938308134632 12.574976591924532
v -51.67026546951223 66.62943660020613 7.491354062919628
v -54.30164279569263 65.41878534017158 9.108560938064652
v -53.28054842670052 67.80438673032839 10.717777873623502
v -57.135566955801835 61.200266165179215 5.824068001371462
v -55.30554070090584 63.041042357147546 7.515768092058037
v -54.199468643586556 62.325255168855136 4.294928474922052
v -41.769866721612225 67.94118379285021 3.3765673197670356
v -40.226123812264476 69.5661094946974 4.939965883585584
v -45.22284293747464 64.89373820118968 0.13121905701576608
v -43.56738832473616 66.49852770175579 1.7438471485793272
v -46.33523257207486 68.65070007664733 7.697293700431212
v -44.84336873210588 67.48246687418062 4.690773124981391
v -48.10932974997647 67.04208257796401 6.055296070684895
v -51.2590578871003 63.33483865507641 2.8141928181116462
v -50.36669119791212 65.71588298590996 4.323426815903371
v -48.09150676299306 64.06702150221281 1.4618909012882249
v -49.84806283750349 59.51917318956589 36.70541356872596
v -52.07747164413669 58.07419134423367 38.57075702438347
v -44.67735143628033 61.55550106204995 32.89309431643554
v -46.89928629059415 60.354452548572795 34.66433308169354
v -54.137228843952926 59.347191302292416 32.400574823207435
v -50.54296018320734 59.95138087155975 33.59822898241849
v -51.64140574995814 60.65410233559712 30.573696465860184
v -37.98700696403593 67.43292352825753 26.619585672649485
v -39.40969193655333 65.81913852512012 28.10770520493262
v -46.4166146287859 65.6943894210751 25.682128251444738
v -42.563558770174126 65.55341127962008 26.885468483123248
v -44.523794279346035 67.12069063700106 24.061432793338906
v -41.096708979417855 64.40399791170452 29.664849734324314
v -43.031137879465284 63.14340044849868 31.30069743381592
v -58.03423767446539 61.755675214007596 19.41951490776364
v -55.88486691455641 63.41398142443117 21.141811275160137
v -57.25930468987694 64.31575149801152 17.786285969310043
v -53.06092820125082 61.57392218115049 27.515231095096983
v -54.927936117086304 62.79193249770177 24.439302932898286
v -56.4514422028859 60.77745381533205 26.080744291005267
v -51.059312989911575 66.14346252866348 21.112866380232084
v -53.32992243140788 64.73571111624742 22.79618450728474
v -50.15455864974227 65.49541737028872 24.318065737869375
v -46.05281865456548 62.53805658793064 30.075666075673347
v -47.398450008354054 63.492346916981006 27.154340044967114
v -49.35123711657013 61.99217357482157 28.811788312042765
v -41.53224287751764 70.82662996973883 7.936116046296643
v -47.17941991867227 69.39554103664437 10.94884293538087
v -44.27724165437124 70.09502248204315 9.417988536108979
v -42.40173240403949 71.66605779137004 11.096511609203205
v -42.657861155093066 71.91563449751561 14.35036978318309
v -55.89442785524251 66.51883729127435 16
v -49.84713820583772 68.34654284223771 19.418421721774823
v -53.54431213698015 68.00691247754 17.767613791646557
v -53.84610223927669 68.23259838850004 14.22471558324249
v -50.6737676292491 69.00368897958376 12.538664219181118
v -39.12080418875512 68.52859585754608 23.725889799902507
v -42.17601030433534 71.45630994113522 17.636079164873383
v -40.52154228429399 69.87394020245281 20.745625087001628
v -42.81571968101934 68.78339869441521 22.422419649147898
v -46.16397452335917 68.5373461316309 20.96997280890939
v -47.8680993267418 69.97215349360579 14.297845275142397
v -47.59230953460752 69.73909553274663 17.694804625156856
v -45.12092766507019 70.87370542112203 16
v -63.99808122103174 16 -29.695134427783067
v -64.67019641131564 19.040254571066964 -28.937688030884274
v -67.9353967985657 19.055564420083563 -23.40202425427495
v -65.95426449766897 19.0339177941835 -25.994792596162284
v -66.58534697496039 16 -23.870779395888263
v -65.18814670297348 22.094501999972415 -28.080832769761663
v -65.91369519179264 25.18073747238319 -27.327723952141334
v -82.05565479021294 19.39379946851361 -14.321296301346365
v -80.20318024148965 19.367086144786647 -17.440212124462768
v -84.34164430817852 16 -16.29555374362731
v -72.10987111604575 25.43242508081526 -19.3136719257259
v -72.39491598019947 22.247387640867874 -17.051347011482697
v -73.40907971339645 25.44985484695011 -16.264967305419717
v -76.48320244357654 16 -21.00143396824145
v -71.08010952778974 19.084980886365376 -17.699732186543336
v -69.56884635287959 19.07385084039442 -20.57022552341175
v -67.65495651483207 34.628510300190435 -24.711039159149657
v -66.8302981270619 37.48625114902519 -23.141027120122885
v -67.19254275814114 28.41699972706987 -26.821226738627445
v -67.8586343915179 31.5932807044938 -25.990897642276906
v -70.88959600172551 31.656381673145848 -20.058540472074085
v -69.66215944474447 31.67641475986291 -23.158168255647034
v -70.89441298375672 28.568378632506715 -21.246129908619018
v -69.40508032760677 22.2026439666045 -22.921988078926837
v -70.58998037175117 25.414341652195407 -22.282826179972474
v -68.28152616557259 25.30372426079321 -24.86292764592465
v -83.93802237841437 19.340144702566455 13.935677046471023
v -83.82316459287712 19.340308995902024 10.475135153435625
v -84.42001757704782 16 12.52424132654133
v -83.4788150717406 26.04070373797822 6.318798029434481
v -83.82807759269988 22.699365938534285 8.387842915046015
v -83.80894249288417 26.048879902869395 9.78945067116097
v -82.55765220504819 16 5.7332937751396695
v -83.30966116297726 19.330336150818173 7.037484686018582
v -82.43355780012844 19.312893648914404 3.667179281170716
v -73.58350229084563 37.60611240533031 -0.5951801891366664
v -77.46101031227963 35.18553389243381 0.7977809554374939
v -75.62260801798278 37.98102779561417 2.414977714654272
v -77.25032542486362 28.749975866595257 -1.8115086505567923
v -76.77538086572042 31.852576129594105 -0.4135999717646648
v -75.57542034218869 31.731302034254526 -3.568384837852932
v -80.62354768462484 32.349184110701884 5.895648531256512
v -79.02591273882524 32.1559402314828 2.6463747038064493
v -81.10085750873932 29.146477641602488 4.459573056414246
v -79.2388857420095 16 -7.527605729652489
v -78.85561202808543 19.246106318747216 -6.111251957088779
v -78.00021844173291 19.244508572548703 -9.373978064065355
v -81.05955927670584 19.278320936665573 0.3700286371410435
v -79.72628612510903 19.252932351194985 -2.837364275316741
v -80.98065603191915 16 -0.9462605101890951
v -77.2773290386357 25.619949739792588 -6.556132553024167
v -78.41635771145643 22.45417342448861 -4.690848418564034
v -78.72000046677562 25.69613791913354 -3.436974288758421
v -82.16812470465139 25.959172419006016 2.954543101874835
v -80.06522548077969 25.791207704548537 -0.2228313409091598
v -81.83079518652622 22.609897860394987 1.6223095623391508
v -55.57545280588306 53.77977300954551 -10.293017415165725
v -54.713580434548575 56.19265852015876 -8.840429063676158
v -58.59739998749596 49.49845346681686 -13.71895611682822
v -57.14662785103859 51.69834780436201 -12.019800894512407
v -61.37721761551494 52.861527061571046 -6.781676601274942
v -59.40223245785633 52.35218571086104 -9.494432768907913
v -62.68344389043813 50.50325415048747 -8.414636220819617
v -64.61176213379937 40.01027413753955 -20.869040317017486
v -63.48108899432876 42.62224348924282 -19.209947612586376
v -64.77124951261294 42.441235319185 -12.754333554849381
v -64.37363370150472 42.60994454741136 -16.054139950813685
v -67.29374136719862 40.267011895026656 -14.856566817046957
v -61.422308480601075 44.83617700854422 -17.1681174901614
v -59.47544845803526 46.96724389846027 -15.219454709728993
v -70.62222452187743 43.1839295491544 -0.8005924091600249
v -69.0529925308912 42.96562415452968 -3.830164384909981
v -71.169030516311 40.34390988078252 -2.241878467019763
v -63.88696025125729 47.66050645497543 -6.643523766032164
v -66.54352734375551 45.38918198545956 -5.28495945559991
v -65.36769025415398 47.908778632358604 -3.7207097342939974
v -69.29187011203871 40.3233895449051 -8.575729572537284
v -67.21548800189521 42.659594607111565 -6.729063089234046
v -66.12698484480244 42.593778053920644 -9.776790998923612
v -61.594376544833835 47.46919885975113 -12.639976404312996
v -63.85523165309647 45.05467359150087 -11.22616553430662
v -63.55578552559879 47.89455397264037 -9.91076355644448
v -77.1621704188442 22.458543812691225 -11.473840982876528
v -76.06936246491837 28.76332466918159 -8.532075927541893
v -76.72338676801748 25.644799208365484 -10.020908700168878
v -75.47610801304288 25.592443289758606 -13.302335132283861
v -73.32444423491864 28.606932225713223 -14.925462001573841
v -72.61777666481328 37.60230576953035 -3.815533015833836
v -70.88936249486778 37.62930347687981 -10.281910018363007
v -72.44861627553688 37.78877766100594 -7.2355885429180375
v -74.12421871939713 34.796081033390266 -5.439757409539723
v -75.24786962916978 31.84862106788715 -7.001123688114195
v -68.76038123656798 37.76066789247677 -20.303213791449032
v -71.75804626417448 31.68167815411713 -16.72944173374723
v -71.16901638231836 34.918453389651695 -18.883127107697128
v -70.05131516771725 37.86574141644702 -17.156863223044134
v -69.70280072753556 37.55330094323817 -13.447964863137457
v -73.79767287565306 31.73924302243016 -10.170691552723056
v -71.82989830950967 34.697674852810636 -11.85532347168375
v -72.3999657664406 31.64099970195369 -13.326514312199393
v -56.74279442187698 18.74149094822675 56.52169385528517
v -55.51842582847557 16 56.8515308419228
v -57.939533556916714 24.28700798843383 55.10984227488698
v -57.93579896442786 21.550094354374036 56.143194816027204
v -61.17202644636207 16 53.257321724512046
v -58.958099721110585 18.77492225640713 54.40983590646493
v -61.41521628404277 18.818205303994425 52.34123797608495
v -56.47159157497468 34.799193688290515 50.246074146964695
v -57.1662210201836 32.2928505217601 51.60665157421453
v -62.091467303461286 27.295123533677472 49.472864779961206
v -59.34044503452279 29.78751215483506 50.439872193744584
v -62.17166235360088 30.085522757039374 48.44066240900292
v -57.32876672091811 29.635280987944103 52.71823134200623
v -57.668063745917166 26.995412534584467 53.918745556684854
v -72.85126095709302 16 44.59730566718417
v -70.03550764954473 19.011220263605516 45.90593054007822
v -72.84927202119663 19.075157805110646 43.47444916743874
v -64.21544797882652 18.881543139725093 50.28230188998534
v -67.01607497710054 18.941004621539896 48.126963425711935
v -66.06268244645041 16 48.83230733334103
v -68.77642853456412 24.960219103725272 46.593186997406505
v -67.7363005776828 21.918135941643918 47.30946499763354
v -65.53482190732376 24.728546408898218 48.67844924623173
v -59.780625734467534 24.365321301358357 52.74136394097895
v -61.73843694197059 24.45197333152553 50.36941614001228
v -61.7331809721358 21.645463292257347 51.42564366813838
v -53.42354426019385 55.4594191181109 40.387262191319934
v -54.320358423360446 53.11729475731764 41.83196244221512
v -59.51769910685495 49.11505237076308 39.43233926687893
v -56.78267290845403 51.08926932076933 40.60872709893701
v -58.47824648239987 51.48049390779417 37.928151172650374
v -54.88246301286773 50.59334889663338 43.15248206079802
v -55.127758179700734 47.94038797573496 44.33668096187291
v -72.08966676121685 40.60101823275365 34.434540177175684
v -68.55286895523423 42.80706248643685 35.71356022528039
v -69.77920624617022 42.919372161694476 32.637086951734915
v -65.15453490481201 42.27888620781764 41.47157294048134
v -67.66154373452201 42.80249667125302 38.85089652591303
v -68.20192116054054 40.01255976832117 40.26167513048198
v -64.20652177361495 47.45342014934574 35.43928271472646
v -65.84258839207604 45.13961641594111 37.104212913170045
v -62.209316512610286 46.99562885480731 38.168004785869314
v -55.79099247575628 40.04644055846235 47.803251768572586
v -55.70748578951884 37.35812871405 48.79653135751547
v -55.39299158562443 45.29222983420886 45.53079859656239
v -55.37541214302358 42.58399186236775 46.57759581609055
v -62.33480778683531 38.82226348769056 45.01950603850404
v -58.63653417465865 40.710516921191 45.76610365487814
v -61.848660552508605 41.48449807788104 43.71390025327668
v -60.31455345795358 46.595117980193294 40.855116915769955
v -61.41627640980751 44.16727965335691 42.394618272969794
v -57.766802184950876 45.916886642743435 43.227224034436524
v -84.19875989258188 16 19.468100456158897
v -84.63448811798432 19.367457717148795 21.569768780849937
v -84.0359466344377 19.34341754284511 18.066345680060934
v -81.9473634376322 19.29653022315139 28.271905030712567
v -83.58825762115647 19.33967884563053 24.98765813486724
v -83.59260678402042 16 26.374516977051094
v -83.55670478128422 26.023484317989585 22.194853994219123
v -83.77763940225755 22.69598108025394 23.60831103845097
v -82.23743370190371 25.91540728615188 25.560391687941816
v -74.64216418145371 19.12860207770036 40.467520647787296
v -76.1106296198919 19.152168758811925 37.4713847278586
v -75.85285544873959 16 38.6911282225078
v -76.77189185729725 25.496717208978676 35.037213554303804
v -76.80410812329791 22.34396224183172 36.3375323973781
v -75.07835550509981 25.393163498272024 38.024381279545025
v -79.31574159177497 16 32.6553357527759
v -77.80521878389911 19.187651409501726 34.459329706457666
v -80.06909192225825 19.244866531047347 31.470471603111154
v -76.68328388188925 38.235492781396815 29.74229029550616
v -77.75568752853957 35.246024782709796 31.250150771108768
v -75.39053286794581 38.04193936866935 32.929929303286016
v -81.40185555352357 29.18722974377178 27.57620053029875
v -79.88897476563608 32.30267471810164 29.474908076660824
v -80.53982768446986 32.33501827091354 26.095596498275107
v -76.7768711355486 31.93769350086221 35.825118046396874
v -78.50173851288766 32.147559731636505 32.71902306530941
v -77.58717613370769 28.796032954212265 33.875849651911864
v -81.08822163559846 22.55972618064829 30.26855820969441
v -79.46964890221093 25.730505052204293 32.122254484545564
v -81.1918578641777 25.86012998725449 28.91572184383147
v -59.244914702146644 35.317746989141014 48.22770102375229
v -66.00030738010959 36.62216505642964 44.17576730278434
v -62.23675637753858 35.88005274386096 46.145796437494326
v -62.393208451014345 33.01382350858552 47.37124139135777
v -66.0191895445336 30.656189234513192 46.58912999460032
v -73.71088458033954 37.86877207368519 36.059959324021506
v -74.30046098856147 31.68406795993554 38.76230755559099
v -74.550456165505 34.88497604618868 37.54115554173177
v -71.02611374162475 37.438352829744886 38.861894923152704
v -68.57017520324223 37.051989933426725 41.58041250515667
v -73.02426276603059 22.171679973555495 42.25355793940384
v -68.45919296942972 27.920268082538996 45.24103905970493
v -71.33388713546574 25.15807829845238 43.97546687145447
v -72.89023578414805 25.246086727475806 40.945213826827256
v -73.40875009638171 28.394491231332893 39.823150147116635
v -68.42561291445307 33.97295328705597 42.775651598046124
v -71.45711908445004 31.329003605893977 41.4885590500584
v -68.74923792805114 30.995060164114626 44.115392551300275
v -56.378118614609974 57.17754388568719 -5.8945282346818715
v -61.667359633052996 53.09801009957604 -3.2852519784778735
v -59.53814708665918 55.44287089258328 -4.755345113098954
v -57.378399128314 57.779312709572466 -2.6800637706497668
v -58.49862461930118 58.444781668104525 0.5370068169179678
v -72.07353729768762 43.792593722413706 2.6800770815055923
v -68.6955218428805 45.97229915404973 1.239238632608057
v -66.90248231983196 52.19898305623087 4.902838086321919
v -67.59765075298498 49.00699794164318 3.105455214317068
v -67.98408763117314 49.26207255745498 6.678525943620169
v -66.42719525330946 48.4380523131149 -0.3254850549228223
v -64.2053936402732 50.85052746349072 -1.850510332191206
v -59.61880868189064 59.13040536396945 10.773754568761731
v -59.5711203545429 59.108648795640306 14.201563924311893
v -59.09237195296453 58.803190450223966 3.9386516178596835
v -60.23981428651754 59.473882027444034 7.251546347117673
v -63.469637355594415 54.185389510316256 10.535226275465291
v -61.849962496871086 56.824458124564984 8.892654734500347
v -64.51967238568683 54.65715610710948 6.921667582718936
v -62.92033118966418 53.75620654366727 0.013048179942487081
v -63.857880701704346 54.26955747047096 3.4334398215481396
v -61.35119144245931 56.49904705820769 1.9278923875424443
v -84.08090011196634 22.70018312694638 16
v -83.13766801515634 29.356803358386415 20.120476139514594
v -83.47804515704127 26.02128498048081 18.064077143628687
v -83.80918688851429 26.05464375481923 13.929051972668722
v -83.86707066764468 29.45507566994495 11.849207571169249
v -74.84577812690138 41.10915552738919 27.59318290075332
v -77.09784906674393 38.35181618873668 25.836100436475476
v -78.19182691477329 38.6313142552155 18.000037135173233
v -78.08345801283872 38.59965759819679 21.954570637778918
v -75.55205953487213 41.30436690742788 19.877125273374524
v -80.07042232708669 35.6426298714733 24.073744286789662
v -81.70789737337276 32.56696933473002 22.13578991692018
v -77.827792452416 38.52706793244806 6.0867785932079705
v -74.25176444356046 40.94497418327026 4.482621494547272
v -82.4524907677843 32.693219681566575 9.81745164528254
v -79.81805755299202 35.59103118240683 7.947464412034382
v -76.06195505788008 41.445298563845 12.101281232944629
v -78.7272626164961 38.75430501348221 10.004682773284244
v -78.66457546183209 38.744900765665754 13.989924683376351
v -81.71457872490596 32.56230237929502 18.046205485435785
v -80.0420201665961 35.65948662869354 16
v -82.45581093206934 32.6879388207402 13.938272640263868
v -54.65115616618385 56.19503600388318 37.37211857813039
v -57.361210961362104 57.796752598786156 31.226910708688273
v -56.1256653560752 57.06604618108518 34.36115320526462
v -57.45988861027449 54.357690967910024 36.18430950294423
v -59.97307964017763 52.2887329903224 34.864552514261895
v -59.49723661300159 59.06650269206437 17.796677795731803
v -59.04323832073115 58.802119538987384 21.18646601626467
v -61.883962798896604 53.391763018306165 24.781164693228703
v -61.01439126051041 56.38628523591049 23.031061435934873
v -62.07882309837568 53.51709925613077 21.369133610127893
v -58.583926751259284 58.52965282079887 24.558441970768953
v -58.2396488206915 58.31713215052268 27.92438386091974
v -68.5713743225455 45.92836546620238 30.739124899699853
v -71.45728266055067 43.59812765138932 29.226722798268916
v -62.22705927860099 49.99090951419603 33.41021228787332
v -65.67998849527277 48.14399970303372 32.17749369450133
v -65.62028017732483 48.32588169964573 25.059112810615154
v -66.44100192260514 48.550316381579265 28.716137138933263
v -63.13308045346835 50.553091275014815 26.592597253389847
v -60.03419672817185 55.80950330439214 29.83251348340943
v -62.01932502468091 53.38848334821458 28.27724220064261
v -61.109292503326216 52.889789111439065 31.620088328910164
v -71.89754182758628 43.71962585688857 6.527628414862265
v -72.35965894076811 43.848074782319244 14.084771050994936
v -72.98531122199392 44.051075877099706 10.25546809837887
v -70.31207536963609 46.6516526959222 8.452902784783912
v -68.16989525757657 49.30065758259932 10.389330512141257
v -72.51378961487347 43.91396756137269 25.53878217988626
v -66.06298573736149 48.46708790456309 21.47022529551925
v -69.38891655184813 46.3238150979403 23.466376536063226
v -72.35700314167745 43.853012653033616 21.703970872369684
v -72.33105436973811 43.83905955701497 17.914608934134392
v -60.67952925301769 56.23199990041772 16
v -65.28599908192706 51.57840231244932 12.341453353386868
v -62.31942189923562 53.626918459020324 14.203890180361077
v -62.492081968082175 53.70986935643599 17.80006945618366
v -63.987054661260956 51.00986200167093 19.60008333425875
v -70.0706325208166 46.542794325556855 16
v -66.93504048569318 48.8179428553585 17.84387310231485
v -67.49932370177936 49.041233447987416 14.14358133626581
v 33.01843911891256 42.498635547330025 17.679159077707745
v 33.2165133279529 42.1882717997899 16.6373606835411
v 32.58420029608624 43.07815968441382 19.80388760696496
v 32.75486379429782 42.71129406455198 18.727432090269538
v 35.54624293443665 42.38181094790016 18.00328738852055
v 33.532016711540564 41.681007923781415 18.295159239144976
v 34.74002269323345 41.858042660641914 19.010925853956195
v 31.9820761245941 44.8435614706424 24.46928490948444
v 32.23439852714122 44.551531942534446 23.292513604301853
v 33.60080615654421 41.96744432003074 22.166987951324284
v 33.068636044661105 43.438981428505684 22.768363689661278
v 33.41839510175038 42.28657737281783 23.292369245944062
v 32.4558285864452 44.21940917086347 22.129710526578158
v 32.43154382107218 43.4904230480182 20.923936553342614
v 42.22271504335265 44.10116778404202 21.472838204154623
v 39.937753575785905 43.714270894999885 21.72223804148543
v 41.774004681318424 44.16972299032723 22.75324767355469
v 36.32725529064018 42.43071428373242 19.836952140931906
v 38.10606323415652 43.11888694126004 20.744932461095022
v 38.84026547155506 43.448927264273735 19.631503113262777
v 36.581514475658395 42.3267794563517 22.83509126177232
v 37.3314837604361 42.71835599860292 21.809594036382013
v 35.081547880671344 41.899516074975736 21.897784794887556
v 33.28872962099253 42.51574653378536 20.462559440482426
v 33.76312584733364 41.61649013159554 21.056115509363387
v 34.30123795682678 41.81043016367913 20.052151065943193
v 28.360853554460967 44.501531419261894 33.614915148526876
v 28.562297649845583 43.951764492138295 32.0779809631832
v 30.47758444537765 41.98794517978506 30.91006451871161
v 29.569034270690473 43.00808551206249 31.516408115521546
v 30.237933899233695 42.271896070862915 32.2369247206981
v 28.96332278244607 43.884892465208964 30.87002921628504
v 29.36615150297716 43.84224299142237 29.706164518227574
v 35.145570373406386 39.922849941831046 29.624130415028134
v 33.211246749014435 39.40453650245273 29.35775934928776
v 34.02903997430216 38.95257070131545 30.18546882259796
v 32.11942735060387 41.023159437890754 28.132466213134126
v 32.617827005247904 40.14140266060002 28.708050403764048
v 32.95327455651647 40.11301316953498 27.6174390212391
v 31.94518377586924 40.21987812196858 30.968707882756554
v 32.18514730378385 40.03329138946938 29.74321137973869
v 31.442188343067215 41.136841597828365 30.39902649135111
v 30.87974572716897 44.361958947683846 26.570484858869378
v 31.47533556959467 44.69963317690808 25.58488332688082
v 29.84587520530095 43.963152003801454 28.62681204935769
v 30.32679791425872 44.09471268484538 27.572758733476455
v 32.472489548264235 42.70243305804101 26.788927101917324
v 31.320078215071995 43.23832220984077 27.115461309746536
v 31.743540170956976 42.14965070501365 27.641839249352138
v 30.931758209240485 42.08711369327209 29.832086790567544
v 31.277550064975266 42.01011412807467 28.67615516171975
v 30.415584954500687 43.061330475015964 29.255545828242866
v 62.65035605309005 46.85408980006956 33.04629201640891
v 60.208129029805605 47.657911508013385 33.58870472105215
v 64.40829772615032 48.46255727319452 36.06296375657432
v 50.276467875644464 43.82992204932761 28.446436805462625
v 54.515520980451726 45.395779824302835 30.664411919102896
v 52.73999811898921 43.63326280980134 28.151600410856844
v 59.74855625019952 50.4009561857261 37.260960168274664
v 57.73253510433611 48.326381721151556 34.048580305829105
v 55.161546480180114 48.78829799164267 34.38602003667529
v 43.569897829412476 44.3757252447751 23.86112571870518
v 45.44111934377294 44.594021096786356 25.003645848549205
v 46.18725070852186 44.83501237702191 23.642752302782387
v 43.50077268716869 43.62848050846782 27.454229982143247
v 44.533939088723116 44.18277507388018 26.27969778277656
v 41.75581096047103 43.44513250382341 26.244012276361616
v 49.62631007788069 44.56453228825066 25.87152208300545
v 47.44331032807965 44.798101825804856 26.23934877576081
v 48.861992080856815 44.36234667670196 27.32449978507509
v 45.20092925055978 47.509128567288386 35.473712410474505
v 39.94070687006669 41.36064171066727 30.367833678066518
v 37.61242965936843 40.80436138857115 30.090806298653334
v 51.82292778041157 48.43655498601832 34.25856608284725
v 45.68037906033737 45.05422304552047 32.41050021905525
v 53.99634404556357 50.96533236598 37.60976383011241
v 39.77517631767105 42.26700074018326 28.34367668322811
v 41.03427068597178 42.04550748966217 29.42805951770898
v 42.31883226438572 42.90385830481476 28.51517315852432
v 47.39214197393818 43.51901526754152 28.48233324879402
v 44.60429775591456 43.07437283807158 28.442203234112853
v 46.25365513806162 42.9479919162242 29.69409121565778
v 32.506199902071685 43.871879137764694 25.10855394854601
v 33.24537724522804 41.57097490751463 26.180400544061175
v 32.92885067823852 42.773745931908344 25.68192792155205
v 33.19332214806232 42.55178228103962 24.480143241458975
v 33.72567297556472 41.131224173630834 23.833331719052246
v 36.140610767042176 40.6441872799457 28.85367089822855
v 38.31589375826135 42.24114912257731 27.20496706565193
v 37.187680285234265 41.40624583732975 28.043386115790817
v 34.51057837078797 40.143006689288406 27.53992216046582
v 33.37776771697527 40.15588748112546 26.559484429224476
v 41.25164336496241 44.08942652569616 24.04428352055865
v 35.86252664167792 41.90955180445614 23.866570929603753
v 38.3030937106393 42.84634341931243 23.92578339011994
v 40.26468097600788 43.48244180403771 25.15338382644775
v 39.3240258315918 42.90893999957886 26.216520578702458
v 34.24253653137016 40.81440697041807 25.73635895892899
v 36.73831570304792 41.948967001576804 26.02216944711984
v 35.035109770824754 41.349969898749166 24.817451449641545
v 17.378366806633682 37.63271831650209 51.85435104061707
v 18.218545482745686 38.485172329346945 51.01063655785764
v 20.705441713686987 36.51479852308452 49.49591661846695
v 19.501780094898844 37.511754128336605 50.29492459150249
v 19.893709314724767 35.586173282650954 50.09753877968631
v 19.076255695682075 39.498572711565686 50.420856535348626
v 19.900059218607385 40.27399471349453 49.49398243110861
v 29.42159026036041 41.32738944866228 61.70946282311888
v 26.187940093640435 38.68011945198603 55.88765915234101
v 28.11981695200589 39.77018375517133 61.95142404846461
v 23.249931262850698 36.69156544700293 46.52741271396495
v 23.466502492103704 34.82922068135069 46.2692397469229
v 24.25232325508425 35.71132043874055 45.7468938330197
v 22.14012023225975 33.72721656900285 48.47804193312432
v 22.740375601408054 34.09522081411361 47.03073403494325
v 21.827624921765274 35.44721936145865 48.535730858625094
v 22.272972100027076 42.24163119911877 46.38161761823473
v 23.04964952047767 42.90523264146862 45.40609966792756
v 20.719091211512882 41.000617227646885 48.50729925968687
v 21.48078376894093 41.53430497954578 47.32452497439789
v 23.82123753518053 39.55095307186009 46.125127489672494
v 22.66090142156358 40.45728731029119 46.63352350240425
v 23.027795376316654 38.73755632538361 46.861841462634004
v 21.461470509396808 37.158684434190576 48.45110113609021
v 22.19358187094153 37.75926835839847 47.37939166587182
v 21.10341057832553 39.04917310963644 48.50649351045172
v 54.79698348368288 43.22487319144142 78.77483793756718
v 51.368138584094076 43.63438302556691 77.48793697987924
v 52.87043472555052 41.49093660826807 80.0323836776213
v 48.26791978902547 47.331959230358606 72.24234083564897
v 49.787781740050306 45.54727440448883 74.81150403522429
v 51.63210856704357 47.2453013852535 73.65396275230279
v 45.75597695826833 41.846254763525536 76.21032381794171
v 47.77276188932046 43.69870603952732 75.58159434119347
v 44.435549050487495 43.7301396881455 73.76302080755724
v 41.66677131614748 52.06872229800329 61.06873466288832
v 43.57137667802728 51.52525201323167 64.30864780612856
v 45.05631719689106 52.9291639775929 63.01410881246778
v 40.575997588810395 48.652141843394354 66.68788943704456
v 42.11662953993715 50.151708394725425 65.61359530605856
v 38.761979086799016 49.21644987356526 63.24448309831746
v 48.69716362446921 50.830146130543426 68.90512208010787
v 45.24943633488208 50.44656583909104 67.14963358930163
v 46.84615014374094 49.08085171343287 69.84911198904882
v 33.66856076354922 41.462219135910104 68.11850707506673
v 35.60613433064019 43.5989509873673 68.60575881169837
v 32.63513819510966 42.85837031463163 65.80992963241277
v 41.336320196209 43.7824304525148 72.1094415672099
v 38.46486014485069 43.81095837903787 70.53702144926844
v 39.587401872782365 42.0704076416802 72.76062172848597
v 35.75612458084792 46.16356979688834 64.89611257199617
v 37.41042161978093 45.50928663168473 68.4660152626119
v 39.05188322361755 47.173617997467915 67.77864781322322
v 44.97597094412076 47.27960361777316 70.64825805660026
v 42.040545895807426 47.38457509922989 69.43241401404771
v 43.191713683947945 45.57135554797228 71.51215768237222
v 27.306335459707622 44.41777975036249 36.35027440280584
v 27.735366867506563 44.31531473318364 34.98822246207501
v 26.205054351958655 44.10388411811125 38.818246825429846
v 26.681177239768473 44.053706370476334 37.41112348293859
v 28.918954223813977 42.58325828565547 36.90330703323504
v 27.82054431710227 43.33186058443116 37.17149500246431
v 28.490142177587913 42.603543477923694 38.274015956679655
v 23.84713488303292 43.520830313660305 44.32522355797009
v 24.529381363539045 43.890316753514796 43.08783916582755
v 26.700376768090614 41.69082597652357 41.81012878485402
v 25.68667985824607 42.887865663741195 42.556959691464535
v 26.02955204737065 41.21660845197966 42.87056374671256
v 25.1494863293209 44.096526868622405 41.732870784647645
v 25.781653779679104 44.384885438307805 40.49827019612515
v 40.71944291351906 53.06692840152368 55.996898817036566
v 36.60105885834267 50.32695021334232 52.36289814270061
v 39.356067915027126 51.823455679835554 57.11420857695783
v 29.028198723537503 41.56105555411476 39.144746545118565
v 29.427005177358257 40.28436659391775 39.77204826476542
v 29.906279684533303 40.45134483844147 38.500833186637045
v 27.8524653310427 38.82905331014623 41.22171664189089
v 28.673674443297877 39.62785152843391 40.582277297708416
v 27.718835316684945 40.64417049025931 41.19197144650024
v 26.866274590681 43.32787435485362 39.95619235619587
v 27.39092553230624 42.18743798913434 40.786780848171674
v 27.95578556983964 42.41330540583577 39.52725769197183
v 31.10719084344364 43.376717910358664 62.227513135256864
v 34.008851631189074 46.50660323128145 61.23435901968794
v 32.59653689910016 45.019044266516644 61.89493599688134
v 29.274090704384513 42.91295550142348 57.56188832264955
v 25.109748595405122 36.61401588535027 45.22627846331572
v 38.07347854805663 50.587266410588846 58.321212637639675
v 27.1025767922941 38.11197254646797 42.00135917798028
v 34.35199183906972 48.28627995025509 54.71462824369127
v 36.786547302220946 49.342600369872876 59.48814000531112
v 35.40643957918202 47.93722207565287 60.39419121511119
v 24.203641219134866 41.751879807601895 44.64587960868617
v 24.8403647937685 38.32128621348655 45.11686574037827
v 24.516216668106146 39.96456842936827 44.84626869695343
v 25.26769006974024 40.56769509402663 43.82563889253379
v 26.186556744915062 39.25561925149567 42.830019294693955
v 31.93757318324083 45.86144638289285 56.61902696459979
v 26.34958336536186 37.41581504467261 42.796692936081
v 25.75605696905736 37.06137089577922 44.04843915598086
v 90.40468219828925 18.86037652958967 60.892055906996205
v 89.98804918549075 20.688456664487468 63.5179602489855
v 90.33714085832123 17.809190437313653 64.87021129662583
v 88.88531787229726 26.238788773511697 60.63910119171965
v 89.5522735172805 23.510262536083452 62.13622692950736
v 90.18197935801147 24.471082498866117 58.61131900293174
v 87.8534462248246 21.45614942538233 69.23610719372124
v 89.07976470227297 22.53127391451173 65.89039604046218
v 87.81760733269697 24.362484876568896 68.04816191431945
v 85.34792814573376 36.36251181902308 54.425347294094564
v 87.32504887792982 34.217547496809615 56.55541645830699
v 86.37719290116432 34.56218198283716 52.40537463364449
v 84.94900365227888 32.37464471047009 62.73382690319303
v 86.60975779886574 33.4172835849194 59.92335991810706
v 84.38947256351712 34.97246946208526 61.317229284611216
v 88.93793044982738 29.789244541783177 55.811097351292034
v 88.35800025925214 31.71732395904417 58.19474766160658
v 88.24356697521398 28.939878718918287 59.1813411699886
v 80.05753701587314 28.475514844746183 75.7755421573673
v 81.31822433293532 29.486424719462327 72.41756061393636
v 79.1925574802931 31.149420955836067 73.81829210322093
v 85.81294083855441 26.134758748465295 69.69152932386267
v 83.5160117491036 27.813129221929252 71.03593227393688
v 84.02840159983224 25.00018240500146 72.60646542526516
v 82.49562159054966 33.26392864851647 67.984353065396
v 82.7597550721709 30.5161279742619 69.29985988835426
v 83.92300550523383 31.467287803067855 66.04248256976118
v 87.1734306518296 27.97837912887535 62.40631924770021
v 85.79375472397604 29.775707909388746 64.39676482418648
v 86.86490869411062 27.125553254315662 66.24773119142984
v 68.19713572433261 48.259603993028925 38.63742046558097
v 70.44972827988863 47.31972920638961 40.471216970848516
v 68.54158779421113 46.25392890098337 36.916514532756196
v 73.3132542770214 48.88233498785538 47.92855275377497
v 72.19742337836843 48.285966948307646 44.233943624216224
v 70.87153177788805 49.912471653504774 45.737375646432
v 73.07715770350814 44.2075644469951 40.50129256310692
v 72.52051846038657 46.14039813401263 42.27565179056546
v 74.28311045445845 44.691578504251375 43.97981774094294
v 75.54224279463983 49.90947495845691 63.65193956351729
v 75.37233921621858 49.885798984800054 59.66127824020078
v 73.4718687807485 51.51956830347657 61.14364134325827
v 77.83318992048231 45.97979089821091 55.831725296448866
v 76.8016785351307 48.006043986786956 57.853068346128325
v 78.80542992297092 46.259107279660284 60.1569740636738
v 72.71761543901968 51.053414102159955 53.340105385746675
v 74.75372821856259 49.59776624724937 55.56752033891567
v 74.04780167618091 49.251267103192234 51.660211442874335
v 82.20759767375256 38.444867056964135 48.34536933307009
v 81.63729457294316 40.46297978712451 50.43578263639087
v 83.67766560284883 38.60246758696887 52.49296070493308
v 76.60718170992115 43.36728292248342 46.00947369547207
v 78.78718069128846 41.86326124229848 48.01809747836857
v 77.87756101447333 41.71379336783253 44.42064076106955
v 81.45078157617866 42.44492019337771 56.375995441908415
v 80.2995707248596 42.23947925717948 52.16501945720105
v 79.30214257594852 44.182149594352595 54.11140102001493
v 75.18796828237375 47.383046965839505 49.87804575392824
v 77.01347902788959 45.73521466709199 51.837462146341636
v 75.79074459210003 45.28750882285949 47.85056104155804
v 58.60266610929518 39.53715477858548 80.41381209712598
v 60.93999920596699 40.968051856421184 78.75566481995705
v 58.51359294322655 42.274845422791685 79.39644308624591
v 66.31949947587859 38.5044996245027 77.97554934743819
v 63.461511715944475 39.67670333176625 78.18596210698651
v 63.41893559905293 36.852259151368315 79.04617795969202
v 63.36653932319973 45.274131231195874 76.23721255800763
v 63.71895883107723 42.642618651307885 77.60395994016491
v 66.59562833143457 44.37147071516311 76.43018918214136
v 77.04222083897281 32.91095357122154 75.30871465992911
v 74.41071051216403 34.392283807637014 76.14112857098179
v 74.44050011740305 31.489719962942026 77.18110876835524
v 74.36268604738264 40.19603308106126 74.09291473375606
v 74.5897693829703 37.370681944579275 75.3198117081604
v 76.35840511819634 38.52903107413577 72.64318333617894
v 68.76624136213503 34.235310544810304 78.11668287729242
v 71.61035439003047 35.77261618100654 76.71836404763962
v 69.4192435131352 37.32920165524604 77.89412947046523
v 71.47821220017894 50.28742077478968 67.41415910457164
v 72.75432761668523 48.15363195498478 69.57666957249256
v 74.61085565153004 49.29552416393073 67.06855908121645
v 68.79976971671519 45.721038037094615 74.31205990277175
v 70.96380848635275 47.04483605678346 72.14834951596669
v 67.97387215442697 48.1216195183776 72.47928945989855
v 75.85015807497365 44.125441805291345 70.1724605312915
v 73.8901902282287 45.8459502155868 71.64255919417579
v 74.08733344927347 43.02114426110023 72.82422083910822
v 69.72003290549168 40.3668367615406 77.28078651865519
v 72.18912944036437 41.8220780302545 75.36427775337845
v 69.67398433404391 43.27536952152873 76.25807848599834
v 83.99176269879811 38.21976622163298 56.26587591218255
v 81.84827917845939 42.21573325219129 60.40888231632933
v 82.8372852498591 40.16971386473547 58.2607439620628
v 83.85753213805478 37.67242810489328 59.94041793025681
v 83.02919491631846 36.89281107091709 63.2773463279481
v 76.89959103634885 47.763404981706614 65.77055826601622
v 77.86415728856107 42.415986652285575 68.61027080205493
v 77.66498071954908 45.23120469601739 67.42585428191154
v 78.88111527617338 46.0560400363169 64.21130306353183
v 80.69210691030607 44.27945345195302 62.53956133416513
v 78.97596053347272 34.035130800813356 72.61370460883015
v 81.60909440928157 35.92001246076809 66.29660086272074
v 80.25477418301473 34.96978720719534 69.38083580234732
v 78.45596755722173 36.80177035868144 71.14335802582254
v 78.5453098474307 39.74658552762011 70.21277919342859
v 81.3045174670152 41.62334955078701 64.0092088026013
v 80.26354435691533 40.8202608904767 67.35918015501542
v 81.40674607541979 38.75035474608211 65.11345442502912
v 28.82008056616027 43.376393800914016 34.38009747094627
v 29.902442953879778 41.50691186048616 36.13298016277582
v 29.473119543117438 42.661011606163335 35.41944555280763
v 29.89303389820479 42.51344656043101 33.82478625693749
v 30.804915252366058 41.456505232479586 33.14008363707127
v 44.97996596206019 55.02916741619637 58.56910047931062
v 41.962804328957645 53.83078647127415 54.023509548471324
v 42.59971818584819 52.83084533807607 47.92440043203207
v 42.60257889920996 53.7493943624774 51.27225885286193
v 46.97672460085892 55.836673250163436 53.53134475561135
v 37.68268145451751 50.13880352258456 47.649392002162344
v 30.38961187974775 40.451479229714735 36.925688690578056
v 33.33878707753509 38.50040998702096 31.238359036251296
v 43.47631829054441 48.71997607024947 38.21249080557628
v 31.62624309958091 40.331293609602255 32.411572700592785
v 32.405814294990456 39.27715163750113 31.730553631831064
v 46.42635207369078 53.574682667385524 46.28081432053236
v 33.00876170730167 38.52395864336167 32.62822645141689
v 41.57505372714081 50.60215670505502 43.717206148009765
v 30.92316230469551 40.586845153237434 35.50097152753621
v 31.862841471538182 39.6184098081237 34.82520497404137
v 31.321498579999144 40.51972455329986 33.96637759866732
v 57.196090899611235 44.7341895318408 77.3598708771126
v 61.81805421223211 47.63877775636293 74.0478926101147
v 59.326034129247056 46.05939770860945 75.48243453335255
v 55.5904476072993 46.85767328285551 74.88874075733355
v 53.88680774293443 48.72510156272919 72.26960404463678
v 69.68769109178345 52.549220981957724 65.22316563462851
v 68.32332015807347 51.726847396181014 68.05811814516665
v 60.670900389730335 53.22022482472942 67.53634840753168
v 64.4444185006312 52.53711180691285 67.84662162607265
v 62.646691099817936 54.5001313741725 65.51192139916397
v 66.27817586275096 50.445074688062164 70.232851207225
v 64.41633508150136 49.293636389435065 72.57405254993002
v 49.058339340780286 53.61504146234492 64.81274859636103
v 47.29468565825066 54.7107754584987 62.098448608333605
v 52.44802452754298 50.70390694161215 70.03672167491914
v 51.21833018151917 52.73013666655072 68.11402161942726
v 55.14964864692399 55.337812407670405 64.57979078357712
v 53.29301763700951 54.146464518472065 66.5156932638829
v 56.895603428491256 53.73494519261312 67.05406622961708
v 60.022493309949425 49.688311979436456 71.50360528155218
v 58.4017993653037 51.72938633960517 69.19799042786144
v 56.22807535769931 50.30599162709388 70.90151376721275
v 66.38590722943167 49.82833739073738 39.5951964593242
v 61.77995840232281 52.13479355744715 40.952188003018854
v 63.948613853642314 50.924987461771714 40.230791236276914
v 68.16269812733819 51.06858086464645 43.33323001418012
v 69.15466838969743 51.78949481006429 46.913526958642876
v 48.91533429426515 51.90074463902629 40.44031811659379
v 52.77699101780988 52.964345697427426 41.23959744607106
v 61.632403821967706 55.55345360435287 48.95631883182208
v 57.71018528753578 54.973140552558604 45.393809192214974
v 58.34644144129758 55.89587390809865 48.92830317722609
v 56.1953408140789 53.26428482602506 41.529388288340826
v 59.34251521398329 53.09272440794736 41.50692193146948
v 70.92351068233145 53.1968411149632 58.323986888283066
v 70.90659667559574 53.27424100811259 62.10734198797088
v 70.18465206814 52.5478042779305 50.79891201299782
v 71.07184068808556 53.21720582650237 54.814817434811545
v 64.9534410355594 55.450767195316054 55.64037821294608
v 68.28971783152123 54.602684499222526 55.48610297242351
v 64.73588498470369 55.03868138743456 52.02153725699594
v 63.49787051027447 53.67277235719284 44.829173744517746
v 64.80153694923888 54.89757793099531 48.776594634534725
v 66.96587248624647 53.34430652934079 47.846750204269824
v 48.98365012731707 55.94963355673519 60.254848081184136
v 56.80553109811218 56.45184804249663 62.31389101040584
v 52.87168968602518 56.33023912130757 61.40435840976184
v 50.4771126230927 56.94012965642447 58.11930413053895
v 50.88745308860835 56.66341601881749 54.78345957640798
v 67.64915326486198 54.49471130338589 62.62460353861595
v 61.74031618484608 56.30017460849626 55.95087174406098
v 64.97529404908113 55.7715529457038 59.502108370528866
v 64.34050976609826 55.5695331123733 62.98716605925068
v 60.36004301642802 55.90383881807421 62.51031402280897
v 50.09680578997284 53.77128413821184 44.15137493159654
v 50.93825040955848 56.00129536387653 51.24372637074898
v 50.882005309876874 55.27065907982933 47.89067318801364
v 54.81174854399771 55.92962050881329 48.68472857512264
v 58.513742324326756 56.5482413507595 52.47495307021833
v 57.56073556256574 56.6367265795418 59.05581350300872
v 58.11420603865951 56.65182464797297 55.74802324401335
v 54.338731504972635 56.62101976617032 55.21048804862525
v 14.559977510717372 37.28482331600607 54.20959539134021
v 16 37.08880399624486 52.91998888004725
v 11.477979896555855 37.34129631061123 56.347017602773015
v 13.053574715083943 37.31115557162339 55.25091964564092
v 16 34.81630939328963 54.97469433951633
v 14.55649277557028 35.980695131953055 54.993005381362714
v 14.55163286205359 34.67694123002602 55.78619126289282
v 4.418987809600944 37.09687302260956 60.64523316285506
v 6.231767764081489 37.3476482372335 59.86615084912023
v 9.725500529761181 34.59434929622785 59.38021348458953
v 8.032246249082664 35.902678436195714 59.53897257012294
v 8.059329040446958 34.28832556257773 60.06903881512
v 8.062083756546453 37.375888421976924 58.68908055367888
v 9.801430467648991 37.376367659998806 57.529739244112044
v 16 29.273255066591233 57.23973997400289
v 14.536416880710785 30.5355740442202 57.81697306479332
v 14.52868454793077 29.145205598868046 58.510113338780485
v 14.542868158412992 33.335792408633466 56.56315584026462
v 14.539418476418957 31.95510895994088 57.228002290008185
v 16 32.01630231291015 56.031933099504975
v 11.454789652637551 31.51886940371742 59.00416047053269
v 13.031708820660663 31.70352720834832 57.99865039365773
v 11.41638227051029 33.160419652986 58.81634510005079
v 11.450292698818119 35.982789154853975 57.21535249772814
v 11.389466042410897 34.74844536304711 58.406156440884416
v 13.024868682741527 34.66913952937512 56.965003070252806
v -11.920829407253496 33.25602156777024 65.12294654753609
v -11.270441406882352 34.978996794111225 67.66505874507868
v -8.46075795393294 33.30852703127874 71.78188850220897
v -10.366616986122406 34.491376266693294 70.6900205376337
v -10.11650858443727 32.14088997266063 70.82200356811094
v -10.052302796852459 36.44857485315211 69.38168891701724
v -8.11480398445935 37.39402650602908 69.70103668310372
v 1.9774501382526832 26.5076650229325 66.21100073082644
v 0.10616646656221107 27.688115575159888 66.13116318242663
v -0.021916976082998474 25.90208925614823 67.05421153566492
v 0.6043068951474879 30.92272224889257 63.545025446696336
v 0.281513414937379 29.401046734741605 65.06381927796863
v 2.196727172431352 29.94647319198714 64.40225705206547
v -4.043103149977124 28.387318986705942 67.11010445211917
v -1.8147382125575966 28.902229832528818 66.03512283865632
v -6.065325902899911 31.7810719862645 71.67604598627608
v 0.6123821762548278 36.35129825461519 61.93995326329255
v 2.5060555489600596 36.72066229444427 61.30438236993004
v -5.776021862226173 37.95337533152701 69.07398427424211
v -3.160930634951722 38.03939857674622 67.44522042415929
v 2.440510526696979 33.241483819594926 62.54139595538834
v 0.5108930898066681 34.65806220406992 62.78385567265042
v 0.663863513286131 32.677752709295845 62.8479967662129
v -6.3127470355821025 34.12661538486046 71.65552411149642
v -3.6431810420221638 34.406969776693415 69.98824280625357
v -6.139236318173488 36.14881944048996 70.58925875245492
v 16 17.481143514776065 58.79251575309681
v 14.527163000680705 18.436069648718572 60.01486520615338
v 14.519085069761813 16.91525576133438 60.30937058653593
v 14.505559201371979 21.56331485329237 60.403213721884946
v 14.516123434684536 19.993370590362392 60.24877016482497
v 16 20.477323892472814 58.981119878073784
v 11.255088138398499 18.932516804092266 63.12810180895474
v 12.929705198890742 19.488623630593096 61.750841266129676
v 11.204494794497204 20.623804830508742 63.51172706245393
v 14.504069992745993 27.69905837530979 59.34022990266241
v 14.49251775469369 26.26840050010125 60.050667772085944
v 16 26.56605571055063 58.77100628614204
v 10.259233266284664 27.507997960795905 72.08062016363706
v 12.915637972840077 25.887876103514746 61.120298032747435
v 10.362585573134979 29.218184139020227 70.66171598035581
v 16 23.66633362880615 59.873163889706284
v 14.480766082195643 24.79771222988517 60.70754537925919
v 14.485721096375816 23.21959086870264 60.83247547973969
v 3.9323419959239168 23.458222811128735 66.30111918711772
v 5.859465756017002 24.03514896537292 65.39891591563585
v 3.9376408206746945 25.264833040376374 66.01308707935382
v 9.456890868042896 21.74376460218552 64.32788864111689
v 7.697579818370317 22.86233091782505 64.83312542610182
v 7.694239678386973 21.13324218116711 65.08697724965481
v 7.750207994142697 26.262030723924653 64.02388060613008
v 7.707889334012439 24.585569075996467 64.52862518550138
v 8.375824575858616 26.650848906800334 71.76142628317655
v 12.89597579073045 22.751798610881366 61.94158080574666
v 10.368507557851043 25.330692887267233 71.25269278038371
v 11.188191075112464 22.30295804617663 63.430272187260634
v 4.385154787725179 35.376988380102915 61.24119907810827
v 4.216133331199053 32.100127424964725 62.856413297237
v 4.334613388662753 33.68920710024973 61.90843002883011
v 6.269014629153439 33.94265062703582 60.83666850226814
v 8.018576799609598 32.658135884581476 60.665762145483235
v 3.855663077230197 27.139852931254325 65.81894750708628
v 7.793307183577536 27.910383605761616 63.249740718256234
v 5.877913467738772 27.54576208436928 64.53379483253018
v 4.043889744172242 28.750015755833388 64.53422365488024
v 4.096878422209393 30.46356192558526 63.81728855479212
v 12.979235924917514 28.849954146400723 59.57343477409824
v 9.744306138576375 31.345543177455312 60.32373931032574
v 11.421081574576444 29.987364656969167 59.66579231322181
v 11.3405737084245 28.570765187427845 60.794896899055544
v 9.630244747147895 28.243151651555266 61.94878845350748
v 6.107856710207981 30.73706508079437 62.46705785852992
v 7.856084943466739 29.5414319908761 62.46377332959976
v 7.923410099202984 31.143420103121876 61.64735530625037
v -51.11088098313604 14.366679660900715 60.119573285706174
v -48.7564417581071 16 61.219664042178756
v -45.28758203905704 12.835216432397964 64.13618137694812
v -46.974728535498585 14.406044750049572 62.662400470599636
v -47.94531015803471 11.144350262853276 63.37698141098724
v -46.65699125941828 17.5859129921894 62.426966601082604
v -44.18277995325176 19.10773351977374 63.268453334519194
v -36.411653473182554 7.040900044287897 67.79455326200093
v -38.52167329280551 8.434490558798501 66.89141237162704
v -37.90997227161682 5.500772419836325 66.30630227674871
v -38.90591531341363 14.472280637954295 67.26431036772087
v -38.97996154233897 11.430196750380118 67.32868959013325
v -37.221868357556936 12.980642804435467 68.59522859280054
v -43.70548320470468 8.100942741797152 65.68096105809724
v -41.1564935324613 9.81096033738308 66.38742747791106
v -42.86862913461879 11.326217524013806 65.01242103028267
v -37.01482273034898 23.356416589345663 65.48489366585369
v -34.82432955187867 24.687767289584126 66.22591865618585
v -41.98820352177004 20.603882465382377 64.27940258808133
v -39.50380104874073 22.010082230141705 64.9304640163673
v -37.40091299585197 19.029514669055157 68.77216514106632
v -38.21094995918267 20.505884841292207 66.61074880342227
v -38.94958844797576 17.528934537002556 67.30508690540617
v -42.27068720803817 14.457993914884964 64.50995735786344
v -40.65563499716342 16 65.96454804968748
v -42.409731361465255 17.54568558403563 64.62571068559626
v -16.71654565310355 -1.5508352988120713 68.93648286120916
v -19.03434872231569 -0.6685308162158172 69.00983054271728
v -18.06770369867815 -2.8217519732133667 67.50923322492324
v -20.124956837482358 4.209948733599859 70.72157618978576
v -19.520648828921956 1.7774545577489125 69.77872262107073
v -17.85581914647016 3.1905219593017122 70.77986609595816
v -22.876562190661474 -1.0957896771126805 67.68860556166575
v -21.16048461214232 0.36288529277566006 68.6974818989524
v -23.5311542486443 1.3408808685846392 68.65326213314313
v -22.20157105350024 14.587646300373148 73.92356419325355
v -21.846599894309954 11.895723830465645 73.37965289641517
v -19.353645300027274 13.357872732031689 73.20339972165209
v -26.528314341939094 8.852806720054563 72.84247178603141
v -24.220781868322575 10.391220557911494 73.21684619334005
v -26.899223174108528 11.625790784200582 73.37123622470531
v -18.730958571415115 8.181022311276386 72.19587143041414
v -21.25417326306635 9.28090897512859 72.47045292321314
v -20.887817388758805 6.679499997018439 71.8983468234292
v -33.06714071733572 2.994699436744405 67.36817903934306
v -31.54390603943117 4.44525185183217 68.87913972613131
v -33.748097820249825 5.728287823980352 68.21851528610463
v -26.458124690829067 2.2199393060053882 69.16441726484913
v -29.08224453143285 3.272908772291112 69.17841308987715
v -28.0137268336633 0.7894419551693197 67.81317905914639
v -30.97325409365566 8.592593600714094 71.61348119460081
v -30.357668396742703 5.81654491077672 70.7867435862571
v -28.318697827323376 7.365236170520456 71.6646960625401
v -22.724453003418567 5.212740868349533 71.0243816226444
v -25.20635076978766 6.322027056235825 71.00715249704808
v -24.15248782533825 3.855680873369886 69.53844204576299
v -15.791331501889154 31.125578415283464 64.10288066148765
v -13.467408328977776 31.80783117351118 63.67926823665778
v -21.278711311690365 29.82385818401575 65.65313550761084
v -18.465615870830007 30.503115189493492 64.87587412936603
v -15.428625414047044 27.89114005332054 66.85258413961685
v -16.6655730624419 29.079366863914714 65.45610091314029
v -17.598002207567347 26.965332644074955 66.89378088109902
v -31.59210611754876 25.82655492992656 65.9554602022501
v -28.929021117004083 26.91924426907915 65.97082030731669
v -26.354440583182082 24.252060856806743 69.19757072167874
v -27.662159423023176 25.591328791119814 67.60111833621747
v -29.2882342616247 23.141688664214286 69.61852000765933
v -26.252467482931827 27.928221716559356 65.84044590564525
v -23.93200319091052 28.960191520714776 66.0013058824855
v -19.00955759871617 18.61641214041947 72.64665412581991
v -21.278275799086643 20.04264423834077 72.51801038671417
v -22.037872448467617 17.406301583861307 73.67535433184042
v -18.828757641130856 24.80023429624029 68.77812871212006
v -20.25239984288376 22.538413097891976 70.95194925478708
v -17.60122469661433 23.56464079954449 70.36792362274434
v -26.094349894610687 20.2921405008849 72.2948396927305
v -23.160921218986978 21.460982100879836 71.70912105865864
v -24.824463689850887 22.860848755854427 70.56513998679227
v -22.496236047355893 27.643377560235482 67.33003243950334
v -23.760085024013755 25.338294217169555 69.0765044551115
v -20.575312956781467 26.18858494014581 67.97062377934503
v -34.79105305668786 8.529667463391752 69.29751622660548
v -31.31562059922325 11.523996449580226 71.98545130387109
v -33.35338150774785 9.994927666891797 70.99370491232179
v -35.20044362002717 11.489876760531597 69.71665833553084
v -35.368136184811014 14.484530661352053 69.8873434452118
v -25.154161990572 16 74.56735999514345
v -28.962821664462496 18.9362375794962 72.55909581626409
v -27.374308916687923 17.47420838869038 74.00068364624879
v -27.65564200665782 14.51622964682861 74.37688587190058
v -29.38974472569339 13.035882774842449 73.09612577640594
v -33.34290917978248 23.25733997846494 67.7779085962679
v -35.48786980033039 17.51900173512175 70.01294906263611
v -34.906495683550396 20.484230076718948 69.40826450618556
v -31.864409402111335 21.82390166307166 69.334566468339
v -30.405912371874415 20.389946193380133 70.90905359381327
v -31.330499349270525 14.50730741906055 72.00867925311947
v -31.319680057641335 17.49235136593923 71.99587621400227
v -33.274998116843406 16 70.88482274857962
v 16 -5.86935370114746 54.2864905759452
v 14.505391454344391 -6.091654163484872 55.65798327662908
v 14.480999301020967 -7.839890866086538 55.51254777032008
v 14.5606449448398 -2.5607288856912724 55.53863217375363
v 14.548381563594193 -4.09296866332307 55.21211099225283
v 16 -2.5221813300452034 54.365459493191274
v 11.246600958915842 -7.9105926444440335 57.62591375934484
v 12.950797029450662 -6.054534763702467 56.620076603670434
v 11.321677203030976 -6.0789538221557855 57.74160395638209
v 14.549298875215033 3.038969433109564 57.914512043338135
v 14.558131631844464 1.6800859813673412 57.196546967157865
v 16 2.888274813273897 56.73786984416287
v 11.421996471021215 -1.1394008764498054 58.76390190763749
v 13.025931800499029 0.2659098893586549 58.08039003287317
v 11.405199047313197 0.3118116717741586 59.473358194338125
v 16 0.2423381700245315 55.385474365935806
v 14.560468077649782 0.27483279666691374 56.633832780304644
v 14.562053242828075 -1.1075435767365889 56.02908778497454
v 3.852402173005528 -7.82466943807999 62.05675326029123
v 5.816841201339987 -6.254435268065915 61.729459455318036
v 3.904216408514319 -6.03462066554863 62.62969607932921
v 9.627629630245636 -5.975736688701257 58.69418588298553
v 7.810074037263297 -6.054521387535495 60.0443560286073
v 7.723524375253449 -7.895114473020378 59.77825062556989
v 7.8518280216134535 -2.766225504071752 61.220625437929186
v 7.7856871890330535 -4.518559127429818 60.88626924720453
v 9.703975401774368 -2.658138567440826 59.529032470355645
v 13.04268689729533 -2.557329092054392 56.71966155888196
v 11.422989969256593 -2.6121224302582178 58.09781452226753
v 11.377450586437345 -4.302719312321699 57.87522205410002
v 13.916720325119398 14.712462352851958 78.33228476860309
v 13.872131916730066 12.480510160644673 79.59008288418082
v 16 13.754318956301642 80.88118165471757
v 11.197251011331394 11.369210745920036 63.58349523575893
v 12.956388120298877 12.541694848962692 61.35323576537479
v 11.242445377755246 13.059669540118577 63.253674069961995
v 16 9.278906316134167 80.52071377361402
v 13.868577353029675 10.263969987130196 79.55840710365445
v 13.908575318699528 8.214309188625624 78.14095412295086
v 3.94979933821274 6.744505649786452 65.96267529942372
v 5.887491316084237 7.987057907022573 65.26239132512215
v 3.823213697847514 8.474332191525619 66.75599415344294
v 9.50452818486271 6.925931653887867 63.50635349330497
v 7.7308558121814475 7.4382101875342475 64.39421651010028
v 7.781576985178852 5.776989599201428 63.84127470780132
v 7.685988392448708 10.86165824367215 65.13574228373338
v 7.673574983978112 9.117827986009836 64.97431691762631
v 9.469053127365141 10.266911844312446 64.2380572930076
v 16 5.5205867931532016 58.42028060646735
v 14.508213746735581 5.838514677861447 59.592009679797684
v 14.5296364772593 4.500886671131044 58.59951522267306
v 14.513909612138802 8.91480283546749 59.99791261372491
v 14.50793446881523 7.359616832103404 59.908042509133786
v 16 8.494250226382709 58.95416895185633
v 11.283729289538144 4.9416441687753885 61.73008662148328
v 12.93181341876657 6.163979289539597 60.883671808397246
v 11.228869020703332 6.435743494336025 62.608405568803235
v 11.223085390359465 9.742749796442464 63.08631695217365
v 11.23474413895569 8.104554978025032 62.75371951839685
v 12.930749598718746 9.32384053773394 61.42690578973131
v -13.265474484235678 -4.233131516932488 66.82495242139393
v -11.161225822118542 -2.902987674853769 67.45814498381935
v -13.657792519426046 -2.3295238082976724 68.17889968093863
v -6.631727645531797 -4.078279775268669 66.39838753314933
v -8.72920821213081 -3.410071698001097 66.6706416794604
v -8.677890190792262 -5.43539221690013 65.93496807767661
v -8.940516867142644 0.5859128791158028 68.35344151230797
v -8.791816954675706 -1.386941065863084 67.42354740200858
v -6.709313946871887 -0.06919847093405807 67.78778273885777
v 1.8393494812869697 -5.744424570036436 63.542772095618155
v -0.07852839401119027 -5.2650801826438425 64.00267666016273
v -0.05249548304971441 -7.133302318027269 63.35145723537373
v -0.07550173919267777 -1.4817981645100886 65.10656958128826
v 0.08472362734742234 -3.171422747459726 64.07107324687114
v 1.9724853747935835 -1.8365982669045842 64.14783873147545
v -4.121800390908614 -6.239988172704486 64.42101332925395
v -2.0383054105924465 -4.748125974003692 64.43108174680638
v -4.202481506498106 -4.367019373255069 65.23884594534172
v -0.3797398165949524 5.87676406646435 68.19442234933099
v -0.4497210876287099 3.9030920484441154 67.88450290576003
v 1.7691745947271045 5.336265669743728 66.95677974899948
v -4.579055859850882 1.2819050412945003 67.92583447211271
v -2.5560819031085202 2.5608559245416487 68.11728773941424
v -4.641335350725505 3.242953180066909 68.6356022773851
v 1.8159325665845802 1.6687816951372838 65.7375431560555
v -0.37084290462185265 2.0427764680325637 67.1000899071087
v -0.16179110358797288 0.33471503745094466 65.91089157539048
v -4.388525758844239 -2.5555056312178586 66.27248872703953
v -2.148834330476319 -1.0066673156774648 65.88111000902114
v -4.413060600558737 -0.5833322873291671 66.91706478956169
v 13.007712666470267 3.2711823654540737 59.162668024432804
v 9.613125905050014 3.7239446383988053 62.07227672313485
v 11.35565806805319 3.4699312269006306 60.64987854441881
v 11.40582612338391 1.9660340413671449 59.811272381117114
v 9.692511435233554 0.5274017149710772 60.69072257061278
v 3.9695926036717513 4.964653241224042 65.35158159543597
v 3.9396384528384054 1.3453747454122151 64.44895386532613
v 3.9577830850031344 3.1581599603822426 64.88376207204655
v 5.90505552234187 4.485197511157741 64.40365299811279
v 7.783148060669388 4.074872446384992 63.30823150547984
v 3.850833208159166 -4.268394408273405 63.32244497601557
v 7.892536100641852 -0.9211971253749276 61.371113025821025
v 5.927916452363846 -2.5715905732400657 62.40831878192657
v 3.9796228343289624 -2.2275091423046476 63.30547408467732
v 3.975571339121485 -0.42880381234328624 63.81296452453802
v 7.805706666499233 2.374800680187226 62.7511983365534
v 5.921173425985208 0.9848188801945064 63.343978331179315
v 7.855039616421202 0.7283868158705502 62.03377231619314
v -11.91881107869569 30.844722141228083 65.07313135145725
v -13.747539814464325 26.83728051569136 68.21256217818735
v -12.751196583558755 28.8550268262386 66.4966846388934
v -11.33319774255639 30.383079612442977 68.34657276973735
v -9.569544837070204 29.292225481482692 69.53168617895494
v -16.131710320596277 17.34049265352906 72.32812476554966
v -15.633350876221023 19.833111562399466 71.46148448385284
v -10.158498295186298 22.14311985089112 70.4859975471031
v -12.76427137522851 21.00772373635654 70.8518596616455
v -10.758392338137199 19.829437416652187 71.6883080832784
v -15.337801015360768 22.306253018606974 70.95686187055271
v -14.517541778373637 24.59942212914085 69.53887348600148
v -2.2767873614844802 25.00095436185402 67.64642309340945
v -0.2575203973886069 23.791605227705972 67.51938474646872
v -6.305362865952759 27.42485176785565 67.33381154207878
v -4.341286383187377 26.237401544369796 67.68852828234022
v -4.971839679926546 21.877218238680616 68.95222714770694
v -4.644804614538888 24.065118741319644 68.28761395026513
v -7.5005307880646335 23.204323801235645 69.82063731287184
v -11.729957928590736 25.63526256554143 68.96285814683291
v -9.715388871386917 24.444152562096455 69.66083624755015
v -8.989331990713794 26.581127796536293 68.23422948051406
v -14.34112750960118 -0.13269297399619617 69.33085751513785
v -9.303454674763625 2.846100423742481 68.97460723387914
v -11.602752023986394 1.475077463571358 68.86280372599683
v -14.676835555789296 2.2839954202361916 69.87874853409468
v -15.228846022567438 4.623067096011209 70.81253491468613
v -0.7370868239554653 7.9785569996856776 69.03911018047498
v -2.879390942121983 6.702275356786894 69.34925624825556
v -7.843079672727097 8.69066439689842 70.60513871199387
v -5.314978481790327 7.67307050688928 69.9849800965992
v -5.533004518366397 9.965519056963423 70.3691237312153
v -4.954802525193678 5.453826877404831 69.24751259927974
v -6.957221207091752 4.241265077411143 68.83400561815179
v -16.21918842688138 12.095900678576498 72.48860994878208
v -16.30624799275718 14.65222586456533 72.63409602184677
v -15.788185717526968 7.042527943772388 71.76804533732974
v -16.271476506892263 9.50585907298542 72.59424143636416
v -10.921984119536148 12.147150695188408 72.02876760742751
v -13.407596755426141 10.880276354638617 72.07864524613157
v -10.749514893209689 9.718084498282401 71.7170364449333
v -9.672341886809836 5.129668194345863 69.66189852198346
v -10.39462756840165 7.332806082691764 71.07821774917943
v -12.669785872769552 6.038177652726647 70.75788337615904
v 12.959485662527724 16 61.4162827988626
v 9.494904233581991 18.006774463289013 64.28251245407685
v 11.281540606896927 16.971857821169042 62.83861575566655
v 11.28009934443352 15.02784532299715 62.852922700603976
v 9.468809810031363 13.98517559790978 64.47619205162701
v 1.9172082413976028 22.502185246039417 66.95201923911038
v 3.8433169815114177 21.349648285158338 66.63396330978266
v 3.6547401557506785 17.09100946827122 67.38113347524461
v 3.791912328236828 19.216593883241487 66.82285423541234
v 1.7150877118887475 18.18872871480206 67.68329818469755
v 5.759168851114852 20.20930662142989 66.08702907356607
v 7.62567090644799 19.1015403587107 65.38972669722537
v 3.7748655266009745 10.620229089465866 66.9190713817103
v 1.63230451288476 9.366271459716653 67.98281061239142
v 7.592827051706772 12.88629549776478 65.58343164853916
v 5.705481210595767 11.76862605440077 66.3496107305113
v 1.5131452933584075 13.780329746232956 68.41393271871067
v 3.6617994145043387 12.749123892245114 67.36452053291657
v 3.5926599597758617 14.903504208844113 67.63951206555328
v 7.577113784445427 17.04061353203013 65.6935002967725
v 5.6579224709297105 16 66.5239041777296
v 7.538893747201415 14.954664536919992 65.91899158129448
v -13.27881247645566 16 71.8034789058222
v -8.420804314381499 13.488795282392061 71.794227622867
v -10.919857882688007 14.714988548981507 72.03296239307821
v -10.839316764684781 17.28116684458101 71.86531821546635
v -8.394282966695869 18.508477512862015 71.73363428242712
v -0.789264900809485 10.262759656178524 69.23791603437515
v -0.7842093872990823 14.845679496482571 69.25492080313475
v -0.7887569882379886 12.56185914115928 69.2583053917163
v -3.1559908143202584 11.283382388425185 69.94140861988916
v -5.675125754711171 12.34806110312352 70.78549665103745
v -0.2093379468076897 21.539067264974637 67.39899678057685
v -5.481878219753497 19.619379538392295 70.29704909603566
v -2.66852294815245 20.596592521516563 68.56874647920958
v -0.6383122325883903 19.407331534376763 68.78105548294809
v -0.6991257940904241 17.14846894781484 68.98495753507626
v -5.844213986074109 14.772684845370943 71.20305703797018
v -3.2499958825961563 16 70.24714268045149
v -5.753759325547975 17.22223296784306 70.97446681322886
v -55.871091759703106 13.291361308507232 56.03610804998067
v -53.43098415311695 13.330829839866524 57.89117579956761
v -61.875738632817274 13.165029948863843 52.55742224932542
v -58.93085406606319 13.226086368075915 54.395874758257754
v -55.00886433863809 7.8912658684884125 56.7886308313076
v -56.845479049156296 10.531752037914519 55.5512092639187
v -58.46917374877329 7.653630905405924 55.38999205903468
v -72.97368919677507 12.920535998115131 43.51292211480482
v -70.21660999851167 12.982441201551204 45.96888169149017
v -66.01245527540405 7.22032151130812 48.86988055633944
v -68.23829868635954 10.046384905000828 47.497164861420956
v -69.10009505859749 7.00557182398882 46.70998821993638
v -67.16214303003399 13.05382063587133 48.18349130896288
v -64.3945646393532 13.11202253375357 50.35885237476631
v -57.061807059635484 -3.270256495459826 53.79409703300453
v -59.65321756293683 -0.8466615885915374 52.816958982870524
v -59.43754712948446 -3.5685651306495174 51.64762103766963
v -58.97467482767682 4.809567708743792 54.59129008455071
v -59.6335005028788 1.9361601513969635 53.87229068286282
v -56.69417399883109 2.2568387140851414 55.678049817028715
v -64.0916866845385 1.568513685410089 49.2374583227865
v -62.1506645488265 1.6982098143746693 51.724488987083646
v -64.25831479450476 4.391464374898165 50.4016550251828
v -62.508282050167125 10.298244084321215 51.778883484825805
v -63.451441945706335 7.361783245299501 51.12676326634138
v -61.32549149046166 7.464143046671188 53.490374317058745
v -84.4975489158057 12.64115471125688 18.075880551395702
v -83.57407188912211 12.668026209684374 21.51107843207707
v -82.01611865023501 6.106930724860398 25.538853476888683
v -82.98283279574002 9.357357624004699 23.54770491553578
v -83.69655271487338 5.9624356301212575 22.20355594484998
v -83.45712803492471 12.664718567434377 24.97582392950438
v -82.19751449794832 12.69505065762229 28.30324666103104
v -71.15956628316928 -5.02149768826834 32.14615047065427
v -73.62040059208523 -2.397139376814934 30.577511585955037
v -72.08643027568975 -5.132669263533092 29.060707877873657
v -76.10189300092472 3.407047560646662 33.59214947984752
v -74.25308494214556 0.5784098472536492 31.967361369307287
v -72.85889545332168 0.7353567411095554 34.98790151330667
v -77.61329786878582 0.16016510734788625 25.789556339845547
v -75.77443443602438 0.39686360496539663 28.89670758119468
v -79.19231298250813 3.111920055244248 27.313596622632417
v -76.7609902646168 12.825574890159727 37.62298659696287
v -74.63477684327273 12.871652903431105 40.46552654436857
v -87.47275690132956 12.505064438247995 32.66271966672727
v -78.16352806652867 12.800172667829806 34.529839101038164
v -76.00121868141746 6.511659061889366 38.24754616160017
v -77.61804293825492 9.600398284465895 36.5159019329869
v -77.56047494139597 6.422558442346949 35.19903438469488
v -80.37147101637507 6.22309839356803 28.806701514727727
v -79.39550752417173 6.277051622214053 32.109734001037694
v -88.64332330646667 8.929816449827886 31.378892770930378
v -49.86420752521535 -21.92521572420054 42.22017551668705
v -52.49333095789187 -20.152932252831533 41.16080965051943
v -51.799354450755445 -22.53625123463621 39.81671306201027
v -54.4930244673119 -15.655356624349505 44.08380856487895
v -53.871693217463815 -18.100054635960767 42.76529307820978
v -51.04640649303539 -17.134372981846766 44.780753753088256
v -58.514473393870716 -19.497751949872857 37.938817229234274
v -56.65955859920962 -19.02991465596125 40.567100619486595
v -59.64660692929013 -17.171579374914806 39.4723379938685
v -58.70349396200861 -6.250492007391614 50.16680218621038
v -57.34136467296774 -8.565738754490607 48.490063242025364
v -55.00753218765351 -8.072080486116402 50.690351783448676
v -60.38484674296937 -9.005304730804554 43.19278672840651
v -58.92453508560543 -8.805867696276774 45.88096248457515
v -62.1790224560777 -6.776876590517833 44.96179461398721
v -52.00544058151689 -12.260290456382371 47.23520327689508
v -55.98976458689573 -10.812809320343288 46.84078758134028
v -54.93184852072061 -13.103024866835923 45.34005266098209
v -68.17123682639209 -10.414756542946392 32.32521734809454
v -67.1069354245919 -10.348636521876315 35.37643981659075
v -69.48167134117045 -7.872676927371998 33.88876451335058
v -61.0490785792082 -14.535807621601652 37.83914166306913
v -64.02487312647628 -12.49242860536955 36.63549056781898
v -63.941411742903966 -15.349455820792823 35.37502922606319
v -65.44272951808144 -7.225698217971523 39.46665038129069
v -64.94857272815788 -9.933347082069954 38.109889164861336
v -62.28446724939168 -9.349521244861556 40.57075898455266
v -57.50967801012335 -13.812607284501258 43.13231985931523
v -59.745928468162944 -11.559537202122826 41.82512309253298
v -59.85227685247284 -14.40978757277685 40.704556654902035
v -73.36052164084938 9.805008604376305 42.35272182549964
v -73.30938989700287 3.6192828021774375 39.796675412307145
v -74.29491068184393 6.607803344775293 41.33940690519064
v -71.68667152162303 6.804927733491574 44.08847349730637
v -69.44733973324838 3.9402684213573274 45.58315028646033
v -70.30077362915527 -5.037491237627432 35.29743549771929
v -66.55629348961048 -4.550675877252672 40.97126247268379
v -68.84668608199928 -4.901464106060466 38.28935590003948
v -70.48715216397193 -2.037543553998031 36.574531327819656
v -71.91572738169319 0.7301306338147402 38.16118061555726
v -61.558591891693766 -3.91174102500565 49.21865831336262
v -66.39028663587999 1.2774986106684878 46.72753098625667
v -63.79594725584977 -1.318262514536233 47.93258667272887
v -63.89136202482793 -4.300490004573444 46.783340826308404
v -64.52343794686334 -4.250748824073074 43.668306650291285
v -70.60390103064292 0.8205437695551723 41.23989663155318
v -68.11018274805741 -1.9058029111184958 42.675612664985834
v -69.04657742487194 0.9523302342771487 44.21403434299663
v -63.237362590047724 12.953838313358588 -31.80785303047957
v -65.02244812632937 12.946469957515113 -29.133911399387323
v -68.05519078395658 6.579247609673118 -28.460454317250083
v -66.9736187136562 9.771469041590946 -29.05024882757533
v -66.3013599578625 6.601738912799231 -31.275221474133488
v -66.51578265900616 12.94529500271145 -26.2825242824738
v -67.1848283392033 12.97175909736842 -23.049682837324667
v -70.2507643288451 -6.373523047353107 -24.75735065625318
v -70.2611473081974 -3.2088638627418646 -25.979352955070404
v -67.80194240959335 -6.1029973120223175 -27.349855012444998
v -71.74024952731627 3.309279854666052 -21.608686449380336
v -72.09386991036936 -0.12142457612401358 -24.269759746909614
v -74.03758468983348 -0.22360852965908862 -21.3649325228959
v -67.5331776183952 0.20767621965086036 -29.59421203370009
v -69.55114391008823 0.09200184023644908 -26.838395272885293
v -68.46914711523806 3.3924592048474693 -27.47832607491882
v -83.39432991766002 12.521224451249767 -18.54945530981461
v -86.0219193618179 12.46892434253129 -15.547765937824387
v -68.92519392596742 12.949270793678181 -20.295142763574148
v -79.7535583267588 12.607745455978632 -21.05632995891608
v -79.26321542936196 5.9314078508927395 -18.377543545803682
v -80.66663127899434 9.168001679282117 -20.144187020311932
v -71.60025702442921 6.622130631029668 -19.10942301908102
v -68.80952468623934 6.637990693006513 -25.118921649934208
v -69.21103731422431 6.7355814798661395 -21.6731732252456
v -68.30666197822518 9.877129952247458 -22.421401629779915
v -60.95924062928509 -27.742608698008148 -11.034418931955816
v -62.089081187188356 -25.217870738129086 -12.685778309463572
v -59.6323894443357 -27.549824604130478 -14.108834532286835
v -65.44439439027184 -19.713950735214034 -9.271329811544895
v -63.30946546472694 -22.235902614876494 -10.815516853013726
v -63.95734266683564 -22.090665977809692 -7.541326228405637
v -62.242953375558386 -22.667712946200986 -17.587052488043966
v -62.99641733049741 -22.55326846926664 -14.26064153617601
v -64.417661230293 -20.11208008703734 -16.037697634523944
v -78.83295960262888 -10.484234235716343 -3.845710265359063
v -75.93703059199294 -13.148173850870165 -5.43518264848305
v -76.6673235792232 -13.081012518329864 -1.9730541635890297
v -73.0902416947414 -12.848570526208018 -11.96231402563508
v -74.82909510935357 -13.098752074745967 -8.808605737330048
v -76.04231798853809 -10.248470717201918 -10.5207822638247
v -70.3179752976746 -17.850059614126558 -4.92048736274036
v -72.84392539364079 -15.632405056092246 -6.909601888040058
v -68.45690946736573 -17.471651931038707 -7.93885098037417
v -67.51315844590255 -12.311580614388767 -24.799908907959242
v -70.01049424473024 -12.809272109705375 -22.102459777642224
v -70.25481673031426 -9.691062204304998 -23.449978903680687
v -65.70687614185289 -17.523971216585316 -17.797005136078056
v -67.78981819899636 -15.207775594877745 -19.895991595237938
v -64.35514298856674 -17.392323630327702 -20.907476874343153
v -73.2950219932392 -10.015440359723648 -17.079770068404272
v -70.95162545560648 -12.787773118159436 -18.677535939905674
v -71.70188171256235 -12.710043564883449 -15.221618773610363
v -67.99859972733961 -17.675713902262835 -11.357757103751965
v -69.5798204864991 -15.137518466619522 -13.17792999566511
v -66.91632356693293 -17.627569306386896 -14.604299644281987
v -84.71423571543181 12.629873747764767 10.425817467096293
v -84.69318929006542 12.634615987114257 13.920078294841097
v -82.64390139822252 12.680026997399828 3.640825160252774
v -83.43728299768436 12.665384068093244 7.025967048816259
v -84.17768109111937 5.913995068083409 9.766506141376478
v -84.95319146074358 9.225128755680926 8.302049982751434
v -84.49732712651917 5.85649469780717 6.219677217584682
v -85.22364714138396 12.506167790466991 -11.323836526212421
v -79.53110220433871 12.730777358638809 -6.268711628291488
v -81.29700250983169 6.040063863972179 -3.9657868120494086
v -80.78233465166048 9.384091619190734 -5.209339826389652
v -80.64431074613879 6.032804095090864 -7.370329169509507
v -80.8460928997439 12.709014823068765 -3.057723896332387
v -82.11122024585262 12.686157758693028 0.20067457295927937
v -80.23099654149357 -7.08661863634201 1.7316849974338897
v -81.78368608458833 -4.072886193233138 0.09466140077303642
v -80.3634883360188 -7.241336937219941 -1.8511602214219032
v -84.34171908131036 2.414742358957252 4.074396991319617
v -83.3729975371802 -0.8950148708018375 2.0354956303524823
v -83.96060863388067 -0.9138313955034434 5.546677317593806
v -82.72617248997393 -0.9596954327075338 -5.096400427463063
v -82.94283931698432 -0.9064128663710562 -1.5047320686303394
v -82.35134019070846 2.552570104549133 -2.785840570735143
v -83.1553421875319 9.300609660562525 1.4276476799095708
v -82.29301233089448 5.981730695775106 -0.599044587190857
v -83.28559407920991 5.9274601289043165 2.8060437941348013
v -72.54967863146544 -6.733500257707053 -21.92618517783768
v -76.96553131048921 -7.379796887305567 -15.943479982849734
v -74.41192983418478 -6.973778783777302 -18.83707349969898
v -74.6395215031805 -3.6716635564340265 -20.2719470839141
v -76.41976702649418 -0.5146912822695349 -18.468034655586557
v -80.0630491114547 -7.41723566263914 -5.4803461891131064
v -80.17575585275621 -0.7045336688134078 -8.243310722291604
v -80.61915968555256 -4.150649632614844 -6.984846628423391
v -78.5893219251783 -7.301503079625363 -8.848761431838671
v -77.94980492219214 -7.386854085570917 -12.417521412401399
v -85.38535422870558 8.971377230613918 -13.89888586267464
v -76.06370152128454 3.006458809027679 -15.873833948890436
v -82.71305728431263 5.648669750756664 -15.620530751754771
v -79.42693455407219 6.073986133115239 -10.77960370214802
v -79.6297031523159 2.7431150094523673 -9.480736217271101
v -79.50056115701545 -4.330644520187196 -14.288080414046796
v -79.3782585016786 -0.7173774279522718 -11.797101017749089
v -78.05737259185071 -0.6419898912922299 -15.203347869733523
v 0.3570597503318922 -7.794688460006071 16.57910651827123
v -1.2566869967474155 -8.712294310732254 16
v 0.254169503518181 -7.951196209152357 15.417084452758168
v -4.434757146301344 -10.017785774172559 17.343512962071465
v -2.83729038496044 -9.42246511909886 16.643468780027007
v -2.5662882762216412 -9.059153769369221 17.902852189044673
v -3.3018215506420496 -10.051912319272532 14.021763270948018
v -3.0014355585331884 -9.643992465354206 15.350924134642371
v -4.893299059030596 -10.601607014055919 14.626339529984392
v -11.741906271005277 -12.072434002981641 20.798622549878733
v -9.890212133933922 -11.737050745220746 19.84883490565472
v -9.39440568534372 -11.21352284689424 21.29996506375419
v -10.040194734862332 -11.889982652676345 16.776019601210496
v -10.051815526714563 -11.905014275724035 18.319398219653028
v -11.88052761078259 -12.212706930670489 17.60054959185547
v -6.078171884155701 -10.533060000158684 19.510333539350206
v -8.141219823853458 -11.384360420716021 18.96524300748003
v -6.356002439332315 -10.851707972567716 18.131849238165522
v -11.056992157661576 -12.99520797510624 10.35304314884436
v -10.43426415874762 -12.3199118875796 12.07028640502583
v -12.6637440144344 -13.005254875529914 11.04192368585087
v -6.872393445523432 -11.471943210756326 13.818908157923895
v -8.695672886766864 -12.013298917692396 12.96665405158426
v -6.916919075252721 -11.541047874476881 12.356309296325126
v -12.111723691004599 -12.446657569836322 14.386178034070275
v -10.384036984497868 -12.260868343270246 13.651024039136463
v -10.220775903049585 -12.083391561458416 15.218598928813968
v -6.5367882005598865 -11.071434555605851 16.716386210934875
v -8.404678352146302 -11.67287212459885 16
v -6.637268030627514 -11.192132017889612 15.280419795134096
v -51.243502586022274 -25.558770120753223 38.29425860982792
v -49.82267263638306 -27.502392732977455 36.697429816552585
v -48.5809594332505 -26.713215724667002 39.59823131781062
v -51.60818939711241 -28.63217425171502 30.56653982801818
v -50.69836194663338 -28.054023165705445 33.63932718137919
v -53.19700522882546 -26.766101151118335 32.18071715268621
v -45.732039524604744 -30.430532370843196 36.417613371147766
v -48.08301222247967 -29.189176100661534 35.015584365660075
v -46.96891171785171 -31.27596470078513 33.53108432509693
v -53.34099848956667 -29.73156223401665 17.690745676937574
v -52.70297950204122 -29.31526500264313 20.91421588163444
v -55.152130336979596 -27.974434920215913 19.286395295596595
v -47.51117991217499 -31.51769827497511 23.985695625242883
v -49.859320615670285 -30.29603944838057 22.455972814210856
v -47.92966478954635 -31.803274562727687 20.874249663893092
v -54.605091595994494 -27.636346385124163 25.823846874284513
v -51.70275808438558 -28.664247398419022 24.055557741362485
v -51.78408155167362 -28.731319694321478 27.3023294642351
v -13.117328854666422 -11.813017688063411 23.371871466653694
v -15.77185210661294 -12.566235363867612 22.94254390661598
v -13.561454851721138 -12.162925345823755 21.81492510994619
v -20.304068286534225 -12.993126180904767 25.40990779481623
v -17.98635338021647 -12.81208755193692 24.13389108163338
v -17.51678012550329 -12.4714899100067 25.83936787574513
v -18.353881479646176 -13.016590387501534 20.5757459530756
v -18.203874385801683 -12.941524224093083 22.35762587599052
v -20.087931593602306 -12.732217161718822 21.597996368381676
v -49.89183354067491 -30.372628569529702 28.917769579628004
v -47.71678340104553 -31.730813313540708 27.21034770618408
v -47.705880890501675 -31.777811776290804 30.450636182428227
v -56.3613576854183 -31.859095127591495 -10.441230853751463
v -56.16505493610697 -31.69409134706209 -6.691742828475498
v -58.52175624556661 -30.056978261094926 -8.707328468974978
v -52.02342813123529 -35.07080779112422 -2.9383049844384566
v -54.01503830653614 -33.37224056734888 -4.775815955103095
v -52.03637234019389 -35.17221158839299 -6.502745030218165
v -57.43967344674098 -29.388214312779077 -1.172803648044905
v -56.13676248433414 -31.646066752382268 -3.077589285996492
v -56.32336285400609 -31.74493980913917 0.41755126259769426
v -15.182884219793777 -13.707646147814234 9.866129479765217
v -17.677571681234063 -14.27967761846081 8.641032720389944
v -15.820112909900956 -14.394730492505865 7.943842665066294
v -22.90974984005254 -14.978871127951738 9.96428033747802
v -19.744345891556428 -14.244990401563122 9.356039851004489
v -19.509200683525215 -13.992416776308115 11.27037195430578
v -20.915641367241165 -15.358719625608735 5.162843971847476
v -20.507569400341048 -14.949460040727082 7.262710952378903
v -23.10416105258915 -15.229334041790196 5.864316390265474
v -56.573563429620265 -28.852928884201724 12.647951139196914
v -55.21047427797792 -30.96916401965649 10.90642696762281
v -53.94044735610815 -30.126908908329064 14.29463792581221
v -56.31765775206725 -31.723067044675112 3.941741257162782
v -55.98116860846015 -31.486761451407624 7.435379053635174
v -58.17616099536728 -29.84338865012122 5.679281892156016
v -51.161333580414905 -34.2197482141107 10.879355167767457
v -54.32304019375391 -33.43382671587174 9.106463421435462
v -53.11753885203487 -35.71225540481993 7.309378468460141
v -52.35000760895781 -35.260790256739426 0.49591969819989856
v -52.972313152959146 -35.667777737395035 3.8649930007013165
v -54.65656138421775 -33.725896230341036 2.148128983438541
v -14.121456884281635 -12.704912030977084 20.22190967503971
v -18.126021967042185 -12.841312704425384 18.728355169579963
v -16.278906356827747 -12.96828250835754 19.524715561815984
v -14.033810236716462 -12.626955871200511 18.521679302392524
v -13.863876868381169 -12.467755059054426 16.839859359057172
v -51.31049859331186 -31.297798005664397 16
v -21.326843376762262 -13.673745271650326 14.06219532570212
v -49.57842433710469 -33.04112601181706 14.333187521297265
v -48.30107713444356 -32.08589499247244 17.63434603446359
v -20.525495630618543 -13.036697325938327 17.896203101067016
v -14.395689732366073 -12.9662483206031 11.73965306347625
v -14.096909437040292 -12.689893467761625 15.153587085133042
v -14.348027605774696 -12.92645455908255 13.451938582592389
v -16.78201695001774 -13.419792532748193 12.420346959276642
v -19.095856603065577 -13.660960070184775 13.19410712780156
v -18.613285452928658 -13.250182408375743 16.92248192756033
v -18.830180684780203 -13.433471137317483 15.07173757720673
v -16.478943032117627 -13.159242511830424 16
v -84.78389582069866 9.252752947962076 16
v -83.6027412354813 2.580537395380537 11.860193941335169
v -84.15439897027605 5.91058004260684 13.921889142251779
v -83.64918975129305 5.961474142407477 18.0676282351755
v -82.57186906633396 2.71942665035907 20.09695973939079
v -77.91039023594908 -9.956193481863075 4.015730034634563
v -80.32074160251842 -7.1255988515782 5.823390142569826
v -78.34119282945669 -6.6672021561612524 13.99679127992518
v -79.60553473645776 -6.9652735472542915 9.949096664015283
v -76.5707284458251 -9.58592006975871 12.079735260403503
v -82.13860446137629 -4.0654919260641655 7.752445988153543
v -83.15259695281424 -0.8119269509915163 9.773486883105079
v -74.49304560817124 -5.726430224426572 25.560894202468592
v -72.09450124458102 -8.348721299608211 27.242081762483593
v -79.78585882725986 -0.2410759882388831 22.015091129532447
v -76.8218690614807 -2.978428259068462 23.800736343936855
v -74.98466714910046 -9.147543508992168 19.85309685315141
v -76.24946284833203 -6.159116150953814 21.838496526696503
v -77.71304193181885 -6.516277380309944 17.989870778101313
v -82.0843874051103 -0.6249837443887074 13.946050485373584
v -80.4042472687549 -3.7336333288471764 16
v -81.43062612983726 -0.5141733405959563 18.04025933732549
v -60.6665369229862 -27.617321769851507 -7.191783503706194
v -59.898248530966654 -27.242202179579422 0.24649977580737925
v -60.028931541719516 -27.288441061539977 -3.3548143116367584
v -62.416012046175155 -24.945571983652613 -5.546085722014389
v -65.70342069113752 -23.025844837395617 -4.287429146253732
v -58.12462098393968 -26.283510395443216 14.235987612082411
v -59.43713202011564 -27.02678315404424 10.786310794390179
v -65.0265130506863 -22.900488178984602 6.864522938396229
v -62.66768239751117 -25.253269787032337 8.818000650183315
v -64.43606843446304 -22.649762425676947 10.468769105883112
v -59.70287313119967 -27.167704518219736 7.313159886651887
v -59.90789526802445 -27.26804458737883 3.8076621370259076
v -73.55099530410293 -15.690568313359968 0.39302523752719765
v -75.49034515031312 -12.870805809599467 2.163331432123428
v -68.21620002081664 -20.593287040767905 -2.7431552964116577
v -70.44935571030878 -18.02091645055075 -1.1221119476303905
v -69.70815983220922 -17.944894938011124 6.487169524248673
v -70.65429822359914 -18.213859089799165 2.6339817058049704
v -67.88735033378312 -20.62902109070253 4.771005606659196
v -63.29021738336917 -25.514269983201814 1.5751352910453846
v -66.11804123073863 -23.352673407161745 3.0777774491998997
v -66.06549094984479 -23.260879670707595 -0.6240692370074363
v -53.85000055605866 -23.739240510346605 37.129767375004214
v -60.35002627041446 -20.468782498398838 34.958150529965025
v -57.06327554884953 -22.150596163768874 36.075333557892336
v -55.06302056675696 -24.46101023754423 34.09063391531252
v -56.29781964387642 -25.190896953408995 31.00619236956112
v -68.86526617838163 -10.780187743205165 28.834715609670788
v -66.9287985922627 -13.34708595932894 30.452856300663974
v -63.761508939137926 -18.82749164842032 26.67671744450473
v -65.33906105560828 -16.11523525667721 28.546167938451184
v -65.6092102620486 -16.32149743667987 25.057884150151438
v -65.16986943968219 -15.943249591856059 32.07645979430998
v -63.71908901577119 -18.639220319387128 33.74227838755168
v -57.71786761279962 -26.046173010775185 21.0948656230852
v -57.789432558367466 -26.092306135792626 17.75603559792329
v -57.05531903634993 -25.642055681413446 27.73415662802269
v -58.13847939877081 -26.275647406006755 24.50732726706048
v -61.92457677709007 -21.442983454740236 21.358526776226082
v -59.51356526421529 -23.599253282741977 22.8940428915838
v -61.42815986002603 -21.172933944119187 24.729774387316624
v -61.49957905880413 -21.076505760719556 31.699148974809468
v -61.39656569678809 -21.090044124938807 28.179243825255092
v -58.65336002221446 -23.086533564800348 29.581304906539366
v -74.84368810483875 -12.648731163215501 6.210133844456118
v -68.48247557689963 -17.424325672585447 10.36849426356611
v -72.10920607916096 -15.28986034093164 8.295762313822584
v -74.1318813969989 -12.41251223705408 10.181450163763436
v -72.64155496176775 -11.936919189005991 14.078660848369667
v -60.74262238934118 -24.265103429860467 16
v -65.24275773323194 -19.55947582919533 19.656600425947207
v -62.68258725445128 -21.801393613157977 17.80443833949821
v -63.97213137958251 -22.420927956862002 14.165988371912075
v -65.79901829693233 -19.80294779668551 12.31836321794037
v -70.14686409898775 -11.167527008345935 25.28370794760805
v -72.7488427859642 -11.97073280244986 17.923664655703572
v -72.82520504403935 -12.000605181604897 21.734196094123504
v -68.37650082528909 -13.964280060676039 23.377851264508436
v -66.38867824612029 -16.59594365136192 21.491935587729134
v -67.7305835008624 -17.132744476698598 14.138439797530447
v -67.00950347107921 -16.847408350099045 17.845528618428027
v -69.558430461146 -14.361035673349178 16
v -60.206366915143676 16 -37.21518934981296
v -61.67864847882757 14.109485159253172 -35.06696222863521
v -54.66776155461719 19.649159635384965 -39.50351432575968
v -58.12765242258051 17.8762472422389 -38.92638529339683
v -57.47007278746479 10.421092981847409 -38.43386331402818
v -57.45287971908776 14.140831949974674 -38.426398793268305
v -55.13792045066543 12.326562181353912 -39.87278413773793
v -46.136701453319745 26.621472179338397 -45.40509752465161
v -48.56493697870981 24.959127825364543 -44.26595726226941
v -48.87049061319286 17.804976822068706 -44.567990634856145
v -48.67567244680815 21.37568761104305 -44.38049903870706
v -47.3453029550508 19.593674972054806 -46.59946882770492
v -50.84378918269135 23.23800283893073 -42.92745288649967
v -52.49648381273781 21.438170897076027 -41.02831122577638
v -47.4211604306023 3.648422570056825 -43.181704848396265
v -48.50227242452404 7.049567602484398 -44.20746515306678
v -45.632528625633455 5.464709699287253 -44.90686087981435
v -53.583859458524 10.475498619051688 -41.933630642124186
v -50.74532367708143 8.772659237798548 -42.8406486895246
v -53.2899618708263 6.832912709879535 -41.65621032860696
v -46.61500068911169 12.447756181522637 -45.877765215932826
v -48.96947023148945 10.599892617943945 -44.65478543086036
v -49.29784882137618 14.18313222947075 -44.967004542509734
v -52.46304705010709 17.811724560238567 -40.99502875490299
v -50.70060382208764 16 -42.82319604711381
v -52.71715202445026 14.181551108275581 -41.20656944646544
v -25.271020839247036 38.139895117403796 -50.7779144683069
v -28.652937601733022 37.244832388591135 -51.5635409769918
v -30.257954976798644 31.09714359269238 -54.07089915800657
v -29.48315826113182 34.21155599779843 -52.862091000546215
v -26.65005565192115 32.13681089635677 -53.00923966688295
v -31.87394145351668 36.14533238220935 -51.89029232287935
v -34.923291607597726 34.88360237457979 -51.82694491621844
v -29.269213331868876 17.673652134330325 -52.639956737233206
v -29.56359655663939 20.94114620779469 -53.07947774524733
v -26.889931977937522 19.205345809138592 -53.39736771547389
v -35.48656695376107 24.652692941946583 -52.815888302036555
v -32.50473218970403 22.763974545305544 -53.00133892059493
v -34.47497997058381 21.146669478338563 -51.50266753262275
v -27.280182795778416 25.74366379632817 -54.02880680287791
v -29.949778784754557 24.287413709259667 -53.65138647349934
v -30.5540202332458 27.762873936125043 -54.546130219565015
v -42.25400984051121 30.157659065070177 -48.79109906133988
v -43.966286574228505 28.38150729261578 -46.94412428474151
v -37.764250453027195 33.449537392542226 -51.32150950684813
v -40.306621608899974 31.895825893072015 -50.418538267893055
v -39.992871532912616 24.82974711695159 -50.29216067974977
v -40.533281401712294 28.418746501090432 -50.81255764931778
v -38.14221125194223 26.54871262661704 -52.003120155645206
v -33.09789393556536 29.676931851160763 -53.76421984682837
v -36.12093594193883 28.241438477963747 -53.57724278144997
v -35.86283420468767 31.686171480407623 -53.152759736209305
v -25.578145391250175 -6.971126759291369 -46.86477089739307
v -26.659351777820916 -4.296330476823517 -48.547082828003
v -23.93810130467203 -5.424848624844877 -48.621205357095846
v -31.79159726125333 -1.7222934935516818 -47.65570513147046
v -29.47399275207642 -3.1354350806113693 -48.48691223856157
v -31.44258242130354 -4.862657732851574 -47.077617757843534
v -25.539507061546452 0.2833693899328402 -51.212334301498416
v -27.724760077474883 -1.5074895210546337 -50.19985336429889
v -27.843410160221076 1.6908879972286623 -50.41338065249215
v -43.086073472684646 3.800234241810081 -46.020201093465474
v -40.410235801877086 2.2904392598945122 -46.74042226310865
v -42.474933153001714 0.5011535224349686 -45.217156565549914
v -36.80375250338418 5.712063879821157 -50.3220035370789
v -38.24470660509061 4.083987986336094 -48.10785819188577
v -38.81108361308192 7.356613899947492 -48.89299552665072
v -37.21335297730708 -2.3898263666763775 -46.643024903812545
v -37.53695377493371 0.8860742886893931 -47.15147510971977
v -34.63813093748278 -0.43493495838931295 -47.407103876490886
v -25.41147306789351 12.905145671093432 -51.005170948052566
v -28.36853584168869 11.188452203349666 -51.26763284489944
v -28.62564075368107 14.35014144500988 -51.66413253635224
v -27.80552753092556 4.9315918266548735 -50.381172539993
v -28.74916665004279 7.929126385771541 -51.831480001450615
v -25.080414822598044 6.751569776545981 -50.46950745490861
v -35.14463456271419 10.785049348447398 -52.39822947877141
v -32.0374662272524 9.301185593370192 -52.336620745982955
v -34.92165296600571 7.442244972229121 -52.06083586444554
v -32.8666338763578 1.2200441721027087 -49.157692274049296
v -34.27543960560396 4.192005961478346 -51.11365412317093
v -30.37533881417246 3.0814754423412154 -49.89568458372257
v -44.06767744880824 24.834735612657994 -47.031928279754645
v -39.10037722597223 21.21243261674495 -49.19664007239584
v -41.68700602900382 23.01906603563191 -48.27973301761165
v -44.249776124476654 21.307257052075254 -47.21071479163518
v -44.21050719113962 17.77633810158747 -47.16336392556761
v -31.226592827370148 16 -51.20916499522684
v -37.23401231085242 12.523623258768255 -50.96349320428439
v -34.39218553051876 14.28726763632767 -51.3850784991799
v -33.89128080894797 17.695707586542333 -50.71526226421594
v -36.55346888137042 19.43193475298118 -50.107432138490026
v -43.17767654064019 7.2961654484891 -46.09800714620699
v -44.40859831299331 14.217817788742138 -47.37116987512302
v -43.76668232614584 10.735297512155956 -46.703879641894424
v -40.78910592433017 9.09018595302107 -47.279216905267596
v -39.23085517005542 10.775224319092061 -49.351026012856664
v -38.37185010635251 17.71476021553859 -48.34108143531181
v -38.977750078793775 14.266131125011604 -49.05807486835192
v -41.06440198107114 16 -47.56102907519343
v 16 42.948674605161024 -31.178814262379213
v 14.184980612566864 42.82761364087114 -32.1597731545198
v 14.136809430832354 40.026160114363506 -35.18126088474186
v 14.168141988566967 41.35615744211416 -33.48340270754104
v 16 40.36562326840086 -34.46912757591013
v 12.295279441644752 42.79581816402633 -33.35257978201155
v 10.319611647161246 42.808118545281474 -34.68237726055542
v 13.542882446729307 37.95267872223168 -54.99248874831318
v 13.827345487461905 37.57771576023899 -46.07630713452755
v 16 38.14548335446695 -52.805577121435405
v 10.052859619657484 38.26525654731205 -39.553239801160444
v 12.124111713781645 36.505103267091016 -38.84033312863494
v 10.052751020239619 36.30589855579531 -40.269441882319214
v 16 37.598129696467836 -37.98342677301352
v 14.108687378137958 36.66033184175494 -37.386298434113456
v 14.114825088599025 38.42830743607756 -36.478877706790335
v 4.0132572418850465 42.19601599658148 -37.82880477427837
v 1.7257614515334598 42.00306373920331 -39.02772104383246
v 8.243750282675983 42.74817871364505 -35.96602645038196
v 6.171908463638449 42.46591141037776 -36.85419730028964
v 5.924460574668512 39.20518582971499 -39.91710578109609
v 6.0047756596481445 40.967103924460034 -38.61787750866443
v 8.021444582098503 39.64428382271021 -39.16160117135553
v 12.176267579908703 39.994165790120576 -36.64951144180258
v 10.085961685481681 40.04906356501357 -38.39535556397678
v 10.241005409575372 41.29410509869619 -36.170167521590145
v 12.749766582388379 18.00875472345471 -81.24785269774632
v 12.812547429700492 21.272040603831474 -79.25514045178163
v 16 19.396347531355953 -82.12570746091048
v 4.438952929273274 27.147110262757074 -98.54169882878057
v 9.777446519801142 23.07037874858407 -76.7230363806521
v 4.257696296162878 23.25714279519512 -100.62861198844719
v 16 25.74626879998506 -77.5615911907431
v 12.854977191590534 24.463804795280446 -77.783670869455
v 12.938388664304185 27.397378761689176 -74.96739234973526
v -2.134880846785453 29.929003502114618 -59.19104359937636
v -0.5520162499565231 29.115474298071597 -64.63201003941224
v -2.9885069206167287 27.73554267255374 -63.14900716251107
v 4.792451061204833 31.656763351050635 -65.96937756532543
v 2.0934593825098986 30.398694118898646 -65.38643156576276
v 2.6596097136388597 32.59429654597185 -61.65738941012353
v -3.806171771057201 28.24088734153205 -101.05431718258734
v 1.6793671234167888 27.836659624773272 -68.2310129028034
v 0.4148008249624624 29.681219972685376 -99.11343537006722
v 16 35.68203758920397 -63.672166843804916
v 13.23898851915846 34.80696887736666 -64.68048551560388
v 13.372036907707177 36.55222736077715 -60.137602724311876
v 13.023872668526463 30.18921022737515 -72.11266887066444
v 13.137609764937485 32.575778938708716 -68.23353364316179
v 16 31.271892664641193 -71.39852479993712
v 7.988478371680097 34.78481163496183 -61.68162612469679
v 10.436749879605529 33.834718310929276 -65.3832816162801
v 7.607373930842282 32.823941499375806 -65.98620438550132
v 7.095088641894089 27.664487009191696 -71.77621391694471
v 7.274148944120656 30.457665924057913 -69.612610261075
v 10.024973703438542 28.996733121033465 -72.43428237453605
v -17.082865861400386 39.024181961538375 -46.676954240771636
v -20.61558991643559 38.62967908648512 -48.420209014431904
v -11.559010760853695 40.44963712239203 -45.370909287606004
v -14.36023006264357 39.82988720175214 -46.208717950603535
v -14.330160235006321 34.745069909464405 -47.667015338172966
v -14.36305335391772 37.29414799283836 -46.97948699239769
v -11.64319897768057 35.560434620926 -47.03933206490947
v -0.9164308328604953 41.9760703615475 -40.794990787687915
v -3.4599663248198205 41.73728976359418 -42.098008002767145
v -3.7421035477633495 37.46915692985331 -44.30710563674923
v -3.7753875047000065 39.82128371323084 -43.730291762772254
v -1.2346667170459327 37.91463239992281 -43.15602128062967
v -6.0688237024179195 41.384132481034804 -43.25262825187727
v -8.664897080711143 40.86577881636005 -44.11494514791221
v -5.138347773115722 29.064217389801165 -51.3578374132196
v -4.063988745613404 30.754792722855004 -47.28436067866369
v -3.1549613197627657 30.353588973454784 -52.58879350104978
v -9.158250440228844 33.99312473302484 -47.48022751208695
v -6.574345028585245 32.34934986989046 -47.40312796240152
v -9.228991878000798 31.59237448249953 -48.33417023589777
v -1.4941307563681328 33.67562147460513 -45.344539396554495
v -4.007518758366416 33.057729602408756 -46.451641209142934
v -3.7868563280109413 35.17898461281898 -45.105828832668
v -8.871994910899378 38.63589074990467 -45.32748873394039
v -6.1444369224317725 36.750813235448035 -44.862812128973715
v -8.832929719585437 36.173982396177536 -45.94171056407653
v 10.998604985174156 37.275311481183564 -56.14332335836694
v 5.952006495587089 35.31300393579279 -56.482082841371266
v 8.436987505509816 36.40441209462119 -56.709459005607116
v 9.105210295245511 37.06172874756925 -49.750561010114595
v 7.982179203642412 35.66813241586674 -40.80901378600828
v -1.2350851947833164 31.809534563187633 -54.702403108496625
v 1.064535881910654 34.148181445311124 -43.998832471556
v 0.08415223834898455 32.972686382645506 -48.608246193152496
v 0.9915277829976219 33.11941988591802 -55.963236928285525
v 3.422582872075866 34.253621295960244 -56.414029803888056
v 1.422533858588519 40.319514110696566 -40.780958825090785
v 5.874564781011031 37.132932252006746 -40.66411487724877
v 3.678098993013805 38.719956551536804 -40.77461939498742
v 1.3266596192238946 38.25042045291043 -41.74605185441396
v 1.154717092236611 36.28289636944455 -43.029580950897596
v 4.41079741443459 35.270141885262234 -50.12029696632719
v 3.5637992934550997 34.52713752734433 -42.417437034867525
v 5.8214134631954995 35.084615397842626 -41.52744188671524
v 13.71667271333286 -19.835581486097425 -43.39436272172249
v 13.524096347296569 -20.596075538722722 -49.695693992159576
v 16 -21.133317531351352 -49.008981570546766
v 8.545012837865647 -19.183189455026053 -50.515957775152515
v 11.02231239031423 -20.003042595386155 -50.310460132521186
v 8.920646376548063 -19.610631300527324 -45.99449296276711
v 16 -19.546575081881407 -57.62851394902499
v 13.401592958479025 -19.966552883628047 -54.18994989306414
v 13.303460253363191 -18.772339866653617 -58.07310156166652
v -0.7213752531040498 -14.460958392790218 -48.46152414875415
v 1.3925894868444342 -15.923264492532788 -49.59742414077188
v 0.4121118946555349 -14.571993462142451 -43.10036918751914
v 5.158555975975258 -16.128394944393094 -58.95484834673513
v 3.0197114357661317 -16.423505718061634 -54.92945457625278
v 2.5387647591482185 -15.0028527580494 -58.706999112572376
v 4.2599451797872945 -17.894856526821208 -46.098782812876415
v 3.590098148296823 -17.41842735219889 -50.738837191373506
v 6.000858387231496 -18.48300874635234 -50.99315732056077
v 16 -12.57068258878266 -72.76854358105544
v 12.996487219765568 -13.829383677957129 -69.81529219319094
v 12.912649491547135 -11.58338270172202 -73.20155079340348
v 13.195121626285871 -17.370205653604266 -62.08127949632791
v 13.109827536872404 -15.571682797384682 -65.58122980783521
v 16 -16.268107966667962 -64.65249482260457
v 7.355453646373002 -13.515374573184996 -65.7897149253077
v 10.223694004376702 -14.55912405002169 -65.72953440873937
v 7.622401125640483 -15.364551071408272 -62.25656188704629
v 8.21685479487438 -18.184385785704507 -54.506749541212116
v 7.869313512802892 -17.0629234642904 -58.78334750800978
v 10.56926985852686 -18.078179396454814 -58.77648990773402
v -20.78168885789367 -6.73233387780159 -48.71243777683134
v -18.217806400046925 -7.814049368636649 -48.82714934493106
v -20.57671921743883 -9.287871918256371 -47.52229194023145
v -12.861011160158512 -4.42216323616913 -49.81650943233009
v -15.615287629644769 -6.172362106492258 -49.576889544780016
v -15.64610293835836 -3.5583672273833855 -50.42935301226713
v -15.53851619526197 -11.394581115234047 -47.817238315425584
v -15.481676897161108 -8.710116090471836 -48.506584919369985
v -12.848596546710283 -9.59372407006924 -48.24267609263262
v -7.038929706826384 -1.2640039246082182 -66.49624552968227
v -8.383533869179203 -1.9313292412562433 -60.90875286873934
v -8.806139923648736 0.6689623974993584 -63.04534251024974
v -7.2348715228720515 -6.521073384818209 -55.753999659650546
v -8.068369107329076 -4.519872412070583 -59.127214430404564
v -6.0340167832447555 -6.262605993382071 -61.26400525113678
v -11.383414587515773 -0.9238809431144261 -53.827968720762314
v -9.778349060532186 -2.6698328268271396 -56.40201042709083
v -10.898090223288264 -3.2374542743990276 -51.870255567717805
v -4.078826239556307 -12.935660382602961 -43.22827905622441
v -4.337972917818657 -10.898520452340826 -44.71930925350304
v -2.7471924974040576 -12.787301305194838 -46.941564666039625
v -9.648154228705906 -9.857044041657218 -46.51140556388624
v -6.750675126734954 -10.168415645404345 -45.08333248481941
v -9.622868682130033 -12.320144587996282 -45.658760244520955
v -4.732229486527551 -10.361936409175112 -55.16100524803977
v -5.468619106821997 -9.86093782250025 -48.84458940132197
v -6.5081061068683965 -8.4771313772637 -52.75654002047098
v -9.7794836380249 -4.942951756750812 -48.30273560265779
v -8.143758316439317 -6.624310628495781 -50.357841097881746
v -9.65684582751254 -7.350180040613424 -47.26271491579055
v 16 12.55722152936284 -83.4671687580776
v 12.696940762921368 10.536746185025468 -82.70997751628204
v 12.696487018109506 13.958316694915158 -82.84199150350611
v 12.656991945003112 3.5550731858268403 -83.32832486658958
v 12.679427416622024 7.063760148536195 -83.01851440471691
v 16 5.624438328360188 -83.60263557452832
v 6.514501514268623 10.137639535582352 -78.21324386694755
v 9.470418909109545 8.58076101248504 -81.29809265081724
v 6.340472497655417 6.686326463680681 -79.70229091129605
v 12.793600888595815 -9.07593951385289 -76.8961074208558
v 12.724570192100579 -6.310992505684137 -79.71248399628553
v 16 -7.652638086219071 -79.74501213914183
v 6.354104644714477 -3.3362575467050526 -78.22918900031064
v 9.502145186164022 -4.830882617563002 -79.05536094404796
v 6.549603934051472 -6.158575887394296 -75.6332961431787
v 16 -1.4279331688641435 -83.73718927433322
v 12.662466717227101 -3.3272787260672523 -82.21589614718738
v 12.648964104078114 0.023347286295747338 -83.21239361922139
v -4.709378633674007 3.2009001184986072 -70.32204546994369
v -2.298606585291477 1.5005637539448173 -73.14040486737395
v -4.999027560749255 -0.1288916594411944 -71.0664003918549
v 3.401911441263053 4.940967717402565 -77.05041512817601
v 0.48639468472330094 3.1772939609205153 -75.24783106595817
v 0.8597743338872803 6.642825940998824 -73.47861292038624
v 0.3470607493729254 -3.4709082841863363 -75.11925308824861
v 0.27555440764147043 -0.2809348853358493 -76.02551161447815
v 3.228331115135731 -1.8418134438048739 -77.40898305952885
v 9.3892395911489 1.6204333677365454 -81.84356146569277
v 6.316090546959352 -0.045051286608170926 -79.01248193413731
v 6.268351354696772 3.2525750525491812 -79.92541002411197
v -1.6743101202138106 -13.485963486089634 -52.84353326308427
v -3.422473433036984 -10.536645904845955 -61.229950746344386
v -2.4955815580733756 -12.046406306187102 -56.788252982212654
v -0.15793316616903397 -13.793092745174274 -58.44959225031687
v 1.9645337907973666 -13.293610606302998 -62.54548989089412
v -4.790689475261043 -3.0710472351554365 -69.28833432331433
v 0.6548360368705488 -6.2704557587978975 -72.3492333338082
v -2.2352834897966396 -4.800083465319425 -71.43528370223328
v -4.3573804690886675 -5.709144209494038 -66.63805163829477
v -4.001574312789252 -8.304045522142776 -64.35043952246073
v 9.807931729211901 -10.340287216517297 -73.31835661696982
v 4.387091153184414 -12.48707083055794 -66.28144723240845
v 6.999159944511783 -11.495146315807656 -69.83442114304988
v 6.752110683568832 -8.950077069868193 -72.90756555424286
v 3.7217059813293485 -7.599810310711632 -72.57055130670075
v -1.4890046084981776 -10.054677086988416 -66.15232687437823
v 1.0111581258971878 -8.922949398561187 -69.51638204438606
v 1.4583791083685629 -11.265204355687018 -66.18648510351994
v -21.774399725577496 36.085041099969274 -50.39638322099772
v -15.106128825233313 32.17039649456761 -49.122924053791266
v -18.262590786167422 34.02941520591769 -49.61724752297869
v -22.766337417426193 33.332924075271556 -52.08661022102058
v -23.58734315057262 30.422004147888693 -53.483279242926955
v -6.755463652355957 26.905819904802293 -56.11108818158526
v -7.214490189020964 27.432674823662992 -49.599350612710666
v -12.850716998580765 24.84447713245487 -50.073570414228
v -10.169689054435953 26.2234752804975 -50.280627209868555
v -10.256040636797685 23.358080323960746 -50.29441427257774
v -9.831084909406144 29.00031785417815 -49.6384624724091
v -12.649900189172769 30.674536558415998 -49.93520068912548
v -23.56177532265358 20.79382342426156 -53.36207285774405
v -23.257558407915127 17.63777365463071 -52.82001069748412
v -24.021957093671247 27.277635203459816 -54.21307656630121
v -23.513195183088826 23.951426019841676 -53.29398807136444
v -16.297444932709105 20.622140318620875 -51.21592392350105
v -20.089319788760406 22.28298005458174 -52.82031804365862
v -16.640380069997768 23.66533936642429 -51.98722343926299
v -16.043713754345696 29.568135012026577 -50.97972952115667
v -16.51448008080876 26.67676758274073 -51.84864113923119
v -20.119090671354968 28.55021457815785 -52.985689792454295
v 9.626613339553423 16 -79.1995283791289
v 3.775908903200273 12.228957308112909 -74.7303830433842
v 6.645358940136333 14.07323104411021 -76.86048721232773
v 4.622056641323949 18.343507132457407 -96.94515278561899
v 0.22368575971967353 20.866877549390868 -101.0959069838877
v -6.9551074460803655 5.401365615877998 -67.05235895532456
v -4.448454430371029 7.001489550134433 -69.17013150663666
v -4.297060418802751 14.206252004869537 -68.47663181584682
v -4.3013044462295795 10.65100075791526 -68.51530365774637
v -6.592748231842357 12.538347887338336 -65.74133100207474
v -1.7509998373751046 8.703775692991666 -70.81862165418708
v 0.9332635570493917 10.419840606950896 -72.85989394773414
v -3.335810854421325 24.508882498802002 -64.5358448417774
v -5.354033089180469 25.85940013002694 -61.25961751354485
v -3.9619356468492875 23.393159303275993 -101.73057100235201
v -7.527675881437336 25.670621498858694 -99.07185000655726
v -6.296008602970446 19.41618578193227 -64.66771693900714
v -10.22561170861729 22.909939089094145 -93.17847880339468
v -4.132790712083871 17.779230697994436 -67.79293914081626
v 0.9272765003032095 14.137825961679535 -72.9263336268441
v -6.5043874844882765 16 -93.94014632444895
v -3.662128781584496 18.429176502568815 -100.00299201934736
v -21.16820942512515 -3.7627234142498587 -49.33087738143216
v -22.635523396804686 1.9247518439107942 -51.812655440555545
v -22.30483204854127 -1.1265791365408546 -51.2760529628554
v -18.764893423749697 -2.293733303417035 -50.57922137683529
v -15.913732711461051 -0.5902261404945826 -50.813701033589936
v -22.583481235732727 14.390347957577495 -51.638327473109925
v -21.9430250255338 11.402325586471022 -50.523982930494896
v -16.500153255398793 8.367591810230781 -51.695142533468655
v -19.116812687812647 9.886328836634796 -50.965801295249705
v -16.24218015481342 11.38576871438912 -51.10090946602848
v -21.733492676722847 8.406711881968715 -50.17293740271383
v -22.416859072351706 5.174659268493915 -51.3971505484017
v -10.79605299241954 2.8034767110733583 -59.72010675116347
v -9.230823529672666 3.9078351613385145 -63.95539744820232
v -12.900378069791312 1.1971681668381446 -50.511653284692
v -12.13728849438888 1.839011591473465 -55.4986753901988
v -12.666119765140618 7.966511069739527 -56.379672380387646
v -12.63588865769005 4.813076868509896 -56.52683274132873
v -13.542723654439143 6.943381275239226 -51.65839586259459
v -19.517089880078302 3.6589612057921848 -51.83589783839605
v -16.5140963901202 5.323358409626218 -51.847840483899404
v -16.3121399329439 2.3182064195595515 -51.540810330226975
v -7.707116161518563 24.101213726812343 -59.17407504620711
v -8.410400558448075 17.678805668678816 -61.45220036975127
v -8.158887135749396 20.947457219360167 -60.6382758354992
v -20.378436234710044 24.957154693241762 -86.43814130575464
v -10.576222057106317 20.477701313510398 -51.1733830282558
v -9.093032500269075 7.425189890093041 -63.56874617141585
v -12.370927245965074 11.21991734108058 -55.70963422358969
v -11.010207694011132 9.3495049910637 -60.05812010734296
v -9.032166252884014 10.873705442301066 -63.40854441137698
v -8.914782021726825 14.286505901784707 -63.05256141516371
v -19.396105826407016 16 -51.46263518783479
v -12.82271658257272 18.963855773325555 -49.85127946708968
v -15.839175214266255 17.519833608320333 -50.272389519370975
v -15.859798060675253 14.479181966208193 -50.31531542122042
v -13.12421554709265 13.00514092259365 -50.54011434893579
v -10.526729224004182 16 -58.75322456360888
v -11.845430193003057 14.435507064487414 -54.368879931826086
v -11.354854270172723 17.536929972387902 -53.12913330296031
v 18.970342961437318 46.104712247108274 -30.874674728944143
v 17.805069088106755 44.329578844259245 -30.953815505473187
v 21.3213396372237 49.12005356390475 -29.700038468332593
v 20.15650665855846 47.750278131735996 -30.508006334870046
v 21.90475025128193 45.70213035036481 -35.70839279554181
v 21.01040382788921 46.77936715279168 -33.069735047254454
v 23.13757675962247 47.11842799811714 -34.809188710763756
v 25.39769132779864 51.86661588390598 -23.200452026860553
v 24.363309360887946 50.986108076522775 -24.505658717086277
v 26.800339515080765 50.94315285345189 -31.428581512249423
v 25.610971166154343 51.2892601563804 -28.200911027776023
v 27.86991715022787 51.74215212291609 -29.719461381147127
v 23.48019914893764 50.849338056191954 -26.751857203745153
v 22.456071134486653 50.20272166683046 -28.472426364334297
v 30.775167886085015 44.978033006317006 -40.01899827442368
v 29.80625374964851 46.735112431797674 -38.05402256737549
v 32.57250878202876 47.27337192698259 -40.44044106272792
v 25.230441878132694 46.80267354489686 -35.53371685460774
v 27.45150023282195 46.74271192283396 -36.7193852448752
v 26.129565144486058 45.24519199521279 -37.58013020631926
v 30.14996008085369 49.79828791574 -35.005922484591785
v 28.836745610155816 48.37203981108996 -36.04023314195521
v 27.884615315310874 49.91912098108846 -34.04275813430911
v 23.43295405071812 49.57038239458834 -31.34466665083246
v 25.612846065428904 49.771814369161675 -32.70287791399991
v 24.398431465439288 48.536980802819116 -33.90200869904419
v 32.36154132888238 55.47743581242897 -10.473529978467806
v 31.63330780752237 55.29335898682787 -12.13839239427929
v 35.53313701162551 57.604863448349825 -18.833983416270392
v 33.34322927793123 56.10159870746498 -15.063044317939319
v 36.66943951237343 58.53138757658217 -17.44385565943027
v 31.02580192038875 55.46469809395867 -14.120209891264121
v 30.381098232901046 55.60436704102947 -16.155776714320687
v 44.00919189625152 58.960401047549794 -33.30520676186279
v 41.951995723039616 59.243061982752955 -29.8078287900494
v 45.66576895270711 60.48396906002916 -32.000222467881485
v 34.93804091206799 55.82582708744255 -24.7110922729845
v 38.41919209557845 57.796666356842806 -27.48500502753123
v 36.895947611219924 56.24771966496831 -28.465995461184036
v 41.19774791524699 60.305079245103734 -24.77081256682144
v 39.85853880428816 59.151059753485534 -26.240717754300114
v 37.73819078233335 58.64987923689684 -22.618148731302597
v 27.471482689959867 53.510725833308335 -20.431443835719783
v 26.52589495489803 52.91555877031132 -21.994546059078537
v 29.48146214024489 55.12117183974682 -17.76448498276187
v 28.46665867467582 54.283002761857965 -19.062396428057205
v 30.76931878091888 53.13347585633575 -23.56905751361454
v 29.64435974979812 53.87342179044169 -21.40731780071853
v 31.828774253975645 54.00373515755452 -22.180216534038344
v 34.49979085241722 56.87064148772091 -20.404914097019976
v 33.012962234318124 55.112352394817904 -21.0203953387523
v 31.702973638803527 55.49181359422167 -18.61935863263276
v 57.82049281008015 44.91323465761947 -56.629082383629836
v 56.903648230519366 47.959473345130164 -55.11148749503084
v 60.112300043705176 46.9547719187442 -55.375200792648414
v 49.34642306229251 48.51918814634299 -51.73880559805073
v 53.1110218765852 48.35246873931694 -53.59211977669045
v 50.56620282212042 46.024451410255836 -53.943671081456586
v 57.83170371115645 52.68164030917346 -51.68511841196623
v 55.77104505339277 50.779613251524886 -53.22605913101927
v 53.79426996185403 52.6980125563818 -49.874659002718474
v 35.62945243155673 47.69285979452733 -42.77568511129457
v 38.85839826961365 48.17706269138825 -45.331997726538816
v 37.072064444083395 46.36701911952967 -46.158121111988606
v 43.01178832364935 52.528693229158414 -44.67330208330308
v 40.90654960482395 50.32788594018096 -45.03324048968749
v 39.22531923250018 51.46032192992302 -41.4823173981087
v 43.47719979686878 46.369677992507185 -50.121014609402906
v 42.2896720824871 48.545983877499985 -47.82236083430386
v 45.72106519297283 48.59050328950203 -49.81983326094321
v 50.01223782986871 59.22789772540421 -39.032956842172524
v 48.552395185267365 57.943210021592385 -41.03604185656181
v 46.4657629215545 58.81259722460841 -37.49536833057711
v 52.192184135519085 54.81418818858031 -47.18185470666596
v 50.352501960208016 56.45635980679079 -44.073564085914214
v 54.014385558176365 56.494234278573344 -45.508567894572494
v 43.14836677839905 55.61748496495396 -40.34881529931889
v 46.92342104255019 56.43736410923687 -42.7450266022203
v 44.8298359249479 54.30387305912622 -43.46141272886698
v 47.992514086609845 50.792290766401344 -49.31304011485706
v 46.63955112609406 52.927386129736 -46.869080683812484
v 50.267570395340954 52.99189307504078 -48.62813734693063
v 27.602081331230224 52.419852597036254 -24.51272065011827
v 32.30232898675847 53.2177532921442 -26.93814016021812
v 29.774315030107232 52.51429528202032 -25.3564883089047
v 28.898866807310274 52.29731232916552 -27.691253089340535
v 30.246832462735853 51.97222879993361 -30.923754587089867
v 42.78180292102938 57.96481087332214 -35.34842583929904
v 39.42995249347411 54.55872649657972 -37.598383511423236
v 41.077944407897604 56.22620333878527 -36.46629666772677
v 39.07074957287112 56.58789290578191 -32.669130895945344
v 35.50969143347562 54.85564310318412 -29.69015859142253
v 34.29535618540525 49.15419858978917 -39.98319549541336
v 31.359567028297633 50.75643212296014 -33.27720873344542
v 32.80056544947753 50.06281307021601 -36.60346945933625
v 35.92935115385228 50.84646989023053 -39.11127419088345
v 37.68535485589715 52.73451978318713 -38.46894377885534
v 34.34171637858235 53.95348969120828 -31.489577538213716
v 36.00216411013996 53.47707033244263 -34.97817804497848
v 32.964855614793436 52.62372179967191 -32.77356928221278
v 33.32382877049132 42.35151077413832 15.358666465364841
v 33.23816426144133 42.84075954776109 14.299161292033578
v 34.54374828862486 41.58721737880309 13.020609202803326
v 33.61399662199232 41.8010926102463 13.694108570029895
v 35.08147441392864 41.754507005976095 14.044346569516199
v 33.19770564391854 43.41729078374554 13.200480121587361
v 33.054564313156206 43.84615523057403 12.088225861073836
v 50.72268846517766 53.950195463899135 6.902038003159456
v 45.351091516240345 49.981639035997624 8.983722056390302
v 49.235570540711244 51.616386122444844 9.063536712679586
v 37.47487269977637 45.14799229989654 9.362478847474353
v 41.92709018931889 48.47449795175173 8.938800214921091
v 43.7331459493768 51.47476634450634 6.789862244382876
v 38.43888834626459 42.96656108812914 12.432314108209543
v 38.145425823277826 43.167175485121916 11.246618597775296
v 36.11042072699168 42.14877300259593 12.203977331902642
v 33.085236380935704 46.04790546816383 8.325288889983474
v 33.64437310994426 47.843582550859125 6.64982410593047
v 32.931645476349175 44.32710682041869 10.926201154494212
v 32.66671086749439 44.58104233594845 9.791736920979673
v 36.8819731500039 47.51355791955375 7.257572359326291
v 34.599842407953915 45.90049873168486 8.624454721629936
v 36.29112006458348 45.936613458595374 8.89037718817022
v 34.63357173877321 42.27912402418163 11.874265568169754
v 35.531706510121296 44.16698881547618 10.440473762393468
v 33.6198193477978 43.02353926745441 11.451979821893014
v 80.436817144085 59.21126677239536 -10.706031562279293
v 77.05013765708381 59.71865306032143 -8.289488562297464
v 80.46476589413248 58.63636645290464 -7.555773571165098
v 70.99980568803952 62.04899909390885 -9.821950874828957
v 73.7057318521885 60.69935772385989 -8.956704231769766
v 73.61223012457444 61.30242764910479 -11.998440060029754
v 74.15797659309538 59.74237163753818 -3.2355070344435717
v 73.80798265311222 60.12015434038858 -6.0098300180814554
v 71.24749869732719 60.856826781135645 -4.0614165873482015
v 59.43606743647214 65.85112414353543 -12.319315424921015
v 62.16326297393431 64.90122830671453 -11.704532203083058
v 61.75555476266793 65.37232117902104 -14.513772592111287
v 62.07082511215391 63.094906732641874 -5.907672348173396
v 62.21021716067944 64.07683723863482 -8.786563752686906
v 58.93608535698533 63.43612290329302 -6.29170242982358
v 67.04693306033894 62.97486101763743 -13.0320607257024
v 64.81364330728789 63.783839870483746 -10.989422963859791
v 68.180596946067 63.24791933310024 -10.595896444375871
v 59.030310688635176 57.10276729982638 5.105665524811505
v 60.07265375527313 58.80456787510651 2.521756819611511
v 55.679181833324705 56.838945744612765 4.6861010970320525
v 68.24410378692849 61.09055262908545 -2.003727243643308
v 64.31298131659042 60.24859027075445 0.2671315158693286
v 67.98131682030271 60.156554770963 0.7400825214878495
v 58.00946781109897 60.76486538359147 -0.7086761368451064
v 60.82605698331231 60.27438768553704 -0.14913094014710282
v 61.570877003400796 61.78249859974634 -2.9805323516768176
v 68.72164551314268 62.961019110408046 -7.864059380654666
v 65.33609530937926 62.69731276673537 -5.460052257005046
v 68.38317320593849 61.92019698475042 -4.82891397244131
v 33.821887625752574 55.65462526089031 -6.809519242553719
v 33.121688174671206 55.47901585526686 -8.39937364095092
v 34.920822595664035 55.412851200192854 -3.402137351099583
v 34.469041090675844 55.72802601555246 -5.185554446504135
v 40.20849388842775 60.669615687928186 -11.607340759535141
v 36.61832339685634 57.03913589639112 -7.577383187429291
v 40.5058912959645 59.98922775992722 -9.237940879565897
v 34.32780993596239 49.98966179006023 4.648393497935132
v 34.808702091417466 51.850857021163115 2.638407381566175
v 40.985760889184135 57.500762392467756 -2.4761628347882727
v 37.15620587473639 53.61466124806517 0.6501444339682436
v 40.32129628771979 55.42560012588095 0.07036824011878906
v 35.20363955770058 53.65815216392297 0.48787448975389935
v 35.123175879571036 54.621196998160535 -1.4394716143121116
v 54.7236227988141 65.29861442249393 -14.468219311377013
v 51.94784108143986 64.88330119508088 -11.89935077305255
v 55.40924933238418 65.24280341150745 -12.043915223782076
v 44.57005964803421 62.50643081526481 -10.640074359423018
v 48.381426820031805 64.08311297795012 -11.495875398131005
v 47.63608814853961 64.05351948172915 -13.698708318763849
v 48.746970982547175 62.57673300412775 -6.440262926892601
v 48.5502964801798 63.28715817066659 -8.89199148582771
v 45.08654458844385 61.15279773302137 -5.892311172139387
v 37.073653793098366 55.560039458063144 -3.3778320133811803
v 41.042597585386716 58.63516195261181 -4.778452781681935
v 40.901073302956014 59.50439655101797 -7.067196928732741
v 52.19116403625109 56.25833203736147 4.47077078355202
v 54.40773070984548 60.31101768852226 -0.8235695677764099
v 53.53773271225897 58.515644682912594 1.8396128995205956
v 48.99746189087261 55.7192069127816 4.273791126742424
v 45.32657781095111 54.254875663495305 4.3851833840560275
v 55.99242077279539 64.93499599902657 -9.523030109800576
v 48.599686868076965 61.31504740599997 -3.808981883489526
v 52.56149859041016 63.68648971183421 -6.793282811149343
v 55.994530080629104 63.957626776399486 -6.733473499517693
v 55.35107976157384 62.27274010818491 -3.758453660994224
v 35.97695759807563 49.732497547417374 4.976190941014222
v 41.86683887572032 52.67366126775822 4.568923181866472
v 37.63139759398825 49.40553701047877 5.330895534308091
v 39.24376353056981 52.761067310305236 2.7064547141487765
v 44.19722614863279 57.81007768372943 -0.6455654951815646
v 51.23857357694214 60.092519181599584 -1.0296836310100623
v 47.77884208526697 59.22716411703058 -0.960920610421244
v 46.81197907220344 57.03379236606335 1.7272622639173925
v 93.40177969100161 17.883776508366246 -34.884945056515505
v 94.91662552331923 21.00076948840848 -34.683280825527355
v 94.32188130728764 19.01096738035425 -31.2554975104607
v 93.58346347086236 25.033864591748127 -40.226833760955515
v 94.34549320084089 23.001881822510754 -37.48522535204219
v 91.81295663018834 21.75681253283335 -40.169702330063814
v 96.6525075961705 25.209973250920015 -30.328094225968357
v 95.95535210053671 24.164066951634652 -34.1526070145522
v 96.93728504631841 27.36991358043783 -33.57058242780753
v 87.18391925439612 33.06522415091989 -49.13002164513246
v 89.06454694276414 31.085828221272596 -47.10832157442318
v 87.62764920278423 29.94983077014308 -50.83962206497557
v 94.0960255056095 33.78386709754639 -41.53748624729138
v 91.72352728146802 32.46519540840127 -44.456384089351815
v 92.18455924315344 35.779419508116895 -43.558884195625275
v 91.0259658704762 25.92596271653934 -46.42914199316874
v 91.40317685104331 29.193129286064284 -45.46518473032883
v 92.75025092341019 27.141849457276706 -43.026855172850006
v 96.70788373408287 37.28693065984626 -25.74933131183895
v 96.65924116447279 36.60164808979312 -29.862837363556487
v 95.24028616368943 39.267187740058816 -27.906654415464594
v 97.23495931984208 30.550368501262717 -32.555665787152336
v 97.74376519663913 33.75606338793664 -31.667950095687928
v 97.65507090357096 31.437259239765673 -28.56910083574232
v 94.53784800812599 37.78781129753801 -36.04189376367306
v 96.56416417178824 35.87273342813505 -34.115577361118824
v 95.65367199629202 34.91688798581346 -37.98948095104763
v 94.61692939019385 28.342594532885727 -39.74440732218681
v 95.19937460439873 31.6321644461071 -38.918860893938906
v 96.23055329278283 29.502678966841216 -36.311721318280945
v 64.63169896156191 46.05604288889822 -56.5197877187492
v 68.78351655112131 45.32580333107073 -57.70860550128819
v 65.12910836272005 43.142888773689734 -58.28157539382562
v 72.76626717757392 47.831653048906794 -51.800250295014195
v 71.28577468606022 46.8673501661474 -55.37252640145569
v 69.74242068548898 49.214642621327606 -52.34558032885603
v 72.64837367201977 40.9108621564272 -59.31724199487563
v 72.31649717863294 44.09411137940634 -57.788116579779484
v 75.27938279372142 42.511647804874414 -57.01090733978957
v 79.54236168149284 52.09700311113169 -39.36545774019303
v 78.60471302968432 51.4681129340367 -43.09949363378638
v 76.9054548955453 53.64164122572068 -40.443829462943235
v 80.7885539832405 46.13842708372968 -47.37972292367623
v 80.00691460451159 48.99949748322014 -45.52179705537415
v 81.90872979611855 46.972552186399895 -43.65628460120587
v 73.17671570492452 51.33715367073326 -46.13314772987712
v 76.85747083398947 50.37371348349688 -46.169027895747526
v 74.58086974045092 48.975224459186215 -48.696706136963016
v 82.43361657043563 33.60830442474387 -53.54906807959817
v 82.47910592177418 36.93284900440658 -52.44855029956754
v 84.78357173243266 35.055594177977625 -50.83022296864162
v 77.88309449248251 40.708642703939674 -55.70075820352909
v 80.08938563644483 38.78738981913622 -53.97622459605928
v 78.21319181400298 37.50005085498269 -57.23768013288378
v 84.56569162338914 41.5924356214849 -48.34528933609428
v 82.11824840816149 40.11670283642052 -50.942097355063495
v 81.93682319972254 43.3361228457737 -49.632041761176126
v 76.28939274542792 46.63710446994176 -51.68498752239849
v 79.43951055784825 45.15403758950441 -51.02436508277867
v 77.64482213119238 43.96143704356173 -54.32093952079266
v 85.90682654901151 56.252992893758545 -11.829519716424866
v 86.91972426861618 56.793345158074665 -15.873289636434663
v 84.47834978261514 58.32194765916014 -13.698434124912026
v 90.5694047629222 52.70898677314868 -19.79833571077983
v 88.9608280076106 54.907435109213644 -17.91853725515525
v 90.27844359867161 52.70844991468877 -15.885222582333185
v 84.35193267142982 58.243817587688056 -21.043017246860067
v 87.15398705796184 56.878658420448794 -19.748216527770488
v 86.67541814021881 56.54860963679698 -23.372460087121688
v 94.55786920875676 42.23615452270449 -26.35975352521256
v 94.42006481674417 45.22711048647943 -25.14210257950303
v 96.22275664930818 43.19610998135847 -23.192400629385425
v 89.97579636905967 48.9340662858751 -28.537532640599608
v 92.44688993728147 47.19657814464452 -26.997227366486875
v 90.34350111392888 46.037959922081065 -29.861833729484395
v 93.72603453433038 48.299773270787156 -19.699915592438963
v 93.79093467964024 48.043599405973346 -23.669207982955385
v 92.20442362147064 50.41024582161318 -21.732403679361056
v 79.48672711443817 55.23695519121233 -33.86825902330054
v 82.1226830575775 53.7384481730619 -32.62535148651963
v 81.14481297625298 53.10015445522439 -36.13570307601009
v 85.37631697511559 55.740530730931724 -26.61960076044798
v 83.9189420462016 54.83880747346019 -29.739805835192385
v 82.06464077740067 56.8301934549859 -27.493729942717707
v 85.98728694671365 49.719263231385256 -33.20636349887664
v 84.83335704888492 52.23392489389746 -31.381705019802737
v 88.30078133934639 51.054997309994285 -30.574741893972757
v 90.29183214705553 52.39062708312165 -23.575297996901334
v 89.63578340826955 51.88675587280506 -27.251419892050528
v 88.0194948634229 54.186666232095114 -25.22256284449014
v 86.84758659034028 36.289416473443 -47.69008595497581
v 85.41332474299476 42.35416559270121 -44.16581029901656
v 86.93176663069356 39.62474521326439 -46.626774601431215
v 89.44744857175772 37.68371903929235 -45.01781917625589
v 91.6274412814444 38.9617492249559 -41.97676774309423
v 81.95438617755853 50.399834922163436 -37.90162009774828
v 86.84345831787674 46.96845005610115 -34.964849206108454
v 84.19930800962062 48.59804033346983 -36.28879120120886
v 82.94055460503124 47.73199815019592 -39.82544852036812
v 84.06214907112495 45.06252829085497 -41.88114234385299
v 93.15745830272331 41.21512338688363 -29.6939564205735
v 92.20513146913822 39.75292462346869 -37.74936096026654
v 92.76864927815267 40.51847244909584 -33.710716363226034
v 91.2635354189369 43.2168163132856 -31.58860250126694
v 89.30008357306633 45.18247010080476 -33.434470054279814
v 86.73196382138373 43.31853359335583 -40.52871638147617
v 88.51706141082694 44.45331509974075 -37.31157595310192
v 90.4328246248841 41.88988547169767 -39.89107178218493
v 35.10628512801527 56.80014809873808 -11.392603435548615
v 43.04966593047733 62.51090199155132 -15.316189826154044
v 39.174299973191026 60.22580182389049 -13.732666507756704
v 37.862337148927764 59.261846122576074 -15.511222368512598
v 40.4026808089945 60.771773609824116 -19.33901849307204
v 57.51744072275938 65.44074575719918 -17.563658732353346
v 53.85065285806955 65.11849968366096 -17.26540867181417
v 52.07025751209881 64.8018017925339 -23.091482424283868
v 53.128297561359915 65.16737932847238 -20.2976300232867
v 55.95659702314448 65.34395191303449 -23.765473442489103
v 50.40120606090449 64.80965221196675 -16.98525798295615
v 46.66602511326989 63.74942102944866 -16.20721048414576
v 47.33007988153702 61.65152312165402 -29.88408772935584
v 49.91092691035529 61.67000683697722 -33.81226192202369
v 42.81663300351396 61.56803549504761 -22.997334928178162
v 45.06055060660823 61.75506168359196 -26.41858922645357
v 53.17798882996903 63.81162024717861 -29.044785530977208
v 49.057193745772736 62.90857408802033 -27.830408291157532
v 50.94835642862335 64.39064464703233 -25.944253592218168
v 45.86131070849976 63.7884790152791 -19.01612985040427
v 48.43237298984455 64.28902045692531 -22.489073374644477
v 44.37149686583479 62.7438191693697 -21.074699133985995
v 81.11072746683155 59.71435938376322 -14.490676672623547
v 79.79186487389444 58.951610573326036 -21.09987465378419
v 80.83320824853462 59.586867393782555 -17.972571535475986
v 76.88933259036597 60.350795703193 -14.770372445319715
v 73.00887621965887 60.99794331475212 -15.072465919968678
v 77.03278467446668 57.43310390905098 -35.25175563311838
v 77.97878836016079 57.975014242351946 -31.76077481789561
v 72.73816251644345 61.44870888633942 -25.93615927198259
v 76.36232325720086 60.562254626150406 -29.58205725011092
v 72.46298310499537 61.50258275021345 -29.72128042413567
v 79.31137375001344 58.78543078591223 -28.622067883515264
v 79.3316210589814 58.71747815519688 -24.67335351900998
v 64.28652933770951 64.53251757610369 -17.13845229919697
v 61.042545835253186 65.12789040714082 -17.445024108008127
v 69.86476937754168 62.09771804784873 -15.699232510768184
v 67.00735236546045 63.28788133828138 -16.396453860691075
v 67.02302669470775 64.07034948245789 -23.675156514675848
v 66.58668546408876 63.26716002551906 -19.649215412197165
v 69.69232804801874 62.53966980662617 -22.77730151751156
v 76.05929199071058 60.007342573043076 -21.528902698361904
v 72.77592429810568 61.25361449757165 -22.132435411935596
v 73.01455429092064 61.2208973112604 -18.605393335763104
v 63.555424092572196 49.16981148703924 -54.83183423731343
v 60.809060335460146 54.704265092956035 -50.55055500575392
v 62.09037687401762 51.92386237128311 -52.55704896454381
v 66.23772404458272 50.854695505400215 -52.97151312469907
v 67.65608215495806 51.67011587822562 -49.444217593809284
v 52.14358503038747 60.70874766583916 -37.241090683554404
v 54.369571213183846 59.6583639970053 -40.65512154353446
v 62.58254677308676 58.98236734636722 -42.1536455931235
v 58.64415054923722 59.62005755824117 -41.76413294338207
v 60.52754946069389 60.741560861892104 -39.25308940609996
v 56.260288223293784 57.98852929865159 -43.574815729738866
v 58.29970557420448 56.275572268545744 -46.712244262155565
v 73.07938389026566 54.97433174261009 -40.79007565337531
v 75.17218144905206 56.28292317634963 -38.251580375277925
v 69.55625528780655 52.828117760884815 -46.58000313178352
v 71.14002456888342 53.775878539457665 -43.47711301559871
v 68.09621798220024 58.99793166722742 -39.29618048167361
v 69.48565456048686 56.33924652675858 -41.24189865926985
v 65.92321944994094 57.596507697173905 -41.59589371942252
v 62.47509196797843 55.63336803327172 -47.427168186014164
v 64.0085454110176 56.453846116642055 -44.232305644102055
v 65.84124885481131 54.14112774221563 -46.83989831516066
v 60.7007331390168 65.51795493631576 -20.906304539640182
v 67.05276860997571 64.69249024067315 -27.801068486225503
v 63.93731049231193 65.31802065040407 -24.36968291409032
v 60.25533352740882 65.82328567351357 -24.46018472308178
v 59.24440445457394 65.51112820890135 -27.62250369715244
v 73.47302149336758 58.835307653061264 -35.88191232396531
v 67.00190022226386 61.87848585113021 -37.474122967351235
v 70.4736514043483 60.589868071848805 -36.94860390952885
v 71.65936781931185 61.199514104636535 -33.439210069556694
v 69.38717380776518 63.0375503661227 -30.629851113240527
v 54.5062718733437 62.63860564365099 -35.664664321559464
v 57.83152669915436 64.75714969934018 -30.503002687972945
v 56.20679269979672 63.74388517372894 -33.11902421613985
v 58.714895840377324 62.72153562675183 -36.59977117097537
v 62.64220960498784 62.23793697895365 -36.93846579121842
v 66.49331761072344 64.73997841776408 -31.656355202707907
v 65.18165923983207 64.08821625037353 -34.95088716153628
v 62.530566546447 65.30051123807195 -31.588591271690376
v 25.319804763821928 1.8235186401144592 16.34502207395819
v 24.85306379553586 2.2152980449033635 16.87350563315055
v 23.82076258835171 3.037765520471682 16.498313683774235
v 27.32957561854238 0.3671133985863282 17.820302605958858
v 25.982354297973682 1.377784881102297 17.306814445387303
v 27.78953750960821 0.08751232730823943 17.208305447175125
v 23.139667733637605 3.5705634833006314 17.419357949984498
v 24.386983689178997 2.6291251073909407 17.365270928804506
v 24.040894110063924 2.871081461241337 17.844325135255872
v 31.960373932249837 -1.4439059064576583 20.181901860410292
v 30.611339671903895 -0.9164840186015049 19.492790726704133
v 32.83696255847155 -2.0430710186579653 19.513975260745653
v 27.213923113190567 0.7792650916010153 19.466034602727763
v 28.9324754414957 -0.19833325565194926 19.522138124302437
v 28.419304418399854 0.11388584590309847 20.124433078425326
v 30.147547088389686 -1.0022100435182324 18.249398605305306
v 29.558591026463162 -0.6331695170991019 18.91026936848584
v 28.501784078658286 -0.2555681175550184 18.359824113005747
v 21.844658353380513 4.701375757932034 18.98004382799831
v 23.03192207969784 3.6329173797077576 19.15874883475694
v 22.617847708976914 4.0564767862990365 19.506955998579805
v 23.666021711813887 3.1745356219787535 18.297228120288423
v 23.407979714295116 3.2963667803792376 18.759433898867652
v 22.47792204276551 4.131795935052255 18.243737478072863
v 25.207357980519767 2.1049237578815223 19.854744009497907
v 24.329612824897268 2.609586670489179 19.303008444579614
v 25.631942624276263 1.789461484602068 19.374849628104833
v 26.699515915351487 0.9103591259880144 18.36902306410889
v 26.16200675388086 1.345206245494719 18.892524682656855
v 25.055730076982712 2.111215302477193 18.337461145579525
v 59.45873799157286 -13.143387339358544 34.01160392302694
v 58.60358588255299 -14.508881090275846 32.95031906102599
v 61.280778038777214 -13.948264279815891 32.54584081417884
v 38.24550562906922 -2.625216139251183 26.44407968998466
v 55.7082410075258 -14.758346050043606 33.17310905833472
v 54.06369322448957 -13.930757837902675 34.49822565286617
v 59.37787627615551 -16.625811557962855 30.34705079385917
v 57.539468541844755 -15.70371424793592 31.81575069197165
v 40.0886539826852 -3.558180995880967 24.747047992572945
v 30.199626340411676 -0.29676389380729873 25.257829287567645
v 32.09275360348437 -1.0472225607630783 25.6579440386559
v 31.473024727940285 -0.6960962541339875 26.318754964494605
v 33.25580258261236 -1.6393717986748726 24.205506807493816
v 32.68547249507673 -1.359467119711045 24.949871979715283
v 31.44295488938495 -1.0614973403413508 24.017725700169173
v 35.28441859012641 -1.7460785353422068 26.967679701866437
v 34.06031408123921 -1.679302293335116 25.985680694436986
v 36.03951424714565 -2.1451613825398326 26.21392772228245
v 35.648458949654184 -2.7683059472105036 20.974560496865728
v 34.818804841122414 -2.277338451711195 21.755143074010434
v 33.229695967114615 -1.7332945460637106 20.912778673704718
v 38.361854083093235 -3.299945550409163 23.706070013491015
v 36.57689384648651 -2.845836461459065 22.700757350851408
v 39.38522994906015 -3.8650447938233867 22.865095020049754
v 32.27571282287903 -1.343235501442873 22.473436313847667
v 34.379602937557735 -2.1534072083700124 22.62147497329576
v 33.765947316414945 -1.848448650137577 23.399619229891826
v 36.84278101215884 -2.5653962030081594 25.434329275783846
v 35.13837219661249 -2.114740266879263 24.324746108864367
v 37.48832308378727 -2.837118266970645 24.54431691575129
v 21.178285556324184 2.9923191669902565 23.489942112710935
v 21.73806345679593 3.2325108944320924 23.34391729884192
v 21.66899341640056 2.9284921740037984 24.0786361206759
v 21.94530796879482 3.6156791213121444 22.096546871676622
v 21.8258649797475 3.468211568636711 22.68276057866012
v 21.366147953213467 3.499252449762036 22.17787669089347
v 22.89048307416417 3.285651381467355 23.857899591068445
v 22.318446004985724 3.4236348290009566 23.225244251981415
v 23.025644610237798 3.3886374020214163 23.235517417937018
v 22.321290785119928 4.2769116106305525 19.915187129751416
v 22.10465004402791 4.364059634261125 20.336707900946816
v 21.574862227488232 4.588838431757438 19.86846847437088
v 23.87052014850222 2.927250763473298 21.819995336670225
v 22.98050138009163 3.589022516209104 21.064693007683587
v 24.146902938923873 2.7936094468552586 21.33594765119809
v 21.513893607526192 3.995123298051329 20.98873765965034
v 22.10017641061747 4.037612828153259 20.927540002603088
v 21.988135999986934 3.9063508298151888 21.460909236628073
v 27.915779516199514 0.8301533416816369 25.375480838964762
v 26.80860894786734 1.3020245221001048 24.388630953445478
v 28.371273019345324 0.541797279525781 24.803489983750815
v 24.1422051614151 2.7460934387969473 23.59217704204901
v 25.427176377363494 2.0016055087659623 24.00485007868273
v 25.00338614122856 2.3243398075109774 24.452022817552148
v 26.23005371816251 1.4495708655714843 23.01026960063424
v 25.801043626132028 1.7616196992639885 23.495092852455542
v 24.878243375284242 2.217767252146693 22.68230858576888
v 22.56420699563235 3.6774910365493767 22.03597751539808
v 23.608078027863474 3.047204757411043 22.312607528923476
v 23.251871277317953 3.3303339198665913 22.717796490959124
v 31.34195640715854 -1.0660875821360563 20.8874065467944
v 30.43231939172277 -0.6505739348223862 22.321725465773902
v 30.82684041435731 -0.7930408492998424 21.593140143910873
v 29.587386701859874 -0.3552040941800385 20.82850878151337
v 27.84097292940853 0.5541150396284049 20.689627614105056
v 28.873468694108396 0.24793681235928133 24.215804963744816
v 26.646843339271527 1.2004035316120696 22.469483209377273
v 27.776322062302597 0.6403598725973634 23.34163121288594
v 29.480635250910716 -0.16469234089276696 23.662589449492597
v 30.01228940405081 -0.4769818221726041 23.03566897152164
v 23.550226869931716 3.250911049791167 20.16641317665753
v 26.219983519166774 1.5102428423984744 20.516416453087015
v 24.844602375910654 2.34121116179913 20.362361992381068
v 24.492778297046357 2.5682855438356302 20.857179550376905
v 25.544096904074486 1.8482734834630428 21.63413185650655
v 28.650091724599726 0.17148154995469334 22.113387634797835
v 27.082735743724236 0.9247107375962855 21.915048779663724
v 27.411805888747224 0.8023500125275937 21.286181460901673
v 90.12560864127104 14.195957757247667 64.73114724299228
v 90.01605859149743 11.30976844230064 63.53594896278287
v 90.47372329690944 13.136969288815362 60.93371184540715
v 88.07432391912387 7.607622891549662 68.2342113658772
v 89.40669646457388 9.439507588416742 66.11358716820935
v 87.93687277611366 10.537515628226192 69.29791779656037
v 88.41248764823017 7.730981538577204 57.594894577875046
v 89.62753783722349 8.482052388046814 62.183437050670626
v 88.19557747340959 5.858104626406545 60.216665063830206
v 76.00345132273245 1.6151170464247535 70.9004062204803
v 78.73266190901825 3.0474231207650995 70.1843228573658
v 76.77932796885358 4.162932206693522 72.7164685148352
v 82.81020995644215 0.7861157218660839 65.2226270371637
v 81.42663486503845 1.7737434237216458 68.23551925112935
v 79.6531723257732 -0.5259576344805126 65.76220846976423
v 83.0633347969907 7.1274962858735424 71.80343287822006
v 82.74191744503564 4.3223123689913745 70.4049263749119
v 85.85257558096257 5.859487467959061 69.72201149391152
v 80.15092236088861 -0.919985667828076 49.18459099273558
v 81.53686673894587 -0.7391540754802683 53.26425660807288
v 79.33118509945908 -2.5958259977202793 51.091499444356664
v 86.21986320755637 3.4225962032501034 57.97173529811636
v 83.93223019904319 1.2440246348267348 55.61391001781152
v 84.89009547037647 2.9760169079480807 53.601701616657955
v 80.70415187389456 -1.9500952336992086 58.875208365034204
v 83.0519586482434 -0.5396825468151434 57.710202735862325
v 83.17051743611354 0.047726583813478385 61.52836398751189
v 87.31666169024876 4.803523038747434 66.56805282216607
v 85.03672123854884 2.3737133706973523 63.871818549220286
v 86.89398385643696 4.068651337843853 62.224115058848106
v 52.336524089768545 -6.4572069205062945 70.18517283366978
v 55.471893649131374 -5.930046838358592 71.11982579930665
v 53.30243169728282 -4.608877064738337 72.400034212657
v 58.803196076554784 -8.001868620867995 67.12309742578026
v 57.41507166877747 -7.123009971651442 69.46580224086654
v 56.02745165589401 -8.738325606385757 66.90391124205489
v 59.1219231331944 -2.9626676541578227 73.33305493837008
v 58.452033421851645 -5.177669332891057 71.6223442172602
v 60.93276334390801 -4.095377862126302 71.34102526739233
v 63.029540195127844 -10.716436308237945 56.97757702594864
v 61.90415069911429 -10.006565997119704 59.333990856572335
v 59.51942407975887 -10.896483252111604 56.331411288138646
v 65.87164691877561 -7.199360099869498 64.787184913512
v 64.17308401459209 -8.836184879725991 62.30272708174444
v 67.37455927493525 -8.142495586221031 62.50090115296911
v 57.771695119702834 -9.81632735167446 61.392724499849976
v 60.78931504583275 -9.298045768403242 61.75458260681822
v 59.87784896459407 -8.698880791704404 64.45869159952386
v 70.48232372983792 1.5593991185877965 73.03731089521139
v 69.39095122667908 -0.8116689406866548 70.97265885135972
v 72.51804412300632 0.342410761533273 70.91301767789795
v 64.28923661493121 -3.280895755936715 71.95025437489704
v 66.86556739570494 -2.0855769033671017 71.53775142234747
v 65.04788150559591 -0.9502948804199143 73.73941108248837
v 70.57388230774737 -4.369933366195106 67.21471342510449
v 68.53908590638675 -3.1636885823051273 69.19373529044131
v 67.37547616048155 -5.299271930785892 67.13800200309353
v 61.57491375779081 -7.159685815742616 67.16550903167607
v 64.4673373560547 -6.273478510732332 67.20614085728516
v 63.058182614446984 -5.34509217591669 69.68132308900758
v 63.453454041236085 -11.324134746225056 34.89095672118897
v 61.612583503724565 -10.236563686730836 36.49955918573177
v 60.18745674930354 -11.309350147485539 35.16369593575908
v 63.9315517716347 -7.595718721310039 39.010372510211816
v 62.52003759893842 -8.807494563659223 37.62655868223185
v 65.02999256626227 -8.230650768083528 37.04691685022561
v 57.74730420154658 -9.801252935237088 38.6247605460057
v 59.61239941970605 -9.055748138499467 37.911147389130186
v 59.65700433830896 -9.047334326539598 40.320813460532094
v 76.48079074523807 -4.198910530920362 48.61228206394202
v 74.21640245542173 -5.697217806005455 46.542504743239945
v 75.65091522930376 -4.2221030393727546 45.142137034710615
v 70.25935874681798 -8.15629713104629 48.6671435774518
v 72.29245286628267 -6.971920849068823 47.66145015048437
v 72.35398813735222 -6.769425864476336 50.76426580970311
v 69.87015666384525 -6.386242354039773 40.74280409868727
v 71.70801940986934 -6.947216986418866 44.40810458685753
v 68.11239816241687 -7.531447990865882 41.803305775675376
v 60.10434688620155 -11.257985427288158 50.6435718856644
v 62.89848869424899 -10.766551252036965 50.4882480790847
v 63.1768220164964 -10.867333000966113 53.755834614467624
v 61.72940101438914 -10.19497179377911 44.092710873463645
v 63.01103890192173 -10.882819932575757 47.65944178020116
v 59.18461824938413 -10.689561869308381 44.43064159156959
v 68.02369276219378 -9.064560537297616 52.57659624039173
v 65.7866487354982 -10.20772498019723 50.27083038583435
v 68.31329070432851 -9.364072572189485 49.69919338413184
v 66.0265523353101 -8.504680496841019 42.64917069898841
v 67.26388899650915 -8.983704720138796 46.11084944929755
v 63.92304492784895 -9.410082713797166 43.430221983421546
v 74.29121270208171 -0.6935071210434209 68.40224157362549
v 71.94240965232633 -5.239661593661435 64.48954317162887
v 73.5896161833144 -3.180968892881886 66.84677970694585
v 76.64526548146466 -1.9041603668317073 66.38217004132873
v 78.36604065041638 -2.9353673918308694 63.810442778165424
v 65.78780734616535 -9.967830998134897 56.689385992436314
v 70.71324570963641 -7.917302421393821 55.36075938947687
v 68.32884609046307 -9.012245508711278 56.120819211808296
v 68.22754321801662 -8.757552645953417 59.555450690029836
v 70.53258419706347 -7.285405950735029 62.375383548202876
v 77.24315487198322 -4.0143154099281055 52.26923581125873
v 77.8741437541901 -3.2859961580165162 59.64136144950075
v 77.8431725207422 -3.751553998567182 56.04588379615486
v 74.83432453684662 -5.275681442845045 53.200528359847254
v 72.90366560914805 -6.654674310294077 54.37652587026246
v 73.35114238035563 -6.150510534268779 61.83481479405302
v 73.60203487289539 -6.601148153805994 58.346658806021374
v 76.29997220310506 -4.974071347589597 61.27881471450672
v 16.9171967675367 -8.775501188618069 53.68635069971484
v 18.30717970870828 -7.383488753574891 52.4093641006993
v 17.432164888622278 -6.477049990789613 53.25375743059089
v 20.025130681798107 -9.052440338580382 50.56810493949427
v 19.175939587524102 -8.260027353944608 51.53624006630664
v 18.706909869462606 -10.41154644776897 51.64799780520109
v 20.032233921240742 -4.2829810635689185 51.31061036794204
v 19.606850432315632 -6.1572107827918074 51.32393817912369
v 20.824049948875665 -5.03190705319269 50.340235132622006
v 19.77169177143419 1.6052071429114303 31.732802577677795
v 19.485237918715278 1.4202558777974126 32.87990382653268
v 19.038622571588018 1.4406560459683462 31.60229620012346
v 23.200809411884986 -7.297321681112955 47.62161482691185
v 19.967922307011833 1.4307082862184757 34.24849724604212
v 20.735817895467434 1.7397215579574734 34.24099028153808
v 18.428104321343515 0.7284869205885389 34.3529675806185
v 19.20014034884498 1.0909353315817114 34.28987978818641
v 18.876231858854304 0.7624111214991611 35.81282530583846
v 24.29775160476799 -0.27409730536060195 47.46033509824713
v 24.06955382558924 -1.964224662337724 47.593787315994895
v 25.07155171744708 -1.1185916716618323 46.894681474616306
v 22.025956621501358 -4.109067047759339 49.64302017287839
v 23.045558085235264 -2.9145140938975125 48.435705663792426
v 22.282330291165746 -2.137792977469914 49.23025916694893
v 24.72209038817676 -4.833396029547057 47.44024885588982
v 23.871060387382187 -3.8494453309289014 47.90931954822819
v 23.606825566133168 -5.710154667547901 48.03019381582093
v 21.256589660624527 -7.740995006091278 49.482177274920275
v 22.456676736749188 -6.683572243955304 48.71234519930165
v 21.66383851180546 -5.9426931906555325 49.65353635963902
v 21.513509878524708 2.6968992740050073 24.921046380761283
v 21.284338908990314 2.7181387128380052 25.51128216729538
v 20.869230400099546 2.674443236657213 24.813393075589808
v 22.18848767183574 2.818748858143806 27.036101206079678
v 21.71163428940318 2.7933668772460205 26.22997195138023
v 22.427979025705916 2.773184289163801 26.400688542563607
v 20.424478855108593 2.622721343851781 26.061455517446824
v 21.055651949458884 2.7215221583084475 26.13438741317711
v 20.85788120149928 2.6217929235934374 26.862101119838833
v 24.337212413525414 3.2124126168882263 30.676181426050107
v 23.73072844008791 3.1185101649131397 29.645497193555926
v 24.489970163490433 3.2692472365926797 29.737060288000023
v 22.314910508656528 2.720034286642276 29.5751583602151
v 23.022138238140155 2.908450233179593 29.620371121659062
v 22.898812065142717 2.712186535628714 30.680480238736997
v 23.42410869431822 2.9462253082148795 28.01246020358049
v 23.22029303303838 2.9412247471619537 28.78327908568722
v 22.720764651170988 2.813999213540793 27.939516562617232
v 19.58475249909846 1.8409878887623154 29.524758959208086
v 20.248729724692687 2.1070325301312405 29.493230345347477
v 20.025168496781205 1.8832579234330993 30.529353608582255
v 20.64459740277131 2.522078152202738 27.632450369659836
v 20.429543275792152 2.3976208953735565 28.458061649393656
v 20.017732192338748 2.314014457602923 27.625830339900666
v 21.44495127831094 2.3101359086851225 30.587781162166113
v 20.889591898485804 2.427682958357993 29.40528404531281
v 21.59685005138902 2.5623702974909506 29.50003123690421
v 21.98520747738005 2.777187321246714 27.778023103347266
v 21.73860042138468 2.807108671440366 28.48725844240412
v 21.27920861219302 2.7231820397030386 27.638739288867527
v 46.9444292360501 -5.393902456174864 69.74077035643569
v 45.14479443841026 -6.771863178421519 66.66857786308367
v 48.32940033634879 -6.686398412459468 68.31006858011462
v 38.76829593271239 -6.203475851799151 62.25075286497199
v 41.94412870974654 -6.617448149022088 64.65150085801653
v 40.73901941920639 -5.488489502642263 66.05866123158373
v 44.10638901935948 -8.64610238006835 61.47709273435045
v 42.896018953763274 -7.520456552291932 62.81560155089254
v 40.755300928155066 -8.037250758259624 59.14799594747609
v 25.976027207381595 -0.10685945990297085 45.87081966994365
v 26.859960115742403 0.7127688760790178 45.13865797913027
v 26.173421377795457 1.3390500816691677 46.00943546857165
v 28.33857943526155 -0.6857587388860402 43.71465363139329
v 27.665143270270278 -0.07768695428409345 44.58531213103767
v 27.508017628605153 -1.5703940083857582 44.48217134621062
v 34.33941152928501 -4.269970260212947 60.13188049074392
v 30.7336948861117 -2.239961103920731 51.76838800018227
v 35.47920778451802 -5.3598396038755425 59.138366680592036
v 30.854749870886963 -2.8796635895345837 40.03549018547322
v 30.26425946452136 -2.3792567987034374 40.99284293032632
v 30.042510053171583 -3.733506378190963 40.65749009845953
v 37.798428206477254 -7.377652242631925 54.0542140982225
v 30.27209791108114 -0.8080080151736801 40.9581759574575
v 38.06546687683961 -7.504896161202282 51.70267538436147
v 28.779295611972195 -2.648766458129689 42.524548381576054
v 29.62777653314364 -1.820517364872945 41.88860054866089
v 28.898695065669436 -1.1374537028230627 42.603503154170525
v 36.40535609273245 -6.191100094488949 57.65774022743592
v 29.153677217455304 0.14693101619192994 42.989938294779606
v 37.246605522783504 -6.935742179528344 56.07078774599085
v 20.512486180425263 1.834948329928224 31.75692212853186
v 21.984695831753296 2.337109674597075 31.762883245014926
v 21.246857321256915 2.0911198043425543 31.753349113241775
v 21.039479663516293 1.8189428532232448 33.06980812395784
v 25.08993516862389 -6.951433486535848 45.938857509605086
v 29.324447232556693 -4.8782773047271135 41.54680103456951
v 27.931352331061696 -3.635453865980974 43.29417390958335
v 28.679658263857334 -4.3387687320818245 42.52748173041762
v 23.454273541975756 2.885850619787071 31.725237431175977
v 22.7276765034957 2.6011106313567662 31.755687753680924
v 25.847999411338897 -1.8461968647605467 46.134558228689066
v 25.469104113592586 -5.427184358972156 46.37917794587372
v 25.674316155354667 -3.6144840346587728 46.29080157739504
v 26.601907387782013 -2.5374347471391374 45.31779466796476
v 27.251201348279295 -3.059290533149472 44.260596045415845
v 26.728142350348072 -6.199146017501619 43.776841461945395
v 26.985387324979758 -4.582779500278249 43.99772203958531
v 26.15323140147419 -5.91879086144591 45.19030650436629
v 57.61796946709247 -11.941676354848695 35.48926237137596
v 55.40206466932291 -10.529748594234004 38.91533039866336
v 56.69703261607392 -11.360302102547124 37.32522651865558
v 55.69918045610039 -12.916234865600746 36.06194708400275
v 52.76172547037154 -13.01656984948292 36.03683527168813
v 56.89834129392625 -11.764507773606422 50.34403009753379
v 56.34644475861006 -11.324551482511907 47.09091858364364
v 48.97088195136709 -10.410513648538853 40.369350284291464
v 51.477743427095795 -10.191308598627828 42.79069400804932
v 46.963810374090265 -8.953221851367417 41.07315375953439
v 55.57729911785255 -10.746091449324549 43.894212734289795
v 53.647108928008954 -9.393153157106408 40.178035313063134
v 32.98028571973802 -1.0667891530747902 27.65336163249222
v 30.89693162311827 -0.24807858019491036 27.061280574434
v 50.042883353897885 -13.134056573870517 36.03412039525229
v 34.96504971276667 -1.5821127504590073 28.0453293396463
v 45.66702094634584 -11.950205179461893 39.068872538926115
v 34.53024130722641 -1.3142769316628105 29.058546096487323
v 48.016479936107345 -11.751383833912385 39.122720529113025
v 52.562370246676345 -10.790404938119998 38.84651699892217
v 50.34778223512773 -11.377120061555232 39.06901391419421
v 51.37780405872109 -12.059783406779744 37.47281233771846
v 50.47065857271709 -8.043214176060886 67.34261802230647
v 45.876020226306466 -9.805705321751816 60.37195764737762
v 48.08881401138853 -9.010733614822342 63.73044923034799
v 52.41726094644968 -9.266123527068501 65.99736033233964
v 53.809828783347555 -10.1088514222217 63.90209707850576
v 32.09147968993281 -3.9047743720587285 39.70345743744011
v 32.51677205223345 -2.793414247595308 40.38806842346496
v 44.46784931057124 -10.267682670689613 51.53925953575989
v 39.00364431965057 -7.530080359178683 47.15985549127885
v 36.606004791593506 -4.705042803160673 41.56946067866313
v 38.9348164406655 -7.919332289352756 49.937597656280495
v 43.07732374709228 -9.781614661636674 56.14400851595175
v 55.68040805850071 -11.094149970632202 55.47928695115723
v 56.63481823439514 -11.66315557641645 53.25573493308169
v 54.523984920043375 -10.49113246677884 61.01493026331852
v 55.11778541084382 -10.799202973995502 58.19463016187427
v 48.80625920344467 -11.076846383916504 50.821353643407555
v 52.0844467433474 -11.215136561812542 54.61862139730557
v 48.26255283830962 -10.881470030491258 53.22096821611797
v 47.162488134656854 -10.574974008105045 58.529197733990564
v 47.81727896996827 -10.810462518324517 55.91847816416
v 51.052063376491525 -10.823670305001674 60.193677905858976
v 22.16208732254978 2.841289467163733 24.834559582402814
v 23.43137958354909 3.222017145763399 24.603525614947298
v 22.72537846823631 3.1652970889750875 24.628672079236214
v 22.635057192594534 2.8703505336530633 25.56342230015877
v 23.19265677430097 2.8035809969912933 26.416127340716358
v 29.06487882026476 0.4417829987475379 26.561950025559597
v 27.382013334034205 1.2296492627604998 26.003191397634367
v 26.29306193118437 2.0738457984269836 27.15520313210945
v 26.82404397789607 1.6661923361888054 26.581878768240124
v 27.970162069370843 1.217582438260873 27.912905435769183
v 25.84120534380463 2.0369485497909494 25.43614292341783
v 24.498683870551083 2.7668785624412084 24.925803042488504
v 24.646404670420424 3.4011957766029557 28.662986878462426
v 25.277090599839298 3.505950744373841 29.6272555467195
v 23.663212247090406 2.9783232057603346 27.144011054122338
v 24.146653454169417 3.173311464181019 27.891362662760447
v 26.656567134960156 2.2954463909955507 28.911477898551524
v 25.1115998071203 3.0705251661795856 28.081035758904505
v 25.76816415581547 2.474678387713686 27.72353713739662
v 24.119446398376127 3.0060628747272116 25.521068655503086
v 24.902993082024416 2.7442072400819963 26.56561461276017
v 23.875531516514855 3.024568255545562 26.291418985602455
v 53.08647514128793 -11.64097886567533 49.47861660461446
v 44.3648335201603 -9.51543388879982 45.739766341948496
v 49.18787622501301 -11.166216772831401 48.25874652302843
v 48.3104889333967 -10.23850139681343 44.69966211283561
v 44.556933819564364 -9.160504237900224 40.94242488002365
v 33.808722373796364 -5.569836273444192 39.8943324989862
v 28.374558391841738 1.5767110697766924 29.756469523497636
v 27.609209190219282 2.214549499780656 30.182504722578813
v 36.13945311552402 -6.028525593425442 40.80002829326325
v 38.39579215060226 -6.201676010275332 41.419011806531344
v 30.421311365203216 0.024560758682479644 27.906679638786585
v 44.06018644765935 -10.762904186299956 40.07442694674985
v 31.768114086461473 -0.22227380192203583 29.27887942160918
v 29.858434081772764 0.39797725586932664 28.669993834164842
v 29.172483176626855 0.9186383391484743 29.287654283149834
v 40.484334192425024 -7.939980382731189 41.36511715841516
v 39.99700853726935 -9.425540174560663 40.542659068710094
v 42.47737376622595 -9.557968598420175 40.98974495528391
v 22.67241535153677 4.021968184557782 16.45142156086502
v 23.093902741173384 3.5807651127634337 16
v 22.058456527330577 4.546119757856401 17.28372999529599
v 22.372144225765272 4.263774803981919 16.880996190132755
v 21.259434666320015 5.106000850964882 16
v 21.711002752796063 4.854784100247317 16.412591938266228
v 21.072545536908166 5.194308402239349 16.393367852418105
v 21.25033796256589 4.889227220008678 18.882144092303466
v 21.43015128728799 4.8418699402089995 18.4847223572799
v 20.60455083944991 5.257682792024092 17.553765143514713
v 20.984027767022685 5.096972604326012 17.995284507192277
v 20.46249857279535 5.246799979362514 17.93758759941106
v 21.523964443894645 4.968273109124532 18.051319047977884
v 21.776977111953794 4.776561252377995 17.67516740377995
v 19.383865840937556 5.486396013105937 16
v 19.621068876984587 5.58265155308152 16.36460447079801
v 19.221406855383783 5.582333307553483 16.360565351989326
v 20.54851764989269 5.357150459248304 16.382318254825112
v 20.05783070282449 5.514565276329304 16.371466754958927
v 20.224689303260828 5.440603939024777 16
v 19.786398393919786 5.507554970564485 17.10897106687155
v 19.920373379726698 5.515069525258477 16.741031589168905
v 20.227389795403163 5.45239195703936 17.12915296988685
v 21.27008689714931 5.130221638408994 17.199900206523417
v 20.735122291499003 5.289867358506632 17.164440127997104
v 20.87926181089753 5.293616090367573 16.777563668419933
v 20.596461589518732 2.9151915415166343 23.437231079824674
v 20.724633979572026 3.138493422406704 22.788707301371243
v 19.750609112038727 3.9125439775994266 21.30043610895391
v 20.1994393645134 3.5797549203807684 21.987926895414926
v 19.66041978021856 3.5675042335445895 21.92268361748605
v 20.796517619578992 3.4785302500487436 22.110955423206306
v 20.860669559507606 3.7992581599352278 21.478823428947422
v 18.288071631594914 5.066422833668447 19.053447028551638
v 18.62287964473052 4.750281717157625 19.566666686645856
v 18.177756664607287 4.771697916272531 19.523684302561197
v 19.538057848048908 4.727455513027955 19.65019544740359
v 19.081381794503653 4.718466364272018 19.614244421280706
v 19.164323947410086 5.01798189476699 19.1318331279628
v 18.866929459337538 4.171042960881692 20.638789308556497
v 18.975052991817822 4.462680960633529 20.10780081471645
v 19.31689983495493 4.297888261104399 20.637737912180942
v 21.02584859196769 4.6549129920485175 19.800044420049158
v 21.086989967971018 4.877626817809288 19.31280723923595
v 20.925221353163355 4.0928961174567995 20.885432250992643
v 20.99167867171626 4.348229709681576 20.33973769509475
v 20.102353927577852 4.926168971863515 19.22627828780818
v 20.478245234869455 4.771096567082601 19.717643260821927
v 19.99570132669595 4.7760295949544584 19.674273265378094
v 19.80299717593379 4.323368895557046 20.681255279157952
v 19.913618636697656 4.521228872954248 20.176457088956756
v 20.37217247886604 4.154459596796265 20.804080954684252
v 16.372752270299117 5.230613212259044 16
v 16.585488090852902 5.4214110781872265 16.353983525603457
v 16.222255795011524 5.240150346813337 16.359617430525276
v 17.28891825009343 5.712587901605708 16.346234586722325
v 16.937185126418534 5.615466853773043 16.348243924521032
v 17.08945786069206 5.541493973389226 16
v 16.64898364494735 5.570266997705156 17.05007759566761
v 16.79569436073524 5.565029005962584 16.700280832134943
v 17.01636330807303 5.556398278137227 17.054104944565747
v 18.777183243968363 5.711671109408973 16.35511163522896
v 18.35663245982298 5.890223550634577 16.345972246783777
v 18.533091877801752 5.746136912693984 16
v 18.08436220297581 5.842514276875674 17.039784438320286
v 18.21414804844525 5.896412658430842 16.690667448867735
v 18.470560871562384 5.783385126640148 17.05366783767822
v 17.765642138489874 5.895521032183302 16
v 17.970408859235505 5.986926011205137 16.340260273656604
v 17.635952764999523 5.841001580740064 16.34313423079189
v 17.592102233832563 5.262251041549657 18.576075527905722
v 17.729955032379614 5.364490496613282 18.18324119714463
v 17.988451844841546 5.2660110726483165 18.588866983219418
v 17.225555525832632 5.688207111863845 17.396112847268277
v 17.452990968775364 5.660351406707042 17.757907289424278
v 17.093726567116775 5.541165364382328 17.769686759993682
v 18.21270533594054 5.6450615157468675 17.778825193848064
v 17.832829933112468 5.640207181903156 17.770183024884606
v 17.947487145318537 5.804130934410482 17.394065746504836
v 17.49718596560417 5.81262712587705 16.68830570205756
v 17.708204368936535 5.884685698769969 17.03097809664694
v 17.361805044232206 5.7523062281687185 17.03963022088784
v 20.706703293970524 5.010836124422681 18.821265572709258
v 19.72365927967709 5.162985262085655 18.725388645292313
v 20.21966715488195 5.048785893737669 18.782716514872195
v 20.349665560373758 5.130674342376738 18.358989918261848
v 19.966523790753847 5.364487754827612 17.900483056914304
v 18.405916975686463 5.240409881727619 18.62285925507796
v 18.642110117668835 5.518472104580804 17.820511147296788
v 18.542850209088673 5.310868400376535 18.229298479120718
v 18.843903942784213 5.174392200344162 18.666822515992163
v 19.267289077175125 5.1981722483701684 18.688890835846376
v 19.03754422166756 5.699867135063407 16.71406515204242
v 19.649271793112643 5.459521259040116 17.487645428438118
v 19.30724048906941 5.675447815423228 17.082661729646226
v 18.895504046556095 5.682107389453384 17.073235199348055
v 18.755297089409463 5.659315943231185 17.433500834419917
v 19.353960408279747 5.424714385643945 18.25132051498033
v 19.05390472324261 5.521349224620778 17.836640369614592
v 19.506671892377508 5.4297129232518415 17.870247975590814
v 15.045911499621518 -9.772028000772494 55.20218114199763
v 16 -10.678501447252813 54.20472490797754
v 14.853591172562227 -1.436814262623308 38.200767781137195
v 15.034306768033318 -12.270281943723589 54.15305927413045
v 13.012761042721067 -13.146740850452012 55.33972423464233
v 16.93476046000712 -11.364737454386319 52.93095287116557
v 17.070898966425446 -0.2883134922557602 36.73848238224741
v 12.864419311056636 -2.127490685850926 34.3434685759168
v 13.314389432675048 -2.065474098414157 35.35414701169722
v 12.087154671766717 -2.7481201203945176 36.09113351792813
v 15.494282858514712 -0.9698971836444308 34.17536861335021
v 14.444587789705471 -1.4706144150849134 34.713388483758244
v 15.018050385517643 -1.1049203837758164 33.30871497830931
v 13.090763408723522 -2.2975847718923674 37.98963379567764
v 13.799115326784158 -1.918275355181457 36.32542323976068
v 14.317133117287304 -1.6476720123843656 37.19655052633614
v 18.227413236164676 1.016712171907031 32.0520977065828
v 18.525228122643192 1.4010935090019885 30.772843473001586
v 17.50842856646099 0.1816052900725218 34.99941264089736
v 17.888002149071557 0.6290254142176934 33.43591712208436
v 16.915616562791907 0.05055801475297095 32.13946976611305
v 17.391434896000995 0.37120244341915587 32.74055378142735
v 16.488735573784037 -0.40006192541894947 33.56505461114672
v 15.451645085763685 -1.250692953390061 36.72171958003085
v 16 -0.948735425828648 35.21845399250533
v 16.527316786072088 -0.588854644198296 35.92671222076426
v 9.85938514944854 -2.5212012567576068 27.44673188915347
v 10.25430415915812 -2.272657994351693 28.076451965675563
v 8.984225622206164 -3.1999745397519774 28.698675609986424
v 12.332822332271967 -1.020599623510563 27.236306948010714
v 11.353384445990631 -1.5699244569452553 27.604870591353848
v 12.017354156866938 -1.0318263789740243 26.526247592692993
v 9.761777286980719 -2.8610786228118847 30.185987184117636
v 10.613387258625934 -2.1530245668711885 28.800899886916014
v 10.90189386306788 -2.3115995172729846 29.748030715101045
v 15.633092774949983 0.9523712022221158 25.92416590227645
v 14.891643912923785 0.5046763582486946 26.220440251893574
v 15.306363007915127 0.9824061842158969 25.281383407394806
v 13.949617756319206 -0.30693200420837385 28.20049565821352
v 14.452641550995073 0.21493102076538406 27.09616937020413
v 14.787119445204855 0.09210593536120015 27.895094870121415
v 13.781018958974576 0.0519338649823986 25.85644692627205
v 14.10016790105443 0.03290285718843933 26.533668009983217
v 13.251867593567265 -0.4815254892271277 26.87630559907651
v 11.158305257699118 -3.1236673975106335 34.26702244022509
v 11.98529653375292 -2.372885572960353 32.519155755523386
v 12.395401591596144 -2.324771358852889 33.457840635628116
v 11.226373238546705 -2.416978752724546 30.708152944028086
v 11.575170480848769 -2.48854603237303 31.67375002058413
v 10.405748357239755 -3.0562345716676838 32.18769429218285
v 13.720058017872157 -1.1173962535754889 30.458001663795365
v 12.708427625264038 -1.7085802520116076 30.98407164513032
v 13.360664577765633 -1.0146870241183414 29.546625171566077
v 12.643199630482673 -1.1225945635640642 28.050350933893164
v 12.99903043624265 -1.056752627001643 28.77736621213841
v 11.991726893569634 -1.6705416890473543 29.25246277114552
v 20.21419627814043 2.597869179889109 24.857506616541453
v 20.398645934355667 2.732890990532706 24.199524300300737
v 19.759075466175933 2.497989127146255 26.137075137566438
v 20.0065347081378 2.4978741786633947 25.521243154978208
v 19.16044483484545 2.484324786191012 24.353146663038455
v 19.591639442478524 2.419183393280271 24.9700795033067
v 18.951284112276667 2.3021021063836002 25.042794536015172
v 18.83414785446889 1.5919840309414326 29.72638390611577
v 19.104447626650952 1.7928084872916479 28.773758836901326
v 18.19641955200777 1.840605579631415 27.27331984403848
v 18.63974569009681 1.7982316424894336 28.01679138181109
v 17.933893949500465 1.4806704269304696 28.26357607283785
v 19.339277502667706 2.0472848601900147 27.82847849835664
v 19.55014440549959 2.3032999116829718 26.9384477460858
v 16.660058709921355 1.7093930783950118 24.83208079741639
v 17.022985713285276 1.698193123061582 25.433217792626195
v 16.35814730067892 1.311633929236816 25.68722605259564
v 18.29603321378378 2.2298738414095673 25.08702900933293
v 17.668450741248726 1.9775423952990163 25.250768112128835
v 17.9233961233963 2.1763358890233846 24.54349426964565
v 17.106103696514186 1.492569438030955 26.847901183847803
v 17.39183549140213 1.8014674921262568 25.98090801649164
v 17.77759815851876 1.8625520236000384 26.57733438820827
v 19.1124485578159 2.278716410898186 26.29061831475213
v 18.45509603867746 2.0458545421492076 26.453175384050212
v 18.711692873845617 2.168013420934919 25.73452310465384
v 13.529002549100614 -1.6294731311928388 32.80039837805586
v 14.683413624178637 -0.46774440649723914 29.917571946212526
v 14.131557889618104 -1.1109602623076817 31.356007585522224
v 14.56505460740246 -1.0905465974343258 32.28998516682834
v 15.533904252611297 -0.5735201480856205 31.798716091732274
v 16 0.8337758059379574 26.657015226903134
v 16.77820579120305 1.0098588013518466 27.916722424797214
v 16.382583329927662 0.947789703479156 27.256405584151608
v 15.605355028938 0.47324116810632866 27.611284414455774
v 15.167646223580519 -0.033163434144263704 28.745894498534554
v 18.060573510316036 1.298720028326155 30.00991160390638
v 16.45218627286859 -0.07892444001515386 31.327242493958465
v 17.289512876436003 0.6415898358145995 30.63898608124123
v 17.626143570507836 1.1079796044205352 29.364649011663857
v 17.191121693875957 1.1015565921026216 28.591290761968523
v 15.573473796494094 -0.004078555932839123 29.524350864514716
v 16.414502875669868 0.447059689760092 29.143113550424488
v 16 -0.09682505950430809 30.451554815575292
v 3.4912193648780647 -5.899015327464092 16
v 4.018017201058136 -5.509537943370368 16.810639789699298
v 2.3662539843383783 -6.5967494464739715 16.868698176674673
v 6.809578856121716 -3.577716121365466 16.712702567553276
v 5.494346667005676 -4.502139402200921 16.758981926473602
v 6.362747702464047 -3.9618827857505856 16
v 3.880136478403884 -5.099451662575888 18.409415295484635
v 4.609963149666342 -4.978187675971235 17.574757054311732
v 5.224183180839399 -4.372336551587775 18.283294303122872
v 11.019118731162944 -0.10760863896301842 16.557499654200406
v 10.10687693199301 -0.9537555140692717 16.593377008433905
v 10.688021345646854 -0.5042122187769067 16
v 8.866053654930624 -1.7996526199513205 17.905506019650193
v 9.536631255894065 -1.2861014374331035 17.22171026785294
v 9.853329186357275 -1.0329687783900496 17.800254326343346
v 8.67458526826363 -2.3095015776906394 16
v 9.108768143248927 -1.8069434363902523 16.630845326719786
v 8.008406874258302 -2.699130084760913 16.67172036524427
v 5.700445366733248 -3.91062447553038 21.251483039764892
v 6.738857544475019 -3.0302307530385697 20.237702873411045
v 7.156491967717008 -2.7146444715160314 20.854595001733244
v 5.714529825509587 -3.9824825781323767 18.982508677973627
v 6.2216200601526666 -3.528079521010852 19.631192277340485
v 4.741588186287064 -4.626541654910174 19.89954068036635
v 8.682765640782304 -1.6322038828711314 19.177095146390975
v 7.5693142095391295 -2.442914533083478 19.375104941030738
v 8.200873470512562 -2.1951929832320616 18.63174658591155
v 7.289872985529389 -3.1123098806270093 17.38805388525145
v 7.7454813215741005 -2.6704765991669532 18.02991437068416
v 6.5428671583780496 -3.505738696672875 18.153212247016214
v 15.771879370424532 4.956221920355107 16.36910693218813
v 15.363677385344285 4.502933762000168 16.384717855198236
v 15.610023592331768 4.732981374190469 16
v 14.81729557548293 3.8471665926632497 17.226622972258706
v 15.10071409749157 4.206498913287298 16.791450475473923
v 15.280061307781205 4.429957524626829 17.164885273826158
v 14.71436395694174 3.6582355412887964 16
v 14.911861993990577 3.9428248778803052 16.40433574856371
v 14.432942245877712 3.4926366373727404 16.420949578322144
v 13.496076710209735 2.4834117369895594 19.25998557635109
v 13.871347816686129 2.9133589594531646 18.686405746980657
v 14.078186213723155 3.03854969648895 19.10956002624406
v 13.470542385298137 2.757284273503995 17.810656479231824
v 13.664393056967302 2.79833649746352 18.255774902332636
v 13.057445095033835 2.229537872691804 18.365561611035798
v 14.729974040207924 3.8552904393436407 18.054945169538286
v 14.219348598703078 3.3286825918246308 18.154328654156522
v 14.532995807530291 3.656664198468185 17.671163286307998
v 12.356928099316692 1.2529784591800954 16
v 12.667175304715789 1.7024320980545404 16.48928497235863
v 11.93964856970808 0.9580574069239045 16.519187215732615
v 13.8966817366207 2.9387384709257915 16.44116218380877
v 13.316111652182057 2.3612201709282594 16.463467558731246
v 13.64908896836153 2.5461236132955847 16
v 12.558739690841177 1.7692106831510657 17.46766078527999
v 12.988083508478583 2.256040394874404 16.939518331153362
v 13.26203442796239 2.657383170414027 17.365834589783358
v 14.328178625406547 3.4194081152820104 17.276303118654948
v 13.819782923774607 3.089612126060537 17.315858975892553
v 14.132841634810557 3.2952065286379977 16.85839420013916
v 8.30400100225043 -3.3320931348850706 27.131596812429045
v 9.194113403086623 -2.527140009369486 25.779206650195533
v 9.484839446766834 -2.5467943667181814 26.541751217293832
v 8.587881409709922 -2.6051210231281594 24.35475205492715
v 8.929365642542825 -2.4581275920835743 25.00827116653108
v 7.631949376084654 -3.493850942841444 25.633872444151493
v 11.034295924964212 -0.8658510764212366 24.034677971481763
v 10.089783282992427 -1.4800333394985117 24.427302448168888
v 10.829222621739074 -0.6643716511898994 23.30744641960259
v 7.509872838147885 -2.5631116343713067 21.52903679797029
v 7.7174919120068 -2.6964993439159315 22.262404859169884
v 6.446989368238004 -3.554016464240096 22.628956726873504
v 9.917670817851473 -1.0853317484144007 21.593045545192695
v 8.853491527904515 -1.9193968411659732 21.932718657929207
v 9.66923980866816 -1.089156585729853 20.97879863882775
v 6.860700441539018 -3.8981286457433413 24.268851583912877
v 7.976925516828709 -2.7277721680521054 22.975216366080712
v 8.211071817967888 -2.8303368208126685 23.72600421638412
v 13.246953337264628 1.8055584987201225 20.4545230729203
v 12.551319851668907 1.2083643280010676 20.68961380773274
v 13.034040668119356 1.8271284956609062 19.958092737867275
v 11.42511506660512 -0.1403169667631161 22.396671095061606
v 12.015154676384306 0.5466847321632393 21.502070353666472
v 12.260310106958546 0.5700315575137722 22.050945354325535
v 11.519321957377324 0.44947855984317187 20.43467109020447
v 11.783311630074504 0.5618898113986788 20.945879294953556
v 10.887202771624075 -0.28979419924348093 21.27484568314992
v 9.478894614489292 -1.6676509655106173 23.165297878217753
v 10.233840933686224 -0.9123326385746182 22.153414050807754
v 10.52748002842332 -0.8026937606408779 22.736335006862145
v 11.392930019066618 0.3776980815036062 17.0830288833126
v 12.04290651960421 1.1489504993297643 18.058760497308384
v 11.718495241483765 0.7432068477135285 17.586964320937895
v 10.794899666461493 -0.24929611172537136 17.703947127133965
v 10.278688406983424 -0.5253142641812296 18.33232368498413
v 12.832433057477825 1.8342069497208673 19.45318743549029
v 11.247386369704138 0.28761196456801486 19.911272903917634
v 12.108820991316225 1.1878338109324744 19.648886883273097
v 12.618844028690168 1.7869641683942454 18.96423510813574
v 12.344848677971985 1.4996314167186338 18.518533834872752
v 8.400102271671631 -1.744165365430252 20.555487881403383
v 9.722937034249512 -0.8308028787266117 19.00753315570706
v 9.089182708230194 -1.2693561520912766 19.74800041335449
v 9.39266447385085 -1.1478800016389208 20.35729668076898
v 10.347139947519706 -0.45159320414744997 20.13739266762138
v 11.528686132683546 0.6578918568975833 18.68908047177428
v 10.940313846082068 0.04643475677490194 19.396275999429527
v 10.639227832994987 -0.15916815070649903 18.85911359849157
v 19.965108000699665 2.892293173973046 23.457270006469827
v 18.77626318998015 2.6243367771122053 23.620638744174617
v 19.37130181387423 2.7569654409232633 23.540160164844067
v 19.52859455092667 3.157838487163289 22.70564129606482
v 19.139578105711895 3.355999179864959 22.039438862613217
v 16.337737452270947 1.8081151736022658 24.09559228259581
v 16.96156324371483 2.0870929391500077 23.935450607930548
v 17.439947951549566 3.2284763344305016 22.131554804404857
v 17.226365513038516 2.5670646871560336 23.044220543988434
v 16.896069837113448 2.9692052058833607 22.261334408962377
v 17.573761093898906 2.2852044154490354 23.820525415140192
v 18.165831157945554 2.5158194799686946 23.686079582432395
v 18.037824134933825 4.307203521796897 20.137881039829523
v 17.723098223946714 4.60658904537385 19.59531876986092
v 18.737924179171944 3.698038741688368 21.345399096355933
v 18.374216378390585 4.012607506801498 20.717468107427827
v 17.326336388804716 4.050049720457002 20.73280265901945
v 17.860950555840507 3.935123168639386 20.763595162686784
v 17.651650078866474 3.661179270259593 21.387688643707776
v 18.397660845711094 2.8206008511116796 22.900386359617784
v 18.006539904141146 3.2488555330458393 22.110613651458515
v 18.576307582707173 3.281937797635649 22.08443700259793
v 10.574389139073997 -1.9357829609122135 26.204071398010086
v 11.956618297870907 -0.2838826862843149 23.778037610782885
v 11.307386561644806 -1.0785560151248461 24.917709871325272
v 11.654940923767366 -1.0681151331428893 25.718038659627915
v 12.602526836295786 -0.36856945354363546 25.325814539868233
v 13.942173746871688 2.393311855775874 20.293743241194118
v 13.54014483173614 1.8856388265813848 20.994831441534686
v 14.113221628939801 1.9046293309046938 22.15467799930781
v 13.836031254074047 1.970601795640544 21.539250367478186
v 14.51125653000085 2.5868036226339655 21.31232431899087
v 13.073449971395013 1.2238809557660595 21.814931844625995
v 12.539417843197155 0.4510129432917509 22.75628378410171
v 14.970842079903234 1.1090621580680438 24.49328621499436
v 15.654285958079784 1.472935166621376 24.286791739960886
v 13.455946800632976 0.1610586924197861 25.028310115745523
v 14.244245524943645 0.6991936607086373 24.72490910352012
v 15.046202302920435 2.129717181662837 22.664710821146922
v 14.673619365092645 1.4715538887142312 23.618705531284267
v 14.401935632205873 1.8260731782543722 22.80484266223077
v 12.844660082860354 0.4235177487553976 23.451931235417575
v 13.654502566053246 1.0948508098937157 23.142857517937387
v 13.152548466229039 0.3482032132230888 24.19486866061682
v 16 5.232264089832402 16.72087483605769
v 16.442600326436448 5.351142261237449 17.43471902916193
v 16.22039368818024 5.3781425113901555 17.07003169138853
v 15.772147542682015 5.018667684884372 17.106244703757604
v 15.529917212711574 4.689920842174946 17.523805293218704
v 17.40402193962239 4.997890682467439 19.040908225777617
v 17.134483948038483 5.262206496848648 18.57803149117851
v 16.240388074449243 4.678914254790817 18.720098522368556
v 16.69820588851334 4.96820133772669 18.649933130918726
v 16.484438187411456 4.560773602175324 19.161724415357735
v 16.895697100138957 5.341996026763908 18.179143404847327
v 16.669897092999303 5.3323863268201706 17.808758896151204
v 14.686078772799704 3.5638480020120937 18.98578953585633
v 14.346219176421911 3.040745664459692 19.581849804572453
v 15.271443366652086 4.398276713232198 17.967142872673104
v 14.986776890105563 3.9435403672131866 18.465072687209574
v 15.495705028585192 4.091887676891883 19.29132129773679
v 15.246236145550139 4.090373888287395 18.860794850998353
v 15.75448580656796 4.437499481294388 18.778102850172843
v 16.230427723877188 4.996145242762328 17.865117490198642
v 16 4.639730864846106 18.325409844290174
v 15.762918089351023 4.678380941087752 17.918977502884122
v 16 2.121863288765404 23.281541765104148
v 15.402317683344005 2.7206273595121004 21.812303073054757
v 15.690350485811491 2.4977237597317483 22.486884540049182
v 16.304759477258635 2.7109539649374135 22.384442574190494
v 16.57302739353003 3.2684132024061103 21.572540440871272
v 14.5957084934244 2.969074182961535 20.109470876053685
v 15.738941532062665 3.955989699025066 19.795878159346564
v 15.19625283844317 3.5496049913579473 19.924771069418483
v 14.864818849169989 3.017546183042656 20.61040548305731
v 15.133552014590713 3.0017586429118683 21.14257482777858
v 17.243214294769228 4.463767548288978 19.638100004966965
v 16.81283043922263 3.806115993895604 20.82434194133876
v 17.036341424880167 4.147922754646535 20.208979495557557
v 16.755756513697097 4.293001112865838 19.690428336614673
v 16.255940989546836 4.192086091289852 19.721468297805192
v 15.719530882065252 3.3848598248421364 20.991894221744378
v 16 3.783810714837305 20.33500423839171
v 16.27723107864218 3.530502667338313 20.93426238778927
v 22.70994445345106 3.954597561919483 15.546039411680686
v 23.88254415400605 2.93536794332023 15.497749794790323
v 21.13392917863565 5.063547091802906 15.601871943628227
v 21.723962164896847 4.82949336724489 15.586471807771218
v 23.170450329625996 3.516974109546684 14.574522504405357
v 22.404182012227988 4.20476755879308 15.114574348321192
v 22.148512124878405 4.375864177941898 14.697188070007453
v 19.257903452732847 5.4643074251799 15.635349659972736
v 19.65190259712941 5.493946914320027 15.632290890047626
v 20.42346491602074 4.96317198458749 14.818474569686858
v 20.003853243864164 5.291804931113312 15.243188991272413
v 19.934147194972386 5.098129967717767 14.84775584654691
v 20.09211707059211 5.425969300432897 15.625394561663992
v 20.58097680960649 5.281200890697917 15.614953443286216
v 22.25268922461421 3.912589277270314 12.811911525773663
v 21.717955453930177 4.250476412986089 13.383584544399206
v 21.602396251498323 4.144200960455446 12.924595450021693
v 21.920632819504284 4.497468743753888 14.283176319244747
v 21.828349156138255 4.360396456525773 13.83564797281301
v 22.641566804531 3.8319822889523323 13.69958140062936
v 20.710164773170547 4.6500033311302005 13.954877361459586
v 21.248517052355133 4.51837752848747 13.89883097570411
v 20.814658985450546 4.767505045916682 14.37533571235437
v 20.988826695087827 5.053201913260731 15.204975970447007
v 20.92285351151503 4.865247645742146 14.789393848739468
v 21.442094012829372 4.775449646875009 14.760936990726663
v 16.225962133395488 5.060719057864514 15.634385587995665
v 16.58882356675545 5.361145756000644 15.643999860330442
v 17.05685831160105 5.14029344120258 14.903896310389014
v 16.818956950520636 5.259956528846491 15.279246048365406
v 16.67941695059641 5.081177242103308 14.900680281402204
v 16.95108488829469 5.461449751005711 15.646591132620603
v 17.299928333947598 5.6247116768432175 15.650807838712531
v 18.134466508161786 4.4777999910591895 13.22102907138391
v 17.829639968650213 4.7516421466812435 13.690954226709053
v 17.72602649032383 4.3590144182402355 13.207230473173354
v 18.070931762107495 5.157849313164533 14.51756914553048
v 17.947735542465495 4.990720677438976 14.118838888460438
v 18.358644508266266 4.962100650000432 14.103852236225567
v 17.160711398012598 4.900618366167693 14.121929506886207
v 17.54446348436401 5.009422607109444 14.131424299421878
v 17.296631810272284 5.0901730701977 14.522919369754383
v 18.399561861500136 5.706059638161918 15.647725378194009
v 18.804883492488013 5.60905300967061 15.641346401679689
v 17.643584444179368 5.793610104419315 15.655265056509643
v 18.021856639008586 5.725482594011529 15.650855460754272
v 18.600641203777922 5.245458426617402 14.890854289281826
v 18.295497033430962 5.525201448986969 15.283957059205465
v 18.176701571801797 5.392527312425253 14.914152051886408
v 17.41956004712838 5.317695131684733 14.91627841179594
v 17.786859181055313 5.418922842548628 14.92155018980111
v 17.535998503706352 5.5485331476260065 15.29385089578613
v 21.716157563938264 1.6412025999424191 7.7320725565733905
v 21.16364861949817 1.9433977380672918 8.580483644559884
v 21.131369716480908 1.3924614484062445 7.69726938989198
v 21.28630785857198 2.730865638997269 10.041407877332226
v 21.233063942900486 2.3389114650348173 9.332867088548298
v 21.791956796955166 2.507306475352941 9.331903033135045
v 20.131912256820268 1.9660954959608592 9.31442552993252
v 20.68079520467164 2.156098811474399 9.32571396676655
v 20.19754444881757 2.472161611217743 10.067945898697547
v 21.50990828317911 3.952943388719696 12.411775104144283
v 21.437402606209808 3.725892546126069 11.88877956524378
v 22.007385010793026 3.703509402835275 11.831398413206784
v 20.417957037284637 3.5899085084397484 11.937438736666824
v 20.922310549228225 3.6576321917918406 11.91371314404035
v 20.493678652587718 3.8698330344009477 12.465966095277688
v 21.886110652441737 3.1847304887893557 10.674496105506215
v 21.376509761594033 3.4499420283779667 11.325692294129144
v 21.353438906399827 3.057647034196755 10.689809612263115
v 18.405276104398386 3.598629757918122 12.108181510755468
v 18.879054632161296 3.651528884370663 12.084979245542868
v 18.48348272928019 4.13264860816037 12.685775543270903
v 19.757281930818415 2.7442083943520927 10.746513393719727
v 19.29295657690495 3.229844068317375 11.453254195256918
v 19.218833798970596 2.7190849080453994 10.79181750912863
v 19.48907308112451 3.8909162322802118 12.546752215337312
v 19.401741686641095 3.545566951049869 12.009995926012465
v 19.902395041209232 3.566647127596072 11.97391980991845
v 20.83659931223169 2.8961865424835445 10.685613444198449
v 20.36865989141599 3.1865780290276255 11.33794110604985
v 20.29265934556603 2.8199219414601195 10.716000750612295
v 19.139812280954217 5.353082192484525 15.261893697615571
v 18.908799370345555 5.083218869977388 14.486636399182574
v 19.044089532508497 5.152635123867638 14.871690737182401
v 19.455903902476983 5.211349974719873 14.868671658770216
v 19.82318219725111 4.95720216044271 14.441459052581164
v 18.57820381387085 4.469919552938025 13.189318749139701
v 19.564508713946065 4.2155486589149405 13.066505415091436
v 19.069822816148076 4.3144091746225115 13.121325905897047
v 18.686998784591 4.704925082152201 13.644327502077001
v 18.775267051634287 4.990224584352983 14.087738822678782
v 21.03339206454185 4.248086443405359 12.98291248487421
v 20.20585941461071 4.72275280187732 13.9848439139925
v 20.598617090023502 4.508572433352258 13.505994149954846
v 20.54245537553114 4.211060360997722 13.004416432007867
v 20.05866511289436 4.188013365038813 13.029416769118155
v 19.23812205957178 4.889257096967791 14.052569993069621
v 19.599773493920306 4.649647517836646 13.583679313524788
v 19.698892040031737 4.85029682588136 14.027233353415319
v 2.15889624843385 -6.940426877360554 15.118089659412874
v 3.898204908486006 -5.724619795548456 15.181254322211576
v 4.583457136441064 -5.583668075954506 13.580941870191076
v 4.242453963223653 -5.655066670055646 14.374432075497094
v 2.9053681075547324 -6.796424412004253 13.396801843999352
v 5.417658669886386 -4.651798634004944 15.235477741864376
v 6.684154583979572 -3.8448987407782234 15.277570979285354
v 6.248471902580947 -4.636197844904817 10.646952387199804
v 5.862340623217969 -4.831338915510848 11.36122152564207
v 4.635551456297479 -5.969228319281314 10.205554423608548
v 7.884705770368772 -2.9328053680844697 13.261565407132418
v 6.912229014365154 -3.8803499205177943 12.361840362823528
v 8.24628444738602 -2.6839845168079357 12.633387583428476
v 3.874557821463334 -6.2150283999345355 11.800148739892297
v 5.469580897606031 -5.029952086759646 12.089538680538457
v 5.035245459075062 -5.302187733813128 12.820517194122377
v 10.080376737561782 -1.0299931578920294 15.40395469397362
v 11.046747922970996 -0.01825894668278849 15.445592823625798
v 7.894015879530484 -2.966787866793222 15.318664685702368
v 9.010840391984756 -2.0599887501835603 15.36019005483095
v 9.74577720004906 -1.3310048503357983 14.16824554382565
v 9.375649410906417 -1.7166429417499138 14.747860836512924
v 8.70910157111797 -2.191258112158817 14.052571441822675
v 6.1625599385648915 -4.290138511962063 13.760198912894072
v 7.501466712231215 -3.2224008519399803 13.910078646297363
v 7.112390073221194 -3.501754077355127 14.583662273929026
v 8.851870992373208 -4.34867410066154 4.434084309690791
v 8.442949330164609 -4.571976012858883 5.141464655048022
v 7.494545140226068 -5.365419297974427 3.6975953046505907
v 10.304971303251303 -2.353927818631174 7.95167109020135
v 9.454036717906867 -3.360314839360978 6.666194653393722
v 10.509212592805966 -2.6492793977773026 7.1157193501601395
v 6.731334483079914 -5.591884674970434 5.329278068380759
v 8.165266635730777 -4.452833618120152 6.018236116485118
v 7.872819186388103 -4.3999950583868035 6.839247945622633
v 12.962452518512976 1.4850436819216402 11.946372393522541
v 12.473312533695665 0.8737853651568788 11.204309612318681
v 13.178391931791474 1.4520625437088555 11.434542242707673
v 10.521597004922224 -1.4546443647411635 10.347960793602422
v 11.557584645961922 -0.26454025588472874 10.78935880682382
v 11.341662708479683 -0.16710088030955816 11.389493840303981
v 11.988304127207194 -0.5522656927316163 9.508939725293565
v 11.822663766951699 -0.19979912557295165 10.23214805630221
v 11.11303182306318 -1.2413550352866345 9.166969544586916
v 5.402945636303196 -5.691065098496082 8.646567923235374
v 6.953467407390615 -4.421168187886025 9.159916167335439
v 6.64479871032778 -4.4545400312138135 9.907599827782441
v 7.4998000094830335 -4.549891477359012 7.568470085737973
v 7.1931904235017186 -4.557197072273276 8.343408699520651
v 6.03894286712373 -5.687263341103183 6.987656928875111
v 9.280832369963388 -2.1376176454579365 10.715740031301994
v 8.317984718792657 -3.262144710435372 9.62272701875737
v 9.429437529867517 -2.456784599126184 9.957996344419591
v 10.039084096533779 -2.302252888813129 8.662479683575853
v 9.685334782264173 -2.5211190734386904 9.261242149220969
v 8.861859441468907 -3.3393862658770104 8.15671264689164
v 15.356461569428959 4.372558522099883 15.610919494224035
v 15.767777059660968 4.757620812814576 15.624255389564008
v 14.419100017857108 3.3821558493184405 15.575332064755155
v 14.904571579620162 3.8620430264134455 15.592955242895535
v 15.263181337823351 4.158681690300572 14.807802361052953
v 15.087862620575352 4.037960847078853 15.197239097566738
v 14.795103156576946 3.6191292535957302 14.750360515520851
v 11.908645560218972 0.8432039276243977 15.47684850520132
v 12.641757969897517 1.5933936385865337 15.506983562262596
v 13.206671025728378 2.3875869867312183 14.606547367626344
v 12.922279973202759 1.9557660900418128 15.039955326957553
v 12.538338309329701 1.6848439872374286 14.523638243296768
v 13.292071960393516 2.2390570922259627 15.532381144410616
v 13.87939985452865 2.8314208168888797 15.555213013907714
v 14.011473806506848 2.5886155993686817 12.78249703140863
v 13.826251749342976 2.6361149595708575 13.256682026857401
v 13.426868944635165 2.1098168766003873 12.649909300035684
v 14.499108045066016 3.3715334307401736 14.290232880944883
v 14.18530916560133 3.08645412368514 13.80448859325702
v 14.686334779101768 3.4379870389763987 13.874445022748022
v 13.002354900968989 1.9717287729615975 13.590150600823232
v 13.617384083165755 2.5326254129940704 13.698822910624603
v 13.4076149828803 2.4278343168086582 14.144298326791871
v 14.108939823514746 3.13257031000426 15.130617349940547
v 13.77363742939735 2.8163566610237716 14.656290144653536
v 14.30576689218596 3.2507579990900606 14.706587299281686
v 7.684776152504714 -3.414301649159043 11.015735366118797
v 10.116845195846711 -1.121823058840544 11.694051980199777
v 9.03390288572032 -2.0789664642701347 11.406113142909273
v 8.622825546742188 -2.4347303149136614 11.999076269441122
v 9.43557283699371 -1.601317717402857 12.854781854397888
v 12.76042529296058 1.5121783679500567 12.468311837547741
v 12.301191070593193 1.3264371101952435 13.451384466273785
v 12.562938246026945 1.551958478349576 12.986752694519835
v 11.994448815356114 0.7524645632196911 12.243862555459764
v 11.124465611388125 -0.11877046045366413 11.98756662550136
v 11.38988637396173 0.36737726090437306 14.916255617341221
v 10.142092954584108 -0.9198536527913426 13.611992438388542
v 10.800123537121213 -0.23298821835928862 14.297762964666916
v 11.729497910284802 0.7824139609805645 14.417113881424864
v 12.02565524978227 1.0842061450848277 13.93226416940374
v 10.837711311786174 -0.2770786342172009 12.534852826725047
v 11.469535164495262 0.4549312556865317 13.275345708502545
v 10.494937629823056 -0.5941072943443579 13.06393068148042
v 17.225771742277377 -17.110789672023536 -34.36527099995172
v 16 -19.196075596372893 -34.40224574301464
v 14.74858401143096 -17.80349714436514 -35.418957726054025
v 17.423979686541458 -5.658651533123958 -11.576063258880847
v 17.243312373925257 -20.397470947792627 -33.121366007737294
v 19.614935698871474 -19.271230562027043 -31.606025347602937
v 12.07759120983873 -22.271271281392316 -35.65521819554695
v 14.723938095634777 -21.356200312786648 -34.41524975333563
v 14.506105043617351 -6.722058884118198 -12.93000666279628
v 19.41134714027597 -3.721757991944898 -3.9567305953408436
v 18.97976547068637 -4.044185327902049 -5.474006574783171
v 20.139021857813848 -3.831828876882721 -5.252473277932509
v 16.625068528724817 -4.974864791093193 -6.464832583707391
v 17.831071340339488 -4.566857545451793 -6.029883208104863
v 17.176974139037856 -4.502120113992184 -4.746390251587858
v 19.307012227893846 -4.799386603006496 -8.996244054976128
v 18.54950181972193 -4.756505863419022 -7.544942707366577
v 18.01983346214461 -5.181329804356459 -9.440813218761257
v 11.279148261231509 -6.619625373479163 -8.239972359133873
v 12.741678356910807 -5.917967542912102 -7.481452172925085
v 12.240493020911613 -5.734547602977425 -5.993501355274283
v 13.847323251689847 -6.574413694341732 -11.114040885321238
v 13.255205163398848 -6.346463798958165 -9.348496192992869
v 12.304265612452932 -7.244246773642232 -11.934423082653211
v 14.792932995255661 -5.026318162891457 -5.2768337974806165
v 14.07901938032489 -5.576731546192324 -7.11159470642442
v 15.36426088295684 -5.33292816644056 -6.8483313028481945
v 16.68526980635983 -5.55789747267232 -9.895580390350872
v 16 -5.3155669473904545 -8.170077142056883
v 15.303422857065272 -5.9136148854465596 -10.322872006818564
v 21.088501382705566 0.6521626094306487 6.514514838821647
v 20.990169961698687 0.13009119006086678 5.5115318470841235
v 21.652252593714362 0.5315570245449095 5.769322916018055
v 19.529688428826 -0.38246602325264334 5.184962875905061
v 20.249397544583765 -0.06795160435493486 5.3871769629056825
v 19.713765229876216 0.11804436074005942 6.184411607119294
v 21.551600390874846 -0.7850966968835102 3.3754215552564304
v 20.880624611514698 -0.4478314533340715 4.401544711439396
v 20.75126444893049 -1.0657984460534635 3.187295080762711
v 16.41121333761014 -0.8647146706068831 4.877435206909551
v 17.20255186279473 -0.8122235509623579 4.910955958279775
v 16.76113732732004 -0.47901041922114374 5.81541145995768
v 18.22648957260448 -1.7075343782544863 2.7516037815202594
v 17.682222333476997 -1.1608560313996499 3.9367163163747776
v 17.342861986547895 -1.61270402182544 2.8301370119955234
v 18.280386498840762 -0.3893940617481064 5.870797414823976
v 17.987744868020847 -0.7059580793635831 4.97889737735219
v 18.771488867267067 -0.6216024752115423 5.031256349120586
v 20.859749241416925 -3.1949788399911583 -2.3351394856097016
v 20.129850421891916 -2.8998440041181475 -0.9929467866825306
v 19.805451055195398 -3.345850106680796 -2.4306129396816942
v 20.602581782463496 -1.7570755174627344 1.8188584535961745
v 20.388366756082537 -2.3361913550808673 0.45540935853431286
v 21.295664735541685 -2.039129423859528 0.6763057354093291
v 18.506400992012633 -2.81760995979117 0.10593339799071622
v 19.44897743406675 -2.555415687448612 0.2993806330509372
v 18.808621459638417 -2.1060030121198707 1.5844990970003607
v 19.331584114373758 -0.9939697823123836 4.04017119738338
v 19.095944814502193 -1.5965679510910924 2.8182532921336954
v 19.945933874495953 -1.3957181010555537 2.953648022319939
v 8.397181447922797 -4.806530365667054 2.2387640600303023
v 9.699889972578765 -4.035824910805957 2.7582659729729855
v 9.362432292619744 -4.020100650459234 3.6268973398223157
v 10.334304459357675 -4.350291841800278 0.7213545142010886
v 10.013121237402222 -4.17593661811927 1.7726108493983919
v 9.002011738916703 -5.1582068909373895 0.08627322984990826
v 11.674358066170475 -2.4986527289698657 4.567203867415628
v 10.934809422251266 -3.152653103458519 3.349742949016008
v 11.988157657127253 -2.6203038024575243 3.7076334783985363
v 11.780095674675671 -5.452814753931058 -4.4378987232954294
v 11.380415005581533 -5.141064890741706 -3.0080399935522344
v 10.457412859945034 -5.892043722227697 -4.911389307491206
v 12.979377712286638 -3.47268331662449 0.49638588115087856
v 12.230634203142507 -4.279097377645563 -1.159108391577476
v 13.341575899708621 -3.9589722420361255 -0.8581044458048268
v 9.680492065546705 -5.526744463185793 -2.2863176439948454
v 11.022449593049405 -4.798014800130851 -1.6316128012917446
v 10.653486746716805 -4.627214046558464 -0.4732892989358568
v 15.22359185197162 -0.8096314576727721 5.611076420798788
v 14.753346285472302 -1.4287875539675348 4.504281293079266
v 15.582287624773617 -1.1312537271183274 4.70164818745261
v 12.953425570357837 -2.2713882342204244 3.9425480193174067
v 13.896044481311977 -1.6826479401475787 4.334564431282086
v 13.541386037056284 -1.6703348773924276 5.079132453178774
v 14.597125393450893 -2.3998173098952265 2.241574679540996
v 14.225102333245017 -2.1062649826399564 3.2721377921459833
v 13.648529904520622 -2.7015192289585777 2.007925703251729
v 11.52495473199706 -3.72831487998155 1.2042589816901792
v 12.636914794001717 -3.114926427451042 1.6808373538241081
v 12.312508494689235 -2.8094062951683902 2.7625232920437064
v 18.723725234531166 -3.4325740082984595 -2.5187034474000747
v 17.5033245222202 -2.803448407627201 0.10842799170506723
v 18.102639670458956 -3.2557123644688346 -1.2807873199711892
v 17.66606466710166 -3.8432330417091833 -2.913729298739163
v 16.563878968319678 -4.050514287859816 -3.1131624360265207
v 16 -1.4445766452221633 3.7420301482950027
v 15.026019823248808 -2.7612332614666997 1.0853700334768064
v 15.543913764115109 -1.9440801489862132 2.580984452615624
v 16.450645556042844 -1.730024149332479 2.741060687424831
v 16.947868696093085 -2.258262470969612 1.48521705417566
v 13.064596144882497 -4.942807275725137 -3.9579138167484444
v 15.42476099818721 -4.454456492945003 -3.4982205382635563
v 14.266997782442365 -4.640475453223573 -3.6736269991372055
v 13.78499814124855 -4.28471129795242 -2.2042489601034276
v 14.436182092766124 -3.560094246429486 -0.5310447034855592
v 16.507578338515042 -3.0453096107895092 -0.09436298374992802
v 15.485510907685407 -3.3046143048027545 -0.31349010502681907
v 16 -3.7734604603257083 -1.7523981704257494
v 16 4.879530631199344 15.255510480569175
v 15.510942206512116 4.233386742353909 14.414685934991594
v 15.76404251736871 4.628046589832387 14.854404650512237
v 16.228619458744536 4.9817021079041215 14.89003143354684
v 16.463757372417625 4.8421088074215195 14.496698968844438
v 14.277425694306455 2.5016704625639505 12.269153474122007
v 14.634194102229399 3.072764034251925 12.896306359047307
v 15.740126476167482 3.7612462558378414 13.059414907336436
v 15.205203305425368 3.442046456157639 12.983471311331149
v 15.458949442143561 3.2239637897654685 12.468790439791057
v 14.95302093978887 3.5418743882344987 13.452802388532476
v 15.240444866680894 3.9046486237890843 13.949159477081542
v 17.2304391794756 4.353998441106379 13.203917289308055
v 17.541884166915807 3.91758327940175 12.660502151674653
v 16.704671438344914 4.778630704111254 14.097348463980637
v 16.955323132716604 4.632498930008438 13.675792292020915
v 16.519763602067734 3.726620914895525 12.607721452239542
v 16.746921433338443 4.198485568961377 13.165174506603961
v 16.253634977160875 4.055050854743003 13.13000685172527
v 15.754407627129437 4.271971987218961 14.012137505014774
v 16 4.249154439598797 13.594640442070807
v 16.239459742296468 4.564829873334691 14.061775961500015
v 10.141082121106852 -3.368193214597895 4.980998106248284
v 12.276390512165992 -1.9398504661128655 5.778965181119258
v 11.268532922610806 -2.5859900656573096 5.417731918459399
v 10.892370121360191 -2.588989724551137 6.293604622206587
v 11.56580040323179 -1.8578208442012283 7.470166860768886
v 15.61061412394445 -0.3621756155520579 6.666391091805194
v 14.85305339889478 -0.5952282070249133 6.534644327873737
v 14.161996897772797 -0.30204764847492527 8.173455478134127
v 14.492564248962568 -0.5116245659773391 7.341317271805078
v 14.91547964515133 0.22872681486501456 8.421857835424106
v 14.035139669800113 -1.1230931336111745 6.235976598290431
v 13.2039672592661 -1.4077328593504106 6.077467450993451
v 13.394440204564454 1.0496027220692028 10.709309654915366
v 13.842586797500825 1.7348264461043659 11.498464293274719
v 12.223501514291875 -0.9684531137398835 8.626935491325742
v 12.837999920646885 0.03509622807643176 9.717238805275137
v 14.334126499095177 0.9909075285486146 10.055617714162532
v 13.611640633093574 0.5158370810459658 9.886362487575832
v 13.883314962708456 0.18708808200546656 9.095365608223496
v 12.836818445267483 -1.3872932716040367 6.896471078336619
v 13.391517923573204 -0.5763619887815388 8.056262547830595
v 12.520767944763927 -1.1753908547113632 7.783136299564541
v 20.51164154780512 1.085582863741191 7.51485175474326
v 19.553924133520077 1.6873063367422034 9.163505794708271
v 20.041136495718522 1.2924650808047033 8.320338486718942
v 19.87823654855641 0.7656414417000477 7.326043662740924
v 19.220738692325146 0.4829134957578862 7.159308615920249
v 17.882683168898765 3.5513869479301245 12.071700358822783
v 18.24564264818129 3.1147652057769406 11.440135398904943
v 17.9025851835043 1.7865429229227683 9.793760120250324
v 18.078430331859295 2.5251627036803956 10.67970782794136
v 17.516253497756168 2.3389453367118804 10.58951089143003
v 18.657188357035974 2.583885085596304 10.720278470051241
v 19.106712126161078 2.0410114686523624 9.934596027841081
v 17.099643152021237 0.08920778308277022 6.925023417594884
v 16.382614067453012 -0.07762106849956396 6.828711856331893
v 18.520773741958067 0.3059935387762085 7.054303785908212
v 17.82398235013782 0.10461080849672122 6.936044624994233
v 17.028014874791253 1.0504387896181857 8.816692804669529
v 17.413285994348655 0.5196402387437491 7.882111711331827
v 17.683616749454064 1.0672719550296694 8.830860061447012
v 18.943669017010052 1.4684409917518124 9.047969578354202
v 18.305298467791147 1.3503068931814184 8.979562350642365
v 18.729089527273207 0.9988123811075411 8.145773168103485
v 14.506177942569453 2.138288009943679 11.628529966696806
v 15.033570603562742 1.5018618993700148 10.264011722993597
v 14.765424415637495 1.880825720361667 10.985915649469842
v 15.133304366554075 2.5745056346254405 11.767845771857967
v 15.716617125055292 2.9260465216043503 11.879517434409873
v 16 0.14337062477183515 7.680388264511494
v 16.65398094197866 1.469778197720375 9.640207627274314
v 16.348857884163312 0.7880416253423235 8.691734649144006
v 15.645638016368899 0.5480352049778752 8.57642861406738
v 15.325261138414488 1.0085764154040753 9.438342327668046
v 17.35534891824819 3.4232300578649966 12.033753048885261
v 16.277470334126697 3.1988233561568293 11.96548777176251
v 16.813980571448706 3.391084997094543 12.025258251982363
v 17.145053672207627 2.9046394872715666 11.349498425972815
v 16.922884346694065 2.155114115313559 10.52246194788267
v 15.682993140625765 1.7414392110616337 10.357793395521924
v 16.31048989713622 2.034563790174367 10.473784725971473
v 16 2.4444161407384826 11.189701787353211
v 24.932911516329284 2.0909707997426406 15.118616028285746
v 25.393429001635567 1.7115278139704966 15.652252333835987
v 24.21555515756171 2.585900406360553 14.11561318060292
v 24.574993519185522 2.329392091474702 14.604123985416138
v 27.65180043313871 0.2734177989696427 14.805811176113993
v 26.06434701564525 1.2576814345415919 14.682451687163057
v 27.21036930706017 0.531597825216064 14.19885005842538
v 22.940692301045903 3.473824835187594 12.321960919948014
v 23.278074646638775 3.2000074159661818 12.730679101846345
v 26.028083997323236 1.2050121726804601 12.486349963955133
v 24.597244346355573 2.1793509839491207 12.590865473212794
v 25.652246360538307 1.433530512102541 11.958999431193764
v 23.57769072955292 3.005336489488421 13.177349630977883
v 23.837775738308782 2.88718642947682 13.651303439591091
v 33.44815881385808 -2.6980500508901386 12.358464408022988
v 31.43793872953461 -1.8734907039699387 12.309613598427902
v 32.89239394140809 -2.4625580640891833 11.573892319175755
v 28.53233367619643 -0.29529053322150745 13.634409375873958
v 29.92059799056387 -1.077266045160556 13.012028031240682
v 30.33504483873037 -1.2275407043078772 13.72079006588418
v 29.021956304748105 -0.6569944175298588 11.67542709964168
v 29.525277605130427 -0.9408366568504611 12.316413194804856
v 27.741516824222252 0.06315852176856218 12.37089507476696
v 25.31700063876953 1.7105043106951783 13.595099809587119
v 26.491210075899872 0.8704568279503828 13.013770524813957
v 26.814648169288212 0.747986886097415 13.60548503820557
v 22.317801343165222 1.4324774021860822 6.996775902668833
v 22.2889427205896 2.006775931421373 7.9510344239111355
v 23.533828266788 2.4764238309304254 8.241118264271869
v 22.92554050984558 2.2152614124362273 8.080533453772983
v 23.543566368072767 2.0805793152101177 7.397324913091515
v 22.335346452186897 2.372286063238766 8.73282101970997
v 22.35197890621396 2.768566842609385 9.486437147933877
v 28.856692564895116 -0.06474609946645415 6.851081853724432
v 27.1670965188611 0.8145388934672209 7.333144535984445
v 28.604260404179012 -0.04634403590352676 6.082813990637458
v 24.85174221937141 2.2589065950818696 9.337637803871903
v 25.877114660692897 1.6511081699549912 8.446733805075514
v 26.24502471404101 1.4282772907180927 8.979471341086144
v 25.647605014076426 1.34580592520728 6.943209984040779
v 25.57247727411194 1.7858485109973827 7.87177131374583
v 24.249645251667054 2.571202130005709 8.307640738216211
v 22.49945941824377 3.611522093029805 11.382821814895816
v 22.64416142613967 3.678135001284142 11.884838051613322
v 22.35580851877421 3.163798815007711 10.20379005311683
v 22.41779635622855 3.4147631747747837 10.815896107720022
v 24.35024665992625 2.4639827634125524 10.530869044839305
v 23.065594551128797 3.437731173043039 10.873567761151342
v 23.893047521066563 2.889833326387196 10.163346399225478
v 23.517564252124558 2.866144589704904 9.03607788634664
v 23.576313123648056 3.101284683864991 9.713748585297672
v 22.9101058704691 3.0281602052000007 9.645958500253876
v 64.88148767700392 -16.329738461821925 -1.861559560026329
v 61.89688329473001 -16.867246402998695 -2.2605947278006084
v 66.25074327971092 -17.69809946564169 -4.82657082604123
v 40.92986422928708 -4.241180646689813 6.947492582248726
v 59.33804906406904 -17.076425188401167 -0.500542821901778
v 59.873219461889505 -16.998374136439345 1.4891165233032808
v 60.67834331055117 -19.132078916777743 -5.712818866012231
v 59.28002679908483 -17.52508213821684 -2.717842981950934
v 40.170439890752974 -4.236881761760568 4.65217970001383
v 34.476025437282246 -3.0160523868350246 10.731849945794094
v 35.98724903637302 -3.412163441864976 9.887524801317658
v 36.63392751169455 -3.709630430780578 10.775940395230174
v 34.81355377202394 -2.9009199704376982 8.164046656524446
v 35.28444046749779 -3.047109003464403 9.052546327395461
v 33.190072865529245 -2.3175683448253324 9.162889814019202
v 39.853709046587255 -4.263003602764677 8.997375713552756
v 37.69037901409 -3.8656482720982446 8.936642055611628
v 39.32346733187205 -4.1298894035896865 7.96255053141306
v 32.39716493444587 -1.6932854987340242 5.0649481891267385
v 33.00545582241459 -2.014057587332868 5.794304645964697
v 30.809625293883293 -0.9968533667186215 6.34446544600832
v 37.81364301399314 -3.7515802004230743 4.881817674980191
v 35.41073986259385 -3.0012386398398867 5.267658943318763
v 37.51080119674999 -3.7948600634039735 3.766103678268447
v 32.04919124314591 -1.7312720053195214 7.667526453402349
v 33.50737747106383 -2.2145722065094553 6.609268804775777
v 34.25272529277102 -2.6584545248965163 7.320434912945503
v 38.7720515397861 -3.9624617688361035 6.945239215778692
v 36.45983903014178 -3.3655273356413424 7.100446599930196
v 38.27489305275192 -3.841028635417203 5.917435896872904
v 23.859942579632985 2.7279342968695346 11.662677573044817
v 25.73570425517952 1.564163330491013 10.252757275943392
v 24.780052501458762 2.1139483470632623 10.978522932106593
v 25.244710111679588 1.7233216464622831 11.440295639336789
v 26.773545697678117 0.7254097237129642 11.238953276605159
v 29.300906191288675 -0.27507859431445425 7.511405845208985
v 30.510938513876482 -1.0633408446935668 8.713955806520474
v 29.845825493492672 -0.6025936569182484 8.129831096885061
v 27.93525577765554 0.4330655527734564 8.55928583751044
v 26.73506575087896 1.0777703670531391 9.47690903174082
v 32.233298749283065 -2.0575990994850244 10.82864320053106
v 28.424345812828797 -0.20686216216305908 11.079327048681723
v 30.363874767346033 -1.2898665915668879 10.895552988037425
v 31.699283097606205 -1.781178929229835 10.07774764751531
v 31.124209656903496 -1.4488080718650238 9.375208880660907
v 27.242980790440647 0.7067374421953492 9.999425652467007
v 29.04220873599472 -0.31915768686385704 9.697114665023875
v 27.81513387361291 0.26521876407326417 10.526988782524725
v 18.311039040692826 -20.2705024128121 -44.115206369441175
v 19.123887552684746 -15.660901480679794 -33.2977460256099
v 22.633440814217835 -12.920494631279816 -31.22047236506406
v 20.924747012209956 -14.253169530904291 -32.230849122136675
v 23.252716613504003 -20.482683446566448 -47.51264719526419
v 20.30731508627236 -16.902257406126658 -32.19543279358342
v 21.44005752099448 -17.858954468101295 -30.71959599051212
v 31.170294953347465 -12.627305772348144 -35.66496813971159
v 28.94846441720017 -12.825524787410973 -34.695619572979055
v 32.177190708434125 -15.72777256493853 -45.334668097698255
v 26.97397970850838 -15.320134097850605 -30.20832881449777
v 28.04613480080554 -14.378256856077073 -32.83509282893167
v 29.156252667102407 -15.424739928179534 -31.423936173072512
v 27.946105673492227 -18.48974847716493 -47.188684638903936
v 26.724012258488848 -12.789696792279564 -33.37024163922298
v 24.512486536474768 -12.406802978689711 -31.52535974887647
v 20.749430383326825 -3.868221719751297 -7.002713149328173
v 21.134732270697903 -3.596884340630698 -5.418433424479758
v 19.87973300381077 -4.553898076203129 -10.725408802202004
v 20.3454649271725 -4.244992578822917 -8.835795458299547
v 22.47543452871639 -3.4985325557155704 -8.941486542398678
v 21.394270030068682 -3.8065102010943477 -8.808278532612505
v 25.925064701200128 -16.111310246328145 -27.584902079969424
v 23.702530007226926 -13.840937800064768 -29.767084128391105
v 24.806151741786785 -14.937738928312235 -28.61581203456663
v 23.160701069334948 -16.340772117067964 -29.610534223761135
v 56.00547882870197 -12.07290645501794 -48.730224481054094
v 51.8847821120346 -12.038054966199077 -46.386128006006814
v 54.081269419170056 -10.328065615503732 -50.1352238597115
v 47.93188802263637 -15.005674373031383 -39.65664416662203
v 50.16489688611771 -13.877060029028197 -43.46791614020713
v 51.74622686583847 -15.345370137365371 -41.83861003849125
v 46.18197603337203 -10.216280612100373 -45.07232012524194
v 48.320647056268044 -12.176338743777663 -44.609011217206366
v 44.75933175311049 -12.045890214235193 -42.42074213221083
v 40.61090879540123 -18.58495125502418 -27.214727113521803
v 42.16297138887833 -17.710545645172118 -29.840938054949987
v 43.08434941071225 -18.42288896548917 -27.823397909710593
v 39.93052063888685 -15.79454878539612 -33.356596001095404
v 41.06276993983258 -16.773616872742608 -31.611584915359465
v 38.52687384228656 -16.873361887253502 -30.756501552058317
v 47.44217087676195 -17.493284582017424 -34.87450115868291
v 43.58238645457781 -16.483309426164297 -32.23439824676743
v 45.837892219134325 -15.99954883649757 -36.088963845991024
v 34.74250938709235 -11.009889914493144 -39.286427749729924
v 36.12840079088083 -12.334129385895427 -38.00706633002554
v 33.65681285463762 -12.507921765592457 -36.86908924391917
v 41.10388020934485 -11.52754940746064 -39.59468339554814
v 38.53518387018123 -11.898017465344921 -38.707743478785396
v 39.55812372246437 -10.038047430161289 -40.69016691434099
v 36.13367692096496 -14.740015157743116 -33.830548961513564
v 37.42364411808519 -13.527510770348457 -36.498416857039196
v 38.61348673835579 -14.580763850567628 -34.79393099018867
v 44.16571602424666 -14.40493222981905 -37.120129110091426
v 41.2565088507899 -14.439638321852556 -35.82365388438882
v 42.74603381557209 -13.086672677245527 -38.60229773692329
v 22.292431705346964 0.1843593855853971 4.674251500756585
v 22.30218520908993 0.79396854679573 5.802850128295628
v 22.270864003303597 -1.2694460206823592 1.9785046016319026
v 22.29958274674774 -0.5456148387638429 3.372071350018242
v 23.809158651343 -0.06886113425871798 3.364515878586735
v 23.077086705891908 -0.36387817687120716 3.324398791939254
v 23.90056438639021 -0.827911577389095 1.910705041852843
v 21.479646568972676 -3.21776873360459 -3.7794757447606493
v 21.77779939497844 -2.8928889911134306 -2.3492910063353953
v 23.731632391625784 -2.5630867578464454 -2.649289839970656
v 22.704688595005326 -2.6105836982169635 -2.3815453144973056
v 23.548586849290665 -2.978889390601207 -4.223713200096121
v 22.000429889358028 -2.4263065205482555 -0.8761700315746843
v 22.158635912204296 -1.8714334775711272 0.5756218718170345
v 29.928717216104037 -4.88618119674684 -6.537137875342147
v 28.211771278646744 -4.348122277660153 -5.55497919795333
v 29.700925119552313 -5.014431263801967 -8.11804483151592
v 25.328573234901317 -2.3024671144404785 -0.5723188393877301
v 26.733053705571137 -3.4120287745043143 -3.0025003600509557
v 26.74086567154287 -2.885612569001548 -1.3790857251533275
v 26.522782254293418 -4.267948510691127 -6.3921880291851565
v 26.628400484186024 -3.8147956023822047 -4.615196413817053
v 25.201978112417457 -3.3513358044356494 -3.7814854117190038
v 22.983312182382427 -1.5625120006198507 0.6043307180925055
v 23.837556310141295 -2.0183356722040777 -1.0546098377789406
v 23.92810735146885 -1.5151619725317005 0.3986308069821174
v 32.44991827201514 -13.80996115348989 -34.33621544031159
v 34.89794845564985 -16.012713926926416 -31.467578870934375
v 33.776021942055 -15.081373828478252 -33.15660383064648
v 31.393421317142653 -15.209856264285111 -32.19762588146642
v 30.237616502114427 -16.217623754419314 -29.67771988291522
v 37.98836549862689 -18.453901489911075 -26.158026420509827
v 26.271550869693073 -4.4568952856008295 -8.055162010962349
v 27.848542556421457 -4.844896038190807 -8.99521165462031
v 37.096991946005375 -17.84056819224258 -28.13763027113096
v 36.044490497628246 -16.987263933915777 -29.8537971548254
v 22.081054915015635 -3.088913214493793 -5.234127911766194
v 29.06181286657923 -16.98013942449885 -27.02074183977301
v 22.82748361006027 -3.2124865477460176 -7.126164400845592
v 23.188004530886666 -3.0546621995803527 -5.581517824749085
v 24.680340261651992 -3.8169698705281547 -6.862847823518763
v 33.701432417609595 -17.16630260839775 -29.114457039105936
v 32.437781624274535 -18.013783800066378 -26.559992145214125
v 31.320940894499692 -17.07483952531154 -28.047352311973476
v 93.53066552053892 13.019449725120719 -30.77811756226655
v 92.54859271631464 11.149287437243007 -33.16243941897215
v 92.72836978337905 14.132612698310197 -34.44223655179271
v 92.03253752010642 5.319095885038834 -30.56663694833489
v 92.33389028685944 8.205712630756194 -31.881017353722676
v 93.64989359800728 7.132905047971635 -28.603344576179154
v 89.56748535722856 10.41369601532087 -38.50603613632725
v 91.20657673674224 9.278648955130915 -35.34233687710245
v 89.31387894965442 7.463288367169492 -37.13255041290071
v 90.61041891180953 -5.907727851959596 -25.34126764997714
v 91.92496399439122 -3.392438694695045 -27.170927785053223
v 91.44325889464373 -3.898371095126574 -23.025996781367766
v 89.92007938868713 -1.5552215817913222 -34.10323589653512
v 91.31928439814378 -2.5789808189476418 -30.85295829533461
v 88.98866443005834 -4.248367988092795 -32.36481284575644
v 93.07101893830057 1.42937644829839 -26.067026291986288
v 92.6330229801488 -0.6459278009948122 -28.687678703227007
v 92.21327056146728 2.349089349701634 -29.554107799307197
v 83.91755932081281 2.7727271606497865 -47.3775371257365
v 84.8959332582683 1.7748763556600942 -43.50774887632945
v 83.24875068985304 -0.12182943018829562 -45.52952287419541
v 87.50500351536104 5.619604170346925 -38.99285586502172
v 86.52389654021867 3.6605877408830576 -41.48782093505603
v 87.79106004266447 6.502016507264438 -43.737375310582685
v 85.83925432959428 -2.1320194438646176 -38.59830840064796
v 85.8524908484936 0.8113928012240983 -39.76904785004609
v 87.16253159815923 -0.20498605496521094 -36.429213351675926
v 90.52822365510244 3.4570143582156465 -32.593702849895976
v 89.0270115650723 1.5861203513900932 -34.638787360064924
v 89.16362130614849 4.51355656671033 -35.87766475861479
v 70.03867941288107 -17.397740584319727 -7.436081123966009
v 72.59753115291937 -16.555155102846733 -9.436499108646807
v 71.49072642971481 -15.952070018209021 -6.090550257946482
v 74.69543244445113 -17.675332106718095 -16.698548265120237
v 73.35193538879264 -16.94924534025484 -12.813977815398456
v 71.83678417461368 -18.509030442403507 -14.260489767452686
v 76.74920900301615 -14.02229432933433 -10.077579939982616
v 74.93358742047991 -15.427202663822722 -11.39745607455258
v 77.20571832683476 -14.13031834763963 -13.38286632499597
v 73.93538801455324 -16.99436663586399 -30.365966055060056
v 74.93488446972873 -17.636128788203642 -27.33958241928267
v 71.86334840076461 -18.52544803704962 -27.880162902974128
v 79.92865395071101 -14.995775574753829 -25.181582027566833
v 77.90345221086037 -16.58601838187726 -26.61147847662555
v 79.89326402394207 -14.783216242916026 -28.92180382825112
v 72.68623887325575 -19.034022318067613 -21.31944858867933
v 75.18925357520226 -17.846817321467107 -23.860823571399052
v 75.23069725335361 -17.928859977616177 -20.386893680250573
v 87.63123941537084 -8.283521865964762 -18.995060628733064
v 85.4113416156997 -9.869564825756921 -20.415789040820748
v 87.94543772743509 -8.027785382068316 -22.79421679958152
v 80.17333952078023 -12.977587955690872 -15.775246595639096
v 83.00362172557456 -11.600095334573922 -18.16825645287873
v 81.92252222245968 -11.394714447749209 -14.278509550657944
v 83.67911646231241 -11.345262967120444 -25.750635087744627
v 83.73395889692328 -11.640990281064536 -22.09667644442638
v 81.72956333166178 -13.262838684518393 -23.572842957059976
v 77.15951777015195 -16.428415339952906 -19.00652246450617
v 79.78579878694734 -15.086318135945504 -21.46583846589838
v 78.49709307222881 -14.613168931798437 -17.292234298081738
v 61.842169214067404 -9.326918024555098 -53.31183288633021
v 64.10946245435684 -10.728962495963692 -51.18160555848553
v 60.65791127255845 -11.600107033018187 -50.594059319383945
v 70.72649036949556 -8.475447784631605 -51.403379203575696
v 67.08070295532964 -9.482177160512048 -50.927970549897836
v 67.67645132187812 -6.724482137224388 -52.70678780966901
v 65.29155221635806 -14.463854627949488 -46.68529959326393
v 66.31371889435552 -12.091334309633282 -48.95372906564789
v 69.16371153394797 -13.811521956288722 -47.497445363777686
v 81.56323659989488 -2.1634422024821554 -47.70134045322882
v 79.53317195358171 -4.005237387522193 -49.41534299924221
v 79.74331040094916 -0.8952357635208408 -50.732598096540755
v 77.90816678480684 -9.665920350151904 -45.622007106271965
v 78.72619035515044 -6.8794459816509566 -47.507773459836656
v 79.84333677448467 -7.829796616598557 -43.91360809863976
v 74.18039271274816 -4.106369173706348 -52.490248888705054
v 76.82745178849075 -5.6275884351876115 -50.41467047449623
v 74.00198160454144 -7.158994412620945 -51.20391235215256
v 71.27099470829297 -18.159353321740646 -35.22212131758179
v 73.5211097238732 -16.588045165387108 -38.30051977592323
v 73.07207644648732 -16.42137790493277 -33.727796591535565
v 71.86594761784558 -15.446992345549589 -45.698346441568276
v 72.95449262035555 -16.16922070702656 -42.18193546297455
v 70.07553482432317 -17.420518481260295 -42.76313727341997
v 78.15930274139738 -13.210580358378252 -40.26254771445616
v 75.5538670935592 -14.703677866881765 -41.241642529265484
v 77.01152753175242 -12.38142481553679 -43.684828142838334
v 73.44996395686357 -10.058693898346064 -49.53568168766128
v 75.19906694486772 -11.205314287544542 -46.544301502051965
v 72.43815182699053 -12.680029353008706 -47.36132158980452
v 87.96405237464761 -7.517913886269753 -26.61833328093124
v 83.55701114397095 -10.896019236369252 -29.56127198714971
v 85.49226336095376 -9.129807636084887 -27.939467892252488
v 87.78673953864845 -6.927343546341017 -30.484734086133045
v 86.24100455462023 -5.8939230796852655 -33.54271497513241
v 75.86491782864647 -15.223750386976146 -32.92496534340528
v 80.54393587288023 -11.560251739163995 -38.88919745667609
v 78.13757839736763 -13.455231352605594 -35.8199797487466
v 78.96819806636393 -14.097664040868132 -32.27806992622274
v 81.18326160427348 -12.494156403659588 -30.892898473673533
v 82.95649208003381 -3.1750801797646453 -44.19209603397343
v 84.81012972773414 -4.891900032225156 -36.750547182347205
v 83.98892051909154 -4.072210525875839 -40.483046571313736
v 81.99688953483387 -5.981120366650028 -42.26969384271745
v 81.71821212002287 -8.951241725993473 -40.96297502307532
v 82.3358590146105 -10.028014128450145 -32.76740890308149
v 82.04511983583062 -9.508351916660434 -36.783008499639266
v 83.66941383234257 -7.537375920979851 -34.81247534300093
v 22.953595605371536 1.1510783693949858 6.030658205250887
v 25.076647675422343 -0.6529906300442256 2.8555499058684646
v 23.78070070321334 0.6033169164284082 4.785307427489624
v 23.62182281839427 1.4545239384550595 6.221188286045871
v 24.606281545186132 1.2018165958626525 6.0362560018640785
v 32.00854471118484 -5.559727586998207 -7.515188017478202
v 30.18473599044949 -4.668788764377531 -4.7740827046881265
v 29.993086188579248 -3.375287723466407 -0.7941962258009774
v 30.166009983723487 -4.101746505270256 -2.782659115540124
v 32.228887528174575 -4.870666540891051 -3.6628914343988583
v 28.344318424873336 -3.4358000513432785 -2.0185358369009627
v 26.63386894519515 -2.069550993998444 0.5359949258436689
v 28.871102571206684 -0.7027303318336244 4.68810826873897
v 30.6068874698912 -1.3945069139828021 4.191454539427781
v 25.890816724331067 0.5992178526316536 5.6120995491263255
v 27.28613262503202 -0.013165563750021647 5.178402768569931
v 31.143730646325153 -2.7015805265742863 0.9287060535251808
v 29.17215200883095 -1.4433043508168133 3.1225471774761804
v 29.48103978129645 -2.2393771694981375 1.3897957480659642
v 26.504696683313 -1.3071461303531997 2.272896672695497
v 28.005116102880862 -1.8745877540722056 1.7529452223680089
v 26.19362713506746 -0.3133474343807414 4.046694437075518
v 58.215827083401045 -13.445453443965256 -46.87872568104383
v 63.49334384393792 -16.795616850610813 -44.17035359856356
v 60.64906284862881 -14.977308781133907 -45.29882439612208
v 56.03935480380461 -15.20756151199312 -43.556466966981866
v 53.871331268273416 -16.711733606036958 -40.24661833660113
v 68.09628281933723 -19.465830516856236 -31.764094637274212
v 68.29546510758212 -19.707827709832515 -36.03040427867195
v 59.74326458982017 -20.44730973399036 -34.46614473215513
v 64.01564989090394 -20.213731588556108 -35.387741025134545
v 60.939165183245315 -21.09081443093691 -31.69951226627461
v 67.21752899623925 -19.088616111080285 -39.24609001005226
v 65.72680184210002 -18.194782743333356 -42.10532118590267
v 46.85671303247527 -19.109946937850033 -29.561906792645352
v 44.678759585658455 -19.47493765785758 -26.24507443044667
v 51.81817318427945 -18.104195360888504 -37.10292341908263
v 49.52567077073364 -18.9648169830894 -33.60932339343662
v 52.76905103405399 -20.945773001191945 -29.62576851338762
v 51.43699026947675 -20.247962155106357 -32.00158968287872
v 55.65840186173543 -20.5933620051837 -33.509543947680704
v 61.221270271551674 -18.605678744464505 -41.01502451964317
v 58.37368808519653 -19.70569869421076 -37.16272155643518
v 56.61408640830134 -18.635176947350182 -39.42832472748076
v 67.7466175872982 -18.741897781093762 -8.232402971690888
v 62.48123369572062 -20.688320446466392 -9.334415370046045
v 64.67479128820369 -19.453923248622445 -8.59776438530395
v 68.78172774251989 -19.48474971512684 -11.657601250039995
v 69.52949812443913 -20.04187089014527 -15.13151927165832
v 32.577776304044036 -2.08137533873019 3.6906574025845824
v 35.056469086853724 -3.1535493145069324 2.921779210736309
v 59.30568117049424 -21.53668681721839 -15.275929303487217
v 39.01859597093651 -5.508103354456921 -0.22155867153592723
v 55.35703656383967 -21.0794644060949 -14.603762394717393
v 38.398168487195676 -4.764887501484051 1.7741835576870102
v 58.71622672506541 -20.556743830802496 -9.13835329823399
v 69.52293616945106 -20.248304741776884 -25.24470596499929
v 68.99740254531181 -19.978153352854456 -28.504112649126192
v 69.80367179203247 -20.29083127850219 -18.55423573289029
v 70.25041971263835 -20.66209466385625 -22.23587718511682
v 63.01471455828303 -21.888379643134222 -22.070481405184125
v 66.9419171339228 -21.607675781354466 -22.46832358215886
v 63.03698507479291 -21.677819420673025 -18.765850889138555
v 63.49084179219184 -21.6671975536607 -12.824907613581168
v 63.248622919575126 -21.659817846680504 -15.7336104001342
v 66.95083566856366 -21.333288577496177 -15.83735423490345
v 45.840751731593635 -20.142970597040033 -24.0379560604267
v 53.74258348516253 -21.41544861166311 -26.83747450266197
v 49.71194687333383 -20.874113723127792 -25.513403143763213
v 34.475252003771956 -5.938589253060549 -6.570473535362321
v 34.04156695529689 -5.028526813673807 -4.056333173093954
v 65.50420673227785 -20.89605784415874 -28.68832239223555
v 58.947864586788555 -21.839844283434445 -21.511866399308808
v 62.73523471358118 -21.952459457994046 -25.512384656533897
v 62.023810933926434 -21.673179689652265 -28.73532566155444
v 58.10296321085776 -21.873494782392115 -28.143826449910613
v 32.97425415945361 -2.8035026166437085 1.9855320181482785
v 33.4908268969493 -4.025494255198645 -1.6437546221710697
v 33.17555159946018 -3.33648095568158 0.297350510202568
v 36.2464763414483 -4.829623690832719 -1.0502646401696403
v 55.13325032178212 -21.324036702817743 -17.574637068714303
v 54.51357275639492 -21.65731054848279 -23.89903411207881
v 54.933072019322644 -21.581152907965013 -20.745620947105465
v 50.55916356117042 -20.616455761937154 -19.34497925707324
v 26.6078378086074 0.8091345704868615 16
v 28.98438952636512 -0.5318854873948631 15.146322341471333
v 27.76668163004063 0.11990009210247621 15.598058313126952
v 27.79976528677284 0.07525098959894727 16.40307180165077
v 29.07551131825179 -0.6479028808824658 16.85966859385765
v 35.05278175755836 -3.2797839210235367 12.70436821152072
v 33.449948893014934 -2.694714258933356 13.405893313894534
v 33.206488029562124 -2.4287658961129424 15.487232253257398
v 33.37433189254109 -2.610256893434613 14.453159841474486
v 35.022275890697856 -3.248914595542459 14.907979922831741
v 31.82151166003637 -1.946979517203168 14.056658811775069
v 30.372731556139914 -1.2630322241593035 14.629428633251234
v 33.000215082127085 -2.212899375767986 18.527249327786272
v 34.54581661322062 -2.766778599139524 19.207940108251663
v 30.341459878842116 -1.2254719336336812 17.367589326394977
v 31.60995911941174 -1.707006928301137 17.917356391417687
v 34.735960365949225 -2.9591877976065994 17.07558343713491
v 33.152404971359545 -2.372543176423676 17.527081961429666
v 33.15363533527032 -2.372158764639682 16.511192692209992
v 30.39700594634748 -1.293839778976647 15.542356415345179
v 31.730471975024265 -1.8370447314725098 16
v 30.37842612564731 -1.2715214967234907 16.45705298020698
v 66.77571860349228 -15.38111990015858 -0.8344443420086591
v 63.56482477740393 -15.435728828156915 1.0436090918802954
v 64.5460569296012 -16.048130432674775 5.540496823473923
v 63.830623716240865 -15.591951342243917 3.35051361988069
v 65.70158260368953 -14.717267343740623 4.378004980247894
v 62.061103859094786 -16.480734932577633 2.332121789668335
v 60.70247435261259 -17.561840944643947 3.5544482819137
v 65.41820331636839 -16.592141585556114 14.795033018860497
v 65.39314600392596 -16.57884180140467 12.466986085673765
v 66.3796938772195 -15.136363158936629 13.67304804272823
v 62.5477847637088 -18.82605101698625 10.147228225545229
v 64.09365146647582 -17.80760027121896 11.28553736204465
v 62.45781597846669 -18.73873576709989 12.457872966115152
v 66.5760525567851 -15.257719496894214 8.962952322664938
v 65.3835001138087 -16.578833254234958 10.124144305295077
v 65.0633480606069 -16.377340772843844 7.819168871135533
v 38.37649826893022 -4.118824487301211 11.11045748333852
v 36.78326827294501 -3.8000279671316335 11.911799701561048
v 41.74217433385692 -4.5581948210799865 9.327704074159474
v 40.05043753097332 -4.388869145583492 10.244053277677107
v 40.416790245761796 -4.623346493134317 12.74781933388416
v 40.14300094906632 -4.428540899441387 11.51243330429363
v 42.137451231178744 -4.809918764122187 11.945532187363407
v 63.31325862581883 -17.29760382695705 6.724468569957258
v 61.99667549881108 -18.456521721421964 7.9073327599627525
v 61.25366258255511 -17.939111159507675 5.734947468556705
v 62.61824004029053 -14.810128266228531 30.658744665919034
v 63.893289717623404 -13.599680878537125 31.87878896216298
v 60.65811283606459 -17.528535088894145 28.43320109194118
v 61.72143928695016 -16.241214946960994 29.567088311360962
v 65.8632347863537 -14.817173886982701 27.659795040665642
v 63.825534951206464 -15.5885902316234 28.64814058407918
v 64.57576085618274 -16.06773975573119 26.46590304366432
v 36.11829512308212 -3.1665141813419204 19.957395874706318
v 37.76566793713583 -3.5696237996335185 20.756068510055087
v 41.96232876667864 -4.670491081300813 20.027302639211488
v 39.95707693567597 -4.271221752590257 20.453008174494247
v 40.255706078778715 -4.487288700246218 19.230725150947514
v 39.65069314107066 -4.049983998612262 21.660276636992265
v 41.66713243337805 -4.498264918120714 22.652845285799838
v 66.53641397815494 -15.233221508035047 18.33419059088682
v 65.09043089615595 -16.37917629303331 19.511361179597753
v 65.28103742054256 -16.501678355461614 17.20162245696993
v 65.13431421793939 -16.424171972713353 24.192664038193943
v 65.2166605847151 -16.468767398513336 21.85600442869771
v 66.59262899409634 -15.267964298564948 23.039354088646
v 62.34063892284955 -18.651116866225657 19.533192993235048
v 63.8959592614104 -17.668631845204423 20.69508352062537
v 62.2793561135367 -18.62521847655991 21.81902040185654
v 61.64257545035929 -18.230786049417183 26.35327104880377
v 61.92556984477309 -18.403255838914014 24.08015689247899
v 63.39178557294555 -17.352868656544146 25.29092625143815
v 36.821030759261724 -3.8418641779162215 13.081664690239538
v 40.46343483092818 -4.675060646228744 14.044162927893982
v 38.557063707688826 -4.243541922390161 13.536867185013914
v 36.90845284934926 -3.929051703259205 14.24449803805452
v 36.639585362488845 -3.6746947226355715 15.419554634177498
v 64.49447768499152 -18.076140540768996 16
v 42.20310358360375 -4.830698519515952 17.36032120618669
v 63.110302267244776 -19.23021928777169 17.19740662402698
v 63.31628229435472 -19.384256115699877 14.79735796382305
v 42.277799200482605 -4.890079343278611 14.635801007682927
v 36.46143099551482 -3.4991755880392326 18.86793277685717
v 36.47204564325468 -3.5149874042977203 16.575733660043888
v 36.49781902258216 -3.5376529314938665 17.721024590820754
v 38.424800590635186 -4.124844117145734 18.448690260403232
v 40.45129696818771 -4.6648024363735345 17.95486665719544
v 40.44606401333493 -4.658305682345322 15.348485647716046
v 40.32841806582531 -4.558888207834205 16.64837895906692
v 38.36750076963352 -4.081299403134327 16
v 93.42247455720295 16 -28.223940482373678
v 93.68011056250151 13.072434161254812 -27.272047546082838
v 95.68153198561025 13.099292272874065 -21.40512079128517
v 94.33978910454059 13.099888802447754 -24.14267244831231
v 95.75580859097975 16 -22.504727125936597
v 94.11664335129723 10.136064703172039 -26.413170295677318
v 94.27625905366806 7.226939732002375 -25.40372542518932
v 94.93899525212096 13.267846299075591 -8.409940149714195
v 95.10430271215773 13.231370096222188 -11.49664466405492
v 95.36123340959121 16 -9.542883978144072
v 95.44194104048503 7.4955027439319775 -15.839640752075248
v 94.81420834570554 10.429737211877203 -13.469067542897065
v 94.69653513965507 7.682379055779245 -12.399141803831107
v 97.03874019321009 16 -16.42264016493086
v 95.67654649860467 13.177304617866202 -14.834576266750783
v 96.27212905676993 13.11642073163117 -18.30652612452453
v 92.7332341782064 -1.0871625879358966 -21.34255364633767
v 91.0283722482809 -3.462424811705766 -19.454267573005126
v 93.92995509140063 4.368473915821079 -24.112444770458218
v 93.37489759696392 1.612352186920912 -22.744268001154126
v 94.50772439008058 1.8539232094388627 -16.58012567159296
v 94.33568388910577 1.664350757638129 -19.809065636845524
v 95.7924322548926 4.458849468542953 -18.201960695056016
v 95.75804021591773 10.20747893408926 -20.348440614709595
v 95.7394565971789 7.330469364430607 -19.25409918664385
v 95.35733878808182 7.239850157622655 -22.475492087080035
v 80.11825068531019 13.857029484199357 14.67557138434631
v 82.15496382664251 13.786305195843543 12.338552924441798
v 80.63882637212872 16 13.762707408084879
v 83.89768921927516 9.146876734987117 9.392248970874373
v 83.28134780841619 11.484813684929227 10.869617839434977
v 81.53107602907521 9.402255384391744 11.92236957846249
v 85.58217715652674 16 8.751655955988202
v 84.44711806991769 13.704635087280437 9.822772762331915
v 86.390840344647 13.630915989107686 7.180674217008399
v 81.95802914268201 0.0919750261151897 3.7813955633325484
v 82.30293602435908 2.389434246292552 5.215270053554207
v 80.19699550288624 0.5986053762309425 6.4814146483608255
v 86.91461659518544 6.303951797937735 2.4547785631718497
v 84.67879855203147 4.264819046003904 3.849510123746974
v 86.26387681248771 3.9297057648812395 0.9855935519761676
v 81.8440791740303 4.858854815293126 9.114393602253926
v 83.41737037902338 4.537957963099641 6.526096760885416
v 84.38414628504546 6.741475685778463 7.872551236419103
v 93.2718577207416 16 -3.089070480898009
v 92.20887940058498 13.392013823139564 -1.7646182209524959
v 93.85121859015551 13.312889796573266 -5.0147927899958376
v 88.1071670567454 13.564480642531581 4.388233322379161
v 90.45736877001939 13.46981948782278 1.3480100892104865
v 89.9374384534769 16 3.0802782250069978
v 90.27826767272747 8.339476171379982 -1.9618184686772402
v 90.49507712963906 10.907618142454513 -0.3252045109506412
v 89.37649264043304 8.488718442168041 0.942810453726354
v 85.70646612727383 8.928267531138555 6.736782411604063
v 87.03915930813277 8.759511462536409 4.003397750975003
v 87.09149064053544 11.19673236856319 5.552048072054763
v 73.43395389784169 -14.315445536696814 -5.098182279800476
v 70.4283459498023 -14.936347857570269 -3.119714463768414
v 79.11863371340806 -12.34383791783722 -9.145915350901692
v 76.06941167095204 -13.31616689972401 -7.010397120400924
v 73.68492879776124 -11.48036992605843 -0.9838026377245406
v 75.17616815807959 -12.529434532883176 -4.008198583125083
v 76.97808290940782 -10.739326447917108 -2.920850919402735
v 89.72421333469582 -5.958812534111587 -17.71891299517469
v 87.60984102533536 -7.985763759961529 -15.723002074463341
v 83.97832556091646 -6.253350215656635 -8.20008925791722
v 85.65759993475169 -7.062101166825883 -11.78043438024277
v 87.43311699816337 -4.8115072205882115 -10.46274151483578
v 84.62742501106901 -9.560495599993985 -13.400343912306791
v 81.80915707834731 -11.001207142616227 -11.221116811717014
v 79.76253551309713 -4.0100641934648 3.633100211371506
v 81.19563478378306 -4.669948602419325 0.7995923897514317
v 82.05359207612523 -2.446949372716432 2.176953078108305
v 78.027294075286 -8.582429200945157 -1.5812986639994229
v 79.47524748770684 -6.600022800327135 -0.36794686012675726
v 76.92841606851127 -7.893407010543893 1.2330623604488604
v 84.43144927935397 -3.5151635877802683 -3.717621263750786
v 81.85009512934816 -5.096275262462825 -1.9859663455068741
v 82.38151187586243 -5.495190613004784 -4.83483718597715
v 80.82429317667446 -10.290159980097116 -7.926556403652594
v 81.21754883994693 -7.728872294980675 -6.2355347758767685
v 79.32372518239777 -9.386990490198293 -4.6240949023930575
v 93.20001947709711 10.648045382671821 -6.766548368861532
v 90.13986159261033 5.722193147636553 -3.754722582557161
v 91.39460852775328 8.157686577359602 -5.157944002778024
v 92.62291204911767 7.965104829093468 -8.544444406780261
v 93.12972362929588 5.114186976352805 -10.703466869791427
v 83.47712035158754 -0.44885982409413216 0.9116604313185679
v 87.87757236095634 -1.8924298802208526 -5.74121014227272
v 85.45786399766654 -1.1105215568208031 -2.2466884941659693
v 85.86054537861833 1.4300598592514309 -0.6192080963177737
v 88.26697576068736 3.4481243320207415 -2.216552943019586
v 91.08644159133603 -3.2770619345916217 -16.159826350018854
v 93.69829410137852 2.115921068320775 -12.977648179945447
v 92.6393152424604 -0.6331728107397971 -14.669371825008923
v 90.47672987375078 -2.9246255421898404 -12.697001793761984
v 89.66444090182517 -2.5257873732742944 -9.311516647350903
v 90.5137681486766 2.939635874160645 -5.716340526446558
v 90.89960409710464 0.05499185394965167 -7.754470176814518
v 92.50832451948371 2.4630413526640424 -9.381485779656515
v 90.50506078815712 13.19209371359553 57.5033720923312
v 90.49397643679859 16 58.55117392046512
v 87.97941359898628 7.9326786794182755 54.07304938877138
v 89.39476060655066 10.490519448108827 55.84943984877979
v 89.61508268135313 16 51.54009069778704
v 89.80993736602593 13.267582306608036 53.82149751719328
v 89.46862332906812 13.325465536601147 50.48857798679758
v 79.64501943494497 -0.5095732224225387 46.0751233315921
v 82.17284409496285 1.2644534266495864 48.20329505215506
v 84.40880820779263 6.105373017310187 45.322522241764176
v 83.69116945809436 3.6123266692834264 46.94321016704416
v 82.51385169789724 4.0150639817381695 43.60275710517209
v 84.43936064644247 3.2738905237406577 50.26993783598175
v 86.03256989899324 5.54720732782623 52.047468382496305
v 85.37100601317408 16 38.32746999906749
v 85.86579251464825 13.554715536637149 40.2853397992549
v 84.08051941125606 13.643668474924988 37.05222392155498
v 88.29324428021438 13.403042589014666 46.8965278816987
v 87.30228741766491 13.473978902525046 43.59376398690017
v 88.69180810508718 16 45.08313149378053
v 83.73105613399365 8.84134619047008 40.44204010073729
v 85.62045644319811 11.079513631392057 42.03147295843795
v 85.0764977304156 8.605154434636386 43.68526100120256
v 86.71550374125049 8.193810699640224 50.285597856249986
v 85.91935507321823 8.398142441718555 46.9124739997866
v 87.80685086006322 10.784943371757834 48.72481429020133
v 64.74111242113703 -11.703799968786509 33.12188999823834
v 65.46760372565625 -10.11055559997562 34.1717686058186
v 69.00967176508053 -7.245121043396015 32.448337646882926
v 67.17174554534063 -8.670420710061219 33.30180372580495
v 68.12124667330963 -8.82990218487501 31.34572348758803
v 66.26266850330012 -8.530101721985027 35.25379207852782
v 66.96582560045398 -6.886539444550152 36.3043421718679
v 74.95028248647847 -0.4631906056242414 28.3365360649916
v 73.70833305712088 -2.296137190441037 29.454738003324326
v 74.11597712581536 -2.238051915526963 27.27173597238079
v 72.91536098453925 -2.429928734652705 33.863743171616115
v 73.5061384287448 -2.423137023433192 31.706939654495557
v 73.68677551736087 -0.45101591341721203 32.62168496439406
v 71.50626396386292 -5.767080815492921 29.4527957798404
v 72.81576015986371 -4.228947910435725 30.65070842448404
v 71.28207245421768 -5.909187760760151 31.6694023344428
v 74.71351369472825 -3.6661303646906447 42.009957431380485
v 77.00745115267746 -2.171115329014331 43.90270447696176
v 67.83391888416125 -5.26722849737423 37.44043813044159
v 71.53148704887528 -4.682873212057146 39.78997633869277
v 74.38424756733892 -1.009816187182821 37.628725118524414
v 73.35435420809586 -2.988766772671717 38.87372626951948
v 71.51388472342947 -2.1729971779759687 35.762784009100685
v 70.49353528753983 -5.846896374735273 33.74816374273466
v 71.26981608684991 -4.1094710092603 34.84391455237748
v 69.11328025870392 -5.540638033080896 35.60403783238105
v 77.76409322816808 16 18.13779172644939
v 78.41278594265646 13.91152693672027 19.454330549798406
v 78.02675047593121 13.926931941527577 17.281226521127714
v 79.84180143183877 13.851331362742664 23.99879135756423
v 78.91452879234755 13.890169725733012 21.67792117272425
v 80.42581172991281 16 22.711207780731772
v 78.33528507235656 9.724011318445767 19.878774318210155
v 78.08258991714351 11.833697309449963 20.733963010068372
v 77.30678327102567 9.812117207981563 21.96632911825959
v 80.72283317075028 13.766028733302297 33.4709780077454
v 105.09452777316639 12.951046929256611 36.76831838908001
v 81.23142483358112 16 32.114628312907605
v 78.56229673558622 9.595727885381711 28.83806743140591
v 79.63368899600374 11.650087819789452 29.944988402900442
v 79.16592003335617 9.485523414409165 31.274653335281066
v 80.50334551411328 16 27.27122192802174
v 104.35560203960898 12.997535286093536 33.38693444358398
v 80.37476053616474 13.825653373750779 26.366579769877845
v 76.44373103887543 1.4990448233542981 24.962083168505778
v 76.40079677022324 3.601016405737809 25.82469737807225
v 75.61421172682014 1.6220026390232185 27.043423846368416
v 77.50585524796529 7.67272698109551 23.309964580158518
v 77.14482777083647 5.604391534285874 24.59244700017952
v 77.62315966715781 5.573055357375811 22.444206187955373
v 76.4193805136191 5.620844545068264 28.91077545849366
v 76.6197430933808 5.641873917659897 26.724700930799784
v 77.35877819213472 7.61050712060147 27.71998492849658
v 79.17910559749279 11.73132944371639 25.285109261118862
v 78.32473803620849 9.647707042896737 26.524971012846365
v 77.6974332583122 9.740785234735842 24.19890579266744
v 78.6467699233921 -0.0834051823636699 42.83186470722757
v 74.89829541577114 1.1877339437753438 36.237785920397116
v 77.07294218069671 0.4812928348395431 39.532321226787374
v 80.14961901088675 2.077489140194679 41.67126952600347
v 80.99911616213801 4.385165083457094 40.24147842546294
v 75.11102399138397 1.5905387985326982 29.21762395293878
v 76.80918926523162 5.438199466719368 31.32835439717941
v 75.13488847835359 3.6669759634720105 30.067668840087425
v 74.34541909048087 1.6269615327796991 31.327431998791887
v 74.01827743420813 1.5575539536911975 33.549111918462344
v 81.90776808497465 11.4308899646739 35.43642501846044
v 81.66040847292828 6.732925050685518 38.73261798189357
v 82.36102056612472 9.041195780429431 37.257275878765114
v 79.45919507154301 9.399171280048193 33.80851604648666
v 78.17893168233189 7.380304246737277 32.56770756619096
v 75.6708847166426 3.2969589845178167 34.92466947606226
v 76.91690940427281 5.322818614499221 33.75366326666407
v 78.85705975667057 4.878420433811945 36.85270561582702
v 68.60572454469255 -13.928583010172265 0.0866612258532129
v 71.40434421453809 -10.464024668048662 2.242782760636395
v 70.30982234330011 -12.358324813400731 1.0774853601702254
v 66.54317322171966 -12.777665695210075 3.1331384962252677
v 67.11697144424659 -13.123338901530072 5.390121159667682
v 76.7652169108591 -3.1751465635999807 6.810088589464586
v 75.6441299141469 -5.10703925865343 5.6052028552150475
v 70.98596048362666 -8.009363726871527 8.639688349597945
v 71.67757000211023 -5.983266538022029 7.4119964678005985
v 72.35921317358645 -6.321183580555839 9.744637130039298
v 74.24795020257011 -6.922653743053559 4.463442949992075
v 72.63083817187419 -8.607005731325238 3.3962421225485464
v 68.28134407083839 -13.819506575861098 12.386677595799656
v 67.64835414094577 -13.46219070313203 14.770876190518084
v 67.61868951075758 -13.423023144133204 7.7089981175617925
v 68.49570853391562 -13.934388758789563 9.976162227281339
v 70.98771533266878 -10.42175550474603 12.218739232726488
v 69.9543834154959 -12.293635548908117 11.07421173726975
v 70.44877325302767 -10.140627068138105 9.861077067769905
v 68.86580818497225 -9.291485005718226 5.290932822488706
v 69.72042801342599 -9.743946485099094 7.546469985040547
v 68.17139938386637 -11.315570960681427 6.508723489173352
v 78.78483364974849 11.796701642595618 16
v 77.91557797957867 7.658123330401116 18.573407937032627
v 79.20695868654559 9.632615671654904 17.31148575082295
v 79.27553796153529 9.625707087380437 14.687091292847246
v 79.31807177532937 7.46916554859879 13.368299969387719
v 75.97427340767088 -0.5764814797644355 23.653550173610363
v 76.77744512107962 1.4079734882653039 22.42134120687074
v 76.57556686144738 1.4456088735845771 17.286240931675376
v 77.17790177251976 1.3045406510633129 19.871967987463407
v 76.33158570001072 -0.6752401684475409 18.554973824604954
v 77.25128853919466 3.4765160724499555 21.147549359345305
v 77.55434697222074 5.563085419684622 19.865445390268775
v 78.06107519922787 1.0997873824774693 9.44303896411586
v 77.22780614135641 -0.9229494061530019 8.186481641259476
v 78.92914077436485 5.329980753900406 12.048221302231978
v 78.78308238209343 3.1633243661303823 10.723718909409286
v 75.53171695529649 -0.4541618847162674 13.478899704196795
v 76.21547819399078 1.5357230905546224 12.188944093181341
v 76.1816668126261 1.5402505859497655 14.72212300764923
v 77.27580163191051 5.6139514860055755 17.28315429549851
v 76.36603460210654 3.6432706431124373 16
v 77.67316139272722 5.546600302611143 14.708524738143302
v 65.92458441894448 -12.403221929988252 31.102288427606272
v 67.79469160278923 -13.50946259587225 26.750546970047925
v 66.97591410424434 -13.024054508103088 28.97702508567017
v 67.40741728367729 -10.842809905239825 30.125031235830377
v 68.98176955752317 -9.30687577670578 29.155678022401162
v 67.91403725904658 -13.613746484962526 17.23544651717835
v 68.30197378393098 -13.83127306496262 19.614748186299764
v 71.23478731956536 -10.517989116098114 22.227543473884914
v 69.6633435078412 -12.141014453899828 20.899217651218084
v 70.72179789938218 -10.293981412583037 19.762974807368877
v 68.14027733807157 -13.73171284697625 21.983052346196708
v 67.91157165491707 -13.58996806636554 24.338044657672803
v 73.54934770858603 -4.365731600804359 26.029717863376142
v 74.88825899830199 -2.582851416858567 24.90604709119945
v 70.70576170387417 -7.770529189382728 28.17531290857049
v 71.88599446658965 -5.993139600426957 27.06874939320682
v 73.56809113927793 -6.799962212819192 22.38953738935311
v 73.03997737683414 -6.521188082564784 24.798148467511414
v 72.33586354936904 -8.598792617744113 23.541006998347385
v 69.3747578849565 -11.9456177854908 25.71019738338105
v 70.86032710135888 -10.290209837856139 24.632906306441296
v 70.01597951510507 -9.841737464704188 26.942058263109438
v 72.82912672279754 -1.9217996064056067 9.87574903706495
v 75.26562278499463 -2.67858607787997 14.715395262959023
v 74.27407201375198 -2.369890415366708 12.238061528096049
v 73.36490293436084 -4.371762284120482 10.984033261476178
v 73.15223811013723 -6.611494353897822 12.19029680925592
v 75.9643001405495 -2.9105170645913567 22.462116243115982
v 73.67988748098324 -6.8202515463410975 19.844875697686543
v 74.85833424191111 -4.9021184083152605 21.14655184164016
v 75.85577577996457 -2.868495092383977 19.86404687180891
v 75.97399940875557 -2.9018432229280897 17.29995906765847
v 68.77996035207138 -11.692441259281981 16
v 71.94495441651532 -8.486776542861833 13.482011321910736
v 70.60261446356887 -10.232677313595964 14.747790910125048
v 70.19011214299687 -10.034499252472273 17.242749118763875
v 71.77841860322701 -8.413884799738515 18.510493180117557
v 75.30127885050973 -5.0434931186959595 16
v 73.90524052511176 -6.91348582517092 17.287392094608595
v 73.7016154058463 -6.832910021640416 14.717135049505284
v 17.40423111463754 -4.755794713169994 53.25990609560565
v 19.993869718304374 -2.848734666038581 51.634678338753446
v 18.72595495536621 -3.716519007778615 52.313915529598795
v 17.38557514887642 -3.1788126609809524 53.42810449581584
v 17.361419498427033 -1.5557365914732877 53.39776686058295
v 24.198042588255788 1.065807662152352 47.603759396361
v 23.26094863989284 0.13180873576187224 48.606705149174225
v 21.07430031698751 0.9624160499874606 51.08235709954729
v 22.155256639968957 0.6247640894453639 49.63476814011993
v 22.193743123535082 1.7350605167799973 50.37396002331191
v 22.17969337240511 -0.6411980120731009 49.2335867601525
v 21.134986694783947 -1.7084991858227845 50.40385033084858
v 17.370114830180366 2.3927061601784736 55.146430560876496
v 17.37502621251075 3.7150734454217087 55.72806786975531
v 17.355588974665324 -0.12771637097403854 53.736438986060456
v 17.362210492258445 1.1194770853526919 54.451271899297126
v 19.89329726305754 2.7069800608234935 52.83613462623776
v 18.657445525376772 1.9409789703495548 53.600463976492506
v 19.887414086199 1.4460687995613757 52.31298962621499
v 19.93519910874709 -1.2838050597309731 51.64858301403796
v 19.8996504079806 0.1423177268517648 51.867686213086145
v 18.652952412937182 -0.6474462739198081 52.528876258595275
v 47.80076285293916 -3.6539523112914694 71.94916794950132
v 44.8046758229856 -4.046754724032013 70.57173378029434
v 40.050266546069324 -1.0180617218023933 70.84577744679167
v 42.26808671102288 -2.4222752367247935 70.48564760759083
v 43.10253227127692 -0.7502861248400201 72.8917976182382
v 41.6386762325839 -4.123917419732454 68.53415982318734
v 38.60022328641254 -4.05032992776059 66.32823076364662
v 31.524114811544557 4.367151493449649 71.58770322324018
v 33.87507762646831 2.8549036471551474 72.38025788465666
v 34.345545947357124 4.661829062360409 74.45850936138186
v 32.205287855115486 0.2925545489718928 66.04521837342028
v 33.11538259097101 1.4080072694433934 69.42410249054817
v 29.97575666196598 1.8792535611877295 65.00708512393777
v 38.76553870647724 1.9301233071957533 74.05234112154642
v 36.00514439655605 1.5113800855434416 72.1871774563133
v 38.0570741277234 0.22482966497998902 71.65522480211513
v 26.116934432589073 2.619582548879924 46.20425255712628
v 25.192265338857183 1.8847925083383643 46.861984445574436
v 35.44386309781376 -3.602222443649552 63.38989016510779
v 31.94998158901187 -2.3460818385704876 58.824137002574446
v 26.88055541199911 2.164897988707903 53.34626135013611
v 29.67495942309875 -0.47275372516127945 57.30433934564516
v 31.083201719276303 -0.4026910269378696 62.0753453766505
v 37.26343864095841 -1.274169486598037 69.03819471838116
v 34.27564742462187 -1.1254996364829672 66.22964908235636
v 36.47234495790303 -2.631789107450313 66.47916378484575
v 18.183258831439606 12.388893966525217 81.24540272981406
v 18.180164326817554 14.65258434496672 81.23109945347592
v 18.194561298477588 7.8303652580353 81.20537611897245
v 18.196221317015343 10.089585466678281 81.49068471004604
v 22.56183250866391 11.944564481161715 81.17438459167602
v 20.404508140039407 10.995375957732232 81.63211868043292
v 22.58882081505312 9.64708821981042 81.27909840844329
v 17.409709262829228 4.975238896151318 56.842234095620505
v 17.420414126087888 6.324674689811626 57.506419702051936
v 20.117667033477815 7.74568380453395 56.22482214938403
v 18.79774010771713 7.0309790772474035 56.92738348053282
v 20.073496861446873 6.448771807917511 55.49759794599737
v 17.423110099552837 7.758929957670022 57.878843415628495
v 18.138370639221364 5.804942072510144 79.30963801981348
v 29.195633808831744 7.844649803044749 71.00281402931785
v 26.29443928347286 7.842899874158743 66.14865374224627
v 28.866585957763704 6.117458042316429 69.34758104555303
v 24.39000180413062 8.634969950375257 77.96917470143345
v 23.36550533423051 9.912072157907339 59.32238527374782
v 23.948570120503526 11.087513503566974 62.97598601023308
v 22.46574472884311 7.957170433711228 53.63854321020651
v 22.47231574951767 9.29862851721531 53.87848447065475
v 21.338619106833274 8.542036047886175 55.045404810208254
v 20.38450790793421 6.462924124823461 80.89357387879274
v 22.17082326866863 5.775702023391521 76.54427059404591
v 22.53413765748355 7.440974451406703 80.40736372563212
v 24.230509108694257 2.2690826742180477 48.05880873101126
v 24.320454353324678 4.631882972946036 49.084780994033956
v 24.299263301090477 3.4151288590972246 48.66125343661229
v 23.24195611804631 2.6467902755540553 49.36817119729849
v 22.217612652244924 3.0231368719149287 50.79509867667897
v 28.416771728405923 4.610245926555605 66.93653962985108
v 22.392449724894988 6.722629674686084 52.80430093001158
v 23.53100259733616 7.409758850758816 52.10995952044209
v 27.54425216259934 3.6891903961231183 62.86234104564473
v 26.151697928493164 3.664604559483104 56.78145938403037
v 18.710633590409003 4.469302309384048 55.09991413180496
v 21.113852002140188 3.4554544323401704 52.23339761112706
v 19.96260082570316 3.895319901011293 53.78842263593065
v 20.02138196546667 5.150628156037335 54.66085205822425
v 21.230099215262317 5.947353500518641 53.72777962314016
v 23.35325441796254 5.045307398147177 50.54095725044233
v 22.31748356605205 5.495497746560778 52.04336764183626
v 22.28322966243764 4.21908905226198 51.51162314725914
v 89.49852113331225 16 67.32429057267132
v 86.84638750084716 19.658383566898785 71.64380980912327
v 88.11353098385625 17.825267753863933 69.43398122345005
v 87.91938576526177 14.179646261609067 69.29012539190961
v 86.33154370766057 12.36820206631351 71.23944381221003
v 78.89898339043499 26.7517744998432 78.15840427565459
v 80.91549206942771 25.007771377337804 76.593171058238
v 80.06218855621178 17.782486372801397 75.81329877181344
v 80.90381735687274 21.394650471731747 76.59349262658463
v 78.1982194484747 19.528599187487725 77.46589120058964
v 82.7520796884125 23.228072319011623 74.84660458377118
v 84.82815841699743 21.464503682056858 73.30445448897095
v 78.36961310562222 7.345498619226451 74.21680642431596
v 75.203839624897 5.879862934818544 74.5067675137494
v 84.32498333933303 10.575445114015203 72.8855245916561
v 81.34099743546282 8.924722988939877 73.602637358149
v 77.01308057483558 12.538635535687067 76.29470627422633
v 79.0006274082028 10.763538136773883 74.8166953468864
v 79.84259053364954 14.223623791267814 75.60826546856171
v 84.74940603191017 17.81930242337396 73.23342069194526
v 82.39889342582845 16 74.5571179492911
v 84.49551582313184 14.187416224811699 73.02205879127906
v 56.55912419865468 37.75799719880037 81.6260415073516
v 59.01949705852695 36.467679251060595 81.09201204739007
v 59.6766175370102 30.25467612932904 82.16072553431474
v 59.34233031685127 33.354363808877046 81.62084975100132
v 57.53708171166736 31.71571296970871 83.20841000295944
v 61.6655309227458 35.21603425408368 80.75853354240513
v 64.08711734110514 33.8318795691068 80.04932116737405
v 60.86259334922207 17.658618950589553 84.02341458942162
v 60.70670617292572 20.848220692910914 83.78033666189843
v 58.42176773465713 19.170357917435727 84.63986205752884
v 64.34990770453845 24.125554487145074 80.62349394935221
v 62.65810665048346 22.506463008221942 82.37438627208135
v 65.25222576681446 21.021991633122628 81.86741833511415
v 58.45556599780235 25.55801788817209 84.69454879605853
v 60.491144569423476 24.024337248118123 83.4403661347202
v 60.28978319084845 27.19076577537367 83.11499451011119
v 72.16583677512324 29.650163659868625 78.46859751497101
v 75.88130229777938 28.36396020910061 78.85491981395205
v 66.89437669501856 32.5181011866939 79.727964877187
v 69.28616577987563 31.043126182026015 78.85564894272665
v 70.1392291208694 24.53743859096401 80.09756059481329
v 69.74875750636966 27.807066168283114 79.52173216261875
v 66.93272319642442 25.92339706610781 79.9719733511331
v 62.2948637037137 28.8961070461683 81.78133582355763
v 64.25695885833639 27.333921433337522 80.41914523793596
v 64.51075045371397 30.672317121293 80.68316516426856
v 54.48584954095502 -2.3106748792803664 74.23223313293812
v 51.54366867471107 -3.067449279023233 73.51086400054743
v 60.21573650636114 -0.39627684163175303 74.89286080634139
v 57.31062853329115 -1.3834933463578274 74.58282318137813
v 54.34171092144204 1.4932677314286735 78.03819145771627
v 55.835691989703335 0.04970184312175796 76.31175388295077
v 57.10266269113977 2.585381887258654 78.26173495998626
v 72.10723756843737 4.415287809055551 74.89344057364079
v 69.58232511680524 2.977715474104123 75.59517197330467
v 65.6929018929992 6.318161568749778 78.41474627970777
v 68.29714131980182 4.511812428375164 77.80617297792213
v 68.94211679102429 7.651338995427574 78.68025227057143
v 66.48881299074031 1.7465896920047914 75.55592898146699
v 63.35181989462295 0.6316586785108793 75.29211262765648
v 57.70278920856888 12.88337438520917 83.47653036513677
v 59.9869047808432 11.2298382003205 82.68903773022714
v 60.64117610530005 14.349567086135913 83.68768818895897
v 58.54324909139652 5.250533608311471 80.46836546721582
v 59.2524480382014 8.19907167540575 81.5627307444894
v 56.68621343786316 6.840316300076802 81.83167621599529
v 65.08631706462424 10.994925208731512 81.64554048650001
v 61.99428857068337 9.58610628124286 81.430059105677
v 64.03109588413247 7.928024163587525 80.19737661583234
v 61.575958692694144 2.2153252054058292 76.76997853191773
v 62.67502107661986 5.03762204877534 78.30738597815883
v 59.909638913279736 3.7683319815276235 78.39212025186073
v 76.08592372611298 24.83741926953885 79.051074983794
v 70.46005080847749 21.151858470578492 80.43898408033172
v 73.24634249680673 22.96544830358267 79.7887085018657
v 75.8536315552034 21.272361635126764 78.79510193802304
v 75.46675611681343 17.754395862050636 78.38313764996812
v 63.54556994574312 16 83.6631080915835
v 67.5676743870714 12.632441252186418 80.86739329763873
v 65.79133542561942 14.307689362623979 82.58161401240226
v 65.85705848270487 17.694544436242346 82.66949972948882
v 68.12115094655414 19.403702802238172 81.56361592337713
v 73.53696441440042 7.53748088580002 76.37632830891542
v 74.90381331571265 14.262212148631539 77.79258688609019
v 74.75851370825609 10.82410464723845 77.64616518938516
v 71.63805332498035 9.230240269607723 77.9966169079955
v 69.59535962902609 10.929940325257327 79.41585207219197
v 70.56046927646887 17.720708820343663 80.56428445968893
v 70.41578291133027 14.283854247166184 80.39306944339368
v 72.58172877137685 16 79.02340483223065
v 17.377549847246698 36.36142166241015 52.551944630337104
v 17.37869617270364 33.778522252415584 53.872351687279846
v 17.36643045256877 34.91381617613965 52.91095485256171
v 18.67522983178346 35.34963001670326 51.63817881231142
v 19.91127576752733 34.458939411556095 50.89774672198645
v 17.407088520192854 28.57138152646258 56.65443096310295
v 17.39903508654863 29.894515332252272 55.97272977520867
v 19.935255999982118 30.733044592080844 52.759888999521365
v 18.69276289057744 30.245864965048757 54.1001729283003
v 19.956416582686522 29.508530422369454 53.43333324691122
v 17.38770395237871 31.159008522891554 55.17087872387317
v 17.38354844473401 32.46035584472151 54.51476549656497
v 25.62506273468135 37.03476335930516 59.22322029765675
v 28.53320364845584 38.83145908068237 64.31596668439187
v 21.07132092943228 33.48894162493562 49.97729665261165
v 22.12942660203386 32.5058354254906 48.96325861058031
v 23.591459495098533 33.48404932639327 58.1309892900712
v 22.13877043383038 31.33405496173689 49.544680958802324
v 21.058570627661016 30.990969341302264 50.973606228778046
v 18.661133013810993 32.69878006825061 52.641516106782184
v 19.90033674257972 31.860473209480283 51.87399889023998
v 19.908754695627078 33.167658438262876 51.40902566755687
v 18.08392749112278 17.28793801960417 78.35166760374133
v 17.39811152456714 18.31247385290821 57.781738458113985
v 20.001090932615867 19.857834115226293 55.64102470879768
v 18.728472456793963 19.100227862404246 56.6573043815493
v 19.982237621935724 18.46115820163483 55.55295810504107
v 17.40914699786205 19.792260293270044 58.02035606889916
v 17.421243619597107 21.29082566958189 58.22836009949146
v 31.116074711375717 27.610324841494645 78.67443620264822
v 28.223440637054722 25.685600780491995 75.54565131397479
v 31.056684381516504 25.305542705656883 78.76015407311507
v 22.696676964289136 25.35514866282427 64.97792064228486
v 25.54298911856945 25.880716209568682 71.84924764498672
v 25.431206370649065 27.731608441832112 70.90115731332997
v 25.18203725361706 21.674811108703082 70.26576692815661
v 25.398916414122468 23.76863532460068 71.28249041596888
v 22.592576767448673 21.787188981629626 64.69326026050493
v 17.43675548086246 25.786636455684135 57.98393616525531
v 17.425585090135414 27.148919473231444 57.30219011094777
v 17.44061097274403 22.868366058117434 58.651426997242105
v 17.44206316987271 24.350825134414826 58.43658850114286
v 20.085322538453692 25.578956147561474 55.61226253314244
v 18.790181320720727 24.944788894003977 56.81680802958363
v 20.079738115710363 24.17828351053573 55.85430069655404
v 20.03694504941313 21.287968761512303 55.79239522757115
v 20.061179899663774 22.7288774322221 55.845765154994176
v 18.792558265384816 22.07430540030081 57.33168189243053
v 50.05707616642769 39.7021883780842 80.52263880041335
v 53.1942424922299 38.98730604600367 81.43827044576435
v 43.220213053642965 40.149064613781995 76.61644376863269
v 46.44720598976228 39.89815501554111 78.38693336291945
v 47.46641457757356 35.44731371303562 82.05216339198373
v 47.02294941053182 37.756944804662226 80.34825299328143
v 44.35993716158862 36.06760133480648 80.67382800061723
v 31.442277926339287 39.712430944827844 67.84569021874763
v 34.260391851657104 40.150761025904515 70.5166612430436
v 35.49810104844441 37.20380891683733 75.56174005468463
v 34.98437463869023 38.868435537812964 73.341088048628
v 32.591645394272106 37.09700266879703 72.94892417347847
v 37.17386268880385 40.35472514871506 72.84974566263497
v 40.25247128474852 40.44999404389539 75.10975327458931
v 37.060651271487615 29.016198310988035 83.11025570151655
v 37.06924091283321 31.494041909523922 82.4550532827081
v 34.124611636954576 29.581506190353583 80.89938685343152
v 41.911718077999275 34.53200311095141 81.3814049084364
v 39.54527329219148 33.05253952434833 82.13011246014828
v 42.375287115345465 32.300823900320665 83.25723403870614
v 33.52248699911465 33.70427189572119 77.44397278221547
v 36.681677134278274 33.6324940909186 80.55596496458013
v 36.01486913286705 35.39999263973179 77.80997865789666
v 40.81794786081855 38.58670277260863 77.19422359510415
v 38.37520110151611 36.967054650769825 77.49705525409377
v 41.24227007997284 36.506525729475314 78.96274362024928
v 18.76565560495534 27.76475448763467 55.89358689220045
v 22.20257791937449 27.92182416482764 60.742840088890986
v 20.067064020727845 26.97261843142465 55.10003122482274
v 20.009783844793628 28.24881153622305 54.23837254132224
v 21.17788968532627 28.701633343066508 52.68712658803247
v 31.037298575804222 29.793531559861712 77.68656165918645
v 30.542368668043682 33.67052855844071 74.41968716571614
v 30.789231067683588 31.771260476434243 76.03489704963113
v 28.092469857385908 29.79328061865471 73.98146945359238
v 25.244086505951515 29.415954372071063 69.22249782632241
v 29.18851265232053 38.00232992728827 67.37082032029278
v 24.259002282698 33.23747492671761 62.219154436009326
v 26.837504621739953 35.98292584832539 65.93508710562168
v 29.77217032754868 36.88390048788926 70.1995511072839
v 30.138799379310413 35.3176380929022 72.22037705142311
v 24.986863725363584 30.943059094244294 67.27307887921985
v 27.593024730606015 33.270995266971255 70.45672743826215
v 24.709029212967728 32.32922925173118 65.22178242795533
v 48.98958784943304 -1.5409068745110197 73.98607874821073
v 52.06912494482702 2.8597125200738187 79.30814045936262
v 50.675331029122354 0.49621707769293444 76.9014393762005
v 46.71345591214518 -0.16181486404911283 74.82019989238404
v 44.37267356228365 1.2505792768116422 75.40023832540504
v 54.76113016462676 14.382936678136913 83.94975288219545
v 54.74844321629707 11.304730557994219 83.93609031882752
v 47.66134773455537 8.564578762156783 81.94797971718491
v 51.25493906023612 9.86228168783764 83.22920057614613
v 48.166367354376426 11.396618408607889 82.9431314301121
v 54.20340243603189 8.312149732037936 82.997014552266
v 53.11222643419042 5.542286741914925 81.10835015066702
v 37.530751988650174 5.39653276075007 76.84145450356522
v 35.15207272055079 6.821146996388325 76.69209689202634
v 41.92929589592365 2.718962438043178 75.67397154394092
v 39.79822414232309 4.022784203596613 76.47283138723448
v 41.46473111974565 8.863678892066034 80.29642068066657
v 40.55229463588201 6.408377540623352 78.18421183846297
v 43.930016023462414 7.437773000901041 79.96499194413582
v 49.26792712953498 4.44047244031794 79.54010741516765
v 46.61352997192486 5.947446688823726 79.88188905090938
v 45.70594794165538 3.421735338715166 78.09318849728523
v 53.92834980587034 36.16689795838367 82.66698258464838
v 48.5695018919215 32.93112512270291 84.18660110662313
v 51.153655188333886 34.49830473567147 83.32374992382682
v 54.6092315233697 33.26268002554003 83.81067990403271
v 55.28926772875396 30.313412749029176 84.96010046604104
v 36.92071324322377 26.02649448924715 82.29684283965692
v 39.99588328356337 27.81749538558875 83.80740597631632
v 46.80430040298433 25.443367750925137 86.54764399227032
v 43.19686744124549 26.62475375286928 84.88218764845607
v 43.51451283903275 23.710758767661034 85.47195648770398
v 42.971079904314806 29.57405671717837 84.53526370838037
v 45.77646366882682 31.251564640831706 84.52788647963659
v 55.33887091139273 20.766813403114668 84.9712634997693
v 55.15939526267567 17.633678417442027 84.64792692611752
v 55.548996303890206 27.1443613797883 85.38333123255777
v 55.870380090643735 24.02330401792983 85.92038051086966
v 49.8030858862789 20.837615065040016 86.34939308807766
v 52.72437094574237 22.393539460420122 86.03132514640549
v 49.943913695516954 23.971464098848422 86.70237662279551
v 49.10688395770314 30.018308701958546 85.20203287843147
v 49.71843205734999 27.072108840001036 86.36095274323645
v 52.52441515832465 28.691051714162647 85.75983966177954
v 20.285435078093812 16 80.01171309216008
v 24.35400646581605 13.422850109556146 78.00560848150363
v 22.448956842062653 14.67171281488587 80.01670256859006
v 19.9775022798397 16.81924339648449 55.4833748543038
v 22.273333117536918 17.935277381306022 62.56230980329361
v 32.29948010013973 8.474344516206955 74.97207300125808
v 29.48244385600392 10.066939761090996 72.15590753603297
v 30.183274266941808 14.74655643449018 75.03097362225284
v 29.816810402865777 12.359538936588695 73.52004408744212
v 32.98633735299306 13.397359985559527 77.45714588750081
v 26.826022970585356 11.55016096727677 68.94915221191138
v 24.36578308751041 12.901624764411128 65.33932446224844
v 30.732786889947448 22.48328396829496 77.36372805821438
v 33.82993546639359 24.232284146117692 80.50931253462925
v 25.051292393457352 19.352262413285683 69.38228920496354
v 27.861458342786403 20.87543583291489 74.01337803862842
v 33.31344321955147 18.65275904831879 78.64062603062862
v 30.54763102691885 19.83301809709915 76.56248538104384
v 30.31168270866447 17.264791631690105 75.56541124177156
v 24.73833169031513 14.92041445514043 67.55457135869435
v 27.57754921026396 16 72.5595244541654
v 24.9387970649737 17.104352231270216 68.73728069373107
v 51.88731410470674 16 84.3988456580684
v 46.35958756522362 19.121893060398644 85.3625696084429
v 49.38385063081095 17.593568232292593 85.48758998223904
v 48.8324340479929 14.432753475135822 84.33983114998186
v 45.497117095921745 12.966795251559734 83.39208276195147
v 36.98374288211376 23.170580542917953 82.5383951140724
v 36.16921263598367 17.38712137988081 79.99525868663753
v 36.53172676182175 20.20465724364395 81.13197938754254
v 40.075961353436924 21.9280203480952 83.79556755224328
v 43.1607243991366 20.576181334449227 84.65075628385793
v 35.4969971235428 9.337471346040422 77.82399896112065
v 42.156200940542675 11.593066047678033 82.11174833532394
v 38.84493335788163 10.375085264162518 80.32911234382196
v 35.92508528629207 11.919575827639843 79.20755478662204
v 36.25614340754423 14.606900026210866 80.27108290021748
v 42.82726864533058 17.50728762255806 83.79585853467883
v 39.36063213153592 16 81.83105534535112
v 42.65260763549035 14.502525690222908 83.35446834802956
v 1.1297411395152288 -7.153802019395741 17.46720448209016
v 2.5852694963011995 -5.903149275654666 19.076912133401873
v 1.8727849329229471 -6.522188219655373 18.299691611530648
v -0.30962558068599577 -7.890441736562799 18.13513302288071
v -1.8457626286472042 -8.624115931826964 18.867246692372497
v 4.465491354129696 -4.816839224588904 22.11241238317329
v 4.1138116705635 -4.904309155372651 21.339291748369657
v 0.4722567486364788 -6.908939778624532 21.440626110572282
v 2.3836683294861043 -5.889169752873634 21.399393637777983
v 0.9530133715063585 -6.707819860964463 22.29955755928007
v 3.62889235647868 -5.214692815704566 20.608173228687313
v 3.043221005615038 -5.677046282074588 19.882675809330674
v -6.951100492152406 -10.571959409812493 21.486381999645833
v -8.588847872071526 -10.874404725688919 22.442715508925833
v -3.499366978017168 -9.3542443355316 19.680680780723524
v -5.18424407409303 -9.988033866370472 20.54706956667037
v -3.6113238431950343 -9.085763162740765 22.512892352549844
v -4.304666860126357 -9.43223545509241 21.52994216558436
v -2.0363522434678387 -8.480864853568931 21.574732442147045
v 1.3079443531919672 -6.53322436820358 19.792307073108844
v -0.20989846549117175 -7.376555885728337 20.6140031738208
v -0.9904519363838276 -7.961814724659082 19.761924635223515
v 7.28915633721156 -4.085375435391594 28.41344469587422
v 6.882496702258649 -4.28691820862031 27.66912682208636
v 3.6943438874889285 -6.0892316435652845 28.673255491954542
v 5.396970544584963 -5.104488389223786 28.12473408269637
v 4.236217958974546 -5.706580559328078 29.415404565202458
v 6.552015364731512 -4.323187194270904 26.837638614668897
v 6.140240197246165 -4.53828495092138 26.110575952745286
v -4.07030460985882 -9.07832757677545 30.282178182263593
v -1.9964232626537814 -8.472250692035942 29.967139893815006
v -3.6230515291808914 -8.981889121165707 31.43965658006165
v 0.9725759875818216 -7.327976783830419 27.31055775962624
v -0.417689324453999 -7.850654397419863 28.555000324808596
v -0.9906127403551537 -8.166120084994134 27.6430254690055
v 0.6299665407728625 -7.346255668525018 30.428779513193362
v 0.10115710134306788 -7.608158576937299 29.500103184011014
v 1.8565601824626867 -7.022734760353167 29.188011963536212
v 5.1788985134966605 -4.625865640200079 23.687247585858803
v 4.860138144171039 -4.659322537203991 22.899642058520303
v 5.763230538140599 -4.67419619528669 25.335470822242875
v 5.440264653454978 -4.707539281609158 24.529838292288908
v 2.0545710009718974 -6.605986983397447 25.133787363145252
v 3.804537365349553 -5.6829141520881805 24.848400848016134
v 2.4328459827991153 -6.534724385904163 26.032472012287815
v 3.2693423676301627 -6.241594619462223 27.793089521297425
v 2.8471617734353476 -6.392780382068654 26.913230031506515
v 4.654727536282763 -5.297655866118468 26.43230500540688
v -44.925438086809834 -27.62935437142736 40.23987542624024
v -46.48328140196017 -25.901227607772938 41.89638283194911
v -18.955988351043203 -12.381641728551212 28.693183602295736
v -43.76287913837595 -29.612168603658766 38.75413793835244
v -40.98665667481583 -28.81051827698691 43.69442334867628
v -42.42546322591982 -29.25686785512218 41.26797526922142
v -17.71913389602164 -12.231597308405675 31.830852638706602
v -10.56786995228667 -11.344409571976577 23.575413121419828
v -12.419118738650493 -11.601426130454655 24.69109891722909
v -11.305452799149283 -11.432253595848081 27.372878125491432
v -11.751156913642355 -11.409626511967726 25.99769100605519
v -9.162176215738732 -10.812561304529535 26.007902389468686
v -14.376172813394398 -11.820738612791036 25.891841051842725
v -16.761794737380825 -12.275868906737244 27.289970995953997
v -8.121243497822995 -10.027916990388366 32.08613735642088
v -8.936553537830264 -10.415552523325474 30.965483503902423
v -6.691963066388475 -10.043330684517645 30.794637213131338
v -14.564856670051299 -11.675533951192236 31.578583044461432
v -11.490346220589249 -10.91039252119652 31.199614929370668
v -13.631713645664533 -11.26795806859154 32.852524890196506
v -7.924394538739925 -10.431858197848126 28.42114830537342
v -9.757531197915927 -10.79798345819016 29.816007116543446
v -10.618542676011227 -11.210230805154069 28.657691932200365
v -16.226276808790665 -12.250235496940032 28.814006983950435
v -13.534465604095494 -11.954789876746492 28.846804581353116
v -15.496035590648773 -12.054623767496725 30.25644545565421
v 3.138571438104236 -5.717426454477987 23.097273546087052
v -0.009408095403511396 -7.738313570670247 25.450775391396093
v 1.650930838051302 -6.693704339612612 24.206502379156678
v 1.296107868769953 -6.707335975573013 23.25229891035601
v -0.8743646075504934 -7.924250454384968 23.457121413748002
v -4.72141102902464 -9.354858400801657 29.224335696405568
v -5.985869531406507 -9.853075266124439 27.039259582329343
v -5.373999313845729 -9.629661849906366 28.149292565769237
v -3.0623544597473042 -8.862678086901663 27.88391212064155
v -1.4983263176784192 -8.323469419202723 26.632741057329273
v -7.820168972095772 -10.497082843318847 23.58826623478403
v -3.0682570363123993 -8.873471659257437 23.551999762473105
v -5.349463029372117 -9.69845348544738 23.5868945206224
v -7.159490507840225 -10.230691049357404 24.736471996184143
v -6.687465269652133 -10.174539768203203 25.937690751999114
v -2.0603028698070993 -8.566523665705525 25.639097684964874
v -4.076625614015455 -9.12102250832897 25.702395638642788
v -2.509894369516033 -8.650515323817206 24.57416095342693
v 13.43795022952466 -9.966621398361237 56.43144215652619
v 10.049955130535025 -9.941022995850147 58.35568496024806
v 11.7791482204569 -9.929076993141695 57.33720267078084
v 12.385673535616407 -11.608730101943877 56.441440832465446
v 11.290262180589803 -13.313439751084275 56.44755911034112
v 2.431103751723832 -9.605365161799725 62.21113791881482
v 4.484400827762485 -9.635718544376825 61.085688617654476
v 5.538356117030153 -13.857909163485296 60.051027368826546
v 4.96784626443333 -11.821172965154222 60.724408342451596
v 3.593147348654803 -13.63473929553506 60.7225971660894
v 6.371940127588701 -9.847501638691213 60.324794765278796
v 8.235954335511456 -9.909199922213574 59.346801399386436
v 11.451884962884735 -3.0260622161271904 38.027691138747926
v 10.930695191984082 -3.3471781531831653 37.14551680882995
v 12.519921278195577 -2.4366252200534575 39.972403877461296
v 11.965611498976951 -2.795725344041621 39.05788892327347
v 9.454645117174934 -3.709073530973555 41.21079936817239
v 10.72142653553987 -3.3816992082845942 40.27618936968881
v 6.2258902362868085 -15.62291435403015 58.92199897888835
v 8.767637954582602 -12.019425531916848 58.97342845390216
v 7.522351951156043 -13.783640999131023 58.95146880647409
v 9.443766943749978 -13.610737435554285 57.76033733228001
v -14.366842011027273 -5.3092191387111 65.13458250484032
v -12.153788516039238 -5.99755504868234 64.94570207315334
v -11.17288429866899 -10.3847099095216 63.36179556059171
v -11.67463050000401 -8.20134910653761 64.17086412616041
v -13.139792171434095 -9.552279259224655 63.14917415848845
v -10.107909595611478 -6.760228264526965 64.9586295343475
v -7.99569952177448 -7.4004308646245285 64.74405935708099
v -8.423929520519714 -18.32219504552227 58.88640691994169
v -9.432798728554793 -16.76973053557196 60.561580324752036
v -11.033058880862214 -18.357701200140433 59.74040808911225
v -6.574078055997614 -13.992353148825693 62.558939001792425
v -7.795604751123747 -15.116593865751817 61.20435925240065
v -5.5686002573131965 -15.474957716023518 60.76752071624449
v -12.616221472278482 -14.482985834207327 62.302018971741134
v -10.35999259187275 -15.0437168750164 62.0967502776471
v -10.792930425825364 -12.73398963095238 62.77327654478205
v -1.5578700402392656 -8.715672478375069 63.11000450203546
v 0.4341296846551437 -9.131976921115562 62.60826354316194
v -5.824150841647711 -7.931176597381057 64.3314430398867
v -3.5961827461024285 -8.25960452127697 63.57285074810222
v -2.928250256562144 -12.899574681780901 62.84713601335548
v -3.259153432923 -10.54426377155739 63.19435496885192
v -5.082002010623089 -12.50970009372967 63.35394270032273
v -9.316391686985444 -11.329082380994954 63.74634501947767
v -7.101074324553501 -11.841866484395396 63.40093285362201
v -7.627209235037654 -9.694908861448063 64.23518590606832
v 8.187414394679987 -3.6364540751542336 30.061873666340393
v 7.78009220514471 -3.8331487133584297 29.30009019646606
v 8.858434262934676 -3.6672873043381955 31.968362743419675
v 8.518841849621598 -3.6489777625261866 30.99647439205087
v 5.838365739328108 -4.909536753204627 32.441869615012536
v 7.2581650161437725 -4.213165199606792 31.657292143924753
v 6.167843736275746 -4.942131236350917 33.53395617062986
v 10.413315810447223 -3.5931623310221923 36.16584154288144
v 10.004026034303726 -3.606300389376635 35.04217568692212
v 7.51926070903218 -4.361637912250664 36.456193088770064
v 8.81448358406011 -3.9452447013544045 35.69978079310907
v 7.997611687070499 -4.119850997806367 37.43951038619832
v 9.589952282266648 -3.6841736735852777 34.02821750935397
v 9.218893124707709 -3.6777504229359153 32.98336418375692
v 1.2386852885047084 -6.134665309310609 39.88430892183323
v 3.0195452727873757 -5.628957338138406 38.91178120198535
v 1.8496769426982578 -5.703716256641801 40.90913006957507
v 5.107672860662435 -5.370519826289623 35.350345836452846
v 4.05968621383135 -5.595504984141176 37.139912577071875
v 3.5283766755575243 -5.928795444856394 36.17951043383388
v 5.113101494573726 -4.969273431375058 39.16701728658258
v 4.563213469619239 -5.321890136221022 38.18316867316966
v 6.081703979683979 -4.857719346010317 37.32135347836082
v 7.938015233734454 -4.275293515239738 33.77375090438188
v 6.992091146189091 -4.708945366372486 35.60131001001382
v 6.573230433671979 -4.826079732810044 34.55051978761875
v 0.9335136419111336 -11.302954679007975 62.10295873259516
v -1.9926742019240606 -14.479199017731531 61.19372479945138
v -0.6481374589478435 -13.109267843850912 62.03762868066292
v 1.5441364815453156 -13.308976431682538 61.262082242893314
v 2.3162009001211175 -14.964416752304533 59.9009396078009
v -6.189967507934568 -18.769794718504563 58.54455550723762
v 5.593346685914714 -4.7259662947232215 40.37156128008546
v 4.088528033141726 -4.955606449370379 41.12796502286611
v -4.702534789723636 -17.207840345057818 59.31237498514875
v -3.2307747960820414 -15.648130139656843 59.99234027594833
v 9.66199978933485 -3.8954848567617866 38.13134218632835
v 2.917336778139749 -17.032785074168032 59.089415136579106
v 8.861473258446974 -4.087759535698396 40.179734794490486
v 8.40601477846727 -4.130875338647314 38.800448541060305
v 7.044284500777518 -4.445643703757053 39.58814913212682
v -1.0087228112804105 -15.868406716062932 59.34899438964119
v -0.3161863604347239 -17.762173509219615 58.24516295522932
v 0.9911588048035469 -16.401078850857225 59.150072862471376
v -51.997263781923195 11.691165964573258 59.6704483088714
v -53.21199600283214 6.277232392568308 58.38935060507736
v -52.55209651245802 9.000294653209703 58.99982760491007
v -50.17199040486538 10.086086667583707 61.174568111078166
v -48.495993648484486 8.490048171805602 62.741990507847476
v -54.230676228381114 -4.621711606915117 54.91447368266725
v -54.635538140985304 -2.0414355305725493 56.16336071450909
v -48.67420361074214 0.6405741930760733 59.83635551702981
v -51.823701405185815 -0.7300480553693944 58.190271439311665
v -49.09044603442071 -2.0572601801338664 59.131180233037874
v -54.46425651153177 0.6940277072773391 57.09043246101354
v -54.44415032245722 3.382423102909854 58.1057959326347
v -40.65691268230458 4.301898964179735 64.93649265723653
v -37.97667105477074 3.059942749453967 65.38617866158452
v -46.380882810914116 6.944154619314398 63.97570419553163
v -43.44222989661487 5.599522767757966 64.4545584676855
v -43.58019937995862 0.5314881437821857 62.578076062599514
v -43.4465038960106 3.074052964333511 63.46108377846146
v -46.27617554655158 1.8185967583742002 61.88216328353662
v -50.852325399611956 4.748856252260618 59.588883190440654
v -48.64845263416035 3.239858296716502 60.82888147738808
v -49.00778575726767 5.793995424314549 62.094658192267104
v -46.87642778783379 -22.85976946405966 43.26893178054996
v -47.3697515667904 -20.450566819102562 44.48012265568036
v -43.46644153553167 -18.117683174222513 49.12806853488575
v -45.343094248225555 -19.242204968555114 46.81916146009729
v -42.53139892982814 -20.17439394771303 47.72082390797912
v -47.83219675767776 -18.03945817293691 45.67475565899349
v -48.45457756919673 -15.729665041298468 46.942537536063114
v -37.24263002895532 -14.321827747002114 58.61032956203807
v -38.81495512918521 -15.284745984221054 56.30986548978194
v -35.94942185388079 -16.10650840160492 56.80580844009009
v -43.60114222394076 -12.897583700050763 54.3938840527487
v -41.17023435991719 -14.094449359670051 55.35334983634173
v -42.49651641074983 -12.183110405106802 57.12748151127636
v -39.53358240920236 -18.32164144593034 52.560595919924396
v -39.8372857830454 -15.930026102188965 53.60345101287511
v -41.69744906193795 -17.05057615504088 51.4449810992144
v -51.66475939267592 -9.218614692964664 51.4994666027929
v -53.052516003523735 -7.061629576989954 53.234303675321804
v -49.05211513558105 -13.37440067981225 48.21036984262998
v -50.14831695724766 -11.247778660669002 49.7320968555773
v -47.75277478954264 -9.758852695342725 55.328510406183526
v -48.82938832682858 -10.455688134163143 52.463013108915554
v -45.74190439616126 -11.487530676314716 53.172051093821395
v -44.26284213034313 -15.952973885652725 50.49328270930879
v -45.12522735910865 -13.789675757828498 51.90309971780596
v -46.85408301580435 -14.788034560140552 49.48240302848716
v -19.796072000299624 -3.8878103638461354 65.98678985342711
v -17.485117148142727 -4.69494051482415 65.93314317972099
v -24.72763489061498 -2.214709081955249 66.16181743178365
v -22.260918088713034 -3.0868848048752078 66.13097805824654
v -20.926064182405447 -6.821562735486662 62.95979923525327
v -21.513461501252465 -4.944649119575665 64.42892293020944
v -23.444917697735157 -6.118715869924685 63.11205132454468
v -35.31677748777934 1.7833540524384048 65.85945909993194
v -32.753001882775095 0.6487221394862459 66.19731019780514
v -31.838304463218975 -3.832829427936119 63.61718026365362
v -32.10368243228586 -1.5458703533014315 64.70306564445599
v -34.96331661170391 -3.0222743847809426 63.826387735122765
v -30.113048453593045 -0.39578848237857756 66.34869664225087
v -27.459748702555366 -1.3525808866086066 66.35457516893567
v -31.469011751803237 -13.33746267498259 59.99167215298476
v -31.614669183651728 -10.97564419985126 60.94873791626193
v -34.839442130522364 -12.880756902810653 60.297204421223775
v -26.231098018908945 -7.771923197818634 62.6400200351413
v -28.64047286777415 -9.213976248051296 61.60253268767137
v -25.997852878694808 -9.956100533551009 61.638487014825905
v -34.898840498202844 -7.918940608238998 62.070311535741226
v -31.62854286032868 -8.555440454523556 61.77932815542702
v -31.795146698526757 -6.233410921662692 62.75583831725413
v -26.977918896872815 -3.4943278600221106 65.02678815496594
v -28.606842844876724 -4.4993632771299445 63.12749663002061
v -26.016040625988353 -5.351182479265248 63.17007513276496
v -51.48615642983002 -6.054533660353002 55.96644729791233
v -46.55075613815072 -8.902912545314472 58.18499257373517
v -49.34646969265086 -7.630604813430974 57.318111802149176
v -49.66831268675921 -4.973232309391758 58.52281232922687
v -46.86648346579015 -3.595305648284331 60.34128315195984
v -37.67891903541894 -11.997318459570295 59.869420500943626
v -38.36644992651273 -7.214466640063012 62.23410030203486
v -38.29957019748477 -9.73976076579319 61.28342913534763
v -40.79428440384492 -11.146644559002354 59.54449576227071
v -43.666428721286906 -10.082532696103875 58.92408381311423
v -37.93385334354149 0.55435865681401 64.48509202149123
v -43.9368492700597 -2.19782447949569 61.94819989283037
v -40.718473394403034 -0.7448626921361381 63.11991527046372
v -38.121606379489485 -2.0259032304257367 63.784819197340894
v -38.501744380207164 -4.692684031562823 63.24080895831128
v -44.689611053635865 -7.812611721908414 60.6165184620548
v -41.800200523449384 -6.323948528984374 62.19370035354126
v -44.58911795072096 -5.074644586992111 61.495932173328924
v 6.3698492189156255 -4.564519761368999 29.806708086020567
v 4.198508413447078 -5.652281309053549 33.09046365386657
v 5.443450095533601 -4.889616441338202 31.21565554578669
v 4.882295967049968 -5.217010907199896 30.264033292313
v 3.0646873344092587 -6.241792603489905 30.975590010517593
v -0.7520833780969873 -6.561098504732257 40.60738295875156
v 0.558256574029766 -6.500392904033216 38.61501766770033
v -1.075391666829379 -7.643149343689629 36.49351189726758
v -0.2431159574587909 -7.049186031049473 37.53668607841452
v -2.5178708445318954 -7.814343821938184 38.43621957328373
v 1.7242361920069182 -6.4768092820161876 36.83779378658538
v 3.0180148929414337 -6.059576162194109 34.87868701437071
v -3.0594669495049693 -8.733322958534373 32.7505950166735
v -5.287782800845363 -9.350403080460438 33.20953567121869
v 1.1893085244003938 -7.061415373968682 31.555033820277096
v -0.8339211846826942 -7.8845648880258565 32.14103971117895
v -3.873632043288019 -8.5427192739491 35.77857090195657
v -2.351591190507854 -8.302208951368431 33.94101295031916
v -1.5580550979841092 -7.755436857272148 35.02870812711079
v 2.2899538252198273 -6.58816030145249 33.91572152314335
v 0.37888198978077625 -7.258504315787228 34.53833999373322
v 1.8086277087018772 -6.711129580379559 32.641162866507344
v -16.220603969948606 -6.473805671489629 63.99125489834486
v -20.350869917712437 -9.10139538553166 62.0537102578286
v -18.287097482059927 -7.788226183189138 63.07285290020497
v -15.370583824196604 -8.45092907110795 62.662119018040954
v -15.096564791063855 -10.859962653605574 62.18471421012972
v -30.799703017179155 -15.860053071394873 58.90796431025117
v -28.046168100724117 -14.07513134424623 59.822919033083615
v -21.91701167118216 -15.592819638077788 59.744457958311706
v -25.011000411777985 -14.930777037584985 59.891162009271675
v -24.860235167658033 -17.724244632231965 59.37003770842678
v -25.230214351453093 -12.246406882727939 60.47321410920426
v -22.891825842022953 -10.744079367549563 61.44474907581344
v -13.986735785915855 -18.12005359011429 60.277329845718256
v -13.198997614899852 -20.118459620495543 59.01140793246613
v -15.049099534305117 -13.563332302004895 62.03244130622872
v -14.699282819725696 -16.01710154121163 61.427000096887774
v -18.733731581474373 -18.900671254881637 59.10019302034087
v -16.743913316758395 -17.493254412699493 60.35365079512981
v -19.183613335724587 -16.464412054052424 59.92321850881149
v -19.75073431536122 -11.35832981176543 61.07456295113994
v -19.439401435558956 -13.86260216521768 60.46285220340674
v -17.40391309748812 -12.486432742432289 61.588196265758576
v -44.3398472272699 -24.511262421356612 44.25652306249246
v -38.923649576305195 -27.352043298507226 45.93592126047801
v -40.9760658135863 -25.50043607588927 44.792806407447614
v -42.136203907613634 -23.084522869594878 46.46334431702388
v -40.001057605814964 -21.70599311893919 48.56892115886884
v -7.778519307211585 -9.935223440555916 33.65604356359441
v -10.166658694549735 -10.299960680946743 33.95785662941656
v -31.91380189000926 -25.530933751780495 50.60397435323656
v -12.087212288098314 -10.244114349708227 35.79349055982995
v -29.478033715605733 -26.846242492919828 51.363407906836585
v -12.836737539951208 -10.73395421903443 34.315164263230514
v -36.938947219869114 -29.305395175588643 47.154389338155994
v -34.6696125461311 -18.315896850371892 55.045938440470465
v -33.23940253863618 -17.426973595986077 57.348364487892866
v -38.27212427646764 -20.606804696456713 50.85508913262477
v -36.731372499514215 -19.63553204883099 53.1652476307822
v -31.38644599149997 -22.187951847269368 54.37149343405572
v -33.723253613202466 -20.708002091152984 53.54806095188527
v -32.78572673943925 -23.07860589857298 52.05837616175216
v -36.77800693095809 -25.860694368313496 48.03399047906412
v -34.81904524296617 -24.505645852366584 50.13161448942358
v -37.443312323262234 -23.159605045156134 49.39481371788552
v -15.111499318593918 -21.682093776185155 57.742944477268225
v -21.033958897669933 -20.7129660471425 58.03319231274227
v -18.02190741256932 -21.213148434365195 57.895093257131286
v -4.0797434073360215 -7.843855706566682 40.5306162578792
v -4.947471865774375 -8.415533024352285 39.286750863435145
v -30.262065652073886 -18.479652598417623 57.761584335067624
v -28.754815206366686 -23.431884556694627 55.09010762000536
v -29.56645356919418 -21.003322917448862 56.474219496083826
v -27.533564754561056 -19.63476761809681 58.31479655823258
v -24.558122860103822 -20.48384192896019 58.52410282155292
v -7.0352722697745165 -9.517692755800468 35.01863154901549
v -5.561779322739003 -8.686385069346354 37.75030064783058
v -6.268488172333306 -9.070181587045912 36.35883752629173
v -8.680983352083896 -9.391855198584128 36.78471782624024
v -27.104169937626665 -25.111372236335257 52.98151443859151
v -23.344698928551736 -22.46995850944569 56.760058657998655
v -25.336923569810693 -23.901532677691506 55.014412319219815
v -22.406865906615607 -24.69321017955258 55.28017170889386
v 12.674271845155515 -17.706575440450997 -36.482971669975825
v 9.880501997056495 -22.087796581133112 -36.55467855972262
v 11.295806676172852 -19.933888403481532 -36.63618487282385
v 10.530847283573566 -17.597503366209587 -37.56252388963152
v 8.339518525781685 -17.39818949967855 -38.5315114564814
v 9.883482633651777 -7.343901312987722 -9.513739196960614
v 10.365358904120459 -7.571310571719447 -11.290016352896643
v 3.6479048010021664 -23.96366503074166 -38.242957193587124
v 9.37802269294618 -8.314366976898782 -14.454511278505414
v 7.769096838982392 -8.78451948457236 -15.70304008355123
v 10.88145922680705 -7.8466589201354395 -13.254184263018022
v 11.518286405735683 -7.743047352166627 -14.872131619225701
v 1.4259913664396429 -16.44426779754584 -41.059924137324565
v -0.9700276089556539 -16.023515087922924 -41.79425768865855
v 6.098889531384623 -17.0407446927576 -39.278071209635144
v 3.758542904617215 -16.86343110926574 -40.35611749108456
v 0.4300521506749533 -21.19003991796393 -40.124508376980316
v 2.1657924412547853 -18.887465362893167 -40.08394904404135
v 2.8900806462347752 -21.416182923464184 -39.2021673377663
v 7.557983700164108 -22.127736756217182 -37.771951884730086
v 5.191691009099877 -21.971710188717537 -38.75961537901832
v 6.752807370208442 -19.82522883155547 -38.945198868686454
v 6.992384142061921 -5.733745599324777 1.4253713842536424
v 7.330992854952088 -5.789017014418299 0.3966531127344126
v 4.808166278839723 -7.838194214701861 -3.958706581975161
v 6.156270763542295 -6.761002192808178 -1.630868659216329
v 4.437390489567164 -7.7923155192718845 -2.708695186523112
v 7.677509400949166 -5.858705486838517 -0.6829807147489682
v 7.960872272506929 -6.139099535594099 -1.975288951977646
v -1.3386875417400255 -10.5940186061203 -14.521679361239855
v 0.34540318404506465 -10.084803174746312 -11.631905398546582
v -1.7178225341739406 -10.567963590553024 -12.668039066932234
v 4.259093015908725 -8.69058618941941 -9.239418893285784
v 2.1601199756692804 -9.802038063172201 -10.84428813815925
v 2.5793843223973383 -9.849470317077238 -12.558696973672955
v 1.4942112663311065 -9.505458722723859 -7.4708592047015685
v 1.9048461767266502 -9.492794418462935 -8.954982333005361
v 3.366794049556878 -8.786087929595912 -6.4430372901080055
v 9.107817777229448 -6.53682150240444 -5.888378018839177
v 9.474322747294199 -6.886322081928707 -7.555255492003305
v 8.369484766786107 -6.1426054947882704 -3.1107176894023603
v 8.711988978348689 -6.3802506630818385 -4.497483590552655
v 6.2893663621959135 -8.414773970819908 -10.016137007234683
v 7.618992865899907 -7.26363596673491 -6.9773329862553695
v 6.076331290061658 -7.826006448293601 -7.936649425797654
v 5.160000955539633 -7.948255318545328 -5.33155110636266
v 5.640379544355385 -7.816494761882129 -6.542649513073471
v 6.888255347809693 -6.9153617397184455 -4.088090519598218
v -20.18811283484039 -12.275058034865147 -46.91347213873793
v -22.124009373585984 -10.752629394028236 -45.68594295388169
v -14.837688354955674 -14.072688388190564 -46.64264603935024
v -17.567032883108546 -13.26290700465939 -46.94628535743101
v -21.334595844437878 -16.738188846197772 -44.408645032541045
v -19.556366075679186 -15.093894039786296 -45.88992763792504
v -18.699976439493867 -17.693471850837945 -44.48136708715751
v -3.772005342555005 -15.923019521973778 -43.20252559692439
v -6.382914755406308 -15.507739204024325 -44.05621481872511
v -10.314239948956164 -19.585381728032935 -43.10648382053659
v -8.472652407293428 -17.72985956788461 -43.9699799247013
v -7.628472737750172 -20.075855044461925 -42.480116288059406
v -9.088109119929676 -15.058477731189186 -44.90537561208954
v -12.042978416494595 -14.750404616934446 -46.103566999688695
v -17.077417374618946 -26.039786456945855 -37.52038557219976
v -15.292463406894793 -24.31980925822625 -38.82847706021792
v -14.324163251420675 -26.613611574382418 -37.24673098219356
v -17.69729230621757 -20.138549696853453 -42.82644215467587
v -16.469045950015776 -22.238245559483182 -40.77989087799632
v -18.984576131885028 -21.266776806193313 -40.60623326339827
v -10.84834016283925 -23.17965752479708 -39.726083755905734
v -13.688198067997035 -22.822110702785785 -40.39848136067175
v -12.156538832383259 -21.409317625934946 -42.07274036824879
v -14.07593160232242 -16.707981452960148 -45.40031764669415
v -13.128970900240649 -19.106805304303272 -43.769531682336755
v -16.074382368078695 -18.624343346187644 -44.4918167552373
v 8.409651127093952 -7.826706538179938 -10.504355101980352
v 4.979413040312675 -9.159686504512155 -13.02674261495305
v 6.729238659818337 -8.57583671671668 -11.834860183017298
v 7.249557934607216 -8.623676902053472 -13.639640802090767
v -0.36997857836288617 -25.333020263354776 -37.91660633450802
v -11.575347487091655 -27.20822782073786 -36.86987920899103
v -8.075929276406427 -23.62181196818557 -39.07612066691791
v -9.723106495485936 -25.2610736973634 -37.81605903004861
v 1.1314764261817167 -10.157886226239665 -15.366042865574538
v 3.0491891313262443 -9.792928951535902 -14.329777613084861
v -3.061264707867714 -18.542150974973644 -42.326850689119
v -1.3610976777442758 -23.28560042772758 -39.69860351739085
v -2.2639951663321973 -21.029887781869228 -41.185546214309
v -4.823683812802063 -20.410210517376818 -41.58440098787484
v -6.565022966434924 -22.22465844238463 -40.678480730191126
v -4.687222409479091 -26.806914372240605 -37.56246015298829
v -5.713214781941193 -24.682981753645308 -39.33901846758277
v -2.981760544007681 -24.977815150134468 -38.5721245151195
v 0.7185745002921422 -7.794010845003314 14.492226921114451
v -2.764842083354477 -9.892289195935192 12.98508645912271
v -0.9399215949052859 -8.813703287234176 13.78235338246367
v 1.088266997713534 -7.7728990295770615 13.572601030286567
v 1.4957585407162686 -7.682068434042382 12.673188736847498
v -10.824854340797106 -13.318250127573023 8.971411024002158
v -8.547038860642072 -12.419679503346568 10.132114397055505
v -3.7528184352563443 -10.81063621197168 9.894736792205624
v -6.185898908103738 -11.78853791104557 9.957707422708665
v -5.727778411214352 -11.793019361381138 8.784236139091721
v -6.587611258295734 -11.709631945700295 11.151706174780053
v -4.707576068505375 -10.925230128208007 12.091258893858283
v 2.8460397900007326 -7.133947000176061 10.091223421582662
v 3.180555947329424 -7.135819130761124 9.206669570533013
v 2.1605202096797704 -7.15382890027044 11.852810839878977
v 2.4032389849233837 -7.316514295666806 10.935277267646434
v -0.8859844231161063 -9.48310182778166 8.930529318269503
v 0.7963646920304388 -8.440867200495337 9.971180069686906
v -1.340025756864076 -9.582700550443143 9.924384544257173
v -2.2447188300662475 -9.730720639241163 11.960363062351796
v -1.7575782341731134 -9.608489829227484 10.945463569295512
v -0.010157207046557204 -8.554798401881204 11.867465120099917
v -55.06696118527543 -31.657434904236226 -13.453914587453568
v -53.48517924461797 -33.75907607764772 -11.645465371289
v -21.65218187238107 -15.524571173203544 -1.6773859193866123
v -50.24004029326558 -35.310106668359985 -12.647641072016754
v -48.59846763280839 -34.79594037325866 -15.393617641186864
v -51.6159369444392 -35.605772022179885 -9.744113708148905
v -22.923800309344706 -15.60320755343551 1.866028479470435
v -9.91522808602124 -13.742638520712475 -0.8961317584788873
v -12.74124215802565 -14.445899055744263 -1.2488385271472886
v -11.928809223172689 -14.136453295483665 -2.6253524369826806
v -14.073102680044862 -14.741580217634187 1.6995901765694175
v -13.217770262654483 -14.397995761611142 0.3279653326780263
v -11.159758898221057 -14.00631404581965 1.8991042524933501
v -18.157532468770512 -15.432747164835817 -3.4265061076504253
v -15.663598882790069 -14.995603610529443 -1.5070370680163983
v -18.658097429820067 -15.381837070499298 -1.664864416083688
v -15.442476789908653 -14.537794238316685 6.384301550768203
v -13.33794035559987 -14.195445044050132 7.634744572132513
v -20.417840863611907 -15.431309010399868 3.4501268815922934
v -18.075400131373037 -15.208763724282349 4.90352501125974
v -12.38556649743727 -14.247373492292816 4.71003937257084
v -15.22207181061404 -14.837825245334773 4.751869786807541
v -14.499181947767557 -14.640813752890342 3.2969153168573158
v -19.09529131347412 -15.260607100105553 0.11437830260171289
v -16.77943194132424 -15.026196460848226 1.7417106480652862
v -19.792798957138913 -15.37672420656368 1.7678509207491881
v 5.966782370576652 -6.32443013953413 3.158887128635614
v 6.482026039886842 -5.946448331958386 2.4363489985062827
v 5.044114250136353 -6.821560354603331 4.7654144502934095
v 5.524590937576983 -6.533239365935415 3.983818545219087
v 2.8026109628610154 -8.351878274215188 0.9497115366348794
v 4.265820958301733 -7.355951842246441 2.581778240116062
v 2.0772953038574826 -8.991909925499282 1.6613908157356914
v 3.637616262675685 -6.926538610928141 8.343170509517684
v 4.021908495776781 -6.831179090250178 7.490833431894055
v 0.6818536068215835 -9.443081624603362 4.672725703942708
v 2.4715715426825984 -8.052859792234337 6.184467664724719
v 0.4592988758983001 -9.19197418371261 5.821363003488102
v 4.314654153160998 -6.914850628503427 6.560927221001018
v 4.660101429390936 -6.902077531092388 5.6585253162587446
v -6.659170324076065 -12.847138263480147 -1.8285119249983488
v -4.760923173202798 -12.231527402839987 -0.11268606282544624
v -7.324303114346996 -13.14427684940415 -0.5977477438282186
v -0.05051226499375261 -10.127073145710128 1.0337435233291412
v -2.4066048472419297 -11.331929050850533 0.37049373410219744
v -1.6638908080833872 -10.830501833348645 -0.5821620682258342
v -3.2387109085929318 -11.363639275544166 2.8164377281369752
v -2.9202623044087197 -11.486245379173699 1.5312221663559047
v -1.014417410252232 -10.412506495375982 3.193909567866065
v 3.1047533103547114 -8.207309889037642 4.142449023012205
v 1.0760402807749667 -9.40812459386045 3.6172273549372704
v 1.4794031755221155 -9.368778073294841 2.5487940058711978
v -10.598913277275802 -13.58810281639327 7.526523773179511
v -9.434499887833699 -13.343794949583227 4.859037741199238
v -10.113130348321192 -13.576015684219364 6.14932422871812
v -7.720658996743584 -12.552673715180632 7.570460694006545
v -5.241348641308825 -11.708147757178445 7.587345419757609
v -7.794261357528761 -13.114818803929964 0.814581429844722
v -3.606252562894934 -11.253582770195546 4.086391645625762
v -5.660201524974365 -12.251002201749685 2.496530007259466
v -8.324335617678685 -13.167423814825977 2.1736933014822277
v -9.027225552256422 -13.42939077212678 3.433654188559636
v 1.7064447300153631 -8.135673098444055 8.112441381687212
v -2.6349047099153324 -10.420320873837586 7.764860474018455
v -0.346828794549797 -9.244535954165862 7.937366814416887
v 0.17098429638997104 -9.034306986086534 6.947088374494758
v -1.7299600808427833 -10.28950111624373 5.533537440989276
v -6.771063166621815 -12.492456917060437 4.995468252351264
v -4.0826667214164445 -11.317443723878341 5.281531561358918
v -4.713348947028365 -11.584961612055157 6.405153902509223
v -62.695259950327056 11.01325795125791 -34.541111372301664
v -59.333318269213976 7.228143652716204 -38.596092691518585
v -61.17155570778165 9.10303514536567 -36.683796848624326
v -63.57656950043592 7.874609715106166 -33.915012727394064
v -64.24957523383578 4.7266945666216085 -33.14938994616482
v -47.731502628303794 0.7213754283446878 -42.311402197792006
v -50.53507447659801 2.262329046810848 -41.46859525915636
v -54.60711693697634 -0.07850816502705982 -36.02000989705122
v -52.32839817217709 1.1427889291776623 -38.55223802177878
v -51.15437326298927 -1.4349570801343532 -36.499346063482164
v -53.38294857728367 3.8602169158369115 -40.55777288883073
v -56.85040042613086 5.424292628563935 -40.027569727797996
v -64.61854341198625 -4.591253239027502 -29.839696625106626
v -64.74296526999014 -7.708416798812316 -28.73928154759524
v -65.51615805921998 1.3992646946630707 -32.723743571930235
v -64.46216409911005 -1.4776789720605876 -30.920598942818515
v -58.7575079794003 -4.739076995856063 -33.536909744437544
v -61.6203353498213 -3.1465802303898975 -32.28434529185053
v -58.06305998413386 -1.5891779310772272 -34.20014854275438
v -59.050589848434456 4.2173088272679475 -37.21564557065174
v -58.35396066748228 1.3242106243992016 -35.55892762042178
v -61.40325545600149 2.973150919242064 -34.468273773032756
v -25.360982077149963 -9.562492731753895 -45.677665064604824
v -27.956099508932347 -8.421410577134818 -45.381715538814994
v -33.43033884947556 -11.718035280079352 -43.038395737350974
v -30.89855757220817 -10.184569305376499 -44.54484281933377
v -30.123981591640344 -12.506188320108198 -42.65702081799425
v -31.299021495171417 -7.595643276735075 -45.973060950946106
v -34.67765330643092 -6.664677544178613 -46.41666622321336
v -43.201198551038765 -17.630884841694254 -35.582934121584074
v -40.338941220608184 -15.918298688616517 -37.184540538071815
v -39.8909562762119 -18.54251064243322 -35.79666763815699
v -42.401864378660974 -11.167458183824518 -41.13191227424448
v -40.95702441757335 -13.364845900366788 -38.74562426180354
v -43.723293178683335 -12.065824063709485 -38.05763069945572
v -34.44006915738716 -15.173677134160535 -38.81252691453962
v -38.1037250977661 -14.559040975817311 -39.26973022001249
v -35.649793740242664 -13.073715521828696 -41.04202656007733
v -42.81292204598319 -2.518931619585249 -44.555255626722925
v -45.39092457513544 -1.0075574072437092 -43.64751574063482
v -37.760926211518985 -5.465628506257964 -46.29001963627007
v -40.05943002460712 -3.9322878870426052 -45.20868888308139
v -44.79146976296726 -6.690674292177203 -41.049591690113054
v -42.93425285422648 -5.49633266443891 -43.66858752459893
v -43.166167595188384 -8.52914088379239 -42.89268232856706
v -37.168062276185914 -11.018276420496985 -43.69009585067778
v -40.69047270645497 -10.052473572343718 -43.89395104062123
v -37.76699785806459 -8.388139565559186 -45.334361490166174
v -58.28870021667434 -26.731195313242367 -17.38740079913356
v -56.72367825924232 -28.94570495112356 -15.539594265335474
v -60.14910991037435 -21.486643179923824 -20.55670055722497
v -59.32916108701254 -24.170383572383813 -19.019544411734287
v -53.55159804481514 -26.985251563566507 -21.693170408298727
v -55.798571352488 -25.248978374236565 -20.072059784963507
v -54.69242548302795 -24.55836726006507 -23.381934681592597
v -64.62490633980639 -10.92648772701116 -27.474335479644743
v -63.998542898679844 -13.815408308076869 -25.97023129016216
v -57.16027572193252 -16.570996033599748 -28.046543976424857
v -60.57709018402987 -15.249710484959095 -27.07045794025131
v -57.84124606638994 -13.835027362239455 -29.551997131330026
v -63.4689520414466 -16.734807402887462 -24.524906914953547
v -61.77882160240502 -19.121168087938678 -22.511962363036332
v -44.87270943520333 -21.621403418252093 -31.814971404857168
v -47.82157046161034 -20.425125506350554 -30.933157467539353
v -45.439477869996324 -18.98995567699476 -33.170305800753006
v -52.386796739043746 -23.173708203229708 -26.011713815096115
v -50.08827716375673 -21.791958998268484 -28.506950114098075
v -49.13114019636451 -24.25325836738778 -26.87915879398838
v -52.02912998017774 -16.775840317259913 -31.829630842321677
v -50.97125005957376 -19.253710537256616 -30.09991654012429
v -54.72688715274376 -18.291895508664993 -29.560870201972804
v -58.18517572522519 -20.338383196267912 -23.518482064984845
v -56.573430567448256 -19.369013067816404 -26.627426139758704
v -55.457965280840625 -21.888928198939205 -24.90115419602717
v -47.750562206087025 -2.256962153059302 -41.31005080047869
v -46.88169569838533 -7.874301185268315 -38.50435040645929
v -47.14893542777783 -5.032572299201291 -39.7551902795052
v -48.92204004101853 -3.1667825510884704 -37.9351791901423
v -52.17211774433284 -4.698188980824398 -36.26144068935729
v -46.044561028531625 -16.360587079890095 -34.70629190131699
v -52.17159958588397 -13.800475966984767 -33.04271157181859
v -49.016783997049245 -15.076851201911438 -33.84873222637728
v -46.36315274985592 -13.562160925838505 -36.00809873695414
v -46.432823791348405 -10.658807170750954 -37.09387390955625
v -61.757603795068846 -9.411251447248219 -30.04937276756678
v -55.27489944653723 -6.216185202495716 -34.271946572392096
v -58.618464615096826 -7.831743635741468 -32.318387321113434
v -58.09959352520352 -10.795911388413987 -30.852650252849003
v -55.018106508167065 -12.273961894251848 -31.895476899287466
v -49.623972400134846 -9.345693766819384 -36.44642907131532
v -52.41398117197828 -10.843401065109852 -34.29515927074593
v -52.73488252975069 -7.907976696761143 -35.612528112039605
v 5.32875702458869 -6.787700009563672 0.7006822607702361
v 1.4410740953680676 -9.033535630088437 -0.8552945705943351
v 3.450042494860165 -7.950321440675452 -0.10161694715736402
v 4.152323646734317 -7.444536044500676 -1.07661726990764
v 2.600652324132062 -8.583879343377816 -3.4044170400354474
v -8.418804363065092 -13.078957594495172 -3.740725873903177
v -5.73074848242398 -12.199824358699221 -3.0982763685177694
v -4.6118236071582 -11.887079262514415 -6.3382586054839685
v -4.987021077002169 -11.792193395409097 -4.517480638184228
v -7.1981665253583 -12.648315892236663 -7.087203205624185
v -3.175569898744225 -11.206979199128568 -2.386306542871722
v -0.8005816709115869 -10.159831434979733 -1.644930118347304
v -2.4760140467819305 -10.921673536802064 -11.05882182927148
v -4.370286706238666 -11.433963560017556 -13.92221532369922
v 0.8714778981875941 -9.70706889387144 -6.000228115715213
v -0.6517589770411512 -10.217750291406073 -8.305944285322653
v -5.863858190213399 -12.1173489429315 -10.490211925180201
v -3.110992001400465 -11.11873824159365 -9.339192089695867
v -4.04816142253684 -11.759344197078082 -8.061365188432546
v -0.005873123463107532 -9.614961759334815 -2.768892535609595
v -1.9265378252265997 -10.691076599152105 -5.274293741149815
v 0.4516875306698367 -9.616819228541626 -4.317891916932432
v -53.53704428897409 -30.686121669910364 -16.56347481703522
v -49.4485128324025 -28.067045873917998 -22.063342828411088
v -52.05669813923946 -29.75399486143376 -19.661678767159657
v -50.211333023462586 -32.227253925005044 -17.45984083844916
v -47.56992097052523 -34.1766723015766 -18.64853780454974
v -41.34785214484495 -22.931527203809594 -32.15736525686358
v -43.60281000212565 -24.365887506306365 -29.92984894256417
v -42.0304121092648 -30.483833623338207 -26.891283342629137
v -42.61262532102735 -27.27054680671501 -28.260788829788027
v -38.969771269083324 -28.299228067361497 -28.512142094419367
v -46.0297166768874 -25.91929494419079 -27.71875169350122
v -47.629636747625995 -26.918491147706973 -24.86474760076203
v -14.427605826453544 -14.582614547487395 -4.88209233690451
v -11.255704801971177 -13.727788553031179 -4.237925882715704
v -45.14903348669685 -36.33162486616888 -19.985997020006515
v -17.548013705342036 -15.101682750886916 -5.307451332425856
v -38.23297823986949 -35.09454272604853 -26.17119287725461
v -17.10016537810482 -14.928114768632021 -7.326195715690488
v -40.97717763569009 -33.38692602986043 -25.14966284978398
v -46.672172640296 -29.921882855445432 -23.161598329803752
v -43.589672582681764 -31.496330608979072 -24.022234231655062
v -45.66799464891232 -32.91175749932869 -21.429832392694586
v -24.76284053528888 -12.431998284775279 -44.7145624065331
v -23.352108002607814 -17.990769025215464 -42.44587252251352
v -24.149491950846084 -15.293404848078183 -43.72029027012334
v -27.010385282578206 -13.840402030630283 -43.04907934091795
v -28.862257223651618 -14.978770494556812 -40.83697255023622
v -19.216278835542127 -27.56169214715019 -35.87512786692527
v -20.01379584210644 -24.977872779779034 -37.17666880722149
v -26.38694117634948 -23.11102338834158 -36.915852088407874
v -23.188914310399163 -24.085748592667642 -37.08380227949451
v -25.78506825638297 -25.985898553918325 -35.85001510689331
v -20.967356444800558 -22.55424284514016 -38.70212821130148
v -22.421769794757935 -20.583204186600383 -40.962935785126575
v -36.339218090701436 -19.737702651757267 -36.07393549873881
v -39.04681017692227 -21.474474848781902 -34.46926399506279
v -31.22746853075042 -16.476108780423893 -39.18487266665679
v -33.65567753675349 -18.018607319979672 -37.561389713022734
v -33.28987474825935 -24.681699140539877 -36.317460183579435
v -33.169241806020615 -21.08377850183713 -36.622348548252425
v -30.009589544787396 -22.33563353346245 -37.08078001966606
v -25.367603679571964 -19.277766903971937 -40.456692067321164
v -27.265980488923184 -20.45757857897651 -38.282206188286594
v -27.97435823490789 -17.65147650504077 -39.44291652895262
v -10.76292772872948 -13.647062948915448 -6.096298914317899
v -35.67359911161025 -33.284618424217825 -28.33371421849081
v -13.413550355448788 -14.26073154572094 -8.7701777390605
v -10.291288997742043 -13.599108131184451 -8.036660096522702
v -9.462301332740857 -13.152147698167045 -9.684926131709421
v -38.47568521788375 -24.601358259695076 -33.17616389088462
v -32.294510127392854 -27.443067609462275 -34.63549714708186
v -35.93587149536883 -26.512546863897796 -34.48187183363595
v -37.160378777478186 -27.170150587422775 -31.219493083158078
v -35.99363629987445 -29.809753761820026 -29.412696469549516
v -21.637068648508055 -29.585831005777976 -34.49843631106651
v -8.493628218623549 -12.548790636406608 -11.228919161391417
v -7.831549518929336 -12.298968590686663 -13.114047137968903
v -24.933796075682253 -28.773369431474862 -34.40649788275913
v -28.29096594042776 -27.90707278309302 -34.26982651882378
v -32.932364215289255 -31.23322785343911 -30.183103830294897
v -30.7061757348648 -29.667769523869296 -32.386352278384535
v -29.36339582795896 -32.06385934675812 -30.39488110676109
v 91.60224309468035 16 -36.7933274398693
v 88.9293712279837 12.234054795785793 -41.27981630764654
v 90.20543156960626 14.121784087429022 -38.984017327566406
v 90.49100338450931 17.885444029375737 -39.195617547210226
v 89.90579139158487 19.816365834071508 -42.046711272849485
v 83.2188987024829 4.5097913826250675 -50.42745645947251
v 85.13994409090157 6.406037302364247 -48.53634295456622
v 85.27047079801024 14.072596752971563 -48.6761445289994
v 85.57992352822941 10.2166827380782 -48.95905410438307
v 83.96313451422553 12.14434844996361 -51.1629295620434
v 87.26302303169051 8.283472117290975 -46.823315129132
v 87.87612731014575 10.293507608344154 -43.84211056953933
v 87.2184929040131 25.882385259158063 -50.476494061347694
v 85.67655111628589 27.910312776899765 -52.85617222039268
v 89.93591421161268 21.87002594196712 -45.55703317486275
v 88.96351786995626 23.90066146665824 -48.32241969353315
v 84.34586173636093 19.877364244982186 -51.54115051440952
v 86.90802620062424 21.89370598788453 -50.19895620512723
v 85.93397717086917 17.945864855889177 -49.29564420285132
v 88.05411442025546 14.09324570865397 -43.984568321738244
v 86.66617433665289 16 -46.320428732429924
v 88.55183805301647 17.919925456938824 -44.398919916992945
v 59.60148497214302 -7.390075762999125 -54.54868464489515
v 62.82418438438507 -6.277861265283011 -54.84881466445418
v 64.40610616228159 0.20176733144349157 -57.324888340399625
v 63.763976300491024 -3.1248005268195094 -56.31527906810088
v 61.42024076949896 -1.1849209798483393 -57.49149334225298
v 65.87217228362081 -4.986186989676984 -54.723994146157864
v 68.98111814703799 -3.6466948004600006 -54.56785350502855
v 70.53730283990865 13.983696499661171 -66.69280228162015
v 69.8695832882897 10.158110700292678 -65.67227701797617
v 67.67901350025497 12.137808998422555 -67.61840034847718
v 72.40846780776043 6.520145736176817 -59.394399930258004
v 72.07441258765957 8.180435139761478 -63.769733241732624
v 74.03857798625421 10.082110026351497 -61.617838306335855
v 65.18639883405896 4.926670299601289 -63.58526509771559
v 69.01617312562092 6.43810500085519 -64.36273647836883
v 65.36374277904324 3.5271892649451573 -58.80387319436234
v 77.4879598429959 1.0563836816177758 -52.387953175658595
v 80.58186134112843 2.665494349461138 -51.78890171503386
v 72.46112391660898 -2.3248252269153618 -54.69842987656314
v 74.79038967417134 -0.59701420087994 -53.34835788018749
v 75.74295632532342 6.578886527339186 -54.73203341381834
v 75.51555177431854 2.9261339155982817 -54.33708525951894
v 73.19160537106046 4.857163463330799 -55.83318748923374
v 67.6768772588623 1.6046548660963325 -57.428750952458174
v 70.80217140138322 3.12883033381879 -57.156475716250085
v 69.90240180801193 -0.30304881968609365 -55.87227421321971
v 66.34812378587469 39.954469926507876 -60.180822745905445
v 62.38905554670874 40.885471779337934 -59.05906858058157
v 73.77974949134989 37.42614470221501 -60.959359112559284
v 70.32362650145933 38.85935686205141 -61.03662517120942
v 64.24331375856877 34.25304139082793 -62.0593213912897
v 67.25723547102058 36.52350913526034 -61.60411871965749
v 67.80276745925033 32.906796230473546 -62.470103067967585
v 83.0193938971233 29.83779389535423 -54.34747855741887
v 81.45271457077438 31.907183390695202 -56.79762071656616
v 76.68929852430523 27.82430408438303 -60.226322573075535
v 79.80927460661874 30.017074298716786 -59.41152277933645
v 79.01603981025553 25.937259522567068 -58.60716555762731
v 78.99391825382455 33.783705153550386 -58.30678400930461
v 76.24379116293773 35.55251450003239 -59.43493911530817
v 68.1940101146817 19.9006788742237 -68.45168237471078
v 71.12186258328205 21.977692782249783 -67.57087164673254
v 71.07976930567477 18.036359076555193 -67.5153231959691
v 68.75096820158507 29.328666049783255 -63.93674130208831
v 71.00028533571103 25.91974566057315 -67.37028450159514
v 67.05340450524234 27.493648525106245 -66.60614373087911
v 75.6261674542271 22.079768160895128 -63.74099960520756
v 73.75076836756394 24.05333231574786 -66.15446537195626
v 75.440071411457 25.98933735148065 -63.446379064065724
v 74.42989286455443 33.67241094919576 -61.90913097282623
v 73.85363641232618 29.58785520768278 -61.22993522092949
v 71.33875521094203 31.415414452224944 -62.631989584983074
v 81.5771782732429 6.354928692523709 -52.81331480196492
v 76.03147115671521 10.321091541621021 -55.03127809760136
v 78.80087337250913 8.358704192840715 -53.97803580979908
v 81.66964277963113 10.215320003357316 -52.89693750290074
v 81.6372894639004 14.063560272137856 -52.85628762991483
v 73.28734617764226 16 -65.52683627772605
v 76.86567041222952 19.9747520762664 -60.5634174486721
v 74.68645209702694 17.994638350321402 -62.47627841030079
v 74.5522969192526 14.00992132321348 -62.296884381440506
v 76.05306028075297 12.078314353223423 -59.5412286138514
v 83.2521739202419 25.891429154526406 -54.570969000939385
v 81.88289077010923 17.94368548908175 -53.11393376857659
v 82.69770546610933 21.875239552109154 -53.97552370592058
v 80.85410624654664 23.891122902053993 -56.265921246248254
v 77.99206020499176 21.864377938222262 -57.35111373114249
v 76.86886366039064 14.080339264422312 -56.02934066042603
v 77.02314254396919 17.92452632854796 -56.21190701034162
v 79.12612012971641 16 -54.312857362458644
v 18.51275251515684 -21.14073475936263 -50.673442697790776
v 18.736719762129532 -19.29046801822374 -59.176833992109536
v 18.63266323426029 -20.440719227877587 -55.11530162336582
v 21.09832896054175 -20.875627625668315 -51.91758860532907
v 23.693632100178526 -20.30945431438596 -52.64522993578433
v 19.148056003077915 -12.125745120810997 -74.95548972823102
v 19.03844445506339 -14.176307565827297 -70.81334750428262
v 24.624577993076866 -16.289206130543448 -64.56363542668147
v 21.919015127143496 -15.314116264163552 -67.74874026172893
v 24.918023054884486 -14.449115563684412 -68.37719384202133
v 18.93205890072657 -16.02924210855334 -66.76356308904559
v 18.832182281761366 -17.69504577331216 -62.84135668739529
v 31.091381605970206 -16.98094252442951 -51.77079066721015
v 33.244083972938135 -15.413165273229612 -50.47658572451145
v 26.230120056367667 -19.279560290404696 -52.54068767956055
v 28.70757315825999 -18.22002168000879 -52.339674740472404
v 29.813062967117617 -15.813154561595383 -60.65956833550328
v 29.28569659814614 -17.186385455664826 -56.59832543081083
v 27.12861505187516 -16.97942034091036 -60.9402721329397
v 21.54875228375894 -18.81877589688751 -60.40155344461034
v 24.412275409868577 -18.207987046970523 -61.37330867447534
v 24.003853650459867 -19.153760304954176 -56.50612571455707
v 19.325653647832205 13.944633010829625 -83.50444614705958
v 19.34559315702825 10.466395160792521 -83.98107863211297
v 26.063966348300134 6.296368323831553 -83.70929064105225
v 22.723070907507775 8.36090813507195 -84.18130825717317
v 25.926571514779287 9.865041412109873 -82.59413338069669
v 19.357062678739673 6.9655589389053 -84.10663849852182
v 19.362212353896233 3.4835818551485858 -83.89892799064069
v 38.03841381156052 -0.9272214003375119 -75.37591516405674
v 35.43073879032866 0.6034856812222067 -78.65550912681664
v 38.18589259124296 2.2883643078573783 -76.47653746300749
v 29.176171744165103 -2.4068973508645115 -80.36742185657131
v 32.52674569999298 -1.111628453142277 -80.72088083686208
v 32.257821569822866 -4.223329792454532 -78.64040807702814
v 32.57124190968981 5.758409264014983 -81.9359075053946
v 32.59551500305416 2.283046002095528 -81.61140100425786
v 29.437347086226964 4.20423792655501 -83.24924076896329
v 19.317616862831567 -6.5983548128103635 -80.94524673487493
v 19.24316794584663 -9.363493569489393 -77.96137767431745
v 19.373714550765534 -0.08477718736084583 -83.88382887118048
v 19.376244145083227 -3.5514489626488377 -83.35506741839652
v 25.815415118208143 -7.014445029110277 -79.17260800695618
v 22.634655083348633 -5.2694381774996835 -81.05657509369006
v 25.918401511723346 -3.882526092015066 -80.89125749399977
v 26.08352162208983 2.7916588680352525 -83.39384181865174
v 25.980908971910974 -0.5371430947235432 -81.9264560432461
v 22.746386353122414 1.325423084184015 -83.8509138115569
v 50.50675121484962 -8.015141922731917 -49.37456809067602
v 54.95002718994325 -8.07244066611748 -52.52733762914637
v 43.399556764034244 -8.308173686212083 -45.01582263884091
v 47.01536232669439 -8.34410359347076 -47.551097048212036
v 48.630893267058596 -4.167001122312307 -52.49655808063591
v 47.82712125395949 -6.320924785398031 -50.016277930117084
v 45.06868489542401 -4.569113975279475 -50.29010199913586
v 35.55759866959461 -14.031722658507846 -49.66241113410425
v 37.414450005742296 -12.322243508861437 -47.93314700764221
v 39.4215724230684 -9.470508382160155 -55.546947308803084
v 38.460536262049935 -11.055793800371216 -51.84061165738055
v 37.36201741631132 -11.162739302419876 -57.32268024809791
v 38.340059673839235 -9.696115118850987 -43.98087024609842
v 40.261270962168595 -8.458865389746407 -43.131200439914814
v 42.02832361384067 -0.0863886635350255 -66.9398592991985
v 41.733045405723544 -2.9237422280890186 -65.1652831081396
v 40.211033429866646 -2.142308756130806 -70.69323548332295
v 43.813421860723466 -3.8920974247080835 -54.17985419149514
v 42.836641232638655 -3.4362953294789556 -59.374368381428326
v 44.61122005822712 -1.6827064555870983 -56.958884397111134
v 38.95435727224324 -7.192494442133295 -64.49125124419993
v 40.89317698764674 -5.223075541169802 -61.701776845173384
v 40.376957065358816 -7.6280729345581335 -59.28099164435844
v 40.97708906805161 -6.731536469850866 -45.586621978452754
v 41.19030885593543 -7.604998232457511 -53.234229831175995
v 42.39239442128424 -5.440873326679366 -49.831542020867445
v 22.378924747951203 -11.135151397838143 -76.01369406054756
v 28.7073763452519 -8.424539014845788 -75.6657743208649
v 25.642133271768706 -10.013716213183251 -76.69775692702012
v 25.382242367626596 -12.660227831842136 -73.47157572897733
v 27.942809510840874 -13.296334358508005 -68.61890673002405
v 37.843760862122835 -4.037016843076756 -73.60828266441459
v 36.60879744663646 -9.041886376884108 -66.78977979287293
v 37.17368620987993 -6.579654001890166 -69.95173514794747
v 35.13529563970894 -5.826682687012479 -75.75069879885463
v 31.9243957286231 -7.111095548539577 -75.68413953141625
v 34.233725750352676 -14.419233793763915 -55.02252346295117
v 30.3972639402756 -14.048723524842632 -64.57018786707589
v 32.45622363045581 -14.343100928529324 -59.82400092065383
v 35.01346949288511 -12.831723350433379 -58.826369918257726
v 35.7647705954158 -11.004321591137774 -62.59103346746491
v 31.40933631764772 -9.622133620188933 -71.91544421234829
v 33.6843105099292 -10.345638883207261 -67.06975097106238
v 30.832819846330015 -11.811195690985024 -67.83228640248439
v 17.83058367330133 43.05766773878277 -32.57275633360555
v 21.93624120938656 44.015594739238296 -36.96518438452014
v 19.811090543967165 43.56518004913231 -34.76959170467441
v 17.874931458774583 41.95237019744261 -34.6469321555121
v 17.91713769286167 40.721817473857854 -36.66317146192918
v 30.984794670164952 43.29746806487502 -41.766941347461774
v 28.599353787606923 43.534825767683756 -40.57985401046625
v 24.359012635785103 40.77176091234165 -41.79198075969194
v 26.413048385766132 42.010787988846864 -40.90103411981542
v 26.55801041311359 40.31637486449577 -42.594717382941816
v 26.37096934506136 43.92781842849537 -39.77372350787635
v 24.151682652526745 44.11186750726902 -38.615383951623784
v 18.17996370197957 37.65030696666216 -46.2851426792748
v 18.464422407697274 38.01794264178895 -55.20354490840485
v 17.963065046410666 39.35498213542242 -38.647157607513876
v 17.98018741854133 37.631182863705405 -39.89497751971083
v 22.249880977406203 37.33918548641601 -43.132771408494136
v 20.075322046663867 37.56019297837613 -41.662141460628746
v 22.266606246145198 39.46129178530928 -42.53742425220912
v 22.034590686947187 42.50455190859988 -38.66676554718721
v 22.199459984966033 41.20971277463718 -41.020569068521354
v 20.00471867273434 41.12986611497391 -39.14153670206164
v 58.04064959040633 41.98255035599546 -57.964872337091876
v 54.41582395360561 42.735680174015 -56.78047948291493
v 48.05446204241425 38.68186144432286 -57.099060585763525
v 51.21629112262547 40.697809742092616 -57.04614337779395
v 51.74941513336534 38.09435363034963 -59.04274768056494
v 50.881301397395006 43.37849733138239 -55.47248343979105
v 47.474584568621836 43.92343230163918 -54.09046482792327
v 45.60642676175944 38.18529568485967 -90.0126960095277
v 48.620102087916386 39.9883928867735 -86.88793181056081
v 49.34022662418018 36.60539324636753 -90.23940850890881
v 38.29993724517466 37.614861208982504 -52.866732829805756
v 46.99932451494762 42.42896912003053 -80.76155827787244
v 42.716367943404975 42.99353363253002 -77.68303625148485
v 54.038410182410885 39.50903037074001 -80.99830924722816
v 50.75616110554701 41.17196566851973 -81.6174204508003
v 45.264616295468564 36.92998845525791 -57.8415616341791
v 37.58398173256243 44.54646214852718 -48.43928640465427
v 34.23546023526518 44.001509468906775 -45.22348185051549
v 44.025513127177106 44.25376519330233 -52.30566447811711
v 40.79969640020661 44.52525297228753 -50.58475374017621
v 34.832950226874246 39.9469197753499 -48.641946530717064
v 37.98437531627397 42.4822138905063 -50.4023980086985
v 38.07988114518197 40.01144498870416 -51.44842166630289
v 44.69237292201997 39.3093490284744 -55.56846489726132
v 41.321804364988196 39.728218288095505 -53.5956382739066
v 44.37364665691854 41.82272826137296 -53.96159744831884
v 19.218818645954542 21.323920034439173 -80.19249712644447
v 19.28129968680551 18.02795473372019 -82.17736377657087
v 19.091218523408454 27.507596648752454 -75.84708881206097
v 19.15862590094543 24.500413089353437 -78.18931115600179
v 25.535483020907606 21.893252606068422 -78.70970751714137
v 22.317012861695396 23.177708256584726 -78.13058726709582
v 25.30583503643204 24.97264483082978 -76.19806368510099
v 18.65967181640373 36.80020835760271 -61.05627096829579
v 18.792879783898666 35.02404373849224 -65.61172038407445
v 24.64818319481649 33.33623384939865 -68.48270054341175
v 21.705915847936897 34.29207741006728 -67.47029996532274
v 24.249744745519685 35.34337923189281 -63.99149433489522
v 18.903068784305095 32.81134382833589 -69.43060939621863
v 19.003809956091157 30.321192006578944 -72.93225407812783
v 42.40093533139356 32.31667536958919 -94.04592558947716
v 38.371985115738596 33.72709688966627 -92.98358853765342
v 42.195138956765206 36.11991064897667 -92.61057494838674
v 29.943150586544604 28.239773656042118 -86.9851428828757
v 34.29828262531236 31.124369503801 -91.62672943261475
v 34.281343540567995 27.29849166808436 -92.04259450322175
v 33.606830339350886 37.9013805154196 -86.49328922099386
v 34.12812563467001 34.76968134219486 -90.09277295936897
v 29.429490041018994 34.76077888624677 -82.22013231381908
v 22.08154533197094 29.22843075830138 -74.01083350387358
v 24.89584184960543 30.739319838400313 -71.28045394509437
v 25.09717448491972 27.91633126174844 -73.67136241072367
v 31.277293927402415 41.48703331817498 -43.50687101830258
v 31.80793335742387 37.59815182343471 -46.85738625435427
v 31.62789440865639 39.697891029765685 -45.502642035067765
v 28.990620125719246 39.95298620452482 -43.85582199730458
v 26.775685206527637 38.49007776094765 -44.30305376688
v 41.626450000555565 39.50683170038583 -89.12576977150198
v 29.070189211277224 34.96878204027382 -59.25114747021961
v 37.1569208884582 40.132650342141645 -85.44407029279904
v 40.42918831536488 42.05132683276339 -83.16700867049838
v 32.196303874377946 35.68023619029046 -49.06388520195047
v 21.040348818586665 37.441016110778236 -56.705217960257926
v 24.508459444576772 36.87169459898519 -44.285357101550346
v 22.915887554303772 37.12617700536856 -49.95175575330103
v 23.67492314659304 36.70633822061239 -57.78534814069597
v 26.387072097073087 35.96473865195408 -58.92805602319474
v 29.438513808742062 36.02035825673421 -47.12567260604246
v 27.95952570578372 35.88590289360703 -52.23311486743363
v 26.9652188498009 36.559532872756066 -45.97333862379986
v 56.39781293577993 -5.479937181228248 -55.0075789015921
v 50.31756126419544 -1.8398467866723713 -55.84628947163009
v 53.30119882137853 -3.6283697700009263 -55.436570901532264
v 57.38601548118049 -2.5042155617945134 -56.6876381002037
v 58.229852104381884 0.6153074759877626 -58.12138255895633
v 42.13871368371652 3.472718274044489 -66.83246240093821
v 43.97767244116207 2.2215526277618824 -63.059119061049046
v 48.429035901736405 6.058553259713619 -58.26859399107181
v 45.7939578342552 4.360664477399995 -59.459903562899825
v 45.665215777867914 7.686521073734818 -58.902310347096034
v 45.28932244364305 1.2592137404875494 -58.42606839015467
v 47.11842540931411 0.06107985388739223 -55.61629223644256
v 63.86671518224813 10.199841169622054 -67.92279059405168
v 64.47183725813373 13.977818762235788 -68.97299612904354
v 58.57208802549448 4.003773091920392 -58.68693420277626
v 62.21803878279378 6.699326782845354 -65.0522209924309
v 52.2104210767492 10.817867247338238 -59.3594259051673
v 58.68888633789449 8.568066591910945 -65.40532301244576
v 52.24402274878165 7.488373181377831 -59.493314344832555
v 51.28800549232002 1.0581481754748001 -57.76114645563338
v 51.86478821931842 4.223092995176204 -58.839798741340786
v 55.002439425113835 2.447915084280293 -58.49274434430154
v 22.491473432962476 16 -80.96339516616916
v 29.41713073122972 20.13908669278027 -83.58543346476978
v 25.661020630434592 17.989873744359727 -79.90181782170706
v 25.814234471203306 13.978568906714036 -81.42272191737548
v 29.161803888447118 11.939679770664197 -81.69033123888829
v 46.36628209574239 30.020458074259146 -93.86624073436337
v 42.74088437895543 27.767545969894176 -95.3788157884789
v 42.37557777536444 18.330935553167077 -93.7755008205825
v 42.676620439616755 23.028771126054107 -95.0560497719831
v 46.110589209791925 20.613532788572307 -92.94113518231302
v 38.80614256152653 25.374048404651056 -95.54289226411333
v 34.326823612518254 22.7875745562667 -92.08708367425845
v 38.32765938745408 6.174529962487783 -76.99723325008038
v 40.5439933544848 4.667758907182865 -72.80100217617753
v 32.6158854525815 9.846093370443743 -81.99639256681267
v 35.637888969171044 7.928204374521352 -80.04723497949783
v 43.974966624374446 11.713686474830052 -85.21438008113063
v 38.14133035177237 10.166189685787696 -76.17541971368534
v 41.34591785459695 13.760060402918855 -89.49004271840177
v 33.92127782420357 18.214101406320594 -89.73228725694783
v 38.04658844181276 16 -91.70367160263612
v 32.289902990569956 13.987448357530841 -80.10747175966506
v 58.94265529173015 38.833056322327224 -59.48066992435392
v 60.497000907041645 32.21063402029998 -62.1006577717764
v 59.93537510057704 35.64406677465891 -61.16516335233226
v 55.71168398409296 36.89679801343161 -60.05295856933691
v 52.874386776519025 35.16900228956347 -61.199188078633
v 64.59481801055858 18.027311832852558 -69.18858612089991
v 64.96592180375075 21.933353117218893 -69.8499854467741
v 59.292350040233735 26.16687165764509 -74.17439959596521
v 59.62385633579852 23.594707267027037 -67.1882586009706
v 57.660101609349795 21.962045472253592 -70.70104481185962
v 63.40480315740962 25.539491391286518 -67.1334405960874
v 60.64520643264681 28.580403066050124 -62.323938288101544
v 53.15050574921529 34.29588538482193 -88.97964987552787
v 49.95845388200387 32.27498292017114 -91.61288364879995
v 56.975893111067116 36.98793494922338 -78.30237864198209
v 55.63552756021513 35.947844173327866 -84.71644677177163
v 55.83718881799016 27.164106548218438 -84.58573322184074
v 56.28893227452383 31.73931208465824 -86.04078830347079
v 58.208885802455015 28.939557976482064 -80.66629041877235
v 56.69709865835141 30.14092413117801 -61.72946027471562
v 59.121834482388344 30.159900554018737 -73.98322795841909
v 53.28559422204787 31.787682423039215 -61.936628543552615
v 42.23442356739938 7.035152868394626 -67.18803993759735
v 48.00483791190192 13.798893009436812 -85.54872767526741
v 41.90893196379396 10.694154090380138 -66.18987336987828
v 43.92562528849809 9.12410945867104 -62.63584709628802
v 45.19096057516796 11.081753823805474 -57.78232961272805
v 50.18061165810848 27.68022455658197 -92.38500340596971
v 55.649814661787374 22.680408780828046 -84.21786322948847
v 53.14209658209536 25.145184322126653 -88.58853463410829
v 49.88658275826165 22.939575385437422 -91.49705737509629
v 49.1971184138233 18.283105123305344 -89.33173599217942
v 60.55864768439898 16 -68.9258335913673
v 48.985617154768896 12.608070874902182 -59.362261132820265
v 55.106914262503324 14.133243018580998 -65.39999348174041
v 55.18399667378853 17.87043648751466 -65.56043845405543
v 57.45720249951788 20.26306689801808 -78.7172977223856
v 51.66424342565198 16 -84.50305015653724
v 55.060161457508485 18.19459158061808 -82.70990653295142
v 53.13434829552307 13.913610054844547 -77.84313614270856
v 90.46300047072948 18.806321139993425 57.47994220735353
v 89.83332988164166 18.68781115485823 50.65978318720524
v 90.00965737142147 18.73981125713069 53.92383752665219
v 90.42360650145882 21.586712310698537 56.40804828709312
v 89.79622729068939 24.2709464836354 55.03404134405153
v 84.22941301625683 18.361484874349948 37.09826560190746
v 86.3117964570857 18.46089448468784 40.44037070785913
v 88.30061815314937 23.739997294151294 44.977460495031124
v 87.40808862689033 21.04682882944945 42.69987849937812
v 86.32069281912516 23.43235857038055 41.37655976301902
v 88.1452015058706 18.555882955309812 43.9199691235592
v 89.82592669885535 18.652015266050583 47.55156232582712
v 87.91678270749793 32.01462224399881 50.99860712360664
v 85.8144446696567 34.109927477272684 48.99045317933688
v 89.12488121782798 26.91433919460205 53.639156287928046
v 88.54309401298366 29.489187324893457 52.32481803998204
v 87.58107931520047 28.897984913087274 45.7056191338563
v 88.37620464590881 29.245047873277645 49.084848871429166
v 88.48240388244248 26.48383048929859 47.06861463692839
v 89.40458858920042 21.331094201742882 49.452957494425064
v 88.7442137887757 23.908985299311812 48.16138957554238
v 89.15133933084311 24.075077913336195 51.46658469860204
v 77.2669272845202 18.04767312522 17.26553158923568
v 78.16164498778238 18.080069318575514 19.440430771738118
v 78.86085633337167 22.344740181151344 22.117570316526145
v 78.89848615951755 20.22105669991642 20.796177273948267
v 78.67847468704116 22.310541409353384 19.900129078394055
v 79.84269979714676 18.14095636426896 21.761686908576017
v 80.35528322610139 18.165950452657118 24.063125910256943
v 74.96482178473099 30.221374861020074 26.923125545605465
v 77.05237770858038 28.532739137185875 25.930682495471153
v 76.15104402565403 30.430737121165635 24.91868602359517
v 78.50361202234741 24.546024276366524 27.93865674092595
v 77.31672261842482 26.477219325379657 26.84800889252231
v 77.00421097483252 26.47962067354392 29.035745537660752
v 79.12536422786276 26.681125114397627 22.60129835878784
v 78.3925227948557 26.607736775289805 24.767780773404837
v 79.35466209933179 24.57758283653863 23.529695084588674
v 81.30107369470007 18.234704129878796 31.221961702217683
v 82.0739477251347 18.28060629400791 33.83569153323833
v 80.16112850450986 18.167130908731693 26.332177568159246
v 80.82971904967809 18.20301757178757 28.757426230963958
v 79.82136120971924 22.582074052617273 31.433150777340458
v 80.88247996306637 20.435277827305185 30.21865437807955
v 79.87526096935747 22.53867543208872 29.107493655309092
v 79.77075078732136 22.469553170045476 24.47442673739559
v 80.28516445702802 22.552104514091376 26.856034277644305
v 79.84134576338332 20.313414543565337 25.38243530331657
v 69.24503201695131 44.104400945138885 35.55939500501055
v 66.79100698424214 44.86893277172064 33.84198167185906
v 74.27030084382059 42.1666621308696 39.21438165381308
v 71.83003916316522 43.24719121757198 37.38644838789391
v 68.00721679314725 40.77557979331114 31.312150403251373
v 70.39144773935027 42.222671993280485 34.390425089462354
v 70.78547412096552 40.02382310543909 32.99935024083315
v 83.73102883532259 36.17373801176133 46.97783706424588
v 81.0705261442411 37.79541590212402 44.82609996480598
v 77.45515355783184 36.117927933571636 37.87785870256273
v 80.04943941043699 37.2053624119349 41.54382077906318
v 80.54414777976865 34.804457288345745 39.9106897580193
v 79.06292456290382 39.487980287077164 43.01648313289017
v 76.66354902576307 40.88998683421549 41.09270179950296
v 72.5001693990628 33.73097646633981 26.95834610992251
v 71.82843628529028 33.70012535958058 29.01643876301808
v 73.09382446362218 31.944733000461213 27.948034765487854
v 71.01918881113568 37.80500268158667 31.594889397649276
v 70.93257803551599 35.55845097451327 30.165104568504848
v 69.38483312437737 36.935150268741936 28.938634425669008
v 75.94332423949557 33.09453461600212 33.27187977299177
v 73.27010587601589 34.34751970361778 31.64247090101103
v 75.38753197797344 35.23044962111857 34.63967126798756
v 74.76329165124619 39.83205836518498 37.68944917495448
v 74.93266764403509 37.442169621549766 36.092741971183784
v 72.73604711485396 38.74593739404041 34.478534178350195
v 83.2012326591756 20.658780526954654 35.81787212160128
v 80.09785420387992 24.8857107500197 33.07900852165944
v 81.96310809172103 22.861277989080087 34.511187663240946
v 84.41602150702407 23.17429742773337 37.91554969009523
v 85.37473450598372 25.791301626166586 40.018573350332446
v 74.06413587026745 30.154261870701106 28.98353270275618
v 78.59337694006885 31.58132211592008 34.932967779358904
v 75.77952435884046 30.72632156141164 31.70417367487451
v 75.19759836467566 28.346102653149053 30.082586969409697
v 77.30965010475333 26.648724362156095 31.45450705934761
v 85.20854951639181 33.7680213252332 45.64230142237373
v 85.62604254694905 28.44163056091016 41.96709475313443
v 85.73511642012016 31.134741727836968 43.90646299464888
v 83.505250145718 33.15316426090596 42.01078602408916
v 81.13642328910065 32.38108581747984 38.381241780253795
v 80.7425589520666 27.347720231588205 34.86861303204124
v 81.43690648684147 29.93054101637576 36.75336795625017
v 83.71835291109754 27.98170981760007 38.46543003300346
v 94.58467656366739 18.961656631159457 -27.77594001904123
v 96.67136888757102 25.04149980733353 -26.670603417635263
v 95.97148685179309 22.003171723356637 -27.42025137191579
v 95.92106033185583 18.958649297349584 -24.952943367542773
v 96.70385082742467 18.93792398150936 -21.885030737948604
v 96.87124573451489 36.97807125987649 -22.215287088271275
v 97.38576449511856 34.12320052927629 -23.606727244794563
v 97.30230015706054 27.75953731638259 -18.849145411517746
v 97.32277620576464 30.882295490664184 -21.174535107718818
v 97.90810399883283 30.758781227432387 -17.991258090026278
v 98.01402494482997 31.250280689038323 -25.06723835509819
v 97.41681267254674 28.15196106786844 -25.907215240711075
v 96.46673739636431 18.81631476135584 -11.970226771540638
v 96.28687595149182 18.778805133836986 -8.826739060005792
v 96.9470989182058 18.90782590443144 -18.59499326071124
v 96.73574081582268 18.860219384357542 -15.24448118094207
v 98.22107433326518 24.690137738809923 -13.671038821595193
v 96.96446771123207 21.72223424073281 -14.273061388771954
v 97.44289392243104 24.718705243324514 -16.641605307429238
v 97.07847137696362 24.95014335283851 -23.309963407762517
v 97.0285471120248 24.809684709692764 -19.824026883800315
v 96.81203776673149 21.869068872250754 -20.828783001258827
v 84.62878056557774 55.00768600566454 -8.108075773984304
v 87.09941444149963 53.52850500291457 -10.118146219604228
v 89.7555310038948 48.34232902635816 -6.885557236676863
v 88.36004936480306 50.8855181977085 -8.46583282155352
v 87.28391112988795 49.95875297850103 -4.987663556275365
v 89.67441276121379 51.95592699622438 -12.221976012254732
v 91.93441195690201 50.09884749193346 -14.251610070627045
v 93.46950228614546 37.63509873853776 -0.21205647503375857
v 93.42642032764489 40.54765773735241 -2.0520237694715426
v 91.93441457049055 39.829863380144 1.2723344838045527
v 96.79866738416735 42.163651709942094 -9.359878559879178
v 95.19002854700979 41.369965479752906 -5.629569183590419
v 96.35564134351061 38.915684272855614 -7.153420234447125
v 90.76037620356898 45.31768478741779 -2.119325670079924
v 93.29040652947367 43.51883638029063 -3.9303715533685235
v 92.15184768649833 46.180220372056795 -5.584826453442986
v 96.92198183404909 43.1048715018469 -19.84825997146112
v 96.70788643805483 40.03890483404538 -20.91300425919205
v 94.27196540403544 48.11464247776272 -16.3761982061149
v 95.60581371988918 45.64943025318199 -18.10354243083256
v 97.63538750020528 39.78386283297313 -14.242221656615257
v 96.35536125714975 42.60389494247703 -16.046852642008254
v 96.97505664610323 42.507953519149254 -12.826888310812674
v 92.39425412581245 46.62707061865807 -8.88107486649018
v 95.16444071455052 44.80333495251716 -10.990644478852744
v 93.7673826167664 47.53936325469855 -12.703832704712404
v 83.21832069114588 18.249277131313097 12.279699821717514
v 80.38582740659449 18.15191350813587 14.670044311122009
v 87.7657298236284 18.415357484336457 7.008413193111322
v 85.2847535674152 18.323454906642173 9.747177690453304
v 86.13531631248073 23.061304858771777 11.635873592354265
v 85.79124710851481 20.683623234680066 10.678231325735709
v 87.62504878337707 23.229337166244786 9.02950519742908
v 94.58709202358423 18.712509587626574 -5.213431013047661
v 93.05458317007947 18.63692747291292 -1.9617554142986897
v 94.38938454441262 24.024432856767426 -0.08585773218812065
v 93.5109802994748 21.29854488439166 -0.9861238351512469
v 94.75841247379144 24.122573592023695 -3.04519790322005
v 91.86193321660127 18.57790985917866 1.0716148251777629
v 89.96438736044693 18.498249543459345 4.089156133303753
v 91.83638555230193 34.19378136907963 4.755624730024195
v 91.74163743602405 31.54812800805287 3.6799859187378345
v 93.00996795292774 34.57357639936645 1.7340440833705646
v 89.94548657638 26.0114737492025 7.211586513890367
v 91.1108032652411 28.770049908671886 5.444968287157119
v 90.17971931463352 28.55157689214215 8.242698868248379
v 94.36006811206593 29.461100088751216 -0.7444491437496303
v 92.73640926324826 29.111988960929253 2.423976779577373
v 93.56248725080792 26.605001495654026 1.1849856144511506
v 89.98959835574138 20.999077099707108 5.126128038339587
v 92.17724666428113 23.764175233209997 3.1357130692757966
v 89.95670170380627 23.50291956808974 6.171973160257478
v 97.05571982974324 36.809564259483565 -18.716492340757092
v 97.84878391399945 36.58405859039456 -12.123702986705126
v 98.35712056954208 36.92704218020295 -15.73343460057312
v 98.06879713411816 33.81154334146568 -16.842131307861777
v 98.4759692479698 30.7378122035918 -14.759486392961442
v 94.48070744692949 35.13119808557319 -1.5488159153750551
v 96.32787943056287 29.95195446705467 -4.248489064950803
v 95.42938194284127 32.56559269687655 -2.8955499891359686
v 95.98800373515682 35.70455731612253 -5.012972519204219
v 97.13197328970652 36.19612092406386 -8.540440398998722
v 96.09697489938087 21.55278842609535 -7.620870377982595
v 98.10369839393944 27.587822012198572 -12.425531517361204
v 97.47011747785946 24.543186835243475 -10.097138777071638
v 95.81377984831643 24.3019819220324 -6.398093413524535
v 96.12676211711673 27.10775454734705 -5.349944861779463
v 98.20099146376022 33.49936457346026 -10.07011110097389
v 97.38549704863105 30.264803034745242 -7.7190416178620325
v 98.30714297920227 30.562969427020825 -11.305232367998997
v 34.03569506630417 41.82786630256072 16
v 37.09409322920369 42.85726063728539 17.38686197607729
v 35.605663683635754 42.45944777344153 16.669715879211648
v 35.49386649791579 42.308568321232826 15.334103035145754
v 36.881193565554284 42.58619414989989 14.627135423338116
v 43.862658109071745 44.194624524849374 20.819509452437792
v 42.0874218121654 43.948328073666644 19.87815206572215
v 41.40589405917002 43.21062387591745 16.75711691010507
v 41.71912643094055 43.548659304707456 18.289778844540955
v 43.042137147401476 43.36432756113186 17.552419745365004
v 40.55184767000476 43.850152166942486 19.015680034206973
v 38.72176179273691 43.29102011580564 18.16672773672641
v 45.39502332739921 47.491872274788236 11.630140407897919
v 50.96799646069867 51.38461860803799 9.951453274291957
v 38.470453187131554 42.98917432262233 13.857236836584853
v 40.287125238489566 43.54986682390867 13.016835569590226
v 43.20760829809696 43.531770198703995 14.43808098021642
v 41.94331958739 43.78880046588013 13.690261194995097
v 41.48797803133017 43.29853875454715 15.240436918812495
v 38.589853516209715 43.135177188628916 16.718073020078755
v 39.919565973030785 43.12279510085709 16
v 38.597677017872726 43.14457486372712 15.281678291036975
v 63.07815476592032 45.09589977296662 31.608534904651172
v 57.90099986209494 43.69249073149531 29.175445012388128
v 57.66047827091998 43.50255172011609 24.97596905639897
v 57.63353688437031 43.49879824397816 27.010578931593898
v 59.8485369245695 43.09988617633874 26.25334508609658
v 55.219234266596246 43.65607954965353 27.637665460604495
v 53.245176812418656 43.96303153765983 26.369376214208017
v 58.72297926539027 44.17652799435493 17.04171693618921
v 57.97195024974644 43.68395289448115 19.00218747418875
v 60.10914341061151 43.26094984240138 18.037325948090267
v 53.85398426898919 44.321536546586316 20.75964069621908
v 55.81474605870969 43.98791479975729 19.90290874179742
v 53.61931818594823 44.129767331418215 18.868245119497782
v 60.03436027146063 43.214731320620714 22.12685010012008
v 57.78460249985689 43.56575767817396 20.97170702732577
v 58.12112917992294 43.796108645311065 23.023284353778212
v 48.24465227752222 44.991332425157914 23.045856610407334
v 46.16920393200139 44.74192228838896 21.934473197318578
v 51.63751818349689 44.46080646701682 25.237139967235514
v 49.85505690593169 44.70078036137038 24.10246813933394
v 49.80878041640895 44.556177368928445 20.503141523046267
v 49.98953836310914 44.76016432541954 22.317786288560843
v 52.05444562883351 44.70555655887682 21.592801991733037
v 55.84491960685557 44.04161848328131 23.811400332067468
v 53.81719864778277 44.32920232864085 22.653567921768673
v 53.50410122116917 44.12713463712797 24.507191400862993
v 79.0710197559165 57.68381746891685 -3.832193871370208
v 81.69973959494335 56.60467212169225 -5.782431443904098
v 73.65134383167896 59.283627135747274 -0.05062788280313768
v 76.44838847780382 58.62616217916259 -1.9370692950144033
v 78.00901366652846 54.32367805477133 1.5000905351726903
v 77.44861859228419 56.58658695592937 -0.25095814287522344
v 76.02123501240652 55.62357583845135 3.0681093794770273
v 56.05056553137192 54.15580433289731 8.12180048836938
v 60.986791401429855 56.44785513687386 6.169827888088566
v 63.80528248772395 54.06124921158138 8.584396335888048
v 62.677715218361335 55.49623397863673 7.32380598884558
v 58.92337322127889 52.25470791559969 10.282845406392102
v 65.74662533058981 58.17293065847675 4.094232188105842
v 70.27946142389347 59.3486203715141 1.9309231373230649
v 67.76040715803688 47.989690895200155 13.609275256036447
v 66.58778526998458 49.36680464255628 12.38153542113723
v 63.07265148960871 47.04521045281923 14.852224748104542
v 73.67113153868274 54.057693826293196 6.383905567437191
v 70.67779637397669 52.07153819942987 9.494206760202673
v 74.72389346144476 52.29336211090058 7.829278538040187
v 61.16626760120555 49.772983140482715 12.556345705875179
v 65.99176456077913 51.14188550024766 11.0994715718032
v 65.29544287561646 52.88178969645907 9.801746352995135
v 71.82357904720598 57.8662832240023 3.3373349534442855
v 68.61484775771402 55.41425385579972 6.742929784144824
v 72.72150256908677 55.918834083106674 4.880028661739445
v 45.92317687687827 44.515956689544545 20.1941181812604
v 49.466632745796836 44.28403559951608 18.67563739332443
v 47.553401259680314 44.317187443887526 19.44549357462027
v 45.36992696145509 43.99417045121069 18.46593876526998
v 44.62400010080455 43.285841931085635 16.80499040644542
v 57.55036702904734 45.196646999675764 16
v 55.95067664940336 47.7596157370887 13.925980314725127
v 56.708118499306806 46.442511987878405 14.965318234083238
v 53.41021504097119 43.97626030967919 16.95085866870946
v 51.406586860621616 44.14719768387177 17.838115503818898
v 52.45911656650058 50.744525730913956 10.889785790678882
v 44.9656560917512 43.61152566958998 15.185401230151557
v 47.97173079556393 46.47409966956539 13.315610268114504
v 53.775570203526094 49.90119161638102 11.87507275863215
v 55.10015624153979 49.045159322795826 12.873965752116767
v 49.06135102120327 43.938710104611374 16.881121176990373
v 50.100315212890365 44.81669356457347 15.09118929057512
v 46.74448973142738 43.60206916507899 16
v 79.71047255368809 20.265267725774198 16
v 85.47000360863915 25.35968331800108 13.112606156545583
v 83.50500817403973 22.800364074844865 14.59933370994031
v 79.53271880251579 22.400200965948482 17.31824497099679
v 78.8677704364624 24.470165418573597 18.61298407774047
v 91.36499098772478 36.830371196641224 6.382380526106235
v 90.37538683827613 33.85674956231807 8.141990580055985
v 85.550805300218 32.7108568015859 14.523181915693135
v 88.29158479393254 33.365061808750056 11.424643638058946
v 86.19691132888366 35.40194911025093 13.027240889950937
v 89.4707753765489 31.021889278036525 9.825526748255252
v 87.67500385854714 28.152933620643093 11.499004913697613
v 77.2142693978295 30.696903434655773 22.467493158846796
v 75.14397376160191 32.34699230176037 23.54759240806773
v 79.18887331823726 26.714058481465827 19.968089194325923
v 78.94457663248375 28.869694868197406 21.289853043850158
v 77.29108108131382 32.94043816943001 18.59560735935487
v 77.85887195688909 30.859034257070142 19.915066797293456
v 81.09772212402703 31.640921881901434 17.382262834556208
v 85.23005763580164 27.734268962343847 14.55027851995123
v 83.9462264564266 29.90836977578379 16
v 81.66925250513113 27.130724106934487 17.3751559537371
v 82.45695421572809 53.80885993042187 -4.103363949190989
v 79.68361757326605 52.28304894949746 2.7817781946770506
v 80.95243279992839 52.981837072384366 -0.5350512027364793
v 83.82157227206027 51.41359726218815 -2.635089592609308
v 85.5234595804706 49.208055711683286 -1.2630747685968835
v 69.39241531786058 46.457069704541624 14.729371148326631
v 73.10312142938656 48.56968494648117 12.053429924620785
v 80.38840030757409 46.91260021842072 8.74041629219262
v 77.29975321682883 48.14554160314691 10.403613093334037
v 78.07629066797776 45.827836358504186 11.731289415088
v 76.26688917770048 50.36571369948533 9.084425877625108
v 78.48720333569801 51.618153955172296 5.963295748207615
v 90.38310620659665 42.32291132661548 3.036489573583781
v 90.60624986628049 39.542839941559336 4.716820875515342
v 87.359161649098 47.006698052970144 0.11830683075010207
v 89.3152649641123 44.852181527555615 1.4792188574284122
v 85.01026648662622 43.331659553987365 8.340484646282285
v 87.40294572641187 44.19214249910945 4.9864311591790695
v 83.72008797600081 45.56966122862757 6.935123291254806
v 81.73595831566739 50.417616840756814 4.0409924892465945
v 83.00357225607019 48.10950549462561 5.456213769655129
v 84.5563255700719 48.79797168967692 2.1124927211094207
v 63.81767765668553 43.20455515988439 30.46494484259619
v 65.79895522072587 39.78659648603021 28.365366921626652
v 64.28382190920408 41.21179863705668 29.26677216420535
v 61.99841152267722 42.19002379418208 27.709893794353
v 62.20844607253679 42.326759920653195 25.591061449412734
v 73.11404900643772 34.022979530306955 24.637721995399364
v 71.29493008774531 35.56793169497996 25.636817273125274
v 68.43715941001682 38.89644160083243 23.019134192162802
v 69.70195485596807 37.20323116053427 24.283274179738573
v 70.30844694169392 37.50897334969457 22.02774636824627
v 69.79693382916254 37.17101944901481 26.654991189857363
v 68.17370376161037 38.67030948032185 27.61177815849115
v 62.83785076065732 42.71472249956302 19.23710605620169
v 65.2435109359389 44.09037643536869 17.171893524209352
v 62.54951325904605 42.53355633299468 23.476790009883942
v 63.01773088423088 42.81070651585571 21.395244510414933
v 67.55275986054414 40.77124951254221 19.545054147567676
v 65.12264365957381 41.75987508187687 20.48467253734041
v 66.50143960499875 40.24552878323966 21.693873841033156
v 66.11191048654624 39.97399521906209 26.151208015512875
v 66.51677931305616 40.208691392217744 23.949398878119037
v 64.3573750547894 41.318648251361026 24.7974105238337
v 90.2564962481822 39.41774582821214 7.997670123097647
v 82.67457729665323 42.37887645251095 11.5555485092452
v 86.5531315136757 41.055243713067824 9.830859238509802
v 86.8269846171318 38.32697837831779 11.427696245128379
v 82.75229839674444 37.0381413863351 14.553118744066557
v 71.04380860511321 44.8802307981354 16
v 70.9974520074253 40.07206032748206 18.475343181932658
v 71.82502768617076 42.81996002757266 17.280242856462205
v 75.63034829359442 44.64814625180421 14.632489215045402
v 79.21773019741364 43.67002760188178 13.154675867523848
v 73.15489344874443 34.024534353841254 22.159357558797485
v 78.61765531811855 35.73503710739082 17.357261307045952
v 74.32374828914739 34.38554999953034 19.765145371389313
v 72.37889696135926 36.02160603412743 20.92975072644025
v 71.0288959557607 37.7714233309126 19.668163617700923
v 79.48433510989089 41.12117037196398 14.588569352086312
v 75.13095597998736 39.398509519853704 17.314643106305233
v 78.85837505811476 38.305754759898875 16
t 5 2567 2569 0
t 647 2568 2567 0
t 649 2569 2568 0
t 2567 2568 2569 0
t 167 2570 2572 0
t 648 2571 2570 0
t 647 2572 2571 0
t 2570 2571 2572 0
t 169 2573 2575 0
t 649 2574 2573 0
t 648 2575 2574 0
t 2573 2574 2575 0
t 647 2571 2568 0
t 648 2574 2571 0
t 649 2568 2574 0
t 2571 2574 2568 0
t 47 2576 2578 0
t 650 2577 2576 0
t 652 2578 2577 0
t 2576 2577 2578 0
t 168 2579 2581 0
t 651 2580 2579 0
t 650 2581 2580 0
t 2579 2580 2581 0
t 167 2582 2584 0
t 652 2583 2582 0
t 651 2584 2583 0
t 2582 2583 2584 0
t 650 2580 2577 0
t 651 2583 2580 0
t 652 2577 2583 0
t 2580 2583 2577 0
t 49 2585 2587 0
t 653 2586 2585 0
t 655 2587 2586 0
t 2585 2586 2587 0
t 169 2588 2590 0
t 654 2589 2588 0
t 653 2590 2589 0
t 2588 2589 2590 0
t 168 2591 2593 0
t 655 2592 2591 0
t 654 2593 2592 0
t 2591 2592 2593 0
t 653 2589 2586 0
t 654 2592 2589 0
t 655 2586 2592 0
t 2589 2592 2586 0
t 167 2584 2570 0
t 651 2594 2584 0
t 648 2570 2594 0
t 2584 2594 2570 0
t 168 2593 2579 0
t 654 2595 2593 0
t 651 2579 2595 0
t 2593 2595 2579 0
t 169 2575 2588 0
t 648 2596 2575 0
t 654 2588 2596 0
t 2575 2596 2588 0
t 651 2595 2594 0
t 654 2596 2595 0
t 648 2594 2596 0
t 2595 2596 2594 0
t 17 2597 2599 0
t 656 2598 2597 0
t 658 2599 2598 0
t 2597 2598 2599 0
t 170 2600 2602 0
t 657 2601 2600 0
t 656 2602 2601 0
t 2600 2601 2602 0
t 172 2603 2605 0
t 658 2604 2603 0
t 657 2605 2604 0
t 2603 2604 2605 0
t 656 2601 2598 0
t 657 2604 2601 0
t 658 2598 2604 0
t 2601 2604 2598 0
t 48 2606 2608 0
t 659 2607 2606 0
t 661 2608 2607 0
t 2606 2607 2608 0
t 171 2609 2611 0
t 660 2610 2609 0
t 659 2611 2610 0
t 2609 2610 2611 0
t 170 2612 2614 0
t 661 2613 2612 0
t 660 2614 2613 0
t 2612 2613 2614 0
t 659 2610 2607 0
t 660 2613 2610 0
t 661 2607 2613 0
t 2610 2613 2607 0
t 47 2615 2617 0
t 662 2616 2615 0
t 664 2617 2616 0
t 2615 2616 2617 0
t 172 2618 2620 0
t 663 2619 2618 0
t 662 2620 2619 0
t 2618 2619 2620 0
t 171 2621 2623 0
t 664 2622 2621 0
t 663 2623 2622 0
t 2621 2622 2623 0
t 662 2619 2616 0
t 663 2622 2619 0
t 664 2616 2622 0
t 2619 2622 2616 0
t 170 2614 2600 0
t 660 2624 2614 0
t 657 2600 2624 0
t 2614 2624 2600 0
t 171 2623 2609 0
t 663 2625 2623 0
t 660 2609 2625 0
t 2623 2625 2609 0
t 172 2605 2618 0
t 657 2626 2605 0
t 663 2618 2626 0
t 2605 2626 2618 0
t 660 2625 2624 0
t 663 2626 2625 0
t 657 2624 2626 0
t 2625 2626 2624 0
t 19 2627 2629 0
t 665 2628 2627 0
t 667 2629 2628 0
t 2627 2628 2629 0
t 173 2630 2632 0
t 666 2631 2630 0
t 665 2632 2631 0
t 2630 2631 2632 0
t 175 2633 2635 0
t 667 2634 2633 0
t 666 2635 2634 0
t 2633 2634 2635 0
t 665 2631 2628 0
t 666 2634 2631 0
t 667 2628 2634 0
t 2631 2634 2628 0
t 49 2636 2638 0
t 668 2637 2636 0
t 670 2638 2637 0
t 2636 2637 2638 0
t 174 2639 2641 0
t 669 2640 2639 0
t 668 2641 2640 0
t 2639 2640 2641 0
t 173 2642 2644 0
t 670 2643 2642 0
t 669 2644 2643 0
t 2642 2643 2644 0
t 668 2640 2637 0
t 669 2643 2640 0
t 670 2637 2643 0
t 2640 2643 2637 0
t 48 2645 2647 0
t 671 2646 2645 0
t 673 2647 2646 0
t 2645 2646 2647 0
t 175 2648 2650 0
t 672 2649 2648 0
t 671 2650 2649 0
t 2648 2649 2650 0
t 174 2651 2653 0
t 673 2652 2651 0
t 672 2653 2652 0
t 2651 2652 2653 0
t 671 2649 2646 0
t 672 2652 2649 0
t 673 2646 2652 0
t 2649 2652 2646 0
t 173 2644 2630 0
t 669 2654 2644 0
t 666 2630 2654 0
t 2644 2654 2630 0
t 174 2653 2639 0
t 672 2655 2653 0
t 669 2639 2655 0
t 2653 2655 2639 0
t 175 2635 2648 0
t 666 2656 2635 0
t 672 2648 2656 0
t 2635 2656 2648 0
t 669 2655 2654 0
t 672 2656 2655 0
t 666 2654 2656 0
t 2655 2656 2654 0
t 47 2617 2576 0
t 664 2657 2617 0
t 650 2576 2657 0
t 2617 2657 2576 0
t 171 2658 2621 0
t 674 2659 2658 0
t 664 2621 2659 0
t 2658 2659 2621 0
t 168 2581 2661 0
t 650 2660 2581 0
t 674 2661 2660 0
t 2581 2660 2661 0
t 664 2659 2657 0
t 674 2660 2659 0
t 650 2657 2660 0
t 2659 2660 2657 0
t 48 2647 2606 0
t 673 2662 2647 0
t 659 2606 2662 0
t 2647 2662 2606 0
t 174 2663 2651 0
t 675 2664 2663 0
t 673 2651 2664 0
t 2663 2664 2651 0
t 171 2611 2666 0
t 659 2665 2611 0
t 675 2666 2665 0
t 2611 2665 2666 0
t 673 2664 2662 0
t 675 2665 2664 0
t 659 2662 2665 0
t 2664 2665 2662 0
t 49 2587 2636 0
t 655 2667 2587 0
t 668 2636 2667 0
t 2587 2667 2636 0
t 168 2668 2591 0
t 676 2669 2668 0
t 655 2591 2669 0
t 2668 2669 2591 0
t 174 2641 2671 0
t 668 2670 2641 0
t 676 2671 2670 0
t 2641 2670 2671 0
t 655 2669 2667 0
t 676 2670 2669 0
t 668 2667 2670 0
t 2669 2670 2667 0
t 171 2666 2658 0
t 675 2672 2666 0
t 674 2658 2672 0
t 2666 2672 2658 0
t 174 2671 2663 0
t 676 2673 2671 0
t 675 2663 2673 0
t 2671 2673 2663 0
t 168 2661 2668 0
t 674 2674 2661 0
t 676 2668 2674 0
t 2661 2674 2668 0
t 675 2673 2672 0
t 676 2674 2673 0
t 674 2672 2674 0
t 2673 2674 2672 0
t 16 2675 2677 0
t 677 2676 2675 0
t 679 2677 2676 0
t 2675 2676 2677 0
t 176 2678 2680 0
t 678 2679 2678 0
t 677 2680 2679 0
t 2678 2679 2680 0
t 178 2681 2683 0
t 679 2682 2681 0
t 678 2683 2682 0
t 2681 2682 2683 0
t 677 2679 2676 0
t 678 2682 2679 0
t 679 2676 2682 0
t 2679 2682 2676 0
t 50 2684 2686 0
t 680 2685 2684 0
t 682 2686 2685 0
t 2684 2685 2686 0
t 177 2687 2689 0
t 681 2688 2687 0
t 680 2689 2688 0
t 2687 2688 2689 0
t 176 2690 2692 0
t 682 2691 2690 0
t 681 2692 2691 0
t 2690 2691 2692 0
t 680 2688 2685 0
t 681 2691 2688 0
t 682 2685 2691 0
t 2688 2691 2685 0
t 52 2693 2695 0
t 683 2694 2693 0
t 685 2695 2694 0
t 2693 2694 2695 0
t 178 2696 2698 0
t 684 2697 2696 0
t 683 2698 2697 0
t 2696 2697 2698 0
t 177 2699 2701 0
t 685 2700 2699 0
t 684 2701 2700 0
t 2699 2700 2701 0
t 683 2697 2694 0
t 684 2700 2697 0
t 685 2694 2700 0
t 2697 2700 2694 0
t 176 2692 2678 0
t 681 2702 2692 0
t 678 2678 2702 0
t 2692 2702 2678 0
t 177 2701 2687 0
t 684 2703 2701 0
t 681 2687 2703 0
t 2701 2703 2687 0
t 178 2683 2696 0
t 678 2704 2683 0
t 684 2696 2704 0
t 2683 2704 2696 0
t 681 2703 2702 0
t 684 2704 2703 0
t 678 2702 2704 0
t 2703 2704 2702 0
t 18 2705 2707 0
t 686 2706 2705 0
t 688 2707 2706 0
t 2705 2706 2707 0
t 179 2708 2710 0
t 687 2709 2708 0
t 686 2710 2709 0
t 2708 2709 2710 0
t 181 2711 2713 0
t 688 2712 2711 0
t 687 2713 2712 0
t 2711 2712 2713 0
t 686 2709 2706 0
t 687 2712 2709 0
t 688 2706 2712 0
t 2709 2712 2706 0
t 51 2714 2716 0
t 689 2715 2714 0
t 691 2716 2715 0
t 2714 2715 2716 0
t 180 2717 2719 0
t 690 2718 2717 0
t 689 2719 2718 0
t 2717 2718 2719 0
t 179 2720 2722 0
t 691 2721 2720 0
t 690 2722 2721 0
t 2720 2721 2722 0
t 689 2718 2715 0
t 690 2721 2718 0
t 691 2715 2721 0
t 2718 2721 2715 0
t 50 2723 2725 0
t 692 2724 2723 0
t 694 2725 2724 0
t 2723 2724 2725 0
t 181 2726 2728 0
t 693 2727 2726 0
t 692 2728 2727 0
t 2726 2727 2728 0
t 180 2729 2731 0
t 694 2730 2729 0
t 693 2731 2730 0
t 2729 2730 2731 0
t 692 2727 2724 0
t 693 2730 2727 0
t 694 2724 2730 0
t 2727 2730 2724 0
t 179 2722 2708 0
t 690 2732 2722 0
t 687 2708 2732 0
t 2722 2732 2708 0
t 180 2731 2717 0
t 693 2733 2731 0
t 690 2717 2733 0
t 2731 2733 2717 0
t 181 2713 2726 0
t 687 2734 2713 0
t 693 2726 2734 0
t 2713 2734 2726 0
t 690 2733 2732 0
t 693 2734 2733 0
t 687 2732 2734 0
t 2733 2734 2732 0
t 17 2735 2737 0
t 695 2736 2735 0
t 697 2737 2736 0
t 2735 2736 2737 0
t 182 2738 2740 0
t 696 2739 2738 0
t 695 2740 2739 0
t 2738 2739 2740 0
t 184 2741 2743 0
t 697 2742 2741 0
t 696 2743 2742 0
t 2741 2742 2743 0
t 695 2739 2736 0
t 696 2742 2739 0
t 697 2736 2742 0
t 2739 2742 2736 0
t 52 2744 2746 0
t 698 2745 2744 0
t 700 2746 2745 0
t 2744 2745 2746 0
t 183 2747 2749 0
t 699 2748 2747 0
t 698 2749 2748 0
t 2747 2748 2749 0
t 182 2750 2752 0
t 700 2751 2750 0
t 699 2752 2751 0
t 2750 2751 2752 0
t 698 2748 2745 0
t 699 2751 2748 0
t 700 2745 2751 0
t 2748 2751 2745 0
t 51 2753 2755 0
t 701 2754 2753 0
t 703 2755 2754 0
t 2753 2754 2755 0
t 184 2756 2758 0
t 702 2757 2756 0
t 701 2758 2757 0
t 2756 2757 2758 0
t 183 2759 2761 0
t 703 2760 2759 0
t 702 2761 2760 0
t 2759 2760 2761 0
t 701 2757 2754 0
t 702 2760 2757 0
t 703 2754 2760 0
t 2757 2760 2754 0
t 182 2752 2738 0
t 699 2762 2752 0
t 696 2738 2762 0
t 2752 2762 2738 0
t 183 2761 2747 0
t 702 2763 2761 0
t 699 2747 2763 0
t 2761 2763 2747 0
t 184 2743 2756 0
t 696 2764 2743 0
t 702 2756 2764 0
t 2743 2764 2756 0
t 699 2763 2762 0
t 702 2764 2763 0
t 696 2762 2764 0
t 2763 2764 2762 0
t 50 2725 2684 0
t 694 2765 2725 0
t 680 2684 2765 0
t 2725 2765 2684 0
t 180 2766 2729 0
t 704 2767 2766 0
t 694 2729 2767 0
t 2766 2767 2729 0
t 177 2689 2769 0
t 680 2768 2689 0
t 704 2769 2768 0
t 2689 2768 2769 0
t 694 2767 2765 0
t 704 2768 2767 0
t 680 2765 2768 0
t 2767 2768 2765 0
t 51 2755 2714 0
t 703 2770 2755 0
t 689 2714 2770 0
t 2755 2770 2714 0
t 183 2771 2759 0
t 705 2772 2771 0
t 703 2759 2772 0
t 2771 2772 2759 0
t 180 2719 2774 0
t 689 2773 2719 0
t 705 2774 2773 0
t 2719 2773 2774 0
t 703 2772 2770 0
t 705 2773 2772 0
t 689 2770 2773 0
t 2772 2773 2770 0
t 52 2695 2744 0
t 685 2775 2695 0
t 698 2744 2775 0
t 2695 2775 2744 0
t 177 2776 2699 0
t 706 2777 2776 0
t 685 2699 2777 0
t 2776 2777 2699 0
t 183 2749 2779 0
t 698 2778 2749 0
t 706 2779 2778 0
t 2749 2778 2779 0
t 685 2777 2775 0
t 706 2778 2777 0
t 698 2775 2778 0
t 2777 2778 2775 0
t 180 2774 2766 0
t 705 2780 2774 0
t 704 2766 2780 0
t 2774 2780 2766 0
t 183 2779 2771 0
t 706 2781 2779 0
t 705 2771 2781 0
t 2779 2781 2771 0
t 177 2769 2776 0
t 704 2782 2769 0
t 706 2776 2782 0
t 2769 2782 2776 0
t 705 2781 2780 0
t 706 2782 2781 0
t 704 2780 2782 0
t 2781 2782 2780 0
t 10 2783 2785 4
t 707 2784 2783 4
t 709 2785 2784 4
t 2783 2784 2785 4
t 185 2786 2788 4
t 708 2787 2786 4
t 707 2788 2787 4
t 2786 2787 2788 4
t 187 2789 2791 4
t 709 2790 2789 4
t 708 2791 2790 4
t 2789 2790 2791 4
t 707 2787 2784 4
t 708 2790 2787 4
t 709 2784 2790 4
t 2787 2790 2784 4
t 53 2792 2794 4
t 710 2793 2792 4
t 712 2794 2793 4
t 2792 2793 2794 4
t 186 2795 2797 4
t 711 2796 2795 4
t 710 2797 2796 4
t 2795 2796 2797 4
t 185 2798 2800 4
t 712 2799 2798 4
t 711 2800 2799 4
t 2798 2799 2800 4
t 710 2796 2793 4
t 711 2799 2796 4
t 712 2793 2799 4
t 2796 2799 2793 4
t 55 2801 2803 4
t 713 2802 2801 4
t 715 2803 2802 4
t 2801 2802 2803 4
t 187 2804 2806 4
t 714 2805 2804 4
t 713 2806 2805 4
t 2804 2805 2806 4
t 186 2807 2809 4
t 715 2808 2807 4
t 714 2809 2808 4
t 2807 2808 2809 4
t 713 2805 2802 4
t 714 2808 2805 4
t 715 2802 2808 4
t 2805 2808 2802 4
t 185 2800 2786 4
t 711 2810 2800 4
t 708 2786 2810 4
t 2800 2810 2786 4
t 186 2809 2795 4
t 714 2811 2809 4
t 711 2795 2811 4
t 2809 2811 2795 4
t 187 2791 2804 4
t 708 2812 2791 4
t 714 2804 2812 4
t 2791 2812 2804 4
t 711 2811 2810 4
t 714 2812 2811 4
t 708 2810 2812 4
t 2811 2812 2810 4
t 19 2813 2815 0
t 716 2814 2813 0
t 718 2815 2814 0
t 2813 2814 2815 0
t 188 2816 2818 0
t 717 2817 2816 0
t 716 2818 2817 0
t 2816 2817 2818 0
t 190 2819 2821 4
t 718 2820 2819 0
t 717 2821 2820 0
t 2819 2820 2821 0
t 716 2817 2814 0
t 717 2820 2817 0
t 718 2814 2820 0
t 2817 2820 2814 0
t 54 2822 2824 0
t 719 2823 2822 0
t 721 2824 2823 0
t 2822 2823 2824 0
t 189 2825 2827 4
t 720 2826 2825 0
t 719 2827 2826 0
t 2825 2826 2827 0
t 188 2828 2830 0
t 721 2829 2828 0
t 720 2830 2829 0
t 2828 2829 2830 0
t 719 2826 2823 0
t 720 2829 2826 0
t 721 2823 2829 0
t 2826 2829 2823 0
t 53 2831 2833 4
t 722 2832 2831 4
t 724 2833 2832 4
t 2831 2832 2833 4
t 190 2834 2836 4
t 723 2835 2834 4
t 722 2836 2835 4
t 2834 2835 2836 4
t 189 2837 2839 4
t 724 2838 2837 4
t 723 2839 2838 4
t 2837 2838 2839 4
t 722 2835 2832 4
t 723 2838 2835 4
t 724 2832 2838 4
t 2835 2838 2832 4
t 188 2830 2816 0
t 720 2840 2830 0
t 717 2816 2840 0
t 2830 2840 2816 0
t 189 2839 2825 4
t 723 2841 2839 4
t 720 2825 2841 0
t 2839 2841 2825 4
t 190 2821 2834 4
t 717 2842 2821 0
t 723 2834 2842 4
t 2821 2842 2834 4
t 720 2841 2840 0
t 723 2842 2841 4
t 717 2840 2842 0
t 2841 2842 2840 0
t 18 2843 2845 0
t 725 2844 2843 0
t 727 2845 2844 0
t 2843 2844 2845 0
t 191 2846 2848 0
t 726 2847 2846 0
t 725 2848 2847 0
t 2846 2847 2848 0
t 193 2849 2851 0
t 727 2850 2849 0
t 726 2851 2850 0
t 2849 2850 2851 0
t 725 2847 2844 0
t 726 2850 2847 0
t 727 2844 2850 0
t 2847 2850 2844 0
t 55 2852 2854 4
t 728 2853 2852 4
t 730 2854 2853 4
t 2852 2853 2854 4
t 192 2855 2857 4
t 729 2856 2855 4
t 728 2857 2856 4
t 2855 2856 2857 4
t 191 2858 2860 4
t 730 2859 2858 4
t 729 2860 2859 4
t 2858 2859 2860 4
t 728 2856 2853 4
t 729 2859 2856 4
t 730 2853 2859 4
t 2856 2859 2853 4
t 54 2861 2863 0
t 731 2862 2861 0
t 733 2863 2862 0
t 2861 2862 2863 0
t 193 2864 2866 0
t 732 2865 2864 0
t 731 2866 2865 0
t 2864 2865 2866 0
t 192 2867 2869 0
t 733 2868 2867 0
t 732 2869 2868 0
t 2867 2868 2869 0
t 731 2865 2862 0
t 732 2868 2865 0
t 733 2862 2868 0
t 2865 2868 2862 0
t 191 2860 2846 4
t 729 2870 2860 0
t 726 2846 2870 0
t 2860 2870 2846 0
t 192 2869 2855 4
t 732 2871 2869 0
t 729 2855 2871 4
t 2869 2871 2855 0
t 193 2851 2864 0
t 726 2872 2851 0
t 732 2864 2872 0
t 2851 2872 2864 0
t 729 2871 2870 0
t 732 2872 2871 0
t 726 2870 2872 0
t 2871 2872 2870 0
t 53 2833 2792 4
t 724 2873 2833 4
t 710 2792 2873 4
t 2833 2873 2792 4
t 189 2874 2837 4
t 734 2875 2874 4
t 724 2837 2875 4
t 2874 2875 2837 4
t 186 2797 2877 4
t 710 2876 2797 4
t 734 2877 2876 4
t 2797 2876 2877 4
t 724 2875 2873 4
t 734 2876 2875 4
t 710 2873 2876 4
t 2875 2876 2873 4
t 54 2863 2822 0
t 733 2878 2863 0
t 719 2822 2878 0
t 2863 2878 2822 0
t 192 2879 2867 4
t 735 2880 2879 4
t 733 2867 2880 0
t 2879 2880 2867 0
t 189 2827 2882 4
t 719 2881 2827 0
t 735 2882 2881 4
t 2827 2881 2882 4
t 733 2880 2878 0
t 735 2881 2880 4
t 719 2878 2881 0
t 2880 2881 2878 0
t 55 2803 2852 4
t 715 2883 2803 4
t 728 2852 2883 4
t 2803 2883 2852 4
t 186 2884 2807 4
t 736 2885 2884 4
t 715 2807 2885 4
t 2884 2885 2807 4
t 192 2857 2887 4
t 728 2886 2857 4
t 736 2887 2886 4
t 2857 2886 2887 4
t 715 2885 2883 4
t 736 2886 2885 4
t 728 2883 2886 4
t 2885 2886 2883 4
t 189 2882 2874 4
t 735 2888 2882 4
t 734 2874 2888 4
t 2882 2888 2874 4
t 192 2887 2879 4
t 736 2889 2887 4
t 735 2879 2889 4
t 2887 2889 2879 4
t 186 2877 2884 4
t 734 2890 2877 4
t 736 2884 2890 4
t 2877 2890 2884 4
t 735 2889 2888 4
t 736 2890 2889 4
t 734 2888 2890 4
t 2889 2890 2888 4
t 17 2737 2597 0
t 697 2891 2737 0
t 656 2597 2891 0
t 2737 2891 2597 0
t 184 2892 2741 0
t 737 2893 2892 0
t 697 2741 2893 0
t 2892 2893 2741 0
t 170 2602 2895 0
t 656 2894 2602 0
t 737 2895 2894 0
t 2602 2894 2895 0
t 697 2893 2891 0
t 737 2894 2893 0
t 656 2891 2894 0
t 2893 2894 2891 0
t 51 2896 2753 0
t 738 2897 2896 0
t 701 2753 2897 0
t 2896 2897 2753 0
t 194 2898 2900 0
t 739 2899 2898 0
t 738 2900 2899 0
t 2898 2899 2900 0
t 184 2758 2902 0
t 701 2901 2758 0
t 739 2902 2901 0
t 2758 2901 2902 0
t 738 2899 2897 0
t 739 2901 2899 0
t 701 2897 2901 0
t 2899 2901 2897 0
t 48 2608 2904 0
t 661 2903 2608 0
t 741 2904 2903 0
t 2608 2903 2904 0
t 170 2905 2612 0
t 740 2906 2905 0
t 661 2612 2906 0
t 2905 2906 2612 0
t 194 2907 2909 0
t 741 2908 2907 0
t 740 2909 2908 0
t 2907 2908 2909 0
t 661 2906 2903 0
t 740 2908 2906 0
t 741 2903 2908 0
t 2906 2908 2903 0
t 184 2902 2892 0
t 739 2910 2902 0
t 737 2892 2910 0
t 2902 2910 2892 0
t 194 2909 2898 0
t 740 2911 2909 0
t 739 2898 2911 0
t 2909 2911 2898 0
t 170 2895 2905 0
t 737 2912 2895 0
t 740 2905 2912 0
t 2895 2912 2905 0
t 739 2911 2910 0
t 740 2912 2911 0
t 737 2910 2912 0
t 2911 2912 2910 0
t 18 2845 2705 0
t 727 2913 2845 0
t 686 2705 2913 0
t 2845 2913 2705 0
t 193 2914 2849 0
t 742 2915 2914 0
t 727 2849 2915 0
t 2914 2915 2849 0
t 179 2710 2917 0
t 686 2916 2710 0
t 742 2917 2916 0
t 2710 2916 2917 0
t 727 2915 2913 0
t 742 2916 2915 0
t 686 2913 2916 0
t 2915 2916 2913 0
t 54 2918 2861 0
t 743 2919 2918 0
t 731 2861 2919 0
t 2918 2919 2861 0
t 195 2920 2922 0
t 744 2921 2920 0
t 743 2922 2921 0
t 2920 2921 2922 0
t 193 2866 2924 0
t 731 2923 2866 0
t 744 2924 2923 0
t 2866 2923 2924 0
t 743 2921 2919 0
t 744 2923 2921 0
t 731 2919 2923 0
t 2921 2923 2919 0
t 51 2716 2926 0
t 691 2925 2716 0
t 746 2926 2925 0
t 2716 2925 2926 0
t 179 2927 2720 0
t 745 2928 2927 0
t 691 2720 2928 0
t 2927 2928 2720 0
t 195 2929 2931 0
t 746 2930 2929 0
t 745 2931 2930 0
t 2929 2930 2931 0
t 691 2928 2925 0
t 745 2930 2928 0
t 746 2925 2930 0
t 2928 2930 2925 0
t 193 2924 2914 0
t 744 2932 2924 0
t 742 2914 2932 0
t 2924 2932 2914 0
t 195 2931 2920 0
t 745 2933 2931 0
t 744 2920 2933 0
t 2931 2933 2920 0
t 179 2917 2927 0
t 742 2934 2917 0
t 745 2927 2934 0
t 2917 2934 2927 0
t 744 2933 2932 0
t 745 2934 2933 0
t 742 2932 2934 0
t 2933 2934 2932 0
t 19 2629 2813 0
t 667 2935 2629 0
t 716 2813 2935 0
t 2629 2935 2813 0
t 175 2936 2633 0
t 747 2937 2936 0
t 667 2633 2937 0
t 2936 2937 2633 0
t 188 2818 2939 0
t 716 2938 2818 0
t 747 2939 2938 0
t 2818 2938 2939 0
t 667 2937 2935 0
t 747 2938 2937 0
t 716 2935 2938 0
t 2937 2938 2935 0
t 48 2940 2645 0
t 748 2941 2940 0
t 671 2645 2941 0
t 2940 2941 2645 0
t 196 2942 2944 0
t 749 2943 2942 0
t 748 2944 2943 0
t 2942 2943 2944 0
t 175 2650 2946 0
t 671 2945 2650 0
t 749 2946 2945 0
t 2650 2945 2946 0
t 748 2943 2941 0
t 749 2945 2943 0
t 671 2941 2945 0
t 2943 2945 2941 0
t 54 2824 2948 0
t 721 2947 2824 0
t 751 2948 2947 0
t 2824 2947 2948 0
t 188 2949 2828 0
t 750 2950 2949 0
t 721 2828 2950 0
t 2949 2950 2828 0
t 196 2951 2953 0
t 751 2952 2951 0
t 750 2953 2952 0
t 2951 2952 2953 0
t 721 2950 2947 0
t 750 2952 2950 0
t 751 2947 2952 0
t 2950 2952 2947 0
t 175 2946 2936 0
t 749 2954 2946 0
t 747 2936 2954 0
t 2946 2954 2936 0
t 196 2953 2942 0
t 750 2955 2953 0
t 749 2942 2955 0
t 2953 2955 2942 0
t 188 2939 2949 0
t 747 2956 2939 0
t 750 2949 2956 0
t 2939 2956 2949 0
t 749 2955 2954 0
t 750 2956 2955 0
t 747 2954 2956 0
t 2955 2956 2954 0
t 51 2926 2896 0
t 746 2957 2926 0
t 738 2896 2957 0
t 2926 2957 2896 0
t 195 2958 2929 0
t 752 2959 2958 0
t 746 2929 2959 0
t 2958 2959 2929 0
t 194 2900 2961 0
t 738 2960 2900 0
t 752 2961 2960 0
t 2900 2960 2961 0
t 746 2959 2957 0
t 752 2960 2959 0
t 738 2957 2960 0
t 2959 2960 2957 0
t 54 2948 2918 0
t 751 2962 2948 0
t 743 2918 2962 0
t 2948 2962 2918 0
t 196 2963 2951 0
t 753 2964 2963 0
t 751 2951 2964 0
t 2963 2964 2951 0
t 195 2922 2966 0
t 743 2965 2922 0
t 753 2966 2965 0
t 2922 2965 2966 0
t 751 2964 2962 0
t 753 2965 2964 0
t 743 2962 2965 0
t 2964 2965 2962 0
t 48 2904 2940 0
t 741 2967 2904 0
t 748 2940 2967 0
t 2904 2967 2940 0
t 194 2968 2907 0
t 754 2969 2968 0
t 741 2907 2969 0
t 2968 2969 2907 0
t 196 2944 2971 0
t 748 2970 2944 0
t 754 2971 2970 0
t 2944 2970 2971 0
t 741 2969 2967 0
t 754 2970 2969 0
t 748 2967 2970 0
t 2969 2970 2967 0
t 195 2966 2958 0
t 753 2972 2966 0
t 752 2958 2972 0
t 2966 2972 2958 0
t 196 2971 2963 0
t 754 2973 2971 0
t 753 2963 2973 0
t 2971 2973 2963 0
t 194 2961 2968 0
t 752 2974 2961 0
t 754 2968 2974 0
t 2961 2974 2968 0
t 753 2973 2972 0
t 754 2974 2973 0
t 752 2972 2974 0
t 2973 2974 2972 0
t 5 2569 2976 0
t 649 2975 2569 0
t 756 2976 2975 0
t 2569 2975 2976 0
t 169 2977 2573 0
t 755 2978 2977 0
t 649 2573 2978 0
t 2977 2978 2573 0
t 198 2979 2981 0
t 756 2980 2979 0
t 755 2981 2980 0
t 2979 2980 2981 0
t 649 2978 2975 0
t 755 2980 2978 0
t 756 2975 2980 0
t 2978 2980 2975 0
t 49 2982 2585 0
t 757 2983 2982 0
t 653 2585 2983 0
t 2982 2983 2585 0
t 197 2984 2986 0
t 758 2985 2984 0
t 757 2986 2985 0
t 2984 2985 2986 0
t 169 2590 2988 0
t 653 2987 2590 0
t 758 2988 2987 0
t 2590 2987 2988 0
t 757 2985 2983 0
t 758 2987 2985 0
t 653 2983 2987 0
t 2985 2987 2983 0
t 57 2989 2991 0
t 759 2990 2989 0
t 761 2991 2990 0
t 2989 2990 2991 0
t 198 2992 2994 0
t 760 2993 2992 0
t 759 2994 2993 0
t 2992 2993 2994 0
t 197 2995 2997 0
t 761 2996 2995 0
t 760 2997 2996 0
t 2995 2996 2997 0
t 759 2993 2990 0
t 760 2996 2993 0
t 761 2990 2996 0
t 2993 2996 2990 0
t 169 2988 2977 0
t 758 2998 2988 0
t 755 2977 2998 0
t 2988 2998 2977 0
t 197 2997 2984 0
t 760 2999 2997 0
t 758 2984 2999 0
t 2997 2999 2984 0
t 198 2981 2992 0
t 755 3000 2981 0
t 760 2992 3000 0
t 2981 3000 2992 0
t 758 2999 2998 0
t 760 3000 2999 0
t 755 2998 3000 0
t 2999 3000 2998 0
t 19 3001 2627 0
t 762 3002 3001 0
t 665 2627 3002 0
t 3001 3002 2627 0
t 199 3003 3005 0
t 763 3004 3003 0
t 762 3005 3004 0
t 3003 3004 3005 0
t 173 2632 3007 0
t 665 3006 2632 0
t 763 3007 3006 0
t 2632 3006 3007 0
t 762 3004 3002 0
t 763 3006 3004 0
t 665 3002 3006 0
t 3004 3006 3002 0
t 56 3008 3010 0
t 764 3009 3008 0
t 766 3010 3009 0
t 3008 3009 3010 0
t 200 3011 3013 0
t 765 3012 3011 0
t 764 3013 3012 0
t 3011 3012 3013 0
t 199 3014 3016 0
t 766 3015 3014 0
t 765 3016 3015 0
t 3014 3015 3016 0
t 764 3012 3009 0
t 765 3015 3012 0
t 766 3009 3015 0
t 3012 3015 3009 0
t 49 2638 3018 0
t 670 3017 2638 0
t 768 3018 3017 0
t 2638 3017 3018 0
t 173 3019 2642 0
t 767 3020 3019 0
t 670 2642 3020 0
t 3019 3020 2642 0
t 200 3021 3023 0
t 768 3022 3021 0
t 767 3023 3022 0
t 3021 3022 3023 0
t 670 3020 3017 0
t 767 3022 3020 0
t 768 3017 3022 0
t 3020 3022 3017 0
t 199 3016 3003 0
t 765 3024 3016 0
t 763 3003 3024 0
t 3016 3024 3003 0
t 200 3023 3011 0
t 767 3025 3023 0
t 765 3011 3025 0
t 3023 3025 3011 0
t 173 3007 3019 0
t 763 3026 3007 0
t 767 3019 3026 0
t 3007 3026 3019 0
t 765 3025 3024 0
t 767 3026 3025 0
t 763 3024 3026 0
t 3025 3026 3024 0
t 21 3027 3029 2
t 769 3028 3027 0
t 771 3029 3028 0
t 3027 3028 3029 2
t 201 3030 3032 0
t 770 3031 3030 0
t 769 3032 3031 0
t 3030 3031 3032 0
t 203 3033 3035 0
t 771 3034 3033 0
t 770 3035 3034 0
t 3033 3034 3035 0
t 769 3031 3028 0
t 770 3034 3031 0
t 771 3028 3034 0
t 3031 3034 3028 0
t 57 3036 3038 0
t 772 3037 3036 0
t 774 3038 3037 0
t 3036 3037 3038 0
t 202 3039 3041 0
t 773 3040 3039 0
t 772 3041 3040 0
t 3039 3040 3041 0
t 201 3042 3044 0
t 774 3043 3042 0
t 773 3044 3043 0
t 3042 3043 3044 0
t 772 3040 3037 0
t 773 3043 3040 0
t 774 3037 3043 0
t 3040 3043 3037 0
t 56 3045 3047 0
t 775 3046 3045 0
t 777 3047 3046 0
t 3045 3046 3047 0
t 203 3048 3050 0
t 776 3049 3048 0
t 775 3050 3049 0
t 3048 3049 3050 0
t 202 3051 3053 0
t 777 3052 3051 0
t 776 3053 3052 0
t 3051 3052 3053 0
t 775 3049 3046 0
t 776 3052 3049 0
t 777 3046 3052 0
t 3049 3052 3046 0
t 201 3044 3030 0
t 773 3054 3044 0
t 770 3030 3054 0
t 3044 3054 3030 0
t 202 3053 3039 0
t 776 3055 3053 0
t 773 3039 3055 0
t 3053 3055 3039 0
t 203 3035 3048 0
t 770 3056 3035 0
t 776 3048 3056 0
t 3035 3056 3048 0
t 773 3055 3054 0
t 776 3056 3055 0
t 770 3054 3056 0
t 3055 3056 3054 0
t 49 3018 2982 0
t 768 3057 3018 0
t 757 2982 3057 0
t 3018 3057 2982 0
t 200 3058 3021 0
t 778 3059 3058 0
t 768 3021 3059 0
t 3058 3059 3021 0
t 197 2986 3061 0
t 757 3060 2986 0
t 778 3061 3060 0
t 2986 3060 3061 0
t 768 3059 3057 0
t 778 3060 3059 0
t 757 3057 3060 0
t 3059 3060 3057 0
t 56 3047 3008 0
t 777 3062 3047 0
t 764 3008 3062 0
t 3047 3062 3008 0
t 202 3063 3051 0
t 779 3064 3063 0
t 777 3051 3064 0
t 3063 3064 3051 0
t 200 3013 3066 0
t 764 3065 3013 0
t 779 3066 3065 0
t 3013 3065 3066 0
t 777 3064 3062 0
t 779 3065 3064 0
t 764 3062 3065 0
t 3064 3065 3062 0
t 57 2991 3036 0
t 761 3067 2991 0
t 772 3036 3067 0
t 2991 3067 3036 0
t 197 3068 2995 0
t 780 3069 3068 0
t 761 2995 3069 0
t 3068 3069 2995 0
t 202 3041 3071 0
t 772 3070 3041 0
t 780 3071 3070 0
t 3041 3070 3071 0
t 761 3069 3067 0
t 780 3070 3069 0
t 772 3067 3070 0
t 3069 3070 3067 0
t 200 3066 3058 0
t 779 3072 3066 0
t 778 3058 3072 0
t 3066 3072 3058 0
t 202 3071 3063 0
t 780 3073 3071 0
t 779 3063 3073 0
t 3071 3073 3063 0
t 197 3061 3068 0
t 778 3074 3061 0
t 780 3068 3074 0
t 3061 3074 3068 0
t 779 3073 3072 0
t 780 3074 3073 0
t 778 3072 3074 0
t 3073 3074 3072 0
t 10 3075 2783 4
t 781 3076 3075 4
t 707 2783 3076 4
t 3075 3076 2783 4
t 204 3077 3079 4
t 782 3078 3077 4
t 781 3079 3078 4
t 3077 3078 3079 4
t 185 2788 3081 4
t 707 3080 2788 4
t 782 3081 3080 4
t 2788 3080 3081 4
t 781 3078 3076 4
t 782 3080 3078 4
t 707 3076 3080 4
t 3078 3080 3076 4
t 58 3082 3084 4
t 783 3083 3082 4
t 785 3084 3083 4
t 3082 3083 3084 4
t 205 3085 3087 4
t 784 3086 3085 4
t 783 3087 3086 4
t 3085 3086 3087 4
t 204 3088 3090 4
t 785 3089 3088 4
t 784 3090 3089 4
t 3088 3089 3090 4
t 783 3086 3083 4
t 784 3089 3086 4
t 785 3083 3089 4
t 3086 3089 3083 4
t 53 2794 3092 4
t 712 3091 2794 4
t 787 3092 3091 4
t 2794 3091 3092 4
t 185 3093 2798 4
t 786 3094 3093 4
t 712 2798 3094 4
t 3093 3094 2798 4
t 205 3095 3097 4
t 787 3096 3095 4
t 786 3097 3096 4
t 3095 3096 3097 4
t 712 3094 3091 4
t 786 3096 3094 4
t 787 3091 3096 4
t 3094 3096 3091 4
t 204 3090 3077 4
t 784 3098 3090 4
t 782 3077 3098 4
t 3090 3098 3077 4
t 205 3097 3085 4
t 786 3099 3097 4
t 784 3085 3099 4
t 3097 3099 3085 4
t 185 3081 3093 4
t 782 3100 3081 4
t 786 3093 3100 4
t 3081 3100 3093 4
t 784 3099 3098 4
t 786 3100 3099 4
t 782 3098 3100 4
t 3099 3100 3098 4
t 20 3101 3103 4
t 788 3102 3101 4
t 790 3103 3102 4
t 3101 3102 3103 4
t 206 3104 3106 4
t 789 3105 3104 4
t 788 3106 3105 4
t 3104 3105 3106 4
t 208 3107 3109 4
t 790 3108 3107 4
t 789 3109 3108 4
t 3107 3108 3109 4
t 788 3105 3102 4
t 789 3108 3105 4
t 790 3102 3108 4
t 3105 3108 3102 4
t 59 3110 3112 4
t 791 3111 3110 4
t 793 3112 3111 4
t 3110 3111 3112 4
t 207 3113 3115 4
t 792 3114 3113 4
t 791 3115 3114 4
t 3113 3114 3115 4
t 206 3116 3118 4
t 793 3117 3116 4
t 792 3118 3117 4
t 3116 3117 3118 4
t 791 3114 3111 4
t 792 3117 3114 4
t 793 3111 3117 4
t 3114 3117 3111 4
t 58 3119 3121 4
t 794 3120 3119 4
t 796 3121 3120 4
t 3119 3120 3121 4
t 208 3122 3124 4
t 795 3123 3122 4
t 794 3124 3123 4
t 3122 3123 3124 4
t 207 3125 3127 4
t 796 3126 3125 4
t 795 3127 3126 4
t 3125 3126 3127 4
t 794 3123 3120 4
t 795 3126 3123 4
t 796 3120 3126 4
t 3123 3126 3120 4
t 206 3118 3104 4
t 792 3128 3118 4
t 789 3104 3128 4
t 3118 3128 3104 4
t 207 3127 3113 4
t 795 3129 3127 4
t 792 3113 3129 4
t 3127 3129 3113 4
t 208 3109 3122 4
t 789 3130 3109 4
t 795 3122 3130 4
t 3109 3130 3122 4
t 792 3129 3128 4
t 795 3130 3129 4
t 789 3128 3130 4
t 3129 3130 3128 4
t 19 2815 3132 0
t 718 3131 2815 0
t 798 3132 3131 0
t 2815 3131 3132 0
t 190 3133 2819 4
t 797 3134 3133 4
t 718 2819 3134 0
t 3133 3134 2819 4
t 210 3135 3137 4
t 798 3136 3135 0
t 797 3137 3136 4
t 3135 3136 3137 4
t 718 3134 3131 0
t 797 3136 3134 4
t 798 3131 3136 0
t 3134 3136 3131 0
t 53 3138 2831 4
t 799 3139 3138 4
t 722 2831 3139 4
t 3138 3139 2831 4
t 209 3140 3142 4
t 800 3141 3140 4
t 799 3142 3141 4
t 3140 3141 3142 4
t 190 2836 3144 4
t 722 3143 2836 4
t 800 3144 3143 4
t 2836 3143 3144 4
t 799 3141 3139 4
t 800 3143 3141 4
t 722 3139 3143 4
t 3141 3143 3139 4
t 59 3145 3147 4
t 801 3146 3145 4
t 803 3147 3146 4
t 3145 3146 3147 4
t 210 3148 3150 4
t 802 3149 3148 4
t 801 3150 3149 4
t 3148 3149 3150 4
t 209 3151 3153 4
t 803 3152 3151 4
t 802 3153 3152 4
t 3151 3152 3153 4
t 801 3149 3146 4
t 802 3152 3149 4
t 803 3146 3152 4
t 3149 3152 3146 4
t 190 3144 3133 4
t 800 3154 3144 4
t 797 3133 3154 4
t 3144 3154 3133 4
t 209 3153 3140 4
t 802 3155 3153 4
t 800 3140 3155 4
t 3153 3155 3140 4
t 210 3137 3148 4
t 797 3156 3137 4
t 802 3148 3156 4
t 3137 3156 3148 4
t 800 3155 3154 4
t 802 3156 3155 4
t 797 3154 3156 4
t 3155 3156 3154 4
t 58 3121 3082 4
t 796 3157 3121 4
t 783 3082 3157 4
t 3121 3157 3082 4
t 207 3158 3125 4
t 804 3159 3158 4
t 796 3125 3159 4
t 3158 3159 3125 4
t 205 3087 3161 4
t 783 3160 3087 4
t 804 3161 3160 4
t 3087 3160 3161 4
t 796 3159 3157 4
t 804 3160 3159 4
t 783 3157 3160 4
t 3159 3160 3157 4
t 59 3147 3110 4
t 803 3162 3147 4
t 791 3110 3162 4
t 3147 3162 3110 4
t 209 3163 3151 4
t 805 3164 3163 4
t 803 3151 3164 4
t 3163 3164 3151 4
t 207 3115 3166 4
t 791 3165 3115 4
t 805 3166 3165 4
t 3115 3165 3166 4
t 803 3164 3162 4
t 805 3165 3164 4
t 791 3162 3165 4
t 3164 3165 3162 4
t 53 3092 3138 4
t 787 3167 3092 4
t 799 3138 3167 4
t 3092 3167 3138 4
t 205 3168 3095 4
t 806 3169 3168 4
t 787 3095 3169 4
t 3168 3169 3095 4
t 209 3142 3171 4
t 799 3170 3142 4
t 806 3171 3170 4
t 3142 3170 3171 4
t 787 3169 3167 4
t 806 3170 3169 4
t 799 3167 3170 4
t 3169 3170 3167 4
t 207 3166 3158 4
t 805 3172 3166 4
t 804 3158 3172 4
t 3166 3172 3158 4
t 209 3171 3163 4
t 806 3173 3171 4
t 805 3163 3173 4
t 3171 3173 3163 4
t 205 3161 3168 4
t 804 3174 3161 4
t 806 3168 3174 4
t 3161 3174 3168 4
t 805 3173 3172 4
t 806 3174 3173 4
t 804 3172 3174 4
t 3173 3174 3172 4
t 6 3175 3177 3
t 807 3176 3175 3
t 809 3177 3176 3
t 3175 3176 3177 3
t 211 3178 3180 3
t 808 3179 3178 3
t 807 3180 3179 3
t 3178 3179 3180 3
t 213 3181 3183 3
t 809 3182 3181 3
t 808 3183 3182 3
t 3181 3182 3183 3
t 807 3179 3176 3
t 808 3182 3179 3
t 809 3176 3182 3
t 3179 3182 3176 3
t 60 3184 3186 3
t 810 3185 3184 3
t 812 3186 3185 3
t 3184 3185 3186 3
t 212 3187 3189 3
t 811 3188 3187 3
t 810 3189 3188 3
t 3187 3188 3189 3
t 211 3190 3192 3
t 812 3191 3190 3
t 811 3192 3191 3
t 3190 3191 3192 3
t 810 3188 3185 3
t 811 3191 3188 3
t 812 3185 3191 3
t 3188 3191 3185 3
t 62 3193 3195 3
t 813 3194 3193 3
t 815 3195 3194 3
t 3193 3194 3195 3
t 213 3196 3198 3
t 814 3197 3196 3
t 813 3198 3197 3
t 3196 3197 3198 3
t 212 3199 3201 3
t 815 3200 3199 3
t 814 3201 3200 3
t 3199 3200 3201 3
t 813 3197 3194 3
t 814 3200 3197 3
t 815 3194 3200 3
t 3197 3200 3194 3
t 211 3192 3178 3
t 811 3202 3192 3
t 808 3178 3202 3
t 3192 3202 3178 3
t 212 3201 3187 3
t 814 3203 3201 3
t 811 3187 3203 3
t 3201 3203 3187 3
t 213 3183 3196 3
t 808 3204 3183 3
t 814 3196 3204 3
t 3183 3204 3196 3
t 811 3203 3202 3
t 814 3204 3203 3
t 808 3202 3204 3
t 3203 3204 3202 3
t 21 3205 3207 2
t 816 3206 3205 2
t 818 3207 3206 2
t 3205 3206 3207 2
t 214 3208 3210 3
t 817 3209 3208 3
t 816 3210 3209 3
t 3208 3209 3210 3
t 216 3211 3213 2
t 818 3212 3211 2
t 817 3213 3212 3
t 3211 3212 3213 2
t 816 3209 3206 2
t 817 3212 3209 3
t 818 3206 3212 2
t 3209 3212 3206 2
t 61 3214 3216 3
t 819 3215 3214 3
t 821 3216 3215 3
t 3214 3215 3216 3
t 215 3217 3219 3
t 820 3218 3217 3
t 819 3219 3218 3
t 3217 3218 3219 3
t 214 3220 3222 3
t 821 3221 3220 3
t 820 3222 3221 3
t 3220 3221 3222 3
t 819 3218 3215 3
t 820 3221 3218 3
t 821 3215 3221 3
t 3218 3221 3215 3
t 60 3223 3225 3
t 822 3224 3223 3
t 824 3225 3224 3
t 3223 3224 3225 3
t 216 3226 3228 2
t 823 3227 3226 3
t 822 3228 3227 3
t 3226 3227 3228 3
t 215 3229 3231 3
t 824 3230 3229 3
t 823 3231 3230 3
t 3229 3230 3231 3
t 822 3227 3224 3
t 823 3230 3227 3
t 824 3224 3230 3
t 3227 3230 3224 3
t 214 3222 3208 3
t 820 3232 3222 3
t 817 3208 3232 3
t 3222 3232 3208 3
t 215 3231 3217 3
t 823 3233 3231 3
t 820 3217 3233 3
t 3231 3233 3217 3
t 216 3213 3226 2
t 817 3234 3213 3
t 823 3226 3234 3
t 3213 3234 3226 3
t 820 3233 3232 3
t 823 3234 3233 3
t 817 3232 3234 3
t 3233 3234 3232 3
t 20 3235 3237 4
t 825 3236 3235 4
t 827 3237 3236 4
t 3235 3236 3237 4
t 217 3238 3240 4
t 826 3239 3238 4
t 825 3240 3239 4
t 3238 3239 3240 4
t 219 3241 3243 4
t 827 3242 3241 4
t 826 3243 3242 4
t 3241 3242 3243 4
t 825 3239 3236 4
t 826 3242 3239 4
t 827 3236 3242 4
t 3239 3242 3236 4
t 62 3244 3246 3
t 828 3245 3244 3
t 830 3246 3245 3
t 3244 3245 3246 3
t 218 3247 3249 3
t 829 3248 3247 3
t 828 3249 3248 3
t 3247 3248 3249 3
t 217 3250 3252 4
t 830 3251 3250 4
t 829 3252 3251 4
t 3250 3251 3252 4
t 828 3248 3245 3
t 829 3251 3248 3
t 830 3245 3251 3
t 3248 3251 3245 3
t 61 3253 3255 4
t 831 3254 3253 4
t 833 3255 3254 4
t 3253 3254 3255 4
t 219 3256 3258 4
t 832 3257 3256 4
t 831 3258 3257 4
t 3256 3257 3258 4
t 218 3259 3261 3
t 833 3260 3259 4
t 832 3261 3260 4
t 3259 3260 3261 4
t 831 3257 3254 4
t 832 3260 3257 4
t 833 3254 3260 4
t 3257 3260 3254 4
t 217 3252 3238 4
t 829 3262 3252 4
t 826 3238 3262 4
t 3252 3262 3238 4
t 218 3261 3247 3
t 832 3263 3261 4
t 829 3247 3263 4
t 3261 3263 3247 4
t 219 3243 3256 4
t 826 3264 3243 4
t 832 3256 3264 4
t 3243 3264 3256 4
t 829 3263 3262 4
t 832 3264 3263 4
t 826 3262 3264 4
t 3263 3264 3262 4
t 60 3225 3184 3
t 824 3265 3225 3
t 810 3184 3265 3
t 3225 3265 3184 3
t 215 3266 3229 3
t 834 3267 3266 3
t 824 3229 3267 3
t 3266 3267 3229 3
t 212 3189 3269 3
t 810 3268 3189 3
t 834 3269 3268 3
t 3189 3268 3269 3
t 824 3267 3265 3
t 834 3268 3267 3
t 810 3265 3268 3
t 3267 3268 3265 3
t 61 3255 3214 3
t 833 3270 3255 3
t 819 3214 3270 3
t 3255 3270 3214 3
t 218 3271 3259 3
t 835 3272 3271 3
t 833 3259 3272 3
t 3271 3272 3259 3
t 215 3219 3274 3
t 819 3273 3219 3
t 835 3274 3273 3
t 3219 3273 3274 3
t 833 3272 3270 3
t 835 3273 3272 3
t 819 3270 3273 3
t 3272 3273 3270 3
t 62 3195 3244 3
t 815 3275 3195 3
t 828 3244 3275 3
t 3195 3275 3244 3
t 212 3276 3199 3
t 836 3277 3276 3
t 815 3199 3277 3
t 3276 3277 3199 3
t 218 3249 3279 3
t 828 3278 3249 3
t 836 3279 3278 3
t 3249 3278 3279 3
t 815 3277 3275 3
t 836 3278 3277 3
t 828 3275 3278 3
t 3277 3278 3275 3
t 215 3274 3266 3
t 835 3280 3274 3
t 834 3266 3280 3
t 3274 3280 3266 3
t 218 3279 3271 3
t 836 3281 3279 3
t 835 3271 3281 3
t 3279 3281 3271 3
t 212 3269 3276 3
t 834 3282 3269 3
t 836 3276 3282 3
t 3269 3282 3276 3
t 835 3281 3280 3
t 836 3282 3281 3
t 834 3280 3282 3
t 3281 3282 3280 3
t 19 3132 3001 0
t 798 3283 3132 0
t 762 3001 3283 0
t 3132 3283 3001 0
t 210 3284 3135 4
t 837 3285 3284 0
t 798 3135 3285 0
t 3284 3285 3135 0
t 199 3005 3287 0
t 762 3286 3005 0
t 837 3287 3286 0
t 3005 3286 3287 0
t 798 3285 3283 0
t 837 3286 3285 0
t 762 3283 3286 0
t 3285 3286 3283 0
t 59 3288 3145 4
t 838 3289 3288 4
t 801 3145 3289 4
t 3288 3289 3145 4
t 220 3290 3292 4
t 839 3291 3290 4
t 838 3292 3291 4
t 3290 3291 3292 4
t 210 3150 3294 4
t 801 3293 3150 4
t 839 3294 3293 4
t 3150 3293 3294 4
t 838 3291 3289 4
t 839 3293 3291 4
t 801 3289 3293 4
t 3291 3293 3289 4
t 56 3010 3296 0
t 766 3295 3010 0
t 841 3296 3295 0
t 3010 3295 3296 0
t 199 3297 3014 0
t 840 3298 3297 0
t 766 3014 3298 0
t 3297 3298 3014 0
t 220 3299 3301 4
t 841 3300 3299 0
t 840 3301 3300 0
t 3299 3300 3301 4
t 766 3298 3295 0
t 840 3300 3298 0
t 841 3295 3300 0
t 3298 3300 3295 0
t 210 3294 3284 4
t 839 3302 3294 4
t 837 3284 3302 0
t 3294 3302 3284 4
t 220 3301 3290 4
t 840 3303 3301 0
t 839 3290 3303 4
t 3301 3303 3290 4
t 199 3287 3297 0
t 837 3304 3287 0
t 840 3297 3304 0
t 3287 3304 3297 0
t 839 3303 3302 4
t 840 3304 3303 0
t 837 3302 3304 0
t 3303 3304 3302 0
t 20 3237 3101 4
t 827 3305 3237 4
t 788 3101 3305 4
t 3237 3305 3101 4
t 219 3306 3241 4
t 842 3307 3306 4
t 827 3241 3307 4
t 3306 3307 3241 4
t 206 3106 3309 4
t 788 3308 3106 4
t 842 3309 3308 4
t 3106 3308 3309 4
t 827 3307 3305 4
t 842 3308 3307 4
t 788 3305 3308 4
t 3307 3308 3305 4
t 61 3310 3253 4
t 843 3311 3310 4
t 831 3253 3311 4
t 3310 3311 3253 4
t 221 3312 3314 4
t 844 3313 3312 4
t 843 3314 3313 4
t 3312 3313 3314 4
t 219 3258 3316 4
t 831 3315 3258 4
t 844 3316 3315 4
t 3258 3315 3316 4
t 843 3313 3311 4
t 844 3315 3313 4
t 831 3311 3315 4
t 3313 3315 3311 4
t 59 3112 3318 4
t 793 3317 3112 4
t 846 3318 3317 4
t 3112 3317 3318 4
t 206 3319 3116 4
t 845 3320 3319 4
t 793 3116 3320 4
t 3319 3320 3116 4
t 221 3321 3323 4
t 846 3322 3321 4
t 845 3323 3322 4
t 3321 3322 3323 4
t 793 3320 3317 4
t 845 3322 3320 4
t 846 3317 3322 4
t 3320 3322 3317 4
t 219 3316 3306 4
t 844 3324 3316 4
t 842 3306 3324 4
t 3316 3324 3306 4
t 221 3323 3312 4
t 845 3325 3323 4
t 844 3312 3325 4
t 3323 3325 3312 4
t 206 3309 3319 4
t 842 3326 3309 4
t 845 3319 3326 4
t 3309 3326 3319 4
t 844 3325 3324 4
t 845 3326 3325 4
t 842 3324 3326 4
t 3325 3326 3324 4
t 21 3029 3205 2
t 771 3327 3029 2
t 816 3205 3327 2
t 3029 3327 3205 2
t 203 3328 3033 0
t 847 3329 3328 0
t 771 3033 3329 0
t 3328 3329 3033 0
t 214 3210 3331 3
t 816 3330 3210 3
t 847 3331 3330 3
t 3210 3330 3331 3
t 771 3329 3327 0
t 847 3330 3329 3
t 816 3327 3330 3
t 3329 3330 3327 3
t 56 3332 3045 0
t 848 3333 3332 0
t 775 3045 3333 0
t 3332 3333 3045 0
t 222 3334 3336 4
t 849 3335 3334 0
t 848 3336 3335 0
t 3334 3335 3336 0
t 203 3050 3338 0
t 775 3337 3050 0
t 849 3338 3337 0
t 3050 3337 3338 0
t 848 3335 3333 0
t 849 3337 3335 0
t 775 3333 3337 0
t 3335 3337 3333 0
t 61 3216 3340 4
t 821 3339 3216 3
t 851 3340 3339 4
t 3216 3339 3340 3
t 214 3341 3220 3
t 850 3342 3341 3
t 821 3220 3342 3
t 3341 3342 3220 3
t 222 3343 3345 4
t 851 3344 3343 4
t 850 3345 3344 3
t 3343 3344 3345 4
t 821 3342 3339 3
t 850 3344 3342 3
t 851 3339 3344 3
t 3342 3344 3339 3
t 203 3338 3328 0
t 849 3346 3338 0
t 847 3328 3346 0
t 3338 3346 3328 0
t 222 3345 3334 4
t 850 3347 3345 3
t 849 3334 3347 3
t 3345 3347 3334 3
t 214 3331 3341 3
t 847 3348 3331 3
t 850 3341 3348 3
t 3331 3348 3341 3
t 849 3347 3346 3
t 850 3348 3347 3
t 847 3346 3348 3
t 3347 3348 3346 3
t 59 3318 3288 4
t 846 3349 3318 4
t 838 3288 3349 4
t 3318 3349 3288 4
t 221 3350 3321 4
t 852 3351 3350 4
t 846 3321 3351 4
t 3350 3351 3321 4
t 220 3292 3353 4
t 838 3352 3292 4
t 852 3353 3352 4
t 3292 3352 3353 4
t 846 3351 3349 4
t 852 3352 3351 4
t 838 3349 3352 4
t 3351 3352 3349 4
t 61 3340 3310 4
t 851 3354 3340 4
t 843 3310 3354 4
t 3340 3354 3310 4
t 222 3355 3343 4
t 853 3356 3355 4
t 851 3343 3356 4
t 3355 3356 3343 4
t 221 3314 3358 4
t 843 3357 3314 4
t 853 3358 3357 4
t 3314 3357 3358 4
t 851 3356 3354 4
t 853 3357 3356 4
t 843 3354 3357 4
t 3356 3357 3354 4
t 56 3296 3332 0
t 841 3359 3296 0
t 848 3332 3359 0
t 3296 3359 3332 0
t 220 3360 3299 4
t 854 3361 3360 4
t 841 3299 3361 4
t 3360 3361 3299 4
t 222 3336 3363 4
t 848 3362 3336 4
t 854 3363 3362 4
t 3336 3362 3363 4
t 841 3361 3359 0
t 854 3362 3361 4
t 848 3359 3362 0
t 3361 3362 3359 4
t 221 3358 3350 4
t 853 3364 3358 4
t 852 3350 3364 4
t 3358 3364 3350 4
t 222 3363 3355 4
t 854 3365 3363 4
t 853 3355 3365 4
t 3363 3365 3355 4
t 220 3353 3360 4
t 852 3366 3353 4
t 854 3360 3366 4
t 3353 3366 3360 4
t 853 3365 3364 4
t 854 3366 3365 4
t 852 3364 3366 4
t 3365 3366 3364 4
t 5 2976 3368 0
t 756 3367 2976 0
t 856 3368 3367 0
t 2976 3367 3368 0
t 198 3369 2979 0
t 855 3370 3369 0
t 756 2979 3370 0
t 3369 3370 2979 0
t 224 3371 3373 0
t 856 3372 3371 0
t 855 3373 3372 0
t 3371 3372 3373 0
t 756 3370 3367 0
t 855 3372 3370 0
t 856 3367 3372 0
t 3370 3372 3367 0
t 57 3374 2989 0
t 857 3375 3374 0
t 759 2989 3375 0
t 3374 3375 2989 0
t 223 3376 3378 0
t 858 3377 3376 0
t 857 3378 3377 0
t 3376 3377 3378 0
t 198 2994 3380 0
t 759 3379 2994 0
t 858 3380 3379 0
t 2994 3379 3380 0
t 857 3377 3375 0
t 858 3379 3377 0
t 759 3375 3379 0
t 3377 3379 3375 0
t 64 3381 3383 0
t 859 3382 3381 0
t 861 3383 3382 0
t 3381 3382 3383 0
t 224 3384 3386 0
t 860 3385 3384 0
t 859 3386 3385 0
t 3384 3385 3386 0
t 223 3387 3389 0
t 861 3388 3387 0
t 860 3389 3388 0
t 3387 3388 3389 0
t 859 3385 3382 0
t 860 3388 3385 0
t 861 3382 3388 0
t 3385 3388 3382 0
t 198 3380 3369 0
t 858 3390 3380 0
t 855 3369 3390 0
t 3380 3390 3369 0
t 223 3389 3376 0
t 860 3391 3389 0
t 858 3376 3391 0
t 3389 3391 3376 0
t 224 3373 3384 0
t 855 3392 3373 0
t 860 3384 3392 0
t 3373 3392 3384 0
t 858 3391 3390 0
t 860 3392 3391 0
t 855 3390 3392 0
t 3391 3392 3390 0
t 21 3393 3027 2
t 862 3394 3393 2
t 769 3027 3394 2
t 3393 3394 3027 2
t 225 3395 3397 2
t 863 3396 3395 0
t 862 3397 3396 2
t 3395 3396 3397 2
t 201 3032 3399 0
t 769 3398 3032 0
t 863 3399 3398 0
t 3032 3398 3399 0
t 862 3396 3394 2
t 863 3398 3396 0
t 769 3394 3398 0
t 3396 3398 3394 0
t 63 3400 3402 0
t 864 3401 3400 0
t 866 3402 3401 0
t 3400 3401 3402 0
t 226 3403 3405 0
t 865 3404 3403 0
t 864 3405 3404 0
t 3403 3404 3405 0
t 225 3406 3408 2
t 866 3407 3406 2
t 865 3408 3407 0
t 3406 3407 3408 0
t 864 3404 3401 0
t 865 3407 3404 0
t 866 3401 3407 0
t 3404 3407 3401 0
t 57 3038 3410 0
t 774 3409 3038 0
t 868 3410 3409 0
t 3038 3409 3410 0
t 201 3411 3042 0
t 867 3412 3411 0
t 774 3042 3412 0
t 3411 3412 3042 0
t 226 3413 3415 0
t 868 3414 3413 0
t 867 3415 3414 0
t 3413 3414 3415 0
t 774 3412 3409 0
t 867 3414 3412 0
t 868 3409 3414 0
t 3412 3414 3409 0
t 225 3408 3395 2
t 865 3416 3408 0
t 863 3395 3416 0
t 3408 3416 3395 0
t 226 3415 3403 0
t 867 3417 3415 0
t 865 3403 3417 0
t 3415 3417 3403 0
t 201 3399 3411 0
t 863 3418 3399 0
t 867 3411 3418 0
t 3399 3418 3411 0
t 865 3417 3416 0
t 867 3418 3417 0
t 863 3416 3418 0
t 3417 3418 3416 0
t 23 3419 3421 0
t 869 3420 3419 0
t 871 3421 3420 0
t 3419 3420 3421 0
t 227 3422 3424 0
t 870 3423 3422 0
t 869 3424 3423 0
t 3422 3423 3424 0
t 229 3425 3427 0
t 871 3426 3425 0
t 870 3427 3426 0
t 3425 3426 3427 0
t 869 3423 3420 0
t 870 3426 3423 0
t 871 3420 3426 0
t 3423 3426 3420 0
t 64 3428 3430 0
t 872 3429 3428 0
t 874 3430 3429 0
t 3428 3429 3430 0
t 228 3431 3433 0
t 873 3432 3431 0
t 872 3433 3432 0
t 3431 3432 3433 0
t 227 3434 3436 0
t 874 3435 3434 0
t 873 3436 3435 0
t 3434 3435 3436 0
t 872 3432 3429 0
t 873 3435 3432 0
t 874 3429 3435 0
t 3432 3435 3429 0
t 63 3437 3439 0
t 875 3438 3437 0
t 877 3439 3438 0
t 3437 3438 3439 0
t 229 3440 3442 0
t 876 3441 3440 0
t 875 3442 3441 0
t 3440 3441 3442 0
t 228 3443 3445 0
t 877 3444 3443 0
t 876 3445 3444 0
t 3443 3444 3445 0
t 875 3441 3438 0
t 876 3444 3441 0
t 877 3438 3444 0
t 3441 3444 3438 0
t 227 3436 3422 0
t 873 3446 3436 0
t 870 3422 3446 0
t 3436 3446 3422 0
t 228 3445 3431 0
t 876 3447 3445 0
t 873 3431 3447 0
t 3445 3447 3431 0
t 229 3427 3440 0
t 870 3448 3427 0
t 876 3440 3448 0
t 3427 3448 3440 0
t 873 3447 3446 0
t 876 3448 3447 0
t 870 3446 3448 0
t 3447 3448 3446 0
t 57 3410 3374 0
t 868 3449 3410 0
t 857 3374 3449 0
t 3410 3449 3374 0
t 226 3450 3413 0
t 878 3451 3450 0
t 868 3413 3451 0
t 3450 3451 3413 0
t 223 3378 3453 0
t 857 3452 3378 0
t 878 3453 3452 0
t 3378 3452 3453 0
t 868 3451 3449 0
t 878 3452 3451 0
t 857 3449 3452 0
t 3451 3452 3449 0
t 63 3439 3400 0
t 877 3454 3439 0
t 864 3400 3454 0
t 3439 3454 3400 0
t 228 3455 3443 0
t 879 3456 3455 0
t 877 3443 3456 0
t 3455 3456 3443 0
t 226 3405 3458 0
t 864 3457 3405 0
t 879 3458 3457 0
t 3405 3457 3458 0
t 877 3456 3454 0
t 879 3457 3456 0
t 864 3454 3457 0
t 3456 3457 3454 0
t 64 3383 3428 0
t 861 3459 3383 0
t 872 3428 3459 0
t 3383 3459 3428 0
t 223 3460 3387 0
t 880 3461 3460 0
t 861 3387 3461 0
t 3460 3461 3387 0
t 228 3433 3463 0
t 872 3462 3433 0
t 880 3463 3462 0
t 3433 3462 3463 0
t 861 3461 3459 0
t 880 3462 3461 0
t 872 3459 3462 0
t 3461 3462 3459 0
t 226 3458 3450 0
t 879 3464 3458 0
t 878 3450 3464 0
t 3458 3464 3450 0
t 228 3463 3455 0
t 880 3465 3463 0
t 879 3455 3465 0
t 3463 3465 3455 0
t 223 3453 3460 0
t 878 3466 3453 0
t 880 3460 3466 0
t 3453 3466 3460 0
t 879 3465 3464 0
t 880 3466 3465 0
t 878 3464 3466 0
t 3465 3466 3464 0
t 6 3467 3175 3
t 881 3468 3467 3
t 807 3175 3468 3
t 3467 3468 3175 3
t 230 3469 3471 3
t 882 3470 3469 3
t 881 3471 3470 3
t 3469 3470 3471 3
t 211 3180 3473 3
t 807 3472 3180 3
t 882 3473 3472 3
t 3180 3472 3473 3
t 881 3470 3468 3
t 882 3472 3470 3
t 807 3468 3472 3
t 3470 3472 3468 3
t 65 3474 3476 2
t 883 3475 3474 2
t 885 3476 3475 2
t 3474 3475 3476 2
t 231 3477 3479 2
t 884 3478 3477 2
t 883 3479 3478 2
t 3477 3478 3479 2
t 230 3480 3482 3
t 885 3481 3480 2
t 884 3482 3481 2
t 3480 3481 3482 2
t 883 3478 3475 2
t 884 3481 3478 2
t 885 3475 3481 2
t 3478 3481 3475 2
t 60 3186 3484 3
t 812 3483 3186 3
t 887 3484 3483 3
t 3186 3483 3484 3
t 211 3485 3190 3
t 886 3486 3485 3
t 812 3190 3486 3
t 3485 3486 3190 3
t 231 3487 3489 2
t 887 3488 3487 2
t 886 3489 3488 3
t 3487 3488 3489 2
t 812 3486 3483 3
t 886 3488 3486 3
t 887 3483 3488 3
t 3486 3488 3483 3
t 230 3482 3469 3
t 884 3490 3482 3
t 882 3469 3490 3
t 3482 3490 3469 3
t 231 3489 3477 2
t 886 3491 3489 3
t 884 3477 3491 2
t 3489 3491 3477 2
t 211 3473 3485 3
t 882 3492 3473 3
t 886 3485 3492 3
t 3473 3492 3485 3
t 884 3491 3490 3
t 886 3492 3491 3
t 882 3490 3492 3
t 3491 3492 3490 3
t 22 3493 3495 2
t 888 3494 3493 2
t 890 3495 3494 2
t 3493 3494 3495 2
t 232 3496 3498 2
t 889 3497 3496 2
t 888 3498 3497 2
t 3496 3497 3498 2
t 234 3499 3501 2
t 890 3500 3499 2
t 889 3501 3500 2
t 3499 3500 3501 2
t 888 3497 3494 2
t 889 3500 3497 2
t 890 3494 3500 2
t 3497 3500 3494 2
t 66 3502 3504 2
t 891 3503 3502 2
t 893 3504 3503 2
t 3502 3503 3504 2
t 233 3505 3507 2
t 892 3506 3505 2
t 891 3507 3506 2
t 3505 3506 3507 2
t 232 3508 3510 2
t 893 3509 3508 2
t 892 3510 3509 2
t 3508 3509 3510 2
t 891 3506 3503 2
t 892 3509 3506 2
t 893 3503 3509 2
t 3506 3509 3503 2
t 65 3511 3513 2
t 894 3512 3511 2
t 896 3513 3512 2
t 3511 3512 3513 2
t 234 3514 3516 2
t 895 3515 3514 2
t 894 3516 3515 2
t 3514 3515 3516 2
t 233 3517 3519 2
t 896 3518 3517 2
t 895 3519 3518 2
t 3517 3518 3519 2
t 894 3515 3512 2
t 895 3518 3515 2
t 896 3512 3518 2
t 3515 3518 3512 2
t 232 3510 3496 2
t 892 3520 3510 2
t 889 3496 3520 2
t 3510 3520 3496 2
t 233 3519 3505 2
t 895 3521 3519 2
t 892 3505 3521 2
t 3519 3521 3505 2
t 234 3501 3514 2
t 889 3522 3501 2
t 895 3514 3522 2
t 3501 3522 3514 2
t 892 3521 3520 2
t 895 3522 3521 2
t 889 3520 3522 2
t 3521 3522 3520 2
t 21 3207 3524 2
t 818 3523 3207 2
t 898 3524 3523 2
t 3207 3523 3524 2
t 216 3525 3211 2
t 897 3526 3525 2
t 818 3211 3526 2
t 3525 3526 3211 2
t 236 3527 3529 2
t 898 3528 3527 2
t 897 3529 3528 2
t 3527 3528 3529 2
t 818 3526 3523 2
t 897 3528 3526 2
t 898 3523 3528 2
t 3526 3528 3523 2
t 60 3530 3223 3
t 899 3531 3530 2
t 822 3223 3531 2
t 3530 3531 3223 2
t 235 3532 3534 2
t 900 3533 3532 2
t 899 3534 3533 2
t 3532 3533 3534 2
t 216 3228 3536 2
t 822 3535 3228 2
t 900 3536 3535 2
t 3228 3535 3536 2
t 899 3533 3531 2
t 900 3535 3533 2
t 822 3531 3535 2
t 3533 3535 3531 2
t 66 3537 3539 2
t 901 3538 3537 2
t 903 3539 3538 2
t 3537 3538 3539 2
t 236 3540 3542 2
t 902 3541 3540 2
t 901 3542 3541 2
t 3540 3541 3542 2
t 235 3543 3545 2
t 903 3544 3543 2
t 902 3545 3544 2
t 3543 3544 3545 2
t 901 3541 3538 2
t 902 3544 3541 2
t 903 3538 3544 2
t 3541 3544 3538 2
t 216 3536 3525 2
t 900 3546 3536 2
t 897 3525 3546 2
t 3536 3546 3525 2
t 235 3545 3532 2
t 902 3547 3545 2
t 900 3532 3547 2
t 3545 3547 3532 2
t 236 3529 3540 2
t 897 3548 3529 2
t 902 3540 3548 2
t 3529 3548 3540 2
t 900 3547 3546 2
t 902 3548 3547 2
t 897 3546 3548 2
t 3547 3548 3546 2
t 65 3513 3474 2
t 896 3549 3513 2
t 883 3474 3549 2
t 3513 3549 3474 2
t 233 3550 3517 2
t 904 3551 3550 2
t 896 3517 3551 2
t 3550 3551 3517 2
t 231 3479 3553 2
t 883 3552 3479 2
t 904 3553 3552 2
t 3479 3552 3553 2
t 896 3551 3549 2
t 904 3552 3551 2
t 883 3549 3552 2
t 3551 3552 3549 2
t 66 3539 3502 2
t 903 3554 3539 2
t 891 3502 3554 2
t 3539 3554 3502 2
t 235 3555 3543 2
t 905 3556 3555 2
t 903 3543 3556 2
t 3555 3556 3543 2
t 233 3507 3558 2
t 891 3557 3507 2
t 905 3558 3557 2
t 3507 3557 3558 2
t 903 3556 3554 2
t 905 3557 3556 2
t 891 3554 3557 2
t 3556 3557 3554 2
t 60 3484 3530 3
t 887 3559 3484 2
t 899 3530 3559 2
t 3484 3559 3530 2
t 231 3560 3487 2
t 906 3561 3560 2
t 887 3487 3561 2
t 3560 3561 3487 2
t 235 3534 3563 2
t 899 3562 3534 2
t 906 3563 3562 2
t 3534 3562 3563 2
t 887 3561 3559 2
t 906 3562 3561 2
t 899 3559 3562 2
t 3561 3562 3559 2
t 233 3558 3550 2
t 905 3564 3558 2
t 904 3550 3564 2
t 3558 3564 3550 2
t 235 3563 3555 2
t 906 3565 3563 2
t 905 3555 3565 2
t 3563 3565 3555 2
t 231 3553 3560 2
t 904 3566 3553 2
t 906 3560 3566 2
t 3553 3566 3560 2
t 905 3565 3564 2
t 906 3566 3565 2
t 904 3564 3566 2
t 3565 3566 3564 2
t 12 3567 3569 2
t 907 3568 3567 2
t 909 3569 3568 2
t 3567 3568 3569 2
t 237 3570 3572 2
t 908 3571 3570 2
t 907 3572 3571 2
t 3570 3571 3572 2
t 239 3573 3575 2
t 909 3574 3573 2
t 908 3575 3574 2
t 3573 3574 3575 2
t 907 3571 3568 2
t 908 3574 3571 2
t 909 3568 3574 2
t 3571 3574 3568 2
t 67 3576 3578 2
t 910 3577 3576 2
t 912 3578 3577 2
t 3576 3577 3578 2
t 238 3579 3581 2
t 911 3580 3579 2
t 910 3581 3580 2
t 3579 3580 3581 2
t 237 3582 3584 2
t 912 3583 3582 2
t 911 3584 3583 2
t 3582 3583 3584 2
t 910 3580 3577 2
t 911 3583 3580 2
t 912 3577 3583 2
t 3580 3583 3577 2
t 69 3585 3587 2
t 913 3586 3585 2
t 915 3587 3586 2
t 3585 3586 3587 2
t 239 3588 3590 2
t 914 3589 3588 2
t 913 3590 3589 2
t 3588 3589 3590 2
t 238 3591 3593 2
t 915 3592 3591 2
t 914 3593 3592 2
t 3591 3592 3593 2
t 913 3589 3586 2
t 914 3592 3589 2
t 915 3586 3592 2
t 3589 3592 3586 2
t 237 3584 3570 2
t 911 3594 3584 2
t 908 3570 3594 2
t 3584 3594 3570 2
t 238 3593 3579 2
t 914 3595 3593 2
t 911 3579 3595 2
t 3593 3595 3579 2
t 239 3575 3588 2
t 908 3596 3575 2
t 914 3588 3596 2
t 3575 3596 3588 2
t 911 3595 3594 2
t 914 3596 3595 2
t 908 3594 3596 2
t 3595 3596 3594 2
t 23 3597 3599 0
t 916 3598 3597 2
t 918 3599 3598 0
t 3597 3598 3599 0
t 240 3600 3602 2
t 917 3601 3600 2
t 916 3602 3601 2
t 3600 3601 3602 2
t 242 3603 3605 2
t 918 3604 3603 2
t 917 3605 3604 2
t 3603 3604 3605 2
t 916 3601 3598 2
t 917 3604 3601 2
t 918 3598 3604 2
t 3601 3604 3598 2
t 68 3606 3608 2
t 919 3607 3606 2
t 921 3608 3607 2
t 3606 3607 3608 2
t 241 3609 3611 2
t 920 3610 3609 2
t 919 3611 3610 2
t 3609 3610 3611 2
t 240 3612 3614 2
t 921 3613 3612 2
t 920 3614 3613 2
t 3612 3613 3614 2
t 919 3610 3607 2
t 920 3613 3610 2
t 921 3607 3613 2
t 3610 3613 3607 2
t 67 3615 3617 2
t 922 3616 3615 2
t 924 3617 3616 2
t 3615 3616 3617 2
t 242 3618 3620 2
t 923 3619 3618 2
t 922 3620 3619 2
t 3618 3619 3620 2
t 241 3621 3623 2
t 924 3622 3621 2
t 923 3623 3622 2
t 3621 3622 3623 2
t 922 3619 3616 2
t 923 3622 3619 2
t 924 3616 3622 2
t 3619 3622 3616 2
t 240 3614 3600 2
t 920 3624 3614 2
t 917 3600 3624 2
t 3614 3624 3600 2
t 241 3623 3609 2
t 923 3625 3623 2
t 920 3609 3625 2
t 3623 3625 3609 2
t 242 3605 3618 2
t 917 3626 3605 2
t 923 3618 3626 2
t 3605 3626 3618 2
t 920 3625 3624 2
t 923 3626 3625 2
t 917 3624 3626 2
t 3625 3626 3624 2
t 22 3627 3629 2
t 925 3628 3627 2
t 927 3629 3628 2
t 3627 3628 3629 2
t 243 3630 3632 2
t 926 3631 3630 2
t 925 3632 3631 2
t 3630 3631 3632 2
t 245 3633 3635 2
t 927 3634 3633 2
t 926 3635 3634 2
t 3633 3634 3635 2
t 925 3631 3628 2
t 926 3634 3631 2
t 927 3628 3634 2
t 3631 3634 3628 2
t 69 3636 3638 2
t 928 3637 3636 2
t 930 3638 3637 2
t 3636 3637 3638 2
t 244 3639 3641 2
t 929 3640 3639 2
t 928 3641 3640 2
t 3639 3640 3641 2
t 243 3642 3644 2
t 930 3643 3642 2
t 929 3644 3643 2
t 3642 3643 3644 2
t 928 3640 3637 2
t 929 3643 3640 2
t 930 3637 3643 2
t 3640 3643 3637 2
t 68 3645 3647 2
t 931 3646 3645 2
t 933 3647 3646 2
t 3645 3646 3647 2
t 245 3648 3650 2
t 932 3649 3648 2
t 931 3650 3649 2
t 3648 3649 3650 2
t 244 3651 3653 2
t 933 3652 3651 2
t 932 3653 3652 2
t 3651 3652 3653 2
t 931 3649 3646 2
t 932 3652 3649 2
t 933 3646 3652 2
t 3649 3652 3646 2
t 243 3644 3630 2
t 929 3654 3644 2
t 926 3630 3654 2
t 3644 3654 3630 2
t 244 3653 3639 2
t 932 3655 3653 2
t 929 3639 3655 2
t 3653 3655 3639 2
t 245 3635 3648 2
t 926 3656 3635 2
t 932 3648 3656 2
t 3635 3656 3648 2
t 929 3655 3654 2
t 932 3656 3655 2
t 926 3654 3656 2
t 3655 3656 3654 2
t 67 3617 3576 2
t 924 3657 3617 2
t 910 3576 3657 2
t 3617 3657 3576 2
t 241 3658 3621 2
t 934 3659 3658 2
t 924 3621 3659 2
t 3658 3659 3621 2
t 238 3581 3661 2
t 910 3660 3581 2
t 934 3661 3660 2
t 3581 3660 3661 2
t 924 3659 3657 2
t 934 3660 3659 2
t 910 3657 3660 2
t 3659 3660 3657 2
t 68 3647 3606 2
t 933 3662 3647 2
t 919 3606 3662 2
t 3647 3662 3606 2
t 244 3663 3651 2
t 935 3664 3663 2
t 933 3651 3664 2
t 3663 3664 3651 2
t 241 3611 3666 2
t 919 3665 3611 2
t 935 3666 3665 2
t 3611 3665 3666 2
t 933 3664 3662 2
t 935 3665 3664 2
t 919 3662 3665 2
t 3664 3665 3662 2
t 69 3587 3636 2
t 915 3667 3587 2
t 928 3636 3667 2
t 3587 3667 3636 2
t 238 3668 3591 2
t 936 3669 3668 2
t 915 3591 3669 2
t 3668 3669 3591 2
t 244 3641 3671 2
t 928 3670 3641 2
t 936 3671 3670 2
t 3641 3670 3671 2
t 915 3669 3667 2
t 936 3670 3669 2
t 928 3667 3670 2
t 3669 3670 3667 2
t 241 3666 3658 2
t 935 3672 3666 2
t 934 3658 3672 2
t 3666 3672 3658 2
t 244 3671 3663 2
t 936 3673 3671 2
t 935 3663 3673 2
t 3671 3673 3663 2
t 238 3661 3668 2
t 934 3674 3661 2
t 936 3668 3674 2
t 3661 3674 3668 2
t 935 3673 3672 2
t 936 3674 3673 2
t 934 3672 3674 2
t 3673 3674 3672 2
t 21 3524 3393 2
t 898 3675 3524 2
t 862 3393 3675 2
t 3524 3675 3393 2
t 236 3676 3527 2
t 937 3677 3676 2
t 898 3527 3677 2
t 3676 3677 3527 2
t 225 3397 3679 2
t 862 3678 3397 2
t 937 3679 3678 2
t 3397 3678 3679 2
t 898 3677 3675 2
t 937 3678 3677 2
t 862 3675 3678 2
t 3677 3678 3675 2
t 66 3680 3537 2
t 938 3681 3680 2
t 901 3537 3681 2
t 3680 3681 3537 2
t 246 3682 3684 2
t 939 3683 3682 2
t 938 3684 3683 2
t 3682 3683 3684 2
t 236 3542 3686 2
t 901 3685 3542 2
t 939 3686 3685 2
t 3542 3685 3686 2
t 938 3683 3681 2
t 939 3685 3683 2
t 901 3681 3685 2
t 3683 3685 3681 2
t 63 3402 3688 2
t 866 3687 3402 2
t 941 3688 3687 2
t 3402 3687 3688 2
t 225 3689 3406 2
t 940 3690 3689 2
t 866 3406 3690 2
t 3689 3690 3406 2
t 246 3691 3693 2
t 941 3692 3691 2
t 940 3693 3692 2
t 3691 3692 3693 2
t 866 3690 3687 2
t 940 3692 3690 2
t 941 3687 3692 2
t 3690 3692 3687 2
t 236 3686 3676 2
t 939 3694 3686 2
t 937 3676 3694 2
t 3686 3694 3676 2
t 246 3693 3682 2
t 940 3695 3693 2
t 939 3682 3695 2
t 3693 3695 3682 2
t 225 3679 3689 2
t 937 3696 3679 2
t 940 3689 3696 2
t 3679 3696 3689 2
t 939 3695 3694 2
t 940 3696 3695 2
t 937 3694 3696 2
t 3695 3696 3694 2
t 22 3629 3493 2
t 927 3697 3629 2
t 888 3493 3697 2
t 3629 3697 3493 2
t 245 3698 3633 2
t 942 3699 3698 2
t 927 3633 3699 2
t 3698 3699 3633 2
t 232 3498 3701 2
t 888 3700 3498 2
t 942 3701 3700 2
t 3498 3700 3701 2
t 927 3699 3697 2
t 942 3700 3699 2
t 888 3697 3700 2
t 3699 3700 3697 2
t 68 3702 3645 2
t 943 3703 3702 2
t 931 3645 3703 2
t 3702 3703 3645 2
t 247 3704 3706 2
t 944 3705 3704 2
t 943 3706 3705 2
t 3704 3705 3706 2
t 245 3650 3708 2
t 931 3707 3650 2
t 944 3708 3707 2
t 3650 3707 3708 2
t 943 3705 3703 2
t 944 3707 3705 2
t 931 3703 3707 2
t 3705 3707 3703 2
t 66 3504 3710 2
t 893 3709 3504 2
t 946 3710 3709 2
t 3504 3709 3710 2
t 232 3711 3508 2
t 945 3712 3711 2
t 893 3508 3712 2
t 3711 3712 3508 2
t 247 3713 3715 2
t 946 3714 3713 2
t 945 3715 3714 2
t 3713 3714 3715 2
t 893 3712 3709 2
t 945 3714 3712 2
t 946 3709 3714 2
t 3712 3714 3709 2
t 245 3708 3698 2
t 944 3716 3708 2
t 942 3698 3716 2
t 3708 3716 3698 2
t 247 3715 3704 2
t 945 3717 3715 2
t 944 3704 3717 2
t 3715 3717 3704 2
t 232 3701 3711 2
t 942 3718 3701 2
t 945 3711 3718 2
t 3701 3718 3711 2
t 944 3717 3716 2
t 945 3718 3717 2
t 942 3716 3718 2
t 3717 3718 3716 2
t 23 3421 3597 0
t 871 3719 3421 0
t 916 3597 3719 2
t 3421 3719 3597 0
t 229 3720 3425 0
t 947 3721 3720 2
t 871 3425 3721 0
t 3720 3721 3425 0
t 240 3602 3723 2
t 916 3722 3602 2
t 947 3723 3722 2
t 3602 3722 3723 2
t 871 3721 3719 0
t 947 3722 3721 2
t 916 3719 3722 2
t 3721 3722 3719 2
t 63 3724 3437 2
t 948 3725 3724 2
t 875 3437 3725 2
t 3724 3725 3437 2
t 248 3726 3728 2
t 949 3727 3726 2
t 948 3728 3727 2
t 3726 3727 3728 2
t 229 3442 3730 0
t 875 3729 3442 0
t 949 3730 3729 2
t 3442 3729 3730 2
t 948 3727 3725 2
t 949 3729 3727 2
t 875 3725 3729 2
t 3727 3729 3725 2
t 68 3608 3732 2
t 921 3731 3608 2
t 951 3732 3731 2
t 3608 3731 3732 2
t 240 3733 3612 2
t 950 3734 3733 2
t 921 3612 3734 2
t 3733 3734 3612 2
t 248 3735 3737 2
t 951 3736 3735 2
t 950 3737 3736 2
t 3735 3736 3737 2
t 921 3734 3731 2
t 950 3736 3734 2
t 951 3731 3736 2
t 3734 3736 3731 2
t 229 3730 3720 0
t 949 3738 3730 2
t 947 3720 3738 2
t 3730 3738 3720 2
t 248 3737 3726 2
t 950 3739 3737 2
t 949 3726 3739 2
t 3737 3739 3726 2
t 240 3723 3733 2
t 947 3740 3723 2
t 950 3733 3740 2
t 3723 3740 3733 2
t 949 3739 3738 2
t 950 3740 3739 2
t 947 3738 3740 2
t 3739 3740 3738 2
t 66 3710 3680 2
t 946 3741 3710 2
t 938 3680 3741 2
t 3710 3741 3680 2
t 247 3742 3713 2
t 952 3743 3742 2
t 946 3713 3743 2
t 3742 3743 3713 2
t 246 3684 3745 2
t 938 3744 3684 2
t 952 3745 3744 2
t 3684 3744 3745 2
t 946 3743 3741 2
t 952 3744 3743 2
t 938 3741 3744 2
t 3743 3744 3741 2
t 68 3732 3702 2
t 951 3746 3732 2
t 943 3702 3746 2
t 3732 3746 3702 2
t 248 3747 3735 2
t 953 3748 3747 2
t 951 3735 3748 2
t 3747 3748 3735 2
t 247 3706 3750 2
t 943 3749 3706 2
t 953 3750 3749 2
t 3706 3749 3750 2
t 951 3748 3746 2
t 953 3749 3748 2
t 943 3746 3749 2
t 3748 3749 3746 2
t 63 3688 3724 2
t 941 3751 3688 2
t 948 3724 3751 2
t 3688 3751 3724 2
t 246 3752 3691 2
t 954 3753 3752 2
t 941 3691 3753 2
t 3752 3753 3691 2
t 248 3728 3755 2
t 948 3754 3728 2
t 954 3755 3754 2
t 3728 3754 3755 2
t 941 3753 3751 2
t 954 3754 3753 2
t 948 3751 3754 2
t 3753 3754 3751 2
t 247 3750 3742 2
t 953 3756 3750 2
t 952 3742 3756 2
t 3750 3756 3742 2
t 248 3755 3747 2
t 954 3757 3755 2
t 953 3747 3757 2
t 3755 3757 3747 2
t 246 3745 3752 2
t 952 3758 3745 2
t 954 3752 3758 2
t 3745 3758 3752 2
t 953 3757 3756 2
t 954 3758 3757 2
t 952 3756 3758 2
t 3757 3758 3756 2
t 5 3368 3760 0
t 856 3759 3368 0
t 956 3760 3759 0
t 3368 3759 3760 0
t 224 3761 3371 0
t 955 3762 3761 0
t 856 3371 3762 0
t 3761 3762 3371 0
t 250 3763 3765 0
t 956 3764 3763 0
t 955 3765 3764 0
t 3763 3764 3765 0
t 856 3762 3759 0
t 955 3764 3762 0
t 956 3759 3764 0
t 3762 3764 3759 0
t 64 3766 3381 0
t 957 3767 3766 0
t 859 3381 3767 0
t 3766 3767 3381 0
t 249 3768 3770 0
t 958 3769 3768 0
t 957 3770 3769 0
t 3768 3769 3770 0
t 224 3386 3772 0
t 859 3771 3386 0
t 958 3772 3771 0
t 3386 3771 3772 0
t 957 3769 3767 0
t 958 3771 3769 0
t 859 3767 3771 0
t 3769 3771 3767 0
t 71 3773 3775 0
t 959 3774 3773 0
t 961 3775 3774 0
t 3773 3774 3775 0
t 250 3776 3778 0
t 960 3777 3776 0
t 959 3778 3777 0
t 3776 3777 3778 0
t 249 3779 3781 0
t 961 3780 3779 0
t 960 3781 3780 0
t 3779 3780 3781 0
t 959 3777 3774 0
t 960 3780 3777 0
t 961 3774 3780 0
t 3777 3780 3774 0
t 224 3772 3761 0
t 958 3782 3772 0
t 955 3761 3782 0
t 3772 3782 3761 0
t 249 3781 3768 0
t 960 3783 3781 0
t 958 3768 3783 0
t 3781 3783 3768 0
t 250 3765 3776 0
t 955 3784 3765 0
t 960 3776 3784 0
t 3765 3784 3776 0
t 958 3783 3782 0
t 960 3784 3783 0
t 955 3782 3784 0
t 3783 3784 3782 0
t 23 3785 3419 0
t 962 3786 3785 0
t 869 3419 3786 0
t 3785 3786 3419 0
t 251 3787 3789 0
t 963 3788 3787 0
t 962 3789 3788 0
t 3787 3788 3789 0
t 227 3424 3791 0
t 869 3790 3424 0
t 963 3791 3790 0
t 3424 3790 3791 0
t 962 3788 3786 0
t 963 3790 3788 0
t 869 3786 3790 0
t 3788 3790 3786 0
t 70 3792 3794 0
t 964 3793 3792 0
t 966 3794 3793 0
t 3792 3793 3794 0
t 252 3795 3797 0
t 965 3796 3795 0
t 964 3797 3796 0
t 3795 3796 3797 0
t 251 3798 3800 0
t 966 3799 3798 0
t 965 3800 3799 0
t 3798 3799 3800 0
t 964 3796 3793 0
t 965 3799 3796 0
t 966 3793 3799 0
t 3796 3799 3793 0
t 64 3430 3802 0
t 874 3801 3430 0
t 968 3802 3801 0
t 3430 3801 3802 0
t 227 3803 3434 0
t 967 3804 3803 0
t 874 3434 3804 0
t 3803 3804 3434 0
t 252 3805 3807 0
t 968 3806 3805 0
t 967 3807 3806 0
t 3805 3806 3807 0
t 874 3804 3801 0
t 967 3806 3804 0
t 968 3801 3806 0
t 3804 3806 3801 0
t 251 3800 3787 0
t 965 3808 3800 0
t 963 3787 3808 0
t 3800 3808 3787 0
t 252 3807 3795 0
t 967 3809 3807 0
t 965 3795 3809 0
t 3807 3809 3795 0
t 227 3791 3803 0
t 963 3810 3791 0
t 967 3803 3810 0
t 3791 3810 3803 0
t 965 3809 3808 0
t 967 3810 3809 0
t 963 3808 3810 0
t 3809 3810 3808 0
t 25 3811 3813 0
t 969 3812 3811 0
t 971 3813 3812 0
t 3811 3812 3813 0
t 253 3814 3816 0
t 970 3815 3814 0
t 969 3816 3815 0
t 3814 3815 3816 0
t 255 3817 3819 0
t 971 3818 3817 0
t 970 3819 3818 0
t 3817 3818 3819 0
t 969 3815 3812 0
t 970 3818 3815 0
t 971 3812 3818 0
t 3815 3818 3812 0
t 71 3820 3822 0
t 972 3821 3820 0
t 974 3822 3821 0
t 3820 3821 3822 0
t 254 3823 3825 0
t 973 3824 3823 0
t 972 3825 3824 0
t 3823 3824 3825 0
t 253 3826 3828 0
t 974 3827 3826 0
t 973 3828 3827 0
t 3826 3827 3828 0
t 972 3824 3821 0
t 973 3827 3824 0
t 974 3821 3827 0
t 3824 3827 3821 0
t 70 3829 3831 0
t 975 3830 3829 0
t 977 3831 3830 0
t 3829 3830 3831 0
t 255 3832 3834 0
t 976 3833 3832 0
t 975 3834 3833 0
t 3832 3833 3834 0
t 254 3835 3837 0
t 977 3836 3835 0
t 976 3837 3836 0
t 3835 3836 3837 0
t 975 3833 3830 0
t 976 3836 3833 0
t 977 3830 3836 0
t 3833 3836 3830 0
t 253 3828 3814 0
t 973 3838 3828 0
t 970 3814 3838 0
t 3828 3838 3814 0
t 254 3837 3823 0
t 976 3839 3837 0
t 973 3823 3839 0
t 3837 3839 3823 0
t 255 3819 3832 0
t 970 3840 3819 0
t 976 3832 3840 0
t 3819 3840 3832 0
t 973 3839 3838 0
t 976 3840 3839 0
t 970 3838 3840 0
t 3839 3840 3838 0
t 64 3802 3766 0
t 968 3841 3802 0
t 957 3766 3841 0
t 3802 3841 3766 0
t 252 3842 3805 0
t 978 3843 3842 0
t 968 3805 3843 0
t 3842 3843 3805 0
t 249 3770 3845 0
t 957 3844 3770 0
t 978 3845 3844 0
t 3770 3844 3845 0
t 968 3843 3841 0
t 978 3844 3843 0
t 957 3841 3844 0
t 3843 3844 3841 0
t 70 3831 3792 0
t 977 3846 3831 0
t 964 3792 3846 0
t 3831 3846 3792 0
t 254 3847 3835 0
t 979 3848 3847 0
t 977 3835 3848 0
t 3847 3848 3835 0
t 252 3797 3850 0
t 964 3849 3797 0
t 979 3850 3849 0
t 3797 3849 3850 0
t 977 3848 3846 0
t 979 3849 3848 0
t 964 3846 3849 0
t 3848 3849 3846 0
t 71 3775 3820 0
t 961 3851 3775 0
t 972 3820 3851 0
t 3775 3851 3820 0
t 249 3852 3779 0
t 980 3853 3852 0
t 961 3779 3853 0
t 3852 3853 3779 0
t 254 3825 3855 0
t 972 3854 3825 0
t 980 3855 3854 0
t 3825 3854 3855 0
t 961 3853 3851 0
t 980 3854 3853 0
t 972 3851 3854 0
t 3853 3854 3851 0
t 252 3850 3842 0
t 979 3856 3850 0
t 978 3842 3856 0
t 3850 3856 3842 0
t 254 3855 3847 0
t 980 3857 3855 0
t 979 3847 3857 0
t 3855 3857 3847 0
t 249 3845 3852 0
t 978 3858 3845 0
t 980 3852 3858 0
t 3845 3858 3852 0
t 979 3857 3856 0
t 980 3858 3857 0
t 978 3856 3858 0
t 3857 3858 3856 0
t 12 3859 3567 2
t 981 3860 3859 2
t 907 3567 3860 2
t 3859 3860 3567 2
t 256 3861 3863 2
t 982 3862 3861 2
t 981 3863 3862 2
t 3861 3862 3863 2
t 237 3572 3865 2
t 907 3864 3572 2
t 982 3865 3864 2
t 3572 3864 3865 2
t 981 3862 3860 2
t 982 3864 3862 2
t 907 3860 3864 2
t 3862 3864 3860 2
t 72 3866 3868 2
t 983 3867 3866 2
t 985 3868 3867 2
t 3866 3867 3868 2
t 257 3869 3871 2
t 984 3870 3869 2
t 983 3871 3870 2
t 3869 3870 3871 2
t 256 3872 3874 2
t 985 3873 3872 2
t 984 3874 3873 2
t 3872 3873 3874 2
t 983 3870 3867 2
t 984 3873 3870 2
t 985 3867 3873 2
t 3870 3873 3867 2
t 67 3578 3876 2
t 912 3875 3578 2
t 987 3876 3875 2
t 3578 3875 3876 2
t 237 3877 3582 2
t 986 3878 3877 2
t 912 3582 3878 2
t 3877 3878 3582 2
t 257 3879 3881 2
t 987 3880 3879 2
t 986 3881 3880 2
t 3879 3880 3881 2
t 912 3878 3875 2
t 986 3880 3878 2
t 987 3875 3880 2
t 3878 3880 3875 2
t 256 3874 3861 2
t 984 3882 3874 2
t 982 3861 3882 2
t 3874 3882 3861 2
t 257 3881 3869 2
t 986 3883 3881 2
t 984 3869 3883 2
t 3881 3883 3869 2
t 237 3865 3877 2
t 982 3884 3865 2
t 986 3877 3884 2
t 3865 3884 3877 2
t 984 3883 3882 2
t 986 3884 3883 2
t 982 3882 3884 2
t 3883 3884 3882 2
t 24 3885 3887 0
t 988 3886 3885 0
t 990 3887 3886 0
t 3885 3886 3887 0
t 258 3888 3890 0
t 989 3889 3888 0
t 988 3890 3889 0
t 3888 3889 3890 0
t 260 3891 3893 0
t 990 3892 3891 0
t 989 3893 3892 0
t 3891 3892 3893 0
t 988 3889 3886 0
t 989 3892 3889 0
t 990 3886 3892 0
t 3889 3892 3886 0
t 73 3894 3896 0
t 991 3895 3894 0
t 993 3896 3895 0
t 3894 3895 3896 0
t 259 3897 3899 0
t 992 3898 3897 0
t 991 3899 3898 0
t 3897 3898 3899 0
t 258 3900 3902 0
t 993 3901 3900 0
t 992 3902 3901 0
t 3900 3901 3902 0
t 991 3898 3895 0
t 992 3901 3898 0
t 993 3895 3901 0
t 3898 3901 3895 0
t 72 3903 3905 2
t 994 3904 3903 2
t 996 3905 3904 2
t 3903 3904 3905 2
t 260 3906 3908 0
t 995 3907 3906 0
t 994 3908 3907 2
t 3906 3907 3908 2
t 259 3909 3911 2
t 996 3910 3909 2
t 995 3911 3910 2
t 3909 3910 3911 2
t 994 3907 3904 2
t 995 3910 3907 2
t 996 3904 3910 2
t 3907 3910 3904 2
t 258 3902 3888 0
t 992 3912 3902 0
t 989 3888 3912 0
t 3902 3912 3888 0
t 259 3911 3897 0
t 995 3913 3911 0
t 992 3897 3913 0
t 3911 3913 3897 0
t 260 3893 3906 0
t 989 3914 3893 0
t 995 3906 3914 0
t 3893 3914 3906 0
t 992 3913 3912 0
t 995 3914 3913 0
t 989 3912 3914 0
t 3913 3914 3912 0
t 23 3599 3916 0
t 918 3915 3599 0
t 998 3916 3915 0
t 3599 3915 3916 0
t 242 3917 3603 2
t 997 3918 3917 2
t 918 3603 3918 2
t 3917 3918 3603 2
t 262 3919 3921 0
t 998 3920 3919 0
t 997 3921 3920 0
t 3919 3920 3921 0
t 918 3918 3915 0
t 997 3920 3918 0
t 998 3915 3920 0
t 3918 3920 3915 0
t 67 3922 3615 2
t 999 3923 3922 2
t 922 3615 3923 2
t 3922 3923 3615 2
t 261 3924 3926 2
t 1000 3925 3924 2
t 999 3926 3925 2
t 3924 3925 3926 2
t 242 3620 3928 2
t 922 3927 3620 2
t 1000 3928 3927 2
t 3620 3927 3928 2
t 999 3925 3923 2
t 1000 3927 3925 2
t 922 3923 3927 2
t 3925 3927 3923 2
t 73 3929 3931 0
t 1001 3930 3929 0
t 1003 3931 3930 0
t 3929 3930 3931 0
t 262 3932 3934 0
t 1002 3933 3932 0
t 1001 3934 3933 0
t 3932 3933 3934 0
t 261 3935 3937 2
t 1003 3936 3935 0
t 1002 3937 3936 0
t 3935 3936 3937 0
t 1001 3933 3930 0
t 1002 3936 3933 0
t 1003 3930 3936 0
t 3933 3936 3930 0
t 242 3928 3917 2
t 1000 3938 3928 2
t 997 3917 3938 2
t 3928 3938 3917 2
t 261 3937 3924 2
t 1002 3939 3937 0
t 1000 3924 3939 2
t 3937 3939 3924 2
t 262 3921 3932 0
t 997 3940 3921 0
t 1002 3932 3940 0
t 3921 3940 3932 0
t 1000 3939 3938 2
t 1002 3940 3939 0
t 997 3938 3940 0
t 3939 3940 3938 2
t 72 3905 3866 2
t 996 3941 3905 2
t 983 3866 3941 2
t 3905 3941 3866 2
t 259 3942 3909 2
t 1004 3943 3942 2
t 996 3909 3943 2
t 3942 3943 3909 2
t 257 3871 3945 2
t 983 3944 3871 2
t 1004 3945 3944 2
t 3871 3944 3945 2
t 996 3943 3941 2
t 1004 3944 3943 2
t 983 3941 3944 2
t 3943 3944 3941 2
t 73 3931 3894 0
t 1003 3946 3931 0
t 991 3894 3946 0
t 3931 3946 3894 0
t 261 3947 3935 2
t 1005 3948 3947 2
t 1003 3935 3948 0
t 3947 3948 3935 2
t 259 3899 3950 0
t 991 3949 3899 0
t 1005 3950 3949 2
t 3899 3949 3950 0
t 1003 3948 3946 0
t 1005 3949 3948 0
t 991 3946 3949 0
t 3948 3949 3946 0
t 67 3876 3922 2
t 987 3951 3876 2
t 999 3922 3951 2
t 3876 3951 3922 2
t 257 3952 3879 2
t 1006 3953 3952 2
t 987 3879 3953 2
t 3952 3953 3879 2
t 261 3926 3955 2
t 999 3954 3926 2
t 1006 3955 3954 2
t 3926 3954 3955 2
t 987 3953 3951 2
t 1006 3954 3953 2
t 999 3951 3954 2
t 3953 3954 3951 2
t 259 3950 3942 2
t 1005 3956 3950 2
t 1004 3942 3956 2
t 3950 3956 3942 2
t 261 3955 3947 2
t 1006 3957 3955 2
t 1005 3947 3957 2
t 3955 3957 3947 2
t 257 3945 3952 2
t 1004 3958 3945 2
t 1006 3952 3958 2
t 3945 3958 3952 2
t 1005 3957 3956 2
t 1006 3958 3957 2
t 1004 3956 3958 2
t 3957 3958 3956 2
t 15 3959 3961 0
t 1007 3960 3959 0
t 1009 3961 3960 0
t 3959 3960 3961 0
t 263 3962 3964 0
t 1008 3963 3962 0
t 1007 3964 3963 0
t 3962 3963 3964 0
t 265 3965 3967 0
t 1009 3966 3965 0
t 1008 3967 3966 0
t 3965 3966 3967 0
t 1007 3963 3960 0
t 1008 3966 3963 0
t 1009 3960 3966 0
t 3963 3966 3960 0
t 74 3968 3970 0
t 1010 3969 3968 0
t 1012 3970 3969 0
t 3968 3969 3970 0
t 264 3971 3973 0
t 1011 3972 3971 0
t 1010 3973 3972 0
t 3971 3972 3973 0
t 263 3974 3976 0
t 1012 3975 3974 0
t 1011 3976 3975 0
t 3974 3975 3976 0
t 1010 3972 3969 0
t 1011 3975 3972 0
t 1012 3969 3975 0
t 3972 3975 3969 0
t 76 3977 3979 0
t 1013 3978 3977 0
t 1015 3979 3978 0
t 3977 3978 3979 0
t 265 3980 3982 0
t 1014 3981 3980 0
t 1013 3982 3981 0
t 3980 3981 3982 0
t 264 3983 3985 0
t 1015 3984 3983 0
t 1014 3985 3984 0
t 3983 3984 3985 0
t 1013 3981 3978 0
t 1014 3984 3981 0
t 1015 3978 3984 0
t 3981 3984 3978 0
t 263 3976 3962 0
t 1011 3986 3976 0
t 1008 3962 3986 0
t 3976 3986 3962 0
t 264 3985 3971 0
t 1014 3987 3985 0
t 1011 3971 3987 0
t 3985 3987 3971 0
t 265 3967 3980 0
t 1008 3988 3967 0
t 1014 3980 3988 0
t 3967 3988 3980 0
t 1011 3987 3986 0
t 1014 3988 3987 0
t 1008 3986 3988 0
t 3987 3988 3986 0
t 25 3989 3991 0
t 1016 3990 3989 0
t 1018 3991 3990 0
t 3989 3990 3991 0
t 266 3992 3994 0
t 1017 3993 3992 0
t 1016 3994 3993 0
t 3992 3993 3994 0
t 268 3995 3997 0
t 1018 3996 3995 0
t 1017 3997 3996 0
t 3995 3996 3997 0
t 1016 3993 3990 0
t 1017 3996 3993 0
t 1018 3990 3996 0
t 3993 3996 3990 0
t 75 3998 4000 0
t 1019 3999 3998 0
t 1021 4000 3999 0
t 3998 3999 4000 0
t 267 4001 4003 0
t 1020 4002 4001 0
t 1019 4003 4002 0
t 4001 4002 4003 0
t 266 4004 4006 0
t 1021 4005 4004 0
t 1020 4006 4005 0
t 4004 4005 4006 0
t 1019 4002 3999 0
t 1020 4005 4002 0
t 1021 3999 4005 0
t 4002 4005 3999 0
t 74 4007 4009 0
t 1022 4008 4007 0
t 1024 4009 4008 0
t 4007 4008 4009 0
t 268 4010 4012 0
t 1023 4011 4010 0
t 1022 4012 4011 0
t 4010 4011 4012 0
t 267 4013 4015 0
t 1024 4014 4013 0
t 1023 4015 4014 0
t 4013 4014 4015 0
t 1022 4011 4008 0
t 1023 4014 4011 0
t 1024 4008 4014 0
t 4011 4014 4008 0
t 266 4006 3992 0
t 1020 4016 4006 0
t 1017 3992 4016 0
t 4006 4016 3992 0
t 267 4015 4001 0
t 1023 4017 4015 0
t 1020 4001 4017 0
t 4015 4017 4001 0
t 268 3997 4010 0
t 1017 4018 3997 0
t 1023 4010 4018 0
t 3997 4018 4010 0
t 1020 4017 4016 0
t 1023 4018 4017 0
t 1017 4016 4018 0
t 4017 4018 4016 0
t 24 4019 4021 0
t 1025 4020 4019 0
t 1027 4021 4020 0
t 4019 4020 4021 0
t 269 4022 4024 0
t 1026 4023 4022 0
t 1025 4024 4023 0
t 4022 4023 4024 0
t 271 4025 4027 0
t 1027 4026 4025 0
t 1026 4027 4026 0
t 4025 4026 4027 0
t 1025 4023 4020 0
t 1026 4026 4023 0
t 1027 4020 4026 0
t 4023 4026 4020 0
t 76 4028 4030 0
t 1028 4029 4028 0
t 1030 4030 4029 0
t 4028 4029 4030 0
t 270 4031 4033 0
t 1029 4032 4031 0
t 1028 4033 4032 0
t 4031 4032 4033 0
t 269 4034 4036 0
t 1030 4035 4034 0
t 1029 4036 4035 0
t 4034 4035 4036 0
t 1028 4032 4029 0
t 1029 4035 4032 0
t 1030 4029 4035 0
t 4032 4035 4029 0
t 75 4037 4039 0
t 1031 4038 4037 0
t 1033 4039 4038 0
t 4037 4038 4039 0
t 271 4040 4042 0
t 1032 4041 4040 0
t 1031 4042 4041 0
t 4040 4041 4042 0
t 270 4043 4045 0
t 1033 4044 4043 0
t 1032 4045 4044 0
t 4043 4044 4045 0
t 1031 4041 4038 0
t 1032 4044 4041 0
t 1033 4038 4044 0
t 4041 4044 4038 0
t 269 4036 4022 0
t 1029 4046 4036 0
t 1026 4022 4046 0
t 4036 4046 4022 0
t 270 4045 4031 0
t 1032 4047 4045 0
t 1029 4031 4047 0
t 4045 4047 4031 0
t 271 4027 4040 0
t 1026 4048 4027 0
t 1032 4040 4048 0
t 4027 4048 4040 0
t 1029 4047 4046 0
t 1032 4048 4047 0
t 1026 4046 4048 0
t 4047 4048 4046 0
t 74 4009 3968 0
t 1024 4049 4009 0
t 1010 3968 4049 0
t 4009 4049 3968 0
t 267 4050 4013 0
t 1034 4051 4050 0
t 1024 4013 4051 0
t 4050 4051 4013 0
t 264 3973 4053 0
t 1010 4052 3973 0
t 1034 4053 4052 0
t 3973 4052 4053 0
t 1024 4051 4049 0
t 1034 4052 4051 0
t 1010 4049 4052 0
t 4051 4052 4049 0
t 75 4039 3998 0
t 1033 4054 4039 0
t 1019 3998 4054 0
t 4039 4054 3998 0
t 270 4055 4043 0
t 1035 4056 4055 0
t 1033 4043 4056 0
t 4055 4056 4043 0
t 267 4003 4058 0
t 1019 4057 4003 0
t 1035 4058 4057 0
t 4003 4057 4058 0
t 1033 4056 4054 0
t 1035 4057 4056 0
t 1019 4054 4057 0
t 4056 4057 4054 0
t 76 3979 4028 0
t 1015 4059 3979 0
t 1028 4028 4059 0
t 3979 4059 4028 0
t 264 4060 3983 0
t 1036 4061 4060 0
t 1015 3983 4061 0
t 4060 4061 3983 0
t 270 4033 4063 0
t 1028 4062 4033 0
t 1036 4063 4062 0
t 4033 4062 4063 0
t 1015 4061 4059 0
t 1036 4062 4061 0
t 1028 4059 4062 0
t 4061 4062 4059 0
t 267 4058 4050 0
t 1035 4064 4058 0
t 1034 4050 4064 0
t 4058 4064 4050 0
t 270 4063 4055 0
t 1036 4065 4063 0
t 1035 4055 4065 0
t 4063 4065 4055 0
t 264 4053 4060 0
t 1034 4066 4053 0
t 1036 4060 4066 0
t 4053 4066 4060 0
t 1035 4065 4064 0
t 1036 4066 4065 0
t 1034 4064 4066 0
t 4065 4066 4064 0
t 23 3916 3785 0
t 998 4067 3916 0
t 962 3785 4067 0
t 3916 4067 3785 0
t 262 4068 3919 0
t 1037 4069 4068 0
t 998 3919 4069 0
t 4068 4069 3919 0
t 251 3789 4071 0
t 962 4070 3789 0
t 1037 4071 4070 0
t 3789 4070 4071 0
t 998 4069 4067 0
t 1037 4070 4069 0
t 962 4067 4070 0
t 4069 4070 4067 0
t 73 4072 3929 0
t 1038 4073 4072 0
t 1001 3929 4073 0
t 4072 4073 3929 0
t 272 4074 4076 0
t 1039 4075 4074 0
t 1038 4076 4075 0
t 4074 4075 4076 0
t 262 3934 4078 0
t 1001 4077 3934 0
t 1039 4078 4077 0
t 3934 4077 4078 0
t 1038 4075 4073 0
t 1039 4077 4075 0
t 1001 4073 4077 0
t 4075 4077 4073 0
t 70 3794 4080 0
t 966 4079 3794 0
t 1041 4080 4079 0
t 3794 4079 4080 0
t 251 4081 3798 0
t 1040 4082 4081 0
t 966 3798 4082 0
t 4081 4082 3798 0
t 272 4083 4085 0
t 1041 4084 4083 0
t 1040 4085 4084 0
t 4083 4084 4085 0
t 966 4082 4079 0
t 1040 4084 4082 0
t 1041 4079 4084 0
t 4082 4084 4079 0
t 262 4078 4068 0
t 1039 4086 4078 0
t 1037 4068 4086 0
t 4078 4086 4068 0
t 272 4085 4074 0
t 1040 4087 4085 0
t 1039 4074 4087 0
t 4085 4087 4074 0
t 251 4071 4081 0
t 1037 4088 4071 0
t 1040 4081 4088 0
t 4071 4088 4081 0
t 1039 4087 4086 0
t 1040 4088 4087 0
t 1037 4086 4088 0
t 4087 4088 4086 0
t 24 4021 3885 0
t 1027 4089 4021 0
t 988 3885 4089 0
t 4021 4089 3885 0
t 271 4090 4025 0
t 1042 4091 4090 0
t 1027 4025 4091 0
t 4090 4091 4025 0
t 258 3890 4093 0
t 988 4092 3890 0
t 1042 4093 4092 0
t 3890 4092 4093 0
t 1027 4091 4089 0
t 1042 4092 4091 0
t 988 4089 4092 0
t 4091 4092 4089 0
t 75 4094 4037 0
t 1043 4095 4094 0
t 1031 4037 4095 0
t 4094 4095 4037 0
t 273 4096 4098 0
t 1044 4097 4096 0
t 1043 4098 4097 0
t 4096 4097 4098 0
t 271 4042 4100 0
t 1031 4099 4042 0
t 1044 4100 4099 0
t 4042 4099 4100 0
t 1043 4097 4095 0
t 1044 4099 4097 0
t 1031 4095 4099 0
t 4097 4099 4095 0
t 73 3896 4102 0
t 993 4101 3896 0
t 1046 4102 4101 0
t 3896 4101 4102 0
t 258 4103 3900 0
t 1045 4104 4103 0
t 993 3900 4104 0
t 4103 4104 3900 0
t 273 4105 4107 0
t 1046 4106 4105 0
t 1045 4107 4106 0
t 4105 4106 4107 0
t 993 4104 4101 0
t 1045 4106 4104 0
t 1046 4101 4106 0
t 4104 4106 4101 0
t 271 4100 4090 0
t 1044 4108 4100 0
t 1042 4090 4108 0
t 4100 4108 4090 0
t 273 4107 4096 0
t 1045 4109 4107 0
t 1044 4096 4109 0
t 4107 4109 4096 0
t 258 4093 4103 0
t 1042 4110 4093 0
t 1045 4103 4110 0
t 4093 4110 4103 0
t 1044 4109 4108 0
t 1045 4110 4109 0
t 1042 4108 4110 0
t 4109 4110 4108 0
t 25 3813 3989 0
t 971 4111 3813 0
t 1016 3989 4111 0
t 3813 4111 3989 0
t 255 4112 3817 0
t 1047 4113 4112 0
t 971 3817 4113 0
t 4112 4113 3817 0
t 266 3994 4115 0
t 1016 4114 3994 0
t 1047 4115 4114 0
t 3994 4114 4115 0
t 971 4113 4111 0
t 1047 4114 4113 0
t 1016 4111 4114 0
t 4113 4114 4111 0
t 70 4116 3829 0
t 1048 4117 4116 0
t 975 3829 4117 0
t 4116 4117 3829 0
t 274 4118 4120 0
t 1049 4119 4118 0
t 1048 4120 4119 0
t 4118 4119 4120 0
t 255 3834 4122 0
t 975 4121 3834 0
t 1049 4122 4121 0
t 3834 4121 4122 0
t 1048 4119 4117 0
t 1049 4121 4119 0
t 975 4117 4121 0
t 4119 4121 4117 0
t 75 4000 4124 0
t 1021 4123 4000 0
t 1051 4124 4123 0
t 4000 4123 4124 0
t 266 4125 4004 0
t 1050 4126 4125 0
t 1021 4004 4126 0
t 4125 4126 4004 0
t 274 4127 4129 0
t 1051 4128 4127 0
t 1050 4129 4128 0
t 4127 4128 4129 0
t 1021 4126 4123 0
t 1050 4128 4126 0
t 1051 4123 4128 0
t 4126 4128 4123 0
t 255 4122 4112 0
t 1049 4130 4122 0
t 1047 4112 4130 0
t 4122 4130 4112 0
t 274 4129 4118 0
t 1050 4131 4129 0
t 1049 4118 4131 0
t 4129 4131 4118 0
t 266 4115 4125 0
t 1047 4132 4115 0
t 1050 4125 4132 0
t 4115 4132 4125 0
t 1049 4131 4130 0
t 1050 4132 4131 0
t 1047 4130 4132 0
t 4131 4132 4130 0
t 73 4102 4072 0
t 1046 4133 4102 0
t 1038 4072 4133 0
t 4102 4133 4072 0
t 273 4134 4105 0
t 1052 4135 4134 0
t 1046 4105 4135 0
t 4134 4135 4105 0
t 272 4076 4137 0
t 1038 4136 4076 0
t 1052 4137 4136 0
t 4076 4136 4137 0
t 1046 4135 4133 0
t 1052 4136 4135 0
t 1038 4133 4136 0
t 4135 4136 4133 0
t 75 4124 4094 0
t 1051 4138 4124 0
t 1043 4094 4138 0
t 4124 4138 4094 0
t 274 4139 4127 0
t 1053 4140 4139 0
t 1051 4127 4140 0
t 4139 4140 4127 0
t 273 4098 4142 0
t 1043 4141 4098 0
t 1053 4142 4141 0
t 4098 4141 4142 0
t 1051 4140 4138 0
t 1053 4141 4140 0
t 1043 4138 4141 0
t 4140 4141 4138 0
t 70 4080 4116 0
t 1041 4143 4080 0
t 1048 4116 4143 0
t 4080 4143 4116 0
t 272 4144 4083 0
t 1054 4145 4144 0
t 1041 4083 4145 0
t 4144 4145 4083 0
t 274 4120 4147 0
t 1048 4146 4120 0
t 1054 4147 4146 0
t 4120 4146 4147 0
t 1041 4145 4143 0
t 1054 4146 4145 0
t 1048 4143 4146 0
t 4145 4146 4143 0
t 273 4142 4134 0
t 1053 4148 4142 0
t 1052 4134 4148 0
t 4142 4148 4134 0
t 274 4147 4139 0
t 1054 4149 4147 0
t 1053 4139 4149 0
t 4147 4149 4139 0
t 272 4137 4144 0
t 1052 4150 4137 0
t 1054 4144 4150 0
t 4137 4150 4144 0
t 1053 4149 4148 0
t 1054 4150 4149 0
t 1052 4148 4150 0
t 4149 4150 4148 0
t 5 3760 2567 0
t 956 4151 3760 0
t 647 2567 4151 0
t 3760 4151 2567 0
t 250 4152 3763 0
t 1055 4153 4152 0
t 956 3763 4153 0
t 4152 4153 3763 0
t 167 2572 4155 0
t 647 4154 2572 0
t 1055 4155 4154 0
t 2572 4154 4155 0
t 956 4153 4151 0
t 1055 4154 4153 0
t 647 4151 4154 0
t 4153 4154 4151 0
t 71 4156 3773 0
t 1056 4157 4156 0
t 959 3773 4157 0
t 4156 4157 3773 0
t 275 4158 4160 0
t 1057 4159 4158 0
t 1056 4160 4159 0
t 4158 4159 4160 0
t 250 3778 4162 0
t 959 4161 3778 0
t 1057 4162 4161 0
t 3778 4161 4162 0
t 1056 4159 4157 0
t 1057 4161 4159 0
t 959 4157 4161 0
t 4159 4161 4157 0
t 47 2578 4164 0
t 652 4163 2578 0
t 1059 4164 4163 0
t 2578 4163 4164 0
t 167 4165 2582 0
t 1058 4166 4165 0
t 652 2582 4166 0
t 4165 4166 2582 0
t 275 4167 4169 0
t 1059 4168 4167 0
t 1058 4169 4168 0
t 4167 4168 4169 0
t 652 4166 4163 0
t 1058 4168 4166 0
t 1059 4163 4168 0
t 4166 4168 4163 0
t 250 4162 4152 0
t 1057 4170 4162 0
t 1055 4152 4170 0
t 4162 4170 4152 0
t 275 4169 4158 0
t 1058 4171 4169 0
t 1057 4158 4171 0
t 4169 4171 4158 0
t 167 4155 4165 0
t 1055 4172 4155 0
t 1058 4165 4172 0
t 4155 4172 4165 0
t 1057 4171 4170 0
t 1058 4172 4171 0
t 1055 4170 4172 0
t 4171 4172 4170 0
t 25 4173 3811 0
t 1060 4174 4173 0
t 969 3811 4174 0
t 4173 4174 3811 0
t 276 4175 4177 0
t 1061 4176 4175 0
t 1060 4177 4176 0
t 4175 4176 4177 0
t 253 3816 4179 0
t 969 4178 3816 0
t 1061 4179 4178 0
t 3816 4178 4179 0
t 1060 4176 4174 0
t 1061 4178 4176 0
t 969 4174 4178 0
t 4176 4178 4174 0
t 77 4180 4182 0
t 1062 4181 4180 0
t 1064 4182 4181 0
t 4180 4181 4182 0
t 277 4183 4185 0
t 1063 4184 4183 0
t 1062 4185 4184 0
t 4183 4184 4185 0
t 276 4186 4188 0
t 1064 4187 4186 0
t 1063 4188 4187 0
t 4186 4187 4188 0
t 1062 4184 4181 0
t 1063 4187 4184 0
t 1064 4181 4187 0
t 4184 4187 4181 0
t 71 3822 4190 0
t 974 4189 3822 0
t 1066 4190 4189 0
t 3822 4189 4190 0
t 253 4191 3826 0
t 1065 4192 4191 0
t 974 3826 4192 0
t 4191 4192 3826 0
t 277 4193 4195 0
t 1066 4194 4193 0
t 1065 4195 4194 0
t 4193 4194 4195 0
t 974 4192 4189 0
t 1065 4194 4192 0
t 1066 4189 4194 0
t 4192 4194 4189 0
t 276 4188 4175 0
t 1063 4196 4188 0
t 1061 4175 4196 0
t 4188 4196 4175 0
t 277 4195 4183 0
t 1065 4197 4195 0
t 1063 4183 4197 0
t 4195 4197 4183 0
t 253 4179 4191 0
t 1061 4198 4179 0
t 1065 4191 4198 0
t 4179 4198 4191 0
t 1063 4197 4196 0
t 1065 4198 4197 0
t 1061 4196 4198 0
t 4197 4198 4196 0
t 17 2599 4200 0
t 658 4199 2599 0
t 1068 4200 4199 0
t 2599 4199 4200 0
t 172 4201 2603 0
t 1067 4202 4201 0
t 658 2603 4202 0
t 4201 4202 2603 0
t 279 4203 4205 0
t 1068 4204 4203 0
t 1067 4205 4204 0
t 4203 4204 4205 0
t 658 4202 4199 0
t 1067 4204 4202 0
t 1068 4199 4204 0
t 4202 4204 4199 0
t 47 4206 2615 0
t 1069 4207 4206 0
t 662 2615 4207 0
t 4206 4207 2615 0
t 278 4208 4210 0
t 1070 4209 4208 0
t 1069 4210 4209 0
t 4208 4209 4210 0
t 172 2620 4212 0
t 662 4211 2620 0
t 1070 4212 4211 0
t 2620 4211 4212 0
t 1069 4209 4207 0
t 1070 4211 4209 0
t 662 4207 4211 0
t 4209 4211 4207 0
t 77 4213 4215 0
t 1071 4214 4213 0
t 1073 4215 4214 0
t 4213 4214 4215 0
t 279 4216 4218 0
t 1072 4217 4216 0
t 1071 4218 4217 0
t 4216 4217 4218 0
t 278 4219 4221 0
t 1073 4220 4219 0
t 1072 4221 4220 0
t 4219 4220 4221 0
t 1071 4217 4214 0
t 1072 4220 4217 0
t 1073 4214 4220 0
t 4217 4220 4214 0
t 172 4212 4201 0
t 1070 4222 4212 0
t 1067 4201 4222 0
t 4212 4222 4201 0
t 278 4221 4208 0
t 1072 4223 4221 0
t 1070 4208 4223 0
t 4221 4223 4208 0
t 279 4205 4216 0
t 1067 4224 4205 0
t 1072 4216 4224 0
t 4205 4224 4216 0
t 1070 4223 4222 0
t 1072 4224 4223 0
t 1067 4222 4224 0
t 4223 4224 4222 0
t 71 4190 4156 0
t 1066 4225 4190 0
t 1056 4156 4225 0
t 4190 4225 4156 0
t 277 4226 4193 0
t 1074 4227 4226 0
t 1066 4193 4227 0
t 4226 4227 4193 0
t 275 4160 4229 0
t 1056 4228 4160 0
t 1074 4229 4228 0
t 4160 4228 4229 0
t 1066 4227 4225 0
t 1074 4228 4227 0
t 1056 4225 4228 0
t 4227 4228 4225 0
t 77 4215 4180 0
t 1073 4230 4215 0
t 1062 4180 4230 0
t 4215 4230 4180 0
t 278 4231 4219 0
t 1075 4232 4231 0
t 1073 4219 4232 0
t 4231 4232 4219 0
t 277 4185 4234 0
t 1062 4233 4185 0
t 1075 4234 4233 0
t 4185 4233 4234 0
t 1073 4232 4230 0
t 1075 4233 4232 0
t 1062 4230 4233 0
t 4232 4233 4230 0
t 47 4164 4206 0
t 1059 4235 4164 0
t 1069 4206 4235 0
t 4164 4235 4206 0
t 275 4236 4167 0
t 1076 4237 4236 0
t 1059 4167 4237 0
t 4236 4237 4167 0
t 278 4210 4239 0
t 1069 4238 4210 0
t 1076 4239 4238 0
t 4210 4238 4239 0
t 1059 4237 4235 0
t 1076 4238 4237 0
t 1069 4235 4238 0
t 4237 4238 4235 0
t 277 4234 4226 0
t 1075 4240 4234 0
t 1074 4226 4240 0
t 4234 4240 4226 0
t 278 4239 4231 0
t 1076 4241 4239 0
t 1075 4231 4241 0
t 4239 4241 4231 0
t 275 4229 4236 0
t 1074 4242 4229 0
t 1076 4236 4242 0
t 4229 4242 4236 0
t 1075 4241 4240 0
t 1076 4242 4241 0
t 1074 4240 4242 0
t 4241 4242 4240 0
t 15 4243 3959 0
t 1077 4244 4243 0
t 1007 3959 4244 0
t 4243 4244 3959 0
t 280 4245 4247 0
t 1078 4246 4245 0
t 1077 4247 4246 0
t 4245 4246 4247 0
t 263 3964 4249 0
t 1007 4248 3964 0
t 1078 4249 4248 0
t 3964 4248 4249 0
t 1077 4246 4244 0
t 1078 4248 4246 0
t 1007 4244 4248 0
t 4246 4248 4244 0
t 78 4250 4252 0
t 1079 4251 4250 0
t 1081 4252 4251 0
t 4250 4251 4252 0
t 281 4253 4255 0
t 1080 4254 4253 0
t 1079 4255 4254 0
t 4253 4254 4255 0
t 280 4256 4258 0
t 1081 4257 4256 0
t 1080 4258 4257 0
t 4256 4257 4258 0
t 1079 4254 4251 0
t 1080 4257 4254 0
t 1081 4251 4257 0
t 4254 4257 4251 0
t 74 3970 4260 0
t 1012 4259 3970 0
t 1083 4260 4259 0
t 3970 4259 4260 0
t 263 4261 3974 0
t 1082 4262 4261 0
t 1012 3974 4262 0
t 4261 4262 3974 0
t 281 4263 4265 0
t 1083 4264 4263 0
t 1082 4265 4264 0
t 4263 4264 4265 0
t 1012 4262 4259 0
t 1082 4264 4262 0
t 1083 4259 4264 0
t 4262 4264 4259 0
t 280 4258 4245 0
t 1080 4266 4258 0
t 1078 4245 4266 0
t 4258 4266 4245 0
t 281 4265 4253 0
t 1082 4267 4265 0
t 1080 4253 4267 0
t 4265 4267 4253 0
t 263 4249 4261 0
t 1078 4268 4249 0
t 1082 4261 4268 0
t 4249 4268 4261 0
t 1080 4267 4266 0
t 1082 4268 4267 0
t 1078 4266 4268 0
t 4267 4268 4266 0
t 26 4269 4271 0
t 1084 4270 4269 0
t 1086 4271 4270 0
t 4269 4270 4271 0
t 282 4272 4274 0
t 1085 4273 4272 0
t 1084 4274 4273 0
t 4272 4273 4274 0
t 284 4275 4277 0
t 1086 4276 4275 0
t 1085 4277 4276 0
t 4275 4276 4277 0
t 1084 4273 4270 0
t 1085 4276 4273 0
t 1086 4270 4276 0
t 4273 4276 4270 0
t 79 4278 4280 0
t 1087 4279 4278 0
t 1089 4280 4279 0
t 4278 4279 4280 0
t 283 4281 4283 0
t 1088 4282 4281 0
t 1087 4283 4282 0
t 4281 4282 4283 0
t 282 4284 4286 0
t 1089 4285 4284 0
t 1088 4286 4285 0
t 4284 4285 4286 0
t 1087 4282 4279 0
t 1088 4285 4282 0
t 1089 4279 4285 0
t 4282 4285 4279 0
t 78 4287 4289 0
t 1090 4288 4287 0
t 1092 4289 4288 0
t 4287 4288 4289 0
t 284 4290 4292 0
t 1091 4291 4290 0
t 1090 4292 4291 0
t 4290 4291 4292 0
t 283 4293 4295 0
t 1092 4294 4293 0
t 1091 4295 4294 0
t 4293 4294 4295 0
t 1090 4291 4288 0
t 1091 4294 4291 0
t 1092 4288 4294 0
t 4291 4294 4288 0
t 282 4286 4272 0
t 1088 4296 4286 0
t 1085 4272 4296 0
t 4286 4296 4272 0
t 283 4295 4281 0
t 1091 4297 4295 0
t 1088 4281 4297 0
t 4295 4297 4281 0
t 284 4277 4290 0
t 1085 4298 4277 0
t 1091 4290 4298 0
t 4277 4298 4290 0
t 1088 4297 4296 0
t 1091 4298 4297 0
t 1085 4296 4298 0
t 4297 4298 4296 0
t 25 3991 4300 0
t 1018 4299 3991 0
t 1094 4300 4299 0
t 3991 4299 4300 0
t 268 4301 3995 0
t 1093 4302 4301 0
t 1018 3995 4302 0
t 4301 4302 3995 0
t 286 4303 4305 0
t 1094 4304 4303 0
t 1093 4305 4304 0
t 4303 4304 4305 0
t 1018 4302 4299 0
t 1093 4304 4302 0
t 1094 4299 4304 0
t 4302 4304 4299 0
t 74 4306 4007 0
t 1095 4307 4306 0
t 1022 4007 4307 0
t 4306 4307 4007 0
t 285 4308 4310 0
t 1096 4309 4308 0
t 1095 4310 4309 0
t 4308 4309 4310 0
t 268 4012 4312 0
t 1022 4311 4012 0
t 1096 4312 4311 0
t 4012 4311 4312 0
t 1095 4309 4307 0
t 1096 4311 4309 0
t 1022 4307 4311 0
t 4309 4311 4307 0
t 79 4313 4315 0
t 1097 4314 4313 0
t 1099 4315 4314 0
t 4313 4314 4315 0
t 286 4316 4318 0
t 1098 4317 4316 0
t 1097 4318 4317 0
t 4316 4317 4318 0
t 285 4319 4321 0
t 1099 4320 4319 0
t 1098 4321 4320 0
t 4319 4320 4321 0
t 1097 4317 4314 0
t 1098 4320 4317 0
t 1099 4314 4320 0
t 4317 4320 4314 0
t 268 4312 4301 0
t 1096 4322 4312 0
t 1093 4301 4322 0
t 4312 4322 4301 0
t 285 4321 4308 0
t 1098 4323 4321 0
t 1096 4308 4323 0
t 4321 4323 4308 0
t 286 4305 4316 0
t 1093 4324 4305 0
t 1098 4316 4324 0
t 4305 4324 4316 0
t 1096 4323 4322 0
t 1098 4324 4323 0
t 1093 4322 4324 0
t 4323 4324 4322 0
t 78 4289 4250 0
t 1092 4325 4289 0
t 1079 4250 4325 0
t 4289 4325 4250 0
t 283 4326 4293 0
t 1100 4327 4326 0
t 1092 4293 4327 0
t 4326 4327 4293 0
t 281 4255 4329 0
t 1079 4328 4255 0
t 1100 4329 4328 0
t 4255 4328 4329 0
t 1092 4327 4325 0
t 1100 4328 4327 0
t 1079 4325 4328 0
t 4327 4328 4325 0
t 79 4315 4278 0
t 1099 4330 4315 0
t 1087 4278 4330 0
t 4315 4330 4278 0
t 285 4331 4319 0
t 1101 4332 4331 0
t 1099 4319 4332 0
t 4331 4332 4319 0
t 283 4283 4334 0
t 1087 4333 4283 0
t 1101 4334 4333 0
t 4283 4333 4334 0
t 1099 4332 4330 0
t 1101 4333 4332 0
t 1087 4330 4333 0
t 4332 4333 4330 0
t 74 4260 4306 0
t 1083 4335 4260 0
t 1095 4306 4335 0
t 4260 4335 4306 0
t 281 4336 4263 0
t 1102 4337 4336 0
t 1083 4263 4337 0
t 4336 4337 4263 0
t 285 4310 4339 0
t 1095 4338 4310 0
t 1102 4339 4338 0
t 4310 4338 4339 0
t 1083 4337 4335 0
t 1102 4338 4337 0
t 1095 4335 4338 0
t 4337 4338 4335 0
t 283 4334 4326 0
t 1101 4340 4334 0
t 1100 4326 4340 0
t 4334 4340 4326 0
t 285 4339 4331 0
t 1102 4341 4339 0
t 1101 4331 4341 0
t 4339 4341 4331 0
t 281 4329 4336 0
t 1100 4342 4329 0
t 1102 4336 4342 0
t 4329 4342 4336 0
t 1101 4341 4340 0
t 1102 4342 4341 0
t 1100 4340 4342 0
t 4341 4342 4340 0
t 16 2677 4344 0
t 679 4343 2677 0
t 1104 4344 4343 0
t 2677 4343 4344 0
t 178 4345 2681 0
t 1103 4346 4345 0
t 679 2681 4346 0
t 4345 4346 2681 0
t 288 4347 4349 0
t 1104 4348 4347 0
t 1103 4349 4348 0
t 4347 4348 4349 0
t 679 4346 4343 0
t 1103 4348 4346 0
t 1104 4343 4348 0
t 4346 4348 4343 0
t 52 4350 2693 0
t 1105 4351 4350 0
t 683 2693 4351 0
t 4350 4351 2693 0
t 287 4352 4354 0
t 1106 4353 4352 0
t 1105 4354 4353 0
t 4352 4353 4354 0
t 178 2698 4356 0
t 683 4355 2698 0
t 1106 4356 4355 0
t 2698 4355 4356 0
t 1105 4353 4351 0
t 1106 4355 4353 0
t 683 4351 4355 0
t 4353 4355 4351 0
t 81 4357 4359 0
t 1107 4358 4357 0
t 1109 4359 4358 0
t 4357 4358 4359 0
t 288 4360 4362 0
t 1108 4361 4360 0
t 1107 4362 4361 0
t 4360 4361 4362 0
t 287 4363 4365 0
t 1109 4364 4363 0
t 1108 4365 4364 0
t 4363 4364 4365 0
t 1107 4361 4358 0
t 1108 4364 4361 0
t 1109 4358 4364 0
t 4361 4364 4358 0
t 178 4356 4345 0
t 1106 4366 4356 0
t 1103 4345 4366 0
t 4356 4366 4345 0
t 287 4365 4352 0
t 1108 4367 4365 0
t 1106 4352 4367 0
t 4365 4367 4352 0
t 288 4349 4360 0
t 1103 4368 4349 0
t 1108 4360 4368 0
t 4349 4368 4360 0
t 1106 4367 4366 0
t 1108 4368 4367 0
t 1103 4366 4368 0
t 4367 4368 4366 0
t 17 4369 2735 0
t 1110 4370 4369 0
t 695 2735 4370 0
t 4369 4370 2735 0
t 289 4371 4373 0
t 1111 4372 4371 0
t 1110 4373 4372 0
t 4371 4372 4373 0
t 182 2740 4375 0
t 695 4374 2740 0
t 1111 4375 4374 0
t 2740 4374 4375 0
t 1110 4372 4370 0
t 1111 4374 4372 0
t 695 4370 4374 0
t 4372 4374 4370 0
t 80 4376 4378 0
t 1112 4377 4376 0
t 1114 4378 4377 0
t 4376 4377 4378 0
t 290 4379 4381 0
t 1113 4380 4379 0
t 1112 4381 4380 0
t 4379 4380 4381 0
t 289 4382 4384 0
t 1114 4383 4382 0
t 1113 4384 4383 0
t 4382 4383 4384 0
t 1112 4380 4377 0
t 1113 4383 4380 0
t 1114 4377 4383 0
t 4380 4383 4377 0
t 52 2746 4386 0
t 700 4385 2746 0
t 1116 4386 4385 0
t 2746 4385 4386 0
t 182 4387 2750 0
t 1115 4388 4387 0
t 700 2750 4388 0
t 4387 4388 2750 0
t 290 4389 4391 0
t 1116 4390 4389 0
t 1115 4391 4390 0
t 4389 4390 4391 0
t 700 4388 4385 0
t 1115 4390 4388 0
t 1116 4385 4390 0
t 4388 4390 4385 0
t 289 4384 4371 0
t 1113 4392 4384 0
t 1111 4371 4392 0
t 4384 4392 4371 0
t 290 4391 4379 0
t 1115 4393 4391 0
t 1113 4379 4393 0
t 4391 4393 4379 0
t 182 4375 4387 0
t 1111 4394 4375 0
t 1115 4387 4394 0
t 4375 4394 4387 0
t 1113 4393 4392 0
t 1115 4394 4393 0
t 1111 4392 4394 0
t 4393 4394 4392 0
t 26 4395 4397 0
t 1117 4396 4395 0
t 1119 4397 4396 0
t 4395 4396 4397 0
t 291 4398 4400 0
t 1118 4399 4398 0
t 1117 4400 4399 0
t 4398 4399 4400 0
t 293 4401 4403 0
t 1119 4402 4401 0
t 1118 4403 4402 0
t 4401 4402 4403 0
t 1117 4399 4396 0
t 1118 4402 4399 0
t 1119 4396 4402 0
t 4399 4402 4396 0
t 81 4404 4406 0
t 1120 4405 4404 0
t 1122 4406 4405 0
t 4404 4405 4406 0
t 292 4407 4409 0
t 1121 4408 4407 0
t 1120 4409 4408 0
t 4407 4408 4409 0
t 291 4410 4412 0
t 1122 4411 4410 0
t 1121 4412 4411 0
t 4410 4411 4412 0
t 1120 4408 4405 0
t 1121 4411 4408 0
t 1122 4405 4411 0
t 4408 4411 4405 0
t 80 4413 4415 0
t 1123 4414 4413 0
t 1125 4415 4414 0
t 4413 4414 4415 0
t 293 4416 4418 0
t 1124 4417 4416 0
t 1123 4418 4417 0
t 4416 4417 4418 0
t 292 4419 4421 0
t 1125 4420 4419 0
t 1124 4421 4420 0
t 4419 4420 4421 0
t 1123 4417 4414 0
t 1124 4420 4417 0
t 1125 4414 4420 0
t 4417 4420 4414 0
t 291 4412 4398 0
t 1121 4422 4412 0
t 1118 4398 4422 0
t 4412 4422 4398 0
t 292 4421 4407 0
t 1124 4423 4421 0
t 1121 4407 4423 0
t 4421 4423 4407 0
t 293 4403 4416 0
t 1118 4424 4403 0
t 1124 4416 4424 0
t 4403 4424 4416 0
t 1121 4423 4422 0
t 1124 4424 4423 0
t 1118 4422 4424 0
t 4423 4424 4422 0
t 52 4386 4350 0
t 1116 4425 4386 0
t 1105 4350 4425 0
t 4386 4425 4350 0
t 290 4426 4389 0
t 1126 4427 4426 0
t 1116 4389 4427 0
t 4426 4427 4389 0
t 287 4354 4429 0
t 1105 4428 4354 0
t 1126 4429 4428 0
t 4354 4428 4429 0
t 1116 4427 4425 0
t 1126 4428 4427 0
t 1105 4425 4428 0
t 4427 4428 4425 0
t 80 4415 4376 0
t 1125 4430 4415 0
t 1112 4376 4430 0
t 4415 4430 4376 0
t 292 4431 4419 0
t 1127 4432 4431 0
t 1125 4419 4432 0
t 4431 4432 4419 0
t 290 4381 4434 0
t 1112 4433 4381 0
t 1127 4434 4433 0
t 4381 4433 4434 0
t 1125 4432 4430 0
t 1127 4433 4432 0
t 1112 4430 4433 0
t 4432 4433 4430 0
t 81 4359 4404 0
t 1109 4435 4359 0
t 1120 4404 4435 0
t 4359 4435 4404 0
t 287 4436 4363 0
t 1128 4437 4436 0
t 1109 4363 4437 0
t 4436 4437 4363 0
t 292 4409 4439 0
t 1120 4438 4409 0
t 1128 4439 4438 0
t 4409 4438 4439 0
t 1109 4437 4435 0
t 1128 4438 4437 0
t 1120 4435 4438 0
t 4437 4438 4435 0
t 290 4434 4426 0
t 1127 4440 4434 0
t 1126 4426 4440 0
t 4434 4440 4426 0
t 292 4439 4431 0
t 1128 4441 4439 0
t 1127 4431 4441 0
t 4439 4441 4431 0
t 287 4429 4436 0
t 1126 4442 4429 0
t 1128 4436 4442 0
t 4429 4442 4436 0
t 1127 4441 4440 0
t 1128 4442 4441 0
t 1126 4440 4442 0
t 4441 4442 4440 0
t 25 4300 4173 0
t 1094 4443 4300 0
t 1060 4173 4443 0
t 4300 4443 4173 0
t 286 4444 4303 0
t 1129 4445 4444 0
t 1094 4303 4445 0
t 4444 4445 4303 0
t 276 4177 4447 0
t 1060 4446 4177 0
t 1129 4447 4446 0
t 4177 4446 4447 0
t 1094 4445 4443 0
t 1129 4446 4445 0
t 1060 4443 4446 0
t 4445 4446 4443 0
t 79 4448 4313 0
t 1130 4449 4448 0
t 1097 4313 4449 0
t 4448 4449 4313 0
t 294 4450 4452 0
t 1131 4451 4450 0
t 1130 4452 4451 0
t 4450 4451 4452 0
t 286 4318 4454 0
t 1097 4453 4318 0
t 1131 4454 4453 0
t 4318 4453 4454 0
t 1130 4451 4449 0
t 1131 4453 4451 0
t 1097 4449 4453 0
t 4451 4453 4449 0
t 77 4182 4456 0
t 1064 4455 4182 0
t 1133 4456 4455 0
t 4182 4455 4456 0
t 276 4457 4186 0
t 1132 4458 4457 0
t 1064 4186 4458 0
t 4457 4458 4186 0
t 294 4459 4461 0
t 1133 4460 4459 0
t 1132 4461 4460 0
t 4459 4460 4461 0
t 1064 4458 4455 0
t 1132 4460 4458 0
t 1133 4455 4460 0
t 4458 4460 4455 0
t 286 4454 4444 0
t 1131 4462 4454 0
t 1129 4444 4462 0
t 4454 4462 4444 0
t 294 4461 4450 0
t 1132 4463 4461 0
t 1131 4450 4463 0
t 4461 4463 4450 0
t 276 4447 4457 0
t 1129 4464 4447 0
t 1132 4457 4464 0
t 4447 4464 4457 0
t 1131 4463 4462 0
t 1132 4464 4463 0
t 1129 4462 4464 0
t 4463 4464 4462 0
t 26 4397 4269 0
t 1119 4465 4397 0
t 1084 4269 4465 0
t 4397 4465 4269 0
t 293 4466 4401 0
t 1134 4467 4466 0
t 1119 4401 4467 0
t 4466 4467 4401 0
t 282 4274 4469 0
t 1084 4468 4274 0
t 1134 4469 4468 0
t 4274 4468 4469 0
t 1119 4467 4465 0
t 1134 4468 4467 0
t 1084 4465 4468 0
t 4467 4468 4465 0
t 80 4470 4413 0
t 1135 4471 4470 0
t 1123 4413 4471 0
t 4470 4471 4413 0
t 295 4472 4474 0
t 1136 4473 4472 0
t 1135 4474 4473 0
t 4472 4473 4474 0
t 293 4418 4476 0
t 1123 4475 4418 0
t 1136 4476 4475 0
t 4418 4475 4476 0
t 1135 4473 4471 0
t 1136 4475 4473 0
t 1123 4471 4475 0
t 4473 4475 4471 0
t 79 4280 4478 0
t 1089 4477 4280 0
t 1138 4478 4477 0
t 4280 4477 4478 0
t 282 4479 4284 0
t 1137 4480 4479 0
t 1089 4284 4480 0
t 4479 4480 4284 0
t 295 4481 4483 0
t 1138 4482 4481 0
t 1137 4483 4482 0
t 4481 4482 4483 0
t 1089 4480 4477 0
t 1137 4482 4480 0
t 1138 4477 4482 0
t 4480 4482 4477 0
t 293 4476 4466 0
t 1136 4484 4476 0
t 1134 4466 4484 0
t 4476 4484 4466 0
t 295 4483 4472 0
t 1137 4485 4483 0
t 1136 4472 4485 0
t 4483 4485 4472 0
t 282 4469 4479 0
t 1134 4486 4469 0
t 1137 4479 4486 0
t 4469 4486 4479 0
t 1136 4485 4484 0
t 1137 4486 4485 0
t 1134 4484 4486 0
t 4485 4486 4484 0
t 17 4200 4369 0
t 1068 4487 4200 0
t 1110 4369 4487 0
t 4200 4487 4369 0
t 279 4488 4203 0
t 1139 4489 4488 0
t 1068 4203 4489 0
t 4488 4489 4203 0
t 289 4373 4491 0
t 1110 4490 4373 0
t 1139 4491 4490 0
t 4373 4490 4491 0
t 1068 4489 4487 0
t 1139 4490 4489 0
t 1110 4487 4490 0
t 4489 4490 4487 0
t 77 4492 4213 0
t 1140 4493 4492 0
t 1071 4213 4493 0
t 4492 4493 4213 0
t 296 4494 4496 0
t 1141 4495 4494 0
t 1140 4496 4495 0
t 4494 4495 4496 0
t 279 4218 4498 0
t 1071 4497 4218 0
t 1141 4498 4497 0
t 4218 4497 4498 0
t 1140 4495 4493 0
t 1141 4497 4495 0
t 1071 4493 4497 0
t 4495 4497 4493 0
t 80 4378 4500 0
t 1114 4499 4378 0
t 1143 4500 4499 0
t 4378 4499 4500 0
t 289 4501 4382 0
t 1142 4502 4501 0
t 1114 4382 4502 0
t 4501 4502 4382 0
t 296 4503 4505 0
t 1143 4504 4503 0
t 1142 4505 4504 0
t 4503 4504 4505 0
t 1114 4502 4499 0
t 1142 4504 4502 0
t 1143 4499 4504 0
t 4502 4504 4499 0
t 279 4498 4488 0
t 1141 4506 4498 0
t 1139 4488 4506 0
t 4498 4506 4488 0
t 296 4505 4494 0
t 1142 4507 4505 0
t 1141 4494 4507 0
t 4505 4507 4494 0
t 289 4491 4501 0
t 1139 4508 4491 0
t 1142 4501 4508 0
t 4491 4508 4501 0
t 1141 4507 4506 0
t 1142 4508 4507 0
t 1139 4506 4508 0
t 4507 4508 4506 0
t 79 4478 4448 0
t 1138 4509 4478 0
t 1130 4448 4509 0
t 4478 4509 4448 0
t 295 4510 4481 0
t 1144 4511 4510 0
t 1138 4481 4511 0
t 4510 4511 4481 0
t 294 4452 4513 0
t 1130 4512 4452 0
t 1144 4513 4512 0
t 4452 4512 4513 0
t 1138 4511 4509 0
t 1144 4512 4511 0
t 1130 4509 4512 0
t 4511 4512 4509 0
t 80 4500 4470 0
t 1143 4514 4500 0
t 1135 4470 4514 0
t 4500 4514 4470 0
t 296 4515 4503 0
t 1145 4516 4515 0
t 1143 4503 4516 0
t 4515 4516 4503 0
t 295 4474 4518 0
t 1135 4517 4474 0
t 1145 4518 4517 0
t 4474 4517 4518 0
t 1143 4516 4514 0
t 1145 4517 4516 0
t 1135 4514 4517 0
t 4516 4517 4514 0
t 77 4456 4492 0
t 1133 4519 4456 0
t 1140 4492 4519 0
t 4456 4519 4492 0
t 294 4520 4459 0
t 1146 4521 4520 0
t 1133 4459 4521 0
t 4520 4521 4459 0
t 296 4496 4523 0
t 1140 4522 4496 0
t 1146 4523 4522 0
t 4496 4522 4523 0
t 1133 4521 4519 0
t 1146 4522 4521 0
t 1140 4519 4522 0
t 4521 4522 4519 0
t 295 4518 4510 0
t 1145 4524 4518 0
t 1144 4510 4524 0
t 4518 4524 4510 0
t 296 4523 4515 0
t 1146 4525 4523 0
t 1145 4515 4525 0
t 4523 4525 4515 0
t 294 4513 4520 0
t 1144 4526 4513 0
t 1146 4520 4526 0
t 4513 4526 4520 0
t 1145 4525 4524 0
t 1146 4526 4525 0
t 1144 4524 4526 0
t 4525 4526 4524 0
t 6 3177 4528 3
t 809 4527 3177 3
t 1148 4528 4527 3
t 3177 4527 4528 3
t 213 4529 3181 3
t 1147 4530 4529 3
t 809 3181 4530 3
t 4529 4530 3181 3
t 298 4531 4533 3
t 1148 4532 4531 3
t 1147 4533 4532 3
t 4531 4532 4533 3
t 809 4530 4527 3
t 1147 4532 4530 3
t 1148 4527 4532 3
t 4530 4532 4527 3
t 62 4534 3193 3
t 1149 4535 4534 3
t 813 3193 4535 3
t 4534 4535 3193 3
t 297 4536 4538 3
t 1150 4537 4536 3
t 1149 4538 4537 3
t 4536 4537 4538 3
t 213 3198 4540 3
t 813 4539 3198 3
t 1150 4540 4539 3
t 3198 4539 4540 3
t 1149 4537 4535 3
t 1150 4539 4537 3
t 813 4535 4539 3
t 4537 4539 4535 3
t 83 4541 4543 3
t 1151 4542 4541 3
t 1153 4543 4542 3
t 4541 4542 4543 3
t 298 4544 4546 3
t 1152 4545 4544 3
t 1151 4546 4545 3
t 4544 4545 4546 3
t 297 4547 4549 3
t 1153 4548 4547 3
t 1152 4549 4548 3
t 4547 4548 4549 3
t 1151 4545 4542 3
t 1152 4548 4545 3
t 1153 4542 4548 3
t 4545 4548 4542 3
t 213 4540 4529 3
t 1150 4550 4540 3
t 1147 4529 4550 3
t 4540 4550 4529 3
t 297 4549 4536 3
t 1152 4551 4549 3
t 1150 4536 4551 3
t 4549 4551 4536 3
t 298 4533 4544 3
t 1147 4552 4533 3
t 1152 4544 4552 3
t 4533 4552 4544 3
t 1150 4551 4550 3
t 1152 4552 4551 3
t 1147 4550 4552 3
t 4551 4552 4550 3
t 20 4553 3235 4
t 1154 4554 4553 4
t 825 3235 4554 4
t 4553 4554 3235 4
t 299 4555 4557 4
t 1155 4556 4555 4
t 1154 4557 4556 4
t 4555 4556 4557 4
t 217 3240 4559 4
t 825 4558 3240 4
t 1155 4559 4558 4
t 3240 4558 4559 4
t 1154 4556 4554 4
t 1155 4558 4556 4
t 825 4554 4558 4
t 4556 4558 4554 4
t 82 4560 4562 4
t 1156 4561 4560 4
t 1158 4562 4561 4
t 4560 4561 4562 4
t 300 4563 4565 3
t 1157 4564 4563 4
t 1156 4565 4564 4
t 4563 4564 4565 3
t 299 4566 4568 4
t 1158 4567 4566 4
t 1157 4568 4567 4
t 4566 4567 4568 4
t 1156 4564 4561 4
t 1157 4567 4564 4
t 1158 4561 4567 4
t 4564 4567 4561 4
t 62 3246 4570 3
t 830 4569 3246 3
t 1160 4570 4569 3
t 3246 4569 4570 3
t 217 4571 3250 4
t 1159 4572 4571 4
t 830 3250 4572 3
t 4571 4572 3250 4
t 300 4573 4575 3
t 1160 4574 4573 3
t 1159 4575 4574 3
t 4573 4574 4575 3
t 830 4572 4569 3
t 1159 4574 4572 3
t 1160 4569 4574 3
t 4572 4574 4569 3
t 299 4568 4555 4
t 1157 4576 4568 4
t 1155 4555 4576 4
t 4568 4576 4555 4
t 300 4575 4563 3
t 1159 4577 4575 4
t 1157 4563 4577 4
t 4575 4577 4563 4
t 217 4559 4571 4
t 1155 4578 4559 4
t 1159 4571 4578 4
t 4559 4578 4571 4
t 1157 4577 4576 4
t 1159 4578 4577 4
t 1155 4576 4578 4
t 4577 4578 4576 4
t 28 4579 4581 4
t 1161 4580 4579 4
t 1163 4581 4580 4
t 4579 4580 4581 4
t 301 4582 4584 4
t 1162 4583 4582 4
t 1161 4584 4583 4
t 4582 4583 4584 4
t 303 4585 4587 4
t 1163 4586 4585 4
t 1162 4587 4586 4
t 4585 4586 4587 4
t 1161 4583 4580 4
t 1162 4586 4583 4
t 1163 4580 4586 4
t 4583 4586 4580 4
t 83 4588 4590 3
t 1164 4589 4588 3
t 1166 4590 4589 3
t 4588 4589 4590 3
t 302 4591 4593 4
t 1165 4592 4591 4
t 1164 4593 4592 4
t 4591 4592 4593 4
t 301 4594 4596 4
t 1166 4595 4594 4
t 1165 4596 4595 4
t 4594 4595 4596 4
t 1164 4592 4589 4
t 1165 4595 4592 4
t 1166 4589 4595 4
t 4592 4595 4589 4
t 82 4597 4599 4
t 1167 4598 4597 4
t 1169 4599 4598 4
t 4597 4598 4599 4
t 303 4600 4602 4
t 1168 4601 4600 4
t 1167 4602 4601 4
t 4600 4601 4602 4
t 302 4603 4605 4
t 1169 4604 4603 4
t 1168 4605 4604 4
t 4603 4604 4605 4
t 1167 4601 4598 4
t 1168 4604 4601 4
t 1169 4598 4604 4
t 4601 4604 4598 4
t 301 4596 4582 4
t 1165 4606 4596 4
t 1162 4582 4606 4
t 4596 4606 4582 4
t 302 4605 4591 4
t 1168 4607 4605 4
t 1165 4591 4607 4
t 4605 4607 4591 4
t 303 4587 4600 4
t 1162 4608 4587 4
t 1168 4600 4608 4
t 4587 4608 4600 4
t 1165 4607 4606 4
t 1168 4608 4607 4
t 1162 4606 4608 4
t 4607 4608 4606 4
t 62 4570 4534 3
t 1160 4609 4570 3
t 1149 4534 4609 3
t 4570 4609 4534 3
t 300 4610 4573 3
t 1170 4611 4610 3
t 1160 4573 4611 3
t 4610 4611 4573 3
t 297 4538 4613 3
t 1149 4612 4538 3
t 1170 4613 4612 3
t 4538 4612 4613 3
t 1160 4611 4609 3
t 1170 4612 4611 3
t 1149 4609 4612 3
t 4611 4612 4609 3
t 82 4599 4560 4
t 1169 4614 4599 4
t 1156 4560 4614 4
t 4599 4614 4560 4
t 302 4615 4603 4
t 1171 4616 4615 4
t 1169 4603 4616 4
t 4615 4616 4603 4
t 300 4565 4618 3
t 1156 4617 4565 3
t 1171 4618 4617 3
t 4565 4617 4618 3
t 1169 4616 4614 4
t 1171 4617 4616 3
t 1156 4614 4617 4
t 4616 4617 4614 4
t 83 4543 4588 3
t 1153 4619 4543 3
t 1164 4588 4619 3
t 4543 4619 4588 3
t 297 4620 4547 3
t 1172 4621 4620 3
t 1153 4547 4621 3
t 4620 4621 4547 3
t 302 4593 4623 4
t 1164 4622 4593 3
t 1172 4623 4622 3
t 4593 4622 4623 3
t 1153 4621 4619 3
t 1172 4622 4621 3
t 1164 4619 4622 3
t 4621 4622 4619 3
t 300 4618 4610 3
t 1171 4624 4618 3
t 1170 4610 4624 3
t 4618 4624 4610 3
t 302 4623 4615 4
t 1172 4625 4623 3
t 1171 4615 4625 3
t 4623 4625 4615 3
t 297 4613 4620 3
t 1170 4626 4613 3
t 1172 4620 4626 3
t 4613 4626 4620 3
t 1171 4625 4624 3
t 1172 4626 4625 3
t 1170 4624 4626 3
t 4625 4626 4624 3
t 10 4627 3075 4
t 1173 4628 4627 4
t 781 3075 4628 4
t 4627 4628 3075 4
t 304 4629 4631 4
t 1174 4630 4629 4
t 1173 4631 4630 4
t 4629 4630 4631 4
t 204 3079 4633 4
t 781 4632 3079 4
t 1174 4633 4632 4
t 3079 4632 4633 4
t 1173 4630 4628 4
t 1174 4632 4630 4
t 781 4628 4632 4
t 4630 4632 4628 4
t 84 4634 4636 4
t 1175 4635 4634 4
t 1177 4636 4635 4
t 4634 4635 4636 4
t 305 4637 4639 4
t 1176 4638 4637 4
t 1175 4639 4638 4
t 4637 4638 4639 4
t 304 4640 4642 4
t 1177 4641 4640 4
t 1176 4642 4641 4
t 4640 4641 4642 4
t 1175 4638 4635 4
t 1176 4641 4638 4
t 1177 4635 4641 4
t 4638 4641 4635 4
t 58 3084 4644 4
t 785 4643 3084 4
t 1179 4644 4643 4
t 3084 4643 4644 4
t 204 4645 3088 4
t 1178 4646 4645 4
t 785 3088 4646 4
t 4645 4646 3088 4
t 305 4647 4649 4
t 1179 4648 4647 4
t 1178 4649 4648 4
t 4647 4648 4649 4
t 785 4646 4643 4
t 1178 4648 4646 4
t 1179 4643 4648 4
t 4646 4648 4643 4
t 304 4642 4629 4
t 1176 4650 4642 4
t 1174 4629 4650 4
t 4642 4650 4629 4
t 305 4649 4637 4
t 1178 4651 4649 4
t 1176 4637 4651 4
t 4649 4651 4637 4
t 204 4633 4645 4
t 1174 4652 4633 4
t 1178 4645 4652 4
t 4633 4652 4645 4
t 1176 4651 4650 4
t 1178 4652 4651 4
t 1174 4650 4652 4
t 4651 4652 4650 4
t 27 4653 4655 4
t 1180 4654 4653 4
t 1182 4655 4654 4
t 4653 4654 4655 4
t 306 4656 4658 4
t 1181 4657 4656 4
t 1180 4658 4657 4
t 4656 4657 4658 4
t 308 4659 4661 4
t 1182 4660 4659 4
t 1181 4661 4660 4
t 4659 4660 4661 4
t 1180 4657 4654 4
t 1181 4660 4657 4
t 1182 4654 4660 4
t 4657 4660 4654 4
t 85 4662 4664 4
t 1183 4663 4662 4
t 1185 4664 4663 4
t 4662 4663 4664 4
t 307 4665 4667 4
t 1184 4666 4665 4
t 1183 4667 4666 4
t 4665 4666 4667 4
t 306 4668 4670 4
t 1185 4669 4668 4
t 1184 4670 4669 4
t 4668 4669 4670 4
t 1183 4666 4663 4
t 1184 4669 4666 4
t 1185 4663 4669 4
t 4666 4669 4663 4
t 84 4671 4673 4
t 1186 4672 4671 4
t 1188 4673 4672 4
t 4671 4672 4673 4
t 308 4674 4676 4
t 1187 4675 4674 4
t 1186 4676 4675 4
t 4674 4675 4676 4
t 307 4677 4679 4
t 1188 4678 4677 4
t 1187 4679 4678 4
t 4677 4678 4679 4
t 1186 4675 4672 4
t 1187 4678 4675 4
t 1188 4672 4678 4
t 4675 4678 4672 4
t 306 4670 4656 4
t 1184 4680 4670 4
t 1181 4656 4680 4
t 4670 4680 4656 4
t 307 4679 4665 4
t 1187 4681 4679 4
t 1184 4665 4681 4
t 4679 4681 4665 4
t 308 4661 4674 4
t 1181 4682 4661 4
t 1187 4674 4682 4
t 4661 4682 4674 4
t 1184 4681 4680 4
t 1187 4682 4681 4
t 1181 4680 4682 4
t 4681 4682 4680 4
t 20 3103 4684 4
t 790 4683 3103 4
t 1190 4684 4683 4
t 3103 4683 4684 4
t 208 4685 3107 4
t 1189 4686 4685 4
t 790 3107 4686 4
t 4685 4686 3107 4
t 310 4687 4689 4
t 1190 4688 4687 4
t 1189 4689 4688 4
t 4687 4688 4689 4
t 790 4686 4683 4
t 1189 4688 4686 4
t 1190 4683 4688 4
t 4686 4688 4683 4
t 58 4690 3119 4
t 1191 4691 4690 4
t 794 3119 4691 4
t 4690 4691 3119 4
t 309 4692 4694 4
t 1192 4693 4692 4
t 1191 4694 4693 4
t 4692 4693 4694 4
t 208 3124 4696 4
t 794 4695 3124 4
t 1192 4696 4695 4
t 3124 4695 4696 4
t 1191 4693 4691 4
t 1192 4695 4693 4
t 794 4691 4695 4
t 4693 4695 4691 4
t 85 4697 4699 4
t 1193 4698 4697 4
t 1195 4699 4698 4
t 4697 4698 4699 4
t 310 4700 4702 4
t 1194 4701 4700 4
t 1193 4702 4701 4
t 4700 4701 4702 4
t 309 4703 4705 4
t 1195 4704 4703 4
t 1194 4705 4704 4
t 4703 4704 4705 4
t 1193 4701 4698 4
t 1194 4704 4701 4
t 1195 4698 4704 4
t 4701 4704 4698 4
t 208 4696 4685 4
t 1192 4706 4696 4
t 1189 4685 4706 4
t 4696 4706 4685 4
t 309 4705 4692 4
t 1194 4707 4705 4
t 1192 4692 4707 4
t 4705 4707 4692 4
t 310 4689 4700 4
t 1189 4708 4689 4
t 1194 4700 4708 4
t 4689 4708 4700 4
t 1192 4707 4706 4
t 1194 4708 4707 4
t 1189 4706 4708 4
t 4707 4708 4706 4
t 84 4673 4634 4
t 1188 4709 4673 4
t 1175 4634 4709 4
t 4673 4709 4634 4
t 307 4710 4677 4
t 1196 4711 4710 4
t 1188 4677 4711 4
t 4710 4711 4677 4
t 305 4639 4713 4
t 1175 4712 4639 4
t 1196 4713 4712 4
t 4639 4712 4713 4
t 1188 4711 4709 4
t 1196 4712 4711 4
t 1175 4709 4712 4
t 4711 4712 4709 4
t 85 4699 4662 4
t 1195 4714 4699 4
t 1183 4662 4714 4
t 4699 4714 4662 4
t 309 4715 4703 4
t 1197 4716 4715 4
t 1195 4703 4716 4
t 4715 4716 4703 4
t 307 4667 4718 4
t 1183 4717 4667 4
t 1197 4718 4717 4
t 4667 4717 4718 4
t 1195 4716 4714 4
t 1197 4717 4716 4
t 1183 4714 4717 4
t 4716 4717 4714 4
t 58 4644 4690 4
t 1179 4719 4644 4
t 1191 4690 4719 4
t 4644 4719 4690 4
t 305 4720 4647 4
t 1198 4721 4720 4
t 1179 4647 4721 4
t 4720 4721 4647 4
t 309 4694 4723 4
t 1191 4722 4694 4
t 1198 4723 4722 4
t 4694 4722 4723 4
t 1179 4721 4719 4
t 1198 4722 4721 4
t 1191 4719 4722 4
t 4721 4722 4719 4
t 307 4718 4710 4
t 1197 4724 4718 4
t 1196 4710 4724 4
t 4718 4724 4710 4
t 309 4723 4715 4
t 1198 4725 4723 4
t 1197 4715 4725 4
t 4723 4725 4715 4
t 305 4713 4720 4
t 1196 4726 4713 4
t 1198 4720 4726 4
t 4713 4726 4720 4
t 1197 4725 4724 4
t 1198 4726 4725 4
t 1196 4724 4726 4
t 4725 4726 4724 4
t 14 4727 4729 4
t 1199 4728 4727 4
t 1201 4729 4728 4
t 4727 4728 4729 4
t 311 4730 4732 4
t 1200 4731 4730 4
t 1199 4732 4731 4
t 4730 4731 4732 4
t 313 4733 4735 4
t 1201 4734 4733 4
t 1200 4735 4734 4
t 4733 4734 4735 4
t 1199 4731 4728 4
t 1200 4734 4731 4
t 1201 4728 4734 4
t 4731 4734 4728 4
t 86 4736 4738 4
t 1202 4737 4736 4
t 1204 4738 4737 4
t 4736 4737 4738 4
t 312 4739 4741 4
t 1203 4740 4739 4
t 1202 4741 4740 4
t 4739 4740 4741 4
t 311 4742 4744 4
t 1204 4743 4742 4
t 1203 4744 4743 4
t 4742 4743 4744 4
t 1202 4740 4737 4
t 1203 4743 4740 4
t 1204 4737 4743 4
t 4740 4743 4737 4
t 88 4745 4747 4
t 1205 4746 4745 4
t 1207 4747 4746 4
t 4745 4746 4747 4
t 313 4748 4750 4
t 1206 4749 4748 4
t 1205 4750 4749 4
t 4748 4749 4750 4
t 312 4751 4753 4
t 1207 4752 4751 4
t 1206 4753 4752 4
t 4751 4752 4753 4
t 1205 4749 4746 4
t 1206 4752 4749 4
t 1207 4746 4752 4
t 4749 4752 4746 4
t 311 4744 4730 4
t 1203 4754 4744 4
t 1200 4730 4754 4
t 4744 4754 4730 4
t 312 4753 4739 4
t 1206 4755 4753 4
t 1203 4739 4755 4
t 4753 4755 4739 4
t 313 4735 4748 4
t 1200 4756 4735 4
t 1206 4748 4756 4
t 4735 4756 4748 4
t 1203 4755 4754 4
t 1206 4756 4755 4
t 1200 4754 4756 4
t 4755 4756 4754 4
t 28 4757 4759 4
t 1208 4758 4757 4
t 1210 4759 4758 4
t 4757 4758 4759 4
t 314 4760 4762 4
t 1209 4761 4760 4
t 1208 4762 4761 4
t 4760 4761 4762 4
t 316 4763 4765 4
t 1210 4764 4763 4
t 1209 4765 4764 4
t 4763 4764 4765 4
t 1208 4761 4758 4
t 1209 4764 4761 4
t 1210 4758 4764 4
t 4761 4764 4758 4
t 87 4766 4768 4
t 1211 4767 4766 4
t 1213 4768 4767 4
t 4766 4767 4768 4
t 315 4769 4771 4
t 1212 4770 4769 4
t 1211 4771 4770 4
t 4769 4770 4771 4
t 314 4772 4774 4
t 1213 4773 4772 4
t 1212 4774 4773 4
t 4772 4773 4774 4
t 1211 4770 4767 4
t 1212 4773 4770 4
t 1213 4767 4773 4
t 4770 4773 4767 4
t 86 4775 4777 4
t 1214 4776 4775 4
t 1216 4777 4776 4
t 4775 4776 4777 4
t 316 4778 4780 4
t 1215 4779 4778 4
t 1214 4780 4779 4
t 4778 4779 4780 4
t 315 4781 4783 4
t 1216 4782 4781 4
t 1215 4783 4782 4
t 4781 4782 4783 4
t 1214 4779 4776 4
t 1215 4782 4779 4
t 1216 4776 4782 4
t 4779 4782 4776 4
t 314 4774 4760 4
t 1212 4784 4774 4
t 1209 4760 4784 4
t 4774 4784 4760 4
t 315 4783 4769 4
t 1215 4785 4783 4
t 1212 4769 4785 4
t 4783 4785 4769 4
t 316 4765 4778 4
t 1209 4786 4765 4
t 1215 4778 4786 4
t 4765 4786 4778 4
t 1212 4785 4784 4
t 1215 4786 4785 4
t 1209 4784 4786 4
t 4785 4786 4784 4
t 27 4787 4789 4
t 1217 4788 4787 4
t 1219 4789 4788 4
t 4787 4788 4789 4
t 317 4790 4792 4
t 1218 4791 4790 4
t 1217 4792 4791 4
t 4790 4791 4792 4
t 319 4793 4795 4
t 1219 4794 4793 4
t 1218 4795 4794 4
t 4793 4794 4795 4
t 1217 4791 4788 4
t 1218 4794 4791 4
t 1219 4788 4794 4
t 4791 4794 4788 4
t 88 4796 4798 4
t 1220 4797 4796 4
t 1222 4798 4797 4
t 4796 4797 4798 4
t 318 4799 4801 4
t 1221 4800 4799 4
t 1220 4801 4800 4
t 4799 4800 4801 4
t 317 4802 4804 4
t 1222 4803 4802 4
t 1221 4804 4803 4
t 4802 4803 4804 4
t 1220 4800 4797 4
t 1221 4803 4800 4
t 1222 4797 4803 4
t 4800 4803 4797 4
t 87 4805 4807 4
t 1223 4806 4805 4
t 1225 4807 4806 4
t 4805 4806 4807 4
t 319 4808 4810 4
t 1224 4809 4808 4
t 1223 4810 4809 4
t 4808 4809 4810 4
t 318 4811 4813 4
t 1225 4812 4811 4
t 1224 4813 4812 4
t 4811 4812 4813 4
t 1223 4809 4806 4
t 1224 4812 4809 4
t 1225 4806 4812 4
t 4809 4812 4806 4
t 317 4804 4790 4
t 1221 4814 4804 4
t 1218 4790 4814 4
t 4804 4814 4790 4
t 318 4813 4799 4
t 1224 4815 4813 4
t 1221 4799 4815 4
t 4813 4815 4799 4
t 319 4795 4808 4
t 1218 4816 4795 4
t 1224 4808 4816 4
t 4795 4816 4808 4
t 1221 4815 4814 4
t 1224 4816 4815 4
t 1218 4814 4816 4
t 4815 4816 4814 4
t 86 4777 4736 4
t 1216 4817 4777 4
t 1202 4736 4817 4
t 4777 4817 4736 4
t 315 4818 4781 4
t 1226 4819 4818 4
t 1216 4781 4819 4
t 4818 4819 4781 4
t 312 4741 4821 4
t 1202 4820 4741 4
t 1226 4821 4820 4
t 4741 4820 4821 4
t 1216 4819 4817 4
t 1226 4820 4819 4
t 1202 4817 4820 4
t 4819 4820 4817 4
t 87 4807 4766 4
t 1225 4822 4807 4
t 1211 4766 4822 4
t 4807 4822 4766 4
t 318 4823 4811 4
t 1227 4824 4823 4
t 1225 4811 4824 4
t 4823 4824 4811 4
t 315 4771 4826 4
t 1211 4825 4771 4
t 1227 4826 4825 4
t 4771 4825 4826 4
t 1225 4824 4822 4
t 1227 4825 4824 4
t 1211 4822 4825 4
t 4824 4825 4822 4
t 88 4747 4796 4
t 1207 4827 4747 4
t 1220 4796 4827 4
t 4747 4827 4796 4
t 312 4828 4751 4
t 1228 4829 4828 4
t 1207 4751 4829 4
t 4828 4829 4751 4
t 318 4801 4831 4
t 1220 4830 4801 4
t 1228 4831 4830 4
t 4801 4830 4831 4
t 1207 4829 4827 4
t 1228 4830 4829 4
t 1220 4827 4830 4
t 4829 4830 4827 4
t 315 4826 4818 4
t 1227 4832 4826 4
t 1226 4818 4832 4
t 4826 4832 4818 4
t 318 4831 4823 4
t 1228 4833 4831 4
t 1227 4823 4833 4
t 4831 4833 4823 4
t 312 4821 4828 4
t 1226 4834 4821 4
t 1228 4828 4834 4
t 4821 4834 4828 4
t 1227 4833 4832 4
t 1228 4834 4833 4
t 1226 4832 4834 4
t 4833 4834 4832 4
t 20 4684 4553 4
t 1190 4835 4684 4
t 1154 4553 4835 4
t 4684 4835 4553 4
t 310 4836 4687 4
t 1229 4837 4836 4
t 1190 4687 4837 4
t 4836 4837 4687 4
t 299 4557 4839 4
t 1154 4838 4557 4
t 1229 4839 4838 4
t 4557 4838 4839 4
t 1190 4837 4835 4
t 1229 4838 4837 4
t 1154 4835 4838 4
t 4837 4838 4835 4
t 85 4840 4697 4
t 1230 4841 4840 4
t 1193 4697 4841 4
t 4840 4841 4697 4
t 320 4842 4844 4
t 1231 4843 4842 4
t 1230 4844 4843 4
t 4842 4843 4844 4
t 310 4702 4846 4
t 1193 4845 4702 4
t 1231 4846 4845 4
t 4702 4845 4846 4
t 1230 4843 4841 4
t 1231 4845 4843 4
t 1193 4841 4845 4
t 4843 4845 4841 4
t 82 4562 4848 4
t 1158 4847 4562 4
t 1233 4848 4847 4
t 4562 4847 4848 4
t 299 4849 4566 4
t 1232 4850 4849 4
t 1158 4566 4850 4
t 4849 4850 4566 4
t 320 4851 4853 4
t 1233 4852 4851 4
t 1232 4853 4852 4
t 4851 4852 4853 4
t 1158 4850 4847 4
t 1232 4852 4850 4
t 1233 4847 4852 4
t 4850 4852 4847 4
t 310 4846 4836 4
t 1231 4854 4846 4
t 1229 4836 4854 4
t 4846 4854 4836 4
t 320 4853 4842 4
t 1232 4855 4853 4
t 1231 4842 4855 4
t 4853 4855 4842 4
t 299 4839 4849 4
t 1229 4856 4839 4
t 1232 4849 4856 4
t 4839 4856 4849 4
t 1231 4855 4854 4
t 1232 4856 4855 4
t 1229 4854 4856 4
t 4855 4856 4854 4
t 27 4789 4653 4
t 1219 4857 4789 4
t 1180 4653 4857 4
t 4789 4857 4653 4
t 319 4858 4793 4
t 1234 4859 4858 4
t 1219 4793 4859 4
t 4858 4859 4793 4
t 306 4658 4861 4
t 1180 4860 4658 4
t 1234 4861 4860 4
t 4658 4860 4861 4
t 1219 4859 4857 4
t 1234 4860 4859 4
t 1180 4857 4860 4
t 4859 4860 4857 4
t 87 4862 4805 4
t 1235 4863 4862 4
t 1223 4805 4863 4
t 4862 4863 4805 4
t 321 4864 4866 4
t 1236 4865 4864 4
t 1235 4866 4865 4
t 4864 4865 4866 4
t 319 4810 4868 4
t 1223 4867 4810 4
t 1236 4868 4867 4
t 4810 4867 4868 4
t 1235 4865 4863 4
t 1236 4867 4865 4
t 1223 4863 4867 4
t 4865 4867 4863 4
t 85 4664 4870 4
t 1185 4869 4664 4
t 1238 4870 4869 4
t 4664 4869 4870 4
t 306 4871 4668 4
t 1237 4872 4871 4
t 1185 4668 4872 4
t 4871 4872 4668 4
t 321 4873 4875 4
t 1238 4874 4873 4
t 1237 4875 4874 4
t 4873 4874 4875 4
t 1185 4872 4869 4
t 1237 4874 4872 4
t 1238 4869 4874 4
t 4872 4874 4869 4
t 319 4868 4858 4
t 1236 4876 4868 4
t 1234 4858 4876 4
t 4868 4876 4858 4
t 321 4875 4864 4
t 1237 4877 4875 4
t 1236 4864 4877 4
t 4875 4877 4864 4
t 306 4861 4871 4
t 1234 4878 4861 4
t 1237 4871 4878 4
t 4861 4878 4871 4
t 1236 4877 4876 4
t 1237 4878 4877 4
t 1234 4876 4878 4
t 4877 4878 4876 4
t 28 4581 4757 4
t 1163 4879 4581 4
t 1208 4757 4879 4
t 4581 4879 4757 4
t 303 4880 4585 4
t 1239 4881 4880 4
t 1163 4585 4881 4
t 4880 4881 4585 4
t 314 4762 4883 4
t 1208 4882 4762 4
t 1239 4883 4882 4
t 4762 4882 4883 4
t 1163 4881 4879 4
t 1239 4882 4881 4
t 1208 4879 4882 4
t 4881 4882 4879 4
t 82 4884 4597 4
t 1240 4885 4884 4
t 1167 4597 4885 4
t 4884 4885 4597 4
t 322 4886 4888 4
t 1241 4887 4886 4
t 1240 4888 4887 4
t 4886 4887 4888 4
t 303 4602 4890 4
t 1167 4889 4602 4
t 1241 4890 4889 4
t 4602 4889 4890 4
t 1240 4887 4885 4
t 1241 4889 4887 4
t 1167 4885 4889 4
t 4887 4889 4885 4
t 87 4768 4892 4
t 1213 4891 4768 4
t 1243 4892 4891 4
t 4768 4891 4892 4
t 314 4893 4772 4
t 1242 4894 4893 4
t 1213 4772 4894 4
t 4893 4894 4772 4
t 322 4895 4897 4
t 1243 4896 4895 4
t 1242 4897 4896 4
t 4895 4896 4897 4
t 1213 4894 4891 4
t 1242 4896 4894 4
t 1243 4891 4896 4
t 4894 4896 4891 4
t 303 4890 4880 4
t 1241 4898 4890 4
t 1239 4880 4898 4
t 4890 4898 4880 4
t 322 4897 4886 4
t 1242 4899 4897 4
t 1241 4886 4899 4
t 4897 4899 4886 4
t 314 4883 4893 4
t 1239 4900 4883 4
t 1242 4893 4900 4
t 4883 4900 4893 4
t 1241 4899 4898 4
t 1242 4900 4899 4
t 1239 4898 4900 4
t 4899 4900 4898 4
t 85 4870 4840 4
t 1238 4901 4870 4
t 1230 4840 4901 4
t 4870 4901 4840 4
t 321 4902 4873 4
t 1244 4903 4902 4
t 1238 4873 4903 4
t 4902 4903 4873 4
t 320 4844 4905 4
t 1230 4904 4844 4
t 1244 4905 4904 4
t 4844 4904 4905 4
t 1238 4903 4901 4
t 1244 4904 4903 4
t 1230 4901 4904 4
t 4903 4904 4901 4
t 87 4892 4862 4
t 1243 4906 4892 4
t 1235 4862 4906 4
t 4892 4906 4862 4
t 322 4907 4895 4
t 1245 4908 4907 4
t 1243 4895 4908 4
t 4907 4908 4895 4
t 321 4866 4910 4
t 1235 4909 4866 4
t 1245 4910 4909 4
t 4866 4909 4910 4
t 1243 4908 4906 4
t 1245 4909 4908 4
t 1235 4906 4909 4
t 4908 4909 4906 4
t 82 4848 4884 4
t 1233 4911 4848 4
t 1240 4884 4911 4
t 4848 4911 4884 4
t 320 4912 4851 4
t 1246 4913 4912 4
t 1233 4851 4913 4
t 4912 4913 4851 4
t 322 4888 4915 4
t 1240 4914 4888 4
t 1246 4915 4914 4
t 4888 4914 4915 4
t 1233 4913 4911 4
t 1246 4914 4913 4
t 1240 4911 4914 4
t 4913 4914 4911 4
t 321 4910 4902 4
t 1245 4916 4910 4
t 1244 4902 4916 4
t 4910 4916 4902 4
t 322 4915 4907 4
t 1246 4917 4915 4
t 1245 4907 4917 4
t 4915 4917 4907 4
t 320 4905 4912 4
t 1244 4918 4905 4
t 1246 4912 4918 4
t 4905 4918 4912 4
t 1245 4917 4916 4
t 1246 4918 4917 4
t 1244 4916 4918 4
t 4917 4918 4916 4
t 10 2785 4920 4
t 709 4919 2785 4
t 1248 4920 4919 4
t 2785 4919 4920 4
t 187 4921 2789 4
t 1247 4922 4921 4
t 709 2789 4922 4
t 4921 4922 2789 4
t 324 4923 4925 4
t 1248 4924 4923 4
t 1247 4925 4924 4
t 4923 4924 4925 4
t 709 4922 4919 4
t 1247 4924 4922 4
t 1248 4919 4924 4
t 4922 4924 4919 4
t 55 4926 2801 4
t 1249 4927 4926 4
t 713 2801 4927 4
t 4926 4927 2801 4
t 323 4928 4930 4
t 1250 4929 4928 4
t 1249 4930 4929 4
t 4928 4929 4930 4
t 187 2806 4932 4
t 713 4931 2806 4
t 1250 4932 4931 4
t 2806 4931 4932 4
t 1249 4929 4927 4
t 1250 4931 4929 4
t 713 4927 4931 4
t 4929 4931 4927 4
t 90 4933 4935 4
t 1251 4934 4933 4
t 1253 4935 4934 4
t 4933 4934 4935 4
t 324 4936 4938 4
t 1252 4937 4936 4
t 1251 4938 4937 4
t 4936 4937 4938 4
t 323 4939 4941 4
t 1253 4940 4939 4
t 1252 4941 4940 4
t 4939 4940 4941 4
t 1251 4937 4934 4
t 1252 4940 4937 4
t 1253 4934 4940 4
t 4937 4940 4934 4
t 187 4932 4921 4
t 1250 4942 4932 4
t 1247 4921 4942 4
t 4932 4942 4921 4
t 323 4941 4928 4
t 1252 4943 4941 4
t 1250 4928 4943 4
t 4941 4943 4928 4
t 324 4925 4936 4
t 1247 4944 4925 4
t 1252 4936 4944 4
t 4925 4944 4936 4
t 1250 4943 4942 4
t 1252 4944 4943 4
t 1247 4942 4944 4
t 4943 4944 4942 4
t 18 4945 2843 0
t 1254 4946 4945 0
t 725 2843 4946 0
t 4945 4946 2843 0
t 325 4947 4949 4
t 1255 4948 4947 4
t 1254 4949 4948 0
t 4947 4948 4949 4
t 191 2848 4951 4
t 725 4950 2848 0
t 1255 4951 4950 4
t 2848 4950 4951 4
t 1254 4948 4946 0
t 1255 4950 4948 4
t 725 4946 4950 0
t 4948 4950 4946 0
t 89 4952 4954 4
t 1256 4953 4952 4
t 1258 4954 4953 4
t 4952 4953 4954 4
t 326 4955 4957 4
t 1257 4956 4955 4
t 1256 4957 4956 4
t 4955 4956 4957 4
t 325 4958 4960 4
t 1258 4959 4958 4
t 1257 4960 4959 4
t 4958 4959 4960 4
t 1256 4956 4953 4
t 1257 4959 4956 4
t 1258 4953 4959 4
t 4956 4959 4953 4
t 55 2854 4962 4
t 730 4961 2854 4
t 1260 4962 4961 4
t 2854 4961 4962 4
t 191 4963 2858 4
t 1259 4964 4963 4
t 730 2858 4964 4
t 4963 4964 2858 4
t 326 4965 4967 4
t 1260 4966 4965 4
t 1259 4967 4966 4
t 4965 4966 4967 4
t 730 4964 4961 4
t 1259 4966 4964 4
t 1260 4961 4966 4
t 4964 4966 4961 4
t 325 4960 4947 4
t 1257 4968 4960 4
t 1255 4947 4968 4
t 4960 4968 4947 4
t 326 4967 4955 4
t 1259 4969 4967 4
t 1257 4955 4969 4
t 4967 4969 4955 4
t 191 4951 4963 4
t 1255 4970 4951 4
t 1259 4963 4970 4
t 4951 4970 4963 4
t 1257 4969 4968 4
t 1259 4970 4969 4
t 1255 4968 4970 4
t 4969 4970 4968 4
t 30 4971 4973 4
t 1261 4972 4971 4
t 1263 4973 4972 4
t 4971 4972 4973 4
t 327 4974 4976 4
t 1262 4975 4974 4
t 1261 4976 4975 4
t 4974 4975 4976 4
t 329 4977 4979 4
t 1263 4978 4977 4
t 1262 4979 4978 4
t 4977 4978 4979 4
t 1261 4975 4972 4
t 1262 4978 4975 4
t 1263 4972 4978 4
t 4975 4978 4972 4
t 90 4980 4982 4
t 1264 4981 4980 4
t 1266 4982 4981 4
t 4980 4981 4982 4
t 328 4983 4985 4
t 1265 4984 4983 4
t 1264 4985 4984 4
t 4983 4984 4985 4
t 327 4986 4988 4
t 1266 4987 4986 4
t 1265 4988 4987 4
t 4986 4987 4988 4
t 1264 4984 4981 4
t 1265 4987 4984 4
t 1266 4981 4987 4
t 4984 4987 4981 4
t 89 4989 4991 4
t 1267 4990 4989 4
t 1269 4991 4990 4
t 4989 4990 4991 4
t 329 4992 4994 4
t 1268 4993 4992 4
t 1267 4994 4993 4
t 4992 4993 4994 4
t 328 4995 4997 4
t 1269 4996 4995 4
t 1268 4997 4996 4
t 4995 4996 4997 4
t 1267 4993 4990 4
t 1268 4996 4993 4
t 1269 4990 4996 4
t 4993 4996 4990 4
t 327 4988 4974 4
t 1265 4998 4988 4
t 1262 4974 4998 4
t 4988 4998 4974 4
t 328 4997 4983 4
t 1268 4999 4997 4
t 1265 4983 4999 4
t 4997 4999 4983 4
t 329 4979 4992 4
t 1262 5000 4979 4
t 1268 4992 5000 4
t 4979 5000 4992 4
t 1265 4999 4998 4
t 1268 5000 4999 4
t 1262 4998 5000 4
t 4999 5000 4998 4
t 55 4962 4926 4
t 1260 5001 4962 4
t 1249 4926 5001 4
t 4962 5001 4926 4
t 326 5002 4965 4
t 1270 5003 5002 4
t 1260 4965 5003 4
t 5002 5003 4965 4
t 323 4930 5005 4
t 1249 5004 4930 4
t 1270 5005 5004 4
t 4930 5004 5005 4
t 1260 5003 5001 4
t 1270 5004 5003 4
t 1249 5001 5004 4
t 5003 5004 5001 4
t 89 4991 4952 4
t 1269 5006 4991 4
t 1256 4952 5006 4
t 4991 5006 4952 4
t 328 5007 4995 4
t 1271 5008 5007 4
t 1269 4995 5008 4
t 5007 5008 4995 4
t 326 4957 5010 4
t 1256 5009 4957 4
t 1271 5010 5009 4
t 4957 5009 5010 4
t 1269 5008 5006 4
t 1271 5009 5008 4
t 1256 5006 5009 4
t 5008 5009 5006 4
t 90 4935 4980 4
t 1253 5011 4935 4
t 1264 4980 5011 4
t 4935 5011 4980 4
t 323 5012 4939 4
t 1272 5013 5012 4
t 1253 4939 5013 4
t 5012 5013 4939 4
t 328 4985 5015 4
t 1264 5014 4985 4
t 1272 5015 5014 4
t 4985 5014 5015 4
t 1253 5013 5011 4
t 1272 5014 5013 4
t 1264 5011 5014 4
t 5013 5014 5011 4
t 326 5010 5002 4
t 1271 5016 5010 4
t 1270 5002 5016 4
t 5010 5016 5002 4
t 328 5015 5007 4
t 1272 5017 5015 4
t 1271 5007 5017 4
t 5015 5017 5007 4
t 323 5005 5012 4
t 1270 5018 5005 4
t 1272 5012 5018 4
t 5005 5018 5012 4
t 1271 5017 5016 4
t 1272 5018 5017 4
t 1270 5016 5018 4
t 5017 5018 5016 4
t 16 5019 2675 0
t 1273 5020 5019 0
t 677 2675 5020 0
t 5019 5020 2675 0
t 330 5021 5023 0
t 1274 5022 5021 0
t 1273 5023 5022 0
t 5021 5022 5023 0
t 176 2680 5025 0
t 677 5024 2680 0
t 1274 5025 5024 0
t 2680 5024 5025 0
t 1273 5022 5020 0
t 1274 5024 5022 0
t 677 5020 5024 0
t 5022 5024 5020 0
t 91 5026 5028 0
t 1275 5027 5026 0
t 1277 5028 5027 0
t 5026 5027 5028 0
t 331 5029 5031 0
t 1276 5030 5029 0
t 1275 5031 5030 0
t 5029 5030 5031 0
t 330 5032 5034 0
t 1277 5033 5032 0
t 1276 5034 5033 0
t 5032 5033 5034 0
t 1275 5030 5027 0
t 1276 5033 5030 0
t 1277 5027 5033 0
t 5030 5033 5027 0
t 50 2686 5036 0
t 682 5035 2686 0
t 1279 5036 5035 0
t 2686 5035 5036 0
t 176 5037 2690 0
t 1278 5038 5037 0
t 682 2690 5038 0
t 5037 5038 2690 0
t 331 5039 5041 0
t 1279 5040 5039 0
t 1278 5041 5040 0
t 5039 5040 5041 0
t 682 5038 5035 0
t 1278 5040 5038 0
t 1279 5035 5040 0
t 5038 5040 5035 0
t 330 5034 5021 0
t 1276 5042 5034 0
t 1274 5021 5042 0
t 5034 5042 5021 0
t 331 5041 5029 0
t 1278 5043 5041 0
t 1276 5029 5043 0
t 5041 5043 5029 0
t 176 5025 5037 0
t 1274 5044 5025 0
t 1278 5037 5044 0
t 5025 5044 5037 0
t 1276 5043 5042 0
t 1278 5044 5043 0
t 1274 5042 5044 0
t 5043 5044 5042 0
t 29 5045 5047 0
t 1280 5046 5045 0
t 1282 5047 5046 0
t 5045 5046 5047 0
t 332 5048 5050 0
t 1281 5049 5048 0
t 1280 5050 5049 0
t 5048 5049 5050 0
t 334 5051 5053 0
t 1282 5052 5051 0
t 1281 5053 5052 0
t 5051 5052 5053 0
t 1280 5049 5046 0
t 1281 5052 5049 0
t 1282 5046 5052 0
t 5049 5052 5046 0
t 92 5054 5056 0
t 1283 5055 5054 0
t 1285 5056 5055 0
t 5054 5055 5056 0
t 333 5057 5059 0
t 1284 5058 5057 0
t 1283 5059 5058 0
t 5057 5058 5059 0
t 332 5060 5062 0
t 1285 5061 5060 0
t 1284 5062 5061 0
t 5060 5061 5062 0
t 1283 5058 5055 0
t 1284 5061 5058 0
t 1285 5055 5061 0
t 5058 5061 5055 0
t 91 5063 5065 0
t 1286 5064 5063 0
t 1288 5065 5064 0
t 5063 5064 5065 0
t 334 5066 5068 0
t 1287 5067 5066 0
t 1286 5068 5067 0
t 5066 5067 5068 0
t 333 5069 5071 0
t 1288 5070 5069 0
t 1287 5071 5070 0
t 5069 5070 5071 0
t 1286 5067 5064 0
t 1287 5070 5067 0
t 1288 5064 5070 0
t 5067 5070 5064 0
t 332 5062 5048 0
t 1284 5072 5062 0
t 1281 5048 5072 0
t 5062 5072 5048 0
t 333 5071 5057 0
t 1287 5073 5071 0
t 1284 5057 5073 0
t 5071 5073 5057 0
t 334 5053 5066 0
t 1281 5074 5053 0
t 1287 5066 5074 0
t 5053 5074 5066 0
t 1284 5073 5072 0
t 1287 5074 5073 0
t 1281 5072 5074 0
t 5073 5074 5072 0
t 18 2707 5076 0
t 688 5075 2707 0
t 1290 5076 5075 0
t 2707 5075 5076 0
t 181 5077 2711 0
t 1289 5078 5077 0
t 688 2711 5078 0
t 5077 5078 2711 0
t 336 5079 5081 0
t 1290 5080 5079 0
t 1289 5081 5080 0
t 5079 5080 5081 0
t 688 5078 5075 0
t 1289 5080 5078 0
t 1290 5075 5080 0
t 5078 5080 5075 0
t 50 5082 2723 0
t 1291 5083 5082 0
t 692 2723 5083 0
t 5082 5083 2723 0
t 335 5084 5086 0
t 1292 5085 5084 0
t 1291 5086 5085 0
t 5084 5085 5086 0
t 181 2728 5088 0
t 692 5087 2728 0
t 1292 5088 5087 0
t 2728 5087 5088 0
t 1291 5085 5083 0
t 1292 5087 5085 0
t 692 5083 5087 0
t 5085 5087 5083 0
t 92 5089 5091 0
t 1293 5090 5089 0
t 1295 5091 5090 0
t 5089 5090 5091 0
t 336 5092 5094 0
t 1294 5093 5092 0
t 1293 5094 5093 0
t 5092 5093 5094 0
t 335 5095 5097 0
t 1295 5096 5095 0
t 1294 5097 5096 0
t 5095 5096 5097 0
t 1293 5093 5090 0
t 1294 5096 5093 0
t 1295 5090 5096 0
t 5093 5096 5090 0
t 181 5088 5077 0
t 1292 5098 5088 0
t 1289 5077 5098 0
t 5088 5098 5077 0
t 335 5097 5084 0
t 1294 5099 5097 0
t 1292 5084 5099 0
t 5097 5099 5084 0
t 336 5081 5092 0
t 1289 5100 5081 0
t 1294 5092 5100 0
t 5081 5100 5092 0
t 1292 5099 5098 0
t 1294 5100 5099 0
t 1289 5098 5100 0
t 5099 5100 5098 0
t 91 5065 5026 0
t 1288 5101 5065 0
t 1275 5026 5101 0
t 5065 5101 5026 0
t 333 5102 5069 0
t 1296 5103 5102 0
t 1288 5069 5103 0
t 5102 5103 5069 0
t 331 5031 5105 0
t 1275 5104 5031 0
t 1296 5105 5104 0
t 5031 5104 5105 0
t 1288 5103 5101 0
t 1296 5104 5103 0
t 1275 5101 5104 0
t 5103 5104 5101 0
t 92 5091 5054 0
t 1295 5106 5091 0
t 1283 5054 5106 0
t 5091 5106 5054 0
t 335 5107 5095 0
t 1297 5108 5107 0
t 1295 5095 5108 0
t 5107 5108 5095 0
t 333 5059 5110 0
t 1283 5109 5059 0
t 1297 5110 5109 0
t 5059 5109 5110 0
t 1295 5108 5106 0
t 1297 5109 5108 0
t 1283 5106 5109 0
t 5108 5109 5106 0
t 50 5036 5082 0
t 1279 5111 5036 0
t 1291 5082 5111 0
t 5036 5111 5082 0
t 331 5112 5039 0
t 1298 5113 5112 0
t 1279 5039 5113 0
t 5112 5113 5039 0
t 335 5086 5115 0
t 1291 5114 5086 0
t 1298 5115 5114 0
t 5086 5114 5115 0
t 1279 5113 5111 0
t 1298 5114 5113 0
t 1291 5111 5114 0
t 5113 5114 5111 0
t 333 5110 5102 0
t 1297 5116 5110 0
t 1296 5102 5116 0
t 5110 5116 5102 0
t 335 5115 5107 0
t 1298 5117 5115 0
t 1297 5107 5117 0
t 5115 5117 5107 0
t 331 5105 5112 0
t 1296 5118 5105 0
t 1298 5112 5118 0
t 5105 5118 5112 0
t 1297 5117 5116 0
t 1298 5118 5117 0
t 1296 5116 5118 0
t 5117 5118 5116 0
t 9 5119 5121 4
t 1299 5120 5119 4
t 1301 5121 5120 4
t 5119 5120 5121 4
t 337 5122 5124 4
t 1300 5123 5122 4
t 1299 5124 5123 4
t 5122 5123 5124 4
t 339 5125 5127 4
t 1301 5126 5125 4
t 1300 5127 5126 4
t 5125 5126 5127 4
t 1299 5123 5120 4
t 1300 5126 5123 4
t 1301 5120 5126 4
t 5123 5126 5120 4
t 93 5128 5130 4
t 1302 5129 5128 4
t 1304 5130 5129 4
t 5128 5129 5130 4
t 338 5131 5133 4
t 1303 5132 5131 4
t 1302 5133 5132 4
t 5131 5132 5133 4
t 337 5134 5136 4
t 1304 5135 5134 4
t 1303 5136 5135 4
t 5134 5135 5136 4
t 1302 5132 5129 4
t 1303 5135 5132 4
t 1304 5129 5135 4
t 5132 5135 5129 4
t 95 5137 5139 4
t 1305 5138 5137 4
t 1307 5139 5138 4
t 5137 5138 5139 4
t 339 5140 5142 4
t 1306 5141 5140 4
t 1305 5142 5141 4
t 5140 5141 5142 4
t 338 5143 5145 4
t 1307 5144 5143 4
t 1306 5145 5144 4
t 5143 5144 5145 4
t 1305 5141 5138 4
t 1306 5144 5141 4
t 1307 5138 5144 4
t 5141 5144 5138 4
t 337 5136 5122 4
t 1303 5146 5136 4
t 1300 5122 5146 4
t 5136 5146 5122 4
t 338 5145 5131 4
t 1306 5147 5145 4
t 1303 5131 5147 4
t 5145 5147 5131 4
t 339 5127 5140 4
t 1300 5148 5127 4
t 1306 5140 5148 4
t 5127 5148 5140 4
t 1303 5147 5146 4
t 1306 5148 5147 4
t 1300 5146 5148 4
t 5147 5148 5146 4
t 30 5149 5151 4
t 1308 5150 5149 4
t 1310 5151 5150 4
t 5149 5150 5151 4
t 340 5152 5154 4
t 1309 5153 5152 4
t 1308 5154 5153 4
t 5152 5153 5154 4
t 342 5155 5157 4
t 1310 5156 5155 4
t 1309 5157 5156 4
t 5155 5156 5157 4
t 1308 5153 5150 4
t 1309 5156 5153 4
t 1310 5150 5156 4
t 5153 5156 5150 4
t 94 5158 5160 4
t 1311 5159 5158 4
t 1313 5160 5159 4
t 5158 5159 5160 4
t 341 5161 5163 4
t 1312 5162 5161 4
t 1311 5163 5162 4
t 5161 5162 5163 4
t 340 5164 5166 4
t 1313 5165 5164 4
t 1312 5166 5165 4
t 5164 5165 5166 4
t 1311 5162 5159 4
t 1312 5165 5162 4
t 1313 5159 5165 4
t 5162 5165 5159 4
t 93 5167 5169 4
t 1314 5168 5167 4
t 1316 5169 5168 4
t 5167 5168 5169 4
t 342 5170 5172 4
t 1315 5171 5170 4
t 1314 5172 5171 4
t 5170 5171 5172 4
t 341 5173 5175 4
t 1316 5174 5173 4
t 1315 5175 5174 4
t 5173 5174 5175 4
t 1314 5171 5168 4
t 1315 5174 5171 4
t 1316 5168 5174 4
t 5171 5174 5168 4
t 340 5166 5152 4
t 1312 5176 5166 4
t 1309 5152 5176 4
t 5166 5176 5152 4
t 341 5175 5161 4
t 1315 5177 5175 4
t 1312 5161 5177 4
t 5175 5177 5161 4
t 342 5157 5170 4
t 1309 5178 5157 4
t 1315 5170 5178 4
t 5157 5178 5170 4
t 1312 5177 5176 4
t 1315 5178 5177 4
t 1309 5176 5178 4
t 5177 5178 5176 4
t 29 5179 5181 0
t 1317 5180 5179 0
t 1319 5181 5180 0
t 5179 5180 5181 0
t 343 5182 5184 0
t 1318 5183 5182 0
t 1317 5184 5183 0
t 5182 5183 5184 0
t 345 5185 5187 0
t 1319 5186 5185 0
t 1318 5187 5186 0
t 5185 5186 5187 0
t 1317 5183 5180 0
t 1318 5186 5183 0
t 1319 5180 5186 0
t 5183 5186 5180 0
t 95 5188 5190 4
t 1320 5189 5188 4
t 1322 5190 5189 4
t 5188 5189 5190 4
t 344 5191 5193 4
t 1321 5192 5191 4
t 1320 5193 5192 4
t 5191 5192 5193 4
t 343 5194 5196 0
t 1322 5195 5194 0
t 1321 5196 5195 0
t 5194 5195 5196 0
t 1320 5192 5189 4
t 1321 5195 5192 4
t 1322 5189 5195 4
t 5192 5195 5189 4
t 94 5197 5199 4
t 1323 5198 5197 4
t 1325 5199 5198 4
t 5197 5198 5199 4
t 345 5200 5202 0
t 1324 5201 5200 4
t 1323 5202 5201 4
t 5200 5201 5202 4
t 344 5203 5205 4
t 1325 5204 5203 4
t 1324 5205 5204 4
t 5203 5204 5205 4
t 1323 5201 5198 4
t 1324 5204 5201 4
t 1325 5198 5204 4
t 5201 5204 5198 4
t 343 5196 5182 0
t 1321 5206 5196 0
t 1318 5182 5206 0
t 5196 5206 5182 0
t 344 5205 5191 4
t 1324 5207 5205 4
t 1321 5191 5207 4
t 5205 5207 5191 4
t 345 5187 5200 0
t 1318 5208 5187 0
t 1324 5200 5208 4
t 5187 5208 5200 0
t 1321 5207 5206 4
t 1324 5208 5207 4
t 1318 5206 5208 0
t 5207 5208 5206 0
t 93 5169 5128 4
t 1316 5209 5169 4
t 1302 5128 5209 4
t 5169 5209 5128 4
t 341 5210 5173 4
t 1326 5211 5210 4
t 1316 5173 5211 4
t 5210 5211 5173 4
t 338 5133 5213 4
t 1302 5212 5133 4
t 1326 5213 5212 4
t 5133 5212 5213 4
t 1316 5211 5209 4
t 1326 5212 5211 4
t 1302 5209 5212 4
t 5211 5212 5209 4
t 94 5199 5158 4
t 1325 5214 5199 4
t 1311 5158 5214 4
t 5199 5214 5158 4
t 344 5215 5203 4
t 1327 5216 5215 4
t 1325 5203 5216 4
t 5215 5216 5203 4
t 341 5163 5218 4
t 1311 5217 5163 4
t 1327 5218 5217 4
t 5163 5217 5218 4
t 1325 5216 5214 4
t 1327 5217 5216 4
t 1311 5214 5217 4
t 5216 5217 5214 4
t 95 5139 5188 4
t 1307 5219 5139 4
t 1320 5188 5219 4
t 5139 5219 5188 4
t 338 5220 5143 4
t 1328 5221 5220 4
t 1307 5143 5221 4
t 5220 5221 5143 4
t 344 5193 5223 4
t 1320 5222 5193 4
t 1328 5223 5222 4
t 5193 5222 5223 4
t 1307 5221 5219 4
t 1328 5222 5221 4
t 1320 5219 5222 4
t 5221 5222 5219 4
t 341 5218 5210 4
t 1327 5224 5218 4
t 1326 5210 5224 4
t 5218 5224 5210 4
t 344 5223 5215 4
t 1328 5225 5223 4
t 1327 5215 5225 4
t 5223 5225 5215 4
t 338 5213 5220 4
t 1326 5226 5213 4
t 1328 5220 5226 4
t 5213 5226 5220 4
t 1327 5225 5224 4
t 1328 5226 5225 4
t 1326 5224 5226 4
t 5225 5226 5224 4
t 18 5076 4945 0
t 1290 5227 5076 0
t 1254 4945 5227 0
t 5076 5227 4945 0
t 336 5228 5079 0
t 1329 5229 5228 0
t 1290 5079 5229 0
t 5228 5229 5079 0
t 325 4949 5231 4
t 1254 5230 4949 0
t 1329 5231 5230 0
t 4949 5230 5231 0
t 1290 5229 5227 0
t 1329 5230 5229 0
t 1254 5227 5230 0
t 5229 5230 5227 0
t 92 5232 5089 0
t 1330 5233 5232 0
t 1293 5089 5233 0
t 5232 5233 5089 0
t 346 5234 5236 0
t 1331 5235 5234 0
t 1330 5236 5235 0
t 5234 5235 5236 0
t 336 5094 5238 0
t 1293 5237 5094 0
t 1331 5238 5237 0
t 5094 5237 5238 0
t 1330 5235 5233 0
t 1331 5237 5235 0
t 1293 5233 5237 0
t 5235 5237 5233 0
t 89 4954 5240 4
t 1258 5239 4954 4
t 1333 5240 5239 4
t 4954 5239 5240 4
t 325 5241 4958 4
t 1332 5242 5241 4
t 1258 4958 5242 4
t 5241 5242 4958 4
t 346 5243 5245 4
t 1333 5244 5243 4
t 1332 5245 5244 4
t 5243 5244 5245 4
t 1258 5242 5239 4
t 1332 5244 5242 4
t 1333 5239 5244 4
t 5242 5244 5239 4
t 336 5238 5228 0
t 1331 5246 5238 0
t 1329 5228 5246 0
t 5238 5246 5228 0
t 346 5245 5234 4
t 1332 5247 5245 4
t 1331 5234 5247 0
t 5245 5247 5234 0
t 325 5231 5241 4
t 1329 5248 5231 0
t 1332 5241 5248 4
t 5231 5248 5241 0
t 1331 5247 5246 0
t 1332 5248 5247 0
t 1329 5246 5248 0
t 5247 5248 5246 0
t 29 5181 5045 0
t 1319 5249 5181 0
t 1280 5045 5249 0
t 5181 5249 5045 0
t 345 5250 5185 0
t 1334 5251 5250 0
t 1319 5185 5251 0
t 5250 5251 5185 0
t 332 5050 5253 0
t 1280 5252 5050 0
t 1334 5253 5252 0
t 5050 5252 5253 0
t 1319 5251 5249 0
t 1334 5252 5251 0
t 1280 5249 5252 0
t 5251 5252 5249 0
t 94 5254 5197 4
t 1335 5255 5254 4
t 1323 5197 5255 4
t 5254 5255 5197 4
t 347 5256 5258 4
t 1336 5257 5256 4
t 1335 5258 5257 4
t 5256 5257 5258 4
t 345 5202 5260 0
t 1323 5259 5202 4
t 1336 5260 5259 0
t 5202 5259 5260 4
t 1335 5257 5255 4
t 1336 5259 5257 4
t 1323 5255 5259 4
t 5257 5259 5255 4
t 92 5056 5262 0
t 1285 5261 5056 0
t 1338 5262 5261 0
t 5056 5261 5262 0
t 332 5263 5060 0
t 1337 5264 5263 0
t 1285 5060 5264 0
t 5263 5264 5060 0
t 347 5265 5267 0
t 1338 5266 5265 0
t 1337 5267 5266 0
t 5265 5266 5267 0
t 1285 5264 5261 0
t 1337 5266 5264 0
t 1338 5261 5266 0
t 5264 5266 5261 0
t 345 5260 5250 0
t 1336 5268 5260 0
t 1334 5250 5268 0
t 5260 5268 5250 0
t 347 5267 5256 0
t 1337 5269 5267 0
t 1336 5256 5269 0
t 5267 5269 5256 0
t 332 5253 5263 0
t 1334 5270 5253 0
t 1337 5263 5270 0
t 5253 5270 5263 0
t 1336 5269 5268 0
t 1337 5270 5269 0
t 1334 5268 5270 0
t 5269 5270 5268 0
t 30 4973 5149 4
t 1263 5271 4973 4
t 1308 5149 5271 4
t 4973 5271 5149 4
t 329 5272 4977 4
t 1339 5273 5272 4
t 1263 4977 5273 4
t 5272 5273 4977 4
t 340 5154 5275 4
t 1308 5274 5154 4
t 1339 5275 5274 4
t 5154 5274 5275 4
t 1263 5273 5271 4
t 1339 5274 5273 4
t 1308 5271 5274 4
t 5273 5274 5271 4
t 89 5276 4989 4
t 1340 5277 5276 4
t 1267 4989 5277 4
t 5276 5277 4989 4
t 348 5278 5280 4
t 1341 5279 5278 4
t 1340 5280 5279 4
t 5278 5279 5280 4
t 329 4994 5282 4
t 1267 5281 4994 4
t 1341 5282 5281 4
t 4994 5281 5282 4
t 1340 5279 5277 4
t 1341 5281 5279 4
t 1267 5277 5281 4
t 5279 5281 5277 4
t 94 5160 5284 4
t 1313 5283 5160 4
t 1343 5284 5283 4
t 5160 5283 5284 4
t 340 5285 5164 4
t 1342 5286 5285 4
t 1313 5164 5286 4
t 5285 5286 5164 4
t 348 5287 5289 4
t 1343 5288 5287 4
t 1342 5289 5288 4
t 5287 5288 5289 4
t 1313 5286 5283 4
t 1342 5288 5286 4
t 1343 5283 5288 4
t 5286 5288 5283 4
t 329 5282 5272 4
t 1341 5290 5282 4
t 1339 5272 5290 4
t 5282 5290 5272 4
t 348 5289 5278 4
t 1342 5291 5289 4
t 1341 5278 5291 4
t 5289 5291 5278 4
t 340 5275 5285 4
t 1339 5292 5275 4
t 1342 5285 5292 4
t 5275 5292 5285 4
t 1341 5291 5290 4
t 1342 5292 5291 4
t 1339 5290 5292 4
t 5291 5292 5290 4
t 92 5262 5232 0
t 1338 5293 5262 0
t 1330 5232 5293 0
t 5262 5293 5232 0
t 347 5294 5265 0
t 1344 5295 5294 0
t 1338 5265 5295 0
t 5294 5295 5265 0
t 346 5236 5297 4
t 1330 5296 5236 0
t 1344 5297 5296 4
t 5236 5296 5297 0
t 1338 5295 5293 0
t 1344 5296 5295 0
t 1330 5293 5296 0
t 5295 5296 5293 0
t 94 5284 5254 4
t 1343 5298 5284 4
t 1335 5254 5298 4
t 5284 5298 5254 4
t 348 5299 5287 4
t 1345 5300 5299 4
t 1343 5287 5300 4
t 5299 5300 5287 4
t 347 5258 5302 4
t 1335 5301 5258 4
t 1345 5302 5301 4
t 5258 5301 5302 4
t 1343 5300 5298 4
t 1345 5301 5300 4
t 1335 5298 5301 4
t 5300 5301 5298 4
t 89 5240 5276 4
t 1333 5303 5240 4
t 1340 5276 5303 4
t 5240 5303 5276 4
t 346 5304 5243 4
t 1346 5305 5304 4
t 1333 5243 5305 4
t 5304 5305 5243 4
t 348 5280 5307 4
t 1340 5306 5280 4
t 1346 5307 5306 4
t 5280 5306 5307 4
t 1333 5305 5303 4
t 1346 5306 5305 4
t 1340 5303 5306 4
t 5305 5306 5303 4
t 347 5302 5294 4
t 1345 5308 5302 4
t 1344 5294 5308 4
t 5302 5308 5294 4
t 348 5307 5299 4
t 1346 5309 5307 4
t 1345 5299 5309 4
t 5307 5309 5299 4
t 346 5297 5304 4
t 1344 5310 5297 4
t 1346 5304 5310 4
t 5297 5310 5304 4
t 1345 5309 5308 4
t 1346 5310 5309 4
t 1344 5308 5310 4
t 5309 5310 5308 4
t 16 4344 5312 0
t 1104 5311 4344 0
t 1348 5312 5311 0
t 4344 5311 5312 0
t 288 5313 4347 0
t 1347 5314 5313 0
t 1104 4347 5314 0
t 5313 5314 4347 0
t 350 5315 5317 0
t 1348 5316 5315 0
t 1347 5317 5316 0
t 5315 5316 5317 0
t 1104 5314 5311 0
t 1347 5316 5314 0
t 1348 5311 5316 0
t 5314 5316 5311 0
t 81 5318 4357 0
t 1349 5319 5318 0
t 1107 4357 5319 0
t 5318 5319 4357 0
t 349 5320 5322 0
t 1350 5321 5320 0
t 1349 5322 5321 0
t 5320 5321 5322 0
t 288 4362 5324 0
t 1107 5323 4362 0
t 1350 5324 5323 0
t 4362 5323 5324 0
t 1349 5321 5319 0
t 1350 5323 5321 0
t 1107 5319 5323 0
t 5321 5323 5319 0
t 97 5325 5327 0
t 1351 5326 5325 0
t 1353 5327 5326 0
t 5325 5326 5327 0
t 350 5328 5330 0
t 1352 5329 5328 0
t 1351 5330 5329 0
t 5328 5329 5330 0
t 349 5331 5333 0
t 1353 5332 5331 0
t 1352 5333 5332 0
t 5331 5332 5333 0
t 1351 5329 5326 0
t 1352 5332 5329 0
t 1353 5326 5332 0
t 5329 5332 5326 0
t 288 5324 5313 0
t 1350 5334 5324 0
t 1347 5313 5334 0
t 5324 5334 5313 0
t 349 5333 5320 0
t 1352 5335 5333 0
t 1350 5320 5335 0
t 5333 5335 5320 0
t 350 5317 5328 0
t 1347 5336 5317 0
t 1352 5328 5336 0
t 5317 5336 5328 0
t 1350 5335 5334 0
t 1352 5336 5335 0
t 1347 5334 5336 0
t 5335 5336 5334 0
t 26 5337 4395 0
t 1354 5338 5337 0
t 1117 4395 5338 0
t 5337 5338 4395 0
t 351 5339 5341 0
t 1355 5340 5339 0
t 1354 5341 5340 0
t 5339 5340 5341 0
t 291 4400 5343 0
t 1117 5342 4400 0
t 1355 5343 5342 0
t 4400 5342 5343 0
t 1354 5340 5338 0
t 1355 5342 5340 0
t 1117 5338 5342 0
t 5340 5342 5338 0
t 96 5344 5346 0
t 1356 5345 5344 0
t 1358 5346 5345 0
t 5344 5345 5346 0
t 352 5347 5349 0
t 1357 5348 5347 0
t 1356 5349 5348 0
t 5347 5348 5349 0
t 351 5350 5352 0
t 1358 5351 5350 0
t 1357 5352 5351 0
t 5350 5351 5352 0
t 1356 5348 5345 0
t 1357 5351 5348 0
t 1358 5345 5351 0
t 5348 5351 5345 0
t 81 4406 5354 0
t 1122 5353 4406 0
t 1360 5354 5353 0
t 4406 5353 5354 0
t 291 5355 4410 0
t 1359 5356 5355 0
t 1122 4410 5356 0
t 5355 5356 4410 0
t 352 5357 5359 0
t 1360 5358 5357 0
t 1359 5359 5358 0
t 5357 5358 5359 0
t 1122 5356 5353 0
t 1359 5358 5356 0
t 1360 5353 5358 0
t 5356 5358 5353 0
t 351 5352 5339 0
t 1357 5360 5352 0
t 1355 5339 5360 0
t 5352 5360 5339 0
t 352 5359 5347 0
t 1359 5361 5359 0
t 1357 5347 5361 0
t 5359 5361 5347 0
t 291 5343 5355 0
t 1355 5362 5343 0
t 1359 5355 5362 0
t 5343 5362 5355 0
t 1357 5361 5360 0
t 1359 5362 5361 0
t 1355 5360 5362 0
t 5361 5362 5360 0
t 32 5363 5365 0
t 1361 5364 5363 0
t 1363 5365 5364 0
t 5363 5364 5365 0
t 353 5366 5368 0
t 1362 5367 5366 0
t 1361 5368 5367 0
t 5366 5367 5368 0
t 355 5369 5371 0
t 1363 5370 5369 0
t 1362 5371 5370 0
t 5369 5370 5371 0
t 1361 5367 5364 0
t 1362 5370 5367 0
t 1363 5364 5370 0
t 5367 5370 5364 0
t 97 5372 5374 0
t 1364 5373 5372 0
t 1366 5374 5373 0
t 5372 5373 5374 0
t 354 5375 5377 0
t 1365 5376 5375 0
t 1364 5377 5376 0
t 5375 5376 5377 0
t 353 5378 5380 0
t 1366 5379 5378 0
t 1365 5380 5379 0
t 5378 5379 5380 0
t 1364 5376 5373 0
t 1365 5379 5376 0
t 1366 5373 5379 0
t 5376 5379 5373 0
t 96 5381 5383 0
t 1367 5382 5381 0
t 1369 5383 5382 0
t 5381 5382 5383 0
t 355 5384 5386 0
t 1368 5385 5384 0
t 1367 5386 5385 0
t 5384 5385 5386 0
t 354 5387 5389 0
t 1369 5388 5387 0
t 1368 5389 5388 0
t 5387 5388 5389 0
t 1367 5385 5382 0
t 1368 5388 5385 0
t 1369 5382 5388 0
t 5385 5388 5382 0
t 353 5380 5366 0
t 1365 5390 5380 0
t 1362 5366 5390 0
t 5380 5390 5366 0
t 354 5389 5375 0
t 1368 5391 5389 0
t 1365 5375 5391 0
t 5389 5391 5375 0
t 355 5371 5384 0
t 1362 5392 5371 0
t 1368 5384 5392 0
t 5371 5392 5384 0
t 1365 5391 5390 0
t 1368 5392 5391 0
t 1362 5390 5392 0
t 5391 5392 5390 0
t 81 5354 5318 0
t 1360 5393 5354 0
t 1349 5318 5393 0
t 5354 5393 5318 0
t 352 5394 5357 0
t 1370 5395 5394 0
t 1360 5357 5395 0
t 5394 5395 5357 0
t 349 5322 5397 0
t 1349 5396 5322 0
t 1370 5397 5396 0
t 5322 5396 5397 0
t 1360 5395 5393 0
t 1370 5396 5395 0
t 1349 5393 5396 0
t 5395 5396 5393 0
t 96 5383 5344 0
t 1369 5398 5383 0
t 1356 5344 5398 0
t 5383 5398 5344 0
t 354 5399 5387 0
t 1371 5400 5399 0
t 1369 5387 5400 0
t 5399 5400 5387 0
t 352 5349 5402 0
t 1356 5401 5349 0
t 1371 5402 5401 0
t 5349 5401 5402 0
t 1369 5400 5398 0
t 1371 5401 5400 0
t 1356 5398 5401 0
t 5400 5401 5398 0
t 97 5327 5372 0
t 1353 5403 5327 0
t 1364 5372 5403 0
t 5327 5403 5372 0
t 349 5404 5331 0
t 1372 5405 5404 0
t 1353 5331 5405 0
t 5404 5405 5331 0
t 354 5377 5407 0
t 1364 5406 5377 0
t 1372 5407 5406 0
t 5377 5406 5407 0
t 1353 5405 5403 0
t 1372 5406 5405 0
t 1364 5403 5406 0
t 5405 5406 5403 0
t 352 5402 5394 0
t 1371 5408 5402 0
t 1370 5394 5408 0
t 5402 5408 5394 0
t 354 5407 5399 0
t 1372 5409 5407 0
t 1371 5399 5409 0
t 5407 5409 5399 0
t 349 5397 5404 0
t 1370 5410 5397 0
t 1372 5404 5410 0
t 5397 5410 5404 0
t 1371 5409 5408 0
t 1372 5410 5409 0
t 1370 5408 5410 0
t 5409 5410 5408 0
t 15 5411 4243 0
t 1373 5412 5411 0
t 1077 4243 5412 0
t 5411 5412 4243 0
t 356 5413 5415 0
t 1374 5414 5413 0
t 1373 5415 5414 0
t 5413 5414 5415 0
t 280 4247 5417 0
t 1077 5416 4247 0
t 1374 5417 5416 0
t 4247 5416 5417 0
t 1373 5414 5412 0
t 1374 5416 5414 0
t 1077 5412 5416 0
t 5414 5416 5412 0
t 98 5418 5420 0
t 1375 5419 5418 0
t 1377 5420 5419 0
t 5418 5419 5420 0
t 357 5421 5423 0
t 1376 5422 5421 0
t 1375 5423 5422 0
t 5421 5422 5423 0
t 356 5424 5426 0
t 1377 5425 5424 0
t 1376 5426 5425 0
t 5424 5425 5426 0
t 1375 5422 5419 0
t 1376 5425 5422 0
t 1377 5419 5425 0
t 5422 5425 5419 0
t 78 4252 5428 0
t 1081 5427 4252 0
t 1379 5428 5427 0
t 4252 5427 5428 0
t 280 5429 4256 0
t 1378 5430 5429 0
t 1081 4256 5430 0
t 5429 5430 4256 0
t 357 5431 5433 0
t 1379 5432 5431 0
t 1378 5433 5432 0
t 5431 5432 5433 0
t 1081 5430 5427 0
t 1378 5432 5430 0
t 1379 5427 5432 0
t 5430 5432 5427 0
t 356 5426 5413 0
t 1376 5434 5426 0
t 1374 5413 5434 0
t 5426 5434 5413 0
t 357 5433 5421 0
t 1378 5435 5433 0
t 1376 5421 5435 0
t 5433 5435 5421 0
t 280 5417 5429 0
t 1374 5436 5417 0
t 1378 5429 5436 0
t 5417 5436 5429 0
t 1376 5435 5434 0
t 1378 5436 5435 0
t 1374 5434 5436 0
t 5435 5436 5434 0
t 31 5437 5439 0
t 1380 5438 5437 0
t 1382 5439 5438 0
t 5437 5438 5439 0
t 358 5440 5442 0
t 1381 5441 5440 0
t 1380 5442 5441 0
t 5440 5441 5442 0
t 360 5443 5445 0
t 1382 5444 5443 0
t 1381 5445 5444 0
t 5443 5444 5445 0
t 1380 5441 5438 0
t 1381 5444 5441 0
t 1382 5438 5444 0
t 5441 5444 5438 0
t 99 5446 5448 0
t 1383 5447 5446 0
t 1385 5448 5447 0
t 5446 5447 5448 0
t 359 5449 5451 0
t 1384 5450 5449 0
t 1383 5451 5450 0
t 5449 5450 5451 0
t 358 5452 5454 0
t 1385 5453 5452 0
t 1384 5454 5453 0
t 5452 5453 5454 0
t 1383 5450 5447 0
t 1384 5453 5450 0
t 1385 5447 5453 0
t 5450 5453 5447 0
t 98 5455 5457 0
t 1386 5456 5455 0
t 1388 5457 5456 0
t 5455 5456 5457 0
t 360 5458 5460 0
t 1387 5459 5458 0
t 1386 5460 5459 0
t 5458 5459 5460 0
t 359 5461 5463 0
t 1388 5462 5461 0
t 1387 5463 5462 0
t 5461 5462 5463 0
t 1386 5459 5456 0
t 1387 5462 5459 0
t 1388 5456 5462 0
t 5459 5462 5456 0
t 358 5454 5440 0
t 1384 5464 5454 0
t 1381 5440 5464 0
t 5454 5464 5440 0
t 359 5463 5449 0
t 1387 5465 5463 0
t 1384 5449 5465 0
t 5463 5465 5449 0
t 360 5445 5458 0
t 1381 5466 5445 0
t 1387 5458 5466 0
t 5445 5466 5458 0
t 1384 5465 5464 0
t 1387 5466 5465 0
t 1381 5464 5466 0
t 5465 5466 5464 0
t 26 4271 5468 0
t 1086 5467 4271 0
t 1390 5468 5467 0
t 4271 5467 5468 0
t 284 5469 4275 0
t 1389 5470 5469 0
t 1086 4275 5470 0
t 5469 5470 4275 0
t 362 5471 5473 0
t 1390 5472 5471 0
t 1389 5473 5472 0
t 5471 5472 5473 0
t 1086 5470 5467 0
t 1389 5472 5470 0
t 1390 5467 5472 0
t 5470 5472 5467 0
t 78 5474 4287 0
t 1391 5475 5474 0
t 1090 4287 5475 0
t 5474 5475 4287 0
t 361 5476 5478 0
t 1392 5477 5476 0
t 1391 5478 5477 0
t 5476 5477 5478 0
t 284 4292 5480 0
t 1090 5479 4292 0
t 1392 5480 5479 0
t 4292 5479 5480 0
t 1391 5477 5475 0
t 1392 5479 5477 0
t 1090 5475 5479 0
t 5477 5479 5475 0
t 99 5481 5483 0
t 1393 5482 5481 0
t 1395 5483 5482 0
t 5481 5482 5483 0
t 362 5484 5486 0
t 1394 5485 5484 0
t 1393 5486 5485 0
t 5484 5485 5486 0
t 361 5487 5489 0
t 1395 5488 5487 0
t 1394 5489 5488 0
t 5487 5488 5489 0
t 1393 5485 5482 0
t 1394 5488 5485 0
t 1395 5482 5488 0
t 5485 5488 5482 0
t 284 5480 5469 0
t 1392 5490 5480 0
t 1389 5469 5490 0
t 5480 5490 5469 0
t 361 5489 5476 0
t 1394 5491 5489 0
t 1392 5476 5491 0
t 5489 5491 5476 0
t 362 5473 5484 0
t 1389 5492 5473 0
t 1394 5484 5492 0
t 5473 5492 5484 0
t 1392 5491 5490 0
t 1394 5492 5491 0
t 1389 5490 5492 0
t 5491 5492 5490 0
t 98 5457 5418 0
t 1388 5493 5457 0
t 1375 5418 5493 0
t 5457 5493 5418 0
t 359 5494 5461 0
t 1396 5495 5494 0
t 1388 5461 5495 0
t 5494 5495 5461 0
t 357 5423 5497 0
t 1375 5496 5423 0
t 1396 5497 5496 0
t 5423 5496 5497 0
t 1388 5495 5493 0
t 1396 5496 5495 0
t 1375 5493 5496 0
t 5495 5496 5493 0
t 99 5483 5446 0
t 1395 5498 5483 0
t 1383 5446 5498 0
t 5483 5498 5446 0
t 361 5499 5487 0
t 1397 5500 5499 0
t 1395 5487 5500 0
t 5499 5500 5487 0
t 359 5451 5502 0
t 1383 5501 5451 0
t 1397 5502 5501 0
t 5451 5501 5502 0
t 1395 5500 5498 0
t 1397 5501 5500 0
t 1383 5498 5501 0
t 5500 5501 5498 0
t 78 5428 5474 0
t 1379 5503 5428 0
t 1391 5474 5503 0
t 5428 5503 5474 0
t 357 5504 5431 0
t 1398 5505 5504 0
t 1379 5431 5505 0
t 5504 5505 5431 0
t 361 5478 5507 0
t 1391 5506 5478 0
t 1398 5507 5506 0
t 5478 5506 5507 0
t 1379 5505 5503 0
t 1398 5506 5505 0
t 1391 5503 5506 0
t 5505 5506 5503 0
t 359 5502 5494 0
t 1397 5508 5502 0
t 1396 5494 5508 0
t 5502 5508 5494 0
t 361 5507 5499 0
t 1398 5509 5507 0
t 1397 5499 5509 0
t 5507 5509 5499 0
t 357 5497 5504 0
t 1396 5510 5497 0
t 1398 5504 5510 0
t 5497 5510 5504 0
t 1397 5509 5508 0
t 1398 5510 5509 0
t 1396 5508 5510 0
t 5509 5510 5508 0
t 7 5511 5513 0
t 1399 5512 5511 0
t 1401 5513 5512 0
t 5511 5512 5513 0
t 363 5514 5516 0
t 1400 5515 5514 0
t 1399 5516 5515 0
t 5514 5515 5516 0
t 365 5517 5519 0
t 1401 5518 5517 0
t 1400 5519 5518 0
t 5517 5518 5519 0
t 1399 5515 5512 0
t 1400 5518 5515 0
t 1401 5512 5518 0
t 5515 5518 5512 0
t 100 5520 5522 0
t 1402 5521 5520 0
t 1404 5522 5521 0
t 5520 5521 5522 0
t 364 5523 5525 0
t 1403 5524 5523 0
t 1402 5525 5524 0
t 5523 5524 5525 0
t 363 5526 5528 0
t 1404 5527 5526 0
t 1403 5528 5527 0
t 5526 5527 5528 0
t 1402 5524 5521 0
t 1403 5527 5524 0
t 1404 5521 5527 0
t 5524 5527 5521 0
t 102 5529 5531 0
t 1405 5530 5529 0
t 1407 5531 5530 0
t 5529 5530 5531 0
t 365 5532 5534 0
t 1406 5533 5532 0
t 1405 5534 5533 0
t 5532 5533 5534 0
t 364 5535 5537 0
t 1407 5536 5535 0
t 1406 5537 5536 0
t 5535 5536 5537 0
t 1405 5533 5530 0
t 1406 5536 5533 0
t 1407 5530 5536 0
t 5533 5536 5530 0
t 363 5528 5514 0
t 1403 5538 5528 0
t 1400 5514 5538 0
t 5528 5538 5514 0
t 364 5537 5523 0
t 1406 5539 5537 0
t 1403 5523 5539 0
t 5537 5539 5523 0
t 365 5519 5532 0
t 1400 5540 5519 0
t 1406 5532 5540 0
t 5519 5540 5532 0
t 1403 5539 5538 0
t 1406 5540 5539 0
t 1400 5538 5540 0
t 5539 5540 5538 0
t 32 5541 5543 0
t 1408 5542 5541 0
t 1410 5543 5542 0
t 5541 5542 5543 0
t 366 5544 5546 0
t 1409 5545 5544 0
t 1408 5546 5545 0
t 5544 5545 5546 0
t 368 5547 5549 0
t 1410 5548 5547 0
t 1409 5549 5548 0
t 5547 5548 5549 0
t 1408 5545 5542 0
t 1409 5548 5545 0
t 1410 5542 5548 0
t 5545 5548 5542 0
t 101 5550 5552 0
t 1411 5551 5550 0
t 1413 5552 5551 0
t 5550 5551 5552 0
t 367 5553 5555 0
t 1412 5554 5553 0
t 1411 5555 5554 0
t 5553 5554 5555 0
t 366 5556 5558 0
t 1413 5557 5556 0
t 1412 5558 5557 0
t 5556 5557 5558 0
t 1411 5554 5551 0
t 1412 5557 5554 0
t 1413 5551 5557 0
t 5554 5557 5551 0
t 100 5559 5561 0
t 1414 5560 5559 0
t 1416 5561 5560 0
t 5559 5560 5561 0
t 368 5562 5564 0
t 1415 5563 5562 0
t 1414 5564 5563 0
t 5562 5563 5564 0
t 367 5565 5567 0
t 1416 5566 5565 0
t 1415 5567 5566 0
t 5565 5566 5567 0
t 1414 5563 5560 0
t 1415 5566 5563 0
t 1416 5560 5566 0
t 5563 5566 5560 0
t 366 5558 5544 0
t 1412 5568 5558 0
t 1409 5544 5568 0
t 5558 5568 5544 0
t 367 5567 5553 0
t 1415 5569 5567 0
t 1412 5553 5569 0
t 5567 5569 5553 0
t 368 5549 5562 0
t 1409 5570 5549 0
t 1415 5562 5570 0
t 5549 5570 5562 0
t 1412 5569 5568 0
t 1415 5570 5569 0
t 1409 5568 5570 0
t 5569 5570 5568 0
t 31 5571 5573 0
t 1417 5572 5571 0
t 1419 5573 5572 0
t 5571 5572 5573 0
t 369 5574 5576 0
t 1418 5575 5574 0
t 1417 5576 5575 0
t 5574 5575 5576 0
t 371 5577 5579 0
t 1419 5578 5577 0
t 1418 5579 5578 0
t 5577 5578 5579 0
t 1417 5575 5572 0
t 1418 5578 5575 0
t 1419 5572 5578 0
t 5575 5578 5572 0
t 102 5580 5582 0
t 1420 5581 5580 0
t 1422 5582 5581 0
t 5580 5581 5582 0
t 370 5583 5585 0
t 1421 5584 5583 0
t 1420 5585 5584 0
t 5583 5584 5585 0
t 369 5586 5588 0
t 1422 5587 5586 0
t 1421 5588 5587 0
t 5586 5587 5588 0
t 1420 5584 5581 0
t 1421 5587 5584 0
t 1422 5581 5587 0
t 5584 5587 5581 0
t 101 5589 5591 0
t 1423 5590 5589 0
t 1425 5591 5590 0
t 5589 5590 5591 0
t 371 5592 5594 0
t 1424 5593 5592 0
t 1423 5594 5593 0
t 5592 5593 5594 0
t 370 5595 5597 0
t 1425 5596 5595 0
t 1424 5597 5596 0
t 5595 5596 5597 0
t 1423 5593 5590 0
t 1424 5596 5593 0
t 1425 5590 5596 0
t 5593 5596 5590 0
t 369 5588 5574 0
t 1421 5598 5588 0
t 1418 5574 5598 0
t 5588 5598 5574 0
t 370 5597 5583 0
t 1424 5599 5597 0
t 1421 5583 5599 0
t 5597 5599 5583 0
t 371 5579 5592 0
t 1418 5600 5579 0
t 1424 5592 5600 0
t 5579 5600 5592 0
t 1421 5599 5598 0
t 1424 5600 5599 0
t 1418 5598 5600 0
t 5599 5600 5598 0
t 100 5561 5520 0
t 1416 5601 5561 0
t 1402 5520 5601 0
t 5561 5601 5520 0
t 367 5602 5565 0
t 1426 5603 5602 0
t 1416 5565 5603 0
t 5602 5603 5565 0
t 364 5525 5605 0
t 1402 5604 5525 0
t 1426 5605 5604 0
t 5525 5604 5605 0
t 1416 5603 5601 0
t 1426 5604 5603 0
t 1402 5601 5604 0
t 5603 5604 5601 0
t 101 5591 5550 0
t 1425 5606 5591 0
t 1411 5550 5606 0
t 5591 5606 5550 0
t 370 5607 5595 0
t 1427 5608 5607 0
t 1425 5595 5608 0
t 5607 5608 5595 0
t 367 5555 5610 0
t 1411 5609 5555 0
t 1427 5610 5609 0
t 5555 5609 5610 0
t 1425 5608 5606 0
t 1427 5609 5608 0
t 1411 5606 5609 0
t 5608 5609 5606 0
t 102 5531 5580 0
t 1407 5611 5531 0
t 1420 5580 5611 0
t 5531 5611 5580 0
t 364 5612 5535 0
t 1428 5613 5612 0
t 1407 5535 5613 0
t 5612 5613 5535 0
t 370 5585 5615 0
t 1420 5614 5585 0
t 1428 5615 5614 0
t 5585 5614 5615 0
t 1407 5613 5611 0
t 1428 5614 5613 0
t 1420 5611 5614 0
t 5613 5614 5611 0
t 367 5610 5602 0
t 1427 5616 5610 0
t 1426 5602 5616 0
t 5610 5616 5602 0
t 370 5615 5607 0
t 1428 5617 5615 0
t 1427 5607 5617 0
t 5615 5617 5607 0
t 364 5605 5612 0
t 1426 5618 5605 0
t 1428 5612 5618 0
t 5605 5618 5612 0
t 1427 5617 5616 0
t 1428 5618 5617 0
t 1426 5616 5618 0
t 5617 5618 5616 0
t 26 5468 5337 0
t 1390 5619 5468 0
t 1354 5337 5619 0
t 5468 5619 5337 0
t 362 5620 5471 0
t 1429 5621 5620 0
t 1390 5471 5621 0
t 5620 5621 5471 0
t 351 5341 5623 0
t 1354 5622 5341 0
t 1429 5623 5622 0
t 5341 5622 5623 0
t 1390 5621 5619 0
t 1429 5622 5621 0
t 1354 5619 5622 0
t 5621 5622 5619 0
t 99 5624 5481 0
t 1430 5625 5624 0
t 1393 5481 5625 0
t 5624 5625 5481 0
t 372 5626 5628 0
t 1431 5627 5626 0
t 1430 5628 5627 0
t 5626 5627 5628 0
t 362 5486 5630 0
t 1393 5629 5486 0
t 1431 5630 5629 0
t 5486 5629 5630 0
t 1430 5627 5625 0
t 1431 5629 5627 0
t 1393 5625 5629 0
t 5627 5629 5625 0
t 96 5346 5632 0
t 1358 5631 5346 0
t 1433 5632 5631 0
t 5346 5631 5632 0
t 351 5633 5350 0
t 1432 5634 5633 0
t 1358 5350 5634 0
t 5633 5634 5350 0
t 372 5635 5637 0
t 1433 5636 5635 0
t 1432 5637 5636 0
t 5635 5636 5637 0
t 1358 5634 5631 0
t 1432 5636 5634 0
t 1433 5631 5636 0
t 5634 5636 5631 0
t 362 5630 5620 0
t 1431 5638 5630 0
t 1429 5620 5638 0
t 5630 5638 5620 0
t 372 5637 5626 0
t 1432 5639 5637 0
t 1431 5626 5639 0
t 5637 5639 5626 0
t 351 5623 5633 0
t 1429 5640 5623 0
t 1432 5633 5640 0
t 5623 5640 5633 0
t 1431 5639 5638 0
t 1432 5640 5639 0
t 1429 5638 5640 0
t 5639 5640 5638 0
t 31 5573 5437 0
t 1419 5641 5573 0
t 1380 5437 5641 0
t 5573 5641 5437 0
t 371 5642 5577 0
t 1434 5643 5642 0
t 1419 5577 5643 0
t 5642 5643 5577 0
t 358 5442 5645 0
t 1380 5644 5442 0
t 1434 5645 5644 0
t 5442 5644 5645 0
t 1419 5643 5641 0
t 1434 5644 5643 0
t 1380 5641 5644 0
t 5643 5644 5641 0
t 101 5646 5589 0
t 1435 5647 5646 0
t 1423 5589 5647 0
t 5646 5647 5589 0
t 373 5648 5650 0
t 1436 5649 5648 0
t 1435 5650 5649 0
t 5648 5649 5650 0
t 371 5594 5652 0
t 1423 5651 5594 0
t 1436 5652 5651 0
t 5594 5651 5652 0
t 1435 5649 5647 0
t 1436 5651 5649 0
t 1423 5647 5651 0
t 5649 5651 5647 0
t 99 5448 5654 0
t 1385 5653 5448 0
t 1438 5654 5653 0
t 5448 5653 5654 0
t 358 5655 5452 0
t 1437 5656 5655 0
t 1385 5452 5656 0
t 5655 5656 5452 0
t 373 5657 5659 0
t 1438 5658 5657 0
t 1437 5659 5658 0
t 5657 5658 5659 0
t 1385 5656 5653 0
t 1437 5658 5656 0
t 1438 5653 5658 0
t 5656 5658 5653 0
t 371 5652 5642 0
t 1436 5660 5652 0
t 1434 5642 5660 0
t 5652 5660 5642 0
t 373 5659 5648 0
t 1437 5661 5659 0
t 1436 5648 5661 0
t 5659 5661 5648 0
t 358 5645 5655 0
t 1434 5662 5645 0
t 1437 5655 5662 0
t 5645 5662 5655 0
t 1436 5661 5660 0
t 1437 5662 5661 0
t 1434 5660 5662 0
t 5661 5662 5660 0
t 32 5365 5541 0
t 1363 5663 5365 0
t 1408 5541 5663 0
t 5365 5663 5541 0
t 355 5664 5369 0
t 1439 5665 5664 0
t 1363 5369 5665 0
t 5664 5665 5369 0
t 366 5546 5667 0
t 1408 5666 5546 0
t 1439 5667 5666 0
t 5546 5666 5667 0
t 1363 5665 5663 0
t 1439 5666 5665 0
t 1408 5663 5666 0
t 5665 5666 5663 0
t 96 5668 5381 0
t 1440 5669 5668 0
t 1367 5381 5669 0
t 5668 5669 5381 0
t 374 5670 5672 0
t 1441 5671 5670 0
t 1440 5672 5671 0
t 5670 5671 5672 0
t 355 5386 5674 0
t 1367 5673 5386 0
t 1441 5674 5673 0
t 5386 5673 5674 0
t 1440 5671 5669 0
t 1441 5673 5671 0
t 1367 5669 5673 0
t 5671 5673 5669 0
t 101 5552 5676 0
t 1413 5675 5552 0
t 1443 5676 5675 0
t 5552 5675 5676 0
t 366 5677 5556 0
t 1442 5678 5677 0
t 1413 5556 5678 0
t 5677 5678 5556 0
t 374 5679 5681 0
t 1443 5680 5679 0
t 1442 5681 5680 0
t 5679 5680 5681 0
t 1413 5678 5675 0
t 1442 5680 5678 0
t 1443 5675 5680 0
t 5678 5680 5675 0
t 355 5674 5664 0
t 1441 5682 5674 0
t 1439 5664 5682 0
t 5674 5682 5664 0
t 374 5681 5670 0
t 1442 5683 5681 0
t 1441 5670 5683 0
t 5681 5683 5670 0
t 366 5667 5677 0
t 1439 5684 5667 0
t 1442 5677 5684 0
t 5667 5684 5677 0
t 1441 5683 5682 0
t 1442 5684 5683 0
t 1439 5682 5684 0
t 5683 5684 5682 0
t 99 5654 5624 0
t 1438 5685 5654 0
t 1430 5624 5685 0
t 5654 5685 5624 0
t 373 5686 5657 0
t 1444 5687 5686 0
t 1438 5657 5687 0
t 5686 5687 5657 0
t 372 5628 5689 0
t 1430 5688 5628 0
t 1444 5689 5688 0
t 5628 5688 5689 0
t 1438 5687 5685 0
t 1444 5688 5687 0
t 1430 5685 5688 0
t 5687 5688 5685 0
t 101 5676 5646 0
t 1443 5690 5676 0
t 1435 5646 5690 0
t 5676 5690 5646 0
t 374 5691 5679 0
t 1445 5692 5691 0
t 1443 5679 5692 0
t 5691 5692 5679 0
t 373 5650 5694 0
t 1435 5693 5650 0
t 1445 5694 5693 0
t 5650 5693 5694 0
t 1443 5692 5690 0
t 1445 5693 5692 0
t 1435 5690 5693 0
t 5692 5693 5690 0
t 96 5632 5668 0
t 1433 5695 5632 0
t 1440 5668 5695 0
t 5632 5695 5668 0
t 372 5696 5635 0
t 1446 5697 5696 0
t 1433 5635 5697 0
t 5696 5697 5635 0
t 374 5672 5699 0
t 1440 5698 5672 0
t 1446 5699 5698 0
t 5672 5698 5699 0
t 1433 5697 5695 0
t 1446 5698 5697 0
t 1440 5695 5698 0
t 5697 5698 5695 0
t 373 5694 5686 0
t 1445 5700 5694 0
t 1444 5686 5700 0
t 5694 5700 5686 0
t 374 5699 5691 0
t 1446 5701 5699 0
t 1445 5691 5701 0
t 5699 5701 5691 0
t 372 5689 5696 0
t 1444 5702 5689 0
t 1446 5696 5702 0
t 5689 5702 5696 0
t 1445 5701 5700 0
t 1446 5702 5701 0
t 1444 5700 5702 0
t 5701 5702 5700 0
t 15 3961 5704 0
t 1009 5703 3961 0
t 1448 5704 5703 0
t 3961 5703 5704 0
t 265 5705 3965 0
t 1447 5706 5705 0
t 1009 3965 5706 0
t 5705 5706 3965 0
t 376 5707 5709 0
t 1448 5708 5707 0
t 1447 5709 5708 0
t 5707 5708 5709 0
t 1009 5706 5703 0
t 1447 5708 5706 0
t 1448 5703 5708 0
t 5706 5708 5703 0
t 76 5710 3977 0
t 1449 5711 5710 0
t 1013 3977 5711 0
t 5710 5711 3977 0
t 375 5712 5714 0
t 1450 5713 5712 0
t 1449 5714 5713 0
t 5712 5713 5714 0
t 265 3982 5716 0
t 1013 5715 3982 0
t 1450 5716 5715 0
t 3982 5715 5716 0
t 1449 5713 5711 0
t 1450 5715 5713 0
t 1013 5711 5715 0
t 5713 5715 5711 0
t 104 5717 5719 0
t 1451 5718 5717 0
t 1453 5719 5718 0
t 5717 5718 5719 0
t 376 5720 5722 0
t 1452 5721 5720 0
t 1451 5722 5721 0
t 5720 5721 5722 0
t 375 5723 5725 0
t 1453 5724 5723 0
t 1452 5725 5724 0
t 5723 5724 5725 0
t 1451 5721 5718 0
t 1452 5724 5721 0
t 1453 5718 5724 0
t 5721 5724 5718 0
t 265 5716 5705 0
t 1450 5726 5716 0
t 1447 5705 5726 0
t 5716 5726 5705 0
t 375 5725 5712 0
t 1452 5727 5725 0
t 1450 5712 5727 0
t 5725 5727 5712 0
t 376 5709 5720 0
t 1447 5728 5709 0
t 1452 5720 5728 0
t 5709 5728 5720 0
t 1450 5727 5726 0
t 1452 5728 5727 0
t 1447 5726 5728 0
t 5727 5728 5726 0
t 24 5729 4019 0
t 1454 5730 5729 0
t 1025 4019 5730 0
t 5729 5730 4019 0
t 377 5731 5733 0
t 1455 5732 5731 0
t 1454 5733 5732 0
t 5731 5732 5733 0
t 269 4024 5735 0
t 1025 5734 4024 0
t 1455 5735 5734 0
t 4024 5734 5735 0
t 1454 5732 5730 0
t 1455 5734 5732 0
t 1025 5730 5734 0
t 5732 5734 5730 0
t 103 5736 5738 0
t 1456 5737 5736 0
t 1458 5738 5737 0
t 5736 5737 5738 0
t 378 5739 5741 0
t 1457 5740 5739 0
t 1456 5741 5740 0
t 5739 5740 5741 0
t 377 5742 5744 0
t 1458 5743 5742 0
t 1457 5744 5743 0
t 5742 5743 5744 0
t 1456 5740 5737 0
t 1457 5743 5740 0
t 1458 5737 5743 0
t 5740 5743 5737 0
t 76 4030 5746 0
t 1030 5745 4030 0
t 1460 5746 5745 0
t 4030 5745 5746 0
t 269 5747 4034 0
t 1459 5748 5747 0
t 1030 4034 5748 0
t 5747 5748 4034 0
t 378 5749 5751 0
t 1460 5750 5749 0
t 1459 5751 5750 0
t 5749 5750 5751 0
t 1030 5748 5745 0
t 1459 5750 5748 0
t 1460 5745 5750 0
t 5748 5750 5745 0
t 377 5744 5731 0
t 1457 5752 5744 0
t 1455 5731 5752 0
t 5744 5752 5731 0
t 378 5751 5739 0
t 1459 5753 5751 0
t 1457 5739 5753 0
t 5751 5753 5739 0
t 269 5735 5747 0
t 1455 5754 5735 0
t 1459 5747 5754 0
t 5735 5754 5747 0
t 1457 5753 5752 0
t 1459 5754 5753 0
t 1455 5752 5754 0
t 5753 5754 5752 0
t 34 5755 5757 0
t 1461 5756 5755 0
t 1463 5757 5756 0
t 5755 5756 5757 0
t 379 5758 5760 0
t 1462 5759 5758 0
t 1461 5760 5759 0
t 5758 5759 5760 0
t 381 5761 5763 0
t 1463 5762 5761 0
t 1462 5763 5762 0
t 5761 5762 5763 0
t 1461 5759 5756 0
t 1462 5762 5759 0
t 1463 5756 5762 0
t 5759 5762 5756 0
t 104 5764 5766 0
t 1464 5765 5764 0
t 1466 5766 5765 0
t 5764 5765 5766 0
t 380 5767 5769 0
t 1465 5768 5767 0
t 1464 5769 5768 0
t 5767 5768 5769 0
t 379 5770 5772 0
t 1466 5771 5770 0
t 1465 5772 5771 0
t 5770 5771 5772 0
t 1464 5768 5765 0
t 1465 5771 5768 0
t 1466 5765 5771 0
t 5768 5771 5765 0
t 103 5773 5775 0
t 1467 5774 5773 0
t 1469 5775 5774 0
t 5773 5774 5775 0
t 381 5776 5778 0
t 1468 5777 5776 0
t 1467 5778 5777 0
t 5776 5777 5778 0
t 380 5779 5781 0
t 1469 5780 5779 0
t 1468 5781 5780 0
t 5779 5780 5781 0
t 1467 5777 5774 0
t 1468 5780 5777 0
t 1469 5774 5780 0
t 5777 5780 5774 0
t 379 5772 5758 0
t 1465 5782 5772 0
t 1462 5758 5782 0
t 5772 5782 5758 0
t 380 5781 5767 0
t 1468 5783 5781 0
t 1465 5767 5783 0
t 5781 5783 5767 0
t 381 5763 5776 0
t 1462 5784 5763 0
t 1468 5776 5784 0
t 5763 5784 5776 0
t 1465 5783 5782 0
t 1468 5784 5783 0
t 1462 5782 5784 0
t 5783 5784 5782 0
t 76 5746 5710 0
t 1460 5785 5746 0
t 1449 5710 5785 0
t 5746 5785 5710 0
t 378 5786 5749 0
t 1470 5787 5786 0
t 1460 5749 5787 0
t 5786 5787 5749 0
t 375 5714 5789 0
t 1449 5788 5714 0
t 1470 5789 5788 0
t 5714 5788 5789 0
t 1460 5787 5785 0
t 1470 5788 5787 0
t 1449 5785 5788 0
t 5787 5788 5785 0
t 103 5775 5736 0
t 1469 5790 5775 0
t 1456 5736 5790 0
t 5775 5790 5736 0
t 380 5791 5779 0
t 1471 5792 5791 0
t 1469 5779 5792 0
t 5791 5792 5779 0
t 378 5741 5794 0
t 1456 5793 5741 0
t 1471 5794 5793 0
t 5741 5793 5794 0
t 1469 5792 5790 0
t 1471 5793 5792 0
t 1456 5790 5793 0
t 5792 5793 5790 0
t 104 5719 5764 0
t 1453 5795 5719 0
t 1464 5764 5795 0
t 5719 5795 5764 0
t 375 5796 5723 0
t 1472 5797 5796 0
t 1453 5723 5797 0
t 5796 5797 5723 0
t 380 5769 5799 0
t 1464 5798 5769 0
t 1472 5799 5798 0
t 5769 5798 5799 0
t 1453 5797 5795 0
t 1472 5798 5797 0
t 1464 5795 5798 0
t 5797 5798 5795 0
t 378 5794 5786 0
t 1471 5800 5794 0
t 1470 5786 5800 0
t 5794 5800 5786 0
t 380 5799 5791 0
t 1472 5801 5799 0
t 1471 5791 5801 0
t 5799 5801 5791 0
t 375 5789 5796 0
t 1470 5802 5789 0
t 1472 5796 5802 0
t 5789 5802 5796 0
t 1471 5801 5800 0
t 1472 5802 5801 0
t 1470 5800 5802 0
t 5801 5802 5800 0
t 12 5803 3859 2
t 1473 5804 5803 2
t 981 3859 5804 2
t 5803 5804 3859 2
t 382 5805 5807 2
t 1474 5806 5805 2
t 1473 5807 5806 2
t 5805 5806 5807 2
t 256 3863 5809 2
t 981 5808 3863 2
t 1474 5809 5808 2
t 3863 5808 5809 2
t 1473 5806 5804 2
t 1474 5808 5806 2
t 981 5804 5808 2
t 5806 5808 5804 2
t 105 5810 5812 2
t 1475 5811 5810 2
t 1477 5812 5811 2
t 5810 5811 5812 2
t 383 5813 5815 2
t 1476 5814 5813 2
t 1475 5815 5814 2
t 5813 5814 5815 2
t 382 5816 5818 2
t 1477 5817 5816 2
t 1476 5818 5817 2
t 5816 5817 5818 2
t 1475 5814 5811 2
t 1476 5817 5814 2
t 1477 5811 5817 2
t 5814 5817 5811 2
t 72 3868 5820 2
t 985 5819 3868 2
t 1479 5820 5819 2
t 3868 5819 5820 2
t 256 5821 3872 2
t 1478 5822 5821 2
t 985 3872 5822 2
t 5821 5822 3872 2
t 383 5823 5825 2
t 1479 5824 5823 2
t 1478 5825 5824 2
t 5823 5824 5825 2
t 985 5822 5819 2
t 1478 5824 5822 2
t 1479 5819 5824 2
t 5822 5824 5819 2
t 382 5818 5805 2
t 1476 5826 5818 2
t 1474 5805 5826 2
t 5818 5826 5805 2
t 383 5825 5813 2
t 1478 5827 5825 2
t 1476 5813 5827 2
t 5825 5827 5813 2
t 256 5809 5821 2
t 1474 5828 5809 2
t 1478 5821 5828 2
t 5809 5828 5821 2
t 1476 5827 5826 2
t 1478 5828 5827 2
t 1474 5826 5828 2
t 5827 5828 5826 2
t 33 5829 5831 2
t 1480 5830 5829 2
t 1482 5831 5830 2
t 5829 5830 5831 2
t 384 5832 5834 2
t 1481 5833 5832 2
t 1480 5834 5833 2
t 5832 5833 5834 2
t 386 5835 5837 2
t 1482 5836 5835 2
t 1481 5837 5836 2
t 5835 5836 5837 2
t 1480 5833 5830 2
t 1481 5836 5833 2
t 1482 5830 5836 2
t 5833 5836 5830 2
t 106 5838 5840 2
t 1483 5839 5838 2
t 1485 5840 5839 2
t 5838 5839 5840 2
t 385 5841 5843 2
t 1484 5842 5841 2
t 1483 5843 5842 2
t 5841 5842 5843 2
t 384 5844 5846 2
t 1485 5845 5844 2
t 1484 5846 5845 2
t 5844 5845 5846 2
t 1483 5842 5839 2
t 1484 5845 5842 2
t 1485 5839 5845 2
t 5842 5845 5839 2
t 105 5847 5849 2
t 1486 5848 5847 2
t 1488 5849 5848 2
t 5847 5848 5849 2
t 386 5850 5852 2
t 1487 5851 5850 2
t 1486 5852 5851 2
t 5850 5851 5852 2
t 385 5853 5855 2
t 1488 5854 5853 2
t 1487 5855 5854 2
t 5853 5854 5855 2
t 1486 5851 5848 2
t 1487 5854 5851 2
t 1488 5848 5854 2
t 5851 5854 5848 2
t 384 5846 5832 2
t 1484 5856 5846 2
t 1481 5832 5856 2
t 5846 5856 5832 2
t 385 5855 5841 2
t 1487 5857 5855 2
t 1484 5841 5857 2
t 5855 5857 5841 2
t 386 5837 5850 2
t 1481 5858 5837 2
t 1487 5850 5858 2
t 5837 5858 5850 2
t 1484 5857 5856 2
t 1487 5858 5857 2
t 1481 5856 5858 2
t 5857 5858 5856 2
t 24 3887 5860 0
t 990 5859 3887 0
t 1490 5860 5859 0
t 3887 5859 5860 0
t 260 5861 3891 0
t 1489 5862 5861 0
t 990 3891 5862 0
t 5861 5862 3891 0
t 388 5863 5865 0
t 1490 5864 5863 0
t 1489 5865 5864 0
t 5863 5864 5865 0
t 990 5862 5859 0
t 1489 5864 5862 0
t 1490 5859 5864 0
t 5862 5864 5859 0
t 72 5866 3903 2
t 1491 5867 5866 2
t 994 3903 5867 2
t 5866 5867 3903 2
t 387 5868 5870 2
t 1492 5869 5868 2
t 1491 5870 5869 2
t 5868 5869 5870 2
t 260 3908 5872 2
t 994 5871 3908 2
t 1492 5872 5871 2
t 3908 5871 5872 2
t 1491 5869 5867 2
t 1492 5871 5869 2
t 994 5867 5871 2
t 5869 5871 5867 2
t 106 5873 5875 2
t 1493 5874 5873 2
t 1495 5875 5874 2
t 5873 5874 5875 2
t 388 5876 5878 2
t 1494 5877 5876 2
t 1493 5878 5877 2
t 5876 5877 5878 2
t 387 5879 5881 2
t 1495 5880 5879 2
t 1494 5881 5880 2
t 5879 5880 5881 2
t 1493 5877 5874 2
t 1494 5880 5877 2
t 1495 5874 5880 2
t 5877 5880 5874 2
t 260 5872 5861 0
t 1492 5882 5872 2
t 1489 5861 5882 0
t 5872 5882 5861 2
t 387 5881 5868 2
t 1494 5883 5881 2
t 1492 5868 5883 2
t 5881 5883 5868 2
t 388 5865 5876 0
t 1489 5884 5865 0
t 1494 5876 5884 2
t 5865 5884 5876 2
t 1492 5883 5882 2
t 1494 5884 5883 2
t 1489 5882 5884 2
t 5883 5884 5882 2
t 105 5849 5810 2
t 1488 5885 5849 2
t 1475 5810 5885 2
t 5849 5885 5810 2
t 385 5886 5853 2
t 1496 5887 5886 2
t 1488 5853 5887 2
t 5886 5887 5853 2
t 383 5815 5889 2
t 1475 5888 5815 2
t 1496 5889 5888 2
t 5815 5888 5889 2
t 1488 5887 5885 2
t 1496 5888 5887 2
t 1475 5885 5888 2
t 5887 5888 5885 2
t 106 5875 5838 2
t 1495 5890 5875 2
t 1483 5838 5890 2
t 5875 5890 5838 2
t 387 5891 5879 2
t 1497 5892 5891 2
t 1495 5879 5892 2
t 5891 5892 5879 2
t 385 5843 5894 2
t 1483 5893 5843 2
t 1497 5894 5893 2
t 5843 5893 5894 2
t 1495 5892 5890 2
t 1497 5893 5892 2
t 1483 5890 5893 2
t 5892 5893 5890 2
t 72 5820 5866 2
t 1479 5895 5820 2
t 1491 5866 5895 2
t 5820 5895 5866 2
t 383 5896 5823 2
t 1498 5897 5896 2
t 1479 5823 5897 2
t 5896 5897 5823 2
t 387 5870 5899 2
t 1491 5898 5870 2
t 1498 5899 5898 2
t 5870 5898 5899 2
t 1479 5897 5895 2
t 1498 5898 5897 2
t 1491 5895 5898 2
t 5897 5898 5895 2
t 385 5894 5886 2
t 1497 5900 5894 2
t 1496 5886 5900 2
t 5894 5900 5886 2
t 387 5899 5891 2
t 1498 5901 5899 2
t 1497 5891 5901 2
t 5899 5901 5891 2
t 383 5889 5896 2
t 1496 5902 5889 2
t 1498 5896 5902 2
t 5889 5902 5896 2
t 1497 5901 5900 2
t 1498 5902 5901 2
t 1496 5900 5902 2
t 5901 5902 5900 2
t 11 5903 5905 2
t 1499 5904 5903 2
t 1501 5905 5904 2
t 5903 5904 5905 2
t 389 5906 5908 2
t 1500 5907 5906 2
t 1499 5908 5907 2
t 5906 5907 5908 2
t 391 5909 5911 2
t 1501 5910 5909 2
t 1500 5911 5910 2
t 5909 5910 5911 2
t 1499 5907 5904 2
t 1500 5910 5907 2
t 1501 5904 5910 2
t 5907 5910 5904 2
t 107 5912 5914 2
t 1502 5913 5912 2
t 1504 5914 5913 2
t 5912 5913 5914 2
t 390 5915 5917 2
t 1503 5916 5915 2
t 1502 5917 5916 2
t 5915 5916 5917 2
t 389 5918 5920 2
t 1504 5919 5918 2
t 1503 5920 5919 2
t 5918 5919 5920 2
t 1502 5916 5913 2
t 1503 5919 5916 2
t 1504 5913 5919 2
t 5916 5919 5913 2
t 109 5921 5923 2
t 1505 5922 5921 2
t 1507 5923 5922 2
t 5921 5922 5923 2
t 391 5924 5926 2
t 1506 5925 5924 2
t 1505 5926 5925 2
t 5924 5925 5926 2
t 390 5927 5929 2
t 1507 5928 5927 2
t 1506 5929 5928 2
t 5927 5928 5929 2
t 1505 5925 5922 2
t 1506 5928 5925 2
t 1507 5922 5928 2
t 5925 5928 5922 2
t 389 5920 5906 2
t 1503 5930 5920 2
t 1500 5906 5930 2
t 5920 5930 5906 2
t 390 5929 5915 2
t 1506 5931 5929 2
t 1503 5915 5931 2
t 5929 5931 5915 2
t 391 5911 5924 2
t 1500 5932 5911 2
t 1506 5924 5932 2
t 5911 5932 5924 2
t 1503 5931 5930 2
t 1506 5932 5931 2
t 1500 5930 5932 2
t 5931 5932 5930 2
t 34 5933 5935 0
t 1508 5934 5933 0
t 1510 5935 5934 0
t 5933 5934 5935 0
t 392 5936 5938 0
t 1509 5937 5936 0
t 1508 5938 5937 0
t 5936 5937 5938 0
t 394 5939 5941 0
t 1510 5940 5939 0
t 1509 5941 5940 0
t 5939 5940 5941 0
t 1508 5937 5934 0
t 1509 5940 5937 0
t 1510 5934 5940 0
t 5937 5940 5934 0
t 108 5942 5944 2
t 1511 5943 5942 2
t 1513 5944 5943 2
t 5942 5943 5944 2
t 393 5945 5947 2
t 1512 5946 5945 2
t 1511 5947 5946 2
t 5945 5946 5947 2
t 392 5948 5950 0
t 1513 5949 5948 0
t 1512 5950 5949 0
t 5948 5949 5950 0
t 1511 5946 5943 2
t 1512 5949 5946 2
t 1513 5943 5949 2
t 5946 5949 5943 2
t 107 5951 5953 2
t 1514 5952 5951 0
t 1516 5953 5952 2
t 5951 5952 5953 2
t 394 5954 5956 0
t 1515 5955 5954 0
t 1514 5956 5955 0
t 5954 5955 5956 0
t 393 5957 5959 2
t 1516 5958 5957 2
t 1515 5959 5958 2
t 5957 5958 5959 2
t 1514 5955 5952 0
t 1515 5958 5955 0
t 1516 5952 5958 2
t 5955 5958 5952 0
t 392 5950 5936 0
t 1512 5960 5950 0
t 1509 5936 5960 0
t 5950 5960 5936 0
t 393 5959 5945 2
t 1515 5961 5959 0
t 1512 5945 5961 2
t 5959 5961 5945 2
t 394 5941 5954 0
t 1509 5962 5941 0
t 1515 5954 5962 0
t 5941 5962 5954 0
t 1512 5961 5960 0
t 1515 5962 5961 0
t 1509 5960 5962 0
t 5961 5962 5960 0
t 33 5963 5965 2
t 1517 5964 5963 2
t 1519 5965 5964 2
t 5963 5964 5965 2
t 395 5966 5968 2
t 1518 5967 5966 2
t 1517 5968 5967 2
t 5966 5967 5968 2
t 397 5969 5971 2
t 1519 5970 5969 2
t 1518 5971 5970 2
t 5969 5970 5971 2
t 1517 5967 5964 2
t 1518 5970 5967 2
t 1519 5964 5970 2
t 5967 5970 5964 2
t 109 5972 5974 2
t 1520 5973 5972 2
t 1522 5974 5973 2
t 5972 5973 5974 2
t 396 5975 5977 2
t 1521 5976 5975 2
t 1520 5977 5976 2
t 5975 5976 5977 2
t 395 5978 5980 2
t 1522 5979 5978 2
t 1521 5980 5979 2
t 5978 5979 5980 2
t 1520 5976 5973 2
t 1521 5979 5976 2
t 1522 5973 5979 2
t 5976 5979 5973 2
t 108 5981 5983 2
t 1523 5982 5981 2
t 1525 5983 5982 2
t 5981 5982 5983 2
t 397 5984 5986 2
t 1524 5985 5984 2
t 1523 5986 5985 2
t 5984 5985 5986 2
t 396 5987 5989 2
t 1525 5988 5987 2
t 1524 5989 5988 2
t 5987 5988 5989 2
t 1523 5985 5982 2
t 1524 5988 5985 2
t 1525 5982 5988 2
t 5985 5988 5982 2
t 395 5980 5966 2
t 1521 5990 5980 2
t 1518 5966 5990 2
t 5980 5990 5966 2
t 396 5989 5975 2
t 1524 5991 5989 2
t 1521 5975 5991 2
t 5989 5991 5975 2
t 397 5971 5984 2
t 1518 5992 5971 2
t 1524 5984 5992 2
t 5971 5992 5984 2
t 1521 5991 5990 2
t 1524 5992 5991 2
t 1518 5990 5992 2
t 5991 5992 5990 2
t 107 5953 5912 2
t 1516 5993 5953 2
t 1502 5912 5993 2
t 5953 5993 5912 2
t 393 5994 5957 2
t 1526 5995 5994 2
t 1516 5957 5995 2
t 5994 5995 5957 2
t 390 5917 5997 2
t 1502 5996 5917 2
t 1526 5997 5996 2
t 5917 5996 5997 2
t 1516 5995 5993 2
t 1526 5996 5995 2
t 1502 5993 5996 2
t 5995 5996 5993 2
t 108 5983 5942 2
t 1525 5998 5983 2
t 1511 5942 5998 2
t 5983 5998 5942 2
t 396 5999 5987 2
t 1527 6000 5999 2
t 1525 5987 6000 2
t 5999 6000 5987 2
t 393 5947 6002 2
t 1511 6001 5947 2
t 1527 6002 6001 2
t 5947 6001 6002 2
t 1525 6000 5998 2
t 1527 6001 6000 2
t 1511 5998 6001 2
t 6000 6001 5998 2
t 109 5923 5972 2
t 1507 6003 5923 2
t 1520 5972 6003 2
t 5923 6003 5972 2
t 390 6004 5927 2
t 1528 6005 6004 2
t 1507 5927 6005 2
t 6004 6005 5927 2
t 396 5977 6007 2
t 1520 6006 5977 2
t 1528 6007 6006 2
t 5977 6006 6007 2
t 1507 6005 6003 2
t 1528 6006 6005 2
t 1520 6003 6006 2
t 6005 6006 6003 2
t 393 6002 5994 2
t 1527 6008 6002 2
t 1526 5994 6008 2
t 6002 6008 5994 2
t 396 6007 5999 2
t 1528 6009 6007 2
t 1527 5999 6009 2
t 6007 6009 5999 2
t 390 5997 6004 2
t 1526 6010 5997 2
t 1528 6004 6010 2
t 5997 6010 6004 2
t 1527 6009 6008 2
t 1528 6010 6009 2
t 1526 6008 6010 2
t 6009 6010 6008 2
t 24 5860 5729 0
t 1490 6011 5860 0
t 1454 5729 6011 0
t 5860 6011 5729 0
t 388 6012 5863 0
t 1529 6013 6012 0
t 1490 5863 6013 0
t 6012 6013 5863 0
t 377 5733 6015 0
t 1454 6014 5733 0
t 1529 6015 6014 0
t 5733 6014 6015 0
t 1490 6013 6011 0
t 1529 6014 6013 0
t 1454 6011 6014 0
t 6013 6014 6011 0
t 106 6016 5873 2
t 1530 6017 6016 2
t 1493 5873 6017 2
t 6016 6017 5873 2
t 398 6018 6020 0
t 1531 6019 6018 0
t 1530 6020 6019 2
t 6018 6019 6020 0
t 388 5878 6022 0
t 1493 6021 5878 2
t 1531 6022 6021 0
t 5878 6021 6022 2
t 1530 6019 6017 2
t 1531 6021 6019 0
t 1493 6017 6021 2
t 6019 6021 6017 2
t 103 5738 6024 0
t 1458 6023 5738 0
t 1533 6024 6023 0
t 5738 6023 6024 0
t 377 6025 5742 0
t 1532 6026 6025 0
t 1458 5742 6026 0
t 6025 6026 5742 0
t 398 6027 6029 0
t 1533 6028 6027 0
t 1532 6029 6028 0
t 6027 6028 6029 0
t 1458 6026 6023 0
t 1532 6028 6026 0
t 1533 6023 6028 0
t 6026 6028 6023 0
t 388 6022 6012 0
t 1531 6030 6022 0
t 1529 6012 6030 0
t 6022 6030 6012 0
t 398 6029 6018 0
t 1532 6031 6029 0
t 1531 6018 6031 0
t 6029 6031 6018 0
t 377 6015 6025 0
t 1529 6032 6015 0
t 1532 6025 6032 0
t 6015 6032 6025 0
t 1531 6031 6030 0
t 1532 6032 6031 0
t 1529 6030 6032 0
t 6031 6032 6030 0
t 33 5965 5829 2
t 1519 6033 5965 2
t 1480 5829 6033 2
t 5965 6033 5829 2
t 397 6034 5969 2
t 1534 6035 6034 2
t 1519 5969 6035 2
t 6034 6035 5969 2
t 384 5834 6037 2
t 1480 6036 5834 2
t 1534 6037 6036 2
t 5834 6036 6037 2
t 1519 6035 6033 2
t 1534 6036 6035 2
t 1480 6033 6036 2
t 6035 6036 6033 2
t 108 6038 5981 2
t 1535 6039 6038 2
t 1523 5981 6039 2
t 6038 6039 5981 2
t 399 6040 6042 2
t 1536 6041 6040 2
t 1535 6042 6041 2
t 6040 6041 6042 2
t 397 5986 6044 2
t 1523 6043 5986 2
t 1536 6044 6043 2
t 5986 6043 6044 2
t 1535 6041 6039 2
t 1536 6043 6041 2
t 1523 6039 6043 2
t 6041 6043 6039 2
t 106 5840 6046 2
t 1485 6045 5840 2
t 1538 6046 6045 2
t 5840 6045 6046 2
t 384 6047 5844 2
t 1537 6048 6047 2
t 1485 5844 6048 2
t 6047 6048 5844 2
t 399 6049 6051 2
t 1538 6050 6049 2
t 1537 6051 6050 2
t 6049 6050 6051 2
t 1485 6048 6045 2
t 1537 6050 6048 2
t 1538 6045 6050 2
t 6048 6050 6045 2
t 397 6044 6034 2
t 1536 6052 6044 2
t 1534 6034 6052 2
t 6044 6052 6034 2
t 399 6051 6040 2
t 1537 6053 6051 2
t 1536 6040 6053 2
t 6051 6053 6040 2
t 384 6037 6047 2
t 1534 6054 6037 2
t 1537 6047 6054 2
t 6037 6054 6047 2
t 1536 6053 6052 2
t 1537 6054 6053 2
t 1534 6052 6054 2
t 6053 6054 6052 2
t 34 5757 5933 0
t 1463 6055 5757 0
t 1508 5933 6055 0
t 5757 6055 5933 0
t 381 6056 5761 0
t 1539 6057 6056 0
t 1463 5761 6057 0
t 6056 6057 5761 0
t 392 5938 6059 0
t 1508 6058 5938 0
t 1539 6059 6058 0
t 5938 6058 6059 0
t 1463 6057 6055 0
t 1539 6058 6057 0
t 1508 6055 6058 0
t 6057 6058 6055 0
t 103 6060 5773 0
t 1540 6061 6060 0
t 1467 5773 6061 0
t 6060 6061 5773 0
t 400 6062 6064 0
t 1541 6063 6062 0
t 1540 6064 6063 0
t 6062 6063 6064 0
t 381 5778 6066 0
t 1467 6065 5778 0
t 1541 6066 6065 0
t 5778 6065 6066 0
t 1540 6063 6061 0
t 1541 6065 6063 0
t 1467 6061 6065 0
t 6063 6065 6061 0
t 108 5944 6068 2
t 1513 6067 5944 2
t 1543 6068 6067 2
t 5944 6067 6068 2
t 392 6069 5948 0
t 1542 6070 6069 0
t 1513 5948 6070 0
t 6069 6070 5948 0
t 400 6071 6073 0
t 1543 6072 6071 0
t 1542 6073 6072 0
t 6071 6072 6073 0
t 1513 6070 6067 2
t 1542 6072 6070 0
t 1543 6067 6072 2
t 6070 6072 6067 0
t 381 6066 6056 0
t 1541 6074 6066 0
t 1539 6056 6074 0
t 6066 6074 6056 0
t 400 6073 6062 0
t 1542 6075 6073 0
t 1541 6062 6075 0
t 6073 6075 6062 0
t 392 6059 6069 0
t 1539 6076 6059 0
t 1542 6069 6076 0
t 6059 6076 6069 0
t 1541 6075 6074 0
t 1542 6076 6075 0
t 1539 6074 6076 0
t 6075 6076 6074 0
t 106 6046 6016 2
t 1538 6077 6046 2
t 1530 6016 6077 2
t 6046 6077 6016 2
t 399 6078 6049 2
t 1544 6079 6078 2
t 1538 6049 6079 2
t 6078 6079 6049 2
t 398 6020 6081 0
t 1530 6080 6020 2
t 1544 6081 6080 2
t 6020 6080 6081 2
t 1538 6079 6077 2
t 1544 6080 6079 2
t 1530 6077 6080 2
t 6079 6080 6077 2
t 108 6068 6038 2
t 1543 6082 6068 2
t 1535 6038 6082 2
t 6068 6082 6038 2
t 400 6083 6071 0
t 1545 6084 6083 2
t 1543 6071 6084 2
t 6083 6084 6071 0
t 399 6042 6086 2
t 1535 6085 6042 2
t 1545 6086 6085 2
t 6042 6085 6086 2
t 1543 6084 6082 2
t 1545 6085 6084 2
t 1535 6082 6085 2
t 6084 6085 6082 2
t 103 6024 6060 0
t 1533 6087 6024 0
t 1540 6060 6087 0
t 6024 6087 6060 0
t 398 6088 6027 0
t 1546 6089 6088 0
t 1533 6027 6089 0
t 6088 6089 6027 0
t 400 6064 6091 0
t 1540 6090 6064 0
t 1546 6091 6090 0
t 6064 6090 6091 0
t 1533 6089 6087 0
t 1546 6090 6089 0
t 1540 6087 6090 0
t 6089 6090 6087 0
t 399 6086 6078 2
t 1545 6092 6086 2
t 1544 6078 6092 2
t 6086 6092 6078 2
t 400 6091 6083 0
t 1546 6093 6091 0
t 1545 6083 6093 2
t 6091 6093 6083 0
t 398 6081 6088 0
t 1544 6094 6081 2
t 1546 6088 6094 0
t 6081 6094 6088 0
t 1545 6093 6092 2
t 1546 6094 6093 0
t 1544 6092 6094 2
t 6093 6094 6092 2
t 12 3569 6096 2
t 909 6095 3569 2
t 1548 6096 6095 2
t 3569 6095 6096 2
t 239 6097 3573 2
t 1547 6098 6097 2
t 909 3573 6098 2
t 6097 6098 3573 2
t 402 6099 6101 2
t 1548 6100 6099 2
t 1547 6101 6100 2
t 6099 6100 6101 2
t 909 6098 6095 2
t 1547 6100 6098 2
t 1548 6095 6100 2
t 6098 6100 6095 2
t 69 6102 3585 2
t 1549 6103 6102 2
t 913 3585 6103 2
t 6102 6103 3585 2
t 401 6104 6106 2
t 1550 6105 6104 2
t 1549 6106 6105 2
t 6104 6105 6106 2
t 239 3590 6108 2
t 913 6107 3590 2
t 1550 6108 6107 2
t 3590 6107 6108 2
t 1549 6105 6103 2
t 1550 6107 6105 2
t 913 6103 6107 2
t 6105 6107 6103 2
t 111 6109 6111 2
t 1551 6110 6109 2
t 1553 6111 6110 2
t 6109 6110 6111 2
t 402 6112 6114 2
t 1552 6113 6112 2
t 1551 6114 6113 2
t 6112 6113 6114 2
t 401 6115 6117 2
t 1553 6116 6115 2
t 1552 6117 6116 2
t 6115 6116 6117 2
t 1551 6113 6110 2
t 1552 6116 6113 2
t 1553 6110 6116 2
t 6113 6116 6110 2
t 239 6108 6097 2
t 1550 6118 6108 2
t 1547 6097 6118 2
t 6108 6118 6097 2
t 401 6117 6104 2
t 1552 6119 6117 2
t 1550 6104 6119 2
t 6117 6119 6104 2
t 402 6101 6112 2
t 1547 6120 6101 2
t 1552 6112 6120 2
t 6101 6120 6112 2
t 1550 6119 6118 2
t 1552 6120 6119 2
t 1547 6118 6120 2
t 6119 6120 6118 2
t 22 6121 3627 2
t 1554 6122 6121 2
t 925 3627 6122 2
t 6121 6122 3627 2
t 403 6123 6125 1
t 1555 6124 6123 2
t 1554 6125 6124 2
t 6123 6124 6125 2
t 243 3632 6127 2
t 925 6126 3632 2
t 1555 6127 6126 2
t 3632 6126 6127 2
t 1554 6124 6122 2
t 1555 6126 6124 2
t 925 6122 6126 2
t 6124 6126 6122 2
t 110 6128 6130 1
t 1556 6129 6128 1
t 1558 6130 6129 1
t 6128 6129 6130 1
t 404 6131 6133 2
t 1557 6132 6131 1
t 1556 6133 6132 1
t 6131 6132 6133 1
t 403 6134 6136 1
t 1558 6135 6134 1
t 1557 6136 6135 1
t 6134 6135 6136 1
t 1556 6132 6129 1
t 1557 6135 6132 1
t 1558 6129 6135 1
t 6132 6135 6129 1
t 69 3638 6138 2
t 930 6137 3638 2
t 1560 6138 6137 2
t 3638 6137 6138 2
t 243 6139 3642 2
t 1559 6140 6139 2
t 930 3642 6140 2
t 6139 6140 3642 2
t 404 6141 6143 2
t 1560 6142 6141 2
t 1559 6143 6142 2
t 6141 6142 6143 2
t 930 6140 6137 2
t 1559 6142 6140 2
t 1560 6137 6142 2
t 6140 6142 6137 2
t 403 6136 6123 1
t 1557 6144 6136 1
t 1555 6123 6144 2
t 6136 6144 6123 2
t 404 6143 6131 2
t 1559 6145 6143 2
t 1557 6131 6145 2
t 6143 6145 6131 2
t 243 6127 6139 2
t 1555 6146 6127 2
t 1559 6139 6146 2
t 6127 6146 6139 2
t 1557 6145 6144 2
t 1559 6146 6145 2
t 1555 6144 6146 2
t 6145 6146 6144 2
t 36 6147 6149 1
t 1561 6148 6147 1
t 1563 6149 6148 1
t 6147 6148 6149 1
t 405 6150 6152 1
t 1562 6151 6150 1
t 1561 6152 6151 1
t 6150 6151 6152 1
t 407 6153 6155 1
t 1563 6154 6153 1
t 1562 6155 6154 1
t 6153 6154 6155 1
t 1561 6151 6148 1
t 1562 6154 6151 1
t 1563 6148 6154 1
t 6151 6154 6148 1
t 111 6156 6158 1
t 1564 6157 6156 1
t 1566 6158 6157 1
t 6156 6157 6158 1
t 406 6159 6161 1
t 1565 6160 6159 1
t 1564 6161 6160 1
t 6159 6160 6161 1
t 405 6162 6164 1
t 1566 6163 6162 1
t 1565 6164 6163 1
t 6162 6163 6164 1
t 1564 6160 6157 1
t 1565 6163 6160 1
t 1566 6157 6163 1
t 6160 6163 6157 1
t 110 6165 6167 1
t 1567 6166 6165 1
t 1569 6167 6166 1
t 6165 6166 6167 1
t 407 6168 6170 1
t 1568 6169 6168 1
t 1567 6170 6169 1
t 6168 6169 6170 1
t 406 6171 6173 1
t 1569 6172 6171 1
t 1568 6173 6172 1
t 6171 6172 6173 1
t 1567 6169 6166 1
t 1568 6172 6169 1
t 1569 6166 6172 1
t 6169 6172 6166 1
t 405 6164 6150 1
t 1565 6174 6164 1
t 1562 6150 6174 1
t 6164 6174 6150 1
t 406 6173 6159 1
t 1568 6175 6173 1
t 1565 6159 6175 1
t 6173 6175 6159 1
t 407 6155 6168 1
t 1562 6176 6155 1
t 1568 6168 6176 1
t 6155 6176 6168 1
t 1565 6175 6174 1
t 1568 6176 6175 1
t 1562 6174 6176 1
t 6175 6176 6174 1
t 69 6138 6102 2
t 1560 6177 6138 2
t 1549 6102 6177 2
t 6138 6177 6102 2
t 404 6178 6141 2
t 1570 6179 6178 2
t 1560 6141 6179 2
t 6178 6179 6141 2
t 401 6106 6181 2
t 1549 6180 6106 2
t 1570 6181 6180 2
t 6106 6180 6181 2
t 1560 6179 6177 2
t 1570 6180 6179 2
t 1549 6177 6180 2
t 6179 6180 6177 2
t 110 6167 6128 1
t 1569 6182 6167 1
t 1556 6128 6182 1
t 6167 6182 6128 1
t 406 6183 6171 1
t 1571 6184 6183 1
t 1569 6171 6184 1
t 6183 6184 6171 1
t 404 6133 6186 2
t 1556 6185 6133 1
t 1571 6186 6185 1
t 6133 6185 6186 1
t 1569 6184 6182 1
t 1571 6185 6184 1
t 1556 6182 6185 1
t 6184 6185 6182 1
t 111 6111 6156 2
t 1553 6187 6111 2
t 1564 6156 6187 1
t 6111 6187 6156 2
t 401 6188 6115 2
t 1572 6189 6188 2
t 1553 6115 6189 2
t 6188 6189 6115 2
t 406 6161 6191 1
t 1564 6190 6161 1
t 1572 6191 6190 1
t 6161 6190 6191 1
t 1553 6189 6187 2
t 1572 6190 6189 2
t 1564 6187 6190 1
t 6189 6190 6187 2
t 404 6186 6178 2
t 1571 6192 6186 1
t 1570 6178 6192 2
t 6186 6192 6178 2
t 406 6191 6183 1
t 1572 6193 6191 1
t 1571 6183 6193 1
t 6191 6193 6183 1
t 401 6181 6188 2
t 1570 6194 6181 2
t 1572 6188 6194 2
t 6181 6194 6188 2
t 1571 6193 6192 1
t 1572 6194 6193 2
t 1570 6192 6194 2
t 6193 6194 6192 2
t 6 6195 3467 3
t 1573 6196 6195 3
t 881 3467 6196 3
t 6195 6196 3467 3
t 408 6197 6199 3
t 1574 6198 6197 3
t 1573 6199 6198 3
t 6197 6198 6199 3
t 230 3471 6201 3
t 881 6200 3471 3
t 1574 6201 6200 3
t 3471 6200 6201 3
t 1573 6198 6196 3
t 1574 6200 6198 3
t 881 6196 6200 3
t 6198 6200 6196 3
t 112 6202 6204 1
t 1575 6203 6202 1
t 1577 6204 6203 1
t 6202 6203 6204 1
t 409 6205 6207 2
t 1576 6206 6205 3
t 1575 6207 6206 1
t 6205 6206 6207 2
t 408 6208 6210 3
t 1577 6209 6208 3
t 1576 6210 6209 3
t 6208 6209 6210 3
t 1575 6206 6203 1
t 1576 6209 6206 3
t 1577 6203 6209 3
t 6206 6209 6203 3
t 65 3476 6212 2
t 885 6211 3476 2
t 1579 6212 6211 2
t 3476 6211 6212 2
t 230 6213 3480 3
t 1578 6214 6213 2
t 885 3480 6214 2
t 6213 6214 3480 2
t 409 6215 6217 2
t 1579 6216 6215 2
t 1578 6217 6216 2
t 6215 6216 6217 2
t 885 6214 6211 2
t 1578 6216 6214 2
t 1579 6211 6216 2
t 6214 6216 6211 2
t 408 6210 6197 3
t 1576 6218 6210 3
t 1574 6197 6218 3
t 6210 6218 6197 3
t 409 6217 6205 2
t 1578 6219 6217 2
t 1576 6205 6219 3
t 6217 6219 6205 2
t 230 6201 6213 3
t 1574 6220 6201 3
t 1578 6213 6220 3
t 6201 6220 6213 3
t 1576 6219 6218 3
t 1578 6220 6219 3
t 1574 6218 6220 3
t 6219 6220 6218 3
t 35 6221 6223 1
t 1580 6222 6221 1
t 1582 6223 6222 1
t 6221 6222 6223 1
t 410 6224 6226 1
t 1581 6225 6224 1
t 1580 6226 6225 1
t 6224 6225 6226 1
t 412 6227 6229 1
t 1582 6228 6227 1
t 1581 6229 6228 1
t 6227 6228 6229 1
t 1580 6225 6222 1
t 1581 6228 6225 1
t 1582 6222 6228 1
t 6225 6228 6222 1
t 113 6230 6232 1
t 1583 6231 6230 1
t 1585 6232 6231 1
t 6230 6231 6232 1
t 411 6233 6235 1
t 1584 6234 6233 1
t 1583 6235 6234 1
t 6233 6234 6235 1
t 410 6236 6238 1
t 1585 6237 6236 1
t 1584 6238 6237 1
t 6236 6237 6238 1
t 1583 6234 6231 1
t 1584 6237 6234 1
t 1585 6231 6237 1
t 6234 6237 6231 1
t 112 6239 6241 1
t 1586 6240 6239 1
t 1588 6241 6240 1
t 6239 6240 6241 1
t 412 6242 6244 1
t 1587 6243 6242 1
t 1586 6244 6243 1
t 6242 6243 6244 1
t 411 6245 6247 1
t 1588 6246 6245 1
t 1587 6247 6246 1
t 6245 6246 6247 1
t 1586 6243 6240 1
t 1587 6246 6243 1
t 1588 6240 6246 1
t 6243 6246 6240 1
t 410 6238 6224 1
t 1584 6248 6238 1
t 1581 6224 6248 1
t 6238 6248 6224 1
t 411 6247 6233 1
t 1587 6249 6247 1
t 1584 6233 6249 1
t 6247 6249 6233 1
t 412 6229 6242 1
t 1581 6250 6229 1
t 1587 6242 6250 1
t 6229 6250 6242 1
t 1584 6249 6248 1
t 1587 6250 6249 1
t 1581 6248 6250 1
t 6249 6250 6248 1
t 22 3495 6252 2
t 890 6251 3495 2
t 1590 6252 6251 2
t 3495 6251 6252 2
t 234 6253 3499 2
t 1589 6254 6253 2
t 890 3499 6254 2
t 6253 6254 3499 2
t 414 6255 6257 1
t 1590 6256 6255 2
t 1589 6257 6256 2
t 6255 6256 6257 1
t 890 6254 6251 2
t 1589 6256 6254 2
t 1590 6251 6256 2
t 6254 6256 6251 2
t 65 6258 3511 2
t 1591 6259 6258 2
t 894 3511 6259 2
t 6258 6259 3511 2
t 413 6260 6262 1
t 1592 6261 6260 2
t 1591 6262 6261 2
t 6260 6261 6262 2
t 234 3516 6264 2
t 894 6263 3516 2
t 1592 6264 6263 2
t 3516 6263 6264 2
t 1591 6261 6259 2
t 1592 6263 6261 2
t 894 6259 6263 2
t 6261 6263 6259 2
t 113 6265 6267 1
t 1593 6266 6265 1
t 1595 6267 6266 1
t 6265 6266 6267 1
t 414 6268 6270 1
t 1594 6269 6268 1
t 1593 6270 6269 1
t 6268 6269 6270 1
t 413 6271 6273 1
t 1595 6272 6271 1
t 1594 6273 6272 1
t 6271 6272 6273 1
t 1593 6269 6266 1
t 1594 6272 6269 1
t 1595 6266 6272 1
t 6269 6272 6266 1
t 234 6264 6253 2
t 1592 6274 6264 2
t 1589 6253 6274 2
t 6264 6274 6253 2
t 413 6273 6260 1
t 1594 6275 6273 1
t 1592 6260 6275 1
t 6273 6275 6260 1
t 414 6257 6268 1
t 1589 6276 6257 1
t 1594 6268 6276 1
t 6257 6276 6268 1
t 1592 6275 6274 2
t 1594 6276 6275 1
t 1589 6274 6276 2
t 6275 6276 6274 1
t 112 6241 6202 1
t 1588 6277 6241 1
t 1575 6202 6277 1
t 6241 6277 6202 1
t 411 6278 6245 1
t 1596 6279 6278 1
t 1588 6245 6279 1
t 6278 6279 6245 1
t 409 6207 6281 1
t 1575 6280 6207 1
t 1596 6281 6280 1
t 6207 6280 6281 1
t 1588 6279 6277 1
t 1596 6280 6279 1
t 1575 6277 6280 1
t 6279 6280 6277 1
t 113 6267 6230 1
t 1595 6282 6267 1
t 1583 6230 6282 1
t 6267 6282 6230 1
t 413 6283 6271 1
t 1597 6284 6283 1
t 1595 6271 6284 1
t 6283 6284 6271 1
t 411 6235 6286 1
t 1583 6285 6235 1
t 1597 6286 6285 1
t 6235 6285 6286 1
t 1595 6284 6282 1
t 1597 6285 6284 1
t 1583 6282 6285 1
t 6284 6285 6282 1
t 65 6212 6258 2
t 1579 6287 6212 2
t 1591 6258 6287 2
t 6212 6287 6258 2
t 409 6288 6215 2
t 1598 6289 6288 2
t 1579 6215 6289 2
t 6288 6289 6215 2
t 413 6262 6291 1
t 1591 6290 6262 2
t 1598 6291 6290 1
t 6262 6290 6291 1
t 1579 6289 6287 2
t 1598 6290 6289 2
t 1591 6287 6290 2
t 6289 6290 6287 2
t 411 6286 6278 1
t 1597 6292 6286 1
t 1596 6278 6292 1
t 6286 6292 6278 1
t 413 6291 6283 1
t 1598 6293 6291 1
t 1597 6283 6293 1
t 6291 6293 6283 1
t 409 6281 6288 1
t 1596 6294 6281 1
t 1598 6288 6294 1
t 6281 6294 6288 1
t 1597 6293 6292 1
t 1598 6294 6293 1
t 1596 6292 6294 1
t 6293 6294 6292 1
t 13 6295 6297 1
t 1599 6296 6295 1
t 1601 6297 6296 1
t 6295 6296 6297 1
t 415 6298 6300 1
t 1600 6299 6298 1
t 1599 6300 6299 1
t 6298 6299 6300 1
t 417 6301 6303 1
t 1601 6302 6301 1
t 1600 6303 6302 1
t 6301 6302 6303 1
t 1599 6299 6296 1
t 1600 6302 6299 1
t 1601 6296 6302 1
t 6299 6302 6296 1
t 114 6304 6306 1
t 1602 6305 6304 1
t 1604 6306 6305 1
t 6304 6305 6306 1
t 416 6307 6309 1
t 1603 6308 6307 1
t 1602 6309 6308 1
t 6307 6308 6309 1
t 415 6310 6312 1
t 1604 6311 6310 1
t 1603 6312 6311 1
t 6310 6311 6312 1
t 1602 6308 6305 1
t 1603 6311 6308 1
t 1604 6305 6311 1
t 6308 6311 6305 1
t 116 6313 6315 1
t 1605 6314 6313 1
t 1607 6315 6314 1
t 6313 6314 6315 1
t 417 6316 6318 1
t 1606 6317 6316 1
t 1605 6318 6317 1
t 6316 6317 6318 1
t 416 6319 6321 1
t 1607 6320 6319 1
t 1606 6321 6320 1
t 6319 6320 6321 1
t 1605 6317 6314 1
t 1606 6320 6317 1
t 1607 6314 6320 1
t 6317 6320 6314 1
t 415 6312 6298 1
t 1603 6322 6312 1
t 1600 6298 6322 1
t 6312 6322 6298 1
t 416 6321 6307 1
t 1606 6323 6321 1
t 1603 6307 6323 1
t 6321 6323 6307 1
t 417 6303 6316 1
t 1600 6324 6303 1
t 1606 6316 6324 1
t 6303 6324 6316 1
t 1603 6323 6322 1
t 1606 6324 6323 1
t 1600 6322 6324 1
t 6323 6324 6322 1
t 36 6325 6327 1
t 1608 6326 6325 1
t 1610 6327 6326 1
t 6325 6326 6327 1
t 418 6328 6330 1
t 1609 6329 6328 1
t 1608 6330 6329 1
t 6328 6329 6330 1
t 420 6331 6333 1
t 1610 6332 6331 1
t 1609 6333 6332 1
t 6331 6332 6333 1
t 1608 6329 6326 1
t 1609 6332 6329 1
t 1610 6326 6332 1
t 6329 6332 6326 1
t 115 6334 6336 1
t 1611 6335 6334 1
t 1613 6336 6335 1
t 6334 6335 6336 1
t 419 6337 6339 1
t 1612 6338 6337 1
t 1611 6339 6338 1
t 6337 6338 6339 1
t 418 6340 6342 1
t 1613 6341 6340 1
t 1612 6342 6341 1
t 6340 6341 6342 1
t 1611 6338 6335 1
t 1612 6341 6338 1
t 1613 6335 6341 1
t 6338 6341 6335 1
t 114 6343 6345 1
t 1614 6344 6343 1
t 1616 6345 6344 1
t 6343 6344 6345 1
t 420 6346 6348 1
t 1615 6347 6346 1
t 1614 6348 6347 1
t 6346 6347 6348 1
t 419 6349 6351 1
t 1616 6350 6349 1
t 1615 6351 6350 1
t 6349 6350 6351 1
t 1614 6347 6344 1
t 1615 6350 6347 1
t 1616 6344 6350 1
t 6347 6350 6344 1
t 418 6342 6328 1
t 1612 6352 6342 1
t 1609 6328 6352 1
t 6342 6352 6328 1
t 419 6351 6337 1
t 1615 6353 6351 1
t 1612 6337 6353 1
t 6351 6353 6337 1
t 420 6333 6346 1
t 1609 6354 6333 1
t 1615 6346 6354 1
t 6333 6354 6346 1
t 1612 6353 6352 1
t 1615 6354 6353 1
t 1609 6352 6354 1
t 6353 6354 6352 1
t 35 6355 6357 1
t 1617 6356 6355 1
t 1619 6357 6356 1
t 6355 6356 6357 1
t 421 6358 6360 1
t 1618 6359 6358 1
t 1617 6360 6359 1
t 6358 6359 6360 1
t 423 6361 6363 1
t 1619 6362 6361 1
t 1618 6363 6362 1
t 6361 6362 6363 1
t 1617 6359 6356 1
t 1618 6362 6359 1
t 1619 6356 6362 1
t 6359 6362 6356 1
t 116 6364 6366 1
t 1620 6365 6364 1
t 1622 6366 6365 1
t 6364 6365 6366 1
t 422 6367 6369 1
t 1621 6368 6367 1
t 1620 6369 6368 1
t 6367 6368 6369 1
t 421 6370 6372 1
t 1622 6371 6370 1
t 1621 6372 6371 1
t 6370 6371 6372 1
t 1620 6368 6365 1
t 1621 6371 6368 1
t 1622 6365 6371 1
t 6368 6371 6365 1
t 115 6373 6375 1
t 1623 6374 6373 1
t 1625 6375 6374 1
t 6373 6374 6375 1
t 423 6376 6378 1
t 1624 6377 6376 1
t 1623 6378 6377 1
t 6376 6377 6378 1
t 422 6379 6381 1
t 1625 6380 6379 1
t 1624 6381 6380 1
t 6379 6380 6381 1
t 1623 6377 6374 1
t 1624 6380 6377 1
t 1625 6374 6380 1
t 6377 6380 6374 1
t 421 6372 6358 1
t 1621 6382 6372 1
t 1618 6358 6382 1
t 6372 6382 6358 1
t 422 6381 6367 1
t 1624 6383 6381 1
t 1621 6367 6383 1
t 6381 6383 6367 1
t 423 6363 6376 1
t 1618 6384 6363 1
t 1624 6376 6384 1
t 6363 6384 6376 1
t 1621 6383 6382 1
t 1624 6384 6383 1
t 1618 6382 6384 1
t 6383 6384 6382 1
t 114 6345 6304 1
t 1616 6385 6345 1
t 1602 6304 6385 1
t 6345 6385 6304 1
t 419 6386 6349 1
t 1626 6387 6386 1
t 1616 6349 6387 1
t 6386 6387 6349 1
t 416 6309 6389 1
t 1602 6388 6309 1
t 1626 6389 6388 1
t 6309 6388 6389 1
t 1616 6387 6385 1
t 1626 6388 6387 1
t 1602 6385 6388 1
t 6387 6388 6385 1
t 115 6375 6334 1
t 1625 6390 6375 1
t 1611 6334 6390 1
t 6375 6390 6334 1
t 422 6391 6379 1
t 1627 6392 6391 1
t 1625 6379 6392 1
t 6391 6392 6379 1
t 419 6339 6394 1
t 1611 6393 6339 1
t 1627 6394 6393 1
t 6339 6393 6394 1
t 1625 6392 6390 1
t 1627 6393 6392 1
t 1611 6390 6393 1
t 6392 6393 6390 1
t 116 6315 6364 1
t 1607 6395 6315 1
t 1620 6364 6395 1
t 6315 6395 6364 1
t 416 6396 6319 1
t 1628 6397 6396 1
t 1607 6319 6397 1
t 6396 6397 6319 1
t 422 6369 6399 1
t 1620 6398 6369 1
t 1628 6399 6398 1
t 6369 6398 6399 1
t 1607 6397 6395 1
t 1628 6398 6397 1
t 1620 6395 6398 1
t 6397 6398 6395 1
t 419 6394 6386 1
t 1627 6400 6394 1
t 1626 6386 6400 1
t 6394 6400 6386 1
t 422 6399 6391 1
t 1628 6401 6399 1
t 1627 6391 6401 1
t 6399 6401 6391 1
t 416 6389 6396 1
t 1626 6402 6389 1
t 1628 6396 6402 1
t 6389 6402 6396 1
t 1627 6401 6400 1
t 1628 6402 6401 1
t 1626 6400 6402 1
t 6401 6402 6400 1
t 22 6252 6121 2
t 1590 6403 6252 2
t 1554 6121 6403 2
t 6252 6403 6121 2
t 414 6404 6255 1
t 1629 6405 6404 1
t 1590 6255 6405 1
t 6404 6405 6255 1
t 403 6125 6407 1
t 1554 6406 6125 2
t 1629 6407 6406 1
t 6125 6406 6407 1
t 1590 6405 6403 2
t 1629 6406 6405 1
t 1554 6403 6406 2
t 6405 6406 6403 1
t 113 6408 6265 1
t 1630 6409 6408 1
t 1593 6265 6409 1
t 6408 6409 6265 1
t 424 6410 6412 1
t 1631 6411 6410 1
t 1630 6412 6411 1
t 6410 6411 6412 1
t 414 6270 6414 1
t 1593 6413 6270 1
t 1631 6414 6413 1
t 6270 6413 6414 1
t 1630 6411 6409 1
t 1631 6413 6411 1
t 1593 6409 6413 1
t 6411 6413 6409 1
t 110 6130 6416 1
t 1558 6415 6130 1
t 1633 6416 6415 1
t 6130 6415 6416 1
t 403 6417 6134 1
t 1632 6418 6417 1
t 1558 6134 6418 1
t 6417 6418 6134 1
t 424 6419 6421 1
t 1633 6420 6419 1
t 1632 6421 6420 1
t 6419 6420 6421 1
t 1558 6418 6415 1
t 1632 6420 6418 1
t 1633 6415 6420 1
t 6418 6420 6415 1
t 414 6414 6404 1
t 1631 6422 6414 1
t 1629 6404 6422 1
t 6414 6422 6404 1
t 424 6421 6410 1
t 1632 6423 6421 1
t 1631 6410 6423 1
t 6421 6423 6410 1
t 403 6407 6417 1
t 1629 6424 6407 1
t 1632 6417 6424 1
t 6407 6424 6417 1
t 1631 6423 6422 1
t 1632 6424 6423 1
t 1629 6422 6424 1
t 6423 6424 6422 1
t 35 6357 6221 1
t 1619 6425 6357 1
t 1580 6221 6425 1
t 6357 6425 6221 1
t 423 6426 6361 1
t 1634 6427 6426 1
t 1619 6361 6427 1
t 6426 6427 6361 1
t 410 6226 6429 1
t 1580 6428 6226 1
t 1634 6429 6428 1
t 6226 6428 6429 1
t 1619 6427 6425 1
t 1634 6428 6427 1
t 1580 6425 6428 1
t 6427 6428 6425 1
t 115 6430 6373 1
t 1635 6431 6430 1
t 1623 6373 6431 1
t 6430 6431 6373 1
t 425 6432 6434 1
t 1636 6433 6432 1
t 1635 6434 6433 1
t 6432 6433 6434 1
t 423 6378 6436 1
t 1623 6435 6378 1
t 1636 6436 6435 1
t 6378 6435 6436 1
t 1635 6433 6431 1
t 1636 6435 6433 1
t 1623 6431 6435 1
t 6433 6435 6431 1
t 113 6232 6438 1
t 1585 6437 6232 1
t 1638 6438 6437 1
t 6232 6437 6438 1
t 410 6439 6236 1
t 1637 6440 6439 1
t 1585 6236 6440 1
t 6439 6440 6236 1
t 425 6441 6443 1
t 1638 6442 6441 1
t 1637 6443 6442 1
t 6441 6442 6443 1
t 1585 6440 6437 1
t 1637 6442 6440 1
t 1638 6437 6442 1
t 6440 6442 6437 1
t 423 6436 6426 1
t 1636 6444 6436 1
t 1634 6426 6444 1
t 6436 6444 6426 1
t 425 6443 6432 1
t 1637 6445 6443 1
t 1636 6432 6445 1
t 6443 6445 6432 1
t 410 6429 6439 1
t 1634 6446 6429 1
t 1637 6439 6446 1
t 6429 6446 6439 1
t 1636 6445 6444 1
t 1637 6446 6445 1
t 1634 6444 6446 1
t 6445 6446 6444 1
t 36 6149 6325 1
t 1563 6447 6149 1
t 1608 6325 6447 1
t 6149 6447 6325 1
t 407 6448 6153 1
t 1639 6449 6448 1
t 1563 6153 6449 1
t 6448 6449 6153 1
t 418 6330 6451 1
t 1608 6450 6330 1
t 1639 6451 6450 1
t 6330 6450 6451 1
t 1563 6449 6447 1
t 1639 6450 6449 1
t 1608 6447 6450 1
t 6449 6450 6447 1
t 110 6452 6165 1
t 1640 6453 6452 1
t 1567 6165 6453 1
t 6452 6453 6165 1
t 426 6454 6456 1
t 1641 6455 6454 1
t 1640 6456 6455 1
t 6454 6455 6456 1
t 407 6170 6458 1
t 1567 6457 6170 1
t 1641 6458 6457 1
t 6170 6457 6458 1
t 1640 6455 6453 1
t 1641 6457 6455 1
t 1567 6453 6457 1
t 6455 6457 6453 1
t 115 6336 6460 1
t 1613 6459 6336 1
t 1643 6460 6459 1
t 6336 6459 6460 1
t 418 6461 6340 1
t 1642 6462 6461 1
t 1613 6340 6462 1
t 6461 6462 6340 1
t 426 6463 6465 1
t 1643 6464 6463 1
t 1642 6465 6464 1
t 6463 6464 6465 1
t 1613 6462 6459 1
t 1642 6464 6462 1
t 1643 6459 6464 1
t 6462 6464 6459 1
t 407 6458 6448 1
t 1641 6466 6458 1
t 1639 6448 6466 1
t 6458 6466 6448 1
t 426 6465 6454 1
t 1642 6467 6465 1
t 1641 6454 6467 1
t 6465 6467 6454 1
t 418 6451 6461 1
t 1639 6468 6451 1
t 1642 6461 6468 1
t 6451 6468 6461 1
t 1641 6467 6466 1
t 1642 6468 6467 1
t 1639 6466 6468 1
t 6467 6468 6466 1
t 113 6438 6408 1
t 1638 6469 6438 1
t 1630 6408 6469 1
t 6438 6469 6408 1
t 425 6470 6441 1
t 1644 6471 6470 1
t 1638 6441 6471 1
t 6470 6471 6441 1
t 424 6412 6473 1
t 1630 6472 6412 1
t 1644 6473 6472 1
t 6412 6472 6473 1
t 1638 6471 6469 1
t 1644 6472 6471 1
t 1630 6469 6472 1
t 6471 6472 6469 1
t 115 6460 6430 1
t 1643 6474 6460 1
t 1635 6430 6474 1
t 6460 6474 6430 1
t 426 6475 6463 1
t 1645 6476 6475 1
t 1643 6463 6476 1
t 6475 6476 6463 1
t 425 6434 6478 1
t 1635 6477 6434 1
t 1645 6478 6477 1
t 6434 6477 6478 1
t 1643 6476 6474 1
t 1645 6477 6476 1
t 1635 6474 6477 1
t 6476 6477 6474 1
t 110 6416 6452 1
t 1633 6479 6416 1
t 1640 6452 6479 1
t 6416 6479 6452 1
t 424 6480 6419 1
t 1646 6481 6480 1
t 1633 6419 6481 1
t 6480 6481 6419 1
t 426 6456 6483 1
t 1640 6482 6456 1
t 1646 6483 6482 1
t 6456 6482 6483 1
t 1633 6481 6479 1
t 1646 6482 6481 1
t 1640 6479 6482 1
t 6481 6482 6479 1
t 425 6478 6470 1
t 1645 6484 6478 1
t 1644 6470 6484 1
t 6478 6484 6470 1
t 426 6483 6475 1
t 1646 6485 6483 1
t 1645 6475 6485 1
t 6483 6485 6475 1
t 424 6473 6480 1
t 1644 6486 6473 1
t 1646 6480 6486 1
t 6473 6486 6480 1
t 1645 6485 6484 1
t 1646 6486 6485 1
t 1644 6484 6486 1
t 6485 6486 6484 1
t 8 6487 6489 3
t 1647 6488 6487 3
t 1649 6489 6488 3
t 6487 6488 6489 3
t 427 6490 6492 3
t 1648 6491 6490 3
t 1647 6492 6491 3
t 6490 6491 6492 3
t 429 6493 6495 3
t 1649 6494 6493 3
t 1648 6495 6494 3
t 6493 6494 6495 3
t 1647 6491 6488 3
t 1648 6494 6491 3
t 1649 6488 6494 3
t 6491 6494 6488 3
t 117 6496 6498 3
t 1650 6497 6496 3
t 1652 6498 6497 3
t 6496 6497 6498 3
t 428 6499 6501 3
t 1651 6500 6499 3
t 1650 6501 6500 3
t 6499 6500 6501 3
t 427 6502 6504 3
t 1652 6503 6502 3
t 1651 6504 6503 3
t 6502 6503 6504 3
t 1650 6500 6497 3
t 1651 6503 6500 3
t 1652 6497 6503 3
t 6500 6503 6497 3
t 119 6505 6507 3
t 1653 6506 6505 3
t 1655 6507 6506 3
t 6505 6506 6507 3
t 429 6508 6510 3
t 1654 6509 6508 3
t 1653 6510 6509 3
t 6508 6509 6510 3
t 428 6511 6513 3
t 1655 6512 6511 3
t 1654 6513 6512 3
t 6511 6512 6513 3
t 1653 6509 6506 3
t 1654 6512 6509 3
t 1655 6506 6512 3
t 6509 6512 6506 3
t 427 6504 6490 3
t 1651 6514 6504 3
t 1648 6490 6514 3
t 6504 6514 6490 3
t 428 6513 6499 3
t 1654 6515 6513 3
t 1651 6499 6515 3
t 6513 6515 6499 3
t 429 6495 6508 3
t 1648 6516 6495 3
t 1654 6508 6516 3
t 6495 6516 6508 3
t 1651 6515 6514 3
t 1654 6516 6515 3
t 1648 6514 6516 3
t 6515 6516 6514 3
t 37 6517 6519 3
t 1656 6518 6517 3
t 1658 6519 6518 3
t 6517 6518 6519 3
t 430 6520 6522 3
t 1657 6521 6520 3
t 1656 6522 6521 3
t 6520 6521 6522 3
t 432 6523 6525 3
t 1658 6524 6523 3
t 1657 6525 6524 3
t 6523 6524 6525 3
t 1656 6521 6518 3
t 1657 6524 6521 3
t 1658 6518 6524 3
t 6521 6524 6518 3
t 118 6526 6528 3
t 1659 6527 6526 3
t 1661 6528 6527 3
t 6526 6527 6528 3
t 431 6529 6531 3
t 1660 6530 6529 3
t 1659 6531 6530 3
t 6529 6530 6531 3
t 430 6532 6534 3
t 1661 6533 6532 3
t 1660 6534 6533 3
t 6532 6533 6534 3
t 1659 6530 6527 3
t 1660 6533 6530 3
t 1661 6527 6533 3
t 6530 6533 6527 3
t 117 6535 6537 3
t 1662 6536 6535 3
t 1664 6537 6536 3
t 6535 6536 6537 3
t 432 6538 6540 3
t 1663 6539 6538 3
t 1662 6540 6539 3
t 6538 6539 6540 3
t 431 6541 6543 3
t 1664 6542 6541 3
t 1663 6543 6542 3
t 6541 6542 6543 3
t 1662 6539 6536 3
t 1663 6542 6539 3
t 1664 6536 6542 3
t 6539 6542 6536 3
t 430 6534 6520 3
t 1660 6544 6534 3
t 1657 6520 6544 3
t 6534 6544 6520 3
t 431 6543 6529 3
t 1663 6545 6543 3
t 1660 6529 6545 3
t 6543 6545 6529 3
t 432 6525 6538 3
t 1657 6546 6525 3
t 1663 6538 6546 3
t 6525 6546 6538 3
t 1660 6545 6544 3
t 1663 6546 6545 3
t 1657 6544 6546 3
t 6545 6546 6544 3
t 39 6547 6549 3
t 1665 6548 6547 3
t 1667 6549 6548 3
t 6547 6548 6549 3
t 433 6550 6552 3
t 1666 6551 6550 3
t 1665 6552 6551 3
t 6550 6551 6552 3
t 435 6553 6555 3
t 1667 6554 6553 3
t 1666 6555 6554 3
t 6553 6554 6555 3
t 1665 6551 6548 3
t 1666 6554 6551 3
t 1667 6548 6554 3
t 6551 6554 6548 3
t 119 6556 6558 3
t 1668 6557 6556 3
t 1670 6558 6557 3
t 6556 6557 6558 3
t 434 6559 6561 3
t 1669 6560 6559 3
t 1668 6561 6560 3
t 6559 6560 6561 3
t 433 6562 6564 3
t 1670 6563 6562 3
t 1669 6564 6563 3
t 6562 6563 6564 3
t 1668 6560 6557 3
t 1669 6563 6560 3
t 1670 6557 6563 3
t 6560 6563 6557 3
t 118 6565 6567 3
t 1671 6566 6565 3
t 1673 6567 6566 3
t 6565 6566 6567 3
t 435 6568 6570 3
t 1672 6569 6568 3
t 1671 6570 6569 3
t 6568 6569 6570 3
t 434 6571 6573 3
t 1673 6572 6571 3
t 1672 6573 6572 3
t 6571 6572 6573 3
t 1671 6569 6566 3
t 1672 6572 6569 3
t 1673 6566 6572 3
t 6569 6572 6566 3
t 433 6564 6550 3
t 1669 6574 6564 3
t 1666 6550 6574 3
t 6564 6574 6550 3
t 434 6573 6559 3
t 1672 6575 6573 3
t 1669 6559 6575 3
t 6573 6575 6559 3
t 435 6555 6568 3
t 1666 6576 6555 3
t 1672 6568 6576 3
t 6555 6576 6568 3
t 1669 6575 6574 3
t 1672 6576 6575 3
t 1666 6574 6576 3
t 6575 6576 6574 3
t 117 6537 6496 3
t 1664 6577 6537 3
t 1650 6496 6577 3
t 6537 6577 6496 3
t 431 6578 6541 3
t 1674 6579 6578 3
t 1664 6541 6579 3
t 6578 6579 6541 3
t 428 6501 6581 3
t 1650 6580 6501 3
t 1674 6581 6580 3
t 6501 6580 6581 3
t 1664 6579 6577 3
t 1674 6580 6579 3
t 1650 6577 6580 3
t 6579 6580 6577 3
t 118 6567 6526 3
t 1673 6582 6567 3
t 1659 6526 6582 3
t 6567 6582 6526 3
t 434 6583 6571 3
t 1675 6584 6583 3
t 1673 6571 6584 3
t 6583 6584 6571 3
t 431 6531 6586 3
t 1659 6585 6531 3
t 1675 6586 6585 3
t 6531 6585 6586 3
t 1673 6584 6582 3
t 1675 6585 6584 3
t 1659 6582 6585 3
t 6584 6585 6582 3
t 119 6507 6556 3
t 1655 6587 6507 3
t 1668 6556 6587 3
t 6507 6587 6556 3
t 428 6588 6511 3
t 1676 6589 6588 3
t 1655 6511 6589 3
t 6588 6589 6511 3
t 434 6561 6591 3
t 1668 6590 6561 3
t 1676 6591 6590 3
t 6561 6590 6591 3
t 1655 6589 6587 3
t 1676 6590 6589 3
t 1668 6587 6590 3
t 6589 6590 6587 3
t 431 6586 6578 3
t 1675 6592 6586 3
t 1674 6578 6592 3
t 6586 6592 6578 3
t 434 6591 6583 3
t 1676 6593 6591 3
t 1675 6583 6593 3
t 6591 6593 6583 3
t 428 6581 6588 3
t 1674 6594 6581 3
t 1676 6588 6594 3
t 6581 6594 6588 3
t 1675 6593 6592 3
t 1676 6594 6593 3
t 1674 6592 6594 3
t 6593 6594 6592 3
t 14 6595 6597 4
t 1677 6596 6595 4
t 1679 6597 6596 4
t 6595 6596 6597 4
t 436 6598 6600 4
t 1678 6599 6598 4
t 1677 6600 6599 4
t 6598 6599 6600 4
t 438 6601 6603 4
t 1679 6602 6601 4
t 1678 6603 6602 4
t 6601 6602 6603 4
t 1677 6599 6596 4
t 1678 6602 6599 4
t 1679 6596 6602 4
t 6599 6602 6596 4
t 120 6604 6606 4
t 1680 6605 6604 4
t 1682 6606 6605 4
t 6604 6605 6606 4
t 437 6607 6609 4
t 1681 6608 6607 4
t 1680 6609 6608 4
t 6607 6608 6609 4
t 436 6610 6612 4
t 1682 6611 6610 4
t 1681 6612 6611 4
t 6610 6611 6612 4
t 1680 6608 6605 4
t 1681 6611 6608 4
t 1682 6605 6611 4
t 6608 6611 6605 4
t 122 6613 6615 4
t 1683 6614 6613 4
t 1685 6615 6614 4
t 6613 6614 6615 4
t 438 6616 6618 4
t 1684 6617 6616 4
t 1683 6618 6617 4
t 6616 6617 6618 4
t 437 6619 6621 4
t 1685 6620 6619 4
t 1684 6621 6620 4
t 6619 6620 6621 4
t 1683 6617 6614 4
t 1684 6620 6617 4
t 1685 6614 6620 4
t 6617 6620 6614 4
t 436 6612 6598 4
t 1681 6622 6612 4
t 1678 6598 6622 4
t 6612 6622 6598 4
t 437 6621 6607 4
t 1684 6623 6621 4
t 1681 6607 6623 4
t 6621 6623 6607 4
t 438 6603 6616 4
t 1678 6624 6603 4
t 1684 6616 6624 4
t 6603 6624 6616 4
t 1681 6623 6622 4
t 1684 6624 6623 4
t 1678 6622 6624 4
t 6623 6624 6622 4
t 38 6625 6627 4
t 1686 6626 6625 4
t 1688 6627 6626 4
t 6625 6626 6627 4
t 439 6628 6630 4
t 1687 6629 6628 4
t 1686 6630 6629 4
t 6628 6629 6630 4
t 441 6631 6633 4
t 1688 6632 6631 4
t 1687 6633 6632 4
t 6631 6632 6633 4
t 1686 6629 6626 4
t 1687 6632 6629 4
t 1688 6626 6632 4
t 6629 6632 6626 4
t 121 6634 6636 4
t 1689 6635 6634 4
t 1691 6636 6635 4
t 6634 6635 6636 4
t 440 6637 6639 4
t 1690 6638 6637 4
t 1689 6639 6638 4
t 6637 6638 6639 4
t 439 6640 6642 4
t 1691 6641 6640 4
t 1690 6642 6641 4
t 6640 6641 6642 4
t 1689 6638 6635 4
t 1690 6641 6638 4
t 1691 6635 6641 4
t 6638 6641 6635 4
t 120 6643 6645 4
t 1692 6644 6643 4
t 1694 6645 6644 4
t 6643 6644 6645 4
t 441 6646 6648 4
t 1693 6647 6646 4
t 1692 6648 6647 4
t 6646 6647 6648 4
t 440 6649 6651 4
t 1694 6650 6649 4
t 1693 6651 6650 4
t 6649 6650 6651 4
t 1692 6647 6644 4
t 1693 6650 6647 4
t 1694 6644 6650 4
t 6647 6650 6644 4
t 439 6642 6628 4
t 1690 6652 6642 4
t 1687 6628 6652 4
t 6642 6652 6628 4
t 440 6651 6637 4
t 1693 6653 6651 4
t 1690 6637 6653 4
t 6651 6653 6637 4
t 441 6633 6646 4
t 1687 6654 6633 4
t 1693 6646 6654 4
t 6633 6654 6646 4
t 1690 6653 6652 4
t 1693 6654 6653 4
t 1687 6652 6654 4
t 6653 6654 6652 4
t 37 6655 6657 3
t 1695 6656 6655 4
t 1697 6657 6656 4
t 6655 6656 6657 4
t 442 6658 6660 4
t 1696 6659 6658 4
t 1695 6660 6659 4
t 6658 6659 6660 4
t 444 6661 6663 4
t 1697 6662 6661 4
t 1696 6663 6662 4
t 6661 6662 6663 4
t 1695 6659 6656 4
t 1696 6662 6659 4
t 1697 6656 6662 4
t 6659 6662 6656 4
t 122 6664 6666 4
t 1698 6665 6664 4
t 1700 6666 6665 4
t 6664 6665 6666 4
t 443 6667 6669 4
t 1699 6668 6667 4
t 1698 6669 6668 4
t 6667 6668 6669 4
t 442 6670 6672 4
t 1700 6671 6670 4
t 1699 6672 6671 4
t 6670 6671 6672 4
t 1698 6668 6665 4
t 1699 6671 6668 4
t 1700 6665 6671 4
t 6668 6671 6665 4
t 121 6673 6675 4
t 1701 6674 6673 4
t 1703 6675 6674 4
t 6673 6674 6675 4
t 444 6676 6678 4
t 1702 6677 6676 4
t 1701 6678 6677 4
t 6676 6677 6678 4
t 443 6679 6681 4
t 1703 6680 6679 4
t 1702 6681 6680 4
t 6679 6680 6681 4
t 1701 6677 6674 4
t 1702 6680 6677 4
t 1703 6674 6680 4
t 6677 6680 6674 4
t 442 6672 6658 4
t 1699 6682 6672 4
t 1696 6658 6682 4
t 6672 6682 6658 4
t 443 6681 6667 4
t 1702 6683 6681 4
t 1699 6667 6683 4
t 6681 6683 6667 4
t 444 6663 6676 4
t 1696 6684 6663 4
t 1702 6676 6684 4
t 6663 6684 6676 4
t 1699 6683 6682 4
t 1702 6684 6683 4
t 1696 6682 6684 4
t 6683 6684 6682 4
t 120 6645 6604 4
t 1694 6685 6645 4
t 1680 6604 6685 4
t 6645 6685 6604 4
t 440 6686 6649 4
t 1704 6687 6686 4
t 1694 6649 6687 4
t 6686 6687 6649 4
t 437 6609 6689 4
t 1680 6688 6609 4
t 1704 6689 6688 4
t 6609 6688 6689 4
t 1694 6687 6685 4
t 1704 6688 6687 4
t 1680 6685 6688 4
t 6687 6688 6685 4
t 121 6675 6634 4
t 1703 6690 6675 4
t 1689 6634 6690 4
t 6675 6690 6634 4
t 443 6691 6679 4
t 1705 6692 6691 4
t 1703 6679 6692 4
t 6691 6692 6679 4
t 440 6639 6694 4
t 1689 6693 6639 4
t 1705 6694 6693 4
t 6639 6693 6694 4
t 1703 6692 6690 4
t 1705 6693 6692 4
t 1689 6690 6693 4
t 6692 6693 6690 4
t 122 6615 6664 4
t 1685 6695 6615 4
t 1698 6664 6695 4
t 6615 6695 6664 4
t 437 6696 6619 4
t 1706 6697 6696 4
t 1685 6619 6697 4
t 6696 6697 6619 4
t 443 6669 6699 4
t 1698 6698 6669 4
t 1706 6699 6698 4
t 6669 6698 6699 4
t 1685 6697 6695 4
t 1706 6698 6697 4
t 1698 6695 6698 4
t 6697 6698 6695 4
t 440 6694 6686 4
t 1705 6700 6694 4
t 1704 6686 6700 4
t 6694 6700 6686 4
t 443 6699 6691 4
t 1706 6701 6699 4
t 1705 6691 6701 4
t 6699 6701 6691 4
t 437 6689 6696 4
t 1704 6702 6689 4
t 1706 6696 6702 4
t 6689 6702 6696 4
t 1705 6701 6700 4
t 1706 6702 6701 4
t 1704 6700 6702 4
t 6701 6702 6700 4
t 9 6703 6705 4
t 1707 6704 6703 4
t 1709 6705 6704 4
t 6703 6704 6705 4
t 445 6706 6708 4
t 1708 6707 6706 4
t 1707 6708 6707 4
t 6706 6707 6708 4
t 447 6709 6711 4
t 1709 6710 6709 4
t 1708 6711 6710 4
t 6709 6710 6711 4
t 1707 6707 6704 4
t 1708 6710 6707 4
t 1709 6704 6710 4
t 6707 6710 6704 4
t 123 6712 6714 3
t 1710 6713 6712 3
t 1712 6714 6713 3
t 6712 6713 6714 3
t 446 6715 6717 4
t 1711 6716 6715 4
t 1710 6717 6716 3
t 6715 6716 6717 3
t 445 6718 6720 3
t 1712 6719 6718 3
t 1711 6720 6719 3
t 6718 6719 6720 3
t 1710 6716 6713 3
t 1711 6719 6716 3
t 1712 6713 6719 3
t 6716 6719 6713 3
t 125 6721 6723 4
t 1713 6722 6721 4
t 1715 6723 6722 4
t 6721 6722 6723 4
t 447 6724 6726 4
t 1714 6725 6724 4
t 1713 6726 6725 4
t 6724 6725 6726 4
t 446 6727 6729 4
t 1715 6728 6727 4
t 1714 6729 6728 4
t 6727 6728 6729 4
t 1713 6725 6722 4
t 1714 6728 6725 4
t 1715 6722 6728 4
t 6725 6728 6722 4
t 445 6720 6706 4
t 1711 6730 6720 4
t 1708 6706 6730 4
t 6720 6730 6706 4
t 446 6729 6715 4
t 1714 6731 6729 4
t 1711 6715 6731 4
t 6729 6731 6715 4
t 447 6711 6724 4
t 1708 6732 6711 4
t 1714 6724 6732 4
t 6711 6732 6724 4
t 1711 6731 6730 4
t 1714 6732 6731 4
t 1708 6730 6732 4
t 6731 6732 6730 4
t 39 6733 6735 3
t 1716 6734 6733 3
t 1718 6735 6734 3
t 6733 6734 6735 3
t 448 6736 6738 3
t 1717 6737 6736 3
t 1716 6738 6737 3
t 6736 6737 6738 3
t 450 6739 6741 3
t 1718 6740 6739 3
t 1717 6741 6740 3
t 6739 6740 6741 3
t 1716 6737 6734 3
t 1717 6740 6737 3
t 1718 6734 6740 3
t 6737 6740 6734 3
t 124 6742 6744 3
t 1719 6743 6742 3
t 1721 6744 6743 3
t 6742 6743 6744 3
t 449 6745 6747 3
t 1720 6746 6745 3
t 1719 6747 6746 3
t 6745 6746 6747 3
t 448 6748 6750 3
t 1721 6749 6748 3
t 1720 6750 6749 3
t 6748 6749 6750 3
t 1719 6746 6743 3
t 1720 6749 6746 3
t 1721 6743 6749 3
t 6746 6749 6743 3
t 123 6751 6753 3
t 1722 6752 6751 3
t 1724 6753 6752 3
t 6751 6752 6753 3
t 450 6754 6756 3
t 1723 6755 6754 3
t 1722 6756 6755 3
t 6754 6755 6756 3
t 449 6757 6759 3
t 1724 6758 6757 3
t 1723 6759 6758 3
t 6757 6758 6759 3
t 1722 6755 6752 3
t 1723 6758 6755 3
t 1724 6752 6758 3
t 6755 6758 6752 3
t 448 6750 6736 3
t 1720 6760 6750 3
t 1717 6736 6760 3
t 6750 6760 6736 3
t 449 6759 6745 3
t 1723 6761 6759 3
t 1720 6745 6761 3
t 6759 6761 6745 3
t 450 6741 6754 3
t 1717 6762 6741 3
t 1723 6754 6762 3
t 6741 6762 6754 3
t 1720 6761 6760 3
t 1723 6762 6761 3
t 1717 6760 6762 3
t 6761 6762 6760 3
t 38 6763 6765 4
t 1725 6764 6763 4
t 1727 6765 6764 4
t 6763 6764 6765 4
t 451 6766 6768 4
t 1726 6767 6766 4
t 1725 6768 6767 4
t 6766 6767 6768 4
t 453 6769 6771 4
t 1727 6770 6769 4
t 1726 6771 6770 4
t 6769 6770 6771 4
t 1725 6767 6764 4
t 1726 6770 6767 4
t 1727 6764 6770 4
t 6767 6770 6764 4
t 125 6772 6774 4
t 1728 6773 6772 4
t 1730 6774 6773 4
t 6772 6773 6774 4
t 452 6775 6777 4
t 1729 6776 6775 4
t 1728 6777 6776 4
t 6775 6776 6777 4
t 451 6778 6780 4
t 1730 6779 6778 4
t 1729 6780 6779 4
t 6778 6779 6780 4
t 1728 6776 6773 4
t 1729 6779 6776 4
t 1730 6773 6779 4
t 6776 6779 6773 4
t 124 6781 6783 4
t 1731 6782 6781 4
t 1733 6783 6782 4
t 6781 6782 6783 4
t 453 6784 6786 4
t 1732 6785 6784 4
t 1731 6786 6785 4
t 6784 6785 6786 4
t 452 6787 6789 4
t 1733 6788 6787 4
t 1732 6789 6788 4
t 6787 6788 6789 4
t 1731 6785 6782 4
t 1732 6788 6785 4
t 1733 6782 6788 4
t 6785 6788 6782 4
t 451 6780 6766 4
t 1729 6790 6780 4
t 1726 6766 6790 4
t 6780 6790 6766 4
t 452 6789 6775 4
t 1732 6791 6789 4
t 1729 6775 6791 4
t 6789 6791 6775 4
t 453 6771 6784 4
t 1726 6792 6771 4
t 1732 6784 6792 4
t 6771 6792 6784 4
t 1729 6791 6790 4
t 1732 6792 6791 4
t 1726 6790 6792 4
t 6791 6792 6790 4
t 123 6753 6712 3
t 1724 6793 6753 3
t 1710 6712 6793 3
t 6753 6793 6712 3
t 449 6794 6757 3
t 1734 6795 6794 3
t 1724 6757 6795 3
t 6794 6795 6757 3
t 446 6717 6797 4
t 1710 6796 6717 3
t 1734 6797 6796 3
t 6717 6796 6797 3
t 1724 6795 6793 3
t 1734 6796 6795 3
t 1710 6793 6796 3
t 6795 6796 6793 3
t 124 6783 6742 3
t 1733 6798 6783 4
t 1719 6742 6798 3
t 6783 6798 6742 3
t 452 6799 6787 4
t 1735 6800 6799 4
t 1733 6787 6800 4
t 6799 6800 6787 4
t 449 6747 6802 3
t 1719 6801 6747 3
t 1735 6802 6801 3
t 6747 6801 6802 3
t 1733 6800 6798 4
t 1735 6801 6800 3
t 1719 6798 6801 3
t 6800 6801 6798 3
t 125 6723 6772 4
t 1715 6803 6723 4
t 1728 6772 6803 4
t 6723 6803 6772 4
t 446 6804 6727 4
t 1736 6805 6804 4
t 1715 6727 6805 4
t 6804 6805 6727 4
t 452 6777 6807 4
t 1728 6806 6777 4
t 1736 6807 6806 4
t 6777 6806 6807 4
t 1715 6805 6803 4
t 1736 6806 6805 4
t 1728 6803 6806 4
t 6805 6806 6803 4
t 449 6802 6794 3
t 1735 6808 6802 4
t 1734 6794 6808 3
t 6802 6808 6794 3
t 452 6807 6799 4
t 1736 6809 6807 4
t 1735 6799 6809 4
t 6807 6809 6799 4
t 446 6797 6804 4
t 1734 6810 6797 4
t 1736 6804 6810 4
t 6797 6810 6804 4
t 1735 6809 6808 4
t 1736 6810 6809 4
t 1734 6808 6810 4
t 6809 6810 6808 4
t 37 6657 6517 3
t 1697 6811 6657 4
t 1656 6517 6811 3
t 6657 6811 6517 3
t 444 6812 6661 4
t 1737 6813 6812 4
t 1697 6661 6813 4
t 6812 6813 6661 4
t 430 6522 6815 3
t 1656 6814 6522 3
t 1737 6815 6814 3
t 6522 6814 6815 3
t 1697 6813 6811 4
t 1737 6814 6813 4
t 1656 6811 6814 3
t 6813 6814 6811 4
t 121 6816 6673 4
t 1738 6817 6816 4
t 1701 6673 6817 4
t 6816 6817 6673 4
t 454 6818 6820 4
t 1739 6819 6818 4
t 1738 6820 6819 4
t 6818 6819 6820 4
t 444 6678 6822 4
t 1701 6821 6678 4
t 1739 6822 6821 4
t 6678 6821 6822 4
t 1738 6819 6817 4
t 1739 6821 6819 4
t 1701 6817 6821 4
t 6819 6821 6817 4
t 118 6528 6824 3
t 1661 6823 6528 3
t 1741 6824 6823 3
t 6528 6823 6824 3
t 430 6825 6532 3
t 1740 6826 6825 3
t 1661 6532 6826 3
t 6825 6826 6532 3
t 454 6827 6829 4
t 1741 6828 6827 3
t 1740 6829 6828 3
t 6827 6828 6829 3
t 1661 6826 6823 3
t 1740 6828 6826 3
t 1741 6823 6828 3
t 6826 6828 6823 3
t 444 6822 6812 4
t 1739 6830 6822 4
t 1737 6812 6830 4
t 6822 6830 6812 4
t 454 6829 6818 4
t 1740 6831 6829 4
t 1739 6818 6831 4
t 6829 6831 6818 4
t 430 6815 6825 3
t 1737 6832 6815 4
t 1740 6825 6832 3
t 6815 6832 6825 3
t 1739 6831 6830 4
t 1740 6832 6831 4
t 1737 6830 6832 4
t 6831 6832 6830 4
t 38 6765 6625 4
t 1727 6833 6765 4
t 1686 6625 6833 4
t 6765 6833 6625 4
t 453 6834 6769 4
t 1742 6835 6834 4
t 1727 6769 6835 4
t 6834 6835 6769 4
t 439 6630 6837 4
t 1686 6836 6630 4
t 1742 6837 6836 4
t 6630 6836 6837 4
t 1727 6835 6833 4
t 1742 6836 6835 4
t 1686 6833 6836 4
t 6835 6836 6833 4
t 124 6838 6781 4
t 1743 6839 6838 4
t 1731 6781 6839 4
t 6838 6839 6781 4
t 455 6840 6842 4
t 1744 6841 6840 4
t 1743 6842 6841 4
t 6840 6841 6842 4
t 453 6786 6844 4
t 1731 6843 6786 4
t 1744 6844 6843 4
t 6786 6843 6844 4
t 1743 6841 6839 4
t 1744 6843 6841 4
t 1731 6839 6843 4
t 6841 6843 6839 4
t 121 6636 6846 4
t 1691 6845 6636 4
t 1746 6846 6845 4
t 6636 6845 6846 4
t 439 6847 6640 4
t 1745 6848 6847 4
t 1691 6640 6848 4
t 6847 6848 6640 4
t 455 6849 6851 4
t 1746 6850 6849 4
t 1745 6851 6850 4
t 6849 6850 6851 4
t 1691 6848 6845 4
t 1745 6850 6848 4
t 1746 6845 6850 4
t 6848 6850 6845 4
t 453 6844 6834 4
t 1744 6852 6844 4
t 1742 6834 6852 4
t 6844 6852 6834 4
t 455 6851 6840 4
t 1745 6853 6851 4
t 1744 6840 6853 4
t 6851 6853 6840 4
t 439 6837 6847 4
t 1742 6854 6837 4
t 1745 6847 6854 4
t 6837 6854 6847 4
t 1744 6853 6852 4
t 1745 6854 6853 4
t 1742 6852 6854 4
t 6853 6854 6852 4
t 39 6549 6733 3
t 1667 6855 6549 3
t 1716 6733 6855 3
t 6549 6855 6733 3
t 435 6856 6553 3
t 1747 6857 6856 3
t 1667 6553 6857 3
t 6856 6857 6553 3
t 448 6738 6859 3
t 1716 6858 6738 3
t 1747 6859 6858 3
t 6738 6858 6859 3
t 1667 6857 6855 3
t 1747 6858 6857 3
t 1716 6855 6858 3
t 6857 6858 6855 3
t 118 6860 6565 3
t 1748 6861 6860 3
t 1671 6565 6861 3
t 6860 6861 6565 3
t 456 6862 6864 3
t 1749 6863 6862 3
t 1748 6864 6863 3
t 6862 6863 6864 3
t 435 6570 6866 3
t 1671 6865 6570 3
t 1749 6866 6865 3
t 6570 6865 6866 3
t 1748 6863 6861 3
t 1749 6865 6863 3
t 1671 6861 6865 3
t 6863 6865 6861 3
t 124 6744 6868 3
t 1721 6867 6744 3
t 1751 6868 6867 3
t 6744 6867 6868 3
t 448 6869 6748 3
t 1750 6870 6869 3
t 1721 6748 6870 3
t 6869 6870 6748 3
t 456 6871 6873 3
t 1751 6872 6871 3
t 1750 6873 6872 3
t 6871 6872 6873 3
t 1721 6870 6867 3
t 1750 6872 6870 3
t 1751 6867 6872 3
t 6870 6872 6867 3
t 435 6866 6856 3
t 1749 6874 6866 3
t 1747 6856 6874 3
t 6866 6874 6856 3
t 456 6873 6862 3
t 1750 6875 6873 3
t 1749 6862 6875 3
t 6873 6875 6862 3
t 448 6859 6869 3
t 1747 6876 6859 3
t 1750 6869 6876 3
t 6859 6876 6869 3
t 1749 6875 6874 3
t 1750 6876 6875 3
t 1747 6874 6876 3
t 6875 6876 6874 3
t 121 6846 6816 4
t 1746 6877 6846 4
t 1738 6816 6877 4
t 6846 6877 6816 4
t 455 6878 6849 4
t 1752 6879 6878 4
t 1746 6849 6879 4
t 6878 6879 6849 4
t 454 6820 6881 4
t 1738 6880 6820 4
t 1752 6881 6880 4
t 6820 6880 6881 4
t 1746 6879 6877 4
t 1752 6880 6879 4
t 1738 6877 6880 4
t 6879 6880 6877 4
t 124 6868 6838 3
t 1751 6882 6868 3
t 1743 6838 6882 4
t 6868 6882 6838 3
t 456 6883 6871 3
t 1753 6884 6883 3
t 1751 6871 6884 3
t 6883 6884 6871 3
t 455 6842 6886 4
t 1743 6885 6842 4
t 1753 6886 6885 4
t 6842 6885 6886 4
t 1751 6884 6882 3
t 1753 6885 6884 3
t 1743 6882 6885 4
t 6884 6885 6882 3
t 118 6824 6860 3
t 1741 6887 6824 3
t 1748 6860 6887 3
t 6824 6887 6860 3
t 454 6888 6827 4
t 1754 6889 6888 3
t 1741 6827 6889 3
t 6888 6889 6827 3
t 456 6864 6891 3
t 1748 6890 6864 3
t 1754 6891 6890 3
t 6864 6890 6891 3
t 1741 6889 6887 3
t 1754 6890 6889 3
t 1748 6887 6890 3
t 6889 6890 6887 3
t 455 6886 6878 4
t 1753 6892 6886 4
t 1752 6878 6892 4
t 6886 6892 6878 4
t 456 6891 6883 3
t 1754 6893 6891 3
t 1753 6883 6893 3
t 6891 6893 6883 3
t 454 6881 6888 4
t 1752 6894 6881 4
t 1754 6888 6894 3
t 6881 6894 6888 4
t 1753 6893 6892 4
t 1754 6894 6893 3
t 1752 6892 6894 4
t 6893 6894 6892 4
t 8 6489 6896 3
t 1649 6895 6489 3
t 1756 6896 6895 3
t 6489 6895 6896 3
t 429 6897 6493 3
t 1755 6898 6897 3
t 1649 6493 6898 3
t 6897 6898 6493 3
t 458 6899 6901 3
t 1756 6900 6899 3
t 1755 6901 6900 3
t 6899 6900 6901 3
t 1649 6898 6895 3
t 1755 6900 6898 3
t 1756 6895 6900 3
t 6898 6900 6895 3
t 119 6902 6505 3
t 1757 6903 6902 3
t 1653 6505 6903 3
t 6902 6903 6505 3
t 457 6904 6906 3
t 1758 6905 6904 3
t 1757 6906 6905 3
t 6904 6905 6906 3
t 429 6510 6908 3
t 1653 6907 6510 3
t 1758 6908 6907 3
t 6510 6907 6908 3
t 1757 6905 6903 3
t 1758 6907 6905 3
t 1653 6903 6907 3
t 6905 6907 6903 3
t 127 6909 6911 3
t 1759 6910 6909 3
t 1761 6911 6910 3
t 6909 6910 6911 3
t 458 6912 6914 3
t 1760 6913 6912 3
t 1759 6914 6913 3
t 6912 6913 6914 3
t 457 6915 6917 3
t 1761 6916 6915 3
t 1760 6917 6916 3
t 6915 6916 6917 3
t 1759 6913 6910 3
t 1760 6916 6913 3
t 1761 6910 6916 3
t 6913 6916 6910 3
t 429 6908 6897 3
t 1758 6918 6908 3
t 1755 6897 6918 3
t 6908 6918 6897 3
t 457 6917 6904 3
t 1760 6919 6917 3
t 1758 6904 6919 3
t 6917 6919 6904 3
t 458 6901 6912 3
t 1755 6920 6901 3
t 1760 6912 6920 3
t 6901 6920 6912 3
t 1758 6919 6918 3
t 1760 6920 6919 3
t 1755 6918 6920 3
t 6919 6920 6918 3
t 39 6921 6547 3
t 1762 6922 6921 3
t 1665 6547 6922 3
t 6921 6922 6547 3
t 459 6923 6925 3
t 1763 6924 6923 3
t 1762 6925 6924 3
t 6923 6924 6925 3
t 433 6552 6927 3
t 1665 6926 6552 3
t 1763 6927 6926 3
t 6552 6926 6927 3
t 1762 6924 6922 3
t 1763 6926 6924 3
t 1665 6922 6926 3
t 6924 6926 6922 3
t 126 6928 6930 3
t 1764 6929 6928 3
t 1766 6930 6929 3
t 6928 6929 6930 3
t 460 6931 6933 3
t 1765 6932 6931 3
t 1764 6933 6932 3
t 6931 6932 6933 3
t 459 6934 6936 3
t 1766 6935 6934 3
t 1765 6936 6935 3
t 6934 6935 6936 3
t 1764 6932 6929 3
t 1765 6935 6932 3
t 1766 6929 6935 3
t 6932 6935 6929 3
t 119 6558 6938 3
t 1670 6937 6558 3
t 1768 6938 6937 3
t 6558 6937 6938 3
t 433 6939 6562 3
t 1767 6940 6939 3
t 1670 6562 6940 3
t 6939 6940 6562 3
t 460 6941 6943 3
t 1768 6942 6941 3
t 1767 6943 6942 3
t 6941 6942 6943 3
t 1670 6940 6937 3
t 1767 6942 6940 3
t 1768 6937 6942 3
t 6940 6942 6937 3
t 459 6936 6923 3
t 1765 6944 6936 3
t 1763 6923 6944 3
t 6936 6944 6923 3
t 460 6943 6931 3
t 1767 6945 6943 3
t 1765 6931 6945 3
t 6943 6945 6931 3
t 433 6927 6939 3
t 1763 6946 6927 3
t 1767 6939 6946 3
t 6927 6946 6939 3
t 1765 6945 6944 3
t 1767 6946 6945 3
t 1763 6944 6946 3
t 6945 6946 6944 3
t 41 6947 6949 3
t 1769 6948 6947 3
t 1771 6949 6948 3
t 6947 6948 6949 3
t 461 6950 6952 3
t 1770 6951 6950 3
t 1769 6952 6951 3
t 6950 6951 6952 3
t 463 6953 6955 3
t 1771 6954 6953 3
t 1770 6955 6954 3
t 6953 6954 6955 3
t 1769 6951 6948 3
t 1770 6954 6951 3
t 1771 6948 6954 3
t 6951 6954 6948 3
t 127 6956 6958 3
t 1772 6957 6956 3
t 1774 6958 6957 3
t 6956 6957 6958 3
t 462 6959 6961 3
t 1773 6960 6959 3
t 1772 6961 6960 3
t 6959 6960 6961 3
t 461 6962 6964 3
t 1774 6963 6962 3
t 1773 6964 6963 3
t 6962 6963 6964 3
t 1772 6960 6957 3
t 1773 6963 6960 3
t 1774 6957 6963 3
t 6960 6963 6957 3
t 126 6965 6967 3
t 1775 6966 6965 3
t 1777 6967 6966 3
t 6965 6966 6967 3
t 463 6968 6970 3
t 1776 6969 6968 3
t 1775 6970 6969 3
t 6968 6969 6970 3
t 462 6971 6973 3
t 1777 6972 6971 3
t 1776 6973 6972 3
t 6971 6972 6973 3
t 1775 6969 6966 3
t 1776 6972 6969 3
t 1777 6966 6972 3
t 6969 6972 6966 3
t 461 6964 6950 3
t 1773 6974 6964 3
t 1770 6950 6974 3
t 6964 6974 6950 3
t 462 6973 6959 3
t 1776 6975 6973 3
t 1773 6959 6975 3
t 6973 6975 6959 3
t 463 6955 6968 3
t 1770 6976 6955 3
t 1776 6968 6976 3
t 6955 6976 6968 3
t 1773 6975 6974 3
t 1776 6976 6975 3
t 1770 6974 6976 3
t 6975 6976 6974 3
t 119 6938 6902 3
t 1768 6977 6938 3
t 1757 6902 6977 3
t 6938 6977 6902 3
t 460 6978 6941 3
t 1778 6979 6978 3
t 1768 6941 6979 3
t 6978 6979 6941 3
t 457 6906 6981 3
t 1757 6980 6906 3
t 1778 6981 6980 3
t 6906 6980 6981 3
t 1768 6979 6977 3
t 1778 6980 6979 3
t 1757 6977 6980 3
t 6979 6980 6977 3
t 126 6967 6928 3
t 1777 6982 6967 3
t 1764 6928 6982 3
t 6967 6982 6928 3
t 462 6983 6971 3
t 1779 6984 6983 3
t 1777 6971 6984 3
t 6983 6984 6971 3
t 460 6933 6986 3
t 1764 6985 6933 3
t 1779 6986 6985 3
t 6933 6985 6986 3
t 1777 6984 6982 3
t 1779 6985 6984 3
t 1764 6982 6985 3
t 6984 6985 6982 3
t 127 6911 6956 3
t 1761 6987 6911 3
t 1772 6956 6987 3
t 6911 6987 6956 3
t 457 6988 6915 3
t 1780 6989 6988 3
t 1761 6915 6989 3
t 6988 6989 6915 3
t 462 6961 6991 3
t 1772 6990 6961 3
t 1780 6991 6990 3
t 6961 6990 6991 3
t 1761 6989 6987 3
t 1780 6990 6989 3
t 1772 6987 6990 3
t 6989 6990 6987 3
t 460 6986 6978 3
t 1779 6992 6986 3
t 1778 6978 6992 3
t 6986 6992 6978 3
t 462 6991 6983 3
t 1780 6993 6991 3
t 1779 6983 6993 3
t 6991 6993 6983 3
t 457 6981 6988 3
t 1778 6994 6981 3
t 1780 6988 6994 3
t 6981 6994 6988 3
t 1779 6993 6992 3
t 1780 6994 6993 3
t 1778 6992 6994 3
t 6993 6994 6992 3
t 9 6995 6703 4
t 1781 6996 6995 4
t 1707 6703 6996 4
t 6995 6996 6703 4
t 464 6997 6999 4
t 1782 6998 6997 4
t 1781 6999 6998 4
t 6997 6998 6999 4
t 445 6708 7001 4
t 1707 7000 6708 4
t 1782 7001 7000 4
t 6708 7000 7001 4
t 1781 6998 6996 4
t 1782 7000 6998 4
t 1707 6996 7000 4
t 6998 7000 6996 4
t 128 7002 7004 0
t 1783 7003 7002 3
t 1785 7004 7003 0
t 7002 7003 7004 0
t 465 7005 7007 3
t 1784 7006 7005 3
t 1783 7007 7006 3
t 7005 7006 7007 3
t 464 7008 7010 3
t 1785 7009 7008 3
t 1784 7010 7009 3
t 7008 7009 7010 3
t 1783 7006 7003 3
t 1784 7009 7006 3
t 1785 7003 7009 3
t 7006 7009 7003 3
t 123 6714 7012 3
t 1712 7011 6714 3
t 1787 7012 7011 3
t 6714 7011 7012 3
t 445 7013 6718 3
t 1786 7014 7013 3
t 1712 6718 7014 3
t 7013 7014 6718 3
t 465 7015 7017 3
t 1787 7016 7015 3
t 1786 7017 7016 3
t 7015 7016 7017 3
t 1712 7014 7011 3
t 1786 7016 7014 3
t 1787 7011 7016 3
t 7014 7016 7011 3
t 464 7010 6997 3
t 1784 7018 7010 3
t 1782 6997 7018 3
t 7010 7018 6997 3
t 465 7017 7005 3
t 1786 7019 7017 3
t 1784 7005 7019 3
t 7017 7019 7005 3
t 445 7001 7013 3
t 1782 7020 7001 3
t 1786 7013 7020 3
t 7001 7020 7013 3
t 1784 7019 7018 3
t 1786 7020 7019 3
t 1782 7018 7020 3
t 7019 7020 7018 3
t 40 7021 7023 0
t 1788 7022 7021 0
t 1790 7023 7022 0
t 7021 7022 7023 0
t 466 7024 7026 0
t 1789 7025 7024 0
t 1788 7026 7025 0
t 7024 7025 7026 0
t 468 7027 7029 0
t 1790 7028 7027 0
t 1789 7029 7028 0
t 7027 7028 7029 0
t 1788 7025 7022 0
t 1789 7028 7025 0
t 1790 7022 7028 0
t 7025 7028 7022 0
t 129 7030 7032 3
t 1791 7031 7030 3
t 1793 7032 7031 3
t 7030 7031 7032 3
t 467 7033 7035 3
t 1792 7034 7033 3
t 1791 7035 7034 3
t 7033 7034 7035 3
t 466 7036 7038 0
t 1793 7037 7036 3
t 1792 7038 7037 3
t 7036 7037 7038 3
t 1791 7034 7031 3
t 1792 7037 7034 3
t 1793 7031 7037 3
t 7034 7037 7031 3
t 128 7039 7041 0
t 1794 7040 7039 0
t 1796 7041 7040 0
t 7039 7040 7041 0
t 468 7042 7044 0
t 1795 7043 7042 0
t 1794 7044 7043 0
t 7042 7043 7044 0
t 467 7045 7047 3
t 1796 7046 7045 0
t 1795 7047 7046 0
t 7045 7046 7047 0
t 1794 7043 7040 0
t 1795 7046 7043 0
t 1796 7040 7046 0
t 7043 7046 7040 0
t 466 7038 7024 0
t 1792 7048 7038 0
t 1789 7024 7048 0
t 7038 7048 7024 0
t 467 7047 7033 3
t 1795 7049 7047 0
t 1792 7033 7049 0
t 7047 7049 7033 0
t 468 7029 7042 0
t 1789 7050 7029 0
t 1795 7042 7050 0
t 7029 7050 7042 0
t 1792 7049 7048 0
t 1795 7050 7049 0
t 1789 7048 7050 0
t 7049 7050 7048 0
t 39 6735 7052 3
t 1718 7051 6735 3
t 1798 7052 7051 3
t 6735 7051 7052 3
t 450 7053 6739 3
t 1797 7054 7053 3
t 1718 6739 7054 3
t 7053 7054 6739 3
t 470 7055 7057 3
t 1798 7056 7055 3
t 1797 7057 7056 3
t 7055 7056 7057 3
t 1718 7054 7051 3
t 1797 7056 7054 3
t 1798 7051 7056 3
t 7054 7056 7051 3
t 123 7058 6751 3
t 1799 7059 7058 3
t 1722 6751 7059 3
t 7058 7059 6751 3
t 469 7060 7062 3
t 1800 7061 7060 3
t 1799 7062 7061 3
t 7060 7061 7062 3
t 450 6756 7064 3
t 1722 7063 6756 3
t 1800 7064 7063 3
t 6756 7063 7064 3
t 1799 7061 7059 3
t 1800 7063 7061 3
t 1722 7059 7063 3
t 7061 7063 7059 3
t 129 7065 7067 3
t 1801 7066 7065 3
t 1803 7067 7066 3
t 7065 7066 7067 3
t 470 7068 7070 3
t 1802 7069 7068 3
t 1801 7070 7069 3
t 7068 7069 7070 3
t 469 7071 7073 3
t 1803 7072 7071 3
t 1802 7073 7072 3
t 7071 7072 7073 3
t 1801 7069 7066 3
t 1802 7072 7069 3
t 1803 7066 7072 3
t 7069 7072 7066 3
t 450 7064 7053 3
t 1800 7074 7064 3
t 1797 7053 7074 3
t 7064 7074 7053 3
t 469 7073 7060 3
t 1802 7075 7073 3
t 1800 7060 7075 3
t 7073 7075 7060 3
t 470 7057 7068 3
t 1797 7076 7057 3
t 1802 7068 7076 3
t 7057 7076 7068 3
t 1800 7075 7074 3
t 1802 7076 7075 3
t 1797 7074 7076 3
t 7075 7076 7074 3
t 128 7041 7002 0
t 1796 7077 7041 0
t 1783 7002 7077 3
t 7041 7077 7002 0
t 467 7078 7045 3
t 1804 7079 7078 3
t 1796 7045 7079 3
t 7078 7079 7045 3
t 465 7007 7081 3
t 1783 7080 7007 3
t 1804 7081 7080 3
t 7007 7080 7081 3
t 1796 7079 7077 3
t 1804 7080 7079 3
t 1783 7077 7080 3
t 7079 7080 7077 3
t 129 7067 7030 3
t 1803 7082 7067 3
t 1791 7030 7082 3
t 7067 7082 7030 3
t 469 7083 7071 3
t 1805 7084 7083 3
t 1803 7071 7084 3
t 7083 7084 7071 3
t 467 7035 7086 3
t 1791 7085 7035 3
t 1805 7086 7085 3
t 7035 7085 7086 3
t 1803 7084 7082 3
t 1805 7085 7084 3
t 1791 7082 7085 3
t 7084 7085 7082 3
t 123 7012 7058 3
t 1787 7087 7012 3
t 1799 7058 7087 3
t 7012 7087 7058 3
t 465 7088 7015 3
t 1806 7089 7088 3
t 1787 7015 7089 3
t 7088 7089 7015 3
t 469 7062 7091 3
t 1799 7090 7062 3
t 1806 7091 7090 3
t 7062 7090 7091 3
t 1787 7089 7087 3
t 1806 7090 7089 3
t 1799 7087 7090 3
t 7089 7090 7087 3
t 467 7086 7078 3
t 1805 7092 7086 3
t 1804 7078 7092 3
t 7086 7092 7078 3
t 469 7091 7083 3
t 1806 7093 7091 3
t 1805 7083 7093 3
t 7091 7093 7083 3
t 465 7081 7088 3
t 1804 7094 7081 3
t 1806 7088 7094 3
t 7081 7094 7088 3
t 1805 7093 7092 3
t 1806 7094 7093 3
t 1804 7092 7094 3
t 7093 7094 7092 3
t 7 7095 7097 0
t 1807 7096 7095 0
t 1809 7097 7096 0
t 7095 7096 7097 0
t 471 7098 7100 0
t 1808 7099 7098 0
t 1807 7100 7099 0
t 7098 7099 7100 0
t 473 7101 7103 0
t 1809 7102 7101 0
t 1808 7103 7102 0
t 7101 7102 7103 0
t 1807 7099 7096 0
t 1808 7102 7099 0
t 1809 7096 7102 0
t 7099 7102 7096 0
t 130 7104 7106 0
t 1810 7105 7104 0
t 1812 7106 7105 0
t 7104 7105 7106 0
t 472 7107 7109 0
t 1811 7108 7107 0
t 1810 7109 7108 0
t 7107 7108 7109 0
t 471 7110 7112 0
t 1812 7111 7110 0
t 1811 7112 7111 0
t 7110 7111 7112 0
t 1810 7108 7105 0
t 1811 7111 7108 0
t 1812 7105 7111 0
t 7108 7111 7105 0
t 132 7113 7115 0
t 1813 7114 7113 0
t 1815 7115 7114 0
t 7113 7114 7115 0
t 473 7116 7118 0
t 1814 7117 7116 0
t 1813 7118 7117 0
t 7116 7117 7118 0
t 472 7119 7121 0
t 1815 7120 7119 0
t 1814 7121 7120 0
t 7119 7120 7121 0
t 1813 7117 7114 0
t 1814 7120 7117 0
t 1815 7114 7120 0
t 7117 7120 7114 0
t 471 7112 7098 0
t 1811 7122 7112 0
t 1808 7098 7122 0
t 7112 7122 7098 0
t 472 7121 7107 0
t 1814 7123 7121 0
t 1811 7107 7123 0
t 7121 7123 7107 0
t 473 7103 7116 0
t 1808 7124 7103 0
t 1814 7116 7124 0
t 7103 7124 7116 0
t 1811 7123 7122 0
t 1814 7124 7123 0
t 1808 7122 7124 0
t 7123 7124 7122 0
t 41 7125 7127 3
t 1816 7126 7125 3
t 1818 7127 7126 3
t 7125 7126 7127 3
t 474 7128 7130 3
t 1817 7129 7128 3
t 1816 7130 7129 3
t 7128 7129 7130 3
t 476 7131 7133 0
t 1818 7132 7131 3
t 1817 7133 7132 0
t 7131 7132 7133 0
t 1816 7129 7126 3
t 1817 7132 7129 3
t 1818 7126 7132 3
t 7129 7132 7126 3
t 131 7134 7136 0
t 1819 7135 7134 0
t 1821 7136 7135 0
t 7134 7135 7136 0
t 475 7137 7139 0
t 1820 7138 7137 0
t 1819 7139 7138 0
t 7137 7138 7139 0
t 474 7140 7142 3
t 1821 7141 7140 0
t 1820 7142 7141 0
t 7140 7141 7142 0
t 1819 7138 7135 0
t 1820 7141 7138 0
t 1821 7135 7141 0
t 7138 7141 7135 0
t 130 7143 7145 0
t 1822 7144 7143 0
t 1824 7145 7144 0
t 7143 7144 7145 0
t 476 7146 7148 0
t 1823 7147 7146 0
t 1822 7148 7147 0
t 7146 7147 7148 0
t 475 7149 7151 0
t 1824 7150 7149 0
t 1823 7151 7150 0
t 7149 7150 7151 0
t 1822 7147 7144 0
t 1823 7150 7147 0
t 1824 7144 7150 0
t 7147 7150 7144 0
t 474 7142 7128 3
t 1820 7152 7142 0
t 1817 7128 7152 0
t 7142 7152 7128 0
t 475 7151 7137 0
t 1823 7153 7151 0
t 1820 7137 7153 0
t 7151 7153 7137 0
t 476 7133 7146 0
t 1817 7154 7133 0
t 1823 7146 7154 0
t 7133 7154 7146 0
t 1820 7153 7152 0
t 1823 7154 7153 0
t 1817 7152 7154 0
t 7153 7154 7152 0
t 40 7155 7157 0
t 1825 7156 7155 0
t 1827 7157 7156 0
t 7155 7156 7157 0
t 477 7158 7160 0
t 1826 7159 7158 0
t 1825 7160 7159 0
t 7158 7159 7160 0
t 479 7161 7163 0
t 1827 7162 7161 0
t 1826 7163 7162 0
t 7161 7162 7163 0
t 1825 7159 7156 0
t 1826 7162 7159 0
t 1827 7156 7162 0
t 7159 7162 7156 0
t 132 7164 7166 0
t 1828 7165 7164 0
t 1830 7166 7165 0
t 7164 7165 7166 0
t 478 7167 7169 0
t 1829 7168 7167 0
t 1828 7169 7168 0
t 7167 7168 7169 0
t 477 7170 7172 0
t 1830 7171 7170 0
t 1829 7172 7171 0
t 7170 7171 7172 0
t 1828 7168 7165 0
t 1829 7171 7168 0
t 1830 7165 7171 0
t 7168 7171 7165 0
t 131 7173 7175 0
t 1831 7174 7173 0
t 1833 7175 7174 0
t 7173 7174 7175 0
t 479 7176 7178 0
t 1832 7177 7176 0
t 1831 7178 7177 0
t 7176 7177 7178 0
t 478 7179 7181 0
t 1833 7180 7179 0
t 1832 7181 7180 0
t 7179 7180 7181 0
t 1831 7177 7174 0
t 1832 7180 7177 0
t 1833 7174 7180 0
t 7177 7180 7174 0
t 477 7172 7158 0
t 1829 7182 7172 0
t 1826 7158 7182 0
t 7172 7182 7158 0
t 478 7181 7167 0
t 1832 7183 7181 0
t 1829 7167 7183 0
t 7181 7183 7167 0
t 479 7163 7176 0
t 1826 7184 7163 0
t 1832 7176 7184 0
t 7163 7184 7176 0
t 1829 7183 7182 0
t 1832 7184 7183 0
t 1826 7182 7184 0
t 7183 7184 7182 0
t 130 7145 7104 0
t 1824 7185 7145 0
t 1810 7104 7185 0
t 7145 7185 7104 0
t 475 7186 7149 0
t 1834 7187 7186 0
t 1824 7149 7187 0
t 7186 7187 7149 0
t 472 7109 7189 0
t 1810 7188 7109 0
t 1834 7189 7188 0
t 7109 7188 7189 0
t 1824 7187 7185 0
t 1834 7188 7187 0
t 1810 7185 7188 0
t 7187 7188 7185 0
t 131 7175 7134 0
t 1833 7190 7175 0
t 1819 7134 7190 0
t 7175 7190 7134 0
t 478 7191 7179 0
t 1835 7192 7191 0
t 1833 7179 7192 0
t 7191 7192 7179 0
t 475 7139 7194 0
t 1819 7193 7139 0
t 1835 7194 7193 0
t 7139 7193 7194 0
t 1833 7192 7190 0
t 1835 7193 7192 0
t 1819 7190 7193 0
t 7192 7193 7190 0
t 132 7115 7164 0
t 1815 7195 7115 0
t 1828 7164 7195 0
t 7115 7195 7164 0
t 472 7196 7119 0
t 1836 7197 7196 0
t 1815 7119 7197 0
t 7196 7197 7119 0
t 478 7169 7199 0
t 1828 7198 7169 0
t 1836 7199 7198 0
t 7169 7198 7199 0
t 1815 7197 7195 0
t 1836 7198 7197 0
t 1828 7195 7198 0
t 7197 7198 7195 0
t 475 7194 7186 0
t 1835 7200 7194 0
t 1834 7186 7200 0
t 7194 7200 7186 0
t 478 7199 7191 0
t 1836 7201 7199 0
t 1835 7191 7201 0
t 7199 7201 7191 0
t 472 7189 7196 0
t 1834 7202 7189 0
t 1836 7196 7202 0
t 7189 7202 7196 0
t 1835 7201 7200 0
t 1836 7202 7201 0
t 1834 7200 7202 0
t 7201 7202 7200 0
t 39 7052 6921 3
t 1798 7203 7052 3
t 1762 6921 7203 3
t 7052 7203 6921 3
t 470 7204 7055 3
t 1837 7205 7204 3
t 1798 7055 7205 3
t 7204 7205 7055 3
t 459 6925 7207 3
t 1762 7206 6925 3
t 1837 7207 7206 3
t 6925 7206 7207 3
t 1798 7205 7203 3
t 1837 7206 7205 3
t 1762 7203 7206 3
t 7205 7206 7203 3
t 129 7208 7065 3
t 1838 7209 7208 3
t 1801 7065 7209 3
t 7208 7209 7065 3
t 480 7210 7212 3
t 1839 7211 7210 3
t 1838 7212 7211 3
t 7210 7211 7212 3
t 470 7070 7214 3
t 1801 7213 7070 3
t 1839 7214 7213 3
t 7070 7213 7214 3
t 1838 7211 7209 3
t 1839 7213 7211 3
t 1801 7209 7213 3
t 7211 7213 7209 3
t 126 6930 7216 3
t 1766 7215 6930 3
t 1841 7216 7215 3
t 6930 7215 7216 3
t 459 7217 6934 3
t 1840 7218 7217 3
t 1766 6934 7218 3
t 7217 7218 6934 3
t 480 7219 7221 3
t 1841 7220 7219 3
t 1840 7221 7220 3
t 7219 7220 7221 3
t 1766 7218 7215 3
t 1840 7220 7218 3
t 1841 7215 7220 3
t 7218 7220 7215 3
t 470 7214 7204 3
t 1839 7222 7214 3
t 1837 7204 7222 3
t 7214 7222 7204 3
t 480 7221 7210 3
t 1840 7223 7221 3
t 1839 7210 7223 3
t 7221 7223 7210 3
t 459 7207 7217 3
t 1837 7224 7207 3
t 1840 7217 7224 3
t 7207 7224 7217 3
t 1839 7223 7222 3
t 1840 7224 7223 3
t 1837 7222 7224 3
t 7223 7224 7222 3
t 40 7157 7021 0
t 1827 7225 7157 0
t 1788 7021 7225 0
t 7157 7225 7021 0
t 479 7226 7161 0
t 1842 7227 7226 0
t 1827 7161 7227 0
t 7226 7227 7161 0
t 466 7026 7229 0
t 1788 7228 7026 0
t 1842 7229 7228 0
t 7026 7228 7229 0
t 1827 7227 7225 0
t 1842 7228 7227 0
t 1788 7225 7228 0
t 7227 7228 7225 0
t 131 7230 7173 0
t 1843 7231 7230 0
t 1831 7173 7231 0
t 7230 7231 7173 0
t 481 7232 7234 3
t 1844 7233 7232 0
t 1843 7234 7233 0
t 7232 7233 7234 0
t 479 7178 7236 0
t 1831 7235 7178 0
t 1844 7236 7235 0
t 7178 7235 7236 0
t 1843 7233 7231 0
t 1844 7235 7233 0
t 1831 7231 7235 0
t 7233 7235 7231 0
t 129 7032 7238 3
t 1793 7237 7032 3
t 1846 7238 7237 3
t 7032 7237 7238 3
t 466 7239 7036 0
t 1845 7240 7239 0
t 1793 7036 7240 3
t 7239 7240 7036 3
t 481 7241 7243 3
t 1846 7242 7241 3
t 1845 7243 7242 3
t 7241 7242 7243 3
t 1793 7240 7237 3
t 1845 7242 7240 3
t 1846 7237 7242 3
t 7240 7242 7237 3
t 479 7236 7226 0
t 1844 7244 7236 0
t 1842 7226 7244 0
t 7236 7244 7226 0
t 481 7243 7232 3
t 1845 7245 7243 0
t 1844 7232 7245 0
t 7243 7245 7232 0
t 466 7229 7239 0
t 1842 7246 7229 0
t 1845 7239 7246 0
t 7229 7246 7239 0
t 1844 7245 7244 0
t 1845 7246 7245 0
t 1842 7244 7246 0
t 7245 7246 7244 0
t 41 6949 7125 3
t 1771 7247 6949 3
t 1816 7125 7247 3
t 6949 7247 7125 3
t 463 7248 6953 3
t 1847 7249 7248 3
t 1771 6953 7249 3
t 7248 7249 6953 3
t 474 7130 7251 3
t 1816 7250 7130 3
t 1847 7251 7250 3
t 7130 7250 7251 3
t 1771 7249 7247 3
t 1847 7250 7249 3
t 1816 7247 7250 3
t 7249 7250 7247 3
t 126 7252 6965 3
t 1848 7253 7252 3
t 1775 6965 7253 3
t 7252 7253 6965 3
t 482 7254 7256 3
t 1849 7255 7254 3
t 1848 7256 7255 3
t 7254 7255 7256 3
t 463 6970 7258 3
t 1775 7257 6970 3
t 1849 7258 7257 3
t 6970 7257 7258 3
t 1848 7255 7253 3
t 1849 7257 7255 3
t 1775 7253 7257 3
t 7255 7257 7253 3
t 131 7136 7260 0
t 1821 7259 7136 0
t 1851 7260 7259 3
t 7136 7259 7260 0
t 474 7261 7140 3
t 1850 7262 7261 3
t 1821 7140 7262 3
t 7261 7262 7140 3
t 482 7263 7265 3
t 1851 7264 7263 3
t 1850 7265 7264 3
t 7263 7264 7265 3
t 1821 7262 7259 3
t 1850 7264 7262 3
t 1851 7259 7264 3
t 7262 7264 7259 3
t 463 7258 7248 3
t 1849 7266 7258 3
t 1847 7248 7266 3
t 7258 7266 7248 3
t 482 7265 7254 3
t 1850 7267 7265 3
t 1849 7254 7267 3
t 7265 7267 7254 3
t 474 7251 7261 3
t 1847 7268 7251 3
t 1850 7261 7268 3
t 7251 7268 7261 3
t 1849 7267 7266 3
t 1850 7268 7267 3
t 1847 7266 7268 3
t 7267 7268 7266 3
t 129 7238 7208 3
t 1846 7269 7238 3
t 1838 7208 7269 3
t 7238 7269 7208 3
t 481 7270 7241 3
t 1852 7271 7270 3
t 1846 7241 7271 3
t 7270 7271 7241 3
t 480 7212 7273 3
t 1838 7272 7212 3
t 1852 7273 7272 3
t 7212 7272 7273 3
t 1846 7271 7269 3
t 1852 7272 7271 3
t 1838 7269 7272 3
t 7271 7272 7269 3
t 131 7260 7230 0
t 1851 7274 7260 3
t 1843 7230 7274 0
t 7260 7274 7230 0
t 482 7275 7263 3
t 1853 7276 7275 3
t 1851 7263 7276 3
t 7275 7276 7263 3
t 481 7234 7278 3
t 1843 7277 7234 3
t 1853 7278 7277 3
t 7234 7277 7278 3
t 1851 7276 7274 3
t 1853 7277 7276 3
t 1843 7274 7277 3
t 7276 7277 7274 3
t 126 7216 7252 3
t 1841 7279 7216 3
t 1848 7252 7279 3
t 7216 7279 7252 3
t 480 7280 7219 3
t 1854 7281 7280 3
t 1841 7219 7281 3
t 7280 7281 7219 3
t 482 7256 7283 3
t 1848 7282 7256 3
t 1854 7283 7282 3
t 7256 7282 7283 3
t 1841 7281 7279 3
t 1854 7282 7281 3
t 1848 7279 7282 3
t 7281 7282 7279 3
t 481 7278 7270 3
t 1853 7284 7278 3
t 1852 7270 7284 3
t 7278 7284 7270 3
t 482 7283 7275 3
t 1854 7285 7283 3
t 1853 7275 7285 3
t 7283 7285 7275 3
t 480 7273 7280 3
t 1852 7286 7273 3
t 1854 7280 7286 3
t 7273 7286 7280 3
t 1853 7285 7284 3
t 1854 7286 7285 3
t 1852 7284 7286 3
t 7285 7286 7284 3
t 8 6896 7288 3
t 1756 7287 6896 3
t 1856 7288 7287 3
t 6896 7287 7288 3
t 458 7289 6899 3
t 1855 7290 7289 3
t 1756 6899 7290 3
t 7289 7290 6899 3
t 484 7291 7293 3
t 1856 7292 7291 3
t 1855 7293 7292 3
t 7291 7292 7293 3
t 1756 7290 7287 3
t 1855 7292 7290 3
t 1856 7287 7292 3
t 7290 7292 7287 3
t 127 7294 6909 3
t 1857 7295 7294 3
t 1759 6909 7295 3
t 7294 7295 6909 3
t 483 7296 7298 3
t 1858 7297 7296 3
t 1857 7298 7297 3
t 7296 7297 7298 3
t 458 6914 7300 3
t 1759 7299 6914 3
t 1858 7300 7299 3
t 6914 7299 7300 3
t 1857 7297 7295 3
t 1858 7299 7297 3
t 1759 7295 7299 3
t 7297 7299 7295 3
t 134 7301 7303 3
t 1859 7302 7301 3
t 1861 7303 7302 3
t 7301 7302 7303 3
t 484 7304 7306 3
t 1860 7305 7304 3
t 1859 7306 7305 3
t 7304 7305 7306 3
t 483 7307 7309 3
t 1861 7308 7307 3
t 1860 7309 7308 3
t 7307 7308 7309 3
t 1859 7305 7302 3
t 1860 7308 7305 3
t 1861 7302 7308 3
t 7305 7308 7302 3
t 458 7300 7289 3
t 1858 7310 7300 3
t 1855 7289 7310 3
t 7300 7310 7289 3
t 483 7309 7296 3
t 1860 7311 7309 3
t 1858 7296 7311 3
t 7309 7311 7296 3
t 484 7293 7304 3
t 1855 7312 7293 3
t 1860 7304 7312 3
t 7293 7312 7304 3
t 1858 7311 7310 3
t 1860 7312 7311 3
t 1855 7310 7312 3
t 7311 7312 7310 3
t 41 7313 6947 3
t 1862 7314 7313 3
t 1769 6947 7314 3
t 7313 7314 6947 3
t 485 7315 7317 3
t 1863 7316 7315 3
t 1862 7317 7316 3
t 7315 7316 7317 3
t 461 6952 7319 3
t 1769 7318 6952 3
t 1863 7319 7318 3
t 6952 7318 7319 3
t 1862 7316 7314 3
t 1863 7318 7316 3
t 1769 7314 7318 3
t 7316 7318 7314 3
t 133 7320 7322 3
t 1864 7321 7320 3
t 1866 7322 7321 3
t 7320 7321 7322 3
t 486 7323 7325 3
t 1865 7324 7323 3
t 1864 7325 7324 3
t 7323 7324 7325 3
t 485 7326 7328 3
t 1866 7327 7326 3
t 1865 7328 7327 3
t 7326 7327 7328 3
t 1864 7324 7321 3
t 1865 7327 7324 3
t 1866 7321 7327 3
t 7324 7327 7321 3
t 127 6958 7330 3
t 1774 7329 6958 3
t 1868 7330 7329 3
t 6958 7329 7330 3
t 461 7331 6962 3
t 1867 7332 7331 3
t 1774 6962 7332 3
t 7331 7332 6962 3
t 486 7333 7335 3
t 1868 7334 7333 3
t 1867 7335 7334 3
t 7333 7334 7335 3
t 1774 7332 7329 3
t 1867 7334 7332 3
t 1868 7329 7334 3
t 7332 7334 7329 3
t 485 7328 7315 3
t 1865 7336 7328 3
t 1863 7315 7336 3
t 7328 7336 7315 3
t 486 7335 7323 3
t 1867 7337 7335 3
t 1865 7323 7337 3
t 7335 7337 7323 3
t 461 7319 7331 3
t 1863 7338 7319 3
t 1867 7331 7338 3
t 7319 7338 7331 3
t 1865 7337 7336 3
t 1867 7338 7337 3
t 1863 7336 7338 3
t 7337 7338 7336 3
t 43 7339 7341 3
t 1869 7340 7339 3
t 1871 7341 7340 3
t 7339 7340 7341 3
t 487 7342 7344 3
t 1870 7343 7342 3
t 1869 7344 7343 3
t 7342 7343 7344 3
t 489 7345 7347 3
t 1871 7346 7345 3
t 1870 7347 7346 3
t 7345 7346 7347 3
t 1869 7343 7340 3
t 1870 7346 7343 3
t 1871 7340 7346 3
t 7343 7346 7340 3
t 134 7348 7350 3
t 1872 7349 7348 3
t 1874 7350 7349 3
t 7348 7349 7350 3
t 488 7351 7353 3
t 1873 7352 7351 3
t 1872 7353 7352 3
t 7351 7352 7353 3
t 487 7354 7356 3
t 1874 7355 7354 3
t 1873 7356 7355 3
t 7354 7355 7356 3
t 1872 7352 7349 3
t 1873 7355 7352 3
t 1874 7349 7355 3
t 7352 7355 7349 3
t 133 7357 7359 3
t 1875 7358 7357 3
t 1877 7359 7358 3
t 7357 7358 7359 3
t 489 7360 7362 3
t 1876 7361 7360 3
t 1875 7362 7361 3
t 7360 7361 7362 3
t 488 7363 7365 3
t 1877 7364 7363 3
t 1876 7365 7364 3
t 7363 7364 7365 3
t 1875 7361 7358 3
t 1876 7364 7361 3
t 1877 7358 7364 3
t 7361 7364 7358 3
t 487 7356 7342 3
t 1873 7366 7356 3
t 1870 7342 7366 3
t 7356 7366 7342 3
t 488 7365 7351 3
t 1876 7367 7365 3
t 1873 7351 7367 3
t 7365 7367 7351 3
t 489 7347 7360 3
t 1870 7368 7347 3
t 1876 7360 7368 3
t 7347 7368 7360 3
t 1873 7367 7366 3
t 1876 7368 7367 3
t 1870 7366 7368 3
t 7367 7368 7366 3
t 127 7330 7294 3
t 1868 7369 7330 3
t 1857 7294 7369 3
t 7330 7369 7294 3
t 486 7370 7333 3
t 1878 7371 7370 3
t 1868 7333 7371 3
t 7370 7371 7333 3
t 483 7298 7373 3
t 1857 7372 7298 3
t 1878 7373 7372 3
t 7298 7372 7373 3
t 1868 7371 7369 3
t 1878 7372 7371 3
t 1857 7369 7372 3
t 7371 7372 7369 3
t 133 7359 7320 3
t 1877 7374 7359 3
t 1864 7320 7374 3
t 7359 7374 7320 3
t 488 7375 7363 3
t 1879 7376 7375 3
t 1877 7363 7376 3
t 7375 7376 7363 3
t 486 7325 7378 3
t 1864 7377 7325 3
t 1879 7378 7377 3
t 7325 7377 7378 3
t 1877 7376 7374 3
t 1879 7377 7376 3
t 1864 7374 7377 3
t 7376 7377 7374 3
t 134 7303 7348 3
t 1861 7379 7303 3
t 1872 7348 7379 3
t 7303 7379 7348 3
t 483 7380 7307 3
t 1880 7381 7380 3
t 1861 7307 7381 3
t 7380 7381 7307 3
t 488 7353 7383 3
t 1872 7382 7353 3
t 1880 7383 7382 3
t 7353 7382 7383 3
t 1861 7381 7379 3
t 1880 7382 7381 3
t 1872 7379 7382 3
t 7381 7382 7379 3
t 486 7378 7370 3
t 1879 7384 7378 3
t 1878 7370 7384 3
t 7378 7384 7370 3
t 488 7383 7375 3
t 1880 7385 7383 3
t 1879 7375 7385 3
t 7383 7385 7375 3
t 483 7373 7380 3
t 1878 7386 7373 3
t 1880 7380 7386 3
t 7373 7386 7380 3
t 1879 7385 7384 3
t 1880 7386 7385 3
t 1878 7384 7386 3
t 7385 7386 7384 3
t 7 7387 7095 0
t 1881 7388 7387 0
t 1807 7095 7388 0
t 7387 7388 7095 0
t 490 7389 7391 0
t 1882 7390 7389 0
t 1881 7391 7390 0
t 7389 7390 7391 0
t 471 7100 7393 0
t 1807 7392 7100 0
t 1882 7393 7392 0
t 7100 7392 7393 0
t 1881 7390 7388 0
t 1882 7392 7390 0
t 1807 7388 7392 0
t 7390 7392 7388 0
t 135 7394 7396 0
t 1883 7395 7394 0
t 1885 7396 7395 0
t 7394 7395 7396 0
t 491 7397 7399 0
t 1884 7398 7397 0
t 1883 7399 7398 0
t 7397 7398 7399 0
t 490 7400 7402 0
t 1885 7401 7400 0
t 1884 7402 7401 0
t 7400 7401 7402 0
t 1883 7398 7395 0
t 1884 7401 7398 0
t 1885 7395 7401 0
t 7398 7401 7395 0
t 130 7106 7404 0
t 1812 7403 7106 0
t 1887 7404 7403 0
t 7106 7403 7404 0
t 471 7405 7110 0
t 1886 7406 7405 0
t 1812 7110 7406 0
t 7405 7406 7110 0
t 491 7407 7409 0
t 1887 7408 7407 0
t 1886 7409 7408 0
t 7407 7408 7409 0
t 1812 7406 7403 0
t 1886 7408 7406 0
t 1887 7403 7408 0
t 7406 7408 7403 0
t 490 7402 7389 0
t 1884 7410 7402 0
t 1882 7389 7410 0
t 7402 7410 7389 0
t 491 7409 7397 0
t 1886 7411 7409 0
t 1884 7397 7411 0
t 7409 7411 7397 0
t 471 7393 7405 0
t 1882 7412 7393 0
t 1886 7405 7412 0
t 7393 7412 7405 0
t 1884 7411 7410 0
t 1886 7412 7411 0
t 1882 7410 7412 0
t 7411 7412 7410 0
t 42 7413 7415 0
t 1888 7414 7413 0
t 1890 7415 7414 0
t 7413 7414 7415 0
t 492 7416 7418 0
t 1889 7417 7416 0
t 1888 7418 7417 0
t 7416 7417 7418 0
t 494 7419 7421 0
t 1890 7420 7419 0
t 1889 7421 7420 0
t 7419 7420 7421 0
t 1888 7417 7414 0
t 1889 7420 7417 0
t 1890 7414 7420 0
t 7417 7420 7414 0
t 136 7422 7424 0
t 1891 7423 7422 0
t 1893 7424 7423 0
t 7422 7423 7424 0
t 493 7425 7427 0
t 1892 7426 7425 0
t 1891 7427 7426 0
t 7425 7426 7427 0
t 492 7428 7430 0
t 1893 7429 7428 0
t 1892 7430 7429 0
t 7428 7429 7430 0
t 1891 7426 7423 0
t 1892 7429 7426 0
t 1893 7423 7429 0
t 7426 7429 7423 0
t 135 7431 7433 0
t 1894 7432 7431 0
t 1896 7433 7432 0
t 7431 7432 7433 0
t 494 7434 7436 0
t 1895 7435 7434 0
t 1894 7436 7435 0
t 7434 7435 7436 0
t 493 7437 7439 0
t 1896 7438 7437 0
t 1895 7439 7438 0
t 7437 7438 7439 0
t 1894 7435 7432 0
t 1895 7438 7435 0
t 1896 7432 7438 0
t 7435 7438 7432 0
t 492 7430 7416 0
t 1892 7440 7430 0
t 1889 7416 7440 0
t 7430 7440 7416 0
t 493 7439 7425 0
t 1895 7441 7439 0
t 1892 7425 7441 0
t 7439 7441 7425 0
t 494 7421 7434 0
t 1889 7442 7421 0
t 1895 7434 7442 0
t 7421 7442 7434 0
t 1892 7441 7440 0
t 1895 7442 7441 0
t 1889 7440 7442 0
t 7441 7442 7440 0
t 41 7127 7444 3
t 1818 7443 7127 3
t 1898 7444 7443 3
t 7127 7443 7444 3
t 476 7445 7131 0
t 1897 7446 7445 0
t 1818 7131 7446 3
t 7445 7446 7131 0
t 496 7447 7449 3
t 1898 7448 7447 3
t 1897 7449 7448 0
t 7447 7448 7449 3
t 1818 7446 7443 3
t 1897 7448 7446 3
t 1898 7443 7448 3
t 7446 7448 7443 3
t 130 7450 7143 0
t 1899 7451 7450 0
t 1822 7143 7451 0
t 7450 7451 7143 0
t 495 7452 7454 0
t 1900 7453 7452 0
t 1899 7454 7453 0
t 7452 7453 7454 0
t 476 7148 7456 0
t 1822 7455 7148 0
t 1900 7456 7455 0
t 7148 7455 7456 0
t 1899 7453 7451 0
t 1900 7455 7453 0
t 1822 7451 7455 0
t 7453 7455 7451 0
t 136 7457 7459 0
t 1901 7458 7457 0
t 1903 7459 7458 0
t 7457 7458 7459 0
t 496 7460 7462 0
t 1902 7461 7460 0
t 1901 7462 7461 0
t 7460 7461 7462 0
t 495 7463 7465 0
t 1903 7464 7463 0
t 1902 7465 7464 0
t 7463 7464 7465 0
t 1901 7461 7458 0
t 1902 7464 7461 0
t 1903 7458 7464 0
t 7461 7464 7458 0
t 476 7456 7445 0
t 1900 7466 7456 0
t 1897 7445 7466 0
t 7456 7466 7445 0
t 495 7465 7452 0
t 1902 7467 7465 0
t 1900 7452 7467 0
t 7465 7467 7452 0
t 496 7449 7460 0
t 1897 7468 7449 0
t 1902 7460 7468 0
t 7449 7468 7460 0
t 1900 7467 7466 0
t 1902 7468 7467 0
t 1897 7466 7468 0
t 7467 7468 7466 0
t 135 7433 7394 0
t 1896 7469 7433 0
t 1883 7394 7469 0
t 7433 7469 7394 0
t 493 7470 7437 0
t 1904 7471 7470 0
t 1896 7437 7471 0
t 7470 7471 7437 0
t 491 7399 7473 0
t 1883 7472 7399 0
t 1904 7473 7472 0
t 7399 7472 7473 0
t 1896 7471 7469 0
t 1904 7472 7471 0
t 1883 7469 7472 0
t 7471 7472 7469 0
t 136 7459 7422 0
t 1903 7474 7459 0
t 1891 7422 7474 0
t 7459 7474 7422 0
t 495 7475 7463 0
t 1905 7476 7475 0
t 1903 7463 7476 0
t 7475 7476 7463 0
t 493 7427 7478 0
t 1891 7477 7427 0
t 1905 7478 7477 0
t 7427 7477 7478 0
t 1903 7476 7474 0
t 1905 7477 7476 0
t 1891 7474 7477 0
t 7476 7477 7474 0
t 130 7404 7450 0
t 1887 7479 7404 0
t 1899 7450 7479 0
t 7404 7479 7450 0
t 491 7480 7407 0
t 1906 7481 7480 0
t 1887 7407 7481 0
t 7480 7481 7407 0
t 495 7454 7483 0
t 1899 7482 7454 0
t 1906 7483 7482 0
t 7454 7482 7483 0
t 1887 7481 7479 0
t 1906 7482 7481 0
t 1899 7479 7482 0
t 7481 7482 7479 0
t 493 7478 7470 0
t 1905 7484 7478 0
t 1904 7470 7484 0
t 7478 7484 7470 0
t 495 7483 7475 0
t 1906 7485 7483 0
t 1905 7475 7485 0
t 7483 7485 7475 0
t 491 7473 7480 0
t 1904 7486 7473 0
t 1906 7480 7486 0
t 7473 7486 7480 0
t 1905 7485 7484 0
t 1906 7486 7485 0
t 1904 7484 7486 0
t 7485 7486 7484 0
t 11 7487 7489 2
t 1907 7488 7487 2
t 1909 7489 7488 2
t 7487 7488 7489 2
t 497 7490 7492 2
t 1908 7491 7490 2
t 1907 7492 7491 2
t 7490 7491 7492 2
t 499 7493 7495 2
t 1909 7494 7493 2
t 1908 7495 7494 2
t 7493 7494 7495 2
t 1907 7491 7488 2
t 1908 7494 7491 2
t 1909 7488 7494 2
t 7491 7494 7488 2
t 137 7496 7498 2
t 1910 7497 7496 2
t 1912 7498 7497 2
t 7496 7497 7498 2
t 498 7499 7501 2
t 1911 7500 7499 2
t 1910 7501 7500 2
t 7499 7500 7501 2
t 497 7502 7504 2
t 1912 7503 7502 2
t 1911 7504 7503 2
t 7502 7503 7504 2
t 1910 7500 7497 2
t 1911 7503 7500 2
t 1912 7497 7503 2
t 7500 7503 7497 2
t 139 7505 7507 2
t 1913 7506 7505 2
t 1915 7507 7506 2
t 7505 7506 7507 2
t 499 7508 7510 2
t 1914 7509 7508 2
t 1913 7510 7509 2
t 7508 7509 7510 2
t 498 7511 7513 2
t 1915 7512 7511 2
t 1914 7513 7512 2
t 7511 7512 7513 2
t 1913 7509 7506 2
t 1914 7512 7509 2
t 1915 7506 7512 2
t 7509 7512 7506 2
t 497 7504 7490 2
t 1911 7514 7504 2
t 1908 7490 7514 2
t 7504 7514 7490 2
t 498 7513 7499 2
t 1914 7515 7513 2
t 1911 7499 7515 2
t 7513 7515 7499 2
t 499 7495 7508 2
t 1908 7516 7495 2
t 1914 7508 7516 2
t 7495 7516 7508 2
t 1911 7515 7514 2
t 1914 7516 7515 2
t 1908 7514 7516 2
t 7515 7516 7514 2
t 43 7517 7519 3
t 1916 7518 7517 3
t 1918 7519 7518 3
t 7517 7518 7519 3
t 500 7520 7522 3
t 1917 7521 7520 3
t 1916 7522 7521 3
t 7520 7521 7522 3
t 502 7523 7525 2
t 1918 7524 7523 3
t 1917 7525 7524 3
t 7523 7524 7525 3
t 1916 7521 7518 3
t 1917 7524 7521 3
t 1918 7518 7524 3
t 7521 7524 7518 3
t 138 7526 7528 3
t 1919 7527 7526 3
t 1921 7528 7527 3
t 7526 7527 7528 3
t 501 7529 7531 2
t 1920 7530 7529 2
t 1919 7531 7530 2
t 7529 7530 7531 2
t 500 7532 7534 3
t 1921 7533 7532 3
t 1920 7534 7533 3
t 7532 7533 7534 3
t 1919 7530 7527 3
t 1920 7533 7530 3
t 1921 7527 7533 3
t 7530 7533 7527 3
t 137 7535 7537 2
t 1922 7536 7535 2
t 1924 7537 7536 2
t 7535 7536 7537 2
t 502 7538 7540 2
t 1923 7539 7538 2
t 1922 7540 7539 2
t 7538 7539 7540 2
t 501 7541 7543 2
t 1924 7542 7541 2
t 1923 7543 7542 2
t 7541 7542 7543 2
t 1922 7539 7536 2
t 1923 7542 7539 2
t 1924 7536 7542 2
t 7539 7542 7536 2
t 500 7534 7520 3
t 1920 7544 7534 3
t 1917 7520 7544 3
t 7534 7544 7520 3
t 501 7543 7529 2
t 1923 7545 7543 2
t 1920 7529 7545 2
t 7543 7545 7529 2
t 502 7525 7538 2
t 1917 7546 7525 3
t 1923 7538 7546 2
t 7525 7546 7538 2
t 1920 7545 7544 2
t 1923 7546 7545 2
t 1917 7544 7546 3
t 7545 7546 7544 2
t 42 7547 7549 0
t 1925 7548 7547 0
t 1927 7549 7548 0
t 7547 7548 7549 0
t 503 7550 7552 0
t 1926 7551 7550 0
t 1925 7552 7551 0
t 7550 7551 7552 0
t 505 7553 7555 0
t 1927 7554 7553 0
t 1926 7555 7554 0
t 7553 7554 7555 0
t 1925 7551 7548 0
t 1926 7554 7551 0
t 1927 7548 7554 0
t 7551 7554 7548 0
t 139 7556 7558 0
t 1928 7557 7556 0
t 1930 7558 7557 0
t 7556 7557 7558 0
t 504 7559 7561 0
t 1929 7560 7559 0
t 1928 7561 7560 0
t 7559 7560 7561 0
t 503 7562 7564 0
t 1930 7563 7562 0
t 1929 7564 7563 0
t 7562 7563 7564 0
t 1928 7560 7557 0
t 1929 7563 7560 0
t 1930 7557 7563 0
t 7560 7563 7557 0
t 138 7565 7567 0
t 1931 7566 7565 0
t 1933 7567 7566 0
t 7565 7566 7567 0
t 505 7568 7570 0
t 1932 7569 7568 0
t 1931 7570 7569 0
t 7568 7569 7570 0
t 504 7571 7573 0
t 1933 7572 7571 0
t 1932 7573 7572 0
t 7571 7572 7573 0
t 1931 7569 7566 0
t 1932 7572 7569 0
t 1933 7566 7572 0
t 7569 7572 7566 0
t 503 7564 7550 0
t 1929 7574 7564 0
t 1926 7550 7574 0
t 7564 7574 7550 0
t 504 7573 7559 0
t 1932 7575 7573 0
t 1929 7559 7575 0
t 7573 7575 7559 0
t 505 7555 7568 0
t 1926 7576 7555 0
t 1932 7568 7576 0
t 7555 7576 7568 0
t 1929 7575 7574 0
t 1932 7576 7575 0
t 1926 7574 7576 0
t 7575 7576 7574 0
t 137 7537 7496 2
t 1924 7577 7537 2
t 1910 7496 7577 2
t 7537 7577 7496 2
t 501 7578 7541 2
t 1934 7579 7578 2
t 1924 7541 7579 2
t 7578 7579 7541 2
t 498 7501 7581 2
t 1910 7580 7501 2
t 1934 7581 7580 2
t 7501 7580 7581 2
t 1924 7579 7577 2
t 1934 7580 7579 2
t 1910 7577 7580 2
t 7579 7580 7577 2
t 138 7567 7526 3
t 1933 7582 7567 2
t 1919 7526 7582 2
t 7567 7582 7526 2
t 504 7583 7571 2
t 1935 7584 7583 2
t 1933 7571 7584 2
t 7583 7584 7571 2
t 501 7531 7586 2
t 1919 7585 7531 2
t 1935 7586 7585 2
t 7531 7585 7586 2
t 1933 7584 7582 2
t 1935 7585 7584 2
t 1919 7582 7585 2
t 7584 7585 7582 2
t 139 7507 7556 0
t 1915 7587 7507 2
t 1928 7556 7587 0
t 7507 7587 7556 2
t 498 7588 7511 2
t 1936 7589 7588 2
t 1915 7511 7589 2
t 7588 7589 7511 2
t 504 7561 7591 0
t 1928 7590 7561 0
t 1936 7591 7590 2
t 7561 7590 7591 2
t 1915 7589 7587 2
t 1936 7590 7589 2
t 1928 7587 7590 2
t 7589 7590 7587 2
t 501 7586 7578 2
t 1935 7592 7586 2
t 1934 7578 7592 2
t 7586 7592 7578 2
t 504 7591 7583 2
t 1936 7593 7591 2
t 1935 7583 7593 2
t 7591 7593 7583 2
t 498 7581 7588 2
t 1934 7594 7581 2
t 1936 7588 7594 2
t 7581 7594 7588 2
t 1935 7593 7592 2
t 1936 7594 7593 2
t 1934 7592 7594 2
t 7593 7594 7592 2
t 41 7444 7313 3
t 1898 7595 7444 3
t 1862 7313 7595 3
t 7444 7595 7313 3
t 496 7596 7447 3
t 1937 7597 7596 3
t 1898 7447 7597 3
t 7596 7597 7447 3
t 485 7317 7599 3
t 1862 7598 7317 3
t 1937 7599 7598 3
t 7317 7598 7599 3
t 1898 7597 7595 3
t 1937 7598 7597 3
t 1862 7595 7598 3
t 7597 7598 7595 3
t 136 7600 7457 0
t 1938 7601 7600 0
t 1901 7457 7601 0
t 7600 7601 7457 0
t 506 7602 7604 3
t 1939 7603 7602 3
t 1938 7604 7603 3
t 7602 7603 7604 3
t 496 7462 7606 3
t 1901 7605 7462 0
t 1939 7606 7605 3
t 7462 7605 7606 3
t 1938 7603 7601 0
t 1939 7605 7603 3
t 1901 7601 7605 0
t 7603 7605 7601 0
t 133 7322 7608 3
t 1866 7607 7322 3
t 1941 7608 7607 3
t 7322 7607 7608 3
t 485 7609 7326 3
t 1940 7610 7609 3
t 1866 7326 7610 3
t 7609 7610 7326 3
t 506 7611 7613 3
t 1941 7612 7611 3
t 1940 7613 7612 3
t 7611 7612 7613 3
t 1866 7610 7607 3
t 1940 7612 7610 3
t 1941 7607 7612 3
t 7610 7612 7607 3
t 496 7606 7596 3
t 1939 7614 7606 3
t 1937 7596 7614 3
t 7606 7614 7596 3
t 506 7613 7602 3
t 1940 7615 7613 3
t 1939 7602 7615 3
t 7613 7615 7602 3
t 485 7599 7609 3
t 1937 7616 7599 3
t 1940 7609 7616 3
t 7599 7616 7609 3
t 1939 7615 7614 3
t 1940 7616 7615 3
t 1937 7614 7616 3
t 7615 7616 7614 3
t 42 7549 7413 0
t 1927 7617 7549 0
t 1888 7413 7617 0
t 7549 7617 7413 0
t 505 7618 7553 0
t 1942 7619 7618 0
t 1927 7553 7619 0
t 7618 7619 7553 0
t 492 7418 7621 0
t 1888 7620 7418 0
t 1942 7621 7620 0
t 7418 7620 7621 0
t 1927 7619 7617 0
t 1942 7620 7619 0
t 1888 7617 7620 0
t 7619 7620 7617 0
t 138 7622 7565 3
t 1943 7623 7622 0
t 1931 7565 7623 0
t 7622 7623 7565 0
t 507 7624 7626 0
t 1944 7625 7624 0
t 1943 7626 7625 0
t 7624 7625 7626 0
t 505 7570 7628 0
t 1931 7627 7570 0
t 1944 7628 7627 0
t 7570 7627 7628 0
t 1943 7625 7623 0
t 1944 7627 7625 0
t 1931 7623 7627 0
t 7625 7627 7623 0
t 136 7424 7630 0
t 1893 7629 7424 0
t 1946 7630 7629 0
t 7424 7629 7630 0
t 492 7631 7428 0
t 1945 7632 7631 0
t 1893 7428 7632 0
t 7631 7632 7428 0
t 507 7633 7635 0
t 1946 7634 7633 0
t 1945 7635 7634 0
t 7633 7634 7635 0
t 1893 7632 7629 0
t 1945 7634 7632 0
t 1946 7629 7634 0
t 7632 7634 7629 0
t 505 7628 7618 0
t 1944 7636 7628 0
t 1942 7618 7636 0
t 7628 7636 7618 0
t 507 7635 7624 0
t 1945 7637 7635 0
t 1944 7624 7637 0
t 7635 7637 7624 0
t 492 7621 7631 0
t 1942 7638 7621 0
t 1945 7631 7638 0
t 7621 7638 7631 0
t 1944 7637 7636 0
t 1945 7638 7637 0
t 1942 7636 7638 0
t 7637 7638 7636 0
t 43 7341 7517 3
t 1871 7639 7341 3
t 1916 7517 7639 3
t 7341 7639 7517 3
t 489 7640 7345 3
t 1947 7641 7640 3
t 1871 7345 7641 3
t 7640 7641 7345 3
t 500 7522 7643 3
t 1916 7642 7522 3
t 1947 7643 7642 3
t 7522 7642 7643 3
t 1871 7641 7639 3
t 1947 7642 7641 3
t 1916 7639 7642 3
t 7641 7642 7639 3
t 133 7644 7357 3
t 1948 7645 7644 3
t 1875 7357 7645 3
t 7644 7645 7357 3
t 508 7646 7648 3
t 1949 7647 7646 3
t 1948 7648 7647 3
t 7646 7647 7648 3
t 489 7362 7650 3
t 1875 7649 7362 3
t 1949 7650 7649 3
t 7362 7649 7650 3
t 1948 7647 7645 3
t 1949 7649 7647 3
t 1875 7645 7649 3
t 7647 7649 7645 3
t 138 7528 7652 3
t 1921 7651 7528 3
t 1951 7652 7651 3
t 7528 7651 7652 3
t 500 7653 7532 3
t 1950 7654 7653 3
t 1921 7532 7654 3
t 7653 7654 7532 3
t 508 7655 7657 3
t 1951 7656 7655 3
t 1950 7657 7656 3
t 7655 7656 7657 3
t 1921 7654 7651 3
t 1950 7656 7654 3
t 1951 7651 7656 3
t 7654 7656 7651 3
t 489 7650 7640 3
t 1949 7658 7650 3
t 1947 7640 7658 3
t 7650 7658 7640 3
t 508 7657 7646 3
t 1950 7659 7657 3
t 1949 7646 7659 3
t 7657 7659 7646 3
t 500 7643 7653 3
t 1947 7660 7643 3
t 1950 7653 7660 3
t 7643 7660 7653 3
t 1949 7659 7658 3
t 1950 7660 7659 3
t 1947 7658 7660 3
t 7659 7660 7658 3
t 136 7630 7600 0
t 1946 7661 7630 0
t 1938 7600 7661 0
t 7630 7661 7600 0
t 507 7662 7633 0
t 1952 7663 7662 0
t 1946 7633 7663 0
t 7662 7663 7633 0
t 506 7604 7665 3
t 1938 7664 7604 3
t 1952 7665 7664 3
t 7604 7664 7665 3
t 1946 7663 7661 0
t 1952 7664 7663 0
t 1938 7661 7664 0
t 7663 7664 7661 0
t 138 7652 7622 3
t 1951 7666 7652 3
t 1943 7622 7666 3
t 7652 7666 7622 3
t 508 7667 7655 3
t 1953 7668 7667 3
t 1951 7655 7668 3
t 7667 7668 7655 3
t 507 7626 7670 0
t 1943 7669 7626 0
t 1953 7670 7669 3
t 7626 7669 7670 0
t 1951 7668 7666 3
t 1953 7669 7668 3
t 1943 7666 7669 3
t 7668 7669 7666 3
t 133 7608 7644 3
t 1941 7671 7608 3
t 1948 7644 7671 3
t 7608 7671 7644 3
t 506 7672 7611 3
t 1954 7673 7672 3
t 1941 7611 7673 3
t 7672 7673 7611 3
t 508 7648 7675 3
t 1948 7674 7648 3
t 1954 7675 7674 3
t 7648 7674 7675 3
t 1941 7673 7671 3
t 1954 7674 7673 3
t 1948 7671 7674 3
t 7673 7674 7671 3
t 507 7670 7662 0
t 1953 7676 7670 3
t 1952 7662 7676 3
t 7670 7676 7662 3
t 508 7675 7667 3
t 1954 7677 7675 3
t 1953 7667 7677 3
t 7675 7677 7667 3
t 506 7665 7672 3
t 1952 7678 7665 3
t 1954 7672 7678 3
t 7665 7678 7672 3
t 1953 7677 7676 3
t 1954 7678 7677 3
t 1952 7676 7678 3
t 7677 7678 7676 3
t 8 7288 7680 3
t 1856 7679 7288 3
t 1956 7680 7679 3
t 7288 7679 7680 3
t 484 7681 7291 3
t 1955 7682 7681 3
t 1856 7291 7682 3
t 7681 7682 7291 3
t 510 7683 7685 3
t 1956 7684 7683 3
t 1955 7685 7684 3
t 7683 7684 7685 3
t 1856 7682 7679 3
t 1955 7684 7682 3
t 1956 7679 7684 3
t 7682 7684 7679 3
t 134 7686 7301 3
t 1957 7687 7686 3
t 1859 7301 7687 3
t 7686 7687 7301 3
t 509 7688 7690 3
t 1958 7689 7688 3
t 1957 7690 7689 3
t 7688 7689 7690 3
t 484 7306 7692 3
t 1859 7691 7306 3
t 1958 7692 7691 3
t 7306 7691 7692 3
t 1957 7689 7687 3
t 1958 7691 7689 3
t 1859 7687 7691 3
t 7689 7691 7687 3
t 141 7693 7695 3
t 1959 7694 7693 3
t 1961 7695 7694 3
t 7693 7694 7695 3
t 510 7696 7698 3
t 1960 7697 7696 3
t 1959 7698 7697 3
t 7696 7697 7698 3
t 509 7699 7701 3
t 1961 7700 7699 3
t 1960 7701 7700 3
t 7699 7700 7701 3
t 1959 7697 7694 3
t 1960 7700 7697 3
t 1961 7694 7700 3
t 7697 7700 7694 3
t 484 7692 7681 3
t 1958 7702 7692 3
t 1955 7681 7702 3
t 7692 7702 7681 3
t 509 7701 7688 3
t 1960 7703 7701 3
t 1958 7688 7703 3
t 7701 7703 7688 3
t 510 7685 7696 3
t 1955 7704 7685 3
t 1960 7696 7704 3
t 7685 7704 7696 3
t 1958 7703 7702 3
t 1960 7704 7703 3
t 1955 7702 7704 3
t 7703 7704 7702 3
t 43 7705 7339 3
t 1962 7706 7705 3
t 1869 7339 7706 3
t 7705 7706 7339 3
t 511 7707 7709 3
t 1963 7708 7707 3
t 1962 7709 7708 3
t 7707 7708 7709 3
t 487 7344 7711 3
t 1869 7710 7344 3
t 1963 7711 7710 3
t 7344 7710 7711 3
t 1962 7708 7706 3
t 1963 7710 7708 3
t 1869 7706 7710 3
t 7708 7710 7706 3
t 140 7712 7714 3
t 1964 7713 7712 3
t 1966 7714 7713 3
t 7712 7713 7714 3
t 512 7715 7717 3
t 1965 7716 7715 3
t 1964 7717 7716 3
t 7715 7716 7717 3
t 511 7718 7720 3
t 1966 7719 7718 3
t 1965 7720 7719 3
t 7718 7719 7720 3
t 1964 7716 7713 3
t 1965 7719 7716 3
t 1966 7713 7719 3
t 7716 7719 7713 3
t 134 7350 7722 3
t 1874 7721 7350 3
t 1968 7722 7721 3
t 7350 7721 7722 3
t 487 7723 7354 3
t 1967 7724 7723 3
t 1874 7354 7724 3
t 7723 7724 7354 3
t 512 7725 7727 3
t 1968 7726 7725 3
t 1967 7727 7726 3
t 7725 7726 7727 3
t 1874 7724 7721 3
t 1967 7726 7724 3
t 1968 7721 7726 3
t 7724 7726 7721 3
t 511 7720 7707 3
t 1965 7728 7720 3
t 1963 7707 7728 3
t 7720 7728 7707 3
t 512 7727 7715 3
t 1967 7729 7727 3
t 1965 7715 7729 3
t 7727 7729 7715 3
t 487 7711 7723 3
t 1963 7730 7711 3
t 1967 7723 7730 3
t 7711 7730 7723 3
t 1965 7729 7728 3
t 1967 7730 7729 3
t 1963 7728 7730 3
t 7729 7730 7728 3
t 45 7731 7733 1
t 1969 7732 7731 3
t 1971 7733 7732 3
t 7731 7732 7733 3
t 513 7734 7736 3
t 1970 7735 7734 3
t 1969 7736 7735 3
t 7734 7735 7736 3
t 515 7737 7739 3
t 1971 7738 7737 3
t 1970 7739 7738 3
t 7737 7738 7739 3
t 1969 7735 7732 3
t 1970 7738 7735 3
t 1971 7732 7738 3
t 7735 7738 7732 3
t 141 7740 7742 3
t 1972 7741 7740 3
t 1974 7742 7741 3
t 7740 7741 7742 3
t 514 7743 7745 3
t 1973 7744 7743 3
t 1972 7745 7744 3
t 7743 7744 7745 3
t 513 7746 7748 3
t 1974 7747 7746 3
t 1973 7748 7747 3
t 7746 7747 7748 3
t 1972 7744 7741 3
t 1973 7747 7744 3
t 1974 7741 7747 3
t 7744 7747 7741 3
t 140 7749 7751 3
t 1975 7750 7749 3
t 1977 7751 7750 3
t 7749 7750 7751 3
t 515 7752 7754 3
t 1976 7753 7752 3
t 1975 7754 7753 3
t 7752 7753 7754 3
t 514 7755 7757 3
t 1977 7756 7755 3
t 1976 7757 7756 3
t 7755 7756 7757 3
t 1975 7753 7750 3
t 1976 7756 7753 3
t 1977 7750 7756 3
t 7753 7756 7750 3
t 513 7748 7734 3
t 1973 7758 7748 3
t 1970 7734 7758 3
t 7748 7758 7734 3
t 514 7757 7743 3
t 1976 7759 7757 3
t 1973 7743 7759 3
t 7757 7759 7743 3
t 515 7739 7752 3
t 1970 7760 7739 3
t 1976 7752 7760 3
t 7739 7760 7752 3
t 1973 7759 7758 3
t 1976 7760 7759 3
t 1970 7758 7760 3
t 7759 7760 7758 3
t 134 7722 7686 3
t 1968 7761 7722 3
t 1957 7686 7761 3
t 7722 7761 7686 3
t 512 7762 7725 3
t 1978 7763 7762 3
t 1968 7725 7763 3
t 7762 7763 7725 3
t 509 7690 7765 3
t 1957 7764 7690 3
t 1978 7765 7764 3
t 7690 7764 7765 3
t 1968 7763 7761 3
t 1978 7764 7763 3
t 1957 7761 7764 3
t 7763 7764 7761 3
t 140 7751 7712 3
t 1977 7766 7751 3
t 1964 7712 7766 3
t 7751 7766 7712 3
t 514 7767 7755 3
t 1979 7768 7767 3
t 1977 7755 7768 3
t 7767 7768 7755 3
t 512 7717 7770 3
t 1964 7769 7717 3
t 1979 7770 7769 3
t 7717 7769 7770 3
t 1977 7768 7766 3
t 1979 7769 7768 3
t 1964 7766 7769 3
t 7768 7769 7766 3
t 141 7695 7740 3
t 1961 7771 7695 3
t 1972 7740 7771 3
t 7695 7771 7740 3
t 509 7772 7699 3
t 1980 7773 7772 3
t 1961 7699 7773 3
t 7772 7773 7699 3
t 514 7745 7775 3
t 1972 7774 7745 3
t 1980 7775 7774 3
t 7745 7774 7775 3
t 1961 7773 7771 3
t 1980 7774 7773 3
t 1972 7771 7774 3
t 7773 7774 7771 3
t 512 7770 7762 3
t 1979 7776 7770 3
t 1978 7762 7776 3
t 7770 7776 7762 3
t 514 7775 7767 3
t 1980 7777 7775 3
t 1979 7767 7777 3
t 7775 7777 7767 3
t 509 7765 7772 3
t 1978 7778 7765 3
t 1980 7772 7778 3
t 7765 7778 7772 3
t 1979 7777 7776 3
t 1980 7778 7777 3
t 1978 7776 7778 3
t 7777 7778 7776 3
t 11 7779 7487 2
t 1981 7780 7779 2
t 1907 7487 7780 2
t 7779 7780 7487 2
t 516 7781 7783 2
t 1982 7782 7781 2
t 1981 7783 7782 2
t 7781 7782 7783 2
t 497 7492 7785 2
t 1907 7784 7492 2
t 1982 7785 7784 2
t 7492 7784 7785 2
t 1981 7782 7780 2
t 1982 7784 7782 2
t 1907 7780 7784 2
t 7782 7784 7780 2
t 142 7786 7788 2
t 1983 7787 7786 2
t 1985 7788 7787 2
t 7786 7787 7788 2
t 517 7789 7791 2
t 1984 7790 7789 2
t 1983 7791 7790 2
t 7789 7790 7791 2
t 516 7792 7794 2
t 1985 7793 7792 2
t 1984 7794 7793 2
t 7792 7793 7794 2
t 1983 7790 7787 2
t 1984 7793 7790 2
t 1985 7787 7793 2
t 7790 7793 7787 2
t 137 7498 7796 2
t 1912 7795 7498 2
t 1987 7796 7795 2
t 7498 7795 7796 2
t 497 7797 7502 2
t 1986 7798 7797 2
t 1912 7502 7798 2
t 7797 7798 7502 2
t 517 7799 7801 2
t 1987 7800 7799 2
t 1986 7801 7800 2
t 7799 7800 7801 2
t 1912 7798 7795 2
t 1986 7800 7798 2
t 1987 7795 7800 2
t 7798 7800 7795 2
t 516 7794 7781 2
t 1984 7802 7794 2
t 1982 7781 7802 2
t 7794 7802 7781 2
t 517 7801 7789 2
t 1986 7803 7801 2
t 1984 7789 7803 2
t 7801 7803 7789 2
t 497 7785 7797 2
t 1982 7804 7785 2
t 1986 7797 7804 2
t 7785 7804 7797 2
t 1984 7803 7802 2
t 1986 7804 7803 2
t 1982 7802 7804 2
t 7803 7804 7802 2
t 44 7805 7807 1
t 1988 7806 7805 1
t 1990 7807 7806 1
t 7805 7806 7807 1
t 518 7808 7810 1
t 1989 7809 7808 1
t 1988 7810 7809 1
t 7808 7809 7810 1
t 520 7811 7813 1
t 1990 7812 7811 1
t 1989 7813 7812 1
t 7811 7812 7813 1
t 1988 7809 7806 1
t 1989 7812 7809 1
t 1990 7806 7812 1
t 7809 7812 7806 1
t 143 7814 7816 2
t 1991 7815 7814 2
t 1993 7816 7815 2
t 7814 7815 7816 2
t 519 7817 7819 2
t 1992 7818 7817 2
t 1991 7819 7818 2
t 7817 7818 7819 2
t 518 7820 7822 1
t 1993 7821 7820 2
t 1992 7822 7821 2
t 7820 7821 7822 2
t 1991 7818 7815 2
t 1992 7821 7818 2
t 1993 7815 7821 2
t 7818 7821 7815 2
t 142 7823 7825 2
t 1994 7824 7823 2
t 1996 7825 7824 2
t 7823 7824 7825 2
t 520 7826 7828 2
t 1995 7827 7826 2
t 1994 7828 7827 2
t 7826 7827 7828 2
t 519 7829 7831 2
t 1996 7830 7829 2
t 1995 7831 7830 2
t 7829 7830 7831 2
t 1994 7827 7824 2
t 1995 7830 7827 2
t 1996 7824 7830 2
t 7827 7830 7824 2
t 518 7822 7808 1
t 1992 7832 7822 2
t 1989 7808 7832 1
t 7822 7832 7808 1
t 519 7831 7817 2
t 1995 7833 7831 2
t 1992 7817 7833 2
t 7831 7833 7817 2
t 520 7813 7826 2
t 1989 7834 7813 1
t 1995 7826 7834 2
t 7813 7834 7826 2
t 1992 7833 7832 2
t 1995 7834 7833 2
t 1989 7832 7834 2
t 7833 7834 7832 2
t 43 7519 7836 3
t 1918 7835 7519 3
t 1998 7836 7835 3
t 7519 7835 7836 3
t 502 7837 7523 2
t 1997 7838 7837 2
t 1918 7523 7838 3
t 7837 7838 7523 3
t 522 7839 7841 2
t 1998 7840 7839 3
t 1997 7841 7840 2
t 7839 7840 7841 3
t 1918 7838 7835 3
t 1997 7840 7838 3
t 1998 7835 7840 3
t 7838 7840 7835 3
t 137 7842 7535 2
t 1999 7843 7842 2
t 1922 7535 7843 2
t 7842 7843 7535 2
t 521 7844 7846 2
t 2000 7845 7844 2
t 1999 7846 7845 2
t 7844 7845 7846 2
t 502 7540 7848 2
t 1922 7847 7540 2
t 2000 7848 7847 2
t 7540 7847 7848 2
t 1999 7845 7843 2
t 2000 7847 7845 2
t 1922 7843 7847 2
t 7845 7847 7843 2
t 143 7849 7851 2
t 2001 7850 7849 2
t 2003 7851 7850 2
t 7849 7850 7851 2
t 522 7852 7854 2
t 2002 7853 7852 2
t 2001 7854 7853 2
t 7852 7853 7854 2
t 521 7855 7857 2
t 2003 7856 7855 2
t 2002 7857 7856 2
t 7855 7856 7857 2
t 2001 7853 7850 2
t 2002 7856 7853 2
t 2003 7850 7856 2
t 7853 7856 7850 2
t 502 7848 7837 2
t 2000 7858 7848 2
t 1997 7837 7858 2
t 7848 7858 7837 2
t 521 7857 7844 2
t 2002 7859 7857 2
t 2000 7844 7859 2
t 7857 7859 7844 2
t 522 7841 7852 2
t 1997 7860 7841 2
t 2002 7852 7860 2
t 7841 7860 7852 2
t 2000 7859 7858 2
t 2002 7860 7859 2
t 1997 7858 7860 2
t 7859 7860 7858 2
t 142 7825 7786 2
t 1996 7861 7825 2
t 1983 7786 7861 2
t 7825 7861 7786 2
t 519 7862 7829 2
t 2004 7863 7862 2
t 1996 7829 7863 2
t 7862 7863 7829 2
t 517 7791 7865 2
t 1983 7864 7791 2
t 2004 7865 7864 2
t 7791 7864 7865 2
t 1996 7863 7861 2
t 2004 7864 7863 2
t 1983 7861 7864 2
t 7863 7864 7861 2
t 143 7851 7814 2
t 2003 7866 7851 2
t 1991 7814 7866 2
t 7851 7866 7814 2
t 521 7867 7855 2
t 2005 7868 7867 2
t 2003 7855 7868 2
t 7867 7868 7855 2
t 519 7819 7870 2
t 1991 7869 7819 2
t 2005 7870 7869 2
t 7819 7869 7870 2
t 2003 7868 7866 2
t 2005 7869 7868 2
t 1991 7866 7869 2
t 7868 7869 7866 2
t 137 7796 7842 2
t 1987 7871 7796 2
t 1999 7842 7871 2
t 7796 7871 7842 2
t 517 7872 7799 2
t 2006 7873 7872 2
t 1987 7799 7873 2
t 7872 7873 7799 2
t 521 7846 7875 2
t 1999 7874 7846 2
t 2006 7875 7874 2
t 7846 7874 7875 2
t 1987 7873 7871 2
t 2006 7874 7873 2
t 1999 7871 7874 2
t 7873 7874 7871 2
t 519 7870 7862 2
t 2005 7876 7870 2
t 2004 7862 7876 2
t 7870 7876 7862 2
t 521 7875 7867 2
t 2006 7877 7875 2
t 2005 7867 7877 2
t 7875 7877 7867 2
t 517 7865 7872 2
t 2004 7878 7865 2
t 2006 7872 7878 2
t 7865 7878 7872 2
t 2005 7877 7876 2
t 2006 7878 7877 2
t 2004 7876 7878 2
t 7877 7878 7876 2
t 13 7879 7881 1
t 2007 7880 7879 1
t 2009 7881 7880 1
t 7879 7880 7881 1
t 523 7882 7884 1
t 2008 7883 7882 1
t 2007 7884 7883 1
t 7882 7883 7884 1
t 525 7885 7887 1
t 2009 7886 7885 1
t 2008 7887 7886 1
t 7885 7886 7887 1
t 2007 7883 7880 1
t 2008 7886 7883 1
t 2009 7880 7886 1
t 7883 7886 7880 1
t 144 7888 7890 1
t 2010 7889 7888 1
t 2012 7890 7889 1
t 7888 7889 7890 1
t 524 7891 7893 1
t 2011 7892 7891 1
t 2010 7893 7892 1
t 7891 7892 7893 1
t 523 7894 7896 1
t 2012 7895 7894 1
t 2011 7896 7895 1
t 7894 7895 7896 1
t 2010 7892 7889 1
t 2011 7895 7892 1
t 2012 7889 7895 1
t 7892 7895 7889 1
t 146 7897 7899 1
t 2013 7898 7897 1
t 2015 7899 7898 1
t 7897 7898 7899 1
t 525 7900 7902 1
t 2014 7901 7900 1
t 2013 7902 7901 1
t 7900 7901 7902 1
t 524 7903 7905 1
t 2015 7904 7903 1
t 2014 7905 7904 1
t 7903 7904 7905 1
t 2013 7901 7898 1
t 2014 7904 7901 1
t 2015 7898 7904 1
t 7901 7904 7898 1
t 523 7896 7882 1
t 2011 7906 7896 1
t 2008 7882 7906 1
t 7896 7906 7882 1
t 524 7905 7891 1
t 2014 7907 7905 1
t 2011 7891 7907 1
t 7905 7907 7891 1
t 525 7887 7900 1
t 2008 7908 7887 1
t 2014 7900 7908 1
t 7887 7908 7900 1
t 2011 7907 7906 1
t 2014 7908 7907 1
t 2008 7906 7908 1
t 7907 7908 7906 1
t 45 7909 7911 1
t 2016 7910 7909 1
t 2018 7911 7910 1
t 7909 7910 7911 1
t 526 7912 7914 1
t 2017 7913 7912 1
t 2016 7914 7913 1
t 7912 7913 7914 1
t 528 7915 7917 1
t 2018 7916 7915 1
t 2017 7917 7916 1
t 7915 7916 7917 1
t 2016 7913 7910 1
t 2017 7916 7913 1
t 2018 7910 7916 1
t 7913 7916 7910 1
t 145 7918 7920 1
t 2019 7919 7918 1
t 2021 7920 7919 1
t 7918 7919 7920 1
t 527 7921 7923 1
t 2020 7922 7921 1
t 2019 7923 7922 1
t 7921 7922 7923 1
t 526 7924 7926 1
t 2021 7925 7924 1
t 2020 7926 7925 1
t 7924 7925 7926 1
t 2019 7922 7919 1
t 2020 7925 7922 1
t 2021 7919 7925 1
t 7922 7925 7919 1
t 144 7927 7929 1
t 2022 7928 7927 1
t 2024 7929 7928 1
t 7927 7928 7929 1
t 528 7930 7932 1
t 2023 7931 7930 1
t 2022 7932 7931 1
t 7930 7931 7932 1
t 527 7933 7935 1
t 2024 7934 7933 1
t 2023 7935 7934 1
t 7933 7934 7935 1
t 2022 7931 7928 1
t 2023 7934 7931 1
t 2024 7928 7934 1
t 7931 7934 7928 1
t 526 7926 7912 1
t 2020 7936 7926 1
t 2017 7912 7936 1
t 7926 7936 7912 1
t 527 7935 7921 1
t 2023 7937 7935 1
t 2020 7921 7937 1
t 7935 7937 7921 1
t 528 7917 7930 1
t 2017 7938 7917 1
t 2023 7930 7938 1
t 7917 7938 7930 1
t 2020 7937 7936 1
t 2023 7938 7937 1
t 2017 7936 7938 1
t 7937 7938 7936 1
t 44 7939 7941 1
t 2025 7940 7939 1
t 2027 7941 7940 1
t 7939 7940 7941 1
t 529 7942 7944 1
t 2026 7943 7942 1
t 2025 7944 7943 1
t 7942 7943 7944 1
t 531 7945 7947 1
t 2027 7946 7945 1
t 2026 7947 7946 1
t 7945 7946 7947 1
t 2025 7943 7940 1
t 2026 7946 7943 1
t 2027 7940 7946 1
t 7943 7946 7940 1
t 146 7948 7950 1
t 2028 7949 7948 1
t 2030 7950 7949 1
t 7948 7949 7950 1
t 530 7951 7953 1
t 2029 7952 7951 1
t 2028 7953 7952 1
t 7951 7952 7953 1
t 529 7954 7956 1
t 2030 7955 7954 1
t 2029 7956 7955 1
t 7954 7955 7956 1
t 2028 7952 7949 1
t 2029 7955 7952 1
t 2030 7949 7955 1
t 7952 7955 7949 1
t 145 7957 7959 1
t 2031 7958 7957 1
t 2033 7959 7958 1
t 7957 7958 7959 1
t 531 7960 7962 1
t 2032 7961 7960 1
t 2031 7962 7961 1
t 7960 7961 7962 1
t 530 7963 7965 1
t 2033 7964 7963 1
t 2032 7965 7964 1
t 7963 7964 7965 1
t 2031 7961 7958 1
t 2032 7964 7961 1
t 2033 7958 7964 1
t 7961 7964 7958 1
t 529 7956 7942 1
t 2029 7966 7956 1
t 2026 7942 7966 1
t 7956 7966 7942 1
t 530 7965 7951 1
t 2032 7967 7965 1
t 2029 7951 7967 1
t 7965 7967 7951 1
t 531 7947 7960 1
t 2026 7968 7947 1
t 2032 7960 7968 1
t 7947 7968 7960 1
t 2029 7967 7966 1
t 2032 7968 7967 1
t 2026 7966 7968 1
t 7967 7968 7966 1
t 144 7929 7888 1
t 2024 7969 7929 1
t 2010 7888 7969 1
t 7929 7969 7888 1
t 527 7970 7933 1
t 2034 7971 7970 1
t 2024 7933 7971 1
t 7970 7971 7933 1
t 524 7893 7973 1
t 2010 7972 7893 1
t 2034 7973 7972 1
t 7893 7972 7973 1
t 2024 7971 7969 1
t 2034 7972 7971 1
t 2010 7969 7972 1
t 7971 7972 7969 1
t 145 7959 7918 1
t 2033 7974 7959 1
t 2019 7918 7974 1
t 7959 7974 7918 1
t 530 7975 7963 1
t 2035 7976 7975 1
t 2033 7963 7976 1
t 7975 7976 7963 1
t 527 7923 7978 1
t 2019 7977 7923 1
t 2035 7978 7977 1
t 7923 7977 7978 1
t 2033 7976 7974 1
t 2035 7977 7976 1
t 2019 7974 7977 1
t 7976 7977 7974 1
t 146 7899 7948 1
t 2015 7979 7899 1
t 2028 7948 7979 1
t 7899 7979 7948 1
t 524 7980 7903 1
t 2036 7981 7980 1
t 2015 7903 7981 1
t 7980 7981 7903 1
t 530 7953 7983 1
t 2028 7982 7953 1
t 2036 7983 7982 1
t 7953 7982 7983 1
t 2015 7981 7979 1
t 2036 7982 7981 1
t 2028 7979 7982 1
t 7981 7982 7979 1
t 527 7978 7970 1
t 2035 7984 7978 1
t 2034 7970 7984 1
t 7978 7984 7970 1
t 530 7983 7975 1
t 2036 7985 7983 1
t 2035 7975 7985 1
t 7983 7985 7975 1
t 524 7973 7980 1
t 2034 7986 7973 1
t 2036 7980 7986 1
t 7973 7986 7980 1
t 2035 7985 7984 1
t 2036 7986 7985 1
t 2034 7984 7986 1
t 7985 7986 7984 1
t 43 7836 7705 3
t 1998 7987 7836 3
t 1962 7705 7987 3
t 7836 7987 7705 3
t 522 7988 7839 3
t 2037 7989 7988 3
t 1998 7839 7989 3
t 7988 7989 7839 3
t 511 7709 7991 3
t 1962 7990 7709 3
t 2037 7991 7990 3
t 7709 7990 7991 3
t 1998 7989 7987 3
t 2037 7990 7989 3
t 1962 7987 7990 3
t 7989 7990 7987 3
t 143 7992 7849 2
t 2038 7993 7992 2
t 2001 7849 7993 2
t 7992 7993 7849 2
t 532 7994 7996 2
t 2039 7995 7994 2
t 2038 7996 7995 2
t 7994 7995 7996 2
t 522 7854 7998 2
t 2001 7997 7854 2
t 2039 7998 7997 2
t 7854 7997 7998 2
t 2038 7995 7993 2
t 2039 7997 7995 2
t 2001 7993 7997 2
t 7995 7997 7993 2
t 140 7714 8000 3
t 1966 7999 7714 3
t 2041 8000 7999 3
t 7714 7999 8000 3
t 511 8001 7718 3
t 2040 8002 8001 3
t 1966 7718 8002 3
t 8001 8002 7718 3
t 532 8003 8005 3
t 2041 8004 8003 3
t 2040 8005 8004 3
t 8003 8004 8005 3
t 1966 8002 7999 3
t 2040 8004 8002 3
t 2041 7999 8004 3
t 8002 8004 7999 3
t 522 7998 7988 2
t 2039 8006 7998 2
t 2037 7988 8006 3
t 7998 8006 7988 3
t 532 8005 7994 2
t 2040 8007 8005 3
t 2039 7994 8007 2
t 8005 8007 7994 3
t 511 7991 8001 3
t 2037 8008 7991 3
t 2040 8001 8008 3
t 7991 8008 8001 3
t 2039 8007 8006 3
t 2040 8008 8007 3
t 2037 8006 8008 3
t 8007 8008 8006 3
t 44 7941 7805 1
t 2027 8009 7941 1
t 1988 7805 8009 1
t 7941 8009 7805 1
t 531 8010 7945 1
t 2042 8011 8010 1
t 2027 7945 8011 1
t 8010 8011 7945 1
t 518 7810 8013 1
t 1988 8012 7810 1
t 2042 8013 8012 1
t 7810 8012 8013 1
t 2027 8011 8009 1
t 2042 8012 8011 1
t 1988 8009 8012 1
t 8011 8012 8009 1
t 145 8014 7957 1
t 2043 8015 8014 1
t 2031 7957 8015 1
t 8014 8015 7957 1
t 533 8016 8018 1
t 2044 8017 8016 1
t 2043 8018 8017 1
t 8016 8017 8018 1
t 531 7962 8020 1
t 2031 8019 7962 1
t 2044 8020 8019 1
t 7962 8019 8020 1
t 2043 8017 8015 1
t 2044 8019 8017 1
t 2031 8015 8019 1
t 8017 8019 8015 1
t 143 7816 8022 2
t 1993 8021 7816 2
t 2046 8022 8021 2
t 7816 8021 8022 2
t 518 8023 7820 1
t 2045 8024 8023 1
t 1993 7820 8024 1
t 8023 8024 7820 1
t 533 8025 8027 1
t 2046 8026 8025 1
t 2045 8027 8026 1
t 8025 8026 8027 1
t 1993 8024 8021 1
t 2045 8026 8024 1
t 2046 8021 8026 1
t 8024 8026 8021 1
t 531 8020 8010 1
t 2044 8028 8020 1
t 2042 8010 8028 1
t 8020 8028 8010 1
t 533 8027 8016 1
t 2045 8029 8027 1
t 2044 8016 8029 1
t 8027 8029 8016 1
t 518 8013 8023 1
t 2042 8030 8013 1
t 2045 8023 8030 1
t 8013 8030 8023 1
t 2044 8029 8028 1
t 2045 8030 8029 1
t 2042 8028 8030 1
t 8029 8030 8028 1
t 45 7733 7909 1
t 1971 8031 7733 1
t 2016 7909 8031 1
t 7733 8031 7909 1
t 515 8032 7737 3
t 2047 8033 8032 1
t 1971 7737 8033 1
t 8032 8033 7737 1
t 526 7914 8035 1
t 2016 8034 7914 1
t 2047 8035 8034 1
t 7914 8034 8035 1
t 1971 8033 8031 1
t 2047 8034 8033 1
t 2016 8031 8034 1
t 8033 8034 8031 1
t 140 8036 7749 3
t 2048 8037 8036 3
t 1975 7749 8037 3
t 8036 8037 7749 3
t 534 8038 8040 1
t 2049 8039 8038 1
t 2048 8040 8039 3
t 8038 8039 8040 1
t 515 7754 8042 3
t 1975 8041 7754 3
t 2049 8042 8041 3
t 7754 8041 8042 3
t 2048 8039 8037 3
t 2049 8041 8039 3
t 1975 8037 8041 3
t 8039 8041 8037 3
t 145 7920 8044 1
t 2021 8043 7920 1
t 2051 8044 8043 1
t 7920 8043 8044 1
t 526 8045 7924 1
t 2050 8046 8045 1
t 2021 7924 8046 1
t 8045 8046 7924 1
t 534 8047 8049 1
t 2051 8048 8047 1
t 2050 8049 8048 1
t 8047 8048 8049 1
t 2021 8046 8043 1
t 2050 8048 8046 1
t 2051 8043 8048 1
t 8046 8048 8043 1
t 515 8042 8032 3
t 2049 8050 8042 1
t 2047 8032 8050 1
t 8042 8050 8032 1
t 534 8049 8038 1
t 2050 8051 8049 1
t 2049 8038 8051 1
t 8049 8051 8038 1
t 526 8035 8045 1
t 2047 8052 8035 1
t 2050 8045 8052 1
t 8035 8052 8045 1
t 2049 8051 8050 1
t 2050 8052 8051 1
t 2047 8050 8052 1
t 8051 8052 8050 1
t 143 8022 7992 2
t 2046 8053 8022 2
t 2038 7992 8053 2
t 8022 8053 7992 2
t 533 8054 8025 1
t 2052 8055 8054 1
t 2046 8025 8055 1
t 8054 8055 8025 1
t 532 7996 8057 2
t 2038 8056 7996 2
t 2052 8057 8056 2
t 7996 8056 8057 2
t 2046 8055 8053 2
t 2052 8056 8055 2
t 2038 8053 8056 2
t 8055 8056 8053 2
t 145 8044 8014 1
t 2051 8058 8044 1
t 2043 8014 8058 1
t 8044 8058 8014 1
t 534 8059 8047 1
t 2053 8060 8059 1
t 2051 8047 8060 1
t 8059 8060 8047 1
t 533 8018 8062 1
t 2043 8061 8018 1
t 2053 8062 8061 1
t 8018 8061 8062 1
t 2051 8060 8058 1
t 2053 8061 8060 1
t 2043 8058 8061 1
t 8060 8061 8058 1
t 140 8000 8036 3
t 2041 8063 8000 3
t 2048 8036 8063 3
t 8000 8063 8036 3
t 532 8064 8003 2
t 2054 8065 8064 2
t 2041 8003 8065 3
t 8064 8065 8003 3
t 534 8040 8067 1
t 2048 8066 8040 3
t 2054 8067 8066 2
t 8040 8066 8067 2
t 2041 8065 8063 3
t 2054 8066 8065 3
t 2048 8063 8066 3
t 8065 8066 8063 3
t 533 8062 8054 1
t 2053 8068 8062 1
t 2052 8054 8068 1
t 8062 8068 8054 1
t 534 8067 8059 1
t 2054 8069 8067 2
t 2053 8059 8069 1
t 8067 8069 8059 1
t 532 8057 8064 2
t 2052 8070 8057 2
t 2054 8064 8070 2
t 8057 8070 8064 2
t 2053 8069 8068 1
t 2054 8070 8069 2
t 2052 8068 8070 1
t 8069 8070 8068 1
t 8 7680 6487 3
t 1956 8071 7680 3
t 1647 6487 8071 3
t 7680 8071 6487 3
t 510 8072 7683 3
t 2055 8073 8072 3
t 1956 7683 8073 3
t 8072 8073 7683 3
t 427 6492 8075 3
t 1647 8074 6492 3
t 2055 8075 8074 3
t 6492 8074 8075 3
t 1956 8073 8071 3
t 2055 8074 8073 3
t 1647 8071 8074 3
t 8073 8074 8071 3
t 141 8076 7693 3
t 2056 8077 8076 3
t 1959 7693 8077 3
t 8076 8077 7693 3
t 535 8078 8080 3
t 2057 8079 8078 3
t 2056 8080 8079 3
t 8078 8079 8080 3
t 510 7698 8082 3
t 1959 8081 7698 3
t 2057 8082 8081 3
t 7698 8081 8082 3
t 2056 8079 8077 3
t 2057 8081 8079 3
t 1959 8077 8081 3
t 8079 8081 8077 3
t 117 6498 8084 3
t 1652 8083 6498 3
t 2059 8084 8083 3
t 6498 8083 8084 3
t 427 8085 6502 3
t 2058 8086 8085 3
t 1652 6502 8086 3
t 8085 8086 6502 3
t 535 8087 8089 3
t 2059 8088 8087 3
t 2058 8089 8088 3
t 8087 8088 8089 3
t 1652 8086 8083 3
t 2058 8088 8086 3
t 2059 8083 8088 3
t 8086 8088 8083 3
t 510 8082 8072 3
t 2057 8090 8082 3
t 2055 8072 8090 3
t 8082 8090 8072 3
t 535 8089 8078 3
t 2058 8091 8089 3
t 2057 8078 8091 3
t 8089 8091 8078 3
t 427 8075 8085 3
t 2055 8092 8075 3
t 2058 8085 8092 3
t 8075 8092 8085 3
t 2057 8091 8090 3
t 2058 8092 8091 3
t 2055 8090 8092 3
t 8091 8092 8090 3
t 45 8093 7731 3
t 2060 8094 8093 3
t 1969 7731 8094 3
t 8093 8094 7731 3
t 536 8095 8097 3
t 2061 8096 8095 3
t 2060 8097 8096 3
t 8095 8096 8097 3
t 513 7736 8099 3
t 1969 8098 7736 3
t 2061 8099 8098 3
t 7736 8098 8099 3
t 2060 8096 8094 3
t 2061 8098 8096 3
t 1969 8094 8098 3
t 8096 8098 8094 3
t 147 8100 8102 3
t 2062 8101 8100 3
t 2064 8102 8101 3
t 8100 8101 8102 3
t 537 8103 8105 3
t 2063 8104 8103 3
t 2062 8105 8104 3
t 8103 8104 8105 3
t 536 8106 8108 3
t 2064 8107 8106 3
t 2063 8108 8107 3
t 8106 8107 8108 3
t 2062 8104 8101 3
t 2063 8107 8104 3
t 2064 8101 8107 3
t 8104 8107 8101 3
t 141 7742 8110 3
t 1974 8109 7742 3
t 2066 8110 8109 3
t 7742 8109 8110 3
t 513 8111 7746 3
t 2065 8112 8111 3
t 1974 7746 8112 3
t 8111 8112 7746 3
t 537 8113 8115 3
t 2066 8114 8113 3
t 2065 8115 8114 3
t 8113 8114 8115 3
t 1974 8112 8109 3
t 2065 8114 8112 3
t 2066 8109 8114 3
t 8112 8114 8109 3
t 536 8108 8095 3
t 2063 8116 8108 3
t 2061 8095 8116 3
t 8108 8116 8095 3
t 537 8115 8103 3
t 2065 8117 8115 3
t 2063 8103 8117 3
t 8115 8117 8103 3
t 513 8099 8111 3
t 2061 8118 8099 3
t 2065 8111 8118 3
t 8099 8118 8111 3
t 2063 8117 8116 3
t 2065 8118 8117 3
t 2061 8116 8118 3
t 8117 8118 8116 3
t 37 6519 8120 3
t 1658 8119 6519 3
t 2068 8120 8119 3
t 6519 8119 8120 3
t 432 8121 6523 3
t 2067 8122 8121 3
t 1658 6523 8122 3
t 8121 8122 6523 3
t 539 8123 8125 3
t 2068 8124 8123 3
t 2067 8125 8124 3
t 8123 8124 8125 3
t 1658 8122 8119 3
t 2067 8124 8122 3
t 2068 8119 8124 3
t 8122 8124 8119 3
t 117 8126 6535 3
t 2069 8127 8126 3
t 1662 6535 8127 3
t 8126 8127 6535 3
t 538 8128 8130 3
t 2070 8129 8128 3
t 2069 8130 8129 3
t 8128 8129 8130 3
t 432 6540 8132 3
t 1662 8131 6540 3
t 2070 8132 8131 3
t 6540 8131 8132 3
t 2069 8129 8127 3
t 2070 8131 8129 3
t 1662 8127 8131 3
t 8129 8131 8127 3
t 147 8133 8135 3
t 2071 8134 8133 3
t 2073 8135 8134 3
t 8133 8134 8135 3
t 539 8136 8138 3
t 2072 8137 8136 3
t 2071 8138 8137 3
t 8136 8137 8138 3
t 538 8139 8141 3
t 2073 8140 8139 3
t 2072 8141 8140 3
t 8139 8140 8141 3
t 2071 8137 8134 3
t 2072 8140 8137 3
t 2073 8134 8140 3
t 8137 8140 8134 3
t 432 8132 8121 3
t 2070 8142 8132 3
t 2067 8121 8142 3
t 8132 8142 8121 3
t 538 8141 8128 3
t 2072 8143 8141 3
t 2070 8128 8143 3
t 8141 8143 8128 3
t 539 8125 8136 3
t 2067 8144 8125 3
t 2072 8136 8144 3
t 8125 8144 8136 3
t 2070 8143 8142 3
t 2072 8144 8143 3
t 2067 8142 8144 3
t 8143 8144 8142 3
t 141 8110 8076 3
t 2066 8145 8110 3
t 2056 8076 8145 3
t 8110 8145 8076 3
t 537 8146 8113 3
t 2074 8147 8146 3
t 2066 8113 8147 3
t 8146 8147 8113 3
t 535 8080 8149 3
t 2056 8148 8080 3
t 2074 8149 8148 3
t 8080 8148 8149 3
t 2066 8147 8145 3
t 2074 8148 8147 3
t 2056 8145 8148 3
t 8147 8148 8145 3
t 147 8135 8100 3
t 2073 8150 8135 3
t 2062 8100 8150 3
t 8135 8150 8100 3
t 538 8151 8139 3
t 2075 8152 8151 3
t 2073 8139 8152 3
t 8151 8152 8139 3
t 537 8105 8154 3
t 2062 8153 8105 3
t 2075 8154 8153 3
t 8105 8153 8154 3
t 2073 8152 8150 3
t 2075 8153 8152 3
t 2062 8150 8153 3
t 8152 8153 8150 3
t 117 8084 8126 3
t 2059 8155 8084 3
t 2069 8126 8155 3
t 8084 8155 8126 3
t 535 8156 8087 3
t 2076 8157 8156 3
t 2059 8087 8157 3
t 8156 8157 8087 3
t 538 8130 8159 3
t 2069 8158 8130 3
t 2076 8159 8158 3
t 8130 8158 8159 3
t 2059 8157 8155 3
t 2076 8158 8157 3
t 2069 8155 8158 3
t 8157 8158 8155 3
t 537 8154 8146 3
t 2075 8160 8154 3
t 2074 8146 8160 3
t 8154 8160 8146 3
t 538 8159 8151 3
t 2076 8161 8159 3
t 2075 8151 8161 3
t 8159 8161 8151 3
t 535 8149 8156 3
t 2074 8162 8149 3
t 2076 8156 8162 3
t 8149 8162 8156 3
t 2075 8161 8160 3
t 2076 8162 8161 3
t 2074 8160 8162 3
t 8161 8162 8160 3
t 13 8163 7879 1
t 2077 8164 8163 1
t 2007 7879 8164 1
t 8163 8164 7879 1
t 540 8165 8167 1
t 2078 8166 8165 1
t 2077 8167 8166 1
t 8165 8166 8167 1
t 523 7884 8169 1
t 2007 8168 7884 1
t 2078 8169 8168 1
t 7884 8168 8169 1
t 2077 8166 8164 1
t 2078 8168 8166 1
t 2007 8164 8168 1
t 8166 8168 8164 1
t 148 8170 8172 1
t 2079 8171 8170 1
t 2081 8172 8171 1
t 8170 8171 8172 1
t 541 8173 8175 1
t 2080 8174 8173 1
t 2079 8175 8174 1
t 8173 8174 8175 1
t 540 8176 8178 1
t 2081 8177 8176 1
t 2080 8178 8177 1
t 8176 8177 8178 1
t 2079 8174 8171 1
t 2080 8177 8174 1
t 2081 8171 8177 1
t 8174 8177 8171 1
t 144 7890 8180 1
t 2012 8179 7890 1
t 2083 8180 8179 1
t 7890 8179 8180 1
t 523 8181 7894 1
t 2082 8182 8181 1
t 2012 7894 8182 1
t 8181 8182 7894 1
t 541 8183 8185 1
t 2083 8184 8183 1
t 2082 8185 8184 1
t 8183 8184 8185 1
t 2012 8182 8179 1
t 2082 8184 8182 1
t 2083 8179 8184 1
t 8182 8184 8179 1
t 540 8178 8165 1
t 2080 8186 8178 1
t 2078 8165 8186 1
t 8178 8186 8165 1
t 541 8185 8173 1
t 2082 8187 8185 1
t 2080 8173 8187 1
t 8185 8187 8173 1
t 523 8169 8181 1
t 2078 8188 8169 1
t 2082 8181 8188 1
t 8169 8188 8181 1
t 2080 8187 8186 1
t 2082 8188 8187 1
t 2078 8186 8188 1
t 8187 8188 8186 1
t 46 8189 8191 3
t 2084 8190 8189 3
t 2086 8191 8190 3
t 8189 8190 8191 3
t 542 8192 8194 3
t 2085 8193 8192 1
t 2084 8194 8193 3
t 8192 8193 8194 1
t 544 8195 8197 1
t 2086 8196 8195 1
t 2085 8197 8196 1
t 8195 8196 8197 1
t 2084 8193 8190 3
t 2085 8196 8193 1
t 2086 8190 8196 1
t 8193 8196 8190 1
t 149 8198 8200 1
t 2087 8199 8198 1
t 2089 8200 8199 1
t 8198 8199 8200 1
t 543 8201 8203 1
t 2088 8202 8201 1
t 2087 8203 8202 1
t 8201 8202 8203 1
t 542 8204 8206 1
t 2089 8205 8204 1
t 2088 8206 8205 1
t 8204 8205 8206 1
t 2087 8202 8199 1
t 2088 8205 8202 1
t 2089 8199 8205 1
t 8202 8205 8199 1
t 148 8207 8209 1
t 2090 8208 8207 1
t 2092 8209 8208 1
t 8207 8208 8209 1
t 544 8210 8212 1
t 2091 8211 8210 1
t 2090 8212 8211 1
t 8210 8211 8212 1
t 543 8213 8215 1
t 2092 8214 8213 1
t 2091 8215 8214 1
t 8213 8214 8215 1
t 2090 8211 8208 1
t 2091 8214 8211 1
t 2092 8208 8214 1
t 8211 8214 8208 1
t 542 8206 8192 1
t 2088 8216 8206 1
t 2085 8192 8216 1
t 8206 8216 8192 1
t 543 8215 8201 1
t 2091 8217 8215 1
t 2088 8201 8217 1
t 8215 8217 8201 1
t 544 8197 8210 1
t 2085 8218 8197 1
t 2091 8210 8218 1
t 8197 8218 8210 1
t 2088 8217 8216 1
t 2091 8218 8217 1
t 2085 8216 8218 1
t 8217 8218 8216 1
t 45 7911 8220 1
t 2018 8219 7911 1
t 2094 8220 8219 1
t 7911 8219 8220 1
t 528 8221 7915 1
t 2093 8222 8221 1
t 2018 7915 8222 1
t 8221 8222 7915 1
t 546 8223 8225 1
t 2094 8224 8223 1
t 2093 8225 8224 1
t 8223 8224 8225 1
t 2018 8222 8219 1
t 2093 8224 8222 1
t 2094 8219 8224 1
t 8222 8224 8219 1
t 144 8226 7927 1
t 2095 8227 8226 1
t 2022 7927 8227 1
t 8226 8227 7927 1
t 545 8228 8230 1
t 2096 8229 8228 1
t 2095 8230 8229 1
t 8228 8229 8230 1
t 528 7932 8232 1
t 2022 8231 7932 1
t 2096 8232 8231 1
t 7932 8231 8232 1
t 2095 8229 8227 1
t 2096 8231 8229 1
t 2022 8227 8231 1
t 8229 8231 8227 1
t 149 8233 8235 1
t 2097 8234 8233 1
t 2099 8235 8234 1
t 8233 8234 8235 1
t 546 8236 8238 1
t 2098 8237 8236 1
t 2097 8238 8237 1
t 8236 8237 8238 1
t 545 8239 8241 1
t 2099 8240 8239 1
t 2098 8241 8240 1
t 8239 8240 8241 1
t 2097 8237 8234 1
t 2098 8240 8237 1
t 2099 8234 8240 1
t 8237 8240 8234 1
t 528 8232 8221 1
t 2096 8242 8232 1
t 2093 8221 8242 1
t 8232 8242 8221 1
t 545 8241 8228 1
t 2098 8243 8241 1
t 2096 8228 8243 1
t 8241 8243 8228 1
t 546 8225 8236 1
t 2093 8244 8225 1
t 2098 8236 8244 1
t 8225 8244 8236 1
t 2096 8243 8242 1
t 2098 8244 8243 1
t 2093 8242 8244 1
t 8243 8244 8242 1
t 148 8209 8170 1
t 2092 8245 8209 1
t 2079 8170 8245 1
t 8209 8245 8170 1
t 543 8246 8213 1
t 2100 8247 8246 1
t 2092 8213 8247 1
t 8246 8247 8213 1
t 541 8175 8249 1
t 2079 8248 8175 1
t 2100 8249 8248 1
t 8175 8248 8249 1
t 2092 8247 8245 1
t 2100 8248 8247 1
t 2079 8245 8248 1
t 8247 8248 8245 1
t 149 8235 8198 1
t 2099 8250 8235 1
t 2087 8198 8250 1
t 8235 8250 8198 1
t 545 8251 8239 1
t 2101 8252 8251 1
t 2099 8239 8252 1
t 8251 8252 8239 1
t 543 8203 8254 1
t 2087 8253 8203 1
t 2101 8254 8253 1
t 8203 8253 8254 1
t 2099 8252 8250 1
t 2101 8253 8252 1
t 2087 8250 8253 1
t 8252 8253 8250 1
t 144 8180 8226 1
t 2083 8255 8180 1
t 2095 8226 8255 1
t 8180 8255 8226 1
t 541 8256 8183 1
t 2102 8257 8256 1
t 2083 8183 8257 1
t 8256 8257 8183 1
t 545 8230 8259 1
t 2095 8258 8230 1
t 2102 8259 8258 1
t 8230 8258 8259 1
t 2083 8257 8255 1
t 2102 8258 8257 1
t 2095 8255 8258 1
t 8257 8258 8255 1
t 543 8254 8246 1
t 2101 8260 8254 1
t 2100 8246 8260 1
t 8254 8260 8246 1
t 545 8259 8251 1
t 2102 8261 8259 1
t 2101 8251 8261 1
t 8259 8261 8251 1
t 541 8249 8256 1
t 2100 8262 8249 1
t 2102 8256 8262 1
t 8249 8262 8256 1
t 2101 8261 8260 1
t 2102 8262 8261 1
t 2100 8260 8262 1
t 8261 8262 8260 1
t 14 6597 8264 4
t 1679 8263 6597 4
t 2104 8264 8263 4
t 6597 8263 8264 4
t 438 8265 6601 4
t 2103 8266 8265 4
t 1679 6601 8266 4
t 8265 8266 6601 4
t 548 8267 8269 4
t 2104 8268 8267 4
t 2103 8269 8268 4
t 8267 8268 8269 4
t 1679 8266 8263 4
t 2103 8268 8266 4
t 2104 8263 8268 4
t 8266 8268 8263 4
t 122 8270 6613 4
t 2105 8271 8270 4
t 1683 6613 8271 4
t 8270 8271 6613 4
t 547 8272 8274 4
t 2106 8273 8272 4
t 2105 8274 8273 4
t 8272 8273 8274 4
t 438 6618 8276 4
t 1683 8275 6618 4
t 2106 8276 8275 4
t 6618 8275 8276 4
t 2105 8273 8271 4
t 2106 8275 8273 4
t 1683 8271 8275 4
t 8273 8275 8271 4
t 151 8277 8279 4
t 2107 8278 8277 4
t 2109 8279 8278 4
t 8277 8278 8279 4
t 548 8280 8282 4
t 2108 8281 8280 4
t 2107 8282 8281 4
t 8280 8281 8282 4
t 547 8283 8285 4
t 2109 8284 8283 4
t 2108 8285 8284 4
t 8283 8284 8285 4
t 2107 8281 8278 4
t 2108 8284 8281 4
t 2109 8278 8284 4
t 8281 8284 8278 4
t 438 8276 8265 4
t 2106 8286 8276 4
t 2103 8265 8286 4
t 8276 8286 8265 4
t 547 8285 8272 4
t 2108 8287 8285 4
t 2106 8272 8287 4
t 8285 8287 8272 4
t 548 8269 8280 4
t 2103 8288 8269 4
t 2108 8280 8288 4
t 8269 8288 8280 4
t 2106 8287 8286 4
t 2108 8288 8287 4
t 2103 8286 8288 4
t 8287 8288 8286 4
t 37 8289 6655 3
t 2110 8290 8289 3
t 1695 6655 8290 4
t 8289 8290 6655 3
t 549 8291 8293 3
t 2111 8292 8291 4
t 2110 8293 8292 3
t 8291 8292 8293 3
t 442 6660 8295 4
t 1695 8294 6660 4
t 2111 8295 8294 4
t 6660 8294 8295 4
t 2110 8292 8290 3
t 2111 8294 8292 4
t 1695 8290 8294 4
t 8292 8294 8290 4
t 150 8296 8298 3
t 2112 8297 8296 3
t 2114 8298 8297 3
t 8296 8297 8298 3
t 550 8299 8301 4
t 2113 8300 8299 4
t 2112 8301 8300 4
t 8299 8300 8301 4
t 549 8302 8304 3
t 2114 8303 8302 3
t 2113 8304 8303 3
t 8302 8303 8304 3
t 2112 8300 8297 3
t 2113 8303 8300 4
t 2114 8297 8303 3
t 8300 8303 8297 3
t 122 6666 8306 4
t 1700 8305 6666 4
t 2116 8306 8305 4
t 6666 8305 8306 4
t 442 8307 6670 4
t 2115 8308 8307 4
t 1700 6670 8308 4
t 8307 8308 6670 4
t 550 8309 8311 4
t 2116 8310 8309 4
t 2115 8311 8310 4
t 8309 8310 8311 4
t 1700 8308 8305 4
t 2115 8310 8308 4
t 2116 8305 8310 4
t 8308 8310 8305 4
t 549 8304 8291 3
t 2113 8312 8304 4
t 2111 8291 8312 4
t 8304 8312 8291 4
t 550 8311 8299 4
t 2115 8313 8311 4
t 2113 8299 8313 4
t 8311 8313 8299 4
t 442 8295 8307 4
t 2111 8314 8295 4
t 2115 8307 8314 4
t 8295 8314 8307 4
t 2113 8313 8312 4
t 2115 8314 8313 4
t 2111 8312 8314 4
t 8313 8314 8312 4
t 46 8315 8317 3
t 2117 8316 8315 3
t 2119 8317 8316 3
t 8315 8316 8317 3
t 551 8318 8320 3
t 2118 8319 8318 3
t 2117 8320 8319 3
t 8318 8319 8320 3
t 553 8321 8323 3
t 2119 8322 8321 3
t 2118 8323 8322 3
t 8321 8322 8323 3
t 2117 8319 8316 3
t 2118 8322 8319 3
t 2119 8316 8322 3
t 8319 8322 8316 3
t 151 8324 8326 4
t 2120 8325 8324 4
t 2122 8326 8325 4
t 8324 8325 8326 4
t 552 8327 8329 4
t 2121 8328 8327 4
t 2120 8329 8328 4
t 8327 8328 8329 4
t 551 8330 8332 4
t 2122 8331 8330 4
t 2121 8332 8331 4
t 8330 8331 8332 4
t 2120 8328 8325 4
t 2121 8331 8328 4
t 2122 8325 8331 4
t 8328 8331 8325 4
t 150 8333 8335 3
t 2123 8334 8333 3
t 2125 8335 8334 3
t 8333 8334 8335 3
t 553 8336 8338 3
t 2124 8337 8336 3
t 2123 8338 8337 3
t 8336 8337 8338 3
t 552 8339 8341 4
t 2125 8340 8339 3
t 2124 8341 8340 3
t 8339 8340 8341 3
t 2123 8337 8334 3
t 2124 8340 8337 3
t 2125 8334 8340 3
t 8337 8340 8334 3
t 551 8332 8318 3
t 2121 8342 8332 4
t 2118 8318 8342 3
t 8332 8342 8318 3
t 552 8341 8327 4
t 2124 8343 8341 3
t 2121 8327 8343 4
t 8341 8343 8327 4
t 553 8323 8336 3
t 2118 8344 8323 3
t 2124 8336 8344 3
t 8323 8344 8336 3
t 2121 8343 8342 3
t 2124 8344 8343 3
t 2118 8342 8344 3
t 8343 8344 8342 3
t 122 8306 8270 4
t 2116 8345 8306 4
t 2105 8270 8345 4
t 8306 8345 8270 4
t 550 8346 8309 4
t 2126 8347 8346 4
t 2116 8309 8347 4
t 8346 8347 8309 4
t 547 8274 8349 4
t 2105 8348 8274 4
t 2126 8349 8348 4
t 8274 8348 8349 4
t 2116 8347 8345 4
t 2126 8348 8347 4
t 2105 8345 8348 4
t 8347 8348 8345 4
t 150 8335 8296 3
t 2125 8350 8335 3
t 2112 8296 8350 3
t 8335 8350 8296 3
t 552 8351 8339 4
t 2127 8352 8351 4
t 2125 8339 8352 3
t 8351 8352 8339 4
t 550 8301 8354 4
t 2112 8353 8301 4
t 2127 8354 8353 4
t 8301 8353 8354 4
t 2125 8352 8350 3
t 2127 8353 8352 4
t 2112 8350 8353 4
t 8352 8353 8350 4
t 151 8279 8324 4
t 2109 8355 8279 4
t 2120 8324 8355 4
t 8279 8355 8324 4
t 547 8356 8283 4
t 2128 8357 8356 4
t 2109 8283 8357 4
t 8356 8357 8283 4
t 552 8329 8359 4
t 2120 8358 8329 4
t 2128 8359 8358 4
t 8329 8358 8359 4
t 2109 8357 8355 4
t 2128 8358 8357 4
t 2120 8355 8358 4
t 8357 8358 8355 4
t 550 8354 8346 4
t 2127 8360 8354 4
t 2126 8346 8360 4
t 8354 8360 8346 4
t 552 8359 8351 4
t 2128 8361 8359 4
t 2127 8351 8361 4
t 8359 8361 8351 4
t 547 8349 8356 4
t 2126 8362 8349 4
t 2128 8356 8362 4
t 8349 8362 8356 4
t 2127 8361 8360 4
t 2128 8362 8361 4
t 2126 8360 8362 4
t 8361 8362 8360 4
t 45 8220 8093 1
t 2094 8363 8220 1
t 2060 8093 8363 3
t 8220 8363 8093 3
t 546 8364 8223 1
t 2129 8365 8364 3
t 2094 8223 8365 1
t 8364 8365 8223 3
t 536 8097 8367 3
t 2060 8366 8097 3
t 2129 8367 8366 3
t 8097 8366 8367 3
t 2094 8365 8363 3
t 2129 8366 8365 3
t 2060 8363 8366 3
t 8365 8366 8363 3
t 149 8368 8233 1
t 2130 8369 8368 3
t 2097 8233 8369 1
t 8368 8369 8233 3
t 554 8370 8372 3
t 2131 8371 8370 3
t 2130 8372 8371 3
t 8370 8371 8372 3
t 546 8238 8374 1
t 2097 8373 8238 1
t 2131 8374 8373 3
t 8238 8373 8374 3
t 2130 8371 8369 3
t 2131 8373 8371 3
t 2097 8369 8373 3
t 8371 8373 8369 3
t 147 8102 8376 3
t 2064 8375 8102 3
t 2133 8376 8375 3
t 8102 8375 8376 3
t 536 8377 8106 3
t 2132 8378 8377 3
t 2064 8106 8378 3
t 8377 8378 8106 3
t 554 8379 8381 3
t 2133 8380 8379 3
t 2132 8381 8380 3
t 8379 8380 8381 3
t 2064 8378 8375 3
t 2132 8380 8378 3
t 2133 8375 8380 3
t 8378 8380 8375 3
t 546 8374 8364 3
t 2131 8382 8374 3
t 2129 8364 8382 3
t 8374 8382 8364 3
t 554 8381 8370 3
t 2132 8383 8381 3
t 2131 8370 8383 3
t 8381 8383 8370 3
t 536 8367 8377 3
t 2129 8384 8367 3
t 2132 8377 8384 3
t 8367 8384 8377 3
t 2131 8383 8382 3
t 2132 8384 8383 3
t 2129 8382 8384 3
t 8383 8384 8382 3
t 46 8317 8189 3
t 2119 8385 8317 3
t 2084 8189 8385 3
t 8317 8385 8189 3
t 553 8386 8321 3
t 2134 8387 8386 3
t 2119 8321 8387 3
t 8386 8387 8321 3
t 542 8194 8389 3
t 2084 8388 8194 3
t 2134 8389 8388 3
t 8194 8388 8389 3
t 2119 8387 8385 3
t 2134 8388 8387 3
t 2084 8385 8388 3
t 8387 8388 8385 3
t 150 8390 8333 3
t 2135 8391 8390 3
t 2123 8333 8391 3
t 8390 8391 8333 3
t 555 8392 8394 3
t 2136 8393 8392 3
t 2135 8394 8393 3
t 8392 8393 8394 3
t 553 8338 8396 3
t 2123 8395 8338 3
t 2136 8396 8395 3
t 8338 8395 8396 3
t 2135 8393 8391 3
t 2136 8395 8393 3
t 2123 8391 8395 3
t 8393 8395 8391 3
t 149 8200 8398 3
t 2089 8397 8200 3
t 2138 8398 8397 3
t 8200 8397 8398 3
t 542 8399 8204 3
t 2137 8400 8399 3
t 2089 8204 8400 3
t 8399 8400 8204 3
t 555 8401 8403 3
t 2138 8402 8401 3
t 2137 8403 8402 3
t 8401 8402 8403 3
t 2089 8400 8397 3
t 2137 8402 8400 3
t 2138 8397 8402 3
t 8400 8402 8397 3
t 553 8396 8386 3
t 2136 8404 8396 3
t 2134 8386 8404 3
t 8396 8404 8386 3
t 555 8403 8392 3
t 2137 8405 8403 3
t 2136 8392 8405 3
t 8403 8405 8392 3
t 542 8389 8399 3
t 2134 8406 8389 3
t 2137 8399 8406 3
t 8389 8406 8399 3
t 2136 8405 8404 3
t 2137 8406 8405 3
t 2134 8404 8406 3
t 8405 8406 8404 3
t 37 8120 8289 3
t 2068 8407 8120 3
t 2110 8289 8407 3
t 8120 8407 8289 3
t 539 8408 8123 3
t 2139 8409 8408 3
t 2068 8123 8409 3
t 8408 8409 8123 3
t 549 8293 8411 3
t 2110 8410 8293 3
t 2139 8411 8410 3
t 8293 8410 8411 3
t 2068 8409 8407 3
t 2139 8410 8409 3
t 2110 8407 8410 3
t 8409 8410 8407 3
t 147 8412 8133 3
t 2140 8413 8412 3
t 2071 8133 8413 3
t 8412 8413 8133 3
t 556 8414 8416 3
t 2141 8415 8414 3
t 2140 8416 8415 3
t 8414 8415 8416 3
t 539 8138 8418 3
t 2071 8417 8138 3
t 2141 8418 8417 3
t 8138 8417 8418 3
t 2140 8415 8413 3
t 2141 8417 8415 3
t 2071 8413 8417 3
t 8415 8417 8413 3
t 150 8298 8420 3
t 2114 8419 8298 3
t 2143 8420 8419 3
t 8298 8419 8420 3
t 549 8421 8302 3
t 2142 8422 8421 3
t 2114 8302 8422 3
t 8421 8422 8302 3
t 556 8423 8425 3
t 2143 8424 8423 3
t 2142 8425 8424 3
t 8423 8424 8425 3
t 2114 8422 8419 3
t 2142 8424 8422 3
t 2143 8419 8424 3
t 8422 8424 8419 3
t 539 8418 8408 3
t 2141 8426 8418 3
t 2139 8408 8426 3
t 8418 8426 8408 3
t 556 8425 8414 3
t 2142 8427 8425 3
t 2141 8414 8427 3
t 8425 8427 8414 3
t 549 8411 8421 3
t 2139 8428 8411 3
t 2142 8421 8428 3
t 8411 8428 8421 3
t 2141 8427 8426 3
t 2142 8428 8427 3
t 2139 8426 8428 3
t 8427 8428 8426 3
t 149 8398 8368 3
t 2138 8429 8398 3
t 2130 8368 8429 3
t 8398 8429 8368 3
t 555 8430 8401 3
t 2144 8431 8430 3
t 2138 8401 8431 3
t 8430 8431 8401 3
t 554 8372 8433 3
t 2130 8432 8372 3
t 2144 8433 8432 3
t 8372 8432 8433 3
t 2138 8431 8429 3
t 2144 8432 8431 3
t 2130 8429 8432 3
t 8431 8432 8429 3
t 150 8420 8390 3
t 2143 8434 8420 3
t 2135 8390 8434 3
t 8420 8434 8390 3
t 556 8435 8423 3
t 2145 8436 8435 3
t 2143 8423 8436 3
t 8435 8436 8423 3
t 555 8394 8438 3
t 2135 8437 8394 3
t 2145 8438 8437 3
t 8394 8437 8438 3
t 2143 8436 8434 3
t 2145 8437 8436 3
t 2135 8434 8437 3
t 8436 8437 8434 3
t 147 8376 8412 3
t 2133 8439 8376 3
t 2140 8412 8439 3
t 8376 8439 8412 3
t 554 8440 8379 3
t 2146 8441 8440 3
t 2133 8379 8441 3
t 8440 8441 8379 3
t 556 8416 8443 3
t 2140 8442 8416 3
t 2146 8443 8442 3
t 8416 8442 8443 3
t 2133 8441 8439 3
t 2146 8442 8441 3
t 2140 8439 8442 3
t 8441 8442 8439 3
t 555 8438 8430 3
t 2145 8444 8438 3
t 2144 8430 8444 3
t 8438 8444 8430 3
t 556 8443 8435 3
t 2146 8445 8443 3
t 2145 8435 8445 3
t 8443 8445 8435 3
t 554 8433 8440 3
t 2144 8446 8433 3
t 2146 8440 8446 3
t 8433 8446 8440 3
t 2145 8445 8444 3
t 2146 8446 8445 3
t 2144 8444 8446 3
t 8445 8446 8444 3
t 9 6705 5119 4
t 1709 8447 6705 4
t 1299 5119 8447 4
t 6705 8447 5119 4
t 447 8448 6709 4
t 2147 8449 8448 4
t 1709 6709 8449 4
t 8448 8449 6709 4
t 337 5124 8451 4
t 1299 8450 5124 4
t 2147 8451 8450 4
t 5124 8450 8451 4
t 1709 8449 8447 4
t 2147 8450 8449 4
t 1299 8447 8450 4
t 8449 8450 8447 4
t 125 8452 6721 4
t 2148 8453 8452 4
t 1713 6721 8453 4
t 8452 8453 6721 4
t 557 8454 8456 4
t 2149 8455 8454 4
t 2148 8456 8455 4
t 8454 8455 8456 4
t 447 6726 8458 4
t 1713 8457 6726 4
t 2149 8458 8457 4
t 6726 8457 8458 4
t 2148 8455 8453 4
t 2149 8457 8455 4
t 1713 8453 8457 4
t 8455 8457 8453 4
t 93 5130 8460 4
t 1304 8459 5130 4
t 2151 8460 8459 4
t 5130 8459 8460 4
t 337 8461 5134 4
t 2150 8462 8461 4
t 1304 5134 8462 4
t 8461 8462 5134 4
t 557 8463 8465 4
t 2151 8464 8463 4
t 2150 8465 8464 4
t 8463 8464 8465 4
t 1304 8462 8459 4
t 2150 8464 8462 4
t 2151 8459 8464 4
t 8462 8464 8459 4
t 447 8458 8448 4
t 2149 8466 8458 4
t 2147 8448 8466 4
t 8458 8466 8448 4
t 557 8465 8454 4
t 2150 8467 8465 4
t 2149 8454 8467 4
t 8465 8467 8454 4
t 337 8451 8461 4
t 2147 8468 8451 4
t 2150 8461 8468 4
t 8451 8468 8461 4
t 2149 8467 8466 4
t 2150 8468 8467 4
t 2147 8466 8468 4
t 8467 8468 8466 4
t 38 8469 6763 4
t 2152 8470 8469 4
t 1725 6763 8470 4
t 8469 8470 6763 4
t 558 8471 8473 4
t 2153 8472 8471 4
t 2152 8473 8472 4
t 8471 8472 8473 4
t 451 6768 8475 4
t 1725 8474 6768 4
t 2153 8475 8474 4
t 6768 8474 8475 4
t 2152 8472 8470 4
t 2153 8474 8472 4
t 1725 8470 8474 4
t 8472 8474 8470 4
t 152 8476 8478 4
t 2154 8477 8476 4
t 2156 8478 8477 4
t 8476 8477 8478 4
t 559 8479 8481 4
t 2155 8480 8479 4
t 2154 8481 8480 4
t 8479 8480 8481 4
t 558 8482 8484 4
t 2156 8483 8482 4
t 2155 8484 8483 4
t 8482 8483 8484 4
t 2154 8480 8477 4
t 2155 8483 8480 4
t 2156 8477 8483 4
t 8480 8483 8477 4
t 125 6774 8486 4
t 1730 8485 6774 4
t 2158 8486 8485 4
t 6774 8485 8486 4
t 451 8487 6778 4
t 2157 8488 8487 4
t 1730 6778 8488 4
t 8487 8488 6778 4
t 559 8489 8491 4
t 2158 8490 8489 4
t 2157 8491 8490 4
t 8489 8490 8491 4
t 1730 8488 8485 4
t 2157 8490 8488 4
t 2158 8485 8490 4
t 8488 8490 8485 4
t 558 8484 8471 4
t 2155 8492 8484 4
t 2153 8471 8492 4
t 8484 8492 8471 4
t 559 8491 8479 4
t 2157 8493 8491 4
t 2155 8479 8493 4
t 8491 8493 8479 4
t 451 8475 8487 4
t 2153 8494 8475 4
t 2157 8487 8494 4
t 8475 8494 8487 4
t 2155 8493 8492 4
t 2157 8494 8493 4
t 2153 8492 8494 4
t 8493 8494 8492 4
t 30 5151 8496 4
t 1310 8495 5151 4
t 2160 8496 8495 4
t 5151 8495 8496 4
t 342 8497 5155 4
t 2159 8498 8497 4
t 1310 5155 8498 4
t 8497 8498 5155 4
t 561 8499 8501 4
t 2160 8500 8499 4
t 2159 8501 8500 4
t 8499 8500 8501 4
t 1310 8498 8495 4
t 2159 8500 8498 4
t 2160 8495 8500 4
t 8498 8500 8495 4
t 93 8502 5167 4
t 2161 8503 8502 4
t 1314 5167 8503 4
t 8502 8503 5167 4
t 560 8504 8506 4
t 2162 8505 8504 4
t 2161 8506 8505 4
t 8504 8505 8506 4
t 342 5172 8508 4
t 1314 8507 5172 4
t 2162 8508 8507 4
t 5172 8507 8508 4
t 2161 8505 8503 4
t 2162 8507 8505 4
t 1314 8503 8507 4
t 8505 8507 8503 4
t 152 8509 8511 4
t 2163 8510 8509 4
t 2165 8511 8510 4
t 8509 8510 8511 4
t 561 8512 8514 4
t 2164 8513 8512 4
t 2163 8514 8513 4
t 8512 8513 8514 4
t 560 8515 8517 4
t 2165 8516 8515 4
t 2164 8517 8516 4
t 8515 8516 8517 4
t 2163 8513 8510 4
t 2164 8516 8513 4
t 2165 8510 8516 4
t 8513 8516 8510 4
t 342 8508 8497 4
t 2162 8518 8508 4
t 2159 8497 8518 4
t 8508 8518 8497 4
t 560 8517 8504 4
t 2164 8519 8517 4
t 2162 8504 8519 4
t 8517 8519 8504 4
t 561 8501 8512 4
t 2159 8520 8501 4
t 2164 8512 8520 4
t 8501 8520 8512 4
t 2162 8519 8518 4
t 2164 8520 8519 4
t 2159 8518 8520 4
t 8519 8520 8518 4
t 125 8486 8452 4
t 2158 8521 8486 4
t 2148 8452 8521 4
t 8486 8521 8452 4
t 559 8522 8489 4
t 2166 8523 8522 4
t 2158 8489 8523 4
t 8522 8523 8489 4
t 557 8456 8525 4
t 2148 8524 8456 4
t 2166 8525 8524 4
t 8456 8524 8525 4
t 2158 8523 8521 4
t 2166 8524 8523 4
t 2148 8521 8524 4
t 8523 8524 8521 4
t 152 8511 8476 4
t 2165 8526 8511 4
t 2154 8476 8526 4
t 8511 8526 8476 4
t 560 8527 8515 4
t 2167 8528 8527 4
t 2165 8515 8528 4
t 8527 8528 8515 4
t 559 8481 8530 4
t 2154 8529 8481 4
t 2167 8530 8529 4
t 8481 8529 8530 4
t 2165 8528 8526 4
t 2167 8529 8528 4
t 2154 8526 8529 4
t 8528 8529 8526 4
t 93 8460 8502 4
t 2151 8531 8460 4
t 2161 8502 8531 4
t 8460 8531 8502 4
t 557 8532 8463 4
t 2168 8533 8532 4
t 2151 8463 8533 4
t 8532 8533 8463 4
t 560 8506 8535 4
t 2161 8534 8506 4
t 2168 8535 8534 4
t 8506 8534 8535 4
t 2151 8533 8531 4
t 2168 8534 8533 4
t 2161 8531 8534 4
t 8533 8534 8531 4
t 559 8530 8522 4
t 2167 8536 8530 4
t 2166 8522 8536 4
t 8530 8536 8522 4
t 560 8535 8527 4
t 2168 8537 8535 4
t 2167 8527 8537 4
t 8535 8537 8527 4
t 557 8525 8532 4
t 2166 8538 8525 4
t 2168 8532 8538 4
t 8525 8538 8532 4
t 2167 8537 8536 4
t 2168 8538 8537 4
t 2166 8536 8538 4
t 8537 8538 8536 4
t 14 4729 6595 4
t 1201 8539 4729 4
t 1677 6595 8539 4
t 4729 8539 6595 4
t 313 8540 4733 4
t 2169 8541 8540 4
t 1201 4733 8541 4
t 8540 8541 4733 4
t 436 6600 8543 4
t 1677 8542 6600 4
t 2169 8543 8542 4
t 6600 8542 8543 4
t 1201 8541 8539 4
t 2169 8542 8541 4
t 1677 8539 8542 4
t 8541 8542 8539 4
t 88 8544 4745 4
t 2170 8545 8544 4
t 1205 4745 8545 4
t 8544 8545 4745 4
t 562 8546 8548 4
t 2171 8547 8546 4
t 2170 8548 8547 4
t 8546 8547 8548 4
t 313 4750 8550 4
t 1205 8549 4750 4
t 2171 8550 8549 4
t 4750 8549 8550 4
t 2170 8547 8545 4
t 2171 8549 8547 4
t 1205 8545 8549 4
t 8547 8549 8545 4
t 120 6606 8552 4
t 1682 8551 6606 4
t 2173 8552 8551 4
t 6606 8551 8552 4
t 436 8553 6610 4
t 2172 8554 8553 4
t 1682 6610 8554 4
t 8553 8554 6610 4
t 562 8555 8557 4
t 2173 8556 8555 4
t 2172 8557 8556 4
t 8555 8556 8557 4
t 1682 8554 8551 4
t 2172 8556 8554 4
t 2173 8551 8556 4
t 8554 8556 8551 4
t 313 8550 8540 4
t 2171 8558 8550 4
t 2169 8540 8558 4
t 8550 8558 8540 4
t 562 8557 8546 4
t 2172 8559 8557 4
t 2171 8546 8559 4
t 8557 8559 8546 4
t 436 8543 8553 4
t 2169 8560 8543 4
t 2172 8553 8560 4
t 8543 8560 8553 4
t 2171 8559 8558 4
t 2172 8560 8559 4
t 2169 8558 8560 4
t 8559 8560 8558 4
t 27 8561 4787 4
t 2174 8562 8561 4
t 1217 4787 8562 4
t 8561 8562 4787 4
t 563 8563 8565 4
t 2175 8564 8563 4
t 2174 8565 8564 4
t 8563 8564 8565 4
t 317 4792 8567 4
t 1217 8566 4792 4
t 2175 8567 8566 4
t 4792 8566 8567 4
t 2174 8564 8562 4
t 2175 8566 8564 4
t 1217 8562 8566 4
t 8564 8566 8562 4
t 153 8568 8570 4
t 2176 8569 8568 4
t 2178 8570 8569 4
t 8568 8569 8570 4
t 564 8571 8573 4
t 2177 8572 8571 4
t 2176 8573 8572 4
t 8571 8572 8573 4
t 563 8574 8576 4
t 2178 8575 8574 4
t 2177 8576 8575 4
t 8574 8575 8576 4
t 2176 8572 8569 4
t 2177 8575 8572 4
t 2178 8569 8575 4
t 8572 8575 8569 4
t 88 4798 8578 4
t 1222 8577 4798 4
t 2180 8578 8577 4
t 4798 8577 8578 4
t 317 8579 4802 4
t 2179 8580 8579 4
t 1222 4802 8580 4
t 8579 8580 4802 4
t 564 8581 8583 4
t 2180 8582 8581 4
t 2179 8583 8582 4
t 8581 8582 8583 4
t 1222 8580 8577 4
t 2179 8582 8580 4
t 2180 8577 8582 4
t 8580 8582 8577 4
t 563 8576 8563 4
t 2177 8584 8576 4
t 2175 8563 8584 4
t 8576 8584 8563 4
t 564 8583 8571 4
t 2179 8585 8583 4
t 2177 8571 8585 4
t 8583 8585 8571 4
t 317 8567 8579 4
t 2175 8586 8567 4
t 2179 8579 8586 4
t 8567 8586 8579 4
t 2177 8585 8584 4
t 2179 8586 8585 4
t 2175 8584 8586 4
t 8585 8586 8584 4
t 38 6627 8588 4
t 1688 8587 6627 4
t 2182 8588 8587 4
t 6627 8587 8588 4
t 441 8589 6631 4
t 2181 8590 8589 4
t 1688 6631 8590 4
t 8589 8590 6631 4
t 566 8591 8593 4
t 2182 8592 8591 4
t 2181 8593 8592 4
t 8591 8592 8593 4
t 1688 8590 8587 4
t 2181 8592 8590 4
t 2182 8587 8592 4
t 8590 8592 8587 4
t 120 8594 6643 4
t 2183 8595 8594 4
t 1692 6643 8595 4
t 8594 8595 6643 4
t 565 8596 8598 4
t 2184 8597 8596 4
t 2183 8598 8597 4
t 8596 8597 8598 4
t 441 6648 8600 4
t 1692 8599 6648 4
t 2184 8600 8599 4
t 6648 8599 8600 4
t 2183 8597 8595 4
t 2184 8599 8597 4
t 1692 8595 8599 4
t 8597 8599 8595 4
t 153 8601 8603 4
t 2185 8602 8601 4
t 2187 8603 8602 4
t 8601 8602 8603 4
t 566 8604 8606 4
t 2186 8605 8604 4
t 2185 8606 8605 4
t 8604 8605 8606 4
t 565 8607 8609 4
t 2187 8608 8607 4
t 2186 8609 8608 4
t 8607 8608 8609 4
t 2185 8605 8602 4
t 2186 8608 8605 4
t 2187 8602 8608 4
t 8605 8608 8602 4
t 441 8600 8589 4
t 2184 8610 8600 4
t 2181 8589 8610 4
t 8600 8610 8589 4
t 565 8609 8596 4
t 2186 8611 8609 4
t 2184 8596 8611 4
t 8609 8611 8596 4
t 566 8593 8604 4
t 2181 8612 8593 4
t 2186 8604 8612 4
t 8593 8612 8604 4
t 2184 8611 8610 4
t 2186 8612 8611 4
t 2181 8610 8612 4
t 8611 8612 8610 4
t 88 8578 8544 4
t 2180 8613 8578 4
t 2170 8544 8613 4
t 8578 8613 8544 4
t 564 8614 8581 4
t 2188 8615 8614 4
t 2180 8581 8615 4
t 8614 8615 8581 4
t 562 8548 8617 4
t 2170 8616 8548 4
t 2188 8617 8616 4
t 8548 8616 8617 4
t 2180 8615 8613 4
t 2188 8616 8615 4
t 2170 8613 8616 4
t 8615 8616 8613 4
t 153 8603 8568 4
t 2187 8618 8603 4
t 2176 8568 8618 4
t 8603 8618 8568 4
t 565 8619 8607 4
t 2189 8620 8619 4
t 2187 8607 8620 4
t 8619 8620 8607 4
t 564 8573 8622 4
t 2176 8621 8573 4
t 2189 8622 8621 4
t 8573 8621 8622 4
t 2187 8620 8618 4
t 2189 8621 8620 4
t 2176 8618 8621 4
t 8620 8621 8618 4
t 120 8552 8594 4
t 2173 8623 8552 4
t 2183 8594 8623 4
t 8552 8623 8594 4
t 562 8624 8555 4
t 2190 8625 8624 4
t 2173 8555 8625 4
t 8624 8625 8555 4
t 565 8598 8627 4
t 2183 8626 8598 4
t 2190 8627 8626 4
t 8598 8626 8627 4
t 2173 8625 8623 4
t 2190 8626 8625 4
t 2183 8623 8626 4
t 8625 8626 8623 4
t 564 8622 8614 4
t 2189 8628 8622 4
t 2188 8614 8628 4
t 8622 8628 8614 4
t 565 8627 8619 4
t 2190 8629 8627 4
t 2189 8619 8629 4
t 8627 8629 8619 4
t 562 8617 8624 4
t 2188 8630 8617 4
t 2190 8624 8630 4
t 8617 8630 8624 4
t 2189 8629 8628 4
t 2190 8630 8629 4
t 2188 8628 8630 4
t 8629 8630 8628 4
t 10 4920 4627 4
t 1248 8631 4920 4
t 1173 4627 8631 4
t 4920 8631 4627 4
t 324 8632 4923 4
t 2191 8633 8632 4
t 1248 4923 8633 4
t 8632 8633 4923 4
t 304 4631 8635 4
t 1173 8634 4631 4
t 2191 8635 8634 4
t 4631 8634 8635 4
t 1248 8633 8631 4
t 2191 8634 8633 4
t 1173 8631 8634 4
t 8633 8634 8631 4
t 90 8636 4933 4
t 2192 8637 8636 4
t 1251 4933 8637 4
t 8636 8637 4933 4
t 567 8638 8640 4
t 2193 8639 8638 4
t 2192 8640 8639 4
t 8638 8639 8640 4
t 324 4938 8642 4
t 1251 8641 4938 4
t 2193 8642 8641 4
t 4938 8641 8642 4
t 2192 8639 8637 4
t 2193 8641 8639 4
t 1251 8637 8641 4
t 8639 8641 8637 4
t 84 4636 8644 4
t 1177 8643 4636 4
t 2195 8644 8643 4
t 4636 8643 8644 4
t 304 8645 4640 4
t 2194 8646 8645 4
t 1177 4640 8646 4
t 8645 8646 4640 4
t 567 8647 8649 4
t 2195 8648 8647 4
t 2194 8649 8648 4
t 8647 8648 8649 4
t 1177 8646 8643 4
t 2194 8648 8646 4
t 2195 8643 8648 4
t 8646 8648 8643 4
t 324 8642 8632 4
t 2193 8650 8642 4
t 2191 8632 8650 4
t 8642 8650 8632 4
t 567 8649 8638 4
t 2194 8651 8649 4
t 2193 8638 8651 4
t 8649 8651 8638 4
t 304 8635 8645 4
t 2191 8652 8635 4
t 2194 8645 8652 4
t 8635 8652 8645 4
t 2193 8651 8650 4
t 2194 8652 8651 4
t 2191 8650 8652 4
t 8651 8652 8650 4
t 30 8653 4971 4
t 2196 8654 8653 4
t 1261 4971 8654 4
t 8653 8654 4971 4
t 568 8655 8657 4
t 2197 8656 8655 4
t 2196 8657 8656 4
t 8655 8656 8657 4
t 327 4976 8659 4
t 1261 8658 4976 4
t 2197 8659 8658 4
t 4976 8658 8659 4
t 2196 8656 8654 4
t 2197 8658 8656 4
t 1261 8654 8658 4
t 8656 8658 8654 4
t 154 8660 8662 4
t 2198 8661 8660 4
t 2200 8662 8661 4
t 8660 8661 8662 4
t 569 8663 8665 4
t 2199 8664 8663 4
t 2198 8665 8664 4
t 8663 8664 8665 4
t 568 8666 8668 4
t 2200 8667 8666 4
t 2199 8668 8667 4
t 8666 8667 8668 4
t 2198 8664 8661 4
t 2199 8667 8664 4
t 2200 8661 8667 4
t 8664 8667 8661 4
t 90 4982 8670 4
t 1266 8669 4982 4
t 2202 8670 8669 4
t 4982 8669 8670 4
t 327 8671 4986 4
t 2201 8672 8671 4
t 1266 4986 8672 4
t 8671 8672 4986 4
t 569 8673 8675 4
t 2202 8674 8673 4
t 2201 8675 8674 4
t 8673 8674 8675 4
t 1266 8672 8669 4
t 2201 8674 8672 4
t 2202 8669 8674 4
t 8672 8674 8669 4
t 568 8668 8655 4
t 2199 8676 8668 4
t 2197 8655 8676 4
t 8668 8676 8655 4
t 569 8675 8663 4
t 2201 8677 8675 4
t 2199 8663 8677 4
t 8675 8677 8663 4
t 327 8659 8671 4
t 2197 8678 8659 4
t 2201 8671 8678 4
t 8659 8678 8671 4
t 2199 8677 8676 4
t 2201 8678 8677 4
t 2197 8676 8678 4
t 8677 8678 8676 4
t 27 4655 8680 4
t 1182 8679 4655 4
t 2204 8680 8679 4
t 4655 8679 8680 4
t 308 8681 4659 4
t 2203 8682 8681 4
t 1182 4659 8682 4
t 8681 8682 4659 4
t 571 8683 8685 4
t 2204 8684 8683 4
t 2203 8685 8684 4
t 8683 8684 8685 4
t 1182 8682 8679 4
t 2203 8684 8682 4
t 2204 8679 8684 4
t 8682 8684 8679 4
t 84 8686 4671 4
t 2205 8687 8686 4
t 1186 4671 8687 4
t 8686 8687 4671 4
t 570 8688 8690 4
t 2206 8689 8688 4
t 2205 8690 8689 4
t 8688 8689 8690 4
t 308 4676 8692 4
t 1186 8691 4676 4
t 2206 8692 8691 4
t 4676 8691 8692 4
t 2205 8689 8687 4
t 2206 8691 8689 4
t 1186 8687 8691 4
t 8689 8691 8687 4
t 154 8693 8695 4
t 2207 8694 8693 4
t 2209 8695 8694 4
t 8693 8694 8695 4
t 571 8696 8698 4
t 2208 8697 8696 4
t 2207 8698 8697 4
t 8696 8697 8698 4
t 570 8699 8701 4
t 2209 8700 8699 4
t 2208 8701 8700 4
t 8699 8700 8701 4
t 2207 8697 8694 4
t 2208 8700 8697 4
t 2209 8694 8700 4
t 8697 8700 8694 4
t 308 8692 8681 4
t 2206 8702 8692 4
t 2203 8681 8702 4
t 8692 8702 8681 4
t 570 8701 8688 4
t 2208 8703 8701 4
t 2206 8688 8703 4
t 8701 8703 8688 4
t 571 8685 8696 4
t 2203 8704 8685 4
t 2208 8696 8704 4
t 8685 8704 8696 4
t 2206 8703 8702 4
t 2208 8704 8703 4
t 2203 8702 8704 4
t 8703 8704 8702 4
t 90 8670 8636 4
t 2202 8705 8670 4
t 2192 8636 8705 4
t 8670 8705 8636 4
t 569 8706 8673 4
t 2210 8707 8706 4
t 2202 8673 8707 4
t 8706 8707 8673 4
t 567 8640 8709 4
t 2192 8708 8640 4
t 2210 8709 8708 4
t 8640 8708 8709 4
t 2202 8707 8705 4
t 2210 8708 8707 4
t 2192 8705 8708 4
t 8707 8708 8705 4
t 154 8695 8660 4
t 2209 8710 8695 4
t 2198 8660 8710 4
t 8695 8710 8660 4
t 570 8711 8699 4
t 2211 8712 8711 4
t 2209 8699 8712 4
t 8711 8712 8699 4
t 569 8665 8714 4
t 2198 8713 8665 4
t 2211 8714 8713 4
t 8665 8713 8714 4
t 2209 8712 8710 4
t 2211 8713 8712 4
t 2198 8710 8713 4
t 8712 8713 8710 4
t 84 8644 8686 4
t 2195 8715 8644 4
t 2205 8686 8715 4
t 8644 8715 8686 4
t 567 8716 8647 4
t 2212 8717 8716 4
t 2195 8647 8717 4
t 8716 8717 8647 4
t 570 8690 8719 4
t 2205 8718 8690 4
t 2212 8719 8718 4
t 8690 8718 8719 4
t 2195 8717 8715 4
t 2212 8718 8717 4
t 2205 8715 8718 4
t 8717 8718 8715 4
t 569 8714 8706 4
t 2211 8720 8714 4
t 2210 8706 8720 4
t 8714 8720 8706 4
t 570 8719 8711 4
t 2212 8721 8719 4
t 2211 8711 8721 4
t 8719 8721 8711 4
t 567 8709 8716 4
t 2210 8722 8709 4
t 2212 8716 8722 4
t 8709 8722 8716 4
t 2211 8721 8720 4
t 2212 8722 8721 4
t 2210 8720 8722 4
t 8721 8722 8720 4
t 38 8588 8469 4
t 2182 8723 8588 4
t 2152 8469 8723 4
t 8588 8723 8469 4
t 566 8724 8591 4
t 2213 8725 8724 4
t 2182 8591 8725 4
t 8724 8725 8591 4
t 558 8473 8727 4
t 2152 8726 8473 4
t 2213 8727 8726 4
t 8473 8726 8727 4
t 2182 8725 8723 4
t 2213 8726 8725 4
t 2152 8723 8726 4
t 8725 8726 8723 4
t 153 8728 8601 4
t 2214 8729 8728 4
t 2185 8601 8729 4
t 8728 8729 8601 4
t 572 8730 8732 4
t 2215 8731 8730 4
t 2214 8732 8731 4
t 8730 8731 8732 4
t 566 8606 8734 4
t 2185 8733 8606 4
t 2215 8734 8733 4
t 8606 8733 8734 4
t 2214 8731 8729 4
t 2215 8733 8731 4
t 2185 8729 8733 4
t 8731 8733 8729 4
t 152 8478 8736 4
t 2156 8735 8478 4
t 2217 8736 8735 4
t 8478 8735 8736 4
t 558 8737 8482 4
t 2216 8738 8737 4
t 2156 8482 8738 4
t 8737 8738 8482 4
t 572 8739 8741 4
t 2217 8740 8739 4
t 2216 8741 8740 4
t 8739 8740 8741 4
t 2156 8738 8735 4
t 2216 8740 8738 4
t 2217 8735 8740 4
t 8738 8740 8735 4
t 566 8734 8724 4
t 2215 8742 8734 4
t 2213 8724 8742 4
t 8734 8742 8724 4
t 572 8741 8730 4
t 2216 8743 8741 4
t 2215 8730 8743 4
t 8741 8743 8730 4
t 558 8727 8737 4
t 2213 8744 8727 4
t 2216 8737 8744 4
t 8727 8744 8737 4
t 2215 8743 8742 4
t 2216 8744 8743 4
t 2213 8742 8744 4
t 8743 8744 8742 4
t 27 8680 8561 4
t 2204 8745 8680 4
t 2174 8561 8745 4
t 8680 8745 8561 4
t 571 8746 8683 4
t 2218 8747 8746 4
t 2204 8683 8747 4
t 8746 8747 8683 4
t 563 8565 8749 4
t 2174 8748 8565 4
t 2218 8749 8748 4
t 8565 8748 8749 4
t 2204 8747 8745 4
t 2218 8748 8747 4
t 2174 8745 8748 4
t 8747 8748 8745 4
t 154 8750 8693 4
t 2219 8751 8750 4
t 2207 8693 8751 4
t 8750 8751 8693 4
t 573 8752 8754 4
t 2220 8753 8752 4
t 2219 8754 8753 4
t 8752 8753 8754 4
t 571 8698 8756 4
t 2207 8755 8698 4
t 2220 8756 8755 4
t 8698 8755 8756 4
t 2219 8753 8751 4
t 2220 8755 8753 4
t 2207 8751 8755 4
t 8753 8755 8751 4
t 153 8570 8758 4
t 2178 8757 8570 4
t 2222 8758 8757 4
t 8570 8757 8758 4
t 563 8759 8574 4
t 2221 8760 8759 4
t 2178 8574 8760 4
t 8759 8760 8574 4
t 573 8761 8763 4
t 2222 8762 8761 4
t 2221 8763 8762 4
t 8761 8762 8763 4
t 2178 8760 8757 4
t 2221 8762 8760 4
t 2222 8757 8762 4
t 8760 8762 8757 4
t 571 8756 8746 4
t 2220 8764 8756 4
t 2218 8746 8764 4
t 8756 8764 8746 4
t 573 8763 8752 4
t 2221 8765 8763 4
t 2220 8752 8765 4
t 8763 8765 8752 4
t 563 8749 8759 4
t 2218 8766 8749 4
t 2221 8759 8766 4
t 8749 8766 8759 4
t 2220 8765 8764 4
t 2221 8766 8765 4
t 2218 8764 8766 4
t 8765 8766 8764 4
t 30 8496 8653 4
t 2160 8767 8496 4
t 2196 8653 8767 4
t 8496 8767 8653 4
t 561 8768 8499 4
t 2223 8769 8768 4
t 2160 8499 8769 4
t 8768 8769 8499 4
t 568 8657 8771 4
t 2196 8770 8657 4
t 2223 8771 8770 4
t 8657 8770 8771 4
t 2160 8769 8767 4
t 2223 8770 8769 4
t 2196 8767 8770 4
t 8769 8770 8767 4
t 152 8772 8509 4
t 2224 8773 8772 4
t 2163 8509 8773 4
t 8772 8773 8509 4
t 574 8774 8776 4
t 2225 8775 8774 4
t 2224 8776 8775 4
t 8774 8775 8776 4
t 561 8514 8778 4
t 2163 8777 8514 4
t 2225 8778 8777 4
t 8514 8777 8778 4
t 2224 8775 8773 4
t 2225 8777 8775 4
t 2163 8773 8777 4
t 8775 8777 8773 4
t 154 8662 8780 4
t 2200 8779 8662 4
t 2227 8780 8779 4
t 8662 8779 8780 4
t 568 8781 8666 4
t 2226 8782 8781 4
t 2200 8666 8782 4
t 8781 8782 8666 4
t 574 8783 8785 4
t 2227 8784 8783 4
t 2226 8785 8784 4
t 8783 8784 8785 4
t 2200 8782 8779 4
t 2226 8784 8782 4
t 2227 8779 8784 4
t 8782 8784 8779 4
t 561 8778 8768 4
t 2225 8786 8778 4
t 2223 8768 8786 4
t 8778 8786 8768 4
t 574 8785 8774 4
t 2226 8787 8785 4
t 2225 8774 8787 4
t 8785 8787 8774 4
t 568 8771 8781 4
t 2223 8788 8771 4
t 2226 8781 8788 4
t 8771 8788 8781 4
t 2225 8787 8786 4
t 2226 8788 8787 4
t 2223 8786 8788 4
t 8787 8788 8786 4
t 153 8758 8728 4
t 2222 8789 8758 4
t 2214 8728 8789 4
t 8758 8789 8728 4
t 573 8790 8761 4
t 2228 8791 8790 4
t 2222 8761 8791 4
t 8790 8791 8761 4
t 572 8732 8793 4
t 2214 8792 8732 4
t 2228 8793 8792 4
t 8732 8792 8793 4
t 2222 8791 8789 4
t 2228 8792 8791 4
t 2214 8789 8792 4
t 8791 8792 8789 4
t 154 8780 8750 4
t 2227 8794 8780 4
t 2219 8750 8794 4
t 8780 8794 8750 4
t 574 8795 8783 4
t 2229 8796 8795 4
t 2227 8783 8796 4
t 8795 8796 8783 4
t 573 8754 8798 4
t 2219 8797 8754 4
t 2229 8798 8797 4
t 8754 8797 8798 4
t 2227 8796 8794 4
t 2229 8797 8796 4
t 2219 8794 8797 4
t 8796 8797 8794 4
t 152 8736 8772 4
t 2217 8799 8736 4
t 2224 8772 8799 4
t 8736 8799 8772 4
t 572 8800 8739 4
t 2230 8801 8800 4
t 2217 8739 8801 4
t 8800 8801 8739 4
t 574 8776 8803 4
t 2224 8802 8776 4
t 2230 8803 8802 4
t 8776 8802 8803 4
t 2217 8801 8799 4
t 2230 8802 8801 4
t 2224 8799 8802 4
t 8801 8802 8799 4
t 573 8798 8790 4
t 2229 8804 8798 4
t 2228 8790 8804 4
t 8798 8804 8790 4
t 574 8803 8795 4
t 2230 8805 8803 4
t 2229 8795 8805 4
t 8803 8805 8795 4
t 572 8793 8800 4
t 2228 8806 8793 4
t 2230 8800 8806 4
t 8793 8806 8800 4
t 2229 8805 8804 4
t 2230 8806 8805 4
t 2228 8804 8806 4
t 8805 8806 8804 4
t 7 7097 5511 0
t 1809 8807 7097 0
t 1399 5511 8807 0
t 7097 8807 5511 0
t 473 8808 7101 0
t 2231 8809 8808 0
t 1809 7101 8809 0
t 8808 8809 7101 0
t 363 5516 8811 0
t 1399 8810 5516 0
t 2231 8811 8810 0
t 5516 8810 8811 0
t 1809 8809 8807 0
t 2231 8810 8809 0
t 1399 8807 8810 0
t 8809 8810 8807 0
t 132 8812 7113 0
t 2232 8813 8812 0
t 1813 7113 8813 0
t 8812 8813 7113 0
t 575 8814 8816 0
t 2233 8815 8814 0
t 2232 8816 8815 0
t 8814 8815 8816 0
t 473 7118 8818 0
t 1813 8817 7118 0
t 2233 8818 8817 0
t 7118 8817 8818 0
t 2232 8815 8813 0
t 2233 8817 8815 0
t 1813 8813 8817 0
t 8815 8817 8813 0
t 100 5522 8820 0
t 1404 8819 5522 0
t 2235 8820 8819 0
t 5522 8819 8820 0
t 363 8821 5526 0
t 2234 8822 8821 0
t 1404 5526 8822 0
t 8821 8822 5526 0
t 575 8823 8825 0
t 2235 8824 8823 0
t 2234 8825 8824 0
t 8823 8824 8825 0
t 1404 8822 8819 0
t 2234 8824 8822 0
t 2235 8819 8824 0
t 8822 8824 8819 0
t 473 8818 8808 0
t 2233 8826 8818 0
t 2231 8808 8826 0
t 8818 8826 8808 0
t 575 8825 8814 0
t 2234 8827 8825 0
t 2233 8814 8827 0
t 8825 8827 8814 0
t 363 8811 8821 0
t 2231 8828 8811 0
t 2234 8821 8828 0
t 8811 8828 8821 0
t 2233 8827 8826 0
t 2234 8828 8827 0
t 2231 8826 8828 0
t 8827 8828 8826 0
t 40 8829 7155 0
t 2236 8830 8829 0
t 1825 7155 8830 0
t 8829 8830 7155 0
t 576 8831 8833 0
t 2237 8832 8831 0
t 2236 8833 8832 0
t 8831 8832 8833 0
t 477 7160 8835 0
t 1825 8834 7160 0
t 2237 8835 8834 0
t 7160 8834 8835 0
t 2236 8832 8830 0
t 2237 8834 8832 0
t 1825 8830 8834 0
t 8832 8834 8830 0
t 155 8836 8838 0
t 2238 8837 8836 0
t 2240 8838 8837 0
t 8836 8837 8838 0
t 577 8839 8841 0
t 2239 8840 8839 0
t 2238 8841 8840 0
t 8839 8840 8841 0
t 576 8842 8844 0
t 2240 8843 8842 0
t 2239 8844 8843 0
t 8842 8843 8844 0
t 2238 8840 8837 0
t 2239 8843 8840 0
t 2240 8837 8843 0
t 8840 8843 8837 0
t 132 7166 8846 0
t 1830 8845 7166 0
t 2242 8846 8845 0
t 7166 8845 8846 0
t 477 8847 7170 0
t 2241 8848 8847 0
t 1830 7170 8848 0
t 8847 8848 7170 0
t 577 8849 8851 0
t 2242 8850 8849 0
t 2241 8851 8850 0
t 8849 8850 8851 0
t 1830 8848 8845 0
t 2241 8850 8848 0
t 2242 8845 8850 0
t 8848 8850 8845 0
t 576 8844 8831 0
t 2239 8852 8844 0
t 2237 8831 8852 0
t 8844 8852 8831 0
t 577 8851 8839 0
t 2241 8853 8851 0
t 2239 8839 8853 0
t 8851 8853 8839 0
t 477 8835 8847 0
t 2237 8854 8835 0
t 2241 8847 8854 0
t 8835 8854 8847 0
t 2239 8853 8852 0
t 2241 8854 8853 0
t 2237 8852 8854 0
t 8853 8854 8852 0
t 32 5543 8856 0
t 1410 8855 5543 0
t 2244 8856 8855 0
t 5543 8855 8856 0
t 368 8857 5547 0
t 2243 8858 8857 0
t 1410 5547 8858 0
t 8857 8858 5547 0
t 579 8859 8861 0
t 2244 8860 8859 0
t 2243 8861 8860 0
t 8859 8860 8861 0
t 1410 8858 8855 0
t 2243 8860 8858 0
t 2244 8855 8860 0
t 8858 8860 8855 0
t 100 8862 5559 0
t 2245 8863 8862 0
t 1414 5559 8863 0
t 8862 8863 5559 0
t 578 8864 8866 0
t 2246 8865 8864 0
t 2245 8866 8865 0
t 8864 8865 8866 0
t 368 5564 8868 0
t 1414 8867 5564 0
t 2246 8868 8867 0
t 5564 8867 8868 0
t 2245 8865 8863 0
t 2246 8867 8865 0
t 1414 8863 8867 0
t 8865 8867 8863 0
t 155 8869 8871 0
t 2247 8870 8869 0
t 2249 8871 8870 0
t 8869 8870 8871 0
t 579 8872 8874 0
t 2248 8873 8872 0
t 2247 8874 8873 0
t 8872 8873 8874 0
t 578 8875 8877 0
t 2249 8876 8875 0
t 2248 8877 8876 0
t 8875 8876 8877 0
t 2247 8873 8870 0
t 2248 8876 8873 0
t 2249 8870 8876 0
t 8873 8876 8870 0
t 368 8868 8857 0
t 2246 8878 8868 0
t 2243 8857 8878 0
t 8868 8878 8857 0
t 578 8877 8864 0
t 2248 8879 8877 0
t 2246 8864 8879 0
t 8877 8879 8864 0
t 579 8861 8872 0
t 2243 8880 8861 0
t 2248 8872 8880 0
t 8861 8880 8872 0
t 2246 8879 8878 0
t 2248 8880 8879 0
t 2243 8878 8880 0
t 8879 8880 8878 0
t 132 8846 8812 0
t 2242 8881 8846 0
t 2232 8812 8881 0
t 8846 8881 8812 0
t 577 8882 8849 0
t 2250 8883 8882 0
t 2242 8849 8883 0
t 8882 8883 8849 0
t 575 8816 8885 0
t 2232 8884 8816 0
t 2250 8885 8884 0
t 8816 8884 8885 0
t 2242 8883 8881 0
t 2250 8884 8883 0
t 2232 8881 8884 0
t 8883 8884 8881 0
t 155 8871 8836 0
t 2249 8886 8871 0
t 2238 8836 8886 0
t 8871 8886 8836 0
t 578 8887 8875 0
t 2251 8888 8887 0
t 2249 8875 8888 0
t 8887 8888 8875 0
t 577 8841 8890 0
t 2238 8889 8841 0
t 2251 8890 8889 0
t 8841 8889 8890 0
t 2249 8888 8886 0
t 2251 8889 8888 0
t 2238 8886 8889 0
t 8888 8889 8886 0
t 100 8820 8862 0
t 2235 8891 8820 0
t 2245 8862 8891 0
t 8820 8891 8862 0
t 575 8892 8823 0
t 2252 8893 8892 0
t 2235 8823 8893 0
t 8892 8893 8823 0
t 578 8866 8895 0
t 2245 8894 8866 0
t 2252 8895 8894 0
t 8866 8894 8895 0
t 2235 8893 8891 0
t 2252 8894 8893 0
t 2245 8891 8894 0
t 8893 8894 8891 0
t 577 8890 8882 0
t 2251 8896 8890 0
t 2250 8882 8896 0
t 8890 8896 8882 0
t 578 8895 8887 0
t 2252 8897 8895 0
t 2251 8887 8897 0
t 8895 8897 8887 0
t 575 8885 8892 0
t 2250 8898 8885 0
t 2252 8892 8898 0
t 8885 8898 8892 0
t 2251 8897 8896 0
t 2252 8898 8897 0
t 2250 8896 8898 0
t 8897 8898 8896 0
t 9 5121 6995 4
t 1301 8899 5121 4
t 1781 6995 8899 4
t 5121 8899 6995 4
t 339 8900 5125 4
t 2253 8901 8900 4
t 1301 5125 8901 4
t 8900 8901 5125 4
t 464 6999 8903 4
t 1781 8902 6999 4
t 2253 8903 8902 4
t 6999 8902 8903 4
t 1301 8901 8899 4
t 2253 8902 8901 4
t 1781 8899 8902 4
t 8901 8902 8899 4
t 95 8904 5137 4
t 2254 8905 8904 4
t 1305 5137 8905 4
t 8904 8905 5137 4
t 580 8906 8908 4
t 2255 8907 8906 4
t 2254 8908 8907 4
t 8906 8907 8908 4
t 339 5142 8910 4
t 1305 8909 5142 4
t 2255 8910 8909 4
t 5142 8909 8910 4
t 2254 8907 8905 4
t 2255 8909 8907 4
t 1305 8905 8909 4
t 8907 8909 8905 4
t 128 7004 8912 0
t 1785 8911 7004 0
t 2257 8912 8911 0
t 7004 8911 8912 0
t 464 8913 7008 3
t 2256 8914 8913 4
t 1785 7008 8914 0
t 8913 8914 7008 3
t 580 8915 8917 4
t 2257 8916 8915 0
t 2256 8917 8916 4
t 8915 8916 8917 0
t 1785 8914 8911 0
t 2256 8916 8914 4
t 2257 8911 8916 0
t 8914 8916 8911 0
t 339 8910 8900 4
t 2255 8918 8910 4
t 2253 8900 8918 4
t 8910 8918 8900 4
t 580 8917 8906 4
t 2256 8919 8917 4
t 2255 8906 8919 4
t 8917 8919 8906 4
t 464 8903 8913 4
t 2253 8920 8903 4
t 2256 8913 8920 4
t 8903 8920 8913 4
t 2255 8919 8918 4
t 2256 8920 8919 4
t 2253 8918 8920 4
t 8919 8920 8918 4
t 29 8921 5179 0
t 2258 8922 8921 0
t 1317 5179 8922 0
t 8921 8922 5179 0
t 581 8923 8925 0
t 2259 8924 8923 0
t 2258 8925 8924 0
t 8923 8924 8925 0
t 343 5184 8927 0
t 1317 8926 5184 0
t 2259 8927 8926 0
t 5184 8926 8927 0
t 2258 8924 8922 0
t 2259 8926 8924 0
t 1317 8922 8926 0
t 8924 8926 8922 0
t 156 8928 8930 0
t 2260 8929 8928 0
t 2262 8930 8929 0
t 8928 8929 8930 0
t 582 8931 8933 0
t 2261 8932 8931 0
t 2260 8933 8932 0
t 8931 8932 8933 0
t 581 8934 8936 0
t 2262 8935 8934 0
t 2261 8936 8935 0
t 8934 8935 8936 0
t 2260 8932 8929 0
t 2261 8935 8932 0
t 2262 8929 8935 0
t 8932 8935 8929 0
t 95 5190 8938 4
t 1322 8937 5190 0
t 2264 8938 8937 0
t 5190 8937 8938 4
t 343 8939 5194 0
t 2263 8940 8939 0
t 1322 5194 8940 0
t 8939 8940 5194 0
t 582 8941 8943 0
t 2264 8942 8941 0
t 2263 8943 8942 0
t 8941 8942 8943 0
t 1322 8940 8937 0
t 2263 8942 8940 0
t 2264 8937 8942 0
t 8940 8942 8937 0
t 581 8936 8923 0
t 2261 8944 8936 0
t 2259 8923 8944 0
t 8936 8944 8923 0
t 582 8943 8931 0
t 2263 8945 8943 0
t 2261 8931 8945 0
t 8943 8945 8931 0
t 343 8927 8939 0
t 2259 8946 8927 0
t 2263 8939 8946 0
t 8927 8946 8939 0
t 2261 8945 8944 0
t 2263 8946 8945 0
t 2259 8944 8946 0
t 8945 8946 8944 0
t 40 7023 8948 0
t 1790 8947 7023 0
t 2266 8948 8947 0
t 7023 8947 8948 0
t 468 8949 7027 0
t 2265 8950 8949 0
t 1790 7027 8950 0
t 8949 8950 7027 0
t 584 8951 8953 0
t 2266 8952 8951 0
t 2265 8953 8952 0
t 8951 8952 8953 0
t 1790 8950 8947 0
t 2265 8952 8950 0
t 2266 8947 8952 0
t 8950 8952 8947 0
t 128 8954 7039 0
t 2267 8955 8954 0
t 1794 7039 8955 0
t 8954 8955 7039 0
t 583 8956 8958 0
t 2268 8957 8956 0
t 2267 8958 8957 0
t 8956 8957 8958 0
t 468 7044 8960 0
t 1794 8959 7044 0
t 2268 8960 8959 0
t 7044 8959 8960 0
t 2267 8957 8955 0
t 2268 8959 8957 0
t 1794 8955 8959 0
t 8957 8959 8955 0
t 156 8961 8963 0
t 2269 8962 8961 0
t 2271 8963 8962 0
t 8961 8962 8963 0
t 584 8964 8966 0
t 2270 8965 8964 0
t 2269 8966 8965 0
t 8964 8965 8966 0
t 583 8967 8969 0
t 2271 8968 8967 0
t 2270 8969 8968 0
t 8967 8968 8969 0
t 2269 8965 8962 0
t 2270 8968 8965 0
t 2271 8962 8968 0
t 8965 8968 8962 0
t 468 8960 8949 0
t 2268 8970 8960 0
t 2265 8949 8970 0
t 8960 8970 8949 0
t 583 8969 8956 0
t 2270 8971 8969 0
t 2268 8956 8971 0
t 8969 8971 8956 0
t 584 8953 8964 0
t 2265 8972 8953 0
t 2270 8964 8972 0
t 8953 8972 8964 0
t 2268 8971 8970 0
t 2270 8972 8971 0
t 2265 8970 8972 0
t 8971 8972 8970 0
t 95 8938 8904 4
t 2264 8973 8938 4
t 2254 8904 8973 4
t 8938 8973 8904 4
t 582 8974 8941 0
t 2272 8975 8974 0
t 2264 8941 8975 0
t 8974 8975 8941 0
t 580 8908 8977 4
t 2254 8976 8908 4
t 2272 8977 8976 0
t 8908 8976 8977 4
t 2264 8975 8973 0
t 2272 8976 8975 0
t 2254 8973 8976 4
t 8975 8976 8973 4
t 156 8963 8928 0
t 2271 8978 8963 0
t 2260 8928 8978 0
t 8963 8978 8928 0
t 583 8979 8967 0
t 2273 8980 8979 0
t 2271 8967 8980 0
t 8979 8980 8967 0
t 582 8933 8982 0
t 2260 8981 8933 0
t 2273 8982 8981 0
t 8933 8981 8982 0
t 2271 8980 8978 0
t 2273 8981 8980 0
t 2260 8978 8981 0
t 8980 8981 8978 0
t 128 8912 8954 0
t 2257 8983 8912 0
t 2267 8954 8983 0
t 8912 8983 8954 0
t 580 8984 8915 0
t 2274 8985 8984 0
t 2257 8915 8985 0
t 8984 8985 8915 0
t 583 8958 8987 0
t 2267 8986 8958 0
t 2274 8987 8986 0
t 8958 8986 8987 0
t 2257 8985 8983 0
t 2274 8986 8985 0
t 2267 8983 8986 0
t 8985 8986 8983 0
t 582 8982 8974 0
t 2273 8988 8982 0
t 2272 8974 8988 0
t 8982 8988 8974 0
t 583 8987 8979 0
t 2274 8989 8987 0
t 2273 8979 8989 0
t 8987 8989 8979 0
t 580 8977 8984 4
t 2272 8990 8977 0
t 2274 8984 8990 0
t 8977 8990 8984 0
t 2273 8989 8988 0
t 2274 8990 8989 0
t 2272 8988 8990 0
t 8989 8990 8988 0
t 16 5312 5019 0
t 1348 8991 5312 0
t 1273 5019 8991 0
t 5312 8991 5019 0
t 350 8992 5315 0
t 2275 8993 8992 0
t 1348 5315 8993 0
t 8992 8993 5315 0
t 330 5023 8995 0
t 1273 8994 5023 0
t 2275 8995 8994 0
t 5023 8994 8995 0
t 1348 8993 8991 0
t 2275 8994 8993 0
t 1273 8991 8994 0
t 8993 8994 8991 0
t 97 8996 5325 0
t 2276 8997 8996 0
t 1351 5325 8997 0
t 8996 8997 5325 0
t 585 8998 9000 0
t 2277 8999 8998 0
t 2276 9000 8999 0
t 8998 8999 9000 0
t 350 5330 9002 0
t 1351 9001 5330 0
t 2277 9002 9001 0
t 5330 9001 9002 0
t 2276 8999 8997 0
t 2277 9001 8999 0
t 1351 8997 9001 0
t 8999 9001 8997 0
t 91 5028 9004 0
t 1277 9003 5028 0
t 2279 9004 9003 0
t 5028 9003 9004 0
t 330 9005 5032 0
t 2278 9006 9005 0
t 1277 5032 9006 0
t 9005 9006 5032 0
t 585 9007 9009 0
t 2279 9008 9007 0
t 2278 9009 9008 0
t 9007 9008 9009 0
t 1277 9006 9003 0
t 2278 9008 9006 0
t 2279 9003 9008 0
t 9006 9008 9003 0
t 350 9002 8992 0
t 2277 9010 9002 0
t 2275 8992 9010 0
t 9002 9010 8992 0
t 585 9009 8998 0
t 2278 9011 9009 0
t 2277 8998 9011 0
t 9009 9011 8998 0
t 330 8995 9005 0
t 2275 9012 8995 0
t 2278 9005 9012 0
t 8995 9012 9005 0
t 2277 9011 9010 0
t 2278 9012 9011 0
t 2275 9010 9012 0
t 9011 9012 9010 0
t 32 9013 5363 0
t 2280 9014 9013 0
t 1361 5363 9014 0
t 9013 9014 5363 0
t 586 9015 9017 0
t 2281 9016 9015 0
t 2280 9017 9016 0
t 9015 9016 9017 0
t 353 5368 9019 0
t 1361 9018 5368 0
t 2281 9019 9018 0
t 5368 9018 9019 0
t 2280 9016 9014 0
t 2281 9018 9016 0
t 1361 9014 9018 0
t 9016 9018 9014 0
t 157 9020 9022 0
t 2282 9021 9020 0
t 2284 9022 9021 0
t 9020 9021 9022 0
t 587 9023 9025 0
t 2283 9024 9023 0
t 2282 9025 9024 0
t 9023 9024 9025 0
t 586 9026 9028 0
t 2284 9027 9026 0
t 2283 9028 9027 0
t 9026 9027 9028 0
t 2282 9024 9021 0
t 2283 9027 9024 0
t 2284 9021 9027 0
t 9024 9027 9021 0
t 97 5374 9030 0
t 1366 9029 5374 0
t 2286 9030 9029 0
t 5374 9029 9030 0
t 353 9031 5378 0
t 2285 9032 9031 0
t 1366 5378 9032 0
t 9031 9032 5378 0
t 587 9033 9035 0
t 2286 9034 9033 0
t 2285 9035 9034 0
t 9033 9034 9035 0
t 1366 9032 9029 0
t 2285 9034 9032 0
t 2286 9029 9034 0
t 9032 9034 9029 0
t 586 9028 9015 0
t 2283 9036 9028 0
t 2281 9015 9036 0
t 9028 9036 9015 0
t 587 9035 9023 0
t 2285 9037 9035 0
t 2283 9023 9037 0
t 9035 9037 9023 0
t 353 9019 9031 0
t 2281 9038 9019 0
t 2285 9031 9038 0
t 9019 9038 9031 0
t 2283 9037 9036 0
t 2285 9038 9037 0
t 2281 9036 9038 0
t 9037 9038 9036 0
t 29 5047 9040 0
t 1282 9039 5047 0
t 2288 9040 9039 0
t 5047 9039 9040 0
t 334 9041 5051 0
t 2287 9042 9041 0
t 1282 5051 9042 0
t 9041 9042 5051 0
t 589 9043 9045 0
t 2288 9044 9043 0
t 2287 9045 9044 0
t 9043 9044 9045 0
t 1282 9042 9039 0
t 2287 9044 9042 0
t 2288 9039 9044 0
t 9042 9044 9039 0
t 91 9046 5063 0
t 2289 9047 9046 0
t 1286 5063 9047 0
t 9046 9047 5063 0
t 588 9048 9050 0
t 2290 9049 9048 0
t 2289 9050 9049 0
t 9048 9049 9050 0
t 334 5068 9052 0
t 1286 9051 5068 0
t 2290 9052 9051 0
t 5068 9051 9052 0
t 2289 9049 9047 0
t 2290 9051 9049 0
t 1286 9047 9051 0
t 9049 9051 9047 0
t 157 9053 9055 0
t 2291 9054 9053 0
t 2293 9055 9054 0
t 9053 9054 9055 0
t 589 9056 9058 0
t 2292 9057 9056 0
t 2291 9058 9057 0
t 9056 9057 9058 0
t 588 9059 9061 0
t 2293 9060 9059 0
t 2292 9061 9060 0
t 9059 9060 9061 0
t 2291 9057 9054 0
t 2292 9060 9057 0
t 2293 9054 9060 0
t 9057 9060 9054 0
t 334 9052 9041 0
t 2290 9062 9052 0
t 2287 9041 9062 0
t 9052 9062 9041 0
t 588 9061 9048 0
t 2292 9063 9061 0
t 2290 9048 9063 0
t 9061 9063 9048 0
t 589 9045 9056 0
t 2287 9064 9045 0
t 2292 9056 9064 0
t 9045 9064 9056 0
t 2290 9063 9062 0
t 2292 9064 9063 0
t 2287 9062 9064 0
t 9063 9064 9062 0
t 97 9030 8996 0
t 2286 9065 9030 0
t 2276 8996 9065 0
t 9030 9065 8996 0
t 587 9066 9033 0
t 2294 9067 9066 0
t 2286 9033 9067 0
t 9066 9067 9033 0
t 585 9000 9069 0
t 2276 9068 9000 0
t 2294 9069 9068 0
t 9000 9068 9069 0
t 2286 9067 9065 0
t 2294 9068 9067 0
t 2276 9065 9068 0
t 9067 9068 9065 0
t 157 9055 9020 0
t 2293 9070 9055 0
t 2282 9020 9070 0
t 9055 9070 9020 0
t 588 9071 9059 0
t 2295 9072 9071 0
t 2293 9059 9072 0
t 9071 9072 9059 0
t 587 9025 9074 0
t 2282 9073 9025 0
t 2295 9074 9073 0
t 9025 9073 9074 0
t 2293 9072 9070 0
t 2295 9073 9072 0
t 2282 9070 9073 0
t 9072 9073 9070 0
t 91 9004 9046 0
t 2279 9075 9004 0
t 2289 9046 9075 0
t 9004 9075 9046 0
t 585 9076 9007 0
t 2296 9077 9076 0
t 2279 9007 9077 0
t 9076 9077 9007 0
t 588 9050 9079 0
t 2289 9078 9050 0
t 2296 9079 9078 0
t 9050 9078 9079 0
t 2279 9077 9075 0
t 2296 9078 9077 0
t 2289 9075 9078 0
t 9077 9078 9075 0
t 587 9074 9066 0
t 2295 9080 9074 0
t 2294 9066 9080 0
t 9074 9080 9066 0
t 588 9079 9071 0
t 2296 9081 9079 0
t 2295 9071 9081 0
t 9079 9081 9071 0
t 585 9069 9076 0
t 2294 9082 9069 0
t 2296 9076 9082 0
t 9069 9082 9076 0
t 2295 9081 9080 0
t 2296 9082 9081 0
t 2294 9080 9082 0
t 9081 9082 9080 0
t 40 8948 8829 0
t 2266 9083 8948 0
t 2236 8829 9083 0
t 8948 9083 8829 0
t 584 9084 8951 0
t 2297 9085 9084 0
t 2266 8951 9085 0
t 9084 9085 8951 0
t 576 8833 9087 0
t 2236 9086 8833 0
t 2297 9087 9086 0
t 8833 9086 9087 0
t 2266 9085 9083 0
t 2297 9086 9085 0
t 2236 9083 9086 0
t 9085 9086 9083 0
t 156 9088 8961 0
t 2298 9089 9088 0
t 2269 8961 9089 0
t 9088 9089 8961 0
t 590 9090 9092 0
t 2299 9091 9090 0
t 2298 9092 9091 0
t 9090 9091 9092 0
t 584 8966 9094 0
t 2269 9093 8966 0
t 2299 9094 9093 0
t 8966 9093 9094 0
t 2298 9091 9089 0
t 2299 9093 9091 0
t 2269 9089 9093 0
t 9091 9093 9089 0
t 155 8838 9096 0
t 2240 9095 8838 0
t 2301 9096 9095 0
t 8838 9095 9096 0
t 576 9097 8842 0
t 2300 9098 9097 0
t 2240 8842 9098 0
t 9097 9098 8842 0
t 590 9099 9101 0
t 2301 9100 9099 0
t 2300 9101 9100 0
t 9099 9100 9101 0
t 2240 9098 9095 0
t 2300 9100 9098 0
t 2301 9095 9100 0
t 9098 9100 9095 0
t 584 9094 9084 0
t 2299 9102 9094 0
t 2297 9084 9102 0
t 9094 9102 9084 0
t 590 9101 9090 0
t 2300 9103 9101 0
t 2299 9090 9103 0
t 9101 9103 9090 0
t 576 9087 9097 0
t 2297 9104 9087 0
t 2300 9097 9104 0
t 9087 9104 9097 0
t 2299 9103 9102 0
t 2300 9104 9103 0
t 2297 9102 9104 0
t 9103 9104 9102 0
t 29 9040 8921 0
t 2288 9105 9040 0
t 2258 8921 9105 0
t 9040 9105 8921 0
t 589 9106 9043 0
t 2302 9107 9106 0
t 2288 9043 9107 0
t 9106 9107 9043 0
t 581 8925 9109 0
t 2258 9108 8925 0
t 2302 9109 9108 0
t 8925 9108 9109 0
t 2288 9107 9105 0
t 2302 9108 9107 0
t 2258 9105 9108 0
t 9107 9108 9105 0
t 157 9110 9053 0
t 2303 9111 9110 0
t 2291 9053 9111 0
t 9110 9111 9053 0
t 591 9112 9114 0
t 2304 9113 9112 0
t 2303 9114 9113 0
t 9112 9113 9114 0
t 589 9058 9116 0
t 2291 9115 9058 0
t 2304 9116 9115 0
t 9058 9115 9116 0
t 2303 9113 9111 0
t 2304 9115 9113 0
t 2291 9111 9115 0
t 9113 9115 9111 0
t 156 8930 9118 0
t 2262 9117 8930 0
t 2306 9118 9117 0
t 8930 9117 9118 0
t 581 9119 8934 0
t 2305 9120 9119 0
t 2262 8934 9120 0
t 9119 9120 8934 0
t 591 9121 9123 0
t 2306 9122 9121 0
t 2305 9123 9122 0
t 9121 9122 9123 0
t 2262 9120 9117 0
t 2305 9122 9120 0
t 2306 9117 9122 0
t 9120 9122 9117 0
t 589 9116 9106 0
t 2304 9124 9116 0
t 2302 9106 9124 0
t 9116 9124 9106 0
t 591 9123 9112 0
t 2305 9125 9123 0
t 2304 9112 9125 0
t 9123 9125 9112 0
t 581 9109 9119 0
t 2302 9126 9109 0
t 2305 9119 9126 0
t 9109 9126 9119 0
t 2304 9125 9124 0
t 2305 9126 9125 0
t 2302 9124 9126 0
t 9125 9126 9124 0
t 32 8856 9013 0
t 2244 9127 8856 0
t 2280 9013 9127 0
t 8856 9127 9013 0
t 579 9128 8859 0
t 2307 9129 9128 0
t 2244 8859 9129 0
t 9128 9129 8859 0
t 586 9017 9131 0
t 2280 9130 9017 0
t 2307 9131 9130 0
t 9017 9130 9131 0
t 2244 9129 9127 0
t 2307 9130 9129 0
t 2280 9127 9130 0
t 9129 9130 9127 0
t 155 9132 8869 0
t 2308 9133 9132 0
t 2247 8869 9133 0
t 9132 9133 8869 0
t 592 9134 9136 0
t 2309 9135 9134 0
t 2308 9136 9135 0
t 9134 9135 9136 0
t 579 8874 9138 0
t 2247 9137 8874 0
t 2309 9138 9137 0
t 8874 9137 9138 0
t 2308 9135 9133 0
t 2309 9137 9135 0
t 2247 9133 9137 0
t 9135 9137 9133 0
t 157 9022 9140 0
t 2284 9139 9022 0
t 2311 9140 9139 0
t 9022 9139 9140 0
t 586 9141 9026 0
t 2310 9142 9141 0
t 2284 9026 9142 0
t 9141 9142 9026 0
t 592 9143 9145 0
t 2311 9144 9143 0
t 2310 9145 9144 0
t 9143 9144 9145 0
t 2284 9142 9139 0
t 2310 9144 9142 0
t 2311 9139 9144 0
t 9142 9144 9139 0
t 579 9138 9128 0
t 2309 9146 9138 0
t 2307 9128 9146 0
t 9138 9146 9128 0
t 592 9145 9134 0
t 2310 9147 9145 0
t 2309 9134 9147 0
t 9145 9147 9134 0
t 586 9131 9141 0
t 2307 9148 9131 0
t 2310 9141 9148 0
t 9131 9148 9141 0
t 2309 9147 9146 0
t 2310 9148 9147 0
t 2307 9146 9148 0
t 9147 9148 9146 0
t 156 9118 9088 0
t 2306 9149 9118 0
t 2298 9088 9149 0
t 9118 9149 9088 0
t 591 9150 9121 0
t 2312 9151 9150 0
t 2306 9121 9151 0
t 9150 9151 9121 0
t 590 9092 9153 0
t 2298 9152 9092 0
t 2312 9153 9152 0
t 9092 9152 9153 0
t 2306 9151 9149 0
t 2312 9152 9151 0
t 2298 9149 9152 0
t 9151 9152 9149 0
t 157 9140 9110 0
t 2311 9154 9140 0
t 2303 9110 9154 0
t 9140 9154 9110 0
t 592 9155 9143 0
t 2313 9156 9155 0
t 2311 9143 9156 0
t 9155 9156 9143 0
t 591 9114 9158 0
t 2303 9157 9114 0
t 2313 9158 9157 0
t 9114 9157 9158 0
t 2311 9156 9154 0
t 2313 9157 9156 0
t 2303 9154 9157 0
t 9156 9157 9154 0
t 155 9096 9132 0
t 2301 9159 9096 0
t 2308 9132 9159 0
t 9096 9159 9132 0
t 590 9160 9099 0
t 2314 9161 9160 0
t 2301 9099 9161 0
t 9160 9161 9099 0
t 592 9136 9163 0
t 2308 9162 9136 0
t 2314 9163 9162 0
t 9136 9162 9163 0
t 2301 9161 9159 0
t 2314 9162 9161 0
t 2308 9159 9162 0
t 9161 9162 9159 0
t 591 9158 9150 0
t 2313 9164 9158 0
t 2312 9150 9164 0
t 9158 9164 9150 0
t 592 9163 9155 0
t 2314 9165 9163 0
t 2313 9155 9165 0
t 9163 9165 9155 0
t 590 9153 9160 0
t 2312 9166 9153 0
t 2314 9160 9166 0
t 9153 9166 9160 0
t 2313 9165 9164 0
t 2314 9166 9165 0
t 2312 9164 9166 0
t 9165 9166 9164 0
t 11 7489 5903 2
t 1909 9167 7489 2
t 1499 5903 9167 2
t 7489 9167 5903 2
t 499 9168 7493 2
t 2315 9169 9168 2
t 1909 7493 9169 2
t 9168 9169 7493 2
t 389 5908 9171 2
t 1499 9170 5908 2
t 2315 9171 9170 2
t 5908 9170 9171 2
t 1909 9169 9167 2
t 2315 9170 9169 2
t 1499 9167 9170 2
t 9169 9170 9167 2
t 139 9172 7505 0
t 2316 9173 9172 2
t 1913 7505 9173 2
t 9172 9173 7505 2
t 593 9174 9176 2
t 2317 9175 9174 2
t 2316 9176 9175 2
t 9174 9175 9176 2
t 499 7510 9178 2
t 1913 9177 7510 2
t 2317 9178 9177 2
t 7510 9177 9178 2
t 2316 9175 9173 2
t 2317 9177 9175 2
t 1913 9173 9177 2
t 9175 9177 9173 2
t 107 5914 9180 2
t 1504 9179 5914 2
t 2319 9180 9179 2
t 5914 9179 9180 2
t 389 9181 5918 2
t 2318 9182 9181 2
t 1504 5918 9182 2
t 9181 9182 5918 2
t 593 9183 9185 2
t 2319 9184 9183 2
t 2318 9185 9184 2
t 9183 9184 9185 2
t 1504 9182 9179 2
t 2318 9184 9182 2
t 2319 9179 9184 2
t 9182 9184 9179 2
t 499 9178 9168 2
t 2317 9186 9178 2
t 2315 9168 9186 2
t 9178 9186 9168 2
t 593 9185 9174 2
t 2318 9187 9185 2
t 2317 9174 9187 2
t 9185 9187 9174 2
t 389 9171 9181 2
t 2315 9188 9171 2
t 2318 9181 9188 2
t 9171 9188 9181 2
t 2317 9187 9186 2
t 2318 9188 9187 2
t 2315 9186 9188 2
t 9187 9188 9186 2
t 42 9189 7547 0
t 2320 9190 9189 0
t 1925 7547 9190 0
t 9189 9190 7547 0
t 594 9191 9193 0
t 2321 9192 9191 0
t 2320 9193 9192 0
t 9191 9192 9193 0
t 503 7552 9195 0
t 1925 9194 7552 0
t 2321 9195 9194 0
t 7552 9194 9195 0
t 2320 9192 9190 0
t 2321 9194 9192 0
t 1925 9190 9194 0
t 9192 9194 9190 0
t 158 9196 9198 0
t 2322 9197 9196 0
t 2324 9198 9197 0
t 9196 9197 9198 0
t 595 9199 9201 0
t 2323 9200 9199 0
t 2322 9201 9200 0
t 9199 9200 9201 0
t 594 9202 9204 0
t 2324 9203 9202 0
t 2323 9204 9203 0
t 9202 9203 9204 0
t 2322 9200 9197 0
t 2323 9203 9200 0
t 2324 9197 9203 0
t 9200 9203 9197 0
t 139 7558 9206 0
t 1930 9205 7558 0
t 2326 9206 9205 0
t 7558 9205 9206 0
t 503 9207 7562 0
t 2325 9208 9207 0
t 1930 7562 9208 0
t 9207 9208 7562 0
t 595 9209 9211 0
t 2326 9210 9209 0
t 2325 9211 9210 0
t 9209 9210 9211 0
t 1930 9208 9205 0
t 2325 9210 9208 0
t 2326 9205 9210 0
t 9208 9210 9205 0
t 594 9204 9191 0
t 2323 9212 9204 0
t 2321 9191 9212 0
t 9204 9212 9191 0
t 595 9211 9199 0
t 2325 9213 9211 0
t 2323 9199 9213 0
t 9211 9213 9199 0
t 503 9195 9207 0
t 2321 9214 9195 0
t 2325 9207 9214 0
t 9195 9214 9207 0
t 2323 9213 9212 0
t 2325 9214 9213 0
t 2321 9212 9214 0
t 9213 9214 9212 0
t 34 5935 9216 0
t 1510 9215 5935 0
t 2328 9216 9215 0
t 5935 9215 9216 0
t 394 9217 5939 0
t 2327 9218 9217 0
t 1510 5939 9218 0
t 9217 9218 5939 0
t 597 9219 9221 0
t 2328 9220 9219 0
t 2327 9221 9220 0
t 9219 9220 9221 0
t 1510 9218 9215 0
t 2327 9220 9218 0
t 2328 9215 9220 0
t 9218 9220 9215 0
t 107 9222 5951 2
t 2329 9223 9222 0
t 1514 5951 9223 0
t 9222 9223 5951 0
t 596 9224 9226 0
t 2330 9225 9224 0
t 2329 9226 9225 0
t 9224 9225 9226 0
t 394 5956 9228 0
t 1514 9227 5956 0
t 2330 9228 9227 0
t 5956 9227 9228 0
t 2329 9225 9223 0
t 2330 9227 9225 0
t 1514 9223 9227 0
t 9225 9227 9223 0
t 158 9229 9231 0
t 2331 9230 9229 0
t 2333 9231 9230 0
t 9229 9230 9231 0
t 597 9232 9234 0
t 2332 9233 9232 0
t 2331 9234 9233 0
t 9232 9233 9234 0
t 596 9235 9237 0
t 2333 9236 9235 0
t 2332 9237 9236 0
t 9235 9236 9237 0
t 2331 9233 9230 0
t 2332 9236 9233 0
t 2333 9230 9236 0
t 9233 9236 9230 0
t 394 9228 9217 0
t 2330 9238 9228 0
t 2327 9217 9238 0
t 9228 9238 9217 0
t 596 9237 9224 0
t 2332 9239 9237 0
t 2330 9224 9239 0
t 9237 9239 9224 0
t 597 9221 9232 0
t 2327 9240 9221 0
t 2332 9232 9240 0
t 9221 9240 9232 0
t 2330 9239 9238 0
t 2332 9240 9239 0
t 2327 9238 9240 0
t 9239 9240 9238 0
t 139 9206 9172 0
t 2326 9241 9206 0
t 2316 9172 9241 0
t 9206 9241 9172 0
t 595 9242 9209 0
t 2334 9243 9242 0
t 2326 9209 9243 0
t 9242 9243 9209 0
t 593 9176 9245 2
t 2316 9244 9176 0
t 2334 9245 9244 0
t 9176 9244 9245 0
t 2326 9243 9241 0
t 2334 9244 9243 0
t 2316 9241 9244 0
t 9243 9244 9241 0
t 158 9231 9196 0
t 2333 9246 9231 0
t 2322 9196 9246 0
t 9231 9246 9196 0
t 596 9247 9235 0
t 2335 9248 9247 0
t 2333 9235 9248 0
t 9247 9248 9235 0
t 595 9201 9250 0
t 2322 9249 9201 0
t 2335 9250 9249 0
t 9201 9249 9250 0
t 2333 9248 9246 0
t 2335 9249 9248 0
t 2322 9246 9249 0
t 9248 9249 9246 0
t 107 9180 9222 2
t 2319 9251 9180 2
t 2329 9222 9251 0
t 9180 9251 9222 2
t 593 9252 9183 2
t 2336 9253 9252 0
t 2319 9183 9253 2
t 9252 9253 9183 2
t 596 9226 9255 0
t 2329 9254 9226 0
t 2336 9255 9254 0
t 9226 9254 9255 0
t 2319 9253 9251 2
t 2336 9254 9253 0
t 2329 9251 9254 0
t 9253 9254 9251 0
t 595 9250 9242 0
t 2335 9256 9250 0
t 2334 9242 9256 0
t 9250 9256 9242 0
t 596 9255 9247 0
t 2336 9257 9255 0
t 2335 9247 9257 0
t 9255 9257 9247 0
t 593 9245 9252 2
t 2334 9258 9245 0
t 2336 9252 9258 0
t 9245 9258 9252 0
t 2335 9257 9256 0
t 2336 9258 9257 0
t 2334 9256 9258 0
t 9257 9258 9256 0
t 7 5513 7387 0
t 1401 9259 5513 0
t 1881 7387 9259 0
t 5513 9259 7387 0
t 365 9260 5517 0
t 2337 9261 9260 0
t 1401 5517 9261 0
t 9260 9261 5517 0
t 490 7391 9263 0
t 1881 9262 7391 0
t 2337 9263 9262 0
t 7391 9262 9263 0
t 1401 9261 9259 0
t 2337 9262 9261 0
t 1881 9259 9262 0
t 9261 9262 9259 0
t 102 9264 5529 0
t 2338 9265 9264 0
t 1405 5529 9265 0
t 9264 9265 5529 0
t 598 9266 9268 0
t 2339 9267 9266 0
t 2338 9268 9267 0
t 9266 9267 9268 0
t 365 5534 9270 0
t 1405 9269 5534 0
t 2339 9270 9269 0
t 5534 9269 9270 0
t 2338 9267 9265 0
t 2339 9269 9267 0
t 1405 9265 9269 0
t 9267 9269 9265 0
t 135 7396 9272 0
t 1885 9271 7396 0
t 2341 9272 9271 0
t 7396 9271 9272 0
t 490 9273 7400 0
t 2340 9274 9273 0
t 1885 7400 9274 0
t 9273 9274 7400 0
t 598 9275 9277 0
t 2341 9276 9275 0
t 2340 9277 9276 0
t 9275 9276 9277 0
t 1885 9274 9271 0
t 2340 9276 9274 0
t 2341 9271 9276 0
t 9274 9276 9271 0
t 365 9270 9260 0
t 2339 9278 9270 0
t 2337 9260 9278 0
t 9270 9278 9260 0
t 598 9277 9266 0
t 2340 9279 9277 0
t 2339 9266 9279 0
t 9277 9279 9266 0
t 490 9263 9273 0
t 2337 9280 9263 0
t 2340 9273 9280 0
t 9263 9280 9273 0
t 2339 9279 9278 0
t 2340 9280 9279 0
t 2337 9278 9280 0
t 9279 9280 9278 0
t 31 9281 5571 0
t 2342 9282 9281 0
t 1417 5571 9282 0
t 9281 9282 5571 0
t 599 9283 9285 0
t 2343 9284 9283 0
t 2342 9285 9284 0
t 9283 9284 9285 0
t 369 5576 9287 0
t 1417 9286 5576 0
t 2343 9287 9286 0
t 5576 9286 9287 0
t 2342 9284 9282 0
t 2343 9286 9284 0
t 1417 9282 9286 0
t 9284 9286 9282 0
t 159 9288 9290 0
t 2344 9289 9288 0
t 2346 9290 9289 0
t 9288 9289 9290 0
t 600 9291 9293 0
t 2345 9292 9291 0
t 2344 9293 9292 0
t 9291 9292 9293 0
t 599 9294 9296 0
t 2346 9295 9294 0
t 2345 9296 9295 0
t 9294 9295 9296 0
t 2344 9292 9289 0
t 2345 9295 9292 0
t 2346 9289 9295 0
t 9292 9295 9289 0
t 102 5582 9298 0
t 1422 9297 5582 0
t 2348 9298 9297 0
t 5582 9297 9298 0
t 369 9299 5586 0
t 2347 9300 9299 0
t 1422 5586 9300 0
t 9299 9300 5586 0
t 600 9301 9303 0
t 2348 9302 9301 0
t 2347 9303 9302 0
t 9301 9302 9303 0
t 1422 9300 9297 0
t 2347 9302 9300 0
t 2348 9297 9302 0
t 9300 9302 9297 0
t 599 9296 9283 0
t 2345 9304 9296 0
t 2343 9283 9304 0
t 9296 9304 9283 0
t 600 9303 9291 0
t 2347 9305 9303 0
t 2345 9291 9305 0
t 9303 9305 9291 0
t 369 9287 9299 0
t 2343 9306 9287 0
t 2347 9299 9306 0
t 9287 9306 9299 0
t 2345 9305 9304 0
t 2347 9306 9305 0
t 2343 9304 9306 0
t 9305 9306 9304 0
t 42 7415 9308 0
t 1890 9307 7415 0
t 2350 9308 9307 0
t 7415 9307 9308 0
t 494 9309 7419 0
t 2349 9310 9309 0
t 1890 7419 9310 0
t 9309 9310 7419 0
t 602 9311 9313 0
t 2350 9312 9311 0
t 2349 9313 9312 0
t 9311 9312 9313 0
t 1890 9310 9307 0
t 2349 9312 9310 0
t 2350 9307 9312 0
t 9310 9312 9307 0
t 135 9314 7431 0
t 2351 9315 9314 0
t 1894 7431 9315 0
t 9314 9315 7431 0
t 601 9316 9318 0
t 2352 9317 9316 0
t 2351 9318 9317 0
t 9316 9317 9318 0
t 494 7436 9320 0
t 1894 9319 7436 0
t 2352 9320 9319 0
t 7436 9319 9320 0
t 2351 9317 9315 0
t 2352 9319 9317 0
t 1894 9315 9319 0
t 9317 9319 9315 0
t 159 9321 9323 0
t 2353 9322 9321 0
t 2355 9323 9322 0
t 9321 9322 9323 0
t 602 9324 9326 0
t 2354 9325 9324 0
t 2353 9326 9325 0
t 9324 9325 9326 0
t 601 9327 9329 0
t 2355 9328 9327 0
t 2354 9329 9328 0
t 9327 9328 9329 0
t 2353 9325 9322 0
t 2354 9328 9325 0
t 2355 9322 9328 0
t 9325 9328 9322 0
t 494 9320 9309 0
t 2352 9330 9320 0
t 2349 9309 9330 0
t 9320 9330 9309 0
t 601 9329 9316 0
t 2354 9331 9329 0
t 2352 9316 9331 0
t 9329 9331 9316 0
t 602 9313 9324 0
t 2349 9332 9313 0
t 2354 9324 9332 0
t 9313 9332 9324 0
t 2352 9331 9330 0
t 2354 9332 9331 0
t 2349 9330 9332 0
t 9331 9332 9330 0
t 102 9298 9264 0
t 2348 9333 9298 0
t 2338 9264 9333 0
t 9298 9333 9264 0
t 600 9334 9301 0
t 2356 9335 9334 0
t 2348 9301 9335 0
t 9334 9335 9301 0
t 598 9268 9337 0
t 2338 9336 9268 0
t 2356 9337 9336 0
t 9268 9336 9337 0
t 2348 9335 9333 0
t 2356 9336 9335 0
t 2338 9333 9336 0
t 9335 9336 9333 0
t 159 9323 9288 0
t 2355 9338 9323 0
t 2344 9288 9338 0
t 9323 9338 9288 0
t 601 9339 9327 0
t 2357 9340 9339 0
t 2355 9327 9340 0
t 9339 9340 9327 0
t 600 9293 9342 0
t 2344 9341 9293 0
t 2357 9342 9341 0
t 9293 9341 9342 0
t 2355 9340 9338 0
t 2357 9341 9340 0
t 2344 9338 9341 0
t 9340 9341 9338 0
t 135 9272 9314 0
t 2341 9343 9272 0
t 2351 9314 9343 0
t 9272 9343 9314 0
t 598 9344 9275 0
t 2358 9345 9344 0
t 2341 9275 9345 0
t 9344 9345 9275 0
t 601 9318 9347 0
t 2351 9346 9318 0
t 2358 9347 9346 0
t 9318 9346 9347 0
t 2341 9345 9343 0
t 2358 9346 9345 0
t 2351 9343 9346 0
t 9345 9346 9343 0
t 600 9342 9334 0
t 2357 9348 9342 0
t 2356 9334 9348 0
t 9342 9348 9334 0
t 601 9347 9339 0
t 2358 9349 9347 0
t 2357 9339 9349 0
t 9347 9349 9339 0
t 598 9337 9344 0
t 2356 9350 9337 0
t 2358 9344 9350 0
t 9337 9350 9344 0
t 2357 9349 9348 0
t 2358 9350 9349 0
t 2356 9348 9350 0
t 9349 9350 9348 0
t 15 5704 5411 0
t 1448 9351 5704 0
t 1373 5411 9351 0
t 5704 9351 5411 0
t 376 9352 5707 0
t 2359 9353 9352 0
t 1448 5707 9353 0
t 9352 9353 5707 0
t 356 5415 9355 0
t 1373 9354 5415 0
t 2359 9355 9354 0
t 5415 9354 9355 0
t 1448 9353 9351 0
t 2359 9354 9353 0
t 1373 9351 9354 0
t 9353 9354 9351 0
t 104 9356 5717 0
t 2360 9357 9356 0
t 1451 5717 9357 0
t 9356 9357 5717 0
t 603 9358 9360 0
t 2361 9359 9358 0
t 2360 9360 9359 0
t 9358 9359 9360 0
t 376 5722 9362 0
t 1451 9361 5722 0
t 2361 9362 9361 0
t 5722 9361 9362 0
t 2360 9359 9357 0
t 2361 9361 9359 0
t 1451 9357 9361 0
t 9359 9361 9357 0
t 98 5420 9364 0
t 1377 9363 5420 0
t 2363 9364 9363 0
t 5420 9363 9364 0
t 356 9365 5424 0
t 2362 9366 9365 0
t 1377 5424 9366 0
t 9365 9366 5424 0
t 603 9367 9369 0
t 2363 9368 9367 0
t 2362 9369 9368 0
t 9367 9368 9369 0
t 1377 9366 9363 0
t 2362 9368 9366 0
t 2363 9363 9368 0
t 9366 9368 9363 0
t 376 9362 9352 0
t 2361 9370 9362 0
t 2359 9352 9370 0
t 9362 9370 9352 0
t 603 9369 9358 0
t 2362 9371 9369 0
t 2361 9358 9371 0
t 9369 9371 9358 0
t 356 9355 9365 0
t 2359 9372 9355 0
t 2362 9365 9372 0
t 9355 9372 9365 0
t 2361 9371 9370 0
t 2362 9372 9371 0
t 2359 9370 9372 0
t 9371 9372 9370 0
t 34 9373 5755 0
t 2364 9374 9373 0
t 1461 5755 9374 0
t 9373 9374 5755 0
t 604 9375 9377 0
t 2365 9376 9375 0
t 2364 9377 9376 0
t 9375 9376 9377 0
t 379 5760 9379 0
t 1461 9378 5760 0
t 2365 9379 9378 0
t 5760 9378 9379 0
t 2364 9376 9374 0
t 2365 9378 9376 0
t 1461 9374 9378 0
t 9376 9378 9374 0
t 160 9380 9382 0
t 2366 9381 9380 0
t 2368 9382 9381 0
t 9380 9381 9382 0
t 605 9383 9385 0
t 2367 9384 9383 0
t 2366 9385 9384 0
t 9383 9384 9385 0
t 604 9386 9388 0
t 2368 9387 9386 0
t 2367 9388 9387 0
t 9386 9387 9388 0
t 2366 9384 9381 0
t 2367 9387 9384 0
t 2368 9381 9387 0
t 9384 9387 9381 0
t 104 5766 9390 0
t 1466 9389 5766 0
t 2370 9390 9389 0
t 5766 9389 9390 0
t 379 9391 5770 0
t 2369 9392 9391 0
t 1466 5770 9392 0
t 9391 9392 5770 0
t 605 9393 9395 0
t 2370 9394 9393 0
t 2369 9395 9394 0
t 9393 9394 9395 0
t 1466 9392 9389 0
t 2369 9394 9392 0
t 2370 9389 9394 0
t 9392 9394 9389 0
t 604 9388 9375 0
t 2367 9396 9388 0
t 2365 9375 9396 0
t 9388 9396 9375 0
t 605 9395 9383 0
t 2369 9397 9395 0
t 2367 9383 9397 0
t 9395 9397 9383 0
t 379 9379 9391 0
t 2365 9398 9379 0
t 2369 9391 9398 0
t 9379 9398 9391 0
t 2367 9397 9396 0
t 2369 9398 9397 0
t 2365 9396 9398 0
t 9397 9398 9396 0
t 31 5439 9400 0
t 1382 9399 5439 0
t 2372 9400 9399 0
t 5439 9399 9400 0
t 360 9401 5443 0
t 2371 9402 9401 0
t 1382 5443 9402 0
t 9401 9402 5443 0
t 607 9403 9405 0
t 2372 9404 9403 0
t 2371 9405 9404 0
t 9403 9404 9405 0
t 1382 9402 9399 0
t 2371 9404 9402 0
t 2372 9399 9404 0
t 9402 9404 9399 0
t 98 9406 5455 0
t 2373 9407 9406 0
t 1386 5455 9407 0
t 9406 9407 5455 0
t 606 9408 9410 0
t 2374 9409 9408 0
t 2373 9410 9409 0
t 9408 9409 9410 0
t 360 5460 9412 0
t 1386 9411 5460 0
t 2374 9412 9411 0
t 5460 9411 9412 0
t 2373 9409 9407 0
t 2374 9411 9409 0
t 1386 9407 9411 0
t 9409 9411 9407 0
t 160 9413 9415 0
t 2375 9414 9413 0
t 2377 9415 9414 0
t 9413 9414 9415 0
t 607 9416 9418 0
t 2376 9417 9416 0
t 2375 9418 9417 0
t 9416 9417 9418 0
t 606 9419 9421 0
t 2377 9420 9419 0
t 2376 9421 9420 0
t 9419 9420 9421 0
t 2375 9417 9414 0
t 2376 9420 9417 0
t 2377 9414 9420 0
t 9417 9420 9414 0
t 360 9412 9401 0
t 2374 9422 9412 0
t 2371 9401 9422 0
t 9412 9422 9401 0
t 606 9421 9408 0
t 2376 9423 9421 0
t 2374 9408 9423 0
t 9421 9423 9408 0
t 607 9405 9416 0
t 2371 9424 9405 0
t 2376 9416 9424 0
t 9405 9424 9416 0
t 2374 9423 9422 0
t 2376 9424 9423 0
t 2371 9422 9424 0
t 9423 9424 9422 0
t 104 9390 9356 0
t 2370 9425 9390 0
t 2360 9356 9425 0
t 9390 9425 9356 0
t 605 9426 9393 0
t 2378 9427 9426 0
t 2370 9393 9427 0
t 9426 9427 9393 0
t 603 9360 9429 0
t 2360 9428 9360 0
t 2378 9429 9428 0
t 9360 9428 9429 0
t 2370 9427 9425 0
t 2378 9428 9427 0
t 2360 9425 9428 0
t 9427 9428 9425 0
t 160 9415 9380 0
t 2377 9430 9415 0
t 2366 9380 9430 0
t 9415 9430 9380 0
t 606 9431 9419 0
t 2379 9432 9431 0
t 2377 9419 9432 0
t 9431 9432 9419 0
t 605 9385 9434 0
t 2366 9433 9385 0
t 2379 9434 9433 0
t 9385 9433 9434 0
t 2377 9432 9430 0
t 2379 9433 9432 0
t 2366 9430 9433 0
t 9432 9433 9430 0
t 98 9364 9406 0
t 2363 9435 9364 0
t 2373 9406 9435 0
t 9364 9435 9406 0
t 603 9436 9367 0
t 2380 9437 9436 0
t 2363 9367 9437 0
t 9436 9437 9367 0
t 606 9410 9439 0
t 2373 9438 9410 0
t 2380 9439 9438 0
t 9410 9438 9439 0
t 2363 9437 9435 0
t 2380 9438 9437 0
t 2373 9435 9438 0
t 9437 9438 9435 0
t 605 9434 9426 0
t 2379 9440 9434 0
t 2378 9426 9440 0
t 9434 9440 9426 0
t 606 9439 9431 0
t 2380 9441 9439 0
t 2379 9431 9441 0
t 9439 9441 9431 0
t 603 9429 9436 0
t 2378 9442 9429 0
t 2380 9436 9442 0
t 9429 9442 9436 0
t 2379 9441 9440 0
t 2380 9442 9441 0
t 2378 9440 9442 0
t 9441 9442 9440 0
t 42 9308 9189 0
t 2350 9443 9308 0
t 2320 9189 9443 0
t 9308 9443 9189 0
t 602 9444 9311 0
t 2381 9445 9444 0
t 2350 9311 9445 0
t 9444 9445 9311 0
t 594 9193 9447 0
t 2320 9446 9193 0
t 2381 9447 9446 0
t 9193 9446 9447 0
t 2350 9445 9443 0
t 2381 9446 9445 0
t 2320 9443 9446 0
t 9445 9446 9443 0
t 159 9448 9321 0
t 2382 9449 9448 0
t 2353 9321 9449 0
t 9448 9449 9321 0
t 608 9450 9452 0
t 2383 9451 9450 0
t 2382 9452 9451 0
t 9450 9451 9452 0
t 602 9326 9454 0
t 2353 9453 9326 0
t 2383 9454 9453 0
t 9326 9453 9454 0
t 2382 9451 9449 0
t 2383 9453 9451 0
t 2353 9449 9453 0
t 9451 9453 9449 0
t 158 9198 9456 0
t 2324 9455 9198 0
t 2385 9456 9455 0
t 9198 9455 9456 0
t 594 9457 9202 0
t 2384 9458 9457 0
t 2324 9202 9458 0
t 9457 9458 9202 0
t 608 9459 9461 0
t 2385 9460 9459 0
t 2384 9461 9460 0
t 9459 9460 9461 0
t 2324 9458 9455 0
t 2384 9460 9458 0
t 2385 9455 9460 0
t 9458 9460 9455 0
t 602 9454 9444 0
t 2383 9462 9454 0
t 2381 9444 9462 0
t 9454 9462 9444 0
t 608 9461 9450 0
t 2384 9463 9461 0
t 2383 9450 9463 0
t 9461 9463 9450 0
t 594 9447 9457 0
t 2381 9464 9447 0
t 2384 9457 9464 0
t 9447 9464 9457 0
t 2383 9463 9462 0
t 2384 9464 9463 0
t 2381 9462 9464 0
t 9463 9464 9462 0
t 31 9400 9281 0
t 2372 9465 9400 0
t 2342 9281 9465 0
t 9400 9465 9281 0
t 607 9466 9403 0
t 2386 9467 9466 0
t 2372 9403 9467 0
t 9466 9467 9403 0
t 599 9285 9469 0
t 2342 9468 9285 0
t 2386 9469 9468 0
t 9285 9468 9469 0
t 2372 9467 9465 0
t 2386 9468 9467 0
t 2342 9465 9468 0
t 9467 9468 9465 0
t 160 9470 9413 0
t 2387 9471 9470 0
t 2375 9413 9471 0
t 9470 9471 9413 0
t 609 9472 9474 0
t 2388 9473 9472 0
t 2387 9474 9473 0
t 9472 9473 9474 0
t 607 9418 9476 0
t 2375 9475 9418 0
t 2388 9476 9475 0
t 9418 9475 9476 0
t 2387 9473 9471 0
t 2388 9475 9473 0
t 2375 9471 9475 0
t 9473 9475 9471 0
t 159 9290 9478 0
t 2346 9477 9290 0
t 2390 9478 9477 0
t 9290 9477 9478 0
t 599 9479 9294 0
t 2389 9480 9479 0
t 2346 9294 9480 0
t 9479 9480 9294 0
t 609 9481 9483 0
t 2390 9482 9481 0
t 2389 9483 9482 0
t 9481 9482 9483 0
t 2346 9480 9477 0
t 2389 9482 9480 0
t 2390 9477 9482 0
t 9480 9482 9477 0
t 607 9476 9466 0
t 2388 9484 9476 0
t 2386 9466 9484 0
t 9476 9484 9466 0
t 609 9483 9472 0
t 2389 9485 9483 0
t 2388 9472 9485 0
t 9483 9485 9472 0
t 599 9469 9479 0
t 2386 9486 9469 0
t 2389 9479 9486 0
t 9469 9486 9479 0
t 2388 9485 9484 0
t 2389 9486 9485 0
t 2386 9484 9486 0
t 9485 9486 9484 0
t 34 9216 9373 0
t 2328 9487 9216 0
t 2364 9373 9487 0
t 9216 9487 9373 0
t 597 9488 9219 0
t 2391 9489 9488 0
t 2328 9219 9489 0
t 9488 9489 9219 0
t 604 9377 9491 0
t 2364 9490 9377 0
t 2391 9491 9490 0
t 9377 9490 9491 0
t 2328 9489 9487 0
t 2391 9490 9489 0
t 2364 9487 9490 0
t 9489 9490 9487 0
t 158 9492 9229 0
t 2392 9493 9492 0
t 2331 9229 9493 0
t 9492 9493 9229 0
t 610 9494 9496 0
t 2393 9495 9494 0
t 2392 9496 9495 0
t 9494 9495 9496 0
t 597 9234 9498 0
t 2331 9497 9234 0
t 2393 9498 9497 0
t 9234 9497 9498 0
t 2392 9495 9493 0
t 2393 9497 9495 0
t 2331 9493 9497 0
t 9495 9497 9493 0
t 160 9382 9500 0
t 2368 9499 9382 0
t 2395 9500 9499 0
t 9382 9499 9500 0
t 604 9501 9386 0
t 2394 9502 9501 0
t 2368 9386 9502 0
t 9501 9502 9386 0
t 610 9503 9505 0
t 2395 9504 9503 0
t 2394 9505 9504 0
t 9503 9504 9505 0
t 2368 9502 9499 0
t 2394 9504 9502 0
t 2395 9499 9504 0
t 9502 9504 9499 0
t 597 9498 9488 0
t 2393 9506 9498 0
t 2391 9488 9506 0
t 9498 9506 9488 0
t 610 9505 9494 0
t 2394 9507 9505 0
t 2393 9494 9507 0
t 9505 9507 9494 0
t 604 9491 9501 0
t 2391 9508 9491 0
t 2394 9501 9508 0
t 9491 9508 9501 0
t 2393 9507 9506 0
t 2394 9508 9507 0
t 2391 9506 9508 0
t 9507 9508 9506 0
t 159 9478 9448 0
t 2390 9509 9478 0
t 2382 9448 9509 0
t 9478 9509 9448 0
t 609 9510 9481 0
t 2396 9511 9510 0
t 2390 9481 9511 0
t 9510 9511 9481 0
t 608 9452 9513 0
t 2382 9512 9452 0
t 2396 9513 9512 0
t 9452 9512 9513 0
t 2390 9511 9509 0
t 2396 9512 9511 0
t 2382 9509 9512 0
t 9511 9512 9509 0
t 160 9500 9470 0
t 2395 9514 9500 0
t 2387 9470 9514 0
t 9500 9514 9470 0
t 610 9515 9503 0
t 2397 9516 9515 0
t 2395 9503 9516 0
t 9515 9516 9503 0
t 609 9474 9518 0
t 2387 9517 9474 0
t 2397 9518 9517 0
t 9474 9517 9518 0
t 2395 9516 9514 0
t 2397 9517 9516 0
t 2387 9514 9517 0
t 9516 9517 9514 0
t 158 9456 9492 0
t 2385 9519 9456 0
t 2392 9492 9519 0
t 9456 9519 9492 0
t 608 9520 9459 0
t 2398 9521 9520 0
t 2385 9459 9521 0
t 9520 9521 9459 0
t 610 9496 9523 0
t 2392 9522 9496 0
t 2398 9523 9522 0
t 9496 9522 9523 0
t 2385 9521 9519 0
t 2398 9522 9521 0
t 2392 9519 9522 0
t 9521 9522 9519 0
t 609 9518 9510 0
t 2397 9524 9518 0
t 2396 9510 9524 0
t 9518 9524 9510 0
t 610 9523 9515 0
t 2398 9525 9523 0
t 2397 9515 9525 0
t 9523 9525 9515 0
t 608 9513 9520 0
t 2396 9526 9513 0
t 2398 9520 9526 0
t 9513 9526 9520 0
t 2397 9525 9524 0
t 2398 9526 9525 0
t 2396 9524 9526 0
t 9525 9526 9524 0
t 13 7881 6295 1
t 2009 9527 7881 1
t 1599 6295 9527 1
t 7881 9527 6295 1
t 525 9528 7885 1
t 2399 9529 9528 1
t 2009 7885 9529 1
t 9528 9529 7885 1
t 415 6300 9531 1
t 1599 9530 6300 1
t 2399 9531 9530 1
t 6300 9530 9531 1
t 2009 9529 9527 1
t 2399 9530 9529 1
t 1599 9527 9530 1
t 9529 9530 9527 1
t 146 9532 7897 1
t 2400 9533 9532 1
t 2013 7897 9533 1
t 9532 9533 7897 1
t 611 9534 9536 1
t 2401 9535 9534 1
t 2400 9536 9535 1
t 9534 9535 9536 1
t 525 7902 9538 1
t 2013 9537 7902 1
t 2401 9538 9537 1
t 7902 9537 9538 1
t 2400 9535 9533 1
t 2401 9537 9535 1
t 2013 9533 9537 1
t 9535 9537 9533 1
t 114 6306 9540 1
t 1604 9539 6306 1
t 2403 9540 9539 1
t 6306 9539 9540 1
t 415 9541 6310 1
t 2402 9542 9541 1
t 1604 6310 9542 1
t 9541 9542 6310 1
t 611 9543 9545 1
t 2403 9544 9543 1
t 2402 9545 9544 1
t 9543 9544 9545 1
t 1604 9542 9539 1
t 2402 9544 9542 1
t 2403 9539 9544 1
t 9542 9544 9539 1
t 525 9538 9528 1
t 2401 9546 9538 1
t 2399 9528 9546 1
t 9538 9546 9528 1
t 611 9545 9534 1
t 2402 9547 9545 1
t 2401 9534 9547 1
t 9545 9547 9534 1
t 415 9531 9541 1
t 2399 9548 9531 1
t 2402 9541 9548 1
t 9531 9548 9541 1
t 2401 9547 9546 1
t 2402 9548 9547 1
t 2399 9546 9548 1
t 9547 9548 9546 1
t 44 9549 7939 1
t 2404 9550 9549 1
t 2025 7939 9550 1
t 9549 9550 7939 1
t 612 9551 9553 1
t 2405 9552 9551 1
t 2404 9553 9552 1
t 9551 9552 9553 1
t 529 7944 9555 1
t 2025 9554 7944 1
t 2405 9555 9554 1
t 7944 9554 9555 1
t 2404 9552 9550 1
t 2405 9554 9552 1
t 2025 9550 9554 1
t 9552 9554 9550 1
t 161 9556 9558 1
t 2406 9557 9556 1
t 2408 9558 9557 1
t 9556 9557 9558 1
t 613 9559 9561 1
t 2407 9560 9559 1
t 2406 9561 9560 1
t 9559 9560 9561 1
t 612 9562 9564 1
t 2408 9563 9562 1
t 2407 9564 9563 1
t 9562 9563 9564 1
t 2406 9560 9557 1
t 2407 9563 9560 1
t 2408 9557 9563 1
t 9560 9563 9557 1
t 146 7950 9566 1
t 2030 9565 7950 1
t 2410 9566 9565 1
t 7950 9565 9566 1
t 529 9567 7954 1
t 2409 9568 9567 1
t 2030 7954 9568 1
t 9567 9568 7954 1
t 613 9569 9571 1
t 2410 9570 9569 1
t 2409 9571 9570 1
t 9569 9570 9571 1
t 2030 9568 9565 1
t 2409 9570 9568 1
t 2410 9565 9570 1
t 9568 9570 9565 1
t 612 9564 9551 1
t 2407 9572 9564 1
t 2405 9551 9572 1
t 9564 9572 9551 1
t 613 9571 9559 1
t 2409 9573 9571 1
t 2407 9559 9573 1
t 9571 9573 9559 1
t 529 9555 9567 1
t 2405 9574 9555 1
t 2409 9567 9574 1
t 9555 9574 9567 1
t 2407 9573 9572 1
t 2409 9574 9573 1
t 2405 9572 9574 1
t 9573 9574 9572 1
t 36 6327 9576 1
t 1610 9575 6327 1
t 2412 9576 9575 1
t 6327 9575 9576 1
t 420 9577 6331 1
t 2411 9578 9577 1
t 1610 6331 9578 1
t 9577 9578 6331 1
t 615 9579 9581 1
t 2412 9580 9579 1
t 2411 9581 9580 1
t 9579 9580 9581 1
t 1610 9578 9575 1
t 2411 9580 9578 1
t 2412 9575 9580 1
t 9578 9580 9575 1
t 114 9582 6343 1
t 2413 9583 9582 1
t 1614 6343 9583 1
t 9582 9583 6343 1
t 614 9584 9586 1
t 2414 9585 9584 1
t 2413 9586 9585 1
t 9584 9585 9586 1
t 420 6348 9588 1
t 1614 9587 6348 1
t 2414 9588 9587 1
t 6348 9587 9588 1
t 2413 9585 9583 1
t 2414 9587 9585 1
t 1614 9583 9587 1
t 9585 9587 9583 1
t 161 9589 9591 1
t 2415 9590 9589 1
t 2417 9591 9590 1
t 9589 9590 9591 1
t 615 9592 9594 1
t 2416 9593 9592 1
t 2415 9594 9593 1
t 9592 9593 9594 1
t 614 9595 9597 1
t 2417 9596 9595 1
t 2416 9597 9596 1
t 9595 9596 9597 1
t 2415 9593 9590 1
t 2416 9596 9593 1
t 2417 9590 9596 1
t 9593 9596 9590 1
t 420 9588 9577 1
t 2414 9598 9588 1
t 2411 9577 9598 1
t 9588 9598 9577 1
t 614 9597 9584 1
t 2416 9599 9597 1
t 2414 9584 9599 1
t 9597 9599 9584 1
t 615 9581 9592 1
t 2411 9600 9581 1
t 2416 9592 9600 1
t 9581 9600 9592 1
t 2414 9599 9598 1
t 2416 9600 9599 1
t 2411 9598 9600 1
t 9599 9600 9598 1
t 146 9566 9532 1
t 2410 9601 9566 1
t 2400 9532 9601 1
t 9566 9601 9532 1
t 613 9602 9569 1
t 2418 9603 9602 1
t 2410 9569 9603 1
t 9602 9603 9569 1
t 611 9536 9605 1
t 2400 9604 9536 1
t 2418 9605 9604 1
t 9536 9604 9605 1
t 2410 9603 9601 1
t 2418 9604 9603 1
t 2400 9601 9604 1
t 9603 9604 9601 1
t 161 9591 9556 1
t 2417 9606 9591 1
t 2406 9556 9606 1
t 9591 9606 9556 1
t 614 9607 9595 1
t 2419 9608 9607 1
t 2417 9595 9608 1
t 9607 9608 9595 1
t 613 9561 9610 1
t 2406 9609 9561 1
t 2419 9610 9609 1
t 9561 9609 9610 1
t 2417 9608 9606 1
t 2419 9609 9608 1
t 2406 9606 9609 1
t 9608 9609 9606 1
t 114 9540 9582 1
t 2403 9611 9540 1
t 2413 9582 9611 1
t 9540 9611 9582 1
t 611 9612 9543 1
t 2420 9613 9612 1
t 2403 9543 9613 1
t 9612 9613 9543 1
t 614 9586 9615 1
t 2413 9614 9586 1
t 2420 9615 9614 1
t 9586 9614 9615 1
t 2403 9613 9611 1
t 2420 9614 9613 1
t 2413 9611 9614 1
t 9613 9614 9611 1
t 613 9610 9602 1
t 2419 9616 9610 1
t 2418 9602 9616 1
t 9610 9616 9602 1
t 614 9615 9607 1
t 2420 9617 9615 1
t 2419 9607 9617 1
t 9615 9617 9607 1
t 611 9605 9612 1
t 2418 9618 9605 1
t 2420 9612 9618 1
t 9605 9618 9612 1
t 2419 9617 9616 1
t 2420 9618 9617 1
t 2418 9616 9618 1
t 9617 9618 9616 1
t 11 5905 7779 2
t 1501 9619 5905 2
t 1981 7779 9619 2
t 5905 9619 7779 2
t 391 9620 5909 2
t 2421 9621 9620 2
t 1501 5909 9621 2
t 9620 9621 5909 2
t 516 7783 9623 2
t 1981 9622 7783 2
t 2421 9623 9622 2
t 7783 9622 9623 2
t 1501 9621 9619 2
t 2421 9622 9621 2
t 1981 9619 9622 2
t 9621 9622 9619 2
t 109 9624 5921 2
t 2422 9625 9624 2
t 1505 5921 9625 2
t 9624 9625 5921 2
t 616 9626 9628 2
t 2423 9627 9626 2
t 2422 9628 9627 2
t 9626 9627 9628 2
t 391 5926 9630 2
t 1505 9629 5926 2
t 2423 9630 9629 2
t 5926 9629 9630 2
t 2422 9627 9625 2
t 2423 9629 9627 2
t 1505 9625 9629 2
t 9627 9629 9625 2
t 142 7788 9632 2
t 1985 9631 7788 2
t 2425 9632 9631 2
t 7788 9631 9632 2
t 516 9633 7792 2
t 2424 9634 9633 2
t 1985 7792 9634 2
t 9633 9634 7792 2
t 616 9635 9637 2
t 2425 9636 9635 2
t 2424 9637 9636 2
t 9635 9636 9637 2
t 1985 9634 9631 2
t 2424 9636 9634 2
t 2425 9631 9636 2
t 9634 9636 9631 2
t 391 9630 9620 2
t 2423 9638 9630 2
t 2421 9620 9638 2
t 9630 9638 9620 2
t 616 9637 9626 2
t 2424 9639 9637 2
t 2423 9626 9639 2
t 9637 9639 9626 2
t 516 9623 9633 2
t 2421 9640 9623 2
t 2424 9633 9640 2
t 9623 9640 9633 2
t 2423 9639 9638 2
t 2424 9640 9639 2
t 2421 9638 9640 2
t 9639 9640 9638 2
t 33 9641 5963 2
t 2426 9642 9641 2
t 1517 5963 9642 2
t 9641 9642 5963 2
t 617 9643 9645 2
t 2427 9644 9643 2
t 2426 9645 9644 2
t 9643 9644 9645 2
t 395 5968 9647 2
t 1517 9646 5968 2
t 2427 9647 9646 2
t 5968 9646 9647 2
t 2426 9644 9642 2
t 2427 9646 9644 2
t 1517 9642 9646 2
t 9644 9646 9642 2
t 162 9648 9650 1
t 2428 9649 9648 2
t 2430 9650 9649 1
t 9648 9649 9650 1
t 618 9651 9653 2
t 2429 9652 9651 2
t 2428 9653 9652 2
t 9651 9652 9653 2
t 617 9654 9656 2
t 2430 9655 9654 2
t 2429 9656 9655 2
t 9654 9655 9656 2
t 2428 9652 9649 2
t 2429 9655 9652 2
t 2430 9649 9655 2
t 9652 9655 9649 2
t 109 5974 9658 2
t 1522 9657 5974 2
t 2432 9658 9657 2
t 5974 9657 9658 2
t 395 9659 5978 2
t 2431 9660 9659 2
t 1522 5978 9660 2
t 9659 9660 5978 2
t 618 9661 9663 2
t 2432 9662 9661 2
t 2431 9663 9662 2
t 9661 9662 9663 2
t 1522 9660 9657 2
t 2431 9662 9660 2
t 2432 9657 9662 2
t 9660 9662 9657 2
t 617 9656 9643 2
t 2429 9664 9656 2
t 2427 9643 9664 2
t 9656 9664 9643 2
t 618 9663 9651 2
t 2431 9665 9663 2
t 2429 9651 9665 2
t 9663 9665 9651 2
t 395 9647 9659 2
t 2427 9666 9647 2
t 2431 9659 9666 2
t 9647 9666 9659 2
t 2429 9665 9664 2
t 2431 9666 9665 2
t 2427 9664 9666 2
t 9665 9666 9664 2
t 44 7807 9668 1
t 1990 9667 7807 1
t 2434 9668 9667 1
t 7807 9667 9668 1
t 520 9669 7811 1
t 2433 9670 9669 1
t 1990 7811 9670 1
t 9669 9670 7811 1
t 620 9671 9673 1
t 2434 9672 9671 1
t 2433 9673 9672 1
t 9671 9672 9673 1
t 1990 9670 9667 1
t 2433 9672 9670 1
t 2434 9667 9672 1
t 9670 9672 9667 1
t 142 9674 7823 2
t 2435 9675 9674 2
t 1994 7823 9675 2
t 9674 9675 7823 2
t 619 9676 9678 2
t 2436 9677 9676 2
t 2435 9678 9677 2
t 9676 9677 9678 2
t 520 7828 9680 2
t 1994 9679 7828 2
t 2436 9680 9679 2
t 7828 9679 9680 2
t 2435 9677 9675 2
t 2436 9679 9677 2
t 1994 9675 9679 2
t 9677 9679 9675 2
t 162 9681 9683 1
t 2437 9682 9681 1
t 2439 9683 9682 1
t 9681 9682 9683 1
t 620 9684 9686 1
t 2438 9685 9684 1
t 2437 9686 9685 1
t 9684 9685 9686 1
t 619 9687 9689 2
t 2439 9688 9687 1
t 2438 9689 9688 1
t 9687 9688 9689 1
t 2437 9685 9682 1
t 2438 9688 9685 1
t 2439 9682 9688 1
t 9685 9688 9682 1
t 520 9680 9669 2
t 2436 9690 9680 2
t 2433 9669 9690 1
t 9680 9690 9669 2
t 619 9689 9676 2
t 2438 9691 9689 1
t 2436 9676 9691 2
t 9689 9691 9676 2
t 620 9673 9684 1
t 2433 9692 9673 1
t 2438 9684 9692 1
t 9673 9692 9684 1
t 2436 9691 9690 2
t 2438 9692 9691 1
t 2433 9690 9692 1
t 9691 9692 9690 2
t 109 9658 9624 2
t 2432 9693 9658 2
t 2422 9624 9693 2
t 9658 9693 9624 2
t 618 9694 9661 2
t 2440 9695 9694 2
t 2432 9661 9695 2
t 9694 9695 9661 2
t 616 9628 9697 2
t 2422 9696 9628 2
t 2440 9697 9696 2
t 9628 9696 9697 2
t 2432 9695 9693 2
t 2440 9696 9695 2
t 2422 9693 9696 2
t 9695 9696 9693 2
t 162 9683 9648 1
t 2439 9698 9683 1
t 2428 9648 9698 1
t 9683 9698 9648 1
t 619 9699 9687 2
t 2441 9700 9699 2
t 2439 9687 9700 2
t 9699 9700 9687 2
t 618 9653 9702 2
t 2428 9701 9653 2
t 2441 9702 9701 2
t 9653 9701 9702 2
t 2439 9700 9698 2
t 2441 9701 9700 2
t 2428 9698 9701 2
t 9700 9701 9698 2
t 142 9632 9674 2
t 2425 9703 9632 2
t 2435 9674 9703 2
t 9632 9703 9674 2
t 616 9704 9635 2
t 2442 9705 9704 2
t 2425 9635 9705 2
t 9704 9705 9635 2
t 619 9678 9707 2
t 2435 9706 9678 2
t 2442 9707 9706 2
t 9678 9706 9707 2
t 2425 9705 9703 2
t 2442 9706 9705 2
t 2435 9703 9706 2
t 9705 9706 9703 2
t 618 9702 9694 2
t 2441 9708 9702 2
t 2440 9694 9708 2
t 9702 9708 9694 2
t 619 9707 9699 2
t 2442 9709 9707 2
t 2441 9699 9709 2
t 9707 9709 9699 2
t 616 9697 9704 2
t 2440 9710 9697 2
t 2442 9704 9710 2
t 9697 9710 9704 2
t 2441 9709 9708 2
t 2442 9710 9709 2
t 2440 9708 9710 2
t 9709 9710 9708 2
t 12 6096 5803 2
t 1548 9711 6096 2
t 1473 5803 9711 2
t 6096 9711 5803 2
t 402 9712 6099 2
t 2443 9713 9712 2
t 1548 6099 9713 2
t 9712 9713 6099 2
t 382 5807 9715 2
t 1473 9714 5807 2
t 2443 9715 9714 2
t 5807 9714 9715 2
t 1548 9713 9711 2
t 2443 9714 9713 2
t 1473 9711 9714 2
t 9713 9714 9711 2
t 111 9716 6109 2
t 2444 9717 9716 2
t 1551 6109 9717 2
t 9716 9717 6109 2
t 621 9718 9720 2
t 2445 9719 9718 2
t 2444 9720 9719 2
t 9718 9719 9720 2
t 402 6114 9722 2
t 1551 9721 6114 2
t 2445 9722 9721 2
t 6114 9721 9722 2
t 2444 9719 9717 2
t 2445 9721 9719 2
t 1551 9717 9721 2
t 9719 9721 9717 2
t 105 5812 9724 2
t 1477 9723 5812 2
t 2447 9724 9723 2
t 5812 9723 9724 2
t 382 9725 5816 2
t 2446 9726 9725 2
t 1477 5816 9726 2
t 9725 9726 5816 2
t 621 9727 9729 2
t 2447 9728 9727 2
t 2446 9729 9728 2
t 9727 9728 9729 2
t 1477 9726 9723 2
t 2446 9728 9726 2
t 2447 9723 9728 2
t 9726 9728 9723 2
t 402 9722 9712 2
t 2445 9730 9722 2
t 2443 9712 9730 2
t 9722 9730 9712 2
t 621 9729 9718 2
t 2446 9731 9729 2
t 2445 9718 9731 2
t 9729 9731 9718 2
t 382 9715 9725 2
t 2443 9732 9715 2
t 2446 9725 9732 2
t 9715 9732 9725 2
t 2445 9731 9730 2
t 2446 9732 9731 2
t 2443 9730 9732 2
t 9731 9732 9730 2
t 36 9733 6147 1
t 2448 9734 9733 1
t 1561 6147 9734 1
t 9733 9734 6147 1
t 622 9735 9737 1
t 2449 9736 9735 1
t 2448 9737 9736 1
t 9735 9736 9737 1
t 405 6152 9739 1
t 1561 9738 6152 1
t 2449 9739 9738 1
t 6152 9738 9739 1
t 2448 9736 9734 1
t 2449 9738 9736 1
t 1561 9734 9738 1
t 9736 9738 9734 1
t 163 9740 9742 1
t 2450 9741 9740 1
t 2452 9742 9741 1
t 9740 9741 9742 1
t 623 9743 9745 1
t 2451 9744 9743 1
t 2450 9745 9744 1
t 9743 9744 9745 1
t 622 9746 9748 1
t 2452 9747 9746 1
t 2451 9748 9747 1
t 9746 9747 9748 1
t 2450 9744 9741 1
t 2451 9747 9744 1
t 2452 9741 9747 1
t 9744 9747 9741 1
t 111 6158 9750 1
t 1566 9749 6158 1
t 2454 9750 9749 1
t 6158 9749 9750 1
t 405 9751 6162 1
t 2453 9752 9751 1
t 1566 6162 9752 1
t 9751 9752 6162 1
t 623 9753 9755 1
t 2454 9754 9753 1
t 2453 9755 9754 1
t 9753 9754 9755 1
t 1566 9752 9749 1
t 2453 9754 9752 1
t 2454 9749 9754 1
t 9752 9754 9749 1
t 622 9748 9735 1
t 2451 9756 9748 1
t 2449 9735 9756 1
t 9748 9756 9735 1
t 623 9755 9743 1
t 2453 9757 9755 1
t 2451 9743 9757 1
t 9755 9757 9743 1
t 405 9739 9751 1
t 2449 9758 9739 1
t 2453 9751 9758 1
t 9739 9758 9751 1
t 2451 9757 9756 1
t 2453 9758 9757 1
t 2449 9756 9758 1
t 9757 9758 9756 1
t 33 5831 9760 2
t 1482 9759 5831 2
t 2456 9760 9759 2
t 5831 9759 9760 2
t 386 9761 5835 2
t 2455 9762 9761 2
t 1482 5835 9762 2
t 9761 9762 5835 2
t 625 9763 9765 2
t 2456 9764 9763 2
t 2455 9765 9764 2
t 9763 9764 9765 2
t 1482 9762 9759 2
t 2455 9764 9762 2
t 2456 9759 9764 2
t 9762 9764 9759 2
t 105 9766 5847 2
t 2457 9767 9766 2
t 1486 5847 9767 2
t 9766 9767 5847 2
t 624 9768 9770 2
t 2458 9769 9768 2
t 2457 9770 9769 2
t 9768 9769 9770 2
t 386 5852 9772 2
t 1486 9771 5852 2
t 2458 9772 9771 2
t 5852 9771 9772 2
t 2457 9769 9767 2
t 2458 9771 9769 2
t 1486 9767 9771 2
t 9769 9771 9767 2
t 163 9773 9775 1
t 2459 9774 9773 1
t 2461 9775 9774 1
t 9773 9774 9775 1
t 625 9776 9778 1
t 2460 9777 9776 1
t 2459 9778 9777 1
t 9776 9777 9778 1
t 624 9779 9781 2
t 2461 9780 9779 1
t 2460 9781 9780 1
t 9779 9780 9781 1
t 2459 9777 9774 1
t 2460 9780 9777 1
t 2461 9774 9780 1
t 9777 9780 9774 1
t 386 9772 9761 2
t 2458 9782 9772 2
t 2455 9761 9782 2
t 9772 9782 9761 2
t 624 9781 9768 2
t 2460 9783 9781 2
t 2458 9768 9783 2
t 9781 9783 9768 2
t 625 9765 9776 2
t 2455 9784 9765 2
t 2460 9776 9784 2
t 9765 9784 9776 2
t 2458 9783 9782 2
t 2460 9784 9783 2
t 2455 9782 9784 2
t 9783 9784 9782 2
t 111 9750 9716 2
t 2454 9785 9750 2
t 2444 9716 9785 2
t 9750 9785 9716 2
t 623 9786 9753 2
t 2462 9787 9786 2
t 2454 9753 9787 2
t 9786 9787 9753 2
t 621 9720 9789 2
t 2444 9788 9720 2
t 2462 9789 9788 2
t 9720 9788 9789 2
t 2454 9787 9785 2
t 2462 9788 9787 2
t 2444 9785 9788 2
t 9787 9788 9785 2
t 163 9775 9740 1
t 2461 9790 9775 1
t 2450 9740 9790 1
t 9775 9790 9740 1
t 624 9791 9779 2
t 2463 9792 9791 2
t 2461 9779 9792 1
t 9791 9792 9779 1
t 623 9745 9794 1
t 2450 9793 9745 1
t 2463 9794 9793 1
t 9745 9793 9794 1
t 2461 9792 9790 1
t 2463 9793 9792 1
t 2450 9790 9793 1
t 9792 9793 9790 1
t 105 9724 9766 2
t 2447 9795 9724 2
t 2457 9766 9795 2
t 9724 9795 9766 2
t 621 9796 9727 2
t 2464 9797 9796 2
t 2447 9727 9797 2
t 9796 9797 9727 2
t 624 9770 9799 2
t 2457 9798 9770 2
t 2464 9799 9798 2
t 9770 9798 9799 2
t 2447 9797 9795 2
t 2464 9798 9797 2
t 2457 9795 9798 2
t 9797 9798 9795 2
t 623 9794 9786 2
t 2463 9800 9794 2
t 2462 9786 9800 2
t 9794 9800 9786 2
t 624 9799 9791 2
t 2464 9801 9799 2
t 2463 9791 9801 2
t 9799 9801 9791 2
t 621 9789 9796 2
t 2462 9802 9789 2
t 2464 9796 9802 2
t 9789 9802 9796 2
t 2463 9801 9800 2
t 2464 9802 9801 2
t 2462 9800 9802 2
t 9801 9802 9800 2
t 44 9668 9549 1
t 2434 9803 9668 1
t 2404 9549 9803 1
t 9668 9803 9549 1
t 620 9804 9671 1
t 2465 9805 9804 1
t 2434 9671 9805 1
t 9804 9805 9671 1
t 612 9553 9807 1
t 2404 9806 9553 1
t 2465 9807 9806 1
t 9553 9806 9807 1
t 2434 9805 9803 1
t 2465 9806 9805 1
t 2404 9803 9806 1
t 9805 9806 9803 1
t 162 9808 9681 1
t 2466 9809 9808 1
t 2437 9681 9809 1
t 9808 9809 9681 1
t 626 9810 9812 1
t 2467 9811 9810 1
t 2466 9812 9811 1
t 9810 9811 9812 1
t 620 9686 9814 1
t 2437 9813 9686 1
t 2467 9814 9813 1
t 9686 9813 9814 1
t 2466 9811 9809 1
t 2467 9813 9811 1
t 2437 9809 9813 1
t 9811 9813 9809 1
t 161 9558 9816 1
t 2408 9815 9558 1
t 2469 9816 9815 1
t 9558 9815 9816 1
t 612 9817 9562 1
t 2468 9818 9817 1
t 2408 9562 9818 1
t 9817 9818 9562 1
t 626 9819 9821 1
t 2469 9820 9819 1
t 2468 9821 9820 1
t 9819 9820 9821 1
t 2408 9818 9815 1
t 2468 9820 9818 1
t 2469 9815 9820 1
t 9818 9820 9815 1
t 620 9814 9804 1
t 2467 9822 9814 1
t 2465 9804 9822 1
t 9814 9822 9804 1
t 626 9821 9810 1
t 2468 9823 9821 1
t 2467 9810 9823 1
t 9821 9823 9810 1
t 612 9807 9817 1
t 2465 9824 9807 1
t 2468 9817 9824 1
t 9807 9824 9817 1
t 2467 9823 9822 1
t 2468 9824 9823 1
t 2465 9822 9824 1
t 9823 9824 9822 1
t 33 9760 9641 2
t 2456 9825 9760 2
t 2426 9641 9825 2
t 9760 9825 9641 2
t 625 9826 9763 2
t 2470 9827 9826 2
t 2456 9763 9827 2
t 9826 9827 9763 2
t 617 9645 9829 2
t 2426 9828 9645 2
t 2470 9829 9828 2
t 9645 9828 9829 2
t 2456 9827 9825 2
t 2470 9828 9827 2
t 2426 9825 9828 2
t 9827 9828 9825 2
t 163 9830 9773 1
t 2471 9831 9830 1
t 2459 9773 9831 1
t 9830 9831 9773 1
t 627 9832 9834 1
t 2472 9833 9832 1
t 2471 9834 9833 1
t 9832 9833 9834 1
t 625 9778 9836 1
t 2459 9835 9778 1
t 2472 9836 9835 1
t 9778 9835 9836 1
t 2471 9833 9831 1
t 2472 9835 9833 1
t 2459 9831 9835 1
t 9833 9835 9831 1
t 162 9650 9838 1
t 2430 9837 9650 1
t 2474 9838 9837 1
t 9650 9837 9838 1
t 617 9839 9654 2
t 2473 9840 9839 1
t 2430 9654 9840 2
t 9839 9840 9654 2
t 627 9841 9843 1
t 2474 9842 9841 1
t 2473 9843 9842 1
t 9841 9842 9843 1
t 2430 9840 9837 1
t 2473 9842 9840 1
t 2474 9837 9842 1
t 9840 9842 9837 1
t 625 9836 9826 1
t 2472 9844 9836 1
t 2470 9826 9844 2
t 9836 9844 9826 1
t 627 9843 9832 1
t 2473 9845 9843 1
t 2472 9832 9845 1
t 9843 9845 9832 1
t 617 9829 9839 2
t 2470 9846 9829 2
t 2473 9839 9846 2
t 9829 9846 9839 2
t 2472 9845 9844 1
t 2473 9846 9845 1
t 2470 9844 9846 2
t 9845 9846 9844 1
t 36 9576 9733 1
t 2412 9847 9576 1
t 2448 9733 9847 1
t 9576 9847 9733 1
t 615 9848 9579 1
t 2475 9849 9848 1
t 2412 9579 9849 1
t 9848 9849 9579 1
t 622 9737 9851 1
t 2448 9850 9737 1
t 2475 9851 9850 1
t 9737 9850 9851 1
t 2412 9849 9847 1
t 2475 9850 9849 1
t 2448 9847 9850 1
t 9849 9850 9847 1
t 161 9852 9589 1
t 2476 9853 9852 1
t 2415 9589 9853 1
t 9852 9853 9589 1
t 628 9854 9856 1
t 2477 9855 9854 1
t 2476 9856 9855 1
t 9854 9855 9856 1
t 615 9594 9858 1
t 2415 9857 9594 1
t 2477 9858 9857 1
t 9594 9857 9858 1
t 2476 9855 9853 1
t 2477 9857 9855 1
t 2415 9853 9857 1
t 9855 9857 9853 1
t 163 9742 9860 1
t 2452 9859 9742 1
t 2479 9860 9859 1
t 9742 9859 9860 1
t 622 9861 9746 1
t 2478 9862 9861 1
t 2452 9746 9862 1
t 9861 9862 9746 1
t 628 9863 9865 1
t 2479 9864 9863 1
t 2478 9865 9864 1
t 9863 9864 9865 1
t 2452 9862 9859 1
t 2478 9864 9862 1
t 2479 9859 9864 1
t 9862 9864 9859 1
t 615 9858 9848 1
t 2477 9866 9858 1
t 2475 9848 9866 1
t 9858 9866 9848 1
t 628 9865 9854 1
t 2478 9867 9865 1
t 2477 9854 9867 1
t 9865 9867 9854 1
t 622 9851 9861 1
t 2475 9868 9851 1
t 2478 9861 9868 1
t 9851 9868 9861 1
t 2477 9867 9866 1
t 2478 9868 9867 1
t 2475 9866 9868 1
t 9867 9868 9866 1
t 162 9838 9808 1
t 2474 9869 9838 1
t 2466 9808 9869 1
t 9838 9869 9808 1
t 627 9870 9841 1
t 2480 9871 9870 1
t 2474 9841 9871 1
t 9870 9871 9841 1
t 626 9812 9873 1
t 2466 9872 9812 1
t 2480 9873 9872 1
t 9812 9872 9873 1
t 2474 9871 9869 1
t 2480 9872 9871 1
t 2466 9869 9872 1
t 9871 9872 9869 1
t 163 9860 9830 1
t 2479 9874 9860 1
t 2471 9830 9874 1
t 9860 9874 9830 1
t 628 9875 9863 1
t 2481 9876 9875 1
t 2479 9863 9876 1
t 9875 9876 9863 1
t 627 9834 9878 1
t 2471 9877 9834 1
t 2481 9878 9877 1
t 9834 9877 9878 1
t 2479 9876 9874 1
t 2481 9877 9876 1
t 2471 9874 9877 1
t 9876 9877 9874 1
t 161 9816 9852 1
t 2469 9879 9816 1
t 2476 9852 9879 1
t 9816 9879 9852 1
t 626 9880 9819 1
t 2482 9881 9880 1
t 2469 9819 9881 1
t 9880 9881 9819 1
t 628 9856 9883 1
t 2476 9882 9856 1
t 2482 9883 9882 1
t 9856 9882 9883 1
t 2469 9881 9879 1
t 2482 9882 9881 1
t 2476 9879 9882 1
t 9881 9882 9879 1
t 627 9878 9870 1
t 2481 9884 9878 1
t 2480 9870 9884 1
t 9878 9884 9870 1
t 628 9883 9875 1
t 2482 9885 9883 1
t 2481 9875 9885 1
t 9883 9885 9875 1
t 626 9873 9880 1
t 2480 9886 9873 1
t 2482 9880 9886 1
t 9873 9886 9880 1
t 2481 9885 9884 1
t 2482 9886 9885 1
t 2480 9884 9886 1
t 9885 9886 9884 1
t 14 8264 4727 4
t 2104 9887 8264 4
t 1199 4727 9887 4
t 8264 9887 4727 4
t 548 9888 8267 4
t 2483 9889 9888 4
t 2104 8267 9889 4
t 9888 9889 8267 4
t 311 4732 9891 4
t 1199 9890 4732 4
t 2483 9891 9890 4
t 4732 9890 9891 4
t 2104 9889 9887 4
t 2483 9890 9889 4
t 1199 9887 9890 4
t 9889 9890 9887 4
t 151 9892 8277 4
t 2484 9893 9892 4
t 2107 8277 9893 4
t 9892 9893 8277 4
t 629 9894 9896 4
t 2485 9895 9894 4
t 2484 9896 9895 4
t 9894 9895 9896 4
t 548 8282 9898 4
t 2107 9897 8282 4
t 2485 9898 9897 4
t 8282 9897 9898 4
t 2484 9895 9893 4
t 2485 9897 9895 4
t 2107 9893 9897 4
t 9895 9897 9893 4
t 86 4738 9900 4
t 1204 9899 4738 4
t 2487 9900 9899 4
t 4738 9899 9900 4
t 311 9901 4742 4
t 2486 9902 9901 4
t 1204 4742 9902 4
t 9901 9902 4742 4
t 629 9903 9905 4
t 2487 9904 9903 4
t 2486 9905 9904 4
t 9903 9904 9905 4
t 1204 9902 9899 4
t 2486 9904 9902 4
t 2487 9899 9904 4
t 9902 9904 9899 4
t 548 9898 9888 4
t 2485 9906 9898 4
t 2483 9888 9906 4
t 9898 9906 9888 4
t 629 9905 9894 4
t 2486 9907 9905 4
t 2485 9894 9907 4
t 9905 9907 9894 4
t 311 9891 9901 4
t 2483 9908 9891 4
t 2486 9901 9908 4
t 9891 9908 9901 4
t 2485 9907 9906 4
t 2486 9908 9907 4
t 2483 9906 9908 4
t 9907 9908 9906 4
t 46 9909 8315 3
t 2488 9910 9909 3
t 2117 8315 9910 3
t 9909 9910 8315 3
t 630 9911 9913 3
t 2489 9912 9911 3
t 2488 9913 9912 3
t 9911 9912 9913 3
t 551 8320 9915 3
t 2117 9914 8320 3
t 2489 9915 9914 3
t 8320 9914 9915 3
t 2488 9912 9910 3
t 2489 9914 9912 3
t 2117 9910 9914 3
t 9912 9914 9910 3
t 164 9916 9918 4
t 2490 9917 9916 4
t 2492 9918 9917 4
t 9916 9917 9918 4
t 631 9919 9921 4
t 2491 9920 9919 4
t 2490 9921 9920 4
t 9919 9920 9921 4
t 630 9922 9924 3
t 2492 9923 9922 4
t 2491 9924 9923 4
t 9922 9923 9924 4
t 2490 9920 9917 4
t 2491 9923 9920 4
t 2492 9917 9923 4
t 9920 9923 9917 4
t 151 8326 9926 4
t 2122 9925 8326 4
t 2494 9926 9925 4
t 8326 9925 9926 4
t 551 9927 8330 4
t 2493 9928 9927 4
t 2122 8330 9928 4
t 9927 9928 8330 4
t 631 9929 9931 4
t 2494 9930 9929 4
t 2493 9931 9930 4
t 9929 9930 9931 4
t 2122 9928 9925 4
t 2493 9930 9928 4
t 2494 9925 9930 4
t 9928 9930 9925 4
t 630 9924 9911 3
t 2491 9932 9924 4
t 2489 9911 9932 3
t 9924 9932 9911 3
t 631 9931 9919 4
t 2493 9933 9931 4
t 2491 9919 9933 4
t 9931 9933 9919 4
t 551 9915 9927 4
t 2489 9934 9915 3
t 2493 9927 9934 4
t 9915 9934 9927 4
t 2491 9933 9932 4
t 2493 9934 9933 4
t 2489 9932 9934 3
t 9933 9934 9932 4
t 28 4759 9936 4
t 1210 9935 4759 4
t 2496 9936 9935 4
t 4759 9935 9936 4
t 316 9937 4763 4
t 2495 9938 9937 4
t 1210 4763 9938 4
t 9937 9938 4763 4
t 633 9939 9941 4
t 2496 9940 9939 4
t 2495 9941 9940 4
t 9939 9940 9941 4
t 1210 9938 9935 4
t 2495 9940 9938 4
t 2496 9935 9940 4
t 9938 9940 9935 4
t 86 9942 4775 4
t 2497 9943 9942 4
t 1214 4775 9943 4
t 9942 9943 4775 4
t 632 9944 9946 4
t 2498 9945 9944 4
t 2497 9946 9945 4
t 9944 9945 9946 4
t 316 4780 9948 4
t 1214 9947 4780 4
t 2498 9948 9947 4
t 4780 9947 9948 4
t 2497 9945 9943 4
t 2498 9947 9945 4
t 1214 9943 9947 4
t 9945 9947 9943 4
t 164 9949 9951 4
t 2499 9950 9949 4
t 2501 9951 9950 4
t 9949 9950 9951 4
t 633 9952 9954 4
t 2500 9953 9952 4
t 2499 9954 9953 4
t 9952 9953 9954 4
t 632 9955 9957 4
t 2501 9956 9955 4
t 2500 9957 9956 4
t 9955 9956 9957 4
t 2499 9953 9950 4
t 2500 9956 9953 4
t 2501 9950 9956 4
t 9953 9956 9950 4
t 316 9948 9937 4
t 2498 9958 9948 4
t 2495 9937 9958 4
t 9948 9958 9937 4
t 632 9957 9944 4
t 2500 9959 9957 4
t 2498 9944 9959 4
t 9957 9959 9944 4
t 633 9941 9952 4
t 2495 9960 9941 4
t 2500 9952 9960 4
t 9941 9960 9952 4
t 2498 9959 9958 4
t 2500 9960 9959 4
t 2495 9958 9960 4
t 9959 9960 9958 4
t 151 9926 9892 4
t 2494 9961 9926 4
t 2484 9892 9961 4
t 9926 9961 9892 4
t 631 9962 9929 4
t 2502 9963 9962 4
t 2494 9929 9963 4
t 9962 9963 9929 4
t 629 9896 9965 4
t 2484 9964 9896 4
t 2502 9965 9964 4
t 9896 9964 9965 4
t 2494 9963 9961 4
t 2502 9964 9963 4
t 2484 9961 9964 4
t 9963 9964 9961 4
t 164 9951 9916 4
t 2501 9966 9951 4
t 2490 9916 9966 4
t 9951 9966 9916 4
t 632 9967 9955 4
t 2503 9968 9967 4
t 2501 9955 9968 4
t 9967 9968 9955 4
t 631 9921 9970 4
t 2490 9969 9921 4
t 2503 9970 9969 4
t 9921 9969 9970 4
t 2501 9968 9966 4
t 2503 9969 9968 4
t 2490 9966 9969 4
t 9968 9969 9966 4
t 86 9900 9942 4
t 2487 9971 9900 4
t 2497 9942 9971 4
t 9900 9971 9942 4
t 629 9972 9903 4
t 2504 9973 9972 4
t 2487 9903 9973 4
t 9972 9973 9903 4
t 632 9946 9975 4
t 2497 9974 9946 4
t 2504 9975 9974 4
t 9946 9974 9975 4
t 2487 9973 9971 4
t 2504 9974 9973 4
t 2497 9971 9974 4
t 9973 9974 9971 4
t 631 9970 9962 4
t 2503 9976 9970 4
t 2502 9962 9976 4
t 9970 9976 9962 4
t 632 9975 9967 4
t 2504 9977 9975 4
t 2503 9967 9977 4
t 9975 9977 9967 4
t 629 9965 9972 4
t 2502 9978 9965 4
t 2504 9972 9978 4
t 9965 9978 9972 4
t 2503 9977 9976 4
t 2504 9978 9977 4
t 2502 9976 9978 4
t 9977 9978 9976 4
t 13 6297 8163 1
t 1601 9979 6297 1
t 2077 8163 9979 1
t 6297 9979 8163 1
t 417 9980 6301 1
t 2505 9981 9980 1
t 1601 6301 9981 1
t 9980 9981 6301 1
t 540 8167 9983 1
t 2077 9982 8167 1
t 2505 9983 9982 1
t 8167 9982 9983 1
t 1601 9981 9979 1
t 2505 9982 9981 1
t 2077 9979 9982 1
t 9981 9982 9979 1
t 116 9984 6313 1
t 2506 9985 9984 1
t 1605 6313 9985 1
t 9984 9985 6313 1
t 634 9986 9988 1
t 2507 9987 9986 1
t 2506 9988 9987 1
t 9986 9987 9988 1
t 417 6318 9990 1
t 1605 9989 6318 1
t 2507 9990 9989 1
t 6318 9989 9990 1
t 2506 9987 9985 1
t 2507 9989 9987 1
t 1605 9985 9989 1
t 9987 9989 9985 1
t 148 8172 9992 1
t 2081 9991 8172 1
t 2509 9992 9991 1
t 8172 9991 9992 1
t 540 9993 8176 1
t 2508 9994 9993 1
t 2081 8176 9994 1
t 9993 9994 8176 1
t 634 9995 9997 1
t 2509 9996 9995 1
t 2508 9997 9996 1
t 9995 9996 9997 1
t 2081 9994 9991 1
t 2508 9996 9994 1
t 2509 9991 9996 1
t 9994 9996 9991 1
t 417 9990 9980 1
t 2507 9998 9990 1
t 2505 9980 9998 1
t 9990 9998 9980 1
t 634 9997 9986 1
t 2508 9999 9997 1
t 2507 9986 9999 1
t 9997 9999 9986 1
t 540 9983 9993 1
t 2505 10000 9983 1
t 2508 9993 10000 1
t 9983 10000 9993 1
t 2507 9999 9998 1
t 2508 10000 9999 1
t 2505 9998 10000 1
t 9999 10000 9998 1
t 35 10001 6355 1
t 2510 10002 10001 1
t 1617 6355 10002 1
t 10001 10002 6355 1
t 635 10003 10005 1
t 2511 10004 10003 1
t 2510 10005 10004 1
t 10003 10004 10005 1
t 421 6360 10007 1
t 1617 10006 6360 1
t 2511 10007 10006 1
t 6360 10006 10007 1
t 2510 10004 10002 1
t 2511 10006 10004 1
t 1617 10002 10006 1
t 10004 10006 10002 1
t 165 10008 10010 1
t 2512 10009 10008 1
t 2514 10010 10009 1
t 10008 10009 10010 1
t 636 10011 10013 1
t 2513 10012 10011 1
t 2512 10013 10012 1
t 10011 10012 10013 1
t 635 10014 10016 1
t 2514 10015 10014 1
t 2513 10016 10015 1
t 10014 10015 10016 1
t 2512 10012 10009 1
t 2513 10015 10012 1
t 2514 10009 10015 1
t 10012 10015 10009 1
t 116 6366 10018 1
t 1622 10017 6366 1
t 2516 10018 10017 1
t 6366 10017 10018 1
t 421 10019 6370 1
t 2515 10020 10019 1
t 1622 6370 10020 1
t 10019 10020 6370 1
t 636 10021 10023 1
t 2516 10022 10021 1
t 2515 10023 10022 1
t 10021 10022 10023 1
t 1622 10020 10017 1
t 2515 10022 10020 1
t 2516 10017 10022 1
t 10020 10022 10017 1
t 635 10016 10003 1
t 2513 10024 10016 1
t 2511 10003 10024 1
t 10016 10024 10003 1
t 636 10023 10011 1
t 2515 10025 10023 1
t 2513 10011 10025 1
t 10023 10025 10011 1
t 421 10007 10019 1
t 2511 10026 10007 1
t 2515 10019 10026 1
t 10007 10026 10019 1
t 2513 10025 10024 1
t 2515 10026 10025 1
t 2511 10024 10026 1
t 10025 10026 10024 1
t 46 8191 10028 3
t 2086 10027 8191 1
t 2518 10028 10027 1
t 8191 10027 10028 3
t 544 10029 8195 1
t 2517 10030 10029 1
t 2086 8195 10030 1
t 10029 10030 8195 1
t 638 10031 10033 1
t 2518 10032 10031 1
t 2517 10033 10032 1
t 10031 10032 10033 1
t 2086 10030 10027 1
t 2517 10032 10030 1
t 2518 10027 10032 1
t 10030 10032 10027 1
t 148 10034 8207 1
t 2519 10035 10034 1
t 2090 8207 10035 1
t 10034 10035 8207 1
t 637 10036 10038 1
t 2520 10037 10036 1
t 2519 10038 10037 1
t 10036 10037 10038 1
t 544 8212 10040 1
t 2090 10039 8212 1
t 2520 10040 10039 1
t 8212 10039 10040 1
t 2519 10037 10035 1
t 2520 10039 10037 1
t 2090 10035 10039 1
t 10037 10039 10035 1
t 165 10041 10043 1
t 2521 10042 10041 1
t 2523 10043 10042 1
t 10041 10042 10043 1
t 638 10044 10046 1
t 2522 10045 10044 1
t 2521 10046 10045 1
t 10044 10045 10046 1
t 637 10047 10049 1
t 2523 10048 10047 1
t 2522 10049 10048 1
t 10047 10048 10049 1
t 2521 10045 10042 1
t 2522 10048 10045 1
t 2523 10042 10048 1
t 10045 10048 10042 1
t 544 10040 10029 1
t 2520 10050 10040 1
t 2517 10029 10050 1
t 10040 10050 10029 1
t 637 10049 10036 1
t 2522 10051 10049 1
t 2520 10036 10051 1
t 10049 10051 10036 1
t 638 10033 10044 1
t 2517 10052 10033 1
t 2522 10044 10052 1
t 10033 10052 10044 1
t 2520 10051 10050 1
t 2522 10052 10051 1
t 2517 10050 10052 1
t 10051 10052 10050 1
t 116 10018 9984 1
t 2516 10053 10018 1
t 2506 9984 10053 1
t 10018 10053 9984 1
t 636 10054 10021 1
t 2524 10055 10054 1
t 2516 10021 10055 1
t 10054 10055 10021 1
t 634 9988 10057 1
t 2506 10056 9988 1
t 2524 10057 10056 1
t 9988 10056 10057 1
t 2516 10055 10053 1
t 2524 10056 10055 1
t 2506 10053 10056 1
t 10055 10056 10053 1
t 165 10043 10008 1
t 2523 10058 10043 1
t 2512 10008 10058 1
t 10043 10058 10008 1
t 637 10059 10047 1
t 2525 10060 10059 1
t 2523 10047 10060 1
t 10059 10060 10047 1
t 636 10013 10062 1
t 2512 10061 10013 1
t 2525 10062 10061 1
t 10013 10061 10062 1
t 2523 10060 10058 1
t 2525 10061 10060 1
t 2512 10058 10061 1
t 10060 10061 10058 1
t 148 9992 10034 1
t 2509 10063 9992 1
t 2519 10034 10063 1
t 9992 10063 10034 1
t 634 10064 9995 1
t 2526 10065 10064 1
t 2509 9995 10065 1
t 10064 10065 9995 1
t 637 10038 10067 1
t 2519 10066 10038 1
t 2526 10067 10066 1
t 10038 10066 10067 1
t 2509 10065 10063 1
t 2526 10066 10065 1
t 2519 10063 10066 1
t 10065 10066 10063 1
t 636 10062 10054 1
t 2525 10068 10062 1
t 2524 10054 10068 1
t 10062 10068 10054 1
t 637 10067 10059 1
t 2526 10069 10067 1
t 2525 10059 10069 1
t 10067 10069 10059 1
t 634 10057 10064 1
t 2524 10070 10057 1
t 2526 10064 10070 1
t 10057 10070 10064 1
t 2525 10069 10068 1
t 2526 10070 10069 1
t 2524 10068 10070 1
t 10069 10070 10068 1
t 6 4528 6195 3
t 1148 10071 4528 3
t 1573 6195 10071 3
t 4528 10071 6195 3
t 298 10072 4531 3
t 2527 10073 10072 3
t 1148 4531 10073 3
t 10072 10073 4531 3
t 408 6199 10075 3
t 1573 10074 6199 3
t 2527 10075 10074 3
t 6199 10074 10075 3
t 1148 10073 10071 3
t 2527 10074 10073 3
t 1573 10071 10074 3
t 10073 10074 10071 3
t 83 10076 4541 3
t 2528 10077 10076 3
t 1151 4541 10077 3
t 10076 10077 4541 3
t 639 10078 10080 3
t 2529 10079 10078 3
t 2528 10080 10079 3
t 10078 10079 10080 3
t 298 4546 10082 3
t 1151 10081 4546 3
t 2529 10082 10081 3
t 4546 10081 10082 3
t 2528 10079 10077 3
t 2529 10081 10079 3
t 1151 10077 10081 3
t 10079 10081 10077 3
t 112 6204 10084 1
t 1577 10083 6204 3
t 2531 10084 10083 3
t 6204 10083 10084 1
t 408 10085 6208 3
t 2530 10086 10085 3
t 1577 6208 10086 3
t 10085 10086 6208 3
t 639 10087 10089 3
t 2531 10088 10087 3
t 2530 10089 10088 3
t 10087 10088 10089 3
t 1577 10086 10083 3
t 2530 10088 10086 3
t 2531 10083 10088 3
t 10086 10088 10083 3
t 298 10082 10072 3
t 2529 10090 10082 3
t 2527 10072 10090 3
t 10082 10090 10072 3
t 639 10089 10078 3
t 2530 10091 10089 3
t 2529 10078 10091 3
t 10089 10091 10078 3
t 408 10075 10085 3
t 2527 10092 10075 3
t 2530 10085 10092 3
t 10075 10092 10085 3
t 2529 10091 10090 3
t 2530 10092 10091 3
t 2527 10090 10092 3
t 10091 10092 10090 3
t 28 10093 4579 4
t 2532 10094 10093 4
t 1161 4579 10094 4
t 10093 10094 4579 4
t 640 10095 10097 4
t 2533 10096 10095 4
t 2532 10097 10096 4
t 10095 10096 10097 4
t 301 4584 10099 4
t 1161 10098 4584 4
t 2533 10099 10098 4
t 4584 10098 10099 4
t 2532 10096 10094 4
t 2533 10098 10096 4
t 1161 10094 10098 4
t 10096 10098 10094 4
t 166 10100 10102 3
t 2534 10101 10100 3
t 2536 10102 10101 3
t 10100 10101 10102 3
t 641 10103 10105 3
t 2535 10104 10103 3
t 2534 10105 10104 3
t 10103 10104 10105 3
t 640 10106 10108 4
t 2536 10107 10106 3
t 2535 10108 10107 3
t 10106 10107 10108 3
t 2534 10104 10101 3
t 2535 10107 10104 3
t 2536 10101 10107 3
t 10104 10107 10101 3
t 83 4590 10110 3
t 1166 10109 4590 3
t 2538 10110 10109 3
t 4590 10109 10110 3
t 301 10111 4594 4
t 2537 10112 10111 4
t 1166 4594 10112 4
t 10111 10112 4594 4
t 641 10113 10115 3
t 2538 10114 10113 3
t 2537 10115 10114 3
t 10113 10114 10115 3
t 1166 10112 10109 3
t 2537 10114 10112 3
t 2538 10109 10114 3
t 10112 10114 10109 3
t 640 10108 10095 4
t 2535 10116 10108 3
t 2533 10095 10116 4
t 10108 10116 10095 4
t 641 10115 10103 3
t 2537 10117 10115 3
t 2535 10103 10117 3
t 10115 10117 10103 3
t 301 10099 10111 4
t 2533 10118 10099 4
t 2537 10111 10118 4
t 10099 10118 10111 4
t 2535 10117 10116 3
t 2537 10118 10117 3
t 2533 10116 10118 4
t 10117 10118 10116 4
t 35 6223 10120 1
t 1582 10119 6223 1
t 2540 10120 10119 1
t 6223 10119 10120 1
t 412 10121 6227 1
t 2539 10122 10121 1
t 1582 6227 10122 1
t 10121 10122 6227 1
t 643 10123 10125 1
t 2540 10124 10123 1
t 2539 10125 10124 1
t 10123 10124 10125 1
t 1582 10122 10119 1
t 2539 10124 10122 1
t 2540 10119 10124 1
t 10122 10124 10119 1
t 112 10126 6239 1
t 2541 10127 10126 1
t 1586 6239 10127 1
t 10126 10127 6239 1
t 642 10128 10130 1
t 2542 10129 10128 1
t 2541 10130 10129 1
t 10128 10129 10130 1
t 412 6244 10132 1
t 1586 10131 6244 1
t 2542 10132 10131 1
t 6244 10131 10132 1
t 2541 10129 10127 1
t 2542 10131 10129 1
t 1586 10127 10131 1
t 10129 10131 10127 1
t 166 10133 10135 1
t 2543 10134 10133 1
t 2545 10135 10134 1
t 10133 10134 10135 1
t 643 10136 10138 1
t 2544 10137 10136 1
t 2543 10138 10137 1
t 10136 10137 10138 1
t 642 10139 10141 1
t 2545 10140 10139 1
t 2544 10141 10140 1
t 10139 10140 10141 1
t 2543 10137 10134 1
t 2544 10140 10137 1
t 2545 10134 10140 1
t 10137 10140 10134 1
t 412 10132 10121 1
t 2542 10142 10132 1
t 2539 10121 10142 1
t 10132 10142 10121 1
t 642 10141 10128 1
t 2544 10143 10141 1
t 2542 10128 10143 1
t 10141 10143 10128 1
t 643 10125 10136 1
t 2539 10144 10125 1
t 2544 10136 10144 1
t 10125 10144 10136 1
t 2542 10143 10142 1
t 2544 10144 10143 1
t 2539 10142 10144 1
t 10143 10144 10142 1
t 83 10110 10076 3
t 2538 10145 10110 3
t 2528 10076 10145 3
t 10110 10145 10076 3
t 641 10146 10113 3
t 2546 10147 10146 3
t 2538 10113 10147 3
t 10146 10147 10113 3
t 639 10080 10149 3
t 2528 10148 10080 3
t 2546 10149 10148 3
t 10080 10148 10149 3
t 2538 10147 10145 3
t 2546 10148 10147 3
t 2528 10145 10148 3
t 10147 10148 10145 3
t 166 10135 10100 3
t 2545 10150 10135 3
t 2534 10100 10150 3
t 10135 10150 10100 3
t 642 10151 10139 1
t 2547 10152 10151 3
t 2545 10139 10152 1
t 10151 10152 10139 1
t 641 10105 10154 3
t 2534 10153 10105 3
t 2547 10154 10153 3
t 10105 10153 10154 3
t 2545 10152 10150 3
t 2547 10153 10152 3
t 2534 10150 10153 3
t 10152 10153 10150 3
t 112 10084 10126 1
t 2531 10155 10084 1
t 2541 10126 10155 1
t 10084 10155 10126 1
t 639 10156 10087 3
t 2548 10157 10156 3
t 2531 10087 10157 3
t 10156 10157 10087 3
t 642 10130 10159 1
t 2541 10158 10130 1
t 2548 10159 10158 3
t 10130 10158 10159 1
t 2531 10157 10155 3
t 2548 10158 10157 3
t 2541 10155 10158 1
t 10157 10158 10155 3
t 641 10154 10146 3
t 2547 10160 10154 3
t 2546 10146 10160 3
t 10154 10160 10146 3
t 642 10159 10151 1
t 2548 10161 10159 3
t 2547 10151 10161 3
t 10159 10161 10151 3
t 639 10149 10156 3
t 2546 10162 10149 3
t 2548 10156 10162 3
t 10149 10162 10156 3
t 2547 10161 10160 3
t 2548 10162 10161 3
t 2546 10160 10162 3
t 10161 10162 10160 3
t 46 10028 9909 3
t 2518 10163 10028 3
t 2488 9909 10163 3
t 10028 10163 9909 3
t 638 10164 10031 1
t 2549 10165 10164 1
t 2518 10031 10165 1
t 10164 10165 10031 1
t 630 9913 10167 3
t 2488 10166 9913 3
t 2549 10167 10166 3
t 9913 10166 10167 3
t 2518 10165 10163 3
t 2549 10166 10165 3
t 2488 10163 10166 3
t 10165 10166 10163 3
t 165 10168 10041 1
t 2550 10169 10168 1
t 2521 10041 10169 1
t 10168 10169 10041 1
t 644 10170 10172 1
t 2551 10171 10170 1
t 2550 10172 10171 1
t 10170 10171 10172 1
t 638 10046 10174 1
t 2521 10173 10046 1
t 2551 10174 10173 1
t 10046 10173 10174 1
t 2550 10171 10169 1
t 2551 10173 10171 1
t 2521 10169 10173 1
t 10171 10173 10169 1
t 164 9918 10176 4
t 2492 10175 9918 4
t 2553 10176 10175 3
t 9918 10175 10176 4
t 630 10177 9922 3
t 2552 10178 10177 3
t 2492 9922 10178 3
t 10177 10178 9922 3
t 644 10179 10181 3
t 2553 10180 10179 3
t 2552 10181 10180 3
t 10179 10180 10181 3
t 2492 10178 10175 3
t 2552 10180 10178 3
t 2553 10175 10180 3
t 10178 10180 10175 3
t 638 10174 10164 1
t 2551 10182 10174 1
t 2549 10164 10182 1
t 10174 10182 10164 1
t 644 10181 10170 1
t 2552 10183 10181 3
t 2551 10170 10183 1
t 10181 10183 10170 1
t 630 10167 10177 3
t 2549 10184 10167 3
t 2552 10177 10184 3
t 10167 10184 10177 3
t 2551 10183 10182 1
t 2552 10184 10183 3
t 2549 10182 10184 1
t 10183 10184 10182 1
t 35 10120 10001 1
t 2540 10185 10120 1
t 2510 10001 10185 1
t 10120 10185 10001 1
t 643 10186 10123 1
t 2554 10187 10186 1
t 2540 10123 10187 1
t 10186 10187 10123 1
t 635 10005 10189 1
t 2510 10188 10005 1
t 2554 10189 10188 1
t 10005 10188 10189 1
t 2540 10187 10185 1
t 2554 10188 10187 1
t 2510 10185 10188 1
t 10187 10188 10185 1
t 166 10190 10133 1
t 2555 10191 10190 1
t 2543 10133 10191 1
t 10190 10191 10133 1
t 645 10192 10194 1
t 2556 10193 10192 1
t 2555 10194 10193 1
t 10192 10193 10194 1
t 643 10138 10196 1
t 2543 10195 10138 1
t 2556 10196 10195 1
t 10138 10195 10196 1
t 2555 10193 10191 1
t 2556 10195 10193 1
t 2543 10191 10195 1
t 10193 10195 10191 1
t 165 10010 10198 1
t 2514 10197 10010 1
t 2558 10198 10197 1
t 10010 10197 10198 1
t 635 10199 10014 1
t 2557 10200 10199 1
t 2514 10014 10200 1
t 10199 10200 10014 1
t 645 10201 10203 1
t 2558 10202 10201 1
t 2557 10203 10202 1
t 10201 10202 10203 1
t 2514 10200 10197 1
t 2557 10202 10200 1
t 2558 10197 10202 1
t 10200 10202 10197 1
t 643 10196 10186 1
t 2556 10204 10196 1
t 2554 10186 10204 1
t 10196 10204 10186 1
t 645 10203 10192 1
t 2557 10205 10203 1
t 2556 10192 10205 1
t 10203 10205 10192 1
t 635 10189 10199 1
t 2554 10206 10189 1
t 2557 10199 10206 1
t 10189 10206 10199 1
t 2556 10205 10204 1
t 2557 10206 10205 1
t 2554 10204 10206 1
t 10205 10206 10204 1
t 28 9936 10093 4
t 2496 10207 9936 4
t 2532 10093 10207 4
t 9936 10207 10093 4
t 633 10208 9939 4
t 2559 10209 10208 4
t 2496 9939 10209 4
t 10208 10209 9939 4
t 640 10097 10211 4
t 2532 10210 10097 4
t 2559 10211 10210 4
t 10097 10210 10211 4
t 2496 10209 10207 4
t 2559 10210 10209 4
t 2532 10207 10210 4
t 10209 10210 10207 4
t 164 10212 9949 4
t 2560 10213 10212 4
t 2499 9949 10213 4
t 10212 10213 9949 4
t 646 10214 10216 3
t 2561 10215 10214 4
t 2560 10216 10215 4
t 10214 10215 10216 4
t 633 9954 10218 4
t 2499 10217 9954 4
t 2561 10218 10217 4
t 9954 10217 10218 4
t 2560 10215 10213 4
t 2561 10217 10215 4
t 2499 10213 10217 4
t 10215 10217 10213 4
t 166 10102 10220 3
t 2536 10219 10102 3
t 2563 10220 10219 3
t 10102 10219 10220 3
t 640 10221 10106 4
t 2562 10222 10221 4
t 2536 10106 10222 3
t 10221 10222 10106 3
t 646 10223 10225 3
t 2563 10224 10223 3
t 2562 10225 10224 3
t 10223 10224 10225 3
t 2536 10222 10219 3
t 2562 10224 10222 3
t 2563 10219 10224 3
t 10222 10224 10219 3
t 633 10218 10208 4
t 2561 10226 10218 4
t 2559 10208 10226 4
t 10218 10226 10208 4
t 646 10225 10214 3
t 2562 10227 10225 4
t 2561 10214 10227 4
t 10225 10227 10214 4
t 640 10211 10221 4
t 2559 10228 10211 4
t 2562 10221 10228 4
t 10211 10228 10221 4
t 2561 10227 10226 4
t 2562 10228 10227 4
t 2559 10226 10228 4
t 10227 10228 10226 4
t 165 10198 10168 1
t 2558 10229 10198 1
t 2550 10168 10229 1
t 10198 10229 10168 1
t 645 10230 10201 1
t 2564 10231 10230 1
t 2558 10201 10231 1
t 10230 10231 10201 1
t 644 10172 10233 1
t 2550 10232 10172 1
t 2564 10233 10232 1
t 10172 10232 10233 1
t 2558 10231 10229 1
t 2564 10232 10231 1
t 2550 10229 10232 1
t 10231 10232 10229 1
t 166 10220 10190 1
t 2563 10234 10220 3
t 2555 10190 10234 1
t 10220 10234 10190 1
t 646 10235 10223 3
t 2565 10236 10235 3
t 2563 10223 10236 3
t 10235 10236 10223 3
t 645 10194 10238 1
t 2555 10237 10194 1
t 2565 10238 10237 1
t 10194 10237 10238 1
t 2563 10236 10234 3
t 2565 10237 10236 1
t 2555 10234 10237 1
t 10236 10237 10234 1
t 164 10176 10212 4
t 2553 10239 10176 3
t 2560 10212 10239 4
t 10176 10239 10212 4
t 644 10240 10179 3
t 2566 10241 10240 3
t 2553 10179 10241 3
t 10240 10241 10179 3
t 646 10216 10243 3
t 2560 10242 10216 3
t 2566 10243 10242 3
t 10216 10242 10243 3
t 2553 10241 10239 3
t 2566 10242 10241 3
t 2560 10239 10242 3
t 10241 10242 10239 3
t 645 10238 10230 1
t 2565 10244 10238 1
t 2564 10230 10244 1
t 10238 10244 10230 1
t 646 10243 10235 3
t 2566 10245 10243 3
t 2565 10235 10245 3
t 10243 10245 10235 3
t 644 10233 10240 1
t 2564 10246 10233 1
t 2566 10240 10246 3
t 10233 10246 10240 1
t 2565 10245 10244 1
t 2566 10246 10245 3
t 2564 10244 10246 1
t 10245 10246 10244 1
