v -2.0260812420332557 -0.4513749746539759 -1.476862976454642
v -2.0496874098806983 -0.4106404379862172 -1.4791077633900822
v -2.0126591664588167 -0.3936069444783055 -1.4883123826399411
v -2.0388531753385655 -0.5098338957548733 -1.46543987599196
v -2.0014694372308766 -0.4923964969489952 -1.4751870383323566
v -2.0297225367806075 -0.4830135503423269 -1.430657745619444
v -2.0364733304036005 -0.4217496142575856 -1.4392826106460186
v -2.0140583081866423 -0.4821857545235131 -1.5155739195309836
v -2.0209382488397316 -0.42100559563176215 -1.5236307980351433
v -1.9907576472607111 -0.4379568392465914 -1.5110963162287332
v -2.000143504042245 -0.43810750426087947 -1.4588483829539522
v -2.0506985607753623 -0.4656400369493799 -1.4957904917099303
v -2.060606806490602 -0.4663885851278637 -1.4433805266568367
v -1.9699867580917443 -0.49729515203519364 -1.1615855244332376
v -2.0057219711635357 -0.46466558405383107 -1.1500308178701477
v -1.944539572727866 -0.4600629882890999 -1.1569804216497954
v -1.9958891909691965 -0.5347574757817927 -1.1662000956273797
v -1.9351424937366548 -0.5312759039314846 -1.1719799648330864
v -1.965377425295614 -0.5070199002003842 -1.1100196708089878
v -1.970664914899029 -0.46282861576962997 -1.100269196005298
v -1.968717254851 -0.5320987283884792 -1.222741568060232
v -1.975243492120186 -0.48892687503513144 -1.2132561910720414
v -1.922104412260163 -0.5027291240860278 -1.2014296466277168
v -1.9198667200226365 -0.4862583660436494 -1.1322867243068757
v -2.020973833197636 -0.5086600883919776 -1.1916326130739103
v -2.0182520597690075 -0.4934868783652614 -1.121367388419001
v -2.0131223251042174 -0.4833043307679879 -0.7739659709150818
v -2.0459029896010743 -0.44147181909593725 -0.7612815975699434
v -1.9759654496254602 -0.43692132082089347 -0.7606420407136089
v -2.0512494659569227 -0.528827247408349 -0.7874575326577427
v -1.9815175237675553 -0.5241157452930811 -0.786758451555725
v -2.012773527051148 -0.5055013709547198 -0.7346612971543582
v -2.009561504871778 -0.4503541020723349 -0.7194322729810579
v -2.017841898822507 -0.5140479197547428 -0.8296916610439352
v -2.014304886172869 -0.4612880797529665 -0.8126469376634576
v -1.9579118579959907 -0.4818345808567772 -0.8028522896904331
v -1.955647879991546 -0.4757890878214474 -0.7442327377265118
v -2.0716918986412693 -0.48921497338821884 -0.803447030657285
v -2.067837166007187 -0.48322380253380115 -0.7456946776297696
v -2.0046713967508647 -0.4772570029172439 -0.45860724741919423
v -2.0328372041602747 -0.41412599216810553 -0.44916979155311443
v -1.9638084444066288 -0.41731716886255654 -0.4461947926981242
v -2.0435051375497792 -0.5363845852620344 -0.47190640498197345
v -1.9768082366810054 -0.5403362119354291 -0.46842993889952167
v -2.010784937464434 -0.5304166239713372 -0.41532204246048543
v -2.004040172521313 -0.45402448303802473 -0.4013169623741518
v -2.0052160537654995 -0.4998441938012951 -0.5158004785399022
v -1.9972657147428174 -0.4246959405427894 -0.5020566920308381
v -1.9472190651258783 -0.47047547517735105 -0.48704026539284906
v -1.9509050149567726 -0.4895713110077973 -0.4246437462665317
v -2.0569893434698545 -0.46526956349727844 -0.49205701059530926
v -2.0608927872236196 -0.48319248542424975 -0.43015359509002554
v -1.8358008532751466 -0.5512193517440355 -0.1892892390875995
v -1.869238114028171 -0.4969026814477737 -0.17631442529181693
v -1.8041477880588708 -0.49893830760277025 -0.18006843806677358
v -1.8674451816573903 -0.6019736679163353 -0.19814264185422342
v -1.8022879618071532 -0.6050284706205987 -0.201846624651783
v -1.849807797354752 -0.5840878712437709 -0.1366651046818197
v -1.8512448110536388 -0.5192378361759398 -0.12358897293279592
v -1.8214215087261112 -0.581488479668715 -0.25514140902964727
v -1.822237505569989 -0.5158619230856899 -0.24127297223721908
v -1.7747183651114076 -0.5513460328493266 -0.22852827690697802
v -1.7923093101378698 -0.5541049192703071 -0.1553866578553885
v -1.8799855943872146 -0.548159460222549 -0.22244616790043634
v -1.8978821702537358 -0.5491022749543099 -0.14945004234443204
v -2.0500900372940274 -0.5825356525716464 0.2218954112224265
v -2.0836167406785764 -0.5485246855886128 0.21235577932481034
v -2.044418957067479 -0.5351759472868705 0.22658434754565754
v -2.055523730888192 -0.6309075050638351 0.21664890740905232
v -2.017934321370552 -0.6165734236806447 0.22982105178945444
v -2.0405160868925822 -0.6093358516172913 0.26492197916769866
v -2.057582729850395 -0.558365516056461 0.26291311941207673
v -2.043005033556646 -0.6071521665471824 0.1818637686717845
v -2.059754596399285 -0.5568598445864302 0.17924468190939438
v -2.0197915318230883 -0.5703973673014795 0.2070814719009506
v -2.018430427377151 -0.5720496999268216 0.2582364735793959
v -2.08196170696204 -0.5932456472299042 0.18447989643463966
v -2.0804849809025625 -0.5938786216799835 0.23635211000482975
v -2.033660032081249 -0.6051914058807367 0.5515488438091702
v -2.0676742270686805 -0.5450801971475601 0.5364997542929987
v -1.9986372024129349 -0.5441339154247623 0.5471378166811977
v -2.0687475032583555 -0.6650676510945444 0.555701215506904
v -2.0001087709635983 -0.6647897216731508 0.5659477112598266
v -2.036163647666547 -0.6380094098563035 0.6055136863488115
v -2.035437416458391 -0.5631103111378709 0.5945298947825621
v -2.0322119534013203 -0.6461648623455787 0.5089202158395311
v -2.0312485259914825 -0.5723022818211404 0.4965957762049123
v -1.9765789621917964 -0.6070611944390006 0.5299588222425442
v -1.979482597386794 -0.6018323596390965 0.5898570864939855
v -2.088351237558108 -0.6081758198049058 0.5127633821402566
v -2.0905114323409504 -0.6026725929061232 0.5731039966654098
v -2.0976353456469083 -0.4981228260696927 0.879209625376242
v -2.1274780110534786 -0.4416030846557653 0.8857212636864459
v -2.069517627577091 -0.44708350972355 0.8891207782892577
v -2.1259828426081246 -0.5498447883082999 0.8695350340823502
v -2.0681090051714386 -0.5557618671364993 0.873664319143371
v -2.1004924798292444 -0.5364905453233612 0.9259737022120884
v -2.1013824215111443 -0.4698098712180123 0.9355066150710288
v -2.093781595496899 -0.5272121746944323 0.8226508416465526
v -2.0948442866943746 -0.4598369373149564 0.8326133334847952
v -2.049086866953034 -0.5004855231627441 0.8506558079911797
v -2.0529723802624833 -0.5067366816905682 0.9141398977084234
v -2.142691262444686 -0.491624818369043 0.8443774076391526
v -2.146923348403928 -0.49732633091503414 0.9083670441628235
v -1.861984066144491 -0.11430581696187475 -1.4533151442961962
v -1.89059010482288 -0.061034797352701606 -1.4570255220200077
v -1.824462474127977 -0.06357288428159215 -1.4524713759291188
v -1.9011690417942437 -0.1660960514158011 -1.45303763665041
v -1.834064445746243 -0.16763042049026422 -1.4485487661599894
v -1.8702523370504376 -0.14571671041709466 -1.4072668190124222
v -1.8638267140910179 -0.08149850033184708 -1.4096177767581557
v -1.8603862315078494 -0.14733697737338178 -1.4961665043057328
v -1.8543841166280781 -0.08230291552961677 -1.4986889556855405
v -1.8055907287247237 -0.11640528282779403 -1.4772718517789358
v -1.811240580371934 -0.11622191128346987 -1.4221437635213119
v -1.9130382663410839 -0.11370187022137486 -1.4845462038706358
v -1.9193167199426822 -0.11247567799526079 -1.4295558272127795
v -1.9772786401206908 -0.14160367562643453 -1.1373001200461295
v -1.9924224164331608 -0.08335561562046985 -1.1310423379534236
v -1.9276831441154372 -0.09371443548711775 -1.1346555334333068
v -2.026658063849117 -0.18918102942896134 -1.1409901992874965
v -1.9622299346967418 -0.20078432582680286 -1.1452079234901533
v -1.9845949658311406 -0.16682096555203652 -1.0949248615023408
v -1.9629594185505435 -0.10070563591827297 -1.0891690537750573
v -1.990748997186032 -0.1825285957380394 -1.187126862707635
v -1.9698129462396283 -0.11705268580935713 -1.1801855254730673
v -1.926538187107463 -0.15589139721290302 -1.1693166312075154
v -1.9228131316336958 -0.1458961763234382 -1.113070697890627
v -2.0314406164299874 -0.13796714648891575 -1.1633233626048414
v -2.0269440876786766 -0.12824974327220812 -1.1064427997901385
v -2.0289442940696563 -0.19847317919169005 -0.8175535180310622
v -2.082957591133266 -0.1407395449023003 -0.818238912013956
v -2.0036597355732133 -0.13630187051106096 -0.8199951509631777
v -2.0540431047557344 -0.26114986509118665 -0.814765467642903
v -1.9744541925282133 -0.2565914559630556 -0.8155567980714075
v -2.0169578123344016 -0.23321475638138106 -0.7771005684634933
v -2.035359481742733 -0.15867338389297994 -0.7794534066727076
v -2.0225290103812448 -0.23794996460569653 -0.854755399803522
v -2.0399857867617492 -0.16377106193912827 -0.8573909165737352
v -1.965945210135559 -0.19680029995063159 -0.8420223822560462
v -1.962328549803904 -0.19315125525715737 -0.7938576404110633
v -2.0939927661332915 -0.2035105568386114 -0.8399375336304924
v -2.091385496037725 -0.2010834873717189 -0.7920092579025645
v -2.0513916328918245 -0.15128298118371142 -0.4908964768321374
v -2.0732203949892756 -0.11629155604424486 -0.5007201141312518
v -2.022220549271188 -0.11727350008861027 -0.5009508728618829
v -2.0790710672476354 -0.18558583519790953 -0.480673345258305
v -2.028212814327051 -0.18810705969518268 -0.4806211499148015
v -2.0444359756804498 -0.16543495203163786 -0.43973906506454796
v -2.0405888229564337 -0.12206425015435954 -0.4523332703590933
v -2.061192285925326 -0.18162362992082423 -0.5295161442266992
v -2.0577585969017678 -0.1384536128058438 -0.5418419501675585
v -2.0151111521283895 -0.15879899747233372 -0.518494568606808
v -2.004751225382259 -0.148934676187586 -0.46303386906866545
v -2.097525435075194 -0.15612451570170086 -0.5182478508485624
v -2.086926624359549 -0.1458560658621917 -0.4628151491344968
v -2.0206354261898243 -0.14742709022741662 -0.15118334485363488
v -2.070162019853414 -0.0951211944712049 -0.16251782588851496
v -2.0009123372430437 -0.09043617803139736 -0.15945243680329177
v -2.0418611794966393 -0.20478273327572089 -0.14308559863130238
v -1.9704863496454947 -0.20114655631383746 -0.14053409443754708
v -2.013881106318528 -0.17783243983551986 -0.10285074255737552
v -2.031579774064355 -0.1088995808606847 -0.1146550358330368
v -2.0093909814688065 -0.185880364754291 -0.1882910863027519
v -2.028080554830322 -0.11871161877334006 -0.20028086172047493
v -1.962824876606211 -0.14699290254584602 -0.17600964400082644
v -1.9658463788206666 -0.14183639308904128 -0.12315979534668565
v -2.077114722686538 -0.15405882255539632 -0.18046816588835699
v -2.079160469198611 -0.14812483032725546 -0.1276750821185268
v -2.108486422088799 -0.09988136579858078 0.2763637133134739
v -2.141535138257459 -0.05807407682733366 0.2861930913423216
v -2.0702103683549775 -0.055287665276863504 0.27821907144241365
v -2.146854575599562 -0.1449292653713019 0.2737733037416755
v -2.0763230375917368 -0.14206606685683307 0.26675402803685594
v -2.1145245757365867 -0.1243008151753712 0.32311233795516625
v -2.1099277159683023 -0.07076356842580582 0.3303484791375996
v -2.1059869317258806 -0.13009032781785368 0.22265301177558366
v -2.103494879689458 -0.07618425408420819 0.23018903203708554
v -2.048940811403139 -0.1000361412430395 0.23990477631630724
v -2.0536699056576873 -0.09708387640026578 0.3007120166393925
v -2.163826961727136 -0.10510701608543388 0.25081173415354685
v -2.1683565600825414 -0.10121783848938776 0.31396206145523364
v -1.985615996550358 -0.17707348933588415 0.6192407057633714
v -2.01432652456897 -0.1400865887869172 0.6149347977470567
v -1.9623999795820128 -0.13087073676920966 0.6189831927670014
v -2.0072685575172082 -0.22373380251014358 0.6182906756855774
v -1.9547918356994685 -0.21411829282012765 0.6247015277434022
v -1.984645683544956 -0.21270615434346044 0.6839853212712759
v -1.9888733986666336 -0.16085220487744128 0.6807607100613035
v -1.9801753605660593 -0.19366334906964597 0.5574798855303805
v -1.9849393267210158 -0.14235324675558483 0.5551591189448071
v -1.9417154069504352 -0.1640437937990533 0.5843925291080044
v -1.9436677885548053 -0.17496678287788972 0.6624404670072069
v -2.025505403917797 -0.17863987984411725 0.5759809616800212
v -2.0287074725065457 -0.19075112045842949 0.6538181885165728
v -1.9709243723517413 -0.16785107204759941 0.9418660149563965
v -1.9912781706429836 -0.12984535853975623 0.9309890345794889
v -1.9436417956771386 -0.13464861690813193 0.9319275660499478
v -1.999822516079425 -0.20057125856552724 0.9540089136467858
v -1.9506225820414747 -0.20640191969970426 0.9534662596226502
v -1.9763476452833657 -0.19937867909085383 1.0018522237614271
v -1.970755459813766 -0.1555538773564904 0.9887579069771152
v -1.9705711004439583 -0.17968972368195713 0.8977239355498268
v -1.9664856694816835 -0.13559239447119345 0.8832464284052232
v -1.9307733365710669 -0.16556063861405057 0.9102065286760632
v -1.9340200759856259 -0.17826413544761172 0.9751411443604143
v -2.009409476407312 -0.15731951183410522 0.9100806087381365
v -2.0121941033705255 -0.16908989128019933 0.9747035202938333
v -1.66287820576837 -0.4993439306125307 -1.518134189456932
v -1.6934265170754146 -0.45999308607006384 -1.512795164363195
v -1.6550768510681 -0.46235637580750827 -1.5058009828627599
v -1.670451929703097 -0.5353828989785273 -1.5308001398950049
v -1.6317613230489556 -0.5382419729373383 -1.5223246322718862
v -1.6688622032033948 -0.521758385821081 -1.478390027493772
v -1.682900163415059 -0.47525494153029646 -1.4674390536059942
v -1.6422287130387452 -0.5238469743164986 -1.5671849760417833
v -1.65675739695116 -0.47684592533469006 -1.5568241604108382
v -1.623731564077698 -0.5019768385300262 -1.539042428118087
v -1.6398515119870332 -0.5004371165395852 -1.4841349260012076
v -1.6858804022026355 -0.4972240525586226 -1.5518133605789093
v -1.7022784689994737 -0.49646142570147456 -1.4965572753388114
v -1.648876983967144 -0.39771903448996954 -1.0867975640887386
v -1.6849925484874437 -0.3578269058032078 -1.0987205493623453
v -1.6266035643418264 -0.3364187889917802 -1.0895053266363093
v -1.6704996954795377 -0.460212722943182 -1.0848256147644062
v -1.61245951691201 -0.4385937636835624 -1.0754154991215843
v -1.6358895374167646 -0.43166601848112435 -1.0366678893601264
v -1.6446842815315181 -0.3688982066509724 -1.0452889423814957
v -1.6523573873463269 -0.42689992595723303 -1.1294181432008519
v -1.6611616922038863 -0.36325807283659817 -1.1381329017074966
v -1.6070399006240264 -0.3790849654299052 -1.1084988976633805
v -1.5965655567741637 -0.38254917169440006 -1.0513363607271644
v -1.7009193786551904 -0.4140838095444599 -1.123756401602329
v -1.6910212531518487 -0.41706036481637726 -1.06631777817579
v -1.7086102224226483 -0.5635596294096108 -0.7801086431699975
v -1.7380204292651342 -0.522132377190004 -0.7859017135419122
v -1.6805740459581233 -0.5119224130141617 -0.7800573027294931
v -1.7368119231325114 -0.6154050638239301 -0.7784784132384471
v -1.6783557458752 -0.6056309326253686 -0.7723286722891898
v -1.7010867731360702 -0.586025494641818 -0.7332655566509603
v -1.7021471146956633 -0.5282789841046099 -0.7372536084879272
v -1.7154470440171652 -0.5989253846210826 -0.8214788645740561
v -1.7164268419373017 -0.5411737245764732 -0.826836503152649
v -1.6665849948708638 -0.5600562736322611 -0.8020342533222041
v -1.6576457003901157 -0.5519660877198528 -0.7476786467824742
v -1.7602937600343354 -0.5761634259693331 -0.8123096990398617
v -1.7515580470583365 -0.5683258230913686 -0.756744554566338
v -1.6445962673824395 -0.4385918071970053 -0.386595857650136
v -1.6680001596719403 -0.39554681980719614 -0.3795339929940396
v -1.6157658807280602 -0.3849793365051427 -0.38370926963566304
v -1.6736257924387856 -0.49097164983750086 -0.38955449548336135
v -1.6210338434338638 -0.4811142532127591 -0.39400562418463886
v -1.6441418270298074 -0.4614506998402723 -0.351704964551515
v -1.6409178656551706 -0.4027669118744436 -0.34543305561638693
v -1.6485262326557732 -0.4739714401269737 -0.4279362779151452
v -1.645072766049777 -0.41414928780582366 -0.4216471695363054
v -1.603477176562899 -0.4339100842462968 -0.4141917824812166
v -1.6003265063160625 -0.42582100785043214 -0.36689928982839204
v -1.6877551099571495 -0.44963236078287444 -0.4069197947893584
v -1.6855885033157467 -0.4429910712992149 -0.3600559912386402
v -1.665414932022097 -0.42392100886967227 -0.17228275730369572
v -1.6848271083780435 -0.3751976060947636 -0.16825814525050406
v -1.6319374843283565 -0.38177332617085386 -0.16282083755618418
v -1.6998718347477637 -0.465646187222078 -0.1812493783363932
v -1.647528110226218 -0.47387626501624297 -0.1763260081749076
v -1.6811879336732256 -0.458283800006697 -0.14268519527316723
v -1.6713704636285256 -0.40181684816566854 -0.13479621099898412
v -1.6606768354818853 -0.4461247258590728 -0.20943901215049415
v -1.6514964213285293 -0.38983817665494547 -0.2010759824671402
v -1.6179308431158883 -0.42642160421739195 -0.1885458788880623
v -1.6301606740166144 -0.4339126916470031 -0.1475777616684736
v -1.702740120374706 -0.4145341462923564 -0.1970248324983755
v -1.7154853608233305 -0.42185853128112727 -0.15577450582217447
v -1.6069647307565038 -0.535101270963455 0.2761974583880744
v -1.6547975697664734 -0.4984011451553264 0.2714724871026314
v -1.5876366224714453 -0.48801870930918884 0.27696160180576185
v -1.626844216503206 -0.5808432163068887 0.2761126688065815
v -1.5605053657196437 -0.5696048669603394 0.28019785591538415
v -1.6082235753160499 -0.5636314263892048 0.32928545732851316
v -1.6252739224806525 -0.5129064055247228 0.32722193037902914
v -1.5898473430415405 -0.5561498056411492 0.2256934536736375
v -1.60696801023949 -0.5054950021373198 0.22289892450504814
v -1.54781262147774 -0.5232942607615284 0.2480243228910344
v -1.5590532844844918 -0.528799149944651 0.31209602521383817
v -1.6557002604286384 -0.5417007004277058 0.24001091816092665
v -1.6672002436408944 -0.5454970178435922 0.3045898920800671
v -1.707322635020901 -0.5421100153948238 0.57886447721305
v -1.740637710878631 -0.4872020004947938 0.59297135668744
v -1.671178700951862 -0.48836559374915306 0.5903829450804048
v -1.74399882625261 -0.5946389055182787 0.568388290446146
v -1.6748520822282464 -0.5966054753822713 0.5652376165741995
v -1.7079674286487048 -0.5768856915668537 0.6362717052965335
v -1.7058835372710413 -0.5100954914636708 0.651035753724668
v -1.7086643975419833 -0.5731894069855475 0.5077014099654179
v -1.706386041037257 -0.506807800019102 0.5236989157582124
v -1.651854977943904 -0.5425273413108799 0.5372826280322344
v -1.6508842012267937 -0.5443211462929378 0.6167570181100901
v -1.763413870618862 -0.5396437124158565 0.542327005792401
v -1.7636168583043492 -0.5421322450022945 0.620980381415956
v -1.6917979609349403 -0.5619104721204012 0.956460903675783
v -1.7118635055242737 -0.5247853217076411 0.9686479213535687
v -1.657107346166407 -0.5159434782579377 0.9554029941409617
v -1.7275136964694053 -0.6077062077424278 0.9577477317746168
v -1.6727782620436893 -0.5981158945834385 0.9442482777830162
v -1.6989109322912002 -0.596778191713143 1.0080602494167996
v -1.6893085838903446 -0.5460369599729705 1.0150167492395568
v -1.6957121117074574 -0.5767225593829569 0.8970704023309031
v -1.6858215846610676 -0.5253806635715127 0.9038083718970514
v -1.6474674511067249 -0.5472271545891386 0.9109762125074264
v -1.6492890108982194 -0.5601412106652187 0.9797639828131696
v -1.7357092255613829 -0.5623711985966641 0.9327269334710291
v -1.7380282143216554 -0.5746838240750013 1.0012824166965226
v -1.591147062376775 -0.19330449277344514 -1.616520007428016
v -1.6332925897478126 -0.14651432607010328 -1.6290847671300888
v -1.5652089786342158 -0.14322714536641265 -1.627689751530355
v -1.6151100391518538 -0.24243567548110484 -1.6053864002842098
v -1.547726975415858 -0.24126948360396017 -1.6032270355918299
v -1.583928009175784 -0.2308616718134817 -1.542275073875338
v -1.594294167702203 -0.17055966231811834 -1.5575654467669147
v -1.586043060037651 -0.21593803789197144 -1.675940221539304
v -1.5977344804990787 -0.15636647760258918 -1.6903958696525256
v -1.5362005127611666 -0.18702903046965696 -1.6560940023382713
v -1.5350197519681015 -0.19629664409674702 -1.5736579143343965
v -1.64623311448419 -0.19092131045135693 -1.6588675871551781
v -1.644035012850259 -0.19972866553332105 -1.5765666129445368
v -1.6889532673562448 -0.14811623165619178 -1.0994830817295427
v -1.729725432604376 -0.07973775154336335 -1.0899682972300468
v -1.6624084252908362 -0.0805024565503618 -1.0924415600469923
v -1.7159049498358965 -0.21507843538754481 -1.1045480596790118
v -1.6498651929709744 -0.21528313558110806 -1.1073502176169523
v -1.6790613808116144 -0.18743603546710874 -1.0437311630578157
v -1.687205764683003 -0.1043084929915008 -1.0347189377164165
v -1.6905999377112055 -0.19120347848111396 -1.1630165153472534
v -1.6987551899677056 -0.10746111507806211 -1.153809152622521
v -1.6389460215345273 -0.1485961972143909 -1.1377066416304942
v -1.6322691232785513 -0.14637692905565897 -1.0638323537893817
v -1.747320553721586 -0.1477601857516061 -1.1331993910734137
v -1.7397049088518428 -0.14570936124963563 -1.0598604450189342
v -1.6085937634619822 -0.13859952453823599 -0.8457342865440637
v -1.6326672957628656 -0.09343607124482159 -0.840631815971223
v -1.5819029918218699 -0.08815348964679498 -0.8461465542069718
v -1.6351640357745147 -0.18882410217185966 -0.8464407721973078
v -1.5854965942030788 -0.18256510683184982 -0.8519809508674329
v -1.6096998032497138 -0.17296340957933073 -0.7978277964906713
v -1.6081152032905577 -0.1148208622443549 -0.7943367956452337
v -1.6094137205027714 -0.16279998536319001 -0.8970973266307869
v -1.607239956811111 -0.10370224023356442 -0.8933788671092436
v -1.5678674600471998 -0.1304396230540248 -0.8808897605113533
v -1.5682968063740306 -0.13737609045675028 -0.8199862057904655
v -1.6492811863972652 -0.14006434092767736 -0.8722368926113806
v -1.6495123208222207 -0.146275914282442 -0.8107082791922179
v -1.6764665645287693 -0.07040924255858629 -0.5102584440810688
v -1.7001792002726448 -0.02187262409204501 -0.5102212928577611
v -1.6499967896322714 -0.009047425982757235 -0.5192278463287323
v -1.7012762038882672 -0.13259131386590076 -0.49965788578916814
v -1.6527368878020054 -0.11885904788748286 -0.5087127908373654
v -1.6658919646800767 -0.11366699850023848 -0.4596515426345857
v -1.6654769218807184 -0.0450355739438085 -0.4652872864169467
v -1.6872225014912665 -0.09618538733103058 -0.5528729332509087
v -1.6852097251664064 -0.028552908189117054 -0.5602108332513694
v -1.642537920978944 -0.05497955278792208 -0.5463583024287874
v -1.630198583415976 -0.0652946931808704 -0.4879591152412575
v -1.7227401630412478 -0.07629299839478408 -0.5314028872967544
v -1.7097270269079188 -0.0868831805091658 -0.47365847164756636
v -1.7390432536245906 -0.2044887322280621 -0.2210196675309508
v -1.7606774073397817 -0.1733555253686346 -0.21624615529093902
v -1.7018897750436381 -0.16011630248262684 -0.21653313603354787
v -1.7755730297117864 -0.24902410827044333 -0.2234807051001879
v -1.7179330762725489 -0.23579697456716495 -0.22538544037057243
v -1.7428279385969474 -0.22796584008833018 -0.18490683014458226
v -1.732254449316082 -0.18120927701273135 -0.18048229722738862
v -1.7437284119225211 -0.2280799078611512 -0.2615602048321065
v -1.7351861954739185 -0.1811761507153442 -0.25597411558185895
v -1.6924370849349077 -0.19402226684365587 -0.24507381503912115
v -1.6907808741777652 -0.19355748658952163 -0.19852643010813498
v -1.7861239933545723 -0.21502259326939793 -0.24379132918023422
v -1.7853897717316165 -0.2153455087014791 -0.19628911696960025
v -1.6957895623431332 -0.024558997666738417 0.2387052717375731
v -1.7335014234429909 0.017720555631518777 0.23716748008914754
v -1.6739301178919594 0.016880793582805583 0.23727117316521168
v -1.718414352406558 -0.06649591995231902 0.2411020256519128
v -1.6581341081937 -0.06874567942134642 0.24164051876311995
v -1.679772839114911 -0.051511753142363795 0.29027365536609934
v -1.6899680025238586 0.0010796278261970497 0.28735140771707424
v -1.7028761066987297 -0.05122814919986013 0.19176886061044285
v -1.7117685537706027 0.001076549381251967 0.18959807976857707
v -1.6547577478460094 -0.026001282263826593 0.20912469768425843
v -1.6410955862577583 -0.02614513783100279 0.2703503853394613
v -1.7518587293493995 -0.023564592006928103 0.2091835809143727
v -1.737758624285289 -0.023676167791255996 0.26919069572395043
v -1.6489897593226668 -0.20704950533520639 0.6205074855626135
v -1.690144878825977 -0.14833917045211426 0.6197822157215024
v -1.6188951595169383 -0.15809171092107094 0.6173410949772672
v -1.6804148368809266 -0.2568735888036125 0.6231842238543263
v -1.6083532506641633 -0.2658106693114689 0.6187394413915849
v -1.644276758115854 -0.24023391249456127 0.6750226084954597
v -1.6496428586871825 -0.1735561390128795 0.6741735706358762
v -1.647849030868355 -0.24070117927803047 0.5655871589160987
v -1.6549999202431784 -0.1738692704691297 0.5634996760137944
v -1.5934456701795765 -0.2150062637170749 0.5835208935780757
v -1.58971851731325 -0.21490229053346385 0.6512222359814295
v -1.7082181425129568 -0.20012396827806447 0.5887607713180786
v -1.7065217806998443 -0.19966038307322573 0.6570531548515629
v -1.734151492209483 -0.12944754281793835 0.8863934460509216
v -1.7511808673298188 -0.09354355487728112 0.8842139566604407
v -1.6937664256870766 -0.0972138821675745 0.8902614585686329
v -1.7739880476190557 -0.16000781229922525 0.8826885540522496
v -1.7168157367321708 -0.16471299050158486 0.8885226424304861
v -1.7488251343538797 -0.14608583364624778 0.9233703720990493
v -1.7346054875779862 -0.10527565258631284 0.924324706556549
v -1.733369217136183 -0.15385497508338247 0.8493226066013015
v -1.7193146053982238 -0.11190096068644806 0.8502314963387438
v -1.683197319459143 -0.1340876011445934 0.8689913524773012
v -1.6925465966357245 -0.13030068915052018 0.9140524713141103
v -1.7756497618198792 -0.12784478216602224 0.8587710834814258
v -1.7852762747971906 -0.1228528172632313 0.9051665392249482
v -1.3331273308266967 -0.4396405909051488 -1.5503760490521632
v -1.350199106207644 -0.3863460056012516 -1.545458140149444
v -1.2941979014998626 -0.3859218708958558 -1.5378308244177403
v -1.371311255633473 -0.49346771260260397 -1.5610396275231122
v -1.3158166416925783 -0.4922275146864947 -1.5543785196368152
v -1.3458278464635998 -0.47326800228581883 -1.4968381515383715
v -1.3325721637492092 -0.4073754542703287 -1.4871307383394556
v -1.3325137598785821 -0.4720324233356481 -1.6129632144588466
v -1.3194043472681467 -0.4060696060451158 -1.6027797489533384
v -1.2837203301251456 -0.43862745274374043 -1.5802031274219723
v -1.2919910441379148 -0.43934235065271715 -1.5082087609453019
v -1.3740333565223688 -0.43986544599405564 -1.5914885159688066
v -1.3819750713087278 -0.44080253565153416 -1.5201662324524428
v -1.3604278267827923 -0.5229277449425097 -1.2034802077497069
v -1.385375643713733 -0.4688677766783363 -1.193027312096118
v -1.3232369526962027 -0.4792435021905679 -1.1986994734834175
v -1.3997380689581425 -0.5648096115692215 -1.208046525775382
v -1.337042455890004 -0.576244513729354 -1.2128655350088469
v -1.3716816296586178 -0.5490840124147695 -1.1509320763271484
v -1.3635019557600008 -0.4888701197645937 -1.1419437449712608
v -1.3593426768249193 -0.5549270029223089 -1.2653182287878806
v -1.350054319543663 -0.4959060385030508 -1.2563689582027568
v -1.3069135354283463 -0.5332588710733718 -1.2429351082310562
v -1.3148732246101942 -0.5289149919912187 -1.1724694778560438
v -1.4079252607964972 -0.5153565317332268 -1.2347521091364717
v -1.415897788893082 -0.5116707172449572 -1.1636584472960336
v -1.3432817135257968 -0.5167270312174895 -0.8218564279900754
v -1.3714943041465883 -0.46199111168685214 -0.8215152328655368
v -1.3115177592667056 -0.45905764140918803 -0.8280933823700865
v -1.3756884100849662 -0.574805385995277 -0.8140116752537463
v -1.3155912242785857 -0.5705683630402427 -0.8216710607854728
v -1.3421523417174257 -0.5597286958135302 -0.775246569543251
v -1.3396960462536145 -0.4903889545190028 -0.7794309101100103
v -1.3474114287170698 -0.5435673605807002 -0.8638342028472903
v -1.3448168711000008 -0.47425590181774885 -0.8684124242793848
v -1.2964342704682048 -0.509215567783751 -0.8547925251313904
v -1.293398182567307 -0.5191583799538876 -0.7996810136608845
v -1.3937389241736646 -0.5149865025210872 -0.8430095854002418
v -1.3902200116302663 -0.5249449830771133 -0.7884231963745639
v -1.3554933808022132 -0.41979948055940797 -0.47358416308342827
v -1.3774597075011732 -0.37101435916492675 -0.46854047856331554
v -1.3204113203080907 -0.3810327446297775 -0.4758496209133185
v -1.3896886739428638 -0.4600646323465863 -0.47083331524780325
v -1.331560699211603 -0.47063813369784807 -0.47839543725434375
v -1.3688315382697984 -0.45292766064144346 -0.42344276268535486
v -1.3623144616515968 -0.39831840225026066 -0.42204401360795357
v -1.3482706517006753 -0.44270198895576807 -0.5244660801685398
v -1.3403492040675848 -0.38694774296648515 -0.5229522006914843
v -1.3014957140979144 -0.4248987369775202 -0.5102129535203836
v -1.31495937316312 -0.43242450997656573 -0.44808477859402635
v -1.394910940949819 -0.4091016806225814 -0.4984729438068569
v -1.407783120962032 -0.41495109744670505 -0.43582626360144183
v -1.326240533390067 -0.4802787020800146 -0.17870413831766768
v -1.3576565572429806 -0.4479706407596632 -0.16795773243695977
v -1.2990022670828194 -0.44266254706429803 -0.1609803221348084
v -1.3515194646424082 -0.5187916232059684 -0.1959119486812728
v -1.2949008570004297 -0.5131079539904654 -0.1896284661816607
v -1.3329786092943603 -0.5080660153720615 -0.1324041750871042
v -1.3352476555875248 -0.464642305873321 -0.11437257251911859
v -1.3144453193219123 -0.4972785005129222 -0.2426686066234552
v -1.3185339529713667 -0.4532560308542897 -0.22565167286016558
v -1.273153616897727 -0.472578486717599 -0.20775430074863352
v -1.284593558479251 -0.47983502122406346 -0.13908704387546572
v -1.3668876687527438 -0.4818785923534844 -0.2183125980618658
v -1.3773708598726027 -0.4884016693138228 -0.15002405624153736
v -1.2906503207189346 -0.43842685335451026 0.2727758636161482
v -1.3235964739446762 -0.4087495127381915 0.2752960874949128
v -1.265191565107516 -0.4090565324489423 0.2800226272136444
v -1.3151670457581 -0.4689422117601651 0.26681476876962024
v -1.257438535718286 -0.4696516450897482 0.27097831557139246
v -1.2879779958158433 -0.4494664482614785 0.30129767718732364
v -1.2926414316737571 -0.4116881749652133 0.30734047049947966
v -1.2890190307870872 -0.46533950286151865 0.2394344006962261
v -1.2942913406397039 -0.4285355778524919 0.24421507338293183
v -1.2437997074955374 -0.44424619230288986 0.25743607614453945
v -1.2435733906168527 -0.4339528463781688 0.2958159565957402
v -1.3383554985035881 -0.44336936345757305 0.24990097130614394
v -1.3368059069542806 -0.4334080672076366 0.2887352928571909
v -1.3111514284333892 -0.5176280386382114 0.6070688742652526
v -1.3438128178589885 -0.4637887138829968 0.6093769162609963
v -1.2830012474474535 -0.48301913665460666 0.6037004334718468
v -1.3377485024438371 -0.5525745469336123 0.6124860801440677
v -1.278671034313677 -0.572158697598255 0.6054782866236754
v -1.3132418982257221 -0.537272797055301 0.6488381061528088
v -1.316155511239912 -0.48235663959044195 0.6469662572363043
v -1.3058411464584299 -0.5530824847951789 0.5682674255720074
v -1.3094118883974586 -0.4978732814081669 0.5670734955211165
v -1.259927054180195 -0.5383645537700694 0.5777889137268684
v -1.2647882296344963 -0.5279242261114704 0.6277927716955286
v -1.357462748594048 -0.5062473368589474 0.5884953599184051
v -1.3613418326730007 -0.49728709578071506 0.6377638490774427
v -1.295484595090639 -0.472058961387108 1.0039618366947833
v -1.3056375916938086 -0.4190266860037575 1.000257403064547
v -1.2505473661761455 -0.42173820446879373 0.9906992248444006
v -1.339318647156372 -0.5219214377994389 1.0162609267336846
v -1.284498245651479 -0.5264591468386074 1.006244868664739
v -1.3034584787329981 -0.49507698638250336 1.06275261645838
v -1.2826141115592478 -0.4308384635048989 1.0524777067623547
v -1.3081877021403707 -0.5146847180996126 0.954454471967827
v -1.287222269565142 -0.45063695956656163 0.9453241379995422
v -1.2516523878671788 -0.48197928778843585 0.9626767110276392
v -1.248849114736185 -0.4686967592442497 1.0289888497613262
v -1.340700058656672 -0.47496604164607314 0.9782159066103642
v -1.3377132389314166 -0.4639920554204756 1.0450647291970774
v -1.2096521646336524 -0.16500694322029996 -1.527465534340555
v -1.2457011302772092 -0.1137273540966234 -1.5119442903788642
v -1.183050737203854 -0.12404612850366956 -1.5162749724729367
v -1.2364815543950978 -0.2049779403725067 -1.5400793259774894
v -1.173450204327125 -0.21560199211506853 -1.544392463176262
v -1.2094224750662752 -0.19379503658770644 -1.4770188358187892
v -1.2145724770435355 -0.13778159372216425 -1.459780142790676
v -1.2044935722216175 -0.19296604848423257 -1.59648176941769
v -1.2108519211710032 -0.13610546491512157 -1.5788585601417657
v -1.1574775533825186 -0.17350640532587402 -1.5679504757727616
v -1.1599872723334732 -0.17362674973616468 -1.494793066042332
v -1.2590680245884398 -0.15592382514656766 -1.5615171923388809
v -1.2617665195077885 -0.1574027238366221 -1.4872084350523624
v -1.2452892227026775 -0.18148895849324168 -1.0832809567519897
v -1.2751973499440703 -0.14339418194934955 -1.0882593895370916
v -1.2215005486571302 -0.13616380674046757 -1.0790182424714496
v -1.2699419593061925 -0.22822688872017566 -1.087650883626005
v -1.216194172731387 -0.22164577490795237 -1.0789657324400341
v -1.2494588537288973 -0.20436638478718822 -1.0312193600420436
v -1.2533226006611629 -0.1519002195199252 -1.0309748622521426
v -1.2384275457162215 -0.21235787681790436 -1.1353859110284918
v -1.241141971956219 -0.15957368693114243 -1.1361367502105422
v -1.1992133404824288 -0.17916574968034632 -1.108624283803693
v -1.2056498663994792 -0.17359871830937895 -1.0439618429462771
v -1.2853613958564465 -0.18956724120397203 -1.1232275196275179
v -1.2932208033576393 -0.1855070543189673 -1.0585309714606193
v -1.3574260974421242 -0.096568033677173 -0.8517082699008736
v -1.39357841605993 -0.039728660834498525 -0.8536727444512223
v -1.325290031492354 -0.04141947844189576 -0.8483125567391303
v -1.3893513702811444 -0.14969481517337105 -0.853133890189703
v -1.3206583174307291 -0.15188772853306493 -0.8494473351014317
v -1.3561991038885763 -0.11304926591854038 -0.8110409660023132
v -1.3585691856464135 -0.045146665887968965 -0.8111896031682749
v -1.355077807620239 -0.14719033314121788 -0.8923015423086765
v -1.3582551900397066 -0.07885767613645762 -0.8917175519876096
v -1.301151053740547 -0.10748904640994418 -0.8733500860007333
v -1.3019229089106226 -0.08746944276714394 -0.8229387260582678
v -1.4123989045339256 -0.10527371180774948 -0.8803001559636129
v -1.4124714928479827 -0.08345273047456933 -0.8306233223260847
v -1.2847023026354283 -0.1848997939377284 -0.41798254854233685
v -1.3192465060728111 -0.13553493376516626 -0.41939761247659096
v -1.2564715446090113 -0.13492674220786527 -0.42613435225203083
v -1.3113807705596372 -0.23537282976599 -0.41148829123890074
v -1.2498214661982803 -0.23499727502535944 -0.41781432866589996
v -1.2941563771902738 -0.2178132781362843 -0.375600010924171
v -1.299222330591484 -0.1562853963092932 -0.3803780820073514
v -1.2712731125438106 -0.2128254027666426 -0.456060381462259
v -1.2751311284153686 -0.1508164076340911 -0.4612906628107598
v -1.2270943427815957 -0.18264528135850622 -0.4486423302131549
v -1.2413262554461963 -0.18580811184841348 -0.3984003887924518
v -1.327282738263579 -0.18337432435892312 -0.43767899370059915
v -1.3421813847682793 -0.18669290117869375 -0.3881087749760471
v -1.2981261994748574 -0.14064060507937612 -0.08274704510503594
v -1.318783187626323 -0.09594864017597406 -0.10024315986980992
v -1.2540441117661134 -0.0911811295359799 -0.08792431000694269
v -1.3415076898679 -0.18956370937018432 -0.07645197814776815
v -1.2765619372180081 -0.18508918551849757 -0.06456808852665194
v -1.303684572562124 -0.15746904655514993 -0.027510153577370924
v -1.2892379519366568 -0.09944432671131415 -0.04219624277518426
v -1.3049819355777719 -0.18080415093016622 -0.12144407966058347
v -1.2915300680555242 -0.12283549167401223 -0.13580985635660858
v -1.2458593586211346 -0.1433246565448915 -0.10154090173550925
v -1.2450999918566101 -0.12894878852977612 -0.04399931778261739
v -1.35112714516516 -0.1508820891415806 -0.121548707825647
v -1.34967922279374 -0.1363761763906354 -0.0632093963346909
v -1.3247425289604804 -0.12507661265028638 0.23520282971549586
v -1.3629086963511563 -0.08154916662519984 0.23321120018686023
v -1.3075138759031009 -0.07321524740925826 0.2320751461129232
v -1.3402456036943013 -0.17623171806183652 0.23703514307638676
v -1.2853881086553283 -0.16639685311416477 0.23689985916020817
v -1.312743246350872 -0.1525552673688378 0.27884427645101906
v -1.3269440868692646 -0.09538115383992167 0.27734676472214037
v -1.3223176651811215 -0.1548633204942125 0.1935317699063047
v -1.3357966648510229 -0.09594911231823061 0.18975680517724972
v -1.281972752228751 -0.11732826439223393 0.20745468976799755
v -1.2770870429637469 -0.11627721380386147 0.26143977410060354
v -1.3719650739791391 -0.13187628857286074 0.20909290270709965
v -1.365463624620497 -0.13114961417138274 0.26190052208549125
v -1.2386609985709385 -0.22194796686558968 0.5694027061476619
v -1.2532648545137999 -0.16193872752530714 0.5480636423391686
v -1.1973922408644448 -0.16303814905811423 0.5669987399962296
v -1.2807871923081195 -0.2790171166371183 0.5710959415456902
v -1.2249339082367061 -0.2805187299506419 0.5900018206983022
v -1.2519211065132725 -0.2517271577775392 0.6232211902323969
v -1.2347328162526148 -0.17866124550796547 0.6090342381071469
v -1.243444000765444 -0.2639366843181943 0.5283271509227381
v -1.2266097732238 -0.19201872839059494 0.5141057375418912
v -1.1911487373984568 -0.22639311372691642 0.5550694864795144
v -1.196470143780419 -0.21834646475588998 0.6137619382085779
v -1.2816241711982073 -0.22430799800976017 0.5244122141795837
v -1.2866033508379482 -0.21639844943855072 0.5830311946278575
v -1.3576599570701107 -0.18228453589363888 0.9339215321505288
v -1.3779717541481977 -0.15341859818855771 0.9516479425097252
v -1.3292280080101488 -0.14251655163164798 0.9436407701484921
v -1.3868545159561747 -0.22248351873237487 0.9228556821707339
v -1.3355382641298044 -0.211191338854673 0.9146338197514129
v -1.3624537850663494 -0.20145394000724434 0.9684912257932606
v -1.3572037449619776 -0.15911977680939113 0.9866890494562812
v -1.356979154531021 -0.20683817029767532 0.880447271616434
v -1.3528090427997712 -0.16403718018149166 0.8980068568093865
v -1.3155421166164045 -0.17537306620893806 0.899084527089818
v -1.3190340544864936 -0.17172980471458726 0.9543518344102798
v -1.3969293623675807 -0.19299707709779618 0.9128734817502437
v -1.3994944378811995 -0.19020546217572137 0.966754423971707
v -0.9633864025418882 -0.6294706813070395 -1.3765935745176814
v -0.9956548226421551 -0.5928035169997764 -1.3657339823188104
v -0.9294534921641555 -0.5754709667741817 -1.36698368096594
v -0.9956671061318583 -0.6832747519537834 -1.3868969978045498
v -0.931076032508635 -0.6661248498732385 -1.3891363016162546
v -0.9710272604639297 -0.6634372224570209 -1.3373228989750179
v -0.9709045410386735 -0.6076337351581466 -1.3231081674894858
v -0.9555937624067856 -0.6509515092950037 -1.4297960898599353
v -0.9545861467770661 -0.5948630648999218 -1.4172514270469283
v -0.9051685832718946 -0.611032095330115 -1.4072714001050228
v -0.9148957412500415 -0.6194075755177 -1.349535917272115
v -1.010933739818085 -0.6395269820827021 -1.40451050983781
v -1.0208756212722716 -0.646791446492578 -1.346756905680276
v -0.9618732320400264 -0.426586828936468 -1.1700206525991959
v -0.9936270686197025 -0.3744141340079258 -1.1635643620355922
v -0.9182680870430991 -0.38244501596974584 -1.182447486751249
v -1.0056436107729292 -0.4713170591825746 -1.1586347784817241
v -0.9307074320168387 -0.479475032630948 -1.1769427223712845
v -0.9655819824202285 -0.476143381881092 -1.1092380474938996
v -0.9577778470317427 -0.415855627750075 -1.1128028980440012
v -0.9669630366983168 -0.43706731042308133 -1.2276489591697999
v -0.9596642247835936 -0.3774506070903287 -1.2305619519526458
v -0.901906030002206 -0.42110460185369136 -1.2216563232997302
v -0.9009863648285132 -0.444926473206089 -1.148396066177719
v -1.0235996673658245 -0.40804299505971664 -1.1912982513609003
v -1.0225046896695327 -0.432083715924613 -1.1186221596826378
v -0.9781618689911081 -0.5395592242657665 -0.7378638096417636
v -1.0250219976412354 -0.49136024226255387 -0.7429312261773507
v -0.948567731155837 -0.49089913409283803 -0.752863799031242
v -1.0078715310470603 -0.5890894575394088 -0.7241319052008789
v -0.9307480815829927 -0.587773449568304 -0.7335614700793149
v -0.98633226192749 -0.5776882515038978 -0.6891464720349106
v -0.997267305536979 -0.5169768180138828 -0.7008512087097469
v -0.9589545219261153 -0.5614850315415273 -0.775687268484743
v -0.969672728097441 -0.5017828428647696 -0.7875639687022441
v -0.9072304215083082 -0.534672632044639 -0.7728821200932964
v -0.9235579612190717 -0.5436737927273398 -0.7196582334220865
v -1.0307798071155307 -0.5352432335379649 -0.7575328360911057
v -1.0484929641626564 -0.5457301004253342 -0.7035654425628166
v -1.036163632021089 -0.5531376708675914 -0.42568966073523357
v -1.0626295711767093 -0.49080704428039745 -0.4375691341441764
v -0.9884616216651411 -0.49683154593447637 -0.4413922123964595
v -1.0835575420686985 -0.6118358521333759 -0.4094639847896055
v -1.0093624209340406 -0.6178296921059859 -0.41437350849066457
v -1.0354162772051565 -0.6037165614190575 -0.3681774442595508
v -1.0221030030631664 -0.5292009268291796 -0.3859060141604407
v -1.0487968296849373 -0.5790676545028128 -0.4660299521783536
v -1.036272099079644 -0.5039477492602336 -0.4823478420777321
v -0.9805160268755468 -0.5509085355348252 -0.45895645212966274
v -0.9717613063476217 -0.5663420183194496 -0.3986233950266549
v -1.1002668148045034 -0.5410913028817866 -0.4515751988198592
v -1.0920401074699613 -0.5566133750653982 -0.391860754340369
v -0.9074757511358312 -0.47938718461691443 -0.016664392263605304
v -0.9198538503423511 -0.4282084045736079 -0.030315922188450597
v -0.8637105782783149 -0.42460447878105095 -0.019289631207146433
v -0.9523392852654469 -0.5331868682983255 -0.014799300991113996
v -0.8962267289631377 -0.5293755487509938 -0.005065159474184605
v -0.9253924396747468 -0.518035888503926 0.0388322144550066
v -0.9048027891848824 -0.4535982740081543 0.029385821500972624
v -0.9115000924333653 -0.504604610760466 -0.06370505868009152
v -0.8920628662715647 -0.4394098081435532 -0.07254636868438649
v -0.8585314984852791 -0.4713939120921731 -0.04081989772827156
v -0.8667793881816548 -0.4808375147896485 0.022798091776573774
v -0.949341824345453 -0.47825271560956906 -0.05716335213225615
v -0.9576293887453168 -0.48584336308537346 0.00554963545947745
v -0.9443116377421382 -0.5627132200572552 0.2080390512558137
v -0.9705210072613206 -0.5256819474712947 0.21216336707797318
v -0.9112427837273781 -0.5106388098042065 0.19630388623967693
v -0.9769911008008048 -0.6147640751438772 0.21745499557201353
v -0.9174255424773488 -0.5993782462745976 0.20321798437252128
v -0.9514434597779944 -0.5777029551431757 0.2619155874599891
v -0.9473393593465899 -0.5232030512896578 0.2582237402004952
v -0.9409172736679345 -0.6027633177706213 0.15659027382313828
v -0.9371364210019545 -0.5474950467695137 0.15282313795399896
v -0.8929769634952863 -0.5584340681277997 0.16272494129913248
v -0.899616592727417 -0.5424502781176127 0.2279387980992168
v -0.9892995371623343 -0.5823078158467556 0.18738546938684558
v -0.9955028071502392 -0.5677056860470503 0.2522992267152494
v -0.9177222608826194 -0.4607473961807737 0.5611571745679353
v -0.9333273790853095 -0.4228192226373876 0.5485328131862609
v -0.8903676341461247 -0.42218737480756857 0.5550182478969469
v -0.9468305033179006 -0.5011944189031323 0.5674481746991896
v -0.9034608945457009 -0.5000002975882362 0.5742100923961186
v -0.9186543663412453 -0.49176485578396484 0.620221727833222
v -0.9106465926203469 -0.44340597586892466 0.6084315786760807
v -0.9252299750537354 -0.4794333794721372 0.5144701186316072
v -0.91676648101588 -0.4311876581049949 0.5028659457062179
v -0.885086283662189 -0.4565599880922287 0.5345991662185192
v -0.8810866069807057 -0.46438207932278924 0.5992464579462298
v -0.9548512804324986 -0.45831148578800013 0.5232318004136939
v -0.9509823908450562 -0.4656504574108333 0.5892092889250125
v -1.0010722988471947 -0.4759683079865771 0.9533250149556166
v -1.0234727980811353 -0.42744763331540164 0.9539601289642173
v -0.9703177345553154 -0.4274633240498334 0.9593456773432878
v -1.0319994576451783 -0.5247501223642159 0.9470982225794341
v -0.9802354573380233 -0.5248422174850743 0.9536113601419919
v -1.0106252481687898 -0.49529755286267263 0.9985168257792915
v -1.0047540813826068 -0.4347814988572256 1.0021318508383215
v -0.998529660441282 -0.517684351858025 0.9043571767332057
v -0.9930011695927592 -0.45780966393342615 0.9083995725231258
v -0.9551392706159029 -0.48358231717499267 0.9289785532764825
v -0.9632916438119943 -0.4695055939628991 0.986919858695881
v -1.0407643810331995 -0.4833592901533214 0.919224363800733
v -1.0474226526254717 -0.4693094985593341 0.9774706899699686
v -0.9850702945916803 -0.1870717889803608 -1.501588810529234
v -1.0030027096332377 -0.13096960818658399 -1.497716083226866
v -0.940259148837859 -0.13545869075654193 -1.5088033626963206
v -1.029653848733555 -0.23725301219950365 -1.492896915367578
v -0.9669000163091206 -0.24228887638454286 -1.503586502684366
v -1.0037752746138509 -0.21626384731089984 -1.451335556782667
v -0.987711348036888 -0.14976829546492187 -1.4541500040963238
v -0.9829887990757885 -0.22277202919643885 -1.5484941027122836
v -0.9661577658684666 -0.15768338373173726 -1.5518623781876737
v -0.9271976365376936 -0.19336660471188016 -1.540495162335649
v -0.940092973231754 -0.18904626674504513 -1.4799043362320257
v -1.02853473175197 -0.1858267282717397 -1.5224058933676587
v -1.0418208426771547 -0.18120878090521328 -1.462688660839652
v -0.9057244663793136 -0.10376903303064124 -1.1799269167472972
v -0.9277903391747503 -0.05370893151503983 -1.181934188885227
v -0.8792270365971323 -0.05595559228770347 -1.190879379891742
v -0.9318728494171787 -0.15143858903909477 -1.167396287947081
v -0.8837633431398447 -0.1531971383227102 -1.1760669201669967
v -0.9204689807471121 -0.13628565020578842 -1.1289188640772516
v -0.917269227921338 -0.0762440650489521 -1.1382266128675826
v -0.8929863885899701 -0.1324585908712939 -1.220305560270238
v -0.8907749549718713 -0.07191742603300477 -1.2293012392880873
v -0.8576532025792741 -0.10475871245786618 -1.214543332641633
v -0.8745176593772495 -0.10652184908232956 -1.1581985378940165
v -0.9361160264213386 -0.100779534972185 -1.2002919066507292
v -0.9525875539187388 -0.10408856596723162 -1.1439071757067387
v -1.012261070637645 -0.18079813303063674 -0.7765774341986703
v -1.047419309707365 -0.15494053736321237 -0.7757354947077104
v -0.9849561488054231 -0.14536191482172067 -0.7824273351007172
v -1.0398864017876668 -0.21600876753831977 -0.7709509149943342
v -0.977403982653262 -0.2066835767252897 -0.7785884680096425
v -1.0044222820452617 -0.20668392146320957 -0.7375807555363196
v -1.0089754121107053 -0.16945310767034288 -0.7398605152250903
v -1.0153837554063196 -0.19297670641472284 -0.8141682063778769
v -1.0202645011335811 -0.154546581030501 -0.8172638434259157
v -0.9654704751268516 -0.16846086031858468 -0.8073053134478423
v -0.9582221023189864 -0.17687261041440142 -0.7586120493651922
v -1.0661296527732274 -0.18333674461545427 -0.7946474594565565
v -1.0596293606428213 -0.19269730805082805 -0.7482026463341361
v -0.9170426978144702 -0.16203845229776556 -0.4702029620525042
v -0.9370160509102242 -0.11082680816976243 -0.45874180834046485
v -0.8876192139621838 -0.11918481074144896 -0.45711419621228494
v -0.9476764580274532 -0.20423431273351103 -0.4830807167376718
v -0.8977929404445257 -0.21293512272613907 -0.4817010532460902
v -0.9143330343891845 -0.20399572768343865 -0.4295585951540923
v -0.9081117055931608 -0.14638137338745658 -0.4151954099931855
v -0.9263022614641194 -0.17730057173742622 -0.5252382982802783
v -0.9196729926302473 -0.11928419749100336 -0.5094028106765789
v -0.8807183149428343 -0.16046953159215444 -0.4976269167345452
v -0.8729914540645716 -0.1767264381017252 -0.439755298558969
v -0.9606509895597446 -0.14635281341702902 -0.5008645260771887
v -0.9538352074322732 -0.1631973486487673 -0.44138004605378467
v -0.996084651115506 -0.11972656405522851 -0.10419222332054308
v -1.0420925737488023 -0.06747849963733875 -0.11173153708823717
v -0.9673705854561907 -0.06872857213454625 -0.11227588986375772
v -1.0246003118442546 -0.17097548499593648 -0.09519029208146042
v -0.9505657341419509 -0.17218054424169793 -0.09595768491438646
v -0.9867412868492254 -0.15511822119075247 -0.03725362797164552
v -0.996488638743689 -0.09051204165442935 -0.04700679157701305
v -0.9947876523240341 -0.14810714064597205 -0.15952932984932136
v -1.0062025830148307 -0.0847918121322836 -0.17015152071828
v -0.9386568297632197 -0.11933472592835588 -0.1415574540965636
v -0.9329757617292435 -0.12299450968103369 -0.06652445139435077
v -1.0588285944921696 -0.11691926482411737 -0.14134884829722613
v -1.0536367706328902 -0.12117351782375148 -0.06470009581997294
v -0.954328379619447 -0.15019353470583194 0.2087086558805709
v -0.9828868314852448 -0.12037988118970705 0.22788193639232182
v -0.9234286029472598 -0.11733251817917277 0.2129373509025367
v -0.984912235251086 -0.18397541647330212 0.20436764721229755
v -0.9264122645845203 -0.18055538780784658 0.18878485015059362
v -0.9467384708582037 -0.18651778985983425 0.24320346509422264
v -0.9460186440313525 -0.14721544798035768 0.2580921772548262
v -0.9631102440763274 -0.15393597015583357 0.15897878960365863
v -0.9606739601157835 -0.11478480640612605 0.17345612531844987
v -0.911467718929367 -0.13796694106569038 0.16995053091378787
v -0.902075390604769 -0.15779154632046324 0.22232840153862798
v -1.007141022295793 -0.14299503870909405 0.19491728036763728
v -0.9973852608045077 -0.16329854721905615 0.24682877876641893
v -0.9577686765839425 -0.1318720341827203 0.5371101290924459
v -0.9887792069091048 -0.07637616140597789 0.5473889126233805
v -0.937077469356383 -0.07719690595419262 0.5328414968605106
v -0.9790607017338834 -0.18743513539793136 0.5395374953975253
v -0.927379244389185 -0.1887835130597631 0.5254399822560496
v -0.9577187981257137 -0.1622148885176049 0.6005386607945015
v -0.9635955807993537 -0.09389804893558469 0.6049823052729377
v -0.952761621202072 -0.17057620907387572 0.4680732399697962
v -0.9589531276715452 -0.10131799337718662 0.4730105241631491
v -0.9147324937521453 -0.13554220711600448 0.4837131846936319
v -0.9183746620435264 -0.130199782373245 0.5658156424035968
v -0.9991583218257621 -0.13323749437512641 0.5073943187559441
v -1.0014104866116205 -0.12885534298626508 0.5885859062576521
v -0.9229185181312282 -0.18877946354483519 0.938651472407987
v -0.9414647633346002 -0.1450945286197896 0.9294362849971686
v -0.8859676510864679 -0.14497882400140355 0.9363602896220867
v -0.9596226738746908 -0.2307272079142983 0.940328510534462
v -0.9049393579938346 -0.23248916941986972 0.9469565529868152
v -0.9235477232576431 -0.20221407093032737 0.9653979224336489
v -0.9124891997247849 -0.14897474178006023 0.958721312290531
v -0.9344952699695278 -0.22755437711136223 0.9187159173673778
v -0.9225439540464068 -0.17382785892936603 0.9121129061751033
v -0.8824767114928523 -0.19607499744968834 0.9296407235077587
v -0.87595819839236 -0.1811889016553086 0.9590945714225245
v -0.9716266231276243 -0.19537339197810655 0.91931057363094
v -0.9651474184956357 -0.17921461827967058 0.947520413132946
v -0.6328060689494053 -0.445676676742315 -1.4901719663872564
v -0.6531239863347983 -0.3989685179772561 -1.4845236567859006
v -0.6067086200662277 -0.402116014090549 -1.4805429589014447
v -0.6578081434127161 -0.4880885166713639 -1.4997427132923782
v -0.6124228018876017 -0.49099999698860863 -1.4959404685444249
v -0.6459944419583589 -0.47485996854770096 -1.44675458267852
v -0.6422437458576408 -0.4204530806785524 -1.4371442325386259
v -0.6216306350222182 -0.4713319150362274 -1.543232403255338
v -0.6188550849826525 -0.41575040504197813 -1.5338668338534673
v -0.5883856570696765 -0.4459462047898634 -1.51652977879328
v -0.6025570396879496 -0.4489748488996074 -1.4571490790930637
v -0.6621097808906523 -0.441555063393555 -1.5231441357418207
v -0.6774199864067219 -0.443579632013355 -1.4632315168928465
v -0.5963141232816342 -0.60174609005162 -1.1490307752259532
v -0.6355868158189225 -0.5495306208952138 -1.1485170911386686
v -0.5611699477510299 -0.5506236502582313 -1.1489672570534533
v -0.6312226498537781 -0.6512692490420895 -1.1494552650436112
v -0.5560329970188714 -0.6536681542066913 -1.1492159674143716
v -0.5891638135409607 -0.62266729617622 -1.0906733197906844
v -0.5918447515515243 -0.559229011911851 -1.090950573865177
v -0.6002724453912024 -0.6433928272399355 -1.2082168585456106
v -0.6035313914249256 -0.5801382489132147 -1.2073237640014083
v -0.5391450688251099 -0.6092362596266212 -1.1853945468372242
v -0.5322008903841399 -0.5963152719395249 -1.1135667567087457
v -0.6603833387049061 -0.606425535753065 -1.1856295132482322
v -0.6532592712562684 -0.5935323143938628 -1.1128945359889122
v -0.6850523611775529 -0.494006593101677 -0.8322026928007371
v -0.7056288192465976 -0.44395515911014255 -0.8319810460389266
v -0.664381881010077 -0.446571415266516 -0.8282428204460983
v -0.7056976328455979 -0.5416777447079132 -0.8357819793880171
v -0.6646614009932225 -0.5457884568072882 -0.8316527197584908
v -0.6869285972596938 -0.5103022134291471 -0.7890197810660999
v -0.6869876855327559 -0.4499734081410228 -0.7863140276076258
v -0.6836899909019929 -0.5391705850002042 -0.8759773781307532
v -0.6834341772212368 -0.47774292143447034 -0.8743290129737072
v -0.6508731394750836 -0.5055250831386165 -0.8555521857008409
v -0.6533626575483638 -0.4880559910036233 -0.8015452978080225
v -0.7179978404960299 -0.5001968573730204 -0.8618492369067432
v -0.719633084761227 -0.4825789169062301 -0.8078085462538712
v -0.5784103062272977 -0.48130128387794985 -0.4687670489791676
v -0.6005222892213642 -0.44194032750421797 -0.4700571313772672
v -0.5470085136612549 -0.4411140643364753 -0.4699266155881473
v -0.6083778379637397 -0.5221054466356293 -0.46731647126134884
v -0.5559433311128137 -0.5209984906390375 -0.4664706911970646
v -0.5760516411226704 -0.5028552730050793 -0.4237057316711677
v -0.5711680155892387 -0.4539404446398355 -0.425794004527745
v -0.5857833511966632 -0.5085164727152118 -0.5109686525764862
v -0.5802993256472844 -0.45853893320571226 -0.5127705280524277
v -0.5380233447342776 -0.48157510269309095 -0.4943492747196384
v -0.5322179149019493 -0.4792913793292114 -0.44083848474757586
v -0.6238019535279289 -0.48408129295093 -0.4954218870039959
v -0.6180711471921849 -0.47997346644961814 -0.44124920106025545
v -0.5987737292964543 -0.5039166228399229 -0.12464649298788645
v -0.6139501951904803 -0.4602718556810919 -0.11427166536167857
v -0.5685671237673003 -0.46782319250848975 -0.12386690758343612
v -0.6266969741093108 -0.5409308006058785 -0.12494184746647972
v -0.5833415010586611 -0.5483740066726317 -0.13593004704135436
v -0.6060481590077397 -0.5298678358237923 -0.0773719426255436
v -0.5973416644456209 -0.4800614134754395 -0.07093489708149034
v -0.5983054265765589 -0.5286342943828756 -0.17910415074021874
v -0.5899183439672819 -0.47879535619578256 -0.17142848824403473
v -0.5594501834264729 -0.5094760710603047 -0.16432809471695387
v -0.5645460785209233 -0.5109497526987671 -0.10163410621013005
v -0.6316363073932889 -0.49809000526365177 -0.14736964107020067
v -0.6359179072008035 -0.49812528946700785 -0.08510275129450351
v -0.5781359618739771 -0.4719535374976156 0.2765411980582332
v -0.6158995119373122 -0.4116588100321338 0.28467129674839603
v -0.5429084798215487 -0.40685428766835235 0.28890123153272246
v -0.6119168777951073 -0.5349776766059987 0.2658221015544512
v -0.5396430258026613 -0.5298907629705681 0.2702673309477791
v -0.5789956064478001 -0.5001405464293449 0.33488384178693237
v -0.5805946382508109 -0.42377317547308835 0.3460647449637524
v -0.5746576234850027 -0.5181856655497571 0.2077634501263158
v -0.5776531812291975 -0.44228380995765065 0.21977881364336782
v -0.5184819906279656 -0.47332257079621565 0.24168742593656736
v -0.5203327139120469 -0.46195717364605776 0.3199614718783767
v -0.6355243292851511 -0.48130066694911355 0.2346327765740071
v -0.6382787303577853 -0.46999055534192796 0.31297873171392104
v -0.5212191923897787 -0.5259252613374115 0.6102133175037148
v -0.5549046365760545 -0.49234710962101014 0.6214878768511173
v -0.5075725015327107 -0.4897790829293857 0.619263211352966
v -0.5357493526287691 -0.561904263580645 0.6024008270550367
v -0.48812528408270117 -0.5595117726053321 0.600937657129912
v -0.5190235080290263 -0.5508252284269428 0.6564036936566023
v -0.5312982402986891 -0.5075092827736908 0.6674668036735535
v -0.5125090364470817 -0.5434115164045109 0.5531127392681449
v -0.5241481887750482 -0.5005378481560044 0.565187690648641
v -0.4807766640208196 -0.5207841893579469 0.5772700165898486
v -0.48572998033465214 -0.5262559957443522 0.6408536334713985
v -0.5582416471393633 -0.5257671467174699 0.5803076122193586
v -0.5617579353301113 -0.529209680890708 0.6438931175813026
v -0.6522381858032814 -0.5997557303518369 0.9754682912156468
v -0.6818472160936401 -0.5462916982504363 0.9731290540545229
v -0.6205547937300542 -0.556174467472392 0.9757436527786082
v -0.6843474149538931 -0.6430793436364138 0.9751227357560244
v -0.6230804488151729 -0.6531103286352127 0.9775303254394405
v -0.6606761831804214 -0.6220520714786407 1.0181753140551106
v -0.6597028008623507 -0.5623205848887692 1.0171723066711322
v -0.6450299253822589 -0.6365398825536388 0.9339915586226015
v -0.642866101497872 -0.5765462411806722 0.9328161039002848
v -0.59804242203326 -0.6116566534136372 0.9515656134314445
v -0.6083114090769616 -0.6027431660686506 1.004067437184806
v -0.6974046361555886 -0.5954699518143135 0.9479516911825614
v -0.707243595852357 -0.5865847898182355 0.9996683636604782
v -0.537326052447399 -0.14554088880615534 -1.5059104866305921
v -0.5591940916338816 -0.09531247517765386 -1.498474739448148
v -0.5131453545241996 -0.11616705332451614 -1.4996114705297763
v -0.5623444033661035 -0.17571586847097737 -1.5139179516259447
v -0.5154194518752029 -0.19681394266442442 -1.5145820805003167
v -0.5312042565370163 -0.17148361465127396 -1.4608052624216359
v -0.529505071086012 -0.12110430131639524 -1.4514689820734594
v -0.5451262758118088 -0.17095836434333994 -1.5607900890816562
v -0.5434246328072386 -0.12177309706497894 -1.5513200104638902
v -0.5041835690986701 -0.16264591356773608 -1.538382371880407
v -0.49540915541996744 -0.16317953809579058 -1.475745820659372
v -0.579052376475388 -0.12927834141145753 -1.5361136106759985
v -0.5707020171362218 -0.12869316588522048 -1.4752128792087567
v -0.6948121880534163 -0.15819942317852384 -1.0672561383355057
v -0.7256498620378142 -0.09786791602744492 -1.0642278711973903
v -0.6799190607796887 -0.09962336632444971 -1.0562508783786846
v -0.7084404513393573 -0.21655269783130185 -1.0777358507861066
v -0.6634510105617398 -0.21755559949635417 -1.0698801686183461
v -0.6868178657239784 -0.19838855393211616 -1.0179907124259917
v -0.6975468511409013 -0.12563464133856672 -1.0091489454592664
v -0.6915591555344782 -0.18966961058164453 -1.124460509383736
v -0.7015953188396381 -0.1162518502312169 -1.116603610764981
v -0.6588028801374782 -0.15651464415685817 -1.093393372966639
v -0.655783782402433 -0.16213041455579585 -1.0273575629704306
v -0.7318861885703386 -0.15434006368359768 -1.106375774178281
v -0.7294444309710203 -0.15991231470093706 -1.0401459851630928
v -0.5695789650830473 -0.10524851590742637 -0.7209261117279836
v -0.5969256697612871 -0.05308451873745416 -0.7121446702261082
v -0.5372654200874473 -0.05632065499745856 -0.7203855306990491
v -0.6016071390527818 -0.15387377056646812 -0.7205808036566522
v -0.5429967415157437 -0.1559496502270884 -0.7289096093114512
v -0.5767056804748865 -0.14344969459322782 -0.6698836923872593
v -0.5730981344583119 -0.08108769073528337 -0.6652705121814829
v -0.5662350245918218 -0.1281310143696096 -0.775581541531604
v -0.5635791265446894 -0.06649542778342005 -0.7697158213729525
v -0.5189090002964476 -0.10191723510266441 -0.7589676719975644
v -0.524560874891641 -0.11166959522101332 -0.6940814602602888
v -0.6140712045732121 -0.09815028658374336 -0.7456682151260839
v -0.6207568982668915 -0.10682504653648767 -0.6807672518628488
v -0.6345049172202606 -0.19664947815562484 -0.48197828498890366
v -0.6623745312749598 -0.1426165675798795 -0.48386407182381164
v -0.5924122980518357 -0.15443334066767864 -0.4793940588306339
v -0.6755618162611747 -0.23744984469545322 -0.4827700790151408
v -0.6051657033557768 -0.2494515644544849 -0.4801957155451625
v -0.6371607561377283 -0.23165290709668546 -0.43744221393004284
v -0.6295091378983322 -0.17294825045102682 -0.4372246665218149
v -0.6389171532008726 -0.21959660087061178 -0.525378793518961
v -0.6307050606428035 -0.16089324064139313 -0.5257228829502502
v -0.5781830783626267 -0.20179744254555043 -0.5056312192046917
v -0.576753966554944 -0.20921850581555426 -0.451016842906802
v -0.691235010251531 -0.1825856528675046 -0.511262936837363
v -0.6908055167571521 -0.18997691725447777 -0.4569300714649341
v -0.684896787482414 -0.1356340804374618 -0.06570844141711003
v -0.712644483209811 -0.08881289639644363 -0.06676785310020127
v -0.6530485032326075 -0.09266248477366006 -0.07179199511843579
v -0.7156176418029496 -0.17802039174321135 -0.0615492488945948
v -0.6563837603607043 -0.18177021403629817 -0.06638626982691334
v -0.6739917610345253 -0.1569626468052071 -0.015857660357459027
v -0.6716361912806604 -0.10165142808856678 -0.01990943709529292
v -0.6961389851189866 -0.16894197467744318 -0.11310451478358793
v -0.6946790484650338 -0.11410770315236478 -0.11566350314954901
v -0.6432662572650415 -0.1426303609839367 -0.09928471976745751
v -0.6295815317985757 -0.13463029536089588 -0.0402450963030279
v -0.7395706306259129 -0.13607990388832025 -0.09175593269314944
v -0.7254164936179391 -0.12888821272240003 -0.031586561588025114
v -0.5409232395139726 -0.15926454350500943 0.20752414478634545
v -0.5775299438148224 -0.09914380042908988 0.2069550712227997
v -0.5134477345039844 -0.0990880165460421 0.20474430111789288
v -0.568811484721605 -0.2178786662978027 0.20957655243242898
v -0.5045014822585748 -0.21828119656544265 0.20738767011711348
v -0.5408110829044853 -0.20190897192599191 0.2609067341843575
v -0.5462347816644655 -0.1291210791485812 0.2586793083313368
v -0.534421486502725 -0.18843164660570458 0.15397352176704557
v -0.5399102884348393 -0.11432463935140073 0.15288422454387074
v -0.4869737564053138 -0.15446367002531344 0.17204811766203773
v -0.4907434454633948 -0.1626973902322654 0.23787825072183474
v -0.5906029007672857 -0.15379861447532148 0.17555153714889793
v -0.5946760717770732 -0.162931622308092 0.241167822900768
v -0.6116578270705352 -0.2533483134174346 0.5570399316839607
v -0.649163582100901 -0.20425746108907922 0.5547210799987253
v -0.5710288869205306 -0.20954370352344856 0.5539409401771005
v -0.6512130325001322 -0.2962937048686786 0.5585695204062063
v -0.5729840429810895 -0.3008804437979945 0.559322437964882
v -0.6029216950516159 -0.2854927222696918 0.6249047319033963
v -0.6010511536845347 -0.22873376293098313 0.6227544890286013
v -0.6202756713159212 -0.27769988450483823 0.49137249557689
v -0.6197407903784741 -0.22112857816280312 0.4877920348891081
v -0.5530848496484974 -0.25470587896776453 0.514889185002848
v -0.5424597657539728 -0.25927249346523656 0.5980773788471963
v -0.6801078124766156 -0.24646528726749928 0.5151273668966299
v -0.6685111440882884 -0.25150151279678556 0.5979050535944039
v -0.5996419317202833 -0.07945741404998428 0.952237367144995
v -0.6139029236979161 -0.05119509377028398 0.9537713887332722
v -0.5729509589054761 -0.04638893914041989 0.955712011750051
v -0.6280617300330148 -0.1129631740529351 0.9491858039462232
v -0.5851812507178671 -0.10832350222359835 0.9490968893775286
v -0.5973394429516548 -0.10419119622329437 0.9826392770858468
v -0.5890730856865468 -0.06631926023441319 0.9854954059476349
v -0.6114970569758693 -0.09342048443124078 0.9184187329287186
v -0.6033364496065096 -0.054761095490912993 0.922448696475806
v -0.5704335831358893 -0.07266165681789899 0.933028037822885
v -0.5611846152568346 -0.07943559248898144 0.9722617579691903
v -0.6377964694223356 -0.08010294975158752 0.9315022364076591
v -0.6293742031740649 -0.08727536854599213 0.9708323624155073
v -0.2131167613832025 -0.6201468918436976 -1.541674487930512
v -0.2353849716084963 -0.5808363507742804 -1.5463877317523078
v -0.19354719653638333 -0.5772885092242501 -1.5412391679117978
v -0.23329041232995046 -0.6632472851801843 -1.5410344741743618
v -0.19165033813389476 -0.6600326011088845 -1.5362892105304162
v -0.22190727703290178 -0.6411572543094408 -1.4976416645972548
v -0.22327932691023514 -0.5905019405891954 -1.5004424378801133
v -0.20447062423327156 -0.650030736117035 -1.5817575875679064
v -0.205629927683633 -0.598678179140219 -1.585213198308186
v -0.1743949947270514 -0.619515557323722 -1.5640903690352912
v -0.18562677605804864 -0.6142015292271981 -1.5110924688521248
v -0.2423811911157357 -0.6248524310541917 -1.5711422565185185
v -0.25291829611311517 -0.6197527778507874 -1.5198609351995969
v -0.21725486147023154 -0.4187283846397773 -1.18338361754094
v -0.2540494973995308 -0.3779585747941813 -1.1924866381669532
v -0.20185437372237533 -0.3754262693478473 -1.1895429806710143
v -0.2303055671273366 -0.46165788156506304 -1.1759231355056459
v -0.17853235726987912 -0.4595722293896787 -1.1731071861256466
v -0.201209755582871 -0.4467993245488317 -1.1429611927647267
v -0.2161502939966577 -0.3943583756624428 -1.1537665090123372
v -0.21773413294518587 -0.4420546861824956 -1.2128904321511407
v -0.2319782366977393 -0.39075057345368036 -1.2225406016035458
v -0.17958971713051392 -0.415981101527889 -1.2024453275122038
v -0.1693824686752472 -0.41783417454395594 -1.1591653740751187
v -0.26344139486184937 -0.4190059762204497 -1.2065129899394675
v -0.2536612407822927 -0.4223344232426021 -1.1642058163819746
v -0.2873626498986401 -0.531206611134263 -0.8412400572964925
v -0.3177205133180994 -0.48046308240943625 -0.8414615601568443
v -0.25899353629716737 -0.47951504949718815 -0.8440760324246556
v -0.31641482930549275 -0.5823262870209199 -0.8393790367013334
v -0.2563270148045565 -0.582040174596438 -0.841616763568344
v -0.2977644080258372 -0.5576792827313591 -0.7958940471838556
v -0.2994388790782121 -0.4945782239987182 -0.7976824346334813
v -0.27636569682105455 -0.5672710961416113 -0.8854711767759692
v -0.2770207479821186 -0.5039545308740345 -0.8865680891180607
v -0.23240629123345624 -0.5331756156238886 -0.8712534984659517
v -0.24663681271866594 -0.5276553306053662 -0.8157312676592999
v -0.3292259909339439 -0.5344671330838603 -0.866925067224462
v -0.34208336419488977 -0.5282329499492758 -0.812077962924868
v -0.24304089981474075 -0.49539631004610374 -0.547199179214823
v -0.26955994728452276 -0.4693679474888354 -0.5401911870030038
v -0.21372433475861274 -0.4606118246909732 -0.5415699546266376
v -0.2734115251407 -0.5296475265136213 -0.5514264684956306
v -0.21842541696122478 -0.5204096564899084 -0.5527486893055574
v -0.2604441418757326 -0.5117530713690491 -0.4982974610486889
v -0.25758970320302255 -0.4738967495378472 -0.491355971980491
v -0.2293812227642618 -0.5156559697476827 -0.6023548309567626
v -0.22709182101733283 -0.4792572817162145 -0.5954963246780786
v -0.18907749595157464 -0.4889029778256316 -0.5795761857419983
v -0.20799249703036837 -0.486188434527699 -0.5157636903543605
v -0.27850970481550713 -0.5036049581897749 -0.577860678649888
v -0.29771332249592153 -0.500603220180876 -0.5129863685380739
v -0.14529124652624745 -0.4849750624634182 -0.03860731574721691
v -0.16610444388887136 -0.43673141459075643 -0.0291240392157704
v -0.1052773268502941 -0.44231306868155323 -0.02739042692699041
v -0.18648246453893558 -0.5271804816490169 -0.04944364721424252
v -0.12574149349876873 -0.5339774487095186 -0.04882890807576135
v -0.15765438209981358 -0.5236677754987463 -0.004050856803962017
v -0.14534229217154426 -0.4674874122526181 0.008823473643976908
v -0.14642294531402 -0.503016212141564 -0.08486311415281884
v -0.13357084409387196 -0.4466389318773036 -0.07198536142583947
v -0.09338489457741438 -0.48415441463118286 -0.06244672811185561
v -0.09997727748361564 -0.4964449957134053 -0.012699676871767405
v -0.19115489404386227 -0.47366678032243376 -0.06439322547845897
v -0.1987592087476282 -0.4869761256770666 -0.014385263473401548
v -0.17264747834577088 -0.525626828562791 0.24371345212006357
v -0.20099398782621672 -0.4884002227850809 0.23689978334181108
v -0.127191374554592 -0.4771452784317426 0.24025278545783604
v -0.21824844559321013 -0.5762312667270192 0.24821138355833539
v -0.14359369809179084 -0.5641527891992554 0.25181616233266046
v -0.18457790562675835 -0.542537917576304 0.3021322051111204
v -0.1739299540852873 -0.4883045313160003 0.2952720557895314
v -0.17151311797120736 -0.5645946978200969 0.19191393666013004
v -0.161319954695229 -0.5106578420089066 0.18465459201322904
v -0.10812653038546219 -0.5233930351150504 0.2127631436273701
v -0.11711730214518332 -0.5102580226313073 0.28073835635199057
v -0.22921888820063385 -0.5428511946520933 0.20682676674067543
v -0.23606111560755197 -0.5285827547541672 0.2753095362974409
v -0.33998694697105547 -0.5345314192690065 0.6425967175528206
v -0.36994814445256485 -0.4934924392960254 0.6493082214862423
v -0.32195634884958674 -0.49654529812852843 0.6509529437438252
v -0.35686956377430795 -0.571358574887455 0.6345863963731779
v -0.3086748104227724 -0.5753660175792732 0.6348396399841602
v -0.3322514819156712 -0.5628176262189112 0.6755980914259546
v -0.34068446631402305 -0.5144335808222229 0.6853963174788772
v -0.338479692155872 -0.5546002099510751 0.5997002326979056
v -0.34635850516457073 -0.5061443114007862 0.6088187606470922
v -0.30189276799563325 -0.5341114500881161 0.6194641707920787
v -0.2990477013021528 -0.5393637423971731 0.6665224692384072
v -0.38060102180815286 -0.528468946471062 0.6179183242895261
v -0.3760734005244172 -0.5335530631256404 0.6649287573763524
v -0.2421613070599984 -0.42785749300565606 0.961851708855897
v -0.2783667595113657 -0.3740508042222819 0.9715053962535786
v -0.21161684508137074 -0.3689313345839984 0.969618851874286
v -0.27214945230584797 -0.48683894176579223 0.9539745306786979
v -0.20534491177568895 -0.48340095535299815 0.951059499001519
v -0.24890873904570457 -0.46478560910232963 1.0169766822485036
v -0.2528309780055902 -0.39489645666925677 1.0281193744576698
v -0.23077472266900376 -0.46229570370674633 0.8947187711450741
v -0.23460971443724377 -0.3917090397673883 0.9059471233370376
v -0.18203528224129734 -0.4244402616008931 0.9214329574593169
v -0.19317778722452295 -0.42582720260951196 0.9977573107347508
v -0.290125257862716 -0.4311437100032659 0.9261184985397776
v -0.30138393114900036 -0.43310382035727324 1.000766566006692
v -0.22041592855788272 -0.16056264288344585 -1.5474941637966617
v -0.24780541086981428 -0.1244823777004943 -1.554473054606825
v -0.19296310328196842 -0.1304601095837326 -1.553389621181709
v -0.24669435919292826 -0.18887455906757472 -1.5421600726865823
v -0.19199839581308878 -0.1945667001005886 -1.5393169701130787
v -0.20613816044352895 -0.17574665810745682 -1.491390471292968
v -0.20689017473439886 -0.13635310401395237 -1.5000368487986961
v -0.23352298554180895 -0.18409639512729553 -1.594939227484959
v -0.23396891071264855 -0.14419501274726354 -1.6026344898113098
v -0.1836781870657875 -0.167280827472881 -1.5769810699196485
v -0.16743628566335578 -0.1623422795808626 -1.5140591522618851
v -0.2728952658116702 -0.15801937649276168 -1.580908415066109
v -0.2554910127124491 -0.15285067455070567 -1.5164519793236466
v -0.15401694087817788 -0.14470134264510306 -1.2611536968854011
v -0.179399410292437 -0.10478869314969871 -1.2673144169009198
v -0.11706717217835033 -0.10875073634339655 -1.2629711143096745
v -0.19007952119391022 -0.1809217503210675 -1.260979992771412
v -0.12727017219975847 -0.18503498276765107 -1.2553464909945302
v -0.1553566279627907 -0.16845465816330363 -1.215057359517922
v -0.14930455752268643 -0.12224076261539764 -1.218936922542891
v -0.15861263998420427 -0.1681624956327139 -1.3041912023271955
v -0.15179050675356173 -0.12017070870129704 -1.3089012798940982
v -0.10397600550505735 -0.147991449516528 -1.2848316509160096
v -0.10225378756844988 -0.1486358851979413 -1.2302431448100277
v -0.20538323668431424 -0.1413603826809805 -1.2936134197772533
v -0.20337897959965806 -0.14213528647581658 -1.237546261094391
v -0.21347029806722756 -0.03377102396596679 -0.8645293492245227
v -0.24132058752315508 -0.001608926221975858 -0.8448158089043297
v -0.1775776211933873 0.004233737791683404 -0.8532747871913967
v -0.24919622720609172 -0.07012307345418738 -0.876797918280273
v -0.18403328003415076 -0.06555146276894587 -0.8831457390947541
v -0.22875940007732304 -0.05294891526154115 -0.8227136202618914
v -0.22448966275181464 -0.010811859659164952 -0.8035810509510022
v -0.20192481012740776 -0.056402906571782374 -0.9257265812193276
v -0.19739796159245385 -0.013053759916691297 -0.9064982197507873
v -0.15235397554876792 -0.029753247116968806 -0.9026315168667322
v -0.16993307454523654 -0.027811451817529975 -0.8388344170393808
v -0.25753654776504487 -0.03795914608047668 -0.8905538434903689
v -0.27324241818902373 -0.036383891736015944 -0.826982673553983
v -0.2893983044452761 -0.13167937357275653 -0.49387314367628915
v -0.30893688966968297 -0.08493088697338173 -0.4925096577166455
v -0.24726932340095903 -0.0770076529399533 -0.49896367283211995
v -0.33018223763546817 -0.18703799078988304 -0.48877745902528524
v -0.2679453546973636 -0.1798739336381247 -0.49470946221501155
v -0.2897952842387851 -0.1712350096855546 -0.43116278257598806
v -0.27736637418883 -0.10744499828619883 -0.433620348261377
v -0.3008050558257528 -0.15662209947767416 -0.5546682842902348
v -0.28736771878346373 -0.09359417583234489 -0.5570708957887976
v -0.24224516377709365 -0.12205390189004472 -0.5368807391219792
v -0.2356034665008338 -0.12994424044901368 -0.4601268464959208
v -0.3422543313222575 -0.13338682115073094 -0.526551526831771
v -0.33609589669069007 -0.14309292434457152 -0.4505763717516193
v -0.2392314823420012 -0.25321064342075367 -0.010959837134395597
v -0.2622404876320221 -0.20297983710901868 -0.00885312495637395
v -0.1807484501316708 -0.21069269528507018 -0.005690780956966663
v -0.29838073181384644 -0.295404142808163 -0.01656911043295084
v -0.21647158499826968 -0.3035118279581354 -0.013857303177832497
v -0.2591232065696876 -0.2878205480139019 0.030523910138753958
v -0.23739130492816235 -0.230139295725421 0.03521872699896862
v -0.24272525263206118 -0.27522757035713946 -0.05738086316041392
v -0.22003326280222946 -0.21829690650782724 -0.052318084796685344
v -0.16871810388345274 -0.2559547217276952 -0.035741186452030456
v -0.17854010792950598 -0.26337020502984976 0.01811109699634573
v -0.30031333784901987 -0.2430844997047384 -0.04077085547656541
v -0.31133973901172907 -0.25063628177273867 0.013809320492258399
v -0.2512762097586754 -0.24834963885243683 0.32660700270108206
v -0.2891496423396033 -0.19854576330075974 0.32233939608529655
v -0.2180548220476279 -0.18693447669642146 0.325942956937223
v -0.2833110102031105 -0.30902731633085234 0.3267137569760228
v -0.21196821527905474 -0.29693229556866335 0.33026108691521994
v -0.25078473069483403 -0.27733535050048647 0.38066866349217726
v -0.25433366863254414 -0.2093350008032941 0.37850199324395295
v -0.2469461976188395 -0.2870321850773674 0.2739598449919902
v -0.25083407680090636 -0.21877384254678886 0.27083574053983334
v -0.1921795960854416 -0.24173464768800806 0.29633553283644276
v -0.19480524954120623 -0.23568140296340853 0.36226585627879093
v -0.30771228688673685 -0.26070751006014786 0.29018978692455494
v -0.30959306188717534 -0.2549263922962676 0.3568626499647733
v -0.19535114881730753 -0.13752367134328175 0.5984268183875336
v -0.23055686899095038 -0.1098903795404979 0.5931191409768354
v -0.17236102378836632 -0.10382562110791152 0.5917639332153639
v -0.2179575559448243 -0.17061686808534318 0.606898496530169
v -0.16032119690207106 -0.1638314760600719 0.6063033163930751
v -0.1859991024878616 -0.15853198489969647 0.6448089140841342
v -0.1941878383168685 -0.12113056632542539 0.6354832394466274
v -0.19722654239860482 -0.15210427849446834 0.5623728121765342
v -0.20421150566721324 -0.11493547886545055 0.5541348419896163
v -0.1511264153747975 -0.12963599124466604 0.572935810673353
v -0.145076329724498 -0.13355994965194046 0.623521511325476
v -0.24545529088809984 -0.13999410175526109 0.5744795751098174
v -0.23835875687755578 -0.1439188072047746 0.6250881131169458
v -0.2747395796371643 -0.10070239204612719 0.9835287962616603
v -0.30155094271813604 -0.051959268863732214 0.9735484399559261
v -0.2457382992207623 -0.055967888664281484 0.974296386402704
v -0.30397557118128 -0.1448145223884738 0.9923474595177478
v -0.24691281278703864 -0.15007763333527038 0.9924516086115561
v -0.26420359429698653 -0.11972661917429787 1.0427450792798716
v -0.2629084313058359 -0.06243263993616524 1.0321217310965018
v -0.28512334789047805 -0.13996356885652916 0.9344601178966463
v -0.2842708823505158 -0.08178491268808961 0.9223592806748342
v -0.2349939506925588 -0.11045985424052862 0.949177292557695
v -0.2218222367867322 -0.09845659842322702 1.0168371344675122
v -0.326180349987467 -0.10314038995941147 0.9487349569409592
v -0.3131677043431277 -0.09072626471350612 1.0159013992727182
v 0.12073829488907767 -0.5506487514450108 -1.5385439892699153
v 0.09735288137943342 -0.5049971867665735 -1.5286802662195231
v 0.15441694354147448 -0.5009470421878001 -1.520780937921935
v 0.08595972718981512 -0.6002580045878777 -1.5570608817380278
v 0.1426267592089956 -0.5959617689100096 -1.5492471998282182
v 0.11699017275930916 -0.5793650032929031 -1.5034868623805315
v 0.12387622332210786 -0.5207741548726371 -1.4860682356982233
v 0.11692897599464447 -0.5806144506354705 -1.5913030148132383
v 0.12444932464354815 -0.5215756720025574 -1.5735682957371846
v 0.16675137990213518 -0.5472234516344153 -1.5599061341868692
v 0.16668501946053102 -0.5468688340705642 -1.5055458885055388
v 0.07483712093717648 -0.5543019917626089 -1.5724026450673414
v 0.07459741652537771 -0.5533156872995012 -1.5183805321783037
v 0.026465491768651567 -0.5690495738951588 -1.1401699386747137
v -0.0018844617483040095 -0.5308876279034062 -1.1321466913617568
v 0.05977990806533641 -0.513008089324356 -1.136617735827896
v -0.007858716668117542 -0.6261491716046618 -1.1447685914152712
v 0.05438960549881651 -0.6076156275968334 -1.1505513494336197
v 0.030774298583205198 -0.5933689149077599 -1.0909772453233828
v 0.0339258599882359 -0.535079799406491 -1.0824083019821464
v 0.018176479806269564 -0.6045890909373142 -1.1989609404958608
v 0.02195533061280189 -0.5455186114034254 -1.1909420022790844
v 0.07251694973576149 -0.5576539822385926 -1.1787693230834213
v 0.07984354314597805 -0.5513575667148769 -1.1117318020019467
v -0.028034747624057915 -0.5874248709532947 -1.170340427674071
v -0.02025348841549498 -0.5803529258523455 -1.1036470429699572
v 0.07303172243780436 -0.39564343959458176 -0.7580646507471454
v 0.03996644811317759 -0.3538111722247968 -0.7574243794661281
v 0.09824408569776652 -0.3607012426871329 -0.760747634778188
v 0.046511634658038245 -0.4308982145161938 -0.7547571342887321
v 0.10515016054936907 -0.4373171784852132 -0.7587078215572705
v 0.07053228880384266 -0.4235827708356638 -0.7084605845514468
v 0.06649052300265547 -0.37613930858334343 -0.71105233725295
v 0.07840454703386676 -0.4159917463539598 -0.8061066257585564
v 0.07405459840907902 -0.36846179192441597 -0.8064128564917495
v 0.1218315470200992 -0.3992245395108248 -0.7906148937285111
v 0.11749667006659348 -0.40396909279404586 -0.7311418860359349
v 0.02780014710397178 -0.3885009272831721 -0.7848762057925901
v 0.022661469349331415 -0.3931672964393563 -0.7249648231491194
v 0.19166248427996685 -0.556343497862517 -0.45384040611853455
v 0.17780908241280702 -0.50464512424825 -0.4564363570718075
v 0.23330708637064954 -0.5155405211055725 -0.4560921180519109
v 0.15026984802206952 -0.5959019249140266 -0.4506391419586455
v 0.2056428333242522 -0.6054539137919822 -0.4505085568457286
v 0.17688994916948877 -0.5841093851736998 -0.3896773765055818
v 0.1941998340442902 -0.5278330848555348 -0.39309877907164814
v 0.18966122920522313 -0.5836002433412582 -0.5143751411752893
v 0.2064561488011599 -0.5278846676513065 -0.5179073579600917
v 0.24017461667663095 -0.5640731751910417 -0.49267704916858596
v 0.23260431733185466 -0.5638859433802577 -0.41482900180907845
v 0.15069228610189705 -0.5472857961484868 -0.49221911351562325
v 0.1426253545474178 -0.5476964004621582 -0.41599924882648287
v 0.15361912685238313 -0.5494807245086368 0.02956925961544236
v 0.12145201610490261 -0.4936345277637351 0.03331573735340575
v 0.1918393772539688 -0.502730580312451 0.019728007949188532
v 0.11596258373663273 -0.5948380983412761 0.0390604095325192
v 0.18646153139724056 -0.6041989674785253 0.026022551822964438
v 0.16259524322936095 -0.5785755764089948 0.07627186239497913
v 0.16531087432819355 -0.5166840678812208 0.07226322547529243
v 0.14191385711350035 -0.5816986479582164 -0.013862736153296567
v 0.14597520281584492 -0.5183192933756856 -0.017172378454320156
v 0.20480501377792118 -0.5571786281545086 -0.008586022152319406
v 0.21699377498484404 -0.5556896645664724 0.04684327690221378
v 0.09069081972170433 -0.5422217619077763 0.012871041130353882
v 0.10323173142710973 -0.5406812517694363 0.06839505804500703
v 0.14530900460432425 -0.5535051647881581 0.17996905893997792
v 0.10283449573758058 -0.5085420372681407 0.17370687554673742
v 0.17626389426112293 -0.5025980480222983 0.18367454198135183
v 0.11483999107878096 -0.6037450152002874 0.17392572629773234
v 0.1876486719835346 -0.5983009380486249 0.18453277994998082
v 0.15172884108709378 -0.5870896762158963 0.21549392816573537
v 0.1446929022154765 -0.528789910873492 0.21580876702431093
v 0.1461233558753374 -0.5779493257629525 0.14345066229371908
v 0.13870982825098244 -0.5183992063936012 0.1425098152652968
v 0.20265219212487048 -0.5456473791547687 0.16510859809986936
v 0.20609461868956497 -0.5514390243439817 0.2100465523524674
v 0.08421276285581882 -0.5546950301714613 0.14844282427120667
v 0.08789669821108463 -0.5609606775082291 0.19340154351236225
v 0.1372451507532286 -0.5569816570986449 0.5799448132608447
v 0.12015882485663122 -0.5208355616943992 0.5946298483514563
v 0.16098067309652558 -0.4991022344311865 0.5831642689997582
v 0.11297511682655584 -0.6151141019863527 0.5778910942477709
v 0.15415840639862427 -0.5926725567282587 0.5648460335513292
v 0.13641984997759649 -0.5878805730234625 0.6144464310098633
v 0.1411485611778194 -0.5295812433667657 0.6254543443498564
v 0.13289618447007473 -0.5832744617907311 0.5351427134879814
v 0.13675611729869608 -0.5253335789384452 0.5457760030110282
v 0.16904516334925562 -0.5371691868218879 0.5458867219286363
v 0.17060886309031342 -0.53987035996114 0.5947936170405824
v 0.1017795409814264 -0.5729345080270326 0.5655609472173642
v 0.1051744417945352 -0.5756744552870121 0.6149163252684943
v 0.1005031206303359 -0.5536203160603116 0.9826538094689384
v 0.06961776455308484 -0.496070201427851 0.9704412995443149
v 0.1341079819165344 -0.5047189459798799 0.9749709258192639
v 0.06736364021048126 -0.6045013634214446 0.9896407027967857
v 0.13201179767909832 -0.6126557206585841 0.9949961289000698
v 0.10790475808166412 -0.5818768169500667 1.0316827501014183
v 0.10872951552468992 -0.5150662310318104 1.019461204713425
v 0.09244356727332687 -0.5936060318149065 0.9455617547409451
v 0.09433776188711741 -0.5266156516907293 0.933618145380793
v 0.1486777946401907 -0.5647461579552051 0.9597359571916482
v 0.15739308113980816 -0.5571167577066388 1.0135900348632305
v 0.04393188216926309 -0.5505934099787632 0.9524339922439589
v 0.05356901619115518 -0.5438486080389112 1.004843960273306
v 0.1665155916823214 -0.005801833829260663 -1.5806759554634993
v 0.12428628327143981 0.03914909320173511 -1.5791273052435324
v 0.188668094502038 0.03459143770920127 -1.5776349417655122
v 0.1434004191673987 -0.045808983974162276 -1.5829339082952343
v 0.20905976195657458 -0.05042414881309086 -1.581600441249598
v 0.16899580055772698 -0.04037382589540827 -1.5331557010150718
v 0.15666132239277444 0.012871351693187696 -1.531831941227642
v 0.17642619299919557 -0.024440222668269306 -1.629891248799901
v 0.16425211057721018 0.02742763418470947 -1.6264219185112694
v 0.22181142716382862 -0.004701440426759078 -1.6091456493271872
v 0.2168405327136294 -0.014474364049508703 -1.5496246348129101
v 0.11629445606652292 0.0023829995799717427 -1.6109732272720365
v 0.11206412260952603 -0.006680924598364048 -1.5522334489441427
v 0.1556791727155761 -0.18650510055245148 -1.0836335470989924
v 0.12813721628766053 -0.14613411123885708 -1.0905084051086864
v 0.1631579656726057 -0.1440623360436533 -1.0908169982110354
v 0.14759336853459165 -0.22821002641894644 -1.0784853419527172
v 0.18304492762740704 -0.22629650882156452 -1.0774370811932281
v 0.1594509642965187 -0.19690820235331877 -1.0382289073575617
v 0.14762536281514424 -0.14628909621981093 -1.04682196907152
v 0.16323974693650034 -0.22594285403069994 -1.121624419029734
v 0.15069758242300804 -0.17499114167332092 -1.1286801536049726
v 0.18504043052718283 -0.19349935425430922 -1.109032440143021
v 0.1832229790337152 -0.17575257182342943 -1.0580848005243122
v 0.1283026002299874 -0.1966978808781654 -1.109641126758295
v 0.12593660138785628 -0.17872449055404632 -1.058544729345268
v -0.024026949496686364 -0.21221039508479697 -0.7741450978442974
v -0.05571740408380313 -0.17240402916954684 -0.76749161863736
v 0.006858831418635778 -0.182599804957629 -0.7565137857226509
v -0.05432928504921711 -0.24007314184993261 -0.7910078500277193
v 0.008801674577564169 -0.25176409708370695 -0.7803908232630662
v -0.020082955470020595 -0.24075621018489024 -0.7308771005281373
v -0.02112912017791208 -0.1988968624143956 -0.7158389740830862
v -0.02667725039495323 -0.22455419629243287 -0.8326337276305414
v -0.027662302140517188 -0.18190858514966937 -0.8182495559812786
v 0.024832334917368647 -0.2149516014480258 -0.7972756278540313
v 0.029104339056948834 -0.22552430328578488 -0.7338584718792225
v -0.07671740770640154 -0.19756937411232223 -0.814401580965744
v -0.07278521397952789 -0.20754503449855646 -0.75166658396983
v 0.0819879556769501 -0.11656592984271358 -0.43990043596351475
v 0.0656587848142807 -0.05837280806856238 -0.45529091387407244
v 0.12217644483298876 -0.06466575270388865 -0.4576887407228027
v 0.04106635513474828 -0.16975388052209434 -0.42256767269009143
v 0.0978124828493758 -0.17642359302986688 -0.4254151636874781
v 0.07403010471404985 -0.15263240253578453 -0.373425766444594
v 0.08940195870683453 -0.08361591935822593 -0.39319155474742695
v 0.07418334359653031 -0.15042268188210767 -0.4865942098866078
v 0.08916123029673996 -0.08169605491570107 -0.5070634676107724
v 0.12795455337522454 -0.12211640456795801 -0.476887726412085
v 0.12756130942133073 -0.1228762846004639 -0.40752765622664217
v 0.03595104324446143 -0.111052158161472 -0.4735073177000199
v 0.036241568383357806 -0.11290582095695953 -0.4025361107167343
v 0.1596549117566765 -0.1960578613945185 -0.09752695907396715
v 0.11940412337981995 -0.1437789060360191 -0.09932444672594684
v 0.18416712482604564 -0.12747891800640138 -0.10744690271455498
v 0.1333974106558542 -0.26413086238920935 -0.08995420804367381
v 0.19944030961390283 -0.248095888653035 -0.0971061247757998
v 0.16051124081037862 -0.22656787486882274 -0.034867591447390725
v 0.15128582967158835 -0.15253222845851896 -0.04045789574566818
v 0.1667735021105761 -0.23899696250487512 -0.15487731050974854
v 0.15784276017293042 -0.16401592795891043 -0.16153368996661455
v 0.21366887403150006 -0.18569509957504393 -0.14129065222846998
v 0.2098436873259688 -0.1788455531151802 -0.06705738460705413
v 0.10787349935758841 -0.21239648804122602 -0.1292511732840915
v 0.10384278336207375 -0.2044350476466903 -0.054373984019439964
v 0.1697313926317503 -0.12421651814206242 0.20311914748244547
v 0.1544596043207602 -0.08809508542441596 0.21681114337078972
v 0.2106350837188317 -0.09099989621459997 0.22818061382667054
v 0.1284097048368958 -0.15786865372011122 0.17869294263536914
v 0.18419964575703013 -0.16065946722998156 0.1898948110830417
v 0.15963942030072442 -0.1362219428960821 0.24455173186262943
v 0.1760877457902635 -0.09280608832875524 0.26782316824334634
v 0.16246508697184894 -0.15574927475420905 0.13956097277898796
v 0.17848259022920496 -0.11301340593006223 0.16345479451536438
v 0.215676259543946 -0.13312531573334435 0.18018672716093734
v 0.21410319669485667 -0.12074571262478088 0.24485011919416802
v 0.1250472442476849 -0.12827400885987392 0.16189003505013214
v 0.1234933996011911 -0.11620065442704866 0.22655470807253128
v 0.07558579067574092 -0.19858207417340365 0.5503579795862656
v 0.05016949686657435 -0.15116111839903645 0.5542082470134743
v 0.1167931229581812 -0.1565582134994886 0.5456857141529156
v 0.035222743794386946 -0.23959077244373372 0.554622124550917
v 0.1018131546540913 -0.2444125422954886 0.5465327752700391
v 0.06492361968563347 -0.22330838616078946 0.5859178678249697
v 0.07440284637802913 -0.16963807117183 0.5848324281048443
v 0.0782576832638629 -0.22706171266031253 0.5144254213703737
v 0.08737990581297639 -0.17174666886349482 0.5147182235113613
v 0.1338774156555782 -0.20310980447934113 0.5217689275870723
v 0.12527366542015675 -0.20128697240857676 0.5653702749217846
v 0.025792051286603786 -0.19497365623030732 0.5350353145264855
v 0.018109580736910602 -0.19307258086526982 0.578790370613023
v 0.12636371456775444 -0.14972594025269959 0.859945220051796
v 0.102020319240412 -0.10727980697750145 0.8545819129640974
v 0.16671656583385894 -0.11056235587309893 0.8458324253888594
v 0.08493877943936326 -0.1890811524977876 0.874516868641714
v 0.15006726043368218 -0.19221899155376082 0.8663126049122433
v 0.12622415185617294 -0.17374996443240645 0.9052993124306571
v 0.1361338507217003 -0.12271834801646028 0.8927584402890751
v 0.11576728048156655 -0.1766566451019442 0.8283900563053379
v 0.12663573259593103 -0.12667735716258016 0.8160317759292167
v 0.17501568685000732 -0.15378509585508807 0.8297362726561646
v 0.18177719368290024 -0.1512401652064222 0.8773605794473166
v 0.07061273954629851 -0.1481920303627181 0.8436042053864374
v 0.07624118379578791 -0.1464039255989484 0.8910669875754519
v 0.45344623509385484 -0.4818714852464361 -1.457483894146002
v 0.4372866265566267 -0.43882077814178916 -1.468403843029627
v 0.4725665978391969 -0.43323364168093326 -1.463683091987883
v 0.4340466611145887 -0.530065408074521 -1.4501973921664444
v 0.4700355269771765 -0.5255371405863544 -1.4461435271215903
v 0.4491874191663327 -0.5079533358539579 -1.4233641656317217
v 0.45030789920604 -0.45136673136467 -1.4346689691805776
v 0.45596422507587603 -0.5128613934864159 -1.480231694869674
v 0.45844654259036033 -0.45584248742799405 -1.4910544431451977
v 0.48547974022025836 -0.4796505834965035 -1.4714517748017188
v 0.4805242468348815 -0.47638651162344736 -1.4362939140616615
v 0.42747112748616584 -0.48756072092244224 -1.4783412670888934
v 0.42315636064332857 -0.4849235338428854 -1.443547987516688
v 0.463797702252825 -0.5762206069551055 -1.0603494886003155
v 0.4232977093265132 -0.5379498702334268 -1.058297366229172
v 0.4743800707646147 -0.5422724361399816 -1.063310109833214
v 0.45284145189174263 -0.6098168832267111 -1.057022397262758
v 0.5024934106341974 -0.6150741657216763 -1.062217661497705
v 0.4823918015888218 -0.5976062716051656 -1.0200388312395243
v 0.46486048385341117 -0.5527792805448906 -1.0202266202428645
v 0.46242102995749423 -0.5985178719868847 -1.0998382119194106
v 0.4442900028568473 -0.5540396715692082 -1.1010246403958952
v 0.4974745492001203 -0.5803297017099055 -1.0896976406590235
v 0.5110435390457448 -0.5796109377233221 -1.039187805396462
v 0.4169618441996118 -0.5724999176399147 -1.0806002636060497
v 0.42844979654801774 -0.5718878702657803 -1.0318538079230668
v 0.5053049932590907 -0.5020506692103364 -0.7822005715529815
v 0.4823478319553514 -0.46058988736020384 -0.784006467660756
v 0.5307007103568729 -0.46219035726119634 -0.7701494669518846
v 0.4796365040113102 -0.5396916360136359 -0.7941341213755899
v 0.5274593513414036 -0.5427120185187659 -0.7808081984624426
v 0.4956465052835919 -0.5159146909640927 -0.7427196201003823
v 0.49819367243496004 -0.46611393955454405 -0.7359483037483167
v 0.513322843294465 -0.5365387333609761 -0.8296108658387935
v 0.5145375279128231 -0.487686817205857 -0.8234880474896301
v 0.5497022788688554 -0.5100527466449565 -0.7986405616245885
v 0.5388123276874214 -0.4967916909771849 -0.74444934709452
v 0.4716144062684662 -0.5061233225704711 -0.8203747253117936
v 0.4614177805766156 -0.49324959448337075 -0.7667621261829292
v 0.4442514329271719 -0.5476935461786155 -0.441868073800609
v 0.41000686566455813 -0.4887753891766456 -0.44126120964807314
v 0.48560111662987543 -0.48960112966179287 -0.4248916949255195
v 0.40295556424560297 -0.6043451820718105 -0.4582952958622707
v 0.4784214421020592 -0.6064681046173916 -0.44043122888710556
v 0.4327050189389155 -0.5739141331063375 -0.39497825846448886
v 0.43786274421361787 -0.5023445669198859 -0.38530706895459715
v 0.45148974298241007 -0.5918177204655193 -0.4972325260357255
v 0.4550858227629059 -0.519722105369572 -0.4868333544330516
v 0.5106752846831822 -0.5542225546661151 -0.4588549628051125
v 0.500005435245205 -0.5428877458890041 -0.3956526435277546
v 0.3889317556228418 -0.5513528457936862 -0.4863176254263003
v 0.3772900476690338 -0.5410141586308589 -0.4235717236933078
v 0.4791886857143139 -0.4476059873994546 -0.15296806331288387
v 0.4474807846713394 -0.38367475583101746 -0.15725813905902447
v 0.5075674293399673 -0.3993946390832625 -0.15989643492656933
v 0.45095820255571734 -0.4966905145315405 -0.14629675898631442
v 0.5102159700343583 -0.5119395381311888 -0.14720077287811784
v 0.4750175977707729 -0.4911976096802431 -0.09008144895067877
v 0.47387012700037856 -0.4219652784599288 -0.09764334286648511
v 0.48511688559924726 -0.47522437537129075 -0.20860920441389044
v 0.48254244405628816 -0.40504977856797303 -0.215714422875721
v 0.5295310024542698 -0.4559464307556094 -0.19088295503260605
v 0.5240073934991615 -0.46574267995639396 -0.1171804040366014
v 0.43328124265522816 -0.4304925136840501 -0.1873286168676773
v 0.42716936811552336 -0.44100092505487015 -0.11489046001216857
v 0.43022080101416194 -0.5545726280956588 0.22926376596327747
v 0.40191933199360125 -0.5025638687072937 0.21701444050537802
v 0.4668028639426831 -0.49277405583790024 0.23040400266743585
v 0.3943575916559787 -0.6156350666575247 0.2288745297702093
v 0.4593834221923591 -0.6073121385327368 0.24127295093085802
v 0.42020242731900126 -0.5919520558779684 0.2835589558811283
v 0.4253207335202005 -0.5207699528324203 0.27648543611300996
v 0.4364930824880548 -0.5868884157659329 0.18256056739746337
v 0.44064354838067005 -0.5173424869651252 0.17547235641676087
v 0.4875378140896547 -0.5463236513366382 0.208804601389313
v 0.4779742190083721 -0.5482545429101712 0.2718306557556102
v 0.3828022563788896 -0.5603583434784749 0.18856774062366882
v 0.37269106679008507 -0.5635778215052181 0.25023803901771313
v 0.44470252415507844 -0.4615227785813553 0.5345713806562672
v 0.41188933250526205 -0.41223916136977823 0.5435326018818826
v 0.48636944102915936 -0.41123571747909543 0.5357340426437017
v 0.4039644818673452 -0.5127376767437071 0.5333733617704535
v 0.47861681441178766 -0.5102540567208232 0.5259880879796626
v 0.4352432074033794 -0.49363987741271986 0.5819207858111173
v 0.4400694647664931 -0.4314655145956582 0.5880874928982781
v 0.44921771326470006 -0.49103212682329317 0.4813454778973203
v 0.4540922691531002 -0.42985102843665135 0.487433106948567
v 0.5104070797784547 -0.4591768027999368 0.4976250305548495
v 0.5011218824922945 -0.4610978030470678 0.5601047450697368
v 0.3891467335739743 -0.4625411798042306 0.5101677075014301
v 0.3812059383468538 -0.4633004354592161 0.5722321115766006
v 0.376612348316495 -0.5280477799059292 0.925722639328546
v 0.35827486172122397 -0.4742598570419607 0.9201768248357652
v 0.41007823623565764 -0.4755813492246259 0.9192083418470325
v 0.344373740316941 -0.5782242883200145 0.9311261525437043
v 0.39602025650841716 -0.580027565727795 0.9296773336244086
v 0.3683010776756395 -0.5571641171877221 0.978042137955619
v 0.3771839512819466 -0.49341416135885496 0.9719088003612484
v 0.3776102939304286 -0.5621983856600953 0.8791488751328941
v 0.386123933818072 -0.4972451615452492 0.8721466853974416
v 0.42163351301118596 -0.5300538146292635 0.8934382587451281
v 0.41637767009497084 -0.5277160470639638 0.9554612035629056
v 0.3384467354908906 -0.5280178133969867 0.8959849226459838
v 0.3323492738837643 -0.5248665297986124 0.9567007046298822
v 0.5619132497747035 -0.17528023052971314 -1.5539138261362904
v 0.5241634318574347 -0.12716693978172866 -1.5487880355464654
v 0.5928378187296092 -0.124857734067406 -1.556932515512435
v 0.5293266342664317 -0.22711569760469646 -1.5512044042800786
v 0.5991401076796221 -0.22310898964824938 -1.5576207490458616
v 0.5618578636023175 -0.19872589153695627 -1.514398147536793
v 0.558464963736314 -0.13778053964714013 -1.5139778416590766
v 0.565303575538152 -0.21291085451083008 -1.5946609517080228
v 0.5615658889195972 -0.1514768341019209 -1.5931096185299605
v 0.6183315468759748 -0.17745464614390472 -1.5841895253362046
v 0.6167121395149696 -0.1681473319296446 -1.5351288464535484
v 0.5066599394878362 -0.1819443299524662 -1.5726048389763803
v 0.5041341012685553 -0.17398077780777368 -1.5232067710734385
v 0.49354149433744937 -0.18208705349434662 -1.1651399188494596
v 0.47413688587299874 -0.11973022089882998 -1.156096933550885
v 0.5370936642868953 -0.1349735437635664 -1.1586988104016813
v 0.45013356558653406 -0.2304871653740263 -1.1699446114559977
v 0.5139633057189276 -0.2438373786501013 -1.1734337388400076
v 0.4803988854774116 -0.21175473099302505 -1.1074707147989262
v 0.4945115970097962 -0.14348923602454228 -1.0989186525538908
v 0.4923244875539401 -0.2215149812369754 -1.2299659281607054
v 0.5074129916880323 -0.1540935161806609 -1.2209802662596019
v 0.5490736802445364 -0.19732374200562672 -1.204983686532684
v 0.5413900213769851 -0.19147437499535783 -1.1288349518692211
v 0.44650492869480446 -0.17462189187351887 -1.199495903669324
v 0.43876341046016326 -0.16782502226804244 -1.12446700380816
v 0.4935504460860421 -0.16318442387293308 -0.6928989979023191
v 0.4431056826644854 -0.10447083221879597 -0.6970909569148991
v 0.5148936263806363 -0.11766689834977023 -0.6950465926448924
v 0.47234401954148836 -0.20808727369696148 -0.6916632663909218
v 0.5438003513723358 -0.22319895284317545 -0.6877892909849143
v 0.5039108797454549 -0.1998317557059437 -0.6368060439762234
v 0.4855478928746099 -0.134714798679303 -0.6406260904585397
v 0.5007216765297716 -0.1920493932270292 -0.7445218860953136
v 0.48306556255689775 -0.12798983451371174 -0.7485508247271181
v 0.5502793809828861 -0.1727008048633787 -0.7235028403247769
v 0.5519918805957854 -0.177594750708991 -0.6570103189620695
v 0.43436583313736904 -0.15018643720199584 -0.7284587770994777
v 0.4361093205653538 -0.15417029789545314 -0.6617338185952477
v 0.4233942384042843 -0.21053830899153864 -0.40716716608705716
v 0.39045066298742603 -0.16244133761485152 -0.39361003981856296
v 0.4436031902920655 -0.15639537005195409 -0.4062348833715197
v 0.40305900484732904 -0.26383506272266183 -0.4080231963012748
v 0.4567216661433791 -0.2577121231913841 -0.41968407887909787
v 0.42622241130197724 -0.2477360259865404 -0.3669029063325618
v 0.41865264268562186 -0.18470149914026898 -0.3588946001088542
v 0.4289984872868426 -0.23528785264756624 -0.45507342974297343
v 0.4208145937988109 -0.17302911724381714 -0.44584933408812777
v 0.46708849023948507 -0.20140125660135677 -0.44406472196965785
v 0.4665455487179256 -0.20891517188348516 -0.38959788300621717
v 0.38164749293662137 -0.21134347101933207 -0.4240548648166073
v 0.37918369483445424 -0.21879246766359878 -0.37035244896103636
v 0.40702336385805477 -0.06418003363627851 -0.06200928902336537
v 0.38602805151727737 -0.02155270286605362 -0.07016542078120877
v 0.4437297501438742 -0.021909618828973493 -0.05925619094518294
v 0.37188252418738854 -0.10638393381334774 -0.06463402368983821
v 0.4295756369710538 -0.10643534096956643 -0.05630196661242667
v 0.3969272553023943 -0.08440655214582088 0.000981850992664908
v 0.40557858866879387 -0.0312851929151345 -0.0015775425968580156
v 0.40959192506167735 -0.09582137999876943 -0.12339615197795481
v 0.41841977073067116 -0.04429471308053814 -0.12608032527635543
v 0.4574440499006307 -0.06803886592614358 -0.09328856970783368
v 0.4498705837931377 -0.0603020796663715 -0.01628824329953144
v 0.36445728383896525 -0.06753426042412289 -0.10881654773094536
v 0.35626483638248047 -0.0601754161632938 -0.0319883151926231
v 0.4537651880988013 -0.16918906779698104 0.2926463763550917
v 0.4192243964678206 -0.1158230319134052 0.2954046671955621
v 0.4856053009883807 -0.11995388185408498 0.30191541544310235
v 0.4219091076780866 -0.2164667729864686 0.2821466766128164
v 0.4879679053940984 -0.2226030793164451 0.2885012951287284
v 0.44669062864159453 -0.19480444558102997 0.3294683406868437
v 0.444864432202854 -0.13179588473236573 0.3377458100643959
v 0.4625036306807595 -0.2049859830765565 0.24573683883538475
v 0.46105364043006136 -0.1424007531598743 0.2539866530204431
v 0.5124205313262507 -0.17610642808749685 0.2712681506274065
v 0.5020105801847308 -0.1692245771681373 0.3233516622016906
v 0.4046347696843583 -0.16727235268622667 0.2612128208080365
v 0.3952259582814746 -0.1613963370708836 0.31260574941540964
v 0.4526821135475083 -0.14379042407031073 0.6243804271889182
v 0.4276690903542977 -0.10404179228694464 0.6342154122036749
v 0.47878892356884467 -0.10320575922834187 0.6364482314658607
v 0.4278679969710095 -0.18535694157955349 0.6118906284130673
v 0.477413823625859 -0.1832877845422637 0.6139348418755045
v 0.44222374058729663 -0.16660367292150227 0.6567011480912854
v 0.44248692527326094 -0.11706117197410457 0.6710910422686698
v 0.4645447381155825 -0.1718735497492484 0.5773564039183708
v 0.4650215680982009 -0.1217208326632705 0.590632533078353
v 0.5007172261289943 -0.1448102371872284 0.6013556634525842
v 0.4867408575782589 -0.1414498780418356 0.6507258698868768
v 0.4192518845411966 -0.14688875987580158 0.5979589619225826
v 0.40545480176489473 -0.14402593732253247 0.6472498297654735
v 0.41111100082680985 -0.11337663813513627 0.9186625754488978
v 0.368257634628262 -0.06099512901754551 0.9118508317968991
v 0.4375398707167544 -0.0630690203719756 0.9105012004179922
v 0.3865020756295044 -0.16141123759010623 0.9270361742862686
v 0.4548019118865882 -0.16422991449597005 0.9262210405027865
v 0.40705293882694193 -0.1442518206311975 0.9773628853546255
v 0.3956831933629764 -0.08205538355720542 0.9678972135140287
v 0.42695974241287576 -0.14336581073919322 0.8707708627729979
v 0.4164291397073025 -0.08103790688139183 0.8610940504611959
v 0.4728885645327096 -0.11384324028376135 0.8860770476881568
v 0.46033889627594654 -0.11450585970741745 0.951130966302465
v 0.36165339218869874 -0.10999316198458181 0.8870308684686937
v 0.3491280051595816 -0.11048297940043669 0.9537890425348111
v 0.7312449708746883 -0.5195707382856536 -1.5891066120228703
v 0.683805323759893 -0.4678337664783467 -1.5946501748704585
v 0.7746829227331697 -0.47389951086562193 -1.5946048840199905
v 0.6890938679123466 -0.5662314514196659 -1.5822252997061432
v 0.7793279179514989 -0.5722391154802636 -1.5819293051965289
v 0.7478922718791451 -0.5578275334213785 -1.5384281512780185
v 0.7447123003795154 -0.49712052991500166 -1.5465842445113014
v 0.7184320139719963 -0.5433195641028342 -1.6313704854911764
v 0.7153988507212756 -0.4825001858834807 -1.6387674980195122
v 0.7956668323082933 -0.5207492984282294 -1.6170333451829206
v 0.8140309098560274 -0.5294253352443262 -1.559746819953827
v 0.6494120177731143 -0.5106204970287194 -1.617158678724107
v 0.6672981777988015 -0.5200173942316738 -1.5601470826344508
v 0.7172585051565148 -0.5939874338769241 -1.2367429463018713
v 0.7102054820931004 -0.5475851680134138 -1.2285305943592704
v 0.7520779802028743 -0.5481421112083973 -1.2416498290732454
v 0.6823984183066847 -0.6380464350557525 -1.2323780426771274
v 0.7251944948631096 -0.6391556553107118 -1.2453826778817103
v 0.6996344506483915 -0.6214549556973913 -1.1902898727094549
v 0.716200993215039 -0.56606139853993 -1.1882711224636406
v 0.7184107704301274 -0.6223945772608779 -1.2853506190018567
v 0.7356706233082667 -0.5656545294314469 -1.2828277894364213
v 0.7571929270705695 -0.5946379948602055 -1.2766408313449897
v 0.7461393630940962 -0.5947037460047105 -1.2181685951169496
v 0.689390033409637 -0.5935717110914422 -1.255531603203269
v 0.6768546131937621 -0.5932025764252702 -1.1968764462662254
v 0.8278912075634732 -0.5053378144923192 -0.7644642204329266
v 0.7857110093748515 -0.435675482913135 -0.7568054561923537
v 0.848363714655428 -0.4411564725476375 -0.7633688944591495
v 0.8070176698244739 -0.5698267178334401 -0.7667914457057312
v 0.8687731375406068 -0.5748076640786293 -0.7731116409517458
v 0.8526188705507527 -0.5487917752159451 -0.7183449433462629
v 0.8398147882733181 -0.46618959762626794 -0.7122400129034401
v 0.8154804054891491 -0.5445508156455793 -0.8173549378730214
v 0.8024649345513121 -0.4616825341785836 -0.8111386288452875
v 0.8666196500634159 -0.5075529937121548 -0.8004305447401279
v 0.8894709098214038 -0.5113037042353523 -0.7392509447837472
v 0.7657959964738709 -0.5001413933145356 -0.7899825315722239
v 0.7890447777533861 -0.5018262731284173 -0.728933705662948
v 0.8604502379086794 -0.5517917585930417 -0.3835693014875572
v 0.8391020088281429 -0.48179170062933513 -0.3866840048519272
v 0.8898599565483104 -0.49312906115813715 -0.40180601838288665
v 0.8292007802558911 -0.6091572934469967 -0.36524274893732106
v 0.8801823907743267 -0.6202622945387888 -0.38106222034142984
v 0.8577165937452448 -0.5964055692519963 -0.3368530697729122
v 0.8644157039945412 -0.5181098038229361 -0.3499122389380472
v 0.8562963037950928 -0.5854007976994825 -0.4174030666478775
v 0.8616411304290322 -0.5063359129149884 -0.4304282843633742
v 0.9009154102285127 -0.5568157317263469 -0.42142424105155446
v 0.9015543563046005 -0.5637461560202165 -0.37146878070230743
v 0.8179956312425825 -0.5385680411076665 -0.3961298818238587
v 0.8198176387033306 -0.5456622802471428 -0.34651537758167217
v 0.7995690219049743 -0.41751482481629 -0.08775706488798306
v 0.7772409730031359 -0.37286005509989956 -0.08918196329122254
v 0.8527012231425166 -0.3668013925130576 -0.09709334952420072
v 0.7449343528519478 -0.46948383113505443 -0.07642014553626811
v 0.8211242418916904 -0.4639176451828107 -0.08485373482314948
v 0.7927229156259128 -0.44119307278775266 -0.040097388451941385
v 0.8120349576710604 -0.38163306704709143 -0.04768721670125227
v 0.7852995331633724 -0.4544077076080953 -0.1265895940703678
v 0.8055317000532676 -0.3941152333506064 -0.13443855810459732
v 0.8579997221835036 -0.4172083713713315 -0.12054509135391374
v 0.8623999038832368 -0.4088352008235088 -0.06698550464369284
v 0.7353888577074571 -0.4261685468942386 -0.10723992817457136
v 0.73960801933443 -0.41876171574253124 -0.05377232940282023
v 0.7256462539407234 -0.5282574858445636 0.2549677235193842
v 0.6919004567606605 -0.4879884702033739 0.25327553555915855
v 0.7501656447867439 -0.46333559198754254 0.24519190606875643
v 0.7014426375099727 -0.5933637003481493 0.2629421645321048
v 0.7604960214042874 -0.570367162549328 0.25520062562056367
v 0.7405767664196194 -0.5636061458922776 0.2935363516448598
v 0.7348376779311195 -0.49797790137032016 0.2875418759024181
v 0.7177265430715328 -0.5601376314665233 0.22032975196441765
v 0.7112235640476254 -0.4945079759026709 0.21407724650729212
v 0.7661845746014557 -0.5080459011110218 0.22542962092480248
v 0.7803935272050799 -0.5104582449426089 0.2708923713491369
v 0.6712259608737748 -0.5468732151309901 0.23835474303648405
v 0.6857100270668695 -0.5487558566100899 0.2834431431270336
v 0.7812390350880941 -0.4998050922364844 0.5834765805733018
v 0.7509105354507796 -0.4469015391734764 0.5774207447432212
v 0.8094211592937853 -0.454862813675912 0.6000785594162098
v 0.7525598092039135 -0.544358320531869 0.5689112584902689
v 0.8105794450814464 -0.5521035423049598 0.5905697976279781
v 0.794108264195205 -0.5252057854577071 0.6412432367337011
v 0.7929629337433367 -0.4646948251346025 0.6472397930148647
v 0.7685942341684703 -0.5337575525151464 0.5211359590842076
v 0.7679253758547705 -0.47389192654870066 0.5263893481784684
v 0.8202988010163978 -0.508487114448714 0.5653427720548274
v 0.8354302252807223 -0.5028965439196337 0.6391674841813666
v 0.7256124505367767 -0.4956213419469548 0.5288270920180547
v 0.7416351433928913 -0.4902617208418814 0.6039592507937916
v 0.8151405961098644 -0.56535235380847 0.9855097592500005
v 0.7912929538440726 -0.528253105398954 0.9983234831391278
v 0.8462868163386369 -0.5201537552579938 0.9912734769260518
v 0.785638820805732 -0.6108176366093395 0.9784166727946216
v 0.8395841952441909 -0.6027342344487007 0.9713436364695429
v 0.8166183204239148 -0.5852721935859304 1.016601106963993
v 0.8203718964933137 -0.5340077457277516 1.0294575477357863
v 0.8114012636066217 -0.5949645027657132 0.9410712066316881
v 0.8153604891556678 -0.5441053531163001 0.9528460554597292
v 0.8578797219841109 -0.5612691701654541 0.9555708768796904
v 0.8618547648819311 -0.5555887547704338 1.0030162259121875
v 0.7706017688167651 -0.5748183166707329 0.9674511256836941
v 0.7728965485910527 -0.5682363288417632 1.014126861493103
v 0.8750684235984112 -0.20864606353694296 -1.466713419561498
v 0.8455446292641837 -0.176829733192909 -1.4530537912290746
v 0.8963044499439812 -0.1757801526686171 -1.4582131874456004
v 0.8537080231329668 -0.2413853158179085 -1.4746747634638475
v 0.9032954087104033 -0.23913488662037954 -1.4795053101151525
v 0.8737745551076826 -0.22638015088223082 -1.4309255693137386
v 0.8688106835868761 -0.18681006469831266 -1.41727205216291
v 0.8799281913605618 -0.2303235538584971 -1.5141943329605354
v 0.8753193721207781 -0.1908412646277933 -1.5012597283118778
v 0.9169587852416055 -0.20802724720143437 -1.4958354664069897
v 0.9130343280977276 -0.20537352751673402 -1.4438399386293823
v 0.8357900305699707 -0.21047940963332049 -1.4875932354748074
v 0.831888758730161 -0.20824845632826203 -1.4362268763325163
v 0.8010178875258394 -0.05536245510723927 -1.217037122625509
v 0.7705559078230342 -0.0059755320796232095 -1.2068750829272976
v 0.8227282534681237 -0.009387636884622214 -1.2062204689470495
v 0.7803187863567664 -0.10168491270696872 -1.2265551727497508
v 0.8322306280464516 -0.1058034280002078 -1.227129662493901
v 0.799544777349045 -0.09772660087098527 -1.168677076562797
v 0.7940401698228977 -0.03788123276941832 -1.1562266117557545
v 0.8088148052965589 -0.07296266205062041 -1.2776220395216737
v 0.8023835687462402 -0.014074700117058764 -1.2649786892536636
v 0.846316876024981 -0.05172704362323198 -1.2503139236243634
v 0.8408171782857822 -0.0665880727316499 -1.1833167045361028
v 0.7621097058538887 -0.0454264449557056 -1.2507179146946201
v 0.7566860066541424 -0.060723983965377634 -1.1831191120804583
v 0.9094328147062084 -0.11702548348801674 -0.794607628677259
v 0.8703919766216778 -0.06829071601190957 -0.7992958692635315
v 0.9428036403434263 -0.0671371587808929 -0.8064326063759562
v 0.8772574448682253 -0.16486380155061786 -0.7839452034247684
v 0.9480741490537498 -0.1649860573776307 -0.7918738363537406
v 0.9154573657693258 -0.16526819740537077 -0.7458155055885686
v 0.9112828841499079 -0.10520205720713605 -0.755231482542666
v 0.9078277461558761 -0.12842162802312626 -0.836231324339061
v 0.9045940175250217 -0.06834551223889071 -0.8452410602544955
v 0.9653430753378329 -0.10461929912558383 -0.829358825768612
v 0.970110146544138 -0.12758975475127943 -0.7734256097529678
v 0.8498294272266107 -0.10556427444889901 -0.8169877734683924
v 0.8539236343342889 -0.12814356382743902 -0.7614622735398344
v 0.8392569451135286 -0.14005560547865623 -0.5110702572341951
v 0.8048744250647241 -0.08737431891741868 -0.5121087812495383
v 0.8744454000058903 -0.10302183079498353 -0.5221132231819214
v 0.8039403012696879 -0.17791710849948097 -0.5020265870700712
v 0.8725302441185075 -0.19334174526129635 -0.510700322885913
v 0.8371203285243427 -0.1661066420999412 -0.44492079264663403
v 0.8382714742865269 -0.10985303962457481 -0.45184998703574925
v 0.8401458727914837 -0.17076534398230322 -0.5717775373747536
v 0.8408147891631872 -0.11525395367809321 -0.5781752148360474
v 0.8960314574202127 -0.1542371688871319 -0.5585655930948191
v 0.8937954261146128 -0.1516542051769994 -0.4806923908921405
v 0.7836565855839642 -0.1295634462757791 -0.5437713903486165
v 0.7824972702114932 -0.1259626069328868 -0.4651664949831728
v 0.8276495795247601 -0.16742117678149807 -0.15215065681948764
v 0.8174912940413561 -0.12200735109809986 -0.1576639465431758
v 0.8513207938351701 -0.12388751765766093 -0.14661841469817372
v 0.8026197475301634 -0.21119574440059655 -0.15832730571600895
v 0.837068490977752 -0.2130029562938222 -0.14744362724700785
v 0.818522438202695 -0.19292249299003383 -0.11673494504437207
v 0.8273299357335422 -0.1385758942566 -0.11669383317307565
v 0.8278038452106262 -0.19808523883534188 -0.18860781890576933
v 0.8368664883287196 -0.14222441331675736 -0.187748550162006
v 0.8573176136750702 -0.17084361253728003 -0.16564965625187483
v 0.852044049339053 -0.16829434139652735 -0.12096007621939013
v 0.802622938258976 -0.1680869600562377 -0.18282027415674681
v 0.7962468696763758 -0.1650866314029144 -0.13914826052592386
v 0.8758504504151066 -0.12612565145508492 0.1973690516347023
v 0.8606369651852858 -0.09848035221358738 0.20608875332251955
v 0.8918842910905308 -0.09136905861822918 0.19750192327379684
v 0.8586780327443132 -0.16295666625418154 0.19667042807803778
v 0.8892665295061716 -0.15531004007981877 0.18917909321360574
v 0.87724792918103 -0.1478796250501123 0.23207709903818552
v 0.8781888520866573 -0.10881466934015557 0.23713825737555694
v 0.872302107604548 -0.14506524793586034 0.15830563061441527
v 0.8742733689007111 -0.10476481613920952 0.16417315305429536
v 0.8989935493574643 -0.12012464860741962 0.1679562264925593
v 0.9021258634303638 -0.12181646259937223 0.2140060203961526
v 0.8492350315058116 -0.1317115477298862 0.1815892235256723
v 0.8516446538242864 -0.1340819245162986 0.22625389248639288
v 0.8949952187088461 -0.11930628066303903 0.6049921768595506
v 0.8589297386376749 -0.06482404209829416 0.6099547404986593
v 0.9211560425182049 -0.06425689311654939 0.5979873900853855
v 0.8675208147580696 -0.17556417748657976 0.6112017286223308
v 0.9291401662795817 -0.17310536016035077 0.5993294444947478
v 0.8987081022442966 -0.14582792670408795 0.664002570305338
v 0.8936764004309584 -0.07800755870704829 0.663635786077905
v 0.8958025569370043 -0.16037002558095428 0.5463989133940151
v 0.8905452284737698 -0.0924743526242934 0.5452315614115347
v 0.943946016150268 -0.12245038886244929 0.5585330692685306
v 0.9457223461045116 -0.11408463044067699 0.6314157849447173
v 0.8434663096259125 -0.12552070359990128 0.5779374091178514
v 0.8454548237213438 -0.11594513984847202 0.6508418404228974
v 0.8555073528476537 -0.16216712252568047 0.9709079999931939
v 0.8213071956988618 -0.10975804534325942 0.9611621165033278
v 0.8779528985976873 -0.09514344289863538 0.9741233037103472
v 0.8338162816666291 -0.22856771535012524 0.9672261978793619
v 0.8892397848836489 -0.21288862744767012 0.9791197320365157
v 0.8614450330873026 -0.18291647273688966 1.0194356734445646
v 0.8545214672474561 -0.11006012048559644 1.0155543740802861
v 0.8574696528593363 -0.21307347470682705 0.9247900766813314
v 0.8496108099248134 -0.13969942460470247 0.9219467210766863
v 0.8997955508658296 -0.15844817493931462 0.9514274366351776
v 0.902921184593627 -0.140171419925402 1.009813646976978
v 0.8094655323021311 -0.18318808058468045 0.9315311232113065
v 0.8117993426316648 -0.16455187414309494 0.9894860250076701
v 1.1381457834496522 -0.525623587623427 -1.483396047601978
v 1.0893072649590998 -0.4547436891308028 -1.4715391338309458
v 1.1675293092143397 -0.4660782794584915 -1.478220708771483
v 1.108539234811176 -0.5858656664205965 -1.4890457698929194
v 1.1872824868451723 -0.596434377772461 -1.496042260986328
v 1.148762897158 -0.5705806853348643 -1.4407223239568159
v 1.1371551539415465 -0.4893148142357279 -1.4287962591272092
v 1.140681145889441 -0.5612325922230792 -1.5368445664689931
v 1.1281342376844317 -0.4809739542627666 -1.5269335452879014
v 1.1991629810627138 -0.5316120636170885 -1.5191120499085953
v 1.2040471293742543 -0.5368900952183056 -1.458384241441635
v 1.071801110914984 -0.5138683296578509 -1.5074075443289003
v 1.0773997464282676 -0.5192939644196353 -1.44798577954431
v 1.0821618928428758 -0.45607947563639933 -1.1914561728607584
v 1.0534581961547858 -0.41996905828153086 -1.193833505577557
v 1.1038896396518512 -0.4227735526984898 -1.1948579577440046
v 1.0606831930167875 -0.49030196898294365 -1.1898468456543556
v 1.1105219355876037 -0.4919828472650947 -1.1895708044102218
v 1.0838274221158168 -0.48881498368340814 -1.1595544586630122
v 1.0799944376994142 -0.4459878739060068 -1.1619285639974135
v 1.084986118091554 -0.46712263121913716 -1.2219255386163808
v 1.0803098984258719 -0.4236472268692972 -1.2252101859396205
v 1.1226223768874815 -0.45095916771673866 -1.2116848096301391
v 1.1223600518569448 -0.46438813206175394 -1.1726504804467304
v 1.0417451096242767 -0.44717683147328163 -1.2107540344002243
v 1.0410984548773665 -0.460907045057705 -1.1722341617085699
v 1.1199855931924774 -0.5528844697906689 -0.75545695216835
v 1.0866762498586156 -0.5136126623327177 -0.7611127037632177
v 1.1363237772357717 -0.5152441059284077 -0.7540613286737263
v 1.1037603955285917 -0.5886328216050128 -0.7583641650071606
v 1.152728558429134 -0.5915722265535569 -0.7512414240374858
v 1.124368667172192 -0.5595817995266404 -0.7174049748121306
v 1.1136384571256686 -0.5130959683137757 -0.7195175728249679
v 1.1244565130716362 -0.5918743404634291 -0.7929844078498768
v 1.114445326933895 -0.5448313720359935 -0.7942742558499568
v 1.159215630021804 -0.5641069972949588 -0.7739062411130773
v 1.1592339253083221 -0.5443387074308843 -0.727114728731449
v 1.0797895765230743 -0.5604287778802903 -0.7849220866469914
v 1.0792099264471087 -0.5406776735994288 -0.7389147579848266
v 1.102038246369432 -0.46737565809247567 -0.4196379994813866
v 1.0671413204393976 -0.40364358515152376 -0.43249008289536833
v 1.1367762219546882 -0.4231089622605985 -0.42737746807668825
v 1.0666730595520804 -0.5126415819887048 -0.4134166015985012
v 1.137110430996705 -0.5317115381621892 -0.40772586806913075
v 1.105023221687292 -0.501726546205388 -0.3584724082653214
v 1.1043245058789755 -0.43426681561301644 -0.3712774456994255
v 1.0989308264916968 -0.5009325019637519 -0.4702595062037706
v 1.0995942132535332 -0.43383065158076733 -0.48141527981197
v 1.1569077591106276 -0.4830820824561239 -0.450331312171462
v 1.160307717534723 -0.4834413721672128 -0.3817171941479038
v 1.0435974460865594 -0.4519630214261314 -0.4591293487055551
v 1.046858447523717 -0.4522690833216813 -0.3904679468011788
v 1.1981333174854878 -0.4603174241824713 -0.05856494218542941
v 1.1566112035869345 -0.4135880495439454 -0.07577994836303224
v 1.2317868101793101 -0.42057052988425264 -0.07357634148271444
v 1.1639402834789057 -0.5007508454572239 -0.04494760706139771
v 1.2383705329583754 -0.5090257315088644 -0.042327635558994166
v 1.1836551737075212 -0.48918545774801436 -0.005813918588318395
v 1.1787950299451595 -0.4350175854863372 -0.024772612784691943
v 1.2161896346303023 -0.4861054164813742 -0.0937569851305433
v 1.2124063656358386 -0.43174362103290354 -0.11304321465731698
v 1.2684063380168096 -0.4654277538058263 -0.08434480076012395
v 1.2475038605023914 -0.46808222238421465 -0.02947420569578647
v 1.1469651536665766 -0.45370436873476 -0.08778453709868014
v 1.1269410704700513 -0.4550936372361972 -0.033796782793379734
v 1.1302376438295423 -0.5179719840449216 0.19588920021032205
v 1.0951253021618808 -0.46416869750383954 0.2023743934294283
v 1.1737021903920042 -0.47861728457515057 0.1894277034493548
v 1.0888208753370308 -0.5578214959040714 0.20090965165022093
v 1.1674511589331857 -0.5709345063904834 0.18886013973379162
v 1.1261432439912047 -0.5504731910919783 0.2524325457865943
v 1.130035611230737 -0.4929383498166767 0.25334047349581573
v 1.131542677051392 -0.5428666547249794 0.1376658709626072
v 1.1355007355287754 -0.4855557813728421 0.13800748474206873
v 1.195793697257352 -0.5271556147440198 0.149934868935488
v 1.1922821201601743 -0.5309910643827985 0.22111736384408662
v 1.0684750018897504 -0.5040558403453516 0.17029126767484026
v 1.0653396571988851 -0.5095240874422488 0.24129976202662662
v 1.135207979337316 -0.5584514971628776 0.6617416097616101
v 1.102815947283783 -0.5262581032812012 0.6610796687861786
v 1.1701142219302956 -0.5196670364128281 0.6592048705117258
v 1.1016822413192353 -0.5993364283488973 0.66638097566809
v 1.1687461557273675 -0.5919872442705424 0.6641883734645503
v 1.1321821654850517 -0.5903383211790207 0.701047405936469
v 1.1326624271916348 -0.5449946810188881 0.6979951318653302
v 1.138404574526836 -0.5728773264101068 0.6273210676796805
v 1.1394853587565574 -0.5283193194147816 0.6239167991186415
v 1.192065870399802 -0.5483619837764139 0.6380126005040793
v 1.18825290458051 -0.5590049924341227 0.6839264895248078
v 1.0836548171892197 -0.5597471940114089 0.6415448912674742
v 1.0793695789835218 -0.5702106539509817 0.6869134406931465
v 1.278714030340778 -0.5862772256703379 0.9525805510343773
v 1.2560637969847033 -0.5463736143481094 0.9587344588509371
v 1.293493962535547 -0.5333039095663381 0.9617553265570543
v 1.2635334135554264 -0.6381046187645042 0.9441550479304452
v 1.3014177275615713 -0.6252532804783411 0.9468855286168757
v 1.281068324910165 -0.6139597587256382 0.9863977289649567
v 1.2763674410610204 -0.5570626444525361 0.9949413958886747
v 1.2814102842858646 -0.6147922724653784 0.9092877652075803
v 1.2766781674938041 -0.5582474880584752 0.9190090216694089
v 1.308810418973582 -0.5758716567074842 0.9319706859447605
v 1.3089085101201539 -0.5751904628414829 0.9783736563659898
v 1.2481244801856486 -0.5966548458428158 0.9263473340054197
v 1.2476591625456557 -0.5961089713466102 0.9745807755815997
v 1.0857813023057032 -0.15984493701711794 -1.5725384992331044
v 1.0725463988423716 -0.10458011097094876 -1.5794854860365513
v 1.1079776279595503 -0.1218996124387065 -1.5794613906453392
v 1.0635301048613164 -0.1971543049254416 -1.567464212237848
v 1.0997818688115646 -0.2142164054518924 -1.567244872282829
v 1.0766116344446328 -0.18403682507993085 -1.5262615878419394
v 1.0821119409991329 -0.12675930147695677 -1.5331998120785235
v 1.0908275898164934 -0.19086923337275072 -1.6122133404404637
v 1.0959530764838605 -0.13398120561694046 -1.6203304582616156
v 1.1195793530664757 -0.175059961991165 -1.5994372683013216
v 1.1108013506761614 -0.17142251287298407 -1.5459962787785526
v 1.0614761789332896 -0.14794932525682736 -1.599774465629271
v 1.05297642563906 -0.1429234359709077 -1.5461311389892114
v 1.1478727813459157 -0.1086536083538374 -1.184819810989044
v 1.1258264452352 -0.08022449748435515 -1.1671655182840683
v 1.1798816157667997 -0.07682598185175872 -1.1713221557322686
v 1.1165630649671034 -0.14090261589107841 -1.1973061067116384
v 1.1720956653021233 -0.1370823352928219 -1.201916724777849
v 1.1278035340078363 -0.11862996918587285 -1.1407741672159224
v 1.1327500121998233 -0.08130505132236594 -1.1219027460988866
v 1.163412596393747 -0.13580409463719711 -1.2469857055229476
v 1.169025591345872 -0.09839941170643668 -1.2283464999336104
v 1.2039183164934637 -0.11037302921819216 -1.221154654155143
v 1.1817185732038875 -0.10049944704811208 -1.1550834856773855
v 1.115290709505083 -0.11686636998958785 -1.2135914625862212
v 1.0930961482431096 -0.10565378803472569 -1.1482925603323706
v 1.1248173627096139 -0.09015816878655421 -0.826381546255785
v 1.1029426725299467 -0.06367594891585178 -0.8169279269736427
v 1.1440708060321412 -0.05782909520790325 -0.8274064298118899
v 1.1050678025204126 -0.12369683558978536 -0.8230214021035619
v 1.1456431796521962 -0.11726594045088708 -0.8344068659111467
v 1.1317781213204965 -0.11893404544539754 -0.7891278212122991
v 1.1309468336036241 -0.08260026976803644 -0.78466431240107
v 1.1177939431184643 -0.09851450924045053 -0.866351486409607
v 1.1163070549643375 -0.060949042331766345 -0.8628474831487967
v 1.15321815007664 -0.07939028895718421 -0.8582269844927513
v 1.1612643709728458 -0.09253859879890894 -0.810700474444717
v 1.086228790387464 -0.08940967451605972 -0.8410745094762525
v 1.0958779615395573 -0.10238844128616613 -0.7925990395796295
v 1.1159736992729645 -0.212788592618448 -0.45976125918973976
v 1.1003685091235738 -0.15509287168350602 -0.4558390613802094
v 1.1442426353929944 -0.1605644967996617 -0.45473132483436574
v 1.0898834653273377 -0.2652224960979049 -0.4666181131157429
v 1.1325035465391025 -0.27077090629909206 -0.465945654798394
v 1.1117766553147463 -0.2539868219966982 -0.42013138940823375
v 1.118659067008455 -0.18638823657724438 -0.41355762852541333
v 1.1147734205124409 -0.23994494805709382 -0.5068147336892246
v 1.1217325020134332 -0.17127340506925864 -0.49982789820842277
v 1.1526059088086713 -0.21264265096717633 -0.486736506874298
v 1.1506899282219782 -0.22138694077733498 -0.433168009879569
v 1.0825605993496092 -0.2034941954008155 -0.48801450391952256
v 1.0808477486759118 -0.21283760729930445 -0.4347091648119743
v 1.0824007365819173 -0.09725109682397903 -0.17043869870799633
v 1.056795056574565 -0.05028978067477558 -0.1696764860970071
v 1.1028953676288904 -0.048578101042956866 -0.16236460405111452
v 1.0608382375643342 -0.1460888721699056 -0.1781168751801142
v 1.1072964048369875 -0.14545878268610193 -0.16967140787879031
v 1.082490280018675 -0.14036072037528224 -0.12668047198571578
v 1.080012198078457 -0.08024644852952374 -0.12171350296191726
v 1.0835013174606003 -0.11450426398694685 -0.21909838493508474
v 1.0806829375450109 -0.05550675331650362 -0.21439139870140989
v 1.119447551352728 -0.08925616930157064 -0.19252880398224892
v 1.119132163795574 -0.10405310055005061 -0.13544031285229227
v 1.0446159530419572 -0.0904461505101542 -0.20534857180683044
v 1.043984308142207 -0.10685536518330899 -0.14793659379730795
v 1.1805877096601585 -0.15367441841636176 0.2765328730610655
v 1.1470714060494112 -0.11255054238366344 0.28975779306192556
v 1.2122243295038118 -0.11355110088036449 0.29594869914382943
v 1.148193266628786 -0.19208814619895315 0.2567384069444814
v 1.2127624329479028 -0.19385290878925632 0.2631165359895478
v 1.1844061537847812 -0.16575801095802484 0.31767591874441486
v 1.1848488207681285 -0.11599752511115204 0.33747594093876015
v 1.1765183272771664 -0.18942929365180372 0.21465401148773394
v 1.1750197964560964 -0.14041762268873634 0.23544057035367474
v 1.2295399706002448 -0.1616376511587384 0.24986340380397146
v 1.235427644307321 -0.14733239637321804 0.31295396427551553
v 1.1250555448238047 -0.1599183076331362 0.2394245843351959
v 1.1300619613944953 -0.1446112870503955 0.3029995088928153
v 1.1627303043036616 -0.17134145772886616 0.6282859087929743
v 1.1482626485751355 -0.126796993654657 0.6268613952959806
v 1.184349183756711 -0.10693467336504482 0.6335474431702695
v 1.142139163540948 -0.23578711444176909 0.6223118817168215
v 1.1769057289167832 -0.2167834771268459 0.6300487132817193
v 1.155545676679019 -0.20387338007630568 0.661558143350814
v 1.1604119947692846 -0.13717057431295976 0.6648128804092972
v 1.1665549517051483 -0.20643265218934445 0.5926843525074783
v 1.1700757121704424 -0.13783335154900553 0.594428687006091
v 1.1944436589038085 -0.15567890530628456 0.6128410687052256
v 1.1881857522014168 -0.15557957161598907 0.6558544296186344
v 1.1373361832671356 -0.1879618517502022 0.6012875859660606
v 1.1307772189114593 -0.18608299289958363 0.6442375041491276
v 1.2475465044939538 -0.1088438640645651 0.9053193018011222
v 1.2084643839159086 -0.08008424352051949 0.9203449796475949
v 1.2620269197398781 -0.07474790920213277 0.899177297419558
v 1.2329892550730972 -0.14358682391438352 0.9121033566063397
v 1.285821282964469 -0.1380880752213389 0.8913395149708498
v 1.2658915453840236 -0.12471178416279748 0.9374025640253064
v 1.2510199392675214 -0.0852945646508135 0.9421605724306263
v 1.242980885329181 -0.13200718030321038 0.868658330522622
v 1.2279767753864743 -0.09301542547106866 0.8739048253069467
v 1.2826563370025152 -0.10678060851740147 0.867997704876194
v 1.297365174709759 -0.10226071979762767 0.9104829368933763
v 1.1971192720076855 -0.1155826767146145 0.9019453690491525
v 1.2108672742063458 -0.11077276255355423 0.9442072973426329
v 1.425615662219911 -0.5360031635831544 -1.4395435470765245
v 1.3901399454406245 -0.4944131282582668 -1.4350675193767155
v 1.449292298197635 -0.47838806609182694 -1.4442404692054374
v 1.4025006784552645 -0.5927376828462518 -1.4342644892369958
v 1.4623771677560644 -0.5779958459837502 -1.4433459740997416
v 1.4330269154320667 -0.5733164678044318 -1.3889988981712533
v 1.425316244233113 -0.511825602911477 -1.3901149313767691
v 1.4259740575081268 -0.5592873738249302 -1.4883884766138589
v 1.4179349971544017 -0.49850253132471944 -1.4884188738083457
v 1.472086664118556 -0.51920156189798 -1.4771473171879004
v 1.4761298428205023 -0.527654104759225 -1.4158170584866347
v 1.3752505386475473 -0.5441981436036673 -1.4622591799617592
v 1.3802869857840367 -0.5525717509380992 -1.4013244105243017
v 1.5076012624782125 -0.45683015514774605 -1.1742100286778017
v 1.482798105480062 -0.409829249604037 -1.1799373685025436
v 1.5242362724675989 -0.42313991729759615 -1.1653151087839546
v 1.4886965198124564 -0.49184152807631876 -1.1830302754024713
v 1.5316502612716314 -0.5045349947000856 -1.169206568775787
v 1.5020622811557713 -0.48415684937441444 -1.1389134856629408
v 1.49830528273202 -0.43337845898330873 -1.1364630574476384
v 1.5150878188799226 -0.481559516081118 -1.212811942071832
v 1.5106026132000852 -0.4313963021283397 -1.2109338449864973
v 1.545165837971224 -0.46680041564132085 -1.1855115337220221
v 1.5374727043894931 -0.46862835500356154 -1.1396837798540866
v 1.4770804591001558 -0.4460527705699338 -1.208556731059467
v 1.4691788713298335 -0.44716962383944353 -1.162685805238063
v 1.4564308904870076 -0.5738088313894665 -0.7913222034092214
v 1.4270013368840582 -0.5220916804059494 -0.8053531791953835
v 1.4960356458157946 -0.5275716984769377 -0.8003693303429722
v 1.4163810415581113 -0.6188113217887027 -0.7817801818047353
v 1.4851062471905805 -0.6252248023475018 -0.7781831934757902
v 1.4493298543151312 -0.612411460525932 -0.7326619781878293
v 1.456225669309297 -0.5530122798123408 -0.7472050154931902
v 1.4556249018691172 -0.5941729910044782 -0.8368502213977185
v 1.4621714612419747 -0.5333510305374092 -0.850657524561228
v 1.5130017058593823 -0.5718050485135223 -0.8202770147628147
v 1.5091969030064258 -0.5840977135276054 -0.7564721454271168
v 1.4016647715156259 -0.5626881990226452 -0.8274740185070282
v 1.3978737414964322 -0.5738921155660387 -0.7630740848778299
v 1.4570172009023328 -0.4867178988004611 -0.41695400429477264
v 1.4210327013771458 -0.42627454964775086 -0.4129940971618751
v 1.4951354306422293 -0.43206617317770185 -0.4191649042433587
v 1.4204695355775119 -0.5409148432889339 -0.4149645673850944
v 1.4927300458087571 -0.5466313244569724 -0.4219109326163697
v 1.4548877285608224 -0.5125288613153611 -0.3621795911745053
v 1.4565930758221461 -0.4418653933587359 -0.36137693474266225
v 1.4590998523343475 -0.5310574475280375 -0.47409411157656894
v 1.4593225635283524 -0.4600053026256028 -0.4720889405008185
v 1.517392309565784 -0.4967142614813826 -0.4565577764127769
v 1.515448455034307 -0.485925752343367 -0.38776727242653825
v 1.3990784985416558 -0.487980968225095 -0.4459277601274848
v 1.3967881253225911 -0.4761017663134012 -0.37717567384573003
v 1.4657780181055373 -0.4734739711756528 0.0008793390916841936
v 1.4268545548876486 -0.43581849752704277 0.00471368693996485
v 1.4813735157980996 -0.42572672344273155 -0.008012480814954294
v 1.4516038057582281 -0.5220351294964585 0.009734452035434276
v 1.50593851782897 -0.5126116950334575 -0.0025913715239505087
v 1.4816475491411663 -0.5037672405327119 0.04780293142363923
v 1.4656411319402691 -0.44960558062865996 0.043877538337174865
v 1.4663618611642317 -0.497828453432518 -0.04418630840160506
v 1.451888413230605 -0.44491201452821455 -0.04666626381150013
v 1.5059044514300952 -0.46508899364271955 -0.03772543982087158
v 1.5153847711205928 -0.4677678091354988 0.018908741421097098
v 1.4182899007673275 -0.4803133819584132 -0.017198262549498168
v 1.4267666606982379 -0.48413530747039835 0.03902785176643989
v 1.5371887707028526 -0.43828620956610054 0.23671973276111552
v 1.5188519467032124 -0.39369349324322733 0.23257699336595658
v 1.5719714407626273 -0.3791518186096437 0.23198436547162082
v 1.5009879267512216 -0.498279624695735 0.24376524386779452
v 1.5549983070782698 -0.48347942075879663 0.24151463462725242
v 1.525394003491318 -0.4747613248293177 0.29172776249858706
v 1.5354945345577835 -0.41032353243220515 0.28548623940035056
v 1.537683040615074 -0.4681454001326567 0.1888359167369023
v 1.548967351029658 -0.40355286059115164 0.18234853188632208
v 1.5835622894949373 -0.42471816937711404 0.20364184480365777
v 1.5761384591709213 -0.42871862539831446 0.26799196602682585
v 1.497441063674761 -0.4482777251338147 0.2067821564233253
v 1.4890032744386081 -0.45253829315390853 0.26962691108209147
v 1.4470195126322116 -0.4173521525457142 0.6014922202599542
v 1.4023597481731878 -0.36053021704498883 0.6042774274045285
v 1.4772716032415687 -0.36758932558458474 0.6029778668781626
v 1.4176092796502588 -0.4671352134525101 0.5989081973613548
v 1.4926461820784307 -0.4750470347989267 0.5986347658582816
v 1.4653900339531996 -0.4552626901689563 0.6500784978799177
v 1.4559066766961377 -0.3888096535036368 0.654090331921838
v 1.4390322721210826 -0.4475209582997436 0.5486037570171233
v 1.429482718553724 -0.38166440716142114 0.5505867684455031
v 1.4999306248777236 -0.4213038291175956 0.5686102981561257
v 1.516147075357539 -0.4263124667027332 0.6318077790395058
v 1.3786130222251567 -0.40960251970669864 0.5697474182578636
v 1.3950649729095634 -0.41387116691574377 0.633231108081015
v 1.6156934588939982 -0.5457254380416354 0.9688421447455171
v 1.579647577741995 -0.4811811384808775 0.9774785187097815
v 1.6411707022851432 -0.4829191397176761 0.9668436499203634
v 1.5905716712973488 -0.6073937513287838 0.9707470154233449
v 1.6528481366395917 -0.6085361315860375 0.9609161484690204
v 1.6224347312983676 -0.5723538342671065 1.0215629420430064
v 1.6156861346186628 -0.49442934814603373 1.0252612985541516
v 1.616799758221997 -0.5960039208394905 0.9133997609599023
v 1.6094906604461487 -0.5182322871543045 0.9175462990343187
v 1.6640559569260311 -0.5538183539007259 0.9273659827649479
v 1.6679799331304976 -0.5391793852439314 0.9946145763856175
v 1.5642282598550599 -0.5516266956024307 0.9444060846601443
v 1.5675927472129794 -0.5369163760446506 1.0105436925829596
v 1.5223960018206948 -0.13746498468155693 -1.4143181241468052
v 1.4834385945304311 -0.08064907392054993 -1.4171475813874423
v 1.5525818104183664 -0.07704182468442144 -1.4028505211783588
v 1.4903893174618221 -0.19824616318041466 -1.4269150426444674
v 1.5602578177670914 -0.19299684361195513 -1.4127032302258444
v 1.5243817849126444 -0.17837066246476393 -1.3580601205945613
v 1.5207237523662231 -0.10642382690860587 -1.3514150447575248
v 1.5231375637798092 -0.16847222818222685 -1.4773519120213041
v 1.5178704020749483 -0.09605741402439537 -1.471981739541327
v 1.5777187096427907 -0.13081359548265914 -1.4401385686920891
v 1.5788685727237364 -0.13659472704739106 -1.365800419725785
v 1.4652656769996448 -0.13751770124069804 -1.4628928768813507
v 1.4665679395483482 -0.14414540896312134 -1.3891029635066714
v 1.5075303544197565 -0.08147528921875274 -1.1510600179319106
v 1.4801810952888916 -0.025121087820050243 -1.1626201748933354
v 1.534994079489729 -0.03245636462666273 -1.160022695020989
v 1.4804204975592858 -0.13058760180796267 -1.1419280854056253
v 1.536358791838479 -0.13771911629490327 -1.1397439745703228
v 1.5260108696833197 -0.11434627358501163 -1.1005548342778992
v 1.5257034673522971 -0.04831753331608363 -1.1127902976829562
v 1.4905441398448733 -0.1141828141852401 -1.1889651822014164
v 1.489808825571383 -0.05001762686816684 -1.2019460917402467
v 1.5413510235852599 -0.08751286553662573 -1.1760573507053818
v 1.5641263221015849 -0.08668637735265222 -1.1218037108140728
v 1.4525598276147893 -0.07550016204841975 -1.1804969194431394
v 1.4739013320342735 -0.07539485897423516 -1.1250268445185168
v 1.518528213030848 -0.22483010673969087 -0.8221442364229368
v 1.4886231360376805 -0.17454421118342062 -0.8317362861007634
v 1.5381675037560782 -0.19293026614664807 -0.8428814749073897
v 1.498289318280401 -0.25586599085867096 -0.8025330795599945
v 1.5500643461051642 -0.27444029134378173 -0.8128472232151788
v 1.5160846197449576 -0.2463865037188005 -0.7574252317118911
v 1.5088154582504616 -0.19633438356896493 -0.7758568476609744
v 1.5285211026135548 -0.25257184748855427 -0.8707002623440939
v 1.5223400655358519 -0.20188487776228184 -0.8888385658340934
v 1.5637541548333938 -0.24096048455852276 -0.8663134148978469
v 1.5552045898469453 -0.2375439173702167 -0.796671847399163
v 1.4813242082683493 -0.21130133147886496 -0.8492854422893535
v 1.4738870102098445 -0.207425342621123 -0.7789921914527014
v 1.4674135484816324 -0.01609159778595885 -0.4112373253663313
v 1.4448308602168232 0.024760084190523446 -0.4112006446255854
v 1.5076142376137331 0.02626090554986408 -0.41865371856605205
v 1.4266863108721697 -0.05874583414365954 -0.40497738012655954
v 1.490098484545009 -0.05822487123164751 -0.41228633273575405
v 1.457994934640509 -0.05354892427298705 -0.3577976998677774
v 1.468955599441013 -0.0021746185756094678 -0.3618605527186177
v 1.4657878341409591 -0.031111340907159227 -0.46048091309398115
v 1.4769142149193888 0.021332652240342 -0.4641409751773339
v 1.5204274234325617 -0.008721587348385428 -0.4490052108183932
v 1.5155701557438477 -0.02237679835440026 -0.3855473006898876
v 1.4183995012773998 -0.009794170471462433 -0.4368894546497836
v 1.413471935223566 -0.02446064532997832 -0.37366791150236317
v 1.5403205352390457 -0.20012725054367556 -0.13480037358824057
v 1.5145416731400692 -0.14274256820456727 -0.13095570304748916
v 1.5871198167714031 -0.1510448014540981 -0.1368730163059737
v 1.4936456300271495 -0.25107509263149186 -0.13307800365381137
v 1.5652759263734954 -0.258937347829351 -0.138305023009845
v 1.5400730251179133 -0.2302754803071713 -0.08523406247462605
v 1.5528542539415369 -0.16363810677180268 -0.08375487104036017
v 1.5269498265792947 -0.23846584957813458 -0.18629970904151885
v 1.540629807752393 -0.17156873927203162 -0.18546811504304844
v 1.5945294486877066 -0.21007267515385575 -0.17051315343339896
v 1.602520404605004 -0.20538439252058646 -0.10886026258100587
v 1.4779905926463015 -0.19728860334990844 -0.1625612388561951
v 1.4856868974548696 -0.19202535273882668 -0.09885521201119263
v 1.4645681883684647 -0.09674559047303734 0.1797887941259245
v 1.4355940555593774 -0.05242432733017891 0.18088896247275565
v 1.481863444806716 -0.05290488933128361 0.187749841512707
v 1.4462048002233947 -0.1403842627791965 0.17285028436189676
v 1.4923484229220854 -0.14014682689287503 0.1790663331835718
v 1.4630565808134395 -0.12509695261505444 0.21777114030565287
v 1.456927559662073 -0.07148610800781413 0.2225727909709507
v 1.472238293340736 -0.12299445474890923 0.13796920950174574
v 1.4653442994470383 -0.06828350495768952 0.14340898292933998
v 1.5043329000764125 -0.09653187204787655 0.1608186361055796
v 1.4987414354884687 -0.09819496917797656 0.20983957538317993
v 1.4294667738609792 -0.09636276989800639 0.1501238216757405
v 1.4242792700353166 -0.09807723407005077 0.19935070412946318
v 1.5171296719786629 -0.23039079562848683 0.6571566534459181
v 1.487561164668415 -0.18528158364176014 0.6615913459999694
v 1.540813833125217 -0.17764826677883291 0.6717986327332616
v 1.4931431820156018 -0.2831882091058741 0.6422605642279597
v 1.5460175981185256 -0.2762656319987808 0.6527481713120051
v 1.5217329750273623 -0.25441856803325924 0.699030305756649
v 1.518526087757766 -0.19363847268112472 0.7104438015461579
v 1.5172692505168375 -0.26824442613662697 0.6036552322014591
v 1.513789334580467 -0.20754289396763134 0.6158207726345083
v 1.559332146006803 -0.2290721836178215 0.6365757088865156
v 1.5612675620910652 -0.22072075392817211 0.6948568537066412
v 1.4725777061477017 -0.24103019312798432 0.6193749756925698
v 1.4762527844200104 -0.23219607688906804 0.6785171413278887
v 1.4456754873557351 -0.17304578742520563 0.9569618391140763
v 1.4219620811690086 -0.11043048400908392 0.9577654362739402
v 1.4816563486854435 -0.12358486292194429 0.9491056626722914
v 1.4107667860503372 -0.22205564053890697 0.9648733009669745
v 1.470357312522076 -0.2353920205155004 0.9557761982007251
v 1.443661759949654 -0.21351023866578692 1.0115118535731695
v 1.4505122897316316 -0.14503593496420683 1.0070728676958218
v 1.4403263799434722 -0.20146721192547914 0.9067246864032508
v 1.4473962558087956 -0.13178787872871797 0.9026984100183977
v 1.4930663409140588 -0.17956242970971928 0.9176971976826962
v 1.4960754491663126 -0.18694886882629988 0.9823890496860325
v 1.3974800796605507 -0.15771882331484857 0.9320265094760005
v 1.3984689422767118 -0.16586931979629302 0.996630522097569
t 0 1 12 6
t 0 1 6 2
t 0 1 2 8
t 0 1 8 11
t 0 1 11 12
t 0 2 6 10
t 0 6 12 5
t 0 12 11 3
t 0 11 8 7
t 0 8 2 9
t 0 4 10 5
t 0 4 5 3
t 0 4 3 7
t 0 4 7 9
t 0 4 9 10
t 0 5 10 6
t 0 3 5 12
t 0 7 3 11
t 0 9 7 8
t 0 10 9 2
t 13 14 25 19
t 13 14 19 15
t 13 14 15 21
t 13 14 21 24
t 13 14 24 25
t 13 15 19 23
t 13 19 25 18
t 13 25 24 16
t 13 24 21 20
t 13 21 15 22
t 13 17 23 18
t 13 17 18 16
t 13 17 16 20
t 13 17 20 22
t 13 17 22 23
t 13 18 23 19
t 13 16 18 25
t 13 20 16 24
t 13 22 20 21
t 13 23 22 15
t 26 27 38 32
t 26 27 32 28
t 26 27 28 34
t 26 27 34 37
t 26 27 37 38
t 26 28 32 36
t 26 32 38 31
t 26 38 37 29
t 26 37 34 33
t 26 34 28 35
t 26 30 36 31
t 26 30 31 29
t 26 30 29 33
t 26 30 33 35
t 26 30 35 36
t 26 31 36 32
t 26 29 31 38
t 26 33 29 37
t 26 35 33 34
t 26 36 35 28
t 39 40 51 45
t 39 40 45 41
t 39 40 41 47
t 39 40 47 50
t 39 40 50 51
t 39 41 45 49
t 39 45 51 44
t 39 51 50 42
t 39 50 47 46
t 39 47 41 48
t 39 43 49 44
t 39 43 44 42
t 39 43 42 46
t 39 43 46 48
t 39 43 48 49
t 39 44 49 45
t 39 42 44 51
t 39 46 42 50
t 39 48 46 47
t 39 49 48 41
t 52 53 64 58
t 52 53 58 54
t 52 53 54 60
t 52 53 60 63
t 52 53 63 64
t 52 54 58 62
t 52 58 64 57
t 52 64 63 55
t 52 63 60 59
t 52 60 54 61
t 52 56 62 57
t 52 56 57 55
t 52 56 55 59
t 52 56 59 61
t 52 56 61 62
t 52 57 62 58
t 52 55 57 64
t 52 59 55 63
t 52 61 59 60
t 52 62 61 54
t 65 66 77 71
t 65 66 71 67
t 65 66 67 73
t 65 66 73 76
t 65 66 76 77
t 65 67 71 75
t 65 71 77 70
t 65 77 76 68
t 65 76 73 72
t 65 73 67 74
t 65 69 75 70
t 65 69 70 68
t 65 69 68 72
t 65 69 72 74
t 65 69 74 75
t 65 70 75 71
t 65 68 70 77
t 65 72 68 76
t 65 74 72 73
t 65 75 74 67
t 78 79 90 84
t 78 79 84 80
t 78 79 80 86
t 78 79 86 89
t 78 79 89 90
t 78 80 84 88
t 78 84 90 83
t 78 90 89 81
t 78 89 86 85
t 78 86 80 87
t 78 82 88 83
t 78 82 83 81
t 78 82 81 85
t 78 82 85 87
t 78 82 87 88
t 78 83 88 84
t 78 81 83 90
t 78 85 81 89
t 78 87 85 86
t 78 88 87 80
t 91 92 103 97
t 91 92 97 93
t 91 92 93 99
t 91 92 99 102
t 91 92 102 103
t 91 93 97 101
t 91 97 103 96
t 91 103 102 94
t 91 102 99 98
t 91 99 93 100
t 91 95 101 96
t 91 95 96 94
t 91 95 94 98
t 91 95 98 100
t 91 95 100 101
t 91 96 101 97
t 91 94 96 103
t 91 98 94 102
t 91 100 98 99
t 91 101 100 93
t 104 105 116 110
t 104 105 110 106
t 104 105 106 112
t 104 105 112 115
t 104 105 115 116
t 104 106 110 114
t 104 110 116 109
t 104 116 115 107
t 104 115 112 111
t 104 112 106 113
t 104 108 114 109
t 104 108 109 107
t 104 108 107 111
t 104 108 111 113
t 104 108 113 114
t 104 109 114 110
t 104 107 109 116
t 104 111 107 115
t 104 113 111 112
t 104 114 113 106
t 117 118 129 123
t 117 118 123 119
t 117 118 119 125
t 117 118 125 128
t 117 118 128 129
t 117 119 123 127
t 117 123 129 122
t 117 129 128 120
t 117 128 125 124
t 117 125 119 126
t 117 121 127 122
t 117 121 122 120
t 117 121 120 124
t 117 121 124 126
t 117 121 126 127
t 117 122 127 123
t 117 120 122 129
t 117 124 120 128
t 117 126 124 125
t 117 127 126 119
t 130 131 142 136
t 130 131 136 132
t 130 131 132 138
t 130 131 138 141
t 130 131 141 142
t 130 132 136 140
t 130 136 142 135
t 130 142 141 133
t 130 141 138 137
t 130 138 132 139
t 130 134 140 135
t 130 134 135 133
t 130 134 133 137
t 130 134 137 139
t 130 134 139 140
t 130 135 140 136
t 130 133 135 142
t 130 137 133 141
t 130 139 137 138
t 130 140 139 132
t 143 144 155 149
t 143 144 149 145
t 143 144 145 151
t 143 144 151 154
t 143 144 154 155
t 143 145 149 153
t 143 149 155 148
t 143 155 154 146
t 143 154 151 150
t 143 151 145 152
t 143 147 153 148
t 143 147 148 146
t 143 147 146 150
t 143 147 150 152
t 143 147 152 153
t 143 148 153 149
t 143 146 148 155
t 143 150 146 154
t 143 152 150 151
t 143 153 152 145
t 156 157 168 162
t 156 157 162 158
t 156 157 158 164
t 156 157 164 167
t 156 157 167 168
t 156 158 162 166
t 156 162 168 161
t 156 168 167 159
t 156 167 164 163
t 156 164 158 165
t 156 160 166 161
t 156 160 161 159
t 156 160 159 163
t 156 160 163 165
t 156 160 165 166
t 156 161 166 162
t 156 159 161 168
t 156 163 159 167
t 156 165 163 164
t 156 166 165 158
t 169 170 181 175
t 169 170 175 171
t 169 170 171 177
t 169 170 177 180
t 169 170 180 181
t 169 171 175 179
t 169 175 181 174
t 169 181 180 172
t 169 180 177 176
t 169 177 171 178
t 169 173 179 174
t 169 173 174 172
t 169 173 172 176
t 169 173 176 178
t 169 173 178 179
t 169 174 179 175
t 169 172 174 181
t 169 176 172 180
t 169 178 176 177
t 169 179 178 171
t 182 183 194 188
t 182 183 188 184
t 182 183 184 190
t 182 183 190 193
t 182 183 193 194
t 182 184 188 192
t 182 188 194 187
t 182 194 193 185
t 182 193 190 189
t 182 190 184 191
t 182 186 192 187
t 182 186 187 185
t 182 186 185 189
t 182 186 189 191
t 182 186 191 192
t 182 187 192 188
t 182 185 187 194
t 182 189 185 193
t 182 191 189 190
t 182 192 191 184
t 195 196 207 201
t 195 196 201 197
t 195 196 197 203
t 195 196 203 206
t 195 196 206 207
t 195 197 201 205
t 195 201 207 200
t 195 207 206 198
t 195 206 203 202
t 195 203 197 204
t 195 199 205 200
t 195 199 200 198
t 195 199 198 202
t 195 199 202 204
t 195 199 204 205
t 195 200 205 201
t 195 198 200 207
t 195 202 198 206
t 195 204 202 203
t 195 205 204 197
t 208 209 220 214
t 208 209 214 210
t 208 209 210 216
t 208 209 216 219
t 208 209 219 220
t 208 210 214 218
t 208 214 220 213
t 208 220 219 211
t 208 219 216 215
t 208 216 210 217
t 208 212 218 213
t 208 212 213 211
t 208 212 211 215
t 208 212 215 217
t 208 212 217 218
t 208 213 218 214
t 208 211 213 220
t 208 215 211 219
t 208 217 215 216
t 208 218 217 210
t 221 222 233 227
t 221 222 227 223
t 221 222 223 229
t 221 222 229 232
t 221 222 232 233
t 221 223 227 231
t 221 227 233 226
t 221 233 232 224
t 221 232 229 228
t 221 229 223 230
t 221 225 231 226
t 221 225 226 224
t 221 225 224 228
t 221 225 228 230
t 221 225 230 231
t 221 226 231 227
t 221 224 226 233
t 221 228 224 232
t 221 230 228 229
t 221 231 230 223
t 234 235 246 240
t 234 235 240 236
t 234 235 236 242
t 234 235 242 245
t 234 235 245 246
t 234 236 240 244
t 234 240 246 239
t 234 246 245 237
t 234 245 242 241
t 234 242 236 243
t 234 238 244 239
t 234 238 239 237
t 234 238 237 241
t 234 238 241 243
t 234 238 243 244
t 234 239 244 240
t 234 237 239 246
t 234 241 237 245
t 234 243 241 242
t 234 244 243 236
t 247 248 259 253
t 247 248 253 249
t 247 248 249 255
t 247 248 255 258
t 247 248 258 259
t 247 249 253 257
t 247 253 259 252
t 247 259 258 250
t 247 258 255 254
t 247 255 249 256
t 247 251 257 252
t 247 251 252 250
t 247 251 250 254
t 247 251 254 256
t 247 251 256 257
t 247 252 257 253
t 247 250 252 259
t 247 254 250 258
t 247 256 254 255
t 247 257 256 249
t 260 261 272 266
t 260 261 266 262
t 260 261 262 268
t 260 261 268 271
t 260 261 271 272
t 260 262 266 270
t 260 266 272 265
t 260 272 271 263
t 260 271 268 267
t 260 268 262 269
t 260 264 270 265
t 260 264 265 263
t 260 264 263 267
t 260 264 267 269
t 260 264 269 270
t 260 265 270 266
t 260 263 265 272
t 260 267 263 271
t 260 269 267 268
t 260 270 269 262
t 273 274 285 279
t 273 274 279 275
t 273 274 275 281
t 273 274 281 284
t 273 274 284 285
t 273 275 279 283
t 273 279 285 278
t 273 285 284 276
t 273 284 281 280
t 273 281 275 282
t 273 277 283 278
t 273 277 278 276
t 273 277 276 280
t 273 277 280 282
t 273 277 282 283
t 273 278 283 279
t 273 276 278 285
t 273 280 276 284
t 273 282 280 281
t 273 283 282 275
t 286 287 298 292
t 286 287 292 288
t 286 287 288 294
t 286 287 294 297
t 286 287 297 298
t 286 288 292 296
t 286 292 298 291
t 286 298 297 289
t 286 297 294 293
t 286 294 288 295
t 286 290 296 291
t 286 290 291 289
t 286 290 289 293
t 286 290 293 295
t 286 290 295 296
t 286 291 296 292
t 286 289 291 298
t 286 293 289 297
t 286 295 293 294
t 286 296 295 288
t 299 300 311 305
t 299 300 305 301
t 299 300 301 307
t 299 300 307 310
t 299 300 310 311
t 299 301 305 309
t 299 305 311 304
t 299 311 310 302
t 299 310 307 306
t 299 307 301 308
t 299 303 309 304
t 299 303 304 302
t 299 303 302 306
t 299 303 306 308
t 299 303 308 309
t 299 304 309 305
t 299 302 304 311
t 299 306 302 310
t 299 308 306 307
t 299 309 308 301
t 312 313 324 318
t 312 313 318 314
t 312 313 314 320
t 312 313 320 323
t 312 313 323 324
t 312 314 318 322
t 312 318 324 317
t 312 324 323 315
t 312 323 320 319
t 312 320 314 321
t 312 316 322 317
t 312 316 317 315
t 312 316 315 319
t 312 316 319 321
t 312 316 321 322
t 312 317 322 318
t 312 315 317 324
t 312 319 315 323
t 312 321 319 320
t 312 322 321 314
t 325 326 337 331
t 325 326 331 327
t 325 326 327 333
t 325 326 333 336
t 325 326 336 337
t 325 327 331 335
t 325 331 337 330
t 325 337 336 328
t 325 336 333 332
t 325 333 327 334
t 325 329 335 330
t 325 329 330 328
t 325 329 328 332
t 325 329 332 334
t 325 329 334 335
t 325 330 335 331
t 325 328 330 337
t 325 332 328 336
t 325 334 332 333
t 325 335 334 327
t 338 339 350 344
t 338 339 344 340
t 338 339 340 346
t 338 339 346 349
t 338 339 349 350
t 338 340 344 348
t 338 344 350 343
t 338 350 349 341
t 338 349 346 345
t 338 346 340 347
t 338 342 348 343
t 338 342 343 341
t 338 342 341 345
t 338 342 345 347
t 338 342 347 348
t 338 343 348 344
t 338 341 343 350
t 338 345 341 349
t 338 347 345 346
t 338 348 347 340
t 351 352 363 357
t 351 352 357 353
t 351 352 353 359
t 351 352 359 362
t 351 352 362 363
t 351 353 357 361
t 351 357 363 356
t 351 363 362 354
t 351 362 359 358
t 351 359 353 360
t 351 355 361 356
t 351 355 356 354
t 351 355 354 358
t 351 355 358 360
t 351 355 360 361
t 351 356 361 357
t 351 354 356 363
t 351 358 354 362
t 351 360 358 359
t 351 361 360 353
t 364 365 376 370
t 364 365 370 366
t 364 365 366 372
t 364 365 372 375
t 364 365 375 376
t 364 366 370 374
t 364 370 376 369
t 364 376 375 367
t 364 375 372 371
t 364 372 366 373
t 364 368 374 369
t 364 368 369 367
t 364 368 367 371
t 364 368 371 373
t 364 368 373 374
t 364 369 374 370
t 364 367 369 376
t 364 371 367 375
t 364 373 371 372
t 364 374 373 366
t 377 378 389 383
t 377 378 383 379
t 377 378 379 385
t 377 378 385 388
t 377 378 388 389
t 377 379 383 387
t 377 383 389 382
t 377 389 388 380
t 377 388 385 384
t 377 385 379 386
t 377 381 387 382
t 377 381 382 380
t 377 381 380 384
t 377 381 384 386
t 377 381 386 387
t 377 382 387 383
t 377 380 382 389
t 377 384 380 388
t 377 386 384 385
t 377 387 386 379
t 390 391 402 396
t 390 391 396 392
t 390 391 392 398
t 390 391 398 401
t 390 391 401 402
t 390 392 396 400
t 390 396 402 395
t 390 402 401 393
t 390 401 398 397
t 390 398 392 399
t 390 394 400 395
t 390 394 395 393
t 390 394 393 397
t 390 394 397 399
t 390 394 399 400
t 390 395 400 396
t 390 393 395 402
t 390 397 393 401
t 390 399 397 398
t 390 400 399 392
t 403 404 415 409
t 403 404 409 405
t 403 404 405 411
t 403 404 411 414
t 403 404 414 415
t 403 405 409 413
t 403 409 415 408
t 403 415 414 406
t 403 414 411 410
t 403 411 405 412
t 403 407 413 408
t 403 407 408 406
t 403 407 406 410
t 403 407 410 412
t 403 407 412 413
t 403 408 413 409
t 403 406 408 415
t 403 410 406 414
t 403 412 410 411
t 403 413 412 405
t 416 417 428 422
t 416 417 422 418
t 416 417 418 424
t 416 417 424 427
t 416 417 427 428
t 416 418 422 426
t 416 422 428 421
t 416 428 427 419
t 416 427 424 423
t 416 424 418 425
t 416 420 426 421
t 416 420 421 419
t 416 420 419 423
t 416 420 423 425
t 416 420 425 426
t 416 421 426 422
t 416 419 421 428
t 416 423 419 427
t 416 425 423 424
t 416 426 425 418
t 429 430 441 435
t 429 430 435 431
t 429 430 431 437
t 429 430 437 440
t 429 430 440 441
t 429 431 435 439
t 429 435 441 434
t 429 441 440 432
t 429 440 437 436
t 429 437 431 438
t 429 433 439 434
t 429 433 434 432
t 429 433 432 436
t 429 433 436 438
t 429 433 438 439
t 429 434 439 435
t 429 432 434 441
t 429 436 432 440
t 429 438 436 437
t 429 439 438 431
t 442 443 454 448
t 442 443 448 444
t 442 443 444 450
t 442 443 450 453
t 442 443 453 454
t 442 444 448 452
t 442 448 454 447
t 442 454 453 445
t 442 453 450 449
t 442 450 444 451
t 442 446 452 447
t 442 446 447 445
t 442 446 445 449
t 442 446 449 451
t 442 446 451 452
t 442 447 452 448
t 442 445 447 454
t 442 449 445 453
t 442 451 449 450
t 442 452 451 444
t 455 456 467 461
t 455 456 461 457
t 455 456 457 463
t 455 456 463 466
t 455 456 466 467
t 455 457 461 465
t 455 461 467 460
t 455 467 466 458
t 455 466 463 462
t 455 463 457 464
t 455 459 465 460
t 455 459 460 458
t 455 459 458 462
t 455 459 462 464
t 455 459 464 465
t 455 460 465 461
t 455 458 460 467
t 455 462 458 466
t 455 464 462 463
t 455 465 464 457
t 468 469 480 474
t 468 469 474 470
t 468 469 470 476
t 468 469 476 479
t 468 469 479 480
t 468 470 474 478
t 468 474 480 473
t 468 480 479 471
t 468 479 476 475
t 468 476 470 477
t 468 472 478 473
t 468 472 473 471
t 468 472 471 475
t 468 472 475 477
t 468 472 477 478
t 468 473 478 474
t 468 471 473 480
t 468 475 471 479
t 468 477 475 476
t 468 478 477 470
t 481 482 493 487
t 481 482 487 483
t 481 482 483 489
t 481 482 489 492
t 481 482 492 493
t 481 483 487 491
t 481 487 493 486
t 481 493 492 484
t 481 492 489 488
t 481 489 483 490
t 481 485 491 486
t 481 485 486 484
t 481 485 484 488
t 481 485 488 490
t 481 485 490 491
t 481 486 491 487
t 481 484 486 493
t 481 488 484 492
t 481 490 488 489
t 481 491 490 483
t 494 495 506 500
t 494 495 500 496
t 494 495 496 502
t 494 495 502 505
t 494 495 505 506
t 494 496 500 504
t 494 500 506 499
t 494 506 505 497
t 494 505 502 501
t 494 502 496 503
t 494 498 504 499
t 494 498 499 497
t 494 498 497 501
t 494 498 501 503
t 494 498 503 504
t 494 499 504 500
t 494 497 499 506
t 494 501 497 505
t 494 503 501 502
t 494 504 503 496
t 507 508 519 513
t 507 508 513 509
t 507 508 509 515
t 507 508 515 518
t 507 508 518 519
t 507 509 513 517
t 507 513 519 512
t 507 519 518 510
t 507 518 515 514
t 507 515 509 516
t 507 511 517 512
t 507 511 512 510
t 507 511 510 514
t 507 511 514 516
t 507 511 516 517
t 507 512 517 513
t 507 510 512 519
t 507 514 510 518
t 507 516 514 515
t 507 517 516 509
t 520 521 532 526
t 520 521 526 522
t 520 521 522 528
t 520 521 528 531
t 520 521 531 532
t 520 522 526 530
t 520 526 532 525
t 520 532 531 523
t 520 531 528 527
t 520 528 522 529
t 520 524 530 525
t 520 524 525 523
t 520 524 523 527
t 520 524 527 529
t 520 524 529 530
t 520 525 530 526
t 520 523 525 532
t 520 527 523 531
t 520 529 527 528
t 520 530 529 522
t 533 534 545 539
t 533 534 539 535
t 533 534 535 541
t 533 534 541 544
t 533 534 544 545
t 533 535 539 543
t 533 539 545 538
t 533 545 544 536
t 533 544 541 540
t 533 541 535 542
t 533 537 543 538
t 533 537 538 536
t 533 537 536 540
t 533 537 540 542
t 533 537 542 543
t 533 538 543 539
t 533 536 538 545
t 533 540 536 544
t 533 542 540 541
t 533 543 542 535
t 546 547 558 552
t 546 547 552 548
t 546 547 548 554
t 546 547 554 557
t 546 547 557 558
t 546 548 552 556
t 546 552 558 551
t 546 558 557 549
t 546 557 554 553
t 546 554 548 555
t 546 550 556 551
t 546 550 551 549
t 546 550 549 553
t 546 550 553 555
t 546 550 555 556
t 546 551 556 552
t 546 549 551 558
t 546 553 549 557
t 546 555 553 554
t 546 556 555 548
t 559 560 571 565
t 559 560 565 561
t 559 560 561 567
t 559 560 567 570
t 559 560 570 571
t 559 561 565 569
t 559 565 571 564
t 559 571 570 562
t 559 570 567 566
t 559 567 561 568
t 559 563 569 564
t 559 563 564 562
t 559 563 562 566
t 559 563 566 568
t 559 563 568 569
t 559 564 569 565
t 559 562 564 571
t 559 566 562 570
t 559 568 566 567
t 559 569 568 561
t 572 573 584 578
t 572 573 578 574
t 572 573 574 580
t 572 573 580 583
t 572 573 583 584
t 572 574 578 582
t 572 578 584 577
t 572 584 583 575
t 572 583 580 579
t 572 580 574 581
t 572 576 582 577
t 572 576 577 575
t 572 576 575 579
t 572 576 579 581
t 572 576 581 582
t 572 577 582 578
t 572 575 577 584
t 572 579 575 583
t 572 581 579 580
t 572 582 581 574
t 585 586 597 591
t 585 586 591 587
t 585 586 587 593
t 585 586 593 596
t 585 586 596 597
t 585 587 591 595
t 585 591 597 590
t 585 597 596 588
t 585 596 593 592
t 585 593 587 594
t 585 589 595 590
t 585 589 590 588
t 585 589 588 592
t 585 589 592 594
t 585 589 594 595
t 585 590 595 591
t 585 588 590 597
t 585 592 588 596
t 585 594 592 593
t 585 595 594 587
t 598 599 610 604
t 598 599 604 600
t 598 599 600 606
t 598 599 606 609
t 598 599 609 610
t 598 600 604 608
t 598 604 610 603
t 598 610 609 601
t 598 609 606 605
t 598 606 600 607
t 598 602 608 603
t 598 602 603 601
t 598 602 601 605
t 598 602 605 607
t 598 602 607 608
t 598 603 608 604
t 598 601 603 610
t 598 605 601 609
t 598 607 605 606
t 598 608 607 600
t 611 612 623 617
t 611 612 617 613
t 611 612 613 619
t 611 612 619 622
t 611 612 622 623
t 611 613 617 621
t 611 617 623 616
t 611 623 622 614
t 611 622 619 618
t 611 619 613 620
t 611 615 621 616
t 611 615 616 614
t 611 615 614 618
t 611 615 618 620
t 611 615 620 621
t 611 616 621 617
t 611 614 616 623
t 611 618 614 622
t 611 620 618 619
t 611 621 620 613
t 624 625 636 630
t 624 625 630 626
t 624 625 626 632
t 624 625 632 635
t 624 625 635 636
t 624 626 630 634
t 624 630 636 629
t 624 636 635 627
t 624 635 632 631
t 624 632 626 633
t 624 628 634 629
t 624 628 629 627
t 624 628 627 631
t 624 628 631 633
t 624 628 633 634
t 624 629 634 630
t 624 627 629 636
t 624 631 627 635
t 624 633 631 632
t 624 634 633 626
t 637 638 649 643
t 637 638 643 639
t 637 638 639 645
t 637 638 645 648
t 637 638 648 649
t 637 639 643 647
t 637 643 649 642
t 637 649 648 640
t 637 648 645 644
t 637 645 639 646
t 637 641 647 642
t 637 641 642 640
t 637 641 640 644
t 637 641 644 646
t 637 641 646 647
t 637 642 647 643
t 637 640 642 649
t 637 644 640 648
t 637 646 644 645
t 637 647 646 639
t 650 651 662 656
t 650 651 656 652
t 650 651 652 658
t 650 651 658 661
t 650 651 661 662
t 650 652 656 660
t 650 656 662 655
t 650 662 661 653
t 650 661 658 657
t 650 658 652 659
t 650 654 660 655
t 650 654 655 653
t 650 654 653 657
t 650 654 657 659
t 650 654 659 660
t 650 655 660 656
t 650 653 655 662
t 650 657 653 661
t 650 659 657 658
t 650 660 659 652
t 663 664 675 669
t 663 664 669 665
t 663 664 665 671
t 663 664 671 674
t 663 664 674 675
t 663 665 669 673
t 663 669 675 668
t 663 675 674 666
t 663 674 671 670
t 663 671 665 672
t 663 667 673 668
t 663 667 668 666
t 663 667 666 670
t 663 667 670 672
t 663 667 672 673
t 663 668 673 669
t 663 666 668 675
t 663 670 666 674
t 663 672 670 671
t 663 673 672 665
t 676 677 688 682
t 676 677 682 678
t 676 677 678 684
t 676 677 684 687
t 676 677 687 688
t 676 678 682 686
t 676 682 688 681
t 676 688 687 679
t 676 687 684 683
t 676 684 678 685
t 676 680 686 681
t 676 680 681 679
t 676 680 679 683
t 676 680 683 685
t 676 680 685 686
t 676 681 686 682
t 676 679 681 688
t 676 683 679 687
t 676 685 683 684
t 676 686 685 678
t 689 690 701 695
t 689 690 695 691
t 689 690 691 697
t 689 690 697 700
t 689 690 700 701
t 689 691 695 699
t 689 695 701 694
t 689 701 700 692
t 689 700 697 696
t 689 697 691 698
t 689 693 699 694
t 689 693 694 692
t 689 693 692 696
t 689 693 696 698
t 689 693 698 699
t 689 694 699 695
t 689 692 694 701
t 689 696 692 700
t 689 698 696 697
t 689 699 698 691
t 702 703 714 708
t 702 703 708 704
t 702 703 704 710
t 702 703 710 713
t 702 703 713 714
t 702 704 708 712
t 702 708 714 707
t 702 714 713 705
t 702 713 710 709
t 702 710 704 711
t 702 706 712 707
t 702 706 707 705
t 702 706 705 709
t 702 706 709 711
t 702 706 711 712
t 702 707 712 708
t 702 705 707 714
t 702 709 705 713
t 702 711 709 710
t 702 712 711 704
t 715 716 727 721
t 715 716 721 717
t 715 716 717 723
t 715 716 723 726
t 715 716 726 727
t 715 717 721 725
t 715 721 727 720
t 715 727 726 718
t 715 726 723 722
t 715 723 717 724
t 715 719 725 720
t 715 719 720 718
t 715 719 718 722
t 715 719 722 724
t 715 719 724 725
t 715 720 725 721
t 715 718 720 727
t 715 722 718 726
t 715 724 722 723
t 715 725 724 717
t 728 729 740 734
t 728 729 734 730
t 728 729 730 736
t 728 729 736 739
t 728 729 739 740
t 728 730 734 738
t 728 734 740 733
t 728 740 739 731
t 728 739 736 735
t 728 736 730 737
t 728 732 738 733
t 728 732 733 731
t 728 732 731 735
t 728 732 735 737
t 728 732 737 738
t 728 733 738 734
t 728 731 733 740
t 728 735 731 739
t 728 737 735 736
t 728 738 737 730
t 741 742 753 747
t 741 742 747 743
t 741 742 743 749
t 741 742 749 752
t 741 742 752 753
t 741 743 747 751
t 741 747 753 746
t 741 753 752 744
t 741 752 749 748
t 741 749 743 750
t 741 745 751 746
t 741 745 746 744
t 741 745 744 748
t 741 745 748 750
t 741 745 750 751
t 741 746 751 747
t 741 744 746 753
t 741 748 744 752
t 741 750 748 749
t 741 751 750 743
t 754 755 766 760
t 754 755 760 756
t 754 755 756 762
t 754 755 762 765
t 754 755 765 766
t 754 756 760 764
t 754 760 766 759
t 754 766 765 757
t 754 765 762 761
t 754 762 756 763
t 754 758 764 759
t 754 758 759 757
t 754 758 757 761
t 754 758 761 763
t 754 758 763 764
t 754 759 764 760
t 754 757 759 766
t 754 761 757 765
t 754 763 761 762
t 754 764 763 756
t 767 768 779 773
t 767 768 773 769
t 767 768 769 775
t 767 768 775 778
t 767 768 778 779
t 767 769 773 777
t 767 773 779 772
t 767 779 778 770
t 767 778 775 774
t 767 775 769 776
t 767 771 777 772
t 767 771 772 770
t 767 771 770 774
t 767 771 774 776
t 767 771 776 777
t 767 772 777 773
t 767 770 772 779
t 767 774 770 778
t 767 776 774 775
t 767 777 776 769
t 780 781 792 786
t 780 781 786 782
t 780 781 782 788
t 780 781 788 791
t 780 781 791 792
t 780 782 786 790
t 780 786 792 785
t 780 792 791 783
t 780 791 788 787
t 780 788 782 789
t 780 784 790 785
t 780 784 785 783
t 780 784 783 787
t 780 784 787 789
t 780 784 789 790
t 780 785 790 786
t 780 783 785 792
t 780 787 783 791
t 780 789 787 788
t 780 790 789 782
t 793 794 805 799
t 793 794 799 795
t 793 794 795 801
t 793 794 801 804
t 793 794 804 805
t 793 795 799 803
t 793 799 805 798
t 793 805 804 796
t 793 804 801 800
t 793 801 795 802
t 793 797 803 798
t 793 797 798 796
t 793 797 796 800
t 793 797 800 802
t 793 797 802 803
t 793 798 803 799
t 793 796 798 805
t 793 800 796 804
t 793 802 800 801
t 793 803 802 795
t 806 807 818 812
t 806 807 812 808
t 806 807 808 814
t 806 807 814 817
t 806 807 817 818
t 806 808 812 816
t 806 812 818 811
t 806 818 817 809
t 806 817 814 813
t 806 814 808 815
t 806 810 816 811
t 806 810 811 809
t 806 810 809 813
t 806 810 813 815
t 806 810 815 816
t 806 811 816 812
t 806 809 811 818
t 806 813 809 817
t 806 815 813 814
t 806 816 815 808
t 819 820 831 825
t 819 820 825 821
t 819 820 821 827
t 819 820 827 830
t 819 820 830 831
t 819 821 825 829
t 819 825 831 824
t 819 831 830 822
t 819 830 827 826
t 819 827 821 828
t 819 823 829 824
t 819 823 824 822
t 819 823 822 826
t 819 823 826 828
t 819 823 828 829
t 819 824 829 825
t 819 822 824 831
t 819 826 822 830
t 819 828 826 827
t 819 829 828 821
t 832 833 844 838
t 832 833 838 834
t 832 833 834 840
t 832 833 840 843
t 832 833 843 844
t 832 834 838 842
t 832 838 844 837
t 832 844 843 835
t 832 843 840 839
t 832 840 834 841
t 832 836 842 837
t 832 836 837 835
t 832 836 835 839
t 832 836 839 841
t 832 836 841 842
t 832 837 842 838
t 832 835 837 844
t 832 839 835 843
t 832 841 839 840
t 832 842 841 834
t 845 846 857 851
t 845 846 851 847
t 845 846 847 853
t 845 846 853 856
t 845 846 856 857
t 845 847 851 855
t 845 851 857 850
t 845 857 856 848
t 845 856 853 852
t 845 853 847 854
t 845 849 855 850
t 845 849 850 848
t 845 849 848 852
t 845 849 852 854
t 845 849 854 855
t 845 850 855 851
t 845 848 850 857
t 845 852 848 856
t 845 854 852 853
t 845 855 854 847
t 858 859 870 864
t 858 859 864 860
t 858 859 860 866
t 858 859 866 869
t 858 859 869 870
t 858 860 864 868
t 858 864 870 863
t 858 870 869 861
t 858 869 866 865
t 858 866 860 867
t 858 862 868 863
t 858 862 863 861
t 858 862 861 865
t 858 862 865 867
t 858 862 867 868
t 858 863 868 864
t 858 861 863 870
t 858 865 861 869
t 858 867 865 866
t 858 868 867 860
t 871 872 883 877
t 871 872 877 873
t 871 872 873 879
t 871 872 879 882
t 871 872 882 883
t 871 873 877 881
t 871 877 883 876
t 871 883 882 874
t 871 882 879 878
t 871 879 873 880
t 871 875 881 876
t 871 875 876 874
t 871 875 874 878
t 871 875 878 880
t 871 875 880 881
t 871 876 881 877
t 871 874 876 883
t 871 878 874 882
t 871 880 878 879
t 871 881 880 873
t 884 885 896 890
t 884 885 890 886
t 884 885 886 892
t 884 885 892 895
t 884 885 895 896
t 884 886 890 894
t 884 890 896 889
t 884 896 895 887
t 884 895 892 891
t 884 892 886 893
t 884 888 894 889
t 884 888 889 887
t 884 888 887 891
t 884 888 891 893
t 884 888 893 894
t 884 889 894 890
t 884 887 889 896
t 884 891 887 895
t 884 893 891 892
t 884 894 893 886
t 897 898 909 903
t 897 898 903 899
t 897 898 899 905
t 897 898 905 908
t 897 898 908 909
t 897 899 903 907
t 897 903 909 902
t 897 909 908 900
t 897 908 905 904
t 897 905 899 906
t 897 901 907 902
t 897 901 902 900
t 897 901 900 904
t 897 901 904 906
t 897 901 906 907
t 897 902 907 903
t 897 900 902 909
t 897 904 900 908
t 897 906 904 905
t 897 907 906 899
t 910 911 922 916
t 910 911 916 912
t 910 911 912 918
t 910 911 918 921
t 910 911 921 922
t 910 912 916 920
t 910 916 922 915
t 910 922 921 913
t 910 921 918 917
t 910 918 912 919
t 910 914 920 915
t 910 914 915 913
t 910 914 913 917
t 910 914 917 919
t 910 914 919 920
t 910 915 920 916
t 910 913 915 922
t 910 917 913 921
t 910 919 917 918
t 910 920 919 912
t 923 924 935 929
t 923 924 929 925
t 923 924 925 931
t 923 924 931 934
t 923 924 934 935
t 923 925 929 933
t 923 929 935 928
t 923 935 934 926
t 923 934 931 930
t 923 931 925 932
t 923 927 933 928
t 923 927 928 926
t 923 927 926 930
t 923 927 930 932
t 923 927 932 933
t 923 928 933 929
t 923 926 928 935
t 923 930 926 934
t 923 932 930 931
t 923 933 932 925
t 936 937 948 942
t 936 937 942 938
t 936 937 938 944
t 936 937 944 947
t 936 937 947 948
t 936 938 942 946
t 936 942 948 941
t 936 948 947 939
t 936 947 944 943
t 936 944 938 945
t 936 940 946 941
t 936 940 941 939
t 936 940 939 943
t 936 940 943 945
t 936 940 945 946
t 936 941 946 942
t 936 939 941 948
t 936 943 939 947
t 936 945 943 944
t 936 946 945 938
t 949 950 961 955
t 949 950 955 951
t 949 950 951 957
t 949 950 957 960
t 949 950 960 961
t 949 951 955 959
t 949 955 961 954
t 949 961 960 952
t 949 960 957 956
t 949 957 951 958
t 949 953 959 954
t 949 953 954 952
t 949 953 952 956
t 949 953 956 958
t 949 953 958 959
t 949 954 959 955
t 949 952 954 961
t 949 956 952 960
t 949 958 956 957
t 949 959 958 951
t 962 963 974 968
t 962 963 968 964
t 962 963 964 970
t 962 963 970 973
t 962 963 973 974
t 962 964 968 972
t 962 968 974 967
t 962 974 973 965
t 962 973 970 969
t 962 970 964 971
t 962 966 972 967
t 962 966 967 965
t 962 966 965 969
t 962 966 969 971
t 962 966 971 972
t 962 967 972 968
t 962 965 967 974
t 962 969 965 973
t 962 971 969 970
t 962 972 971 964
t 975 976 987 981
t 975 976 981 977
t 975 976 977 983
t 975 976 983 986
t 975 976 986 987
t 975 977 981 985
t 975 981 987 980
t 975 987 986 978
t 975 986 983 982
t 975 983 977 984
t 975 979 985 980
t 975 979 980 978
t 975 979 978 982
t 975 979 982 984
t 975 979 984 985
t 975 980 985 981
t 975 978 980 987
t 975 982 978 986
t 975 984 982 983
t 975 985 984 977
t 988 989 1000 994
t 988 989 994 990
t 988 989 990 996
t 988 989 996 999
t 988 989 999 1000
t 988 990 994 998
t 988 994 1000 993
t 988 1000 999 991
t 988 999 996 995
t 988 996 990 997
t 988 992 998 993
t 988 992 993 991
t 988 992 991 995
t 988 992 995 997
t 988 992 997 998
t 988 993 998 994
t 988 991 993 1000
t 988 995 991 999
t 988 997 995 996
t 988 998 997 990
t 1001 1002 1013 1007
t 1001 1002 1007 1003
t 1001 1002 1003 1009
t 1001 1002 1009 1012
t 1001 1002 1012 1013
t 1001 1003 1007 1011
t 1001 1007 1013 1006
t 1001 1013 1012 1004
t 1001 1012 1009 1008
t 1001 1009 1003 1010
t 1001 1005 1011 1006
t 1001 1005 1006 1004
t 1001 1005 1004 1008
t 1001 1005 1008 1010
t 1001 1005 1010 1011
t 1001 1006 1011 1007
t 1001 1004 1006 1013
t 1001 1008 1004 1012
t 1001 1010 1008 1009
t 1001 1011 1010 1003
t 1014 1015 1026 1020
t 1014 1015 1020 1016
t 1014 1015 1016 1022
t 1014 1015 1022 1025
t 1014 1015 1025 1026
t 1014 1016 1020 1024
t 1014 1020 1026 1019
t 1014 1026 1025 1017
t 1014 1025 1022 1021
t 1014 1022 1016 1023
t 1014 1018 1024 1019
t 1014 1018 1019 1017
t 1014 1018 1017 1021
t 1014 1018 1021 1023
t 1014 1018 1023 1024
t 1014 1019 1024 1020
t 1014 1017 1019 1026
t 1014 1021 1017 1025
t 1014 1023 1021 1022
t 1014 1024 1023 1016
t 1027 1028 1039 1033
t 1027 1028 1033 1029
t 1027 1028 1029 1035
t 1027 1028 1035 1038
t 1027 1028 1038 1039
t 1027 1029 1033 1037
t 1027 1033 1039 1032
t 1027 1039 1038 1030
t 1027 1038 1035 1034
t 1027 1035 1029 1036
t 1027 1031 1037 1032
t 1027 1031 1032 1030
t 1027 1031 1030 1034
t 1027 1031 1034 1036
t 1027 1031 1036 1037
t 1027 1032 1037 1033
t 1027 1030 1032 1039
t 1027 1034 1030 1038
t 1027 1036 1034 1035
t 1027 1037 1036 1029
t 1040 1041 1052 1046
t 1040 1041 1046 1042
t 1040 1041 1042 1048
t 1040 1041 1048 1051
t 1040 1041 1051 1052
t 1040 1042 1046 1050
t 1040 1046 1052 1045
t 1040 1052 1051 1043
t 1040 1051 1048 1047
t 1040 1048 1042 1049
t 1040 1044 1050 1045
t 1040 1044 1045 1043
t 1040 1044 1043 1047
t 1040 1044 1047 1049
t 1040 1044 1049 1050
t 1040 1045 1050 1046
t 1040 1043 1045 1052
t 1040 1047 1043 1051
t 1040 1049 1047 1048
t 1040 1050 1049 1042
t 1053 1054 1065 1059
t 1053 1054 1059 1055
t 1053 1054 1055 1061
t 1053 1054 1061 1064
t 1053 1054 1064 1065
t 1053 1055 1059 1063
t 1053 1059 1065 1058
t 1053 1065 1064 1056
t 1053 1064 1061 1060
t 1053 1061 1055 1062
t 1053 1057 1063 1058
t 1053 1057 1058 1056
t 1053 1057 1056 1060
t 1053 1057 1060 1062
t 1053 1057 1062 1063
t 1053 1058 1063 1059
t 1053 1056 1058 1065
t 1053 1060 1056 1064
t 1053 1062 1060 1061
t 1053 1063 1062 1055
t 1066 1067 1078 1072
t 1066 1067 1072 1068
t 1066 1067 1068 1074
t 1066 1067 1074 1077
t 1066 1067 1077 1078
t 1066 1068 1072 1076
t 1066 1072 1078 1071
t 1066 1078 1077 1069
t 1066 1077 1074 1073
t 1066 1074 1068 1075
t 1066 1070 1076 1071
t 1066 1070 1071 1069
t 1066 1070 1069 1073
t 1066 1070 1073 1075
t 1066 1070 1075 1076
t 1066 1071 1076 1072
t 1066 1069 1071 1078
t 1066 1073 1069 1077
t 1066 1075 1073 1074
t 1066 1076 1075 1068
t 1079 1080 1091 1085
t 1079 1080 1085 1081
t 1079 1080 1081 1087
t 1079 1080 1087 1090
t 1079 1080 1090 1091
t 1079 1081 1085 1089
t 1079 1085 1091 1084
t 1079 1091 1090 1082
t 1079 1090 1087 1086
t 1079 1087 1081 1088
t 1079 1083 1089 1084
t 1079 1083 1084 1082
t 1079 1083 1082 1086
t 1079 1083 1086 1088
t 1079 1083 1088 1089
t 1079 1084 1089 1085
t 1079 1082 1084 1091
t 1079 1086 1082 1090
t 1079 1088 1086 1087
t 1079 1089 1088 1081
t 1092 1093 1104 1098
t 1092 1093 1098 1094
t 1092 1093 1094 1100
t 1092 1093 1100 1103
t 1092 1093 1103 1104
t 1092 1094 1098 1102
t 1092 1098 1104 1097
t 1092 1104 1103 1095
t 1092 1103 1100 1099
t 1092 1100 1094 1101
t 1092 1096 1102 1097
t 1092 1096 1097 1095
t 1092 1096 1095 1099
t 1092 1096 1099 1101
t 1092 1096 1101 1102
t 1092 1097 1102 1098
t 1092 1095 1097 1104
t 1092 1099 1095 1103
t 1092 1101 1099 1100
t 1092 1102 1101 1094
t 1105 1106 1117 1111
t 1105 1106 1111 1107
t 1105 1106 1107 1113
t 1105 1106 1113 1116
t 1105 1106 1116 1117
t 1105 1107 1111 1115
t 1105 1111 1117 1110
t 1105 1117 1116 1108
t 1105 1116 1113 1112
t 1105 1113 1107 1114
t 1105 1109 1115 1110
t 1105 1109 1110 1108
t 1105 1109 1108 1112
t 1105 1109 1112 1114
t 1105 1109 1114 1115
t 1105 1110 1115 1111
t 1105 1108 1110 1117
t 1105 1112 1108 1116
t 1105 1114 1112 1113
t 1105 1115 1114 1107
t 1118 1119 1130 1124
t 1118 1119 1124 1120
t 1118 1119 1120 1126
t 1118 1119 1126 1129
t 1118 1119 1129 1130
t 1118 1120 1124 1128
t 1118 1124 1130 1123
t 1118 1130 1129 1121
t 1118 1129 1126 1125
t 1118 1126 1120 1127
t 1118 1122 1128 1123
t 1118 1122 1123 1121
t 1118 1122 1121 1125
t 1118 1122 1125 1127
t 1118 1122 1127 1128
t 1118 1123 1128 1124
t 1118 1121 1123 1130
t 1118 1125 1121 1129
t 1118 1127 1125 1126
t 1118 1128 1127 1120
t 1131 1132 1143 1137
t 1131 1132 1137 1133
t 1131 1132 1133 1139
t 1131 1132 1139 1142
t 1131 1132 1142 1143
t 1131 1133 1137 1141
t 1131 1137 1143 1136
t 1131 1143 1142 1134
t 1131 1142 1139 1138
t 1131 1139 1133 1140
t 1131 1135 1141 1136
t 1131 1135 1136 1134
t 1131 1135 1134 1138
t 1131 1135 1138 1140
t 1131 1135 1140 1141
t 1131 1136 1141 1137
t 1131 1134 1136 1143
t 1131 1138 1134 1142
t 1131 1140 1138 1139
t 1131 1141 1140 1133
t 1144 1145 1156 1150
t 1144 1145 1150 1146
t 1144 1145 1146 1152
t 1144 1145 1152 1155
t 1144 1145 1155 1156
t 1144 1146 1150 1154
t 1144 1150 1156 1149
t 1144 1156 1155 1147
t 1144 1155 1152 1151
t 1144 1152 1146 1153
t 1144 1148 1154 1149
t 1144 1148 1149 1147
t 1144 1148 1147 1151
t 1144 1148 1151 1153
t 1144 1148 1153 1154
t 1144 1149 1154 1150
t 1144 1147 1149 1156
t 1144 1151 1147 1155
t 1144 1153 1151 1152
t 1144 1154 1153 1146
t 1157 1158 1169 1163
t 1157 1158 1163 1159
t 1157 1158 1159 1165
t 1157 1158 1165 1168
t 1157 1158 1168 1169
t 1157 1159 1163 1167
t 1157 1163 1169 1162
t 1157 1169 1168 1160
t 1157 1168 1165 1164
t 1157 1165 1159 1166
t 1157 1161 1167 1162
t 1157 1161 1162 1160
t 1157 1161 1160 1164
t 1157 1161 1164 1166
t 1157 1161 1166 1167
t 1157 1162 1167 1163
t 1157 1160 1162 1169
t 1157 1164 1160 1168
t 1157 1166 1164 1165
t 1157 1167 1166 1159
t 1170 1171 1182 1176
t 1170 1171 1176 1172
t 1170 1171 1172 1178
t 1170 1171 1178 1181
t 1170 1171 1181 1182
t 1170 1172 1176 1180
t 1170 1176 1182 1175
t 1170 1182 1181 1173
t 1170 1181 1178 1177
t 1170 1178 1172 1179
t 1170 1174 1180 1175
t 1170 1174 1175 1173
t 1170 1174 1173 1177
t 1170 1174 1177 1179
t 1170 1174 1179 1180
t 1170 1175 1180 1176
t 1170 1173 1175 1182
t 1170 1177 1173 1181
t 1170 1179 1177 1178
t 1170 1180 1179 1172
t 1183 1184 1195 1189
t 1183 1184 1189 1185
t 1183 1184 1185 1191
t 1183 1184 1191 1194
t 1183 1184 1194 1195
t 1183 1185 1189 1193
t 1183 1189 1195 1188
t 1183 1195 1194 1186
t 1183 1194 1191 1190
t 1183 1191 1185 1192
t 1183 1187 1193 1188
t 1183 1187 1188 1186
t 1183 1187 1186 1190
t 1183 1187 1190 1192
t 1183 1187 1192 1193
t 1183 1188 1193 1189
t 1183 1186 1188 1195
t 1183 1190 1186 1194
t 1183 1192 1190 1191
t 1183 1193 1192 1185
t 1196 1197 1208 1202
t 1196 1197 1202 1198
t 1196 1197 1198 1204
t 1196 1197 1204 1207
t 1196 1197 1207 1208
t 1196 1198 1202 1206
t 1196 1202 1208 1201
t 1196 1208 1207 1199
t 1196 1207 1204 1203
t 1196 1204 1198 1205
t 1196 1200 1206 1201
t 1196 1200 1201 1199
t 1196 1200 1199 1203
t 1196 1200 1203 1205
t 1196 1200 1205 1206
t 1196 1201 1206 1202
t 1196 1199 1201 1208
t 1196 1203 1199 1207
t 1196 1205 1203 1204
t 1196 1206 1205 1198
t 1209 1210 1221 1215
t 1209 1210 1215 1211
t 1209 1210 1211 1217
t 1209 1210 1217 1220
t 1209 1210 1220 1221
t 1209 1211 1215 1219
t 1209 1215 1221 1214
t 1209 1221 1220 1212
t 1209 1220 1217 1216
t 1209 1217 1211 1218
t 1209 1213 1219 1214
t 1209 1213 1214 1212
t 1209 1213 1212 1216
t 1209 1213 1216 1218
t 1209 1213 1218 1219
t 1209 1214 1219 1215
t 1209 1212 1214 1221
t 1209 1216 1212 1220
t 1209 1218 1216 1217
t 1209 1219 1218 1211
t 1222 1223 1234 1228
t 1222 1223 1228 1224
t 1222 1223 1224 1230
t 1222 1223 1230 1233
t 1222 1223 1233 1234
t 1222 1224 1228 1232
t 1222 1228 1234 1227
t 1222 1234 1233 1225
t 1222 1233 1230 1229
t 1222 1230 1224 1231
t 1222 1226 1232 1227
t 1222 1226 1227 1225
t 1222 1226 1225 1229
t 1222 1226 1229 1231
t 1222 1226 1231 1232
t 1222 1227 1232 1228
t 1222 1225 1227 1234
t 1222 1229 1225 1233
t 1222 1231 1229 1230
t 1222 1232 1231 1224
t 1235 1236 1247 1241
t 1235 1236 1241 1237
t 1235 1236 1237 1243
t 1235 1236 1243 1246
t 1235 1236 1246 1247
t 1235 1237 1241 1245
t 1235 1241 1247 1240
t 1235 1247 1246 1238
t 1235 1246 1243 1242
t 1235 1243 1237 1244
t 1235 1239 1245 1240
t 1235 1239 1240 1238
t 1235 1239 1238 1242
t 1235 1239 1242 1244
t 1235 1239 1244 1245
t 1235 1240 1245 1241
t 1235 1238 1240 1247
t 1235 1242 1238 1246
t 1235 1244 1242 1243
t 1235 1245 1244 1237
t 1248 1249 1260 1254
t 1248 1249 1254 1250
t 1248 1249 1250 1256
t 1248 1249 1256 1259
t 1248 1249 1259 1260
t 1248 1250 1254 1258
t 1248 1254 1260 1253
t 1248 1260 1259 1251
t 1248 1259 1256 1255
t 1248 1256 1250 1257
t 1248 1252 1258 1253
t 1248 1252 1253 1251
t 1248 1252 1251 1255
t 1248 1252 1255 1257
t 1248 1252 1257 1258
t 1248 1253 1258 1254
t 1248 1251 1253 1260
t 1248 1255 1251 1259
t 1248 1257 1255 1256
t 1248 1258 1257 1250
t 1261 1262 1273 1267
t 1261 1262 1267 1263
t 1261 1262 1263 1269
t 1261 1262 1269 1272
t 1261 1262 1272 1273
t 1261 1263 1267 1271
t 1261 1267 1273 1266
t 1261 1273 1272 1264
t 1261 1272 1269 1268
t 1261 1269 1263 1270
t 1261 1265 1271 1266
t 1261 1265 1266 1264
t 1261 1265 1264 1268
t 1261 1265 1268 1270
t 1261 1265 1270 1271
t 1261 1266 1271 1267
t 1261 1264 1266 1273
t 1261 1268 1264 1272
t 1261 1270 1268 1269
t 1261 1271 1270 1263
t 1274 1275 1286 1280
t 1274 1275 1280 1276
t 1274 1275 1276 1282
t 1274 1275 1282 1285
t 1274 1275 1285 1286
t 1274 1276 1280 1284
t 1274 1280 1286 1279
t 1274 1286 1285 1277
t 1274 1285 1282 1281
t 1274 1282 1276 1283
t 1274 1278 1284 1279
t 1274 1278 1279 1277
t 1274 1278 1277 1281
t 1274 1278 1281 1283
t 1274 1278 1283 1284
t 1274 1279 1284 1280
t 1274 1277 1279 1286
t 1274 1281 1277 1285
t 1274 1283 1281 1282
t 1274 1284 1283 1276
t 1287 1288 1299 1293
t 1287 1288 1293 1289
t 1287 1288 1289 1295
t 1287 1288 1295 1298
t 1287 1288 1298 1299
t 1287 1289 1293 1297
t 1287 1293 1299 1292
t 1287 1299 1298 1290
t 1287 1298 1295 1294
t 1287 1295 1289 1296
t 1287 1291 1297 1292
t 1287 1291 1292 1290
t 1287 1291 1290 1294
t 1287 1291 1294 1296
t 1287 1291 1296 1297
t 1287 1292 1297 1293
t 1287 1290 1292 1299
t 1287 1294 1290 1298
t 1287 1296 1294 1295
t 1287 1297 1296 1289
t 1300 1301 1312 1306
t 1300 1301 1306 1302
t 1300 1301 1302 1308
t 1300 1301 1308 1311
t 1300 1301 1311 1312
t 1300 1302 1306 1310
t 1300 1306 1312 1305
t 1300 1312 1311 1303
t 1300 1311 1308 1307
t 1300 1308 1302 1309
t 1300 1304 1310 1305
t 1300 1304 1305 1303
t 1300 1304 1303 1307
t 1300 1304 1307 1309
t 1300 1304 1309 1310
t 1300 1305 1310 1306
t 1300 1303 1305 1312
t 1300 1307 1303 1311
t 1300 1309 1307 1308
t 1300 1310 1309 1302
t 1313 1314 1325 1319
t 1313 1314 1319 1315
t 1313 1314 1315 1321
t 1313 1314 1321 1324
t 1313 1314 1324 1325
t 1313 1315 1319 1323
t 1313 1319 1325 1318
t 1313 1325 1324 1316
t 1313 1324 1321 1320
t 1313 1321 1315 1322
t 1313 1317 1323 1318
t 1313 1317 1318 1316
t 1313 1317 1316 1320
t 1313 1317 1320 1322
t 1313 1317 1322 1323
t 1313 1318 1323 1319
t 1313 1316 1318 1325
t 1313 1320 1316 1324
t 1313 1322 1320 1321
t 1313 1323 1322 1315
t 1326 1327 1338 1332
t 1326 1327 1332 1328
t 1326 1327 1328 1334
t 1326 1327 1334 1337
t 1326 1327 1337 1338
t 1326 1328 1332 1336
t 1326 1332 1338 1331
t 1326 1338 1337 1329
t 1326 1337 1334 1333
t 1326 1334 1328 1335
t 1326 1330 1336 1331
t 1326 1330 1331 1329
t 1326 1330 1329 1333
t 1326 1330 1333 1335
t 1326 1330 1335 1336
t 1326 1331 1336 1332
t 1326 1329 1331 1338
t 1326 1333 1329 1337
t 1326 1335 1333 1334
t 1326 1336 1335 1328
t 1339 1340 1351 1345
t 1339 1340 1345 1341
t 1339 1340 1341 1347
t 1339 1340 1347 1350
t 1339 1340 1350 1351
t 1339 1341 1345 1349
t 1339 1345 1351 1344
t 1339 1351 1350 1342
t 1339 1350 1347 1346
t 1339 1347 1341 1348
t 1339 1343 1349 1344
t 1339 1343 1344 1342
t 1339 1343 1342 1346
t 1339 1343 1346 1348
t 1339 1343 1348 1349
t 1339 1344 1349 1345
t 1339 1342 1344 1351
t 1339 1346 1342 1350
t 1339 1348 1346 1347
t 1339 1349 1348 1341
t 1352 1353 1364 1358
t 1352 1353 1358 1354
t 1352 1353 1354 1360
t 1352 1353 1360 1363
t 1352 1353 1363 1364
t 1352 1354 1358 1362
t 1352 1358 1364 1357
t 1352 1364 1363 1355
t 1352 1363 1360 1359
t 1352 1360 1354 1361
t 1352 1356 1362 1357
t 1352 1356 1357 1355
t 1352 1356 1355 1359
t 1352 1356 1359 1361
t 1352 1356 1361 1362
t 1352 1357 1362 1358
t 1352 1355 1357 1364
t 1352 1359 1355 1363
t 1352 1361 1359 1360
t 1352 1362 1361 1354
t 1365 1366 1377 1371
t 1365 1366 1371 1367
t 1365 1366 1367 1373
t 1365 1366 1373 1376
t 1365 1366 1376 1377
t 1365 1367 1371 1375
t 1365 1371 1377 1370
t 1365 1377 1376 1368
t 1365 1376 1373 1372
t 1365 1373 1367 1374
t 1365 1369 1375 1370
t 1365 1369 1370 1368
t 1365 1369 1368 1372
t 1365 1369 1372 1374
t 1365 1369 1374 1375
t 1365 1370 1375 1371
t 1365 1368 1370 1377
t 1365 1372 1368 1376
t 1365 1374 1372 1373
t 1365 1375 1374 1367
t 1378 1379 1390 1384
t 1378 1379 1384 1380
t 1378 1379 1380 1386
t 1378 1379 1386 1389
t 1378 1379 1389 1390
t 1378 1380 1384 1388
t 1378 1384 1390 1383
t 1378 1390 1389 1381
t 1378 1389 1386 1385
t 1378 1386 1380 1387
t 1378 1382 1388 1383
t 1378 1382 1383 1381
t 1378 1382 1381 1385
t 1378 1382 1385 1387
t 1378 1382 1387 1388
t 1378 1383 1388 1384
t 1378 1381 1383 1390
t 1378 1385 1381 1389
t 1378 1387 1385 1386
t 1378 1388 1387 1380
t 1391 1392 1403 1397
t 1391 1392 1397 1393
t 1391 1392 1393 1399
t 1391 1392 1399 1402
t 1391 1392 1402 1403
t 1391 1393 1397 1401
t 1391 1397 1403 1396
t 1391 1403 1402 1394
t 1391 1402 1399 1398
t 1391 1399 1393 1400
t 1391 1395 1401 1396
t 1391 1395 1396 1394
t 1391 1395 1394 1398
t 1391 1395 1398 1400
t 1391 1395 1400 1401
t 1391 1396 1401 1397
t 1391 1394 1396 1403
t 1391 1398 1394 1402
t 1391 1400 1398 1399
t 1391 1401 1400 1393
t 1404 1405 1416 1410
t 1404 1405 1410 1406
t 1404 1405 1406 1412
t 1404 1405 1412 1415
t 1404 1405 1415 1416
t 1404 1406 1410 1414
t 1404 1410 1416 1409
t 1404 1416 1415 1407
t 1404 1415 1412 1411
t 1404 1412 1406 1413
t 1404 1408 1414 1409
t 1404 1408 1409 1407
t 1404 1408 1407 1411
t 1404 1408 1411 1413
t 1404 1408 1413 1414
t 1404 1409 1414 1410
t 1404 1407 1409 1416
t 1404 1411 1407 1415
t 1404 1413 1411 1412
t 1404 1414 1413 1406
t 1417 1418 1429 1423
t 1417 1418 1423 1419
t 1417 1418 1419 1425
t 1417 1418 1425 1428
t 1417 1418 1428 1429
t 1417 1419 1423 1427
t 1417 1423 1429 1422
t 1417 1429 1428 1420
t 1417 1428 1425 1424
t 1417 1425 1419 1426
t 1417 1421 1427 1422
t 1417 1421 1422 1420
t 1417 1421 1420 1424
t 1417 1421 1424 1426
t 1417 1421 1426 1427
t 1417 1422 1427 1423
t 1417 1420 1422 1429
t 1417 1424 1420 1428
t 1417 1426 1424 1425
t 1417 1427 1426 1419
t 1430 1431 1442 1436
t 1430 1431 1436 1432
t 1430 1431 1432 1438
t 1430 1431 1438 1441
t 1430 1431 1441 1442
t 1430 1432 1436 1440
t 1430 1436 1442 1435
t 1430 1442 1441 1433
t 1430 1441 1438 1437
t 1430 1438 1432 1439
t 1430 1434 1440 1435
t 1430 1434 1435 1433
t 1430 1434 1433 1437
t 1430 1434 1437 1439
t 1430 1434 1439 1440
t 1430 1435 1440 1436
t 1430 1433 1435 1442
t 1430 1437 1433 1441
t 1430 1439 1437 1438
t 1430 1440 1439 1432
t 1443 1444 1455 1449
t 1443 1444 1449 1445
t 1443 1444 1445 1451
t 1443 1444 1451 1454
t 1443 1444 1454 1455
t 1443 1445 1449 1453
t 1443 1449 1455 1448
t 1443 1455 1454 1446
t 1443 1454 1451 1450
t 1443 1451 1445 1452
t 1443 1447 1453 1448
t 1443 1447 1448 1446
t 1443 1447 1446 1450
t 1443 1447 1450 1452
t 1443 1447 1452 1453
t 1443 1448 1453 1449
t 1443 1446 1448 1455
t 1443 1450 1446 1454
t 1443 1452 1450 1451
t 1443 1453 1452 1445
t 1456 1457 1468 1462
t 1456 1457 1462 1458
t 1456 1457 1458 1464
t 1456 1457 1464 1467
t 1456 1457 1467 1468
t 1456 1458 1462 1466
t 1456 1462 1468 1461
t 1456 1468 1467 1459
t 1456 1467 1464 1463
t 1456 1464 1458 1465
t 1456 1460 1466 1461
t 1456 1460 1461 1459
t 1456 1460 1459 1463
t 1456 1460 1463 1465
t 1456 1460 1465 1466
t 1456 1461 1466 1462
t 1456 1459 1461 1468
t 1456 1463 1459 1467
t 1456 1465 1463 1464
t 1456 1466 1465 1458
t 1469 1470 1481 1475
t 1469 1470 1475 1471
t 1469 1470 1471 1477
t 1469 1470 1477 1480
t 1469 1470 1480 1481
t 1469 1471 1475 1479
t 1469 1475 1481 1474
t 1469 1481 1480 1472
t 1469 1480 1477 1476
t 1469 1477 1471 1478
t 1469 1473 1479 1474
t 1469 1473 1474 1472
t 1469 1473 1472 1476
t 1469 1473 1476 1478
t 1469 1473 1478 1479
t 1469 1474 1479 1475
t 1469 1472 1474 1481
t 1469 1476 1472 1480
t 1469 1478 1476 1477
t 1469 1479 1478 1471
t 1482 1483 1494 1488
t 1482 1483 1488 1484
t 1482 1483 1484 1490
t 1482 1483 1490 1493
t 1482 1483 1493 1494
t 1482 1484 1488 1492
t 1482 1488 1494 1487
t 1482 1494 1493 1485
t 1482 1493 1490 1489
t 1482 1490 1484 1491
t 1482 1486 1492 1487
t 1482 1486 1487 1485
t 1482 1486 1485 1489
t 1482 1486 1489 1491
t 1482 1486 1491 1492
t 1482 1487 1492 1488
t 1482 1485 1487 1494
t 1482 1489 1485 1493
t 1482 1491 1489 1490
t 1482 1492 1491 1484
t 1495 1496 1507 1501
t 1495 1496 1501 1497
t 1495 1496 1497 1503
t 1495 1496 1503 1506
t 1495 1496 1506 1507
t 1495 1497 1501 1505
t 1495 1501 1507 1500
t 1495 1507 1506 1498
t 1495 1506 1503 1502
t 1495 1503 1497 1504
t 1495 1499 1505 1500
t 1495 1499 1500 1498
t 1495 1499 1498 1502
t 1495 1499 1502 1504
t 1495 1499 1504 1505
t 1495 1500 1505 1501
t 1495 1498 1500 1507
t 1495 1502 1498 1506
t 1495 1504 1502 1503
t 1495 1505 1504 1497
t 1508 1509 1520 1514
t 1508 1509 1514 1510
t 1508 1509 1510 1516
t 1508 1509 1516 1519
t 1508 1509 1519 1520
t 1508 1510 1514 1518
t 1508 1514 1520 1513
t 1508 1520 1519 1511
t 1508 1519 1516 1515
t 1508 1516 1510 1517
t 1508 1512 1518 1513
t 1508 1512 1513 1511
t 1508 1512 1511 1515
t 1508 1512 1515 1517
t 1508 1512 1517 1518
t 1508 1513 1518 1514
t 1508 1511 1513 1520
t 1508 1515 1511 1519
t 1508 1517 1515 1516
t 1508 1518 1517 1510
t 1521 1522 1533 1527
t 1521 1522 1527 1523
t 1521 1522 1523 1529
t 1521 1522 1529 1532
t 1521 1522 1532 1533
t 1521 1523 1527 1531
t 1521 1527 1533 1526
t 1521 1533 1532 1524
t 1521 1532 1529 1528
t 1521 1529 1523 1530
t 1521 1525 1531 1526
t 1521 1525 1526 1524
t 1521 1525 1524 1528
t 1521 1525 1528 1530
t 1521 1525 1530 1531
t 1521 1526 1531 1527
t 1521 1524 1526 1533
t 1521 1528 1524 1532
t 1521 1530 1528 1529
t 1521 1531 1530 1523
t 1534 1535 1546 1540
t 1534 1535 1540 1536
t 1534 1535 1536 1542
t 1534 1535 1542 1545
t 1534 1535 1545 1546
t 1534 1536 1540 1544
t 1534 1540 1546 1539
t 1534 1546 1545 1537
t 1534 1545 1542 1541
t 1534 1542 1536 1543
t 1534 1538 1544 1539
t 1534 1538 1539 1537
t 1534 1538 1537 1541
t 1534 1538 1541 1543
t 1534 1538 1543 1544
t 1534 1539 1544 1540
t 1534 1537 1539 1546
t 1534 1541 1537 1545
t 1534 1543 1541 1542
t 1534 1544 1543 1536
t 1547 1548 1559 1553
t 1547 1548 1553 1549
t 1547 1548 1549 1555
t 1547 1548 1555 1558
t 1547 1548 1558 1559
t 1547 1549 1553 1557
t 1547 1553 1559 1552
t 1547 1559 1558 1550
t 1547 1558 1555 1554
t 1547 1555 1549 1556
t 1547 1551 1557 1552
t 1547 1551 1552 1550
t 1547 1551 1550 1554
t 1547 1551 1554 1556
t 1547 1551 1556 1557
t 1547 1552 1557 1553
t 1547 1550 1552 1559
t 1547 1554 1550 1558
t 1547 1556 1554 1555
t 1547 1557 1556 1549
t 1560 1561 1572 1566
t 1560 1561 1566 1562
t 1560 1561 1562 1568
t 1560 1561 1568 1571
t 1560 1561 1571 1572
t 1560 1562 1566 1570
t 1560 1566 1572 1565
t 1560 1572 1571 1563
t 1560 1571 1568 1567
t 1560 1568 1562 1569
t 1560 1564 1570 1565
t 1560 1564 1565 1563
t 1560 1564 1563 1567
t 1560 1564 1567 1569
t 1560 1564 1569 1570
t 1560 1565 1570 1566
t 1560 1563 1565 1572
t 1560 1567 1563 1571
t 1560 1569 1567 1568
t 1560 1570 1569 1562
t 1573 1574 1585 1579
t 1573 1574 1579 1575
t 1573 1574 1575 1581
t 1573 1574 1581 1584
t 1573 1574 1584 1585
t 1573 1575 1579 1583
t 1573 1579 1585 1578
t 1573 1585 1584 1576
t 1573 1584 1581 1580
t 1573 1581 1575 1582
t 1573 1577 1583 1578
t 1573 1577 1578 1576
t 1573 1577 1576 1580
t 1573 1577 1580 1582
t 1573 1577 1582 1583
t 1573 1578 1583 1579
t 1573 1576 1578 1585
t 1573 1580 1576 1584
t 1573 1582 1580 1581
t 1573 1583 1582 1575
t 1586 1587 1598 1592
t 1586 1587 1592 1588
t 1586 1587 1588 1594
t 1586 1587 1594 1597
t 1586 1587 1597 1598
t 1586 1588 1592 1596
t 1586 1592 1598 1591
t 1586 1598 1597 1589
t 1586 1597 1594 1593
t 1586 1594 1588 1595
t 1586 1590 1596 1591
t 1586 1590 1591 1589
t 1586 1590 1589 1593
t 1586 1590 1593 1595
t 1586 1590 1595 1596
t 1586 1591 1596 1592
t 1586 1589 1591 1598
t 1586 1593 1589 1597
t 1586 1595 1593 1594
t 1586 1596 1595 1588
t 1599 1600 1611 1605
t 1599 1600 1605 1601
t 1599 1600 1601 1607
t 1599 1600 1607 1610
t 1599 1600 1610 1611
t 1599 1601 1605 1609
t 1599 1605 1611 1604
t 1599 1611 1610 1602
t 1599 1610 1607 1606
t 1599 1607 1601 1608
t 1599 1603 1609 1604
t 1599 1603 1604 1602
t 1599 1603 1602 1606
t 1599 1603 1606 1608
t 1599 1603 1608 1609
t 1599 1604 1609 1605
t 1599 1602 1604 1611
t 1599 1606 1602 1610
t 1599 1608 1606 1607
t 1599 1609 1608 1601
t 1612 1613 1624 1618
t 1612 1613 1618 1614
t 1612 1613 1614 1620
t 1612 1613 1620 1623
t 1612 1613 1623 1624
t 1612 1614 1618 1622
t 1612 1618 1624 1617
t 1612 1624 1623 1615
t 1612 1623 1620 1619
t 1612 1620 1614 1621
t 1612 1616 1622 1617
t 1612 1616 1617 1615
t 1612 1616 1615 1619
t 1612 1616 1619 1621
t 1612 1616 1621 1622
t 1612 1617 1622 1618
t 1612 1615 1617 1624
t 1612 1619 1615 1623
t 1612 1621 1619 1620
t 1612 1622 1621 1614
t 1625 1626 1637 1631
t 1625 1626 1631 1627
t 1625 1626 1627 1633
t 1625 1626 1633 1636
t 1625 1626 1636 1637
t 1625 1627 1631 1635
t 1625 1631 1637 1630
t 1625 1637 1636 1628
t 1625 1636 1633 1632
t 1625 1633 1627 1634
t 1625 1629 1635 1630
t 1625 1629 1630 1628
t 1625 1629 1628 1632
t 1625 1629 1632 1634
t 1625 1629 1634 1635
t 1625 1630 1635 1631
t 1625 1628 1630 1637
t 1625 1632 1628 1636
t 1625 1634 1632 1633
t 1625 1635 1634 1627
t 1638 1639 1650 1644
t 1638 1639 1644 1640
t 1638 1639 1640 1646
t 1638 1639 1646 1649
t 1638 1639 1649 1650
t 1638 1640 1644 1648
t 1638 1644 1650 1643
t 1638 1650 1649 1641
t 1638 1649 1646 1645
t 1638 1646 1640 1647
t 1638 1642 1648 1643
t 1638 1642 1643 1641
t 1638 1642 1641 1645
t 1638 1642 1645 1647
t 1638 1642 1647 1648
t 1638 1643 1648 1644
t 1638 1641 1643 1650
t 1638 1645 1641 1649
t 1638 1647 1645 1646
t 1638 1648 1647 1640
t 1651 1652 1663 1657
t 1651 1652 1657 1653
t 1651 1652 1653 1659
t 1651 1652 1659 1662
t 1651 1652 1662 1663
t 1651 1653 1657 1661
t 1651 1657 1663 1656
t 1651 1663 1662 1654
t 1651 1662 1659 1658
t 1651 1659 1653 1660
t 1651 1655 1661 1656
t 1651 1655 1656 1654
t 1651 1655 1654 1658
t 1651 1655 1658 1660
t 1651 1655 1660 1661
t 1651 1656 1661 1657
t 1651 1654 1656 1663
t 1651 1658 1654 1662
t 1651 1660 1658 1659
t 1651 1661 1660 1653
t 1664 1665 1676 1670
t 1664 1665 1670 1666
t 1664 1665 1666 1672
t 1664 1665 1672 1675
t 1664 1665 1675 1676
t 1664 1666 1670 1674
t 1664 1670 1676 1669
t 1664 1676 1675 1667
t 1664 1675 1672 1671
t 1664 1672 1666 1673
t 1664 1668 1674 1669
t 1664 1668 1669 1667
t 1664 1668 1667 1671
t 1664 1668 1671 1673
t 1664 1668 1673 1674
t 1664 1669 1674 1670
t 1664 1667 1669 1676
t 1664 1671 1667 1675
t 1664 1673 1671 1672
t 1664 1674 1673 1666
t 1677 1678 1689 1683
t 1677 1678 1683 1679
t 1677 1678 1679 1685
t 1677 1678 1685 1688
t 1677 1678 1688 1689
t 1677 1679 1683 1687
t 1677 1683 1689 1682
t 1677 1689 1688 1680
t 1677 1688 1685 1684
t 1677 1685 1679 1686
t 1677 1681 1687 1682
t 1677 1681 1682 1680
t 1677 1681 1680 1684
t 1677 1681 1684 1686
t 1677 1681 1686 1687
t 1677 1682 1687 1683
t 1677 1680 1682 1689
t 1677 1684 1680 1688
t 1677 1686 1684 1685
t 1677 1687 1686 1679
t 1690 1691 1702 1696
t 1690 1691 1696 1692
t 1690 1691 1692 1698
t 1690 1691 1698 1701
t 1690 1691 1701 1702
t 1690 1692 1696 1700
t 1690 1696 1702 1695
t 1690 1702 1701 1693
t 1690 1701 1698 1697
t 1690 1698 1692 1699
t 1690 1694 1700 1695
t 1690 1694 1695 1693
t 1690 1694 1693 1697
t 1690 1694 1697 1699
t 1690 1694 1699 1700
t 1690 1695 1700 1696
t 1690 1693 1695 1702
t 1690 1697 1693 1701
t 1690 1699 1697 1698
t 1690 1700 1699 1692
t 1703 1704 1715 1709
t 1703 1704 1709 1705
t 1703 1704 1705 1711
t 1703 1704 1711 1714
t 1703 1704 1714 1715
t 1703 1705 1709 1713
t 1703 1709 1715 1708
t 1703 1715 1714 1706
t 1703 1714 1711 1710
t 1703 1711 1705 1712
t 1703 1707 1713 1708
t 1703 1707 1708 1706
t 1703 1707 1706 1710
t 1703 1707 1710 1712
t 1703 1707 1712 1713
t 1703 1708 1713 1709
t 1703 1706 1708 1715
t 1703 1710 1706 1714
t 1703 1712 1710 1711
t 1703 1713 1712 1705
t 1716 1717 1728 1722
t 1716 1717 1722 1718
t 1716 1717 1718 1724
t 1716 1717 1724 1727
t 1716 1717 1727 1728
t 1716 1718 1722 1726
t 1716 1722 1728 1721
t 1716 1728 1727 1719
t 1716 1727 1724 1723
t 1716 1724 1718 1725
t 1716 1720 1726 1721
t 1716 1720 1721 1719
t 1716 1720 1719 1723
t 1716 1720 1723 1725
t 1716 1720 1725 1726
t 1716 1721 1726 1722
t 1716 1719 1721 1728
t 1716 1723 1719 1727
t 1716 1725 1723 1724
t 1716 1726 1725 1718
t 1729 1730 1741 1735
t 1729 1730 1735 1731
t 1729 1730 1731 1737
t 1729 1730 1737 1740
t 1729 1730 1740 1741
t 1729 1731 1735 1739
t 1729 1735 1741 1734
t 1729 1741 1740 1732
t 1729 1740 1737 1736
t 1729 1737 1731 1738
t 1729 1733 1739 1734
t 1729 1733 1734 1732
t 1729 1733 1732 1736
t 1729 1733 1736 1738
t 1729 1733 1738 1739
t 1729 1734 1739 1735
t 1729 1732 1734 1741
t 1729 1736 1732 1740
t 1729 1738 1736 1737
t 1729 1739 1738 1731
t 1742 1743 1754 1748
t 1742 1743 1748 1744
t 1742 1743 1744 1750
t 1742 1743 1750 1753
t 1742 1743 1753 1754
t 1742 1744 1748 1752
t 1742 1748 1754 1747
t 1742 1754 1753 1745
t 1742 1753 1750 1749
t 1742 1750 1744 1751
t 1742 1746 1752 1747
t 1742 1746 1747 1745
t 1742 1746 1745 1749
t 1742 1746 1749 1751
t 1742 1746 1751 1752
t 1742 1747 1752 1748
t 1742 1745 1747 1754
t 1742 1749 1745 1753
t 1742 1751 1749 1750
t 1742 1752 1751 1744
t 1755 1756 1767 1761
t 1755 1756 1761 1757
t 1755 1756 1757 1763
t 1755 1756 1763 1766
t 1755 1756 1766 1767
t 1755 1757 1761 1765
t 1755 1761 1767 1760
t 1755 1767 1766 1758
t 1755 1766 1763 1762
t 1755 1763 1757 1764
t 1755 1759 1765 1760
t 1755 1759 1760 1758
t 1755 1759 1758 1762
t 1755 1759 1762 1764
t 1755 1759 1764 1765
t 1755 1760 1765 1761
t 1755 1758 1760 1767
t 1755 1762 1758 1766
t 1755 1764 1762 1763
t 1755 1765 1764 1757
t 1768 1769 1780 1774
t 1768 1769 1774 1770
t 1768 1769 1770 1776
t 1768 1769 1776 1779
t 1768 1769 1779 1780
t 1768 1770 1774 1778
t 1768 1774 1780 1773
t 1768 1780 1779 1771
t 1768 1779 1776 1775
t 1768 1776 1770 1777
t 1768 1772 1778 1773
t 1768 1772 1773 1771
t 1768 1772 1771 1775
t 1768 1772 1775 1777
t 1768 1772 1777 1778
t 1768 1773 1778 1774
t 1768 1771 1773 1780
t 1768 1775 1771 1779
t 1768 1777 1775 1776
t 1768 1778 1777 1770
t 1781 1782 1793 1787
t 1781 1782 1787 1783
t 1781 1782 1783 1789
t 1781 1782 1789 1792
t 1781 1782 1792 1793
t 1781 1783 1787 1791
t 1781 1787 1793 1786
t 1781 1793 1792 1784
t 1781 1792 1789 1788
t 1781 1789 1783 1790
t 1781 1785 1791 1786
t 1781 1785 1786 1784
t 1781 1785 1784 1788
t 1781 1785 1788 1790
t 1781 1785 1790 1791
t 1781 1786 1791 1787
t 1781 1784 1786 1793
t 1781 1788 1784 1792
t 1781 1790 1788 1789
t 1781 1791 1790 1783
t 1794 1795 1806 1800
t 1794 1795 1800 1796
t 1794 1795 1796 1802
t 1794 1795 1802 1805
t 1794 1795 1805 1806
t 1794 1796 1800 1804
t 1794 1800 1806 1799
t 1794 1806 1805 1797
t 1794 1805 1802 1801
t 1794 1802 1796 1803
t 1794 1798 1804 1799
t 1794 1798 1799 1797
t 1794 1798 1797 1801
t 1794 1798 1801 1803
t 1794 1798 1803 1804
t 1794 1799 1804 1800
t 1794 1797 1799 1806
t 1794 1801 1797 1805
t 1794 1803 1801 1802
t 1794 1804 1803 1796
t 1807 1808 1819 1813
t 1807 1808 1813 1809
t 1807 1808 1809 1815
t 1807 1808 1815 1818
t 1807 1808 1818 1819
t 1807 1809 1813 1817
t 1807 1813 1819 1812
t 1807 1819 1818 1810
t 1807 1818 1815 1814
t 1807 1815 1809 1816
t 1807 1811 1817 1812
t 1807 1811 1812 1810
t 1807 1811 1810 1814
t 1807 1811 1814 1816
t 1807 1811 1816 1817
t 1807 1812 1817 1813
t 1807 1810 1812 1819
t 1807 1814 1810 1818
t 1807 1816 1814 1815
t 1807 1817 1816 1809
t 1820 1821 1832 1826
t 1820 1821 1826 1822
t 1820 1821 1822 1828
t 1820 1821 1828 1831
t 1820 1821 1831 1832
t 1820 1822 1826 1830
t 1820 1826 1832 1825
t 1820 1832 1831 1823
t 1820 1831 1828 1827
t 1820 1828 1822 1829
t 1820 1824 1830 1825
t 1820 1824 1825 1823
t 1820 1824 1823 1827
t 1820 1824 1827 1829
t 1820 1824 1829 1830
t 1820 1825 1830 1826
t 1820 1823 1825 1832
t 1820 1827 1823 1831
t 1820 1829 1827 1828
t 1820 1830 1829 1822
t 1833 1834 1845 1839
t 1833 1834 1839 1835
t 1833 1834 1835 1841
t 1833 1834 1841 1844
t 1833 1834 1844 1845
t 1833 1835 1839 1843
t 1833 1839 1845 1838
t 1833 1845 1844 1836
t 1833 1844 1841 1840
t 1833 1841 1835 1842
t 1833 1837 1843 1838
t 1833 1837 1838 1836
t 1833 1837 1836 1840
t 1833 1837 1840 1842
t 1833 1837 1842 1843
t 1833 1838 1843 1839
t 1833 1836 1838 1845
t 1833 1840 1836 1844
t 1833 1842 1840 1841
t 1833 1843 1842 1835
t 1846 1847 1858 1852
t 1846 1847 1852 1848
t 1846 1847 1848 1854
t 1846 1847 1854 1857
t 1846 1847 1857 1858
t 1846 1848 1852 1856
t 1846 1852 1858 1851
t 1846 1858 1857 1849
t 1846 1857 1854 1853
t 1846 1854 1848 1855
t 1846 1850 1856 1851
t 1846 1850 1851 1849
t 1846 1850 1849 1853
t 1846 1850 1853 1855
t 1846 1850 1855 1856
t 1846 1851 1856 1852
t 1846 1849 1851 1858
t 1846 1853 1849 1857
t 1846 1855 1853 1854
t 1846 1856 1855 1848
t 1859 1860 1871 1865
t 1859 1860 1865 1861
t 1859 1860 1861 1867
t 1859 1860 1867 1870
t 1859 1860 1870 1871
t 1859 1861 1865 1869
t 1859 1865 1871 1864
t 1859 1871 1870 1862
t 1859 1870 1867 1866
t 1859 1867 1861 1868
t 1859 1863 1869 1864
t 1859 1863 1864 1862
t 1859 1863 1862 1866
t 1859 1863 1866 1868
t 1859 1863 1868 1869
t 1859 1864 1869 1865
t 1859 1862 1864 1871
t 1859 1866 1862 1870
t 1859 1868 1866 1867
t 1859 1869 1868 1861
t 1872 1873 1884 1878
t 1872 1873 1878 1874
t 1872 1873 1874 1880
t 1872 1873 1880 1883
t 1872 1873 1883 1884
t 1872 1874 1878 1882
t 1872 1878 1884 1877
t 1872 1884 1883 1875
t 1872 1883 1880 1879
t 1872 1880 1874 1881
t 1872 1876 1882 1877
t 1872 1876 1877 1875
t 1872 1876 1875 1879
t 1872 1876 1879 1881
t 1872 1876 1881 1882
t 1872 1877 1882 1878
t 1872 1875 1877 1884
t 1872 1879 1875 1883
t 1872 1881 1879 1880
t 1872 1882 1881 1874
t 1885 1886 1897 1891
t 1885 1886 1891 1887
t 1885 1886 1887 1893
t 1885 1886 1893 1896
t 1885 1886 1896 1897
t 1885 1887 1891 1895
t 1885 1891 1897 1890
t 1885 1897 1896 1888
t 1885 1896 1893 1892
t 1885 1893 1887 1894
t 1885 1889 1895 1890
t 1885 1889 1890 1888
t 1885 1889 1888 1892
t 1885 1889 1892 1894
t 1885 1889 1894 1895
t 1885 1890 1895 1891
t 1885 1888 1890 1897
t 1885 1892 1888 1896
t 1885 1894 1892 1893
t 1885 1895 1894 1887
t 1898 1899 1910 1904
t 1898 1899 1904 1900
t 1898 1899 1900 1906
t 1898 1899 1906 1909
t 1898 1899 1909 1910
t 1898 1900 1904 1908
t 1898 1904 1910 1903
t 1898 1910 1909 1901
t 1898 1909 1906 1905
t 1898 1906 1900 1907
t 1898 1902 1908 1903
t 1898 1902 1903 1901
t 1898 1902 1901 1905
t 1898 1902 1905 1907
t 1898 1902 1907 1908
t 1898 1903 1908 1904
t 1898 1901 1903 1910
t 1898 1905 1901 1909
t 1898 1907 1905 1906
t 1898 1908 1907 1900
t 1911 1912 1923 1917
t 1911 1912 1917 1913
t 1911 1912 1913 1919
t 1911 1912 1919 1922
t 1911 1912 1922 1923
t 1911 1913 1917 1921
t 1911 1917 1923 1916
t 1911 1923 1922 1914
t 1911 1922 1919 1918
t 1911 1919 1913 1920
t 1911 1915 1921 1916
t 1911 1915 1916 1914
t 1911 1915 1914 1918
t 1911 1915 1918 1920
t 1911 1915 1920 1921
t 1911 1916 1921 1917
t 1911 1914 1916 1923
t 1911 1918 1914 1922
t 1911 1920 1918 1919
t 1911 1921 1920 1913
t 1924 1925 1936 1930
t 1924 1925 1930 1926
t 1924 1925 1926 1932
t 1924 1925 1932 1935
t 1924 1925 1935 1936
t 1924 1926 1930 1934
t 1924 1930 1936 1929
t 1924 1936 1935 1927
t 1924 1935 1932 1931
t 1924 1932 1926 1933
t 1924 1928 1934 1929
t 1924 1928 1929 1927
t 1924 1928 1927 1931
t 1924 1928 1931 1933
t 1924 1928 1933 1934
t 1924 1929 1934 1930
t 1924 1927 1929 1936
t 1924 1931 1927 1935
t 1924 1933 1931 1932
t 1924 1934 1933 1926
t 1937 1938 1949 1943
t 1937 1938 1943 1939
t 1937 1938 1939 1945
t 1937 1938 1945 1948
t 1937 1938 1948 1949
t 1937 1939 1943 1947
t 1937 1943 1949 1942
t 1937 1949 1948 1940
t 1937 1948 1945 1944
t 1937 1945 1939 1946
t 1937 1941 1947 1942
t 1937 1941 1942 1940
t 1937 1941 1940 1944
t 1937 1941 1944 1946
t 1937 1941 1946 1947
t 1937 1942 1947 1943
t 1937 1940 1942 1949
t 1937 1944 1940 1948
t 1937 1946 1944 1945
t 1937 1947 1946 1939
t 1950 1951 1962 1956
t 1950 1951 1956 1952
t 1950 1951 1952 1958
t 1950 1951 1958 1961
t 1950 1951 1961 1962
t 1950 1952 1956 1960
t 1950 1956 1962 1955
t 1950 1962 1961 1953
t 1950 1961 1958 1957
t 1950 1958 1952 1959
t 1950 1954 1960 1955
t 1950 1954 1955 1953
t 1950 1954 1953 1957
t 1950 1954 1957 1959
t 1950 1954 1959 1960
t 1950 1955 1960 1956
t 1950 1953 1955 1962
t 1950 1957 1953 1961
t 1950 1959 1957 1958
t 1950 1960 1959 1952
t 1963 1964 1975 1969
t 1963 1964 1969 1965
t 1963 1964 1965 1971
t 1963 1964 1971 1974
t 1963 1964 1974 1975
t 1963 1965 1969 1973
t 1963 1969 1975 1968
t 1963 1975 1974 1966
t 1963 1974 1971 1970
t 1963 1971 1965 1972
t 1963 1967 1973 1968
t 1963 1967 1968 1966
t 1963 1967 1966 1970
t 1963 1967 1970 1972
t 1963 1967 1972 1973
t 1963 1968 1973 1969
t 1963 1966 1968 1975
t 1963 1970 1966 1974
t 1963 1972 1970 1971
t 1963 1973 1972 1965
t 1976 1977 1988 1982
t 1976 1977 1982 1978
t 1976 1977 1978 1984
t 1976 1977 1984 1987
t 1976 1977 1987 1988
t 1976 1978 1982 1986
t 1976 1982 1988 1981
t 1976 1988 1987 1979
t 1976 1987 1984 1983
t 1976 1984 1978 1985
t 1976 1980 1986 1981
t 1976 1980 1981 1979
t 1976 1980 1979 1983
t 1976 1980 1983 1985
t 1976 1980 1985 1986
t 1976 1981 1986 1982
t 1976 1979 1981 1988
t 1976 1983 1979 1987
t 1976 1985 1983 1984
t 1976 1986 1985 1978
t 1989 1990 2001 1995
t 1989 1990 1995 1991
t 1989 1990 1991 1997
t 1989 1990 1997 2000
t 1989 1990 2000 2001
t 1989 1991 1995 1999
t 1989 1995 2001 1994
t 1989 2001 2000 1992
t 1989 2000 1997 1996
t 1989 1997 1991 1998
t 1989 1993 1999 1994
t 1989 1993 1994 1992
t 1989 1993 1992 1996
t 1989 1993 1996 1998
t 1989 1993 1998 1999
t 1989 1994 1999 1995
t 1989 1992 1994 2001
t 1989 1996 1992 2000
t 1989 1998 1996 1997
t 1989 1999 1998 1991
t 2002 2003 2014 2008
t 2002 2003 2008 2004
t 2002 2003 2004 2010
t 2002 2003 2010 2013
t 2002 2003 2013 2014
t 2002 2004 2008 2012
t 2002 2008 2014 2007
t 2002 2014 2013 2005
t 2002 2013 2010 2009
t 2002 2010 2004 2011
t 2002 2006 2012 2007
t 2002 2006 2007 2005
t 2002 2006 2005 2009
t 2002 2006 2009 2011
t 2002 2006 2011 2012
t 2002 2007 2012 2008
t 2002 2005 2007 2014
t 2002 2009 2005 2013
t 2002 2011 2009 2010
t 2002 2012 2011 2004
t 2015 2016 2027 2021
t 2015 2016 2021 2017
t 2015 2016 2017 2023
t 2015 2016 2023 2026
t 2015 2016 2026 2027
t 2015 2017 2021 2025
t 2015 2021 2027 2020
t 2015 2027 2026 2018
t 2015 2026 2023 2022
t 2015 2023 2017 2024
t 2015 2019 2025 2020
t 2015 2019 2020 2018
t 2015 2019 2018 2022
t 2015 2019 2022 2024
t 2015 2019 2024 2025
t 2015 2020 2025 2021
t 2015 2018 2020 2027
t 2015 2022 2018 2026
t 2015 2024 2022 2023
t 2015 2025 2024 2017
t 2028 2029 2040 2034
t 2028 2029 2034 2030
t 2028 2029 2030 2036
t 2028 2029 2036 2039
t 2028 2029 2039 2040
t 2028 2030 2034 2038
t 2028 2034 2040 2033
t 2028 2040 2039 2031
t 2028 2039 2036 2035
t 2028 2036 2030 2037
t 2028 2032 2038 2033
t 2028 2032 2033 2031
t 2028 2032 2031 2035
t 2028 2032 2035 2037
t 2028 2032 2037 2038
t 2028 2033 2038 2034
t 2028 2031 2033 2040
t 2028 2035 2031 2039
t 2028 2037 2035 2036
t 2028 2038 2037 2030
t 2041 2042 2053 2047
t 2041 2042 2047 2043
t 2041 2042 2043 2049
t 2041 2042 2049 2052
t 2041 2042 2052 2053
t 2041 2043 2047 2051
t 2041 2047 2053 2046
t 2041 2053 2052 2044
t 2041 2052 2049 2048
t 2041 2049 2043 2050
t 2041 2045 2051 2046
t 2041 2045 2046 2044
t 2041 2045 2044 2048
t 2041 2045 2048 2050
t 2041 2045 2050 2051
t 2041 2046 2051 2047
t 2041 2044 2046 2053
t 2041 2048 2044 2052
t 2041 2050 2048 2049
t 2041 2051 2050 2043
t 2054 2055 2066 2060
t 2054 2055 2060 2056
t 2054 2055 2056 2062
t 2054 2055 2062 2065
t 2054 2055 2065 2066
t 2054 2056 2060 2064
t 2054 2060 2066 2059
t 2054 2066 2065 2057
t 2054 2065 2062 2061
t 2054 2062 2056 2063
t 2054 2058 2064 2059
t 2054 2058 2059 2057
t 2054 2058 2057 2061
t 2054 2058 2061 2063
t 2054 2058 2063 2064
t 2054 2059 2064 2060
t 2054 2057 2059 2066
t 2054 2061 2057 2065
t 2054 2063 2061 2062
t 2054 2064 2063 2056
t 2067 2068 2079 2073
t 2067 2068 2073 2069
t 2067 2068 2069 2075
t 2067 2068 2075 2078
t 2067 2068 2078 2079
t 2067 2069 2073 2077
t 2067 2073 2079 2072
t 2067 2079 2078 2070
t 2067 2078 2075 2074
t 2067 2075 2069 2076
t 2067 2071 2077 2072
t 2067 2071 2072 2070
t 2067 2071 2070 2074
t 2067 2071 2074 2076
t 2067 2071 2076 2077
t 2067 2072 2077 2073
t 2067 2070 2072 2079
t 2067 2074 2070 2078
t 2067 2076 2074 2075
t 2067 2077 2076 2069
t 2080 2081 2092 2086
t 2080 2081 2086 2082
t 2080 2081 2082 2088
t 2080 2081 2088 2091
t 2080 2081 2091 2092
t 2080 2082 2086 2090
t 2080 2086 2092 2085
t 2080 2092 2091 2083
t 2080 2091 2088 2087
t 2080 2088 2082 2089
t 2080 2084 2090 2085
t 2080 2084 2085 2083
t 2080 2084 2083 2087
t 2080 2084 2087 2089
t 2080 2084 2089 2090
t 2080 2085 2090 2086
t 2080 2083 2085 2092
t 2080 2087 2083 2091
t 2080 2089 2087 2088
t 2080 2090 2089 2082
t 2093 2094 2105 2099
t 2093 2094 2099 2095
t 2093 2094 2095 2101
t 2093 2094 2101 2104
t 2093 2094 2104 2105
t 2093 2095 2099 2103
t 2093 2099 2105 2098
t 2093 2105 2104 2096
t 2093 2104 2101 2100
t 2093 2101 2095 2102
t 2093 2097 2103 2098
t 2093 2097 2098 2096
t 2093 2097 2096 2100
t 2093 2097 2100 2102
t 2093 2097 2102 2103
t 2093 2098 2103 2099
t 2093 2096 2098 2105
t 2093 2100 2096 2104
t 2093 2102 2100 2101
t 2093 2103 2102 2095
t 2106 2107 2118 2112
t 2106 2107 2112 2108
t 2106 2107 2108 2114
t 2106 2107 2114 2117
t 2106 2107 2117 2118
t 2106 2108 2112 2116
t 2106 2112 2118 2111
t 2106 2118 2117 2109
t 2106 2117 2114 2113
t 2106 2114 2108 2115
t 2106 2110 2116 2111
t 2106 2110 2111 2109
t 2106 2110 2109 2113
t 2106 2110 2113 2115
t 2106 2110 2115 2116
t 2106 2111 2116 2112
t 2106 2109 2111 2118
t 2106 2113 2109 2117
t 2106 2115 2113 2114
t 2106 2116 2115 2108
t 2119 2120 2131 2125
t 2119 2120 2125 2121
t 2119 2120 2121 2127
t 2119 2120 2127 2130
t 2119 2120 2130 2131
t 2119 2121 2125 2129
t 2119 2125 2131 2124
t 2119 2131 2130 2122
t 2119 2130 2127 2126
t 2119 2127 2121 2128
t 2119 2123 2129 2124
t 2119 2123 2124 2122
t 2119 2123 2122 2126
t 2119 2123 2126 2128
t 2119 2123 2128 2129
t 2119 2124 2129 2125
t 2119 2122 2124 2131
t 2119 2126 2122 2130
t 2119 2128 2126 2127
t 2119 2129 2128 2121
t 2132 2133 2144 2138
t 2132 2133 2138 2134
t 2132 2133 2134 2140
t 2132 2133 2140 2143
t 2132 2133 2143 2144
t 2132 2134 2138 2142
t 2132 2138 2144 2137
t 2132 2144 2143 2135
t 2132 2143 2140 2139
t 2132 2140 2134 2141
t 2132 2136 2142 2137
t 2132 2136 2137 2135
t 2132 2136 2135 2139
t 2132 2136 2139 2141
t 2132 2136 2141 2142
t 2132 2137 2142 2138
t 2132 2135 2137 2144
t 2132 2139 2135 2143
t 2132 2141 2139 2140
t 2132 2142 2141 2134
t 2145 2146 2157 2151
t 2145 2146 2151 2147
t 2145 2146 2147 2153
t 2145 2146 2153 2156
t 2145 2146 2156 2157
t 2145 2147 2151 2155
t 2145 2151 2157 2150
t 2145 2157 2156 2148
t 2145 2156 2153 2152
t 2145 2153 2147 2154
t 2145 2149 2155 2150
t 2145 2149 2150 2148
t 2145 2149 2148 2152
t 2145 2149 2152 2154
t 2145 2149 2154 2155
t 2145 2150 2155 2151
t 2145 2148 2150 2157
t 2145 2152 2148 2156
t 2145 2154 2152 2153
t 2145 2155 2154 2147
t 2158 2159 2170 2164
t 2158 2159 2164 2160
t 2158 2159 2160 2166
t 2158 2159 2166 2169
t 2158 2159 2169 2170
t 2158 2160 2164 2168
t 2158 2164 2170 2163
t 2158 2170 2169 2161
t 2158 2169 2166 2165
t 2158 2166 2160 2167
t 2158 2162 2168 2163
t 2158 2162 2163 2161
t 2158 2162 2161 2165
t 2158 2162 2165 2167
t 2158 2162 2167 2168
t 2158 2163 2168 2164
t 2158 2161 2163 2170
t 2158 2165 2161 2169
t 2158 2167 2165 2166
t 2158 2168 2167 2160
t 2171 2172 2183 2177
t 2171 2172 2177 2173
t 2171 2172 2173 2179
t 2171 2172 2179 2182
t 2171 2172 2182 2183
t 2171 2173 2177 2181
t 2171 2177 2183 2176
t 2171 2183 2182 2174
t 2171 2182 2179 2178
t 2171 2179 2173 2180
t 2171 2175 2181 2176
t 2171 2175 2176 2174
t 2171 2175 2174 2178
t 2171 2175 2178 2180
t 2171 2175 2180 2181
t 2171 2176 2181 2177
t 2171 2174 2176 2183
t 2171 2178 2174 2182
t 2171 2180 2178 2179
t 2171 2181 2180 2173
t 2184 2185 2196 2190
t 2184 2185 2190 2186
t 2184 2185 2186 2192
t 2184 2185 2192 2195
t 2184 2185 2195 2196
t 2184 2186 2190 2194
t 2184 2190 2196 2189
t 2184 2196 2195 2187
t 2184 2195 2192 2191
t 2184 2192 2186 2193
t 2184 2188 2194 2189
t 2184 2188 2189 2187
t 2184 2188 2187 2191
t 2184 2188 2191 2193
t 2184 2188 2193 2194
t 2184 2189 2194 2190
t 2184 2187 2189 2196
t 2184 2191 2187 2195
t 2184 2193 2191 2192
t 2184 2194 2193 2186
t 2197 2198 2209 2203
t 2197 2198 2203 2199
t 2197 2198 2199 2205
t 2197 2198 2205 2208
t 2197 2198 2208 2209
t 2197 2199 2203 2207
t 2197 2203 2209 2202
t 2197 2209 2208 2200
t 2197 2208 2205 2204
t 2197 2205 2199 2206
t 2197 2201 2207 2202
t 2197 2201 2202 2200
t 2197 2201 2200 2204
t 2197 2201 2204 2206
t 2197 2201 2206 2207
t 2197 2202 2207 2203
t 2197 2200 2202 2209
t 2197 2204 2200 2208
t 2197 2206 2204 2205
t 2197 2207 2206 2199
t 2210 2211 2222 2216
t 2210 2211 2216 2212
t 2210 2211 2212 2218
t 2210 2211 2218 2221
t 2210 2211 2221 2222
t 2210 2212 2216 2220
t 2210 2216 2222 2215
t 2210 2222 2221 2213
t 2210 2221 2218 2217
t 2210 2218 2212 2219
t 2210 2214 2220 2215
t 2210 2214 2215 2213
t 2210 2214 2213 2217
t 2210 2214 2217 2219
t 2210 2214 2219 2220
t 2210 2215 2220 2216
t 2210 2213 2215 2222
t 2210 2217 2213 2221
t 2210 2219 2217 2218
t 2210 2220 2219 2212
t 2223 2224 2235 2229
t 2223 2224 2229 2225
t 2223 2224 2225 2231
t 2223 2224 2231 2234
t 2223 2224 2234 2235
t 2223 2225 2229 2233
t 2223 2229 2235 2228
t 2223 2235 2234 2226
t 2223 2234 2231 2230
t 2223 2231 2225 2232
t 2223 2227 2233 2228
t 2223 2227 2228 2226
t 2223 2227 2226 2230
t 2223 2227 2230 2232
t 2223 2227 2232 2233
t 2223 2228 2233 2229
t 2223 2226 2228 2235
t 2223 2230 2226 2234
t 2223 2232 2230 2231
t 2223 2233 2232 2225
t 2236 2237 2248 2242
t 2236 2237 2242 2238
t 2236 2237 2238 2244
t 2236 2237 2244 2247
t 2236 2237 2247 2248
t 2236 2238 2242 2246
t 2236 2242 2248 2241
t 2236 2248 2247 2239
t 2236 2247 2244 2243
t 2236 2244 2238 2245
t 2236 2240 2246 2241
t 2236 2240 2241 2239
t 2236 2240 2239 2243
t 2236 2240 2243 2245
t 2236 2240 2245 2246
t 2236 2241 2246 2242
t 2236 2239 2241 2248
t 2236 2243 2239 2247
t 2236 2245 2243 2244
t 2236 2246 2245 2238
t 2249 2250 2261 2255
t 2249 2250 2255 2251
t 2249 2250 2251 2257
t 2249 2250 2257 2260
t 2249 2250 2260 2261
t 2249 2251 2255 2259
t 2249 2255 2261 2254
t 2249 2261 2260 2252
t 2249 2260 2257 2256
t 2249 2257 2251 2258
t 2249 2253 2259 2254
t 2249 2253 2254 2252
t 2249 2253 2252 2256
t 2249 2253 2256 2258
t 2249 2253 2258 2259
t 2249 2254 2259 2255
t 2249 2252 2254 2261
t 2249 2256 2252 2260
t 2249 2258 2256 2257
t 2249 2259 2258 2251
t 2262 2263 2274 2268
t 2262 2263 2268 2264
t 2262 2263 2264 2270
t 2262 2263 2270 2273
t 2262 2263 2273 2274
t 2262 2264 2268 2272
t 2262 2268 2274 2267
t 2262 2274 2273 2265
t 2262 2273 2270 2269
t 2262 2270 2264 2271
t 2262 2266 2272 2267
t 2262 2266 2267 2265
t 2262 2266 2265 2269
t 2262 2266 2269 2271
t 2262 2266 2271 2272
t 2262 2267 2272 2268
t 2262 2265 2267 2274
t 2262 2269 2265 2273
t 2262 2271 2269 2270
t 2262 2272 2271 2264
t 2275 2276 2287 2281
t 2275 2276 2281 2277
t 2275 2276 2277 2283
t 2275 2276 2283 2286
t 2275 2276 2286 2287
t 2275 2277 2281 2285
t 2275 2281 2287 2280
t 2275 2287 2286 2278
t 2275 2286 2283 2282
t 2275 2283 2277 2284
t 2275 2279 2285 2280
t 2275 2279 2280 2278
t 2275 2279 2278 2282
t 2275 2279 2282 2284
t 2275 2279 2284 2285
t 2275 2280 2285 2281
t 2275 2278 2280 2287
t 2275 2282 2278 2286
t 2275 2284 2282 2283
t 2275 2285 2284 2277
