v 0.06699455011029039 -0.07716518442821634 -0.3308286508124511
v -0.0684882404971386 -0.1400118542787601 -0.28488642857277213
v 0.054193540528210696 -0.10761381332366185 -0.35977683487317336
v 0.030673747846945296 -0.1008773528373066 -0.30725981905328004
v 0.08503087837098369 -0.0860015957093355 -0.34922495667237846
v 0.11184027882849513 -0.0511156746765127 -0.2234135085637743
v -0.03385996670995799 -0.08989029356765732 -0.31920247258545253
v 0.07908105236788013 -0.09445937100755443 -0.3074760852861897
v -0.05348576601120185 -0.09107103073854161 -0.3250886243819949
v 0.06060263047972894 -0.08218657435773052 -0.32624057304291676
v -0.07828280542088875 -0.1412602902196768 -0.2868420973421633
v -0.10733067135888394 -0.17298420142471282 -0.28885393501677653
v 0.14667228174281863 -0.06411517455962747 -0.25965488742772586
v 0.0499548705890479 -0.09906462528546756 -0.33524049170912235
v 0.04260413725435314 -0.08889314079918469 -0.3656953834461187
v 0.06437657352256075 -0.07589993325739525 -0.32436411586738745
v -0.0018485688859228274 -0.1051732568077803 -0.3314991516201161
v 0.025646214135430175 -0.07372563844169196 -0.37022808707388133
v 0.06726790683713092 -0.07462703058599485 -0.3593072887210024
v -0.025475826551646867 -0.10736815525564647 -0.30734962833966484
v 0.03347241011759742 -0.10684181551503007 -0.3296808393841772
v 0.02100209184743383 -0.11055861607361574 -0.32282744970185046
v 0.3282209833936271 -0.10618615909326497 -0.17470014300783632
v 0.058512902665159995 -0.07926920543023032 -0.33359848755036464
v 0.051598901962794874 -0.0870304811623408 -0.3260132603121456
v -0.03945754425762405 -0.1385987293191594 -0.28835021838790315
v -0.06393221516810423 -0.11765022416698973 -0.31920650021718205
v -0.11762115259585045 -0.17833638334871457 -0.2827272009232897
v -0.10062908838738135 -0.16952118318051504 -0.28156431849603064
v 0.08802240656918771 -0.10347845984672475 -0.3602326643092015
v 0.04088269339120665 -0.07151083990990813 -0.3862904205994641
v 0.20616072843507444 -0.07293409532896222 -0.1961866809303404
v -0.05754944160440501 -0.1286262742436427 -0.28325958912485694
v 0.034006173769860135 -0.08101346079855887 -0.29358045579260705
v 0.028828355039083306 -0.09442693802285046 -0.29363655518512294
v 0.05249641122475816 -0.09991443221017715 -0.29288016238516423
v 0.02646824486805804 -0.10465309245326332 -0.30059177240193097
v 0.09214493122808975 -0.0787340625191112 -0.2607357781943766
v 0.08045506682417752 -0.10653552920791565 -0.3450403260352602
v 0.030303049166422923 -0.09523661376994585 -0.35954628735256466
v 0.07237830420475722 -0.08371055916154041 -0.33476740542743305
v -0.03982464388526456 -0.1182346634009717 -0.3002766236739226
v -0.10073961929728087 -0.13460177744391966 -0.28099871608773036
v -0.008603987908160644 -0.10378774090857183 -0.33672121114993264
v 0.1328726341640073 -0.07736984961849495 -0.24770699264888457
v 0.01989893912615322 -0.06652481143392698 -0.39350608286740707
v -0.0770038290845812 -0.13995691220149853 -0.2775765732710903
v 0.08791745609723507 -0.0996026232675342 -0.36885136839181104
v -0.018506881758923618 -0.11644372800077013 -0.2991589326838996
v -0.0714269216929297 -0.1399901166480763 -0.2807940174163263
v 0.08741375300746539 -0.1121369062045622 -0.34969844147403956
v 0.03545044423682478 -0.09653239825768198 -0.31210676958903594
v 0.08069482662653839 -0.10416177385740714 -0.3405239749209217
v 0.031840143587723774 -0.10123177872466521 -0.3231528730690943
v -0.019776252444758436 -0.133663476099492 -0.2827855747526749
v -0.06881172274848983 -0.12444001717657355 -0.2894956246533624
v 0.11972758266482722 -0.07492519086835615 -0.2821786585602074
v -0.12648011191352654 -0.17814443815144387 -0.2865546307417178
v -0.062338280848683814 -0.11556668136559659 -0.3183168107280757
v 0.07777724699334895 -0.07410564556669988 -0.3458755199182396
v 0.019341114802822513 -0.10943329021869028 -0.28368461626401764
v 0.04118294640967222 -0.11035481083111123 -0.3551156921565864
v -0.031747448665881785 -0.08813095167149441 -0.37063818692101747
v 0.06838745347252435 -0.07405427614444571 -0.34079574616323616
v 0.03703439139134642 -0.09223139016958103 -0.3556799052078822
v 0.04366632853285671 -0.07222230889123175 -0.3090818143415689
v 0.08205531910720143 -0.11323040343207146 -0.36128302503101845
v 0.1927585470163627 -0.0643413400369222 -0.25453894733667487
v 0.10965164986532695 -0.06139938068084723 -0.23701214722108674
v -0.08171776035581475 -0.14407362797319648 -0.2925588319533435
v 0.11054274293432532 -0.0558843375689386 -0.2552668561079074
v -0.023221697631640097 -0.12867170346621726 -0.2954052372625105
v -0.11824024825448744 -0.17587073607327203 -0.28978669892942516
v 0.05212740335994196 -0.10884243807557234 -0.35820855877298824
v -0.041432547746531295 -0.10575377473951113 -0.30885686426805004
v 0.01503509929292179 -0.11152665031303956 -0.3382574921162594
v 0.029173629110166754 -0.10738116366966043 -0.35479998374261573
v 0.12001940617367608 -0.05996888332910506 -0.22928268716418235
v 0.07738782980200763 -0.09417857694923434 -0.34680699814356436
v -0.028045543163484905 -0.08904707846222541 -0.3337882032439262
v 0.032587911375831856 -0.08565910997921598 -0.274025290062303
v 0.060488900535695875 -0.0750017116951267 -0.35891319593771814
v 0.034878520989576195 -0.07184123783731662 -0.3016562991523422
v 0.06656733267485594 -0.09051750968591933 -0.32690779789455654
v 0.08280920481615649 -0.11063855901639799 -0.3484582839920105
v -0.034372920614437696 -0.1163101302625939 -0.3084061853413874
v 0.09942794771062723 -0.08520972551258257 -0.2845434061885812
v -0.06971586529594566 -0.12091374943679474 -0.2769983060907218
v 0.1047408449838668 -0.07342625286031192 -0.27327065829456254
v -0.03416005666730195 -0.13690676087490913 -0.2846362120101053
v 0.023341325355469407 -0.06791376666812954 -0.3782463847032504
v 0.07434928586001344 -0.09647064455945689 -0.3405541601744962
v 0.03047808034721933 -0.09890480994951605 -0.34032593418120205
v 0.16100759944294943 -0.06837640595767745 -0.2601265952507552
v -0.00229921671587228 -0.10215618301996865 -0.3354656925963371
v 0.03327810989617115 -0.10943376723364182 -0.3533621022623248
v 0.004835878939283207 -0.1033883982709679 -0.33191260319820026
v -0.015724092218068905 -0.1323077349796141 -0.33726381883827994
v 0.056711740312450035 -0.10597382073452787 -0.36711946800864464
v 0.030349496254366337 -0.0828986045922175 -0.36623053905991537
v 0.14357321709386162 -0.07770740067401824 -0.2653713088191104
v 0.14630860694750247 -0.0659676954542474 -0.26934515207209536
v -0.0798964983460652 -0.13226828185529663 -0.30890233647648946
v 0.059268190917405185 -0.07711965376993499 -0.3238136800452471
v 0.08115405720255842 -0.10247460040828583 -0.3403334841665144
v -0.09083802568053069 -0.12910979481331625 -0.26527749617571456
v -0.0990045211899424 -0.13952902181391152 -0.27069172004298236
v 0.10493432460077319 -0.05303163114619498 -0.2475083028258908
v 0.0889822487039489 -0.10839221173156445 -0.3547032906711741
v 0.08488044947496959 -0.09420622200763816 -0.346761733692982
v 0.04892131345177128 -0.10407066285535777 -0.3324360829490242
v 0.014346861992092253 -0.11138620423971556 -0.34172474236881223
v -0.005154752959604882 -0.1064356832417575 -0.34060301631876194
v 0.07781649205438892 -0.06402246666544856 -0.24764389909518733
v 0.024629553296302363 -0.09637156059243404 -0.28107596301293847
v 0.11237140866974098 -0.07707263433277974 -0.2292798296219806
v -0.06144539807594942 -0.12964778958244527 -0.3096001679576733
v -0.03570086161029818 -0.09116471092090771 -0.3633012357049329
v 0.12268077792046367 -0.05878199861454754 -0.23695139684717348
v 0.00590819875174728 -0.10672888800242432 -0.3320937933389177
v 0.08824878995990605 -0.09685439420962935 -0.37061317346133577
v 0.02432061930259652 -0.0959444240861573 -0.3690569784388813
v 0.054144679952758165 -0.08460783731055108 -0.3065091148992014
v 0.0412632934908976 -0.11146097020272835 -0.3621852667161941
v 0.004609656784609074 -0.1035910347378706 -0.3297023442613847
v -0.0030118072594725615 -0.10278587521231436 -0.33270881088548926
v 0.010399995928166515 -0.10682332687553592 -0.3408980104864562
v 0.176072119345086 -0.0664743746269083 -0.26598806748101556
v 0.21254813548283924 -0.035073060729206226 -0.22775808160038372
v -0.13576320776117845 -0.1637650701248523 -0.28352196422917786
v 0.11354704507204842 -0.09128809615431226 -0.25138483806338174
v 0.009254824318312224 -0.0966921965801844 -0.34381541844481645
v 0.09597233035056493 -0.09260480155220188 -0.2990628660760091
v 0.033680699502677464 -0.09543006824190041 -0.3188828972640265
v 0.07031493587424513 -0.09334499690185737 -0.3288128737340581
v 0.15929759487615122 -0.08034110306528146 -0.26790517771137096
v 0.10838201272948264 -0.06851852774986024 -0.2294865497212355
v 0.06561089832210514 -0.08556646109558665 -0.33102505342444155
v 0.11460250841114823 -0.06335198463093919 -0.23131921107620187
v 0.001860347830327088 -0.10217916498288873 -0.3376772637377513
v -0.015106583908864525 -0.12893559565495133 -0.3282049399101855
v -0.05057405550281721 -0.10237821697962943 -0.31749198893510944
v 0.09435938491258881 -0.11844902595666344 -0.3516101070706288
v 0.04141299782550035 -0.09283327301634771 -0.3338696411559508
v 0.03893437732313874 -0.09963567918763279 -0.29394679381817806
v 0.10218295867783878 -0.07549132987533318 -0.2876824437290679
v 0.0756240651068049 -0.09338988316221292 -0.3704325287255308
v 0.06850720573916777 -0.08583089238267173 -0.286743899923965
v 0.08332986906398844 -0.09791128929547961 -0.36591082780416456
v 0.12299910602520445 -0.05765018159128273 -0.24506210072538703
v 0.09276963987242358 -0.09263143449974735 -0.2932454783607108
v -0.02178929887097318 -0.12396856381808986 -0.318127707003827
v -0.06966522276348347 -0.14244664490825024 -0.31029825312668446
v 0.09987867277859747 -0.08428585297531406 -0.28339263147949145
v 0.02077573899324664 -0.07708258261848598 -0.39257779185857083
v 0.04914353062850501 -0.08642926192838728 -0.3716344928772529
v 0.03671096658871844 -0.06970011247110634 -0.30909463123209907
v 0.0013612037985297155 -0.10143580748116551 -0.3220641014742144
v 0.03459134423112107 -0.11091395197066023 -0.3461687683681723
v 0.15278258379419846 -0.07581069406019555 -0.2686323632715914
v -0.02522617301507736 -0.1409034214441778 -0.28105344994353765
v 0.22085936695017347 -0.07199881791321176 -0.19697866001897768
v -0.0238411217073121 -0.09892320890822101 -0.31815228519691946
v -0.025076149881792707 -0.09092036228387207 -0.3391943761142857
v 0.05344540229531739 -0.07720151054662144 -0.31720070161138586
v -0.05251672217290382 -0.14498174583124085 -0.26764793037930684
v 0.010811969405701918 -0.09226689988788878 -0.36067481163333254
v 0.24181284565382158 -0.0755911025262953 -0.19153976363413755
v 0.09427390360827899 -0.05546374051623116 -0.2592619644105607
v 0.052156388547993676 -0.08735063602962413 -0.33604165977918404
v 0.012024036904659708 -0.10770692332586818 -0.3424151375761681
v -0.12663996139735345 -0.17713091715056978 -0.2873828765697239
v -0.06033619452265491 -0.15097435352959465 -0.2803367728877655
v 0.07061887167842013 -0.11320314525375394 -0.3603652200085414
v -0.02266167668514799 -0.12595354701411363 -0.3541694749521973
v 0.1403740044264842 -0.08145837109490484 -0.25739848009298977
v 0.07847541453207069 -0.10523459790231035 -0.3413826001159336
v -0.039015005084159296 -0.09560621031398986 -0.3560986514132969
v -0.025460584063764294 -0.1419908070226991 -0.34491977994436895
v 0.012270752546894116 -0.0907459928768743 -0.3599641114578996
v 0.07162042599540915 -0.10163868420602164 -0.3598240538639527
v -0.07960428532592852 -0.13433208532611743 -0.2941164604574342
v 0.1939111592596366 -0.04643933652971315 -0.24333361566983594
v 0.03666320541775734 -0.07752201087282988 -0.36485520006500083
v -0.06245897349773351 -0.13843186737547458 -0.27812398438980257
v -0.07187915651630229 -0.13917863933131383 -0.2709618945228917
v 0.040552754993708064 -0.07788438036049601 -0.2988798814291298
v 0.005210767908679348 -0.09850464354750624 -0.3305710048063209
v 0.0753174407188473 -0.09954513663036971 -0.3434367974537298
v 0.036580557245529555 -0.08882109774056288 -0.28796124289130365
v -0.06980927386506 -0.12201525403568524 -0.3242432737195843
v 0.13459097945058837 -0.06668927177654482 -0.24407826616094902
v -0.0017600895444139957 -0.1025680399372691 -0.313675830797218
v 0.15589288315501185 -0.06680013910961032 -0.2608343230213466
v 0.18367836104234955 -0.055240438627880646 -0.2572930668713073
v 0.0398479221689024 -0.07563697944886484 -0.38233549508426873
v -0.08905953610792659 -0.13673883576240686 -0.27689879136382683
v 0.0848851249198877 -0.07515521042959471 -0.36590244503009944
v 0.06863531948049208 -0.09413322156163105 -0.32280945960618923
v -0.0670855270565384 -0.13217833302982576 -0.2947463251931704
v 0.024616010554236904 -0.10342242990032392 -0.3025009486272692
v 0.03665064675580598 -0.10313843781845763 -0.3300520793753669
v 0.14790984726247988 -0.07733230131765047 -0.2592590547481527
v 0.03718522526934816 -0.095203637864116 -0.30834863843613963
v -0.007669096942277125 -0.0972919149072638 -0.3295224832114691
v 0.040531975710279645 -0.08534008419460844 -0.26781282252456806
v 0.07328652098637396 -0.08083707748744232 -0.33899780095658116
v 0.08077436082464388 -0.09778271245776547 -0.3102237732276221
v -0.10372428575615862 -0.13735987881467684 -0.2840118024795443
v 0.06461022705303578 -0.07801971227355854 -0.33028503359732503
v 0.030595969332248025 -0.08808244271777287 -0.3652374537746788
v 0.032524716758588416 -0.1065121026265874 -0.35082287932853035
v 0.03146846550922864 -0.07337140626613303 -0.36257125828087317
v 0.06586819379278015 -0.08899953162251642 -0.3436405300595347
v -0.06130818001327566 -0.11088855036776107 -0.31247573007172136
v 0.17668700476038002 -0.060855900075496024 -0.2619872237239851
v 0.07708196717517424 -0.07477084897925859 -0.27785010691796574
v -0.093060273066204 -0.13650768628899765 -0.2770215687207898
v 0.008306246065602478 -0.11098221775142435 -0.33519087840600226
v 0.05955238007660409 -0.09687649841383957 -0.3762061805507688
v 0.0689318831218159 -0.08885416080580401 -0.3286036162934656
v 0.13435718484424025 -0.06600279279462475 -0.24782285049402344
v -0.06021230204444173 -0.10244232128043254 -0.32146524224044454
v 0.04631200951386791 -0.08584465119148117 -0.297745578566585
v 0.15861383767584003 -0.07387507234784992 -0.2642182784645751
v 0.06087363199763196 -0.10251397256523255 -0.3374148429173064
v -0.08883555570398172 -0.12846342802434707 -0.27258379698446883
v 0.1029747957824058 -0.05343533943072906 -0.23901580257861507
v 0.09784062022295453 -0.05137794775999444 -0.2514638064894843
v 0.2208508648046024 -0.057401083001902664 -0.20958844023806666
v 0.051654683787111 -0.10157166424627988 -0.34193086250881505
v 0.08669507315833463 -0.09003018533002215 -0.3529217444443443
v -0.02626893758953174 -0.09084218641836818 -0.3437092676618637
v 0.05402535751169324 -0.08411991163133647 -0.31015125933017057
v -0.09217099541873644 -0.11929860024016993 -0.26866723136652687
v 0.32095757611109693 -0.10321043787598747 -0.17668739045385232
v 0.22171248839198437 -0.026054422752161053 -0.2201516671008892
v 0.078258328467699 -0.11153198844513515 -0.35766701587985444
v -0.08757719443882127 -0.14912686552642293 -0.2821058558154041
v -0.10700881353287835 -0.13430665611548182 -0.28054941122989113
v -0.04751221381842456 -0.1355625455522396 -0.29044297976328615
v 0.06593158751457404 -0.10707478920471293 -0.34268636588232254
v -0.05338748066596062 -0.09488154049138066 -0.32856219398635456
v 0.16691566031748223 -0.06853136063123018 -0.25881350757634003
v 0.06663117156601582 -0.1120255144801716 -0.3479329300106346
v 0.1094279972372162 -0.06528827897672701 -0.2605712011942968
v 0.03130824006886755 -0.08561578672318494 -0.34945328122493063
v 0.12202790630436808 -0.08115420900840808 -0.2626254499154916
v 0.08275562024138812 -0.10147579903182687 -0.3108497767818298
v -0.04251313563581971 -0.129983368736376 -0.3147969727471587
v 0.1153130559901016 -0.0551715653629593 -0.24352074680593164
v 0.09117394943725732 -0.10724204385570364 -0.3527653160091119
v 0.1227640675313358 -0.06993086176819521 -0.2641317934236314
v -0.004553123649094699 -0.10329377290326616 -0.32926432405215283
v 0.20939891627599533 -0.03105872418431188 -0.21386105844404413
v -0.08336978240383341 -0.1480279434876234 -0.2806285332273544
v 0.10984187841604105 -0.0833158628005433 -0.2822406540073921
v 0.10763691740934718 -0.049033750888606946 -0.2542389241983131
v 0.16993431555857583 -0.07573342362083116 -0.26592303019032465
v 0.30248375070186045 -0.09916089817044349 -0.17981301197115254
v -0.09504919215265754 -0.15406876668240985 -0.27836767280039
v -0.07478364506511347 -0.13816063152965785 -0.2720379561342948
v 0.07810909265043751 -0.11409613712498096 -0.36353488716106747
v -0.10465268219623464 -0.12497352737818565 -0.2863490118210763
v -0.05062718907731572 -0.143466492025468 -0.27523504234939655
v -0.07519725970391464 -0.14144483303435595 -0.2727018910834655
v 0.2212084322678549 -0.04009008516491807 -0.2096458269349173
v 0.02728655285161754 -0.10513689400510651 -0.30134423913416813
v -0.023735577914162507 -0.08364086093601948 -0.3797106665590059
v 0.02752054666703318 -0.10525974989941536 -0.3320499034044468
v 0.2801988572134474 -0.09032077162900128 -0.19088357567812264
v -0.10220164890285438 -0.11819749284018 -0.2608195479686929
v -0.026600922327265426 -0.12892472418816933 -0.29247491950779286
v 0.09928959984945497 -0.050623343699765594 -0.24421745638289044
v 0.06040338585941887 -0.09434181650575374 -0.37176933796615247
v 0.08301842049415249 -0.10224352086153629 -0.34600356039676883
v -0.017989503301656277 -0.13893181882959707 -0.28055423936000157
v 0.055211027685974176 -0.07649129000840436 -0.31817061136326524
v 0.03755115515708759 -0.07333539271891377 -0.3143038411424535
v -0.047052075595864835 -0.12379417584767449 -0.31493653084062717
v 0.06851267093437689 -0.10085556680415432 -0.32288290488212135
v -0.017429512415569462 -0.12795778028641752 -0.33645264637804567
v 0.10612601737418614 -0.05563638487086671 -0.22728963507953343
v 0.025634252860341874 -0.09709622808487439 -0.2925059121375315
v 0.17566609019531218 -0.06261765137550294 -0.27047146807207983
v 0.014742217881761908 -0.1099126401544729 -0.28857290669231106
v -0.08332499703280236 -0.12118034251559162 -0.2846769973184714
v 0.02985480145716029 -0.10638332717435625 -0.3335678787431596
v 0.025571358725923653 -0.0909097163094641 -0.28971245187198175
v 0.035046492664592054 -0.09221524430405527 -0.3447323961446062
v 0.07520317188663873 -0.09671730887679099 -0.36742491539610506
v -0.13088820078372956 -0.16383081320699303 -0.2830673502446217
v 0.11558769786441363 -0.08832763096387328 -0.27186172319548746
v -0.0940513161271007 -0.15730485072605102 -0.27590707419679344
v 0.10845878750162423 -0.06800996461582003 -0.28407381693368106
v -0.062137977731828435 -0.13958782469974754 -0.2811440028417301
v -0.07573034011003194 -0.14438974179750327 -0.2805638803006533
v 0.07573267765960773 -0.08895924580672494 -0.3331941552951615
v -0.06107442532746584 -0.11616454351719095 -0.3215536389462316
v 0.0047101236846691374 -0.10431062412872329 -0.3612274198741723
v -0.09086499990564349 -0.1602977078383718 -0.28753812001360524
v -0.011005933398992866 -0.1222120645640193 -0.28254625820792734
v -0.06711333080660495 -0.1444973647870892 -0.2688740400368729
v 0.050522179136200746 -0.0918723313283728 -0.3560129516230724
v -0.004969942968525869 -0.09162441838812596 -0.3538407715233022
v 0.08803757615708444 -0.10563694283243008 -0.3668872933828226
v -0.03849048896679423 -0.11074853803742361 -0.3208293425989765
v -0.08593095423227179 -0.1429806571112605 -0.28551709141043413
v -0.050213561799893384 -0.13865544252875023 -0.2707143385377883
v 0.07140153288909927 -0.08899325961993754 -0.27909089471019827
v 0.2198789297351262 -0.029741545805501916 -0.21406142149023943
v -0.029565359340421753 -0.0868188046843125 -0.3460082922318904
v 0.15923549328578723 -0.09328956195604964 -0.26136069308576004
v 0.016941153494954793 -0.10373608462692734 -0.2816794580052431
v 0.09865075328361288 -0.05537300708129742 -0.26063444986594664
v 0.11756329895142498 -0.08002065866011035 -0.2529063346677571
v 0.0703881083341992 -0.10406458325013668 -0.3303008962265592
v 0.026617812857815292 -0.10200283757027753 -0.3587620714531473
v 0.23479462646267893 -0.06766010435506464 -0.19621722763755772
v 0.0009173182846381384 -0.07667562440789308 -0.39478956116304237
v 0.027513501967687364 -0.08287846179537112 -0.36478879741933945
v 0.03477665640859652 -0.06224057450803638 -0.39050775433953816
v 0.09375730952339724 -0.10864892843460575 -0.3688826836086949
v 0.03123648544332579 -0.08146438673038367 -0.2903569523222129
v 0.059849774196987435 -0.08069523649022643 -0.3361527784983208
v 0.07176446074772082 -0.08157110541443673 -0.3384161536000453
v -0.069781937016653 -0.14378319599362702 -0.29505055849484907
v 0.008484834906170372 -0.10867227710835786 -0.3420353794250046
v 0.12469583045817231 -0.08945910747040414 -0.2510718122894601
v -0.04002544526715672 -0.09164045405949442 -0.34099633955115155
v -0.09905367711720763 -0.143277475579511 -0.2611580993463671
v -0.028236850295648812 -0.09212593496298511 -0.3421747076564442
v 0.11200788792285782 -0.0701671135405783 -0.24206437461111474
v 0.05549137614190601 -0.09345655384321887 -0.29020523486268923
v 0.03538587713249452 -0.08305949571621415 -0.31523076633603264
v 0.04690476682539156 -0.08262180203802373 -0.32405261952085285
v 0.007372225010906076 -0.09491647877976918 -0.3415502108029336
v 0.20908967071322432 -0.03984226880446006 -0.22763540330299306
v 0.0196697476114665 -0.11134598574789209 -0.3394071455644414
v 0.05562772759228437 -0.08202157591166472 -0.3249104673907303
v 0.020378726487122505 -0.0776571472075259 -0.38667042500567306
v 0.1550402124475565 -0.0715414219851751 -0.2516628315831483
v 0.02576204193059388 -0.0885446795386798 -0.38029745863886055
v -0.07107359964777328 -0.14175879837937638 -0.283539976893727
v 0.03319916859308316 -0.10724258390632689 -0.3453745406863194
v 0.047526022235650396 -0.09106994451196986 -0.2854338800873661
v -0.04860303810490893 -0.12602734390878387 -0.3190264880909847
v -0.029204087613177648 -0.14203360711125598 -0.335689967940809
v 0.0015043502281842445 -0.10248936647757652 -0.33999522038526425
v 0.03724521173763906 -0.07968271095058307 -0.31288139075114507
v -0.08858984850547112 -0.1375553097666006 -0.2811843752873715
v 0.08218350878563106 -0.09275581385387353 -0.3474356220994642
v 0.12184612810439498 -0.05953502982485226 -0.2353282625496589
v 0.021659194244882808 -0.10157221160319865 -0.31125040331262394
v -0.03383258304189557 -0.13103277854850476 -0.33382037121048946
v 0.12908216208443646 -0.07238561308748721 -0.251457902529986
v 0.04348454669699684 -0.0720114180479655 -0.3180856126576803
v -0.015110473455774355 -0.12676699591945845 -0.2900062801649903
v -0.03638960380427197 -0.13745081721255026 -0.2951672092354193
v 0.034412801504240975 -0.09300226636395083 -0.3263792689269503
v 0.2014549680617905 -0.07433222614945485 -0.2113878338249573
v -0.10442309110660143 -0.1751770754517901 -0.2853406270814013
v 0.07384385078195692 -0.09280281163511961 -0.33220401813087835
v -0.1008516108421718 -0.1331039646060097 -0.253040530821693
v 0.08162061134827256 -0.09918980850762313 -0.3453062343095386
v -0.10376349686127198 -0.1697797082293797 -0.28019043326455473
v -0.07860717271696535 -0.1320078246095831 -0.2690764313201487
v -0.04846826544976073 -0.13333278622651898 -0.2879781431556433
v 0.20057191549550415 -0.07206002964593032 -0.21237093684835837
v -0.10091501954116351 -0.14404875470822223 -0.2656387273166495
v 0.0728040465943513 -0.10709927654345107 -0.3625466001038547
v 0.042545252168856684 -0.07966765814463606 -0.26081990163141827
v -0.03343402613872344 -0.09109775929160731 -0.3350978043510329
v -0.05850270816460312 -0.12451284677188429 -0.30048495038200235
v 0.20708426478314984 -0.0426688546720844 -0.22740450634222792
v 0.1759670323957508 -0.06381841701730052 -0.2555982235136555
v 0.28342562633013807 -0.07936083844634112 -0.19196434781892383
v -0.039532004406089824 -0.13481371902163167 -0.34014580551948986
v 0.004123954493811264 -0.08476893822042839 -0.37763324103781853
v -0.07038880624956827 -0.14254680170067438 -0.3019343065079649
v 0.08884866877710186 -0.10597059341429405 -0.35825723331489107
v -0.060681250723113825 -0.13075652225288814 -0.2961364120668301
v 0.0006739750130805777 -0.10360502293840106 -0.3116817218507347
v -0.05321697960995194 -0.1294588687291148 -0.3004828945870878
v -0.052688807306743836 -0.14750746855118269 -0.26738203400694766
v 0.009306718591752545 -0.10908284629115729 -0.32834084751082643
v 0.019243749629082246 -0.0847663611413017 -0.38940100998608346
v 0.014670025764289036 -0.10261144777331759 -0.2966411722524675
v -0.06691863088954368 -0.13439019184753323 -0.3199051169392456
v 0.06027406298621615 -0.11387395732872493 -0.3507863461873509
v -0.04481629559166704 -0.0983749963360405 -0.3503374751760531
v 0.0025341232823512757 -0.10966868574304456 -0.34467711793867933
v 0.11503243498379624 -0.05213138337327498 -0.2531282075171501
v -0.06184532900388513 -0.12875006122534458 -0.31970529710869583
v 0.13542273254287973 -0.10351669219490592 -0.25419194438103343
v -0.06263468478624862 -0.14442526206501305 -0.29966762372795464
v -0.0014882437672386326 -0.09459720221330194 -0.3420986626283426
v -0.0898229525384256 -0.16089541111248312 -0.28148490285668015
v -0.08127027698283301 -0.1394792378705002 -0.2803257370590872
v 0.010031302325912242 -0.10429656989428975 -0.33377047748579225
v 0.07597655375283344 -0.08906848986007852 -0.2849809918732758
v 0.09077592344711771 -0.09033221020000985 -0.29431034616038587
v -0.052927914436440064 -0.12296325589793329 -0.34484694468325267
v 0.033739605288447015 -0.08107483939975936 -0.30238523803362705
v -0.0022675529204848046 -0.10689618224539635 -0.29664179552054254
v 0.21298548677870216 -0.02930486724899853 -0.22309331729167517
v 0.22742106876456886 -0.02580335481937926 -0.21656414762555184
v 0.07871677433433044 -0.09348827551292425 -0.3351869594131526
v 0.31770545167447867 -0.10296483694648698 -0.18079136310450156
v 0.226514200663138 -0.03560972081324852 -0.2082679646220973
v -0.12021702281939006 -0.17818278474004484 -0.2885497563509697
v 0.02385386929261354 -0.10634947499817501 -0.3254987945011145
v 0.05334667520304729 -0.08731426938171018 -0.30989313260652496
v 0.12436867297439079 -0.06171376181735589 -0.2616396186693767
v -0.055067640858968925 -0.09580330043619355 -0.3239903851220478
v 0.04640090382322419 -0.07614145794098384 -0.307327345722713
v -0.062993137388335 -0.10635706713462723 -0.32945910183158034
v 0.18255086915602445 -0.05792676438606566 -0.2390686612565568
v 0.034895485913851915 -0.09325476265050188 -0.31541748674028275
v -0.10710909182945569 -0.12862640702284422 -0.27528632961759586
v 0.007700642292318335 -0.09375066879520441 -0.3525923758262501
v 0.056175237437653694 -0.0853345349678599 -0.32853244265740533
v 0.0942855030158124 -0.07894219272505916 -0.25108670947252054
v 0.0691543221285927 -0.086470243260354 -0.32904539375989605
v 0.028786791135083315 -0.08759956668893426 -0.2957110427681532
v 0.05132104913143571 -0.11515113610774097 -0.35562419517640476
v 0.28976850144370603 -0.09458725368314447 -0.18650985160963962
v 0.03630392293604269 -0.11061091956456458 -0.321460056806015
v 0.009493726230393169 -0.09624169843971483 -0.3294962819397316
v -0.043979120500558695 -0.09073243009095602 -0.3356196439082647
v 0.07700106553996701 -0.10693442947782446 -0.35248197293393085
v 0.04900888878579527 -0.0895961371349249 -0.35043241522168866
v 0.03782645661084591 -0.10960654984478184 -0.35098677615116697
v 0.24514467682968233 -0.04312455678105927 -0.21069798352674143
v 0.04538121956480556 -0.10960452753666074 -0.3542514698453833
v 0.02548525879822109 -0.06617011380381513 -0.38946440482956096
v 0.16001196891955044 -0.06649733765201445 -0.2734260365232203
v 0.03388412941788061 -0.10426423804973722 -0.345733041488131
v 0.2774931673945021 -0.0674377595556965 -0.19842015197769133
v 0.020685397358167944 -0.06663149669505562 -0.40694071585090313
v -0.09754458199463091 -0.11512230945582799 -0.2749279988395962
v -0.019901344682291 -0.13327332619141477 -0.34685826267339814
v -0.05592151320496447 -0.1221858611418192 -0.3128673329047752
v 0.12486759932073171 -0.07791642094324192 -0.23775633779939032
v 0.15609280068688922 -0.05965393706430121 -0.25516497990351744
v 0.07154857526152698 -0.10015166580691326 -0.33075711834107446
v 0.004384550509777946 -0.1051679231458077 -0.33533062599170477
v 0.006998797116504261 -0.11032999979268318 -0.339770127522662
v 0.06008262704749943 -0.09692042512836242 -0.3380102823025705
v 0.02152816131236161 -0.09012733774102698 -0.34759099247203806
v 0.032018956303848184 -0.09630690864558825 -0.3538230471339573
v -0.03781421529198496 -0.1306738024742084 -0.2898658631732946
v 0.2200545899071501 -0.06959536010432353 -0.1929094465281085
v 0.2491953286508068 -0.06953159263318066 -0.19405828407260442
v 0.08179001553155056 -0.07516275477637686 -0.3630987024682261
v 0.08121636554886673 -0.08587221967933321 -0.35390545183143496
v -0.056078718860118684 -0.10809515215846224 -0.32150137577968624
v 0.08788052499082367 -0.08323564100768054 -0.28092997368590067
v 0.0329172787779649 -0.09503480740338889 -0.3625843232165546
v 0.035664853461398076 -0.10632583515003242 -0.3230607443469205
v 0.06196110903888628 -0.07949157293137178 -0.3271006824663323
v 0.024051381261378624 -0.06317518455484591 -0.3877180372348903
v -0.11899049463182211 -0.17823315915538776 -0.28910303271731275
v 0.018087233934107008 -0.1019775466064175 -0.2844320005468564
v 0.02352352079025522 -0.10495314191711584 -0.338524097322085
v 0.1541876928622365 -0.09131037996070183 -0.2630569982181108
v -0.034253348132511165 -0.12207481951262811 -0.3031748100916119
v 0.1282394190774196 -0.07563950393285399 -0.24581545772500332
v 0.1359514009926989 -0.09460294394057257 -0.2533667864284062
v 0.020095173216686326 -0.06694263867968685 -0.38288123676566377
v 0.08573195702075077 -0.08571801044066789 -0.2981046504570294
v 0.04993782362376883 -0.1035573429916006 -0.3350814865294726
v 0.21494783800288733 -0.029844627812833792 -0.22566335534972365
v 0.20448573206298382 -0.046463577076186126 -0.21688273364399874
v 0.037933906709324686 -0.11350045153966748 -0.3529554968946641
v 0.3184233297946129 -0.0993497414209222 -0.18083338665278054
v 0.1780436784378308 -0.06764356310007917 -0.24896275228932582
v 0.07988648864691052 -0.10422600567485389 -0.36646777300407446
v 0.06255479185946128 -0.11171706858594246 -0.3547714161683351
v -0.098580387276966 -0.14612581749255077 -0.26690961983589395
v -0.0058342084308982455 -0.10453264964291849 -0.3100996011516959
v 0.14156385419622003 -0.07111532467160066 -0.25458157728658365
v 0.021604614941404487 -0.11304814113190934 -0.3527002547944307
v 0.22545987080978133 -0.0764884761059512 -0.19783636405937266
v -0.11289323255913548 -0.17191272691598314 -0.27753224413475125
v 0.0653324818463416 -0.07801002801722123 -0.36565282133597277
v -0.10453435324920138 -0.12228671377792823 -0.270909816566422
v -0.10069235450239214 -0.13255410001786758 -0.2790458071467538
v -0.04611346208095733 -0.13430409715424932 -0.28904935798484155
v 0.045703476004613344 -0.07224977486804741 -0.3839287457615219
v 0.13219730692890316 -0.0718812733052103 -0.251340002093262
v 0.039375527043717884 -0.10207861399359576 -0.33151335108296953
v -0.08235854786661455 -0.129684063189488 -0.27445129112915523
v -0.029075258746520238 -0.1152000118604632 -0.29862659059728375
v 0.030997031493776514 -0.10360840614747699 -0.306201348463812
v -0.017176018692196378 -0.08943167690471003 -0.331396821068615
v 0.0031255036808868547 -0.08143616116899695 -0.38836643801901594
v -0.07351957962061274 -0.13857485131877642 -0.28176317479268664
v -0.009204849875067606 -0.09627349684197668 -0.33504846290189105
v 0.26776543573301065 -0.07818973109444285 -0.19590058266358726
v 0.010726717774622037 -0.11015625721072676 -0.3379013737566359
v 0.032189612632299684 -0.10858427379361456 -0.33084631286732064
v 0.05878177169608206 -0.07230593444184033 -0.2973203300550309
v -0.0030683150217701233 -0.10301015258612556 -0.33015312511440076
v 0.12323866484038862 -0.09594826998737785 -0.24565762491170776
v -0.045606605312258734 -0.10760805800081712 -0.32139307799907074
v -0.06775792813934095 -0.11437494551648084 -0.32156672022947524
v 0.12209099344580555 -0.09692063522018922 -0.24815099495511628
v 0.03888393564455621 -0.08792234290072455 -0.3574435972001302
v 0.08334837298741131 -0.10671580073648222 -0.3430145717153232
v 0.13929780734675004 -0.06187822887938023 -0.2606855483923335
v -0.12219614276658064 -0.15320928536148476 -0.2762607549449663
v 0.21236971254971715 -0.049225630857132725 -0.20625040257285873
v 0.033839303888365785 -0.1045281886093953 -0.3358993628925288
v 0.3113423250134586 -0.09285527524554389 -0.18352165745639115
v 0.2408978858073263 -0.05452946056579537 -0.20037430330308398
v 0.2849285157183141 -0.08923490278568001 -0.19030864380585594
v 0.08704301376626385 -0.053837838690085425 -0.25437597280704244
v 0.011495189058070001 -0.10630533175842163 -0.3348234806700517
v -0.07521896552385691 -0.12903289277649238 -0.31418396038791346
v -0.06910617371205086 -0.14159283616958473 -0.2725379215489685
v 0.0500547034203548 -0.0952274094612828 -0.33731440395057793
v -0.08833412619392315 -0.14303261699837772 -0.27480957463448474
v -0.047770561863799396 -0.11064856917227894 -0.3181951288438894
v 0.043120631625331286 -0.06939591108089876 -0.3063641298203647
v 0.0005188212185789198 -0.10516760767911781 -0.31464990552957306
v 0.05060967884619685 -0.09045965647913955 -0.3742591177477642
v 0.08125112732690076 -0.07741028524688515 -0.3576627410433169
v 0.22988600810528625 -0.06738281579199927 -0.20287275681948677
v -0.09153825818318664 -0.13981428267831666 -0.28093118381177956
v -0.0959346478330746 -0.13412882016483915 -0.28934309975815947
v 0.034493852863806934 -0.07773878563487978 -0.309487100320347
v -0.08924957272086818 -0.14776933676845333 -0.2783602787092268
v 0.0026917824664584758 -0.0961145761658879 -0.33476611755054925
v -0.012288513586934478 -0.09176212544206817 -0.33100926235231076
v -0.044894703652495135 -0.09482395307183196 -0.34517192435987826
v -0.021061825650210413 -0.11590663728954019 -0.35795731220687677
v 0.025250570827857748 -0.11196219590102806 -0.35357089196270775
v 0.026238462646674936 -0.06518268395766384 -0.39601521127628375
v 0.10614273779769805 -0.06263588604116453 -0.2521650317935472
v 0.15242197926985937 -0.08503351614687338 -0.26123020802078484
v 0.17113406364918216 -0.06505486583999455 -0.26281448435303806
v 0.02645193103284929 -0.08525096785020803 -0.36049948771127754
v -0.056850889355579866 -0.10680425698277723 -0.32346142212198176
v -0.010346652674505512 -0.1277751252853495 -0.31883795086594285
v -0.06860794940341626 -0.12451529281468512 -0.2812192037084424
v -0.07841213492462512 -0.11068258557419368 -0.32651927005226244
v -0.0058275628155378175 -0.10403479486192878 -0.31459674241120344
v 0.03271431039551966 -0.08154426036979788 -0.35090157544464606
v 0.07521197776838673 -0.09657635032595308 -0.33950421892438226
v 0.09990125913454123 -0.06869931248871083 -0.25614565904824904
v 0.03739022404349316 -0.09626204335290496 -0.27776301956784155
v 0.01061554933538202 -0.11068843118384042 -0.28387946889196036
v -0.09011640817068567 -0.154928001830253 -0.2882911759124769
v 0.06879950871835885 -0.08239389049406678 -0.2683344170116853
v 0.01261676051467162 -0.1059050349383459 -0.3338592173875519
v 0.07263612288810746 -0.1186181866585161 -0.3556929489441684
v 0.07462698216116107 -0.07873179264526586 -0.33947634662443316
v 0.11572533751369754 -0.04754208885133336 -0.22896761503513768
v 0.056933323276891025 -0.117809912555388 -0.3596533387583731
v 0.02844188478926268 -0.09983742028300645 -0.3564958214583693
v -0.016564432812824197 -0.12822389035503956 -0.2997760842226265
v 0.14403473207985795 -0.06217728577784594 -0.24722890255434063
v -0.06535703381305968 -0.1373234926775476 -0.2780714262007298
v -0.05932414496333913 -0.10463792516303085 -0.3225622705908304
v 0.05053671136087723 -0.10319730513750482 -0.33445258321290744
v 0.13407191472487043 -0.07427786751975218 -0.2567112055762377
v 0.08791549275317359 -0.08629114687865841 -0.28865378336021374
v -0.06642818622431693 -0.13776650420360842 -0.3068532381558401
v -0.13161749252541316 -0.17553520154990598 -0.290570531775088
v -0.09377130714394971 -0.14090891478076195 -0.2689221073270786
v 0.1021017557875126 -0.05028566921848097 -0.23006785440479888
v -0.006592948315139553 -0.10882385002753711 -0.32078943818347566
v 0.1703765465442814 -0.06422566826743527 -0.25893054378554864
v -0.05011214047751503 -0.138241506374599 -0.2832861494273971
v 0.19808618225528413 -0.05666485611646728 -0.25216205166027766
v 0.010722000169031798 -0.10847984476798869 -0.33469438621753994
v -0.025267694264605414 -0.12258814719092592 -0.3564120323870396
v 0.16784046590361276 -0.06809373435978358 -0.2572967186854835
v -0.0814197683836156 -0.1512781550390086 -0.28255390791658735
v -0.013061314000601074 -0.11387280646503925 -0.30973076486610795
v 0.026576174270257633 -0.10668738333803063 -0.33471958299039417
v 0.1791462217802225 -0.06547774571165518 -0.25638134001009083
v 0.11455263353058034 -0.06094704407589401 -0.24682660248503188
v 0.020695855409580743 -0.10524243671831525 -0.32256220483410364
v 0.10598831342087033 -0.05780179137841026 -0.269107934693772
v 0.0839343879783929 -0.11106720944949411 -0.35796118357700607
v 0.07971898931054897 -0.10100677536644903 -0.3503022575963782
v -0.012995160980552964 -0.07920591184386742 -0.3874118440021422
v -0.0684710087118693 -0.14049502472359454 -0.2902820524010557
v 0.22156292625902477 -0.03448829159362366 -0.2125956601367557
v -0.005573812851329865 -0.10260418430563083 -0.332729091430145
v 0.07596848801186308 -0.10050114245593987 -0.3714791226650405
v -0.06397809553215726 -0.1016959045877961 -0.34412887021641997
v -0.019981525775637225 -0.11332384329218649 -0.3115597171060744
v 0.1463257752803845 -0.07281602515213081 -0.259651603499194
v -0.03882749212725589 -0.13189072970098434 -0.3262771019681541
v 0.06674305395255453 -0.08529862123543644 -0.29126813146982183
v -0.0008306492961203237 -0.09610622029487603 -0.3346457792127302
v -0.07097516813693568 -0.12265287675308086 -0.2771522796320889
v 0.20263260123892593 -0.05565007873196872 -0.2224283877990699
v 0.03572730453862881 -0.07108055564364428 -0.3010392216333962
v -0.12775153755927082 -0.1595196951232035 -0.27828398062958565
v -0.05138657088957568 -0.1450421103592023 -0.2687741317706126
v 0.06088019832490005 -0.08605907602586546 -0.34422068607351264
v 0.1659454058813236 -0.07662416493781073 -0.26380173372897586
v 0.02481647551945388 -0.1060165689768739 -0.34583349694981674
v -0.0005803245219485546 -0.1093266364475785 -0.332620199433051
v 0.05918085982477734 -0.09276370010645779 -0.33773385494703184
v 0.08058445113776211 -0.0851735349416738 -0.34401791813331667
v 0.09518396023414041 -0.11634617335877151 -0.3557414997197632
v 0.12383907286609278 -0.09142995487224707 -0.2591333660684159
v 0.07554335677425336 -0.09152754815430857 -0.33697274252604464
v -0.04085605192990593 -0.08880440534271979 -0.34403871133790614
v 0.02971343138920438 -0.08002789766336882 -0.3706533873487267
v 0.028756307958601447 -0.07789758255254345 -0.3629048613413189
v -0.010438179817944142 -0.13525855920250054 -0.3339388460584242
v 0.03896441208667114 -0.10577621343459091 -0.3555231866487194
v 0.03156665790700668 -0.07895013271944921 -0.3756210940539785
v -0.008147311493233656 -0.10291572473220832 -0.3363329275396186
v 0.33064964451085666 -0.10924745248062341 -0.17214912964240825
v 0.11465050001394796 -0.07207112662208706 -0.2796340434543198
v 0.04616175172807915 -0.08826425650684318 -0.29772891662486056
v 0.024745416913573934 -0.1029969994896954 -0.335777209456345
v 0.0711901345788669 -0.08150482625888701 -0.33165976295805594
v 0.025924324808882165 -0.0718390271366674 -0.36816192400297265
v -0.09186423546575787 -0.14425952009301776 -0.2684464271019232
v 0.027789502681023072 -0.06307681104918221 -0.39198872983469046
v 0.06566135956437144 -0.090426014532582 -0.30541590450151496
v -0.057624945592188864 -0.09486701627901024 -0.32938474817224683
v 0.028038185820201005 -0.08126855600702185 -0.29626114844375584
v 0.03179503675093464 -0.07485211329004345 -0.311456598261666
v 0.07766384427899277 -0.06656585873339559 -0.36209078220212876
v 0.02891433489202303 -0.10707588928518981 -0.3627733868765676
v -0.05838202989824859 -0.1342429999384182 -0.3101322303763679
v 0.034051805460052105 -0.08101311724637873 -0.35607227841325434
v 0.2038913859518576 -0.04323332553082321 -0.2334222577988294
v 0.03234380737142978 -0.09831107285455577 -0.34023085470274417
v -0.013376714792902367 -0.13601545826280903 -0.3405833020747282
v 0.0342667564465469 -0.10514075639696686 -0.32458176467724315
v 0.11145334084959846 -0.05076756942333006 -0.2534147067187787
v -0.046521797047680884 -0.13272280382420057 -0.2904292848500338
v 0.09307368283018973 -0.09505884110512497 -0.3539864910759965
v -0.1236021912657016 -0.1750612679485064 -0.2853935324642861
v 0.04300859168224072 -0.10682481855489541 -0.3302191053574649
v -0.0741356731144676 -0.1236689070426958 -0.3159530953027203
v -0.0944192001131417 -0.14412128520696796 -0.260903478898122
v -0.07300010501718611 -0.14240843494683153 -0.28240999319370313
v 0.056147078186915056 -0.07195446016835105 -0.25551562941673334
v 0.03071948814841775 -0.0931891439397933 -0.36114209567046757
v 0.30640411535884216 -0.0888834588573487 -0.18274319404187664
v -0.09318279927170375 -0.1386119085426497 -0.282013415661289
v 0.053008224810440825 -0.09497452603151882 -0.3371699791013565
v 0.029537196625992013 -0.09707638438826807 -0.3032936681242853
v 0.10838674397254044 -0.07470224627433211 -0.2755757087210028
v 0.07749318223641391 -0.058098820121399504 -0.2524837572780275
v 0.03497748893005543 -0.10548359802031398 -0.3508032303398917
v -0.0779707866954583 -0.13896894166201348 -0.27164066735263825
v 0.14771037847767837 -0.07564660076396464 -0.2629783408287916
v 0.15012446165906854 -0.064166313816219 -0.25784257117450776
v 0.016372677690440113 -0.09486884397050094 -0.3481084303140058
v -0.08022154159669277 -0.14071889047959435 -0.28426727547257635
v 0.07734774405832136 -0.0888406748312371 -0.34563060276332896
v 0.012724880709405247 -0.10967225495830023 -0.3469833601361622
v -0.08910570222625488 -0.1301180447622644 -0.2661388771762471
v 0.05323178573051075 -0.07961335714714801 -0.33134700636226866
v 0.08542472231944094 -0.10709714374445772 -0.3595253585774768
v 0.04089176925127448 -0.07256446322167852 -0.31802039293151824
v 0.18696138199113285 -0.057773767634706444 -0.25751836445681336
v 0.03046505977503731 -0.0831661701064027 -0.3538795336177038
v 0.1818787611603178 -0.05844682518699226 -0.2502882505396877
v 0.11867903059157492 -0.10329756222352689 -0.24681452794334272
v 0.09804130560383068 -0.055705641597038405 -0.25539626968019674
v 0.03572043864933235 -0.10518297363947558 -0.3293014748534908
v 0.06175957827313928 -0.11005942458808761 -0.366526515712867
v 0.06207844238670342 -0.11243020322330016 -0.36424208928848595
v 0.08763195487123564 -0.1019930820144631 -0.35121749769572597
v 0.002681587647920528 -0.1022216310566243 -0.3309132409462134
v -0.02586369252822644 -0.1341097595807857 -0.33914836711505736
v 0.09361254070188461 -0.07504141426260721 -0.2739259687581316
v -0.08506842444632845 -0.14350855500510748 -0.2731202316163362
v -0.09369169475746587 -0.15747344519181325 -0.2837345924446553
v 0.018582240500721735 -0.10346478502450014 -0.33509949919090515
v 0.08574939700802477 -0.09279019222322353 -0.3655623845885526
v -0.03239399691048504 -0.08928853782730486 -0.34618922840923155
v -0.0011084650098524909 -0.11102116650926752 -0.30820196656415905
v 0.02645695583709244 -0.06577992362029292 -0.3958384451002944
v 0.08077493011702273 -0.10105047713611678 -0.370639728781182
v -0.131639264497224 -0.17168948351049723 -0.29152705565306697
v -0.059245528301789675 -0.14578773309815513 -0.26370477710904144
v 0.3289381927511812 -0.10736008945223696 -0.1752396222148132
v 0.037615832006562225 -0.09565103504569221 -0.3304399088555686
v -0.10051396278592364 -0.12031060769919524 -0.26610582853464787
v 0.08401042326938267 -0.06907169452789551 -0.27052851049239607
v -0.08957727395569538 -0.13939064830482883 -0.2705689516724606
v -0.03644238081913415 -0.09581935549451101 -0.34335644486517375
v 0.02333855512530572 -0.06572086960308551 -0.38734533926094306
v -0.08727485396421536 -0.14134162771660602 -0.2776443093791936
v 0.15393843631015283 -0.08224949367145702 -0.25797658029089787
v 0.03624277780820515 -0.08993789016713587 -0.2875734210936478
v -0.06499511721073487 -0.1394816234671526 -0.27508290932667356
v -0.12767628899053943 -0.17093723357628193 -0.2884433665626558
v 0.06014641792621933 -0.11340065633691686 -0.3651264287398299
v 0.08000315646892568 -0.10250350167915617 -0.3378825574950075
v -0.11108298663267757 -0.13136649591588603 -0.2734375691536668
v -0.08776232244553532 -0.1408976185245369 -0.2800605982487173
v -0.031728117778499126 -0.08944639779244878 -0.35211822525841735
v -0.05306073552608935 -0.1280238560460933 -0.29440899742118093
v 0.06661408056590681 -0.09693960329838068 -0.32984213657042677
v -0.05925423760462107 -0.14364989907993347 -0.26518704996309295
v 0.0333519993911326 -0.10604135827888521 -0.33343936742166724
v 0.034403851046177575 -0.0948413472940621 -0.3091292276994086
v 0.07734656519503624 -0.07364410308305344 -0.278048790711622
v 0.05012931550848273 -0.07809405437112325 -0.3070040706068145
v 0.037434293795726534 -0.07695541300971483 -0.3214891797312409
v 0.2212074259427277 -0.032791681619889684 -0.21697151635824727
v 0.013371829024970583 -0.07594379333493134 -0.3811839329333206
v -0.025629121557705473 -0.09111702982789896 -0.33049907523751443
v 0.29986560566132975 -0.07897616936216673 -0.1938402087068721
v 0.06153495940287034 -0.06645766245016752 -0.2532222690293964
v 0.16509011419933517 -0.06859713367687899 -0.26798201573560715
v 0.07697746772744817 -0.10015240686897796 -0.3354387303645835
v 0.017575441283318064 -0.10539643655886928 -0.29168002384727426
v 0.15281166295084522 -0.07187807113249965 -0.24944646276539095
v 0.3013519937281187 -0.09309458122942146 -0.18120427466820713
v 0.037391704972930664 -0.09574401348628564 -0.32902655216754034
v 0.07952475299713682 -0.09284330111181728 -0.33879942763254156
v 0.04035612711869536 -0.08636171806448051 -0.34564442259872136
v 0.03692254792011169 -0.08890724905990488 -0.3714301308701846
v 0.061980267098155295 -0.10168439383373613 -0.3713305788723513
v -0.0008757411723533635 -0.11009425833033744 -0.3417699602677993
v 0.03167527245577991 -0.08237871466190613 -0.3517514926245095
v 0.03655217959275446 -0.08373767017291633 -0.36688240761638297
v -0.08203495209706192 -0.14339694069022918 -0.2802232218117393
v -0.056255503306689665 -0.13862998278637795 -0.27461776555345835
v 0.17754007098335758 -0.06297685877937195 -0.26174517138813774
v -0.08468322002860684 -0.15508328698726093 -0.28499052178598155
v 0.10859313777889824 -0.08680590461748236 -0.24284596381136492
v 0.10619397586432706 -0.05071104832483172 -0.2554918726164293
v -0.03540662998991944 -0.13049997735259336 -0.3023819808244035
v -0.07320903821774669 -0.12315044582747897 -0.3170818225094022
v -0.0673858036959596 -0.12461200047857773 -0.32450361975343206
v 0.0037392589608699245 -0.07502652576932221 -0.4023060512461978
v 0.0844907819632472 -0.06810395403629378 -0.2687086561906782
v 0.02174606917183804 -0.10445619991960063 -0.336501215293649
v 0.05321095126803209 -0.08821503526187692 -0.3740129773054038
v 0.08870297258935611 -0.09946240591978996 -0.35252606539044684
v 0.06448627089453664 -0.1136912326820458 -0.3409592665598294
v -0.06548763596033412 -0.12439275402189781 -0.3250389150894673
v -0.09097143967376885 -0.1378305668262057 -0.28955330634435544
v 0.23673106779394812 -0.04757286950432734 -0.208935054141182
v -0.06809591250753727 -0.1228074666106806 -0.2750712998780627
v -0.05207163576397998 -0.14065408719642608 -0.2717284137902139
v 0.01884579924516233 -0.11051311211210774 -0.34318639371080306
v -0.07270703848536018 -0.1413314852611999 -0.30765862472918437
v -0.0861512648365363 -0.1420013717816138 -0.2730641114071272
v 0.030000522073855857 -0.1079803500775438 -0.34627528214506126
v -0.05391950581233039 -0.13263287462371 -0.290564935846031
v 0.08870740359843661 -0.11102585979048804 -0.36208746287539556
v 0.1605373679036602 -0.07225326941554927 -0.27073841821733097
v 0.021779635497051975 -0.10553616757804495 -0.33567630128740317
v 0.02156406850408782 -0.11106388145281093 -0.3485955078873644
v -0.07050002489708536 -0.14006271119468056 -0.2818896756945152
v -0.05061376017583918 -0.10172458946922928 -0.36356659192841195
v 0.03790348563441079 -0.09724968532944159 -0.33907039008101264
v -0.12451360994904424 -0.18111000880652617 -0.2889620813961025
v 0.17192757284637541 -0.06635634325325508 -0.26999918208684515
v 0.10639221906951936 -0.057139538082508205 -0.25324985028624336
v 0.01253451111071996 -0.10108129261529461 -0.33477590202334767
v 0.1014285645472789 -0.08661811736477926 -0.29225247639044233
v 0.24485278978614747 -0.053574457015945445 -0.20097015306108942
v 0.011450757452352363 -0.10650791816948883 -0.2844482694398558
v 0.0031126940982395468 -0.10638607206164677 -0.3410905548181405
v 0.17253645635317755 -0.060956202278585926 -0.2605435816782552
v 0.010898911493182112 -0.07660626478356079 -0.40364091197266283
v 0.0206149645968114 -0.10495152246920467 -0.29214553056297743
v 0.019614542830143203 -0.10708597030213284 -0.3358583246192844
v 0.22034940610205137 -0.03792822286697098 -0.21338140448218915
v 0.029441088494425637 -0.10985878494540743 -0.3354947852380209
v 0.08502633425589667 -0.08071687392316447 -0.3596739576110663
v 0.004560523783125585 -0.09089987788857552 -0.34819193980681173
v -0.06595496115299994 -0.14026298607509854 -0.2830891001925743
v -0.004777446964941151 -0.10152204078417999 -0.3243589196004807
v -0.06918863315426722 -0.13019177764119738 -0.2829411992963291
v -0.04970089732743382 -0.14491448759958026 -0.2707444207565944
v -0.0602568250425481 -0.13250963676583258 -0.286868691766206
v 0.051882470624688155 -0.08141490849264253 -0.30974132212145017
v 0.015618067488908729 -0.094201930472344 -0.35769402735158434
v -0.1208376626094619 -0.1790971987396731 -0.28424613557746337
v -0.0944666159408007 -0.14592173687318366 -0.2712619819643108
v 0.07418057189753999 -0.11172314455095333 -0.3648417315010901
v 0.08145876531612456 -0.08202745495852543 -0.2713249058579083
v -0.10216057842134642 -0.13214427515974533 -0.2754854302346796
v 0.031329397519011065 -0.09143401373558765 -0.26580807250614424
v 0.3204991787791353 -0.10061514852540773 -0.1787336543975331
v 0.07490210958594089 -0.09215777662347768 -0.2886067254055162
v 0.03294787941911042 -0.10804866304213355 -0.3313738719085695
v -0.051511403755446654 -0.1383156966829929 -0.27456983298284077
v 0.2286954537089821 -0.05261552332098094 -0.20690378196012513
v -0.0693282876594083 -0.1337255459286073 -0.3206687133475448
v 0.03570899420801011 -0.08971430356968274 -0.29044648944187273
v 0.03338167916083198 -0.09985854444782957 -0.35267809441915754
v 0.06063398885874763 -0.09930575483228755 -0.3565746006790307
v 0.10997878883113174 -0.05702207328474687 -0.22856154174998555
v 0.03818008380643074 -0.08204773493694095 -0.3722738129982143
v -0.05405760438826209 -0.14909521662081818 -0.26747995005620884
v -0.06661889553548435 -0.12428198116866562 -0.2795119515741915
v -0.05957621361871844 -0.12513564450899456 -0.3227050714670571
v 0.05028538589307724 -0.07863199141154083 -0.3744315119179011
v 0.21059201483709494 -0.03914288589985988 -0.23232159734386817
v 0.074458249100884 -0.10269811545797482 -0.32960561976316405
v -0.05638850380552796 -0.09030918100792396 -0.3218735192493803
v 0.03363213458881099 -0.09381795527323074 -0.32760329528468973
v -0.08459733717003978 -0.14068953800325673 -0.2704990166775726
v 0.02269488422179655 -0.10005038461114564 -0.3292722257343492
v -0.06493566475690123 -0.14095603327507747 -0.272587439900404
v 0.07011190303380005 -0.0911361579807552 -0.330463433373335
v 0.06422078013282478 -0.11591977616768483 -0.3653424526650691
v -0.05191208856576487 -0.11484995626503848 -0.36146556439725847
v -0.08049262716146341 -0.11377858011626514 -0.33039306005709485
v -0.07540948943876846 -0.13965800595836037 -0.282405946287736
v 0.13431760210052762 -0.06591766615639212 -0.2721384731982552
v -0.10667849810921541 -0.15765433522673117 -0.2718191041425864
v 0.27388336349529746 -0.08716825762028782 -0.18833322855819942
v 0.06951459053941621 -0.09703379935474596 -0.3134806260515981
v 0.13965664717226312 -0.06177618068208057 -0.2550790855843852
v -0.01182497662797857 -0.08873805450621824 -0.3530133213311946
v -0.0680686237243096 -0.1241361100855925 -0.2827593197516381
v 0.1152934507877187 -0.06492441713787285 -0.24784511505891946
v -0.06938042853439592 -0.12878427917444749 -0.32467291056616127
v 0.03968252872857811 -0.10349029231729269 -0.3358277679835808
v 0.055310683814248016 -0.09365599809861752 -0.3384079320254756
v 0.15429446441974257 -0.07443411368976077 -0.26774091659709026
v -0.010129391832823003 -0.08904623937519758 -0.3284344572618874
v -0.006039970617905235 -0.11024074240979793 -0.31147046398986233
v -0.07524774397971752 -0.11097949471594545 -0.33997123286640263
v -0.03329925095602847 -0.10065399206357507 -0.3203760098854481
v -0.024421386736022316 -0.08342175313421356 -0.3680283532508873
v 0.0024853247344371714 -0.11275014385408802 -0.3617146749611899
v 0.022285186811055697 -0.07283996869204884 -0.3933328060204644
v 0.0414763728782547 -0.10123101396660564 -0.33246297019729765
v 0.0801240722646462 -0.09911647070690914 -0.35052823350873963
v 0.09539046582861828 -0.10987304638545078 -0.35764823231377907
v -0.07740888005285969 -0.1459538050829721 -0.28533875176115453
v -0.04577994932312972 -0.12929043242180754 -0.2955239155987195
v 0.3000937224395924 -0.08927039764687357 -0.1923594670732613
v 0.006362939233152262 -0.11043351909967257 -0.28237364731532616
v 0.032962027766085124 -0.08642928357124302 -0.35040996503761196
v 0.08321808331531097 -0.10170618332254854 -0.34821774039780495
v 0.016242223715893157 -0.07369181519150547 -0.40718607086760134
v 0.038422018082087464 -0.09028052250321397 -0.36974951962743535
v -0.06217865726780287 -0.11778003744102196 -0.3238131736183541
v 0.05772064660113894 -0.08830205377814448 -0.33817592020580556
v -0.03679273868720494 -0.09101926578214214 -0.33962980515770735
v -0.07336857255494404 -0.10976302085302603 -0.331520432050742
v 0.07277227891685067 -0.1031705676081505 -0.3124847229429871
v 0.08136204314328524 -0.11989063273481744 -0.3587773461158435
v 0.05640355614887154 -0.07643679354049836 -0.30580669317039505
v 0.02679041167622249 -0.1101860289308872 -0.32365148362387625
v 0.23175762463376073 -0.04668217869306627 -0.2045411359524934
v 0.10778795565743661 -0.06047958855260313 -0.26833026455183995
v 0.02321382123054814 -0.11067391218932401 -0.3339164249754363
v 0.06535308076479643 -0.09585128892008485 -0.29315666108225075
v 0.059188074207553544 -0.08133903453218265 -0.320839208303717
v 0.036544727251864556 -0.07828696693118957 -0.317581945750133
v 0.19098033034096884 -0.0536396476745601 -0.24268500851297817
v 0.025917116023202735 -0.10516063523191435 -0.34005462253408203
v 0.0002727430452566905 -0.10617477333143928 -0.33211875199595553
v 0.08944604091042849 -0.05403384368198497 -0.2356782771354383
v 0.06754978350726716 -0.08521504780217144 -0.3465425996021323
v -0.004481851441540803 -0.11605855883440279 -0.3286422928885765
v -0.10080646999840048 -0.13079543166683838 -0.26424115630249223
v 0.12987650618345753 -0.07831190767886502 -0.24963553603365804
v 0.05697144284935108 -0.07838285233606665 -0.3766252598512723
v -0.09283790875145721 -0.13349398342497795 -0.2693600611071651
v 0.10125866680004952 -0.06667043143563385 -0.27064908883799
v -0.08074503822788764 -0.1384129753641307 -0.2987228542572729
v -0.03863168043825704 -0.1324698570090973 -0.2884619301919717
v 0.2110184066774666 -0.0317012419713303 -0.22216713659973814
v -0.0665700153645062 -0.12122995996932123 -0.2791873818817348
v 0.1968175752935873 -0.05664481688212356 -0.23475367805912628
v 0.06170161283830179 -0.07887942202133218 -0.3307414405497342
v 0.02406782456901297 -0.09434827582241793 -0.28761122033831354
v 0.0016594618627734467 -0.09740163555250729 -0.3353947436704629
v 0.06972519521019661 -0.09221664434376678 -0.32845153926297466
v 0.16664850666434697 -0.072285389813315 -0.2593445463775244
v -0.07214629472333688 -0.13546887892791692 -0.3154595945939145
v -0.00031858041976266793 -0.09400680446689619 -0.34251775339422397
v 0.07903213329272411 -0.05783692715596264 -0.2471002935874005
v -0.007564970006550268 -0.11646654006936275 -0.2889488455962845
v 0.07050768175563653 -0.09966817511531688 -0.32102643963660654
v -0.09428033005678832 -0.15969344239544897 -0.27476819500238503
v -0.056241447681265 -0.13090188722462107 -0.2904160865880618
v 0.03136038662338485 -0.08883658872669073 -0.3042092453048293
v 0.2241198513973051 -0.02580810109767769 -0.2207713970681061
v 0.0053308262320725715 -0.1240541712027731 -0.32847423995196146
v 0.05140750343533631 -0.10961061987608763 -0.3558185498203687
v 0.05729066202391939 -0.07584728111941363 -0.2615815690298071
v 0.039192075526021435 -0.0994812123392136 -0.3276721758799802
v 0.10495053459618457 -0.062486274440225996 -0.27039061295689865
v 0.10534396283371888 -0.06089706678223553 -0.2294915078312965
v 0.0762638445245252 -0.08270831595160537 -0.34438879578696385
v 0.07573224268802803 -0.08124804493136038 -0.3412720289994199
v 0.019851927478143953 -0.07579872903961768 -0.37097114641767737
v 0.011969374788966414 -0.10502704697946545 -0.35404772912728233
v 0.008610042251461189 -0.10554195756646201 -0.3358576668560299
v 0.13107515726027089 -0.06287188924399797 -0.2382644196480853
v 0.0366683563921852 -0.11076516912552707 -0.3290746394532498
v 0.17521280574031606 -0.06607120066162929 -0.2492992168688479
v 0.04660043486479462 -0.09597636459130739 -0.36811192242293456
v -0.03603600270075817 -0.12458699741103589 -0.29478999933114497
v -0.0000832805942336725 -0.10214038637970042 -0.32352012408289965
v 0.03788626433799124 -0.08908256118273379 -0.295906041964872
v 0.021822913658387448 -0.1018392686754641 -0.3510264849907738
v -0.0951330634996631 -0.14502043882762333 -0.2642349659379118
v 0.03178411241213665 -0.10249814234707218 -0.35556306749466415
v -0.10665776045192184 -0.16214075757368623 -0.277935322304682
v 0.15234561373711658 -0.06890780327522068 -0.2637456566874111
v 0.25760216594684304 -0.08136455651856221 -0.19483960696445451
v 0.10466389724189548 -0.04797657514255059 -0.2551250629168555
v -0.1019199773700458 -0.13244516615350962 -0.25752418659341847
v 0.11174001594042808 -0.08661123627735631 -0.2866584182542408
v -0.02058033653732165 -0.09647455440090853 -0.3624694337801992
v -0.08373838977695575 -0.12442472036934285 -0.31592535505365216
v 0.034595983151275114 -0.10145968644060548 -0.3171056757347899
v 0.07028578562826582 -0.08139910165539448 -0.36939903589746453
v 0.035333315544506944 -0.09859349534845797 -0.3094374437242389
v -0.09630229670966434 -0.1373111854096479 -0.2688047330741034
v 0.11212171007926328 -0.060559773533351194 -0.270334834897781
v 0.02556681154396796 -0.08323137018835594 -0.3530709862587591
v 0.03774997710452407 -0.10251291391416335 -0.32852442749556465
v -0.0884003393638819 -0.14480308729664426 -0.27174412116268987
v -0.10900053835088973 -0.17795139839853738 -0.28525462303988963
v 0.006456586980028779 -0.09658428448185101 -0.33385252940943005
v 0.10687323002437207 -0.08268370559527531 -0.28921492484738903
v -0.05318147327155537 -0.10338490148252405 -0.3206268397763487
v 0.07369908803539955 -0.10026826240804117 -0.3438866708539287
v -0.030387559908668267 -0.13005687106043354 -0.35023858116476686
v 0.09664217940994412 -0.11095220655213836 -0.35694831310112857
v 0.04129160253346919 -0.09964754627341023 -0.334487341739465
v -0.048878923061194804 -0.12728949480183202 -0.3099056100546386
v -0.11163435728570698 -0.1702603425375318 -0.28611725919531217
v -0.06654995466127629 -0.11081648253685028 -0.32055883927806755
v 0.3173248268916206 -0.10462822414466638 -0.17982622725862646
v -0.09281635214837793 -0.13149526569493478 -0.29944735757973423
v -0.07762587301451315 -0.14102216372699078 -0.2692831965427201
v 0.012628681703748295 -0.11647355953048585 -0.3215509032522041
v 0.017397766195351848 -0.10458212045946605 -0.33679548975018897
v 0.036007842308775774 -0.10785681245314663 -0.3289825690965979
v 0.026143318676890022 -0.09458947079537193 -0.27719896480023076
v 0.07270345837239221 -0.07907517372547411 -0.3340990571103883
v -0.09223043511550413 -0.11823770949866486 -0.32219614060414553
v 0.013163149665616002 -0.09559385468927277 -0.3503128449764012
v -0.09676517835062538 -0.1393871165182786 -0.28791177019777564
v 0.16346057066398378 -0.06984554738628067 -0.26301619850294805
v 0.01273221073900286 -0.07376077357752023 -0.3995589023256541
v -0.07228144805303219 -0.13684810101103823 -0.30922728824225365
v -0.08169608262061127 -0.14171521506878243 -0.28868777953997526
v -0.08737493197891469 -0.12957792820198197 -0.26764178394660487
v -0.06910824746527115 -0.13820899624766228 -0.27889799899422935
v 0.030863500690448294 -0.08335839002641873 -0.3783349497416494
v 0.021883860774868688 -0.11818076194599435 -0.33623765849055864
v 0.08395292404271842 -0.10304629900399444 -0.34830238681148995
v 0.20197928592336392 -0.04225007347787541 -0.2314788932540443
v 0.09037634690758968 -0.09829905558500422 -0.3652297148566397
v -0.05707569767272397 -0.13064470325126346 -0.2861705418637021
v 0.08981644648617822 -0.050340399131637376 -0.2429291100160179
v 0.02368140655383719 -0.07496551777197681 -0.3821905816250376
v 0.05420166061309717 -0.10962192254364583 -0.358778599344011
v -0.07378620764596255 -0.10139569891447954 -0.32819331724174555
v 0.13051583421915905 -0.10781394191385135 -0.247718340981496
v -0.07563916453373104 -0.13303012649163304 -0.27661724449363134
v 0.015943740887510334 -0.1093787706205606 -0.33446527057653286
v -0.07149448922457095 -0.14562181827586543 -0.3059814867903103
v 0.029906875874264965 -0.08212574708615998 -0.353683812331359
v 0.0056732843627567645 -0.10778753151953767 -0.34423338779679236
v -0.11976700203586048 -0.1831391232630856 -0.2860711618481392
v 0.06591014411137432 -0.08131926443963675 -0.36296448638270323
v 0.0676421659808674 -0.07933371655443686 -0.3254020345136321
v 0.061174998645675105 -0.1160907455106043 -0.36016508901648336
v -0.07335480208122279 -0.14206592667138065 -0.29723590342984874
v 0.2028598376787613 -0.04701691308984011 -0.2401084043905691
v 0.14821933358046627 -0.0798764574666136 -0.263206242032716
v 0.21387755821128618 -0.03502954658841756 -0.22781689730731208
v -0.13406701964015555 -0.164981651384393 -0.2791804388429799
v 0.06855813480288918 -0.10741181571855189 -0.3717269193774291
v 0.05092343541869219 -0.088584990793357 -0.3358125441891755
v 0.12931521527032883 -0.10213855414712893 -0.24744003125402791
v -0.10900100090596875 -0.17092110210534098 -0.2879219532369253
v 0.002207535357594914 -0.0980966954954206 -0.33242938444064135
v -0.0727733563733654 -0.13410089234378517 -0.31221316781493336
v -0.042106064161469385 -0.10751551796497143 -0.3617866432996972
v 0.08203559613511645 -0.09176444714624052 -0.3478320890058879
v 0.10326025110099267 -0.07219863146856671 -0.238883030411251
v 0.08768572644638754 -0.07067456712207483 -0.24520517979764225
v 0.1044911612599069 -0.08148970893359485 -0.24374321048220937
v -0.11575279467592384 -0.1705992060931602 -0.2803781606042047
v 0.16601600611376893 -0.06508652318612061 -0.2678725689036736
v 0.030785147413234175 -0.08426241279478924 -0.29311865515195423
v 0.11248299110247599 -0.06451421696457817 -0.25149527923987874
v 0.014924683772036968 -0.10595338597504876 -0.28561014892342934
v 0.07764473725364579 -0.06751795572930093 -0.36214373491586427
v 0.16689983498383423 -0.06780860237641567 -0.26632891683637405
v -0.06797765620191773 -0.13154331682697704 -0.27809816346632055
v -0.07759024109808356 -0.11994359104934466 -0.3307036418232107
v 0.028607237710354425 -0.06633491115029376 -0.39367760009425445
v 0.03853571685343062 -0.1005758814473911 -0.3524717858563209
v 0.04829840765459744 -0.09307749042605142 -0.3507974837755234
v 0.17496623421860297 -0.05982850613654016 -0.26249537437452886
v 0.0448728796629807 -0.09944678578117148 -0.33316232867457307
v 0.16640294328205113 -0.07911648445697418 -0.26335759447183793
v 0.07714296211666939 -0.10800294436335525 -0.34161686294278665
v -0.08603005471309273 -0.1380157005003456 -0.2686874970534795
v 0.06548531506834238 -0.09202411843072582 -0.3212446066173601
v -0.004129281566612667 -0.09597362955925905 -0.3304761811932318
v 0.11576408865997703 -0.05008165259711043 -0.24074369182071192
v 0.07004653230002013 -0.08116380803566123 -0.35135214397399495
v -0.002612243410694013 -0.09240550687101493 -0.3334761803066522
v 0.011131257492532118 -0.10398945308193747 -0.2912130037395272
v 0.01664023217106096 -0.10477482042229984 -0.33600076331203466
v 0.07043675345097224 -0.10503434939399847 -0.33463503055323873
v 0.02797778767518801 -0.10804149538721272 -0.33604667159770085
v 0.10850418249806734 -0.07699732886589172 -0.27527451073101056
v 0.12954410185030724 -0.05833592801399951 -0.24691660276779576
v 0.17309522946592298 -0.0654526550648553 -0.270258059944313
v 0.23700827467654426 -0.06672611460029225 -0.19803332783065325
v 0.20813876484976376 -0.03815697584461932 -0.22196764905666647
v -0.08482172641875088 -0.12049985093873497 -0.2795618884103957
v -0.10535463265639267 -0.13773581727880563 -0.2627949085180959
v 0.03842213987929237 -0.07690129354184398 -0.3819951464099935
v -0.07921982218092248 -0.12557499011098108 -0.3091261573924911
v -0.09901951687578049 -0.12870649286570857 -0.2692530280766431
v 0.05686789386629131 -0.10450839330244617 -0.3620156303024433
v -0.10497803542128811 -0.13971985959864547 -0.2677935772188246
v 0.21531023679484929 -0.03499459406688546 -0.21935327994811557
v 0.10958753407030196 -0.07198837194520032 -0.2796731218885595
v 0.07425480159539069 -0.10182612907805579 -0.32927186034079503
v -0.08595054895328488 -0.12135263838131062 -0.31904453190253396
v 0.2829547252963653 -0.08151676222754084 -0.19007786022706252
v 0.07907732062691782 -0.09048531029861251 -0.33916275088014697
v -0.07505030623454102 -0.1258960684422853 -0.2856942560121196
v -0.09774711917501637 -0.13870744970449975 -0.28000495574412265
v -0.050715122558922625 -0.09307750827772814 -0.3378667894046185
v -0.04681663825353642 -0.09718548405282891 -0.3504699319633589
v -0.0807809063619775 -0.14552968364095822 -0.27803333116562157
v 0.07823697860808061 -0.07239938340459126 -0.35790383238103046
v 0.030033680032826433 -0.09254664531634772 -0.35290245134400805
v 0.217447011068812 -0.054388587954871025 -0.20820247529496175
v 0.013251594306389076 -0.10070042884347555 -0.33914315441659243
v -0.07815279137843367 -0.12103145766692153 -0.2776543059654026
v 0.01531893935923387 -0.10862504798819347 -0.33229641905865714
v 0.1126038378136548 -0.04895050042595666 -0.2288180094479133
v 0.0031716206419355767 -0.10274786009379104 -0.3170371171157824
v 0.06529335275225945 -0.10623361152687875 -0.3453599190364073
v 0.08113484951935027 -0.09841212749376302 -0.35073511750935865
v 0.05720013815701755 -0.1022117299645095 -0.3522304547879873
v -0.017344335270095004 -0.1297794526494687 -0.28031248524530233
v -0.03691133407043886 -0.12315984690417395 -0.33644383645225096
v -0.07927248617959066 -0.13657054519086392 -0.2991234972362414
v 0.16084816937760832 -0.06286499588891474 -0.2598874084062069
v 0.04456917755279889 -0.09658251848383201 -0.32722920571282205
v 0.07206306319439436 -0.06585383963946015 -0.25061415428934836
v 0.02774033444746931 -0.07811316698088003 -0.36688421696005025
v 0.015760984918471627 -0.10400945617572338 -0.2973397931103579
v 0.08869564198155988 -0.05388951827920617 -0.25633962901856483
v -0.0338640758099952 -0.12612699782632886 -0.298985206475503
v 0.29609467630905084 -0.09209706694371038 -0.1866492086936162
v 0.03616920294771093 -0.07806932531542443 -0.30837011802854475
v -0.08504307632775533 -0.14306721127532257 -0.2834703159237271
v -0.06474559767011998 -0.14107577474539706 -0.28133020746574544
v 0.027447023798134535 -0.11060847341814015 -0.3544486563128404
v -0.09868263389806335 -0.13394716344647034 -0.2600075199684096
v 0.10156853290732 -0.07636251692292972 -0.2492790947369219
v -0.007771585757113411 -0.09050794475817067 -0.3341410564105794
v -0.024169060382874884 -0.13114339386850202 -0.28854796648311637
v 0.012459248198355678 -0.09577429358178773 -0.3863879402595791
v 0.05046850340542474 -0.10495643227970065 -0.3590176178154918
v -0.0621999402880872 -0.11828044476934615 -0.3273707608536756
v 0.1656529396930241 -0.07079034858420014 -0.2538620032987958
v -0.06080928511607431 -0.09230865291211195 -0.3255108574269206
v 0.13410346289076805 -0.08915347805584957 -0.2516965971704457
v -0.04230579971570697 -0.11533702896463083 -0.31152541847082865
v -0.03486718948991864 -0.09203660058696114 -0.342684255804429
v 0.11418236524828042 -0.07549383376310975 -0.24981441029425389
v 0.23975314762307082 -0.07038638586822832 -0.1931337590018082
v 0.027187486844716096 -0.09316980021164988 -0.3418401817617167
v -0.06328068061316763 -0.13947121419943753 -0.2793231047221433
v -0.0472335304833127 -0.10114169827158259 -0.3560261558441784
v 0.22375760149602658 -0.028851625492881186 -0.21746771490984648
v 0.0473462930181536 -0.09446367370254506 -0.33839944792905247
v 0.04506598952138756 -0.0991518975952649 -0.3665301608268238
v 0.04684240748021116 -0.09484621406107828 -0.3276022220883097
v 0.15200602579928416 -0.0650643957394665 -0.2605529121224411
v 0.023938544483320192 -0.08968076600735082 -0.3610423630252444
v 0.0800589145439839 -0.07592369548746711 -0.2784547534516355
v -0.0016905168489779673 -0.10236249982240622 -0.32293743586491835
v 0.18075279353221596 -0.06951093456037379 -0.2597320891235649
v 0.2052908030695469 -0.04313940514351331 -0.22060077218411975
v 0.05815022875817602 -0.09006280552310127 -0.31947732497663295
v -0.07189479450406056 -0.13884889505570958 -0.2839180551159617
v 0.038575986908002714 -0.07946622609032898 -0.30488735059492145
v 0.09462435781141552 -0.05992895516030539 -0.26331908679938915
v 0.022588435373478554 -0.10181245160263545 -0.33143328676069106
v 0.13157918221456383 -0.06123226028627517 -0.24751981471224188
v 0.0017060378270790802 -0.0987121019660865 -0.36570887238633504
v -0.010134083591859019 -0.12866255280037528 -0.33276418377155625
v 0.047856797985931204 -0.09007855899486893 -0.28397599286418423
v 0.06663784880659655 -0.10111017969231441 -0.340425617411312
v 0.22490533324960077 -0.039444841796810085 -0.21272976276985495
v -0.043234729562076926 -0.12220307410117974 -0.33214403744928256
v -0.021342690967685513 -0.08970130990914472 -0.33746384559412534
v -0.04971178121277528 -0.09732989525974785 -0.32276047492007826
v 0.11478582022834949 -0.08963150888968421 -0.23822222686053673
v 0.12314348707134123 -0.060803648834363636 -0.23782787846582837
v 0.09492913252500154 -0.08333076013683027 -0.272326477003708
v 0.04533417324608047 -0.0956107941991431 -0.34238935593778663
v 0.060181040851946865 -0.08238562325673138 -0.31672042202565415
v 0.09865606309975031 -0.08101225624510307 -0.2940660685498532
v 0.056146062497278694 -0.09527591994316975 -0.2882241585788319
v 0.06952774035428408 -0.10583720015884238 -0.36905802264261034
v 0.147781608234013 -0.09631812137510798 -0.2575068163367205
v 0.01734464303464891 -0.10846344554356305 -0.2951343343261051
v -0.055473153704369914 -0.12676953725505832 -0.29520090853604086
v 0.0801621050588643 -0.09058715030736071 -0.3484132952523775
v 0.07894657712928851 -0.09421462390864271 -0.3406635646539075
v 0.10572932853385691 -0.05830627268794075 -0.2395377934510272
v 0.07939816009968667 -0.08399760545541929 -0.35051803931016123
v 0.26038878678582644 -0.06026399800425878 -0.20075935595233763
v -0.11245531269775712 -0.15170134874258784 -0.2767757242433414
v -0.007782652407171258 -0.12072880785135064 -0.3548214329798661
v -0.002878129976035638 -0.09761294817270667 -0.3341535898533883
v 0.11318585505511125 -0.05075403631288596 -0.2511465468827107
v 0.10349302961256288 -0.07887443291449471 -0.24885610846677458
v 0.031941315958502324 -0.07170016384180779 -0.3820228423902653
v -0.0707785989028583 -0.13796810341550383 -0.31536904945908356
v -0.004319457273533632 -0.10393874571038739 -0.3171678258032453
v -0.05101278163839978 -0.13110453318627588 -0.2815252450796912
v 0.049878926543018516 -0.08116423129382926 -0.3768411666071298
v 0.007289033949197341 -0.10609876511294346 -0.33360561311860587
v -0.06362338266646697 -0.14671960011698618 -0.2717723340822674
v 0.03827814877578281 -0.08680480320245053 -0.2812792230856
v 0.022261542723257827 -0.08676039175276823 -0.3489471316636521
v 0.05631155789170962 -0.07923452702848188 -0.3266739085895089
v 0.06361138996627942 -0.08911198478167007 -0.33866686510689725
v 0.06764328910407377 -0.07301863672647184 -0.36053468065192457
v 0.08899966616476354 -0.09663029525880937 -0.35187403995352295
v -0.0467155226319815 -0.13527597206956954 -0.29972770782911595
v 0.05641747845395799 -0.08124715076576523 -0.3124639948842058
v 0.10094466464044702 -0.07906064476478081 -0.2806622735271049
v 0.1426119179920709 -0.06456694231267394 -0.26922464820001
v -0.06823874163038889 -0.10883888822556495 -0.3253631189995856
v -0.01163546991721412 -0.1163137423599599 -0.35742297973340675
v -0.06501163367751031 -0.10919421224569316 -0.332184571249398
v 0.008254908515493063 -0.1130769004891676 -0.29276086486498387
v 0.031319243475595254 -0.09191467579503461 -0.30984888479093337
v -0.07200380333216669 -0.11361418190961851 -0.3282065546509124
v -0.0818895501725442 -0.14422951426959904 -0.28880564967012395
v 0.027593603732263227 -0.0798334858429671 -0.35869915749483927
v 0.042974908401903635 -0.08264290901966707 -0.26833874329263274
v 0.11142660481326913 -0.05655878466143421 -0.2615992582066514
v 0.1394536475171785 -0.07217044290183523 -0.25337587010485235
v -0.0521525125633106 -0.11848093026426872 -0.3201673114766025
v -0.0715180006248261 -0.14172181064650033 -0.28049863525981433
v 0.08337044852397418 -0.09675321830784993 -0.3420334178056238
v -0.011233357704903576 -0.1129874146825133 -0.3630817730958056
v -0.0822176999415115 -0.14287250730546774 -0.28437291755036803
v -0.049970673397375515 -0.09225917848745897 -0.3301349260733609
v 0.09023600891150652 -0.11207581665282572 -0.3569995734412242
v 0.10005078386689076 -0.047934262685155396 -0.2447703647110493
v 0.09277827100780382 -0.10754030022413999 -0.3648572622079002
v -0.030046625067534746 -0.10771312845429643 -0.3124354847865854
v -0.025140536323549817 -0.14142817383375295 -0.2812095454332895
v -0.09810343973702604 -0.12112479162468154 -0.26077213879680833
v -0.030383486082315937 -0.09736458569555285 -0.34110152804066357
v 0.08600831731763565 -0.09740086432225448 -0.3485908802229115
v -0.05626193755919537 -0.13257656188872824 -0.29097383029594337
v 0.051226691066179046 -0.10347055068180658 -0.3555310468143603
v 0.12456882322400656 -0.07759073581965742 -0.2749066440346067
v 0.07851687687759651 -0.06379939706423392 -0.25997267911868094
v 0.16281144811475445 -0.07132142650288971 -0.2439314196386068
v -0.13145387466079092 -0.17473682158780832 -0.29040203784438495
v 0.05968644296796685 -0.10364713161021252 -0.33316945391672786
v 0.1694819488758496 -0.07111377398451793 -0.24552687631766731
v 0.07827316198521712 -0.07659259162958575 -0.3621898872815366
v 0.010687866038350702 -0.09780685818927692 -0.3377823489503603
v -0.09275576516917074 -0.1388711137033791 -0.2864580230333406
v 0.30935028249801705 -0.09078392726242444 -0.18566324225823136
v 0.024094533501697213 -0.06327629294380965 -0.3995017340855738
v -0.00225370777568912 -0.11109688602234383 -0.2901576912003854
v 0.06818576608194894 -0.08333111797769102 -0.3264384023501066
v 0.04710442271760294 -0.07320389481489052 -0.3069121572147056
v 0.17379278678738758 -0.07500603084339393 -0.26213636878371305
v -0.049339919478939905 -0.14015268078039625 -0.2702009594313185
v 0.028856157795943197 -0.09983100534088137 -0.2881749080027613
v -0.13116939125703267 -0.17226415922215144 -0.2879144913863454
v 0.009314457142951992 -0.08401042166744302 -0.3955869951597045
v 0.0671756344291171 -0.0883062770752868 -0.3766152078812758
v -0.07422442407777724 -0.1286947739690705 -0.2983695113796953
v -0.06743125582073108 -0.13981244380906196 -0.30293065417355686
v 0.032047406182999554 -0.098963807721473 -0.3059595327951761
v 0.060181718381433214 -0.09443262566933851 -0.33660823082042757
v 0.12178482993715244 -0.05770553927357784 -0.23706751247678545
v 0.07575665443545158 -0.09499614673051714 -0.3367386245938818
v 0.03236203752427059 -0.07650211197845405 -0.3540320407311959
v -0.12877915310237908 -0.16834569716024494 -0.28736246870214227
v 0.006892842486445808 -0.11524409708807969 -0.28930865866833716
v -0.0007748132533670813 -0.11126288114065483 -0.3138446194765761
v 0.0330913509602831 -0.09860524447469914 -0.3569835044864239
v 0.07838449071976444 -0.10829952912150098 -0.3401285414591589
v 0.12256996951612328 -0.0653204609013415 -0.2563807655402645
v 0.025045244804228966 -0.07088764626565941 -0.3673023342066967
v -0.08266603030345168 -0.14275793092759193 -0.28281548123095673
v 0.04899493186828382 -0.11398081343451343 -0.361140859127715
v 0.019893871744822426 -0.10271209707398467 -0.3024384325761335
v 0.019080316487013235 -0.11185854785352736 -0.34543883575641354
v -0.0830337296122195 -0.1200158482472389 -0.27631113055306555
v 0.03629467414137448 -0.1011588614579347 -0.3334991141756945
v -0.07277517575163456 -0.13761156941739222 -0.29334989944652895
v 0.018603857375865607 -0.10526101641348438 -0.33693516228741965
v -0.11567926022827965 -0.17751771622148257 -0.28627096468334534
v 0.021848641613247344 -0.10461218997293827 -0.34098937101612037
v 0.10920562537365591 -0.06656048259771477 -0.23373070858594827
v 0.04536781609708581 -0.09059296677292653 -0.2826255032971193
v 0.07978015456825234 -0.09400028875371848 -0.3402888412939464
v 0.013188846678854014 -0.10563415448276971 -0.3485709212577825
v 0.31706247513761604 -0.098785900702276 -0.18248213480108216
v 0.010873538783246707 -0.11173214940428905 -0.31591485054882507
v -0.016530331867692327 -0.10984804439672742 -0.30747388696599415
v -0.07563480756247563 -0.1174442335465556 -0.27250178793963487
v 0.04381736003218808 -0.10604525249364384 -0.32859518329727255
v 0.011671595440197333 -0.1042707029399523 -0.3326617533325133
v -0.025011148844613588 -0.0894820854380422 -0.3533588831779606
v 0.004830804717225872 -0.09785659142157692 -0.3304229949863412
v -0.025605627941398368 -0.0922943596968857 -0.33759647836710005
v 0.137783425673164 -0.0603641853599969 -0.2460730523971871
v -0.07205367015165468 -0.133607065944272 -0.30299053447547986
v 0.19961936512141482 -0.0541232790759931 -0.24350539278597177
v 0.07032001207898707 -0.09418745552723048 -0.33379896172977647
v -0.01629663575273027 -0.1349577868772304 -0.2792256948804692
v -0.05202718825852422 -0.12113147603142199 -0.3490969898601366
v -0.0006614456630093307 -0.10751487047432182 -0.3366721294395398
v -0.04980796925217506 -0.10416220940561856 -0.35211332223299413
v 0.14062623301762212 -0.06969512354906243 -0.24869840169503432
v 0.14889002576172927 -0.09331460576363562 -0.259271974054808
v 0.13270008046971704 -0.09811116444519292 -0.25347365753434853
v 0.03353847550487236 -0.1090350149117814 -0.3329810619318741
v 0.081835916363778 -0.09919323424792117 -0.3457735383163189
v -0.06673036336342822 -0.14147826420560305 -0.28538740348810676
v 0.018737998805177042 -0.10275040940516009 -0.2851688818807274
v 0.05913335523529316 -0.08505303308699598 -0.3049853685284722
v 0.0322566614183432 -0.10036470438615333 -0.32131627873817953
v -0.001620788781033653 -0.10242890866731111 -0.33583354583138836
v 0.054483142284500005 -0.09069896529396579 -0.3342708921070609
v 0.28915635954856383 -0.073220123050241 -0.18980704664363157
v 0.023200507826642337 -0.10549210663452535 -0.3501321588431701
v -0.01777754663479767 -0.09578412226632906 -0.33464524880952723
v -0.0988991978710544 -0.1535320462981047 -0.2732978985044109
v 0.3187913874308548 -0.10067514937642699 -0.17760110151843053
v 0.08572648253351674 -0.05608546531981359 -0.25746842739399134
v 0.07749654592814892 -0.08745284940376152 -0.33985830615274937
v -0.048304408823945474 -0.1104580084454135 -0.3402794147267341
v -0.04797077183530068 -0.1345229137414406 -0.2815202002840464
v 0.021875662683786785 -0.10761292571416889 -0.29120473351861104
v 0.20927375429774503 -0.037080357207777956 -0.23487537314987358
v 0.06964794230832715 -0.10254957824393934 -0.30563377082932713
v 0.013229814532834306 -0.11415635601013617 -0.32757625539835605
v 0.0740522674942152 -0.08678595067069377 -0.342337469959623
v 0.06994101236578401 -0.10976547856003678 -0.3524611361477866
v 0.08664497081797322 -0.10024546116029663 -0.3486912251631566
v 0.0644970131224391 -0.07895222809227602 -0.32382823902628877
v 0.06502251660939555 -0.07417191825017233 -0.3280583371881698
v 0.036444313566096044 -0.09469174649622575 -0.3294159059095179
v 0.04695821333600247 -0.08090501066434455 -0.3022925263712921
v 0.0781178246200928 -0.11451007158829393 -0.35666227238735454
v 0.10127199438427442 -0.0439419086272402 -0.24157341160573212
v 0.18537594317501546 -0.05284599104808275 -0.25920398422762664
v 0.1738309263699006 -0.0629056684196943 -0.2595361140222014
v -0.052283181231456664 -0.14121608497896238 -0.26818291419465906
v 0.17958300931567828 -0.06786106744191996 -0.2315866515951039
v 0.12927806485003165 -0.10391706819900275 -0.2473480270681189
v 0.09272970536838422 -0.09948439313107088 -0.30171853590546305
v -0.014255294767075677 -0.1092018582667758 -0.3428493037537312
v -0.06734441577303953 -0.134248532060542 -0.3005450257515081
v 0.002921088458560832 -0.09835323970626343 -0.3203733244128505
v -0.05852197610066876 -0.12360740633290197 -0.3251896365913234
v 0.0539233915280112 -0.08656792833716134 -0.3101016362918578
v 0.057532628020169285 -0.11221173675404163 -0.36570537623996147
v 0.02414206349772124 -0.11094894246876724 -0.3485576366345835
v -0.059780343048531664 -0.1067780137889841 -0.3506958310020378
v 0.1798738112017692 -0.07001723116377896 -0.229292615129719
v 0.09446303476273192 -0.05770570169758254 -0.2427343577050555
v -0.011531498069514763 -0.11809932574585957 -0.3038904838050417
v 0.21848102976035738 -0.03396784929423622 -0.21056793848369437
v -0.006691652584190593 -0.11268839655408051 -0.33817169952400394
v 0.06983515435266893 -0.11735702185196752 -0.3541981733715531
v 0.1022871046585195 -0.0629042639494375 -0.23140677233628723
v -0.0054525756674337405 -0.09906464499727073 -0.3279775636813082
v 0.0633496002673256 -0.07843576452143645 -0.32796712231746666
v 0.11371578773224154 -0.054140804193810704 -0.2518892062140855
v 0.06529656251871384 -0.09747399098195417 -0.3036283712485028
v -0.07677625701303185 -0.142323457294447 -0.28044473741362524
v 0.20471978286238404 -0.07282911072860682 -0.2101087023917502
v -0.007516452418990918 -0.0944433357357949 -0.3248125501809958
v 0.06109448707050042 -0.07935651729455295 -0.3324349804186783
v 0.16212075021084132 -0.07213818580642939 -0.2605171951996778
v 0.21821733714877 -0.03057154871509947 -0.22968220672736064
v 0.025389923681284322 -0.10471463512407932 -0.29491801213067415
v 0.17771783052168263 -0.07180491437787129 -0.2379593662707714
v 0.059417449803514204 -0.0953468989112168 -0.32885842069729065
v 0.11447601567547389 -0.04758898533661198 -0.23584346155589847
v -0.03876038520448663 -0.09419622369065345 -0.32103036579226235
v 0.0029513847271106773 -0.10001345972626834 -0.3285455327032479
v 0.04131826884693316 -0.07936482714471584 -0.29883850220408614
v 0.08888678871115276 -0.07141068664078086 -0.25211448475027015
v -0.06345235485456246 -0.14372819528855837 -0.28536810464338547
v -0.0808933709596071 -0.13990435024848996 -0.29310741922388767
v 0.04312989543534414 -0.07653597628741592 -0.3160661990159277
v 0.028920058901427046 -0.10987005592132544 -0.34540173435213
v 0.064522234809825 -0.08998369174500104 -0.2749263281015025
v 0.10514213166465923 -0.08036441634286803 -0.26478144395458136
v 0.014349959121705913 -0.08255536483271594 -0.3994302940578369
v 0.030611825037524024 -0.08430153786413729 -0.34847719213477263
v -0.06916104960872446 -0.14143925413588676 -0.27035992324555513
v -0.007925316979184246 -0.09847724898036786 -0.33841591478625266
v -0.03741151896583239 -0.08951467721050721 -0.326533171171852
v -0.11175944665435038 -0.12893572108635204 -0.280289061644343
v 0.1324724498865323 -0.05856891248442729 -0.25004154043898486
v -0.03654955193187085 -0.10616618330295242 -0.3582840670450321
v 0.27900769318460555 -0.07836827539769083 -0.19229591116172134
v 0.06250007627019856 -0.0998961318607721 -0.3201866088398042
v -0.057518956648720324 -0.13688279361267985 -0.2700004840286229
v 0.05478840112892033 -0.08411427455104743 -0.3706107391613079
v -0.06002982400190664 -0.11851415180939821 -0.3172815920332111
v -0.044473468413700014 -0.13947272349307047 -0.28912604569174116
v 0.06232991441535506 -0.10935784696512749 -0.362445959122982
v -0.05906802118082141 -0.12152854394058615 -0.32720120249157264
v 0.25124697805786933 -0.044060717158485946 -0.20681104765153757
v -0.002813902308157189 -0.10946865108617268 -0.33898324147779346
v -0.06181252149866285 -0.1272391508832102 -0.2792264338763633
v 0.17693061725615106 -0.07130000399407073 -0.2707051241138112
v -0.024532189917427383 -0.13917945385276884 -0.2797702601131102
v 0.12768525477807247 -0.06144535753612004 -0.24311106198216537
v 0.03837501621648533 -0.0985119921213925 -0.3246170067157135
v 0.024782024525320745 -0.10029900434401323 -0.3585367080616755
v 0.07909455241418847 -0.07806302325331062 -0.34895514503334973
v 0.04619835909923254 -0.086549768056133 -0.37277460067713614
v 0.12966294838147277 -0.0914653078032299 -0.2475869828666894
v -0.07104019473997188 -0.1296085957130963 -0.31348419283209716
v 0.018037689756795573 -0.0899657202771539 -0.3611150403017614
v 0.11965215377583638 -0.07875628486116118 -0.27349178076069863
v 0.07349501464590626 -0.10889240053929991 -0.3423655015629769
v -0.08663058300101763 -0.11518387476144204 -0.2714840554881471
v -0.06982133290195053 -0.12606644997267458 -0.28433330191058226
v 0.0086937547762124 -0.10419148490694818 -0.3419021440111294
v -0.05343282525446506 -0.14368473489739603 -0.2727945817518899
v 0.0551958485620787 -0.08263461435025726 -0.31133496503636127
v 0.08210685616316364 -0.11745415843450623 -0.35228237259143536
v -0.00216711705438219 -0.1153469838523823 -0.3520414111747244
v -0.002065655798169024 -0.1058411391102951 -0.29552647444654634
v -0.10244710747349683 -0.1472857790450145 -0.2687447253668457
v 0.15980052976473783 -0.08418462125524814 -0.26393196867037527
v 0.029247139914955474 -0.0656967285320041 -0.3839520015570576
v 0.0852300245334191 -0.1048613493585356 -0.345103212053981
v 0.05279709403921781 -0.08278784588455909 -0.33060742804522325
v 0.038872542567373394 -0.10330285127963314 -0.3358349145241732
v 0.011481991145413336 -0.10461922778491137 -0.32328436348522877
v -0.09664237176612621 -0.12934149613571083 -0.2633780014716298
v -0.09270421508359696 -0.1387885888711545 -0.27017101207021216
v -0.058890978791745686 -0.14221703170483865 -0.2738366482597695
v 0.07875670019665758 -0.08817832696116132 -0.29564200355113746
v 0.11001942252696406 -0.04966388525836582 -0.2310640893345747
v 0.02111380647411253 -0.09308175251542529 -0.3379275742974315
v 0.09445878582686972 -0.11150510913722857 -0.35622094960354095
v -0.008007117108013294 -0.11001638393282243 -0.28869478911576363
v 0.1332749045226453 -0.09538151276741658 -0.253303003357495
v -0.09251224070436204 -0.11690418460102495 -0.26591402666096714
v -0.06120311424734989 -0.1279020381027313 -0.31165657839620087
v 0.054866045678315795 -0.11415374223340967 -0.35562640035063275
v -0.017295119061306388 -0.09238604494829815 -0.32789212517217375
v -0.05520551345445932 -0.1433749859370368 -0.27710710014427753
v 0.008204584996195141 -0.11077668025676127 -0.3370025121100386
v 0.05983001136710711 -0.08538344030031583 -0.3681438608877937
v 0.04333706499442545 -0.10041562347838513 -0.36936940886536457
v 0.12186804592838908 -0.051736366184595164 -0.241771704995745
v 0.03434648005353735 -0.0756994089184325 -0.30924436736086414
v 0.14451305377533358 -0.09375667471155129 -0.2585841611988151
v -0.02546821024095754 -0.13511366628067986 -0.2876931736932627
v 0.21756883642206645 -0.03465181245105306 -0.22016441239490045
v 0.045190483459987614 -0.08755825865375247 -0.3428486184116559
v 0.06622529714323885 -0.07700364052465584 -0.3283713604425868
v -0.07164069524844509 -0.13849262859676664 -0.2666291468907229
v 0.05969150752606816 -0.10209238773864522 -0.3679427643144675
v -0.07720489548424468 -0.13680122736802994 -0.29915284668736936
v 0.3093851254721471 -0.09267454065767682 -0.18769577027838352
v 0.007062536425616384 -0.09575806234147582 -0.33428364474758615
v 0.0652134896197422 -0.07662756232574405 -0.3302509179675221
v 0.01968229240914973 -0.10726525735608813 -0.33777132974352303
v -0.0500035856424054 -0.14551162806774165 -0.26606140517429816
v -0.06482579135693681 -0.10018219620590345 -0.3331211191274144
v 0.015950816209675926 -0.11032719417867123 -0.3399362267368025
v 0.16582227728808976 -0.07430643407142253 -0.24708598955769134
v 0.013521700536387687 -0.11056216166945348 -0.33881958717416893
v 0.1077529260099922 -0.05990981642802464 -0.25298995667346674
v 0.11379023891654445 -0.07754579355210724 -0.26110326027328423
v 0.06997198958058709 -0.07498752054994749 -0.3392296418951414
v 0.06265247323698125 -0.08078807940981565 -0.3687072963856928
v -0.10859032258514635 -0.13117833123023553 -0.28057000517787795
v 0.05352104670068525 -0.11452743430984662 -0.3513244216328968
v 0.004443172245123261 -0.10683105151408977 -0.3066933808183438
v -0.07619947874093558 -0.12020685575047067 -0.2760379964781181
v -0.051165117403470635 -0.1320011117094174 -0.29804529112893824
v 0.06221712003416467 -0.09008980217236888 -0.3148154921682311
v 0.10958033476729537 -0.047447095784119736 -0.22445272398004573
v 0.19601884551756704 -0.0500733934085577 -0.2384582562498121
v 0.06523874880497504 -0.10253365315665275 -0.3437984813472321
v 0.008334384247354306 -0.09979409781821484 -0.32995397780762137
v 0.07006026375008055 -0.08280346920058257 -0.3431065466289851
v 0.03103552874843982 -0.0941303710551885 -0.35076106718775363
v -0.09610232791035439 -0.15737178139196129 -0.274796550304956
v 0.0874194464921312 -0.11245059593071177 -0.3617077168989126
v 0.00038215943531521527 -0.09615430624649139 -0.330811783952198
v -0.10741206228645654 -0.12872833076245177 -0.27425155966146003
v -0.03931384949212059 -0.10046325929260938 -0.3549194016775333
v -0.022717503918818042 -0.13655955010014573 -0.3335052886572648
v 0.0800768038536942 -0.08197105129309211 -0.3504930222464474
v 0.06893670500944765 -0.10847241601244406 -0.32042554694886954
v 0.16328650536689335 -0.0682531250159401 -0.2606787648713119
v 0.01391907964447155 -0.11885109921379984 -0.32377219089163534
v -0.09930510101174468 -0.16395165116195462 -0.2807262515783342
v 0.15270176434218607 -0.06833881868087609 -0.25778548059604206
v 0.1068930859913941 -0.0766529937965271 -0.28698080507892654
v 0.007874077829290893 -0.11330100461588961 -0.338164426669262
v 0.1308867080652035 -0.05799704347563826 -0.24544489296340158
v -0.08925167517690129 -0.14266857568074554 -0.2786198188285519
v -0.07453652044235344 -0.10873981700419932 -0.3356271158716622
v 0.04104183038585591 -0.09224065432177508 -0.3669156176149989
v 0.11213105031419503 -0.07714972159199594 -0.24440406496562533
v -0.057516347578591476 -0.11607880407612371 -0.31635318682384733
v 0.039635503066851735 -0.09680068484203742 -0.36846362240882785
v 0.014572374999877572 -0.0710406334645355 -0.40382006557053174
v -0.007080398382737531 -0.10408370271563144 -0.334939640316831
v -0.08970959722380283 -0.13999043477215894 -0.27120126563752056
v 0.10571895949697607 -0.06538274976362016 -0.2584696375403653
v 0.0628474245174861 -0.08265885406878132 -0.34075796016108445
v 0.0611899773222269 -0.09023341589296172 -0.31727486723374787
v 0.03294297940912001 -0.09643546146909042 -0.36307237965106703
v 0.050444485564447784 -0.08649109688692715 -0.32612377217469357
v 0.14416497764506989 -0.07912778530474662 -0.25833071332321883
v 0.07237325392987261 -0.0939615636949043 -0.30341836252644305
v 0.2090435802427592 -0.03389235482999728 -0.22758832567696705
v 0.3144410436065731 -0.09992441544209696 -0.18329793564736202
v -0.05220332929870717 -0.10260423125352418 -0.3283051338494044
v -0.0966295418432247 -0.13604083550626273 -0.2702690964915374
v 0.03745125031077076 -0.09473285438692051 -0.367116741020308
v -0.018570811464428974 -0.11272421112541947 -0.3198479536602297
v -0.025607941227340506 -0.1311282995152199 -0.3600347887973744
v -0.08052082955871111 -0.11774184002202982 -0.3263763484103182
v -0.13018004604149397 -0.16688959078409457 -0.28305469600153504
v 0.03871391995560542 -0.0896183437254338 -0.3670115102587376
v 0.2160258653768714 -0.067771841539498 -0.20539779201551397
v -0.08870946320363103 -0.12465618401027449 -0.267948583482285
v 0.09773152625387113 -0.05139137746067476 -0.2336065249994098
v 0.12328013311934517 -0.05638793106738924 -0.2573318200910524
v 0.13830863824478185 -0.09737804904287942 -0.25345605558930207
v 0.06149420521508378 -0.11263907100698527 -0.3549914810277934
v -0.0972499355972211 -0.13699339874106453 -0.2687509168000957
v -0.09163816949235473 -0.15352146733115243 -0.2788822881866175
v -0.006863823394012281 -0.0991743374059215 -0.3232073356958726
v -0.09888445659110832 -0.13581622493877954 -0.2742961740516838
v -0.06032482079293163 -0.11083216145290917 -0.3340306165639482
v -0.0047179691686950204 -0.1194275242166665 -0.2852801020209759
v 0.2445054885501773 -0.06686015266652588 -0.19945536766847624
v 0.12015641827523495 -0.05631042425319645 -0.2328304403353958
v 0.028152422885859063 -0.09621247619548336 -0.31957810203669185
v 0.03316376639336257 -0.08422962569486948 -0.35280498270766847
v 0.018967173636224265 -0.10113095991736805 -0.2882048305253673
v -0.08150801346233107 -0.13308061159624537 -0.30901180323881433
v 0.015481810746975112 -0.10209623546774811 -0.32333802839456516
v 0.13164458607160753 -0.1072805577109683 -0.2484626726748842
v 0.05266897665676795 -0.09306896221518873 -0.3338005761807902
v 0.009619798701779609 -0.10478926428958026 -0.3285522032118488
v 0.029359904923805864 -0.09776236099840523 -0.3151575666855404
v -0.007613276094335681 -0.10010675165127612 -0.331960252809155
v 0.003333105364371608 -0.10751201301374742 -0.3344975965624586
v -0.017523514143697867 -0.12698421298513315 -0.35787866843553834
v 0.06770202989007784 -0.06461786013190629 -0.2446644815247068
v 0.027929581303772558 -0.10599984431944733 -0.3282061128435317
v 0.0517491819786274 -0.07856650196186632 -0.3235153126481234
v 0.11620112817930374 -0.050557556188971835 -0.22880995520483408
v -0.03858842550632634 -0.10363742182581126 -0.3143153715072075
v -0.0585996958515377 -0.14222295094449566 -0.269379068181948
v -0.1282920946705481 -0.17603260868789758 -0.2918173439326713
v 0.12733956225361256 -0.07167516214829284 -0.27725470870853697
v -0.0005815460249929279 -0.09662099942182381 -0.3735412554759257
v 0.03080048652414589 -0.07187065146173768 -0.3761993039369091
v -0.07005839768968498 -0.1343020054084502 -0.31773214419406276
v 0.22248312989762745 -0.04253184264960658 -0.20722303472797787
v 0.0355753337415474 -0.09887168831984496 -0.3253148899709451
v -0.0686237660425793 -0.13870710274641027 -0.3022263992823894
v -0.020564127607629136 -0.12267516137838218 -0.2893731772806969
t 0 1303 23 1404
t 0 1303 209 137
t 0 1297 209 557
t 0 1297 63 557
t 0 23 1404 63
t 0 1404 665 1416
t 1 762 563 1086
t 1 1069 255 1162
t 1 959 563 398
t 1 497 10 49
t 1 497 49 398
t 1 497 255 398
t 1 820 398 1162
t 1 49 255 1086
t 2 1377 61 430
t 2 1377 76 656
t 2 1377 1212 344
t 2 61 1176 430
t 2 61 1176 95
t 2 61 1267 1053
t 2 61 95 1212
t 2 76 1176 1053
t 2 1176 430 1267
t 2 1176 430 1053
t 2 1176 1267 434
t 2 1176 95 656
t 2 430 434 95
t 2 430 1053 344
t 3 1199 711 51
t 3 711 893 653
t 3 711 653 51
t 3 711 1306 267
t 3 926 893 267
t 3 893 51 1154
t 3 653 51 1154
t 3 53 924 1306
t 4 1126 109 1246
t 4 1126 642 703
t 4 1126 726 206
t 4 109 231 726
t 4 109 231 1246
t 4 109 726 609
t 4 109 1145 703
t 4 231 609 1202
t 5 803 558 282
t 5 1412 138 1472
t 5 1412 138 68
t 5 138 1370 1472
t 5 138 77 282
t 5 1051 1488 1472
t 5 1051 77 68
t 5 558 1370 1472
t 5 558 1488 282
t 5 1488 77 1472
t 5 77 282 571
t 5 282 1472 571
t 6 811 1079 8
t 6 811 1378 1166
t 6 811 1166 1302
t 6 811 1166 1324
t 6 1079 505 1467
t 6 1378 1166 1302
t 6 1378 1302 1324
t 6 1378 1302 505
t 6 1489 1166 162
t 6 8 162 505
t 6 1166 505 1467
t 6 414 505 1467
t 7 1448 824 628
t 7 1448 400 1369
t 7 1448 400 147
t 7 1448 1264 862
t 7 855 824 628
t 7 855 628 280
t 7 824 1264 280
t 7 1264 1369 280
t 7 1369 147 628
t 7 1369 147 280
t 8 629 1079 414
t 8 629 1079 811
t 8 629 811 969
t 8 629 6 242
t 8 629 1378 242
t 8 1079 811 6
t 8 1079 811 969
t 8 1079 6 222
t 8 1079 6 1378
t 8 1079 969 1378
t 8 414 6 969
t 8 414 969 222
t 8 1398 811 854
t 8 6 969 854
t 8 6 222 242
t 8 969 1378 242
t 9 1189 164 415
t 9 1189 415 863
t 9 1189 415 713
t 9 1189 863 40
t 9 1189 612 713
t 9 164 612 1039
t 9 164 713 40
t 9 415 863 816
t 9 863 1389 1039
t 9 863 816 40
t 9 863 713 1039
t 9 1389 816 1039
t 9 816 1355 612
t 9 1355 612 713
t 10 1 1069 255
t 10 1 1165 497
t 10 1 398 497
t 10 1069 255 1211
t 10 1069 1156 398
t 10 762 959 1165
t 10 762 1156 1165
t 10 762 1156 1211
t 10 843 255 398
t 10 255 1156 497
t 10 959 1165 398
t 10 1156 1165 497
t 11 988 462 361
t 11 988 72 300
t 11 988 1428 1219
t 11 988 28 300
t 11 462 1219 681
t 11 72 1428 28
t 11 941 361 28
t 11 1428 361 681
t 12 658 1160 885
t 12 481 595 954
t 12 481 1160 436
t 12 595 1160 193
t 12 832 202 759
t 12 832 436 224
t 12 202 436 759
t 12 202 885 224
t 13 230 471 225
t 13 230 1414 225
t 13 230 1414 1053
t 13 230 1364 1053
t 13 230 1181 1053
t 13 230 225 1229
t 13 230 1053 1229
t 13 1009 1414 840
t 13 1009 830 1181
t 13 471 1414 225
t 13 471 1364 1053
t 13 471 225 1053
t 13 830 1181 840
t 13 830 110 1053
t 13 1364 110 1053
t 13 1181 110 1229
t 13 1181 110 840
t 14 1345 732 1032
t 14 1345 1090 98
t 14 1345 1090 968
t 14 1345 915 617
t 14 1391 915 274
t 14 1391 98 1032
t 14 1207 1435 617
t 14 732 1435 915
t 14 1090 274 968
t 14 1090 1032 968
t 14 915 98 968
t 14 274 1032 968
t 15 1269 103 1297
t 15 1269 557 1297
t 15 1269 557 902
t 15 103 978 950
t 15 103 1395 1270
t 15 978 1270 902
t 15 950 902 277
t 15 950 1389 277
t 15 624 1270 1389
t 15 624 1270 277
t 16 1138 96 607
t 16 1138 119 218
t 16 1251 94 119
t 16 1251 1483 1296
t 16 518 96 119
t 16 94 446 1296
t 16 446 1483 619
t 16 119 218 607
t 16 119 619 607
t 17 90 99 1210
t 17 90 1157 731
t 17 90 1210 1494
t 17 90 731 1494
t 17 99 1157 804
t 17 99 1157 731
t 17 99 1157 1494
t 17 99 903 1494
t 17 99 804 1494
t 17 99 1494 1203
t 18 485 1016 1381
t 18 485 1016 869
t 18 485 81 869
t 18 1144 977 1381
t 18 1144 1381 925
t 18 1016 869 1443
t 18 81 977 925
t 18 81 1183 303
t 18 977 802 1443
t 18 1381 925 869
t 18 1381 303 1443
t 19 74 1227 1454
t 19 1170 493 141
t 19 1170 1227 935
t 19 1170 480 1489
t 19 306 493 1227
t 19 306 1227 141
t 19 85 1227 1489
t 20 637 269 581
t 20 637 201 948
t 20 637 907 491
t 20 269 201 907
t 20 201 428 491
t 20 581 948 491
t 20 581 948 673
t 20 907 948 673
t 20 501 948 673
t 20 948 1048 778
t 21 866 972 1102
t 21 866 1220 1427
t 21 972 1265 1317
t 21 972 1265 756
t 21 972 1265 1102
t 21 972 1265 1427
t 21 972 1021 584
t 21 858 1220 1399
t 21 858 584 1427
t 21 1220 756 584
t 21 1021 1399 1102
t 21 1317 756 1427
t 21 1317 1102 1427
t 22 514 794 620
t 22 514 650 235
t 22 1225 1186 794
t 22 1225 794 235
t 22 943 1450 1393
t 22 943 794 235
t 22 943 1393 235
t 22 408 650 620
t 23 324 137 881
t 23 324 24 852
t 23 324 0 852
t 23 1303 169 421
t 23 169 137 1443
t 23 169 24 1443
t 23 604 24 1443
t 24 421 665 339
t 24 421 23 1363
t 24 665 339 137
t 24 665 324 1303
t 24 339 23 169
t 24 1060 169 335
t 24 23 1363 1303
t 24 335 881 1303
t 25 1171 1340 240
t 25 89 358 877
t 25 89 160 1410
t 25 1340 160 1333
t 25 1340 160 1410
t 25 358 240 1333
t 25 160 1146 1333
t 25 240 910 1410
t 25 1386 1146 1333
t 25 1386 1146 910
t 26 942 1347 519
t 26 942 1347 741
t 26 942 58 1134
t 26 942 519 1134
t 26 1347 190 298
t 26 1347 190 519
t 26 1347 190 1437
t 26 58 1134 393
t 26 190 298 1077
t 26 298 1134 741
t 26 1437 748 393
t 27 976 932 941
t 27 976 996 72
t 27 976 996 361
t 27 932 1219 484
t 27 932 1219 941
t 27 932 643 941
t 27 1219 72 941
t 27 1219 941 28
t 27 484 996 941
t 27 484 996 361
t 27 643 361 28
t 28 1428 300 11
t 28 1428 11 932
t 28 361 681 941
t 28 361 736 988
t 28 681 736 941
t 28 681 736 11
t 28 681 941 553
t 28 681 941 988
t 28 736 891 932
t 28 397 553 11
t 28 397 891 988
t 28 941 553 891
t 29 108 1169 1419
t 29 108 477 78
t 29 108 1419 1123
t 29 108 455 1123
t 29 1169 477 78
t 29 1169 666 455
t 29 1169 666 148
t 29 305 666 1123
t 29 305 1419 1123
t 29 666 1419 1123
t 29 1419 148 78
t 29 380 78 1123
t 30 1029 873 1361
t 30 1029 1361 1137
t 30 1029 195 1137
t 30 489 627 1005
t 30 489 873 808
t 30 489 195 808
t 30 489 435 1494
t 30 321 627 1361
t 30 321 873 1361
t 30 321 195 808
t 30 321 435 1137
t 30 627 195 1137
t 30 627 195 1005
t 30 873 1361 1005
t 30 1361 195 1137
t 30 1137 808 1005
t 31 1301 161 1278
t 31 1301 161 1289
t 31 1301 483 1307
t 31 368 483 1307
t 31 1025 1307 528
t 32 965 1338 751
t 32 965 367 892
t 32 965 806 892
t 32 1338 367 806
t 32 1338 1136 1352
t 32 1261 1136 827
t 32 1261 1352 892
t 32 1261 806 892
t 32 1261 892 879
t 32 367 1136 1352
t 32 367 806 879
t 33 1067 912 630
t 33 1067 998 323
t 33 1067 34 800
t 33 1312 912 323
t 33 1312 912 288
t 33 1312 403 1193
t 33 912 34 403
t 33 912 34 800
t 33 912 288 189
t 33 912 403 189
t 33 912 800 630
t 33 998 800 630
t 33 34 800 630
t 33 323 288 189
t 33 288 1193 630
t 34 288 33 283
t 34 288 1193 323
t 34 288 283 203
t 34 288 283 998
t 34 283 203 189
t 34 283 189 998
t 34 424 403 203
t 34 403 203 189
t 34 203 189 998
t 34 203 189 912
t 35 1118 333 1425
t 35 1118 333 309
t 35 1118 1425 862
t 35 1118 795 198
t 35 1118 855 309
t 35 1299 1264 795
t 35 1299 1425 862
t 35 345 309 198
t 35 795 855 1318
t 36 494 283 1262
t 36 494 1262 1475
t 36 494 1475 203
t 36 775 858 21
t 36 775 866 21
t 36 283 653 21
t 36 1262 858 267
t 37 1072 1319 422
t 37 1072 1319 88
t 37 1072 1319 150
t 37 1072 1132 88
t 37 1072 1132 457
t 37 1072 1132 791
t 37 1072 150 791
t 37 1319 422 86
t 37 1319 1132 150
t 37 1319 567 1114
t 37 1319 150 86
t 37 422 88 457
t 37 550 1114 88
t 37 550 86 457
t 37 1132 150 457
t 38 936 1107 241
t 38 936 848 241
t 38 936 1143 1273
t 38 936 1143 430
t 38 936 1124 241
t 38 936 1124 430
t 38 936 1273 1053
t 38 962 1143 1053
t 38 962 1053 241
t 38 962 241 430
t 38 1107 1143 364
t 38 1107 1124 1053
t 38 1107 1273 1053
t 38 848 1143 1273
t 38 848 1053 241
t 38 1143 1273 430
t 38 188 1273 1053
t 38 1124 1273 430
t 39 458 560 915
t 39 458 560 14
t 39 458 633 1453
t 39 458 1453 14
t 39 560 1090 317
t 39 560 1090 633
t 39 560 633 1070
t 39 560 1070 14
t 39 1090 633 1207
t 39 1090 1453 913
t 39 1090 1207 14
t 39 317 1207 14
t 40 662 901 950
t 40 662 63 1404
t 40 662 950 209
t 40 901 902 612
t 40 1189 1123 1404
t 40 1189 992 624
t 40 1123 63 950
t 40 950 612 1404
t 40 992 624 209
t 41 466 451 1437
t 41 466 493 1332
t 41 466 85 523
t 41 466 523 844
t 41 451 910 1065
t 41 451 910 844
t 41 451 493 1437
t 41 451 85 523
t 41 451 85 1437
t 41 1170 1161 1437
t 41 1170 1437 844
t 41 1161 523 844
t 41 493 523 1437
t 41 85 1065 1437
t 41 85 1332 844
t 42 208 1185 1041
t 42 208 1041 705
t 42 208 419 705
t 42 208 1325 705
t 42 1185 239 705
t 42 239 651 704
t 42 419 705 1421
t 42 651 705 704
t 42 1325 705 704
t 42 705 1421 704
t 43 883 112 1482
t 43 883 598 591
t 43 112 503 139
t 43 112 348 887
t 43 598 887 1130
t 43 591 503 348
t 43 503 1130 139
t 44 467 872 1080
t 44 467 1080 315
t 44 467 175 1447
t 44 872 1080 490
t 44 355 1080 175
t 44 355 1341 566
t 44 1080 221 1447
t 44 1080 315 175
t 44 1341 221 566
t 44 1341 490 175
t 45 696 212 1210
t 45 696 90 839
t 45 461 154 1210
t 45 461 154 90
t 45 212 154 90
t 45 212 1210 839
t 45 1062 90 839
t 45 1187 1210 90
t 45 1187 1210 839
t 45 154 1210 839
t 46 265 1099 260
t 46 265 680 260
t 46 1099 49 579
t 46 1099 680 579
t 46 49 680 520
t 46 680 579 260
t 46 1162 959 563
t 46 1162 563 260
t 46 959 520 261
t 47 687 290 592
t 47 687 322 305
t 47 687 964 925
t 47 290 592 477
t 47 322 148 1169
t 47 322 305 477
t 47 592 148 925
t 47 592 683 1169
t 47 148 683 305
t 47 683 964 305
t 47 683 305 477
t 47 305 477 925
t 48 85 547 1170
t 48 580 547 782
t 48 580 594 782
t 48 547 1095 782
t 48 1499 594 162
t 48 594 357 1095
t 48 594 1170 1095
t 48 834 1170 782
t 49 820 1099 661
t 49 820 1162 1069
t 49 820 255 1069
t 49 820 46 1
t 49 820 46 563
t 49 1099 959 661
t 49 1099 959 762
t 49 1099 1162 1
t 49 1099 579 563
t 49 1099 579 661
t 49 959 1162 762
t 49 959 579 46
t 49 959 1 563
t 49 1162 563 762
t 49 255 46 661
t 49 255 1069 762
t 49 46 1069 661
t 50 1362 842 176
t 50 842 1208 176
t 50 52 251 1208
t 50 1246 1372 938
t 50 1246 1372 1208
t 50 1246 1372 176
t 50 1372 251 1011
t 50 1372 251 1167
t 50 1372 938 1167
t 50 251 938 642
t 51 1154 926 334
t 51 1154 1199 334
t 51 926 893 3
t 51 926 1199 53
t 51 893 924 349
t 51 893 1199 459
t 51 711 53 459
t 51 924 1199 427
t 51 3 53 427
t 51 3 459 427
t 52 1011 316 109
t 52 1208 1362 1246
t 52 1362 1020 703
t 52 176 1246 703
t 52 316 1246 109
t 53 1473 1481 1154
t 53 1473 1481 639
t 53 1473 1481 924
t 53 1473 1154 51
t 53 1473 639 898
t 53 1481 924 1199
t 53 1154 639 898
t 53 1154 924 926
t 53 51 3 924
t 53 51 898 1199
t 53 3 639 861
t 53 427 926 1199
t 53 861 926 1199
t 54 561 71 272
t 54 561 834 1340
t 54 276 1386 272
t 54 276 301 272
t 54 1238 160 272
t 54 160 1386 834
t 54 160 1499 1340
t 54 160 71 1340
t 54 1499 834 272
t 54 71 834 272
t 55 1352 199 286
t 55 1352 1175 892
t 55 1352 1282 286
t 55 1352 545 1049
t 55 199 1175 1409
t 55 199 1040 1215
t 55 1175 1282 892
t 55 1175 1282 1049
t 55 1175 1040 892
t 55 1175 286 1215
t 55 1409 827 286
t 55 1040 892 286
t 55 1040 827 545
t 55 827 1215 1049
t 56 1492 921 1349
t 56 1492 921 1177
t 56 1492 292 1430
t 56 1492 1177 621
t 56 1492 934 247
t 56 1492 1022 611
t 56 1492 611 621
t 56 921 256 1022
t 56 1349 256 611
t 56 1349 934 247
t 56 292 256 1177
t 56 292 256 934
t 56 292 256 1430
t 56 292 611 621
t 56 1022 1430 247
t 57 410 765 27
t 57 410 643 171
t 57 788 72 765
t 57 788 765 171
t 57 788 1491 27
t 57 976 765 171
t 57 976 1491 1219
t 57 976 1491 27
t 57 976 171 941
t 57 976 171 462
t 57 72 765 462
t 57 72 1219 941
t 57 765 643 171
t 57 1219 27 171
t 58 942 298 506
t 58 942 26 1347
t 58 942 1347 214
t 58 942 214 506
t 58 942 506 1122
t 58 298 26 564
t 58 26 190 519
t 58 1437 1347 506
t 58 1437 214 506
t 58 1437 214 1122
t 58 543 564 214
t 58 543 190 1122
t 58 190 214 519
t 59 609 950 1183
t 59 902 527 950
t 59 902 1045 624
t 59 527 1045 455
t 59 527 950 1123
t 59 557 1123 455
t 60 775 267 36
t 60 775 285 771
t 60 775 1018 283
t 60 775 1063 36
t 60 1018 1248 36
t 60 1063 1248 771
t 61 76 437 434
t 61 2 1377 656
t 61 344 1377 1176
t 61 437 434 230
t 61 1377 1176 230
t 61 656 434 1115
t 62 268 763 1087
t 62 117 922 837
t 62 922 837 1422
t 62 837 588 1422
t 63 1404 662 1123
t 63 1404 1416 902
t 63 901 902 1123
t 63 901 40 209
t 63 662 557 1123
t 63 1416 40 1266
t 63 1416 557 1297
t 63 902 40 1266
t 63 902 209 1266
t 63 902 209 1297
t 63 902 557 1266
t 63 40 209 1266
t 63 40 1123 1297
t 64 1458 1055 210
t 64 1458 303 909
t 64 1458 1007 909
t 64 1006 1055 431
t 64 1006 508 431
t 64 1006 508 1007
t 64 850 431 909
t 64 850 1007 210
t 64 850 1007 702
t 64 850 210 702
t 64 1055 431 909
t 64 431 303 702
t 64 431 1007 210
t 65 1190 713 1312
t 65 1190 1100 156
t 65 713 1100 631
t 65 713 415 1312
t 65 601 164 631
t 65 601 415 82
t 65 524 164 415
t 65 164 1100 156
t 66 586 262 817
t 66 586 746 1174
t 66 586 666 173
t 66 586 790 1273
t 66 262 746 1268
t 66 666 790 173
t 66 1174 790 1273
t 66 1268 790 1273
t 66 1268 173 1273
t 67 1096 1191 258
t 67 1096 582 465
t 67 1096 981 575
t 67 1010 582 465
t 67 1010 465 575
t 67 1236 312 582
t 67 605 1191 258
t 67 605 312 582
t 67 605 465 981
t 67 605 1360 258
t 67 1191 465 258
t 67 312 258 575
t 67 465 981 258
t 67 1360 981 575
t 68 1125 332 1436
t 68 1125 250 1201
t 68 1472 1201 138
t 68 1472 138 583
t 68 1472 1436 107
t 68 332 250 583
t 68 539 250 1436
t 68 539 138 1436
t 68 250 138 583
t 68 1201 1488 583
t 68 138 1488 583
t 69 1315 957 1392
t 69 1315 1392 1058
t 69 957 343 326
t 69 343 1392 1058
t 69 1392 1476 326
t 69 1392 1058 749
t 70 1298 767 250
t 70 1298 1442 392
t 70 1298 539 392
t 70 738 583 392
t 70 1131 767 245
t 70 1131 245 1442
t 70 1131 1442 392
t 70 767 1159 640
t 70 767 640 583
t 70 767 583 392
t 70 767 245 392
t 70 245 250 392
t 71 594 739 1081
t 71 594 1081 910
t 71 739 580 561
t 71 739 580 272
t 71 739 1499 48
t 71 580 1499 1081
t 71 580 162 910
t 71 466 561 272
t 71 466 272 910
t 71 466 1499 910
t 71 561 162 85
t 71 272 162 910
t 72 1219 462 361
t 72 941 410 976
t 72 462 57 932
t 72 462 643 988
t 72 462 988 361
t 72 57 976 932
t 72 643 988 1428
t 72 410 988 1428
t 72 410 976 932
t 73 702 478 1286
t 73 478 1286 1076
t 73 478 1334 1076
t 73 1006 1055 1076
t 73 1286 1076 64
t 73 1286 1076 909
t 73 1334 1407 909
t 73 1334 1076 909
t 74 306 1170 85
t 74 306 141 1454
t 74 306 543 214
t 74 19 505 543
t 74 19 935 85
t 74 1170 141 935
t 74 1170 543 1454
t 74 141 935 543
t 74 1489 85 214
t 74 1489 543 1454
t 74 85 543 1454
t 75 1396 1380 111
t 75 1396 1380 464
t 75 1396 111 1214
t 75 1396 111 464
t 75 1396 1214 464
t 75 1380 500 576
t 75 1380 576 1230
t 75 111 500 576
t 75 111 1401 1214
t 75 500 861 1214
t 75 1401 464 1230
t 75 861 1230 753
t 75 1214 1230 119
t 76 61 2 656
t 76 344 211 437
t 76 95 434 1254
t 76 95 211 1254
t 76 2 1377 211
t 76 2 761 656
t 76 1377 434 211
t 76 1377 434 1287
t 76 434 761 656
t 77 352 5 115
t 77 352 5 136
t 77 352 138 906
t 77 352 906 1221
t 77 352 906 558
t 77 5 115 138
t 77 5 115 1221
t 77 5 803 136
t 77 115 803 1221
t 77 115 803 191
t 77 138 803 906
t 77 138 803 191
t 77 138 906 191
t 77 138 1221 191
t 77 138 443 191
t 77 803 906 1221
t 77 906 136 443
t 77 1221 136 282
t 78 549 612 108
t 78 549 108 992
t 78 549 108 40
t 78 549 1123 816
t 78 612 108 992
t 78 612 275 1189
t 78 91 1123 992
t 78 91 40 29
t 78 104 108 40
t 78 104 275 816
t 78 108 1123 40
t 78 992 40 816
t 78 275 816 1189
t 78 275 816 29
t 79 717 853 535
t 79 717 429 1042
t 79 232 1110 372
t 79 1110 684 1042
t 80 205 371 114
t 80 205 189 323
t 80 205 323 114
t 80 1158 323 1272
t 80 1158 114 998
t 80 949 882 998
t 80 114 882 1272
t 81 1144 1405 925
t 81 18 977 1016
t 81 18 1405 1016
t 81 18 1405 1331
t 81 183 1381 925
t 81 977 1331 925
t 81 604 303 1331
t 81 303 1331 925
t 82 601 631 531
t 82 601 156 998
t 82 601 186 323
t 82 601 531 1100
t 82 601 65 323
t 82 631 630 531
t 82 631 630 65
t 82 630 403 1100
t 82 630 186 998
t 82 630 65 323
t 82 156 403 424
t 82 156 186 323
t 82 403 531 65
t 82 403 531 323
t 82 998 65 323
t 83 884 624 950
t 83 884 624 1411
t 83 884 950 1116
t 83 884 1116 1411
t 83 884 1116 863
t 83 423 624 863
t 83 423 1013 1411
t 83 950 978 15
t 83 1013 978 1411
t 83 978 1411 1189
t 83 1116 15 1189
t 83 1411 816 863
t 83 1411 15 1189
t 84 509 251 91
t 84 509 104 610
t 84 509 1372 1356
t 84 1167 108 1356
t 84 275 721 1372
t 84 251 610 721
t 84 104 610 108
t 84 104 721 1356
t 84 610 721 1372
t 84 676 91 1372
t 85 1170 594 162
t 85 1170 162 523
t 85 1489 48 935
t 85 1489 466 41
t 85 1489 162 523
t 85 1489 19 41
t 85 48 523 41
t 85 594 580 19
t 85 466 74 935
t 85 466 74 523
t 86 256 153 1022
t 86 256 153 921
t 86 256 654 621
t 86 256 1430 621
t 86 256 621 88
t 86 153 1022 88
t 86 153 921 934
t 86 153 1319 88
t 86 153 150 769
t 86 153 769 1430
t 86 153 769 88
t 86 921 654 621
t 86 921 654 88
t 86 654 934 1319
t 86 654 150 1430
t 86 654 769 88
t 86 654 1430 88
t 86 934 769 621
t 86 150 769 88
t 86 769 1430 88
t 86 769 621 88
t 87 751 806 599
t 87 751 806 545
t 87 751 806 827
t 87 751 545 1003
t 87 806 1228 32
t 87 806 1228 783
t 87 806 1338 1003
t 87 1228 1338 827
t 87 1228 879 599
t 87 1338 879 827
t 87 599 32 827
t 88 1148 145 1022
t 88 1148 860 1430
t 88 1148 567 654
t 88 153 899 860
t 88 153 145 875
t 88 153 654 1022
t 88 153 654 401
t 88 145 860 401
t 88 145 567 875
t 88 145 875 654
t 88 145 654 1022
t 88 145 1430 401
t 88 860 875 654
t 88 860 654 401
t 89 877 25 240
t 89 877 25 358
t 89 877 240 1171
t 89 877 240 1333
t 89 877 910 1171
t 89 25 488 1261
t 89 488 1171 1333
t 89 240 1261 1340
t 89 240 358 1333
t 89 1261 1171 358
t 89 910 1074 451
t 90 1210 99 210
t 90 1062 99 1203
t 90 1062 903 974
t 90 1494 99 903
t 90 1494 1157 804
t 90 99 1157 804
t 90 99 542 804
t 90 1157 542 974
t 90 542 804 1203
t 90 542 903 974
t 91 134 275 198
t 91 275 816 1013
t 91 275 721 297
t 91 104 612 1013
t 91 104 612 297
t 91 78 816 423
t 91 78 721 198
t 91 612 1013 721
t 91 1013 297 423
t 91 1013 297 198
t 92 764 201 289
t 92 764 201 1009
t 92 1216 1371 930
t 92 1085 930 269
t 92 491 840 930
t 92 840 201 289
t 92 840 710 1009
t 92 1371 201 1009
t 92 930 710 289
t 92 930 710 1009
t 93 243 1426 417
t 93 773 982 135
t 93 224 982 476
t 93 224 1182 908
t 93 1426 982 759
t 93 1426 982 135
t 93 1426 417 908
t 93 982 135 885
t 93 982 135 1182
t 93 982 885 908
t 93 476 135 1182
t 94 1323 619 1251
t 94 1323 619 1337
t 94 1323 1251 16
t 94 1323 1251 591
t 94 1323 16 591
t 94 1323 1440 1337
t 94 1323 591 1130
t 94 619 1296 607
t 94 619 1296 1130
t 94 16 1440 591
t 94 16 591 446
t 94 16 1337 607
t 94 16 446 1130
t 95 1254 1287 606
t 95 1254 1070 537
t 95 1254 1377 344
t 95 1287 76 1377
t 95 1287 76 537
t 95 1287 761 606
t 95 76 344 2
t 95 761 1377 2
t 95 761 606 2
t 95 1070 61 537
t 95 606 61 537
t 96 1251 16 867
t 96 1251 607 94
t 96 1251 1138 187
t 96 16 607 446
t 96 16 94 867
t 96 16 1296 1323
t 96 607 94 867
t 96 607 446 867
t 96 399 94 446
t 96 399 1138 1296
t 96 399 1138 867
t 96 1138 1296 867
t 96 1296 1323 446
t 96 1323 446 619
t 97 638 1423 1105
t 97 1423 281 678
t 97 1423 544 140
t 97 1423 544 678
t 97 1105 178 281
t 97 1105 178 544
t 97 347 151 140
t 97 347 151 678
t 98 1391 675 559
t 98 1391 979 1464
t 98 1391 1032 985
t 98 1391 559 985
t 98 1391 856 237
t 98 675 979 559
t 98 979 173 559
t 98 173 1090 559
t 98 1090 559 237
t 98 1032 985 237
t 99 1157 508 731
t 99 1157 731 850
t 99 17 903 850
t 99 17 64 850
t 99 17 850 727
t 99 508 731 850
t 99 508 731 727
t 99 508 731 974
t 99 731 64 727
t 99 731 1458 974
t 99 903 850 974
t 99 903 1458 1474
t 99 903 1474 974
t 99 64 850 727
t 99 727 1474 974
t 100 175 566 202
t 100 175 1080 832
t 100 1447 872 490
t 100 1447 467 202
t 100 566 872 490
t 100 566 540 1360
t 100 872 540 202
t 100 1080 490 202
t 100 1080 1360 44
t 100 490 832 44
t 100 490 1360 202
t 100 490 202 44
t 100 1360 202 44
t 101 917 1149 825
t 101 159 1149 1304
t 101 159 1429 825
t 101 159 720 825
t 101 698 1429 1304
t 101 1149 1429 720
t 101 720 1092 1059
t 101 1092 821 1059
t 102 1058 1030 295
t 102 1197 519 923
t 102 1197 1247 295
t 102 1197 295 923
t 102 519 1030 295
t 102 519 379 1476
t 102 1030 1347 1476
t 102 1030 379 326
t 102 1030 589 295
t 102 1347 1247 1476
t 102 1347 326 1476
t 102 1347 589 295
t 102 379 1476 295
t 102 1247 589 1476
t 103 1269 978 1116
t 103 1269 978 624
t 103 1269 277 1389
t 103 1269 1297 1189
t 103 15 978 1389
t 103 15 1297 624
t 103 277 1395 1189
t 103 1389 1395 1189
t 103 1116 1297 1189
t 103 1116 950 209
t 103 1116 1189 624
t 103 1116 1189 209
t 104 251 84 108
t 104 251 1167 1036
t 104 91 509 84
t 104 91 509 1246
t 104 91 108 1246
t 104 275 509 108
t 104 275 509 1246
t 104 275 84 108
t 104 509 84 108
t 104 84 176 1036
t 104 84 176 1246
t 104 84 108 549
t 105 1460 1441 1367
t 105 1460 1367 492
t 105 1441 226 217
t 105 1441 1367 217
t 105 226 664 927
t 105 874 234 217
t 105 874 1367 664
t 105 234 1367 697
t 105 234 217 697
t 106 931 871 522
t 106 931 871 1468
t 106 931 522 1468
t 106 927 1465 1367
t 106 927 871 1468
t 106 1465 1433 522
t 106 871 522 1468
t 106 646 522 792
t 106 646 522 1367
t 106 646 1468 1211
t 107 672 1168 966
t 107 1402 273 227
t 107 1402 539 1274
t 107 273 1125 919
t 107 227 1125 919
t 107 1168 228 1274
t 107 539 966 168
t 107 539 966 1274
t 107 168 228 1274
t 108 758 78 84
t 108 29 676 1169
t 108 29 676 380
t 108 29 1169 305
t 108 29 78 1167
t 108 29 78 84
t 108 29 78 251
t 108 29 1167 380
t 108 676 237 380
t 108 676 237 84
t 108 1169 78 275
t 108 1169 1167 251
t 108 305 1167 251
t 108 305 275 251
t 108 1167 380 84
t 109 4 726 52
t 109 4 1145 176
t 109 642 1246 1202
t 109 642 1246 726
t 109 1223 1246 52
t 109 1223 703 726
t 109 1223 703 176
t 109 1223 703 231
t 109 1246 176 231
t 109 703 726 52
t 109 1126 1202 1145
t 109 726 176 231
t 110 644 471 225
t 110 1229 1364 930
t 110 1229 230 930
t 110 13 225 930
t 110 13 230 930
t 110 1181 1009 230
t 110 1181 1414 225
t 110 1181 225 230
t 110 1009 1414 225
t 110 1009 471 930
t 111 1396 1401 861
t 111 1396 500 576
t 111 1396 75 861
t 111 1396 753 1431
t 111 1401 75 1431
t 111 1401 75 119
t 111 1380 1431 861
t 112 43 591 1482
t 112 43 348 1240
t 112 43 1255 598
t 112 43 730 598
t 112 498 883 1482
t 112 498 883 348
t 112 498 1482 1255
t 112 498 348 125
t 112 883 1281 1255
t 112 591 1255 125
t 112 348 1240 598
t 113 1485 1290 994
t 113 1485 966 994
t 113 1290 966 1313
t 113 1061 1461 571
t 113 1061 648 994
t 113 868 994 719
t 114 882 949 800
t 114 882 1193 313
t 114 882 1222 80
t 114 949 1140 1222
t 114 463 699 1140
t 114 463 699 80
t 114 463 1193 313
t 115 1221 993 1112
t 115 1221 1112 138
t 115 1221 1295 995
t 115 993 1112 77
t 115 993 1112 504
t 115 993 1295 737
t 115 993 995 138
t 115 993 737 504
t 115 136 1112 77
t 115 136 737 1436
t 115 1112 77 138
t 115 1112 504 1436
t 115 77 737 504
t 116 1376 393 442
t 116 1376 748 1077
t 116 1376 748 1332
t 116 1376 568 807
t 116 1376 807 383
t 116 393 442 807
t 116 393 1077 388
t 116 393 940 383
t 116 442 748 383
t 116 748 1077 1198
t 116 748 568 388
t 116 748 388 940
t 116 1077 1332 383
t 116 1077 807 1198
t 117 922 177 991
t 117 922 177 268
t 117 922 177 1327
t 117 922 62 1087
t 117 922 1231 536
t 117 922 695 1087
t 117 177 536 1087
t 117 991 1231 1087
t 117 991 1327 1422
t 117 991 1327 536
t 117 1231 1082 1087
t 118 1113 1472 1201
t 118 1472 352 250
t 118 1472 558 1015
t 118 1472 1309 1015
t 118 1201 1309 1341
t 118 1201 1309 250
t 118 1201 221 1341
t 118 1201 1488 1015
t 118 352 1309 149
t 118 558 1488 250
t 119 518 500 218
t 119 518 218 1483
t 119 518 1138 1483
t 119 518 1138 677
t 119 518 1483 446
t 119 518 16 677
t 119 576 1380 1050
t 119 576 1380 677
t 119 500 1138 1050
t 119 500 1483 16
t 119 218 16 111
t 119 1380 1138 1050
t 119 1380 446 677
t 119 1483 446 111
t 120 964 146 938
t 120 964 146 1372
t 120 964 842 687
t 120 964 938 47
t 120 964 1372 642
t 120 964 1145 642
t 120 322 842 1145
t 120 322 938 1169
t 120 322 1372 1169
t 120 146 1419 1372
t 120 146 938 642
t 120 146 687 1372
t 120 1419 842 1372
t 120 938 47 1372
t 121 904 660 787
t 121 904 838 915
t 121 342 1348 915
t 121 342 915 39
t 121 1343 838 386
t 121 1343 838 960
t 121 1343 386 915
t 121 1343 915 960
t 121 838 386 960
t 122 786 412 223
t 122 233 1285 622
t 122 233 1285 1272
t 122 233 1444 1272
t 122 1285 1147 1098
t 122 1444 1147 1272
t 122 1147 1355 1098
t 123 432 158 425
t 123 432 158 1176
t 123 432 425 482
t 123 474 1212 482
t 123 474 1317 482
t 123 158 1212 1317
t 123 158 425 656
t 123 158 656 317
t 123 158 1317 1176
t 123 158 1317 756
t 123 1212 656 482
t 123 1212 317 756
t 123 425 1317 1176
t 123 425 1176 482
t 123 1377 1176 756
t 123 656 1176 482
t 123 317 1317 482
t 123 1317 756 482
t 124 1415 1130 428
t 124 1415 1483 139
t 124 677 1130 1184
t 124 677 1130 598
t 124 1130 1230 428
t 124 1130 598 139
t 124 503 1483 139
t 124 503 1230 598
t 124 1311 598 428
t 125 447 772 1224
t 125 975 730 883
t 125 975 126 1224
t 125 772 730 391
t 125 772 348 139
t 125 730 1240 1482
t 125 1240 139 883
t 126 391 1224 663
t 126 772 1353 1224
t 126 772 975 125
t 126 772 730 482
t 126 1353 447 125
t 126 1224 447 663
t 126 1224 975 663
t 126 975 663 482
t 127 194 1276 1024
t 127 194 735 997
t 127 194 997 1002
t 127 1339 1276 735
t 127 1339 997 215
t 127 1339 284 1024
t 127 1339 1008 436
t 127 668 735 1024
t 127 668 997 1024
t 127 668 997 215
t 127 668 997 1002
t 127 668 997 436
t 127 668 215 1002
t 127 1276 1024 215
t 127 735 1024 215
t 127 997 284 1008
t 127 997 284 436
t 128 1449 983 809
t 128 1449 983 337
t 128 1449 472 1034
t 128 1449 1263 981
t 128 1449 1034 1026
t 128 1449 337 1236
t 128 983 1034 1236
t 128 983 337 1236
t 128 983 337 1026
t 128 472 981 1236
t 128 1263 981 1236
t 128 1034 981 1026
t 128 1034 981 1413
t 128 809 981 1026
t 129 291 602 1204
t 129 1194 602 569
t 129 1194 984 1128
t 129 1194 511 1204
t 129 602 1128 1028
t 129 1457 1028 1204
t 129 984 1028 511
t 129 984 569 1204
t 129 984 511 1204
t 130 507 328 1436
t 130 1403 737 1083
t 130 1403 1083 328
t 130 1403 292 1436
t 130 315 737 292
t 130 737 1319 611
t 130 292 247 611
t 130 247 1436 611
t 131 952 166 348
t 131 952 787 660
t 131 952 139 598
t 131 952 598 780
t 131 420 348 883
t 131 420 139 660
t 131 166 787 660
t 131 166 348 598
t 131 787 883 179
t 131 787 1184 139
t 131 348 598 780
t 131 883 139 598
t 132 769 1117 248
t 132 769 567 457
t 132 401 153 145
t 132 207 1117 153
t 132 207 1117 1430
t 132 207 457 1430
t 132 207 153 248
t 132 207 248 1430
t 132 1117 567 1430
t 132 1117 457 248
t 132 1117 457 88
t 132 1117 153 1148
t 132 567 457 145
t 132 457 88 1430
t 133 418 359 1115
t 133 418 359 36
t 133 418 1250 866
t 133 359 521 858
t 133 359 858 203
t 133 494 1250 521
t 133 494 1271 1497
t 133 494 1497 858
t 133 494 521 866
t 133 1250 1271 858
t 133 1250 1271 36
t 133 1250 858 203
t 133 1271 521 36
t 134 91 1013 198
t 134 91 1013 1036
t 134 91 721 198
t 134 1013 1444 423
t 134 1013 1444 863
t 134 1013 423 297
t 134 1444 721 1329
t 134 1444 549 863
t 134 721 423 297
t 134 198 297 1036
t 135 1385 982 658
t 135 1385 1243 1010
t 135 1385 465 224
t 135 982 202 224
t 135 1243 759 202
t 135 1243 759 224
t 135 1243 759 658
t 135 1243 582 224
t 135 1243 582 312
t 135 759 582 312
t 135 582 465 658
t 135 582 312 1010
t 135 202 224 658
t 136 1221 282 115
t 136 1221 993 1072
t 136 1221 900 115
t 136 1221 803 115
t 136 1221 68 1072
t 136 1295 282 993
t 136 1295 282 1125
t 136 1295 282 803
t 136 1295 138 900
t 136 1295 803 1132
t 136 282 138 803
t 136 282 1125 803
t 136 282 115 1072
t 136 138 993 1125
t 136 993 115 1072
t 136 900 115 68
t 137 881 460 1143
t 137 881 23 1266
t 137 881 1266 1416
t 137 1363 1143 1416
t 137 339 1142 1416
t 137 339 209 324
t 137 1142 209 23
t 137 1142 460 23
t 137 209 460 1266
t 137 209 665 1143
t 137 460 1266 1416
t 138 803 1295 68
t 138 803 136 1221
t 138 803 68 571
t 138 1295 5 900
t 138 1295 1221 68
t 138 136 1125 227
t 138 900 68 227
t 139 503 883 447
t 139 503 1482 772
t 139 1311 883 1482
t 139 1311 883 1240
t 139 125 883 1019
t 139 883 348 1482
t 139 1184 447 1240
t 139 348 447 1019
t 139 348 1240 1019
t 140 1105 678 1293
t 140 1105 678 281
t 140 1105 544 1206
t 140 1105 1057 607
t 140 870 151 544
t 140 870 281 867
t 140 870 607 867
t 140 151 678 544
t 140 678 1293 281
t 140 678 1423 281
t 140 544 1423 607
t 140 1293 1206 867
t 140 281 607 1206
t 141 306 935 1170
t 141 505 74 506
t 141 505 1489 506
t 141 935 543 564
t 141 935 543 214
t 141 935 1170 19
t 141 935 19 214
t 141 543 1489 1170
t 141 543 1170 19
t 141 74 564 214
t 141 564 1489 19
t 141 1170 19 506
t 142 610 938 509
t 142 610 1356 251
t 142 1372 938 509
t 142 1372 1167 856
t 142 938 1356 251
t 142 938 509 747
t 142 938 84 251
t 142 1356 1167 509
t 142 1167 237 1419
t 143 1388 246 169
t 143 1388 669 491
t 143 246 1474 169
t 143 246 169 635
t 143 246 1089 974
t 143 1474 635 731
t 143 1474 974 731
t 143 1474 491 731
t 143 727 635 491
t 143 727 1089 669
t 143 727 669 731
t 143 169 669 974
t 143 1089 731 1060
t 144 223 1106 1222
t 144 223 333 345
t 144 223 786 233
t 144 223 786 345
t 144 1106 122 786
t 144 1106 1272 233
t 144 1106 1272 412
t 144 1106 345 1222
t 144 1444 1299 333
t 144 1299 333 233
t 144 1299 333 412
t 144 1299 122 1222
t 144 122 1272 1222
t 145 899 860 88
t 145 899 88 769
t 145 899 621 769
t 145 1148 1430 621
t 145 1148 1430 654
t 145 1148 1022 654
t 145 1148 585 769
t 145 1035 153 769
t 145 1035 1022 585
t 145 1430 88 585
t 145 1430 153 654
t 145 621 153 1022
t 146 1196 120 873
t 146 1196 274 322
t 146 1196 47 964
t 146 120 274 1137
t 146 120 745 873
t 146 274 873 592
t 146 274 964 592
t 146 274 964 1419
t 146 687 745 592
t 146 687 873 964
t 146 687 47 1419
t 146 873 1419 1137
t 146 47 1419 1137
t 147 597 862 400
t 147 597 400 333
t 147 597 712 7
t 147 862 1369 628
t 147 862 1369 1448
t 147 862 400 333
t 147 1369 628 216
t 147 1369 712 1448
t 147 1369 712 7
t 147 216 693 1448
t 148 290 683 790
t 148 290 477 1169
t 148 290 47 1169
t 148 290 47 1119
t 148 290 790 592
t 148 290 790 370
t 148 683 592 1119
t 148 477 1169 1119
t 148 47 305 790
t 148 455 370 1119
t 148 687 790 370
t 148 687 592 1169
t 148 687 1169 1119
t 148 305 790 370
t 148 305 790 1119
t 149 221 1103 1309
t 149 221 1103 118
t 149 221 1383 1309
t 149 221 1326 118
t 149 221 562 118
t 149 1103 1341 1432
t 149 1383 1309 1234
t 149 1383 1015 562
t 149 1309 1015 1023
t 149 1015 1432 562
t 149 1015 1234 118
t 149 1432 1023 118
t 149 1432 1234 118
t 149 1326 562 1234
t 150 1280 934 769
t 150 1280 256 567
t 150 1114 256 769
t 150 1114 567 1319
t 150 1114 921 1319
t 150 1114 153 1319
t 150 934 86 153
t 150 934 153 1319
t 150 256 921 153
t 150 86 567 921
t 150 86 567 132
t 150 86 921 132
t 150 86 769 401
t 150 567 921 769
t 150 921 153 1319
t 150 921 769 132
t 150 921 1319 132
t 150 153 401 132
t 150 769 401 132
t 151 347 140 596
t 151 140 596 678
t 151 140 1057 678
t 151 140 1291 1227
t 151 596 544 1109
t 151 1105 354 678
t 151 1105 544 678
t 151 1423 1057 1109
t 151 1423 354 678
t 151 354 1109 678
t 151 354 1227 678
t 151 544 1291 1109
t 152 980 395 388
t 152 980 395 754
t 152 980 395 799
t 152 980 388 1198
t 152 395 1498 1217
t 152 395 1198 393
t 152 395 1134 754
t 152 1498 388 1217
t 152 1498 568 1217
t 152 1498 568 754
t 152 1498 1134 754
t 152 388 1134 754
t 152 568 1198 1217
t 152 568 1134 393
t 152 568 754 799
t 152 1198 1217 754
t 152 1217 1134 799
t 153 86 769 88
t 153 86 1022 256
t 153 86 1430 88
t 153 86 654 145
t 153 769 1430 621
t 153 769 1430 132
t 153 769 88 132
t 153 1022 1148 145
t 153 1022 88 567
t 153 1148 1430 567
t 153 1148 654 145
t 153 1148 567 256
t 153 1430 654 132
t 153 1430 145 132
t 153 654 621 256
t 154 967 839 787
t 154 967 839 320
t 154 967 386 787
t 154 967 45 496
t 154 839 340 787
t 154 839 787 166
t 154 1093 1348 45
t 154 1093 787 166
t 154 1093 787 320
t 154 1348 340 787
t 154 1348 378 496
t 155 1331 526 729
t 155 1331 526 81
t 155 1331 808 977
t 155 1331 81 485
t 155 526 1405 729
t 155 526 808 977
t 155 526 81 485
t 155 1405 618 977
t 155 808 1381 977
t 155 808 977 804
t 155 808 925 804
t 155 808 804 485
t 155 1381 977 925
t 155 618 729 977
t 155 618 977 804
t 156 631 82 667
t 156 631 82 1384
t 156 631 531 278
t 156 631 531 667
t 156 631 403 1384
t 156 356 82 524
t 156 356 531 667
t 156 356 65 1316
t 156 356 524 1384
t 156 601 82 278
t 156 601 531 1384
t 156 601 278 667
t 156 601 278 1384
t 156 601 1384 1316
t 156 82 65 278
t 156 82 403 1316
t 157 1135 1302 782
t 157 1135 1454 1467
t 157 1135 911 1052
t 157 1135 870 1052
t 157 1283 1454 1467
t 157 1283 782 1095
t 157 572 1302 1454
t 157 572 1467 1095
t 157 1302 1454 192
t 157 1454 870 1095
t 157 911 192 1052
t 157 192 1052 782
t 158 1317 411 866
t 158 1317 411 725
t 158 432 211 866
t 158 656 123 866
t 158 411 211 725
t 158 1176 211 1212
t 159 698 720 1374
t 159 698 1304 468
t 159 917 101 1304
t 159 917 1304 1120
t 159 917 1429 1120
t 159 101 720 468
t 159 720 1304 1120
t 159 1304 394 1374
t 159 1304 394 1120
t 159 1304 1429 1374
t 159 394 1374 1120
t 159 1429 468 1120
t 160 276 1171 1238
t 160 276 1386 1238
t 160 276 1340 1238
t 160 276 71 1238
t 160 1171 561 1386
t 160 1171 561 71
t 160 54 71 739
t 160 561 25 71
t 160 561 1340 1238
t 160 1386 1340 71
t 160 1386 1340 1238
t 161 1025 318 528
t 161 1025 528 229
t 161 318 1459 229
t 161 318 31 1301
t 161 318 528 918
t 161 1459 1301 600
t 161 1084 31 483
t 161 1084 229 600
t 161 1084 1301 360
t 161 229 1301 360
t 161 229 1301 600
t 161 229 360 600
t 161 1301 918 360
t 162 594 547 1489
t 162 594 1489 71
t 162 594 48 6
t 162 594 1378 71
t 162 85 1489 1095
t 162 85 48 834
t 162 48 1095 834
t 163 495 1110 1173
t 163 495 1110 534
t 163 495 1082 534
t 163 1233 826 1173
t 163 1233 1110 717
t 163 1233 1173 717
t 163 1233 534 396
t 163 826 1082 534
t 163 826 534 396
t 163 1110 1082 331
t 163 1231 1173 717
t 163 336 717 396
t 163 717 534 331
t 164 1355 1147 9
t 164 1355 1147 65
t 164 1355 1147 1312
t 164 1355 9 1100
t 164 1147 65 1067
t 164 9 233 356
t 164 65 1100 356
t 164 1100 122 356
t 165 1397 805 1379
t 165 1277 805 1330
t 165 1277 1490 1354
t 165 1277 1354 1330
t 165 1192 709 1490
t 165 603 709 1330
t 165 709 295 1330
t 165 1490 1354 295
t 166 179 299 660
t 166 787 1093 299
t 166 787 887 660
t 166 1104 299 660
t 167 452 483 918
t 167 452 823 360
t 167 452 528 798
t 167 452 528 453
t 167 1471 483 528
t 167 1471 823 918
t 167 1471 360 1084
t 167 823 528 516
t 167 823 918 368
t 167 528 918 360
t 167 528 918 1084
t 167 528 798 453
t 167 918 798 516
t 168 517 743 1101
t 168 1258 1168 966
t 168 1258 273 743
t 168 1178 1168 1064
t 168 1178 228 966
t 168 1178 1064 655
t 168 1178 273 743
t 168 228 888 1101
t 168 228 1064 273
t 168 1064 273 655
t 168 1064 273 1101
t 169 324 421 1388
t 169 23 604 1060
t 169 23 421 143
t 169 604 665 1388
t 169 1303 24 1089
t 169 1303 1089 143
t 169 852 1060 665
t 170 663 1353 761
t 170 663 126 772
t 170 663 391 1224
t 170 663 327 1254
t 170 1353 126 1224
t 170 1353 391 1254
t 170 126 391 761
t 170 772 1224 327
t 170 913 447 761
t 170 447 761 1254
t 171 1491 410 1457
t 171 765 410 569
t 171 765 569 462
t 171 765 57 72
t 171 1204 57 1457
t 171 569 701 462
t 171 688 57 1457
t 172 1354 805 1314
t 172 1354 1314 1490
t 172 1354 1314 971
t 172 603 1314 1068
t 172 1139 805 815
t 172 1139 1068 1247
t 172 805 1490 815
t 172 1314 1379 971
t 172 1379 1490 1247
t 172 815 971 1247
t 173 559 979 98
t 173 559 237 1464
t 173 856 66 425
t 173 856 1212 587
t 173 817 237 1212
t 173 817 66 425
t 173 98 425 1212
t 174 577 1484 178
t 174 577 1164 1151
t 174 577 1164 838
t 174 1484 536 1151
t 174 1484 536 441
t 174 1164 1357 441
t 174 1129 536 1357
t 174 1151 178 441
t 175 1447 540 595
t 175 1447 44 202
t 175 100 566 832
t 175 100 44 832
t 175 872 566 832
t 175 872 1080 540
t 175 566 490 467
t 175 1080 467 44
t 175 467 540 44
t 175 467 595 202
t 175 44 595 202
t 176 726 1246 1202
t 176 726 104 4
t 176 1223 109 104
t 176 1246 1202 316
t 176 1246 52 1036
t 176 109 104 703
t 176 109 1036 703
t 176 104 52 1020
t 177 991 117 1241
t 177 991 117 1288
t 177 991 117 763
t 177 991 62 535
t 177 991 535 1043
t 177 117 1241 1043
t 177 117 535 1288
t 177 117 763 390
t 177 1087 1422 62
t 177 1087 1327 390
t 177 1422 62 1288
t 177 62 535 390
t 177 62 1327 1288
t 178 97 1423 616
t 178 97 174 577
t 178 97 616 577
t 178 638 616 347
t 178 441 1423 577
t 178 377 937 577
t 178 377 174 347
t 178 377 678 347
t 178 937 616 347
t 178 174 577 678
t 179 780 420 396
t 179 780 131 598
t 179 420 166 131
t 179 420 166 396
t 179 420 952 396
t 179 166 887 787
t 179 166 304 378
t 179 166 787 598
t 179 952 304 396
t 179 887 1104 378
t 179 887 378 787
t 179 131 787 598
t 180 370 1334 478
t 180 370 1119 802
t 180 370 802 1286
t 180 370 1286 478
t 180 790 1334 702
t 180 790 1119 1294
t 180 790 802 477
t 180 1334 702 478
t 180 1119 1294 1286
t 180 802 1294 478
t 180 702 1286 1054
t 181 1217 487 754
t 181 1217 487 1185
t 181 1217 1498 971
t 181 1217 980 749
t 181 1068 1498 980
t 181 1068 1498 286
t 181 487 1498 1027
t 181 487 1498 1185
t 181 487 980 286
t 181 1027 971 286
t 181 749 971 1185
t 182 963 668 1097
t 182 374 865 878
t 182 668 636 405
t 182 668 1097 194
t 182 636 865 1097
t 182 636 1275 405
t 182 636 1275 194
t 182 865 735 878
t 182 865 1275 194
t 183 81 508 1144
t 183 81 635 625
t 183 604 303 99
t 183 508 731 1144
t 183 508 18 485
t 183 303 731 625
t 183 303 635 625
t 183 903 731 99
t 183 731 1144 625
t 183 1144 635 485
t 183 1144 625 485
t 184 752 1368 797
t 184 752 700 563
t 184 752 647 497
t 184 752 762 1
t 184 752 497 1
t 184 1368 797 1069
t 184 1368 734 1086
t 184 1368 1069 700
t 184 1368 1069 497
t 184 734 1069 647
t 184 734 1069 1
t 184 734 700 1
t 184 734 1086 647
t 184 734 647 1
t 184 762 497 1
t 185 261 302 689
t 185 261 755 520
t 185 302 755 945
t 185 302 570 709
t 185 302 709 1012
t 185 1322 1390 945
t 185 1322 570 789
t 185 1322 520 1012
t 185 1390 689 755
t 185 755 570 520
t 186 601 82 323
t 186 1100 82 713
t 186 1100 82 1312
t 186 1100 524 156
t 186 65 713 998
t 186 65 713 1272
t 186 65 998 1272
t 186 65 1312 524
t 186 65 1312 156
t 186 65 323 156
t 186 82 1312 1272
t 186 713 998 524
t 186 998 323 156
t 187 768 1251 399
t 187 768 1251 518
t 187 768 1138 760
t 187 768 933 760
t 187 768 1483 518
t 187 1251 1296 96
t 187 1251 933 1483
t 187 1296 96 1483
t 187 1296 1138 16
t 187 399 1483 518
t 187 96 933 776
t 188 448 1124 225
t 188 448 38 1252
t 188 608 1200 38
t 188 608 1200 1039
t 188 608 1200 225
t 188 608 1124 936
t 188 608 38 1252
t 188 608 1143 1252
t 188 608 1252 1039
t 188 1200 848 1039
t 188 364 1124 225
t 188 1124 848 38
t 188 1124 38 225
t 188 1124 1143 1252
t 188 848 1143 936
t 189 800 998 1312
t 189 699 949 882
t 189 323 1193 1312
t 189 323 1312 1140
t 189 323 1312 33
t 189 323 949 882
t 189 912 1193 882
t 189 912 288 949
t 189 1193 1312 1140
t 189 1193 949 33
t 189 288 1140 33
t 190 1004 942 799
t 190 1004 519 1347
t 190 1004 519 854
t 190 1004 799 854
t 190 741 942 1347
t 190 741 942 1134
t 190 741 519 854
t 190 741 1347 854
t 190 741 1335 58
t 190 519 1347 58
t 190 519 829 1134
t 190 26 829 1134
t 190 26 1134 1335
t 190 829 1134 1335
t 190 1134 799 1335
t 191 906 658 202
t 191 443 982 224
t 191 443 77 481
t 191 982 658 481
t 191 1160 224 1426
t 191 1160 93 481
t 192 1052 382 782
t 192 1052 525 911
t 192 1052 1232 1467
t 192 382 782 525
t 192 382 782 1283
t 192 382 525 1095
t 192 382 525 1135
t 192 382 1232 1467
t 192 382 157 1283
t 192 782 525 911
t 192 782 525 1135
t 192 782 525 1283
t 192 782 1095 1283
t 192 525 1232 1095
t 192 1232 1095 1467
t 192 1095 1135 1283
t 192 1135 1408 1283
t 193 595 1242 490
t 193 595 578 490
t 193 595 578 1276
t 193 595 481 436
t 193 595 832 490
t 193 954 481 1160
t 193 954 1160 566
t 193 12 481 436
t 193 12 832 436
t 193 578 832 436
t 193 436 1160 1276
t 194 127 1002 735
t 194 1339 1008 284
t 194 668 1024 1002
t 194 668 1024 1008
t 194 215 1002 573
t 194 215 1008 573
t 194 1024 1002 284
t 195 804 618 850
t 195 804 850 219
t 195 618 808 1137
t 195 618 808 210
t 195 618 1137 219
t 195 618 850 732
t 195 618 1458 1133
t 195 808 1137 909
t 195 808 210 1133
t 195 210 850 732
t 196 697 217 733
t 196 697 487 226
t 196 1044 1031 733
t 196 1044 813 487
t 196 1068 492 1367
t 196 492 217 733
t 196 217 1031 487
t 196 1031 487 226
t 196 1031 226 971
t 196 733 813 487
t 197 779 1126 1001
t 197 779 527 1424
t 197 231 1183 1424
t 197 454 1183 642
t 197 454 527 109
t 197 1126 1183 527
t 197 1126 527 1001
t 197 1126 925 1424
t 197 1183 642 1424
t 197 642 4 527
t 197 4 925 1001
t 197 4 1001 109
t 198 721 134 91
t 198 721 1036 91
t 198 721 1036 1299
t 198 721 275 91
t 198 721 1444 509
t 198 721 316 104
t 198 721 509 104
t 198 134 1299 1444
t 198 134 1299 509
t 198 1036 91 509
t 198 275 1299 84
t 198 275 84 316
t 198 275 316 104
t 198 91 1444 509
t 198 1299 1444 104
t 198 1299 84 509
t 198 1299 316 104
t 198 84 316 509
t 199 55 1175 116
t 199 55 383 940
t 199 55 383 568
t 199 55 827 892
t 199 1352 1175 116
t 199 1352 827 965
t 199 1175 1410 568
t 199 383 1282 1410
t 199 1282 1410 965
t 200 722 1213 725
t 200 722 387 622
t 200 722 412 882
t 200 1213 1308 691
t 200 1213 412 1098
t 200 1213 812 1098
t 200 1213 691 882
t 200 1213 691 1098
t 200 387 812 882
t 200 1308 412 725
t 200 1308 412 812
t 200 412 725 882
t 200 725 691 882
t 201 269 930 840
t 201 269 20 673
t 201 269 20 644
t 201 269 948 778
t 201 269 92 778
t 201 269 637 840
t 201 269 778 644
t 201 930 20 778
t 201 930 673 840
t 201 930 673 778
t 201 930 948 764
t 201 930 92 840
t 201 930 637 644
t 201 673 948 637
t 201 948 92 637
t 201 948 840 778
t 201 764 491 92
t 201 491 92 644
t 202 658 759 436
t 202 832 12 100
t 202 832 481 436
t 202 832 481 1447
t 202 832 436 100
t 202 759 12 1447
t 202 759 224 1447
t 202 12 224 481
t 202 12 566 982
t 202 566 982 100
t 202 481 436 982
t 203 494 283 1497
t 203 494 283 133
t 203 494 1497 1271
t 203 283 1497 1271
t 203 283 133 334
t 203 283 133 418
t 203 283 133 1271
t 203 986 1497 133
t 203 986 926 1271
t 203 1497 133 926
t 203 133 1446 1154
t 203 1446 334 418
t 203 1154 926 34
t 204 253 547 1232
t 204 1420 1467 833
t 204 1467 533 911
t 204 1467 547 1095
t 204 1467 911 1232
t 204 1467 834 1232
t 204 833 533 834
t 204 833 1302 547
t 204 833 911 834
t 204 1378 1302 547
t 204 1378 911 1232
t 205 1158 1222 897
t 205 1158 80 551
t 205 80 1106 882
t 205 80 551 223
t 205 1140 1106 551
t 205 949 223 882
t 205 1106 114 897
t 206 609 59 1344
t 206 609 325 950
t 206 609 902 1259
t 206 609 950 624
t 206 59 1344 1126
t 206 1344 325 1259
t 206 1344 1045 1259
t 206 1344 624 1259
t 206 325 557 1259
t 206 325 1045 950
t 206 325 1045 624
t 206 325 950 1126
t 206 902 557 950
t 206 557 1045 1126
t 206 557 624 1259
t 207 248 132 401
t 207 248 1425 401
t 207 132 7 769
t 207 132 457 795
t 207 855 401 567
t 207 855 457 769
t 207 1264 1425 7
t 207 1264 401 7
t 207 1425 401 1280
t 208 42 239 705
t 208 42 487 1421
t 208 42 487 1041
t 208 42 1421 1041
t 208 42 1421 419
t 208 42 1041 1406
t 208 1185 419 705
t 208 749 487 1421
t 208 239 705 1325
t 208 487 1421 1325
t 208 1421 419 1406
t 208 1421 704 1325
t 209 1297 1389 15
t 209 1297 1389 103
t 209 1297 881 460
t 209 1297 1269 137
t 209 1297 460 1404
t 209 1297 1404 15
t 209 1297 40 0
t 209 1389 881 15
t 209 1389 1404 40
t 209 881 1404 103
t 209 1269 460 1404
t 209 137 460 40
t 209 137 40 103
t 209 137 0 15
t 209 63 40 15
t 209 63 0 15
t 210 1006 732 804
t 210 1006 1046 64
t 210 1006 64 320
t 210 1006 64 909
t 210 1006 1458 542
t 210 732 850 320
t 210 1046 64 909
t 210 1046 804 1076
t 210 801 850 320
t 210 64 320 909
t 210 1458 804 320
t 211 437 1021 753
t 211 656 1220 61
t 211 756 1220 753
t 211 756 1220 338
t 211 61 344 753
t 211 61 1317 76
t 211 61 76 1399
t 212 1062 847 974
t 212 1062 847 929
t 212 1203 669 929
t 212 669 45 548
t 212 45 1210 548
t 213 841 587 351
t 213 841 407 351
t 213 841 1176 1268
t 213 841 364 746
t 213 841 986 831
t 213 587 1479 1268
t 213 587 1479 521
t 213 407 1479 746
t 213 1479 1176 986
t 213 1176 351 521
t 213 1268 364 521
t 214 1122 58 543
t 214 1122 1437 26
t 214 1122 564 141
t 214 1122 564 26
t 214 58 543 1437
t 214 58 1437 935
t 214 58 564 942
t 214 58 564 141
t 214 58 373 141
t 214 543 1437 935
t 214 1437 935 26
t 215 573 1024 127
t 215 573 194 127
t 215 1008 1002 578
t 215 1008 578 436
t 215 1002 1276 436
t 215 1002 436 194
t 215 578 1024 436
t 215 1276 194 885
t 216 693 1094 147
t 216 693 1094 791
t 216 693 743 1101
t 216 1094 1369 679
t 216 1178 743 147
t 216 1178 743 712
t 216 1178 1369 1101
t 216 1178 1369 712
t 216 743 400 679
t 216 1369 597 679
t 216 1101 400 712
t 216 1101 597 712
t 216 1101 712 679
t 216 400 791 597
t 217 1367 1441 813
t 217 1367 1044 1433
t 217 1031 226 487
t 217 697 226 487
t 217 697 1468 1433
t 217 1441 226 1044
t 217 1441 1044 1433
t 217 196 813 226
t 217 196 226 487
t 218 446 1050 867
t 218 446 905 16
t 218 446 119 16
t 218 1050 905 1431
t 218 1050 385 1337
t 218 905 1480 1431
t 218 867 16 1431
t 218 1480 119 518
t 218 119 1138 1337
t 219 674 909 1334
t 219 674 985 850
t 219 674 592 1334
t 219 674 592 1458
t 219 674 1119 1076
t 219 674 1334 850
t 219 909 985 850
t 219 909 1334 850
t 219 729 1286 850
t 219 729 985 1076
t 219 729 850 1458
t 219 1286 985 1458
t 219 985 1119 702
t 219 985 1119 850
t 219 985 1119 1076
t 219 985 1334 1076
t 219 985 850 1458
t 220 297 412 1098
t 220 297 412 1355
t 220 297 1098 1163
t 220 407 1098 1355
t 220 407 1098 122
t 220 407 1355 1308
t 220 1147 786 1355
t 220 1147 1285 1355
t 220 412 1098 1308
t 220 786 1285 1308
t 220 786 1098 122
t 220 1285 351 1308
t 221 490 1341 44
t 221 490 1103 1234
t 221 490 872 44
t 221 490 872 1023
t 221 490 149 566
t 221 1341 467 1432
t 221 1341 1432 1234
t 221 1341 562 1234
t 221 1103 872 566
t 221 1103 1432 1234
t 221 149 1432 562
t 222 414 242 811
t 222 414 629 8
t 222 1310 1111 1150
t 222 242 8 811
t 222 242 1150 811
t 222 1451 1111 456
t 222 1451 629 811
t 222 1451 1150 456
t 222 1111 1324 456
t 222 1324 456 1079
t 222 629 8 456
t 222 629 1150 1079
t 223 144 233 786
t 223 144 1444 622
t 223 144 1444 1100
t 223 1272 233 1444
t 223 1272 122 786
t 223 1272 786 412
t 223 1272 1222 412
t 223 233 122 786
t 223 233 786 412
t 223 233 1140 412
t 223 122 1106 622
t 223 122 622 1222
t 223 122 412 1100
t 223 1444 622 1222
t 223 1444 1222 1100
t 223 1106 1140 622
t 223 1106 1222 412
t 223 786 412 1100
t 223 1140 1222 412
t 223 1222 412 1100
t 224 759 658 832
t 224 759 773 1002
t 224 658 773 12
t 224 658 202 93
t 224 658 93 1002
t 224 773 885 1024
t 224 773 202 1024
t 224 773 982 436
t 224 773 12 436
t 225 1414 230 608
t 225 1414 448 608
t 225 1414 652 939
t 225 1414 608 1181
t 225 1053 230 608
t 225 1053 230 1181
t 225 1053 608 1181
t 225 230 1200 1091
t 225 230 652 939
t 225 230 110 608
t 225 1200 448 1181
t 225 1200 13 1091
t 225 448 652 939
t 225 448 652 1181
t 225 448 1091 939
t 225 13 652 1181
t 225 13 1091 608
t 225 1091 608 939
t 226 697 217 813
t 226 697 971 196
t 226 492 1031 813
t 226 492 1367 105
t 226 492 105 1351
t 226 492 1351 813
t 226 217 196 105
t 226 217 1351 1460
t 226 1441 971 1460
t 226 971 105 1351
t 226 196 1460 813
t 227 571 1290 68
t 227 868 1290 273
t 227 868 1274 1461
t 227 966 1168 1370
t 227 966 1168 1125
t 227 107 1370 1461
t 227 1168 1370 1274
t 228 1168 1258 517
t 228 1168 107 738
t 228 273 1274 168
t 228 273 107 1101
t 228 919 257 107
t 228 314 1258 517
t 229 318 515 1084
t 229 318 266 1025
t 229 1108 528 266
t 229 1108 528 600
t 229 1108 515 600
t 229 1108 266 1084
t 229 1108 918 600
t 229 528 266 600
t 229 528 1025 1084
t 229 528 1084 1097
t 229 528 1097 1292
t 229 515 1097 161
t 229 1025 918 600
t 229 1084 1097 600
t 229 1084 1292 161
t 229 1084 161 918
t 230 13 1053 1009
t 230 13 110 344
t 230 1414 225 1009
t 230 1414 225 830
t 230 1414 1009 830
t 230 225 1364 344
t 230 1364 471 939
t 230 1364 110 1229
t 231 642 527 197
t 231 642 527 1246
t 231 642 1344 1223
t 231 779 4 59
t 231 779 527 1344
t 231 1145 4 59
t 231 1145 527 1246
t 231 1145 1126 1223
t 231 1145 109 197
t 231 4 109 1223
t 231 4 1344 1223
t 231 4 1344 1246
t 231 1126 1246 59
t 232 684 79 853
t 232 684 311 1231
t 232 684 1082 163
t 232 684 717 613
t 232 684 613 1231
t 232 684 535 1231
t 232 684 535 163
t 232 684 163 331
t 232 1110 79 853
t 232 79 1082 1231
t 232 717 853 535
t 232 613 535 1231
t 233 122 1272 223
t 233 122 786 415
t 233 122 415 1312
t 233 1444 786 1100
t 233 1444 1100 863
t 233 1444 1100 1355
t 233 1444 1100 164
t 233 786 1100 1355
t 233 786 1100 1312
t 234 105 1049 1027
t 234 105 1228 1366
t 234 105 1172 1027
t 234 1351 1049 1409
t 234 1351 1228 1409
t 234 1351 1366 226
t 234 1351 692 1027
t 234 1049 1460 271
t 235 1257 1225 650
t 235 1257 1450 620
t 235 408 943 620
t 235 408 650 22
t 235 408 1450 620
t 235 690 1186 650
t 235 1186 650 22
t 235 1225 650 22
t 235 1450 22 620
t 235 22 475 620
t 235 22 620 1393
t 236 1088 1336 405
t 236 1088 1336 894
t 236 1088 405 1305
t 236 406 1336 405
t 236 310 433 405
t 236 310 1336 715
t 236 590 433 405
t 236 590 715 409
t 236 433 1336 894
t 236 433 266 715
t 236 433 409 1305
t 236 1336 715 894
t 237 856 979 1169
t 237 856 173 66
t 237 856 758 676
t 237 856 108 1169
t 237 979 108 747
t 237 173 1419 747
t 237 173 1419 676
t 237 173 108 66
t 237 559 1419 66
t 237 108 1169 66
t 237 305 747 676
t 238 626 522 397
t 238 626 300 397
t 238 626 300 1211
t 238 522 1465 681
t 238 522 398 646
t 238 1165 300 397
t 238 1165 300 1211
t 238 1465 398 681
t 238 1465 646 1211
t 238 397 398 646
t 239 1041 208 487
t 239 419 1325 1185
t 239 419 208 487
t 239 1325 42 792
t 239 42 704 1421
t 239 42 1406 208
t 239 42 1468 487
t 239 704 792 1185
t 239 1406 792 487
t 239 1468 1421 1185
t 239 1421 792 1185
t 240 1333 892 940
t 240 1333 940 488
t 240 358 1410 383
t 240 358 892 1146
t 240 1410 892 488
t 240 892 89 488
t 240 383 1175 89
t 240 1175 940 488
t 240 1175 25 1146
t 240 877 940 488
t 241 389 478 73
t 241 389 478 1407
t 241 389 1107 1334
t 241 1273 244 1055
t 241 478 1294 556
t 241 478 1294 1334
t 241 478 1407 936
t 241 1294 556 936
t 241 1107 1055 73
t 241 556 1407 936
t 241 1055 936 1334
t 242 222 414 1398
t 242 1155 1398 8
t 242 1150 1451 1152
t 242 1150 1451 1111
t 242 414 1451 1152
t 242 414 1398 1324
t 242 629 8 1324
t 242 1152 1398 1111
t 242 1310 1398 8
t 243 93 417 1413
t 243 93 1426 1182
t 243 93 1426 1413
t 243 417 773 476
t 243 773 476 1182
t 243 773 476 759
t 243 224 476 1182
t 243 982 476 759
t 243 982 1182 1413
t 244 241 556 73
t 244 389 556 73
t 244 389 1407 1107
t 244 389 1407 73
t 244 556 1107 73
t 244 1407 1107 1267
t 244 1294 565 1181
t 244 478 565 73
t 245 1442 899 1159
t 245 767 1298 860
t 245 767 654 70
t 245 999 1298 70
t 245 1298 899 539
t 245 1298 539 860
t 245 1298 1159 860
t 245 654 621 899
t 245 654 899 539
t 245 654 899 70
t 246 615 143 847
t 246 615 1203 637
t 246 615 974 1141
t 246 548 143 974
t 246 548 1388 1474
t 246 548 669 1474
t 246 548 1203 974
t 246 548 847 637
t 246 143 1388 847
t 246 143 1203 847
t 246 1388 847 212
t 246 669 1474 974
t 246 1203 1474 847
t 246 1474 847 637
t 246 1474 974 1141
t 247 252 1374 507
t 247 252 507 328
t 247 1403 507 1177
t 247 1349 1374 507
t 247 1349 130 1177
t 247 611 1374 328
t 247 611 1209 328
t 247 1374 1209 507
t 247 1374 1209 1177
t 247 1374 507 130
t 247 315 130 328
t 247 1209 507 328
t 248 207 567 457
t 248 207 457 150
t 248 1425 1264 150
t 248 401 1280 567
t 248 401 1280 769
t 248 132 1264 1280
t 248 132 1280 855
t 248 132 567 457
t 248 1264 855 795
t 248 1264 567 795
t 248 855 795 457
t 248 795 769 150
t 248 795 457 150
t 249 1081 279 634
t 249 1081 279 1410
t 249 1081 739 940
t 249 1081 1146 456
t 249 279 346 1146
t 249 279 1146 940
t 249 279 1410 940
t 249 279 940 456
t 249 634 1146 1284
t 249 634 940 807
t 249 1146 358 807
t 250 1015 828 1298
t 250 1015 583 1383
t 250 1015 583 1201
t 250 828 583 1309
t 250 828 1298 1201
t 250 583 539 1298
t 250 583 1298 70
t 250 583 1472 1341
t 250 1298 1472 70
t 251 1167 84 1372
t 251 1167 84 758
t 251 1167 1372 758
t 251 509 1246 938
t 251 509 610 758
t 251 509 610 938
t 251 509 938 1145
t 251 104 275 1145
t 251 84 1372 610
t 251 84 1246 1145
t 252 247 1209 1349
t 252 247 1177 621
t 252 247 413 999
t 252 1209 1403 292
t 252 1209 1403 315
t 252 1209 413 315
t 252 1349 1177 315
t 252 1403 999 621
t 252 1403 999 315
t 252 413 999 621
t 253 204 1420 547
t 253 204 533 1467
t 253 204 533 1378
t 253 204 1467 1095
t 253 204 833 1302
t 253 204 911 1302
t 253 1420 547 833
t 253 1420 1095 1378
t 253 533 1467 833
t 253 533 1467 911
t 253 533 547 1095
t 253 533 1378 1232
t 253 1467 834 1095
t 253 547 834 1378
t 254 515 963 182
t 254 963 229 1097
t 254 963 1292 878
t 254 1108 229 266
t 254 1108 266 878
t 254 405 374 182
t 254 229 374 182
t 254 266 1292 374
t 254 266 1097 310
t 255 579 1 820
t 255 398 843 1156
t 255 398 1211 1099
t 255 661 49 1156
t 255 661 1156 532
t 255 843 1211 959
t 255 1211 820 959
t 256 934 150 1022
t 256 934 769 1280
t 256 921 150 769
t 256 921 1022 1319
t 256 150 1280 1430
t 256 292 769 1319
t 256 1319 1280 1430
t 257 314 919 585
t 257 919 585 899
t 257 919 585 70
t 257 919 860 1402
t 257 738 1101 860
t 257 1101 228 899
t 257 1101 1159 1402
t 257 679 899 70
t 258 1360 605 127
t 258 1360 540 997
t 258 1360 1096 127
t 258 1191 605 997
t 258 1191 1096 127
t 258 605 540 720
t 258 605 465 1010
t 258 540 465 1010
t 258 1010 997 720
t 258 1010 127 720
t 258 997 127 720
t 259 426 724 1225
t 259 426 943 823
t 259 724 1066 408
t 259 724 408 235
t 259 724 516 1225
t 259 724 823 1225
t 259 724 823 1186
t 259 724 1450 235
t 259 1066 408 235
t 259 408 1225 235
t 259 823 1450 235
t 260 365 1256 680
t 260 680 891 789
t 260 680 822 579
t 260 891 532 694
t 260 891 1418 579
t 260 822 694 46
t 260 694 1418 46
t 261 185 1322 265
t 261 185 1322 680
t 261 185 1390 1012
t 261 185 689 680
t 261 1322 789 1390
t 261 789 1390 302
t 261 755 265 689
t 261 755 520 680
t 261 520 1012 680
t 262 66 586 1334
t 262 66 586 675
t 262 66 1273 675
t 262 66 180 675
t 262 586 790 1334
t 262 586 180 1334
t 262 586 1334 370
t 262 380 180 370
t 262 1294 1273 180
t 262 1464 1334 370
t 263 704 1325 208
t 263 704 944 953
t 263 704 944 42
t 263 704 208 42
t 263 1325 792 239
t 263 1325 944 42
t 263 1325 208 530
t 263 1325 953 239
t 263 1421 944 953
t 263 792 208 239
t 263 792 953 42
t 263 944 208 530
t 264 574 641 844
t 264 641 785 707
t 264 641 381 1136
t 264 641 367 844
t 264 757 785 1136
t 264 757 381 784
t 264 757 381 707
t 264 757 784 707
t 264 757 965 373
t 264 785 381 965
t 264 381 784 1136
t 264 381 784 367
t 264 381 367 373
t 264 1136 367 373
t 264 965 367 844
t 265 46 820 520
t 265 261 1099 185
t 265 261 1162 789
t 265 261 789 959
t 265 261 820 680
t 265 1099 1322 820
t 265 1099 1322 520
t 265 1099 49 185
t 265 1322 49 820
t 265 820 959 185
t 266 433 310 1336
t 266 433 859 405
t 266 433 859 1097
t 266 310 590 1097
t 266 310 1292 1097
t 266 590 859 1336
t 266 590 405 229
t 266 590 229 750
t 266 859 405 229
t 266 859 229 750
t 267 653 1306 1018
t 267 653 36 1199
t 267 653 3 283
t 267 1306 3 283
t 267 775 36 1199
t 267 36 3 584
t 268 62 991 1231
t 268 62 177 1231
t 268 117 991 536
t 268 117 991 1422
t 268 117 837 536
t 268 117 706 536
t 268 588 922 706
t 268 588 177 1231
t 268 922 177 1327
t 268 922 706 1422
t 268 177 837 706
t 268 1231 1327 1422
t 269 201 637 948
t 269 201 778 491
t 269 20 930 92
t 269 20 1371 491
t 269 637 778 764
t 269 673 930 581
t 269 673 764 581
t 269 930 92 491
t 269 92 778 1371
t 269 92 764 491
t 270 823 426 1328
t 270 823 724 1328
t 270 823 1066 483
t 270 823 1084 1328
t 270 426 1066 167
t 270 426 918 1328
t 270 516 259 167
t 270 516 724 1328
t 270 516 1084 1025
t 270 259 724 1066
t 270 724 918 167
t 270 724 918 1025
t 270 483 918 1084
t 271 1215 1027 1409
t 271 1215 871 234
t 271 486 1027 234
t 271 486 1027 1409
t 271 1351 286 1027
t 272 1499 71 493
t 272 1499 1074 594
t 272 1065 910 493
t 272 1065 357 1386
t 272 1065 357 48
t 272 1065 48 493
t 272 910 1074 493
t 272 466 594 85
t 272 357 71 493
t 273 1168 228 107
t 273 1168 228 919
t 273 1168 168 517
t 273 1168 966 1370
t 273 1274 228 672
t 273 228 107 168
t 273 228 107 966
t 273 107 919 1258
t 273 919 1258 517
t 273 919 517 1370
t 273 227 1258 672
t 273 227 966 1370
t 273 168 517 1370
t 273 1258 517 966
t 274 1345 1435 1391
t 274 1345 1391 219
t 274 1435 1137 985
t 274 1435 1391 745
t 274 1435 745 985
t 274 1391 146 219
t 274 745 14 592
t 274 745 985 219
t 274 14 146 98
t 274 873 592 219
t 274 985 592 98
t 275 84 91 297
t 275 84 91 78
t 275 84 1167 78
t 275 509 91 104
t 275 509 104 297
t 275 509 1167 251
t 275 509 721 297
t 275 676 721 251
t 275 676 108 78
t 275 104 1167 78
t 275 1167 721 108
t 275 721 198 108
t 276 54 160 1386
t 276 54 1340 301
t 276 160 1386 1499
t 276 160 357 301
t 276 1238 561 1386
t 276 1238 561 1171
t 276 1238 561 1470
t 276 1238 1171 1499
t 276 1238 301 1470
t 276 561 1386 1499
t 276 561 1171 1470
t 276 1171 1340 1470
t 276 1171 1056 301
t 276 1056 301 1499
t 277 1269 103 1395
t 277 1269 1297 524
t 277 1269 1297 1270
t 277 1269 15 978
t 277 1269 978 1395
t 277 1269 524 1270
t 277 1389 1487 1270
t 277 1389 1297 15
t 277 1389 15 524
t 277 1389 978 460
t 277 1487 15 1270
t 277 1487 209 460
t 277 1297 209 460
t 277 1297 978 1270
t 277 209 1395 460
t 277 978 1395 460
t 278 1384 356 714
t 278 1384 714 156
t 278 1316 667 631
t 278 1316 667 714
t 278 1316 356 349
t 278 1316 356 156
t 278 667 531 864
t 278 531 1067 714
t 278 403 349 156
t 279 346 1081 249
t 279 346 456 1451
t 279 1081 634 807
t 279 1081 634 739
t 279 1081 1451 807
t 279 1081 739 1111
t 279 249 456 851
t 279 1284 456 851
t 279 456 739 851
t 279 456 1111 851
t 279 456 1111 1335
t 279 1451 807 1335
t 279 1451 851 1335
t 279 807 739 1335
t 279 807 1111 851
t 280 1329 810 316
t 280 1329 1036 890
t 280 1329 316 884
t 280 824 316 134
t 280 824 316 628
t 280 824 890 1013
t 280 824 884 445
t 280 316 890 628
t 280 316 884 445
t 281 638 1293 1240
t 281 638 97 441
t 281 638 140 678
t 281 1105 1337 1281
t 281 1105 1240 544
t 281 97 140 1281
t 281 97 1281 391
t 281 97 1281 1240
t 281 97 1240 544
t 281 140 441 544
t 281 1337 441 1281
t 281 1337 441 678
t 282 900 138 1295
t 282 900 1125 1290
t 282 900 868 1290
t 282 138 136 1290
t 282 1295 803 5
t 282 1295 571 1125
t 282 1295 1461 1125
t 282 803 5 868
t 282 1221 1461 868
t 282 571 1461 868
t 282 571 1125 868
t 283 494 1475 775
t 283 494 1475 60
t 283 494 34 133
t 283 494 1193 1262
t 283 1475 203 34
t 283 1475 34 775
t 283 1475 34 1262
t 283 203 34 60
t 283 203 1193 775
t 283 203 1193 267
t 283 36 34 1193
t 283 34 1193 775
t 284 997 1276 194
t 284 997 127 436
t 284 997 436 832
t 284 735 1276 832
t 284 735 127 541
t 284 1276 127 766
t 284 1276 541 954
t 284 127 578 954
t 284 541 832 578
t 284 832 578 954
t 285 771 1018 1063
t 285 771 1018 1205
t 285 771 1063 1205
t 285 771 1205 1306
t 285 771 846 1188
t 285 1018 552 1063
t 285 1018 775 846
t 285 1018 60 267
t 285 1018 1205 36
t 285 1018 1306 846
t 285 552 775 60
t 285 552 60 36
t 285 552 1205 846
t 285 1306 36 1188
t 286 1027 1215 1409
t 286 1027 1351 1040
t 286 1027 1351 1352
t 286 1027 181 55
t 286 1027 1235 440
t 286 1215 1409 440
t 286 1215 1282 181
t 286 1215 1235 55
t 286 1215 440 1352
t 286 1351 1049 55
t 286 1409 1040 1235
t 286 1409 1282 1235
t 286 1409 1235 55
t 286 1282 181 1235
t 286 181 1235 1352
t 287 796 623 581
t 287 796 1486 427
t 287 796 581 924
t 287 796 459 639
t 287 501 1486 760
t 287 501 1486 639
t 287 501 778 581
t 287 501 459 639
t 287 1486 459 760
t 288 34 1193 189
t 288 34 1193 424
t 288 34 323 699
t 288 34 33 800
t 288 34 424 1312
t 288 1193 323 33
t 288 1193 323 699
t 288 1193 33 424
t 288 1193 424 912
t 288 1193 630 998
t 288 1193 998 1312
t 288 33 1312 912
t 288 33 1312 699
t 288 630 998 1312
t 288 630 800 1312
t 289 1417 929 1321
t 289 1417 929 450
t 289 1417 1321 1216
t 289 1085 801 764
t 289 847 929 801
t 289 847 1321 92
t 289 847 1321 450
t 289 1321 801 1216
t 289 801 92 764
t 289 801 542 1216
t 290 148 47 790
t 290 148 687 977
t 290 683 687 477
t 290 683 687 925
t 290 683 687 790
t 290 683 977 1381
t 290 47 977 1381
t 290 687 729 790
t 291 984 1194 602
t 291 984 129 1457
t 291 984 1457 688
t 291 984 511 688
t 291 1194 1457 511
t 291 1194 1457 688
t 291 602 1457 643
t 291 602 701 1128
t 291 1457 688 1128
t 291 1457 1128 569
t 291 688 643 1204
t 291 643 1128 1204
t 292 1403 1349 56
t 292 1403 247 56
t 292 1403 1022 56
t 292 1403 56 621
t 292 1022 86 130
t 292 256 611 621
t 292 611 921 654
t 292 921 86 654
t 292 921 130 654
t 293 1418 822 916
t 293 1418 1359 1128
t 293 1418 1359 330
t 293 1418 1359 681
t 293 822 916 479
t 293 822 916 914
t 293 916 369 1428
t 293 369 1128 1428
t 293 1128 891 681
t 293 891 479 914
t 293 681 479 914
t 294 1035 145 470
t 294 1035 1430 1159
t 294 928 145 899
t 294 928 1430 621
t 294 145 1430 1159
t 294 145 1159 621
t 294 470 899 1159
t 294 470 860 621
t 294 899 585 621
t 295 1247 1379 589
t 295 1247 1379 1058
t 295 1247 589 326
t 295 1247 1192 326
t 295 1379 1197 1330
t 295 589 379 102
t 295 1192 781 326
t 295 781 102 1197
t 295 379 1058 1030
t 295 102 1197 1058
t 295 326 1197 1058
t 296 733 497 1139
t 296 733 813 700
t 296 733 813 1041
t 296 1044 1086 196
t 296 1086 563 700
t 296 1086 1300 705
t 296 1139 813 700
t 296 1139 1300 705
t 296 813 196 1041
t 296 700 196 1300
t 297 1163 220 816
t 297 1163 220 275
t 297 220 549 407
t 297 220 816 91
t 297 220 407 134
t 297 549 676 91
t 297 612 351 1268
t 297 612 816 275
t 297 676 351 134
t 298 1437 564 1077
t 298 1437 26 1077
t 298 1437 26 543
t 298 942 564 543
t 298 564 523 1332
t 298 564 1332 543
t 298 564 1332 748
t 298 26 523 748
t 298 26 1077 935
t 298 523 1077 1332
t 298 523 1077 543
t 298 1332 748 190
t 299 1493 1357 179
t 299 1493 838 904
t 299 1104 838 1348
t 299 1104 420 780
t 299 838 166 904
t 299 838 420 1348
t 299 166 420 780
t 300 397 1428 1418
t 300 397 238 1156
t 300 397 11 1418
t 300 397 736 1156
t 300 681 1428 988
t 300 681 988 1418
t 300 681 28 553
t 300 1428 238 553
t 300 28 238 736
t 300 28 11 1418
t 300 238 553 1418
t 300 11 736 1418
t 301 357 1470 382
t 301 357 1470 561
t 301 357 889 1358
t 301 357 889 834
t 301 357 834 382
t 301 1470 1358 382
t 301 1470 1358 525
t 301 1470 1188 382
t 301 889 834 525
t 301 889 1499 382
t 301 889 48 525
t 301 834 1499 48
t 301 834 1188 382
t 301 1499 1188 382
t 301 1499 525 561
t 302 689 709 805
t 302 689 709 784
t 302 689 1322 805
t 302 185 709 261
t 302 185 1390 945
t 302 185 261 784
t 302 709 1322 261
t 302 709 603 366
t 302 709 366 520
t 302 1390 945 261
t 302 1322 945 261
t 303 508 1055 850
t 303 431 802 850
t 303 431 850 1119
t 303 802 1458 852
t 303 1055 1007 478
t 304 396 498 43
t 304 396 43 112
t 304 498 179 420
t 304 598 1255 112
t 304 780 43 883
t 304 780 43 420
t 305 758 477 108
t 305 758 322 108
t 305 758 322 592
t 305 477 148 985
t 305 148 108 790
t 306 505 74 85
t 306 141 1489 1469
t 306 141 543 564
t 306 1489 564 85
t 307 69 1300 1392
t 307 69 957 651
t 307 647 1300 350
t 307 343 876 700
t 307 1315 1300 350
t 307 1300 651 700
t 307 350 876 700
t 307 651 705 876
t 307 651 705 700
t 307 705 700 1392
t 308 797 1368 1490
t 308 797 1322 184
t 308 734 1086 184
t 308 734 1322 184
t 308 1086 752 184
t 308 752 1277 563
t 308 752 1277 1490
t 308 752 1368 700
t 308 1277 184 1490
t 309 795 791 401
t 309 795 1318 554
t 309 795 1318 35
t 309 795 567 457
t 309 795 567 1094
t 309 791 1118 35
t 309 791 35 1094
t 309 1318 554 400
t 309 554 567 35
t 309 554 567 1094
t 309 400 1264 1094
t 309 1118 457 401
t 309 567 401 1094
t 309 457 401 1094
t 310 590 433 236
t 310 433 1292 859
t 310 433 859 409
t 310 266 1292 1108
t 310 1292 405 409
t 310 1292 715 409
t 310 1292 1088 859
t 310 236 1108 1088
t 310 405 1088 1336
t 310 1108 1088 409
t 310 715 1336 859
t 311 684 232 535
t 311 232 79 853
t 311 232 706 717
t 311 1082 1110 79
t 311 1082 1110 837
t 311 1082 706 535
t 311 1082 717 853
t 311 1110 1231 717
t 311 1110 1231 853
t 311 1110 706 853
t 311 1110 535 717
t 311 1231 535 853
t 312 67 1096 1010
t 312 1096 1243 1360
t 312 1385 1010 1463
t 312 1385 605 1120
t 312 1385 1243 1360
t 312 1010 1463 1191
t 312 605 135 465
t 312 605 465 1463
t 312 605 1243 1191
t 312 605 1191 1120
t 312 135 1463 1243
t 312 1463 1191 1120
t 313 1000 387 1262
t 313 463 1153 1213
t 313 463 387 722
t 313 1153 114 882
t 313 1153 387 949
t 313 1153 387 793
t 313 1153 722 793
t 313 1153 722 1262
t 313 1153 1262 846
t 313 114 882 387
t 313 114 882 949
t 313 114 722 1262
t 313 882 949 793
t 313 882 793 1213
t 313 387 722 793
t 313 722 793 846
t 314 257 1101 738
t 314 257 679 860
t 314 257 672 168
t 314 919 585 672
t 314 919 585 168
t 314 919 228 679
t 314 919 679 672
t 314 919 738 860
t 314 919 860 875
t 314 585 875 1402
t 314 585 1402 672
t 314 1101 228 679
t 314 1101 875 168
t 314 1101 672 168
t 314 679 738 1402
t 314 679 1402 168
t 315 328 355 828
t 315 328 247 1209
t 315 1083 130 828
t 315 1083 44 1209
t 315 507 1403 828
t 315 507 247 1209
t 315 355 247 44
t 315 999 247 828
t 315 247 44 1209
t 316 1036 1329 1020
t 316 1036 1329 721
t 316 1036 855 1425
t 316 810 1329 1020
t 316 810 280 1425
t 316 810 855 1425
t 316 1329 1020 52
t 316 1329 721 824
t 316 1329 855 52
t 316 280 855 52
t 316 855 52 1425
t 316 52 824 198
t 317 560 1353 170
t 317 560 123 458
t 317 913 482 1353
t 317 913 39 458
t 317 913 1353 170
t 317 39 1070 170
t 317 1070 1254 663
t 318 229 515 483
t 318 229 918 1038
t 318 161 1025 1038
t 318 161 1084 1459
t 318 161 918 499
t 318 161 1459 499
t 318 1025 515 483
t 318 1084 528 483
t 318 1084 1038 1108
t 318 528 1459 1108
t 318 1459 483 499
t 319 378 1195 780
t 319 378 1195 588
t 319 496 826 955
t 319 496 179 955
t 320 542 732 967
t 320 542 1133 787
t 320 542 450 967
t 320 542 450 1417
t 320 649 1133 450
t 320 649 1133 967
t 320 1046 210 801
t 321 1361 435 686
t 321 1361 1029 195
t 321 1361 1494 195
t 321 435 686 195
t 321 1005 1133 30
t 321 686 1029 1494
t 322 964 47 1419
t 322 964 1169 148
t 322 47 758 148
t 322 687 758 148
t 322 1169 592 683
t 322 1169 148 683
t 322 1419 305 290
t 322 1419 290 683
t 323 998 189 288
t 323 998 189 186
t 323 998 33 912
t 323 1312 288 800
t 323 1100 630 800
t 323 1100 186 912
t 323 189 186 82
t 323 33 630 34
t 323 33 912 82
t 323 33 912 34
t 323 288 630 186
t 324 23 604 1443
t 324 169 604 137
t 324 169 1443 869
t 324 169 137 421
t 324 604 852 1303
t 324 852 1443 137
t 324 852 1443 665
t 324 852 24 869
t 324 1443 137 421
t 324 1443 1303 665
t 324 881 869 665
t 324 24 869 665
t 325 1259 609 1126
t 325 1259 708 362
t 325 1259 624 950
t 325 1424 609 59
t 325 1424 708 362
t 325 1424 557 884
t 325 609 206 950
t 325 609 206 884
t 325 206 708 884
t 325 206 950 884
t 325 708 624 884
t 325 59 624 950
t 326 379 395 1198
t 326 1247 980 395
t 326 1247 980 152
t 326 1247 395 799
t 326 1247 395 1134
t 326 1247 1198 1134
t 326 102 980 295
t 326 102 1198 799
t 326 102 519 152
t 326 395 799 519
t 326 1198 1134 519
t 327 1431 1214 447
t 327 500 447 338
t 327 447 1396 75
t 328 315 355 247
t 328 315 507 1374
t 328 355 1080 44
t 328 1080 507 44
t 328 1080 507 130
t 328 507 987 467
t 328 507 987 468
t 328 507 1374 247
t 328 44 1374 130
t 328 987 1374 130
t 329 613 372 1043
t 329 613 372 535
t 329 613 706 1398
t 329 613 535 1152
t 329 390 1043 232
t 329 390 706 232
t 329 372 1043 79
t 329 372 232 1152
t 329 706 79 1398
t 329 706 1398 684
t 329 79 684 232
t 330 369 914 1028
t 330 369 914 822
t 330 369 646 1418
t 330 369 293 916
t 330 369 1071 1028
t 330 479 1071 1359
t 330 479 1359 916
t 330 914 646 1359
t 330 914 916 1418
t 330 914 1418 822
t 330 646 1359 916
t 330 646 1359 1418
t 330 646 1359 822
t 330 293 1359 1128
t 330 293 916 1128
t 330 1071 1028 822
t 330 916 1128 1418
t 331 1173 853 535
t 331 1173 717 429
t 331 1173 495 79
t 331 695 1233 79
t 331 695 495 1255
t 331 853 1233 1255
t 331 853 429 1255
t 331 853 429 535
t 331 717 79 1042
t 331 535 79 1042
t 332 1436 583 1132
t 332 1436 583 1125
t 332 1083 550 1442
t 332 1083 999 767
t 332 539 583 767
t 332 539 999 1125
t 332 539 767 250
t 332 550 999 68
t 332 583 1442 250
t 332 1132 1125 1442
t 332 1132 1442 68
t 332 999 1125 250
t 333 345 1299 1318
t 333 345 1299 862
t 333 345 1299 597
t 333 345 1318 597
t 333 345 1318 35
t 333 345 144 862
t 333 1118 1106 144
t 333 1118 1299 147
t 333 1106 1318 35
t 333 551 1318 144
t 333 551 144 35
t 334 926 1154 403
t 334 926 1384 278
t 334 1154 51 864
t 334 1154 864 203
t 334 893 864 203
t 334 349 51 403
t 334 349 1384 278
t 334 51 1316 864
t 334 51 1316 1067
t 334 51 1316 403
t 334 1384 864 1067
t 335 339 714 1142
t 335 1363 864 1487
t 335 667 714 349
t 335 667 349 1487
t 335 714 1142 1487
t 335 714 864 356
t 335 714 278 1316
t 335 714 356 1487
t 335 714 665 1316
t 335 864 278 356
t 336 428 1141 826
t 336 428 1141 887
t 336 428 396 1048
t 336 428 495 598
t 336 1141 449 1130
t 336 1141 449 887
t 336 1141 449 598
t 336 396 826 1130
t 336 396 1130 1048
t 336 449 1371 495
t 336 449 1371 1048
t 336 449 1130 1048
t 336 449 887 598
t 336 1371 887 598
t 336 163 826 598
t 336 826 1048 887
t 337 1026 1034 1413
t 337 1026 1387 473
t 337 983 1449 715
t 337 983 715 636
t 337 1449 1413 715
t 337 1449 128 636
t 337 880 1387 636
t 337 1496 473 636
t 338 753 1399 905
t 338 753 1401 1220
t 338 1399 1431 1480
t 338 1399 111 1396
t 338 1399 1480 1396
t 338 1401 1431 1480
t 338 1401 756 1480
t 338 1401 327 1396
t 338 1431 111 327
t 338 905 756 1480
t 338 905 1220 1480
t 338 1220 327 1396
t 338 1220 1480 211
t 339 1363 1142 665
t 339 1363 137 1487
t 339 665 1487 421
t 339 665 421 667
t 339 335 1487 460
t 339 137 24 667
t 339 881 1487 667
t 340 386 1133 839
t 340 386 1133 435
t 340 386 839 154
t 340 386 839 435
t 340 538 1133 686
t 340 538 154 967
t 340 1133 154 686
t 340 960 342 686
t 340 960 154 967
t 340 960 154 435
t 340 839 154 1093
t 340 342 154 686
t 340 342 967 320
t 341 723 1179 906
t 341 723 193 1160
t 341 723 1160 906
t 341 723 595 906
t 341 1179 1078 1160
t 341 1400 595 578
t 341 1078 193 1160
t 341 1078 1160 578
t 341 1234 1160 481
t 341 193 481 906
t 342 386 121 960
t 342 386 121 154
t 342 386 904 1093
t 342 386 960 787
t 342 121 1348 1093
t 342 121 838 1320
t 342 121 1093 787
t 342 340 904 787
t 342 904 960 838
t 342 1348 960 838
t 342 1348 960 154
t 342 838 1320 787
t 343 1315 307 647
t 343 1315 957 700
t 343 1315 957 184
t 343 1315 647 69
t 343 1315 1300 700
t 343 307 957 647
t 343 307 957 1368
t 343 307 350 184
t 343 651 1300 1368
t 343 700 1368 184
t 344 76 1214 61
t 344 76 95 939
t 344 76 211 1364
t 344 76 1364 464
t 344 1214 61 939
t 344 1214 230 95
t 344 1214 95 211
t 344 1214 95 437
t 344 61 230 513
t 344 61 939 437
t 344 230 95 830
t 344 230 211 464
t 344 95 211 1364
t 345 333 1118 551
t 345 333 551 1318
t 345 1118 551 1299
t 345 1118 1299 597
t 345 1118 144 597
t 345 1118 35 147
t 345 1118 35 862
t 345 1106 1318 862
t 345 551 1222 862
t 345 1318 1222 597
t 345 1318 144 147
t 345 1222 35 147
t 345 597 147 862
t 346 279 1081 456
t 346 279 1335 739
t 346 279 1161 739
t 346 634 249 739
t 346 1284 249 456
t 346 807 456 739
t 346 807 851 1161
t 346 249 1335 851
t 346 1335 851 1161
t 347 151 1423 1109
t 347 151 596 140
t 347 151 1105 1109
t 347 1423 1105 140
t 347 1423 140 97
t 347 596 354 377
t 347 596 354 140
t 347 596 140 678
t 347 354 616 678
t 347 354 1105 678
t 347 616 140 678
t 347 377 1057 1109
t 347 1105 1109 140
t 348 730 447 131
t 348 730 1482 772
t 348 125 883 772
t 348 883 1482 772
t 348 975 447 1240
t 348 975 131 1482
t 348 139 112 447
t 348 112 1240 772
t 348 131 1482 772
t 349 864 714 334
t 349 864 334 1384
t 349 864 1316 667
t 349 714 278 1154
t 349 714 1316 335
t 349 714 893 667
t 349 334 51 1154
t 349 334 1384 1154
t 349 334 1316 531
t 349 334 667 335
t 349 51 1384 1316
t 349 51 1316 335
t 349 278 1384 1316
t 349 1384 1316 531
t 349 1384 1316 1154
t 349 1384 893 1154
t 349 1384 667 335
t 350 651 953 1406
t 350 651 1315 69
t 350 307 343 530
t 350 307 530 42
t 350 307 1315 957
t 350 343 530 1300
t 350 953 1315 957
t 350 530 647 1406
t 350 530 1315 1406
t 350 647 42 1406
t 350 647 1315 69
t 350 1300 1315 69
t 350 1300 69 957
t 350 1315 1406 957
t 351 1268 746 213
t 351 1163 407 587
t 351 407 746 841
t 351 1039 220 297
t 351 1039 213 297
t 351 746 848 587
t 351 220 213 587
t 351 213 297 841
t 352 906 558 1234
t 352 906 443 77
t 352 906 77 5
t 352 118 558 1472
t 352 118 77 1201
t 352 443 1201 1160
t 352 1472 1160 1488
t 352 1201 1160 1234
t 353 1213 812 1250
t 353 1213 387 725
t 353 1213 725 418
t 353 1213 691 722
t 353 200 387 1245
t 353 200 411 722
t 353 200 411 418
t 353 812 411 1262
t 353 812 1250 1245
t 353 387 722 1262
t 353 387 1250 418
t 354 596 1109 151
t 354 596 1057 402
t 354 596 306 1469
t 354 1109 151 1239
t 354 1109 678 1469
t 354 1057 151 402
t 354 1057 151 1469
t 354 151 1469 1239
t 354 377 402 1469
t 354 377 402 505
t 354 377 1469 505
t 354 402 678 306
t 355 1432 1103 315
t 355 1432 467 562
t 355 1432 1023 828
t 355 1432 1080 1083
t 355 1341 467 44
t 355 1341 1023 1080
t 355 1103 467 44
t 355 1103 467 1083
t 355 467 44 1083
t 355 467 1080 828
t 355 44 315 828
t 355 44 1023 1083
t 356 667 531 1316
t 356 667 531 460
t 356 667 631 1067
t 356 278 531 335
t 356 278 631 1142
t 356 278 631 335
t 356 278 156 460
t 356 1384 1067 403
t 356 1316 631 335
t 356 1316 156 460
t 357 301 48 889
t 357 301 1238 889
t 357 1499 561 1470
t 357 1499 561 547
t 357 1499 48 834
t 357 1499 54 1238
t 357 561 54 272
t 357 561 272 889
t 357 48 54 547
t 357 48 1238 834
t 357 48 1470 547
t 357 54 834 547
t 357 272 1238 889
t 357 834 889 547
t 358 1410 240 249
t 358 1410 739 1081
t 358 1410 249 1175
t 358 240 1333 249
t 358 240 1333 25
t 358 1333 25 892
t 358 1333 1175 892
t 358 739 25 940
t 358 249 940 892
t 358 249 1081 892
t 358 25 940 892
t 358 940 1175 1081
t 358 940 1175 892
t 359 418 1250 691
t 359 418 1115 1446
t 359 1250 812 1497
t 359 521 133 691
t 359 521 133 831
t 359 521 1115 1446
t 359 521 1115 986
t 359 521 1497 1271
t 359 133 1115 1446
t 359 133 691 831
t 359 133 1271 831
t 359 1115 691 831
t 359 1115 1446 831
t 359 691 986 1271
t 360 368 1301 1278
t 360 368 1278 1289
t 360 368 1278 512
t 360 368 31 167
t 360 368 31 512
t 360 368 167 528
t 360 368 512 483
t 360 1301 1459 167
t 360 1301 31 1307
t 360 1301 31 528
t 360 1301 452 512
t 360 1459 31 512
t 360 1459 167 483
t 360 31 452 1289
t 360 31 483 528
t 360 452 167 528
t 360 167 512 483
t 360 167 512 528
t 361 28 1428 932
t 361 28 1428 681
t 361 28 736 988
t 361 28 681 11
t 361 28 681 1219
t 361 1428 681 11
t 361 941 11 553
t 361 941 1219 988
t 361 932 11 72
t 361 681 11 72
t 361 553 1219 988
t 362 1237 1259 810
t 362 445 83 1202
t 362 1259 325 83
t 362 1259 83 1202
t 362 1259 83 1116
t 362 325 1202 1116
t 363 920 1071 486
t 363 920 1071 369
t 363 920 646 871
t 363 920 871 486
t 363 920 106 271
t 363 920 106 330
t 363 920 927 1465
t 363 1071 106 271
t 363 1071 330 486
t 363 646 106 927
t 363 646 271 330
t 363 871 106 486
t 363 871 1465 330
t 363 106 271 330
t 363 106 330 486
t 363 1465 330 369
t 363 271 486 369
t 364 848 38 841
t 364 848 1124 448
t 364 188 962 1268
t 364 188 1039 608
t 364 430 962 1039
t 364 746 1039 841
t 364 746 608 448
t 364 38 1124 608
t 365 260 1256 891
t 365 260 484 932
t 365 891 484 822
t 365 891 996 579
t 365 891 996 28
t 365 680 996 822
t 365 932 996 681
t 366 815 945 689
t 366 815 1390 813
t 366 815 1003 813
t 366 945 657 697
t 366 945 1003 302
t 366 945 689 813
t 366 657 492 971
t 366 657 1390 697
t 366 1390 971 813
t 366 1003 813 697
t 367 1136 488 877
t 367 1136 965 1261
t 367 488 844 641
t 367 488 877 1261
t 367 488 1261 757
t 367 844 877 707
t 367 844 877 641
t 367 844 32 383
t 367 844 965 1261
t 367 877 965 1261
t 367 877 1261 451
t 367 32 965 641
t 367 1261 757 383
t 368 360 1301 452
t 368 360 1289 1459
t 368 360 31 1459
t 368 1278 1307 31
t 368 1278 31 1459
t 368 452 512 483
t 368 1459 512 473
t 369 330 479 293
t 369 330 293 1359
t 369 330 646 1418
t 369 330 1071 1028
t 369 479 914 293
t 369 479 914 646
t 369 479 293 646
t 369 479 293 1128
t 369 479 916 1128
t 369 293 646 1418
t 369 293 1359 1028
t 369 293 1071 1028
t 369 1418 916 1359
t 369 1418 1359 1028
t 370 180 1119 1286
t 370 180 802 702
t 370 180 802 477
t 370 180 802 1294
t 370 180 478 262
t 370 1119 790 1286
t 370 1119 1334 1294
t 370 1119 702 1294
t 370 1119 478 262
t 370 802 1286 1294
t 370 802 477 262
t 370 477 478 666
t 371 1158 897 1222
t 371 1158 897 1140
t 371 1158 793 1140
t 371 1158 719 655
t 371 1158 80 949
t 371 1158 80 1140
t 371 1158 949 1140
t 371 897 719 648
t 371 897 80 655
t 371 1222 719 949
t 371 793 551 949
t 371 80 551 655
t 371 551 1140 655
t 372 79 1042 853
t 372 79 8 242
t 372 1042 629 613
t 372 1042 629 717
t 372 1042 329 717
t 372 1042 1398 1166
t 372 1042 853 242
t 372 629 8 535
t 372 629 1166 242
t 372 629 242 717
t 372 329 1398 1166
t 372 329 613 535
t 372 1398 613 242
t 372 1398 853 535
t 372 853 242 535
t 372 1166 717 535
t 373 1122 58 574
t 373 757 381 1437
t 373 442 381 574
t 373 442 298 26
t 373 214 26 574
t 373 1437 26 574
t 374 636 600 878
t 374 636 1108 405
t 374 1097 600 405
t 374 1097 600 865
t 374 1097 1108 405
t 374 600 405 182
t 374 1108 1034 182
t 374 405 182 1449
t 374 405 182 878
t 374 182 1449 865
t 374 182 1449 963
t 374 865 963 878
t 375 1059 735 1092
t 375 1059 541 193
t 375 1059 1092 659
t 375 1078 735 1276
t 375 1078 541 193
t 375 1078 193 670
t 375 284 541 670
t 375 284 1276 659
t 375 735 541 670
t 375 444 541 193
t 375 444 997 1276
t 375 444 997 193
t 375 444 1276 659
t 375 541 1276 193
t 376 845 438 1066
t 376 845 438 1186
t 376 845 650 1186
t 376 845 1393 918
t 376 499 453 1066
t 376 499 1393 1450
t 376 438 650 1127
t 376 438 1393 1066
t 376 650 453 1066
t 376 650 1393 1328
t 376 650 1393 1186
t 376 650 1393 1450
t 376 650 1066 1328
t 376 1127 1066 918
t 377 441 678 1423
t 377 441 1109 1423
t 377 441 1423 596
t 377 441 178 937
t 377 402 678 937
t 377 402 354 596
t 377 402 1239 178
t 377 402 1423 1057
t 377 678 1239 1109
t 377 678 347 1057
t 377 354 347 1423
t 377 354 1057 178
t 377 354 596 937
t 377 1239 347 1109
t 377 1239 1423 1057
t 378 319 179 166
t 378 319 496 304
t 378 1104 496 742
t 378 179 304 716
t 378 780 420 826
t 378 496 742 299
t 378 496 166 420
t 378 166 304 716
t 378 166 304 826
t 379 326 1198 1379
t 379 326 395 1134
t 379 1247 1198 519
t 379 1247 295 519
t 379 1247 519 799
t 379 1198 1379 152
t 379 395 295 519
t 379 1134 519 799
t 379 519 1379 152
t 380 66 1174 992
t 380 586 1174 1268
t 380 586 1273 305
t 380 262 746 1268
t 380 262 746 962
t 380 262 790 1273
t 380 666 746 1273
t 380 1174 746 962
t 380 1174 790 962
t 380 746 1273 305
t 380 790 992 962
t 381 785 574 1198
t 381 785 442 568
t 381 785 442 757
t 381 785 568 707
t 381 785 757 373
t 381 785 1376 965
t 381 574 442 707
t 381 574 116 568
t 381 574 1198 757
t 381 574 1198 1376
t 381 574 568 373
t 381 442 641 116
t 381 442 116 373
t 381 641 116 707
t 381 641 568 965
t 381 641 757 373
t 381 116 373 1376
t 381 1376 707 965
t 382 1052 911 834
t 382 192 525 1358
t 382 192 525 1135
t 382 192 1232 480
t 382 782 525 911
t 382 782 911 1095
t 382 525 1408 480
t 382 525 1358 1095
t 382 1408 911 1095
t 382 1232 480 1135
t 382 1358 911 1135
t 382 1358 1095 834
t 382 480 1095 834
t 382 480 1135 834
t 383 940 707 116
t 383 940 707 1332
t 383 940 199 240
t 383 940 116 1332
t 383 940 240 488
t 383 940 1376 1332
t 383 707 1410 1332
t 383 707 240 1376
t 383 844 199 1410
t 383 116 442 1332
t 384 165 1379 781
t 384 165 805 781
t 384 1379 1397 781
t 384 1379 784 1192
t 384 1397 805 781
t 384 1397 805 1192
t 384 1397 574 295
t 384 805 295 784
t 384 805 295 1192
t 384 574 1192 1354
t 384 295 784 1192
t 384 784 1192 603
t 385 1480 905 1206
t 385 1480 867 555
t 385 1480 218 1477
t 385 1480 446 1138
t 385 905 1050 218
t 385 905 218 446
t 385 905 1399 1138
t 385 1050 867 446
t 385 867 1477 555
t 385 867 1206 1138
t 385 218 972 555
t 386 342 340 1093
t 386 342 154 1093
t 386 340 1348 1093
t 386 340 299 838
t 386 1348 154 1093
t 386 1348 1093 299
t 386 154 1093 839
t 386 121 1093 1075
t 386 121 839 1075
t 387 722 200 882
t 387 722 200 1121
t 387 722 1213 1262
t 387 1153 313 463
t 387 1153 114 411
t 387 1213 353 411
t 387 1213 1262 114
t 387 353 313 882
t 387 313 1121 463
t 388 152 1198 799
t 388 152 799 748
t 388 393 1198 748
t 388 393 395 799
t 388 393 799 748
t 388 393 799 1376
t 388 1198 980 1376
t 389 1294 1273 73
t 389 1294 1273 702
t 389 1294 1273 1055
t 389 1294 73 702
t 389 1294 1334 1286
t 389 241 244 1055
t 389 241 73 702
t 389 244 1273 1286
t 389 244 73 1334
t 389 244 1407 702
t 389 1273 702 1286
t 389 73 702 556
t 389 73 702 1055
t 389 1407 702 1334
t 389 702 1334 1055
t 390 1043 535 1288
t 390 1043 1288 593
t 390 1043 329 1241
t 390 535 1288 1241
t 390 535 706 853
t 390 535 1241 853
t 390 613 329 177
t 390 613 329 593
t 390 613 177 1241
t 390 329 706 372
t 390 706 177 1087
t 391 126 1224 170
t 391 772 447 663
t 391 772 975 170
t 391 1224 125 730
t 391 1224 125 913
t 391 975 170 730
t 391 170 1240 913
t 392 1462 1326 1298
t 392 1462 1015 1023
t 392 1462 1023 828
t 392 640 1131 1015
t 392 640 1131 828
t 392 640 70 1298
t 392 1131 1326 1298
t 392 1383 1015 1209
t 393 748 1376 741
t 393 748 116 799
t 393 388 116 799
t 393 388 116 152
t 393 388 1077 741
t 393 388 1134 799
t 393 388 1134 152
t 393 116 568 807
t 393 116 568 1198
t 393 116 1198 152
t 393 568 741 152
t 393 568 807 152
t 394 1120 1374 1080
t 394 468 1244 611
t 394 468 1374 611
t 394 468 987 540
t 394 468 540 1478
t 394 1244 698 970
t 394 1374 698 1478
t 394 1374 611 970
t 394 1374 1478 1080
t 394 987 698 970
t 394 987 1478 1080
t 394 698 970 1080
t 395 1198 568 393
t 395 980 1498 1314
t 395 980 1217 379
t 395 980 379 799
t 395 152 1498 379
t 395 152 1134 393
t 395 152 1314 799
t 395 1498 568 379
t 395 1498 1134 1314
t 395 1498 379 1314
t 395 568 799 393
t 395 388 379 799
t 396 887 304 1184
t 396 887 598 503
t 396 887 498 1130
t 396 887 43 1184
t 396 304 43 179
t 396 304 179 1184
t 396 598 780 1311
t 396 598 780 1184
t 396 498 883 1311
t 396 498 179 1130
t 396 43 883 179
t 396 883 780 1311
t 396 883 179 1184
t 396 780 503 1184
t 397 300 681 11
t 397 300 736 891
t 397 28 553 736
t 397 28 736 361
t 397 28 736 1156
t 397 28 736 11
t 397 681 736 238
t 397 681 1428 361
t 397 681 1156 238
t 397 736 1428 891
t 397 736 11 238
t 397 736 11 891
t 397 1428 361 891
t 397 1428 238 891
t 398 1211 255 762
t 398 1211 661 532
t 398 1211 931 522
t 398 1211 1165 1
t 398 255 661 106
t 398 255 931 1165
t 398 255 931 762
t 398 661 762 1433
t 398 931 1165 522
t 398 1165 762 532
t 399 96 1138 1218
t 399 187 1251 768
t 399 187 16 1365
t 399 1251 768 607
t 399 1251 16 947
t 399 1251 16 1365
t 399 1138 776 555
t 399 1138 607 555
t 400 1094 1369 1448
t 400 1094 7 862
t 400 1094 679 216
t 400 147 7 795
t 400 7 1448 795
t 400 7 795 216
t 400 1448 1264 216
t 401 567 207 248
t 401 567 207 795
t 401 567 88 150
t 401 567 248 795
t 401 457 132 248
t 401 457 769 153
t 401 457 769 88
t 401 457 769 248
t 401 457 207 795
t 401 132 207 795
t 401 132 207 1148
t 401 769 207 1148
t 401 769 207 150
t 401 153 248 1148
t 401 153 248 1280
t 402 1239 354 1260
t 402 1239 1109 1057
t 402 377 354 1260
t 402 377 1109 1260
t 402 354 1109 506
t 402 1109 1241 763
t 402 1109 1241 1057
t 402 1241 763 818
t 402 1241 1057 1260
t 403 1067 33 631
t 403 531 424 156
t 403 531 630 1316
t 403 531 631 334
t 403 424 278 1316
t 403 1316 33 631
t 403 1316 33 156
t 404 1358 1188 1408
t 404 1188 1291 889
t 404 685 1408 382
t 404 1408 1205 1373
t 404 1408 889 382
t 404 1408 889 1018
t 404 1205 889 1226
t 404 1373 1206 889
t 405 878 1292 310
t 405 878 1292 374
t 405 878 1292 1449
t 405 878 310 1034
t 405 878 1108 1034
t 405 878 236 590
t 405 1292 1108 894
t 405 310 1034 374
t 405 1108 236 590
t 405 1034 266 1449
t 405 894 374 1097
t 405 266 236 1449
t 405 236 374 1449
t 406 1088 1336 409
t 406 1088 409 1305
t 406 1088 715 310
t 406 1088 310 1127
t 406 236 409 715
t 406 236 715 433
t 406 1336 310 1305
t 406 409 590 310
t 406 409 590 1127
t 406 409 715 1127
t 406 409 750 1127
t 406 715 433 750
t 406 1387 310 750
t 406 433 1127 1305
t 407 1479 220 412
t 407 1479 351 213
t 407 220 351 587
t 407 351 213 1308
t 407 351 1163 1308
t 407 213 841 1268
t 407 213 841 1098
t 407 213 1268 1098
t 407 841 1163 1268
t 407 841 297 1098
t 407 1268 412 1308
t 408 1225 1450 22
t 408 1225 1450 1066
t 408 1186 1450 235
t 408 1186 235 259
t 408 1186 22 690
t 408 1450 235 1257
t 408 235 650 690
t 408 22 514 1066
t 409 715 750 590
t 409 715 859 1496
t 409 715 1336 1496
t 409 750 798 1336
t 409 750 770 406
t 409 859 798 770
t 409 859 798 1387
t 409 859 777 406
t 409 859 770 1387
t 409 798 777 770
t 409 798 590 1496
t 409 777 1336 406
t 409 590 1496 770
t 409 1336 1496 1387
t 410 1491 57 462
t 410 1491 171 11
t 410 1491 171 701
t 410 1491 1180 569
t 410 1491 1204 701
t 410 57 171 701
t 410 57 765 1180
t 410 57 72 462
t 410 57 11 569
t 410 171 765 1180
t 410 171 765 11
t 410 765 72 1219
t 410 765 462 1219
t 410 72 11 569
t 410 72 1204 701
t 410 462 1180 701
t 410 701 1219 569
t 411 812 158 353
t 411 812 1317 359
t 411 725 158 359
t 411 725 866 418
t 411 158 866 1317
t 411 158 1317 858
t 411 866 359 353
t 411 691 1250 418
t 411 691 359 418
t 411 359 418 353
t 411 418 353 1213
t 412 1098 1285 1308
t 412 1098 1285 122
t 412 1098 1285 1147
t 412 1098 786 1308
t 412 1098 786 1444
t 412 1098 786 912
t 412 1098 622 912
t 412 1285 122 1479
t 412 1285 1479 912
t 412 786 622 912
t 412 786 220 122
t 412 786 220 1479
t 412 786 1479 912
t 412 622 220 407
t 412 220 122 1479
t 412 122 407 1444
t 412 122 407 1479
t 412 407 1444 1479
t 412 1444 1479 912
t 413 1462 252 1298
t 413 1462 928 245
t 413 1209 392 252
t 413 640 252 245
t 413 640 825 245
t 413 392 1298 70
t 413 1159 252 510
t 413 1159 70 245
t 413 252 510 928
t 413 510 1298 825
t 414 222 8 1079
t 414 222 8 1310
t 414 222 629 1451
t 414 8 242 1398
t 414 629 1079 242
t 414 629 1451 6
t 414 1079 1111 811
t 414 1310 242 6
t 414 1310 1324 6
t 414 1111 242 1324
t 414 1111 811 6
t 414 1111 1451 1398
t 414 242 811 1451
t 414 811 1451 1398
t 415 164 65 786
t 415 164 1100 233
t 415 1355 1147 233
t 415 1355 65 1067
t 415 713 9 65
t 415 9 1067 786
t 415 65 122 786
t 415 1312 122 1100
t 416 854 851 190
t 416 851 523 942
t 416 851 523 1004
t 416 851 190 1004
t 416 851 942 298
t 416 811 456 564
t 416 523 298 741
t 417 243 1026 1413
t 417 243 1413 1278
t 417 1426 773 476
t 417 1426 880 1413
t 417 773 93 476
t 417 93 1413 1289
t 417 1182 1289 1278
t 418 1250 359 1497
t 418 1250 691 986
t 418 1250 133 812
t 418 1250 812 1271
t 418 1250 1115 494
t 418 359 133 1497
t 418 359 812 986
t 418 691 133 1446
t 418 691 1446 1497
t 418 691 986 1497
t 418 691 1115 1271
t 418 133 1115 1497
t 418 812 521 1497
t 418 812 1115 1271
t 418 521 986 1115
t 418 521 986 1497
t 419 792 239 1041
t 419 792 1468 1406
t 419 792 1325 42
t 419 792 487 42
t 419 239 1041 487
t 419 239 1041 1406
t 419 239 1325 1031
t 419 239 1406 1031
t 419 704 1041 1325
t 419 704 1325 1031
t 419 704 1406 1031
t 419 1468 1325 42
t 419 1468 487 42
t 419 1468 1031 42
t 420 166 787 598
t 420 166 787 348
t 420 952 780 1348
t 420 952 131 598
t 420 179 780 131
t 420 179 887 1348
t 420 780 887 883
t 420 780 887 348
t 420 780 883 1348
t 420 131 1348 304
t 420 598 304 348
t 421 24 23 1060
t 421 24 23 1303
t 421 665 1060 335
t 421 339 23 1303
t 421 324 137 1363
t 421 137 881 1363
t 422 1072 1319 1313
t 422 1072 1114 737
t 422 995 1132 1114
t 422 995 37 1436
t 422 995 550 1114
t 422 1132 993 1114
t 422 37 1319 1436
t 422 37 550 1313
t 422 993 1319 1313
t 422 993 994 1114
t 422 1319 1436 1313
t 422 1319 550 1313
t 422 1319 1114 737
t 422 550 1114 737
t 423 1013 83 1189
t 423 1013 863 1189
t 423 1013 884 1189
t 423 83 816 1411
t 423 83 884 1189
t 423 83 134 624
t 423 83 134 1189
t 423 83 1189 91
t 423 83 91 1116
t 423 816 134 549
t 423 816 1189 91
t 423 884 134 549
t 423 1411 624 1189
t 424 630 403 998
t 424 630 288 531
t 424 630 998 33
t 424 630 998 631
t 424 630 33 601
t 424 403 82 631
t 424 403 34 33
t 424 403 34 323
t 424 403 998 323
t 424 403 998 1067
t 424 403 1067 631
t 424 288 33 631
t 424 288 323 1067
t 424 82 34 1067
t 424 82 998 323
t 424 82 33 1067
t 424 82 1067 631
t 424 34 998 323
t 424 34 33 631
t 424 998 33 323
t 424 998 33 631
t 424 33 323 601
t 424 531 1067 631
t 424 531 601 631
t 425 1212 474 559
t 425 1212 474 123
t 425 1212 173 1377
t 425 1212 979 1377
t 425 1212 896 158
t 425 474 173 979
t 425 474 896 1377
t 425 432 559 173
t 425 432 559 1176
t 425 559 979 1176
t 425 559 979 856
t 425 559 1176 896
t 425 559 896 158
t 425 123 979 856
t 425 123 1377 856
t 425 979 896 158
t 425 979 1377 158
t 426 259 724 1225
t 426 259 270 823
t 426 724 1066 943
t 426 724 408 1328
t 426 724 823 1328
t 426 724 1225 1450
t 426 1066 270 943
t 426 1066 270 1186
t 426 1066 516 1225
t 426 1066 516 943
t 426 1066 408 1450
t 426 270 408 1450
t 426 270 1225 1450
t 426 408 1450 1328
t 426 823 1450 943
t 426 1225 1450 1328
t 427 948 53 51
t 427 948 1229 501
t 427 924 53 459
t 427 924 53 51
t 427 924 53 673
t 427 53 459 1229
t 427 53 673 1229
t 427 459 778 287
t 427 459 1229 287
t 428 581 1415 518
t 428 581 124 1483
t 428 581 1483 336
t 428 581 677 518
t 428 124 1130 1296
t 428 124 336 518
t 428 1483 1130 677
t 428 1130 187 518
t 428 336 677 518
t 429 1042 853 1043
t 429 1042 695 717
t 429 1042 331 717
t 429 1042 1260 1043
t 429 695 1087 1166
t 429 331 717 535
t 429 1260 717 79
t 429 1260 535 1173
t 429 717 535 79
t 429 1173 1087 79
t 429 1166 79 1043
t 430 1267 225 962
t 430 1267 225 1414
t 430 1053 848 841
t 430 1053 38 225
t 430 1053 225 1414
t 430 2 556 848
t 430 2 841 225
t 430 2 225 1414
t 430 746 962 1414
t 430 848 841 962
t 430 848 841 1414
t 430 38 225 962
t 431 1055 852 478
t 431 1055 852 64
t 431 1055 508 1458
t 431 1055 1089 64
t 431 1055 1089 73
t 431 1007 303 241
t 431 1007 64 1458
t 431 1007 64 73
t 431 852 802 241
t 431 1089 1458 73
t 432 1212 158 1176
t 432 123 158 425
t 432 158 725 437
t 432 1176 425 61
t 432 425 61 437
t 432 474 725 437
t 433 590 409 715
t 433 310 266 236
t 433 1336 859 409
t 433 1336 1292 1108
t 433 859 236 1292
t 433 750 1127 1108
t 433 1127 236 409
t 434 95 1254 761
t 434 95 1254 2
t 434 1287 1377 61
t 434 1287 2 344
t 434 1267 76 2
t 434 76 606 344
t 434 76 606 537
t 434 1254 1377 761
t 434 1254 1377 606
t 434 1254 1377 344
t 434 1254 761 2
t 434 1377 61 344
t 434 761 61 344
t 435 1361 627 30
t 435 1005 686 321
t 435 1005 686 461
t 435 686 627 1029
t 435 686 1494 1029
t 435 686 195 30
t 435 321 1133 90
t 435 321 627 30
t 435 321 195 90
t 435 1133 1029 30
t 435 1133 1029 461
t 436 1024 832 954
t 436 1024 954 12
t 436 1024 954 759
t 436 1024 573 1339
t 436 1024 215 885
t 436 1024 1339 1008
t 436 1024 578 885
t 436 1002 578 12
t 436 832 954 1339
t 436 832 954 1008
t 436 832 215 885
t 436 832 885 759
t 436 573 1008 885
t 436 573 578 12
t 437 211 756 1021
t 437 211 1317 76
t 437 756 61 1115
t 437 756 1021 158
t 437 756 1220 1115
t 437 61 76 1271
t 437 1021 1220 344
t 437 1220 76 158
t 437 1220 76 1271
t 438 845 1127 1336
t 438 845 718 1336
t 438 845 499 433
t 438 1127 1393 499
t 438 376 718 499
t 438 376 1336 770
t 438 1336 650 1328
t 438 1336 1328 433
t 438 1393 770 650
t 438 770 650 433
t 439 839 538 1320
t 439 839 538 1005
t 439 839 386 955
t 439 538 849 774
t 439 538 849 686
t 439 538 774 340
t 439 849 340 386
t 439 849 1187 1005
t 439 340 1187 1320
t 439 340 686 955
t 439 1320 154 686
t 439 1320 1005 386
t 440 271 486 1421
t 440 271 1215 1421
t 440 271 286 263
t 440 271 1027 263
t 440 271 487 1031
t 440 486 1215 792
t 440 486 1421 792
t 440 486 487 263
t 440 486 487 792
t 440 1215 1421 1031
t 440 286 1027 1351
t 440 1027 1351 1421
t 440 1027 263 792
t 440 1351 1421 1031
t 441 678 638 1423
t 441 678 1423 178
t 441 678 536 140
t 441 377 1105 281
t 441 377 140 97
t 441 638 1423 178
t 441 638 1105 140
t 441 638 1105 97
t 441 638 536 140
t 441 1105 97 1057
t 441 281 140 178
t 442 116 1376 393
t 442 116 1077 748
t 442 116 1077 393
t 442 116 1077 298
t 442 116 1332 393
t 442 116 1332 1437
t 442 116 393 707
t 442 1376 1077 748
t 442 1376 748 1437
t 442 1376 393 298
t 442 1376 26 707
t 442 1376 707 1161
t 442 1077 381 1437
t 442 1332 1437 298
t 442 1332 26 707
t 442 748 381 298
t 442 1437 26 1161
t 443 906 352 1201
t 443 906 1113 467
t 443 906 1160 1346
t 443 44 1160 490
t 443 352 1346 490
t 443 1113 1201 1346
t 443 1113 1160 490
t 443 1113 118 1346
t 443 1113 118 872
t 443 504 1160 118
t 443 118 1346 467
t 444 659 1059 1326
t 444 659 562 1432
t 444 1092 825 1304
t 444 1023 221 1432
t 444 1429 1326 1432
t 444 825 221 1432
t 445 1237 362 1020
t 445 1237 1020 83
t 445 362 1020 176
t 445 884 726 280
t 445 890 1202 726
t 445 890 708 280
t 445 890 708 83
t 446 218 867 1480
t 446 218 867 518
t 446 218 16 905
t 446 867 1337 518
t 446 867 518 385
t 446 16 1050 1480
t 446 16 1480 1337
t 446 1050 119 905
t 447 772 125 975
t 447 772 1224 730
t 447 125 126 1240
t 447 125 126 730
t 447 1240 975 730
t 447 1482 1353 730
t 448 1200 608 364
t 448 1200 188 364
t 448 608 1091 1414
t 448 188 652 1252
t 448 188 1414 38
t 448 652 225 1414
t 448 1252 1091 364
t 448 1252 1414 38
t 448 225 1414 364
t 448 225 831 38
t 448 1091 1414 1053
t 448 1091 831 1053
t 448 1414 1053 38
t 449 716 615 92
t 449 336 92 1184
t 449 929 637 92
t 449 847 615 1184
t 449 637 1085 1184
t 450 801 617 968
t 450 801 1076 1417
t 450 1046 1076 968
t 450 1046 649 1417
t 450 915 1207 649
t 450 915 1207 1417
t 450 915 537 649
t 450 915 537 1417
t 450 915 537 1006
t 450 915 617 1407
t 450 915 1407 968
t 450 537 1407 1417
t 450 537 1417 968
t 450 1076 1407 1417
t 450 1076 1407 1006
t 450 1407 1417 968
t 451 41 1065 707
t 451 41 488 940
t 451 41 466 877
t 451 41 877 493
t 451 41 272 493
t 451 844 466 940
t 451 1065 877 940
t 451 466 383 940
t 451 466 940 493
t 452 167 368 798
t 452 167 360 528
t 452 167 360 512
t 452 167 823 1496
t 452 167 1301 1047
t 452 368 360 823
t 452 368 360 798
t 452 368 1047 1496
t 452 360 798 528
t 452 360 1301 1047
t 452 1471 1301 528
t 453 499 918 770
t 453 918 859 750
t 453 859 1471 1328
t 453 750 1127 1328
t 453 528 1471 1127
t 453 376 1471 1127
t 453 376 1471 433
t 453 1127 1328 433
t 454 925 1183 779
t 454 925 1001 632
t 454 925 977 18
t 454 925 485 197
t 454 925 632 197
t 454 925 632 779
t 454 925 632 1405
t 454 925 1405 18
t 454 1183 977 485
t 454 1183 485 18
t 454 1183 1144 632
t 454 1001 485 197
t 454 977 485 1144
t 454 977 1144 1405
t 454 977 632 18
t 454 485 1144 779
t 454 485 632 527
t 454 779 1405 18
t 455 1123 527 29
t 455 683 1344 902
t 455 683 1016 29
t 455 683 29 902
t 455 527 1344 1016
t 455 662 477 29
t 455 662 29 902
t 455 477 1016 902
t 456 1111 1284 1451
t 456 1111 851 1451
t 456 1111 1335 1451
t 456 851 523 807
t 456 851 346 1161
t 456 851 1451 279
t 456 1335 1451 279
t 456 416 1081 1451
t 457 567 875 132
t 457 401 88 875
t 457 401 88 791
t 457 401 875 769
t 457 401 132 679
t 457 88 875 153
t 457 88 795 769
t 457 875 791 795
t 457 1148 153 679
t 457 1148 795 679
t 457 132 153 769
t 457 132 769 679
t 458 39 1090 121
t 458 39 1453 913
t 458 560 1343 14
t 458 560 1343 913
t 458 560 1207 915
t 458 560 317 14
t 458 1343 1090 633
t 458 1207 915 317
t 458 1207 915 121
t 458 1207 121 913
t 458 915 633 913
t 459 924 427 53
t 459 924 51 1199
t 459 924 287 1481
t 459 924 501 53
t 459 711 287 53
t 459 427 639 3
t 459 796 51 53
t 459 51 501 3
t 459 51 501 53
t 459 51 3 1481
t 459 3 1481 53
t 460 1389 209 339
t 460 1389 339 1124
t 460 1142 1189 339
t 460 9 1039 1189
t 460 1363 881 1039
t 460 881 137 667
t 460 881 1124 667
t 460 137 1189 339
t 461 1187 1210 696
t 461 45 1361 1210
t 461 686 90 1361
t 461 90 435 696
t 462 11 1491 941
t 462 988 410 1204
t 462 988 1204 1491
t 462 988 1180 569
t 462 988 941 688
t 462 410 569 171
t 462 1204 701 569
t 462 701 1491 688
t 463 114 1000 288
t 463 114 882 949
t 463 1000 882 699
t 463 1000 1475 800
t 463 1000 699 288
t 463 882 313 288
t 463 882 949 1475
t 463 882 949 800
t 463 882 1193 699
t 463 313 949 1475
t 463 1193 1262 800
t 463 1193 699 189
t 463 699 800 288
t 464 513 830 840
t 464 513 500 1396
t 464 710 1214 1380
t 464 1214 830 1380
t 464 1214 1364 840
t 464 830 500 1396
t 464 75 1380 1396
t 464 1364 606 1396
t 465 1360 540 1243
t 465 605 1191 832
t 465 605 202 1243
t 465 540 1096 100
t 465 1010 1096 1243
t 465 1191 202 832
t 465 258 1096 135
t 466 85 71 523
t 466 85 71 48
t 466 85 594 1170
t 466 85 594 1499
t 466 85 594 48
t 466 85 1161 523
t 466 594 1161 523
t 467 44 872 100
t 467 44 355 328
t 467 44 355 100
t 467 1080 355 490
t 467 1080 1447 566
t 467 1080 1447 328
t 467 1080 566 328
t 467 355 1447 221
t 467 355 490 328
t 467 175 490 221
t 467 490 328 100
t 467 566 328 221
t 467 328 221 1341
t 468 987 1120 1244
t 468 1120 1374 611
t 468 1120 394 1463
t 468 1120 507 1463
t 468 1374 540 611
t 468 394 328 611
t 468 394 1080 1244
t 468 328 1463 671
t 468 1080 540 611
t 468 507 1244 671
t 469 461 625 1361
t 469 461 903 686
t 469 461 1005 17
t 469 461 686 17
t 469 625 903 1494
t 469 625 90 627
t 469 625 1005 627
t 469 903 1494 17
t 469 903 435 618
t 469 1361 90 1494
t 469 686 618 627
t 470 7 679 400
t 470 7 855 207
t 470 7 855 1369
t 470 890 132 1369
t 470 890 207 810
t 470 824 207 1369
t 470 679 132 207
t 470 1117 855 132
t 470 1117 855 1369
t 470 132 1369 810
t 470 207 1369 810
t 471 1009 1181 230
t 471 1009 1181 513
t 471 1009 840 710
t 471 13 830 1364
t 471 13 1181 230
t 471 13 1181 1216
t 471 13 1364 513
t 471 830 230 513
t 471 1181 230 1414
t 471 1181 110 513
t 471 1181 1364 710
t 471 840 230 513
t 471 840 110 1216
t 471 840 1216 513
t 471 230 1364 710
t 472 1305 128 1088
t 473 1496 777 1047
t 473 880 1026 715
t 473 880 777 1387
t 473 880 512 1047
t 473 880 1047 1387
t 473 880 337 715
t 473 1026 777 417
t 473 1026 512 337
t 473 777 715 476
t 473 417 1047 337
t 473 512 715 1413
t 473 1047 1413 476
t 473 715 1413 476
t 474 425 123 559
t 474 425 123 1176
t 474 425 432 1212
t 474 425 1212 1176
t 474 432 896 559
t 474 158 1176 173
t 474 158 1176 1377
t 474 559 1245 1176
t 475 1328 845 235
t 475 1328 1066 408
t 475 1328 408 259
t 475 1328 823 376
t 475 516 1257 1186
t 475 516 823 259
t 475 516 259 376
t 475 1257 235 1186
t 475 1257 259 650
t 475 845 235 376
t 475 845 650 1186
t 475 235 259 1186
t 475 1066 1186 376
t 475 650 1186 376
t 476 908 1002 224
t 476 908 1002 954
t 476 885 773 215
t 476 885 773 224
t 476 885 880 224
t 476 885 1289 215
t 476 773 880 215
t 476 773 573 1278
t 476 773 1307 1002
t 476 773 224 954
t 477 148 370 29
t 477 148 1119 455
t 477 180 666 290
t 477 180 683 1054
t 477 180 455 1054
t 477 666 290 305
t 477 666 1119 305
t 477 666 1119 1054
t 477 666 305 1054
t 477 683 455 1054
t 478 1294 241 244
t 478 73 241 1407
t 478 73 702 180
t 478 1055 702 1407
t 478 1055 1334 1273
t 478 1055 1286 244
t 478 1334 244 1407
t 479 914 916 646
t 479 914 293 1359
t 479 330 369 916
t 479 330 1071 1418
t 479 330 1071 822
t 479 330 1359 1418
t 479 369 916 822
t 479 916 293 822
t 479 293 1128 1071
t 480 1227 1454 1291
t 480 1227 1052 192
t 480 1227 1291 48
t 480 1454 192 19
t 480 1373 382 19
t 480 1373 1135 192
t 480 1373 1135 48
t 480 1373 1291 19
t 480 382 1291 192
t 480 782 572 1135
t 480 572 1135 1291
t 480 192 19 48
t 481 12 658 1242
t 481 658 193 566
t 481 658 1242 566
t 481 658 566 906
t 481 193 906 1447
t 481 1242 566 490
t 481 1242 832 1447
t 482 663 170 317
t 482 663 913 126
t 482 663 1070 391
t 482 170 913 761
t 482 170 1254 317
t 482 170 317 126
t 482 170 317 772
t 482 1353 1070 126
t 482 1353 761 772
t 482 913 1070 1254
t 482 913 1254 317
t 482 1070 761 1224
t 482 126 761 772
t 483 1084 918 452
t 483 1084 918 823
t 483 1025 167 1301
t 483 1025 528 360
t 483 167 918 161
t 483 167 918 823
t 483 167 918 360
t 483 918 528 360
t 483 528 161 452
t 484 932 365 996
t 484 932 365 361
t 484 932 365 1219
t 484 932 28 976
t 484 365 996 260
t 484 361 1256 28
t 485 1144 81 1405
t 485 1183 1381 1016
t 486 871 1031 419
t 486 871 1031 1367
t 486 871 1367 226
t 486 871 1367 1468
t 486 1031 1421 226
t 486 1421 792 1367
t 486 1421 1468 1351
t 486 440 487 1468
t 486 440 792 226
t 486 440 419 1468
t 486 487 792 226
t 486 487 226 1351
t 486 792 217 226
t 486 419 217 1351
t 487 1031 1421 42
t 487 1031 196 217
t 487 1031 196 42
t 487 1031 1185 181
t 487 1421 1068 42
t 487 1068 196 486
t 487 1068 217 181
t 487 1068 217 486
t 487 208 697 1185
t 487 419 697 217
t 487 697 181 42
t 487 217 486 42
t 488 877 367 240
t 488 877 1136 707
t 488 877 1136 32
t 488 877 89 1261
t 488 367 451 89
t 488 367 707 32
t 488 367 1261 383
t 488 844 89 32
t 488 844 1261 910
t 488 1136 89 383
t 488 1136 1261 240
t 488 707 89 240
t 488 707 89 32
t 489 1029 30 960
t 489 1029 321 627
t 489 1029 873 1137
t 489 1029 1133 1005
t 489 1029 435 1005
t 489 30 1137 435
t 489 321 873 1137
t 489 873 1133 960
t 489 627 1137 960
t 489 627 1361 1005
t 490 566 872 1160
t 490 566 100 1160
t 490 872 1447 175
t 490 872 221 175
t 490 872 221 100
t 490 872 1242 1160
t 490 1447 221 595
t 490 221 100 467
t 490 221 467 481
t 490 175 1242 44
t 490 595 481 44
t 490 100 467 1242
t 491 764 1216 930
t 491 764 1216 1181
t 491 764 1216 269
t 491 764 930 269
t 491 644 92 565
t 491 644 1216 110
t 491 644 840 930
t 491 644 110 1181
t 491 92 1216 930
t 491 92 840 565
t 491 92 110 269
t 491 1216 201 840
t 491 1216 201 930
t 491 840 565 1085
t 491 565 930 1085
t 492 697 971 815
t 492 697 226 815
t 492 697 217 1441
t 492 697 1031 1441
t 492 697 815 1044
t 492 971 1068 217
t 492 226 196 1068
t 492 226 196 366
t 492 226 217 1441
t 492 226 815 813
t 492 226 1044 813
t 492 196 217 1044
t 492 196 813 366
t 492 196 813 1441
t 492 217 1031 813
t 492 217 1031 366
t 493 1065 41 466
t 493 1065 272 466
t 493 1065 272 85
t 493 1065 272 48
t 493 19 1170 910
t 493 19 272 910
t 493 19 48 910
t 493 1170 466 1499
t 493 272 74 1499
t 493 272 74 48
t 493 466 48 910
t 493 1499 85 910
t 493 48 451 910
t 494 133 203 283
t 494 133 283 1262
t 494 133 418 653
t 494 203 1271 359
t 494 203 1271 1262
t 494 36 283 359
t 494 36 1271 1250
t 494 283 418 653
t 494 283 1497 1262
t 494 283 653 359
t 494 1475 653 359
t 494 418 1250 359
t 494 1271 653 1262
t 495 1233 163 331
t 495 1233 331 591
t 495 1233 331 1251
t 495 1233 1296 1251
t 495 163 1173 1251
t 495 1173 1296 591
t 495 1173 1296 717
t 495 1255 1130 331
t 495 1255 331 717
t 495 1255 1296 717
t 495 1296 591 717
t 496 1195 955 774
t 496 1195 774 154
t 496 319 378 1104
t 496 319 955 154
t 496 319 1104 774
t 496 378 1439 1075
t 496 955 774 154
t 496 1104 154 1075
t 496 154 1320 1075
t 497 762 296 529
t 497 762 1086 1300
t 497 762 1300 661
t 497 296 1 563
t 497 296 1086 733
t 497 296 1041 529
t 497 296 733 1069
t 497 296 1069 661
t 497 1086 563 959
t 497 563 1041 959
t 497 563 529 661
t 497 1041 1069 1300
t 497 733 959 529
t 498 43 887 304
t 498 43 396 348
t 498 883 887 304
t 498 883 598 591
t 498 1255 591 1130
t 498 1255 396 1130
t 498 887 1130 1281
t 499 918 376 1328
t 499 376 1084 1328
t 499 376 859 1127
t 499 376 1127 1025
t 499 528 1127 770
t 499 1084 1127 770
t 499 859 750 770
t 499 1127 1025 1471
t 500 1380 1401 1214
t 500 1380 1431 753
t 500 111 1396 576
t 500 111 1396 1431
t 500 111 119 1230
t 500 111 1214 753
t 500 75 1396 1401
t 500 75 119 1230
t 500 1396 576 753
t 500 1396 1401 1214
t 500 1396 1214 753
t 500 576 1401 753
t 500 576 1230 327
t 500 119 1214 753
t 500 1401 327 1214
t 500 1431 327 1214
t 501 287 581 924
t 501 287 948 778
t 501 796 427 778
t 501 796 778 20
t 501 581 459 907
t 501 948 459 907
t 501 948 459 639
t 501 623 459 639
t 501 623 778 907
t 501 623 907 639
t 501 459 778 639
t 501 427 907 924
t 502 712 857 1190
t 502 1249 1190 186
t 502 1249 1411 597
t 502 1249 1411 1116
t 502 857 1272 1116
t 502 857 524 628
t 502 1190 524 65
t 502 186 1272 628
t 502 186 1411 597
t 502 1272 65 597
t 503 1311 139 1184
t 503 1311 883 1482
t 503 139 883 1482
t 503 598 124 1130
t 503 1184 43 1482
t 503 883 124 348
t 503 883 1482 348
t 503 883 677 348
t 503 124 1415 348
t 503 1130 677 348
t 504 1346 1112 671
t 504 1346 737 130
t 504 1346 671 507
t 504 1346 507 44
t 504 1346 987 44
t 504 1279 1112 507
t 504 1279 1243 671
t 504 1279 443 507
t 504 1112 1463 671
t 504 1112 671 507
t 504 1463 507 987
t 504 737 443 130
t 505 306 141 1454
t 505 306 935 19
t 505 306 1489 1170
t 505 306 6 564
t 505 141 1489 19
t 505 141 1170 1469
t 505 74 935 19
t 505 935 1170 6
t 505 1489 1170 1469
t 506 543 1456 935
t 506 214 58 935
t 506 835 58 1456
t 506 835 1434 935
t 506 835 141 935
t 506 835 935 942
t 506 1456 923 564
t 507 130 671 468
t 507 130 1374 1403
t 507 671 315 328
t 507 671 328 247
t 507 671 987 611
t 507 315 328 468
t 507 315 987 1083
t 507 315 468 1083
t 507 987 1374 737
t 507 1374 611 468
t 507 1403 737 247
t 507 1403 247 611
t 508 303 431 1458
t 508 303 64 1007
t 508 303 64 1055
t 508 303 1007 802
t 508 303 731 1157
t 508 99 731 1157
t 508 431 64 1157
t 508 431 731 1006
t 508 64 850 1157
t 508 64 1007 802
t 508 64 1007 1157
t 508 850 1458 731
t 508 850 802 1006
t 508 1458 1007 1157
t 508 1007 1055 802
t 508 1007 802 1006
t 509 84 1167 676
t 509 1167 251 721
t 509 1167 251 1356
t 509 1167 610 721
t 509 251 104 108
t 509 251 610 108
t 509 275 104 610
t 509 275 721 91
t 509 275 91 1356
t 509 104 610 676
t 509 104 676 91
t 509 610 1372 676
t 509 610 721 91
t 510 825 1149 1429
t 510 825 1429 1326
t 510 825 413 917
t 510 1149 1429 1209
t 510 1149 1429 1326
t 510 1149 101 1462
t 510 1149 252 1326
t 510 101 917 1326
t 510 413 1092 1326
t 510 917 1092 821
t 510 917 1462 821
t 510 1092 1462 252
t 510 1462 1326 821
t 511 1033 602 570
t 511 1033 291 789
t 511 602 1452 260
t 511 602 570 996
t 511 1256 1359 291
t 511 984 1359 789
t 511 1452 1359 789
t 511 570 694 291
t 512 1496 715 880
t 512 1496 715 798
t 512 1496 715 409
t 512 715 473 880
t 512 715 528 750
t 512 473 750 798
t 512 473 409 1292
t 512 880 528 798
t 512 528 859 590
t 512 750 798 590
t 512 409 1292 777
t 513 464 710 344
t 513 464 1230 1009
t 513 464 1214 1019
t 513 464 1019 1364
t 513 464 344 1009
t 513 710 344 840
t 513 710 840 1009
t 513 1230 1019 1364
t 513 1230 344 1009
t 513 830 1019 1364
t 513 830 1019 1009
t 513 830 344 1287
t 513 1214 1019 1287
t 513 1214 840 1009
t 513 606 344 840
t 513 606 344 1009
t 514 1450 1186 794
t 514 1450 1186 943
t 514 1186 1225 408
t 514 1186 1393 1257
t 514 1186 943 1257
t 514 1186 690 1257
t 514 794 1393 943
t 514 1225 650 408
t 514 1225 943 690
t 514 943 1257 1253
t 515 254 1108 1097
t 515 254 266 374
t 515 254 1097 374
t 515 229 1097 374
t 515 229 963 374
t 515 318 963 1025
t 515 1108 1038 1025
t 515 266 1097 963
t 515 266 1292 1025
t 515 1253 1292 374
t 516 1328 270 259
t 516 1328 426 918
t 516 823 453 259
t 516 823 499 1471
t 516 1066 270 426
t 516 1066 918 259
t 516 1066 259 499
t 516 270 918 259
t 516 270 499 845
t 516 426 499 1471
t 516 453 918 499
t 516 453 259 1471
t 516 918 499 1471
t 517 1258 1178 1061
t 517 888 228 966
t 517 888 966 1061
t 517 1178 1168 743
t 517 1064 1168 273
t 517 655 1168 1061
t 517 1168 228 966
t 517 1168 228 273
t 517 966 273 1061
t 518 1483 119 500
t 518 1483 1138 576
t 518 1483 1138 218
t 518 119 677 500
t 518 119 446 555
t 518 1138 446 1380
t 518 1138 1050 1380
t 518 16 677 555
t 518 16 218 1050
t 518 16 218 555
t 518 16 1050 500
t 518 677 218 500
t 518 677 1380 500
t 519 1347 1134 102
t 519 1347 1134 942
t 519 1347 1004 829
t 519 1134 102 942
t 519 1134 190 1058
t 519 102 26 379
t 519 102 26 741
t 519 190 1004 741
t 519 190 379 829
t 519 1004 379 829
t 520 1390 563 1086
t 520 1390 755 813
t 520 1390 680 1086
t 520 1390 1086 49
t 520 563 755 296
t 520 563 755 49
t 520 563 680 185
t 520 755 680 813
t 520 755 680 49
t 520 755 1086 296
t 520 755 1322 733
t 520 680 1086 49
t 520 680 813 733
t 520 296 1322 733
t 520 296 49 733
t 521 1115 359 652
t 521 1115 986 1271
t 521 831 359 213
t 521 359 418 652
t 521 359 133 213
t 521 1497 1271 213
t 521 1497 1250 133
t 521 1271 652 1446
t 521 1271 1250 213
t 522 1465 238 529
t 522 1465 238 792
t 522 1465 398 871
t 522 1465 529 792
t 522 626 1165 398
t 522 626 1211 529
t 522 626 529 931
t 522 626 792 931
t 522 106 931 871
t 523 1161 564 1437
t 523 1161 416 1437
t 523 1161 1437 935
t 523 564 298 416
t 523 1332 298 942
t 523 1332 1077 1284
t 523 1332 1077 807
t 523 298 416 1284
t 523 298 416 807
t 523 416 1077 1284
t 523 416 935 807
t 523 1437 456 942
t 523 1437 1077 935
t 524 65 857 277
t 524 65 82 502
t 524 65 713 502
t 524 1190 601 277
t 524 1190 601 502
t 524 1190 631 277
t 524 601 156 356
t 524 601 186 857
t 524 601 186 713
t 524 156 631 277
t 524 186 857 82
t 525 782 192 1420
t 525 782 1052 1420
t 525 192 382 1467
t 525 382 1232 1467
t 526 1331 1405 804
t 526 155 1381 1405
t 526 155 808 81
t 526 155 729 925
t 526 1381 808 925
t 526 1381 618 925
t 526 808 729 804
t 527 1344 683 779
t 527 1344 1123 779
t 527 1183 683 1045
t 527 59 455 231
t 527 59 231 206
t 527 1123 779 609
t 528 918 499 229
t 528 918 499 161
t 528 918 229 483
t 528 918 859 318
t 528 499 1025 167
t 528 453 1025 512
t 528 453 859 167
t 528 483 167 318
t 528 161 167 318
t 529 1211 931 398
t 529 1211 106 1041
t 529 1468 398 239
t 529 1468 106 239
t 529 931 1041 497
t 529 1433 661 792
t 529 1433 497 419
t 529 1433 239 419
t 529 1041 497 239
t 530 953 350 1325
t 530 651 42 208
t 530 651 208 876
t 530 651 208 957
t 530 350 1406 749
t 530 350 1325 749
t 530 1406 42 749
t 530 1406 1185 957
t 530 42 1185 749
t 530 208 876 749
t 530 208 957 307
t 530 1185 1325 307
t 531 278 356 156
t 531 278 631 82
t 531 278 403 349
t 531 356 631 156
t 531 356 156 82
t 531 631 403 667
t 531 631 1316 1067
t 531 631 667 82
t 531 1316 667 349
t 531 667 156 82
t 532 1466 931 927
t 532 1466 891 260
t 532 1466 1433 255
t 532 1466 260 529
t 532 891 1433 255
t 532 1433 260 529
t 532 680 260 529
t 533 1420 204 547
t 533 1420 525 1467
t 533 1232 253 1394
t 533 1232 834 547
t 533 1232 1467 833
t 533 253 204 1394
t 533 253 204 833
t 533 253 525 1095
t 533 204 834 911
t 533 204 1467 547
t 533 525 1467 1095
t 533 525 1394 911
t 533 834 833 547
t 533 1467 1095 547
t 533 1394 1095 547
t 533 833 1095 547
t 534 1014 1110 933
t 534 1014 232 336
t 534 1110 717 989
t 534 1110 232 989
t 534 1110 232 1048
t 534 1110 933 79
t 534 717 232 933
t 534 232 495 989
t 534 232 989 1048
t 534 232 989 336
t 534 933 989 1048
t 534 933 989 336
t 535 853 331 232
t 535 1043 79 613
t 535 1043 613 331
t 535 1043 1082 232
t 535 79 177 1082
t 535 613 390 429
t 535 613 429 717
t 535 390 429 717
t 536 577 1422 1151
t 536 577 991 1129
t 536 577 1087 922
t 536 577 1087 695
t 536 1327 937 174
t 536 1327 1129 1151
t 536 1422 991 1087
t 536 1422 991 695
t 536 1422 174 1151
t 536 937 1151 922
t 536 991 174 1087
t 536 991 1129 922
t 536 1151 441 922
t 537 1287 1254 434
t 537 1287 617 1343
t 537 1287 761 450
t 537 1254 761 606
t 537 1254 450 1207
t 537 617 915 1207
t 537 617 1070 434
t 537 761 915 606
t 537 761 95 1343
t 537 915 1343 1207
t 537 915 450 606
t 537 1070 1343 606
t 537 95 1343 606
t 537 1343 450 434
t 538 340 439 839
t 538 340 1005 321
t 538 340 1005 435
t 538 340 1005 1029
t 538 340 839 627
t 538 340 435 627
t 538 439 1005 839
t 538 439 321 1133
t 538 439 839 627
t 538 439 627 489
t 538 686 839 627
t 538 1005 321 839
t 538 1005 1361 1029
t 538 321 839 1133
t 538 321 1133 1361
t 538 435 1133 1029
t 538 435 1361 1029
t 538 1133 1361 1029
t 539 767 583 245
t 539 767 583 68
t 539 767 1298 550
t 539 583 250 1402
t 539 583 1442 70
t 539 583 1298 999
t 539 332 1402 68
t 539 1402 1442 245
t 539 1442 1298 999
t 539 245 70 68
t 540 1360 100 468
t 540 465 258 175
t 540 465 100 175
t 540 465 1191 1447
t 540 258 1120 1447
t 540 258 175 1010
t 540 605 100 1010
t 540 605 1120 468
t 540 605 1080 1010
t 540 605 1191 468
t 540 1191 468 1010
t 541 766 1304 1275
t 541 766 1059 375
t 541 997 1304 1275
t 541 997 1304 127
t 541 997 1275 668
t 541 284 1304 735
t 541 284 720 127
t 541 1304 735 375
t 541 1304 668 375
t 541 1059 668 127
t 541 1059 258 127
t 541 720 668 258
t 542 320 210 1321
t 542 320 801 1417
t 542 649 289 1062
t 542 210 1093 1062
t 542 1093 1417 929
t 543 564 506 306
t 543 564 1469 942
t 543 141 506 942
t 543 141 506 1437
t 543 141 298 1437
t 543 141 942 214
t 543 58 214 505
t 543 1469 1437 505
t 544 1105 685 1423
t 544 1105 151 1291
t 544 1105 151 616
t 544 1105 1291 616
t 544 685 140 616
t 544 685 151 895
t 544 685 895 616
t 544 685 1291 1265
t 544 685 616 281
t 544 140 1291 1423
t 544 140 1291 97
t 544 140 1423 281
t 544 140 1206 97
t 544 151 895 1206
t 544 151 1291 281
t 544 151 1423 281
t 544 1291 1423 97
t 544 1291 1265 1206
t 545 599 1409 1352
t 545 599 1409 87
t 545 599 1409 806
t 545 599 87 751
t 545 599 87 1228
t 545 599 751 1049
t 545 1409 892 55
t 545 55 1228 806
t 545 751 879 806
t 545 751 1228 1049
t 546 1456 1037 1398
t 546 1456 1398 835
t 546 969 1037 593
t 546 969 1398 593
t 546 819 951 854
t 546 1434 1037 1398
t 547 834 1095 162
t 547 834 580 525
t 547 834 580 782
t 547 834 580 1420
t 547 834 782 1467
t 547 834 782 204
t 547 834 1467 1420
t 547 1095 580 162
t 547 1095 1467 48
t 547 580 911 162
t 547 580 1467 253
t 547 911 48 204
t 547 525 782 253
t 547 782 253 204
t 548 1141 847 92
t 548 1141 637 92
t 548 1141 764 1321
t 548 449 637 1321
t 548 449 1085 764
t 548 449 1085 1321
t 548 449 1371 1321
t 548 615 847 1085
t 548 615 764 92
t 548 246 847 92
t 548 246 1085 92
t 548 246 1085 1371
t 548 637 764 1321
t 548 1085 764 1371
t 548 1085 92 1371
t 549 612 297 992
t 549 612 816 992
t 549 612 91 423
t 549 612 1163 40
t 549 78 297 1189
t 549 78 91 134
t 549 297 816 1189
t 549 816 992 423
t 549 91 1189 992
t 549 1189 1163 134
t 549 1163 992 1013
t 549 992 423 40
t 550 1319 332 1132
t 550 1319 654 37
t 550 1319 1072 1402
t 550 332 1402 1442
t 550 1132 1436 1402
t 550 1132 1436 539
t 550 1132 88 539
t 550 654 37 1436
t 550 654 1436 1072
t 550 654 1072 1442
t 550 654 539 245
t 550 1436 539 245
t 550 1072 539 245
t 551 1106 1222 949
t 551 1106 345 1158
t 551 1106 333 1158
t 551 1222 345 793
t 551 1222 371 1318
t 551 1222 793 949
t 551 345 371 1158
t 551 345 1118 949
t 551 333 1118 1318
t 551 333 1140 949
t 551 205 371 1140
t 551 205 1158 1318
t 551 1158 1118 793
t 552 285 775 1205
t 552 285 60 1262
t 552 285 60 1063
t 552 771 775 1262
t 552 771 1205 36
t 552 771 283 1063
t 552 775 283 1063
t 552 1018 60 283
t 552 1018 846 1205
t 552 1262 1205 1475
t 552 36 1475 283
t 553 736 1156 255
t 553 736 397 1428
t 553 1156 397 579
t 553 1156 843 255
t 553 397 579 238
t 553 28 843 1428
t 553 28 843 238
t 553 28 1428 238
t 554 1313 309 1118
t 554 309 795 422
t 554 309 345 35
t 554 1318 37 1114
t 554 994 1118 791
t 554 795 35 422
t 555 776 682 1365
t 555 776 947 576
t 555 682 814 518
t 555 760 1050 518
t 555 760 1138 1218
t 555 760 576 119
t 555 1218 1365 119
t 556 244 1267 434
t 556 244 1294 241
t 556 244 1294 968
t 556 1267 1407 430
t 556 389 1294 1464
t 556 389 968 434
t 556 241 1464 478
t 556 1464 478 434
t 557 902 1270 59
t 557 902 206 63
t 557 1395 1045 63
t 557 15 63 1404
t 557 950 59 1404
t 557 206 624 1404
t 558 352 118 1113
t 558 352 1113 1472
t 558 352 1113 906
t 558 352 1488 5
t 558 352 1488 1234
t 558 118 1113 1201
t 558 1113 1472 1488
t 558 1113 5 1309
t 558 1472 1488 5
t 558 5 1309 906
t 558 1309 1051 1234
t 558 1051 1201 77
t 558 1201 906 1234
t 559 856 237 425
t 559 856 237 98
t 559 856 425 817
t 559 856 98 474
t 559 856 98 675
t 559 979 1212 817
t 559 979 474 817
t 559 173 237 98
t 559 173 896 1212
t 559 173 747 1212
t 559 237 1212 675
t 559 425 1212 675
t 560 39 458 633
t 560 39 913 1353
t 560 39 1090 1453
t 560 317 458 913
t 560 317 458 1343
t 560 317 633 913
t 560 458 1343 1453
t 560 633 1070 1224
t 560 913 1453 1224
t 561 54 357 580
t 561 54 834 160
t 561 54 276 1499
t 561 54 1238 547
t 561 357 580 276
t 561 357 580 48
t 561 71 580 48
t 561 834 594 547
t 562 1023 659 1326
t 562 1023 1103 355
t 562 1023 1326 1429
t 562 1023 1432 1092
t 562 1023 444 825
t 562 1103 1326 355
t 562 1103 1432 825
t 562 1103 355 825
t 562 1326 444 221
t 562 1341 1429 1092
t 563 1086 959 820
t 563 1086 820 1
t 563 296 49 1
t 563 497 1 797
t 563 1069 762 1
t 563 1069 1 797
t 563 520 49 762
t 563 520 308 797
t 563 520 1 797
t 564 935 543 1170
t 564 935 523 141
t 564 935 523 1489
t 564 298 543 1489
t 564 298 523 74
t 564 1437 543 1170
t 564 1437 942 416
t 564 1437 58 1489
t 564 543 58 74
t 564 942 1489 74
t 564 58 416 1489
t 564 141 74 1170
t 565 244 1107 389
t 565 244 1089 471
t 565 244 241 1007
t 565 244 241 1055
t 565 244 471 1009
t 565 244 1009 110
t 565 1107 1089 1055
t 565 1107 1009 389
t 565 1089 1009 389
t 565 241 471 491
t 565 241 1007 1009
t 565 241 389 110
t 565 471 1007 1055
t 565 471 491 389
t 565 1009 389 1055
t 566 1447 175 100
t 566 1447 100 595
t 566 175 872 100
t 566 175 100 221
t 566 175 832 202
t 566 175 832 221
t 566 872 100 481
t 566 872 595 481
t 566 490 100 221
t 566 490 595 481
t 566 490 467 202
t 566 100 481 12
t 566 595 467 832
t 566 481 12 202
t 567 401 88 132
t 567 88 153 795
t 567 88 769 1148
t 567 88 1148 795
t 567 153 795 86
t 567 769 1148 207
t 567 769 795 150
t 567 769 791 207
t 568 395 152 1376
t 568 152 1498 748
t 568 152 1198 1217
t 568 152 1198 1134
t 568 152 1217 1134
t 568 388 116 748
t 568 1498 1198 748
t 569 1204 171 988
t 569 1204 462 410
t 569 688 462 1194
t 569 688 1194 916
t 569 701 1457 171
t 569 701 1491 410
t 569 701 916 410
t 569 1180 1457 462
t 569 1180 171 1194
t 569 1180 1491 1194
t 569 1180 916 988
t 569 1457 171 1194
t 569 1457 916 410
t 569 171 462 1194
t 569 462 410 988
t 570 1012 945 664
t 570 789 694 1390
t 570 789 694 664
t 570 789 1452 755
t 570 789 261 945
t 570 789 1390 680
t 570 694 261 755
t 570 694 185 680
t 570 1452 1390 680
t 570 755 185 664
t 570 755 1390 664
t 570 185 1256 680
t 570 1390 945 664
t 571 227 868 107
t 571 227 282 138
t 571 227 1370 1412
t 571 868 1461 282
t 571 868 1461 138
t 571 1290 1461 138
t 571 1290 966 282
t 571 1290 282 138
t 571 1290 282 107
t 571 1461 138 1412
t 571 966 803 1412
t 571 282 138 1370
t 571 282 138 900
t 571 282 138 107
t 572 1135 1454 911
t 572 1135 911 1095
t 572 1135 782 1095
t 572 1454 911 480
t 572 157 1283 1467
t 572 157 1095 1302
t 572 1283 782 1467
t 572 782 1302 480
t 572 782 1302 1052
t 572 782 1467 1052
t 572 1095 480 192
t 572 1467 480 1052
t 572 480 1052 192
t 573 1008 215 1276
t 573 1008 578 908
t 573 1008 1002 908
t 573 1008 885 436
t 573 215 954 1339
t 573 215 885 1339
t 573 215 436 1339
t 573 215 1276 1024
t 573 1002 1024 908
t 573 885 908 1339
t 573 1276 908 476
t 573 1024 908 1339
t 574 785 381 264
t 574 785 381 784
t 574 785 264 641
t 574 785 784 965
t 574 785 784 1003
t 574 785 1003 815
t 574 381 784 815
t 574 264 384 1003
t 574 264 965 815
t 574 784 1354 641
t 574 784 1354 1314
t 574 784 965 1003
t 574 1379 1354 641
t 574 1354 384 1314
t 574 1354 1003 815
t 575 981 1263 67
t 575 981 983 337
t 575 981 582 128
t 575 1413 1263 1305
t 575 1263 1026 1387
t 575 1263 472 1387
t 575 983 582 67
t 575 983 472 128
t 575 983 128 1305
t 575 582 1026 1387
t 575 128 67 337
t 576 1380 1396 111
t 576 1380 111 555
t 576 119 500 518
t 576 119 111 555
t 576 119 861 1050
t 576 75 1396 555
t 576 75 111 518
t 576 75 1401 555
t 576 500 1396 1050
t 576 500 1396 555
t 576 1396 861 1401
t 576 1396 861 1050
t 576 1396 1050 555
t 576 861 1401 1483
t 577 536 1129 1327
t 577 536 1327 991
t 577 536 1422 991
t 577 937 174 1327
t 577 937 174 1484
t 577 174 1327 1484
t 577 1327 1455 1164
t 578 1008 1002 885
t 578 1008 1002 1024
t 578 1008 885 1024
t 578 1276 436 193
t 578 215 436 1002
t 578 215 436 1024
t 578 193 832 735
t 578 1024 832 735
t 579 255 736 959
t 579 1099 843 553
t 579 1099 843 959
t 579 1099 49 736
t 579 1099 49 820
t 579 1099 553 46
t 579 843 959 1466
t 579 49 1156 736
t 579 49 820 959
t 579 1156 553 46
t 580 162 48 1489
t 580 162 1095 911
t 580 162 911 525
t 580 594 547 85
t 580 594 48 525
t 580 547 834 1489
t 580 547 48 1095
t 580 834 1095 911
t 580 834 85 71
t 580 834 71 911
t 580 48 911 561
t 580 1095 85 1489
t 580 1095 71 1489
t 580 85 71 561
t 581 428 623 1048
t 581 428 623 201
t 581 20 501 287
t 581 20 501 796
t 581 20 623 778
t 581 20 269 948
t 581 20 201 637
t 581 501 287 201
t 581 501 287 796
t 581 623 1048 637
t 581 287 269 778
t 581 287 778 201
t 581 287 201 948
t 581 287 637 796
t 581 269 1048 637
t 581 201 637 796
t 582 1339 1413 575
t 582 1413 759 1010
t 582 759 575 1010
t 582 759 575 1024
t 582 1010 67 1191
t 582 1024 1191 983
t 583 767 539 1298
t 583 767 250 70
t 583 1442 250 332
t 583 999 539 332
t 583 999 245 1209
t 583 999 250 1083
t 583 539 245 828
t 583 245 250 332
t 583 250 828 70
t 583 250 828 1209
t 584 1102 1473 555
t 584 1102 814 1050
t 584 1102 267 1401
t 584 1477 682 1399
t 584 1477 1399 1401
t 584 1477 1473 814
t 584 1399 814 267
t 584 1473 814 385
t 584 1473 814 267
t 584 1473 1050 385
t 584 814 555 267
t 585 860 314 1159
t 585 860 1035 1159
t 585 860 1035 1402
t 585 860 1035 1148
t 585 860 1159 928
t 585 899 314 919
t 585 899 1159 928
t 585 899 1148 928
t 585 314 738 919
t 586 66 262 1464
t 586 66 962 1464
t 586 380 746 1174
t 586 380 962 1174
t 586 746 666 1268
t 586 746 1464 430
t 586 746 848 430
t 586 666 1273 848
t 586 666 1174 1268
t 586 962 1174 848
t 586 1273 1464 848
t 587 841 351 586
t 587 841 586 173
t 587 213 1268 1479
t 587 1268 1479 173
t 587 407 351 586
t 587 407 586 66
t 588 268 319 742
t 588 268 742 62
t 588 268 742 496
t 588 268 1231 378
t 588 268 378 1493
t 588 837 319 496
t 588 837 117 1493
t 588 837 62 378
t 588 319 742 922
t 588 319 922 496
t 588 319 922 378
t 588 319 378 1493
t 588 117 496 1231
t 588 742 496 1195
t 588 922 496 1493
t 588 922 1195 1231
t 588 496 1195 1493
t 589 1197 295 1030
t 589 1197 1476 1192
t 589 1058 1030 1192
t 589 295 102 1030
t 589 295 1030 326
t 589 295 1476 379
t 589 295 1192 1247
t 589 102 781 1476
t 589 1030 1476 1392
t 589 1030 326 1392
t 589 781 1247 326
t 589 781 379 1392
t 589 1476 1247 1392
t 590 433 266 405
t 590 715 750 1088
t 590 715 1088 405
t 590 409 236 405
t 590 236 750 1292
t 591 1323 94 1255
t 591 1323 619 1255
t 591 1323 1130 498
t 591 1323 1482 498
t 591 1323 112 1281
t 591 94 619 1482
t 591 94 43 1281
t 591 94 498 1337
t 591 619 1130 1482
t 591 619 1130 1255
t 591 619 1130 498
t 591 619 112 1281
t 591 1440 1482 112
t 591 1440 1255 498
t 591 1482 43 1281
t 591 112 43 498
t 591 498 1281 1337
t 592 687 290 985
t 592 687 290 729
t 592 687 290 148
t 592 687 219 148
t 592 687 729 305
t 592 290 219 674
t 592 290 148 1169
t 592 290 1169 1119
t 592 985 1169 674
t 592 219 322 305
t 592 729 305 1119
t 592 729 1169 674
t 593 1166 1434 1043
t 593 1166 1288 1043
t 593 1166 546 1042
t 593 1166 1469 1043
t 593 1166 1043 1398
t 593 1166 1260 1398
t 593 969 1288 1042
t 593 969 1469 1260
t 593 969 1042 1398
t 593 969 1042 835
t 593 1434 1288 835
t 593 1288 1469 1079
t 593 546 1042 1398
t 593 1469 1260 1398
t 593 1042 1079 1398
t 594 580 71 1489
t 594 71 48 561
t 594 162 48 466
t 594 162 48 1489
t 594 85 739 1489
t 594 48 1489 834
t 594 547 1489 561
t 595 481 1160 832
t 595 481 12 193
t 595 1160 12 832
t 595 12 566 202
t 595 1242 490 566
t 595 1242 566 658
t 595 1242 658 1447
t 595 832 1234 202
t 596 354 1454 505
t 596 1109 1227 1454
t 596 151 306 74
t 596 306 74 1454
t 596 306 74 505
t 597 862 712 693
t 597 862 1369 1249
t 597 147 712 333
t 597 147 216 1448
t 597 628 712 1369
t 597 712 1369 1094
t 597 712 1094 216
t 597 1369 400 1094
t 597 400 1094 693
t 598 883 396 112
t 598 883 1184 112
t 598 883 498 1130
t 598 887 43 396
t 598 503 43 112
t 598 43 396 498
t 598 396 1184 498
t 598 396 1184 1130
t 598 396 498 112
t 598 396 1130 139
t 598 498 139 304
t 599 806 751 1409
t 599 806 1228 1338
t 599 751 1228 32
t 599 545 1338 1175
t 599 545 892 879
t 599 87 1228 1352
t 599 87 1338 1175
t 599 1228 1338 32
t 600 1097 865 1459
t 600 1097 1034 1301
t 600 636 1292 1108
t 600 636 1108 512
t 600 636 1034 880
t 600 374 1292 1108
t 600 374 229 880
t 600 865 1459 229
t 600 1108 1459 880
t 601 82 186 1100
t 601 82 65 713
t 601 186 156 524
t 601 186 524 630
t 601 631 524 998
t 601 156 65 1190
t 601 1190 524 713
t 602 984 1194 1033
t 602 984 1457 511
t 602 984 1457 643
t 602 984 511 1128
t 602 984 511 643
t 602 984 701 822
t 602 291 129 701
t 602 291 1457 1359
t 602 291 701 822
t 602 129 1457 822
t 602 129 511 1128
t 602 1194 1457 1128
t 602 1194 1457 1033
t 602 511 1128 1033
t 602 511 701 822
t 603 805 1354 709
t 603 805 1354 172
t 603 805 1354 1490
t 603 805 1354 302
t 603 709 1397 1277
t 603 709 165 302
t 603 172 1397 689
t 603 172 165 1379
t 603 1139 165 1379
t 603 1397 1490 689
t 603 1490 165 1379
t 603 165 689 302
t 604 852 324 303
t 604 852 23 1303
t 604 852 1443 869
t 604 324 169 1303
t 604 324 431 1416
t 604 324 869 81
t 604 23 431 81
t 604 1443 1303 869
t 604 169 431 303
t 604 1303 1016 1416
t 604 1303 81 1416
t 604 431 1016 1416
t 604 303 1016 81
t 605 1010 1096 258
t 605 1010 1096 540
t 605 1010 258 135
t 605 1010 67 312
t 605 1010 1236 135
t 605 1191 465 1236
t 605 1191 540 135
t 605 1191 582 135
t 605 1360 465 1096
t 605 1360 582 1236
t 605 465 67 312
t 605 67 582 1236
t 606 1019 1287 513
t 606 1019 1287 95
t 606 1019 761 1230
t 606 1019 1214 464
t 606 1019 1214 95
t 606 1019 1230 344
t 606 1019 1230 434
t 606 1019 344 434
t 606 761 95 344
t 606 513 464 1230
t 606 710 830 1230
t 606 710 1214 344
t 606 1214 464 344
t 606 464 1230 95
t 606 95 344 434
t 607 867 446 1323
t 607 867 96 16
t 607 867 96 1251
t 607 867 1323 1251
t 607 867 1440 1251
t 607 1293 1337 1323
t 607 1293 1440 1251
t 607 1337 1323 1440
t 607 1337 94 218
t 607 1440 94 1251
t 608 448 1200 986
t 608 1200 652 225
t 608 1200 1091 1414
t 608 1252 652 986
t 608 1252 652 1414
t 608 652 831 1414
t 608 188 364 1414
t 608 1091 986 1053
t 609 1424 59 1344
t 609 1424 1126 902
t 609 1424 1045 557
t 609 1424 1259 4
t 609 1424 4 902
t 609 59 1344 1045
t 609 59 1045 557
t 609 59 1259 902
t 609 59 557 950
t 609 1126 1344 557
t 609 1126 1045 950
t 610 1372 938 84
t 610 142 938 509
t 610 142 938 758
t 610 142 1356 509
t 610 142 1356 237
t 610 142 251 1419
t 610 142 251 856
t 610 1167 509 856
t 610 1167 237 758
t 610 1356 84 251
t 610 84 856 758
t 611 1374 1244 1478
t 611 1374 987 507
t 611 1374 671 394
t 611 1244 1478 247
t 611 1244 1478 394
t 611 1244 292 970
t 611 1244 970 671
t 611 1244 671 468
t 611 1478 292 970
t 611 1478 292 671
t 611 1478 394 468
t 611 247 507 671
t 611 292 507 394
t 612 78 297 40
t 612 1189 816 40
t 612 1189 40 9
t 612 816 91 40
t 612 816 91 1174
t 612 1163 91 9
t 612 1163 40 423
t 612 1163 1174 423
t 612 91 40 423
t 612 9 1174 423
t 613 329 684 1043
t 613 329 535 79
t 613 329 706 853
t 613 329 232 311
t 613 329 853 1082
t 613 684 535 79
t 613 684 390 853
t 613 684 232 1082
t 613 684 311 372
t 613 535 706 1082
t 613 535 390 1043
t 613 535 390 853
t 613 79 390 311
t 613 390 311 853
t 613 390 1043 853
t 613 390 1043 1082
t 614 960 340 1435
t 614 960 342 1029
t 614 728 1133 1029
t 614 728 1133 538
t 614 1345 340 1029
t 614 1345 342 14
t 614 340 342 121
t 614 489 1029 121
t 614 342 1133 1029
t 614 1029 538 14
t 614 1029 14 121
t 615 246 847 449
t 615 548 212 669
t 615 548 1203 1141
t 615 548 974 1062
t 615 212 1203 1321
t 615 212 847 1321
t 615 212 1141 1474
t 615 212 449 974
t 615 1203 669 1321
t 615 669 847 1321
t 615 847 1062 1321
t 615 1141 449 1062
t 615 449 1062 1474
t 615 974 1062 1474
t 616 97 347 544
t 616 97 347 178
t 616 1423 347 544
t 616 1423 347 178
t 616 1105 151 281
t 616 1105 178 281
t 616 1105 441 895
t 616 347 281 140
t 616 347 281 441
t 616 347 140 441
t 616 638 151 140
t 616 544 178 140
t 616 281 140 441
t 616 281 140 895
t 617 1032 537 1070
t 617 1032 1070 450
t 617 1032 1070 1343
t 617 1207 968 1464
t 617 537 968 434
t 617 915 968 1464
t 617 968 450 1254
t 617 1070 1343 1464
t 617 450 1254 1343
t 617 450 95 1464
t 617 1254 434 95
t 618 808 1494 99
t 618 808 1331 17
t 618 808 1458 17
t 618 804 195 99
t 618 804 1331 850
t 618 804 729 99
t 618 195 155 729
t 618 526 850 17
t 618 526 99 17
t 618 155 1331 99
t 619 1440 94 607
t 619 1440 94 96
t 619 1323 1337 16
t 619 1323 94 591
t 619 1337 1293 1251
t 619 94 607 96
t 619 94 1482 96
t 619 591 16 1482
t 620 943 690 408
t 620 943 514 259
t 620 690 408 1225
t 620 408 1225 259
t 620 22 1450 259
t 620 1225 235 1257
t 621 1022 86 88
t 621 654 899 88
t 621 145 86 245
t 621 153 245 88
t 621 899 1148 88
t 621 245 1035 88
t 622 1285 786 800
t 622 1285 1147 189
t 622 1098 412 189
t 622 912 412 189
t 622 912 786 800
t 622 912 699 1147
t 622 912 1147 189
t 622 412 1446 1355
t 622 786 1147 189
t 622 122 189 1355
t 622 1147 1446 1355
t 623 287 760 796
t 623 287 796 1218
t 623 760 947 501
t 623 1486 796 947
t 623 947 581 1218
t 623 581 501 1394
t 624 950 902 1189
t 624 950 15 557
t 624 950 978 59
t 624 83 902 884
t 624 83 902 206
t 624 83 557 59
t 624 902 423 59
t 624 884 40 1189
t 624 557 978 1189
t 625 903 99 90
t 625 903 1210 469
t 625 903 17 618
t 625 99 183 90
t 625 99 1210 731
t 625 99 1210 469
t 625 99 731 469
t 625 99 731 618
t 625 183 731 1157
t 625 1210 17 90
t 625 731 90 1157
t 625 731 669 618
t 625 90 1157 618
t 626 522 1465 792
t 626 522 1211 931
t 626 1465 1211 931
t 626 1465 529 792
t 626 238 398 931
t 626 238 529 792
t 626 398 931 792
t 627 321 1005 1494
t 627 1361 686 1029
t 627 1361 469 1494
t 627 1005 1029 469
t 627 30 489 469
t 628 862 824 1448
t 628 862 712 7
t 628 597 824 1299
t 628 597 280 7
t 628 147 1249 712
t 628 147 712 1329
t 628 147 1299 1448
t 628 1249 1299 1329
t 628 824 712 7
t 628 824 7 1448
t 628 712 1369 1299
t 628 280 7 1448
t 629 8 1398 1079
t 629 8 1398 1166
t 629 8 1166 854
t 629 1398 414 1079
t 629 1398 414 969
t 629 414 969 1150
t 629 414 811 1166
t 629 414 222 854
t 629 414 1150 546
t 629 1079 854 546
t 629 969 1166 546
t 629 811 1166 546
t 630 424 82 1067
t 630 82 403 34
t 630 82 998 323
t 630 82 1067 531
t 630 403 323 1067
t 630 403 323 531
t 630 403 34 33
t 630 403 34 531
t 630 998 288 34
t 630 998 33 531
t 630 288 323 33
t 630 288 34 33
t 630 323 34 1067
t 631 156 356 667
t 631 531 82 1316
t 631 531 278 1316
t 631 531 65 1316
t 631 356 278 1316
t 631 82 601 1316
t 631 82 403 1384
t 631 601 278 524
t 631 601 403 524
t 631 601 403 1316
t 631 403 667 524
t 631 65 524 1316
t 631 667 524 1316
t 632 1001 1045 527
t 632 1001 1144 1404
t 632 1001 1344 527
t 632 1001 18 59
t 632 1045 1144 454
t 632 1045 1144 18
t 632 1144 454 18
t 632 1144 557 59
t 632 454 1344 59
t 632 454 527 59
t 632 1344 527 59
t 633 317 560 474
t 633 317 1438 1453
t 633 317 1438 913
t 633 317 458 913
t 633 317 1090 913
t 633 317 1090 1382
t 633 560 1438 123
t 633 560 458 1090
t 633 560 458 123
t 633 1438 39 123
t 633 1438 1453 474
t 633 1438 123 1382
t 634 346 807 1081
t 634 346 1495 940
t 634 279 1284 1495
t 634 279 1282 1495
t 634 279 249 1495
t 634 279 1335 1495
t 634 807 1284 249
t 634 807 249 1081
t 634 1284 1282 249
t 634 1284 249 1235
t 634 1284 851 1495
t 634 1284 851 940
t 634 1282 1235 1495
t 634 1081 1335 940
t 634 1235 851 940
t 635 731 974 99
t 635 731 1157 1203
t 635 731 1210 903
t 635 1474 1203 17
t 635 669 1157 99
t 635 669 1157 1210
t 635 974 1203 727
t 635 1157 1203 17
t 635 1203 727 1321
t 635 99 903 17
t 636 374 215 573
t 636 1097 1034 337
t 636 1097 600 337
t 636 1097 600 405
t 636 1097 600 573
t 636 1097 1292 405
t 636 1097 215 405
t 636 1034 1292 405
t 636 600 1292 194
t 636 600 194 573
t 636 1449 337 1008
t 636 1449 194 1008
t 636 337 215 194
t 636 215 194 1008
t 637 20 269 92
t 637 20 581 449
t 637 20 1371 92
t 637 269 201 1141
t 637 201 548 449
t 637 201 1141 449
t 637 201 907 92
t 637 201 1371 92
t 638 97 441 174
t 638 281 178 441
t 638 441 1423 1105
t 638 1105 616 1281
t 638 1105 678 140
t 638 1105 174 1281
t 638 616 678 1293
t 638 678 1281 1293
t 639 427 924 898
t 639 427 924 673
t 639 427 924 644
t 639 427 898 861
t 639 948 53 778
t 639 948 898 644
t 639 948 778 459
t 639 924 1229 459
t 639 924 673 644
t 639 778 1229 861
t 639 778 673 51
t 639 1229 459 673
t 640 1159 70 738
t 640 1462 413 1298
t 640 1462 70 585
t 640 413 70 585
t 640 413 392 245
t 640 413 928 1298
t 640 70 392 1131
t 640 392 1298 245
t 640 392 1298 585
t 640 392 1131 738
t 640 928 1298 585
t 640 928 1131 245
t 640 1298 245 585
t 640 1131 738 245
t 640 1131 738 585
t 640 738 1209 245
t 641 757 373 1122
t 641 757 707 367
t 641 757 707 785
t 641 757 264 367
t 641 757 264 1136
t 641 757 264 785
t 641 757 844 442
t 641 757 844 1136
t 641 757 442 574
t 641 373 381 574
t 641 373 381 785
t 641 373 264 1122
t 641 373 1136 574
t 641 707 381 574
t 641 707 264 785
t 641 707 844 785
t 641 707 367 1122
t 641 381 844 1136
t 641 381 367 574
t 641 264 844 1122
t 641 264 1136 1122
t 641 1136 1122 785
t 642 1145 231 779
t 642 1145 964 726
t 642 109 1223 726
t 642 109 1126 779
t 642 109 1126 964
t 642 231 1223 1126
t 642 4 964 176
t 643 1219 976 932
t 643 1219 932 361
t 643 1219 72 484
t 643 1219 1428 484
t 643 976 788 1428
t 643 976 788 484
t 643 788 996 57
t 643 788 1428 484
t 643 932 27 484
t 643 932 996 57
t 643 72 996 1428
t 643 72 996 361
t 643 996 57 484
t 644 110 491 1181
t 644 110 491 13
t 644 110 1181 13
t 644 110 948 1009
t 644 840 491 1364
t 644 840 1229 1364
t 644 930 1181 13
t 644 930 673 13
t 644 491 1364 1216
t 644 1229 1181 13
t 644 948 1009 1216
t 645 740 990 1495
t 645 740 944 1152
t 645 740 944 876
t 645 944 956 1152
t 645 1155 1150 829
t 645 886 1150 1152
t 645 956 1152 1495
t 646 920 369 626
t 646 920 1071 522
t 646 369 1071 626
t 646 369 1465 871
t 646 106 927 931
t 646 106 927 871
t 646 106 330 1465
t 646 106 363 931
t 646 106 1071 626
t 646 106 871 626
t 646 927 1071 871
t 646 363 1465 626
t 646 1071 1465 626
t 647 307 1300 69
t 647 307 700 705
t 647 307 700 1490
t 647 307 700 1315
t 647 307 343 350
t 647 1300 343 752
t 647 1300 705 1315
t 647 1300 184 752
t 647 700 1490 752
t 647 1368 69 705
t 647 1368 69 1315
t 647 1368 1490 350
t 647 1368 1490 184
t 647 705 350 1315
t 647 1490 350 1315
t 648 1061 793 551
t 648 897 655 113
t 648 655 113 888
t 648 793 1485 1158
t 648 793 113 1158
t 648 371 1485 1158
t 648 371 1485 551
t 648 371 888 205
t 648 113 888 205
t 649 320 1046 450
t 649 320 542 732
t 649 320 542 801
t 649 320 1093 210
t 649 320 915 801
t 649 1046 450 1093
t 649 1046 1207 1343
t 649 542 450 210
t 649 542 210 787
t 649 450 915 732
t 649 450 801 787
t 649 915 732 210
t 649 915 210 1343
t 649 732 210 1343
t 650 1186 1450 408
t 650 1186 1450 376
t 650 1186 1225 22
t 650 1393 1225 845
t 650 1393 376 1066
t 650 1393 845 1066
t 650 1450 514 22
t 650 1450 408 22
t 650 1450 1257 794
t 650 514 1225 845
t 651 350 239 307
t 651 42 239 1325
t 651 42 1325 307
t 651 42 307 1041
t 651 953 1325 1300
t 651 239 1325 208
t 651 239 1041 530
t 651 239 208 530
t 651 1325 530 1300
t 652 831 1091 448
t 652 1091 1200 939
t 652 1091 1053 939
t 652 608 1200 521
t 652 448 521 1414
t 652 1200 225 1414
t 653 267 3 1199
t 653 267 1306 1481
t 653 3 1306 926
t 653 3 1306 36
t 653 3 283 926
t 653 3 926 494
t 653 3 1473 775
t 653 3 775 1481
t 653 1199 283 893
t 653 1199 926 36
t 653 1199 494 893
t 653 1306 36 1481
t 653 283 926 1473
t 653 283 36 494
t 654 1022 245 1148
t 654 1022 1442 1148
t 654 153 1430 1442
t 654 1430 550 1148
t 654 1430 245 1148
t 654 88 245 1442
t 655 1061 888 517
t 655 1061 888 168
t 655 1061 168 966
t 655 719 1178 168
t 655 888 648 897
t 655 888 648 517
t 655 648 168 966
t 655 648 371 966
t 655 897 517 1258
t 655 897 1258 168
t 655 517 1178 1258
t 655 517 1258 371
t 655 517 1258 966
t 655 1178 1258 966
t 656 437 211 1317
t 656 437 1317 76
t 656 756 61 1220
t 656 1317 76 1115
t 656 1317 76 866
t 656 61 1021 76
t 656 61 1220 866
t 656 1021 76 1176
t 656 1021 1176 866
t 657 1460 945 226
t 657 1460 874 226
t 657 1460 105 755
t 657 945 366 1390
t 657 945 366 226
t 657 874 1390 105
t 657 813 1390 226
t 657 813 755 815
t 657 813 755 226
t 658 202 12 595
t 658 12 832 481
t 658 12 1160 436
t 658 12 1160 885
t 658 759 481 1002
t 658 832 595 1002
t 658 224 1160 595
t 658 481 436 885
t 658 1160 595 885
t 658 595 436 1024
t 659 444 562 1103
t 659 444 1059 1432
t 659 444 1429 825
t 659 444 1092 1023
t 659 444 825 1103
t 659 444 1326 1432
t 659 562 1092 825
t 659 562 825 1023
t 659 1059 1092 1103
t 659 1059 825 1326
t 659 1059 1326 1103
t 659 1429 825 1080
t 659 1092 1326 1080
t 660 904 131 1343
t 660 904 131 348
t 660 904 952 1348
t 660 904 1343 975
t 660 904 1343 348
t 660 787 1343 1348
t 660 787 975 730
t 660 131 1343 915
t 660 952 1343 1348
t 660 915 121 730
t 661 529 1433 820
t 661 529 398 762
t 661 529 255 532
t 661 1433 398 762
t 661 1433 255 959
t 661 931 1 762
t 661 398 1211 49
t 661 398 49 1
t 661 1211 532 49
t 662 901 1123 455
t 662 1054 1123 1416
t 662 1054 1123 455
t 662 1054 1266 1416
t 662 1054 40 455
t 662 1123 1266 1416
t 662 1123 1404 1174
t 662 1266 40 992
t 662 1266 455 1174
t 662 1416 63 455
t 662 455 1016 1174
t 663 170 761 1254
t 663 170 1254 1287
t 663 170 772 126
t 663 482 761 1070
t 663 482 761 391
t 663 482 761 1224
t 663 482 126 391
t 663 1353 1070 1224
t 663 1254 772 1224
t 663 1254 126 1070
t 663 1254 126 447
t 663 126 1287 447
t 664 657 755 105
t 664 874 1460 366
t 664 874 105 1390
t 664 1452 945 1390
t 664 694 755 366
t 664 694 105 366
t 664 945 755 105
t 664 945 755 366
t 664 755 105 958
t 664 755 1441 958
t 665 421 24 1142
t 665 421 339 1303
t 665 421 23 1363
t 665 421 1142 1303
t 665 24 339 137
t 665 339 881 324
t 665 339 1487 1363
t 665 339 324 1303
t 665 137 881 324
t 665 137 1487 324
t 665 23 1363 324
t 665 1363 324 1303
t 666 380 790 370
t 666 380 1054 66
t 666 380 477 992
t 666 790 477 66
t 666 790 66 992
t 666 790 370 992
t 666 262 1054 370
t 666 262 1054 962
t 666 262 180 962
t 666 262 66 962
t 666 1054 1174 477
t 666 1054 477 962
t 666 1054 180 586
t 666 1054 180 66
t 666 1054 586 962
t 666 477 370 962
t 666 586 66 370
t 667 278 356 864
t 667 278 356 156
t 667 278 1316 531
t 667 278 1316 1142
t 667 278 1142 714
t 667 356 1316 531
t 667 356 1316 631
t 667 356 864 631
t 667 356 714 156
t 667 1316 1384 531
t 667 1142 864 631
t 667 1142 1363 631
t 668 735 997 1339
t 668 735 1008 636
t 668 735 215 636
t 668 127 194 284
t 668 127 766 182
t 668 127 1339 636
t 668 194 997 1008
t 668 1276 997 1008
t 668 284 182 1339
t 668 766 1008 215
t 668 766 1339 636
t 669 1203 974 212
t 669 1203 1062 1321
t 669 1203 731 1157
t 669 635 974 212
t 669 1474 1210 1321
t 669 1474 1062 212
t 669 1474 1157 246
t 669 1474 727 1321
t 669 974 1210 212
t 669 974 1062 727
t 669 1210 1157 1321
t 669 1062 246 212
t 670 865 374 600
t 670 865 374 1097
t 670 865 668 600
t 670 865 668 1276
t 670 182 374 1276
t 670 1078 735 600
t 670 1078 374 375
t 670 1078 375 1008
t 670 735 668 636
t 670 668 375 1097
t 670 668 1276 636
t 671 507 130 987
t 671 507 130 315
t 671 507 987 970
t 671 130 987 468
t 671 130 611 315
t 671 130 315 468
t 671 1374 328 970
t 672 1402 107 679
t 672 1402 875 860
t 672 1402 875 679
t 672 107 919 860
t 672 875 168 860
t 672 791 539 679
t 672 791 88 860
t 672 919 168 860
t 672 539 550 88
t 673 930 778 898
t 673 930 1364 464
t 673 930 269 898
t 673 778 948 840
t 673 778 840 464
t 673 948 201 464
t 673 948 1364 898
t 673 840 269 898
t 673 840 898 639
t 673 1229 898 639
t 673 1364 464 644
t 673 1364 269 644
t 674 909 985 790
t 674 909 1076 968
t 674 909 73 370
t 674 1286 1334 73
t 674 1286 1076 370
t 674 219 702 370
t 674 219 985 370
t 674 702 1119 370
t 674 1334 73 790
t 674 1076 73 370
t 674 1076 790 370
t 675 817 98 1391
t 675 817 968 262
t 675 1464 98 262
t 675 1464 1391 1032
t 675 1464 173 617
t 675 98 1391 968
t 675 98 1391 173
t 675 98 1391 979
t 675 98 1032 617
t 675 98 173 66
t 675 1391 968 985
t 675 1391 968 617
t 675 1032 66 979
t 675 968 262 66
t 675 968 66 617
t 675 985 173 979
t 676 275 108 91
t 676 275 108 587
t 676 275 108 509
t 676 275 747 587
t 676 275 84 549
t 676 275 91 587
t 676 275 587 509
t 676 1163 108 509
t 676 1163 747 84
t 676 1163 747 549
t 676 1163 509 612
t 676 108 747 509
t 676 108 84 549
t 676 108 91 509
t 676 297 747 549
t 676 747 549 612
t 676 549 91 612
t 676 549 509 612
t 677 1415 124 1230
t 677 1415 1483 1130
t 677 1415 119 1130
t 677 1415 1130 576
t 677 124 576 503
t 677 518 119 1230
t 677 119 500 1230
t 677 1230 576 16
t 677 576 16 503
t 678 441 1057 377
t 678 1057 140 1109
t 678 1057 140 354
t 678 1057 1109 281
t 678 140 377 1423
t 678 140 151 1423
t 678 1109 1260 281
t 678 1105 354 281
t 678 354 1423 281
t 679 1369 1101 7
t 679 1094 400 585
t 679 875 400 585
t 679 1101 400 7
t 679 457 314 860
t 680 260 520 694
t 680 260 520 1452
t 680 260 1256 532
t 680 260 49 820
t 680 755 694 820
t 680 755 532 1452
t 680 755 1452 820
t 680 520 694 532
t 680 520 1256 789
t 680 520 532 820
t 680 532 789 365
t 681 1428 1418 361
t 681 28 891 397
t 681 28 736 293
t 681 891 1418 397
t 681 891 1418 822
t 681 891 397 300
t 681 397 736 300
t 681 397 736 941
t 681 397 361 941
t 681 1466 736 300
t 681 1466 361 941
t 681 361 293 941
t 682 555 814 584
t 682 555 776 1365
t 682 555 1050 861
t 682 814 776 947
t 682 814 584 576
t 682 814 1050 947
t 682 776 1477 947
t 682 776 947 1365
t 682 760 584 1365
t 682 760 576 947
t 683 148 290 527
t 683 148 47 925
t 683 148 925 977
t 683 148 925 1123
t 683 148 977 1183
t 683 290 455 1183
t 683 290 47 687
t 683 290 527 1183
t 683 290 687 1123
t 683 455 527 1183
t 683 455 527 29
t 683 477 47 977
t 683 477 925 687
t 683 477 977 1183
t 683 47 687 1183
t 683 527 1123 29
t 684 232 311 79
t 684 232 311 535
t 684 232 79 853
t 684 232 613 1231
t 684 232 535 706
t 684 311 535 1231
t 684 311 1231 717
t 684 311 717 331
t 684 79 535 717
t 684 79 535 706
t 684 613 706 331
t 684 535 717 853
t 684 853 706 331
t 685 404 1408 480
t 685 544 1373 1206
t 685 544 1206 1188
t 685 544 1408 1226
t 685 544 1188 1227
t 685 1373 1358 1408
t 685 1206 1408 1227
t 685 1206 1408 480
t 685 1358 1408 151
t 685 1358 1226 1188
t 685 1226 151 480
t 686 1005 435 1029
t 686 1005 321 30
t 686 1005 1133 538
t 686 435 321 1029
t 686 435 461 1187
t 686 1361 627 1494
t 686 321 1133 538
t 686 321 1133 1494
t 686 321 461 1029
t 686 321 461 30
t 686 321 1494 30
t 686 538 1187 1029
t 687 47 290 683
t 687 47 290 1169
t 687 47 290 305
t 687 47 148 729
t 687 47 683 1169
t 687 592 148 985
t 687 592 1169 729
t 687 592 1169 964
t 687 290 322 985
t 687 290 305 219
t 687 322 964 219
t 687 148 729 985
t 687 148 305 964
t 688 701 569 1457
t 688 701 1457 1491
t 688 701 1457 1194
t 688 701 1491 916
t 688 701 1491 410
t 688 1204 1180 410
t 688 1204 1457 171
t 688 1204 1457 1194
t 688 1204 1457 462
t 688 1204 1457 941
t 688 1180 1491 1194
t 688 1457 171 916
t 688 1457 1194 462
t 688 1491 462 941
t 688 1491 916 941
t 689 302 709 945
t 689 302 1390 784
t 689 302 185 603
t 689 709 185 784
t 689 709 945 261
t 689 709 945 784
t 689 1390 185 1322
t 689 185 520 784
t 689 1322 945 261
t 689 1322 366 261
t 689 945 805 520
t 689 945 520 261
t 689 945 520 784
t 690 235 22 620
t 690 235 22 1225
t 690 235 943 514
t 690 235 1257 514
t 690 22 943 408
t 690 943 620 1450
t 690 408 1257 514
t 690 408 514 1450
t 690 408 650 1393
t 690 1186 514 1393
t 691 812 1250 1098
t 691 1250 1446 1479
t 691 1250 1446 133
t 691 1250 359 411
t 691 1250 1479 986
t 691 1250 521 411
t 691 1250 133 411
t 691 418 986 725
t 691 418 133 725
t 691 1446 1479 133
t 691 1446 521 1098
t 691 1446 133 725
t 691 1446 1098 725
t 691 359 725 411
t 691 1479 986 1098
t 691 521 133 725
t 692 1172 1366 1375
t 692 1172 1375 1359
t 692 1172 1359 1452
t 692 1366 1033 1071
t 692 1028 1375 1359
t 692 1028 1033 664
t 692 1375 105 1452
t 692 1033 234 1452
t 692 1071 664 105
t 692 1071 105 1128
t 692 1359 105 1452
t 693 216 712 400
t 693 216 597 400
t 693 743 1094 400
t 693 743 1094 862
t 693 743 1369 712
t 693 743 597 400
t 693 1178 147 712
t 693 1178 1369 1101
t 693 1178 712 168
t 693 1094 712 168
t 693 147 1101 400
t 694 1452 755 680
t 694 1452 874 657
t 694 1452 1390 657
t 694 755 570 664
t 694 755 874 945
t 694 755 945 1033
t 694 755 1390 789
t 694 570 874 1012
t 694 570 789 657
t 694 664 874 657
t 694 680 1012 789
t 695 331 1422 1255
t 695 331 1233 535
t 695 1173 1422 535
t 695 1173 1087 1260
t 695 1422 429 717
t 695 429 1327 535
t 695 1233 1260 717
t 696 45 967 461
t 696 45 1062 615
t 696 967 1439 1062
t 696 967 461 929
t 696 967 154 955
t 696 1439 461 716
t 696 1439 461 1187
t 696 1439 154 955
t 696 1439 154 1187
t 696 461 1062 615
t 696 716 955 615
t 696 1062 929 955
t 697 492 196 1068
t 697 492 487 1441
t 697 196 1068 813
t 697 217 971 813
t 697 226 1044 1441
t 697 1031 971 1367
t 698 159 720 1304
t 698 159 101 1429
t 698 159 394 468
t 698 720 917 1374
t 698 720 1304 1374
t 698 720 1304 468
t 698 1304 1429 468
t 698 1304 1429 540
t 698 1304 468 1244
t 698 1429 1120 540
t 699 800 189 33
t 699 800 882 114
t 699 800 882 323
t 699 800 1312 323
t 699 912 622 323
t 699 912 1193 882
t 699 912 882 1285
t 699 912 114 1098
t 699 189 622 33
t 699 622 114 323
t 699 882 33 1285
t 700 1300 1490 1139
t 700 1300 1368 705
t 700 1490 647 1139
t 700 1490 752 497
t 700 1368 752 705
t 700 1368 705 497
t 700 647 752 1086
t 700 647 705 296
t 700 1139 752 705
t 701 688 569 462
t 701 688 1457 410
t 701 688 1491 410
t 701 569 1491 410
t 701 569 171 462
t 701 569 1194 916
t 701 1204 1491 410
t 701 1180 1194 941
t 701 1457 1491 462
t 701 1457 462 410
t 702 1286 1334 73
t 702 1286 478 1294
t 702 1286 1119 370
t 702 1286 674 909
t 702 1286 674 1055
t 702 1334 674 370
t 702 1334 909 180
t 702 73 1119 370
t 702 73 1119 1055
t 702 478 1294 909
t 702 478 1294 370
t 702 478 389 180
t 702 1294 674 180
t 702 909 180 1055
t 703 1202 109 726
t 703 1202 726 445
t 703 1202 1126 445
t 703 726 1223 1237
t 703 726 1126 445
t 703 726 176 1237
t 703 726 176 642
t 703 1223 445 1246
t 703 1126 176 445
t 703 1126 176 642
t 703 176 642 1246
t 703 1237 445 1246
t 704 1325 1406 792
t 704 792 1468 487
t 704 419 1421 1468
t 704 239 1041 42
t 704 239 1041 1468
t 704 239 1468 487
t 705 1300 42 196
t 705 1300 749 700
t 705 1300 1185 208
t 705 1300 196 307
t 705 1068 749 196
t 705 1068 307 733
t 705 42 749 307
t 705 42 196 733
t 705 1185 1139 733
t 705 700 1139 307
t 706 613 684 329
t 706 390 311 329
t 706 390 329 1082
t 706 684 329 1043
t 706 311 177 62
t 706 311 177 232
t 707 844 757 442
t 707 844 451 116
t 707 383 367 442
t 707 383 965 451
t 707 367 757 1136
t 707 641 757 1136
t 707 641 442 965
t 707 488 965 451
t 707 488 965 116
t 708 362 1259 726
t 708 362 1424 609
t 708 1237 1424 726
t 708 445 890 83
t 708 445 1202 609
t 709 603 689 302
t 709 603 1354 172
t 709 689 302 165
t 709 689 1397 1390
t 709 302 1277 1390
t 709 302 1397 165
t 709 302 165 172
t 709 805 1277 1139
t 709 805 1354 172
t 709 1322 1139 1390
t 710 513 1230 1364
t 710 513 1019 930
t 710 464 840 930
t 710 830 1230 1364
t 710 830 1019 930
t 710 830 1214 1364
t 710 1230 1216 1364
t 710 1230 1216 1009
t 710 606 1019 1216
t 710 606 1019 1009
t 710 606 840 1009
t 711 1199 893 3
t 711 1199 459 53
t 711 893 3 53
t 711 51 3 924
t 711 926 1481 53
t 712 502 1369 147
t 712 502 597 1101
t 712 597 1249 1094
t 712 597 743 693
t 712 597 693 216
t 712 147 862 693
t 712 628 1249 1094
t 712 628 862 1094
t 712 628 693 216
t 713 65 1190 122
t 713 65 1100 186
t 713 65 186 122
t 713 65 1312 863
t 713 164 415 1355
t 713 164 1190 601
t 713 415 1100 233
t 713 415 1355 1312
t 713 415 1355 601
t 713 415 186 1312
t 713 1190 1100 863
t 713 1190 233 1355
t 713 1190 233 863
t 713 1190 1355 601
t 713 1190 1312 863
t 713 1100 863 122
t 714 349 1316 1252
t 714 349 1252 1200
t 714 335 1363 1252
t 714 667 1142 1384
t 714 667 1316 334
t 714 1142 1252 1200
t 715 409 1496 590
t 715 590 777 750
t 715 590 750 512
t 715 1387 750 798
t 715 777 310 433
t 715 512 798 1026
t 716 449 1141 929
t 716 449 826 336
t 716 1141 179 378
t 716 1141 179 396
t 716 1141 378 336
t 716 1141 396 929
t 716 826 780 304
t 716 826 378 304
t 716 780 179 548
t 716 780 396 304
t 716 179 336 304
t 716 336 396 929
t 717 853 331 684
t 717 853 1110 535
t 717 853 429 1042
t 717 853 1173 684
t 717 853 1233 1082
t 717 79 331 535
t 717 79 1233 684
t 717 79 535 1082
t 717 331 429 1082
t 717 1110 1233 684
t 717 429 1233 1082
t 717 429 535 684
t 718 438 1253 1186
t 718 438 1336 514
t 718 438 514 499
t 718 1253 1336 514
t 718 1253 433 499
t 718 1393 1127 376
t 718 1393 845 514
t 718 1393 1186 433
t 718 1127 376 1336
t 718 1127 845 433
t 718 1127 1186 514
t 718 376 845 499
t 718 845 650 433
t 718 1336 1186 499
t 719 897 371 1158
t 719 897 205 517
t 719 648 793 1178
t 719 655 371 888
t 719 1061 793 1158
t 719 1061 888 1485
t 719 793 1158 1178
t 719 793 888 205
t 719 1158 888 205
t 719 1158 888 1178
t 720 698 917 258
t 720 698 101 997
t 720 698 258 1429
t 720 159 917 997
t 720 159 541 997
t 720 159 766 540
t 720 1304 101 258
t 720 1304 541 540
t 720 917 258 541
t 720 917 258 766
t 720 101 766 997
t 721 198 316 1444
t 721 198 509 1299
t 721 1036 134 1299
t 721 1036 275 1444
t 721 1036 509 1444
t 721 134 275 316
t 721 1329 509 104
t 722 387 200 313
t 722 387 353 463
t 722 387 882 551
t 722 200 353 114
t 722 200 353 551
t 722 200 1213 463
t 722 200 882 114
t 722 200 114 463
t 722 200 463 144
t 722 353 1153 313
t 722 1121 1213 313
t 722 1121 114 144
t 722 1121 313 551
t 722 1121 551 463
t 722 1213 313 463
t 722 313 551 144
t 723 341 1179 1160
t 723 341 193 595
t 723 1078 1400 1160
t 723 1400 1179 193
t 723 1400 193 1160
t 723 1242 1179 578
t 723 1242 1179 954
t 723 1242 193 578
t 723 1242 193 1160
t 723 1179 481 1160
t 723 1234 595 954
t 723 1234 481 954
t 723 193 595 1160
t 724 426 1225 1038
t 724 259 1225 1186
t 724 259 270 794
t 724 259 270 1186
t 724 259 794 1186
t 724 259 1038 1186
t 724 1225 1450 794
t 724 1225 943 794
t 724 1225 794 1038
t 724 270 1450 408
t 724 1450 1038 1186
t 725 812 1245 474
t 725 812 691 1250
t 725 812 353 359
t 725 812 432 1250
t 725 411 1245 1176
t 725 411 353 1176
t 725 411 353 359
t 725 1479 1245 359
t 725 1479 691 432
t 725 1245 691 1176
t 725 1245 158 359
t 725 691 158 1250
t 725 691 158 359
t 725 691 432 474
t 725 353 1176 1250
t 726 1223 703 83
t 726 176 1202 1126
t 726 176 4 703
t 726 176 445 703
t 726 176 703 83
t 726 176 884 1246
t 726 176 1246 1237
t 726 1202 109 1237
t 726 1202 703 1246
t 726 1202 884 83
t 726 1202 1246 1237
t 726 4 703 1246
t 726 109 445 1126
t 726 109 703 83
t 726 109 1246 1237
t 726 109 1237 83
t 726 445 703 1126
t 726 703 1126 1237
t 726 1126 1246 83
t 727 1474 1321 635
t 727 1474 1321 1089
t 727 974 1321 731
t 727 974 1089 669
t 727 1157 635 99
t 727 1321 1203 99
t 727 731 1007 635
t 727 731 1203 847
t 727 731 635 847
t 727 731 1089 847
t 727 1007 635 669
t 727 1203 635 99
t 728 1435 1453 614
t 728 1435 1453 960
t 728 1435 614 745
t 728 1435 614 1445
t 728 1345 1453 614
t 728 1345 614 458
t 728 1345 39 1445
t 728 1453 745 39
t 728 1453 14 1445
t 728 614 745 14
t 728 614 14 39
t 729 219 802 850
t 729 909 674 850
t 729 909 850 155
t 729 1381 1119 290
t 729 290 802 592
t 729 526 674 850
t 729 526 1286 850
t 730 348 125 112
t 730 348 447 139
t 730 348 391 772
t 730 348 391 1240
t 730 975 125 447
t 730 975 391 772
t 730 125 391 126
t 730 447 772 1240
t 730 391 112 126
t 730 772 883 1240
t 730 772 126 1240
t 730 772 126 139
t 730 883 126 139
t 730 1224 112 139
t 731 635 1474 1210
t 731 635 99 974
t 731 635 99 1007
t 731 635 727 508
t 731 635 974 1203
t 731 1474 508 17
t 731 1157 727 1007
t 731 99 669 1007
t 731 99 1203 1210
t 731 99 508 1210
t 731 727 1210 17
t 731 974 1203 17
t 731 669 1210 17
t 732 14 649 909
t 732 14 1076 1137
t 732 649 320 1137
t 732 649 1207 801
t 732 649 801 909
t 732 1076 1207 1046
t 732 320 1207 1137
t 732 320 1046 968
t 732 1207 1046 1137
t 732 1207 1046 968
t 732 1207 1137 801
t 732 450 801 968
t 732 1046 1137 909
t 733 1044 196 1468
t 733 1044 497 1041
t 733 296 196 1068
t 733 296 1139 1041
t 733 296 497 1468
t 733 296 1468 1433
t 733 813 697 1041
t 733 813 1068 1433
t 733 813 1041 1433
t 733 196 1139 1433
t 733 196 1068 1433
t 733 196 1041 1433
t 733 1139 497 1433
t 733 1068 1041 1433
t 734 797 1368 1086
t 734 797 1277 1069
t 734 797 1277 1490
t 734 308 752 959
t 734 308 184 959
t 734 308 1069 959
t 734 752 1368 1069
t 734 1368 184 563
t 734 1368 1086 959
t 734 1368 563 1490
t 734 1368 959 1490
t 734 184 1086 1069
t 734 1086 563 959
t 734 563 1277 1069
t 734 1277 700 1490
t 735 668 127 997
t 735 1276 284 573
t 735 1276 1008 954
t 735 1276 194 954
t 735 1276 215 766
t 735 284 997 573
t 735 284 1008 215
t 735 284 194 215
t 735 284 578 215
t 735 284 215 954
t 735 1008 573 766
t 736 553 1156 1428
t 736 553 300 255
t 736 28 1428 891
t 736 28 843 255
t 736 361 1428 891
t 736 397 1428 843
t 736 681 1156 255
t 736 1156 579 843
t 736 579 843 255
t 736 1428 843 255
t 737 995 1112 332
t 737 995 671 332
t 737 995 1132 1319
t 737 995 332 504
t 737 1112 1436 130
t 737 1112 1132 1319
t 737 1436 130 315
t 737 1436 671 1132
t 737 1436 671 1083
t 737 1436 1083 332
t 737 130 1083 332
t 737 130 315 504
t 737 671 1132 332
t 737 507 1083 315
t 737 507 1083 504
t 738 70 1298 767
t 738 70 919 539
t 738 70 585 245
t 738 1298 919 1131
t 738 1298 767 1402
t 738 919 585 1159
t 738 767 245 257
t 739 1081 71 466
t 739 1081 940 346
t 739 249 594 1410
t 739 249 1161 466
t 739 249 1161 456
t 739 71 358 466
t 739 940 358 1410
t 739 1161 358 346
t 740 645 1152 1155
t 740 645 1152 829
t 740 645 886 944
t 740 645 1392 956
t 740 1152 1150 829
t 740 1152 876 944
t 740 1155 1150 1495
t 740 1150 886 1392
t 740 886 944 956
t 741 1335 1134 851
t 741 1335 190 1077
t 741 1335 829 388
t 741 1335 748 1284
t 741 799 190 1077
t 741 190 829 1004
t 741 190 393 1077
t 741 190 388 1004
t 741 829 748 851
t 741 748 1077 1004
t 741 851 1284 388
t 741 1284 388 1004
t 742 496 1439 378
t 742 496 849 588
t 742 496 774 716
t 742 319 849 716
t 742 378 588 716
t 742 588 774 716
t 742 774 1104 716
t 743 1178 693 1094
t 743 1178 216 1101
t 743 1178 216 1094
t 743 1178 1101 1369
t 743 1178 1101 147
t 743 1178 712 168
t 743 1178 168 517
t 743 1178 168 1258
t 743 693 1094 1369
t 743 693 517 1258
t 743 216 1094 147
t 743 216 147 1258
t 743 1101 712 1094
t 743 1101 1094 168
t 743 1101 1094 517
t 743 1101 517 147
t 743 1369 147 1258
t 744 1394 623 760
t 744 1394 814 533
t 744 796 947 287
t 744 796 1365 814
t 744 796 760 768
t 744 1486 947 623
t 744 1486 947 1365
t 744 947 287 533
t 744 623 1365 287
t 744 623 1365 533
t 744 623 814 287
t 744 1218 1365 760
t 744 1365 287 533
t 744 814 768 533
t 745 1435 146 1438
t 745 1435 1382 1391
t 745 1435 14 1438
t 745 274 728 98
t 745 274 1345 1382
t 745 274 146 14
t 745 728 1345 1196
t 745 728 1196 98
t 745 1345 1453 98
t 745 1345 1382 1196
t 745 1345 98 1438
t 745 1453 1391 1196
t 745 1382 14 98
t 745 1196 14 1438
t 745 1196 98 1438
t 746 1268 380 430
t 746 1268 962 1174
t 746 586 587 380
t 746 586 66 962
t 746 586 380 962
t 746 586 351 841
t 746 848 364 430
t 746 587 66 380
t 746 587 380 430
t 746 587 351 1174
t 746 364 962 841
t 746 66 841 1174
t 746 380 962 1174
t 747 676 856 84
t 747 676 237 1245
t 747 676 587 1308
t 747 856 559 84
t 747 237 1245 1308
t 747 237 587 173
t 747 237 1308 275
t 747 173 1308 1167
t 748 1077 388 116
t 748 1376 388 1332
t 748 26 1134 807
t 748 1134 807 799
t 749 1185 208 705
t 749 1185 42 181
t 749 1185 181 953
t 749 208 973 487
t 749 208 973 326
t 749 876 705 953
t 749 876 973 487
t 749 705 1068 69
t 749 973 953 69
t 750 859 409 770
t 750 859 409 433
t 750 859 798 1496
t 750 409 798 512
t 750 409 715 512
t 750 798 770 453
t 750 798 590 1496
t 750 770 590 1471
t 750 770 512 1496
t 750 433 1471 1496
t 750 590 715 512
t 750 590 453 1471
t 751 87 806 1338
t 751 87 806 599
t 751 87 806 783
t 751 87 1338 545
t 751 806 1228 783
t 751 1338 599 1049
t 751 1338 783 827
t 751 599 545 1049
t 751 545 32 783
t 751 545 827 1049
t 751 879 32 827
t 752 1368 184 1490
t 752 797 734 700
t 752 797 184 1086
t 752 797 308 1277
t 752 734 184 1277
t 752 734 700 308
t 752 734 700 1300
t 752 734 1086 1300
t 752 734 1277 1300
t 752 184 700 1300
t 752 184 308 563
t 752 184 1086 563
t 752 184 647 1300
t 752 1490 1086 647
t 753 1401 338 211
t 753 1401 1399 500
t 753 1401 1399 1214
t 753 1401 1431 1214
t 753 1401 211 1214
t 753 338 1396 500
t 753 338 500 327
t 753 338 1220 327
t 753 1399 111 1396
t 753 1399 111 327
t 753 1399 1396 1220
t 753 1399 1220 211
t 753 1399 75 1214
t 753 111 1431 211
t 753 1396 1431 500
t 753 1431 211 1214
t 754 1495 973 1235
t 754 1495 886 1498
t 754 973 886 1235
t 754 973 388 181
t 754 973 799 395
t 754 886 956 799
t 754 886 1235 395
t 754 152 980 388
t 754 152 980 1235
t 754 152 1498 799
t 754 980 1235 395
t 754 1498 1235 181
t 754 388 181 395
t 755 694 1452 570
t 755 694 1390 874
t 755 694 680 570
t 755 694 945 874
t 755 694 945 185
t 755 694 570 520
t 755 694 520 664
t 755 694 185 261
t 755 1452 945 520
t 755 1452 570 657
t 755 1390 680 520
t 755 1390 520 657
t 755 680 520 261
t 755 680 185 261
t 755 945 520 185
t 755 945 657 261
t 755 874 570 657
t 755 520 664 261
t 756 211 437 338
t 756 211 1021 753
t 756 1317 656 866
t 756 1317 1220 338
t 756 656 437 338
t 756 1220 437 1021
t 756 1220 1021 1399
t 756 1220 753 1399
t 756 437 338 21
t 756 437 158 866
t 756 1021 753 866
t 756 338 1399 21
t 756 753 158 866
t 757 373 707 451
t 757 373 264 574
t 757 707 1136 451
t 757 381 367 1136
t 757 367 1122 451
t 757 1136 574 451
t 758 29 305 1419
t 758 29 305 380
t 758 1169 108 305
t 758 1169 322 1167
t 758 108 251 676
t 758 1419 1167 380
t 758 1419 964 676
t 758 322 964 676
t 759 224 658 832
t 759 224 832 135
t 759 658 436 982
t 759 202 436 885
t 759 202 885 982
t 759 202 982 135
t 759 1024 436 773
t 759 1024 832 1002
t 759 1024 885 135
t 759 436 885 982
t 759 436 773 135
t 759 436 982 135
t 759 832 1002 12
t 760 776 947 814
t 760 776 555 1138
t 760 776 555 576
t 760 776 1486 623
t 760 947 555 1218
t 760 555 1218 623
t 760 555 1365 576
t 760 1218 682 1138
t 760 1218 1486 576
t 760 1218 814 518
t 761 1287 95 1019
t 761 1287 95 344
t 761 1287 1019 1070
t 761 1287 1019 76
t 761 1287 1070 344
t 761 606 663 1214
t 761 606 537 434
t 761 606 1214 344
t 761 1254 95 344
t 761 95 434 344
t 761 663 1070 1214
t 761 663 76 1214
t 761 537 1070 1214
t 762 1 563 1211
t 762 497 10 661
t 762 1069 563 49
t 762 1069 10 1211
t 762 563 1211 49
t 763 1241 1288 177
t 763 1241 1239 390
t 763 1241 1422 390
t 763 1288 1239 390
t 763 1288 818 835
t 763 1239 818 390
t 763 1087 818 1043
t 763 1087 1422 835
t 763 991 1422 835
t 763 991 835 402
t 763 1043 1422 402
t 763 1422 835 390
t 764 491 1216 1085
t 764 491 1216 1009
t 764 491 201 930
t 764 491 201 269
t 764 1216 644 1009
t 764 840 201 565
t 764 840 201 1009
t 764 201 644 565
t 764 201 565 1181
t 764 201 1009 1181
t 765 1491 701 72
t 765 171 410 462
t 765 171 1180 701
t 765 171 701 462
t 765 410 57 462
t 765 410 1180 569
t 765 410 688 569
t 765 57 1204 569
t 765 1204 701 462
t 765 1204 569 72
t 765 688 569 72
t 766 541 668 1191
t 766 541 735 258
t 766 1275 997 1191
t 766 1275 735 194
t 766 997 668 284
t 766 997 668 258
t 766 997 668 1304
t 766 997 720 1304
t 766 668 127 194
t 766 284 127 720
t 767 583 738 1083
t 767 539 245 332
t 767 539 738 332
t 767 539 250 1083
t 767 245 1298 738
t 767 245 738 250
t 767 1298 70 738
t 767 1298 1402 1083
t 767 999 1402 1083
t 768 187 1394 623
t 768 187 1394 1251
t 768 1394 989 623
t 768 1394 399 947
t 768 1394 947 1251
t 768 1394 947 1218
t 768 989 399 1218
t 768 989 776 1251
t 768 989 776 1218
t 768 989 1251 1218
t 769 132 1430 1148
t 769 153 1148 1117
t 769 1430 567 1022
t 769 1148 921 1022
t 769 921 401 934
t 770 750 859 1471
t 770 750 453 1127
t 770 750 1127 433
t 770 750 1328 438
t 770 859 798 499
t 770 859 798 438
t 770 859 409 438
t 770 798 409 1127
t 770 798 453 1127
t 770 1471 1336 433
t 770 1336 1127 438
t 770 409 453 1127
t 771 285 552 1205
t 771 285 1018 1470
t 771 285 1188 1306
t 771 552 1018 1470
t 771 552 60 1188
t 771 552 1063 846
t 771 1018 1205 1306
t 771 1205 60 1063
t 771 775 1188 1358
t 771 60 1188 1306
t 772 391 126 730
t 772 391 125 1353
t 772 391 1224 170
t 772 391 975 1240
t 772 447 126 170
t 772 447 1353 730
t 772 125 1353 730
t 772 1353 975 139
t 772 1353 663 730
t 773 93 224 1413
t 773 93 476 1413
t 773 93 1413 1426
t 773 224 476 759
t 773 224 476 417
t 773 224 476 982
t 773 243 759 1413
t 773 243 908 880
t 773 243 1413 880
t 773 885 908 982
t 773 885 1413 982
t 773 885 1413 1426
t 774 1320 1195 1075
t 774 1320 154 386
t 774 1195 439 1075
t 774 1195 839 386
t 774 1195 496 386
t 774 439 1075 154
t 774 439 742 340
t 774 839 496 386
t 774 839 154 386
t 774 1075 154 340
t 775 1018 60 36
t 775 1018 60 1306
t 775 267 60 285
t 775 267 1063 494
t 775 267 283 494
t 775 60 552 1306
t 775 36 1306 771
t 775 552 1306 1063
t 775 1306 1063 771
t 776 947 760 1138
t 776 947 1218 1486
t 776 947 555 1486
t 776 947 1486 518
t 776 1218 555 814
t 776 555 814 682
t 776 555 1486 1050
t 776 1365 1138 1486
t 776 1365 1486 518
t 777 1047 1496 750
t 777 1047 1387 512
t 777 1047 512 880
t 777 1496 409 715
t 777 1496 409 1387
t 777 1496 473 512
t 777 715 473 1026
t 777 715 750 512
t 778 673 930 576
t 778 673 930 623
t 778 673 201 269
t 778 948 930 427
t 778 948 861 269
t 778 930 201 269
t 778 861 1380 269
t 778 287 639 201
t 778 287 201 623
t 778 639 576 269
t 779 231 642 964
t 779 231 642 47
t 779 231 527 925
t 779 231 527 47
t 779 231 683 964
t 779 197 642 4
t 779 197 964 47
t 779 925 683 4
t 779 1183 683 47
t 780 179 304 378
t 780 420 952 304
t 780 420 952 396
t 780 166 952 787
t 780 166 396 378
t 780 166 396 787
t 780 887 952 131
t 780 952 304 598
t 780 952 378 598
t 780 396 1104 598
t 781 1030 1330 519
t 781 1030 589 1247
t 781 1330 1197 1347
t 781 1330 589 519
t 781 1197 1247 1192
t 781 1197 519 1379
t 781 295 589 1379
t 781 295 1058 1192
t 781 589 1058 1347
t 781 102 1347 1247
t 782 525 911 572
t 782 525 1095 1467
t 782 525 1052 547
t 782 525 547 1283
t 782 911 382 547
t 782 911 382 834
t 782 1095 1052 834
t 782 1095 382 1283
t 782 1095 1467 1283
t 782 1052 382 547
t 782 1052 834 1283
t 782 382 547 1135
t 782 547 834 1283
t 782 1467 572 1283
t 783 879 827 1352
t 783 879 1049 965
t 783 879 965 1409
t 783 827 1040 1049
t 783 827 1049 1351
t 783 1040 1049 785
t 783 1040 1049 1351
t 783 1049 965 815
t 783 1049 815 1409
t 784 574 603 172
t 784 574 689 384
t 784 574 264 172
t 784 603 805 172
t 784 603 302 264
t 784 603 302 172
t 784 805 1354 815
t 784 805 689 264
t 784 805 264 172
t 784 689 815 172
t 784 815 302 384
t 785 381 965 1003
t 785 381 574 568
t 785 381 783 568
t 785 965 827 783
t 785 965 1003 568
t 785 574 1003 395
t 785 827 783 1217
t 785 827 1314 815
t 785 827 568 1498
t 785 783 568 1498
t 785 1003 1314 1217
t 785 1003 1498 395
t 785 1314 568 1217
t 785 1217 815 1498
t 786 122 622 223
t 786 122 1444 1147
t 786 1285 223 1308
t 786 412 220 233
t 786 412 220 1147
t 786 622 233 1147
t 786 622 1147 1355
t 786 1098 1355 223
t 786 1444 233 1355
t 786 1444 1147 1308
t 786 1147 223 1308
t 787 952 780 929
t 787 1348 166 420
t 787 1348 1093 660
t 787 166 1093 780
t 787 1093 179 780
t 787 1093 904 929
t 787 131 660 780
t 787 131 179 780
t 787 420 179 780
t 787 660 780 904
t 788 976 27 1219
t 788 976 27 996
t 788 976 27 484
t 788 976 57 643
t 788 976 1219 941
t 788 27 643 941
t 788 27 72 932
t 788 27 72 996
t 788 57 932 765
t 788 57 941 765
t 788 57 410 765
t 788 1219 643 765
t 788 1219 72 765
t 788 1219 932 484
t 788 1219 484 765
t 788 643 932 941
t 788 932 996 765
t 789 570 680 1452
t 789 570 755 260
t 789 570 265 46
t 789 261 680 694
t 789 261 680 755
t 789 261 260 265
t 789 261 1452 1012
t 789 261 265 46
t 789 1256 680 46
t 789 1256 1452 46
t 789 1256 185 265
t 789 1256 185 1012
t 789 680 260 185
t 789 755 260 1012
t 789 260 1452 1012
t 790 370 1334 985
t 790 370 666 702
t 790 180 1334 477
t 790 180 666 702
t 790 180 262 702
t 790 1119 666 985
t 790 1334 477 1286
t 790 262 1294 985
t 791 309 400 457
t 791 309 1094 672
t 791 875 400 457
t 791 875 457 672
t 791 875 216 679
t 791 875 401 679
t 791 795 457 401
t 791 216 679 1318
t 792 419 704 239
t 792 419 1406 1041
t 792 704 239 871
t 792 704 1406 106
t 792 1325 1468 1041
t 792 1468 1406 871
t 792 239 1406 1041
t 792 1041 486 529
t 793 897 371 1222
t 793 897 1158 1222
t 793 897 1158 1061
t 793 371 1158 313
t 793 371 205 949
t 793 719 1222 1061
t 793 719 1222 949
t 793 719 1061 949
t 793 648 551 114
t 793 648 1222 949
t 793 648 949 114
t 793 551 1222 313
t 793 551 949 313
t 794 1450 514 724
t 794 1450 1186 1038
t 794 1450 650 1066
t 794 514 1186 22
t 794 514 1038 408
t 794 1225 1038 1393
t 794 1225 408 1066
t 794 1186 1038 724
t 794 1038 1253 1066
t 794 650 408 1393
t 794 408 1066 724
t 795 309 1264 567
t 795 309 401 457
t 795 309 567 1118
t 795 309 1318 207
t 795 1264 400 1318
t 795 1264 401 457
t 795 791 400 567
t 795 791 400 855
t 795 400 1318 207
t 795 401 567 855
t 795 401 1118 855
t 796 287 924 744
t 796 287 744 1481
t 796 623 581 947
t 796 501 1486 744
t 796 1486 744 581
t 796 1486 1481 760
t 796 1481 760 947
t 797 734 308 563
t 797 734 752 1368
t 797 734 752 1086
t 797 734 184 1069
t 797 734 1277 959
t 797 308 184 959
t 797 752 1086 1277
t 797 752 700 959
t 797 1368 563 1490
t 797 1368 1069 959
t 797 563 1069 959
t 797 1277 1069 700
t 797 1277 1069 1490
t 797 1069 700 1490
t 798 750 409 777
t 798 750 409 1496
t 798 1047 770 715
t 798 1471 770 715
t 798 1471 777 1496
t 798 409 859 1336
t 798 770 512 453
t 799 1134 388 748
t 799 388 190 748
t 799 519 190 395
t 799 152 393 395
t 800 699 1312 1285
t 800 699 33 998
t 800 699 33 882
t 800 699 998 1285
t 800 912 189 622
t 800 912 1312 33
t 800 912 882 288
t 800 189 622 1193
t 800 189 622 998
t 800 189 1193 882
t 800 622 998 288
t 800 622 882 288
t 800 1193 33 882
t 800 1193 998 1285
t 801 450 542 289
t 801 1006 1417 64
t 801 1417 1076 64
t 801 1417 1076 73
t 802 1119 370 1334
t 802 370 180 790
t 802 370 1055 729
t 802 370 790 729
t 802 303 431 1055
t 802 303 1055 729
t 802 303 790 729
t 802 1334 180 431
t 802 1286 702 1055
t 802 1286 1055 790
t 802 1055 790 729
t 803 138 1412 1295
t 803 138 68 1125
t 803 5 571 1125
t 803 282 1412 571
t 803 282 900 1221
t 803 282 571 68
t 803 282 227 1125
t 803 1412 1295 227
t 803 900 136 1295
t 803 900 1295 68
t 804 195 1494 210
t 804 195 1494 1458
t 804 195 210 1458
t 804 1494 210 99
t 804 1494 1458 99
t 804 1494 1458 909
t 804 1494 64 90
t 804 1494 99 90
t 804 618 808 210
t 804 618 64 909
t 804 850 808 1458
t 804 808 17 64
t 804 808 64 909
t 805 603 709 1139
t 805 1354 709 1139
t 805 1354 709 1277
t 805 709 172 689
t 805 709 165 1490
t 805 172 1397 1379
t 805 172 1379 689
t 805 1397 1277 784
t 805 165 1490 689
t 806 751 87 1338
t 806 751 87 1228
t 806 751 1228 545
t 806 751 599 1352
t 806 751 879 827
t 806 1338 32 1352
t 806 1338 545 879
t 806 1338 1261 827
t 806 1338 783 827
t 806 1228 32 879
t 806 1228 545 827
t 807 1284 1332 741
t 807 1077 1332 741
t 807 1077 1332 1335
t 807 1077 634 741
t 807 1332 634 940
t 807 1332 346 940
t 807 1332 346 741
t 807 1161 393 741
t 807 1161 346 741
t 807 393 346 741
t 807 393 940 741
t 807 393 940 1335
t 808 618 195 804
t 808 618 195 850
t 808 618 1331 729
t 808 155 804 850
t 808 155 804 1405
t 808 155 804 219
t 808 155 850 219
t 808 526 1331 850
t 808 526 1331 1381
t 808 526 729 1381
t 808 526 729 219
t 808 526 850 219
t 808 195 1331 1381
t 808 1331 850 1405
t 808 1494 1381 219
t 808 729 850 1381
t 809 894 128 981
t 809 894 1263 1034
t 809 128 1236 1449
t 809 128 1449 1263
t 809 128 1449 194
t 809 878 1034 981
t 809 1449 194 981
t 810 280 1036 316
t 810 280 884 7
t 810 1329 824 884
t 810 1329 855 884
t 810 1329 884 1237
t 810 824 1036 7
t 810 824 316 1237
t 810 824 445 1020
t 810 1036 445 884
t 810 1036 855 890
t 810 1036 855 1020
t 810 316 890 7
t 810 316 1020 884
t 810 445 890 1237
t 810 855 890 1237
t 810 890 7 1237
t 811 1079 6 1111
t 811 1079 8 1489
t 811 1079 1489 854
t 811 6 629 935
t 811 6 629 564
t 811 6 854 456
t 811 416 414 1111
t 811 1489 629 854
t 811 1111 629 935
t 811 854 456 564
t 812 691 418 359
t 812 691 411 725
t 812 691 133 1213
t 812 1250 359 1479
t 812 1250 725 1446
t 812 1250 725 133
t 812 418 359 133
t 812 418 411 353
t 812 418 725 1446
t 812 359 411 725
t 812 359 411 1213
t 812 1479 353 1213
t 812 1446 521 353
t 813 1044 733 1367
t 813 1044 217 1441
t 813 1044 874 657
t 813 733 196 1367
t 813 217 1441 296
t 813 217 1441 657
t 813 1441 1367 296
t 813 1441 1433 657
t 813 196 697 1367
t 813 697 1433 296
t 813 492 296 657
t 814 1218 1365 776
t 814 1218 555 1477
t 814 1218 1486 584
t 814 1365 776 1486
t 814 947 776 555
t 814 947 555 584
t 814 947 1486 1050
t 814 682 760 1486
t 814 682 1486 1477
t 814 555 1477 584
t 814 760 1486 1050
t 815 366 971 1354
t 815 366 1354 657
t 815 366 657 697
t 815 1003 172 657
t 815 492 657 945
t 815 1314 783 1354
t 815 1314 172 697
t 815 783 172 657
t 815 783 1354 945
t 815 783 697 226
t 816 1013 863 78
t 816 1013 549 1189
t 816 863 423 9
t 816 863 91 297
t 816 134 9 1444
t 816 423 9 1444
t 816 423 9 78
t 816 612 91 78
t 817 675 98 66
t 817 675 1464 66
t 817 675 262 586
t 817 98 1391 586
t 817 98 1032 262
t 817 98 968 262
t 817 1464 1391 979
t 817 1391 968 66
t 817 1391 968 586
t 817 173 262 979
t 817 1032 262 979
t 817 262 66 586
t 818 763 991 577
t 818 991 1241 402
t 818 991 1241 1087
t 818 991 402 577
t 818 1239 1241 1288
t 818 1239 937 577
t 818 1239 937 1288
t 818 1241 536 1087
t 818 937 577 1422
t 818 536 177 577
t 819 951 1037 1004
t 819 951 923 1434
t 819 951 923 1004
t 819 951 1434 1004
t 819 951 1476 1197
t 819 1037 1456 835
t 819 1037 923 1476
t 819 1456 546 923
t 819 1456 923 1197
t 819 1456 1434 1476
t 819 1456 1476 1030
t 819 1456 969 1030
t 819 546 1476 835
t 819 923 1476 835
t 819 1476 835 1030
t 820 49 959 1
t 820 49 1099 1069
t 820 49 1099 1086
t 820 49 1069 661
t 820 49 1069 762
t 820 959 1099 1162
t 820 959 1162 1
t 820 959 1162 46
t 820 959 46 661
t 820 1099 46 520
t 820 563 46 520
t 820 1162 1 661
t 820 1162 1 520
t 821 1177 252 1209
t 821 1177 56 413
t 821 1177 247 510
t 821 252 1149 56
t 821 252 56 247
t 821 1149 1492 1209
t 821 1149 247 510
t 821 1149 247 413
t 821 1492 510 101
t 821 1349 413 101
t 821 1349 413 611
t 821 56 247 101
t 822 1418 293 681
t 822 1418 891 260
t 822 1418 891 941
t 822 1418 1128 260
t 822 293 1359 1466
t 822 293 1359 1428
t 822 293 891 681
t 822 293 891 260
t 822 293 1466 1128
t 822 293 1428 941
t 822 1359 891 681
t 822 1359 681 1128
t 822 1359 941 369
t 822 891 1128 916
t 822 891 260 369
t 822 1466 1128 1428
t 822 1466 1128 916
t 822 681 1128 941
t 822 1128 260 941
t 822 916 260 369
t 823 270 516 1066
t 823 270 167 1471
t 823 270 426 1066
t 823 270 1066 259
t 823 270 1066 1471
t 823 516 167 918
t 823 516 426 259
t 823 516 426 1084
t 823 516 259 1471
t 823 1328 1066 259
t 824 280 810 890
t 824 280 7 1448
t 824 280 862 1264
t 824 810 628 890
t 824 1329 628 1264
t 824 1329 862 1264
t 824 7 628 1264
t 824 628 1036 862
t 824 1448 862 316
t 824 1448 862 1264
t 825 1429 1092 562
t 825 1429 1092 917
t 825 1429 1103 1432
t 825 1092 1023 917
t 825 1326 510 917
t 825 1326 562 1059
t 825 510 562 1059
t 825 1023 444 917
t 826 163 396 1110
t 826 163 304 780
t 826 304 336 378
t 826 304 1110 780
t 826 1231 887 1110
t 826 336 716 378
t 826 1233 495 1110
t 827 783 965 1352
t 827 879 1040 1352
t 827 879 1049 1217
t 827 1040 1003 1217
t 827 965 1352 55
t 827 965 1003 1049
t 827 55 199 32
t 827 1049 1217 32
t 828 1341 1298 1209
t 828 1432 1103 355
t 828 1432 999 1083
t 828 1432 1083 1209
t 828 1432 355 1298
t 828 250 1103 583
t 828 250 583 1015
t 828 1103 1023 1298
t 828 999 1015 1298
t 828 999 1083 1298
t 828 1015 1083 1209
t 828 1083 355 1298
t 829 799 1004 1495
t 829 1004 741 886
t 829 1004 1335 388
t 829 1004 519 854
t 829 1004 854 1495
t 829 741 1335 1495
t 829 1134 519 388
t 829 1134 886 1495
t 829 851 886 388
t 829 519 388 1495
t 829 886 854 388
t 829 854 388 1495
t 830 1009 471 606
t 830 471 513 13
t 830 471 710 13
t 830 471 1364 13
t 830 471 13 606
t 830 513 13 1216
t 830 710 13 230
t 830 710 464 230
t 830 13 606 464
t 830 840 464 1216
t 831 652 521 359
t 831 652 608 1091
t 831 652 1091 1271
t 831 986 1497 359
t 831 1497 1091 448
t 831 1497 1271 359
t 831 608 1200 1271
t 831 1091 448 1252
t 832 436 202 100
t 832 436 1002 193
t 832 12 1024 954
t 832 12 202 759
t 832 12 202 566
t 832 12 759 595
t 832 658 202 566
t 832 658 954 193
t 832 202 1002 566
t 832 1002 759 193
t 832 1002 759 566
t 832 759 954 595
t 832 759 193 100
t 832 954 595 566
t 833 1017 253 1324
t 833 1017 1378 1467
t 833 1017 1073 1324
t 833 1017 1467 1014
t 833 204 1073 533
t 833 204 533 989
t 833 1378 1420 1324
t 833 1378 1324 1302
t 833 1073 1324 533
t 834 547 525 580
t 834 547 48 162
t 834 525 580 253
t 834 525 782 253
t 834 1095 48 561
t 834 580 253 561
t 834 782 911 162
t 834 782 561 204
t 834 911 1420 253
t 834 911 1420 162
t 834 911 253 204
t 835 1434 1037 819
t 835 1456 1469 593
t 835 1456 923 969
t 835 506 1037 546
t 835 506 819 1288
t 835 546 819 969
t 835 819 923 593
t 835 819 923 969
t 836 1310 279 249
t 836 1324 279 1081
t 836 1451 1111 162
t 836 1111 222 1081
t 836 222 279 1081
t 836 279 1081 346
t 836 249 346 253
t 837 706 311 177
t 837 706 62 684
t 837 706 1082 613
t 837 311 62 232
t 837 311 268 117
t 837 684 588 117
t 837 684 232 177
t 837 588 232 177
t 837 1082 1231 232
t 838 1357 904 1104
t 838 1357 1129 1151
t 838 1357 730 975
t 838 1164 904 1129
t 838 1164 1493 348
t 838 904 299 1493
t 838 904 1151 121
t 838 904 730 1104
t 838 1129 1493 121
t 838 1129 121 730
t 838 299 1151 975
t 838 299 1151 1104
t 838 299 730 1104
t 838 299 730 348
t 838 1493 975 1104
t 839 154 967 45
t 839 154 849 538
t 839 439 967 386
t 839 439 849 45
t 839 439 538 386
t 839 439 386 686
t 839 439 686 1005
t 839 340 967 1187
t 839 340 967 1005
t 839 340 1187 538
t 839 967 1187 774
t 839 967 1187 45
t 839 967 538 1005
t 839 967 386 686
t 839 967 386 45
t 839 849 1187 686
t 839 849 774 1005
t 839 538 774 45
t 840 930 1216 644
t 840 930 1009 830
t 840 930 471 673
t 840 1009 1364 1229
t 840 1009 1229 710
t 840 830 1229 13
t 840 830 644 13
t 840 110 471 710
t 840 1229 471 13
t 840 471 644 13
t 841 213 1176 831
t 841 213 430 831
t 841 587 407 364
t 841 1176 1479 351
t 841 1176 1479 831
t 841 1176 746 430
t 841 746 351 831
t 842 1362 1246 109
t 842 1362 1145 938
t 842 1362 1372 251
t 842 50 1246 52
t 842 50 1246 109
t 842 50 1145 938
t 842 50 1372 938
t 842 52 642 938
t 842 120 964 938
t 843 1156 579 10
t 843 1156 1 1069
t 843 579 255 1099
t 843 579 10 1
t 843 579 959 1069
t 843 255 10 959
t 843 255 1162 736
t 843 10 553 959
t 843 10 1 736
t 843 1162 1099 1
t 843 1162 1099 959
t 843 1099 959 1069
t 843 1 49 1069
t 844 707 383 451
t 844 707 367 940
t 844 707 451 757
t 844 707 877 641
t 844 707 641 940
t 844 488 451 877
t 844 488 451 910
t 844 367 1136 641
t 844 451 641 940
t 844 877 757 442
t 845 438 1328 1127
t 845 438 453 1066
t 845 376 1328 1186
t 845 376 1066 516
t 845 650 1393 1066
t 845 650 1257 453
t 845 1393 1257 1127
t 845 1393 1066 516
t 845 1127 1066 516
t 845 475 1066 516
t 846 1205 552 285
t 846 1205 1188 1018
t 846 1205 946 1000
t 846 552 1226 1000
t 846 1188 1226 404
t 846 1188 404 1153
t 846 1226 285 1018
t 846 1226 285 313
t 847 1321 929 1157
t 847 1321 1085 974
t 847 289 929 727
t 847 289 974 548
t 847 929 1417 727
t 847 974 1203 548
t 847 974 1203 1417
t 847 974 1062 1157
t 847 1203 548 727
t 847 1203 1062 1474
t 847 548 1417 1062
t 847 548 1474 1157
t 848 364 962 1039
t 848 364 38 1174
t 848 962 1124 746
t 848 962 1124 1268
t 848 962 188 351
t 848 962 1268 1174
t 848 1039 38 188
t 848 38 1268 351
t 848 38 1268 1174
t 848 746 1268 351
t 849 774 439 154
t 849 774 742 154
t 849 955 496 1075
t 849 955 742 154
t 849 1195 439 742
t 849 1320 839 742
t 849 1320 496 154
t 849 496 1075 1439
t 850 1458 508 802
t 850 1458 909 1286
t 850 1458 1006 73
t 850 1458 303 1286
t 850 64 508 303
t 850 64 508 804
t 850 64 1006 804
t 850 64 804 210
t 850 508 1006 1055
t 850 909 210 73
t 850 909 1055 73
t 850 1006 804 73
t 850 1006 1055 73
t 851 1284 807 854
t 851 456 416 807
t 851 456 416 854
t 851 456 190 807
t 851 456 190 1451
t 851 416 829 190
t 851 416 1004 854
t 851 416 807 854
t 851 416 807 346
t 851 829 807 1451
t 851 190 854 1451
t 852 604 1443 431
t 852 604 1443 1055
t 852 604 324 303
t 852 604 324 1055
t 852 1443 431 869
t 852 1443 324 1055
t 852 1443 1089 1007
t 852 1443 1089 802
t 852 1443 1007 1416
t 852 431 869 1416
t 852 431 1007 1055
t 852 869 1007 1055
t 852 869 1007 802
t 852 324 1007 802
t 852 324 1055 802
t 852 303 1416 23
t 853 717 429 79
t 853 717 79 1082
t 853 535 429 232
t 853 535 429 1233
t 853 429 1173 1082
t 854 1004 416 969
t 854 1004 416 829
t 854 1004 190 1398
t 854 1004 190 811
t 854 1004 1335 811
t 854 416 969 829
t 854 190 546 829
t 854 190 1398 811
t 854 851 546 811
t 854 969 1398 629
t 854 1335 1398 811
t 855 1264 1329 1448
t 855 1425 248 1448
t 855 1425 316 280
t 855 1425 1329 1448
t 855 7 824 280
t 855 7 810 1329
t 855 7 316 1448
t 855 207 248 1448
t 856 237 979 425
t 856 237 747 817
t 856 237 98 817
t 856 559 896 425
t 856 979 1419 425
t 856 747 817 758
t 856 747 758 108
t 856 98 896 817
t 857 1116 186 277
t 857 524 502 65
t 857 1411 502 103
t 857 1411 502 863
t 857 1411 1249 186
t 857 1411 1249 863
t 857 1249 103 277
t 857 978 863 277
t 857 1190 65 103
t 857 1190 65 863
t 857 1190 103 863
t 858 866 36 418
t 858 866 411 1317
t 858 866 1021 494
t 858 21 133 494
t 858 21 36 1317
t 858 21 36 1427
t 858 36 1317 1250
t 858 36 1021 1250
t 858 411 1250 1427
t 858 411 418 494
t 858 1262 1250 1427
t 858 1262 418 494
t 858 1021 1427 494
t 859 750 433 310
t 859 750 433 1471
t 859 750 409 1471
t 859 750 770 1471
t 859 750 1336 1471
t 859 750 798 1471
t 859 433 770 1336
t 859 433 798 310
t 859 409 453 266
t 859 409 453 1471
t 859 770 1336 453
t 859 770 715 1471
t 859 1336 590 453
t 859 590 266 1471
t 860 899 1035 1159
t 860 585 145 875
t 860 585 875 245
t 860 145 1148 1035
t 860 145 875 245
t 860 1148 1035 1430
t 860 1148 1430 1159
t 860 88 1402 245
t 860 875 1430 1402
t 861 75 576 898
t 861 75 111 682
t 861 75 111 778
t 861 576 1380 1473
t 861 576 111 682
t 861 576 500 778
t 861 576 53 1473
t 861 1380 1396 778
t 861 1396 111 778
t 861 1396 500 682
t 861 1396 53 778
t 861 500 778 1473
t 862 597 400 1094
t 862 628 1369 400
t 862 628 1369 1094
t 862 628 1299 7
t 862 1369 400 7
t 862 1369 712 333
t 862 1369 333 1094
t 862 824 1299 1448
t 862 824 1299 1094
t 863 816 423 134
t 863 816 1189 713
t 863 423 1411 233
t 863 423 1116 83
t 863 1411 9 134
t 863 1189 978 83
t 863 1116 713 83
t 863 1116 233 83
t 864 714 335 334
t 864 714 278 1252
t 864 714 334 531
t 864 335 1384 51
t 864 278 1252 1142
t 864 334 1252 531
t 865 670 600 636
t 865 670 1097 578
t 865 670 182 1008
t 865 670 735 1078
t 865 600 374 1097
t 865 600 1008 1078
t 865 374 636 1008
t 865 374 735 578
t 865 636 1097 1276
t 865 1097 182 578
t 865 735 1276 668
t 865 735 1078 578
t 865 1008 1276 668
t 866 1317 1021 1220
t 866 1317 1021 656
t 866 1021 1220 656
t 866 1021 411 1271
t 866 133 1220 1271
t 866 133 656 437
t 866 1220 359 437
t 866 656 359 437
t 867 1480 218 607
t 867 1480 1050 96
t 867 1480 1293 1337
t 867 385 218 96
t 867 385 607 1337
t 867 385 96 1337
t 867 218 905 16
t 867 218 1050 1337
t 867 218 96 1337
t 867 607 905 1293
t 867 607 1293 96
t 867 607 1138 96
t 867 607 16 96
t 867 607 96 1337
t 867 1138 16 96
t 868 1290 966 571
t 868 966 227 113
t 868 966 1461 107
t 868 966 113 1485
t 868 227 888 1485
t 868 227 113 1485
t 869 1443 1416 901
t 869 1443 1054 901
t 869 1443 180 901
t 869 1443 662 901
t 869 1416 1266 852
t 869 1416 1266 370
t 869 1266 1016 852
t 869 1266 180 370
t 869 1266 662 802
t 869 1266 662 936
t 869 1016 370 802
t 869 852 180 802
t 869 852 662 370
t 869 180 662 802
t 870 140 607 1293
t 870 140 157 1105
t 870 140 157 1206
t 870 140 867 1480
t 870 140 572 1480
t 870 607 157 1135
t 870 607 1135 1052
t 870 607 1052 96
t 870 157 572 1105
t 870 157 1206 1052
t 870 157 1480 1052
t 870 1293 1105 96
t 870 867 1480 96
t 870 572 1480 1052
t 870 1105 1052 96
t 871 486 1421 920
t 871 486 1465 1367
t 871 792 1421 927
t 871 792 927 1031
t 871 792 1465 704
t 871 792 1468 1367
t 871 792 920 1367
t 871 106 1421 419
t 871 1421 1468 704
t 871 419 927 1465
t 871 419 704 1031
t 871 1465 920 1031
t 871 1468 704 920
t 872 175 467 221
t 872 175 44 355
t 872 175 44 328
t 872 566 100 1080
t 872 566 490 595
t 872 467 221 328
t 873 1137 30 146
t 873 1137 30 618
t 873 1137 1029 195
t 873 1137 489 146
t 873 1196 30 489
t 873 1196 489 1345
t 873 1196 808 146
t 873 30 1029 274
t 873 30 274 808
t 873 1029 195 1345
t 873 1029 808 1345
t 873 1029 1345 618
t 873 489 274 808
t 873 195 1345 219
t 873 195 1345 146
t 873 195 219 146
t 873 274 1345 219
t 874 1441 1460 945
t 874 1441 664 755
t 874 1441 813 1433
t 874 1441 1367 105
t 874 1441 105 755
t 874 1441 105 945
t 874 1441 105 927
t 874 1441 755 927
t 874 657 813 1367
t 874 657 945 694
t 874 1460 105 1433
t 874 1460 694 927
t 874 664 1367 1433
t 874 1367 105 694
t 874 105 755 694
t 874 105 1433 945
t 874 105 694 927
t 875 457 899 585
t 875 791 1148 567
t 875 88 860 1148
t 875 88 1148 567
t 875 679 1402 899
t 875 679 899 1094
t 875 672 1402 1148
t 875 1148 899 585
t 875 1148 567 585
t 876 749 1392 1185
t 876 749 326 886
t 876 749 953 307
t 876 69 326 953
t 876 69 326 379
t 876 1185 326 953
t 876 1185 307 379
t 876 973 326 379
t 876 973 1315 379
t 876 754 1315 379
t 877 488 89 383
t 877 488 1261 240
t 877 488 1136 451
t 877 488 707 383
t 877 844 1136 707
t 877 844 707 383
t 877 844 910 32
t 877 89 1261 240
t 877 89 240 707
t 877 1136 451 383
t 877 240 707 32
t 877 383 910 32
t 878 894 405 1034
t 878 894 405 472
t 878 405 1034 1292
t 878 405 236 1292
t 878 405 236 472
t 878 1034 1449 1292
t 878 1449 128 472
t 878 1449 963 236
t 878 1449 374 1292
t 879 827 1003 1409
t 879 827 1003 1351
t 879 827 87 1351
t 879 1040 1228 545
t 879 1003 1352 1409
t 879 1003 87 545
t 879 1003 965 1351
t 879 1049 87 545
t 879 1228 965 1351
t 879 87 1351 545
t 880 473 1026 1496
t 880 473 1026 512
t 880 473 1496 1289
t 880 337 908 1449
t 880 1026 1496 908
t 880 476 512 983
t 880 476 1413 773
t 880 1413 983 1449
t 881 137 209 1143
t 881 137 1142 1143
t 881 1363 1142 1143
t 881 1363 1389 665
t 881 1363 1389 1266
t 881 209 665 324
t 881 209 23 1143
t 881 339 460 324
t 881 1142 1389 324
t 881 460 324 1143
t 881 1389 1266 324
t 882 114 463 1193
t 882 114 699 189
t 882 114 800 1222
t 882 949 189 1140
t 882 949 1140 1193
t 882 463 699 622
t 882 699 189 1140
t 882 1140 1222 622
t 883 43 598 498
t 883 43 348 498
t 883 43 112 730
t 883 43 503 1311
t 883 43 139 125
t 883 598 503 125
t 883 348 498 1482
t 883 348 498 125
t 883 112 139 730
t 883 112 1311 1482
t 883 498 1311 730
t 883 503 1311 730
t 883 503 730 125
t 883 139 1311 125
t 883 887 1482 730
t 883 887 730 125
t 884 83 362 1411
t 884 83 445 1411
t 884 83 624 978
t 884 362 445 1237
t 884 362 423 624
t 884 362 624 950
t 884 362 890 978
t 884 445 423 890
t 884 445 423 1237
t 884 423 950 726
t 884 624 726 1411
t 884 950 1237 978
t 884 890 726 978
t 885 908 476 224
t 885 908 1002 578
t 885 908 573 12
t 885 908 224 578
t 885 476 1002 215
t 885 476 954 215
t 885 476 224 759
t 885 1002 573 759
t 885 1002 573 215
t 885 1002 573 12
t 885 1002 436 1024
t 885 573 954 578
t 885 573 436 12
t 885 573 759 215
t 885 954 224 578
t 885 759 1024 12
t 885 759 215 578
t 886 1495 973 956
t 886 754 829 876
t 886 754 152 388
t 886 973 829 1235
t 886 973 829 1134
t 886 973 799 388
t 886 956 990 1134
t 886 956 990 388
t 886 829 152 876
t 886 799 1235 1134
t 887 396 304 780
t 887 396 304 179
t 887 304 498 420
t 887 498 420 503
t 887 498 420 112
t 887 1311 503 112
t 888 517 1258 1168
t 888 517 1258 1178
t 888 517 168 1064
t 888 517 1178 1064
t 888 1258 1168 1178
t 888 966 868 1290
t 888 966 868 1168
t 888 168 1061 1290
t 888 1061 1168 1178
t 888 868 1290 719
t 889 1188 1470 301
t 889 1470 1373 1238
t 889 301 1358 357
t 889 301 1056 1238
t 889 301 1373 1238
t 889 1358 1205 1056
t 889 1358 1056 357
t 889 1358 1056 1499
t 889 1358 357 1291
t 889 1205 1056 1238
t 889 1205 1373 1291
t 889 1373 1499 1238
t 890 445 280 824
t 890 445 470 1448
t 890 1237 708 1116
t 890 1237 280 1448
t 890 1237 470 1116
t 890 708 884 1448
t 890 708 280 1411
t 890 708 824 1411
t 890 884 824 810
t 890 884 810 1448
t 890 884 1411 1116
t 890 280 470 1411
t 891 1466 1418 822
t 891 1466 681 532
t 891 1466 260 293
t 891 1418 681 293
t 891 260 28 1359
t 891 260 293 1359
t 891 365 532 293
t 891 365 1359 736
t 891 1428 28 532
t 891 532 1359 736
t 892 1175 545 1261
t 892 1175 545 383
t 892 1333 55 32
t 892 1333 199 965
t 892 1333 1410 965
t 892 1333 1261 383
t 892 1352 55 545
t 892 1352 545 1410
t 892 55 545 965
t 892 55 32 1261
t 892 55 1410 1261
t 892 55 1261 383
t 892 545 199 383
t 892 199 32 383
t 893 926 51 334
t 893 926 1154 53
t 893 926 1154 203
t 893 926 3 53
t 893 1199 51 53
t 893 1199 1154 53
t 893 711 334 3
t 893 711 1154 203
t 893 711 349 924
t 893 334 3 349
t 893 1154 349 653
t 893 1154 924 53
t 893 3 653 53
t 894 878 809 405
t 894 878 405 1263
t 894 809 128 1034
t 894 809 128 1449
t 894 809 1449 1088
t 894 809 236 1236
t 894 405 1305 236
t 894 405 1305 1236
t 894 128 1034 1088
t 894 128 1034 1236
t 894 128 1449 1088
t 894 1305 236 1088
t 894 236 1088 1263
t 895 1427 1265 544
t 895 1427 1265 946
t 895 1427 1226 544
t 895 1427 1226 1105
t 895 1427 21 616
t 895 1427 1317 616
t 895 961 1265 946
t 895 961 1226 685
t 895 961 1226 858
t 895 544 21 858
t 895 685 21 1317
t 895 685 21 616
t 895 685 1317 616
t 896 559 425 1356
t 896 559 979 1212
t 896 1245 474 1212
t 896 1245 425 979
t 896 474 425 237
t 896 474 173 237
t 896 425 856 1356
t 896 425 237 1212
t 896 856 979 173
t 896 979 1382 1212
t 897 719 648 371
t 897 719 371 1485
t 897 719 1061 205
t 897 648 371 793
t 897 648 371 1061
t 897 648 793 80
t 897 371 1061 80
t 897 371 205 1485
t 897 793 205 80
t 897 655 1061 1485
t 898 939 1229 1091
t 898 1229 53 673
t 898 1364 1091 673
t 898 1364 639 673
t 898 1364 673 1396
t 898 1364 1396 230
t 898 861 75 639
t 898 1091 639 1396
t 898 53 75 673
t 898 53 1473 230
t 898 53 673 230
t 899 860 621 1022
t 899 145 585 654
t 899 145 1430 621
t 899 1148 585 1022
t 899 1148 153 1022
t 899 88 585 153
t 899 88 585 1022
t 899 88 1430 245
t 899 88 245 153
t 900 282 1295 1412
t 900 282 1221 1290
t 900 282 571 1412
t 900 803 1295 868
t 900 803 1221 868
t 900 136 1295 1221
t 900 136 1461 5
t 900 136 5 868
t 900 1221 1461 5
t 900 1221 571 1290
t 900 1221 571 868
t 901 662 63 40
t 901 662 455 1054
t 901 1123 455 1416
t 901 1123 1416 1054
t 901 63 1404 1416
t 901 63 455 1416
t 901 1404 455 1266
t 901 1404 1054 1016
t 901 455 1416 1016
t 902 950 59 63
t 902 950 63 1404
t 902 624 59 206
t 902 59 1344 901
t 902 59 63 15
t 902 59 901 1404
t 902 40 1344 901
t 902 40 63 15
t 902 40 206 901
t 902 40 901 1404
t 902 557 206 901
t 903 625 1157 508
t 903 625 508 618
t 903 99 731 90
t 903 99 635 1210
t 903 99 1210 90
t 903 99 1210 508
t 903 17 1210 618
t 903 17 183 90
t 903 17 183 508
t 903 17 618 669
t 903 731 635 618
t 903 635 1210 1157
t 903 635 618 669
t 903 183 618 669
t 904 121 838 952
t 904 838 975 348
t 904 838 975 787
t 904 1357 975 730
t 904 1357 730 348
t 904 1357 348 952
t 904 1357 131 952
t 904 975 1224 787
t 904 1224 1348 131
t 904 348 787 131
t 904 348 787 952
t 904 787 131 952
t 905 1480 385 338
t 905 1480 867 1399
t 905 385 218 1431
t 905 385 867 1399
t 905 1050 446 338
t 905 1399 338 753
t 906 352 1160 1242
t 906 352 481 12
t 906 352 481 77
t 906 1160 595 118
t 906 1160 191 1234
t 906 1113 118 1242
t 906 443 481 118
t 906 443 481 1242
t 906 443 118 12
t 906 481 12 1234
t 906 481 77 1234
t 906 595 118 1242
t 906 191 118 12
t 906 191 12 77
t 906 1242 77 1234
t 907 1342 20 1060
t 907 1342 501 491
t 907 1342 201 639
t 907 20 501 269
t 907 20 644 427
t 907 501 201 491
t 907 501 948 427
t 907 201 269 637
t 907 201 491 637
t 907 644 269 639
t 907 269 637 639
t 908 476 885 1008
t 908 476 1002 954
t 908 885 573 880
t 908 885 1289 880
t 908 573 773 1307
t 908 573 1289 1002
t 908 573 1289 578
t 908 573 880 1008
t 908 573 880 578
t 908 573 1002 954
t 908 573 954 1008
t 908 773 880 1002
t 908 773 880 1008
t 908 1289 880 954
t 908 1289 954 578
t 908 215 880 1008
t 908 215 1002 954
t 909 674 1119 1334
t 909 674 1119 1076
t 909 1286 219 850
t 909 702 1119 1076
t 909 1119 1334 729
t 909 850 729 1076
t 910 451 844 71
t 910 451 844 877
t 910 466 272 488
t 910 466 844 1499
t 910 466 1499 877
t 910 41 272 940
t 910 272 383 1499
t 910 1065 383 488
t 910 844 71 1499
t 910 383 1499 877
t 911 1095 782 834
t 911 1095 782 1135
t 911 1095 1467 1283
t 911 1095 1467 572
t 911 782 525 192
t 911 1467 192 572
t 911 1467 834 1420
t 911 525 1283 1135
t 911 547 1302 572
t 911 547 192 834
t 911 1302 1135 1420
t 911 192 834 572
t 912 800 33 1193
t 912 800 1193 323
t 912 699 33 189
t 912 699 33 122
t 912 699 1312 323
t 912 622 1285 1098
t 912 622 1312 122
t 912 189 1193 1098
t 912 189 1098 122
t 913 1353 663 560
t 913 1353 560 1070
t 913 482 391 772
t 913 1224 317 560
t 913 1224 170 560
t 913 1224 663 560
t 913 317 170 975
t 913 317 1070 975
t 913 126 170 663
t 913 126 170 560
t 913 170 772 975
t 913 663 772 1070
t 913 391 1070 975
t 914 479 330 1418
t 914 479 646 1418
t 914 479 646 1359
t 914 330 369 293
t 914 330 369 1418
t 914 330 916 1359
t 914 330 1128 1418
t 914 330 1128 1359
t 914 330 1028 1071
t 914 330 1418 822
t 914 369 916 1418
t 914 916 293 1418
t 914 916 1128 1359
t 914 646 1128 1418
t 914 646 1028 1418
t 914 1128 1071 822
t 915 1207 617 1254
t 915 1343 537 1070
t 915 1343 617 660
t 915 1343 1070 458
t 915 537 617 14
t 915 537 450 1070
t 915 537 649 1032
t 915 450 649 1070
t 915 450 660 458
t 915 450 458 1254
t 915 649 1032 458
t 915 649 1070 458
t 915 649 1070 14
t 915 1032 1070 14
t 916 293 479 701
t 916 914 1418 1128
t 916 914 988 1428
t 916 479 1418 1128
t 916 479 1128 369
t 916 479 369 822
t 916 479 330 1428
t 916 1418 1128 988
t 916 1418 1359 1428
t 917 101 159 659
t 917 101 1304 1429
t 917 101 1304 1149
t 917 101 1429 698
t 917 159 698 720
t 917 159 720 659
t 917 1304 1429 1092
t 917 1304 1429 659
t 917 1304 698 825
t 917 698 510 659
t 917 510 825 1149
t 917 510 1059 1149
t 917 720 1149 659
t 917 825 1092 1059
t 917 825 1059 1149
t 917 1092 1059 659
t 918 1084 499 318
t 918 1084 528 516
t 918 1084 1025 318
t 918 499 1025 516
t 918 528 453 1066
t 918 528 453 376
t 918 528 167 376
t 918 453 1025 516
t 918 453 1025 318
t 918 1025 229 167
t 919 314 273 168
t 919 314 1402 672
t 919 228 738 1402
t 919 228 1402 1274
t 919 228 107 672
t 919 738 585 168
t 919 257 273 1274
t 919 257 585 1402
t 919 257 585 1274
t 919 273 585 107
t 919 273 1274 107
t 919 1168 585 168
t 919 1168 1402 168
t 919 585 672 168
t 919 1402 107 168
t 919 1274 672 168
t 920 363 106 369
t 920 363 927 486
t 920 646 330 626
t 920 1071 1465 927
t 920 871 330 486
t 920 1465 330 522
t 920 106 927 330
t 920 106 927 369
t 920 106 369 522
t 921 256 934 769
t 921 256 56 1349
t 921 256 153 1349
t 921 256 153 150
t 921 934 56 1430
t 921 934 1430 1349
t 921 86 769 1022
t 921 86 769 621
t 921 86 1022 621
t 921 1022 153 1430
t 921 1022 1430 150
t 922 117 1231 1493
t 922 117 1327 536
t 922 117 1493 268
t 922 1231 177 1173
t 922 1327 177 1173
t 922 1151 177 991
t 922 1151 177 1082
t 922 1493 991 536
t 922 1493 991 1422
t 922 177 991 1082
t 923 1456 1037 951
t 923 1456 1037 1476
t 923 1456 1004 102
t 923 1456 1058 519
t 923 819 1030 1004
t 923 819 1004 102
t 923 1037 1004 1476
t 923 1037 102 519
t 923 951 546 1476
t 923 951 1197 102
t 923 951 1058 519
t 923 1030 546 1197
t 923 1030 1197 1058
t 924 459 711 926
t 924 459 3 1481
t 924 459 3 1154
t 924 51 711 3
t 924 427 639 53
t 924 427 639 1154
t 924 427 1199 796
t 924 639 926 796
t 924 53 1154 926
t 924 3 1154 926
t 925 454 485 148
t 925 454 1144 148
t 925 454 290 148
t 925 485 1144 1405
t 925 1381 1144 1405
t 925 1381 1405 290
t 925 1381 18 683
t 925 683 148 527
t 926 893 1199 711
t 926 893 711 924
t 926 893 924 1473
t 926 1154 1199 203
t 926 1154 3 924
t 926 51 711 924
t 926 51 53 203
t 926 334 711 53
t 926 3 653 53
t 926 653 53 1473
t 927 106 931 871
t 927 106 931 217
t 927 1367 874 529
t 927 931 217 529
t 927 1433 1441 532
t 927 874 871 105
t 928 1159 1035 294
t 928 1159 1035 860
t 928 1159 640 245
t 928 1159 585 621
t 928 1159 621 245
t 928 1035 585 245
t 928 294 585 245
t 928 585 899 860
t 928 585 413 245
t 929 289 1417 1093
t 929 289 449 1046
t 929 847 1417 1093
t 929 847 1321 548
t 929 847 1062 1093
t 929 1417 1085 1062
t 929 1417 1321 449
t 929 1417 449 1093
t 929 1085 449 1046
t 929 1085 787 1046
t 929 542 449 1046
t 929 542 1062 787
t 930 840 673 778
t 930 673 1216 948
t 930 673 644 778
t 930 1229 644 110
t 930 1216 201 778
t 930 1216 710 778
t 930 644 201 710
t 930 201 110 464
t 930 710 778 464
t 931 1433 529 1468
t 931 529 661 927
t 931 529 532 1466
t 931 529 1211 255
t 931 106 532 1211
t 931 106 532 1468
t 931 106 532 255
t 931 106 398 1466
t 931 661 532 1367
t 931 661 532 1466
t 931 661 532 255
t 931 661 927 255
t 931 661 1211 1466
t 931 661 1468 255
t 931 532 398 1211
t 931 532 1211 255
t 931 398 1468 1466
t 931 398 1367 255
t 931 1468 1367 1466
t 931 1468 1367 255
t 932 484 1219 361
t 932 484 361 28
t 932 27 941 976
t 932 27 976 365
t 932 27 976 1428
t 932 1219 28 365
t 932 643 941 976
t 932 643 941 1428
t 932 976 28 365
t 932 28 365 72
t 933 989 1014 399
t 933 768 1017 96
t 933 1073 187 1017
t 933 1073 1014 1017
t 933 187 1014 1017
t 933 187 1296 96
t 933 1394 1296 428
t 933 1017 1251 96
t 933 1251 1296 428
t 934 256 921 292
t 934 256 150 1280
t 934 256 1280 292
t 934 256 769 1114
t 934 921 1280 769
t 934 921 769 292
t 934 921 153 56
t 934 150 86 153
t 934 150 86 1114
t 934 150 1280 292
t 934 150 769 153
t 934 86 1280 153
t 934 86 153 292
t 934 153 1022 1114
t 935 564 505 1170
t 935 564 1489 298
t 935 543 306 298
t 935 543 505 523
t 935 306 1489 298
t 935 306 1489 58
t 935 505 298 523
t 935 1489 1170 523
t 936 962 848 1124
t 936 962 1266 188
t 936 38 848 1273
t 936 38 1054 241
t 936 848 1124 1107
t 936 1107 1266 364
t 936 1107 1266 241
t 936 1143 1266 364
t 936 1054 1266 364
t 937 577 174 377
t 937 577 1455 1164
t 937 577 441 1327
t 937 577 1164 377
t 937 174 1484 991
t 937 174 1129 1327
t 937 1455 178 1129
t 937 1455 178 441
t 937 1455 1129 991
t 937 536 1484 1129
t 937 536 1484 991
t 937 1484 1164 991
t 938 1372 610 1419
t 938 1372 1356 509
t 938 610 1167 1419
t 938 142 1167 237
t 938 1167 509 84
t 938 251 758 964
t 938 1356 509 758
t 938 509 84 964
t 939 898 1091 1414
t 939 898 652 13
t 939 898 344 13
t 939 1091 225 13
t 939 1364 652 1414
t 939 1364 1414 13
t 939 1229 225 13
t 939 652 225 1473
t 939 652 1414 861
t 940 383 1161 1284
t 940 383 807 1376
t 940 383 1376 1284
t 940 1161 116 1077
t 940 1161 1376 1077
t 940 1332 116 1077
t 940 1332 116 199
t 940 1332 1376 1077
t 940 807 1410 1284
t 940 116 1376 1077
t 940 1376 1284 1081
t 941 1219 988 1418
t 941 72 643 988
t 941 72 643 932
t 941 11 643 1418
t 941 643 361 988
t 941 643 361 1418
t 941 361 988 932
t 941 361 932 1418
t 941 28 932 462
t 941 28 932 1418
t 942 58 26 298
t 942 26 298 564
t 942 26 1437 564
t 942 26 1347 416
t 942 26 1077 741
t 942 298 748 741
t 942 1437 564 748
t 942 1437 748 519
t 942 190 1347 564
t 942 1347 564 748
t 942 564 1077 748
t 943 408 620 22
t 943 408 620 690
t 943 408 690 1186
t 943 1225 22 690
t 943 1225 22 1450
t 943 1225 514 259
t 943 620 1186 514
t 943 620 259 1257
t 943 1186 235 259
t 944 956 263 740
t 944 956 263 530
t 944 956 263 749
t 944 956 530 1185
t 944 956 886 1495
t 944 956 990 1495
t 944 645 263 886
t 944 645 530 1185
t 944 645 886 749
t 944 263 953 1495
t 944 263 886 1185
t 944 263 990 876
t 944 263 749 876
t 944 740 530 749
t 944 886 749 1495
t 944 990 1185 749
t 944 990 1495 876
t 944 1185 749 876
t 945 1390 366 185
t 945 1390 755 185
t 945 1390 1460 874
t 945 1390 874 302
t 945 1390 874 694
t 945 366 664 302
t 945 366 1460 185
t 945 664 755 874
t 946 1226 1427 1153
t 946 1226 387 404
t 946 1226 1265 961
t 946 1427 961 1213
t 946 895 1153 685
t 946 895 1265 685
t 946 895 858 1213
t 946 1153 404 1213
t 946 387 1265 685
t 947 776 1218 814
t 947 776 814 768
t 947 1218 760 1486
t 947 1218 555 623
t 947 1218 1486 623
t 947 1218 623 1394
t 947 760 814 1394
t 947 760 555 623
t 947 760 682 623
t 947 760 1394 1138
t 947 814 555 1394
t 947 555 1486 682
t 947 1486 623 1394
t 947 1486 768 1394
t 947 682 623 768
t 947 623 1394 1138
t 948 673 427 201
t 948 673 778 898
t 948 673 930 201
t 948 639 427 1229
t 948 639 778 501
t 948 639 930 201
t 948 639 644 501
t 948 639 269 501
t 948 778 201 269
t 948 778 644 269
t 948 201 1229 501
t 949 114 80 189
t 949 114 1158 205
t 949 882 1140 463
t 949 882 1222 205
t 949 882 189 699
t 949 882 205 800
t 949 882 463 371
t 949 1140 189 800
t 949 80 189 205
t 949 80 1158 205
t 949 1222 699 800
t 949 189 1158 205
t 949 1158 205 699
t 950 624 83 40
t 950 902 59 884
t 950 83 206 1269
t 950 83 978 423
t 950 83 884 423
t 950 83 423 1269
t 950 15 206 423
t 950 15 978 1269
t 950 557 206 1269
t 950 557 978 1269
t 950 206 40 59
t 950 206 59 978
t 950 206 884 1269
t 951 819 1037 1434
t 951 819 923 835
t 951 819 1434 1030
t 951 819 835 969
t 951 819 969 1398
t 951 1037 546 923
t 951 1037 923 1030
t 951 1456 546 1197
t 951 1456 1434 969
t 951 1456 1476 1398
t 951 1456 969 1030
t 951 546 1476 1197
t 951 923 1476 1030
t 951 969 1197 1030
t 952 131 787 780
t 952 131 179 883
t 952 131 660 883
t 952 420 166 179
t 952 787 179 1348
t 952 166 179 1093
t 952 166 780 660
t 952 166 780 1093
t 952 780 348 1093
t 952 780 348 883
t 952 660 1348 1184
t 952 660 1184 1093
t 953 530 42 1325
t 953 530 208 1325
t 953 530 749 876
t 953 651 42 1325
t 953 651 1185 307
t 953 651 1185 69
t 953 651 350 749
t 953 42 1185 208
t 953 42 1185 307
t 953 42 208 69
t 953 42 1406 1325
t 953 1185 1406 1325
t 953 1185 1406 69
t 953 208 1406 749
t 953 208 876 1325
t 953 350 749 1325
t 953 1406 307 69
t 954 578 1008 436
t 954 578 1008 1002
t 954 578 1008 12
t 954 578 215 832
t 954 578 1276 12
t 954 578 193 832
t 954 573 436 215
t 954 1008 436 1024
t 954 1008 1002 1024
t 954 1008 1024 885
t 954 1008 1024 193
t 954 436 1002 215
t 954 436 215 1276
t 954 436 215 12
t 954 436 1276 1024
t 954 436 193 832
t 954 1276 193 832
t 955 742 1439 45
t 955 742 849 774
t 955 742 849 378
t 955 742 496 319
t 955 1439 849 774
t 955 849 1195 45
t 955 496 774 1195
t 955 496 839 378
t 955 496 696 154
t 955 1195 696 378
t 956 1495 944 181
t 956 886 1235 944
t 956 886 749 1282
t 956 973 754 1282
t 956 973 181 990
t 956 754 944 181
t 956 754 944 990
t 956 181 1282 876
t 957 1315 1392 1476
t 957 1315 1476 647
t 957 343 530 651
t 957 69 1392 953
t 957 69 350 876
t 957 69 876 647
t 957 307 350 953
t 957 1476 876 651
t 957 1476 647 651
t 957 647 953 530
t 957 647 530 651
t 958 1012 657 366
t 958 1012 366 1452
t 958 664 1003 1375
t 958 945 1228 366
t 958 945 1452 570
t 958 1228 1003 1375
t 959 820 49 497
t 959 49 1069 1162
t 959 49 1069 1086
t 959 1069 1 1099
t 959 1069 1099 762
t 959 1069 563 255
t 959 1069 762 1086
t 959 1 1162 255
t 959 1162 762 255
t 960 1133 1345 121
t 960 1133 14 342
t 960 1133 649 1029
t 960 614 320 1029
t 960 649 320 121
t 960 121 342 728
t 961 895 1427 474
t 961 895 1427 1226
t 961 895 946 1317
t 961 1427 411 1226
t 961 123 158 1317
t 961 123 1317 1226
t 961 474 1265 1245
t 961 474 946 633
t 961 474 1317 1245
t 961 158 1265 633
t 961 158 946 1226
t 961 1265 946 1317
t 962 936 1054 1107
t 962 848 38 746
t 962 848 1124 1174
t 962 848 746 1174
t 962 1124 746 1054
t 962 364 1273 1107
t 962 1054 1107 1039
t 963 182 374 668
t 963 182 405 668
t 963 254 405 1292
t 963 878 1108 1097
t 963 878 636 1292
t 963 1108 1097 668
t 964 322 687 29
t 964 120 47 305
t 964 120 687 642
t 964 1169 47 305
t 964 1169 758 687
t 964 1419 758 687
t 964 47 687 29
t 964 758 29 231
t 964 642 305 29
t 964 305 29 231
t 965 827 1352 199
t 965 827 1352 367
t 965 827 783 367
t 965 827 381 1136
t 965 785 32 1136
t 965 785 707 879
t 965 785 879 1136
t 965 32 1352 199
t 965 32 707 1136
t 965 32 199 383
t 965 1352 367 381
t 965 783 879 383
t 965 367 381 1136
t 966 868 227 655
t 966 868 888 571
t 966 868 1461 517
t 966 1290 227 1461
t 966 1290 168 655
t 966 1290 655 107
t 966 1290 107 1168
t 966 227 1061 655
t 966 888 1461 655
t 966 888 1061 655
t 966 1461 1061 655
t 966 1061 107 1168
t 967 1093 320 696
t 967 1348 320 787
t 967 1348 929 696
t 967 542 320 929
t 967 542 839 166
t 968 1076 617 1464
t 968 1076 73 817
t 968 1407 617 674
t 968 1407 702 1294
t 968 675 556 1294
t 968 675 817 702
t 968 73 556 674
t 968 556 674 702
t 968 674 702 1294
t 969 546 593 819
t 969 546 854 819
t 969 1398 1434 1166
t 969 593 629 1079
t 969 629 1079 8
t 969 854 1434 1166
t 969 854 1079 1166
t 969 854 819 951
t 969 1434 8 1166
t 969 1434 1166 819
t 970 1478 1120 671
t 970 1478 987 1463
t 970 1478 394 671
t 970 1244 987 1463
t 970 1244 394 1374
t 970 1244 1374 507
t 970 1120 611 1374
t 970 1120 468 1279
t 970 611 1374 1279
t 970 611 1374 1463
t 970 611 1279 507
t 970 987 468 507
t 971 492 697 1068
t 971 492 196 1040
t 971 697 815 181
t 971 815 1040 181
t 971 226 1314 1040
t 971 1068 196 1217
t 971 1068 196 783
t 971 1068 181 783
t 972 1399 21 1480
t 972 21 1477 385
t 972 21 1102 1021
t 972 584 385 1265
t 972 584 385 1480
t 972 584 1480 338
t 972 1477 1102 338
t 972 1220 385 1265
t 972 385 1265 1480
t 973 754 886 1217
t 973 754 181 799
t 973 754 395 799
t 973 1495 886 181
t 973 1495 181 1498
t 973 980 956 395
t 974 1474 1157 1210
t 974 727 669 731
t 974 727 635 847
t 974 727 635 1210
t 974 1321 1157 669
t 974 1321 669 1062
t 974 1321 731 1062
t 974 1157 1062 847
t 974 669 635 1062
t 974 731 847 99
t 975 125 1224 139
t 975 125 772 447
t 975 125 348 447
t 975 1224 1240 660
t 975 391 348 139
t 975 772 126 1240
t 975 126 1353 660
t 976 788 932 361
t 976 27 1219 57
t 976 27 1219 361
t 976 27 932 941
t 976 1219 72 941
t 976 643 932 996
t 976 643 941 484
t 976 57 932 484
t 976 57 996 484
t 976 932 72 361
t 976 932 484 410
t 976 996 941 361
t 976 484 410 361
t 977 925 1381 1405
t 977 925 485 1144
t 977 925 485 454
t 977 925 18 683
t 977 925 18 1331
t 977 1381 1405 290
t 977 1381 1405 454
t 977 18 290 1183
t 977 1144 1183 1331
t 977 1405 290 526
t 977 290 1183 1331
t 977 454 1183 683
t 978 103 15 863
t 978 103 1269 624
t 978 103 1269 857
t 978 103 83 950
t 978 1116 1411 423
t 978 1116 83 1395
t 978 1116 950 423
t 978 15 1269 950
t 978 15 1411 950
t 978 15 1411 863
t 978 1269 1411 857
t 978 1411 83 423
t 978 83 624 423
t 978 83 1395 863
t 979 559 98 237
t 979 559 173 1419
t 979 559 817 675
t 979 559 896 1419
t 979 98 817 1419
t 979 98 1391 896
t 979 817 425 896
t 980 1498 395 754
t 980 1498 1217 973
t 980 1498 1217 326
t 980 1498 568 973
t 980 152 1198 568
t 980 152 388 754
t 980 152 973 1314
t 980 152 973 754
t 980 395 1217 379
t 980 395 568 1314
t 980 1198 973 1314
t 980 1217 388 1314
t 980 1217 973 326
t 980 568 973 379
t 981 472 128 1413
t 981 472 1413 1236
t 981 1305 983 582
t 981 1305 1387 67
t 981 575 128 983
t 981 575 1413 582
t 981 575 1236 1387
t 981 128 983 582
t 981 983 1413 67
t 981 1413 1236 809
t 981 1413 582 67
t 981 1413 582 809
t 981 1236 67 809
t 981 1387 582 67
t 982 135 93 243
t 982 135 1243 202
t 982 135 1243 243
t 982 135 1243 1346
t 982 224 202 658
t 982 224 773 243
t 982 759 1243 1346
t 982 1243 773 582
t 982 202 658 243
t 983 1026 337 1413
t 983 1026 1413 1034
t 983 1026 1263 981
t 983 337 1387 1305
t 983 337 1263 981
t 983 1413 1449 1305
t 983 1413 1387 575
t 983 1413 1387 981
t 983 1387 1263 575
t 983 1263 1034 472
t 984 291 602 643
t 984 291 1194 996
t 984 291 511 643
t 984 602 129 511
t 984 602 129 1033
t 984 602 1128 996
t 984 1194 129 643
t 984 1194 511 1128
t 984 1194 1128 996
t 984 1194 1128 1033
t 984 1457 511 1033
t 984 511 643 688
t 984 511 701 688
t 985 674 592 1286
t 985 674 219 262
t 985 674 1391 1119
t 985 674 790 675
t 985 592 790 262
t 985 592 817 262
t 985 592 817 909
t 985 592 1119 909
t 985 219 1391 675
t 985 219 817 262
t 985 1391 790 675
t 985 1391 817 1119
t 985 790 675 817
t 985 790 675 305
t 985 305 1286 1119
t 985 305 1286 909
t 986 521 359 1497
t 986 521 359 1250
t 986 521 359 608
t 986 831 1446 203
t 986 1446 418 608
t 986 359 1115 203
t 986 359 1115 652
t 986 359 1250 608
t 986 1115 418 213
t 986 1115 213 203
t 986 1497 1250 652
t 986 1497 213 652
t 986 213 608 203
t 987 468 970 1463
t 987 1374 328 611
t 987 1374 328 1463
t 987 1120 328 1080
t 987 328 507 1244
t 987 328 1080 1244
t 987 507 671 1080
t 988 11 941 916
t 988 11 941 681
t 988 11 300 28
t 988 11 72 916
t 988 462 941 397
t 988 1428 72 916
t 988 941 300 293
t 988 300 361 681
t 988 300 681 293
t 988 72 916 681
t 988 397 916 361
t 988 361 681 293
t 989 933 1073 1394
t 989 933 833 96
t 989 1073 1014 1251
t 989 1014 1394 1296
t 989 1014 399 1251
t 989 1017 1394 96
t 989 768 399 1296
t 990 645 886 956
t 990 645 886 346
t 990 645 740 1155
t 990 645 956 851
t 990 645 634 851
t 990 886 740 346
t 990 886 1495 851
t 990 886 1150 851
t 990 740 956 634
t 990 740 634 1150
t 990 1495 634 1150
t 990 634 1155 851
t 990 1155 1150 851
t 991 177 1422 536
t 991 177 1327 536
t 991 177 1087 577
t 991 177 763 577
t 991 1422 1087 577
t 991 1422 1241 763
t 991 1327 763 577
t 991 763 922 577
t 992 1174 612 662
t 992 1174 612 1268
t 992 1174 1163 666
t 992 1174 666 351
t 992 612 666 549
t 992 612 549 1039
t 992 1163 1054 549
t 992 1163 40 351
t 992 1163 40 1039
t 992 1268 549 351
t 992 1268 380 1039
t 993 1221 995 1112
t 993 1221 1112 1436
t 993 422 136 737
t 993 422 994 1436
t 993 136 115 737
t 993 136 994 1436
t 993 1295 995 1132
t 993 1295 995 737
t 993 1295 1072 1112
t 993 1295 1132 1112
t 993 995 994 1112
t 993 995 1132 1112
t 994 1313 422 1295
t 994 1313 113 1295
t 994 554 1072 37
t 994 554 422 37
t 994 1072 993 1295
t 994 1072 993 1221
t 994 1072 309 1221
t 994 422 37 136
t 994 422 1295 1132
t 994 113 993 309
t 995 737 1072 1112
t 995 1132 422 993
t 995 1132 1072 332
t 995 422 1072 332
t 995 422 1072 37
t 995 1436 1112 130
t 995 1436 993 37
t 995 1072 1112 130
t 995 1072 1112 550
t 996 484 27 260
t 996 484 976 788
t 996 484 260 941
t 996 932 1219 941
t 996 643 27 511
t 996 643 1219 941
t 996 365 27 511
t 996 365 976 1219
t 996 365 260 511
t 997 284 735 194
t 997 127 541 100
t 997 127 735 766
t 997 541 735 1276
t 997 541 735 668
t 997 541 258 668
t 997 735 1276 832
t 997 258 766 100
t 997 766 832 100
t 998 323 800 912
t 998 1312 186 288
t 998 33 186 912
t 998 189 82 601
t 998 630 186 601
t 998 288 82 912
t 999 1442 767 1209
t 999 1442 767 539
t 999 1442 1298 332
t 999 583 767 1298
t 999 583 1209 332
t 999 1083 245 767
t 999 1083 245 1298
t 999 1083 539 1403
t 999 245 828 315
t 999 245 315 1298
t 999 828 315 1298
t 1000 463 313 882
t 1000 463 313 949
t 1000 463 313 846
t 1000 463 949 1193
t 1000 463 949 1475
t 1000 463 552 1262
t 1000 463 1262 846
t 1000 313 114 1153
t 1000 313 882 949
t 1000 114 882 1262
t 1000 114 1153 1262
t 1000 114 1475 846
t 1000 882 552 1193
t 1000 882 1153 1262
t 1000 949 552 1475
t 1000 552 793 1475
t 1000 552 1153 846
t 1000 1193 1475 846
t 1001 632 1183 925
t 1001 632 1344 81
t 1001 1183 1144 485
t 1001 1045 1144 485
t 1001 1045 485 1344
t 1001 1045 925 18
t 1001 1045 925 977
t 1001 1045 527 977
t 1001 1045 527 1344
t 1001 1045 1344 81
t 1001 1144 485 1344
t 1001 485 925 977
t 1002 1024 573 578
t 1002 436 215 885
t 1002 436 1008 759
t 1002 215 954 578
t 1002 215 832 1276
t 1002 1339 885 578
t 1003 783 879 366
t 1003 783 492 1228
t 1003 815 879 965
t 1003 815 971 492
t 1003 815 785 492
t 1003 879 366 1040
t 1003 879 1040 1049
t 1003 879 965 492
t 1003 827 366 785
t 1003 827 785 1040
t 1003 366 492 1228
t 1003 971 965 1049
t 1004 190 854 851
t 1004 190 854 416
t 1004 190 741 923
t 1004 854 519 851
t 1004 741 519 851
t 1004 519 851 923
t 1004 519 851 416
t 1004 519 416 799
t 1005 686 1133 1029
t 1005 686 538 1187
t 1005 435 321 1029
t 1005 435 321 30
t 1005 435 538 461
t 1005 435 538 1029
t 1005 1361 627 538
t 1005 321 627 30
t 1005 627 1029 1187
t 1005 1133 461 1029
t 1005 1133 1187 1494
t 1005 1029 1187 30
t 1006 64 73 801
t 1006 64 1458 801
t 1006 64 1458 1407
t 1006 64 1458 1286
t 1006 73 801 210
t 1006 1458 801 1286
t 1006 1458 702 850
t 1006 1055 1076 1286
t 1006 1055 210 1286
t 1006 1076 702 478
t 1006 1076 850 478
t 1007 1089 508 478
t 1007 1089 64 1006
t 1007 431 727 852
t 1007 431 64 852
t 1007 431 565 303
t 1007 1055 727 303
t 1007 727 852 565
t 1007 727 852 303
t 1007 727 303 1157
t 1007 64 852 1006
t 1007 852 1157 1006
t 1008 573 215 1002
t 1008 573 215 436
t 1008 573 1276 954
t 1008 573 954 1024
t 1008 573 1339 194
t 1008 215 1276 885
t 1008 215 194 735
t 1008 578 954 885
t 1008 1276 954 1002
t 1008 1276 1024 194
t 1008 954 1002 735
t 1008 1002 436 885
t 1008 436 1339 735
t 1009 471 13 710
t 1009 471 110 1216
t 1009 471 1364 1414
t 1009 13 230 1414
t 1009 830 1181 1364
t 1009 830 1181 1229
t 1009 830 840 1216
t 1009 830 840 1229
t 1009 830 110 1216
t 1009 1181 1216 710
t 1009 840 230 1414
t 1009 840 1364 710
t 1009 110 230 710
t 1009 230 1364 1414
t 1009 230 1216 1229
t 1009 230 1229 710
t 1009 1216 710 1414
t 1010 605 1191 1236
t 1010 605 1096 1360
t 1010 605 1360 1236
t 1010 605 67 1339
t 1010 605 312 1339
t 1010 1191 1096 1236
t 1010 1191 1360 582
t 1010 1191 465 67
t 1010 1191 582 540
t 1010 1096 465 67
t 1010 1096 67 582
t 1010 465 67 1339
t 1010 67 312 1339
t 1010 582 540 312
t 1011 1350 1208 1246
t 1011 1350 1020 1202
t 1011 1350 1020 1246
t 1011 1350 703 50
t 1011 1350 1202 1246
t 1011 1208 1020 316
t 1011 1208 316 176
t 1011 1208 50 109
t 1011 52 316 1246
t 1011 52 176 50
t 1011 52 50 109
t 1011 1020 316 50
t 1011 1362 703 176
t 1011 316 176 109
t 1011 703 1202 1246
t 1012 570 1452 945
t 1012 570 261 1390
t 1012 570 1390 789
t 1012 1452 945 1390
t 1012 1452 261 789
t 1012 1452 664 302
t 1012 694 755 302
t 1012 185 755 261
t 1012 185 755 302
t 1012 185 261 664
t 1012 185 1390 789
t 1012 185 789 664
t 1012 755 261 1390
t 1012 261 958 789
t 1013 816 863 1444
t 1013 816 549 1329
t 1013 863 134 549
t 1013 863 1189 1329
t 1013 83 1411 1329
t 1013 83 91 549
t 1013 1411 91 1444
t 1013 1411 612 1444
t 1013 1189 1444 1329
t 1014 1073 989 1017
t 1014 1073 534 372
t 1014 1073 768 187
t 1014 989 1017 79
t 1014 989 833 717
t 1014 933 1017 717
t 1014 1017 1394 372
t 1014 534 833 187
t 1014 833 1394 79
t 1015 1383 828 1472
t 1015 1383 1341 1201
t 1015 1383 1298 1103
t 1015 250 1341 1432
t 1015 250 149 1201
t 1015 250 149 1103
t 1015 1309 1341 1201
t 1015 1341 1472 1432
t 1015 149 1432 1103
t 1015 1298 1432 1131
t 1015 1432 1201 1131
t 1015 1201 1103 1131
t 1016 869 63 180
t 1016 1416 1404 662
t 1016 1443 18 63
t 1016 18 1404 63
t 1016 18 1054 63
t 1017 833 1073 533
t 1017 833 989 1420
t 1017 833 1394 253
t 1017 1073 204 933
t 1017 989 253 1420
t 1017 1014 933 533
t 1017 1014 253 1378
t 1017 1014 1378 1302
t 1017 1014 1302 533
t 1017 204 1394 1378
t 1017 204 1394 1302
t 1017 204 253 1378
t 1017 204 1378 1302
t 1017 933 1378 1420
t 1017 1394 1378 533
t 1018 285 1063 1205
t 1018 285 775 1205
t 1018 285 60 267
t 1018 285 1306 1477
t 1018 1063 267 36
t 1018 1063 1205 1306
t 1018 771 267 1205
t 1019 710 513 1230
t 1019 513 1287 464
t 1019 513 1230 464
t 1019 513 464 327
t 1019 1230 464 830
t 1019 464 1214 663
t 1020 445 1202 316
t 1020 445 1011 1208
t 1020 1237 1350 316
t 1020 1237 1350 176
t 1020 1237 703 1011
t 1020 1237 1011 1208
t 1020 1202 1350 52
t 1020 1350 316 810
t 1020 1350 1011 52
t 1020 703 316 1011
t 1020 703 810 52
t 1020 1011 810 52
t 1020 810 176 52
t 1021 1220 437 756
t 1021 1220 437 21
t 1021 1220 1102 21
t 1021 437 1271 1317
t 1021 437 866 1317
t 1021 437 1317 21
t 1021 1271 866 1102
t 1021 866 656 756
t 1021 211 756 1317
t 1021 656 1102 1317
t 1021 756 1317 21
t 1021 1317 21 1497
t 1022 654 621 1430
t 1022 654 621 153
t 1022 654 621 1403
t 1022 654 86 1430
t 1022 654 86 153
t 1022 654 1430 88
t 1022 621 86 1430
t 1022 621 86 153
t 1022 621 86 256
t 1022 86 256 88
t 1022 153 256 88
t 1022 153 921 1148
t 1022 1349 921 1403
t 1022 256 1148 1403
t 1023 562 1432 659
t 1023 562 355 659
t 1023 562 444 221
t 1023 1103 1326 825
t 1023 1103 355 828
t 1023 1326 1341 825
t 1023 1432 355 1429
t 1023 1432 825 444
t 1023 1341 355 1429
t 1023 1341 825 828
t 1023 355 828 221
t 1023 659 1429 221
t 1024 1002 1339 573
t 1024 1002 573 885
t 1024 1002 1008 1276
t 1024 1002 1276 578
t 1024 1339 832 759
t 1025 1084 483 270
t 1025 161 318 453
t 1025 161 483 499
t 1025 161 229 1038
t 1025 161 499 1038
t 1025 318 528 499
t 1025 318 229 453
t 1025 483 229 453
t 1025 1038 1459 270
t 1026 337 983 1496
t 1026 337 1413 880
t 1026 983 880 1387
t 1026 1413 1387 777
t 1026 1413 473 1034
t 1026 1387 1449 1034
t 1027 1351 286 1049
t 1027 1351 286 226
t 1027 1351 1215 1409
t 1027 1351 1049 1409
t 1027 1351 1409 486
t 1027 286 1215 486
t 1027 1215 1409 1040
t 1027 1049 1409 440
t 1027 1049 181 440
t 1027 1049 181 971
t 1027 1049 226 55
t 1027 1049 440 55
t 1027 1049 971 486
t 1027 1409 181 486
t 1027 1040 181 971
t 1027 1040 440 486
t 1027 226 55 486
t 1028 1128 479 1172
t 1028 1128 330 1359
t 1028 479 330 914
t 1028 479 369 1071
t 1028 692 1359 916
t 1028 330 1071 916
t 1028 1359 1366 916
t 1028 369 1071 916
t 1028 369 1366 293
t 1029 489 30 1137
t 1029 489 321 1133
t 1029 489 1361 686
t 1029 489 435 686
t 1029 30 1133 1137
t 1029 30 627 195
t 1029 321 1133 435
t 1029 321 1137 1005
t 1029 1133 873 627
t 1029 1133 1361 195
t 1029 1133 1361 1005
t 1029 1133 435 1005
t 1029 873 1361 1005
t 1029 1361 1137 435
t 1029 1361 1137 686
t 1029 435 627 686
t 1030 1197 1347 1456
t 1030 102 923 1456
t 1030 102 923 295
t 1030 102 1456 295
t 1030 923 1058 1456
t 1030 923 1058 1037
t 1030 1058 295 1037
t 1030 589 519 1456
t 1031 217 486 492
t 1031 217 1468 419
t 1031 217 1421 419
t 1031 487 697 1468
t 1031 487 1367 486
t 1031 697 226 419
t 1031 697 1421 419
t 1031 697 419 492
t 1031 697 1068 492
t 1031 196 226 486
t 1031 196 1468 419
t 1031 196 1068 492
t 1031 1367 226 1468
t 1031 226 486 1421
t 1031 226 1468 1421
t 1031 226 1421 492
t 1031 486 1468 1421
t 1031 486 419 1068
t 1032 617 675 434
t 1032 617 434 1076
t 1032 1464 1207 434
t 1032 1464 556 1070
t 1032 675 434 1070
t 1032 817 434 1076
t 1032 817 434 1070
t 1033 511 694 1172
t 1033 511 1359 1128
t 1033 511 692 570
t 1033 1452 694 1375
t 1033 1452 694 1366
t 1033 1452 694 570
t 1033 1452 694 1256
t 1033 1452 1359 1366
t 1033 1452 664 1128
t 1033 1452 1128 1256
t 1033 694 1359 1256
t 1033 694 664 1128
t 1033 1359 664 1128
t 1033 692 664 1172
t 1033 1366 570 1256
t 1034 1449 636 405
t 1034 1449 983 405
t 1034 1449 374 1097
t 1034 337 374 1026
t 1034 337 374 310
t 1034 636 128 1097
t 1034 128 405 374
t 1034 128 1292 715
t 1034 983 1097 310
t 1034 405 1292 374
t 1034 405 374 715
t 1034 405 310 715
t 1034 1292 310 715
t 1034 374 1026 1097
t 1035 145 928 1159
t 1035 145 928 88
t 1035 145 294 88
t 1035 899 1430 585
t 1035 860 585 88
t 1035 860 621 88
t 1035 928 621 1117
t 1035 1148 1430 1159
t 1035 1430 621 1159
t 1035 585 1159 88
t 1035 585 1159 1117
t 1036 316 198 91
t 1036 316 134 104
t 1036 316 91 104
t 1036 1329 810 176
t 1036 810 280 721
t 1036 810 721 198
t 1036 810 721 855
t 1036 280 134 176
t 1036 134 91 176
t 1036 134 176 855
t 1037 951 1456 1197
t 1037 951 923 1030
t 1037 951 1476 1197
t 1037 819 923 1476
t 1037 923 835 1030
t 1037 546 835 1058
t 1037 546 969 1058
t 1037 1434 1476 1197
t 1037 1434 835 1030
t 1038 794 1253 1066
t 1038 794 1066 1225
t 1038 794 376 499
t 1038 724 1025 1084
t 1038 724 1450 376
t 1038 724 1253 376
t 1038 724 1066 1225
t 1038 1025 1253 318
t 1038 1025 1066 376
t 1038 1450 918 1225
t 1038 1084 376 499
t 1039 1124 188 992
t 1039 1124 1174 38
t 1039 1124 992 746
t 1039 848 188 992
t 1039 848 1268 746
t 1039 848 962 38
t 1039 351 962 38
t 1039 188 936 1174
t 1039 364 962 1174
t 1039 962 936 1174
t 1039 962 1174 992
t 1039 962 1174 38
t 1040 1049 879 1409
t 1040 1049 1027 286
t 1040 783 827 1027
t 1040 783 1409 1351
t 1040 783 1409 1352
t 1040 783 1351 55
t 1040 827 55 1217
t 1040 1352 971 1217
t 1041 239 419 529
t 1041 239 42 1406
t 1041 239 1325 1406
t 1041 419 208 1421
t 1041 419 1421 487
t 1041 419 704 487
t 1041 1468 1421 487
t 1041 42 1325 792
t 1041 1325 704 487
t 1042 429 372 79
t 1042 1166 853 535
t 1042 1166 372 717
t 1042 1166 372 79
t 1042 853 593 535
t 1042 853 372 79
t 1042 853 1260 717
t 1042 372 1043 79
t 1042 1260 535 8
t 1042 717 8 331
t 1043 390 593 429
t 1043 390 593 177
t 1043 1288 593 429
t 1043 1288 1087 429
t 1043 535 593 1241
t 1043 535 1042 429
t 1043 1241 613 177
t 1043 1241 853 763
t 1044 733 813 296
t 1044 196 813 1031
t 1044 196 217 1139
t 1044 813 697 492
t 1044 813 1068 1031
t 1044 296 217 1068
t 1044 697 492 1139
t 1044 697 1031 1367
t 1044 217 492 1031
t 1044 217 1139 1031
t 1044 1068 1031 705
t 1045 1344 609 1001
t 1046 801 649 289
t 1046 542 450 289
t 1046 542 1417 649
t 1046 542 320 1006
t 1046 542 320 1321
t 1046 542 1006 1321
t 1046 450 649 1076
t 1046 1417 1006 1321
t 1046 1417 1006 64
t 1046 210 1076 1321
t 1046 320 289 1076
t 1047 777 798 1496
t 1047 777 798 859
t 1047 777 473 750
t 1047 798 473 512
t 1047 798 1471 859
t 1047 798 750 512
t 1047 1496 1471 512
t 1047 1496 715 859
t 1047 1496 770 859
t 1047 473 409 715
t 1047 409 770 859
t 1047 1471 715 859
t 1048 581 20 637
t 1048 20 428 501
t 1048 20 269 933
t 1048 637 336 269
t 1048 637 336 933
t 1048 336 428 534
t 1048 336 428 623
t 1048 336 1141 933
t 1048 428 269 933
t 1048 428 623 201
t 1049 1351 1409 1040
t 1049 1351 1040 1215
t 1049 1351 1215 286
t 1049 1351 879 226
t 1049 1351 226 55
t 1049 1409 1027 226
t 1049 1409 783 55
t 1049 1409 1352 226
t 1049 1040 879 226
t 1049 1040 827 1352
t 1049 1215 286 783
t 1049 879 783 1352
t 1049 879 827 226
t 1049 879 827 55
t 1049 783 1352 226
t 1050 218 385 1138
t 1050 218 385 576
t 1050 218 905 1480
t 1050 218 867 518
t 1050 218 119 682
t 1050 385 867 119
t 1050 385 867 1138
t 1050 905 555 1480
t 1050 905 555 682
t 1050 905 119 518
t 1050 446 1480 518
t 1050 1480 119 1138
t 1050 1480 1138 518
t 1050 867 119 682
t 1051 1488 1472 571
t 1051 1488 1274 571
t 1051 5 1412 1309
t 1051 1412 1309 571
t 1051 558 803 571
t 1051 1309 1274 571
t 1052 192 382 782
t 1052 192 382 1135
t 1052 192 1135 1095
t 1052 192 911 157
t 1052 192 480 572
t 1052 382 782 157
t 1052 525 1232 1408
t 1052 525 1232 157
t 1052 1135 1232 572
t 1052 1135 911 480
t 1052 1135 1095 157
t 1053 1414 13 652
t 1053 1414 1200 1267
t 1053 225 230 1200
t 1053 230 430 38
t 1053 230 430 1181
t 1053 230 652 1267
t 1053 13 652 1267
t 1053 430 1267 1181
t 1053 38 364 1181
t 1054 1266 662 180
t 1054 1266 1416 992
t 1054 1266 666 1443
t 1054 662 1416 180
t 1054 662 666 1443
t 1054 1416 869 180
t 1054 1416 1174 962
t 1054 869 936 180
t 1054 1174 901 962
t 1054 936 1443 992
t 1054 936 962 180
t 1054 1443 962 992
t 1055 431 1007 64
t 1055 431 1007 241
t 1055 431 1007 303
t 1055 431 702 1458
t 1055 73 1006 303
t 1055 73 303 1334
t 1055 1007 241 303
t 1055 64 702 241
t 1055 64 702 1458
t 1055 1006 702 241
t 1055 389 1458 1334
t 1055 702 241 303
t 1055 702 1458 303
t 1056 1470 357 276
t 1056 889 301 1340
t 1056 889 1188 1074
t 1056 1386 301 1188
t 1056 1386 357 1188
t 1056 1188 54 1074
t 1056 54 276 1205
t 1057 1109 151 505
t 1057 1109 140 306
t 1057 354 151 870
t 1057 354 140 306
t 1057 354 572 1454
t 1057 354 870 505
t 1057 596 1260 1454
t 1057 678 140 1260
t 1057 678 140 1454
t 1057 678 1260 572
t 1057 151 1260 572
t 1057 151 572 1454
t 1057 151 870 505
t 1057 140 572 306
t 1057 1454 870 306
t 1057 1454 306 505
t 1058 102 589 1247
t 1058 102 1030 1347
t 1058 102 519 326
t 1058 102 923 1347
t 1058 1197 1030 326
t 1058 1197 326 379
t 1058 1197 923 1247
t 1058 1197 923 1347
t 1058 1476 1392 923
t 1058 1476 589 1030
t 1058 1392 326 923
t 1058 1392 1247 1347
t 1058 589 519 326
t 1058 589 1247 1347
t 1058 1030 519 379
t 1058 1030 326 379
t 1059 444 1304 541
t 1059 659 1092 1304
t 1059 659 1023 997
t 1059 1092 1429 997
t 1059 1092 917 997
t 1059 1092 1326 997
t 1059 1304 825 541
t 1059 1304 541 997
t 1059 1429 562 541
t 1059 825 541 1326
t 1060 1342 24 324
t 1060 1342 665 1363
t 1060 1342 714 1363
t 1060 1342 1363 143
t 1060 24 907 143
t 1060 24 665 1363
t 1060 24 665 143
t 1060 421 665 339
t 1060 169 324 339
t 1060 339 1363 143
t 1061 648 655 868
t 1061 648 888 1290
t 1061 655 1485 113
t 1061 655 1485 371
t 1061 655 888 868
t 1061 655 113 1290
t 1061 655 113 868
t 1061 719 1485 113
t 1061 719 966 868
t 1061 897 113 1290
t 1061 1485 1290 868
t 1062 1210 212 727
t 1062 1203 1321 1157
t 1062 1203 1321 212
t 1062 1203 1157 847
t 1062 974 90 1474
t 1062 974 847 727
t 1062 974 1474 727
t 1062 1321 1157 17
t 1062 17 212 1474
t 1063 1018 267 775
t 1063 1018 267 1477
t 1063 267 285 1306
t 1063 267 814 1365
t 1063 1306 771 584
t 1063 1408 1477 814
t 1063 1408 1365 584
t 1064 1178 743 228
t 1064 1178 655 712
t 1064 1178 712 228
t 1064 1258 517 888
t 1064 1258 693 1101
t 1064 1258 888 712
t 1064 517 1101 228
t 1064 168 888 1101
t 1064 693 712 228
t 1064 655 888 712
t 1065 1074 272 48
t 1065 1074 493 85
t 1065 1074 1386 1170
t 1065 272 493 466
t 1065 272 451 41
t 1065 272 1499 466
t 1065 272 41 1386
t 1065 272 48 1170
t 1065 272 48 85
t 1065 451 910 1499
t 1065 910 41 85
t 1065 1499 41 466
t 1066 426 516 1186
t 1066 426 516 270
t 1066 426 1328 259
t 1066 426 1186 1225
t 1066 516 1328 408
t 1066 724 1328 1186
t 1066 1328 376 270
t 1066 259 1186 1225
t 1066 259 270 650
t 1067 1384 403 1312
t 1067 1384 1316 415
t 1067 1384 33 1355
t 1067 403 33 278
t 1067 403 33 1355
t 1067 1316 33 278
t 1067 1316 278 334
t 1067 1316 531 1355
t 1067 1316 164 356
t 1067 33 415 1312
t 1067 531 415 356
t 1067 531 415 1355
t 1067 531 356 1355
t 1068 196 487 1044
t 1068 196 1044 1031
t 1068 196 1044 181
t 1068 196 181 733
t 1068 697 492 1044
t 1068 697 971 1031
t 1068 697 181 217
t 1068 487 492 1044
t 1068 487 1031 1314
t 1068 1044 971 181
t 1068 971 1031 181
t 1068 971 1031 733
t 1068 705 1031 217
t 1068 705 181 733
t 1068 1031 181 1314
t 1069 1 959 762
t 1069 1 820 10
t 1069 959 820 1162
t 1069 820 10 497
t 1069 1162 49 1086
t 1069 1162 1086 184
t 1069 49 10 184
t 1069 10 1099 497
t 1070 1254 663 761
t 1070 1254 617 913
t 1070 1254 1377 913
t 1070 482 95 663
t 1070 482 537 617
t 1070 537 761 434
t 1070 1287 434 1377
t 1070 617 434 1377
t 1071 363 646 369
t 1071 363 330 369
t 1071 363 330 1366
t 1071 363 920 1172
t 1071 363 1028 927
t 1071 646 330 369
t 1071 646 369 479
t 1071 646 369 1366
t 1071 646 479 927
t 1071 330 920 369
t 1071 330 920 1028
t 1071 920 369 1028
t 1071 920 369 914
t 1071 920 1028 1366
t 1071 920 914 1172
t 1071 920 1172 1366
t 1071 369 479 1028
t 1071 692 1172 1366
t 1072 422 1319 332
t 1072 422 1319 737
t 1072 1132 37 1313
t 1072 1132 550 1319
t 1072 1132 550 993
t 1072 1132 1319 332
t 1072 1132 994 993
t 1072 1132 993 332
t 1072 550 1319 1313
t 1072 550 993 737
t 1072 1319 994 332
t 1073 1014 989 534
t 1073 1014 989 1302
t 1073 1014 933 833
t 1073 1014 833 204
t 1073 1014 768 534
t 1073 1014 768 1302
t 1073 989 187 1378
t 1073 1017 187 204
t 1073 1017 204 1378
t 1073 933 1394 534
t 1073 933 1394 187
t 1073 933 1394 204
t 1073 933 534 1378
t 1073 833 1394 187
t 1073 833 1394 1378
t 1073 833 187 204
t 1073 1394 534 1378
t 1073 768 534 1378
t 1073 768 187 1302
t 1074 1065 1499 910
t 1074 1065 1499 493
t 1074 1065 910 493
t 1074 1065 451 493
t 1074 272 1386 89
t 1074 272 1340 1056
t 1074 272 1340 357
t 1074 272 89 493
t 1074 1386 1499 910
t 1074 1386 451 466
t 1074 1340 451 357
t 1074 1499 451 357
t 1074 1499 89 1056
t 1075 1320 1195 1164
t 1075 1320 838 1164
t 1075 1195 299 838
t 1075 1195 774 342
t 1075 386 299 774
t 1075 386 299 1164
t 1075 386 838 1164
t 1075 299 1104 838
t 1075 774 496 1151
t 1076 968 1407 450
t 1076 968 702 674
t 1076 968 674 909
t 1076 1407 702 801
t 1076 1407 674 1294
t 1076 73 801 450
t 1076 1006 702 389
t 1076 702 909 1294
t 1076 674 1286 1294
t 1076 674 909 450
t 1076 909 801 450
t 1077 1332 748 116
t 1077 1332 807 116
t 1077 1332 116 298
t 1077 1332 1161 298
t 1077 1332 741 298
t 1077 1332 442 298
t 1077 1376 1284 1437
t 1077 393 741 442
t 1077 393 741 1437
t 1077 807 116 1437
t 1077 116 1284 1437
t 1077 1161 741 1437
t 1077 1284 741 1437
t 1077 1284 741 298
t 1078 723 578 1276
t 1078 723 578 1008
t 1078 723 1242 954
t 1078 193 1400 954
t 1078 193 1234 341
t 1078 193 1234 670
t 1078 193 954 341
t 1078 193 341 1008
t 1078 578 1234 1008
t 1078 578 1276 341
t 1078 1242 1400 375
t 1078 1242 1400 670
t 1078 375 1234 1276
t 1078 1234 1276 341
t 1078 1234 1276 1008
t 1079 8 629 414
t 1079 8 629 1111
t 1079 8 1166 1111
t 1079 8 1398 416
t 1079 811 1398 854
t 1079 811 1398 1378
t 1079 811 416 1378
t 1079 6 629 969
t 1079 629 414 1378
t 1080 872 100 987
t 1080 872 44 566
t 1080 175 328 100
t 1080 175 44 566
t 1080 175 566 987
t 1080 328 355 540
t 1080 1447 355 566
t 1080 44 355 540
t 1080 44 468 566
t 1080 44 566 540
t 1081 249 279 1161
t 1081 249 739 346
t 1081 249 456 807
t 1081 249 1161 634
t 1081 249 807 1451
t 1081 279 1161 1111
t 1081 279 1111 1451
t 1081 1284 1111 940
t 1082 684 1110 163
t 1082 684 232 717
t 1082 684 79 1233
t 1082 684 717 163
t 1082 1110 232 331
t 1082 1231 79 1233
t 1082 1231 853 331
t 1082 232 311 717
t 1082 232 535 1233
t 1082 232 853 163
t 1082 311 535 163
t 1082 311 853 163
t 1082 79 717 1233
t 1083 999 315 355
t 1083 999 583 130
t 1083 315 332 1436
t 1083 315 332 130
t 1083 315 332 245
t 1083 315 130 539
t 1083 332 1436 245
t 1083 332 130 245
t 1083 828 1436 245
t 1083 828 1436 355
t 1083 1436 245 539
t 1084 918 229 270
t 1084 1025 528 161
t 1084 1025 499 318
t 1084 1025 161 229
t 1084 1025 229 270
t 1084 528 483 270
t 1084 528 499 161
t 1084 528 161 270
t 1084 528 318 270
t 1084 499 453 167
t 1084 499 229 270
t 1084 161 453 167
t 1084 161 167 1038
t 1084 161 270 1038
t 1084 318 453 229
t 1084 453 229 167
t 1085 289 1216 1321
t 1085 92 1216 1321
t 1085 764 1216 1321
t 1085 764 1321 1371
t 1085 1321 929 1371
t 1085 1321 1371 1184
t 1086 563 308 797
t 1086 563 820 1069
t 1086 563 797 1069
t 1086 296 497 820
t 1086 296 1069 734
t 1086 497 820 734
t 1086 497 820 520
t 1086 959 820 762
t 1086 308 700 520
t 1086 820 762 520
t 1086 1069 762 734
t 1086 1069 700 734
t 1086 762 700 734
t 1086 762 734 520
t 1087 1241 1422 535
t 1087 1241 1260 429
t 1087 1241 1288 1327
t 1087 1241 177 1327
t 1087 1241 695 1043
t 1087 1422 1288 1327
t 1087 1260 1288 1327
t 1087 1260 429 535
t 1087 1288 1327 535
t 1087 1327 763 1043
t 1087 1327 1043 535
t 1088 406 409 472
t 1088 590 310 1336
t 1088 590 409 1305
t 1088 590 433 1305
t 1088 310 1336 433
t 1088 310 1336 1305
t 1088 310 1305 405
t 1088 1336 1387 1305
t 1088 715 409 1305
t 1088 409 1387 472
t 1088 409 1305 472
t 1088 409 1305 405
t 1088 433 1305 472
t 1089 1007 565 731
t 1089 1007 727 1107
t 1089 431 565 478
t 1089 431 169 241
t 1089 431 241 478
t 1089 565 1107 241
t 1089 852 1055 478
t 1089 852 1107 731
t 1089 727 1474 169
t 1089 1107 169 731
t 1090 1453 1032 617
t 1090 1453 1207 675
t 1090 39 458 1207
t 1090 39 458 617
t 1090 39 1207 675
t 1090 98 458 617
t 1090 98 1391 1435
t 1090 98 617 675
t 1090 458 1391 617
t 1091 652 939 831
t 1091 652 939 1414
t 1091 652 1200 448
t 1091 652 1200 898
t 1091 652 898 1414
t 1091 939 448 1497
t 1091 939 448 898
t 1091 1200 225 898
t 1091 1200 608 230
t 1091 1200 1414 1115
t 1091 225 608 1414
t 1091 225 1497 1115
t 1091 225 1414 230
t 1092 1429 825 1326
t 1092 1429 659 444
t 1092 1429 444 510
t 1092 1429 562 917
t 1092 1429 510 1103
t 1092 825 659 1059
t 1092 825 659 444
t 1092 825 562 1304
t 1092 659 1326 917
t 1092 659 1023 510
t 1092 1059 1326 1304
t 1092 1059 1326 1023
t 1092 1059 1304 917
t 1092 1059 1304 1103
t 1092 444 1326 1304
t 1092 444 1326 1103
t 1092 1326 562 1023
t 1093 1348 320 660
t 1093 1348 649 929
t 1093 1348 542 154
t 1093 1348 542 420
t 1093 787 320 952
t 1093 320 542 952
t 1093 967 649 660
t 1093 967 649 420
t 1093 952 929 660
t 1093 952 660 420
t 1094 216 1369 1101
t 1094 216 1369 1448
t 1094 216 400 693
t 1094 1369 400 743
t 1094 400 1101 1448
t 1094 400 791 712
t 1094 400 597 712
t 1094 693 1101 743
t 1094 693 679 597
t 1094 693 597 1448
t 1094 147 1101 679
t 1094 147 597 1448
t 1094 1101 679 743
t 1094 679 597 712
t 1095 911 782 1420
t 1095 911 547 525
t 1095 911 1302 1420
t 1095 782 525 1467
t 1095 782 525 580
t 1095 782 1302 580
t 1095 547 525 834
t 1095 547 834 580
t 1095 547 1302 192
t 1095 525 1467 580
t 1095 525 1420 580
t 1095 1467 1302 1420
t 1095 834 1302 1420
t 1095 834 1302 580
t 1095 834 1420 1283
t 1095 834 1420 204
t 1096 1010 605 258
t 1096 1010 1191 582
t 1096 1010 1360 1120
t 1096 1010 1360 582
t 1096 605 67 1120
t 1096 605 465 1120
t 1096 605 465 582
t 1096 67 258 312
t 1096 1191 258 1236
t 1096 1191 465 1236
t 1096 258 312 582
t 1096 312 465 1236
t 1097 600 1292 1034
t 1097 600 405 229
t 1097 600 405 1449
t 1097 374 1292 229
t 1097 374 636 405
t 1097 374 636 229
t 1097 374 1034 405
t 1097 1292 266 405
t 1097 636 1034 266
t 1097 636 1034 1449
t 1097 636 229 310
t 1097 266 310 512
t 1098 1285 220 407
t 1098 622 786 912
t 1098 786 1147 122
t 1098 1147 1446 912
t 1098 1446 1308 407
t 1099 1162 49 46
t 1099 1162 820 959
t 1099 1162 255 1
t 1099 49 959 1069
t 1099 49 1069 843
t 1099 820 579 1
t 1099 959 255 843
t 1099 579 255 843
t 1099 579 843 1
t 1099 46 255 265
t 1099 1069 843 1
t 1100 1312 323 233
t 1100 1312 1190 601
t 1100 1312 1272 601
t 1100 1312 1272 233
t 1100 1312 233 122
t 1100 998 186 1272
t 1100 998 713 122
t 1100 186 713 233
t 1100 323 713 65
t 1100 323 1272 122
t 1100 713 1190 122
t 1100 713 65 233
t 1100 1272 65 233
t 1101 1094 743 693
t 1101 1094 712 147
t 1101 1369 743 168
t 1101 1369 216 1178
t 1101 1369 1178 168
t 1101 743 679 1448
t 1101 743 712 1448
t 1101 679 693 314
t 1101 679 693 168
t 1101 679 1178 712
t 1101 216 1178 168
t 1101 216 712 314
t 1101 693 314 1448
t 1101 1178 712 1448
t 1101 1178 147 168
t 1102 1473 1477 682
t 1102 972 1399 861
t 1102 972 1477 753
t 1103 1432 562 221
t 1103 1432 562 467
t 1103 1432 1326 1015
t 1103 1023 355 828
t 1103 1341 562 1015
t 1103 1341 659 1015
t 1103 562 1326 828
t 1103 562 355 467
t 1103 1326 355 149
t 1103 1326 221 659
t 1104 299 179 1348
t 1104 1493 420 1348
t 1104 378 179 887
t 1105 544 1423 678
t 1105 1423 97 870
t 1105 281 678 870
t 1105 870 638 441
t 1105 616 1293 441
t 1106 1222 551 333
t 1106 1222 223 1158
t 1106 333 1118 1158
t 1106 144 223 205
t 1106 1140 1118 1158
t 1106 1118 1299 597
t 1107 241 38 936
t 1107 241 38 1273
t 1107 38 936 962
t 1107 38 1143 389
t 1107 38 244 1294
t 1107 936 244 478
t 1107 936 1273 389
t 1107 1143 1273 478
t 1107 1273 962 1294
t 1108 1292 310 374
t 1108 266 229 254
t 1108 266 374 254
t 1108 266 374 600
t 1108 1097 310 433
t 1108 1097 405 254
t 1108 310 229 374
t 1108 310 229 590
t 1108 310 374 433
t 1108 310 374 254
t 1108 405 229 600
t 1109 1057 596 505
t 1109 1057 678 1454
t 1109 354 596 505
t 1109 596 1260 1454
t 1109 1260 505 141
t 1109 678 151 1454
t 1109 505 1469 141
t 1109 505 151 1454
t 1109 1469 151 1454
t 1110 232 684 1233
t 1110 232 79 1231
t 1110 1082 717 853
t 1110 1082 684 163
t 1110 717 79 331
t 1110 717 1231 311
t 1110 684 1231 331
t 1110 684 163 1233
t 1110 1231 163 853
t 1110 163 1233 1173
t 1110 1233 311 1173
t 1111 1310 1451 6
t 1111 1310 414 1081
t 1111 1310 1081 162
t 1111 456 1451 416
t 1111 456 414 1324
t 1111 456 811 1081
t 1111 414 1324 851
t 1111 1324 416 851
t 1111 1324 1081 6
t 1111 1324 1081 162
t 1111 811 416 1081
t 1111 811 416 851
t 1111 416 1081 851
t 1112 737 995 130
t 1112 737 1279 130
t 1112 737 1346 1436
t 1112 737 1346 1132
t 1112 737 1436 422
t 1112 995 504 1436
t 1112 995 115 1436
t 1112 995 1436 507
t 1112 504 671 1279
t 1112 671 115 130
t 1112 671 130 507
t 1112 1279 1436 507
t 1112 130 1346 1436
t 1112 130 507 422
t 1113 118 352 558
t 1113 118 1472 1309
t 1113 118 558 1341
t 1113 118 906 1309
t 1113 352 221 1309
t 1113 1201 221 906
t 1113 1201 221 490
t 1113 1201 906 490
t 1113 1472 558 906
t 1113 1472 558 1234
t 1113 1472 558 1341
t 1113 1472 221 1234
t 1113 1472 906 1309
t 1113 1472 443 490
t 1113 443 490 1309
t 1113 443 1341 1309
t 1114 150 37 1319
t 1114 150 86 248
t 1114 150 248 153
t 1114 934 567 401
t 1114 934 86 1319
t 1114 256 422 1319
t 1114 256 422 153
t 1114 401 86 248
t 1115 521 1497 1271
t 1115 521 359 1091
t 1115 521 1271 986
t 1115 831 652 437
t 1115 831 1091 437
t 1115 1497 359 1250
t 1115 359 1271 437
t 1115 652 133 1091
t 1115 418 133 1250
t 1116 1411 978 624
t 1116 1411 1249 1013
t 1116 978 857 624
t 1116 978 1249 83
t 1116 978 103 423
t 1116 857 1249 884
t 1116 863 103 884
t 1116 83 884 1013
t 1117 132 1035 207
t 1117 769 1430 1148
t 1117 769 1430 401
t 1117 769 1035 401
t 1117 294 1430 207
t 1117 294 207 899
t 1117 470 1035 153
t 1117 1035 145 1148
t 1117 1035 145 207
t 1117 145 1148 153
t 1118 345 309 795
t 1118 345 551 554
t 1118 333 551 147
t 1118 333 1299 1106
t 1118 1318 35 551
t 1118 1318 35 147
t 1118 1318 309 1106
t 1118 1318 1299 1106
t 1118 35 551 147
t 1118 35 1299 554
t 1118 35 795 1264
t 1118 309 1299 1264
t 1118 309 795 554
t 1118 551 795 1264
t 1118 1299 1264 147
t 1118 1106 147 554
t 1119 370 1334 674
t 1119 370 1286 477
t 1119 370 909 729
t 1119 1334 1286 477
t 1119 1334 702 674
t 1119 1286 180 909
t 1119 1286 180 729
t 1119 1286 790 674
t 1119 1286 702 909
t 1119 802 180 702
t 1119 802 790 477
t 1119 802 790 729
t 1119 180 729 1294
t 1119 702 477 729
t 1119 702 729 1294
t 1120 468 987 465
t 1120 394 540 1374
t 1120 394 540 1360
t 1120 394 970 1080
t 1120 394 1080 465
t 1120 540 1244 1360
t 1120 540 465 1360
t 1120 1463 465 1360
t 1120 970 1279 1080
t 1121 722 200 144
t 1121 200 387 1308
t 1121 200 1308 725
t 1121 200 35 747
t 1121 387 1245 353
t 1121 387 353 1213
t 1121 387 1213 144
t 1121 1245 144 747
t 1121 1153 1213 35
t 1121 1153 144 747
t 1121 1213 1308 725
t 1121 1308 35 747
t 1122 373 1437 442
t 1122 373 26 942
t 1122 373 506 757
t 1122 214 26 1347
t 1122 214 1347 757
t 1122 58 1437 506
t 1122 58 26 506
t 1122 1437 942 506
t 1122 298 442 641
t 1122 942 442 757
t 1122 942 1347 506
t 1122 442 1347 757
t 1123 455 901 1404
t 1123 455 78 992
t 1123 901 662 63
t 1123 901 1344 992
t 1123 901 59 63
t 1123 662 902 527
t 1123 662 78 1404
t 1123 902 59 1404
t 1123 40 78 1404
t 1123 1344 527 992
t 1123 1344 78 992
t 1123 63 527 1404
t 1124 1039 936 1266
t 1124 1039 1143 364
t 1124 848 38 364
t 1124 848 38 1174
t 1124 848 1174 351
t 1124 936 962 1143
t 1124 38 1143 1174
t 1124 38 364 351
t 1124 364 1268 1174
t 1124 1174 351 1266
t 1125 68 332 539
t 1125 68 1295 539
t 1125 68 539 136
t 1125 68 539 1472
t 1125 332 1132 136
t 1125 1295 1436 539
t 1125 1295 1436 1221
t 1125 1295 539 138
t 1125 1295 138 107
t 1125 1436 138 1472
t 1125 1436 1132 1472
t 1125 1436 136 1221
t 1125 1436 227 1472
t 1125 539 1221 1472
t 1125 138 1132 107
t 1125 138 1132 1472
t 1125 1132 107 1472
t 1125 1132 136 1472
t 1125 107 227 1472
t 1125 136 1221 227
t 1126 4 1424 1202
t 1126 4 206 1202
t 1126 4 231 1202
t 1126 4 1202 703
t 1126 4 1202 325
t 1126 609 1223 109
t 1126 609 1223 325
t 1126 609 1202 59
t 1126 1223 206 726
t 1126 1223 206 325
t 1126 109 206 231
t 1126 109 231 1202
t 1126 206 726 325
t 1127 1336 770 266
t 1127 433 859 770
t 1127 433 770 750
t 1127 433 453 750
t 1127 433 453 590
t 1127 433 750 845
t 1127 376 750 499
t 1127 376 845 499
t 1128 1359 293 330
t 1128 1359 369 1033
t 1128 1028 822 916
t 1128 1028 822 330
t 1128 1028 369 1033
t 1128 293 822 916
t 1128 293 916 914
t 1128 293 1418 914
t 1128 916 479 369
t 1128 479 330 602
t 1128 479 602 369
t 1128 479 602 1033
t 1128 1418 369 914
t 1129 1151 1164 1493
t 1129 1151 1164 174
t 1129 1151 1164 1484
t 1129 1151 1357 299
t 1129 1151 174 937
t 1129 1164 838 577
t 1129 1164 1493 299
t 1129 1164 174 536
t 1129 1164 174 1484
t 1129 1164 577 299
t 1129 1357 838 536
t 1129 1357 536 1484
t 1129 1493 174 299
t 1129 1493 174 730
t 1129 1493 577 1484
t 1129 174 536 1484
t 1129 577 536 730
t 1129 299 536 937
t 1130 1415 124 591
t 1130 1415 1296 598
t 1130 1415 503 677
t 1130 1415 1311 1483
t 1130 124 591 677
t 1130 124 1296 1311
t 1130 124 503 598
t 1130 124 598 43
t 1130 591 1296 503
t 1130 591 503 677
t 1130 1296 43 94
t 1130 503 598 1482
t 1130 503 677 1482
t 1130 503 677 1483
t 1130 598 43 1311
t 1131 70 1015 1159
t 1131 1298 392 583
t 1131 1298 1383 583
t 1131 1298 1462 250
t 1131 738 392 1015
t 1131 738 250 583
t 1131 738 767 583
t 1131 392 1383 583
t 1132 1072 995 1125
t 1132 1072 550 422
t 1132 1072 550 332
t 1132 1072 422 737
t 1132 1072 332 1083
t 1132 1436 995 1083
t 1132 1436 1319 130
t 1132 995 550 737
t 1132 995 37 1319
t 1132 550 422 1319
t 1132 37 737 1125
t 1132 37 737 130
t 1132 1319 1125 1083
t 1133 435 1029 1494
t 1133 435 1005 1494
t 1133 435 320 340
t 1133 435 320 732
t 1133 435 340 1494
t 1133 435 1494 732
t 1133 1029 321 320
t 1133 1029 960 1005
t 1133 1029 960 195
t 1133 1029 1005 686
t 1133 1029 1005 1494
t 1133 321 960 686
t 1133 321 960 1494
t 1133 321 960 195
t 1133 321 686 340
t 1133 321 320 340
t 1133 960 1005 320
t 1133 1361 340 1494
t 1133 1361 1494 732
t 1133 1005 320 1494
t 1133 340 1494 195
t 1134 799 388 1347
t 1134 799 519 190
t 1134 799 1198 393
t 1134 799 1198 190
t 1134 388 519 748
t 1134 388 519 1347
t 1134 388 748 1347
t 1134 741 1198 190
t 1134 519 829 393
t 1134 1198 152 1347
t 1134 829 152 190
t 1134 748 393 1347
t 1135 157 1283 1454
t 1135 157 1454 782
t 1135 157 1454 1095
t 1135 157 1052 1302
t 1135 572 1283 1454
t 1135 572 1283 782
t 1135 1283 911 1052
t 1135 1283 911 1467
t 1135 1283 782 1052
t 1135 1283 782 1095
t 1135 911 1095 870
t 1135 782 192 1095
t 1136 367 877 965
t 1136 367 877 264
t 1136 367 757 1338
t 1136 488 707 264
t 1136 844 877 757
t 1136 844 1261 264
t 1136 707 32 264
t 1136 707 877 641
t 1136 32 877 1338
t 1136 877 965 757
t 1136 965 641 1261
t 1137 873 219 808
t 1137 873 219 1494
t 1137 873 1494 14
t 1137 195 808 14
t 1137 1345 14 909
t 1137 274 219 808
t 1137 274 732 1494
t 1137 274 1494 909
t 1137 219 804 1494
t 1137 732 1029 1494
t 1137 1029 14 909
t 1138 518 446 96
t 1138 518 446 1251
t 1138 518 119 1483
t 1138 518 555 218
t 1138 446 1483 867
t 1138 446 218 96
t 1138 446 218 776
t 1138 119 555 776
t 1138 119 1251 776
t 1138 1050 218 867
t 1138 1483 218 96
t 1138 218 96 1251
t 1139 1490 603 296
t 1139 1490 1300 705
t 1139 172 805 1044
t 1139 172 296 709
t 1139 603 1300 709
t 1139 700 733 705
t 1140 80 1222 189
t 1140 80 949 800
t 1140 1222 1158 223
t 1140 1222 1158 882
t 1140 205 1158 189
t 1140 205 223 1106
t 1140 1158 882 1106
t 1140 1158 114 1106
t 1140 1158 800 699
t 1140 223 1106 800
t 1141 449 929 269
t 1141 548 716 336
t 1141 548 716 847
t 1141 548 637 847
t 1141 548 929 92
t 1141 1371 716 336
t 1141 336 637 246
t 1141 336 847 92
t 1142 1363 339 667
t 1142 1363 339 714
t 1142 1363 335 278
t 1142 1363 356 1316
t 1142 339 667 714
t 1142 339 667 278
t 1142 339 460 137
t 1142 339 881 714
t 1142 339 714 278
t 1142 667 460 1143
t 1142 667 137 1143
t 1142 667 335 278
t 1142 460 137 1316
t 1142 460 335 881
t 1142 335 356 278
t 1142 335 278 1143
t 1142 881 1316 1143
t 1142 278 1316 1143
t 1143 38 936 1124
t 1143 38 936 137
t 1143 38 962 137
t 1143 188 936 448
t 1143 188 1107 881
t 1143 188 137 448
t 1143 936 1124 962
t 1143 936 962 1142
t 1143 936 848 1363
t 1143 1107 137 1363
t 1143 1107 848 881
t 1143 1124 1363 448
t 1144 485 18 1001
t 1144 18 925 1016
t 1144 18 925 1405
t 1144 18 1183 1405
t 1144 81 977 1381
t 1144 81 1381 1016
t 1144 977 1183 1381
t 1144 454 632 1405
t 1145 642 1246 964
t 1145 642 4 779
t 1145 642 1223 527
t 1145 1246 231 1126
t 1145 1246 4 527
t 1145 1246 1223 779
t 1145 1246 176 1126
t 1145 231 1223 1126
t 1145 4 964 779
t 1145 4 779 527
t 1145 1223 527 1126
t 1146 358 1410 249
t 1146 358 1410 279
t 1146 358 249 25
t 1146 358 739 1081
t 1146 1410 249 1081
t 1146 1410 739 25
t 1146 1410 739 634
t 1146 1410 240 25
t 1146 1410 25 1175
t 1146 249 739 240
t 1146 249 739 25
t 1146 249 279 634
t 1146 249 279 1175
t 1146 249 25 1175
t 1146 1333 279 25
t 1146 1333 25 634
t 1146 1333 25 1175
t 1146 739 279 1175
t 1146 1081 25 1175
t 1147 1355 1098 1446
t 1147 1285 164 220
t 1147 1285 220 786
t 1147 1285 622 412
t 1147 415 122 412
t 1147 415 622 912
t 1147 164 1098 412
t 1147 220 786 622
t 1148 145 1430 621
t 1148 88 899 769
t 1148 88 153 654
t 1148 88 1430 621
t 1148 88 1430 769
t 1148 88 1430 1022
t 1148 899 860 621
t 1148 899 621 769
t 1148 899 1035 654
t 1149 510 101 825
t 1149 510 821 1429
t 1149 510 917 1092
t 1149 510 252 1092
t 1149 101 821 1092
t 1149 101 1177 252
t 1149 101 413 1462
t 1149 101 159 1092
t 1149 101 1462 1092
t 1149 821 917 413
t 1149 821 917 159
t 1149 821 917 1462
t 1149 821 413 1462
t 1149 821 1429 159
t 1149 917 413 1092
t 1149 917 1429 1092
t 1149 825 159 1462
t 1150 1155 629 829
t 1150 1155 222 1004
t 1150 1155 414 740
t 1150 1152 242 1398
t 1150 1152 854 222
t 1150 1152 1004 740
t 1150 242 1398 222
t 1150 242 414 740
t 1150 1398 414 829
t 1150 629 222 740
t 1150 854 1004 740
t 1151 1129 1357 112
t 1151 1129 299 838
t 1151 1129 1104 922
t 1151 1129 536 112
t 1151 1357 1493 838
t 1151 1357 838 174
t 1151 1493 922 112
t 1151 299 1164 536
t 1151 299 1164 922
t 1151 299 1104 922
t 1151 299 922 174
t 1151 1164 1104 536
t 1151 536 922 174
t 1152 1150 1398 242
t 1152 1155 854 546
t 1152 1155 854 969
t 1152 1155 546 819
t 1152 1398 242 629
t 1152 1398 242 546
t 1152 1398 854 1004
t 1152 740 1004 829
t 1152 740 629 829
t 1152 740 546 819
t 1152 242 854 829
t 1152 242 629 969
t 1152 854 829 819
t 1152 1004 829 546
t 1152 1004 829 969
t 1152 629 829 819
t 1153 387 313 1213
t 1153 387 313 463
t 1153 387 200 353
t 1153 387 882 114
t 1153 313 722 1213
t 1153 313 353 1000
t 1153 313 882 114
t 1153 313 114 846
t 1153 722 1000 882
t 1153 1213 882 114
t 1153 200 463 353
t 1154 926 3 711
t 1154 51 334 3
t 1154 51 334 203
t 1154 51 53 1473
t 1154 51 1199 1091
t 1154 51 203 924
t 1154 334 53 924
t 1154 334 3 924
t 1154 893 1199 1091
t 1154 1199 1473 3
t 1154 1199 203 924
t 1154 1473 3 711
t 1155 1150 242 645
t 1155 1152 242 645
t 1155 1152 1398 645
t 1155 1152 740 629
t 1155 1152 222 414
t 1155 1152 222 990
t 1155 1152 645 990
t 1155 1152 414 854
t 1155 242 629 414
t 1155 1398 222 645
t 1155 1398 222 854
t 1155 645 414 854
t 1156 553 843 255
t 1156 553 843 1165
t 1156 553 843 300
t 1156 553 736 579
t 1156 843 255 1165
t 1156 843 579 10
t 1156 843 1165 681
t 1156 843 238 681
t 1156 255 736 1165
t 1156 255 579 1165
t 1156 255 579 10
t 1156 255 579 681
t 1156 255 397 10
t 1157 974 99 1210
t 1157 727 1474 1203
t 1157 727 1474 1210
t 1157 731 1210 669
t 1157 1474 99 1210
t 1157 1321 1203 1062
t 1158 205 551 897
t 1158 80 1140 949
t 1158 1222 1106 897
t 1158 1140 114 719
t 1158 1106 897 793
t 1159 928 640 738
t 1159 928 585 245
t 1159 928 1035 899
t 1159 640 70 1298
t 1159 640 245 899
t 1159 640 245 767
t 1159 70 245 860
t 1159 70 1298 767
t 1159 585 245 413
t 1159 585 413 1035
t 1159 245 1035 860
t 1159 245 860 899
t 1159 1298 1035 860
t 1159 413 1035 899
t 1159 1035 860 738
t 1160 481 595 658
t 1160 481 595 1447
t 1160 481 12 490
t 1160 481 658 193
t 1160 481 566 1447
t 1160 595 658 566
t 1160 595 658 193
t 1160 595 1242 832
t 1160 595 566 193
t 1160 12 906 1242
t 1160 12 490 202
t 1160 906 566 1447
t 1160 906 193 1447
t 1160 566 832 1447
t 1161 1332 1077 1284
t 1161 1332 940 456
t 1161 523 940 456
t 1161 1077 807 1081
t 1161 1077 456 1376
t 1161 940 1376 298
t 1161 456 1437 1081
t 1162 1099 49 563
t 1162 1099 959 1
t 1162 1099 820 579
t 1162 1099 579 46
t 1162 49 820 265
t 1162 49 46 1
t 1162 1069 46 563
t 1162 46 843 563
t 1162 46 563 265
t 1163 351 297 676
t 1163 351 407 1174
t 1163 351 407 220
t 1163 351 549 746
t 1163 1268 676 992
t 1163 1268 407 220
t 1163 1268 407 746
t 1163 1268 549 587
t 1163 992 612 587
t 1164 1129 174 1493
t 1164 1129 174 577
t 1164 838 1357 174
t 1164 838 174 536
t 1164 838 1484 1493
t 1164 838 904 937
t 1164 1357 1151 1493
t 1164 1357 1151 937
t 1164 174 1151 937
t 1164 174 937 536
t 1164 1151 1484 904
t 1164 904 299 536
t 1165 522 626 255
t 1165 522 1156 529
t 1165 522 529 931
t 1165 1211 626 398
t 1165 1211 626 10
t 1165 1211 238 1
t 1165 1211 1156 255
t 1165 1211 255 931
t 1165 626 1465 10
t 1165 398 1465 931
t 1165 238 1465 1156
t 1165 238 1156 529
t 1165 238 255 931
t 1165 238 10 529
t 1166 1079 8 505
t 1166 1079 593 1042
t 1166 1079 6 969
t 1166 1079 969 429
t 1166 1079 1398 505
t 1166 8 629 1398
t 1166 593 1042 1398
t 1166 593 629 429
t 1166 6 629 969
t 1166 6 414 505
t 1166 629 811 429
t 1166 629 811 414
t 1166 811 1398 429
t 1167 509 142 676
t 1167 84 251 275
t 1167 84 251 938
t 1167 84 610 1372
t 1167 84 610 938
t 1167 84 104 142
t 1167 251 610 108
t 1167 610 938 142
t 1167 1372 938 108
t 1167 1372 758 676
t 1167 275 938 758
t 1167 275 938 676
t 1167 104 108 758
t 1167 108 142 676
t 1168 273 228 888
t 1168 273 919 107
t 1168 228 1274 888
t 1168 228 517 919
t 1168 228 888 672
t 1168 1274 1258 888
t 1168 1274 107 966
t 1168 168 919 107
t 1168 168 919 966
t 1168 1258 919 672
t 1168 227 888 966
t 1169 305 758 47
t 1169 305 1419 237
t 1169 305 322 108
t 1169 758 237 47
t 1169 1419 29 592
t 1169 1419 322 237
t 1169 1419 592 237
t 1169 29 322 108
t 1169 29 964 47
t 1169 322 148 592
t 1169 108 148 592
t 1169 148 237 47
t 1170 74 1489 505
t 1170 74 306 141
t 1170 74 505 141
t 1170 19 935 141
t 1170 85 1489 306
t 1170 306 935 505
t 1170 306 505 141
t 1170 935 505 141
t 1171 25 1340 276
t 1171 25 1340 358
t 1171 25 54 272
t 1171 1340 160 1238
t 1171 1340 1386 1074
t 1171 1340 1386 272
t 1171 1340 276 1238
t 1171 1340 54 89
t 1171 1340 358 1238
t 1171 1340 561 1238
t 1171 160 276 1238
t 1171 160 89 358
t 1171 1386 276 89
t 1171 1386 54 272
t 1171 276 89 272
t 1171 54 89 561
t 1171 54 561 1238
t 1171 54 272 1238
t 1171 89 1074 1238
t 1172 1366 692 1033
t 1172 1366 1033 664
t 1172 1366 664 1128
t 1172 692 1028 664
t 1172 692 234 1033
t 1172 692 1033 1128
t 1172 692 1071 1128
t 1172 1375 1028 234
t 1172 1375 1028 105
t 1172 1375 1033 1460
t 1173 331 495 429
t 1173 331 163 1231
t 1173 331 163 498
t 1173 1233 695 163
t 1173 1233 163 1231
t 1173 695 495 853
t 1173 695 429 1110
t 1173 695 429 1231
t 1173 1255 495 498
t 1173 853 717 1110
t 1173 717 429 1110
t 1173 429 1110 1231
t 1173 1110 163 1231
t 1174 992 380 848
t 1174 992 1054 848
t 1174 992 962 66
t 1174 666 380 746
t 1174 666 380 848
t 1174 666 586 66
t 1174 380 1268 746
t 1174 380 1054 848
t 1174 380 962 586
t 1174 1268 746 848
t 1174 1054 962 586
t 1174 1054 962 66
t 1174 962 586 662
t 1174 746 586 66
t 1175 892 545 383
t 1175 1333 545 383
t 1175 1352 199 1282
t 1175 199 545 32
t 1175 199 1282 32
t 1175 1410 545 240
t 1176 2 841 61
t 1176 2 213 1377
t 1176 841 656 1479
t 1176 432 61 158
t 1176 1212 1115 158
t 1176 213 1377 1115
t 1176 61 158 1479
t 1177 252 1492 1149
t 1177 1492 1349 611
t 1177 1492 1149 292
t 1177 1349 247 611
t 1177 510 1209 413
t 1178 743 1064 168
t 1178 743 168 1094
t 1178 693 1064 655
t 1178 693 517 1258
t 1178 1064 216 888
t 1178 1064 517 1101
t 1178 1064 517 1258
t 1178 1064 655 712
t 1178 1101 655 712
t 1178 1258 1094 888
t 1179 1400 1307 1289
t 1179 1400 723 578
t 1179 1400 1278 476
t 1179 1307 578 1078
t 1179 723 1289 476
t 1179 723 1182 1278
t 1179 723 1182 578
t 1179 723 885 578
t 1179 1289 1182 1278
t 1179 1289 1278 908
t 1179 1289 885 578
t 1179 1182 1278 885
t 1179 1182 476 885
t 1179 908 885 1078
t 1179 476 885 578
t 1179 476 885 1078
t 1180 1204 410 988
t 1180 569 171 1491
t 1180 569 462 410
t 1180 688 1491 410
t 1180 462 410 1194
t 1180 462 765 1194
t 1181 471 1009 230
t 1181 471 1009 225
t 1181 471 13 244
t 1181 471 1414 230
t 1181 1009 110 840
t 1181 13 840 830
t 1181 565 840 244
t 1181 1414 830 244
t 1181 840 830 244
t 1182 1426 417 93
t 1182 1426 93 243
t 1182 1307 1278 885
t 1182 1307 908 885
t 1182 1289 1278 93
t 1182 1278 1179 885
t 1183 527 1001 1144
t 1183 527 1001 59
t 1183 454 1001 1344
t 1183 454 1001 925
t 1183 454 1001 1144
t 1183 454 1001 632
t 1183 454 977 455
t 1183 1001 925 59
t 1183 1344 977 59
t 1183 485 977 59
t 1183 1144 59 455
t 1183 632 977 455
t 1184 1311 139 1415
t 1184 503 598 1019
t 1184 503 139 1371
t 1184 598 139 1019
t 1184 139 883 1415
t 1184 883 1019 1415
t 1185 208 42 953
t 1185 749 487 705
t 1185 749 705 1041
t 1185 42 239 419
t 1185 42 1068 876
t 1185 487 1421 419
t 1185 487 239 419
t 1185 705 1068 419
t 1185 239 1068 953
t 1185 1068 1041 953
t 1186 650 1450 1257
t 1186 650 1225 1257
t 1186 1450 408 22
t 1186 1450 408 943
t 1186 1450 22 794
t 1186 1450 943 1066
t 1186 1225 408 1066
t 1186 408 22 1066
t 1186 1257 22 235
t 1186 1257 794 235
t 1186 794 235 1066
t 1187 461 45 435
t 1187 461 45 696
t 1187 461 1361 321
t 1187 686 45 696
t 1187 686 45 627
t 1187 686 627 967
t 1187 1005 435 1361
t 1187 1005 1361 627
t 1187 1005 696 627
t 1187 1005 967 321
t 1187 839 1361 627
t 1187 839 696 321
t 1187 45 435 967
t 1187 45 1361 696
t 1187 45 439 627
t 1187 435 439 967
t 1187 439 967 321
t 1187 696 627 321
t 1188 1205 1358 301
t 1188 1205 1358 1373
t 1188 1205 889 846
t 1188 1205 404 771
t 1188 1205 1470 1018
t 1188 1205 301 771
t 1188 1205 1408 1373
t 1188 1205 771 846
t 1188 1358 1470 1408
t 1188 1358 1470 846
t 1188 1358 301 846
t 1188 1358 301 1018
t 1188 1358 685 1018
t 1188 404 1373 685
t 1188 1470 301 1408
t 1188 301 1408 1018
t 1188 301 1373 846
t 1188 771 1373 1018
t 1189 9 40 423
t 1189 9 816 423
t 1189 612 460 992
t 1189 40 1013 103
t 1189 549 423 460
t 1189 549 1013 992
t 1189 423 1013 103
t 1190 186 65 233
t 1190 186 713 524
t 1190 186 601 82
t 1190 65 601 857
t 1190 65 524 1312
t 1190 1100 524 1312
t 1191 1010 1360 127
t 1191 605 1096 540
t 1191 605 67 1236
t 1191 605 1236 582
t 1191 1360 465 1339
t 1191 1360 67 540
t 1191 1360 540 1339
t 1191 67 540 127
t 1191 67 582 1339
t 1191 540 1236 127
t 1192 1397 1490 1330
t 1192 1397 589 805
t 1192 1397 805 1330
t 1192 1397 1330 781
t 1192 1397 1330 1379
t 1192 165 295 1368
t 1192 165 589 781
t 1192 165 589 1379
t 1192 165 1330 1379
t 1192 165 1330 700
t 1192 295 1277 1368
t 1192 295 805 781
t 1192 1490 1277 781
t 1192 1490 1330 781
t 1193 1475 699 800
t 1193 1475 800 912
t 1193 1475 800 33
t 1193 1475 288 283
t 1193 1475 1262 463
t 1193 699 189 288
t 1193 699 33 283
t 1193 800 189 1262
t 1193 800 283 1262
t 1193 189 34 1262
t 1193 189 288 323
t 1193 189 912 1262
t 1193 189 912 323
t 1193 34 288 323
t 1193 283 1262 463
t 1194 1457 129 643
t 1194 1457 688 701
t 1194 1457 701 1491
t 1194 291 602 688
t 1194 291 602 1180
t 1194 291 701 1491
t 1194 984 688 701
t 1194 984 688 1180
t 1194 984 1204 643
t 1194 984 1180 643
t 1194 129 569 1491
t 1194 602 569 1204
t 1194 602 1180 643
t 1194 688 1204 1180
t 1194 569 1180 1491
t 1195 496 774 955
t 1195 496 1075 378
t 1195 496 955 1104
t 1195 496 378 1104
t 1195 496 319 1104
t 1195 1075 849 378
t 1195 1075 386 1493
t 1195 849 386 1493
t 1196 873 1029 687
t 1196 1137 274 489
t 1196 1137 489 30
t 1196 1137 489 1345
t 1196 1137 745 592
t 1196 1137 1029 687
t 1196 274 489 120
t 1196 274 687 592
t 1196 489 30 1345
t 1196 745 1029 120
t 1196 745 1029 592
t 1196 745 120 592
t 1196 1345 120 592
t 1197 1030 589 1347
t 1197 1030 589 1392
t 1197 1030 102 923
t 1197 1030 923 1347
t 1197 1058 589 1037
t 1197 1058 1476 295
t 1197 1058 781 295
t 1197 1058 1037 1347
t 1197 589 102 1037
t 1197 589 1476 1037
t 1197 589 781 1037
t 1197 589 923 295
t 1197 1476 781 1347
t 1197 1476 519 1037
t 1197 295 1037 1347
t 1197 519 1347 1392
t 1197 1037 1347 1392
t 1198 395 388 1498
t 1198 395 568 1134
t 1198 395 568 393
t 1198 395 1498 1134
t 1198 388 152 379
t 1198 152 1134 748
t 1198 568 980 393
t 1198 1498 799 379
t 1198 1134 799 393
t 1199 3 893 653
t 1199 3 893 924
t 1199 3 653 1481
t 1199 3 653 53
t 1199 3 653 924
t 1199 893 926 1481
t 1199 926 711 653
t 1199 926 711 924
t 1199 926 51 1306
t 1199 926 653 1306
t 1199 711 51 1154
t 1199 711 653 1154
t 1199 711 1306 53
t 1199 51 1306 53
t 1199 653 1306 924
t 1199 1154 1306 53
t 1199 1306 1481 53
t 1199 334 1481 924
t 1200 448 188 1252
t 1200 448 225 1252
t 1200 448 225 38
t 1200 448 1252 1053
t 1200 448 1091 1053
t 1200 608 652 1414
t 1200 608 188 364
t 1200 608 1091 38
t 1200 652 188 38
t 1200 188 1252 364
t 1200 1252 1091 38
t 1200 1414 831 38
t 1201 118 1472 44
t 1201 118 1341 1015
t 1201 118 1341 332
t 1201 118 250 221
t 1201 118 828 1015
t 1201 118 828 68
t 1201 118 828 332
t 1201 118 44 1083
t 1201 1472 1341 1015
t 1201 1472 1015 332
t 1201 1341 1113 44
t 1201 1341 828 1083
t 1201 1113 250 1015
t 1201 1113 44 221
t 1201 250 828 1083
t 1201 250 1015 332
t 1201 828 1015 68
t 1201 828 68 221
t 1201 68 1083 221
t 1201 44 332 221
t 1202 703 726 1223
t 1202 703 1237 445
t 1202 703 1237 362
t 1202 703 4 176
t 1202 726 1237 1020
t 1202 726 109 4
t 1202 1223 1020 325
t 1202 1237 4 325
t 1202 1237 4 362
t 1202 109 1126 4
t 1203 669 1321 635
t 1203 669 731 212
t 1203 1062 1210 727
t 1203 1210 1157 727
t 1203 1210 1157 635
t 1204 569 1180 462
t 1204 569 1457 916
t 1204 688 701 171
t 1204 688 701 462
t 1204 688 171 410
t 1204 688 462 916
t 1204 688 462 1194
t 1204 701 171 988
t 1204 171 1491 462
t 1205 1188 404 301
t 1205 771 404 1408
t 1205 1470 1018 301
t 1205 846 1358 889
t 1205 404 552 1408
t 1206 1408 1480 867
t 1206 1408 972 867
t 1206 1408 1052 685
t 1206 385 1480 867
t 1206 385 870 382
t 1206 1477 1480 972
t 1206 1477 867 404
t 1206 1477 1052 870
t 1206 1477 685 382
t 1206 1480 867 870
t 1206 1480 404 685
t 1206 972 867 905
t 1206 972 867 382
t 1206 867 685 382
t 1206 404 1052 685
t 1206 1052 685 870
t 1207 915 617 537
t 1207 915 617 649
t 1207 915 1343 450
t 1207 915 1343 537
t 1207 915 450 1032
t 1207 450 1032 732
t 1207 450 14 968
t 1207 450 14 1090
t 1207 1032 649 1076
t 1207 14 968 1076
t 1208 1011 1350 248
t 1208 1011 316 176
t 1208 1011 176 855
t 1208 1350 1362 176
t 1208 52 1425 248
t 1208 52 1362 50
t 1208 52 207 855
t 1208 1020 316 1362
t 1208 1020 1425 207
t 1208 1020 50 207
t 1208 1020 248 176
t 1208 316 1425 176
t 1208 1425 248 855
t 1209 252 583 1083
t 1209 1442 247 1432
t 1209 245 315 355
t 1209 583 1083 1432
t 1210 1062 1203 17
t 1210 1062 17 731
t 1210 1062 17 99
t 1210 1203 1157 99
t 1210 669 974 635
t 1210 669 974 903
t 1210 17 90 1474
t 1210 17 635 731
t 1210 90 635 99
t 1210 90 1474 903
t 1210 635 731 903
t 1210 1474 731 903
t 1211 398 529 106
t 1211 398 931 762
t 1211 398 522 1468
t 1211 529 931 762
t 1211 1165 931 1433
t 1211 1165 522 255
t 1211 661 522 1468
t 1211 661 522 762
t 1211 661 1468 106
t 1211 931 1468 1433
t 1211 522 762 1
t 1211 255 762 1
t 1212 432 425 123
t 1212 432 474 158
t 1212 425 1377 587
t 1212 1176 1377 587
t 1212 1176 123 2
t 1212 1377 474 559
t 1212 1377 587 559
t 1212 474 123 173
t 1212 474 158 1464
t 1212 158 559 1464
t 1213 353 812 411
t 1213 353 691 725
t 1213 353 1250 725
t 1213 353 1250 722
t 1213 353 1475 722
t 1213 200 1262 722
t 1213 200 411 1475
t 1213 387 812 1262
t 1213 387 1262 418
t 1213 812 1262 1250
t 1213 1262 411 418
t 1213 691 411 418
t 1214 464 1230 1396
t 1214 464 75 1396
t 1214 464 327 1380
t 1214 513 75 500
t 1214 513 500 710
t 1214 513 500 606
t 1214 1230 344 710
t 1214 1230 1396 1380
t 1214 1230 500 606
t 1214 344 1396 1380
t 1215 286 1409 1040
t 1215 286 1409 1235
t 1215 286 1351 1352
t 1215 286 1049 1235
t 1215 286 1040 440
t 1215 286 1040 1282
t 1215 286 55 440
t 1215 286 55 1235
t 1215 1027 55 1352
t 1215 1027 440 1352
t 1215 1409 1351 55
t 1215 1409 1040 1352
t 1215 1409 271 1235
t 1215 1049 1040 1235
t 1215 1049 55 1352
t 1215 1040 1282 1235
t 1215 440 1282 1235
t 1216 840 491 1181
t 1216 92 764 1085
t 1216 92 830 471
t 1216 764 930 491
t 1216 764 471 1085
t 1216 710 471 491
t 1216 1009 930 513
t 1217 1498 980 1040
t 1217 1498 568 152
t 1217 980 568 1040
t 1217 980 568 973
t 1217 980 181 971
t 1217 980 1198 1040
t 1217 980 971 1040
t 1217 395 181 388
t 1217 568 152 1198
t 1217 1314 152 971
t 1217 1314 1198 388
t 1217 1314 1198 973
t 1217 152 181 1040
t 1217 181 1198 388
t 1217 1198 971 973
t 1218 1365 776 760
t 1218 1365 776 1477
t 1218 947 555 1138
t 1218 947 1138 1394
t 1218 814 555 1486
t 1218 776 399 1138
t 1218 776 1138 1394
t 1218 555 682 1138
t 1218 555 1486 1477
t 1218 399 1138 1477
t 1219 643 72 976
t 1219 941 932 361
t 1219 941 788 1428
t 1219 976 788 361
t 1219 932 788 361
t 1219 932 11 996
t 1220 1021 437 1399
t 1220 1021 437 1401
t 1220 756 437 1399
t 1220 756 656 1102
t 1220 756 656 753
t 1220 211 1399 1317
t 1220 211 656 1317
t 1220 211 753 21
t 1220 211 753 1401
t 1220 437 1399 866
t 1220 437 656 21
t 1220 437 1102 21
t 1220 437 1317 866
t 1220 656 1102 866
t 1220 656 1317 866
t 1220 753 866 1401
t 1221 136 1295 1072
t 1221 136 282 68
t 1221 1295 282 1125
t 1221 1295 138 1125
t 1221 1295 900 68
t 1221 282 993 115
t 1221 282 115 1125
t 1221 282 1125 68
t 1221 993 138 1125
t 1221 993 138 1072
t 1221 993 900 1072
t 1221 993 900 68
t 1221 138 115 900
t 1221 138 900 1125
t 1222 205 1106 1158
t 1222 205 1106 223
t 1222 205 551 80
t 1222 1106 80 223
t 1222 1140 949 371
t 1222 551 371 345
t 1222 80 949 223
t 1222 371 114 345
t 1222 223 882 345
t 1223 726 176 231
t 1223 726 1202 609
t 1223 4 176 703
t 1223 176 1202 1145
t 1223 109 1126 642
t 1223 109 1246 609
t 1223 109 703 231
t 1223 1126 642 231
t 1224 126 1353 170
t 1224 126 913 125
t 1224 126 913 482
t 1224 126 447 663
t 1224 391 730 170
t 1224 975 772 482
t 1224 975 913 663
t 1224 913 125 730
t 1224 447 125 730
t 1225 1450 408 794
t 1225 1450 650 1066
t 1225 408 943 514
t 1225 408 794 690
t 1225 408 650 724
t 1225 408 650 235
t 1225 408 1066 235
t 1225 408 724 690
t 1225 943 22 650
t 1225 943 22 235
t 1225 943 794 650
t 1225 514 22 724
t 1225 794 650 690
t 1225 794 724 235
t 1226 1427 1265 1205
t 1226 1427 404 1205
t 1226 946 858 866
t 1226 1265 858 895
t 1226 1265 404 1205
t 1226 858 21 1205
t 1226 21 404 1018
t 1227 480 1454 1373
t 1227 480 1454 572
t 1227 480 1291 382
t 1227 480 19 572
t 1227 480 572 782
t 1227 1454 572 192
t 1227 1373 19 572
t 1227 1373 1135 192
t 1227 1373 192 48
t 1227 1291 382 1135
t 1227 19 1135 48
t 1227 572 782 1052
t 1227 782 1052 1135
t 1228 751 806 234
t 1228 751 599 234
t 1228 751 1049 1409
t 1228 87 806 1409
t 1228 87 1338 1003
t 1228 87 1003 1049
t 1228 806 1338 1409
t 1228 806 1049 1409
t 1228 599 783 1049
t 1228 599 783 234
t 1228 1338 1003 234
t 1228 1338 1003 1409
t 1228 545 1003 234
t 1229 1364 898 840
t 1229 1364 898 13
t 1229 1364 110 673
t 1229 1364 939 230
t 1229 898 930 673
t 1229 898 939 673
t 1229 898 939 1009
t 1229 898 830 644
t 1229 110 930 939
t 1229 110 930 673
t 1229 110 930 644
t 1229 110 673 830
t 1229 840 13 230
t 1229 840 644 1009
t 1229 930 939 13
t 1229 930 673 830
t 1229 13 644 1009
t 1230 464 1214 75
t 1230 710 75 677
t 1230 710 1380 606
t 1230 710 677 1396
t 1231 1110 922 331
t 1231 1110 826 331
t 1231 1110 311 232
t 1231 1233 163 232
t 1231 1233 163 117
t 1231 1233 163 331
t 1231 1233 922 311
t 1231 1233 826 311
t 1231 1233 311 1173
t 1231 163 922 311
t 1231 163 922 232
t 1231 163 1173 232
t 1231 684 826 117
t 1231 1173 232 331
t 1232 533 525 192
t 1232 533 192 1420
t 1232 533 1467 1095
t 1232 525 192 911
t 1232 525 1420 911
t 1232 525 1420 382
t 1232 525 382 253
t 1232 192 1052 204
t 1232 192 911 253
t 1232 192 1467 253
t 1232 192 382 204
t 1232 1420 1052 782
t 1232 1420 1052 253
t 1232 1420 1467 253
t 1232 1052 911 253
t 1232 782 911 1467
t 1232 782 911 382
t 1232 911 1095 204
t 1232 1467 382 1095
t 1233 1173 495 331
t 1233 1173 331 1082
t 1233 495 331 853
t 1233 495 163 1231
t 1233 331 1255 717
t 1233 331 1231 695
t 1233 331 1231 853
t 1233 163 1231 717
t 1233 163 1231 498
t 1233 1255 1231 695
t 1233 1255 717 695
t 1233 1255 717 498
t 1234 1242 221 193
t 1234 1242 490 193
t 1234 1242 490 566
t 1234 1242 149 723
t 1234 221 595 193
t 1234 221 595 723
t 1234 221 1113 193
t 1234 490 595 723
t 1234 490 149 1160
t 1234 490 481 723
t 1234 490 1160 566
t 1234 595 1113 481
t 1234 595 1113 1160
t 1234 595 1160 566
t 1234 1113 118 566
t 1234 193 481 723
t 1235 1282 1495 152
t 1235 1282 1495 199
t 1235 1282 973 152
t 1235 1495 956 55
t 1235 1495 634 199
t 1235 1495 286 199
t 1235 956 754 55
t 1235 956 634 973
t 1235 754 634 973
t 1235 754 973 886
t 1235 634 973 181
t 1235 286 181 55
t 1235 886 181 199
t 1236 67 1191 1096
t 1236 67 1191 981
t 1236 67 1010 1096
t 1236 67 128 582
t 1236 809 1191 1010
t 1236 809 1096 582
t 1236 809 128 981
t 1236 1191 981 605
t 1236 1010 1263 582
t 1236 1096 1263 472
t 1236 1096 1263 1305
t 1236 1263 605 472
t 1236 981 582 472
t 1237 445 708 726
t 1237 445 1020 726
t 1237 445 703 726
t 1237 445 726 1259
t 1237 362 890 884
t 1237 362 890 703
t 1237 708 1020 325
t 1237 708 726 1259
t 1237 1202 890 726
t 1237 1202 884 325
t 1237 1202 703 1259
t 1237 1202 1259 325
t 1237 884 726 1259
t 1238 54 301 1056
t 1238 276 1470 1056
t 1238 276 357 1056
t 1238 276 357 1386
t 1238 1470 301 160
t 1238 301 561 889
t 1238 301 1386 160
t 1238 561 1386 1499
t 1238 561 1386 160
t 1238 561 1499 889
t 1239 402 1241 1469
t 1239 402 377 835
t 1239 402 1087 1469
t 1239 402 1288 354
t 1239 1241 763 1087
t 1239 763 1260 1087
t 1239 1260 377 835
t 1239 1260 1288 818
t 1239 1260 1469 835
t 1240 1482 447 125
t 1240 447 125 112
t 1240 447 1337 391
t 1240 125 772 327
t 1240 772 112 1281
t 1240 772 327 348
t 1240 112 139 327
t 1241 1087 763 593
t 1241 763 1239 390
t 1241 763 177 593
t 1241 763 177 390
t 1241 763 991 1327
t 1241 1288 1422 991
t 1241 1288 1260 991
t 1241 1288 1043 593
t 1241 1422 1239 593
t 1241 1422 1260 1043
t 1241 1422 1043 390
t 1241 1239 1327 390
t 1241 1260 991 593
t 1241 177 991 1327
t 1241 593 1327 390
t 1242 1234 193 1447
t 1242 1234 481 1160
t 1242 1234 490 723
t 1242 1234 1160 723
t 1242 595 1160 723
t 1242 595 723 1447
t 1242 595 1447 1078
t 1242 481 1160 1078
t 1242 481 12 221
t 1242 490 1160 1447
t 1242 490 1160 1078
t 1243 1463 1279 135
t 1243 1463 504 465
t 1243 1463 202 540
t 1243 1463 465 658
t 1243 1346 1279 658
t 1243 1346 135 312
t 1243 1346 465 658
t 1243 1385 504 202
t 1243 1385 312 540
t 1243 135 202 465
t 1243 135 465 540
t 1243 982 504 202
t 1244 1478 970 468
t 1244 1478 394 468
t 1244 1478 1120 507
t 1244 970 394 247
t 1244 970 1374 987
t 1244 970 1374 292
t 1244 970 671 507
t 1244 394 468 247
t 1244 1374 671 507
t 1244 1120 468 671
t 1244 247 507 292
t 1245 725 747 474
t 1245 725 474 432
t 1245 896 1479 432
t 1245 747 425 1479
t 1245 747 425 1308
t 1245 747 1479 432
t 1245 747 559 432
t 1245 474 425 200
t 1245 474 425 559
t 1245 474 1479 1308
t 1245 353 1308 200
t 1246 1145 109 231
t 1246 1145 109 52
t 1246 1145 231 52
t 1246 642 176 1223
t 1246 642 176 4
t 1246 642 4 251
t 1246 642 4 726
t 1246 642 251 104
t 1246 176 4 52
t 1246 176 231 52
t 1246 4 251 52
t 1246 4 726 1362
t 1246 251 726 231
t 1247 379 1379 395
t 1247 379 519 1347
t 1247 326 1379 395
t 1247 326 1379 519
t 1247 326 1379 1058
t 1247 295 102 1134
t 1247 1379 1198 395
t 1247 1379 1198 1347
t 1247 1379 1198 1134
t 1247 102 980 1058
t 1247 102 1058 1347
t 1247 1198 395 1134
t 1247 1198 519 1134
t 1247 1198 1058 1134
t 1248 60 1306 424
t 1248 60 1306 1193
t 1248 60 285 1475
t 1248 288 285 771
t 1248 283 424 771
t 1248 283 775 1193
t 1249 1411 502 862
t 1249 1411 857 862
t 1249 1411 863 1013
t 1249 1411 597 824
t 1249 502 857 1272
t 1249 502 863 597
t 1249 1116 628 597
t 1249 1116 857 597
t 1249 1116 863 1272
t 1249 1116 863 1013
t 1249 628 597 824
t 1249 712 862 1013
t 1250 418 812 1497
t 1250 359 691 521
t 1250 359 691 494
t 1250 359 812 1446
t 1250 359 1115 1497
t 1250 691 133 411
t 1250 691 133 1497
t 1250 133 494 411
t 1250 1446 521 986
t 1250 986 1115 1497
t 1251 1296 16 187
t 1251 1296 94 619
t 1251 1296 1138 619
t 1251 96 94 187
t 1251 96 1138 518
t 1251 96 619 399
t 1251 16 94 607
t 1251 16 1138 607
t 1251 94 1138 518
t 1251 94 619 399
t 1252 608 714 1091
t 1252 448 652 1316
t 1252 1200 652 1091
t 1252 1200 986 334
t 1252 1316 986 1091
t 1253 718 794 1450
t 1253 718 794 1186
t 1253 718 376 1186
t 1253 718 376 515
t 1253 794 1393 1186
t 1253 376 1393 1450
t 1253 376 514 1450
t 1253 376 514 438
t 1253 376 1186 515
t 1253 1393 1186 438
t 1253 1038 514 515
t 1253 1038 1186 1127
t 1253 650 514 1450
t 1254 1070 537 76
t 1254 1070 537 606
t 1254 1070 663 434
t 1254 95 761 617
t 1254 95 1287 537
t 1254 95 663 434
t 1254 95 434 617
t 1254 761 434 76
t 1254 1287 537 617
t 1254 1287 434 606
t 1254 1287 482 1377
t 1254 1287 1377 606
t 1254 537 434 606
t 1255 498 591 1233
t 1255 498 112 304
t 1255 498 495 883
t 1255 1173 112 43
t 1255 1173 112 1281
t 1255 1173 1233 1281
t 1255 1173 43 1281
t 1255 591 1130 883
t 1255 112 1233 1130
t 1255 43 1281 304
t 1255 495 1281 1130
t 1255 1323 304 1130
t 1256 260 789 755
t 1256 260 996 570
t 1256 260 511 755
t 1256 789 511 755
t 1256 789 755 484
t 1256 680 996 570
t 1256 680 511 484
t 1256 694 996 1452
t 1256 694 891 1452
t 1256 694 1452 511
t 1256 694 511 755
t 1256 996 1452 484
t 1256 996 511 484
t 1256 570 511 484
t 1257 235 650 1066
t 1257 408 1393 475
t 1257 408 690 1066
t 1257 1186 690 1225
t 1257 1186 1225 1450
t 1257 650 475 1066
t 1257 650 845 943
t 1257 475 1225 1450
t 1257 690 845 1066
t 1258 517 888 1168
t 1258 517 1064 1178
t 1258 517 1064 273
t 1258 168 1064 1178
t 1258 168 1064 273
t 1258 888 1064 655
t 1258 1064 1168 743
t 1258 1064 1178 228
t 1258 655 273 966
t 1258 228 743 966
t 1259 325 708 206
t 1259 708 362 1202
t 1259 708 1202 445
t 1259 1424 206 1126
t 1259 1424 1237 445
t 1259 609 206 1202
t 1259 362 1237 884
t 1259 362 1126 1202
t 1259 362 884 624
t 1260 1087 429 1042
t 1260 1087 1241 1422
t 1260 1087 1109 1422
t 1260 1087 695 1166
t 1260 429 593 1166
t 1260 429 695 1057
t 1260 1109 593 1422
t 1260 1109 593 1057
t 1260 1109 593 1166
t 1260 1109 1422 1239
t 1260 1422 695 1166
t 1260 1422 1057 1288
t 1260 695 1042 1239
t 1260 695 1057 1288
t 1261 32 877 89
t 1261 32 892 1175
t 1261 32 89 1338
t 1261 32 1338 1175
t 1261 488 367 806
t 1261 488 89 1338
t 1261 1136 892 240
t 1261 1136 240 1175
t 1261 892 844 1175
t 1262 1475 36 1193
t 1262 1475 36 133
t 1262 36 494 463
t 1262 36 858 418
t 1262 36 858 775
t 1262 36 1213 1193
t 1262 36 1213 1250
t 1262 36 1193 775
t 1262 36 1250 463
t 1262 858 1213 1193
t 1262 858 1250 775
t 1262 1213 133 418
t 1262 283 1193 1250
t 1262 283 133 463
t 1262 418 463 775
t 1263 981 1305 1413
t 1263 981 128 1413
t 1263 1305 1387 809
t 1263 128 1387 1236
t 1263 1387 1413 1449
t 1264 855 1425 309
t 1264 855 795 309
t 1264 855 207 35
t 1264 855 824 862
t 1264 855 309 862
t 1264 1425 7 862
t 1264 1425 400 35
t 1264 1425 400 1299
t 1264 1425 824 1299
t 1264 35 1299 862
t 1264 248 309 862
t 1265 21 1427 858
t 1265 1427 972 1226
t 1265 1427 972 756
t 1265 1427 1317 1399
t 1265 1427 1317 895
t 1265 1427 866 1220
t 1265 1427 1399 1206
t 1265 1427 895 1220
t 1265 1427 858 756
t 1265 972 866 1399
t 1265 972 866 1220
t 1265 972 1399 1206
t 1265 866 858 756
t 1265 1399 858 756
t 1265 1226 858 1220
t 1266 1416 1443 936
t 1266 1416 881 1124
t 1266 1054 869 137
t 1266 1054 1443 1016
t 1266 1054 901 1016
t 1266 1054 936 137
t 1266 1054 137 1124
t 1266 869 1016 962
t 1266 1443 901 1016
t 1266 1443 901 962
t 1266 662 1016 962
t 1266 936 962 881
t 1267 556 1464 1407
t 1267 556 1053 2
t 1267 430 1053 1377
t 1267 430 1053 1273
t 1267 430 244 1407
t 1267 434 244 95
t 1267 434 1273 1407
t 1267 1464 244 1377
t 1267 1464 1273 230
t 1267 1053 244 95
t 1267 1053 1273 1407
t 1267 244 1377 1273
t 1268 351 1163 587
t 1268 351 848 1039
t 1268 746 1163 213
t 1268 746 587 841
t 1268 746 1039 841
t 1268 1163 1174 1039
t 1268 587 364 1039
t 1268 364 1174 841
t 1269 103 15 1297
t 1269 103 1389 1189
t 1269 15 277 1189
t 1269 15 557 1270
t 1269 15 557 1189
t 1269 1297 1389 950
t 1269 1297 209 1189
t 1269 1389 209 1270
t 1269 1389 209 1189
t 1269 1389 1395 1189
t 1269 1389 1270 950
t 1269 1389 1270 1189
t 1269 209 277 1270
t 1269 209 978 1189
t 1269 277 978 1189
t 1269 277 1395 1270
t 1269 277 950 1189
t 1270 1395 557 15
t 1270 1395 978 325
t 1270 15 206 624
t 1270 1269 325 206
t 1270 978 206 624
t 1270 950 277 624
t 1271 1497 1115 521
t 1271 1497 1115 1091
t 1271 1497 133 521
t 1271 1497 1473 1220
t 1271 1115 133 1021
t 1271 1115 133 831
t 1271 1115 1473 831
t 1271 1115 359 831
t 1271 1021 359 494
t 1271 1021 359 1102
t 1271 1021 831 1091
t 1271 521 831 494
t 1271 1473 1102 1091
t 1272 233 223 1190
t 1272 233 1100 1140
t 1272 223 713 144
t 1272 223 1190 1140
t 1272 223 186 1140
t 1272 223 186 786
t 1272 223 786 144
t 1272 1100 122 1190
t 1272 122 1312 786
t 1272 713 1312 786
t 1272 1190 186 786
t 1273 241 1294 38
t 1273 241 389 936
t 1273 241 244 38
t 1273 1294 389 478
t 1273 1294 38 586
t 1273 389 478 962
t 1273 389 962 936
t 1273 244 262 586
t 1273 556 962 1107
t 1273 556 38 586
t 1274 273 1168 107
t 1274 1168 966 738
t 1274 228 919 966
t 1274 228 227 517
t 1274 228 107 738
t 1274 228 168 517
t 1274 919 227 738
t 1274 919 107 517
t 1274 227 107 966
t 1274 227 517 738
t 1275 766 668 127
t 1275 766 997 1304
t 1275 541 127 963
t 1275 668 997 194
t 1275 668 127 963
t 1275 182 735 127
t 1275 182 720 194
t 1275 735 997 963
t 1275 735 720 284
t 1275 735 194 1304
t 1275 997 127 720
t 1275 997 720 963
t 1276 1008 1002 194
t 1276 735 215 194
t 1276 735 573 436
t 1276 735 284 1002
t 1276 735 127 668
t 1276 578 573 127
t 1276 578 573 436
t 1276 954 573 1002
t 1276 284 436 194
t 1277 1397 805 1368
t 1277 1397 603 1368
t 1277 1397 1192 752
t 1277 165 308 1139
t 1277 165 1490 1192
t 1277 165 805 1139
t 1277 308 603 1192
t 1277 308 752 797
t 1277 805 603 1139
t 1277 805 1192 1139
t 1277 603 1139 797
t 1278 1307 908 880
t 1278 1307 880 1459
t 1278 368 360 880
t 1278 368 1182 476
t 1278 368 476 1179
t 1278 368 908 473
t 1278 360 908 880
t 1278 1301 880 1459
t 1278 1182 473 1179
t 1279 1463 1346 987
t 1279 1346 504 468
t 1279 1346 1120 970
t 1279 1346 1120 468
t 1279 504 1120 1112
t 1279 1243 987 468
t 1279 1243 1120 1112
t 1279 1243 970 468
t 1279 671 970 507
t 1279 1120 970 1112
t 1280 150 934 132
t 1280 150 248 207
t 1280 150 256 86
t 1280 150 769 132
t 1280 1114 248 86
t 1280 1114 132 207
t 1280 1114 86 921
t 1280 934 248 567
t 1280 934 567 207
t 1280 248 401 921
t 1280 248 256 769
t 1280 248 769 921
t 1280 401 256 132
t 1280 401 132 207
t 1280 132 86 921
t 1281 112 1240 1323
t 1281 112 43 498
t 1281 112 43 1293
t 1281 1440 1482 619
t 1281 1440 1482 1323
t 1281 1440 1255 498
t 1281 591 1482 619
t 1281 591 498 1293
t 1281 1240 1255 1293
t 1281 1482 1337 498
t 1281 1482 498 1293
t 1281 1337 1323 1255
t 1282 1235 754 1352
t 1282 55 1495 754
t 1282 55 1495 1410
t 1282 199 634 1215
t 1282 199 1410 1027
t 1282 634 1495 1352
t 1282 634 1352 1175
t 1282 634 1410 1027
t 1282 634 1027 1175
t 1282 754 1352 1027
t 1282 1352 1410 1175
t 1283 157 1135 1467
t 1283 157 1135 782
t 1283 157 572 1378
t 1283 1135 1302 1454
t 1283 1135 1467 782
t 1283 1302 572 1454
t 1283 1302 572 192
t 1283 1302 525 1378
t 1283 572 192 1378
t 1283 911 1095 192
t 1283 911 1095 525
t 1283 911 1454 1378
t 1283 1454 192 525
t 1284 807 346 393
t 1284 807 634 393
t 1284 807 748 393
t 1284 1335 741 1161
t 1284 1335 1332 393
t 1284 851 346 748
t 1284 851 1077 1332
t 1284 851 1161 1332
t 1284 741 1077 393
t 1284 456 634 393
t 1284 1077 634 748
t 1285 1098 1147 800
t 1285 622 412 800
t 1285 622 220 800
t 1285 622 1446 407
t 1285 1147 1355 1446
t 1285 1355 1446 800
t 1286 702 1119 73
t 1286 702 1119 370
t 1286 702 1119 790
t 1286 1334 674 802
t 1286 1334 790 180
t 1286 674 909 370
t 1286 674 370 180
t 1286 674 1294 180
t 1287 761 95 1254
t 1287 761 95 663
t 1287 606 434 513
t 1287 606 1019 663
t 1287 95 663 344
t 1287 1254 76 344
t 1287 434 1019 513
t 1287 434 830 344
t 1287 434 513 663
t 1287 1019 663 344
t 1287 537 76 663
t 1288 1241 390 535
t 1288 1241 593 535
t 1288 1043 1087 1434
t 1288 763 1087 177
t 1288 763 1087 835
t 1288 763 390 1260
t 1288 763 390 1239
t 1288 1087 1434 835
t 1288 390 1434 177
t 1288 390 1260 535
t 1288 1434 1260 835
t 1288 1434 177 535
t 1288 1434 177 1239
t 1288 1260 177 535
t 1289 1307 1278 360
t 1289 1307 368 1301
t 1289 1307 360 1301
t 1289 1307 360 885
t 1289 1278 908 880
t 1289 1278 908 885
t 1289 1278 908 473
t 1289 1278 1179 473
t 1289 1182 360 1179
t 1289 476 1301 885
t 1289 908 368 885
t 1289 908 368 473
t 1289 908 1179 473
t 1290 868 966 1461
t 1290 868 966 107
t 1290 868 1061 655
t 1290 868 655 517
t 1290 1461 571 113
t 1290 1461 227 107
t 1290 1461 113 1061
t 1290 1461 1061 107
t 1290 571 227 1061
t 1290 227 888 655
t 1290 227 888 107
t 1290 113 1061 517
t 1291 1373 685 480
t 1291 1373 685 889
t 1291 685 1227 480
t 1291 685 151 1206
t 1291 685 151 140
t 1291 685 1188 1206
t 1291 1227 404 1206
t 1291 151 544 1188
t 1291 151 889 1206
t 1291 544 889 140
t 1291 1358 1188 889
t 1291 889 1206 140
t 1292 1108 1097 266
t 1292 1108 310 405
t 1292 1108 433 1449
t 1292 1097 266 1449
t 1292 266 405 590
t 1292 405 433 1449
t 1292 590 600 433
t 1292 636 600 433
t 1293 1337 607 1323
t 1293 1337 446 218
t 1293 1337 218 870
t 1293 1440 619 867
t 1293 1440 619 1323
t 1293 1440 1480 218
t 1293 1440 1480 1323
t 1293 619 446 905
t 1293 619 905 1323
t 1293 1480 905 1323
t 1294 389 478 73
t 1294 389 1286 556
t 1294 478 1334 73
t 1294 478 702 180
t 1294 1273 1334 73
t 1294 1273 702 241
t 1294 1273 702 73
t 1294 1273 73 180
t 1294 1334 73 1286
t 1294 1334 1407 556
t 1294 244 1407 556
t 1295 136 900 1132
t 1295 1221 282 1072
t 1295 1221 1125 803
t 1295 1221 993 1132
t 1295 282 138 1072
t 1295 282 1125 68
t 1295 282 1125 115
t 1295 282 1072 115
t 1295 138 1132 1072
t 1295 1125 900 803
t 1295 1125 900 1072
t 1295 1125 1072 115
t 1295 900 993 1132
t 1295 68 1072 115
t 1296 1251 96 1138
t 1296 94 96 619
t 1296 94 1483 619
t 1296 16 1130 518
t 1296 16 1323 591
t 1296 187 96 1130
t 1296 96 1483 591
t 1296 1323 591 619
t 1296 1483 591 518
t 1297 209 1389 1270
t 1297 209 103 63
t 1297 209 103 881
t 1297 1269 0 277
t 1297 1269 103 1270
t 1297 1269 1395 63
t 1297 0 1389 103
t 1297 0 103 1270
t 1297 1389 277 1395
t 1297 1389 103 881
t 1297 1389 1395 1270
t 1298 70 767 1442
t 1298 70 1442 1131
t 1298 70 1442 828
t 1298 767 583 1442
t 1298 767 583 1131
t 1298 767 245 250
t 1298 767 539 1159
t 1298 583 245 539
t 1298 738 250 828
t 1298 245 1442 1159
t 1298 245 250 1159
t 1298 539 250 1159
t 1299 144 628 597
t 1299 144 345 1329
t 1299 333 862 1444
t 1299 333 862 597
t 1299 333 721 1329
t 1299 333 345 597
t 1299 35 198 345
t 1299 35 345 1118
t 1299 198 628 1329
t 1299 198 628 1118
t 1299 198 1444 1329
t 1299 862 628 597
t 1299 628 721 1444
t 1299 628 345 597
t 1299 721 1329 1118
t 1299 1444 597 1118
t 1300 700 307 42
t 1300 700 1490 1368
t 1300 700 296 1139
t 1300 700 1368 651
t 1300 700 497 651
t 1300 647 705 1139
t 1300 647 705 1368
t 1300 647 1139 651
t 1300 705 1490 1139
t 1300 705 1490 1368
t 1300 705 1368 42
t 1300 1490 1139 497
t 1300 1490 1368 497
t 1300 296 1139 497
t 1300 497 42 733
t 1301 1459 360 528
t 1301 1459 1278 512
t 1301 1459 1307 528
t 1301 1459 600 483
t 1301 360 31 528
t 1301 360 512 483
t 1301 368 528 483
t 1301 1289 1307 600
t 1302 1467 911 782
t 1302 1467 157 782
t 1302 1467 1135 572
t 1302 1283 911 1378
t 1302 1283 157 6
t 1302 911 1378 1135
t 1302 911 1095 1420
t 1302 1378 157 6
t 1302 1378 204 1135
t 1302 1378 1135 1420
t 1302 1095 1135 1420
t 1302 204 572 782
t 1302 204 572 6
t 1302 1135 572 6
t 1302 1135 1420 782
t 1303 23 324 665
t 1303 23 604 24
t 1303 23 604 1404
t 1303 0 421 665
t 1303 324 604 852
t 1303 324 169 1404
t 1303 324 421 852
t 1303 604 421 852
t 1303 604 24 1443
t 1303 665 24 1404
t 1303 24 1443 881
t 1304 1059 1092 698
t 1304 1059 1092 825
t 1304 1059 698 101
t 1304 1059 101 444
t 1304 917 1429 541
t 1304 917 1092 101
t 1304 917 541 698
t 1304 1429 541 825
t 1304 1429 698 444
t 1304 659 1092 444
t 1304 659 720 101
t 1304 1092 720 698
t 1304 698 101 444
t 1305 472 983 809
t 1305 472 983 894
t 1305 472 809 1088
t 1305 472 1387 1449
t 1305 472 1387 1236
t 1305 1263 981 894
t 1305 1263 128 1449
t 1305 981 983 1387
t 1305 981 809 1449
t 1305 981 809 1236
t 1305 128 1449 575
t 1305 809 1088 1236
t 1306 60 1063 283
t 1306 267 1199 1018
t 1306 267 1481 283
t 1306 3 1199 775
t 1306 3 1199 1481
t 1306 3 1199 1018
t 1306 3 775 1063
t 1306 775 1481 711
t 1306 1063 1481 1018
t 1307 1289 1278 1182
t 1307 1278 368 476
t 1307 1278 360 1400
t 1307 1182 908 1301
t 1307 1182 908 1426
t 1307 476 360 1301
t 1308 412 1098 676
t 1308 412 220 676
t 1308 412 786 1479
t 1308 412 786 122
t 1308 1098 220 407
t 1308 1098 220 676
t 1308 407 297 122
t 1308 407 1444 122
t 1308 1479 297 1444
t 1309 1015 1488 250
t 1309 1015 1488 558
t 1309 1015 1472 118
t 1309 1015 149 118
t 1309 1015 118 828
t 1309 1015 558 1341
t 1309 1488 149 250
t 1309 1383 149 1341
t 1309 1383 118 1113
t 1309 1383 250 558
t 1309 1472 118 250
t 1309 1472 250 828
t 1309 1472 1113 1341
t 1309 118 1201 828
t 1309 250 1201 1341
t 1310 1111 222 414
t 1310 1111 836 162
t 1310 1111 811 6
t 1310 222 1451 242
t 1310 222 456 6
t 1310 1451 836 456
t 1310 1451 1378 6
t 1310 414 456 811
t 1310 414 811 6
t 1310 1378 811 162
t 1310 811 242 162
t 1311 503 1184 1371
t 1311 503 1184 1415
t 1311 1184 598 1130
t 1311 1184 883 1371
t 1311 598 139 1130
t 1311 598 1130 43
t 1311 139 883 1371
t 1311 139 1415 677
t 1311 124 1371 677
t 1311 883 677 887
t 1311 1371 677 887
t 1311 1415 1130 887
t 1311 1130 677 887
t 1312 1100 33 912
t 1312 1100 912 713
t 1312 1100 800 122
t 1312 1100 186 1067
t 1312 1100 415 1067
t 1312 323 33 1067
t 1312 323 912 713
t 1312 323 713 415
t 1312 33 912 1067
t 1312 33 713 186
t 1312 33 800 186
t 1312 912 186 1067
t 1312 912 415 1067
t 1312 713 122 415
t 1312 800 122 1067
t 1313 994 554 113
t 1313 994 554 1114
t 1313 994 37 1318
t 1313 994 1072 309
t 1313 994 1072 993
t 1313 994 113 1114
t 1313 554 37 1318
t 1313 422 113 993
t 1313 422 791 1114
t 1313 37 1072 309
t 1313 37 1072 993
t 1313 1072 309 791
t 1313 1072 1318 113
t 1313 1072 993 1114
t 1313 1318 795 1114
t 1313 113 791 1114
t 1314 1217 980 1198
t 1314 172 1498 1379
t 1314 172 980 568
t 1314 172 395 152
t 1314 172 1354 152
t 1314 1498 395 1354
t 1314 1498 1354 1198
t 1314 1498 1379 152
t 1314 980 971 1354
t 1314 980 1198 1379
t 1314 971 395 1354
t 1314 971 1354 1198
t 1314 971 1354 1379
t 1314 395 1354 1198
t 1314 395 1068 1198
t 1314 395 152 568
t 1314 1354 1198 152
t 1315 69 343 1392
t 1315 69 647 350
t 1315 307 647 1058
t 1315 307 876 350
t 1315 1392 1476 953
t 1315 953 1058 589
t 1316 1384 278 864
t 1316 1384 278 1252
t 1316 1384 667 349
t 1316 278 356 403
t 1316 278 334 714
t 1316 667 1067 864
t 1316 667 531 403
t 1317 756 866 858
t 1317 756 656 858
t 1317 756 1021 21
t 1317 756 437 858
t 1317 866 1220 1265
t 1317 656 158 21
t 1317 656 437 411
t 1317 656 211 21
t 1317 158 437 1265
t 1317 158 211 858
t 1318 1118 309 333
t 1318 1118 551 35
t 1318 1118 791 35
t 1318 345 333 35
t 1318 345 333 216
t 1318 345 795 216
t 1318 345 551 791
t 1318 345 791 400
t 1318 554 551 35
t 1318 795 216 1106
t 1318 791 216 1106
t 1319 654 86 88
t 1319 654 37 256
t 1319 654 153 256
t 1319 86 1022 256
t 1319 1022 37 1132
t 1319 37 1132 130
t 1319 37 153 88
t 1319 1132 153 130
t 1319 1132 88 130
t 1319 1403 256 1072
t 1319 1403 256 130
t 1320 774 1195 386
t 1320 774 1195 340
t 1320 1195 342 839
t 1320 1195 839 154
t 1320 1195 154 340
t 1320 1075 496 154
t 1320 1075 496 340
t 1320 386 849 342
t 1320 386 342 839
t 1320 386 342 154
t 1320 386 439 154
t 1320 386 439 1493
t 1320 849 342 839
t 1320 849 154 340
t 1320 439 340 1493
t 1321 974 847 1062
t 1321 974 1417 669
t 1321 727 847 289
t 1321 727 1157 1417
t 1321 847 1474 289
t 1321 1157 1203 1417
t 1321 1157 1417 731
t 1321 1474 1085 669
t 1321 289 1417 669
t 1321 289 1085 731
t 1322 185 302 689
t 1322 185 689 1390
t 1322 185 1390 265
t 1322 185 1390 46
t 1322 185 520 265
t 1322 261 709 46
t 1322 261 308 1277
t 1322 261 1277 46
t 1322 302 1390 308
t 1322 689 709 520
t 1322 689 709 1277
t 1322 689 1390 308
t 1322 689 520 1277
t 1322 689 308 1277
t 1322 709 1390 265
t 1323 619 94 1440
t 1323 619 94 96
t 1323 619 591 1281
t 1323 94 607 16
t 1323 94 96 16
t 1323 591 607 1293
t 1323 1251 1296 1293
t 1323 1251 16 1293
t 1323 1337 607 1293
t 1324 1310 6 833
t 1324 1378 1111 811
t 1324 1378 414 833
t 1324 1378 414 162
t 1324 1378 6 836
t 1324 1111 414 204
t 1324 414 833 8
t 1324 222 6 8
t 1324 833 162 811
t 1325 1406 208 651
t 1325 704 792 1468
t 1325 704 42 1468
t 1325 704 208 263
t 1325 419 1041 651
t 1325 419 1421 263
t 1325 419 1468 263
t 1325 792 1421 1468
t 1326 1023 1432 444
t 1326 1023 1092 1341
t 1326 1103 562 1092
t 1326 1103 659 1429
t 1326 1103 1341 1429
t 1326 562 1341 1429
t 1326 659 444 392
t 1326 1341 392 1462
t 1326 444 392 1462
t 1327 1422 695 177
t 1327 1422 695 1173
t 1327 536 695 1087
t 1327 536 991 117
t 1327 536 177 1241
t 1327 1087 117 1241
t 1327 991 922 1173
t 1327 177 922 117
t 1327 117 1173 1241
t 1328 845 376 1471
t 1328 845 823 918
t 1328 1066 453 438
t 1328 1066 376 918
t 1328 1066 770 918
t 1328 453 1471 823
t 1328 1471 770 918
t 1329 280 316 423
t 1329 280 721 91
t 1329 280 423 628
t 1329 810 134 1013
t 1329 810 721 628
t 1329 810 198 423
t 1329 1036 824 316
t 1329 1036 1013 628
t 1329 134 316 198
t 1329 134 1013 628
t 1330 781 295 1247
t 1330 781 1192 1030
t 1330 781 1192 1379
t 1330 781 589 1122
t 1330 384 295 589
t 1330 384 1379 1397
t 1330 295 1192 1397
t 1330 295 1197 1122
t 1330 1192 1030 165
t 1330 1192 1030 1197
t 1330 1192 1379 1397
t 1330 1192 1379 589
t 1330 1192 165 589
t 1330 1192 1397 1197
t 1330 1030 165 1247
t 1330 165 1397 589
t 1330 1397 1122 1247
t 1331 155 526 1381
t 1331 155 1381 485
t 1331 155 808 729
t 1331 526 1405 729
t 1331 1405 1381 850
t 1331 1381 81 485
t 1331 808 485 850
t 1332 1077 1161 1376
t 1332 1077 1161 442
t 1332 1077 523 393
t 1332 1077 116 940
t 1332 1077 1437 298
t 1332 1161 1376 748
t 1332 1161 1376 940
t 1332 1161 807 116
t 1332 1161 442 298
t 1332 1376 807 523
t 1332 1376 442 940
t 1332 807 748 523
t 1332 807 116 298
t 1332 807 442 1437
t 1332 748 116 940
t 1332 748 442 940
t 1332 748 1437 940
t 1332 748 298 940
t 1332 523 442 393
t 1332 1437 393 940
t 1332 393 298 940
t 1333 892 1175 240
t 1333 892 240 383
t 1333 892 55 545
t 1333 892 55 383
t 1333 892 1352 25
t 1333 240 199 25
t 1333 1146 545 383
t 1333 55 1352 545
t 1333 545 383 25
t 1334 702 1119 180
t 1334 1286 1119 478
t 1334 1286 1294 73
t 1334 1286 1294 389
t 1334 370 73 674
t 1334 370 389 674
t 1334 1119 180 73
t 1334 1119 1294 790
t 1334 1119 478 674
t 1334 180 802 674
t 1334 1294 478 790
t 1335 851 1284 741
t 1335 851 1284 456
t 1335 851 829 1004
t 1335 851 829 854
t 1335 1284 416 190
t 1335 1284 416 854
t 1335 1284 456 748
t 1335 1284 829 807
t 1335 1284 829 748
t 1335 741 456 854
t 1335 741 829 1077
t 1335 741 1004 1077
t 1335 741 854 1077
t 1335 416 456 1004
t 1335 416 456 748
t 1335 416 807 854
t 1335 829 807 854
t 1335 190 854 748
t 1336 1127 859 409
t 1336 1127 859 266
t 1336 1127 409 1088
t 1336 433 236 1088
t 1336 859 409 266
t 1336 859 770 266
t 1336 590 409 770
t 1336 590 310 266
t 1336 750 236 266
t 1336 409 770 1088
t 1336 409 310 266
t 1336 409 236 266
t 1337 1440 607 94
t 1337 1440 607 1240
t 1337 1440 218 16
t 1337 619 446 1323
t 1337 619 607 16
t 1337 619 1482 16
t 1337 1293 446 16
t 1337 1293 607 218
t 1337 1293 1323 591
t 1337 1293 218 591
t 1337 446 94 1482
t 1337 446 94 218
t 1337 607 1323 1482
t 1337 607 1323 1240
t 1337 1323 1482 16
t 1337 1323 1240 591
t 1338 806 751 1136
t 1338 806 879 965
t 1338 751 1228 879
t 1338 751 965 1261
t 1338 751 965 1136
t 1338 1228 783 1136
t 1338 1003 783 1136
t 1338 1003 783 599
t 1338 1003 1261 1136
t 1338 1003 1261 599
t 1339 194 215 582
t 1339 194 436 1008
t 1339 1024 1002 436
t 1339 1024 215 582
t 1339 1024 1008 1276
t 1339 1024 1276 954
t 1339 1024 954 832
t 1339 1002 127 573
t 1339 1002 215 573
t 1339 127 573 1008
t 1339 215 573 832
t 1339 215 1008 832
t 1339 573 582 954
t 1339 1276 582 832
t 1339 582 954 832
t 1340 1386 1171 25
t 1340 1386 25 272
t 1340 1386 25 1499
t 1340 1386 160 1056
t 1340 1171 54 1499
t 1340 25 160 1499
t 1340 25 1056 276
t 1340 25 276 272
t 1340 25 272 89
t 1340 25 89 1238
t 1340 1074 1056 1499
t 1340 1074 54 1238
t 1340 160 1056 54
t 1340 1056 276 89
t 1340 1056 272 1499
t 1340 1056 89 1499
t 1341 1432 355 1023
t 1341 1432 221 149
t 1341 1103 828 562
t 1341 1103 355 562
t 1341 1103 562 149
t 1341 828 355 221
t 1341 828 1023 467
t 1341 1023 1201 1326
t 1341 149 467 1326
t 1342 907 501 639
t 1342 907 491 639
t 1342 907 201 639
t 1342 1060 501 491
t 1342 1060 948 427
t 1342 1060 948 201
t 1342 1060 427 143
t 1342 644 491 201
t 1342 644 639 143
t 1342 201 20 143
t 1342 20 24 143
t 1343 915 458 1254
t 1343 915 458 450
t 1343 1207 617 560
t 1343 660 458 617
t 1343 660 560 913
t 1343 458 1254 450
t 1343 617 1070 450
t 1343 617 560 450
t 1343 39 1070 913
t 1343 39 560 913
t 1343 39 1254 450
t 1344 59 527 455
t 1344 527 609 1045
t 1344 527 1183 63
t 1344 206 609 1045
t 1344 206 1045 557
t 1344 902 455 950
t 1344 609 1183 950
t 1344 455 557 950
t 1344 557 950 63
t 1345 274 14 1090
t 1345 274 732 745
t 1345 274 732 1453
t 1345 14 1435 1391
t 1345 14 1137 873
t 1345 1435 1137 745
t 1345 1435 960 745
t 1345 1435 960 873
t 1345 1435 732 1090
t 1345 1137 732 1090
t 1345 1137 732 873
t 1345 1137 1391 745
t 1345 1391 1090 745
t 1346 504 1279 1385
t 1346 504 987 443
t 1346 1279 1463 1385
t 1346 1463 987 443
t 1346 1112 202 1385
t 1346 468 202 443
t 1346 468 202 1120
t 1347 519 1030 1004
t 1347 26 190 942
t 1347 26 190 102
t 1347 190 942 102
t 1347 190 1004 748
t 1347 942 1134 1030
t 1347 58 1134 102
t 1347 58 1030 741
t 1347 58 1030 748
t 1347 1134 1004 748
t 1347 102 799 741
t 1348 787 154 179
t 1348 787 179 904
t 1348 1093 166 420
t 1348 1093 179 780
t 1348 1093 179 967
t 1348 166 952 420
t 1348 166 952 660
t 1348 166 904 967
t 1348 952 420 660
t 1348 952 660 179
t 1348 131 904 967
t 1349 621 292 247
t 1349 621 292 654
t 1349 621 1430 654
t 1349 292 1022 1177
t 1349 292 1430 56
t 1349 292 1403 247
t 1349 1022 247 86
t 1349 1430 247 252
t 1349 1430 86 1177
t 1349 247 921 654
t 1349 247 654 1177
t 1349 56 921 86
t 1349 56 86 1177
t 1349 654 86 1177
t 1350 1011 1208 52
t 1350 1011 316 207
t 1350 1208 316 207
t 1350 1208 703 176
t 1350 1208 1362 1425
t 1350 1208 176 50
t 1350 1208 176 207
t 1350 52 1202 1362
t 1350 1362 50 1425
t 1351 1027 286 879
t 1351 1027 879 181
t 1351 1049 1409 879
t 1351 1049 1409 971
t 1351 1049 1040 181
t 1351 1215 286 971
t 1351 1215 1040 181
t 1351 286 226 879
t 1351 286 226 971
t 1351 286 226 181
t 1351 286 971 492
t 1352 55 827 545
t 1352 55 1409 879
t 1352 827 879 965
t 1352 199 783 545
t 1352 1175 879 545
t 1352 1040 892 545
t 1352 1040 545 965
t 1352 892 783 1049
t 1353 126 1224 913
t 1353 126 1224 663
t 1353 126 913 170
t 1353 126 772 761
t 1353 1224 913 761
t 1353 1224 170 447
t 1353 1224 772 447
t 1353 913 170 761
t 1353 913 772 663
t 1353 913 663 975
t 1353 170 391 125
t 1353 170 482 447
t 1353 170 482 761
t 1353 391 482 761
t 1354 172 603 1139
t 1354 172 603 1314
t 1354 172 805 1139
t 1354 172 1139 1397
t 1354 603 1139 784
t 1354 805 1314 815
t 1354 1139 1397 784
t 1354 1379 1490 1397
t 1354 1379 815 1397
t 1354 1314 709 1397
t 1355 415 1285 122
t 1355 1147 164 122
t 1355 1147 122 1098
t 1355 164 122 786
t 1355 1285 713 1067
t 1355 1285 122 1098
t 1355 713 220 1067
t 1355 122 1067 1312
t 1355 122 1312 233
t 1356 142 1372 1167
t 1356 610 275 856
t 1356 1372 1167 509
t 1356 1372 1167 938
t 1356 1372 509 747
t 1356 1372 747 856
t 1356 1167 275 896
t 1356 509 747 856
t 1356 747 251 896
t 1356 747 896 856
t 1357 838 1129 975
t 1357 1129 1151 730
t 1357 1129 904 112
t 1357 1129 730 975
t 1357 1151 299 1104
t 1357 1151 1493 348
t 1357 1151 975 1104
t 1357 1164 904 348
t 1357 1164 730 975
t 1357 904 730 975
t 1357 904 1493 975
t 1357 348 975 112
t 1357 348 1104 112
t 1358 404 1188 1052
t 1358 404 382 301
t 1358 404 1470 1052
t 1358 1188 382 1470
t 1358 1188 889 1470
t 1358 1188 889 192
t 1358 1188 1470 685
t 1358 1408 382 1052
t 1358 1408 301 1052
t 1358 1408 301 1373
t 1358 1408 1205 1373
t 1358 1408 1205 192
t 1358 301 889 1470
t 1358 1205 1470 1052
t 1358 1205 1470 685
t 1358 1052 192 685
t 1359 822 293 891
t 1359 822 330 1033
t 1359 822 1466 916
t 1359 1128 293 330
t 1359 1128 891 916
t 1359 1128 891 479
t 1359 1128 916 479
t 1359 293 1466 479
t 1359 1418 1466 1033
t 1359 1418 1033 479
t 1359 891 369 330
t 1359 891 1028 1033
t 1359 330 1466 479
t 1359 1466 1033 479
t 1360 465 258 1191
t 1360 465 1191 1010
t 1360 465 1010 1096
t 1360 465 1096 202
t 1360 465 832 175
t 1360 258 605 1191
t 1360 258 1096 202
t 1360 605 1010 175
t 1360 605 832 202
t 1360 605 175 997
t 1360 540 832 202
t 1360 1191 1010 175
t 1360 1010 1096 100
t 1360 1010 1096 202
t 1360 100 175 997
t 1361 435 1005 489
t 1361 435 686 195
t 1361 435 1029 195
t 1361 1005 627 1029
t 1361 1005 489 469
t 1361 321 1133 1494
t 1361 686 627 195
t 1361 686 1029 1494
t 1361 1133 1494 30
t 1361 30 489 469
t 1362 842 642 109
t 1362 842 642 176
t 1362 842 109 251
t 1362 842 176 251
t 1362 52 1011 1372
t 1362 52 109 1372
t 1362 1246 1011 1372
t 1362 642 109 1145
t 1362 642 109 1372
t 1362 642 251 1372
t 1362 1011 109 251
t 1362 1011 176 251
t 1362 176 1208 1145
t 1363 1142 339 881
t 1363 1142 714 1143
t 1363 1142 1143 665
t 1363 339 881 714
t 1363 339 335 864
t 1363 339 667 864
t 1363 339 665 864
t 1363 137 881 335
t 1363 881 714 1143
t 1363 335 460 864
t 1363 335 714 1143
t 1363 667 1143 864
t 1364 1229 830 939
t 1364 1229 939 471
t 1364 1229 1009 464
t 1364 1229 513 471
t 1364 830 230 898
t 1364 830 840 464
t 1364 830 110 1009
t 1364 13 110 1009
t 1364 230 110 1009
t 1364 230 1009 513
t 1364 840 939 1009
t 1364 110 1009 471
t 1364 110 513 471
t 1365 947 776 760
t 1365 947 776 682
t 1365 776 760 682
t 1365 776 1486 399
t 1365 682 1477 1232
t 1365 682 1486 1394
t 1365 1477 1486 1394
t 1365 1486 399 1394
t 1366 1172 692 1452
t 1366 1172 692 874
t 1366 1172 105 1071
t 1366 1172 105 1460
t 1366 692 234 1033
t 1366 692 105 874
t 1366 234 1033 105
t 1366 234 1033 874
t 1366 234 1071 1460
t 1366 1033 1071 1452
t 1366 1033 1071 874
t 1366 1033 1460 874
t 1367 217 697 927
t 1367 217 927 105
t 1367 1441 927 105
t 1367 1031 1433 1468
t 1367 1031 1433 105
t 1367 1031 226 874
t 1367 1031 813 1468
t 1367 1031 697 105
t 1367 1433 813 927
t 1367 1433 697 1468
t 1367 1433 697 196
t 1367 1433 874 105
t 1367 813 697 105
t 1367 697 1468 105
t 1368 752 734 1086
t 1368 700 1490 184
t 1368 700 184 734
t 1368 1490 647 1300
t 1368 1490 734 1300
t 1368 1490 734 1086
t 1368 1490 734 1277
t 1368 1490 1300 1277
t 1368 1490 308 1277
t 1368 1490 1086 1192
t 1368 184 308 1086
t 1368 797 734 1192
t 1368 797 1300 1086
t 1368 734 308 1192
t 1369 1094 147 712
t 1369 1094 147 862
t 1369 1094 147 693
t 1369 1094 147 628
t 1369 1094 1448 679
t 1369 1094 400 712
t 1369 1094 712 693
t 1369 147 1448 1101
t 1369 147 712 679
t 1369 1448 597 628
t 1369 400 1101 597
t 1369 400 679 628
t 1369 712 1101 862
t 1370 1051 227 1168
t 1370 1051 1274 571
t 1370 1051 1274 1412
t 1370 1051 5 1412
t 1370 1488 1274 1168
t 1370 1488 1412 1168
t 1370 227 273 68
t 1370 571 273 1412
t 1370 571 803 1472
t 1370 5 273 68
t 1370 5 68 1472
t 1370 273 803 1412
t 1370 1412 1168 1472
t 1371 1184 1311 598
t 1371 1184 92 1415
t 1371 1184 124 1141
t 1371 1184 124 1415
t 1371 1184 1141 269
t 1371 1184 503 1085
t 1371 1184 1415 1216
t 1371 1311 92 1085
t 1371 1311 1415 1216
t 1371 92 449 1085
t 1371 92 124 1216
t 1371 92 598 1085
t 1371 124 269 1415
t 1371 269 598 1085
t 1372 938 610 251
t 1372 610 142 1167
t 1372 610 251 50
t 1372 610 509 84
t 1372 610 84 1419
t 1372 1167 509 964
t 1372 1167 84 1356
t 1373 1291 685 493
t 1373 1291 404 889
t 1373 1227 480 19
t 1373 1227 889 382
t 1373 480 404 1188
t 1373 480 151 493
t 1373 685 889 19
t 1373 404 889 1188
t 1374 611 1244 394
t 1374 987 468 970
t 1374 987 247 507
t 1374 987 247 328
t 1374 468 507 1478
t 1374 1244 394 507
t 1374 394 507 970
t 1374 507 328 970
t 1374 1120 1478 970
t 1375 1366 1172 1228
t 1375 1366 692 1460
t 1375 1366 1033 105
t 1375 1366 958 1460
t 1375 1366 958 105
t 1375 1366 1028 1452
t 1375 1172 692 1228
t 1375 1172 1452 1460
t 1375 1172 1228 1460
t 1375 692 1033 234
t 1375 692 1033 105
t 1375 692 234 1452
t 1375 692 1028 1228
t 1375 664 234 105
t 1376 116 442 388
t 1376 393 748 1077
t 1376 393 1332 940
t 1376 748 1077 807
t 1376 748 1332 442
t 1376 748 442 940
t 1376 1077 807 1161
t 1376 1332 388 1161
t 1376 807 388 1161
t 1376 388 940 741
t 1377 2 76 434
t 1377 2 95 1464
t 1377 2 434 1464
t 1377 76 1212 1176
t 1377 76 1176 432
t 1377 95 434 1254
t 1377 95 432 1464
t 1377 434 1254 1464
t 1378 1324 1302 833
t 1378 1324 1302 911
t 1378 1302 6 1310
t 1378 1302 833 911
t 1378 1467 162 1095
t 1378 204 833 162
t 1378 204 833 1420
t 1378 833 911 1095
t 1378 833 1310 1420
t 1379 1247 805 326
t 1379 1247 1198 384
t 1379 1247 326 384
t 1379 1354 1314 395
t 1379 172 379 603
t 1379 172 805 395
t 1379 379 1314 326
t 1379 379 1314 384
t 1379 379 805 384
t 1379 379 326 395
t 1380 75 576 464
t 1380 75 111 861
t 1380 500 119 1214
t 1380 1396 576 464
t 1380 1396 576 518
t 1380 1396 1401 1214
t 1380 576 111 119
t 1380 576 1230 1214
t 1380 111 1401 861
t 1380 111 861 1230
t 1380 119 1214 518
t 1381 977 526 303
t 1381 977 1331 802
t 1381 977 729 1405
t 1381 977 925 1405
t 1381 977 925 303
t 1381 977 290 303
t 1381 1331 485 290
t 1381 1331 925 1405
t 1381 1331 1405 290
t 1381 729 155 1405
t 1381 729 155 290
t 1381 155 485 925
t 1381 155 802 303
t 1381 155 290 303
t 1381 485 925 303
t 1381 485 802 290
t 1382 1438 896 1435
t 1382 1438 896 474
t 1382 1438 1435 425
t 1382 1453 896 98
t 1382 1453 979 425
t 1382 1453 1435 1090
t 1382 896 1435 98
t 1382 896 98 425
t 1382 979 559 98
t 1382 979 1090 474
t 1382 979 1445 474
t 1382 559 1090 1445
t 1382 1435 633 425
t 1382 633 1445 98
t 1383 1015 1309 1131
t 1383 1015 1309 1432
t 1383 1015 392 828
t 1383 1015 392 1341
t 1383 1309 250 1103
t 1383 1309 1131 1298
t 1383 250 149 1341
t 1383 250 1131 1298
t 1383 149 1131 1432
t 1383 149 828 1298
t 1383 149 828 1341
t 1383 149 1298 1103
t 1383 149 1432 1326
t 1383 392 828 1298
t 1384 1316 531 1067
t 1384 1316 1067 356
t 1384 531 356 403
t 1384 1067 356 403
t 1384 356 631 714
t 1385 135 312 465
t 1385 135 312 605
t 1385 135 1463 605
t 1385 1243 1463 605
t 1385 1243 1346 759
t 1385 1243 202 605
t 1385 982 312 1463
t 1385 982 1463 1279
t 1385 982 1463 759
t 1385 982 1463 605
t 1385 982 1346 582
t 1385 982 465 202
t 1385 312 1463 1279
t 1385 312 1346 465
t 1385 1463 582 202
t 1385 1346 465 202
t 1385 465 582 605
t 1386 1340 1171 25
t 1386 1340 1074 1056
t 1386 1171 1074 54
t 1386 1171 160 357
t 1386 272 54 160
t 1386 1074 357 561
t 1386 54 160 25
t 1386 54 1056 561
t 1386 54 276 357
t 1386 160 1056 25
t 1387 983 715 409
t 1387 983 1026 777
t 1387 983 1026 1413
t 1387 983 1026 1496
t 1387 983 777 409
t 1387 983 1413 1088
t 1387 983 472 1263
t 1387 715 409 472
t 1387 337 1413 1263
t 1387 337 1496 1088
t 1388 143 1474 974
t 1388 143 635 727
t 1388 143 669 727
t 1388 143 1089 1060
t 1388 246 169 1089
t 1388 246 669 974
t 1388 246 974 1203
t 1388 1474 169 731
t 1388 1474 635 669
t 1388 1474 635 727
t 1388 1474 669 1203
t 1388 669 1089 1203
t 1388 727 1089 1203
t 1389 460 1269 9
t 1389 209 1269 9
t 1389 209 1297 15
t 1389 1269 277 15
t 1389 1269 1297 15
t 1389 1269 1487 137
t 1389 1297 103 1487
t 1389 1297 1142 15
t 1389 103 881 9
t 1389 103 1487 137
t 1389 9 15 137
t 1390 945 689 185
t 1390 945 689 657
t 1390 945 185 302
t 1390 945 709 694
t 1390 689 185 520
t 1390 689 302 755
t 1390 689 302 694
t 1390 689 366 694
t 1390 689 261 1322
t 1390 302 657 366
t 1390 520 657 709
t 1390 657 366 694
t 1390 657 709 694
t 1391 98 675 14
t 1391 98 1090 1464
t 1391 98 968 674
t 1391 675 14 1032
t 1391 675 1090 674
t 1391 675 274 674
t 1391 817 985 979
t 1391 817 985 674
t 1391 14 1090 968
t 1391 14 1090 1464
t 1392 1476 876 589
t 1392 1476 102 957
t 1392 1476 326 829
t 1392 1058 69 102
t 1392 69 876 829
t 1392 69 326 829
t 1392 1315 589 829
t 1392 102 957 589
t 1392 102 326 589
t 1392 102 307 829
t 1393 650 1186 794
t 1393 650 845 408
t 1393 1186 514 376
t 1393 1186 1450 718
t 1393 514 1257 794
t 1393 514 1225 408
t 1393 1450 845 718
t 1393 1257 1225 408
t 1393 718 1225 794
t 1393 718 794 408
t 1394 768 947 399
t 1394 768 744 933
t 1394 768 744 1365
t 1394 947 744 623
t 1394 947 399 1365
t 1394 947 623 1365
t 1394 744 989 760
t 1394 744 933 776
t 1394 744 933 760
t 1394 744 1218 399
t 1394 744 399 1365
t 1394 744 623 1365
t 1394 989 1218 187
t 1394 989 623 1365
t 1394 933 1218 399
t 1394 187 623 1365
t 1394 776 623 760
t 1395 1270 15 557
t 1395 1270 15 624
t 1395 1270 15 277
t 1395 1270 15 902
t 1395 1270 103 1297
t 1395 1270 624 902
t 1395 15 557 624
t 1395 557 1269 277
t 1395 557 978 950
t 1395 557 624 277
t 1395 1269 103 902
t 1395 1269 1297 206
t 1395 1269 624 277
t 1395 1269 277 206
t 1395 103 1297 950
t 1395 103 902 206
t 1395 978 1297 950
t 1395 978 624 902
t 1395 1297 902 206
t 1396 111 1214 119
t 1396 75 1380 500
t 1396 75 576 119
t 1396 75 1214 464
t 1396 1380 500 861
t 1396 1380 576 1214
t 1396 1380 861 753
t 1396 1401 861 119
t 1396 500 1214 119
t 1396 500 119 1431
t 1396 576 753 1214
t 1397 165 1139 384
t 1397 1277 805 709
t 1397 1277 805 384
t 1397 1192 603 1379
t 1397 603 709 1354
t 1397 603 295 1139
t 1397 709 295 1379
t 1397 1354 1139 384
t 1397 1139 384 1379
t 1398 629 969 1079
t 1398 629 8 1079
t 1398 629 854 1079
t 1398 629 242 819
t 1398 8 546 242
t 1398 546 854 1152
t 1398 1150 1155 819
t 1398 1079 242 819
t 1399 338 972 1021
t 1399 338 905 385
t 1399 972 1220 1480
t 1399 972 1220 1021
t 1399 1401 1102 756
t 1399 1401 1102 1021
t 1399 1401 756 1021
t 1399 905 1102 111
t 1399 1102 111 756
t 1399 111 756 1021
t 1399 385 1480 1021
t 1400 1179 723 1078
t 1400 1179 954 573
t 1400 341 578 908
t 1400 341 1289 573
t 1400 723 578 1289
t 1400 723 1307 954
t 1400 723 1307 573
t 1400 578 1289 954
t 1400 1289 573 1278
t 1400 1307 908 1278
t 1400 908 954 865
t 1401 111 1396 1399
t 1401 111 753 338
t 1401 1396 1431 861
t 1401 753 75 1380
t 1401 753 576 1431
t 1401 75 500 1431
t 1401 75 338 861
t 1401 1399 1380 576
t 1401 1399 338 1431
t 1401 338 1214 861
t 1402 672 107 767
t 1402 672 539 860
t 1402 107 539 550
t 1402 107 875 767
t 1402 107 550 738
t 1402 107 88 899
t 1402 107 585 245
t 1402 539 875 899
t 1402 539 860 245
t 1402 875 767 738
t 1402 550 738 245
t 1403 292 654 1083
t 1403 292 1349 1319
t 1403 292 1022 315
t 1403 292 315 507
t 1403 130 507 252
t 1403 654 315 1319
t 1403 1349 507 1083
t 1403 1349 1083 1319
t 1403 1022 1083 1319
t 1404 63 1416 662
t 1404 63 902 0
t 1404 63 40 1123
t 1404 63 1266 0
t 1404 63 0 1123
t 1404 63 557 1123
t 1404 901 1416 902
t 1404 901 902 209
t 1404 1416 662 209
t 1404 1416 662 1266
t 1404 1416 209 1266
t 1404 1416 557 1123
t 1404 662 209 557
t 1404 902 40 0
t 1404 902 40 557
t 1405 1331 485 81
t 1405 526 977 1381
t 1405 526 1381 1144
t 1405 526 81 1144
t 1405 977 925 808
t 1405 1381 485 454
t 1405 1381 1144 808
t 1405 925 454 18
t 1406 1325 239 263
t 1406 1325 792 263
t 1406 704 419 651
t 1406 239 42 651
t 1406 419 42 953
t 1406 419 1421 263
t 1406 419 208 651
t 1406 792 208 953
t 1407 389 73 702
t 1407 389 1076 1294
t 1407 389 1076 1273
t 1407 244 556 241
t 1407 244 1076 968
t 1407 244 968 702
t 1407 244 241 1273
t 1407 556 73 1273
t 1407 556 968 1273
t 1407 73 1006 702
t 1407 73 702 1273
t 1407 968 1006 241
t 1407 478 241 1273
t 1408 1358 382 1206
t 1408 1358 404 1365
t 1408 1358 1018 1477
t 1408 1358 1477 1365
t 1408 382 1052 1063
t 1408 382 1052 1365
t 1408 382 1018 1477
t 1408 1206 404 1365
t 1408 1206 1063 1477
t 1408 1206 1018 525
t 1408 1206 1477 1188
t 1408 1206 1188 1365
t 1408 404 1477 1188
t 1408 1063 1018 1477
t 1408 1063 1018 1188
t 1408 1018 1188 1365
t 1409 1049 1215 1027
t 1409 1049 1215 879
t 1409 1049 1040 545
t 1409 1049 286 879
t 1409 1049 55 827
t 1409 1049 1352 827
t 1409 1215 1351 545
t 1409 1215 879 827
t 1409 1351 55 879
t 1409 286 879 827
t 1409 55 545 879
t 1410 358 240 634
t 1410 358 1333 1175
t 1410 240 1146 892
t 1410 240 249 634
t 1410 940 1333 1175
t 1410 940 1333 634
t 1410 1333 1146 739
t 1410 1146 249 739
t 1410 1146 249 892
t 1411 1116 1249 884
t 1411 1249 83 280
t 1411 863 1013 423
t 1411 863 423 280
t 1411 1013 423 280
t 1411 423 857 103
t 1411 857 83 884
t 1412 5 803 558
t 1412 5 1051 900
t 1412 5 571 1461
t 1412 803 138 1051
t 1412 803 900 558
t 1412 138 571 227
t 1412 1051 282 900
t 1412 1051 282 227
t 1412 1051 77 227
t 1412 571 1370 558
t 1412 571 77 1461
t 1412 282 900 558
t 1412 282 558 1461
t 1412 282 227 1461
t 1412 900 1370 227
t 1412 558 227 1461
t 1413 1026 575 773
t 1413 1026 337 880
t 1413 1026 1387 773
t 1413 1026 1387 880
t 1413 1026 1387 1263
t 1413 1026 1263 981
t 1413 575 337 1387
t 1413 575 582 128
t 1413 575 1387 773
t 1413 575 1387 981
t 1413 575 773 1263
t 1413 575 880 981
t 1413 575 1263 1449
t 1413 582 880 981
t 1413 582 128 1263
t 1413 773 128 1263
t 1414 225 1053 1200
t 1414 225 110 1200
t 1414 1053 230 448
t 1414 230 448 1091
t 1414 230 448 1364
t 1414 13 1181 652
t 1414 13 1181 1364
t 1414 110 1200 1364
t 1414 110 652 1091
t 1414 1200 1181 652
t 1414 448 652 1009
t 1414 1181 1091 1364
t 1414 652 1091 1009
t 1415 124 1483 518
t 1415 124 1483 119
t 1415 1130 503 1296
t 1415 1130 1311 428
t 1415 1130 1311 1230
t 1415 1130 518 1230
t 1415 1130 119 16
t 1415 1483 1311 1296
t 1415 1483 1311 119
t 1415 1483 1311 1230
t 1415 1483 1296 1230
t 1415 503 1311 1230
t 1415 503 119 16
t 1415 1296 119 1230
t 1415 119 1230 16
t 1416 1266 662 1404
t 1416 1266 662 852
t 1416 1266 63 137
t 1416 1266 881 137
t 1416 869 1016 1404
t 1416 1443 662 137
t 1416 1054 901 1404
t 1416 662 1404 63
t 1416 63 881 852
t 1417 289 1046 929
t 1417 289 847 764
t 1417 1085 1046 542
t 1417 1046 801 1216
t 1417 1046 929 92
t 1417 1046 1321 1216
t 1417 1046 1216 764
t 1417 450 542 92
t 1418 822 293 28
t 1418 822 891 916
t 1418 822 369 28
t 1418 293 891 28
t 1418 293 1466 916
t 1418 293 1359 369
t 1418 293 369 532
t 1418 891 1466 1359
t 1418 891 1466 369
t 1418 1359 916 369
t 1418 1428 1128 532
t 1419 1169 758 322
t 1419 1169 758 985
t 1419 1169 322 964
t 1419 758 305 938
t 1419 758 237 938
t 1419 758 237 856
t 1419 305 322 856
t 1419 322 938 1372
t 1419 29 108 856
t 1419 964 108 938
t 1420 253 204 911
t 1420 253 204 1302
t 1420 253 533 525
t 1420 253 1467 782
t 1420 253 834 1095
t 1420 253 1095 911
t 1420 253 1095 782
t 1420 253 525 782
t 1420 533 547 1095
t 1420 1232 834 547
t 1420 1232 834 782
t 1420 1232 547 1302
t 1420 1232 911 1302
t 1420 834 547 1302
t 1421 419 792 1041
t 1421 419 239 1031
t 1421 419 1031 486
t 1421 419 1325 1041
t 1421 704 487 1031
t 1421 704 487 1325
t 1421 704 486 1325
t 1421 792 487 1406
t 1421 792 239 208
t 1421 487 208 486
t 1421 487 208 1041
t 1421 239 208 486
t 1421 208 486 1041
t 1421 1031 486 1325
t 1421 1031 486 1406
t 1422 1327 1087 117
t 1422 1327 536 117
t 1422 1087 536 1241
t 1422 1087 177 991
t 1422 1087 177 331
t 1422 695 1241 1260
t 1422 536 331 1173
t 1422 177 1241 1173
t 1422 177 991 1260
t 1422 331 1173 117
t 1423 616 347 140
t 1423 616 1105 151
t 1423 616 140 678
t 1423 97 638 678
t 1423 97 441 377
t 1423 347 151 638
t 1423 347 140 281
t 1423 1105 151 377
t 1423 1105 544 638
t 1423 1105 638 281
t 1423 1105 678 281
t 1423 151 544 140
t 1423 151 678 377
t 1423 151 377 281
t 1423 544 678 377
t 1423 638 441 281
t 1423 441 678 281
t 1424 609 325 1126
t 1424 609 325 708
t 1424 609 206 1259
t 1424 609 206 1202
t 1424 609 1259 59
t 1424 609 1259 1344
t 1424 609 1126 1202
t 1424 609 1045 59
t 1424 325 1259 1045
t 1424 1045 1344 557
t 1424 59 1344 1202
t 1424 1344 557 1202
t 1425 855 1264 810
t 1425 1264 795 824
t 1425 248 35 1208
t 1425 248 810 824
t 1425 1208 810 824
t 1426 1182 93 1278
t 1426 1182 93 885
t 1426 1182 417 1278
t 1426 1182 773 1307
t 1426 1182 773 1278
t 1426 1182 908 1278
t 1426 243 93 476
t 1426 243 773 908
t 1426 93 773 885
t 1426 417 773 908
t 1426 417 1307 224
t 1426 773 1307 1278
t 1426 1307 476 908
t 1427 1265 21 961
t 1427 1265 866 756
t 1427 1226 895 858
t 1427 1226 961 756
t 1427 895 21 972
t 1427 21 858 1317
t 1427 21 858 972
t 1427 866 1317 756
t 1427 1317 961 972
t 1428 28 681 397
t 1428 28 1418 736
t 1428 681 361 891
t 1428 681 11 736
t 1428 361 941 397
t 1428 941 1418 736
t 1428 941 988 736
t 1428 397 1418 300
t 1428 891 1418 822
t 1428 891 988 300
t 1428 11 988 736
t 1429 825 1092 917
t 1429 825 659 917
t 1429 1092 1304 101
t 1429 1092 1059 510
t 1429 659 1304 917
t 1429 659 1059 1326
t 1429 1304 510 1023
t 1429 1304 444 101
t 1429 1059 510 1326
t 1430 621 1022 1349
t 1430 1022 145 153
t 1430 1022 145 1035
t 1430 1022 769 1035
t 1430 153 899 88
t 1430 1148 769 86
t 1430 1148 1349 1035
t 1430 899 769 654
t 1430 1349 1035 88
t 1431 327 1401 218
t 1431 500 753 905
t 1431 500 119 218
t 1431 111 753 119
t 1431 111 119 1396
t 1431 753 338 905
t 1431 753 218 1396
t 1431 338 1401 905
t 1431 338 218 75
t 1431 119 218 905
t 1431 119 1396 75
t 1431 119 75 905
t 1432 1103 355 659
t 1432 1103 828 1326
t 1432 1103 44 659
t 1432 1341 1023 562
t 1432 1341 1023 44
t 1432 1341 828 221
t 1432 1023 355 659
t 1432 355 149 467
t 1432 562 828 44
t 1432 562 1326 467
t 1432 149 467 659
t 1433 931 529 1441
t 1433 931 1468 927
t 1433 931 927 106
t 1433 529 813 106
t 1433 1367 1468 927
t 1433 1468 813 927
t 1433 1468 813 106
t 1433 1468 217 106
t 1433 813 927 874
t 1433 1441 106 874
t 1434 835 546 506
t 1434 835 1456 923
t 1434 835 1456 1469
t 1434 835 1037 923
t 1434 546 1456 819
t 1434 546 1456 969
t 1434 546 969 506
t 1434 546 969 1288
t 1434 1456 951 969
t 1434 1456 819 1288
t 1434 819 969 1469
t 1435 728 745 1391
t 1435 728 98 1382
t 1435 1453 274 1090
t 1435 274 1391 98
t 1436 332 737 550
t 1436 1132 550 1083
t 1436 1132 550 1072
t 1436 1132 550 68
t 1436 995 550 68
t 1437 298 942 748
t 1437 298 564 26
t 1437 298 523 1332
t 1437 298 748 935
t 1437 942 523 748
t 1437 942 1332 442
t 1437 564 26 1077
t 1437 564 1077 748
t 1437 564 442 1161
t 1437 58 26 748
t 1437 58 748 1161
t 1437 26 1077 1332
t 1438 1382 560 474
t 1438 1382 317 458
t 1438 1453 1445 39
t 1438 1453 39 317
t 1438 1453 1435 896
t 1438 1445 1090 39
t 1438 1445 1435 896
t 1438 633 39 1435
t 1438 633 39 458
t 1438 39 560 896
t 1438 39 896 458
t 1439 742 319 45
t 1439 955 696 716
t 1439 955 378 45
t 1439 955 716 774
t 1439 319 378 45
t 1439 496 716 1195
t 1439 696 378 45
t 1439 716 45 774
t 1440 619 1337 1293
t 1440 619 1337 1482
t 1440 619 94 1293
t 1440 619 94 1240
t 1440 619 591 1482
t 1440 619 591 1240
t 1440 1337 607 16
t 1440 1323 94 1482
t 1440 1323 591 607
t 1440 1323 591 1240
t 1440 1323 607 16
t 1440 94 1293 1281
t 1440 94 1281 16
t 1441 1367 217 874
t 1441 1367 217 226
t 1441 1367 217 697
t 1441 1367 874 697
t 1441 1367 813 1031
t 1441 1367 226 927
t 1441 217 813 927
t 1441 217 813 1031
t 1441 217 1460 226
t 1441 813 1460 1031
t 1441 813 226 927
t 1441 1460 226 105
t 1441 226 1433 657
t 1442 245 1298 1403
t 1442 245 828 1403
t 1442 999 767 828
t 1442 999 1298 654
t 1442 999 332 1403
t 1442 583 1083 539
t 1442 583 332 1403
t 1442 767 1298 1403
t 1442 767 539 1209
t 1443 869 1266 604
t 1443 1266 852 604
t 1443 852 1016 1054
t 1443 852 23 662
t 1443 1016 23 662
t 1443 1054 604 180
t 1443 1054 604 1404
t 1443 604 23 1404
t 1444 233 134 198
t 1444 233 144 1272
t 1444 233 816 1013
t 1444 122 144 412
t 1444 122 144 1013
t 1444 122 1272 220
t 1444 122 198 220
t 1444 134 198 220
t 1444 144 1013 220
t 1444 412 1272 220
t 1445 1438 633 458
t 1445 1438 633 317
t 1445 1438 1453 1435
t 1445 1438 728 317
t 1445 1438 728 913
t 1445 1453 1382 913
t 1445 1453 458 728
t 1445 1453 317 1090
t 1445 1382 728 913
t 1445 560 728 913
t 1446 418 986 133
t 1446 418 691 521
t 1446 418 1479 203
t 1446 986 1250 359
t 1446 986 359 1098
t 1446 986 521 812
t 1446 691 521 1098
t 1446 691 521 203
t 1446 359 521 1098
t 1446 359 1098 203
t 1447 175 100 467
t 1447 175 566 490
t 1447 175 566 1080
t 1447 175 566 221
t 1447 566 872 490
t 1447 566 872 44
t 1447 566 490 540
t 1447 566 595 44
t 1447 566 595 540
t 1447 566 595 221
t 1447 872 490 1080
t 1447 490 1080 832
t 1447 490 540 221
t 1447 467 44 221
t 1448 7 470 679
t 1448 7 1369 597
t 1448 7 400 855
t 1448 7 679 862
t 1448 7 824 1094
t 1448 7 1094 862
t 1448 470 1094 597
t 1448 1369 400 824
t 1448 400 628 855
t 1448 824 147 1094
t 1448 824 147 597
t 1449 1034 128 405
t 1449 1034 983 1026
t 1449 1034 983 1292
t 1449 1034 405 472
t 1449 128 1387 1413
t 1449 983 472 1292
t 1449 636 1026 1292
t 1449 636 1387 1292
t 1449 1026 472 1292
t 1450 1225 1186 794
t 1450 1225 1066 724
t 1450 1186 794 514
t 1450 1186 408 724
t 1450 1186 1066 724
t 1450 794 408 22
t 1450 794 1066 1257
t 1450 650 408 724
t 1450 650 943 1257
t 1450 943 724 1257
t 1451 222 346 1284
t 1451 222 242 1284
t 1451 1111 1310 851
t 1451 1111 279 1335
t 1451 1310 456 1081
t 1451 1310 346 1081
t 1451 279 414 1081
t 1451 1335 1081 242
t 1451 1335 1081 1284
t 1452 694 680 657
t 1452 694 680 1390
t 1452 755 664 874
t 1452 755 1033 657
t 1452 755 680 789
t 1452 664 570 1012
t 1452 664 570 657
t 1452 664 680 657
t 1452 664 945 657
t 1452 570 874 680
t 1452 570 874 1390
t 1452 570 874 789
t 1452 1033 1012 1390
t 1453 1090 1435 1445
t 1453 1090 1382 1445
t 1453 1438 1435 39
t 1453 1435 1382 14
t 1453 1382 458 728
t 1453 1382 458 560
t 1453 1382 633 560
t 1453 39 458 98
t 1453 458 633 728
t 1454 572 1135 505
t 1454 572 1227 306
t 1454 572 1283 782
t 1454 1135 480 157
t 1454 1135 1227 306
t 1454 1135 157 911
t 1454 480 1227 157
t 1454 480 1227 505
t 1454 1227 1283 157
t 1454 1227 157 1095
t 1454 1227 505 306
t 1454 1227 306 782
t 1454 1283 157 19
t 1454 306 782 19
t 1455 1484 536 1129
t 1455 1484 991 1151
t 1455 174 536 178
t 1455 174 1164 1129
t 1455 174 1164 1327
t 1455 174 991 1151
t 1455 577 536 178
t 1455 577 1164 991
t 1455 536 1129 991
t 1456 923 546 969
t 1456 923 546 1004
t 1456 923 1434 506
t 1456 923 835 1030
t 1456 546 1434 969
t 1456 1037 1434 1030
t 1456 1037 969 1030
t 1456 1037 854 1004
t 1456 951 854 506
t 1456 1434 1030 506
t 1456 835 854 1030
t 1457 1194 701 984
t 1457 1194 701 171
t 1457 1194 291 1204
t 1457 1194 602 984
t 1457 1194 1180 1128
t 1457 688 569 984
t 1457 291 1204 602
t 1457 291 602 1128
t 1457 291 984 171
t 1458 850 1006 73
t 1458 850 1055 1286
t 1458 64 1006 73
t 1458 508 1286 210
t 1458 1055 73 702
t 1458 1055 303 802
t 1458 303 702 802
t 1459 31 1301 360
t 1459 31 1301 1278
t 1459 1301 360 600
t 1459 1301 600 512
t 1459 1301 528 512
t 1459 161 368 483
t 1459 360 318 512
t 1459 600 368 483
t 1459 600 1025 512
t 1459 483 318 512
t 1459 1025 1278 512
t 1460 657 664 813
t 1460 657 226 813
t 1460 105 1441 492
t 1460 105 226 945
t 1460 874 664 492
t 1460 874 945 1367
t 1460 874 945 492
t 1460 1441 226 366
t 1460 1441 226 813
t 1460 226 366 492
t 1460 945 1367 697
t 1460 366 1367 492
t 1460 1367 813 492
t 1461 1290 868 282
t 1461 1290 966 888
t 1461 868 571 113
t 1461 868 113 888
t 1461 868 900 1061
t 1461 868 900 803
t 1461 868 282 1061
t 1461 571 113 888
t 1461 571 900 1061
t 1461 571 227 803
t 1461 571 888 803
t 1461 966 1485 282
t 1461 966 113 282
t 1461 966 900 227
t 1461 966 227 282
t 1461 900 282 803
t 1462 392 413 1326
t 1462 392 825 1159
t 1462 413 640 1209
t 1462 413 1326 825
t 1462 413 1298 510
t 1462 413 1298 1023
t 1462 640 1326 70
t 1462 640 1159 1023
t 1462 1326 825 1159
t 1462 1209 70 1298
t 1462 1209 70 825
t 1462 1209 1159 510
t 1462 70 825 1159
t 1462 1131 1298 510
t 1462 1131 825 1023
t 1462 1298 825 1159
t 1462 1298 825 510
t 1463 1279 1120 312
t 1463 1279 504 465
t 1463 1279 468 1385
t 1463 1279 468 465
t 1463 1279 1385 312
t 1463 1346 987 1385
t 1463 1346 987 970
t 1463 1243 468 970
t 1463 1120 504 1385
t 1463 1120 987 540
t 1463 1120 468 312
t 1463 1120 1385 312
t 1463 504 987 970
t 1463 504 987 312
t 1463 504 468 1385
t 1463 504 468 970
t 1463 504 970 312
t 1463 987 1385 540
t 1464 675 556 1377
t 1464 675 586 968
t 1464 817 586 430
t 1464 1032 1267 262
t 1464 1032 556 430
t 1464 1032 66 1377
t 1464 1032 173 968
t 1464 1267 556 586
t 1464 556 173 1377
t 1464 556 586 430
t 1464 66 586 1377
t 1464 173 586 1377
t 1465 522 871 1165
t 1465 522 1165 238
t 1465 522 529 920
t 1465 626 106 931
t 1465 106 871 646
t 1465 792 871 238
t 1465 792 1165 1211
t 1465 871 1165 238
t 1465 871 931 920
t 1465 1211 238 646
t 1466 532 1418 255
t 1466 532 822 1359
t 1466 891 1418 822
t 1466 891 1418 931
t 1466 891 681 822
t 1466 891 681 293
t 1466 1418 260 293
t 1466 1418 1359 293
t 1466 1418 1359 255
t 1466 1418 293 579
t 1466 822 260 365
t 1466 260 1359 293
t 1467 1302 911 525
t 1467 1302 1095 1378
t 1467 1302 1283 1420
t 1467 1302 1378 525
t 1467 1302 253 1135
t 1467 911 1283 1378
t 1467 911 1283 1135
t 1467 911 1378 782
t 1467 911 1420 1135
t 1467 911 547 253
t 1467 1095 547 525
t 1467 204 782 1135
t 1467 1378 1420 253
t 1467 782 253 1135
t 1468 419 239 1433
t 1468 419 792 1325
t 1468 419 1433 1421
t 1468 1041 239 217
t 1468 1041 792 1325
t 1468 1041 704 1325
t 1468 529 1433 704
t 1468 239 1031 1433
t 1469 506 543 835
t 1469 506 214 1109
t 1469 543 593 969
t 1469 141 505 214
t 1469 141 1434 969
t 1469 505 593 1109
t 1469 505 306 1434
t 1469 505 835 1434
t 1469 505 1434 214
t 1469 214 1109 969
t 1470 301 1188 357
t 1470 301 1056 404
t 1470 301 1056 1408
t 1470 1188 889 1358
t 1470 1188 889 285
t 1470 1188 1358 404
t 1470 1056 1238 1205
t 1470 889 1205 771
t 1470 1205 1358 1408
t 1470 1205 1408 285
t 1471 798 167 453
t 1471 798 750 453
t 1471 798 453 528
t 1471 770 1047 452
t 1471 770 1328 499
t 1471 167 859 528
t 1471 167 1047 528
t 1471 167 499 528
t 1471 750 1328 409
t 1471 859 1047 1328
t 1471 452 499 409
t 1471 1328 499 528
t 1472 118 1113 1125
t 1472 1309 1015 352
t 1472 1309 250 1125
t 1472 1309 1383 1125
t 1472 1015 352 1125
t 1473 53 1271 584
t 1473 53 1497 1154
t 1473 53 1154 653
t 1473 1102 1154 584
t 1473 1102 898 1481
t 1473 1271 1154 653
t 1473 1497 861 1481
t 1473 1497 653 584
t 1473 1154 898 1481
t 1473 939 584 1481
t 1474 974 727 731
t 1474 974 635 1321
t 1474 727 731 1203
t 1474 727 669 1321
t 1474 727 99 1007
t 1474 635 731 99
t 1474 635 731 1210
t 1474 731 1203 99
t 1474 731 1203 1210
t 1475 1262 283 494
t 1475 1262 283 912
t 1475 1262 36 203
t 1475 1262 1250 418
t 1475 1193 494 418
t 1475 1193 36 418
t 1475 1193 133 1250
t 1475 283 36 203
t 1475 283 36 133
t 1475 494 36 1250
t 1475 494 203 418
t 1475 494 34 1250
t 1475 494 34 699
t 1475 494 418 699
t 1475 36 203 912
t 1475 36 1250 418
t 1475 36 418 912
t 1475 34 1250 418
t 1476 1058 102 589
t 1476 1058 589 1315
t 1476 1058 923 951
t 1476 1392 1037 1315
t 1476 1392 923 1315
t 1476 1197 102 1030
t 1476 1197 819 1315
t 1476 1197 923 1030
t 1476 102 589 69
t 1476 589 1037 1030
t 1476 819 923 1030
t 1476 819 951 1315
t 1476 923 951 1030
t 1477 584 972 905
t 1477 584 682 555
t 1477 584 385 1365
t 1477 584 814 1102
t 1477 584 814 905
t 1477 584 1050 555
t 1477 584 1102 555
t 1477 584 1102 905
t 1477 584 555 1480
t 1477 584 1480 905
t 1477 972 1206 905
t 1477 682 814 905
t 1477 682 555 1365
t 1477 682 1480 905
t 1477 385 1206 1365
t 1477 385 1206 905
t 1477 1102 1206 905
t 1478 970 611 987
t 1478 970 611 468
t 1478 970 394 468
t 1478 970 1120 468
t 1478 1244 1374 292
t 1478 1244 1374 130
t 1478 1244 1120 468
t 1478 611 292 507
t 1478 1374 507 1120
t 1478 671 292 507
t 1478 671 507 1120
t 1478 987 507 468
t 1479 407 691 1098
t 1479 407 587 1098
t 1479 213 691 1308
t 1479 213 812 1446
t 1479 213 812 1308
t 1479 691 587 725
t 1479 841 1446 1098
t 1479 841 1098 1308
t 1479 812 725 1098
t 1479 725 1446 1308
t 1479 725 1176 220
t 1480 905 385 607
t 1480 905 218 1399
t 1480 385 218 972
t 1480 385 446 972
t 1480 218 1050 972
t 1480 218 446 1293
t 1480 218 446 972
t 1480 218 1399 1293
t 1480 1050 1399 1431
t 1480 446 338 607
t 1480 446 338 972
t 1480 1399 338 607
t 1480 1293 607 1431
t 1480 338 607 1431
t 1481 1486 653 711
t 1481 1486 1199 267
t 1481 3 53 459
t 1481 3 924 711
t 1481 3 814 711
t 1481 53 814 653
t 1482 1240 112 1440
t 1482 1240 112 883
t 1482 1240 1440 1337
t 1482 1240 43 883
t 1482 1240 43 619
t 1482 591 1440 43
t 1482 591 447 503
t 1482 591 503 883
t 1482 112 447 883
t 1482 1440 1337 619
t 1482 1440 139 503
t 1482 1440 125 883
t 1482 43 1337 139
t 1482 43 139 447
t 1482 1337 447 883
t 1483 518 124 500
t 1483 119 1138 576
t 1483 119 1415 124
t 1483 119 124 1380
t 1483 16 1138 1380
t 1483 16 576 1296
t 1483 16 576 124
t 1483 1138 1296 1380
t 1483 1138 1380 500
t 1483 1415 1296 1251
t 1483 1296 124 1251
t 1484 1455 174 838
t 1484 1455 1129 536
t 1484 1455 1129 838
t 1484 1455 536 1151
t 1484 174 937 1151
t 1484 174 536 1151
t 1484 174 1151 178
t 1484 174 838 178
t 1484 1164 577 1357
t 1484 1129 1151 838
t 1484 536 838 178
t 1484 1151 1357 1493
t 1485 113 1061 1461
t 1485 1061 648 966
t 1485 1061 1290 719
t 1485 1061 868 793
t 1485 648 1290 966
t 1485 1461 868 719
t 1485 1290 966 888
t 1485 868 719 966
t 1485 868 719 655
t 1485 868 655 888
t 1486 1481 760 1365
t 1486 1481 623 1365
t 1486 1481 682 555
t 1486 760 776 682
t 1486 760 555 1365
t 1486 947 623 555
t 1486 947 287 1365
t 1486 947 796 1365
t 1486 947 776 1365
t 1486 623 287 776
t 1486 623 287 682
t 1486 623 796 1365
t 1486 623 682 1365
t 1486 623 1218 1365
t 1486 287 776 682
t 1486 796 776 682
t 1487 339 335 1142
t 1487 665 1142 356
t 1487 1363 1297 356
t 1487 1363 667 881
t 1487 1297 1142 881
t 1487 667 356 881
t 1488 1472 1051 1201
t 1488 1472 558 1015
t 1488 1472 1015 5
t 1488 1472 68 1201
t 1488 1051 558 1015
t 1488 1051 1015 250
t 1488 1370 118 68
t 1488 558 68 1201
t 1488 118 1201 5
t 1488 68 250 1201
t 1489 935 505 523
t 1489 935 1170 306
t 1489 935 1170 564
t 1489 505 1170 6
t 1489 505 6 141
t 1489 505 162 141
t 1489 505 141 74
t 1489 6 811 141
t 1489 6 811 74
t 1489 162 74 523
t 1490 700 1300 752
t 1490 700 1397 752
t 1490 700 1277 752
t 1490 700 805 647
t 1490 1139 1368 805
t 1490 1139 1192 752
t 1490 1368 1397 752
t 1490 1368 1277 752
t 1490 1368 603 752
t 1490 1300 1277 752
t 1490 1397 752 647
t 1490 805 752 647
t 1490 603 172 647
t 1491 171 765 72
t 1491 171 1180 57
t 1491 410 765 1180
t 1491 410 1180 57
t 1491 410 72 11
t 1491 765 1180 57
t 1491 765 1204 462
t 1491 765 569 688
t 1491 765 688 11
t 1491 1180 701 462
t 1491 1204 569 11
t 1491 57 569 462
t 1492 1177 1349 256
t 1492 821 611 252
t 1492 821 611 934
t 1492 821 256 252
t 1492 1349 921 256
t 1492 1349 252 934
t 1492 292 921 247
t 1492 292 921 252
t 1492 292 252 1244
t 1492 256 252 934
t 1493 299 1357 166
t 1493 299 838 922
t 1493 299 1164 922
t 1493 1104 1151 1164
t 1493 1104 1151 1075
t 1493 1104 1357 838
t 1493 1104 1357 1075
t 1493 1151 1357 922
t 1493 1129 1164 1075
t 1493 1129 1075 166
t 1493 1357 1164 304
t 1493 838 1075 378
t 1493 1164 166 304
t 1493 922 378 304
t 1494 195 804 1133
t 1494 195 808 1458
t 1494 195 210 1361
t 1494 195 850 1458
t 1494 618 17 1133
t 1494 808 210 17
t 1494 808 1361 850
t 1494 90 210 17
t 1494 90 17 1361
t 1494 90 1361 850
t 1494 90 850 1458
t 1494 210 435 1133
t 1494 17 435 1361
t 1494 17 1133 850
t 1494 435 850 1458
t 1495 754 1235 980
t 1495 754 799 829
t 1495 754 388 829
t 1495 754 388 1134
t 1495 886 152 799
t 1495 886 152 829
t 1495 886 980 1134
t 1495 886 1498 1134
t 1495 973 1235 1498
t 1495 1235 799 1134
t 1495 152 799 388
t 1495 152 799 1498
t 1495 799 829 1498
t 1496 512 473 880
t 1496 512 1047 1387
t 1496 473 715 1387
t 1496 473 880 1387
t 1496 473 798 750
t 1496 715 880 409
t 1496 715 1026 1387
t 1496 777 1026 1047
t 1496 880 337 750
t 1496 409 798 337
t 1496 1047 1387 750
t 1497 1271 521 1091
t 1497 1271 652 986
t 1497 1271 1091 986
t 1497 1271 359 418
t 1497 1115 133 652
t 1497 1115 133 359
t 1497 1115 652 1091
t 1497 521 133 359
t 1497 831 133 203
t 1497 831 652 359
t 1497 652 1091 418
t 1497 1091 359 1473
t 1497 1091 986 418
t 1498 980 568 973
t 1498 395 388 181
t 1498 152 1217 754
t 1498 152 568 973
t 1498 568 1198 181
t 1498 568 754 1134
t 1498 1198 973 1134
t 1498 1314 973 754
t 1498 754 181 1134
t 1499 272 357 466
t 1499 272 357 1074
t 1499 272 48 301
t 1499 272 1065 561
t 1499 357 48 1065
t 1499 357 48 71
t 1499 357 1065 1386
t 1499 357 71 1074
t 1499 48 1065 1386
t 1499 48 71 561
t 1499 48 71 1074
t 1499 48 594 85
t 1499 1065 71 561
t 1499 1065 594 1074
t 1499 1386 466 85
t 1499 466 561 594
